ISO-10303-21;
HEADER;
FILE_DESCRIPTION (( 'STEP AP214' ),
    '1' );
FILE_NAME ('22E8EC33-BA83-4BFF-B1AD-BB5A5EEA142E.STEP',
    '2025-08-28T01:30:43',
    ( '' ),
    ( '' ),
    'SwSTEP 2.0',
    'SolidWorks 2022',
    '' );
FILE_SCHEMA (( 'AUTOMOTIVE_DESIGN' ));
ENDSEC;

DATA;
#1 = CARTESIAN_POINT ( 'NONE',  ( 2.220896970253735839E-16, 1.428641085557713852, -1.813500000000009216 ) ) ;
#2 =( LENGTH_UNIT ( ) NAMED_UNIT ( * ) SI_UNIT ( .MILLI., .METRE. ) );
#3 = AXIS2_PLACEMENT_3D ( 'NONE', #692, #2212, #311 ) ;
#4 =( NAMED_UNIT ( * ) PLANE_ANGLE_UNIT ( ) SI_UNIT ( $, .RADIAN. ) );
#5 = ADVANCED_FACE ( 'NONE', ( #2719 ), #3840, .F. ) ;
#6 = EDGE_CURVE ( 'NONE', #4695, #955, #3103, .T. ) ;
#7 = STYLED_ITEM ( 'NONE', ( #2395 ), #2351 ) ;
#8 = ORIENTED_EDGE ( 'NONE', *, *, #4303, .T. ) ;
#9 =( NAMED_UNIT ( * ) PLANE_ANGLE_UNIT ( ) SI_UNIT ( $, .RADIAN. ) );
#10 = DIRECTION ( 'NONE',  ( 0.0000000000000000000, 1.000000000000000000, 0.0000000000000000000 ) ) ;
#11 = FACE_OUTER_BOUND ( 'NONE', #4779, .T. ) ;
#12 = STYLED_ITEM ( 'NONE', ( #219 ), #2387 ) ;
#13 = CARTESIAN_POINT ( 'NONE',  ( 0.0000000000000000000, 1.573641085557713870, 1.813500000000008106 ) ) ;
#14 = EDGE_CURVE ( 'NONE', #2945, #4260, #2886, .T. ) ;
#15 = AXIS2_PLACEMENT_3D ( 'NONE', #1992, #3191, #4227 ) ;
#16 = ORIENTED_EDGE ( 'NONE', *, *, #260, .T. ) ;
#17 = CARTESIAN_POINT ( 'NONE',  ( 2.220896970253734853E-16, 1.446641085557714312, -1.813500000000007883 ) ) ;
#18 = PRESENTATION_LAYER_ASSIGNMENT (  '', '', ( #1793 ) ) ;
#19 = MECHANICAL_DESIGN_GEOMETRIC_PRESENTATION_REPRESENTATION (  '', ( #2973 ), #3623 ) ;
#20 =( NAMED_UNIT ( * ) SI_UNIT ( $, .STERADIAN. ) SOLID_ANGLE_UNIT ( ) );
#21 = VERTEX_POINT ( 'NONE', #1931 ) ;
#22 =( NAMED_UNIT ( * ) SI_UNIT ( $, .STERADIAN. ) SOLID_ANGLE_UNIT ( ) );
#23 = FILL_AREA_STYLE_COLOUR ( '', #3302 ) ;
#24 = CARTESIAN_POINT ( 'NONE',  ( 2.150000000000175771, 0.2000000000043127835, 1.121383074576236760 ) ) ;
#25 = CARTESIAN_POINT ( 'NONE',  ( 3.373000000000004217, 2.570641085557713978, 1.686500000000002775 ) ) ;
#26 = CARTESIAN_POINT ( 'NONE',  ( 2.150000000000000355, 0.9000000000000001332, 1.121383074600289076 ) ) ;
#27 = CARTESIAN_POINT ( 'NONE',  ( -2.149999999999999911, 0.2000000000000000111, 0.6000000000000003109 ) ) ;
#28 = EDGE_LOOP ( 'NONE', ( #3885, #4311, #4342, #3334 ) ) ;
#29 =( LENGTH_UNIT ( ) NAMED_UNIT ( * ) SI_UNIT ( .MILLI., .METRE. ) );
#30 = CARTESIAN_POINT ( 'NONE',  ( -3.626999999999999780, 2.606641085557714455, -1.813500000000000556 ) ) ;
#31 = STYLED_ITEM ( 'NONE', ( #4757 ), #4183 ) ;
#32 =( BOUNDED_SURFACE ( )  B_SPLINE_SURFACE ( 3, 3, ( 
 ( #13, #1871, #2327, #4179 ),
 ( #4203, #769, #3773, #359 ),
 ( #3801, #4548, #2250, #3446 ),
 ( #1499, #1097, #1895, #3822 ) ),
 .UNSPECIFIED., .F., .F., .T. ) 
 B_SPLINE_SURFACE_WITH_KNOTS ( ( 4, 4 ),
 ( 4, 4 ),
 ( 0.0000000000000000000, 1.000000000000000000 ),
 ( 0.0000000000000000000, 1.000000000000000000 ),
 .UNSPECIFIED. ) 
 GEOMETRIC_REPRESENTATION_ITEM ( )  RATIONAL_B_SPLINE_SURFACE ( (
 ( 1.000000000000000000, 0.3333333333333334259, 0.3333333333333334259, 1.000000000000000000),
 ( 0.3333333333333333703, 0.1111111111111111605, 0.1111111111111111605, 0.3333333333333333703),
 ( 0.3333333333333333703, 0.1111111111111111605, 0.1111111111111111605, 0.3333333333333333703),
 ( 1.000000000000000000, 0.3333333333333334259, 0.3333333333333334259, 1.000000000000000000) ) ) 
 REPRESENTATION_ITEM ( '' )  SURFACE ( )  );
#33 = DIRECTION ( 'NONE',  ( 0.0000000000000000000, 0.0000000000000000000, 1.000000000000000000 ) ) ;
#34 =( NAMED_UNIT ( * ) SI_UNIT ( $, .STERADIAN. ) SOLID_ANGLE_UNIT ( ) );
#35 = PRESENTATION_LAYER_ASSIGNMENT (  '', '', ( #4368 ) ) ;
#36 = ORIENTED_EDGE ( 'NONE', *, *, #2114, .T. ) ;
#37 = CARTESIAN_POINT ( 'NONE',  ( 2.220896970253739783E-16, 0.9936410855577139101, -1.813500000000012102 ) ) ;
#38 = DIRECTION ( 'NONE',  ( 1.000000000000000000, 0.0000000000000000000, 0.0000000000000000000 ) ) ;
#39 = CARTESIAN_POINT ( 'NONE',  ( 2.065366826762019984E-16, 1.718641085557713888, -1.686500000000007438 ) ) ;
#40 = STYLED_ITEM ( 'NONE', ( #860 ), #4574 ) ;
#41 = DIRECTION ( 'NONE',  ( 0.0000000000000000000, 0.0000000000000000000, 1.000000000000000000 ) ) ;
#42 = EDGE_LOOP ( 'NONE', ( #1618, #1512, #3767, #2545 ) ) ;
#43 = DIRECTION ( 'NONE',  ( 0.0000000000000000000, 0.0000000000000000000, 1.000000000000000000 ) ) ;
#44 = EDGE_CURVE ( 'NONE', #3361, #4028, #4547, .T. ) ;
#45 = MECHANICAL_DESIGN_GEOMETRIC_PRESENTATION_REPRESENTATION (  '', ( #2199 ), #1963 ) ;
#46 = SURFACE_SIDE_STYLE ('',( #825 ) ) ;
#47 = VERTEX_POINT ( 'NONE', #1137 ) ;
#48 = SURFACE_STYLE_USAGE ( .BOTH. , #3862 ) ;
#49 = FACE_OUTER_BOUND ( 'NONE', #1102, .T. ) ;
#50 = CARTESIAN_POINT ( 'NONE',  ( 0.0000000000000000000, 1.428641085557713852, 0.0000000000000000000 ) ) ;
#51 = CARTESIAN_POINT ( 'NONE',  ( 2.220896970253737318E-16, 1.156641085557714055, -1.813500000000009882 ) ) ;
#52 = DIRECTION ( 'NONE',  ( 0.0000000000000000000, 1.000000000000000000, 0.0000000000000000000 ) ) ;
#53 =( BOUNDED_SURFACE ( )  B_SPLINE_SURFACE ( 3, 3, ( 
 ( #1122, #2252, #3774, #4936 ),
 ( #3350, #771, #2659, #4180 ),
 ( #4956, #295, #3042, #4576 ),
 ( #4112, #1154, #387, #4885 ) ),
 .UNSPECIFIED., .F., .F., .T. ) 
 B_SPLINE_SURFACE_WITH_KNOTS ( ( 4, 4 ),
 ( 4, 4 ),
 ( 0.0000000000000000000, 1.000000000000000000 ),
 ( 0.0000000000000000000, 1.000000000000000000 ),
 .UNSPECIFIED. ) 
 GEOMETRIC_REPRESENTATION_ITEM ( )  RATIONAL_B_SPLINE_SURFACE ( (
 ( 1.000000000000000000, 0.3333333333333334259, 0.3333333333333334259, 1.000000000000000000),
 ( 0.3333333333333333703, 0.1111111111111111605, 0.1111111111111111605, 0.3333333333333333703),
 ( 0.3333333333333333703, 0.1111111111111111605, 0.1111111111111111605, 0.3333333333333333703),
 ( 1.000000000000000000, 0.3333333333333334259, 0.3333333333333334259, 1.000000000000000000) ) ) 
 REPRESENTATION_ITEM ( '' )  SURFACE ( )  );
#54 = VERTEX_POINT ( 'NONE', #1 ) ;
#55 = CARTESIAN_POINT ( 'NONE',  ( 2.220896970253739783E-16, 0.9936410855577139101, -1.813500000000012102 ) ) ;
#56 = DIRECTION ( 'NONE',  ( 0.0000000000000000000, 0.0000000000000000000, 1.000000000000000000 ) ) ;
#57 = PRESENTATION_STYLE_ASSIGNMENT (( #2805 ) ) ;
#58 = CARTESIAN_POINT ( 'NONE',  ( 2.143131898507882349E-16, 1.138641085557713817, -1.686500000000011878 ) ) ;
#59 = ORIENTED_EDGE ( 'NONE', *, *, #3402, .T. ) ;
#60 =( NAMED_UNIT ( * ) SI_UNIT ( $, .STERADIAN. ) SOLID_ANGLE_UNIT ( ) );
#61 = SURFACE_STYLE_USAGE ( .BOTH. , #3112 ) ;
#62 = CARTESIAN_POINT ( 'NONE',  ( -3.627000000000012658, 1.591641085557714108, -1.813500000000007439 ) ) ;
#63 = PRESENTATION_STYLE_ASSIGNMENT (( #1967 ) ) ;
#64 = COLOUR_RGB ( '',0.2509803921568627416, 0.2509803921568627416, 0.2509803921568627416 ) ;
#65 = EDGE_CURVE ( 'NONE', #521, #624, #2223, .T. ) ;
#66 = CARTESIAN_POINT ( 'NONE',  ( 0.0000000000000000000, 1.863641085557713684, 1.813500000000006107 ) ) ;
#67 = ORIENTED_EDGE ( 'NONE', *, *, #3409, .T. ) ;
#68 = CARTESIAN_POINT ( 'NONE',  ( -2.149999999999999911, 0.2000000000000000111, 0.6000000000000003109 ) ) ;
#69 = SURFACE_STYLE_FILL_AREA ( #3887 ) ;
#70 = COLOUR_RGB ( '',0.9098039215686274384, 0.4431372549019607643, 0.03137254901960784270 ) ;
#71 = AXIS2_PLACEMENT_3D ( 'NONE', #4670, #3870, #2377 ) ;
#72 = VECTOR ( 'NONE', #1187, 1000.000000000000000 ) ;
#73 = ADVANCED_FACE ( 'NONE', ( #4562 ), #1786, .T. ) ;
#74 = ORIENTED_EDGE ( 'NONE', *, *, #4941, .F. ) ;
#75 = CARTESIAN_POINT ( 'NONE',  ( 3.373000000000001108, 2.606641085557714455, 1.686500000000000998 ) ) ;
#76 = PRESENTATION_STYLE_ASSIGNMENT (( #3891 ) ) ;
#77 = PRESENTATION_STYLE_ASSIGNMENT (( #1262 ) ) ;
#78 =( NAMED_UNIT ( * ) SI_UNIT ( $, .STERADIAN. ) SOLID_ANGLE_UNIT ( ) );
#79 = CARTESIAN_POINT ( 'NONE',  ( -3.373000000000019760, 1.283641085557714057, -1.686500000000010990 ) ) ;
#80 = VECTOR ( 'NONE', #2433, 1000.000000000000000 ) ;
#81 = CARTESIAN_POINT ( 'NONE',  ( -3.627000000000003332, 2.443641085557714643, -1.813500000000002332 ) ) ;
#82 = EDGE_CURVE ( 'NONE', #4555, #129, #772, .T. ) ;
#83 = ORIENTED_EDGE ( 'NONE', *, *, #2084, .F. ) ;
#84 = CARTESIAN_POINT ( 'NONE',  ( 2.220896970253736332E-16, 1.301641085557714295, -1.813500000000009216 ) ) ;
#85 = CARTESIAN_POINT ( 'NONE',  ( -2.150000000000000799, 0.9000000000000001332, 1.121383074600288632 ) ) ;
#86 = VECTOR ( 'NONE', #2028, 1000.000000000000000 ) ;
#87 = FILL_AREA_STYLE_COLOUR ( '', #760 ) ;
#88 = VERTEX_POINT ( 'NONE', #1181 ) ;
#89 = DIRECTION ( 'NONE',  ( 0.0000000000000000000, 0.0000000000000000000, 1.000000000000000000 ) ) ;
#90 = MECHANICAL_DESIGN_GEOMETRIC_PRESENTATION_REPRESENTATION (  '', ( #1215 ), #1847 ) ;
#91 = PRESENTATION_STYLE_ASSIGNMENT (( #3519 ) ) ;
#92 = LINE ( 'NONE', #4601, #2725 ) ;
#93 = APPLICATION_PROTOCOL_DEFINITION ( 'draft international standard', 'automotive_design', 1998, #3612 ) ;
#94 = STYLED_ITEM ( 'NONE', ( #2865 ), #2309 ) ;
#95 = FACE_OUTER_BOUND ( 'NONE', #4119, .T. ) ;
#96 = CARTESIAN_POINT ( 'NONE',  ( 2.143131898507880623E-16, 1.283641085557714057, -1.686500000000010546 ) ) ;
#97 = CARTESIAN_POINT ( 'NONE',  ( -4.130733653524039969E-16, 1.718641085557713888, 1.686500000000007438 ) ) ;
#98 = MECHANICAL_DESIGN_GEOMETRIC_PRESENTATION_REPRESENTATION (  '', ( #4023 ), #1295 ) ;
#99 = FILL_AREA_STYLE ('',( #1665 ) ) ;
#100 =( GEOMETRIC_REPRESENTATION_CONTEXT ( 3 ) GLOBAL_UNCERTAINTY_ASSIGNED_CONTEXT ( ( #1090 ) ) GLOBAL_UNIT_ASSIGNED_CONTEXT ( ( #4533, #2262, #2171 ) ) REPRESENTATION_CONTEXT ( 'NONE', 'WORKASPACE' ) );
#101 = ORIENTED_EDGE ( 'NONE', *, *, #903, .T. ) ;
#102 = CARTESIAN_POINT ( 'NONE',  ( -4.441793940507469706E-16, 1.700641085557713650, 1.813500000000007883 ) ) ;
#103 =( NAMED_UNIT ( * ) SI_UNIT ( $, .STERADIAN. ) SOLID_ANGLE_UNIT ( ) );
#104 = FILL_AREA_STYLE ('',( #828 ) ) ;
#105 = PLANE ( 'NONE',  #3206 ) ;
#106 = CIRCLE ( 'NONE', #15, 0.06349999999999975109 ) ;
#107 = PRESENTATION_LAYER_ASSIGNMENT (  '', '', ( #4184 ) ) ;
#108 = CARTESIAN_POINT ( 'NONE',  ( 0.0000000000000000000, 1.156641085557714055, 1.813500000000009882 ) ) ;
#109 = DIRECTION ( 'NONE',  ( 0.0000000000000000000, 0.0000000000000000000, -1.000000000000000000 ) ) ;
#110 = CARTESIAN_POINT ( 'NONE',  ( -4.130733653524028136E-16, 2.443641085557714643, 1.686500000000002553 ) ) ;
#111 = AXIS2_PLACEMENT_3D ( 'NONE', #1291, #2104, #2835 ) ;
#112 = COLOUR_RGB ( '',0.2509803921568627416, 0.2509803921568627416, 0.2509803921568627416 ) ;
#113 = ORIENTED_EDGE ( 'NONE', *, *, #4207, .F. ) ;
#114 = DIRECTION ( 'NONE',  ( 0.0000000000000000000, 0.0000000000000000000, -1.000000000000000000 ) ) ;
#115 = CARTESIAN_POINT ( 'NONE',  ( -3.373000000000001108, 2.606641085557714455, -1.686500000000000998 ) ) ;
#116 = DIRECTION ( 'NONE',  ( 1.224646799147351482E-16, 0.0000000000000000000, -1.000000000000000000 ) ) ;
#117 = AXIS2_PLACEMENT_3D ( 'NONE', #970, #1476, #4529 ) ;
#118 = DIRECTION ( 'NONE',  ( 0.0000000000000000000, 1.000000000000000000, 0.0000000000000000000 ) ) ;
#119 = VERTEX_POINT ( 'NONE', #4577 ) ;
#120 = COLOUR_RGB ( '',0.7960784313725489669, 0.8235294117647058432, 0.9372549019607843146 ) ;
#121 = FACE_OUTER_BOUND ( 'NONE', #1666, .T. ) ;
#122 = CARTESIAN_POINT ( 'NONE',  ( 3.627000000000017099, 1.428641085557713852, 1.813500000000009216 ) ) ;
#123 = CARTESIAN_POINT ( 'NONE',  ( 0.0000000000000000000, 2.799999999999999822, 0.0000000000000000000 ) ) ;
#124 = ORIENTED_EDGE ( 'NONE', *, *, #2604, .F. ) ;
#125 = CARTESIAN_POINT ( 'NONE',  ( -3.627000000000012658, 1.845641085557713446, -1.813500000000007439 ) ) ;
#126 = MECHANICAL_DESIGN_GEOMETRIC_PRESENTATION_REPRESENTATION (  '', ( #1736 ), #4603 ) ;
#127 =( NAMED_UNIT ( * ) PLANE_ANGLE_UNIT ( ) SI_UNIT ( $, .RADIAN. ) );
#128 = VECTOR ( 'NONE', #1310, 1000.000000000000000 ) ;
#129 = VERTEX_POINT ( 'NONE', #2685 ) ;
#130 = CARTESIAN_POINT ( 'NONE',  ( 2.220896970253730416E-16, 2.153641085557714163, -1.813500000000004109 ) ) ;
#131 = CARTESIAN_POINT ( 'NONE',  ( 3.373000000000014431, 1.845641085557713446, 1.686500000000007660 ) ) ;
#132 = AXIS2_PLACEMENT_3D ( 'NONE', #4288, #2499, #1773 ) ;
#133 = ORIENTED_EDGE ( 'NONE', *, *, #4001, .T. ) ;
#134 = ADVANCED_FACE ( 'NONE', ( #3886 ), #214, .T. ) ;
#135 = CARTESIAN_POINT ( 'NONE',  ( 0.0000000000000000000, 0.9936410855577139101, 1.813500000000012102 ) ) ;
#136 = CARTESIAN_POINT ( 'NONE',  ( 2.220896970253733374E-16, 1.591641085557714108, -1.813500000000006995 ) ) ;
#137 = CARTESIAN_POINT ( 'NONE',  ( 0.0000000000000000000, 2.298641085557713737, 1.813500000000002998 ) ) ;
#138 = ORIENTED_EDGE ( 'NONE', *, *, #4148, .F. ) ;
#139 = ADVANCED_FACE ( 'NONE', ( #4711 ), #532, .T. ) ;
#140 = CARTESIAN_POINT ( 'NONE',  ( -2.126489652204504477, 0.06666619197451620349, 1.115609161185932008 ) ) ;
#141 = DIRECTION ( 'NONE',  ( 0.0000000000000000000, 1.000000000000000000, 0.0000000000000000000 ) ) ;
#142 = SURFACE_STYLE_USAGE ( .BOTH. , #4004 ) ;
#143 = FILL_AREA_STYLE ('',( #466 ) ) ;
#144 = FILL_AREA_STYLE_COLOUR ( '', #1919 ) ;
#145 = CARTESIAN_POINT ( 'NONE',  ( 2.065366826762019245E-16, 1.990641085557713463, -1.686500000000006549 ) ) ;
#146 = ORIENTED_EDGE ( 'NONE', *, *, #592, .T. ) ;
#147 = CARTESIAN_POINT ( 'NONE',  ( -4.130733653524047857E-16, 1.283641085557714057, 1.686500000000010546 ) ) ;
#148 = FACE_OUTER_BOUND ( 'NONE', #2574, .T. ) ;
#149 =( NAMED_UNIT ( * ) PLANE_ANGLE_UNIT ( ) SI_UNIT ( $, .RADIAN. ) );
#150 = COLOUR_RGB ( '',0.7960784313725489669, 0.8235294117647058432, 0.9372549019607843146 ) ;
#151 = CLOSED_SHELL ( 'NONE', ( #1854, #1052, #4036, #4183 ) ) ;
#152 = ORIENTED_EDGE ( 'NONE', *, *, #1616, .T. ) ;
#153 = FACE_OUTER_BOUND ( 'NONE', #3839, .T. ) ;
#154 =( NAMED_UNIT ( * ) PLANE_ANGLE_UNIT ( ) SI_UNIT ( $, .RADIAN. ) );
#155 = VERTEX_POINT ( 'NONE', #96 ) ;
#156 = CIRCLE ( 'NONE', #4240, 1.813500000000004109 ) ;
#157 = MECHANICAL_DESIGN_GEOMETRIC_PRESENTATION_REPRESENTATION (  '', ( #3837 ), #4316 ) ;
#158 = DIRECTION ( 'NONE',  ( 0.0000000000000000000, -1.000000000000000000, 0.0000000000000000000 ) ) ;
#159 = DIRECTION ( 'NONE',  ( 1.224646799147355179E-16, 0.0000000000000000000, -1.000000000000000000 ) ) ;
#160 = CYLINDRICAL_SURFACE ( 'NONE', #2518, 2.424871130596427893 ) ;
#161 = SURFACE_STYLE_FILL_AREA ( #1362 ) ;
#162 = ADVANCED_FACE ( 'NONE', ( #570 ), #4500, .T. ) ;
#163 = ORIENTED_EDGE ( 'NONE', *, *, #910, .T. ) ;
#164 =( NAMED_UNIT ( * ) SI_UNIT ( $, .STERADIAN. ) SOLID_ANGLE_UNIT ( ) );
#165 = LINE ( 'NONE', #2482, #80 ) ;
#166 = SURFACE_SIDE_STYLE ('',( #985 ) ) ;
#167 = CIRCLE ( 'NONE', #2331, 1.686500000000009436 ) ;
#168 = CARTESIAN_POINT ( 'NONE',  ( 3.373000000000009102, 2.280641085557713499, -1.686500000000004551 ) ) ;
#169 = ADVANCED_FACE ( 'NONE', ( #3743 ), #1353, .T. ) ;
#170 = EDGE_CURVE ( 'NONE', #438, #3555, #1208, .T. ) ;
#171 = CIRCLE ( 'NONE', #2963, 1.686500000000005661 ) ;
#172 = EDGE_LOOP ( 'NONE', ( #4690, #797, #4823, #2590 ) ) ;
#173 = SURFACE_SIDE_STYLE ('',( #964 ) ) ;
#174 =( LENGTH_UNIT ( ) NAMED_UNIT ( * ) SI_UNIT ( .MILLI., .METRE. ) );
#175 = EDGE_LOOP ( 'NONE', ( #1509, #124, #1750, #1654 ) ) ;
#176 = SURFACE_STYLE_USAGE ( .BOTH. , #3661 ) ;
#177 =( LENGTH_UNIT ( ) NAMED_UNIT ( * ) SI_UNIT ( .MILLI., .METRE. ) );
#178 =( GEOMETRIC_REPRESENTATION_CONTEXT ( 3 ) GLOBAL_UNCERTAINTY_ASSIGNED_CONTEXT ( ( #4706 ) ) GLOBAL_UNIT_ASSIGNED_CONTEXT ( ( #478, #3833, #1642 ) ) REPRESENTATION_CONTEXT ( 'NONE', 'WORKASPACE' ) );
#179 = AXIS2_PLACEMENT_3D ( 'NONE', #1869, #3393, #4104 ) ;
#180 =( NAMED_UNIT ( * ) SI_UNIT ( $, .STERADIAN. ) SOLID_ANGLE_UNIT ( ) );
#181 = LINE ( 'NONE', #1672, #2650 ) ;
#182 = CARTESIAN_POINT ( 'NONE',  ( 0.0000000000000000000, 2.588641085557713772, 1.686500000000001664 ) ) ;
#183 = PRESENTATION_LAYER_ASSIGNMENT (  '', '', ( #263 ) ) ;
#184 = CIRCLE ( 'NONE', #824, 0.06349999999999975109 ) ;
#185 =( BOUNDED_SURFACE ( )  B_SPLINE_SURFACE ( 3, 3, ( 
 ( #1995, #471, #2818, #97 ),
 ( #4313, #4365, #873, #4712 ),
 ( #447, #125, #925, #2467 ),
 ( #4339, #2017, #1663, #1686 ) ),
 .UNSPECIFIED., .F., .F., .T. ) 
 B_SPLINE_SURFACE_WITH_KNOTS ( ( 4, 4 ),
 ( 4, 4 ),
 ( 0.0000000000000000000, 1.000000000000000000 ),
 ( 0.0000000000000000000, 1.000000000000000000 ),
 .UNSPECIFIED. ) 
 GEOMETRIC_REPRESENTATION_ITEM ( )  RATIONAL_B_SPLINE_SURFACE ( (
 ( 1.000000000000000000, 0.3333333333333334259, 0.3333333333333334259, 1.000000000000000000),
 ( 0.3333333333333333703, 0.1111111111111111605, 0.1111111111111111605, 0.3333333333333333703),
 ( 0.3333333333333333703, 0.1111111111111111605, 0.1111111111111111605, 0.3333333333333333703),
 ( 1.000000000000000000, 0.3333333333333334259, 0.3333333333333334259, 1.000000000000000000) ) ) 
 REPRESENTATION_ITEM ( '' )  SURFACE ( )  );
#186 = ORIENTED_EDGE ( 'NONE', *, *, #4252, .T. ) ;
#187 = SURFACE_STYLE_USAGE ( .BOTH. , #1007 ) ;
#188 = SURFACE_STYLE_USAGE ( .BOTH. , #4070 ) ;
#189 = CARTESIAN_POINT ( 'NONE',  ( 0.0000000000000000000, 2.733641085557713790, 1.750000000000000222 ) ) ;
#190 =( NAMED_UNIT ( * ) SI_UNIT ( $, .STERADIAN. ) SOLID_ANGLE_UNIT ( ) );
#191 =( GEOMETRIC_REPRESENTATION_CONTEXT ( 3 ) GLOBAL_UNCERTAINTY_ASSIGNED_CONTEXT ( ( #3396 ) ) GLOBAL_UNIT_ASSIGNED_CONTEXT ( ( #3728, #4462, #1016 ) ) REPRESENTATION_CONTEXT ( 'NONE', 'WORKASPACE' ) );
#192 = CARTESIAN_POINT ( 'NONE',  ( 0.0000000000000000000, 1.863641085557713684, 0.0000000000000000000 ) ) ;
#193 = MECHANICAL_DESIGN_GEOMETRIC_PRESENTATION_REPRESENTATION (  '', ( #1316 ), #2854 ) ;
#194 = CARTESIAN_POINT ( 'NONE',  ( 2.065366826762025654E-16, 1.011641085557714037, -1.686500000000011656 ) ) ;
#195 = FILL_AREA_STYLE ('',( #1739 ) ) ;
#196 = MECHANICAL_DESIGN_GEOMETRIC_PRESENTATION_REPRESENTATION (  '', ( #2103 ), #1399 ) ;
#197 = DIRECTION ( 'NONE',  ( -1.000000000000000000, 0.0000000000000000000, -1.224646799147353207E-16 ) ) ;
#198 = CIRCLE ( 'NONE', #1560, 0.06349999999999975109 ) ;
#199 = EDGE_CURVE ( 'NONE', #2976, #673, #1844, .T. ) ;
#200 = CARTESIAN_POINT ( 'NONE',  ( 2.065366826762026640E-16, 0.9936410855577139101, -1.686500000000012545 ) ) ;
#201 = AXIS2_PLACEMENT_3D ( 'NONE', #2339, #3893, #3102 ) ;
#202 = SURFACE_STYLE_USAGE ( .BOTH. , #3582 ) ;
#203 = EDGE_LOOP ( 'NONE', ( #1280, #2333, #4669, #4274 ) ) ;
#204 =( GEOMETRIC_REPRESENTATION_CONTEXT ( 3 ) GLOBAL_UNCERTAINTY_ASSIGNED_CONTEXT ( ( #1381 ) ) GLOBAL_UNIT_ASSIGNED_CONTEXT ( ( #2141, #1811, #622 ) ) REPRESENTATION_CONTEXT ( 'NONE', 'WORKASPACE' ) );
#205 = CARTESIAN_POINT ( 'NONE',  ( -2.149999999999999911, 0.0000000000000000000, 0.6352653961416933059 ) ) ;
#206 = DIRECTION ( 'NONE',  ( 1.000000000000000000, 0.0000000000000000000, 0.0000000000000000000 ) ) ;
#207 = FACE_OUTER_BOUND ( 'NONE', #172, .T. ) ;
#208 = ORIENTED_EDGE ( 'NONE', *, *, #4643, .T. ) ;
#209 = FILL_AREA_STYLE_COLOUR ( '', #2911 ) ;
#210 =( LENGTH_UNIT ( ) NAMED_UNIT ( * ) SI_UNIT ( .MILLI., .METRE. ) );
#211 = SURFACE_STYLE_USAGE ( .BOTH. , #2105 ) ;
#212 = CARTESIAN_POINT ( 'NONE',  ( 4.059178187802285043E-17, 0.9000000000000001332, 2.100000000000000089 ) ) ;
#213 =( NAMED_UNIT ( * ) SI_UNIT ( $, .STERADIAN. ) SOLID_ANGLE_UNIT ( ) );
#214 =( BOUNDED_SURFACE ( )  B_SPLINE_SURFACE ( 3, 3, ( 
 ( #4229, #2736, #4205, #4607 ),
 ( #4261, #3219, #1275, #1258 ),
 ( #3194, #4011, #2087, #899 ),
 ( #1326, #3930, #2016, #4687 ) ),
 .UNSPECIFIED., .F., .F., .F. ) 
 B_SPLINE_SURFACE_WITH_KNOTS ( ( 4, 4 ),
 ( 4, 4 ),
 ( 0.0000000000000000000, 1.000000000000000000 ),
 ( 0.0000000000000000000, 1.000000000000000000 ),
 .UNSPECIFIED. ) 
 GEOMETRIC_REPRESENTATION_ITEM ( )  RATIONAL_B_SPLINE_SURFACE ( (
 ( 1.000000000000000000, 0.3333333333333334259, 0.3333333333333334259, 1.000000000000000000),
 ( 0.3333333333333333703, 0.1111111111111111605, 0.1111111111111111605, 0.3333333333333333703),
 ( 0.3333333333333333703, 0.1111111111111111605, 0.1111111111111111605, 0.3333333333333333703),
 ( 1.000000000000000000, 0.3333333333333334259, 0.3333333333333334259, 1.000000000000000000) ) ) 
 REPRESENTATION_ITEM ( '' )  SURFACE ( )  );
#215 = SURFACE_STYLE_FILL_AREA ( #962 ) ;
#216 = CARTESIAN_POINT ( 'NONE',  ( 0.0000000000000000000, 0.2000000000066393113, 0.0000000000000000000 ) ) ;
#217 = FILL_AREA_STYLE ('',( #3268 ) ) ;
#218 = SURFACE_STYLE_FILL_AREA ( #3269 ) ;
#219 = PRESENTATION_STYLE_ASSIGNMENT (( #4789 ) ) ;
#220 = CARTESIAN_POINT ( 'NONE',  ( 0.0000000000000000000, 1.863641085557713684, 1.686500000000006549 ) ) ;
#221 = CARTESIAN_POINT ( 'NONE',  ( 3.373000000000024645, 0.9936410855577139101, 1.686500000000012545 ) ) ;
#222 = CARTESIAN_POINT ( 'NONE',  ( -3.373000000000001108, 2.860641085557713126, -1.686500000000000998 ) ) ;
#223 = STYLED_ITEM ( 'NONE', ( #4445 ), #690 ) ;
#224 = ORIENTED_EDGE ( 'NONE', *, *, #1426, .T. ) ;
#225 = CARTESIAN_POINT ( 'NONE',  ( 3.373000000000014431, 1.591641085557714108, 1.686500000000007660 ) ) ;
#226 = SURFACE_STYLE_FILL_AREA ( #4864 ) ;
#227 = CARTESIAN_POINT ( 'NONE',  ( -3.373000000000018428, 1.555641085557713854, -1.686500000000010546 ) ) ;
#228 = STYLED_ITEM ( 'NONE', ( #2763 ), #134 ) ;
#229 = CARTESIAN_POINT ( 'NONE',  ( -3.373000000000002885, 2.715641085557713996, 1.686500000000000998 ) ) ;
#230 = MECHANICAL_DESIGN_GEOMETRIC_PRESENTATION_REPRESENTATION (  '', ( #3921 ), #796 ) ;
#231 = ORIENTED_EDGE ( 'NONE', *, *, #2248, .T. ) ;
#232 = SURFACE_STYLE_FILL_AREA ( #1130 ) ;
#233 = LINE ( 'NONE', #4002, #1867 ) ;
#234 = LINE ( 'NONE', #1366, #3424 ) ;
#235 = FACE_OUTER_BOUND ( 'NONE', #4852, .T. ) ;
#236 = COLOUR_RGB ( '',0.2509803921568627416, 0.2509803921568627416, 0.2509803921568627416 ) ;
#237 = CARTESIAN_POINT ( 'NONE',  ( 2.065366826762016780E-16, 2.153641085557714163, -1.686500000000004551 ) ) ;
#238 = CARTESIAN_POINT ( 'NONE',  ( 0.3464101615158184377, 0.2000000000066393113, 2.399999999989038013 ) ) ;
#239 = PRESENTATION_STYLE_ASSIGNMENT (( #963 ) ) ;
#240 = CIRCLE ( 'NONE', #2492, 1.813500000000001888 ) ;
#241 = CARTESIAN_POINT ( 'NONE',  ( 0.3746197183071771630, 0.0000000000000000000, -2.360058396053640095 ) ) ;
#242 = DIRECTION ( 'NONE',  ( -0.0000000000000000000, 1.000000000000000000, 0.0000000000000000000 ) ) ;
#243 = CARTESIAN_POINT ( 'NONE',  ( 2.220896970253730416E-16, 2.153641085557714163, -1.813500000000004109 ) ) ;
#244 = VECTOR ( 'NONE', #4698, 1000.000000000000000 ) ;
#245 = AXIS2_PLACEMENT_3D ( 'NONE', #3937, #3962, #3532 ) ;
#246 = CARTESIAN_POINT ( 'NONE',  ( -4.441793940507450971E-16, 2.860641085557713570, 1.813500000000000334 ) ) ;
#247 =( GEOMETRIC_REPRESENTATION_CONTEXT ( 3 ) GLOBAL_UNCERTAINTY_ASSIGNED_CONTEXT ( ( #3200 ) ) GLOBAL_UNIT_ASSIGNED_CONTEXT ( ( #406, #380, #1467 ) ) REPRESENTATION_CONTEXT ( 'NONE', 'WORKASPACE' ) );
#248 = ORIENTED_EDGE ( 'NONE', *, *, #4519, .F. ) ;
#249 = EDGE_CURVE ( 'NONE', #948, #2381, #4524, .T. ) ;
#250 = CARTESIAN_POINT ( 'NONE',  ( -3.373000000000007770, 2.153641085557714163, -1.686500000000004995 ) ) ;
#251 = SURFACE_STYLE_USAGE ( .BOTH. , #3971 ) ;
#252 = CARTESIAN_POINT ( 'NONE',  ( 2.065366826762014068E-16, 2.443641085557714643, -1.686500000000002553 ) ) ;
#253 = MECHANICAL_DESIGN_GEOMETRIC_PRESENTATION_REPRESENTATION (  '', ( #2754 ), #4347 ) ;
#254 = MECHANICAL_DESIGN_GEOMETRIC_PRESENTATION_REPRESENTATION (  '', ( #3376 ), #178 ) ;
#255 = VERTEX_POINT ( 'NONE', #2111 ) ;
#256 =( NAMED_UNIT ( * ) PLANE_ANGLE_UNIT ( ) SI_UNIT ( $, .RADIAN. ) );
#257 = CYLINDRICAL_SURFACE ( 'NONE', #4752, 0.3500000000000000333 ) ;
#258 = SURFACE_STYLE_FILL_AREA ( #984 ) ;
#259 = PRESENTATION_STYLE_ASSIGNMENT (( #609 ) ) ;
#260 = EDGE_CURVE ( 'NONE', #1787, #3666, #3654, .T. ) ;
#261 = CARTESIAN_POINT ( 'NONE',  ( 0.0000000000000000000, 2.008641085557714590, 1.750000000000005551 ) ) ;
#262 = DIRECTION ( 'NONE',  ( -0.0000000000000000000, -1.000000000000000000, -0.0000000000000000000 ) ) ;
#263 = STYLED_ITEM ( 'NONE', ( #802 ), #3622 ) ;
#264 = CARTESIAN_POINT ( 'NONE',  ( 2.065366826762018259E-16, 2.008641085557714590, -1.686500000000005661 ) ) ;
#265 = PRESENTATION_LAYER_ASSIGNMENT (  '', '', ( #2447 ) ) ;
#266 = FILL_AREA_STYLE ('',( #1822 ) ) ;
#267 = MECHANICAL_DESIGN_GEOMETRIC_PRESENTATION_REPRESENTATION (  '', ( #2758 ), #2515 ) ;
#268 = CARTESIAN_POINT ( 'NONE',  ( 2.220896970253728937E-16, 2.171641085557714401, -1.813500000000002998 ) ) ;
#269 = DIRECTION ( 'NONE',  ( 0.0000000000000000000, 1.000000000000000000, 0.0000000000000000000 ) ) ;
#270 = MECHANICAL_DESIGN_GEOMETRIC_PRESENTATION_REPRESENTATION (  '', ( #2764 ), #1472 ) ;
#271 = DIRECTION ( 'NONE',  ( -0.0000000000000000000, -1.000000000000000000, -0.0000000000000000000 ) ) ;
#272 =( NAMED_UNIT ( * ) PLANE_ANGLE_UNIT ( ) SI_UNIT ( $, .RADIAN. ) );
#273 = CARTESIAN_POINT ( 'NONE',  ( 3.373000000000013099, 1.736641085557713904, 1.686500000000006771 ) ) ;
#274 = CARTESIAN_POINT ( 'NONE',  ( 0.0000000000000000000, 1.283641085557714057, 0.0000000000000000000 ) ) ;
#275 = UNCERTAINTY_MEASURE_WITH_UNIT (LENGTH_MEASURE( 1.000000000000000082E-05 ), #3805, 'distance_accuracy_value', 'NONE');
#276 = CIRCLE ( 'NONE', #3067, 1.686500000000008548 ) ;
#277 = VERTEX_POINT ( 'NONE', #241 ) ;
#278 = SURFACE_STYLE_FILL_AREA ( #2564 ) ;
#279 = AXIS2_PLACEMENT_3D ( 'NONE', #1222, #2753, #3897 ) ;
#280 = CARTESIAN_POINT ( 'NONE',  ( -3.627000000000007773, 2.280641085557713499, -1.813500000000004553 ) ) ;
#281 =( LENGTH_UNIT ( ) NAMED_UNIT ( * ) SI_UNIT ( .MILLI., .METRE. ) );
#282 = COLOUR_RGB ( '',0.9098039215686274384, 0.4431372549019607643, 0.03137254901960784270 ) ;
#283 = ORIENTED_EDGE ( 'NONE', *, *, #3414, .T. ) ;
#284 = CARTESIAN_POINT ( 'NONE',  ( 3.627000000000003777, 2.443641085557714643, -1.813500000000001666 ) ) ;
#285 = DIRECTION ( 'NONE',  ( 0.0000000000000000000, 1.000000000000000000, 0.0000000000000000000 ) ) ;
#286 = CARTESIAN_POINT ( 'NONE',  ( 3.373000000000010434, 1.881641085557714810, -1.686500000000005217 ) ) ;
#287 = UNCERTAINTY_MEASURE_WITH_UNIT (LENGTH_MEASURE( 1.000000000000000082E-05 ), #3250, 'distance_accuracy_value', 'NONE');
#288 = COLOUR_RGB ( '',0.9098039215686274384, 0.4431372549019607643, 0.03137254901960784270 ) ;
#289 = CARTESIAN_POINT ( 'NONE',  ( 3.373000000000010434, 2.135641085557713925, -1.686500000000005217 ) ) ;
#290 =( GEOMETRIC_REPRESENTATION_CONTEXT ( 3 ) GLOBAL_UNCERTAINTY_ASSIGNED_CONTEXT ( ( #1827 ) ) GLOBAL_UNIT_ASSIGNED_CONTEXT ( ( #2544, #3144, #2478 ) ) REPRESENTATION_CONTEXT ( 'NONE', 'WORKASPACE' ) );
#291 = LINE ( 'NONE', #3369, #1458 ) ;
#292 =( NAMED_UNIT ( * ) PLANE_ANGLE_UNIT ( ) SI_UNIT ( $, .RADIAN. ) );
#293 = CARTESIAN_POINT ( 'NONE',  ( 3.627000000000000224, 2.860641085557713126, 1.813500000000000334 ) ) ;
#294 = DIRECTION ( 'NONE',  ( -0.0000000000000000000, -1.000000000000000000, -0.0000000000000000000 ) ) ;
#295 = CARTESIAN_POINT ( 'NONE',  ( -3.373000000000025089, 0.8666410855577141303, -1.686500000000013211 ) ) ;
#296 = ORIENTED_EDGE ( 'NONE', *, *, #1946, .T. ) ;
#297 = ORIENTED_EDGE ( 'NONE', *, *, #806, .T. ) ;
#298 = PRESENTATION_STYLE_ASSIGNMENT (( #3003 ) ) ;
#299 = DIRECTION ( 'NONE',  ( -0.0000000000000000000, -1.000000000000000000, -0.0000000000000000000 ) ) ;
#300 = CARTESIAN_POINT ( 'NONE',  ( -4.441793940507460831E-16, 2.153641085557714163, 1.813500000000004109 ) ) ;
#301 =( NAMED_UNIT ( * ) SI_UNIT ( $, .STERADIAN. ) SOLID_ANGLE_UNIT ( ) );
#302 = AXIS2_PLACEMENT_3D ( 'NONE', #2080, #2836, #894 ) ;
#303 = EDGE_LOOP ( 'NONE', ( #1540, #3276, #4739, #8 ) ) ;
#304 = CIRCLE ( 'NONE', #4400, 0.06349999999999975109 ) ;
#305 = AXIS2_PLACEMENT_3D ( 'NONE', #2293, #1960, #2343 ) ;
#306 =( NAMED_UNIT ( * ) SI_UNIT ( $, .STERADIAN. ) SOLID_ANGLE_UNIT ( ) );
#307 =( NAMED_UNIT ( * ) PLANE_ANGLE_UNIT ( ) SI_UNIT ( $, .RADIAN. ) );
#308 = CARTESIAN_POINT ( 'NONE',  ( 3.627000000000009106, 2.008641085557714145, 1.813500000000005219 ) ) ;
#309 = CARTESIAN_POINT ( 'NONE',  ( 2.220896970253731402E-16, 2.008641085557714590, -1.813500000000005219 ) ) ;
#310 = EDGE_LOOP ( 'NONE', ( #1587, #4145, #1875, #3020 ) ) ;
#311 = DIRECTION ( 'NONE',  ( 0.0000000000000000000, 0.0000000000000000000, 1.000000000000000000 ) ) ;
#312 = DIRECTION ( 'NONE',  ( 0.0000000000000000000, 0.0000000000000000000, 1.000000000000000000 ) ) ;
#313 =( NAMED_UNIT ( * ) SI_UNIT ( $, .STERADIAN. ) SOLID_ANGLE_UNIT ( ) );
#314 = DIRECTION ( 'NONE',  ( 0.0000000000000000000, 0.0000000000000000000, -1.000000000000000000 ) ) ;
#315 = VECTOR ( 'NONE', #3799, 1000.000000000000000 ) ;
#316 = ADVANCED_FACE ( 'NONE', ( #3293 ), #1519, .T. ) ;
#317 =( GEOMETRIC_REPRESENTATION_CONTEXT ( 3 ) GLOBAL_UNCERTAINTY_ASSIGNED_CONTEXT ( ( #1354 ) ) GLOBAL_UNIT_ASSIGNED_CONTEXT ( ( #2505, #4031, #591 ) ) REPRESENTATION_CONTEXT ( 'NONE', 'WORKASPACE' ) );
#318 = DIRECTION ( 'NONE',  ( 1.000000000000000000, 0.0000000000000000000, 0.0000000000000000000 ) ) ;
#319 = CIRCLE ( 'NONE', #1523, 0.06349999999999975109 ) ;
#320 =( GEOMETRIC_REPRESENTATION_CONTEXT ( 3 ) GLOBAL_UNCERTAINTY_ASSIGNED_CONTEXT ( ( #2359 ) ) GLOBAL_UNIT_ASSIGNED_CONTEXT ( ( #4190, #3382, #3785 ) ) REPRESENTATION_CONTEXT ( 'NONE', 'WORKASPACE' ) );
#321 = ORIENTED_EDGE ( 'NONE', *, *, #1105, .T. ) ;
#322 = FACE_OUTER_BOUND ( 'NONE', #3579, .T. ) ;
#323 = CARTESIAN_POINT ( 'NONE',  ( 2.065366826762014068E-16, 2.443641085557714643, -1.686500000000002553 ) ) ;
#324 = MECHANICAL_DESIGN_GEOMETRIC_PRESENTATION_REPRESENTATION (  '', ( #4020 ), #3695 ) ;
#325 = ORIENTED_EDGE ( 'NONE', *, *, #995, .T. ) ;
#326 = MECHANICAL_DESIGN_GEOMETRIC_PRESENTATION_REPRESENTATION (  '', ( #4899 ), #2746 ) ;
#327 = SURFACE_SIDE_STYLE ('',( #2209 ) ) ;
#328 = UNCERTAINTY_MEASURE_WITH_UNIT (LENGTH_MEASURE( 1.000000000000000082E-05 ), #1790, 'distance_accuracy_value', 'NONE');
#329 = DIRECTION ( 'NONE',  ( 0.0000000000000000000, 0.0000000000000000000, 1.000000000000000000 ) ) ;
#330 = PRESENTATION_LAYER_ASSIGNMENT (  '', '', ( #3860 ) ) ;
#331 = DIRECTION ( 'NONE',  ( 0.0000000000000000000, 0.0000000000000000000, -1.000000000000000000 ) ) ;
#332 = DIRECTION ( 'NONE',  ( 0.0000000000000000000, 1.000000000000000000, 0.0000000000000000000 ) ) ;
#333 =( NAMED_UNIT ( * ) SI_UNIT ( $, .STERADIAN. ) SOLID_ANGLE_UNIT ( ) );
#334 = SURFACE_STYLE_USAGE ( .BOTH. , #4455 ) ;
#335 = CARTESIAN_POINT ( 'NONE',  ( 0.0000000000000000000, 0.9000000000000002442, 0.0000000000000000000 ) ) ;
#336 = UNCERTAINTY_MEASURE_WITH_UNIT (LENGTH_MEASURE( 1.000000000000000082E-05 ), #4493, 'distance_accuracy_value', 'NONE');
#337 = CIRCLE ( 'NONE', #2168, 1.813500000000001888 ) ;
#338 = VECTOR ( 'NONE', #1340, 1000.000000000000000 ) ;
#339 =( BOUNDED_SURFACE ( )  B_SPLINE_SURFACE ( 3, 3, ( 
 ( #252, #2618, #4144, #1792 ),
 ( #4845, #2230, #1411, #3757 ),
 ( #2290, #4271, #3433, #1533 ),
 ( #2311, #81, #3838, #370 ) ),
 .UNSPECIFIED., .F., .F., .F. ) 
 B_SPLINE_SURFACE_WITH_KNOTS ( ( 4, 4 ),
 ( 4, 4 ),
 ( 0.0000000000000000000, 1.000000000000000000 ),
 ( 0.0000000000000000000, 1.000000000000000000 ),
 .UNSPECIFIED. ) 
 GEOMETRIC_REPRESENTATION_ITEM ( )  RATIONAL_B_SPLINE_SURFACE ( (
 ( 1.000000000000000000, 0.3333333333333334259, 0.3333333333333334259, 1.000000000000000000),
 ( 0.3333333333333333703, 0.1111111111111111605, 0.1111111111111111605, 0.3333333333333333703),
 ( 0.3333333333333333703, 0.1111111111111111605, 0.1111111111111111605, 0.3333333333333333703),
 ( 1.000000000000000000, 0.3333333333333334259, 0.3333333333333334259, 1.000000000000000000) ) ) 
 REPRESENTATION_ITEM ( '' )  SURFACE ( )  );
#340 =( NAMED_UNIT ( * ) SI_UNIT ( $, .STERADIAN. ) SOLID_ANGLE_UNIT ( ) );
#341 = CARTESIAN_POINT ( 'NONE',  ( -4.441793940507462804E-16, 2.008641085557714590, 1.813500000000005219 ) ) ;
#342 = COLOUR_RGB ( '',0.9098039215686274384, 0.4431372549019607643, 0.03137254901960784270 ) ;
#343 = ORIENTED_EDGE ( 'NONE', *, *, #1767, .T. ) ;
#344 = FILL_AREA_STYLE ('',( #1756 ) ) ;
#345 = CARTESIAN_POINT ( 'NONE',  ( -3.373000000000022425, 1.138641085557713817, -1.686500000000011878 ) ) ;
#346 = DIRECTION ( 'NONE',  ( 1.000000000000000000, 0.0000000000000000000, 0.0000000000000000000 ) ) ;
#347 = CARTESIAN_POINT ( 'NONE',  ( 0.0000000000000000000, 1.283641085557714057, 0.0000000000000000000 ) ) ;
#348 = CARTESIAN_POINT ( 'NONE',  ( 0.0000000000000000000, 1.718641085557713888, 1.686500000000007438 ) ) ;
#349 = CARTESIAN_POINT ( 'NONE',  ( 0.0000000000000000000, 2.298641085557713737, 1.686500000000003441 ) ) ;
#350 = ORIENTED_EDGE ( 'NONE', *, *, #3933, .F. ) ;
#351 = PRESENTATION_STYLE_ASSIGNMENT (( #374 ) ) ;
#352 = DIRECTION ( 'NONE',  ( 0.0000000000000000000, 0.0000000000000000000, -1.000000000000000000 ) ) ;
#353 = CARTESIAN_POINT ( 'NONE',  ( -3.373000000000006438, 2.425641085557714405, -1.686500000000004551 ) ) ;
#354 = STYLED_ITEM ( 'NONE', ( #1406 ), #4615 ) ;
#355 = CARTESIAN_POINT ( 'NONE',  ( -3.373000000000010434, 1.881641085557714810, -1.686500000000006549 ) ) ;
#356 =( LENGTH_UNIT ( ) NAMED_UNIT ( * ) SI_UNIT ( .MILLI., .METRE. ) );
#357 = DIRECTION ( 'NONE',  ( 0.0000000000000000000, 0.0000000000000000000, 1.000000000000000000 ) ) ;
#358 = PLANE ( 'NONE',  #2070 ) ;
#359 = CARTESIAN_POINT ( 'NONE',  ( 2.220896970253734853E-16, 1.446641085557714312, -1.813500000000007883 ) ) ;
#360 = AXIS2_PLACEMENT_3D ( 'NONE', #1400, #4460, #4042 ) ;
#361 = SURFACE_STYLE_FILL_AREA ( #3803 ) ;
#362 = CARTESIAN_POINT ( 'NONE',  ( -3.373000000000017096, 1.446641085557714090, -1.686500000000008992 ) ) ;
#363 = FACE_OUTER_BOUND ( 'NONE', #2126, .T. ) ;
#364 = EDGE_LOOP ( 'NONE', ( #3869, #462, #321, #4016 ) ) ;
#365 = CARTESIAN_POINT ( 'NONE',  ( 2.220896970253734853E-16, 1.700641085557713650, -1.813500000000007883 ) ) ;
#366 = CARTESIAN_POINT ( 'NONE',  ( 0.0000000000000000000, 1.573641085557713870, 1.686500000000008548 ) ) ;
#367 = FACE_OUTER_BOUND ( 'NONE', #2677, .T. ) ;
#368 = EDGE_CURVE ( 'NONE', #4801, #4769, #1892, .T. ) ;
#369 = EDGE_CURVE ( 'NONE', #2390, #1234, #1195, .T. ) ;
#370 = CARTESIAN_POINT ( 'NONE',  ( -4.441793940507454915E-16, 2.443641085557714643, 1.813500000000001888 ) ) ;
#371 = ORIENTED_EDGE ( 'NONE', *, *, #170, .F. ) ;
#372 = CARTESIAN_POINT ( 'NONE',  ( 0.0000000000000000000, 0.9000000000000001332, 0.0000000000000000000 ) ) ;
#373 = CARTESIAN_POINT ( 'NONE',  ( -4.441793940507471678E-16, 1.428641085557713852, 1.813500000000009216 ) ) ;
#374 = SURFACE_STYLE_USAGE ( .BOTH. , #1437 ) ;
#375 = PRESENTATION_STYLE_ASSIGNMENT (( #3009 ) ) ;
#376 = CARTESIAN_POINT ( 'NONE',  ( 3.627000000000009994, 1.881641085557714810, 1.813500000000005885 ) ) ;
#377 = EDGE_CURVE ( 'NONE', #3577, #1234, #3110, .T. ) ;
#378 = CLOSED_SHELL ( 'NONE', ( #1023, #2787, #2843, #3189, #169, #2905, #3834, #3622 ) ) ;
#379 = ORIENTED_EDGE ( 'NONE', *, *, #1209, .T. ) ;
#380 =( NAMED_UNIT ( * ) PLANE_ANGLE_UNIT ( ) SI_UNIT ( $, .RADIAN. ) );
#381 = CARTESIAN_POINT ( 'NONE',  ( -3.373000000000010434, 2.008641085557714145, -1.686500000000005883 ) ) ;
#382 = DIRECTION ( 'NONE',  ( 0.0000000000000000000, 0.0000000000000000000, -1.000000000000000000 ) ) ;
#383 = DIRECTION ( 'NONE',  ( 0.0000000000000000000, 0.0000000000000000000, 1.000000000000000000 ) ) ;
#384 = SURFACE_STYLE_FILL_AREA ( #3771 ) ;
#385 = UNCERTAINTY_MEASURE_WITH_UNIT (LENGTH_MEASURE( 1.000000000000000082E-05 ), #4098, 'distance_accuracy_value', 'NONE');
#386 =( GEOMETRIC_REPRESENTATION_CONTEXT ( 3 ) GLOBAL_UNCERTAINTY_ASSIGNED_CONTEXT ( ( #2417 ) ) GLOBAL_UNIT_ASSIGNED_CONTEXT ( ( #1398, #292, #2528 ) ) REPRESENTATION_CONTEXT ( 'NONE', 'WORKASPACE' ) );
#387 = CARTESIAN_POINT ( 'NONE',  ( -3.373000000000025089, 0.9936410855577139101, 1.686500000000011878 ) ) ;
#388 = CIRCLE ( 'NONE', #1358, 0.06349999999999975109 ) ;
#389 =( NAMED_UNIT ( * ) SI_UNIT ( $, .STERADIAN. ) SOLID_ANGLE_UNIT ( ) );
#390 = DIRECTION ( 'NONE',  ( 0.0000000000000000000, 0.0000000000000000000, 1.000000000000000000 ) ) ;
#391 = MECHANICAL_DESIGN_GEOMETRIC_PRESENTATION_REPRESENTATION (  '', ( #2413 ), #1364 ) ;
#392 = ORIENTED_EDGE ( 'NONE', *, *, #14, .F. ) ;
#393 = CARTESIAN_POINT ( 'NONE',  ( 2.065366826762021463E-16, 1.700641085557713650, -1.686500000000008548 ) ) ;
#394 = CARTESIAN_POINT ( 'NONE',  ( -3.627000000000021096, 1.011641085557714259, -1.813500000000012102 ) ) ;
#395 = STYLED_ITEM ( 'NONE', ( #4051 ), #1854 ) ;
#396 = DIRECTION ( 'NONE',  ( 1.224646799147351482E-16, 0.0000000000000000000, -1.000000000000000000 ) ) ;
#397 = CARTESIAN_POINT ( 'NONE',  ( -2.149999999999999911, 0.2000000000000000111, -0.6000000000000003109 ) ) ;
#398 = CARTESIAN_POINT ( 'NONE',  ( 0.0000000000000000000, 0.1999999999999999833, 0.0000000000000000000 ) ) ;
#399 =( BOUNDED_SURFACE ( )  B_SPLINE_SURFACE ( 3, 3, ( 
 ( #3574, #2526, #3981, #237 ),
 ( #1349, #4828, #168, #2841 ),
 ( #1393, #3263, #2486, #1707 ),
 ( #4034, #3624, #1011, #1371 ) ),
 .UNSPECIFIED., .F., .F., .T. ) 
 B_SPLINE_SURFACE_WITH_KNOTS ( ( 4, 4 ),
 ( 4, 4 ),
 ( 0.0000000000000000000, 1.000000000000000000 ),
 ( 0.0000000000000000000, 1.000000000000000000 ),
 .UNSPECIFIED. ) 
 GEOMETRIC_REPRESENTATION_ITEM ( )  RATIONAL_B_SPLINE_SURFACE ( (
 ( 1.000000000000000000, 0.3333333333333334259, 0.3333333333333334259, 1.000000000000000000),
 ( 0.3333333333333333703, 0.1111111111111111605, 0.1111111111111111605, 0.3333333333333333703),
 ( 0.3333333333333333703, 0.1111111111111111605, 0.1111111111111111605, 0.3333333333333333703),
 ( 1.000000000000000000, 0.3333333333333334259, 0.3333333333333334259, 1.000000000000000000) ) ) 
 REPRESENTATION_ITEM ( '' )  SURFACE ( )  );
#400 = VECTOR ( 'NONE', #2875, 1000.000000000000000 ) ;
#401 = ORIENTED_EDGE ( 'NONE', *, *, #1517, .F. ) ;
#402 = FILL_AREA_STYLE_COLOUR ( '', #2059 ) ;
#403 = CARTESIAN_POINT ( 'NONE',  ( -3.627000000000010438, 1.863641085557713684, -1.813500000000006551 ) ) ;
#404 = MECHANICAL_DESIGN_GEOMETRIC_PRESENTATION_REPRESENTATION (  '', ( #1926 ), #1856 ) ;
#405 = ORIENTED_EDGE ( 'NONE', *, *, #850, .F. ) ;
#406 =( LENGTH_UNIT ( ) NAMED_UNIT ( * ) SI_UNIT ( .MILLI., .METRE. ) );
#407 = EDGE_CURVE ( 'NONE', #2381, #4555, #3011, .T. ) ;
#408 = SURFACE_SIDE_STYLE ('',( #1270 ) ) ;
#409 = SURFACE_STYLE_FILL_AREA ( #4256 ) ;
#410 =( LENGTH_UNIT ( ) NAMED_UNIT ( * ) SI_UNIT ( .MILLI., .METRE. ) );
#411 = FILL_AREA_STYLE ('',( #3852 ) ) ;
#412 = DIRECTION ( 'NONE',  ( 0.0000000000000000000, 0.0000000000000000000, 1.000000000000000000 ) ) ;
#413 = STYLED_ITEM ( 'NONE', ( #1113 ), #3353 ) ;
#414 = VERTEX_POINT ( 'NONE', #4544 ) ;
#415 = CARTESIAN_POINT ( 'NONE',  ( -3.373000000000016652, 1.573641085557713870, 1.686500000000007660 ) ) ;
#416 =( NAMED_UNIT ( * ) PLANE_ANGLE_UNIT ( ) SI_UNIT ( $, .RADIAN. ) );
#417 = PRESENTATION_LAYER_ASSIGNMENT (  '', '', ( #2591 ) ) ;
#418 = PRESENTATION_LAYER_ASSIGNMENT (  '', '', ( #2912 ) ) ;
#419 = ORIENTED_EDGE ( 'NONE', *, *, #2091, .F. ) ;
#420 = CARTESIAN_POINT ( 'NONE',  ( 2.220896970253738304E-16, 1.011641085557714037, -1.813500000000011214 ) ) ;
#421 =( GEOMETRIC_REPRESENTATION_CONTEXT ( 3 ) GLOBAL_UNCERTAINTY_ASSIGNED_CONTEXT ( ( #1543 ) ) GLOBAL_UNIT_ASSIGNED_CONTEXT ( ( #2254, #4552, #2330 ) ) REPRESENTATION_CONTEXT ( 'NONE', 'WORKASPACE' ) );
#422 = DIRECTION ( 'NONE',  ( 0.0000000000000000000, -0.0000000000000000000, 1.000000000000000000 ) ) ;
#423 =( LENGTH_UNIT ( ) NAMED_UNIT ( * ) SI_UNIT ( .MILLI., .METRE. ) );
#424 = DIRECTION ( 'NONE',  ( -0.9848077530122080203, -0.1736481776669307198, 8.191525634889205083E-16 ) ) ;
#425 = CARTESIAN_POINT ( 'NONE',  ( 5.421010862427522170E-17, 1.136868377216160297E-10, 2.064734603877127483 ) ) ;
#426 = AXIS2_PLACEMENT_3D ( 'NONE', #742, #2276, #357 ) ;
#427 = PRESENTATION_LAYER_ASSIGNMENT (  '', '', ( #4677 ) ) ;
#428 = ORIENTED_EDGE ( 'NONE', *, *, #407, .F. ) ;
#429 = CARTESIAN_POINT ( 'NONE',  ( 0.0000000000000000000, 1.573641085557713870, 0.0000000000000000000 ) ) ;
#430 = CARTESIAN_POINT ( 'NONE',  ( -3.627000000000017987, 1.301641085557714073, 1.813500000000008328 ) ) ;
#431 = CARTESIAN_POINT ( 'NONE',  ( 2.220896970253728937E-16, 2.298641085557713737, -1.813500000000002998 ) ) ;
#432 = MECHANICAL_DESIGN_GEOMETRIC_PRESENTATION_REPRESENTATION (  '', ( #4513 ), #4595 ) ;
#433 = SURFACE_STYLE_FILL_AREA ( #3540 ) ;
#434 = UNCERTAINTY_MEASURE_WITH_UNIT (LENGTH_MEASURE( 1.000000000000000082E-05 ), #1902, 'distance_accuracy_value', 'NONE');
#435 = SURFACE_STYLE_USAGE ( .BOTH. , #2320 ) ;
#436 = EDGE_CURVE ( 'NONE', #1264, #929, #3989, .T. ) ;
#437 =( GEOMETRIC_REPRESENTATION_CONTEXT ( 3 ) GLOBAL_UNCERTAINTY_ASSIGNED_CONTEXT ( ( #576 ) ) GLOBAL_UNIT_ASSIGNED_CONTEXT ( ( #2498, #2430, #4778 ) ) REPRESENTATION_CONTEXT ( 'NONE', 'WORKASPACE' ) );
#438 = VERTEX_POINT ( 'NONE', #741 ) ;
#439 = CARTESIAN_POINT ( 'NONE',  ( -3.627000000000024205, 1.120641085557713579, 1.813500000000011436 ) ) ;
#440 = FILL_AREA_STYLE_COLOUR ( '', #64 ) ;
#441 = CARTESIAN_POINT ( 'NONE',  ( -3.373000000000009546, 2.026641085557714828, 1.686500000000003663 ) ) ;
#442 = DIRECTION ( 'NONE',  ( 0.0000000000000000000, 0.0000000000000000000, -1.000000000000000000 ) ) ;
#443 = COLOUR_RGB ( '',0.9098039215686274384, 0.4431372549019607643, 0.03137254901960784270 ) ;
#444 = ADVANCED_FACE ( 'NONE', ( #3086 ), #726, .T. ) ;
#445 = CIRCLE ( 'NONE', #603, 0.3500000000000000333 ) ;
#446 = ORIENTED_EDGE ( 'NONE', *, *, #2078, .F. ) ;
#447 = CARTESIAN_POINT ( 'NONE',  ( 2.220896970253733374E-16, 1.845641085557713668, -1.813500000000006995 ) ) ;
#448 = UNCERTAINTY_MEASURE_WITH_UNIT (LENGTH_MEASURE( 1.000000000000000082E-05 ), #755, 'distance_accuracy_value', 'NONE');
#449 = ADVANCED_FACE ( 'NONE', ( #3209 ), #4383, .T. ) ;
#450 = CARTESIAN_POINT ( 'NONE',  ( -3.627000000000009994, 2.008641085557714145, 1.813500000000004331 ) ) ;
#451 = EDGE_LOOP ( 'NONE', ( #916, #1261, #1494, #4131 ) ) ;
#452 = FILL_AREA_STYLE_COLOUR ( '', #3704 ) ;
#453 =( NAMED_UNIT ( * ) PLANE_ANGLE_UNIT ( ) SI_UNIT ( $, .RADIAN. ) );
#454 = DIRECTION ( 'NONE',  ( 0.0000000000000000000, 0.0000000000000000000, 1.000000000000000000 ) ) ;
#455 =( NAMED_UNIT ( * ) PLANE_ANGLE_UNIT ( ) SI_UNIT ( $, .RADIAN. ) );
#456 = VERTEX_POINT ( 'NONE', #1293 ) ;
#457 =( NAMED_UNIT ( * ) PLANE_ANGLE_UNIT ( ) SI_UNIT ( $, .RADIAN. ) );
#458 = CARTESIAN_POINT ( 'NONE',  ( 3.373000000000018428, 1.428641085557713852, -1.686500000000009214 ) ) ;
#459 = FILL_AREA_STYLE ('',( #4276 ) ) ;
#460 = CARTESIAN_POINT ( 'NONE',  ( 2.150000000000000799, 3.500000000000000000, -1.121383074600288410 ) ) ;
#461 = FACE_OUTER_BOUND ( 'NONE', #826, .T. ) ;
#462 = ORIENTED_EDGE ( 'NONE', *, *, #1850, .T. ) ;
#463 = FILL_AREA_STYLE_COLOUR ( '', #2560 ) ;
#464 = DIRECTION ( 'NONE',  ( 1.000000000000000000, 0.0000000000000000000, 0.0000000000000000000 ) ) ;
#465 = CARTESIAN_POINT ( 'NONE',  ( 2.065366826762017026E-16, 2.026641085557714828, -1.686500000000004551 ) ) ;
#466 = FILL_AREA_STYLE_COLOUR ( '', #2267 ) ;
#467 = PRODUCT_CONTEXT ( 'NONE', #1907, 'mechanical' ) ;
#468 = MECHANICAL_DESIGN_GEOMETRIC_PRESENTATION_REPRESENTATION (  '', ( #3908 ), #4540 ) ;
#469 = CARTESIAN_POINT ( 'NONE',  ( -4.130733653524026163E-16, 2.588641085557713772, 1.686500000000001664 ) ) ;
#470 = ORIENTED_EDGE ( 'NONE', *, *, #4851, .F. ) ;
#471 = CARTESIAN_POINT ( 'NONE',  ( -3.373000000000013987, 1.718641085557713666, -1.686500000000007882 ) ) ;
#472 =( GEOMETRIC_REPRESENTATION_CONTEXT ( 3 ) GLOBAL_UNCERTAINTY_ASSIGNED_CONTEXT ( ( #4015 ) ) GLOBAL_UNIT_ASSIGNED_CONTEXT ( ( #2, #707, #2315 ) ) REPRESENTATION_CONTEXT ( 'NONE', 'WORKASPACE' ) );
#473 = PRODUCT_DEFINITION_FORMATION_WITH_SPECIFIED_SOURCE ( 'ANY', '', #4944, .NOT_KNOWN. ) ;
#474 =( GEOMETRIC_REPRESENTATION_CONTEXT ( 3 ) GLOBAL_UNCERTAINTY_ASSIGNED_CONTEXT ( ( #2365 ) ) GLOBAL_UNIT_ASSIGNED_CONTEXT ( ( #3551, #4734, #4338 ) ) REPRESENTATION_CONTEXT ( 'NONE', 'WORKASPACE' ) );
#475 = VERTEX_POINT ( 'NONE', #935 ) ;
#476 = CARTESIAN_POINT ( 'NONE',  ( -3.373000000000016652, 1.573641085557713870, 1.686500000000007660 ) ) ;
#477 =( LENGTH_UNIT ( ) NAMED_UNIT ( * ) SI_UNIT ( .MILLI., .METRE. ) );
#478 =( LENGTH_UNIT ( ) NAMED_UNIT ( * ) SI_UNIT ( .MILLI., .METRE. ) );
#479 = PRESENTATION_LAYER_ASSIGNMENT (  '', '', ( #949 ) ) ;
#480 = CARTESIAN_POINT ( 'NONE',  ( 3.627000000000020208, 1.156641085557714055, -1.813500000000009882 ) ) ;
#481 = CARTESIAN_POINT ( 'NONE',  ( -4.441793940507474636E-16, 1.156641085557714055, 1.813500000000009882 ) ) ;
#482 = CARTESIAN_POINT ( 'NONE',  ( 2.220896970253727457E-16, 2.316641085557714863, -1.813500000000002332 ) ) ;
#483 = AXIS2_PLACEMENT_3D ( 'NONE', #3262, #986, #2622 ) ;
#484 = ORIENTED_EDGE ( 'NONE', *, *, #2537, .T. ) ;
#485 = CARTESIAN_POINT ( 'NONE',  ( 2.065366826762022942E-16, 1.301641085557714295, -1.686500000000009658 ) ) ;
#486 =( NAMED_UNIT ( * ) SI_UNIT ( $, .STERADIAN. ) SOLID_ANGLE_UNIT ( ) );
#487 = AXIS2_PLACEMENT_3D ( 'NONE', #4351, #913, #3918 ) ;
#488 = ORIENTED_EDGE ( 'NONE', *, *, #1771, .F. ) ;
#489 = SURFACE_STYLE_FILL_AREA ( #1984 ) ;
#490 = CIRCLE ( 'NONE', #4415, 1.813500000000009660 ) ;
#491 = CARTESIAN_POINT ( 'NONE',  ( 3.627000000000017987, 1.428641085557713852, -1.813500000000008550 ) ) ;
#492 =( NAMED_UNIT ( * ) PLANE_ANGLE_UNIT ( ) SI_UNIT ( $, .RADIAN. ) );
#493 = CYLINDRICAL_SURFACE ( 'NONE', #3367, 2.424871130596427893 ) ;
#494 = DIRECTION ( 'NONE',  ( 0.0000000000000000000, 0.0000000000000000000, 1.000000000000000000 ) ) ;
#495 = ORIENTED_EDGE ( 'NONE', *, *, #2957, .F. ) ;
#496 = COLOUR_RGB ( '',0.9098039215686274384, 0.4431372549019607643, 0.03137254901960784270 ) ;
#497 =( LENGTH_UNIT ( ) NAMED_UNIT ( * ) SI_UNIT ( .MILLI., .METRE. ) );
#498 = EDGE_CURVE ( 'NONE', #1234, #2390, #2232, .T. ) ;
#499 = ORIENTED_EDGE ( 'NONE', *, *, #4683, .F. ) ;
#500 = PRESENTATION_STYLE_ASSIGNMENT (( #176 ) ) ;
#501 = CARTESIAN_POINT ( 'NONE',  ( 3.626999999999999780, 2.733641085557713790, -1.813499999999999668 ) ) ;
#502 = COLOUR_RGB ( '',0.2509803921568627416, 0.2509803921568627416, 0.2509803921568627416 ) ;
#503 = COLOUR_RGB ( '',0.9098039215686274384, 0.4431372549019607643, 0.03137254901960784270 ) ;
#504 = CARTESIAN_POINT ( 'NONE',  ( 2.065366826762020724E-16, 1.845641085557713668, -1.686500000000007660 ) ) ;
#505 = EDGE_CURVE ( 'NONE', #4702, #3790, #165, .T. ) ;
#506 = AXIS2_PLACEMENT_3D ( 'NONE', #3429, #1131, #1160 ) ;
#507 = ORIENTED_EDGE ( 'NONE', *, *, #1991, .T. ) ;
#508 = PRESENTATION_STYLE_ASSIGNMENT (( #3158 ) ) ;
#509 = SURFACE_STYLE_FILL_AREA ( #3538 ) ;
#510 = CARTESIAN_POINT ( 'NONE',  ( -3.373000000000013543, 1.736641085557713904, 1.686500000000005661 ) ) ;
#511 = STYLED_ITEM ( 'NONE', ( #3825 ), #3782 ) ;
#512 = ORIENTED_EDGE ( 'NONE', *, *, #3252, .F. ) ;
#513 = CIRCLE ( 'NONE', #4591, 0.06349999999999975109 ) ;
#514 = DIRECTION ( 'NONE',  ( 1.000000000000000000, 0.0000000000000000000, 0.0000000000000000000 ) ) ;
#515 = DIRECTION ( 'NONE',  ( 0.0000000000000000000, 1.000000000000000000, 0.0000000000000000000 ) ) ;
#516 = CARTESIAN_POINT ( 'NONE',  ( 0.0000000000000000000, 0.2000000000000000111, 0.0000000000000000000 ) ) ;
#517 = CARTESIAN_POINT ( 'NONE',  ( 2.149999999999999911, 0.2000000000000000111, -0.6000000000000003109 ) ) ;
#518 = B_SPLINE_CURVE_WITH_KNOTS ( 'NONE', 3,
 ( #4452, #1034, #2236, #1414 ),
 .UNSPECIFIED., .F., .F.,
 ( 4, 4 ),
 ( 6.000923981921173872E-16, 0.0002058910168548570938 ),
 .UNSPECIFIED. ) ;
#519 = ORIENTED_EDGE ( 'NONE', *, *, #2537, .F. ) ;
#520 = CARTESIAN_POINT ( 'NONE',  ( 0.0000000000000000000, 0.2000000000066393113, 0.0000000000000000000 ) ) ;
#521 = VERTEX_POINT ( 'NONE', #4003 ) ;
#522 = CIRCLE ( 'NONE', #4693, 0.06349999999999975109 ) ;
#523 = EDGE_CURVE ( 'NONE', #3830, #4255, #2631, .T. ) ;
#524 = CARTESIAN_POINT ( 'NONE',  ( 3.373000000000014431, 1.845641085557713446, -1.686500000000007216 ) ) ;
#525 = ORIENTED_EDGE ( 'NONE', *, *, #2114, .F. ) ;
#526 = PRESENTATION_STYLE_ASSIGNMENT (( #2541 ) ) ;
#527 = EDGE_CURVE ( 'NONE', #88, #4142, #1029, .T. ) ;
#528 = EDGE_CURVE ( 'NONE', #3699, #1684, #1982, .T. ) ;
#529 = DIRECTION ( 'NONE',  ( -0.0000000000000000000, 1.000000000000000000, 0.0000000000000000000 ) ) ;
#530 = UNCERTAINTY_MEASURE_WITH_UNIT (LENGTH_MEASURE( 1.000000000000000082E-05 ), #1070, 'distance_accuracy_value', 'NONE');
#531 =( NAMED_UNIT ( * ) SI_UNIT ( $, .STERADIAN. ) SOLID_ANGLE_UNIT ( ) );
#532 =( BOUNDED_SURFACE ( )  B_SPLINE_SURFACE ( 3, 3, ( 
 ( #939, #3169, #2439, #147 ),
 ( #1713, #4785, #3955, #1685 ),
 ( #1351, #2870, #1297, #4387 ),
 ( #4364, #4411, #2466, #3526 ) ),
 .UNSPECIFIED., .F., .F., .T. ) 
 B_SPLINE_SURFACE_WITH_KNOTS ( ( 4, 4 ),
 ( 4, 4 ),
 ( 0.0000000000000000000, 1.000000000000000000 ),
 ( 0.0000000000000000000, 1.000000000000000000 ),
 .UNSPECIFIED. ) 
 GEOMETRIC_REPRESENTATION_ITEM ( )  RATIONAL_B_SPLINE_SURFACE ( (
 ( 1.000000000000000000, 0.3333333333333334259, 0.3333333333333334259, 1.000000000000000000),
 ( 0.3333333333333333703, 0.1111111111111111605, 0.1111111111111111605, 0.3333333333333333703),
 ( 0.3333333333333333703, 0.1111111111111111605, 0.1111111111111111605, 0.3333333333333333703),
 ( 1.000000000000000000, 0.3333333333333334259, 0.3333333333333334259, 1.000000000000000000) ) ) 
 REPRESENTATION_ITEM ( '' )  SURFACE ( )  );
#533 = ORIENTED_EDGE ( 'NONE', *, *, #4096, .T. ) ;
#534 = SURFACE_STYLE_FILL_AREA ( #4405 ) ;
#535 = CARTESIAN_POINT ( 'NONE',  ( 0.0000000000000000000, 1.555641085557713632, 1.813500000000009216 ) ) ;
#536 = CARTESIAN_POINT ( 'NONE',  ( 0.0000000000000000000, 2.153641085557714163, 1.686500000000004551 ) ) ;
#537 = ADVANCED_FACE ( 'NONE', ( #1677 ), #2384, .T. ) ;
#538 = DIRECTION ( 'NONE',  ( 0.0000000000000000000, 0.0000000000000000000, 1.000000000000000000 ) ) ;
#539 = CARTESIAN_POINT ( 'NONE',  ( 2.143131898507874707E-16, 2.008641085557714590, -1.686500000000005661 ) ) ;
#540 = CARTESIAN_POINT ( 'NONE',  ( 3.627000000000021984, 1.011641085557714259, -1.813500000000010770 ) ) ;
#541 =( NAMED_UNIT ( * ) PLANE_ANGLE_UNIT ( ) SI_UNIT ( $, .RADIAN. ) );
#542 = AXIS2_PLACEMENT_3D ( 'NONE', #216, #2625, #4133 ) ;
#543 = MANIFOLD_SOLID_BREP ( 'Бобышка-Вытянуть7[1]', #4869 ) ;
#544 = DIRECTION ( 'NONE',  ( 8.881784197001252323E-16, 0.0000000000000000000, -1.000000000000000000 ) ) ;
#545 = AXIS2_PLACEMENT_3D ( 'NONE', #4072, #2503, #2601 ) ;
#546 = CLOSED_SHELL ( 'NONE', ( #3468, #3221, #2048, #684 ) ) ;
#547 = EDGE_LOOP ( 'NONE', ( #2519, #2900, #884, #1332 ) ) ;
#548 =( LENGTH_UNIT ( ) NAMED_UNIT ( * ) SI_UNIT ( .MILLI., .METRE. ) );
#549 = SURFACE_STYLE_USAGE ( .BOTH. , #3988 ) ;
#550 = CARTESIAN_POINT ( 'NONE',  ( -4.441793940507454915E-16, 2.316641085557714863, 1.813500000000002332 ) ) ;
#551 =( GEOMETRIC_REPRESENTATION_CONTEXT ( 3 ) GLOBAL_UNCERTAINTY_ASSIGNED_CONTEXT ( ( #2710 ) ) GLOBAL_UNIT_ASSIGNED_CONTEXT ( ( #2540, #4775, #4843 ) ) REPRESENTATION_CONTEXT ( 'NONE', 'WORKASPACE' ) );
#552 = ORIENTED_EDGE ( 'NONE', *, *, #1422, .F. ) ;
#553 = COLOUR_RGB ( '',0.7529411764705882248, 0.7529411764705882248, 0.7529411764705882248 ) ;
#554 = CARTESIAN_POINT ( 'NONE',  ( 3.373000000000018428, 1.301641085557714073, -1.686500000000009214 ) ) ;
#555 =( NAMED_UNIT ( * ) SI_UNIT ( $, .STERADIAN. ) SOLID_ANGLE_UNIT ( ) );
#556 = DIRECTION ( 'NONE',  ( 0.0000000000000000000, 1.000000000000000000, 0.0000000000000000000 ) ) ;
#557 = UNCERTAINTY_MEASURE_WITH_UNIT (LENGTH_MEASURE( 1.000000000000000082E-05 ), #3279, 'distance_accuracy_value', 'NONE');
#558 = PRESENTATION_STYLE_ASSIGNMENT (( #979 ) ) ;
#559 = AXIS2_PLACEMENT_3D ( 'NONE', #4386, #3980, #538 ) ;
#560 = EDGE_CURVE ( 'NONE', #475, #1318, #234, .T. ) ;
#561 = ORIENTED_EDGE ( 'NONE', *, *, #1935, .F. ) ;
#562 = COLOUR_RGB ( '',0.9098039215686274384, 0.4431372549019607643, 0.03137254901960784270 ) ;
#563 = FACE_OUTER_BOUND ( 'NONE', #4168, .T. ) ;
#564 = SURFACE_STYLE_USAGE ( .BOTH. , #2107 ) ;
#565 = FILL_AREA_STYLE_COLOUR ( '', #843 ) ;
#566 = EDGE_CURVE ( 'NONE', #2755, #4719, #2206, .T. ) ;
#567 = PRESENTATION_LAYER_ASSIGNMENT (  '', '', ( #1215 ) ) ;
#568 = CARTESIAN_POINT ( 'NONE',  ( 3.627000000000021096, 1.138641085557713817, 1.813500000000011214 ) ) ;
#569 = ORIENTED_EDGE ( 'NONE', *, *, #1360, .T. ) ;
#570 = FACE_OUTER_BOUND ( 'NONE', #4159, .T. ) ;
#571 = PRESENTATION_STYLE_ASSIGNMENT (( #965 ) ) ;
#572 = PRESENTATION_LAYER_ASSIGNMENT (  '', '', ( #7 ) ) ;
#573 =( NAMED_UNIT ( * ) PLANE_ANGLE_UNIT ( ) SI_UNIT ( $, .RADIAN. ) );
#574 = CARTESIAN_POINT ( 'NONE',  ( 3.627000000000012214, 1.736641085557713904, 1.813500000000006329 ) ) ;
#575 = CARTESIAN_POINT ( 'NONE',  ( 3.373000000000025089, 0.8666410855577141303, -1.686500000000012545 ) ) ;
#576 = UNCERTAINTY_MEASURE_WITH_UNIT (LENGTH_MEASURE( 1.000000000000000082E-05 ), #2498, 'distance_accuracy_value', 'NONE');
#577 = COLOUR_RGB ( '',0.2509803921568627416, 0.2509803921568627416, 0.2509803921568627416 ) ;
#578 = CARTESIAN_POINT ( 'NONE',  ( 3.627000000000013102, 1.718641085557713666, 1.813500000000006995 ) ) ;
#579 = ORIENTED_EDGE ( 'NONE', *, *, #3503, .F. ) ;
#580 = COLOUR_RGB ( '',0.9098039215686274384, 0.4431372549019607643, 0.03137254901960784270 ) ;
#581 = STYLED_ITEM ( 'NONE', ( #3902 ), #2757 ) ;
#582 = DIRECTION ( 'NONE',  ( 0.0000000000000000000, 1.000000000000000000, 0.0000000000000000000 ) ) ;
#583 = FACE_OUTER_BOUND ( 'NONE', #4069, .T. ) ;
#584 = CARTESIAN_POINT ( 'NONE',  ( -2.150000000000000799, 0.1999999999999999833, 1.121383074600288632 ) ) ;
#585 = CARTESIAN_POINT ( 'NONE',  ( 2.220896970253726471E-16, 2.588641085557713772, -1.813500000000001000 ) ) ;
#586 = AXIS2_PLACEMENT_3D ( 'NONE', #3282, #957, #2901 ) ;
#587 = ORIENTED_EDGE ( 'NONE', *, *, #4519, .T. ) ;
#588 =( NAMED_UNIT ( * ) SI_UNIT ( $, .STERADIAN. ) SOLID_ANGLE_UNIT ( ) );
#589 = FILL_AREA_STYLE_COLOUR ( '', #3140 ) ;
#590 =( GEOMETRIC_REPRESENTATION_CONTEXT ( 3 ) GLOBAL_UNCERTAINTY_ASSIGNED_CONTEXT ( ( #2980 ) ) GLOBAL_UNIT_ASSIGNED_CONTEXT ( ( #2202, #1027, #301 ) ) REPRESENTATION_CONTEXT ( 'NONE', 'WORKASPACE' ) );
#591 =( NAMED_UNIT ( * ) SI_UNIT ( $, .STERADIAN. ) SOLID_ANGLE_UNIT ( ) );
#592 = EDGE_CURVE ( 'NONE', #3380, #277, #1592, .T. ) ;
#593 =( NAMED_UNIT ( * ) PLANE_ANGLE_UNIT ( ) SI_UNIT ( $, .RADIAN. ) );
#594 =( LENGTH_UNIT ( ) NAMED_UNIT ( * ) SI_UNIT ( .MILLI., .METRE. ) );
#595 = SURFACE_SIDE_STYLE ('',( #69 ) ) ;
#596 = CARTESIAN_POINT ( 'NONE',  ( 2.220896970253734853E-16, 1.700641085557713650, -1.813500000000007883 ) ) ;
#597 =( LENGTH_UNIT ( ) NAMED_UNIT ( * ) SI_UNIT ( .MILLI., .METRE. ) );
#598 = STYLED_ITEM ( 'NONE', ( #351 ), #4061 ) ;
#599 = EDGE_CURVE ( 'NONE', #3253, #2015, #3671, .T. ) ;
#600 = CARTESIAN_POINT ( 'NONE',  ( 0.0000000000000000000, 1.736641085557714126, 1.686500000000006549 ) ) ;
#601 =( GEOMETRIC_REPRESENTATION_CONTEXT ( 3 ) GLOBAL_UNCERTAINTY_ASSIGNED_CONTEXT ( ( #2122 ) ) GLOBAL_UNIT_ASSIGNED_CONTEXT ( ( #2747, #455, #3913 ) ) REPRESENTATION_CONTEXT ( 'NONE', 'WORKASPACE' ) );
#602 = ORIENTED_EDGE ( 'NONE', *, *, #4600, .T. ) ;
#603 = AXIS2_PLACEMENT_3D ( 'NONE', #3578, #2489, #544 ) ;
#604 = DIRECTION ( 'NONE',  ( -0.0000000000000000000, -1.000000000000000000, -0.0000000000000000000 ) ) ;
#605 = MECHANICAL_DESIGN_GEOMETRIC_PRESENTATION_REPRESENTATION (  '', ( #770 ), #1887 ) ;
#606 = ORIENTED_EDGE ( 'NONE', *, *, #4480, .T. ) ;
#607 = CARTESIAN_POINT ( 'NONE',  ( -2.150000000000338307, 0.2000000000052378490, 1.121383074576277172 ) ) ;
#608 =( NAMED_UNIT ( * ) PLANE_ANGLE_UNIT ( ) SI_UNIT ( $, .RADIAN. ) );
#609 = SURFACE_STYLE_USAGE ( .BOTH. , #166 ) ;
#610 = DIRECTION ( 'NONE',  ( 0.0000000000000000000, 0.0000000000000000000, 1.000000000000000000 ) ) ;
#611 =( NAMED_UNIT ( * ) SI_UNIT ( $, .STERADIAN. ) SOLID_ANGLE_UNIT ( ) );
#612 = SURFACE_STYLE_FILL_AREA ( #266 ) ;
#613 = CARTESIAN_POINT ( 'NONE',  ( 0.0000000000000000000, 1.011641085557714037, 1.813500000000011214 ) ) ;
#614 = FILL_AREA_STYLE ('',( #4079 ) ) ;
#615 = FILL_AREA_STYLE_COLOUR ( '', #3461 ) ;
#616 =( NAMED_UNIT ( * ) SI_UNIT ( $, .STERADIAN. ) SOLID_ANGLE_UNIT ( ) );
#617 = CARTESIAN_POINT ( 'NONE',  ( 3.373000000000022425, 1.138641085557713817, -1.686500000000011212 ) ) ;
#618 =( LENGTH_UNIT ( ) NAMED_UNIT ( * ) SI_UNIT ( .MILLI., .METRE. ) );
#619 = ADVANCED_FACE ( 'NONE', ( #2150 ), #3467, .T. ) ;
#620 = SURFACE_STYLE_FILL_AREA ( #1379 ) ;
#621 = DIRECTION ( 'NONE',  ( 0.0000000000000000000, 0.0000000000000000000, -1.000000000000000000 ) ) ;
#622 =( NAMED_UNIT ( * ) SI_UNIT ( $, .STERADIAN. ) SOLID_ANGLE_UNIT ( ) );
#623 = COLOUR_RGB ( '',0.9098039215686274384, 0.4431372549019607643, 0.03137254901960784270 ) ;
#624 = VERTEX_POINT ( 'NONE', #1863 ) ;
#625 = DIRECTION ( 'NONE',  ( 0.0000000000000000000, 1.000000000000000000, 0.0000000000000000000 ) ) ;
#626 =( LENGTH_UNIT ( ) NAMED_UNIT ( * ) SI_UNIT ( .MILLI., .METRE. ) );
#627 = STYLED_ITEM ( 'NONE', ( #4048 ), #693 ) ;
#628 = CARTESIAN_POINT ( 'NONE',  ( -3.373000000000018428, 1.428641085557713852, 1.686500000000008548 ) ) ;
#629 = AXIS2_PLACEMENT_3D ( 'NONE', #4301, #3895, #3130 ) ;
#630 = SURFACE_STYLE_USAGE ( .BOTH. , #1834 ) ;
#631 = AXIS2_PLACEMENT_3D ( 'NONE', #3770, #269, #1069 ) ;
#632 = ORIENTED_EDGE ( 'NONE', *, *, #3157, .T. ) ;
#633 = DIRECTION ( 'NONE',  ( 0.0000000000000000000, 0.0000000000000000000, 1.000000000000000000 ) ) ;
#634 = CARTESIAN_POINT ( 'NONE',  ( 0.0000000000000000000, 2.026641085557714828, 1.686500000000004551 ) ) ;
#635 = DIRECTION ( 'NONE',  ( 0.0000000000000000000, 0.0000000000000000000, 1.000000000000000000 ) ) ;
#636 = PRESENTATION_STYLE_ASSIGNMENT (( #2941 ) ) ;
#637 = AXIS2_PLACEMENT_3D ( 'NONE', #2434, #4782, #3186 ) ;
#638 = CARTESIAN_POINT ( 'NONE',  ( 3.373000000000010434, 2.008641085557714145, 1.686500000000005661 ) ) ;
#639 =( GEOMETRIC_REPRESENTATION_CONTEXT ( 3 ) GLOBAL_UNCERTAINTY_ASSIGNED_CONTEXT ( ( #557 ) ) GLOBAL_UNIT_ASSIGNED_CONTEXT ( ( #3279, #2542, #4844 ) ) REPRESENTATION_CONTEXT ( 'NONE', 'WORKASPACE' ) );
#640 = SURFACE_SIDE_STYLE ('',( #4834 ) ) ;
#641 = PRESENTATION_STYLE_ASSIGNMENT (( #334 ) ) ;
#642 = SURFACE_STYLE_FILL_AREA ( #217 ) ;
#643 =( NAMED_UNIT ( * ) PLANE_ANGLE_UNIT ( ) SI_UNIT ( $, .RADIAN. ) );
#644 = MECHANICAL_DESIGN_GEOMETRIC_PRESENTATION_REPRESENTATION (  '', ( #4814 ), #2658 ) ;
#645 = MANIFOLD_SOLID_BREP ( 'Revolve1[2]', #3827 ) ;
#646 = FILL_AREA_STYLE_COLOUR ( '', #2832 ) ;
#647 = AXIS2_PLACEMENT_3D ( 'NONE', #2728, #4305, #89 ) ;
#648 = CARTESIAN_POINT ( 'NONE',  ( 0.0000000000000000000, 0.8666410855577142414, 1.813500000000012324 ) ) ;
#649 = EDGE_CURVE ( 'NONE', #4260, #2418, #304, .T. ) ;
#650 = CARTESIAN_POINT ( 'NONE',  ( 2.150000000000000799, 3.500000000000000000, -1.121383074600288632 ) ) ;
#651 = ORIENTED_EDGE ( 'NONE', *, *, #1386, .T. ) ;
#652 = FACE_OUTER_BOUND ( 'NONE', #904, .T. ) ;
#653 = ADVANCED_FACE ( 'NONE', ( #1109 ), #2760, .T. ) ;
#654 = SURFACE_STYLE_FILL_AREA ( #2543 ) ;
#655 = MECHANICAL_DESIGN_GEOMETRIC_PRESENTATION_REPRESENTATION (  '', ( #2840 ), #100 ) ;
#656 = ORIENTED_EDGE ( 'NONE', *, *, #1795, .F. ) ;
#657 = DIRECTION ( 'NONE',  ( -0.0000000000000000000, 1.000000000000000000, 0.0000000000000000000 ) ) ;
#658 = DIRECTION ( 'NONE',  ( 0.0000000000000000000, 0.0000000000000000000, -1.000000000000000000 ) ) ;
#659 = EDGE_CURVE ( 'NONE', #929, #456, #3176, .T. ) ;
#660 = MECHANICAL_DESIGN_GEOMETRIC_PRESENTATION_REPRESENTATION (  '', ( #581 ), #2513 ) ;
#661 = CARTESIAN_POINT ( 'NONE',  ( 0.0000000000000000000, 2.135641085557713925, 1.813500000000005219 ) ) ;
#662 = ORIENTED_EDGE ( 'NONE', *, *, #4424, .F. ) ;
#663 = PRESENTATION_LAYER_ASSIGNMENT (  '', '', ( #511 ) ) ;
#664 = CARTESIAN_POINT ( 'NONE',  ( 0.3746197183059365998, 0.0000000000000000000, 2.360058396053836383 ) ) ;
#665 = DIRECTION ( 'NONE',  ( 0.0000000000000000000, -0.0000000000000000000, 1.000000000000000000 ) ) ;
#666 = AXIS2_PLACEMENT_3D ( 'NONE', #4075, #960, #2572 ) ;
#667 = SURFACE_STYLE_USAGE ( .BOTH. , #2186 ) ;
#668 = DIRECTION ( 'NONE',  ( 1.224646799147351482E-16, 0.0000000000000000000, -1.000000000000000000 ) ) ;
#669 = FILL_AREA_STYLE_COLOUR ( '', #4720 ) ;
#670 = CARTESIAN_POINT ( 'NONE',  ( -3.373000000000022425, 1.138641085557713817, -1.686500000000011878 ) ) ;
#671 = CARTESIAN_POINT ( 'NONE',  ( 2.149999999999999911, 0.2000000000000000111, -0.6000000000000003109 ) ) ;
#672 = FILL_AREA_STYLE ('',( #2218 ) ) ;
#673 = VERTEX_POINT ( 'NONE', #2859 ) ;
#674 = FILL_AREA_STYLE_COLOUR ( '', #4914 ) ;
#675 = CIRCLE ( 'NONE', #1873, 0.06349999999999975109 ) ;
#676 = DIRECTION ( 'NONE',  ( -1.000000000000000000, 0.0000000000000000000, -1.224646799147353207E-16 ) ) ;
#677 = MECHANICAL_DESIGN_GEOMETRIC_PRESENTATION_REPRESENTATION (  '', ( #4368 ), #437 ) ;
#678 = ORIENTED_EDGE ( 'NONE', *, *, #1746, .T. ) ;
#679 = AXIS2_PLACEMENT_3D ( 'NONE', #4214, #1958, #3127 ) ;
#680 = CARTESIAN_POINT ( 'NONE',  ( -3.373000000000008658, 2.153641085557714163, 1.686500000000003663 ) ) ;
#681 = CARTESIAN_POINT ( 'NONE',  ( 0.0000000000000000000, 1.718641085557713888, 0.0000000000000000000 ) ) ;
#682 =( NAMED_UNIT ( * ) SI_UNIT ( $, .STERADIAN. ) SOLID_ANGLE_UNIT ( ) );
#683 = ORIENTED_EDGE ( 'NONE', *, *, #4892, .T. ) ;
#684 = ADVANCED_FACE ( 'NONE', ( #4748 ), #1743, .T. ) ;
#685 = CARTESIAN_POINT ( 'NONE',  ( 3.627000000000003332, 2.443641085557714643, 1.813500000000002332 ) ) ;
#686 = CARTESIAN_POINT ( 'NONE',  ( 0.0000000000000000000, 2.443641085557714643, 0.0000000000000000000 ) ) ;
#687 = FACE_OUTER_BOUND ( 'NONE', #3078, .T. ) ;
#688 = CIRCLE ( 'NONE', #3244, 0.3500000000000000333 ) ;
#689 = CARTESIAN_POINT ( 'NONE',  ( 3.627000000000009106, 2.008641085557714145, 1.813500000000005219 ) ) ;
#690 = MANIFOLD_SOLID_BREP ( 'Revolve1[12]', #4954 ) ;
#691 = EDGE_LOOP ( 'NONE', ( #1079, #4924, #3460, #401 ) ) ;
#692 = CARTESIAN_POINT ( 'NONE',  ( 0.0000000000000000000, 1.573641085557713870, 0.0000000000000000000 ) ) ;
#693 = ADVANCED_FACE ( 'NONE', ( #3254 ), #4465, .F. ) ;
#694 = CARTESIAN_POINT ( 'NONE',  ( -3.627000000000009994, 2.008641085557714145, 1.813500000000004331 ) ) ;
#695 = CARTESIAN_POINT ( 'NONE',  ( 0.0000000000000000000, 1.283641085557714057, 1.750000000000010214 ) ) ;
#696 = FILL_AREA_STYLE ('',( #669 ) ) ;
#697 = UNCERTAINTY_MEASURE_WITH_UNIT (LENGTH_MEASURE( 1.000000000000000082E-05 ), #2487, 'distance_accuracy_value', 'NONE');
#698 = EDGE_LOOP ( 'NONE', ( #1343, #2873, #4390, #3422 ) ) ;
#699 =( LENGTH_UNIT ( ) NAMED_UNIT ( * ) SI_UNIT ( .MILLI., .METRE. ) );
#700 = ORIENTED_EDGE ( 'NONE', *, *, #1936, .T. ) ;
#701 = DIRECTION ( 'NONE',  ( -1.000000000000000000, 0.0000000000000000000, -1.224646799147353207E-16 ) ) ;
#702 = CARTESIAN_POINT ( 'NONE',  ( 3.373000000000003773, 2.443641085557714643, 1.686500000000002331 ) ) ;
#703 = FACE_OUTER_BOUND ( 'NONE', #1412, .T. ) ;
#704 = CARTESIAN_POINT ( 'NONE',  ( 2.220896970253737318E-16, 1.283641085557714057, -1.813500000000009882 ) ) ;
#705 = AXIS2_PLACEMENT_3D ( 'NONE', #790, #38, #2275 ) ;
#706 = ORIENTED_EDGE ( 'NONE', *, *, #1912, .T. ) ;
#707 =( NAMED_UNIT ( * ) PLANE_ANGLE_UNIT ( ) SI_UNIT ( $, .RADIAN. ) );
#708 = CARTESIAN_POINT ( 'NONE',  ( 2.065366826762014068E-16, 2.443641085557714643, -1.686500000000002553 ) ) ;
#709 = DIRECTION ( 'NONE',  ( 0.0000000000000000000, 1.000000000000000000, 0.0000000000000000000 ) ) ;
#710 = CARTESIAN_POINT ( 'NONE',  ( -3.373000000000005993, 2.298641085557713737, -1.686500000000003885 ) ) ;
#711 = MANIFOLD_SOLID_BREP ( 'Бобышка-Вытянуть7[2]', #378 ) ;
#712 = EDGE_CURVE ( 'NONE', #1712, #4169, #1108, .T. ) ;
#713 = COLOUR_RGB ( '',0.2509803921568627416, 0.2509803921568627416, 0.2509803921568627416 ) ;
#714 = ORIENTED_EDGE ( 'NONE', *, *, #3317, .T. ) ;
#715 = SURFACE_STYLE_FILL_AREA ( #2993 ) ;
#716 = MECHANICAL_DESIGN_GEOMETRIC_PRESENTATION_REPRESENTATION (  '', ( #949 ), #3752 ) ;
#717 = DIRECTION ( 'NONE',  ( 1.224646799147355179E-16, 0.0000000000000000000, -1.000000000000000000 ) ) ;
#718 =( GEOMETRIC_REPRESENTATION_CONTEXT ( 3 ) GLOBAL_UNCERTAINTY_ASSIGNED_CONTEXT ( ( #3958 ) ) GLOBAL_UNIT_ASSIGNED_CONTEXT ( ( #4495, #2156, #313 ) ) REPRESENTATION_CONTEXT ( 'NONE', 'WORKASPACE' ) );
#719 = EDGE_CURVE ( 'NONE', #119, #129, #3641, .T. ) ;
#720 = DIRECTION ( 'NONE',  ( 1.000000000000000000, 0.0000000000000000000, 0.0000000000000000000 ) ) ;
#721 = COLOUR_RGB ( '',0.2509803921568627416, 0.2509803921568627416, 0.2509803921568627416 ) ;
#722 =( NAMED_UNIT ( * ) SI_UNIT ( $, .STERADIAN. ) SOLID_ANGLE_UNIT ( ) );
#723 = CARTESIAN_POINT ( 'NONE',  ( 0.0000000000000000000, 1.428641085557713852, 1.750000000000009326 ) ) ;
#724 = SURFACE_STYLE_FILL_AREA ( #4160 ) ;
#725 = CARTESIAN_POINT ( 'NONE',  ( 2.220896970253726471E-16, 2.715641085557713108, -1.813500000000001222 ) ) ;
#726 =( BOUNDED_SURFACE ( )  B_SPLINE_SURFACE ( 3, 3, ( 
 ( #4199, #3818, #1910, #3444 ),
 ( #918, #2461, #2782, #1703 ),
 ( #535, #4331, #3570, #4681 ),
 ( #3978, #122, #491, #3139 ) ),
 .UNSPECIFIED., .F., .F., .T. ) 
 B_SPLINE_SURFACE_WITH_KNOTS ( ( 4, 4 ),
 ( 4, 4 ),
 ( 0.0000000000000000000, 1.000000000000000000 ),
 ( 0.0000000000000000000, 1.000000000000000000 ),
 .UNSPECIFIED. ) 
 GEOMETRIC_REPRESENTATION_ITEM ( )  RATIONAL_B_SPLINE_SURFACE ( (
 ( 1.000000000000000000, 0.3333333333333334259, 0.3333333333333334259, 1.000000000000000000),
 ( 0.3333333333333333703, 0.1111111111111111605, 0.1111111111111111605, 0.3333333333333333703),
 ( 0.3333333333333333703, 0.1111111111111111605, 0.1111111111111111605, 0.3333333333333333703),
 ( 1.000000000000000000, 0.3333333333333334259, 0.3333333333333334259, 1.000000000000000000) ) ) 
 REPRESENTATION_ITEM ( '' )  SURFACE ( )  );
#727 = PRESENTATION_LAYER_ASSIGNMENT (  '', '', ( #1526 ) ) ;
#728 = ORIENTED_EDGE ( 'NONE', *, *, #2120, .F. ) ;
#729 = CARTESIAN_POINT ( 'NONE',  ( 2.220896970253738304E-16, 1.138641085557713817, -1.813500000000010992 ) ) ;
#730 = DIRECTION ( 'NONE',  ( -1.000000000000000000, -0.0000000000000000000, -0.0000000000000000000 ) ) ;
#731 = CARTESIAN_POINT ( 'NONE',  ( 3.627000000000005109, 2.425641085557714405, 1.813500000000002998 ) ) ;
#732 = VERTEX_POINT ( 'NONE', #3381 ) ;
#733 = MECHANICAL_DESIGN_GEOMETRIC_PRESENTATION_REPRESENTATION (  '', ( #2162 ), #4738 ) ;
#734 = FILL_AREA_STYLE_COLOUR ( '', #4796 ) ;
#735 = SURFACE_STYLE_USAGE ( .BOTH. , #4870 ) ;
#736 = CARTESIAN_POINT ( 'NONE',  ( 2.065366826762015300E-16, 2.425641085557712628, -1.686500000000003663 ) ) ;
#737 = CIRCLE ( 'NONE', #3775, 2.424871130596427893 ) ;
#738 = ORIENTED_EDGE ( 'NONE', *, *, #1991, .F. ) ;
#739 = SURFACE_STYLE_USAGE ( .BOTH. , #1939 ) ;
#740 = CARTESIAN_POINT ( 'NONE',  ( 2.220896970253731402E-16, 2.008641085557714590, -1.813500000000005219 ) ) ;
#741 = CARTESIAN_POINT ( 'NONE',  ( 0.0000000000000000000, 1.283641085557714057, 1.686500000000010546 ) ) ;
#742 = CARTESIAN_POINT ( 'NONE',  ( 0.0000000000000000000, 2.008641085557714590, 0.0000000000000000000 ) ) ;
#743 = STYLED_ITEM ( 'NONE', ( #2013 ), #3310 ) ;
#744 = UNCERTAINTY_MEASURE_WITH_UNIT (LENGTH_MEASURE( 1.000000000000000082E-05 ), #174, 'distance_accuracy_value', 'NONE');
#745 =( GEOMETRIC_REPRESENTATION_CONTEXT ( 3 ) GLOBAL_UNCERTAINTY_ASSIGNED_CONTEXT ( ( #3858 ) ) GLOBAL_UNIT_ASSIGNED_CONTEXT ( ( #3591, #4356, #164 ) ) REPRESENTATION_CONTEXT ( 'NONE', 'WORKASPACE' ) );
#746 = STYLED_ITEM ( 'NONE', ( #4466 ), #2981 ) ;
#747 = SURFACE_SIDE_STYLE ('',( #1548 ) ) ;
#748 = FACE_OUTER_BOUND ( 'NONE', #2362, .T. ) ;
#749 = EDGE_CURVE ( 'NONE', #3137, #753, #793, .T. ) ;
#750 = COLOUR_RGB ( '',0.9098039215686274384, 0.4431372549019607643, 0.03137254901960784270 ) ;
#751 =( GEOMETRIC_REPRESENTATION_CONTEXT ( 3 ) GLOBAL_UNCERTAINTY_ASSIGNED_CONTEXT ( ( #4244 ) ) GLOBAL_UNIT_ASSIGNED_CONTEXT ( ( #3905, #897, #4709 ) ) REPRESENTATION_CONTEXT ( 'NONE', 'WORKASPACE' ) );
#752 = CARTESIAN_POINT ( 'NONE',  ( -3.373000000000010878, 2.135641085557713925, 1.686500000000004773 ) ) ;
#753 = VERTEX_POINT ( 'NONE', #1555 ) ;
#754 = CARTESIAN_POINT ( 'NONE',  ( 2.065366826762021463E-16, 1.573641085557713870, -1.686500000000008548 ) ) ;
#755 =( LENGTH_UNIT ( ) NAMED_UNIT ( * ) SI_UNIT ( .MILLI., .METRE. ) );
#756 = DIRECTION ( 'NONE',  ( -1.000000000000000000, 0.0000000000000000000, -1.224646799147353207E-16 ) ) ;
#757 = SURFACE_SIDE_STYLE ('',( #1081 ) ) ;
#758 = DIRECTION ( 'NONE',  ( 0.0000000000000000000, 1.000000000000000000, 0.0000000000000000000 ) ) ;
#759 = SURFACE_STYLE_FILL_AREA ( #3733 ) ;
#760 = COLOUR_RGB ( '',0.9098039215686274384, 0.4431372549019607643, 0.03137254901960784270 ) ;
#761 = DIRECTION ( 'NONE',  ( 1.224646799147351482E-16, 0.0000000000000000000, -1.000000000000000000 ) ) ;
#762 = SURFACE_STYLE_USAGE ( .BOTH. , #2903 ) ;
#763 = SURFACE_STYLE_USAGE ( .BOTH. , #1624 ) ;
#764 = ORIENTED_EDGE ( 'NONE', *, *, #2061, .F. ) ;
#765 = CARTESIAN_POINT ( 'NONE',  ( 2.220896970253730909E-16, 1.881641085557714810, -1.813500000000005219 ) ) ;
#766 = CARTESIAN_POINT ( 'NONE',  ( 3.627000000000000668, 2.860641085557713126, -1.813500000000000112 ) ) ;
#767 = CARTESIAN_POINT ( 'NONE',  ( -4.441793940507466748E-16, 1.591641085557714108, 1.813500000000006995 ) ) ;
#768 = SURFACE_STYLE_USAGE ( .BOTH. , #1542 ) ;
#769 = CARTESIAN_POINT ( 'NONE',  ( 3.627000000000015767, 1.446641085557714090, 1.813500000000008106 ) ) ;
#770 = STYLED_ITEM ( 'NONE', ( #2532 ), #4824 ) ;
#771 = CARTESIAN_POINT ( 'NONE',  ( -3.627000000000023761, 0.8666410855577141303, -1.813500000000012546 ) ) ;
#772 = LINE ( 'NONE', #68, #1764 ) ;
#773 = CARTESIAN_POINT ( 'NONE',  ( 0.0000000000000000000, 2.715641085557713108, 1.686500000000001664 ) ) ;
#774 = EDGE_CURVE ( 'NONE', #1086, #3223, #1687, .T. ) ;
#775 = ORIENTED_EDGE ( 'NONE', *, *, #1968, .F. ) ;
#776 = CARTESIAN_POINT ( 'NONE',  ( -0.3563541452757553185, 0.1334088382678249585, 2.386701210949498275 ) ) ;
#777 = CARTESIAN_POINT ( 'NONE',  ( 2.138244785219703736, 0.1333328641308009488, 1.118501660324589420 ) ) ;
#778 = CARTESIAN_POINT ( 'NONE',  ( 3.627000000000003332, 2.443641085557714643, 1.813500000000002332 ) ) ;
#779 = DIRECTION ( 'NONE',  ( 0.0000000000000000000, 1.000000000000000000, 0.0000000000000000000 ) ) ;
#780 =( LENGTH_UNIT ( ) NAMED_UNIT ( * ) SI_UNIT ( .MILLI., .METRE. ) );
#781 = DIRECTION ( 'NONE',  ( -1.776356839400250465E-15, 0.0000000000000000000, -1.000000000000000000 ) ) ;
#782 = EDGE_CURVE ( 'NONE', #4354, #2762, #1432, .T. ) ;
#783 = ORIENTED_EDGE ( 'NONE', *, *, #3632, .F. ) ;
#784 = ORIENTED_EDGE ( 'NONE', *, *, #4917, .T. ) ;
#785 = DIRECTION ( 'NONE',  ( 0.0000000000000000000, 0.0000000000000000000, 1.000000000000000000 ) ) ;
#786 = CARTESIAN_POINT ( 'NONE',  ( 2.143131898507873474E-16, 2.153641085557714163, -1.750000000000004441 ) ) ;
#787 = CLOSED_SHELL ( 'NONE', ( #4615, #4063, #3665, #3964 ) ) ;
#788 = ORIENTED_EDGE ( 'NONE', *, *, #4125, .F. ) ;
#789 = CARTESIAN_POINT ( 'NONE',  ( 4.059178187802285043E-17, 0.9000000000000001332, 2.449999999999999734 ) ) ;
#790 = CARTESIAN_POINT ( 'NONE',  ( 0.0000000000000000000, 1.863641085557713684, 1.750000000000006217 ) ) ;
#791 =( NAMED_UNIT ( * ) SI_UNIT ( $, .STERADIAN. ) SOLID_ANGLE_UNIT ( ) );
#792 = UNCERTAINTY_MEASURE_WITH_UNIT (LENGTH_MEASURE( 1.000000000000000082E-05 ), #4599, 'distance_accuracy_value', 'NONE');
#793 = CIRCLE ( 'NONE', #3351, 2.424871130596427893 ) ;
#794 = UNCERTAINTY_MEASURE_WITH_UNIT (LENGTH_MEASURE( 1.000000000000000082E-05 ), #2896, 'distance_accuracy_value', 'NONE');
#795 = CARTESIAN_POINT ( 'NONE',  ( 0.0000000000000000000, 0.9936410855577139101, 1.750000000000012434 ) ) ;
#796 =( GEOMETRIC_REPRESENTATION_CONTEXT ( 3 ) GLOBAL_UNCERTAINTY_ASSIGNED_CONTEXT ( ( #1550 ) ) GLOBAL_UNIT_ASSIGNED_CONTEXT ( ( #848, #3420, #1944 ) ) REPRESENTATION_CONTEXT ( 'NONE', 'WORKASPACE' ) );
#797 = ORIENTED_EDGE ( 'NONE', *, *, #4303, .F. ) ;
#798 = SURFACE_STYLE_USAGE ( .BOTH. , #2281 ) ;
#799 = CARTESIAN_POINT ( 'NONE',  ( 2.220896970253731402E-16, 2.008641085557714590, -1.813500000000005219 ) ) ;
#800 =( GEOMETRIC_REPRESENTATION_CONTEXT ( 3 ) GLOBAL_UNCERTAINTY_ASSIGNED_CONTEXT ( ( #3498 ) ) GLOBAL_UNIT_ASSIGNED_CONTEXT ( ( #1323, #3211, #2838 ) ) REPRESENTATION_CONTEXT ( 'NONE', 'WORKASPACE' ) );
#801 = ORIENTED_EDGE ( 'NONE', *, *, #4399, .F. ) ;
#802 = PRESENTATION_STYLE_ASSIGNMENT (( #2261 ) ) ;
#803 = AXIS2_PLACEMENT_3D ( 'NONE', #840, #1491, #812 ) ;
#804 = PLANE ( 'NONE',  #877 ) ;
#805 = PRESENTATION_STYLE_ASSIGNMENT (( #2797 ) ) ;
#806 = EDGE_CURVE ( 'NONE', #1899, #3034, #1763, .T. ) ;
#807 = SURFACE_SIDE_STYLE ('',( #1239 ) ) ;
#808 = VERTEX_POINT ( 'NONE', #1103 ) ;
#809 = PRESENTATION_STYLE_ASSIGNMENT (( #3105 ) ) ;
#810 = FILL_AREA_STYLE_COLOUR ( '', #70 ) ;
#811 = AXIS2_PLACEMENT_3D ( 'NONE', #2260, #982, #956 ) ;
#812 = DIRECTION ( 'NONE',  ( 1.224646799147351482E-16, 0.0000000000000000000, -1.000000000000000000 ) ) ;
#813 = CARTESIAN_POINT ( 'NONE',  ( 2.065366826762022696E-16, 1.428641085557713852, -1.686500000000009658 ) ) ;
#814 = CIRCLE ( 'NONE', #3374, 0.3500000000000000333 ) ;
#815 = ORIENTED_EDGE ( 'NONE', *, *, #3464, .F. ) ;
#816 = SURFACE_SIDE_STYLE ('',( #1201 ) ) ;
#817 = EDGE_CURVE ( 'NONE', #948, #4464, #1056, .T. ) ;
#818 = FACE_OUTER_BOUND ( 'NONE', #4596, .T. ) ;
#819 = MECHANICAL_DESIGN_GEOMETRIC_PRESENTATION_REPRESENTATION (  '', ( #3051 ), #1930 ) ;
#820 = CIRCLE ( 'NONE', #4663, 1.813500000000000112 ) ;
#821 = ORIENTED_EDGE ( 'NONE', *, *, #2849, .T. ) ;
#822 = CARTESIAN_POINT ( 'NONE',  ( 2.065366826762021463E-16, 1.446641085557714312, -1.686500000000008548 ) ) ;
#823 = CARTESIAN_POINT ( 'NONE',  ( 0.0000000000000000000, 0.2000000000066393113, 0.0000000000000000000 ) ) ;
#824 = AXIS2_PLACEMENT_3D ( 'NONE', #2152, #1010, #2547 ) ;
#825 = SURFACE_STYLE_FILL_AREA ( #1920 ) ;
#826 = EDGE_LOOP ( 'NONE', ( #1948, #4487, #2649, #495 ) ) ;
#827 = AXIS2_PLACEMENT_3D ( 'NONE', #2641, #2264, #2595 ) ;
#828 = FILL_AREA_STYLE_COLOUR ( '', #553 ) ;
#829 = CARTESIAN_POINT ( 'NONE',  ( 2.065366826762024175E-16, 1.156641085557714055, -1.686500000000010546 ) ) ;
#830 = CARTESIAN_POINT ( 'NONE',  ( -3.373000000000021092, 1.156641085557714055, -1.686500000000010990 ) ) ;
#831 = UNCERTAINTY_MEASURE_WITH_UNIT (LENGTH_MEASURE( 1.000000000000000082E-05 ), #991, 'distance_accuracy_value', 'NONE');
#832 = UNCERTAINTY_MEASURE_WITH_UNIT (LENGTH_MEASURE( 1.000000000000000082E-05 ), #2522, 'distance_accuracy_value', 'NONE');
#833 = CARTESIAN_POINT ( 'NONE',  ( 0.0000000000000000000, 0.9936410855577139101, 0.0000000000000000000 ) ) ;
#834 = STYLED_ITEM ( 'NONE', ( #3185 ), #3997 ) ;
#835 = VERTEX_POINT ( 'NONE', #1855 ) ;
#836 = DIRECTION ( 'NONE',  ( 0.0000000000000000000, 1.000000000000000000, 0.0000000000000000000 ) ) ;
#837 = FILL_AREA_STYLE ('',( #4275 ) ) ;
#838 = CARTESIAN_POINT ( 'NONE',  ( -4.441793940507450971E-16, 2.606641085557714455, 1.813500000000000334 ) ) ;
#839 = PRESENTATION_LAYER_ASSIGNMENT (  '', '', ( #1319 ) ) ;
#840 = CARTESIAN_POINT ( 'NONE',  ( 2.143131898507870763E-16, 2.443641085557714643, -1.750000000000002220 ) ) ;
#841 = SURFACE_SIDE_STYLE ('',( #433 ) ) ;
#842 = CARTESIAN_POINT ( 'NONE',  ( -3.627000000000012658, 1.990641085557713019, 1.813500000000005219 ) ) ;
#843 = COLOUR_RGB ( '',0.9098039215686274384, 0.4431372549019607643, 0.03137254901960784270 ) ;
#844 = EDGE_LOOP ( 'NONE', ( #2671, #2562, #4346, #4235 ) ) ;
#845 = CARTESIAN_POINT ( 'NONE',  ( -4.130733653524053281E-16, 0.9936410855577139101, 1.686500000000012545 ) ) ;
#846 = FILL_AREA_STYLE_COLOUR ( '', #4162 ) ;
#847 = FILL_AREA_STYLE ('',( #2731 ) ) ;
#848 =( LENGTH_UNIT ( ) NAMED_UNIT ( * ) SI_UNIT ( .MILLI., .METRE. ) );
#849 = PRESENTATION_LAYER_ASSIGNMENT (  '', '', ( #999 ) ) ;
#850 = EDGE_CURVE ( 'NONE', #1112, #3137, #3509, .T. ) ;
#851 = PRESENTATION_LAYER_ASSIGNMENT (  '', '', ( #1330 ) ) ;
#852 =( NAMED_UNIT ( * ) SI_UNIT ( $, .STERADIAN. ) SOLID_ANGLE_UNIT ( ) );
#853 = CARTESIAN_POINT ( 'NONE',  ( 0.3464101615137755719, 0.1999999999999999833, 2.400000000000000355 ) ) ;
#854 = CARTESIAN_POINT ( 'NONE',  ( 2.220896970253734853E-16, 1.573641085557713870, -1.813500000000008106 ) ) ;
#855 = CARTESIAN_POINT ( 'NONE',  ( 2.065366826762013082E-16, 2.588641085557713772, -1.686500000000001664 ) ) ;
#856 = ORIENTED_EDGE ( 'NONE', *, *, #719, .F. ) ;
#857 =( NAMED_UNIT ( * ) SI_UNIT ( $, .STERADIAN. ) SOLID_ANGLE_UNIT ( ) );
#858 = CARTESIAN_POINT ( 'NONE',  ( 3.627000000000004221, 2.570641085557713978, 1.813500000000002332 ) ) ;
#859 = CARTESIAN_POINT ( 'NONE',  ( 0.0000000000000000000, 3.500000000000000000, 0.0000000000000000000 ) ) ;
#860 = PRESENTATION_STYLE_ASSIGNMENT (( #4620 ) ) ;
#861 = CARTESIAN_POINT ( 'NONE',  ( 5.421010862427522170E-17, 0.0000000000000000000, 2.449999999999999734 ) ) ;
#862 = SURFACE_STYLE_USAGE ( .BOTH. , #3564 ) ;
#863 = DIRECTION ( 'NONE',  ( -1.000000000000000000, 0.0000000000000000000, -1.224646799147353207E-16 ) ) ;
#864 = FILL_AREA_STYLE ('',( #3815 ) ) ;
#865 = ORIENTED_EDGE ( 'NONE', *, *, #1576, .F. ) ;
#866 = FILL_AREA_STYLE ('',( #1656 ) ) ;
#867 =( NAMED_UNIT ( * ) PLANE_ANGLE_UNIT ( ) SI_UNIT ( $, .RADIAN. ) );
#868 = FILL_AREA_STYLE ('',( #1893 ) ) ;
#869 = EDGE_CURVE ( 'NONE', #438, #155, #2556, .T. ) ;
#870 = PRESENTATION_LAYER_ASSIGNMENT (  '', '', ( #223 ) ) ;
#871 = CARTESIAN_POINT ( 'NONE',  ( -3.373000000000001997, 2.588641085557713772, -1.686500000000001886 ) ) ;
#872 = DIRECTION ( 'NONE',  ( 0.0000000000000000000, 0.0000000000000000000, 1.000000000000000000 ) ) ;
#873 = CARTESIAN_POINT ( 'NONE',  ( -3.373000000000014875, 1.845641085557713446, 1.686500000000006771 ) ) ;
#874 = CLOSED_SHELL ( 'NONE', ( #2351, #73, #4858, #927 ) ) ;
#875 = EDGE_CURVE ( 'NONE', #2960, #4860, #3104, .T. ) ;
#876 = CARTESIAN_POINT ( 'NONE',  ( 0.0000000000000000000, 2.588641085557713772, 1.813500000000001000 ) ) ;
#877 = AXIS2_PLACEMENT_3D ( 'NONE', #2397, #2335, #1352 ) ;
#878 = PRESENTATION_LAYER_ASSIGNMENT (  '', '', ( #3025 ) ) ;
#879 = ORIENTED_EDGE ( 'NONE', *, *, #1511, .F. ) ;
#880 =( NAMED_UNIT ( * ) PLANE_ANGLE_UNIT ( ) SI_UNIT ( $, .RADIAN. ) );
#881 = FILL_AREA_STYLE ('',( #452 ) ) ;
#882 = CARTESIAN_POINT ( 'NONE',  ( -3.373000000000003773, 2.443641085557714643, -1.686500000000002553 ) ) ;
#883 = MECHANICAL_DESIGN_GEOMETRIC_PRESENTATION_REPRESENTATION (  '', ( #2495 ), #2568 ) ;
#884 = ORIENTED_EDGE ( 'NONE', *, *, #369, .T. ) ;
#885 =( LENGTH_UNIT ( ) NAMED_UNIT ( * ) SI_UNIT ( .MILLI., .METRE. ) );
#886 = CARTESIAN_POINT ( 'NONE',  ( -4.441793940507449985E-16, 2.733641085557713790, 1.813500000000000112 ) ) ;
#887 = CARTESIAN_POINT ( 'NONE',  ( 0.0000000000000000000, 0.0000000000000000000, 0.0000000000000000000 ) ) ;
#888 = CIRCLE ( 'NONE', #4888, 2.424871130596427893 ) ;
#889 = LINE ( 'NONE', #4724, #4372 ) ;
#890 =( BOUNDED_SURFACE ( )  B_SPLINE_SURFACE ( 3, 3, ( 
 ( #4510, #702, #2226, #323 ),
 ( #1975, #25, #4963, #4267 ),
 ( #2770, #858, #4617, #1188 ),
 ( #2693, #778, #3431, #4296 ) ),
 .UNSPECIFIED., .F., .F., .T. ) 
 B_SPLINE_SURFACE_WITH_KNOTS ( ( 4, 4 ),
 ( 4, 4 ),
 ( 0.0000000000000000000, 1.000000000000000000 ),
 ( 0.0000000000000000000, 1.000000000000000000 ),
 .UNSPECIFIED. ) 
 GEOMETRIC_REPRESENTATION_ITEM ( )  RATIONAL_B_SPLINE_SURFACE ( (
 ( 1.000000000000000000, 0.3333333333333334259, 0.3333333333333334259, 1.000000000000000000),
 ( 0.3333333333333333703, 0.1111111111111111605, 0.1111111111111111605, 0.3333333333333333703),
 ( 0.3333333333333333703, 0.1111111111111111605, 0.1111111111111111605, 0.3333333333333333703),
 ( 1.000000000000000000, 0.3333333333333334259, 0.3333333333333334259, 1.000000000000000000) ) ) 
 REPRESENTATION_ITEM ( '' )  SURFACE ( )  );
#891 = EDGE_LOOP ( 'NONE', ( #2394, #2935, #350, #856, #3171, #1670, #2375 ) ) ;
#892 = FILL_AREA_STYLE_COLOUR ( '', #4908 ) ;
#893 = MECHANICAL_DESIGN_GEOMETRIC_PRESENTATION_REPRESENTATION (  '', ( #1524 ), #2425 ) ;
#894 = DIRECTION ( 'NONE',  ( 0.0000000000000000000, 0.0000000000000000000, 1.000000000000000000 ) ) ;
#895 =( NAMED_UNIT ( * ) SI_UNIT ( $, .STERADIAN. ) SOLID_ANGLE_UNIT ( ) );
#896 = PLANE ( 'NONE',  #666 ) ;
#897 =( NAMED_UNIT ( * ) PLANE_ANGLE_UNIT ( ) SI_UNIT ( $, .RADIAN. ) );
#898 = ORIENTED_EDGE ( 'NONE', *, *, #3258, .F. ) ;
#899 = CARTESIAN_POINT ( 'NONE',  ( 2.220896970253737318E-16, 1.410641085557713836, -1.813500000000009882 ) ) ;
#900 = PRESENTATION_LAYER_ASSIGNMENT (  '', '', ( #3047 ) ) ;
#901 = CIRCLE ( 'NONE', #4107, 1.686500000000007438 ) ;
#902 = EDGE_CURVE ( 'NONE', #2823, #4763, #2665, .T. ) ;
#903 = EDGE_CURVE ( 'NONE', #4695, #3232, #1080, .T. ) ;
#904 = EDGE_LOOP ( 'NONE', ( #248, #2801, #4138, #2367 ) ) ;
#905 = CARTESIAN_POINT ( 'NONE',  ( 2.150000000000000355, 0.2000000000000000111, 0.6000000000000003109 ) ) ;
#906 = PRESENTATION_LAYER_ASSIGNMENT (  '', '', ( #4272 ) ) ;
#907 = COLOUR_RGB ( '',0.2509803921568627416, 0.2509803921568627416, 0.2509803921568627416 ) ;
#908 = CARTESIAN_POINT ( 'NONE',  ( 3.373000000000021092, 1.156641085557714055, 1.686500000000010768 ) ) ;
#909 = CARTESIAN_POINT ( 'NONE',  ( 2.220896970253727457E-16, 2.443641085557714643, -1.813500000000001888 ) ) ;
#910 = EDGE_CURVE ( 'NONE', #4265, #3065, #2405, .T. ) ;
#911 = PRESENTATION_LAYER_ASSIGNMENT (  '', '', ( #2758 ) ) ;
#912 = CARTESIAN_POINT ( 'NONE',  ( 0.0000000000000000000, 1.120641085557713579, 1.686500000000012989 ) ) ;
#913 = DIRECTION ( 'NONE',  ( 0.0000000000000000000, 1.000000000000000000, 0.0000000000000000000 ) ) ;
#914 = PRESENTATION_LAYER_ASSIGNMENT (  '', '', ( #4280 ) ) ;
#915 =( NAMED_UNIT ( * ) PLANE_ANGLE_UNIT ( ) SI_UNIT ( $, .RADIAN. ) );
#916 = ORIENTED_EDGE ( 'NONE', *, *, #3907, .F. ) ;
#917 = COLOUR_RGB ( '',0.2509803921568627416, 0.2509803921568627416, 0.2509803921568627416 ) ;
#918 = CARTESIAN_POINT ( 'NONE',  ( 0.0000000000000000000, 1.555641085557713632, 1.686500000000009658 ) ) ;
#919 = CARTESIAN_POINT ( 'NONE',  ( -0.3746197183059363778, 0.0000000000000000000, 2.360058396053836827 ) ) ;
#920 =( GEOMETRIC_REPRESENTATION_CONTEXT ( 3 ) GLOBAL_UNCERTAINTY_ASSIGNED_CONTEXT ( ( #1894 ) ) GLOBAL_UNIT_ASSIGNED_CONTEXT ( ( #4901, #1818, #2673 ) ) REPRESENTATION_CONTEXT ( 'NONE', 'WORKASPACE' ) );
#921 =( BOUNDED_SURFACE ( )  B_SPLINE_SURFACE ( 3, 3, ( 
 ( #1065, #710, #1440, #2942 ),
 ( #736, #353, #1888, #1110 ),
 ( #2272, #4873, #2965, #4147 ),
 ( #1037, #4928, #3338, #3765 ) ),
 .UNSPECIFIED., .F., .F., .T. ) 
 B_SPLINE_SURFACE_WITH_KNOTS ( ( 4, 4 ),
 ( 4, 4 ),
 ( 0.0000000000000000000, 1.000000000000000000 ),
 ( 0.0000000000000000000, 1.000000000000000000 ),
 .UNSPECIFIED. ) 
 GEOMETRIC_REPRESENTATION_ITEM ( )  RATIONAL_B_SPLINE_SURFACE ( (
 ( 1.000000000000000000, 0.3333333333333334259, 0.3333333333333334259, 1.000000000000000000),
 ( 0.3333333333333333703, 0.1111111111111111605, 0.1111111111111111605, 0.3333333333333333703),
 ( 0.3333333333333333703, 0.1111111111111111605, 0.1111111111111111605, 0.3333333333333333703),
 ( 1.000000000000000000, 0.3333333333333334259, 0.3333333333333334259, 1.000000000000000000) ) ) 
 REPRESENTATION_ITEM ( '' )  SURFACE ( )  );
#922 = SURFACE_SIDE_STYLE ('',( #2437 ) ) ;
#923 = ORIENTED_EDGE ( 'NONE', *, *, #2561, .T. ) ;
#924 = FILL_AREA_STYLE_COLOUR ( '', #4713 ) ;
#925 = CARTESIAN_POINT ( 'NONE',  ( -3.627000000000013546, 1.845641085557713446, 1.813500000000006329 ) ) ;
#926 = EDGE_LOOP ( 'NONE', ( #4176, #186, #587, #1144 ) ) ;
#927 = ADVANCED_FACE ( 'NONE', ( #322 ), #2792, .T. ) ;
#928 = CARTESIAN_POINT ( 'NONE',  ( -0.3464101615137743506, 0.1999999999999999833, -2.400000000000000355 ) ) ;
#929 = VERTEX_POINT ( 'NONE', #1956 ) ;
#930 = CARTESIAN_POINT ( 'NONE',  ( 3.627000000000017987, 1.301641085557714073, -1.813500000000008772 ) ) ;
#931 = CARTESIAN_POINT ( 'NONE',  ( -4.130733653524026656E-16, 2.715641085557713108, 1.686500000000001664 ) ) ;
#932 = APPLICATION_PROTOCOL_DEFINITION ( 'draft international standard', 'automotive_design', 1998, #1907 ) ;
#933 = ORIENTED_EDGE ( 'NONE', *, *, #3883, .T. ) ;
#934 = PRESENTATION_STYLE_ASSIGNMENT (( #1757 ) ) ;
#935 = CARTESIAN_POINT ( 'NONE',  ( -2.150000000000000355, 0.1999999999999999833, -1.121383074600289076 ) ) ;
#936 = SURFACE_STYLE_FILL_AREA ( #4384 ) ;
#937 = DIRECTION ( 'NONE',  ( -1.000000000000000000, 0.0000000000000000000, -1.224646799147353207E-16 ) ) ;
#938 =( NAMED_UNIT ( * ) PLANE_ANGLE_UNIT ( ) SI_UNIT ( $, .RADIAN. ) );
#939 = CARTESIAN_POINT ( 'NONE',  ( 2.065366826762023929E-16, 1.283641085557714057, -1.686500000000010546 ) ) ;
#940 = CARTESIAN_POINT ( 'NONE',  ( 3.373000000000017096, 1.700641085557713872, -1.686500000000008548 ) ) ;
#941 = VECTOR ( 'NONE', #4598, 1000.000000000000000 ) ;
#942 =( GEOMETRIC_REPRESENTATION_CONTEXT ( 3 ) GLOBAL_UNCERTAINTY_ASSIGNED_CONTEXT ( ( #4813 ) ) GLOBAL_UNIT_ASSIGNED_CONTEXT ( ( #1817, #4406, #306 ) ) REPRESENTATION_CONTEXT ( 'NONE', 'WORKASPACE' ) );
#943 = AXIS2_PLACEMENT_3D ( 'NONE', #372, #2774, #4589 ) ;
#944 = EDGE_LOOP ( 'NONE', ( #1626, #4651, #2479, #656, #651, #4220, #2845, #801, #2460 ) ) ;
#945 = PLANE ( 'NONE',  #117 ) ;
#946 = DIRECTION ( 'NONE',  ( 0.0000000000000000000, 0.0000000000000000000, 1.000000000000000000 ) ) ;
#947 = AXIS2_PLACEMENT_3D ( 'NONE', #4189, #4893, #1877 ) ;
#948 = VERTEX_POINT ( 'NONE', #2115 ) ;
#949 = STYLED_ITEM ( 'NONE', ( #76 ), #1023 ) ;
#950 = COLOUR_RGB ( '',0.9098039215686274384, 0.4431372549019607643, 0.03137254901960784270 ) ;
#951 = PRESENTATION_STYLE_ASSIGNMENT (( #976 ) ) ;
#952 = CARTESIAN_POINT ( 'NONE',  ( -3.627000000000007773, 2.153641085557714163, 1.813500000000003221 ) ) ;
#953 = PLANE ( 'NONE',  #2997 ) ;
#954 = STYLED_ITEM ( 'NONE', ( #4730 ), #1221 ) ;
#955 = VERTEX_POINT ( 'NONE', #2887 ) ;
#956 = DIRECTION ( 'NONE',  ( -1.776356839400250465E-15, 0.0000000000000000000, -1.000000000000000000 ) ) ;
#957 = DIRECTION ( 'NONE',  ( 1.000000000000000000, -0.0000000000000000000, 0.0000000000000000000 ) ) ;
#958 = CARTESIAN_POINT ( 'NONE',  ( 3.373000000000007770, 2.153641085557714163, -1.686500000000003885 ) ) ;
#959 =( GEOMETRIC_REPRESENTATION_CONTEXT ( 3 ) GLOBAL_UNCERTAINTY_ASSIGNED_CONTEXT ( ( #3091 ) ) GLOBAL_UNIT_ASSIGNED_CONTEXT ( ( #4648, #1220, #2752 ) ) REPRESENTATION_CONTEXT ( 'NONE', 'WORKASPACE' ) );
#960 = DIRECTION ( 'NONE',  ( 0.0000000000000000000, -0.1736481776669307198, 0.9848077530122080203 ) ) ;
#961 = VECTOR ( 'NONE', #4393, 1000.000000000000000 ) ;
#962 = FILL_AREA_STYLE ('',( #4409 ) ) ;
#963 = SURFACE_STYLE_USAGE ( .BOTH. , #2869 ) ;
#964 = SURFACE_STYLE_FILL_AREA ( #195 ) ;
#965 = SURFACE_STYLE_USAGE ( .BOTH. , #595 ) ;
#966 = FILL_AREA_STYLE ('',( #1760 ) ) ;
#967 = CARTESIAN_POINT ( 'NONE',  ( -3.627000000000021096, 1.265641085557713597, -1.813500000000012102 ) ) ;
#968 = FILL_AREA_STYLE ('',( #4414 ) ) ;
#969 = FILL_AREA_STYLE_COLOUR ( '', #3772 ) ;
#970 = CARTESIAN_POINT ( 'NONE',  ( -2.150000000000000355, 0.2000000000000000111, 1.121383074600289076 ) ) ;
#971 = UNCERTAINTY_MEASURE_WITH_UNIT (LENGTH_MEASURE( 1.000000000000000082E-05 ), #3288, 'distance_accuracy_value', 'NONE');
#972 = AXIS2_PLACEMENT_3D ( 'NONE', #1104, #299, #1831 ) ;
#973 =( NAMED_UNIT ( * ) PLANE_ANGLE_UNIT ( ) SI_UNIT ( $, .RADIAN. ) );
#974 = ORIENTED_EDGE ( 'NONE', *, *, #592, .F. ) ;
#975 =( GEOMETRIC_REPRESENTATION_CONTEXT ( 3 ) GLOBAL_UNCERTAINTY_ASSIGNED_CONTEXT ( ( #831 ) ) GLOBAL_UNIT_ASSIGNED_CONTEXT ( ( #991, #1325, #4831 ) ) REPRESENTATION_CONTEXT ( 'NONE', 'WORKASPACE' ) );
#976 = SURFACE_STYLE_USAGE ( .BOTH. , #4749 ) ;
#977 = SURFACE_SIDE_STYLE ('',( #226 ) ) ;
#978 = PRESENTATION_STYLE_ASSIGNMENT (( #4798 ) ) ;
#979 = SURFACE_STYLE_USAGE ( .BOTH. , #3257 ) ;
#980 = CIRCLE ( 'NONE', #3783, 2.424871130596427893 ) ;
#981 = ORIENTED_EDGE ( 'NONE', *, *, #566, .T. ) ;
#982 = DIRECTION ( 'NONE',  ( 0.0000000000000000000, 1.000000000000000000, 0.0000000000000000000 ) ) ;
#983 = PRESENTATION_STYLE_ASSIGNMENT (( #188 ) ) ;
#984 = FILL_AREA_STYLE ('',( #4492 ) ) ;
#985 = SURFACE_STYLE_FILL_AREA ( #4429 ) ;
#986 = DIRECTION ( 'NONE',  ( 0.0000000000000000000, 1.000000000000000000, 0.0000000000000000000 ) ) ;
#987 = SURFACE_SIDE_STYLE ('',( #3287 ) ) ;
#988 = UNCERTAINTY_MEASURE_WITH_UNIT (LENGTH_MEASURE( 1.000000000000000082E-05 ), #4660, 'distance_accuracy_value', 'NONE');
#989 = SURFACE_STYLE_USAGE ( .BOTH. , #1324 ) ;
#990 = MECHANICAL_DESIGN_GEOMETRIC_PRESENTATION_REPRESENTATION (  '', ( #4758 ), #3063 ) ;
#991 =( LENGTH_UNIT ( ) NAMED_UNIT ( * ) SI_UNIT ( .MILLI., .METRE. ) );
#992 = DIRECTION ( 'NONE',  ( 0.0000000000000000000, 0.0000000000000000000, 1.000000000000000000 ) ) ;
#993 = CARTESIAN_POINT ( 'NONE',  ( 2.220896970253729923E-16, 2.026641085557714828, -1.813500000000003887 ) ) ;
#994 = STYLED_ITEM ( 'NONE', ( #2270 ), #4063 ) ;
#995 = EDGE_CURVE ( 'NONE', #1938, #2767, #3260, .T. ) ;
#996 = DIRECTION ( 'NONE',  ( 0.0000000000000000000, 0.0000000000000000000, -1.000000000000000000 ) ) ;
#997 =( GEOMETRIC_REPRESENTATION_CONTEXT ( 3 ) GLOBAL_UNCERTAINTY_ASSIGNED_CONTEXT ( ( #2972 ) ) GLOBAL_UNIT_ASSIGNED_CONTEXT ( ( #4057, #4362, #2057 ) ) REPRESENTATION_CONTEXT ( 'NONE', 'WORKASPACE' ) );
#998 = CARTESIAN_POINT ( 'NONE',  ( 2.220896970253732881E-16, 1.863641085557713684, -1.813500000000006107 ) ) ;
#999 = STYLED_ITEM ( 'NONE', ( #3714 ), #4398 ) ;
#1000 = ORIENTED_EDGE ( 'NONE', *, *, #599, .F. ) ;
#1001 =( GEOMETRIC_REPRESENTATION_CONTEXT ( 3 ) GLOBAL_UNCERTAINTY_ASSIGNED_CONTEXT ( ( #3327 ) ) GLOBAL_UNIT_ASSIGNED_CONTEXT ( ( #2848, #127, #4389 ) ) REPRESENTATION_CONTEXT ( 'NONE', 'WORKASPACE' ) );
#1002 = SURFACE_SIDE_STYLE ('',( #1726 ) ) ;
#1003 = SURFACE_STYLE_FILL_AREA ( #4446 ) ;
#1004 = FACE_OUTER_BOUND ( 'NONE', #2878, .T. ) ;
#1005 = AXIS2_PLACEMENT_3D ( 'NONE', #1473, #1544, #41 ) ;
#1006 = ORIENTED_EDGE ( 'NONE', *, *, #4879, .F. ) ;
#1007 = SURFACE_SIDE_STYLE ('',( #3670 ) ) ;
#1008 = CARTESIAN_POINT ( 'NONE',  ( 3.627000000000007329, 2.153641085557714163, 1.813500000000003887 ) ) ;
#1009 =( NAMED_UNIT ( * ) SI_UNIT ( $, .STERADIAN. ) SOLID_ANGLE_UNIT ( ) );
#1010 = DIRECTION ( 'NONE',  ( -1.000000000000000000, 0.0000000000000000000, -1.224646799147353207E-16 ) ) ;
#1011 = CARTESIAN_POINT ( 'NONE',  ( 3.627000000000007773, 2.153641085557714163, -1.813500000000003665 ) ) ;
#1012 = CARTESIAN_POINT ( 'NONE',  ( -3.627000000000004665, 2.171641085557714401, -1.813500000000003887 ) ) ;
#1013 = DIRECTION ( 'NONE',  ( 0.0000000000000000000, 0.0000000000000000000, 1.000000000000000000 ) ) ;
#1014 = FILL_AREA_STYLE_COLOUR ( '', #2411 ) ;
#1015 = DIRECTION ( 'NONE',  ( -0.0000000000000000000, 1.000000000000000000, 0.0000000000000000000 ) ) ;
#1016 =( NAMED_UNIT ( * ) SI_UNIT ( $, .STERADIAN. ) SOLID_ANGLE_UNIT ( ) );
#1017 = ADVANCED_FACE ( 'NONE', ( #3247 ), #804, .T. ) ;
#1018 = CARTESIAN_POINT ( 'NONE',  ( 3.627000000000024205, 0.8666410855577141303, -1.813500000000012102 ) ) ;
#1019 = CARTESIAN_POINT ( 'NONE',  ( -3.373000000000001553, 2.860641085557713126, 1.686499999999999666 ) ) ;
#1020 = PRESENTATION_LAYER_ASSIGNMENT (  '', '', ( #4154 ) ) ;
#1021 = STYLED_ITEM ( 'NONE', ( #2846 ), #139 ) ;
#1022 = ORIENTED_EDGE ( 'NONE', *, *, #4768, .F. ) ;
#1023 = ADVANCED_FACE ( 'NONE', ( #3863 ), #1583, .T. ) ;
#1024 = FILL_AREA_STYLE_COLOUR ( '', #4718 ) ;
#1025 =( NAMED_UNIT ( * ) SI_UNIT ( $, .STERADIAN. ) SOLID_ANGLE_UNIT ( ) );
#1026 =( GEOMETRIC_REPRESENTATION_CONTEXT ( 3 ) GLOBAL_UNCERTAINTY_ASSIGNED_CONTEXT ( ( #3045 ) ) GLOBAL_UNIT_ASSIGNED_CONTEXT ( ( #4488, #1751, #180 ) ) REPRESENTATION_CONTEXT ( 'NONE', 'WORKASPACE' ) );
#1027 =( NAMED_UNIT ( * ) PLANE_ANGLE_UNIT ( ) SI_UNIT ( $, .RADIAN. ) );
#1028 = CARTESIAN_POINT ( 'NONE',  ( 0.0000000000000000000, 2.425641085557712628, 1.686500000000003663 ) ) ;
#1029 = CIRCLE ( 'NONE', #1590, 0.06349999999999975109 ) ;
#1030 = ORIENTED_EDGE ( 'NONE', *, *, #3566, .F. ) ;
#1031 = SURFACE_STYLE_FILL_AREA ( #2715 ) ;
#1032 = DIRECTION ( 'NONE',  ( 0.0000000000000000000, 1.000000000000000000, 0.0000000000000000000 ) ) ;
#1033 =( NAMED_UNIT ( * ) SI_UNIT ( $, .STERADIAN. ) SOLID_ANGLE_UNIT ( ) );
#1034 = CARTESIAN_POINT ( 'NONE',  ( 0.3657182036796577385, 0.06673286433705646892, -2.373385484235649656 ) ) ;
#1035 =( NAMED_UNIT ( * ) PLANE_ANGLE_UNIT ( ) SI_UNIT ( $, .RADIAN. ) );
#1036 = AXIS2_PLACEMENT_3D ( 'NONE', #3364, #2546, #635 ) ;
#1037 = CARTESIAN_POINT ( 'NONE',  ( 2.220896970253728937E-16, 2.298641085557713737, -1.813500000000002998 ) ) ;
#1038 = ORIENTED_EDGE ( 'NONE', *, *, #4683, .T. ) ;
#1039 =( NAMED_UNIT ( * ) SI_UNIT ( $, .STERADIAN. ) SOLID_ANGLE_UNIT ( ) );
#1040 = CARTESIAN_POINT ( 'NONE',  ( -2.150000000000000355, 3.500000000000000000, 0.0000000000000000000 ) ) ;
#1041 = CIRCLE ( 'NONE', #2959, 1.813500000000009660 ) ;
#1042 = CARTESIAN_POINT ( 'NONE',  ( -4.130733653524031094E-16, 2.171641085557714401, 1.686500000000003663 ) ) ;
#1043 = SURFACE_STYLE_USAGE ( .BOTH. , #640 ) ;
#1044 = UNCERTAINTY_MEASURE_WITH_UNIT (LENGTH_MEASURE( 1.000000000000000082E-05 ), #3066, 'distance_accuracy_value', 'NONE');
#1045 =( NAMED_UNIT ( * ) SI_UNIT ( $, .STERADIAN. ) SOLID_ANGLE_UNIT ( ) );
#1046 = CIRCLE ( 'NONE', #3763, 1.750000000000000000 ) ;
#1047 = EDGE_CURVE ( 'NONE', #2205, #3715, #4641, .T. ) ;
#1048 =( BOUNDED_SURFACE ( )  B_SPLINE_SURFACE ( 3, 3, ( 
 ( #4336, #2039, #1633, #4708 ),
 ( #1662, #2412, #3146, #2842 ),
 ( #2788, #3904, #3953, #1682 ),
 ( #2060, #871, #3575, #469 ) ),
 .UNSPECIFIED., .F., .F., .T. ) 
 B_SPLINE_SURFACE_WITH_KNOTS ( ( 4, 4 ),
 ( 4, 4 ),
 ( 0.0000000000000000000, 1.000000000000000000 ),
 ( 0.0000000000000000000, 1.000000000000000000 ),
 .UNSPECIFIED. ) 
 GEOMETRIC_REPRESENTATION_ITEM ( )  RATIONAL_B_SPLINE_SURFACE ( (
 ( 1.000000000000000000, 0.3333333333333334259, 0.3333333333333334259, 1.000000000000000000),
 ( 0.3333333333333333703, 0.1111111111111111605, 0.1111111111111111605, 0.3333333333333333703),
 ( 0.3333333333333333703, 0.1111111111111111605, 0.1111111111111111605, 0.3333333333333333703),
 ( 1.000000000000000000, 0.3333333333333334259, 0.3333333333333334259, 1.000000000000000000) ) ) 
 REPRESENTATION_ITEM ( '' )  SURFACE ( )  );
#1049 = AXIS2_PLACEMENT_3D ( 'NONE', #1067, #2575, #4806 ) ;
#1050 = CARTESIAN_POINT ( 'NONE',  ( -3.627000000000000668, 2.860641085557713126, 1.813499999999999224 ) ) ;
#1051 = ADVANCED_FACE ( 'NONE', ( #2158 ), #2928, .T. ) ;
#1052 = ADVANCED_FACE ( 'NONE', ( #2948 ), #4323, .T. ) ;
#1053 = ORIENTED_EDGE ( 'NONE', *, *, #749, .T. ) ;
#1054 = DIRECTION ( 'NONE',  ( 0.0000000000000000000, 0.0000000000000000000, 1.000000000000000000 ) ) ;
#1055 = CARTESIAN_POINT ( 'NONE',  ( -4.130733653524034052E-16, 2.280641085557713499, 1.686500000000004551 ) ) ;
#1056 = B_SPLINE_CURVE_WITH_KNOTS ( 'NONE', 3,
 ( #24, #777, #1528, #3453 ),
 .UNSPECIFIED., .F., .F.,
 ( 4, 4 ),
 ( 2.310856420492970715E-15, 0.0002032706364704613198 ),
 .UNSPECIFIED. ) ;
#1057 =( BOUNDED_SURFACE ( )  B_SPLINE_SURFACE ( 3, 3, ( 
 ( #2934, #4486, #3730, #4117 ),
 ( #2166, #222, #1019, #3751 ),
 ( #4089, #2955, #1050, #246 ),
 ( #1478, #2222, #4141, #3664 ) ),
 .UNSPECIFIED., .F., .F., .F. ) 
 B_SPLINE_SURFACE_WITH_KNOTS ( ( 4, 4 ),
 ( 4, 4 ),
 ( 0.0000000000000000000, 1.000000000000000000 ),
 ( 0.0000000000000000000, 1.000000000000000000 ),
 .UNSPECIFIED. ) 
 GEOMETRIC_REPRESENTATION_ITEM ( )  RATIONAL_B_SPLINE_SURFACE ( (
 ( 1.000000000000000000, 0.3333333333333334259, 0.3333333333333334259, 1.000000000000000000),
 ( 0.3333333333333333703, 0.1111111111111111605, 0.1111111111111111605, 0.3333333333333333703),
 ( 0.3333333333333333703, 0.1111111111111111605, 0.1111111111111111605, 0.3333333333333333703),
 ( 1.000000000000000000, 0.3333333333333334259, 0.3333333333333334259, 1.000000000000000000) ) ) 
 REPRESENTATION_ITEM ( '' )  SURFACE ( )  );
#1058 = EDGE_CURVE ( 'NONE', #1234, #3577, #388, .T. ) ;
#1059 = MECHANICAL_DESIGN_GEOMETRIC_PRESENTATION_REPRESENTATION (  '', ( #413 ), #1859 ) ;
#1060 = STYLED_ITEM ( 'NONE', ( #2082 ), #2843 ) ;
#1061 = ORIENTED_EDGE ( 'NONE', *, *, #2303, .T. ) ;
#1062 = SURFACE_SIDE_STYLE ('',( #4451 ) ) ;
#1063 = CYLINDRICAL_SURFACE ( 'NONE', #1843, 0.3500000000000000333 ) ;
#1064 = MECHANICAL_DESIGN_GEOMETRIC_PRESENTATION_REPRESENTATION (  '', ( #2591 ), #1464 ) ;
#1065 = CARTESIAN_POINT ( 'NONE',  ( 2.065366826762015300E-16, 2.298641085557713737, -1.686500000000003441 ) ) ;
#1066 = PRESENTATION_LAYER_ASSIGNMENT (  '', '', ( #2022 ) ) ;
#1067 = CARTESIAN_POINT ( 'NONE',  ( 2.143131898507883335E-16, 0.9936410855577139101, -1.750000000000012434 ) ) ;
#1068 = CIRCLE ( 'NONE', #3550, 2.424871130596427893 ) ;
#1069 = DIRECTION ( 'NONE',  ( 0.0000000000000000000, -0.0000000000000000000, 1.000000000000000000 ) ) ;
#1070 =( LENGTH_UNIT ( ) NAMED_UNIT ( * ) SI_UNIT ( .MILLI., .METRE. ) );
#1071 = PRESENTATION_LAYER_ASSIGNMENT (  '', '', ( #3793 ) ) ;
#1072 = PRESENTATION_LAYER_ASSIGNMENT (  '', '', ( #1632 ) ) ;
#1073 = SURFACE_STYLE_USAGE ( .BOTH. , #4859 ) ;
#1074 = PRESENTATION_STYLE_ASSIGNMENT (( #2969 ) ) ;
#1075 = CARTESIAN_POINT ( 'NONE',  ( 3.627000000000001112, 2.461641085557714881, 1.813500000000001000 ) ) ;
#1076 = PRESENTATION_LAYER_ASSIGNMENT (  '', '', ( #2103 ) ) ;
#1077 = DIRECTION ( 'NONE',  ( 1.224646799147355179E-16, 0.0000000000000000000, -1.000000000000000000 ) ) ;
#1078 =( BOUNDED_SURFACE ( )  B_SPLINE_SURFACE ( 3, 3, ( 
 ( #2743, #670, #4836, #1806 ),
 ( #2136, #4882, #4478, #3345 ),
 ( #2580, #967, #4109, #2531 ),
 ( #2189, #2116, #3248, #3321 ) ),
 .UNSPECIFIED., .F., .F., .T. ) 
 B_SPLINE_SURFACE_WITH_KNOTS ( ( 4, 4 ),
 ( 4, 4 ),
 ( 0.0000000000000000000, 1.000000000000000000 ),
 ( 0.0000000000000000000, 1.000000000000000000 ),
 .UNSPECIFIED. ) 
 GEOMETRIC_REPRESENTATION_ITEM ( )  RATIONAL_B_SPLINE_SURFACE ( (
 ( 1.000000000000000000, 0.3333333333333334259, 0.3333333333333334259, 1.000000000000000000),
 ( 0.3333333333333333703, 0.1111111111111111605, 0.1111111111111111605, 0.3333333333333333703),
 ( 0.3333333333333333703, 0.1111111111111111605, 0.1111111111111111605, 0.3333333333333333703),
 ( 1.000000000000000000, 0.3333333333333334259, 0.3333333333333334259, 1.000000000000000000) ) ) 
 REPRESENTATION_ITEM ( '' )  SURFACE ( )  );
#1079 = ORIENTED_EDGE ( 'NONE', *, *, #1681, .F. ) ;
#1080 = LINE ( 'NONE', #2637, #72 ) ;
#1081 = SURFACE_STYLE_FILL_AREA ( #2936 ) ;
#1082 = VECTOR ( 'NONE', #3026, 1000.000000000000000 ) ;
#1083 = PRESENTATION_STYLE_ASSIGNMENT (( #4241 ) ) ;
#1084 =( NAMED_UNIT ( * ) SI_UNIT ( $, .STERADIAN. ) SOLID_ANGLE_UNIT ( ) );
#1085 = CIRCLE ( 'NONE', #360, 1.813500000000006107 ) ;
#1086 = VERTEX_POINT ( 'NONE', #1598 ) ;
#1087 = SURFACE_STYLE_FILL_AREA ( #1168 ) ;
#1088 = EDGE_CURVE ( 'NONE', #1480, #2015, #156, .T. ) ;
#1089 = CARTESIAN_POINT ( 'NONE',  ( 0.0000000000000000000, 3.500000000000000000, 0.0000000000000000000 ) ) ;
#1090 = UNCERTAINTY_MEASURE_WITH_UNIT (LENGTH_MEASURE( 1.000000000000000082E-05 ), #4533, 'distance_accuracy_value', 'NONE');
#1091 = AXIS2_PLACEMENT_3D ( 'NONE', #3703, #271, #2191 ) ;
#1092 = DIRECTION ( 'NONE',  ( 0.0000000000000000000, 1.000000000000000000, 0.0000000000000000000 ) ) ;
#1093 = EDGE_LOOP ( 'NONE', ( #1000, #3029, #208, #3640 ) ) ;
#1094 = FILL_AREA_STYLE ('',( #1868 ) ) ;
#1095 = CARTESIAN_POINT ( 'NONE',  ( 2.150000000000000355, 0.2000000000000000111, 0.0000000000000000000 ) ) ;
#1096 =( NAMED_UNIT ( * ) SI_UNIT ( $, .STERADIAN. ) SOLID_ANGLE_UNIT ( ) );
#1097 = CARTESIAN_POINT ( 'NONE',  ( 3.373000000000015763, 1.573641085557713870, 1.686500000000008548 ) ) ;
#1098 = UNCERTAINTY_MEASURE_WITH_UNIT (LENGTH_MEASURE( 1.000000000000000082E-05 ), #210, 'distance_accuracy_value', 'NONE');
#1099 = ORIENTED_EDGE ( 'NONE', *, *, #4887, .T. ) ;
#1100 = SURFACE_SIDE_STYLE ('',( #724 ) ) ;
#1101 = FILL_AREA_STYLE ('',( #2123 ) ) ;
#1102 = EDGE_LOOP ( 'NONE', ( #3646, #602, #1917, #1304 ) ) ;
#1103 = CARTESIAN_POINT ( 'NONE',  ( 2.220896970253734853E-16, 1.573641085557713870, -1.813500000000008106 ) ) ;
#1104 = CARTESIAN_POINT ( 'NONE',  ( 4.059178187802285660E-17, 0.9000000000000001332, -2.449999999999999734 ) ) ;
#1105 = EDGE_CURVE ( 'NONE', #4300, #3544, #1993, .T. ) ;
#1106 = ORIENTED_EDGE ( 'NONE', *, *, #782, .T. ) ;
#1107 = B_SPLINE_CURVE_WITH_KNOTS ( 'NONE', 3,
 ( #4281, #3923, #1700, #2480 ),
 .UNSPECIFIED., .F., .F.,
 ( 4, 4 ),
 ( 2.641466060684565137E-16, 0.0002032706364725079683 ),
 .UNSPECIFIED. ) ;
#1108 = CIRCLE ( 'NONE', #3829, 1.813500000000002998 ) ;
#1109 = FACE_OUTER_BOUND ( 'NONE', #1417, .T. ) ;
#1110 = CARTESIAN_POINT ( 'NONE',  ( -4.130733653524031094E-16, 2.425641085557712628, 1.686500000000003663 ) ) ;
#1111 = STYLED_ITEM ( 'NONE', ( #298 ), #927 ) ;
#1112 = VERTEX_POINT ( 'NONE', #1570 ) ;
#1113 = PRESENTATION_STYLE_ASSIGNMENT (( #4543 ) ) ;
#1114 = DIRECTION ( 'NONE',  ( 0.0000000000000000000, 1.000000000000000000, 0.0000000000000000000 ) ) ;
#1115 = CARTESIAN_POINT ( 'NONE',  ( 0.0000000000000000000, 2.733641085557713790, 1.813500000000000112 ) ) ;
#1116 = COLOUR_RGB ( '',0.9098039215686274384, 0.4431372549019607643, 0.03137254901960784270 ) ;
#1117 = PRESENTATION_STYLE_ASSIGNMENT (( #1202 ) ) ;
#1118 = SURFACE_STYLE_FILL_AREA ( #411 ) ;
#1119 = DIRECTION ( 'NONE',  ( 0.0000000000000000000, 0.0000000000000000000, 1.000000000000000000 ) ) ;
#1120 = EDGE_CURVE ( 'NONE', #673, #2915, #92, .T. ) ;
#1121 = CIRCLE ( 'NONE', #4557, 0.06349999999999975109 ) ;
#1122 = CARTESIAN_POINT ( 'NONE',  ( 2.220896970253739783E-16, 0.9936410855577139101, -1.813500000000012102 ) ) ;
#1123 = EDGE_LOOP ( 'NONE', ( #3731, #4541, #1534, #1006 ) ) ;
#1124 =( NAMED_UNIT ( * ) SI_UNIT ( $, .STERADIAN. ) SOLID_ANGLE_UNIT ( ) );
#1125 = DIRECTION ( 'NONE',  ( 0.9848077530122080203, -0.1736481776669307198, -8.191525634889205083E-16 ) ) ;
#1126 = AXIS2_PLACEMENT_3D ( 'NONE', #2402, #3539, #2777 ) ;
#1127 = PRESENTATION_STYLE_ASSIGNMENT (( #3499 ) ) ;
#1128 = CIRCLE ( 'NONE', #1617, 1.686500000000000554 ) ;
#1129 = ORIENTED_EDGE ( 'NONE', *, *, #82, .T. ) ;
#1130 = FILL_AREA_STYLE ('',( #1504 ) ) ;
#1131 = DIRECTION ( 'NONE',  ( 0.0000000000000000000, 1.000000000000000000, 0.0000000000000000000 ) ) ;
#1132 = CARTESIAN_POINT ( 'NONE',  ( 4.059178187802285043E-17, 0.1999999999999999833, 2.449999999999999734 ) ) ;
#1133 = DIRECTION ( 'NONE',  ( 0.0000000000000000000, 0.0000000000000000000, 1.000000000000000000 ) ) ;
#1134 = CARTESIAN_POINT ( 'NONE',  ( -3.627000000000019764, 1.283641085557714057, 1.813500000000009216 ) ) ;
#1135 = FILL_AREA_STYLE_COLOUR ( '', #282 ) ;
#1136 = ORIENTED_EDGE ( 'NONE', *, *, #3278, .T. ) ;
#1137 = CARTESIAN_POINT ( 'NONE',  ( 0.0000000000000000000, 2.008641085557714590, 1.686500000000005661 ) ) ;
#1138 = PRESENTATION_STYLE_ASSIGNMENT (( #1461 ) ) ;
#1139 = FILL_AREA_STYLE ('',( #4925 ) ) ;
#1140 = LINE ( 'NONE', #1536, #3846 ) ;
#1141 = CARTESIAN_POINT ( 'NONE',  ( 3.373000000000010434, 2.008641085557714145, 1.686500000000005661 ) ) ;
#1142 = CARTESIAN_POINT ( 'NONE',  ( -3.627000000000011770, 1.863641085557713684, 1.813500000000005219 ) ) ;
#1143 = PRESENTATION_LAYER_ASSIGNMENT (  '', '', ( #2840 ) ) ;
#1144 = ORIENTED_EDGE ( 'NONE', *, *, #3195, .F. ) ;
#1145 = SURFACE_STYLE_FILL_AREA ( #1094 ) ;
#1146 = CARTESIAN_POINT ( 'NONE',  ( 0.0000000000000000000, 0.0000000000000000000, 0.0000000000000000000 ) ) ;
#1147 = CARTESIAN_POINT ( 'NONE',  ( 5.421010862427522170E-17, 0.0000000000000000000, 2.449999999999999734 ) ) ;
#1148 = SURFACE_STYLE_USAGE ( .BOTH. , #4571 ) ;
#1149 = FILL_AREA_STYLE_COLOUR ( '', #1116 ) ;
#1150 = PRODUCT_DEFINITION_SHAPE ( 'NONE', 'NONE',  #1510 ) ;
#1151 =( NAMED_UNIT ( * ) SI_UNIT ( $, .STERADIAN. ) SOLID_ANGLE_UNIT ( ) );
#1152 = COLOUR_RGB ( '',0.2509803921568627416, 0.2509803921568627416, 0.2509803921568627416 ) ;
#1153 = MECHANICAL_DESIGN_GEOMETRIC_PRESENTATION_REPRESENTATION (  '', ( #1311 ), #2175 ) ;
#1154 = CARTESIAN_POINT ( 'NONE',  ( -3.373000000000024645, 0.9936410855577139101, -1.686500000000013211 ) ) ;
#1155 = CARTESIAN_POINT ( 'NONE',  ( -4.441793940507469706E-16, 1.446641085557714312, 1.813500000000007883 ) ) ;
#1156 = CARTESIAN_POINT ( 'NONE',  ( 0.0000000000000000000, 2.588641085557713772, 1.813500000000001000 ) ) ;
#1157 =( NAMED_UNIT ( * ) PLANE_ANGLE_UNIT ( ) SI_UNIT ( $, .RADIAN. ) );
#1158 = VERTEX_POINT ( 'NONE', #4286 ) ;
#1159 = CARTESIAN_POINT ( 'NONE',  ( -4.441793940507469706E-16, 1.573641085557713870, 1.813500000000008106 ) ) ;
#1160 = DIRECTION ( 'NONE',  ( 0.0000000000000000000, -0.0000000000000000000, 1.000000000000000000 ) ) ;
#1161 = DIRECTION ( 'NONE',  ( -1.776356839400250465E-15, 0.0000000000000000000, -1.000000000000000000 ) ) ;
#1162 =( NAMED_UNIT ( * ) PLANE_ANGLE_UNIT ( ) SI_UNIT ( $, .RADIAN. ) );
#1163 = DIRECTION ( 'NONE',  ( 0.0000000000000000000, 0.0000000000000000000, 1.000000000000000000 ) ) ;
#1164 = AXIS2_PLACEMENT_3D ( 'NONE', #2802, #4623, #1169 ) ;
#1165 = DIRECTION ( 'NONE',  ( 0.0000000000000000000, 1.000000000000000000, 0.0000000000000000000 ) ) ;
#1166 = ORIENTED_EDGE ( 'NONE', *, *, #3442, .F. ) ;
#1167 =( GEOMETRIC_REPRESENTATION_CONTEXT ( 3 ) GLOBAL_UNCERTAINTY_ASSIGNED_CONTEXT ( ( #4045 ) ) GLOBAL_UNIT_ASSIGNED_CONTEXT ( ( #3795, #3739, #3010 ) ) REPRESENTATION_CONTEXT ( 'NONE', 'WORKASPACE' ) );
#1168 = FILL_AREA_STYLE ('',( #810 ) ) ;
#1169 = DIRECTION ( 'NONE',  ( 0.0000000000000000000, -0.0000000000000000000, 1.000000000000000000 ) ) ;
#1170 = DIRECTION ( 'NONE',  ( 1.224646799147355179E-16, 0.0000000000000000000, -1.000000000000000000 ) ) ;
#1171 = EDGE_LOOP ( 'NONE', ( #4930, #3097, #1407, #4228 ) ) ;
#1172 = CARTESIAN_POINT ( 'NONE',  ( -4.130733653524054267E-16, 1.120641085557713579, 1.686500000000012989 ) ) ;
#1173 = CARTESIAN_POINT ( 'NONE',  ( -2.150000000000000799, 3.500000000000000000, 1.121383074600288188 ) ) ;
#1174 = CARTESIAN_POINT ( 'NONE',  ( 2.065366826762011849E-16, 2.733641085557713790, -1.686500000000000554 ) ) ;
#1175 = AXIS2_PLACEMENT_3D ( 'NONE', #4161, #1607, #390 ) ;
#1176 = CARTESIAN_POINT ( 'NONE',  ( -3.627000000000012658, 1.718641085557713666, -1.813500000000007217 ) ) ;
#1177 = DIRECTION ( 'NONE',  ( 0.0000000000000000000, 0.0000000000000000000, -1.000000000000000000 ) ) ;
#1178 = B_SPLINE_CURVE_WITH_KNOTS ( 'NONE', 3,
 ( #2690, #4209, #776, #4237 ),
 .UNSPECIFIED., .F., .F.,
 ( 4, 4 ),
 ( 4.582330956020761832E-16, 0.0002058910168547907948 ),
 .UNSPECIFIED. ) ;
#1179 = CARTESIAN_POINT ( 'NONE',  ( -2.150000000000176215, 0.2000000000043127557, -1.121383074576236316 ) ) ;
#1180 = CARTESIAN_POINT ( 'NONE',  ( 0.0000000000000000000, 2.008641085557714590, 1.813500000000005219 ) ) ;
#1181 = CARTESIAN_POINT ( 'NONE',  ( 0.0000000000000000000, 2.733641085557713790, 1.686500000000000554 ) ) ;
#1182 = CARTESIAN_POINT ( 'NONE',  ( 0.0000000000000000000, 1.573641085557713870, 1.813500000000008106 ) ) ;
#1183 = ADVANCED_FACE ( 'NONE', ( #818 ), #2296, .T. ) ;
#1184 = ORIENTED_EDGE ( 'NONE', *, *, #436, .T. ) ;
#1185 = SURFACE_STYLE_FILL_AREA ( #3070 ) ;
#1186 = CARTESIAN_POINT ( 'NONE',  ( -4.441793940507476609E-16, 1.138641085557713817, 1.813500000000010992 ) ) ;
#1187 = DIRECTION ( 'NONE',  ( -0.0000000000000000000, -1.000000000000000000, -0.0000000000000000000 ) ) ;
#1188 = CARTESIAN_POINT ( 'NONE',  ( 2.220896970253727951E-16, 2.570641085557713978, -1.813500000000002332 ) ) ;
#1189 = SURFACE_STYLE_FILL_AREA ( #2717 ) ;
#1190 = FILL_AREA_STYLE_COLOUR ( '', #4915 ) ;
#1191 = UNCERTAINTY_MEASURE_WITH_UNIT (LENGTH_MEASURE( 1.000000000000000082E-05 ), #780, 'distance_accuracy_value', 'NONE');
#1192 = CARTESIAN_POINT ( 'NONE',  ( -0.3464101615137754608, 3.500000000000000000, 2.400000000000000355 ) ) ;
#1193 = ADVANCED_FACE ( 'NONE', ( #4546 ), #358, .T. ) ;
#1194 = CARTESIAN_POINT ( 'NONE',  ( -3.627000000000017987, 1.428641085557713852, 1.813500000000008328 ) ) ;
#1195 = CIRCLE ( 'NONE', #2883, 1.686500000000006549 ) ;
#1196 = DIRECTION ( 'NONE',  ( 0.0000000000000000000, 1.000000000000000000, 0.0000000000000000000 ) ) ;
#1197 = DIRECTION ( 'NONE',  ( -1.000000000000000000, 0.0000000000000000000, -1.224646799147353207E-16 ) ) ;
#1198 = PRESENTATION_LAYER_ASSIGNMENT (  '', '', ( #4231 ) ) ;
#1199 = CLOSED_SHELL ( 'NONE', ( #3806, #1183, #2420, #4574 ) ) ;
#1200 = ORIENTED_EDGE ( 'NONE', *, *, #2555, .T. ) ;
#1201 = SURFACE_STYLE_FILL_AREA ( #1597 ) ;
#1202 = SURFACE_STYLE_USAGE ( .BOTH. , #2386 ) ;
#1203 = AXIS2_PLACEMENT_3D ( 'NONE', #1901, #4616, #3430 ) ;
#1204 = MECHANICAL_DESIGN_GEOMETRIC_PRESENTATION_REPRESENTATION (  '', ( #3025 ), #386 ) ;
#1205 = UNCERTAINTY_MEASURE_WITH_UNIT (LENGTH_MEASURE( 1.000000000000000082E-05 ), #177, 'distance_accuracy_value', 'NONE');
#1206 = LINE ( 'NONE', #4604, #2203 ) ;
#1207 = CARTESIAN_POINT ( 'NONE',  ( 3.373000000000013099, 1.990641085557713019, -1.686500000000006549 ) ) ;
#1208 = CIRCLE ( 'NONE', #1434, 0.06349999999999975109 ) ;
#1209 = EDGE_CURVE ( 'NONE', #1216, #3148, #2891, .T. ) ;
#1210 = CARTESIAN_POINT ( 'NONE',  ( 3.627000000000001556, 2.715641085557713996, -1.813500000000000556 ) ) ;
#1211 = AXIS2_PLACEMENT_3D ( 'NONE', #1089, #4074, #3696 ) ;
#1212 = UNCERTAINTY_MEASURE_WITH_UNIT (LENGTH_MEASURE( 1.000000000000000082E-05 ), #29, 'distance_accuracy_value', 'NONE');
#1213 = CARTESIAN_POINT ( 'NONE',  ( 3.373000000000017096, 1.700641085557713872, 1.686500000000008770 ) ) ;
#1214 = EDGE_CURVE ( 'NONE', #255, #2960, #1439, .T. ) ;
#1215 = STYLED_ITEM ( 'NONE', ( #2371 ), #2048 ) ;
#1216 = VERTEX_POINT ( 'NONE', #1630 ) ;
#1217 =( LENGTH_UNIT ( ) NAMED_UNIT ( * ) SI_UNIT ( .MILLI., .METRE. ) );
#1218 = CARTESIAN_POINT ( 'NONE',  ( 2.220896970253735839E-16, 1.428641085557713852, -1.813500000000009216 ) ) ;
#1219 = MECHANICAL_DESIGN_GEOMETRIC_PRESENTATION_REPRESENTATION (  '', ( #4417 ), #3934 ) ;
#1220 =( NAMED_UNIT ( * ) PLANE_ANGLE_UNIT ( ) SI_UNIT ( $, .RADIAN. ) );
#1221 = ADVANCED_FACE ( 'NONE', ( #563 ), #3598, .T. ) ;
#1222 = CARTESIAN_POINT ( 'NONE',  ( 0.0000000000000000000, 0.1999999999999999833, 0.0000000000000000000 ) ) ;
#1223 = MECHANICAL_DESIGN_GEOMETRIC_PRESENTATION_REPRESENTATION (  '', ( #3047 ), #2338 ) ;
#1224 =( NAMED_UNIT ( * ) PLANE_ANGLE_UNIT ( ) SI_UNIT ( $, .RADIAN. ) );
#1225 = DIRECTION ( 'NONE',  ( 0.0000000000000000000, 0.0000000000000000000, 1.000000000000000000 ) ) ;
#1226 =( LENGTH_UNIT ( ) NAMED_UNIT ( * ) SI_UNIT ( .MILLI., .METRE. ) );
#1227 = PRESENTATION_LAYER_ASSIGNMENT (  '', '', ( #3376 ) ) ;
#1228 = FILL_AREA_STYLE ('',( #1737 ) ) ;
#1229 = CARTESIAN_POINT ( 'NONE',  ( 2.143131898507873474E-16, 2.153641085557714163, -1.686500000000004551 ) ) ;
#1230 = ORIENTED_EDGE ( 'NONE', *, *, #4035, .T. ) ;
#1231 = CARTESIAN_POINT ( 'NONE',  ( 3.373000000000002885, 2.461641085557714881, 1.686500000000001664 ) ) ;
#1232 =( GEOMETRIC_REPRESENTATION_CONTEXT ( 3 ) GLOBAL_UNCERTAINTY_ASSIGNED_CONTEXT ( ( #448 ) ) GLOBAL_UNIT_ASSIGNED_CONTEXT ( ( #755, #4468, #3809 ) ) REPRESENTATION_CONTEXT ( 'NONE', 'WORKASPACE' ) );
#1233 = AXIS2_PLACEMENT_3D ( 'NONE', #4194, #2295, #4872 ) ;
#1234 = VERTEX_POINT ( 'NONE', #1252 ) ;
#1235 = DIRECTION ( 'NONE',  ( -8.067077954237138078E-16, 1.422443498810457913E-16, -1.000000000000000000 ) ) ;
#1236 = CARTESIAN_POINT ( 'NONE',  ( 3.626999999999999336, 2.733641085557713790, 1.813500000000000334 ) ) ;
#1237 = PRESENTATION_LAYER_ASSIGNMENT (  '', '', ( #1800 ) ) ;
#1238 = CARTESIAN_POINT ( 'NONE',  ( 0.0000000000000000000, 1.573641085557713870, 1.813500000000008106 ) ) ;
#1239 = SURFACE_STYLE_FILL_AREA ( #1645 ) ;
#1240 = SURFACE_STYLE_FILL_AREA ( #4246 ) ;
#1241 = ORIENTED_EDGE ( 'NONE', *, *, #2392, .F. ) ;
#1242 = EDGE_CURVE ( 'NONE', #4645, #3577, #3028, .T. ) ;
#1243 = CARTESIAN_POINT ( 'NONE',  ( 3.373000000000018428, 1.428641085557713852, 1.686500000000009658 ) ) ;
#1244 = CARTESIAN_POINT ( 'NONE',  ( -3.373000000000001553, 2.606641085557714455, 1.686499999999999666 ) ) ;
#1245 = MECHANICAL_DESIGN_GEOMETRIC_PRESENTATION_REPRESENTATION (  '', ( #598 ), #920 ) ;
#1246 = CARTESIAN_POINT ( 'NONE',  ( 2.143131898507881856E-16, 1.138641085557713817, -1.750000000000011324 ) ) ;
#1247 = AXIS2_PLACEMENT_3D ( 'NONE', #1841, #3366, #1465 ) ;
#1248 =( BOUNDED_SURFACE ( )  B_SPLINE_SURFACE ( 3, 3, ( 
 ( #1667, #2446, #3961, #2253 ),
 ( #4503, #2219, #4439, #1872 ),
 ( #4912, #1403, #2557, #1782 ),
 ( #4461, #4084, #3727, #4861 ) ),
 .UNSPECIFIED., .F., .F., .T. ) 
 B_SPLINE_SURFACE_WITH_KNOTS ( ( 4, 4 ),
 ( 4, 4 ),
 ( 0.0000000000000000000, 1.000000000000000000 ),
 ( 0.0000000000000000000, 1.000000000000000000 ),
 .UNSPECIFIED. ) 
 GEOMETRIC_REPRESENTATION_ITEM ( )  RATIONAL_B_SPLINE_SURFACE ( (
 ( 1.000000000000000000, 0.3333333333333334259, 0.3333333333333334259, 1.000000000000000000),
 ( 0.3333333333333333703, 0.1111111111111111605, 0.1111111111111111605, 0.3333333333333333703),
 ( 0.3333333333333333703, 0.1111111111111111605, 0.1111111111111111605, 0.3333333333333333703),
 ( 1.000000000000000000, 0.3333333333333334259, 0.3333333333333334259, 1.000000000000000000) ) ) 
 REPRESENTATION_ITEM ( '' )  SURFACE ( )  );
#1249 = ORIENTED_EDGE ( 'NONE', *, *, #1395, .F. ) ;
#1250 = CARTESIAN_POINT ( 'NONE',  ( -3.373000000000024645, 0.9936410855577139101, -1.686500000000013211 ) ) ;
#1251 =( NAMED_UNIT ( * ) SI_UNIT ( $, .STERADIAN. ) SOLID_ANGLE_UNIT ( ) );
#1252 = CARTESIAN_POINT ( 'NONE',  ( 0.0000000000000000000, 1.863641085557713684, 1.686500000000006549 ) ) ;
#1253 = SURFACE_SIDE_STYLE ('',( #4287 ) ) ;
#1254 = UNCERTAINTY_MEASURE_WITH_UNIT (LENGTH_MEASURE( 1.000000000000000082E-05 ), #2707, 'distance_accuracy_value', 'NONE');
#1255 = FILL_AREA_STYLE_COLOUR ( '', #1260 ) ;
#1256 = SURFACE_STYLE_FILL_AREA ( #3190 ) ;
#1257 = SURFACE_STYLE_FILL_AREA ( #1573 ) ;
#1258 = CARTESIAN_POINT ( 'NONE',  ( 2.065366826762024175E-16, 1.410641085557713836, -1.686500000000010546 ) ) ;
#1259 = FILL_AREA_STYLE_COLOUR ( '', #3875 ) ;
#1260 = COLOUR_RGB ( '',0.7960784313725489669, 0.8235294117647058432, 0.9372549019607843146 ) ;
#1261 = ORIENTED_EDGE ( 'NONE', *, *, #2286, .F. ) ;
#1262 = SURFACE_STYLE_USAGE ( .BOTH. , #4692 ) ;
#1263 = CARTESIAN_POINT ( 'NONE',  ( -4.130733653524028136E-16, 2.316641085557714863, 1.686500000000002331 ) ) ;
#1264 = VERTEX_POINT ( 'NONE', #919 ) ;
#1265 = CARTESIAN_POINT ( 'NONE',  ( -4.130733653524023698E-16, 2.606641085557714455, 1.686500000000000332 ) ) ;
#1266 = DIRECTION ( 'NONE',  ( 0.0000000000000000000, 0.0000000000000000000, 1.000000000000000000 ) ) ;
#1267 = FILL_AREA_STYLE_COLOUR ( '', #2592 ) ;
#1268 = CARTESIAN_POINT ( 'NONE',  ( -3.627000000000001112, 2.588641085557713772, -1.813500000000001666 ) ) ;
#1269 = EDGE_LOOP ( 'NONE', ( #2953, #815, #4679, #3457 ) ) ;
#1270 = SURFACE_STYLE_FILL_AREA ( #866 ) ;
#1271 = CARTESIAN_POINT ( 'NONE',  ( 2.143131898507868544E-16, 2.733641085557713790, -1.686500000000000554 ) ) ;
#1272 = EDGE_CURVE ( 'NONE', #2015, #1480, #1608, .T. ) ;
#1273 = CARTESIAN_POINT ( 'NONE',  ( 0.0000000000000000000, 1.990641085557713463, 1.813500000000005885 ) ) ;
#1274 = ORIENTED_EDGE ( 'NONE', *, *, #566, .F. ) ;
#1275 = CARTESIAN_POINT ( 'NONE',  ( 3.373000000000021092, 1.410641085557713614, -1.686500000000010546 ) ) ;
#1276 = FILL_AREA_STYLE ('',( #1259 ) ) ;
#1277 = MECHANICAL_DESIGN_GEOMETRIC_PRESENTATION_REPRESENTATION (  '', ( #228 ), #1903 ) ;
#1278 = EDGE_CURVE ( 'NONE', #2418, #4260, #3521, .T. ) ;
#1279 = MECHANICAL_DESIGN_GEOMETRIC_PRESENTATION_REPRESENTATION (  '', ( #1601 ), #3679 ) ;
#1280 = ORIENTED_EDGE ( 'NONE', *, *, #4096, .F. ) ;
#1281 =( NAMED_UNIT ( * ) SI_UNIT ( $, .STERADIAN. ) SOLID_ANGLE_UNIT ( ) );
#1282 = CARTESIAN_POINT ( 'NONE',  ( 3.627000000000019764, 1.156641085557714055, 1.813500000000010104 ) ) ;
#1283 = CARTESIAN_POINT ( 'NONE',  ( 0.0000000000000000000, 1.718641085557713888, 1.813500000000006995 ) ) ;
#1284 = CIRCLE ( 'NONE', #3114, 0.06349999999999975109 ) ;
#1285 = ORIENTED_EDGE ( 'NONE', *, *, #1278, .T. ) ;
#1286 = FACE_OUTER_BOUND ( 'NONE', #4862, .T. ) ;
#1287 = CARTESIAN_POINT ( 'NONE',  ( -4.130733653524038489E-16, 1.863641085557713684, 1.686500000000006549 ) ) ;
#1288 = MECHANICAL_DESIGN_GEOMETRIC_PRESENTATION_REPRESENTATION (  '', ( #1526 ), #3931 ) ;
#1289 = DIRECTION ( 'NONE',  ( 0.0000000000000000000, -0.1736481776669307198, -0.9848077530122080203 ) ) ;
#1290 = ORIENTED_EDGE ( 'NONE', *, *, #3258, .T. ) ;
#1291 = CARTESIAN_POINT ( 'NONE',  ( 4.059178187802285043E-17, 3.500000000000000000, 2.449999999999999734 ) ) ;
#1292 = PRESENTATION_LAYER_ASSIGNMENT (  '', '', ( #94 ) ) ;
#1293 = CARTESIAN_POINT ( 'NONE',  ( 0.3746197183059365998, 0.0000000000000000000, 2.360058396053836383 ) ) ;
#1294 =( NAMED_UNIT ( * ) PLANE_ANGLE_UNIT ( ) SI_UNIT ( $, .RADIAN. ) );
#1295 =( GEOMETRIC_REPRESENTATION_CONTEXT ( 3 ) GLOBAL_UNCERTAINTY_ASSIGNED_CONTEXT ( ( #2130 ) ) GLOBAL_UNIT_ASSIGNED_CONTEXT ( ( #4139, #272, #340 ) ) REPRESENTATION_CONTEXT ( 'NONE', 'WORKASPACE' ) );
#1296 = CARTESIAN_POINT ( 'NONE',  ( 3.627000000000021984, 1.138641085557713817, -1.813500000000010548 ) ) ;
#1297 = CARTESIAN_POINT ( 'NONE',  ( -3.627000000000020208, 1.410641085557713614, 1.813500000000008994 ) ) ;
#1298 = SURFACE_STYLE_USAGE ( .BOTH. , #1605 ) ;
#1299 = EDGE_CURVE ( 'NONE', #3291, #753, #2081, .T. ) ;
#1300 = CIRCLE ( 'NONE', #2908, 0.06349999999999975109 ) ;
#1301 = SURFACE_SIDE_STYLE ('',( #1638 ) ) ;
#1302 = MECHANICAL_DESIGN_GEOMETRIC_PRESENTATION_REPRESENTATION (  '', ( #743 ), #975 ) ;
#1303 = AXIS2_PLACEMENT_3D ( 'NONE', #517, #3143, #3881 ) ;
#1304 = ORIENTED_EDGE ( 'NONE', *, *, #4457, .F. ) ;
#1305 = FILL_AREA_STYLE ('',( #969 ) ) ;
#1306 = CARTESIAN_POINT ( 'NONE',  ( 4.059178187802285660E-17, 3.500000000000000000, -2.449999999999999734 ) ) ;
#1307 = EDGE_CURVE ( 'NONE', #4169, #1712, #4410, .T. ) ;
#1308 =( GEOMETRIC_REPRESENTATION_CONTEXT ( 3 ) GLOBAL_UNCERTAINTY_ASSIGNED_CONTEXT ( ( #3956 ) ) GLOBAL_UNIT_ASSIGNED_CONTEXT ( ( #3241, #1701, #2523 ) ) REPRESENTATION_CONTEXT ( 'NONE', 'WORKASPACE' ) );
#1309 = MECHANICAL_DESIGN_GEOMETRIC_PRESENTATION_REPRESENTATION (  '', ( #4184 ), #4111 ) ;
#1310 = DIRECTION ( 'NONE',  ( 0.0000000000000000000, 0.0000000000000000000, -1.000000000000000000 ) ) ;
#1311 = STYLED_ITEM ( 'NONE', ( #636 ), #2850 ) ;
#1312 = ORIENTED_EDGE ( 'NONE', *, *, #4917, .F. ) ;
#1313 = FILL_AREA_STYLE_COLOUR ( '', #4348 ) ;
#1314 = DIRECTION ( 'NONE',  ( 0.0000000000000000000, 0.0000000000000000000, -1.000000000000000000 ) ) ;
#1315 = CARTESIAN_POINT ( 'NONE',  ( -4.441793940507471678E-16, 1.428641085557713852, 1.813500000000009216 ) ) ;
#1316 = STYLED_ITEM ( 'NONE', ( #2011 ), #3983 ) ;
#1317 = MECHANICAL_DESIGN_GEOMETRIC_PRESENTATION_REPRESENTATION (  '', ( #1468 ), #590 ) ;
#1318 = VERTEX_POINT ( 'NONE', #3314 ) ;
#1319 = STYLED_ITEM ( 'NONE', ( #4848 ), #4036 ) ;
#1320 = DIRECTION ( 'NONE',  ( -0.0000000000000000000, 0.0000000000000000000, -1.000000000000000000 ) ) ;
#1321 =( LENGTH_UNIT ( ) NAMED_UNIT ( * ) SI_UNIT ( .MILLI., .METRE. ) );
#1322 = CARTESIAN_POINT ( 'NONE',  ( 2.143131898507878405E-16, 1.573641085557713870, -1.686500000000008548 ) ) ;
#1323 =( LENGTH_UNIT ( ) NAMED_UNIT ( * ) SI_UNIT ( .MILLI., .METRE. ) );
#1324 = SURFACE_SIDE_STYLE ('',( #3951 ) ) ;
#1325 =( NAMED_UNIT ( * ) PLANE_ANGLE_UNIT ( ) SI_UNIT ( $, .RADIAN. ) );
#1326 = CARTESIAN_POINT ( 'NONE',  ( 0.0000000000000000000, 1.283641085557714057, 1.813500000000009882 ) ) ;
#1327 = CARTESIAN_POINT ( 'NONE',  ( 0.0000000000000000000, 1.138641085557713817, 0.0000000000000000000 ) ) ;
#1328 = AXIS2_PLACEMENT_3D ( 'NONE', #1615, #2697, #4191 ) ;
#1329 =( NAMED_UNIT ( * ) PLANE_ANGLE_UNIT ( ) SI_UNIT ( $, .RADIAN. ) );
#1330 = STYLED_ITEM ( 'NONE', ( #3985 ), #4707 ) ;
#1331 = EDGE_CURVE ( 'NONE', #835, #1515, #1801, .T. ) ;
#1332 = ORIENTED_EDGE ( 'NONE', *, *, #377, .F. ) ;
#1333 =( NAMED_UNIT ( * ) SI_UNIT ( $, .STERADIAN. ) SOLID_ANGLE_UNIT ( ) );
#1334 = CARTESIAN_POINT ( 'NONE',  ( 2.150000000000000355, 0.9000000000000001332, 1.121383074600289076 ) ) ;
#1335 = CARTESIAN_POINT ( 'NONE',  ( -3.373000000000003773, 2.443641085557714643, 1.686500000000001220 ) ) ;
#1336 = ADVANCED_FACE ( 'NONE', ( #235 ), #4871, .T. ) ;
#1337 = ORIENTED_EDGE ( 'NONE', *, *, #902, .F. ) ;
#1338 = CARTESIAN_POINT ( 'NONE',  ( 0.0000000000000000000, 1.591641085557714108, 1.686500000000007660 ) ) ;
#1339 = CARTESIAN_POINT ( 'NONE',  ( 0.0000000000000000000, 0.1999999999999999833, 0.0000000000000000000 ) ) ;
#1340 = DIRECTION ( 'NONE',  ( 0.0000000000000000000, 1.000000000000000000, 0.0000000000000000000 ) ) ;
#1341 = SURFACE_STYLE_USAGE ( .BOTH. , #3973 ) ;
#1342 = EDGE_CURVE ( 'NONE', #2418, #4710, #4009, .T. ) ;
#1343 = ORIENTED_EDGE ( 'NONE', *, *, #1539, .F. ) ;
#1344 =( NAMED_UNIT ( * ) SI_UNIT ( $, .STERADIAN. ) SOLID_ANGLE_UNIT ( ) );
#1345 = FACE_OUTER_BOUND ( 'NONE', #364, .T. ) ;
#1346 = CARTESIAN_POINT ( 'NONE',  ( 0.0000000000000000000, 1.718641085557713888, 0.0000000000000000000 ) ) ;
#1347 = DIRECTION ( 'NONE',  ( 0.0000000000000000000, 1.000000000000000000, 0.0000000000000000000 ) ) ;
#1348 = FILL_AREA_STYLE_COLOUR ( '', #2443 ) ;
#1349 = CARTESIAN_POINT ( 'NONE',  ( 0.0000000000000000000, 2.280641085557713499, 1.686500000000004551 ) ) ;
#1350 = FILL_AREA_STYLE ('',( #3597 ) ) ;
#1351 = CARTESIAN_POINT ( 'NONE',  ( 2.220896970253737318E-16, 1.410641085557713836, -1.813500000000009882 ) ) ;
#1352 = DIRECTION ( 'NONE',  ( 0.0000000000000000000, -0.0000000000000000000, 1.000000000000000000 ) ) ;
#1353 = CONICAL_SURFACE ( 'NONE', #542, 2.424871130585870560, 0.1745329251648975732 ) ;
#1354 = UNCERTAINTY_MEASURE_WITH_UNIT (LENGTH_MEASURE( 1.000000000000000082E-05 ), #2505, 'distance_accuracy_value', 'NONE');
#1355 = FACE_OUTER_BOUND ( 'NONE', #4369, .T. ) ;
#1356 = CARTESIAN_POINT ( 'NONE',  ( 3.627000000000023761, 0.9936410855577139101, 1.813500000000012324 ) ) ;
#1357 = CARTESIAN_POINT ( 'NONE',  ( -3.627000000000003332, 2.443641085557714643, -1.813500000000002332 ) ) ;
#1358 = AXIS2_PLACEMENT_3D ( 'NONE', #4224, #3851, #383 ) ;
#1359 = AXIS2_PLACEMENT_3D ( 'NONE', #4307, #2054, #3592 ) ;
#1360 = EDGE_CURVE ( 'NONE', #1158, #1899, #3272, .T. ) ;
#1361 = FILL_AREA_STYLE_COLOUR ( '', #112 ) ;
#1362 = FILL_AREA_STYLE ('',( #2052 ) ) ;
#1363 = UNCERTAINTY_MEASURE_WITH_UNIT (LENGTH_MEASURE( 1.000000000000000082E-05 ), #2241, 'distance_accuracy_value', 'NONE');
#1364 =( GEOMETRIC_REPRESENTATION_CONTEXT ( 3 ) GLOBAL_UNCERTAINTY_ASSIGNED_CONTEXT ( ( #336 ) ) GLOBAL_UNIT_ASSIGNED_CONTEXT ( ( #4493, #307, #1009 ) ) REPRESENTATION_CONTEXT ( 'NONE', 'WORKASPACE' ) );
#1365 = VERTEX_POINT ( 'NONE', #1391 ) ;
#1366 = CARTESIAN_POINT ( 'NONE',  ( -2.150000000000000355, 0.9000000000000001332, -1.121383074600289076 ) ) ;
#1367 = FILL_AREA_STYLE_COLOUR ( '', #2282 ) ;
#1368 = MECHANICAL_DESIGN_GEOMETRIC_PRESENTATION_REPRESENTATION (  '', ( #395 ), #639 ) ;
#1369 = DIRECTION ( 'NONE',  ( 0.0000000000000000000, 0.0000000000000000000, 1.000000000000000000 ) ) ;
#1370 = FACE_OUTER_BOUND ( 'NONE', #3861, .T. ) ;
#1371 = CARTESIAN_POINT ( 'NONE',  ( 2.220896970253730416E-16, 2.153641085557714163, -1.813500000000004109 ) ) ;
#1372 = MECHANICAL_DESIGN_GEOMETRIC_PRESENTATION_REPRESENTATION (  '', ( #4966 ), #320 ) ;
#1373 = SURFACE_STYLE_FILL_AREA ( #1350 ) ;
#1374 = CARTESIAN_POINT ( 'NONE',  ( -0.3464101615137750168, 3.500000000000000000, -2.399999999999999911 ) ) ;
#1375 = FILL_AREA_STYLE ('',( #3600 ) ) ;
#1376 =( NAMED_UNIT ( * ) SI_UNIT ( $, .STERADIAN. ) SOLID_ANGLE_UNIT ( ) );
#1377 = AXIS2_PLACEMENT_3D ( 'NONE', #3617, #3780, #4054 ) ;
#1378 = PRESENTATION_LAYER_ASSIGNMENT (  '', '', ( #12 ) ) ;
#1379 = FILL_AREA_STYLE ('',( #3325 ) ) ;
#1380 = DIRECTION ( 'NONE',  ( -1.000000000000000000, 0.0000000000000000000, -1.224646799147353207E-16 ) ) ;
#1381 = UNCERTAINTY_MEASURE_WITH_UNIT (LENGTH_MEASURE( 1.000000000000000082E-05 ), #2141, 'distance_accuracy_value', 'NONE');
#1382 = PRESENTATION_LAYER_ASSIGNMENT (  '', '', ( #2266 ) ) ;
#1383 = AXIS2_PLACEMENT_3D ( 'NONE', #1471, #4684, #2785 ) ;
#1384 = CARTESIAN_POINT ( 'NONE',  ( 2.220896970253735839E-16, 1.555641085557713632, -1.813500000000009216 ) ) ;
#1385 = MECHANICAL_DESIGN_GEOMETRIC_PRESENTATION_REPRESENTATION (  '', ( #4272 ), #1308 ) ;
#1386 = EDGE_CURVE ( 'NONE', #4580, #2705, #1840, .T. ) ;
#1387 = ORIENTED_EDGE ( 'NONE', *, *, #249, .F. ) ;
#1388 = DIRECTION ( 'NONE',  ( 0.0000000000000000000, 1.000000000000000000, 0.0000000000000000000 ) ) ;
#1389 = DIRECTION ( 'NONE',  ( -0.0000000000000000000, 1.000000000000000000, 0.0000000000000000000 ) ) ;
#1390 =( GEOMETRIC_REPRESENTATION_CONTEXT ( 3 ) GLOBAL_UNCERTAINTY_ASSIGNED_CONTEXT ( ( #1191 ) ) GLOBAL_UNIT_ASSIGNED_CONTEXT ( ( #780, #3101, #3866 ) ) REPRESENTATION_CONTEXT ( 'NONE', 'WORKASPACE' ) );
#1391 = CARTESIAN_POINT ( 'NONE',  ( 2.220896970253736825E-16, 1.283641085557714057, -1.813500000000009882 ) ) ;
#1392 = CARTESIAN_POINT ( 'NONE',  ( 4.059178187802285043E-17, 3.500000000000000000, 2.449999999999999734 ) ) ;
#1393 = CARTESIAN_POINT ( 'NONE',  ( 0.0000000000000000000, 2.280641085557713499, 1.813500000000003887 ) ) ;
#1394 = VECTOR ( 'NONE', #2529, 1000.000000000000000 ) ;
#1395 = EDGE_CURVE ( 'NONE', #3207, #47, #2238, .T. ) ;
#1396 = ORIENTED_EDGE ( 'NONE', *, *, #2256, .F. ) ;
#1397 =( NAMED_UNIT ( * ) PLANE_ANGLE_UNIT ( ) SI_UNIT ( $, .RADIAN. ) );
#1398 =( LENGTH_UNIT ( ) NAMED_UNIT ( * ) SI_UNIT ( .MILLI., .METRE. ) );
#1399 =( GEOMETRIC_REPRESENTATION_CONTEXT ( 3 ) GLOBAL_UNCERTAINTY_ASSIGNED_CONTEXT ( ( #3800 ) ) GLOBAL_UNIT_ASSIGNED_CONTEXT ( ( #3210, #3031, #1033 ) ) REPRESENTATION_CONTEXT ( 'NONE', 'WORKASPACE' ) );
#1400 = CARTESIAN_POINT ( 'NONE',  ( 0.0000000000000000000, 1.863641085557713684, 0.0000000000000000000 ) ) ;
#1401 = MECHANICAL_DESIGN_GEOMETRIC_PRESENTATION_REPRESENTATION (  '', ( #3559 ), #3720 ) ;
#1402 =( BOUNDED_SURFACE ( )  B_SPLINE_SURFACE ( 3, 3, ( 
 ( #813, #2125, #628, #4777 ),
 ( #4052, #227, #2476, #4820 ),
 ( #1384, #4025, #1753, #2863 ),
 ( #2918, #3236, #3614, #1315 ) ),
 .UNSPECIFIED., .F., .F., .T. ) 
 B_SPLINE_SURFACE_WITH_KNOTS ( ( 4, 4 ),
 ( 4, 4 ),
 ( 0.0000000000000000000, 1.000000000000000000 ),
 ( 0.0000000000000000000, 1.000000000000000000 ),
 .UNSPECIFIED. ) 
 GEOMETRIC_REPRESENTATION_ITEM ( )  RATIONAL_B_SPLINE_SURFACE ( (
 ( 1.000000000000000000, 0.3333333333333334259, 0.3333333333333334259, 1.000000000000000000),
 ( 0.3333333333333333703, 0.1111111111111111605, 0.1111111111111111605, 0.3333333333333333703),
 ( 0.3333333333333333703, 0.1111111111111111605, 0.1111111111111111605, 0.3333333333333333703),
 ( 1.000000000000000000, 0.3333333333333334259, 0.3333333333333334259, 1.000000000000000000) ) ) 
 REPRESENTATION_ITEM ( '' )  SURFACE ( )  );
#1403 = CARTESIAN_POINT ( 'NONE',  ( 3.373000000000006438, 2.171641085557714401, 1.686500000000003663 ) ) ;
#1404 = CARTESIAN_POINT ( 'NONE',  ( 3.373000000000025089, 0.8666410855577141303, 1.686500000000012767 ) ) ;
#1405 = CIRCLE ( 'NONE', #3470, 0.06349999999999975109 ) ;
#1406 = PRESENTATION_STYLE_ASSIGNMENT (( #4443 ) ) ;
#1407 = ORIENTED_EDGE ( 'NONE', *, *, #4458, .T. ) ;
#1408 =( GEOMETRIC_REPRESENTATION_CONTEXT ( 3 ) GLOBAL_UNCERTAINTY_ASSIGNED_CONTEXT ( ( #4088 ) ) GLOBAL_UNIT_ASSIGNED_CONTEXT ( ( #699, #1427, #2914 ) ) REPRESENTATION_CONTEXT ( 'NONE', 'WORKASPACE' ) );
#1409 = DIRECTION ( 'NONE',  ( 0.0000000000000000000, 0.0000000000000000000, -1.000000000000000000 ) ) ;
#1410 = CARTESIAN_POINT ( 'NONE',  ( 2.065366826762017026E-16, 2.280641085557713499, -1.686500000000004551 ) ) ;
#1411 = CARTESIAN_POINT ( 'NONE',  ( -3.373000000000005105, 2.570641085557713978, 1.686500000000001442 ) ) ;
#1412 = EDGE_LOOP ( 'NONE', ( #4794, #83, #933, #1595 ) ) ;
#1413 = CARTESIAN_POINT ( 'NONE',  ( 3.627000000000008217, 2.026641085557714828, 1.813500000000004331 ) ) ;
#1414 = CARTESIAN_POINT ( 'NONE',  ( 0.3464101615193482808, 0.2000000000067870543, -2.399999999988554844 ) ) ;
#1415 = EDGE_CURVE ( 'NONE', #4375, #1547, #1121, .T. ) ;
#1416 = CARTESIAN_POINT ( 'NONE',  ( 3.627000000000010438, 2.135641085557713925, -1.813500000000004997 ) ) ;
#1417 = EDGE_LOOP ( 'NONE', ( #419, #488, #3791, #1842 ) ) ;
#1418 = CARTESIAN_POINT ( 'NONE',  ( 5.421010862427522170E-17, 0.2000000000066393113, 2.099999999992823163 ) ) ;
#1419 = DIRECTION ( 'NONE',  ( 1.224646799147351482E-16, 0.0000000000000000000, -1.000000000000000000 ) ) ;
#1420 =( LENGTH_UNIT ( ) NAMED_UNIT ( * ) SI_UNIT ( .MILLI., .METRE. ) );
#1421 = EDGE_CURVE ( 'NONE', #277, #1884, #518, .T. ) ;
#1422 = EDGE_CURVE ( 'NONE', #3311, #4860, #240, .T. ) ;
#1423 = ORIENTED_EDGE ( 'NONE', *, *, #3252, .T. ) ;
#1424 = FILL_AREA_STYLE ('',( #646 ) ) ;
#1425 = SURFACE_STYLE_FILL_AREA ( #2585 ) ;
#1426 = EDGE_CURVE ( 'NONE', #955, #1158, #2603, .T. ) ;
#1427 =( NAMED_UNIT ( * ) PLANE_ANGLE_UNIT ( ) SI_UNIT ( $, .RADIAN. ) );
#1428 = AXIS2_PLACEMENT_3D ( 'NONE', #4471, #657, #633 ) ;
#1429 =( BOUNDED_SURFACE ( )  B_SPLINE_SURFACE ( 3, 3, ( 
 ( #2623, #638, #3697, #264 ),
 ( #4539, #3316, #289, #1821 ),
 ( #661, #4174, #1416, #4473 ),
 ( #4128, #689, #2210, #309 ) ),
 .UNSPECIFIED., .F., .F., .T. ) 
 B_SPLINE_SURFACE_WITH_KNOTS ( ( 4, 4 ),
 ( 4, 4 ),
 ( 0.0000000000000000000, 1.000000000000000000 ),
 ( 0.0000000000000000000, 1.000000000000000000 ),
 .UNSPECIFIED. ) 
 GEOMETRIC_REPRESENTATION_ITEM ( )  RATIONAL_B_SPLINE_SURFACE ( (
 ( 1.000000000000000000, 0.3333333333333334259, 0.3333333333333334259, 1.000000000000000000),
 ( 0.3333333333333333703, 0.1111111111111111605, 0.1111111111111111605, 0.3333333333333333703),
 ( 0.3333333333333333703, 0.1111111111111111605, 0.1111111111111111605, 0.3333333333333333703),
 ( 1.000000000000000000, 0.3333333333333334259, 0.3333333333333334259, 1.000000000000000000) ) ) 
 REPRESENTATION_ITEM ( '' )  SURFACE ( )  );
#1430 = VERTEX_POINT ( 'NONE', #212 ) ;
#1431 = FACE_OUTER_BOUND ( 'NONE', #1171, .T. ) ;
#1432 = CIRCLE ( 'NONE', #3426, 0.06349999999999975109 ) ;
#1433 = STYLED_ITEM ( 'NONE', ( #2135 ), #1052 ) ;
#1434 = AXIS2_PLACEMENT_3D ( 'NONE', #695, #2214, #1469 ) ;
#1435 = EDGE_LOOP ( 'NONE', ( #3610, #1852, #4102, #3119, #4621, #4021, #632, #3561, #152 ) ) ;
#1436 = PRESENTATION_STYLE_ASSIGNMENT (( #1797 ) ) ;
#1437 = SURFACE_SIDE_STYLE ('',( #3762 ) ) ;
#1438 = DIRECTION ( 'NONE',  ( 0.0000000000000000000, 1.000000000000000000, 0.0000000000000000000 ) ) ;
#1439 = CIRCLE ( 'NONE', #4808, 1.686500000000002553 ) ;
#1440 = CARTESIAN_POINT ( 'NONE',  ( -3.373000000000006438, 2.298641085557713737, 1.686500000000002553 ) ) ;
#1441 = EDGE_LOOP ( 'NONE', ( #579, #3754, #2808, #2956 ) ) ;
#1442 = CIRCLE ( 'NONE', #487, 2.424871130596427893 ) ;
#1443 = PRESENTATION_STYLE_ASSIGNMENT (( #667 ) ) ;
#1444 = SURFACE_STYLE_USAGE ( .BOTH. , #4878 ) ;
#1445 = DIRECTION ( 'NONE',  ( -0.0000000000000000000, -1.000000000000000000, -0.0000000000000000000 ) ) ;
#1446 = UNCERTAINTY_MEASURE_WITH_UNIT (LENGTH_MEASURE( 1.000000000000000082E-05 ), #3165, 'distance_accuracy_value', 'NONE');
#1447 = CARTESIAN_POINT ( 'NONE',  ( -2.150000000000000799, 3.500000000000000000, 1.121383074600288632 ) ) ;
#1448 = AXIS2_PLACEMENT_3D ( 'NONE', #1880, #2640, #4964 ) ;
#1449 = ADVANCED_FACE ( 'NONE', ( #3718 ), #1063, .F. ) ;
#1450 = SURFACE_STYLE_FILL_AREA ( #672 ) ;
#1451 = CARTESIAN_POINT ( 'NONE',  ( 3.627000000000002000, 2.588641085557713772, -1.813500000000001000 ) ) ;
#1452 = MECHANICAL_DESIGN_GEOMETRIC_PRESENTATION_REPRESENTATION (  '', ( #2573 ), #4816 ) ;
#1453 = EDGE_CURVE ( 'NONE', #2767, #277, #4333, .T. ) ;
#1454 = ORIENTED_EDGE ( 'NONE', *, *, #3811, .F. ) ;
#1455 = SURFACE_STYLE_FILL_AREA ( #3732 ) ;
#1456 =( NAMED_UNIT ( * ) PLANE_ANGLE_UNIT ( ) SI_UNIT ( $, .RADIAN. ) );
#1457 = DIRECTION ( 'NONE',  ( 0.0000000000000000000, -0.0000000000000000000, 1.000000000000000000 ) ) ;
#1458 = VECTOR ( 'NONE', #2298, 1000.000000000000000 ) ;
#1459 = PRESENTATION_LAYER_ASSIGNMENT (  '', '', ( #3379 ) ) ;
#1460 = EDGE_LOOP ( 'NONE', ( #4568, #3966, #3741, #981 ) ) ;
#1461 = SURFACE_STYLE_USAGE ( .BOTH. , #3436 ) ;
#1462 = CARTESIAN_POINT ( 'NONE',  ( 3.627000000000004221, 2.316641085557715307, 1.813500000000002332 ) ) ;
#1463 = CARTESIAN_POINT ( 'NONE',  ( 3.627000000000009994, 2.008641085557714145, -1.813500000000004553 ) ) ;
#1464 =( GEOMETRIC_REPRESENTATION_CONTEXT ( 3 ) GLOBAL_UNCERTAINTY_ASSIGNED_CONTEXT ( ( #1606 ) ) GLOBAL_UNIT_ASSIGNED_CONTEXT ( ( #548, #3224, #857 ) ) REPRESENTATION_CONTEXT ( 'NONE', 'WORKASPACE' ) );
#1465 = DIRECTION ( 'NONE',  ( 0.0000000000000000000, 0.0000000000000000000, -1.000000000000000000 ) ) ;
#1466 = AXIS2_PLACEMENT_3D ( 'NONE', #4230, #1125, #1897 ) ;
#1467 =( NAMED_UNIT ( * ) SI_UNIT ( $, .STERADIAN. ) SOLID_ANGLE_UNIT ( ) );
#1468 = STYLED_ITEM ( 'NONE', ( #4512 ), #3126 ) ;
#1469 = DIRECTION ( 'NONE',  ( 0.0000000000000000000, 0.0000000000000000000, 1.000000000000000000 ) ) ;
#1470 = CARTESIAN_POINT ( 'NONE',  ( -3.627000000000007773, 2.153641085557714163, 1.813500000000003221 ) ) ;
#1471 = CARTESIAN_POINT ( 'NONE',  ( 5.421010862427522170E-17, 1.136868377216160297E-10, 2.449999999999999734 ) ) ;
#1472 =( GEOMETRIC_REPRESENTATION_CONTEXT ( 3 ) GLOBAL_UNCERTAINTY_ASSIGNED_CONTEXT ( ( #792 ) ) GLOBAL_UNIT_ASSIGNED_CONTEXT ( ( #4599, #1911, #333 ) ) REPRESENTATION_CONTEXT ( 'NONE', 'WORKASPACE' ) );
#1473 = CARTESIAN_POINT ( 'NONE',  ( 0.0000000000000000000, 1.718641085557713888, 1.750000000000007105 ) ) ;
#1474 = ORIENTED_EDGE ( 'NONE', *, *, #1421, .T. ) ;
#1475 = SURFACE_SIDE_STYLE ('',( #3352 ) ) ;
#1476 = DIRECTION ( 'NONE',  ( -0.9848077530122080203, -0.1736481776669307198, -8.191525634889205083E-16 ) ) ;
#1477 = COLOUR_RGB ( '',0.7960784313725489669, 0.8235294117647058432, 0.9372549019607843146 ) ;
#1478 = CARTESIAN_POINT ( 'NONE',  ( 2.220896970253724992E-16, 2.733641085557713790, -1.813500000000000112 ) ) ;
#1479 = PRESENTATION_LAYER_ASSIGNMENT (  '', '', ( #2459 ) ) ;
#1480 = VERTEX_POINT ( 'NONE', #4277 ) ;
#1481 = FILL_AREA_STYLE_COLOUR ( '', #2227 ) ;
#1482 = COLOUR_RGB ( '',0.9098039215686274384, 0.4431372549019607643, 0.03137254901960784270 ) ;
#1483 = DIRECTION ( 'NONE',  ( -1.000000000000000000, 0.0000000000000000000, -1.224646799147353207E-16 ) ) ;
#1484 = DIRECTION ( 'NONE',  ( -0.0000000000000000000, -1.000000000000000000, -0.0000000000000000000 ) ) ;
#1485 = UNCERTAINTY_MEASURE_WITH_UNIT (LENGTH_MEASURE( 1.000000000000000082E-05 ), #4157, 'distance_accuracy_value', 'NONE');
#1486 = EDGE_CURVE ( 'NONE', #3830, #1112, #2294, .T. ) ;
#1487 = MECHANICAL_DESIGN_GEOMETRIC_PRESENTATION_REPRESENTATION (  '', ( #3726 ), #2533 ) ;
#1488 = EDGE_LOOP ( 'NONE', ( #3128, #1423, #4247, #2794 ) ) ;
#1489 = CARTESIAN_POINT ( 'NONE',  ( -3.373000000000018872, 1.301641085557714073, 1.686500000000008770 ) ) ;
#1490 = SURFACE_STYLE_FILL_AREA ( #1139 ) ;
#1491 = DIRECTION ( 'NONE',  ( -1.000000000000000000, 0.0000000000000000000, -1.224646799147353207E-16 ) ) ;
#1492 = CARTESIAN_POINT ( 'NONE',  ( 3.627000000000010438, 1.881641085557714810, -1.813500000000004997 ) ) ;
#1493 =( GEOMETRIC_REPRESENTATION_CONTEXT ( 3 ) GLOBAL_UNCERTAINTY_ASSIGNED_CONTEXT ( ( #3229 ) ) GLOBAL_UNIT_ASSIGNED_CONTEXT ( ( #3064, #3040, #1151 ) ) REPRESENTATION_CONTEXT ( 'NONE', 'WORKASPACE' ) );
#1494 = ORIENTED_EDGE ( 'NONE', *, *, #527, .T. ) ;
#1495 = CARTESIAN_POINT ( 'NONE',  ( 0.0000000000000000000, 3.500000000000000000, 0.0000000000000000000 ) ) ;
#1496 = CARTESIAN_POINT ( 'NONE',  ( 3.372999999999999776, 2.733641085557713790, -1.686499999999999888 ) ) ;
#1497 =( NAMED_UNIT ( * ) PLANE_ANGLE_UNIT ( ) SI_UNIT ( $, .RADIAN. ) );
#1498 = FILL_AREA_STYLE_COLOUR ( '', #1934 ) ;
#1499 = CARTESIAN_POINT ( 'NONE',  ( 0.0000000000000000000, 1.573641085557713870, 1.686500000000008548 ) ) ;
#1500 = EDGE_LOOP ( 'NONE', ( #446, #2068 ) ) ;
#1501 = DIRECTION ( 'NONE',  ( 0.0000000000000000000, 1.000000000000000000, 0.0000000000000000000 ) ) ;
#1502 = CARTESIAN_POINT ( 'NONE',  ( -0.3464101615137754608, 0.1999999999999999833, 2.400000000000000355 ) ) ;
#1503 = ORIENTED_EDGE ( 'NONE', *, *, #1047, .T. ) ;
#1504 = FILL_AREA_STYLE_COLOUR ( '', #4175 ) ;
#1505 = CARTESIAN_POINT ( 'NONE',  ( -3.627000000000021984, 1.011641085557714259, 1.813500000000010326 ) ) ;
#1506 =( LENGTH_UNIT ( ) NAMED_UNIT ( * ) SI_UNIT ( .MILLI., .METRE. ) );
#1507 = LINE ( 'NONE', #3022, #4181 ) ;
#1508 = CARTESIAN_POINT ( 'NONE',  ( 2.149999999999999911, 0.2000000000000000111, 0.6000000000000003109 ) ) ;
#1509 = ORIENTED_EDGE ( 'NONE', *, *, #4600, .F. ) ;
#1510 = PRODUCT_DEFINITION ( 'UNKNOWN', '', #473, #1531 ) ;
#1511 = EDGE_CURVE ( 'NONE', #1365, #3555, #1041, .T. ) ;
#1512 = ORIENTED_EDGE ( 'NONE', *, *, #4344, .T. ) ;
#1513 = DIRECTION ( 'NONE',  ( 8.881784197001252323E-16, 0.0000000000000000000, -1.000000000000000000 ) ) ;
#1514 = DIRECTION ( 'NONE',  ( 1.224646799147351482E-16, 0.0000000000000000000, -1.000000000000000000 ) ) ;
#1515 = VERTEX_POINT ( 'NONE', #4592 ) ;
#1516 = SURFACE_SIDE_STYLE ('',( #1145 ) ) ;
#1517 = EDGE_CURVE ( 'NONE', #2931, #475, #1140, .T. ) ;
#1518 = CARTESIAN_POINT ( 'NONE',  ( 0.0000000000000000000, 1.573641085557713870, 1.686500000000008548 ) ) ;
#1519 = CYLINDRICAL_SURFACE ( 'NONE', #2726, 2.424871130596427893 ) ;
#1520 = CARTESIAN_POINT ( 'NONE',  ( 0.0000000000000000000, 2.860641085557713570, 1.686500000000000332 ) ) ;
#1521 = CARTESIAN_POINT ( 'NONE',  ( -4.441793940507466748E-16, 1.718641085557713888, 1.813500000000006995 ) ) ;
#1522 = CARTESIAN_POINT ( 'NONE',  ( 2.150000000000000355, 3.500000000000000000, 0.0000000000000000000 ) ) ;
#1523 = AXIS2_PLACEMENT_3D ( 'NONE', #3584, #4722, #159 ) ;
#1524 = STYLED_ITEM ( 'NONE', ( #1083 ), #2005 ) ;
#1525 = CARTESIAN_POINT ( 'NONE',  ( -3.627000000000009550, 2.135641085557713925, -1.813500000000006329 ) ) ;
#1526 = STYLED_ITEM ( 'NONE', ( #3626 ), #2179 ) ;
#1527 = CARTESIAN_POINT ( 'NONE',  ( -3.373000000000022869, 1.011641085557714259, 1.686500000000010768 ) ) ;
#1528 = CARTESIAN_POINT ( 'NONE',  ( 2.126489652204432979, 0.06666619197410920961, 1.115609161185914022 ) ) ;
#1529 = FACE_OUTER_BOUND ( 'NONE', #1435, .T. ) ;
#1530 = DIRECTION ( 'NONE',  ( -1.000000000000000000, 0.0000000000000000000, 0.0000000000000000000 ) ) ;
#1531 = PRODUCT_DEFINITION_CONTEXT ( 'detailed design', #3612, 'design' ) ;
#1532 = COLOUR_RGB ( '',0.2509803921568627416, 0.2509803921568627416, 0.2509803921568627416 ) ;
#1533 = CARTESIAN_POINT ( 'NONE',  ( -4.441793940507454915E-16, 2.570641085557713978, 1.813500000000002332 ) ) ;
#1534 = ORIENTED_EDGE ( 'NONE', *, *, #528, .T. ) ;
#1535 =( LENGTH_UNIT ( ) NAMED_UNIT ( * ) SI_UNIT ( .MILLI., .METRE. ) );
#1536 = CARTESIAN_POINT ( 'NONE',  ( -2.150000000000000355, 0.1999999999999999833, 1.121383074600289076 ) ) ;
#1537 = CARTESIAN_POINT ( 'NONE',  ( 2.220896970253731402E-16, 2.008641085557714590, -1.813500000000005219 ) ) ;
#1538 = CARTESIAN_POINT ( 'NONE',  ( -3.373000000000013099, 1.990641085557713019, -1.686500000000006994 ) ) ;
#1539 = EDGE_CURVE ( 'NONE', #1430, #4695, #1777, .T. ) ;
#1540 = ORIENTED_EDGE ( 'NONE', *, *, #2857, .F. ) ;
#1541 = CIRCLE ( 'NONE', #3214, 0.3500000000000000333 ) ;
#1542 = SURFACE_SIDE_STYLE ('',( #1118 ) ) ;
#1543 = UNCERTAINTY_MEASURE_WITH_UNIT (LENGTH_MEASURE( 1.000000000000000082E-05 ), #2254, 'distance_accuracy_value', 'NONE');
#1544 = DIRECTION ( 'NONE',  ( 1.000000000000000000, 0.0000000000000000000, 0.0000000000000000000 ) ) ;
#1545 = UNCERTAINTY_MEASURE_WITH_UNIT (LENGTH_MEASURE( 1.000000000000000082E-05 ), #885, 'distance_accuracy_value', 'NONE');
#1546 = MECHANICAL_DESIGN_GEOMETRIC_PRESENTATION_REPRESENTATION (  '', ( #746 ), #3463 ) ;
#1547 = VERTEX_POINT ( 'NONE', #4565 ) ;
#1548 = SURFACE_STYLE_FILL_AREA ( #3448 ) ;
#1549 = UNCERTAINTY_MEASURE_WITH_UNIT (LENGTH_MEASURE( 1.000000000000000082E-05 ), #3518, 'distance_accuracy_value', 'NONE');
#1550 = UNCERTAINTY_MEASURE_WITH_UNIT (LENGTH_MEASURE( 1.000000000000000082E-05 ), #848, 'distance_accuracy_value', 'NONE');
#1551 = LINE ( 'NONE', #3859, #4297 ) ;
#1552 = AXIS2_PLACEMENT_3D ( 'NONE', #3482, #3841, #56 ) ;
#1553 = FILL_AREA_STYLE_COLOUR ( '', #1625 ) ;
#1554 = PLANE ( 'NONE',  #506 ) ;
#1555 = CARTESIAN_POINT ( 'NONE',  ( 2.150000000000000355, 2.799999999999999822, 1.121383074600289076 ) ) ;
#1556 = CARTESIAN_POINT ( 'NONE',  ( -4.130733653524048350E-16, 1.156641085557714055, 1.686500000000010546 ) ) ;
#1557 = COLOUR_RGB ( '',0.7529411764705882248, 0.7529411764705882248, 0.7529411764705882248 ) ;
#1558 = FACE_OUTER_BOUND ( 'NONE', #3384, .T. ) ;
#1559 = ORIENTED_EDGE ( 'NONE', *, *, #3495, .T. ) ;
#1560 = AXIS2_PLACEMENT_3D ( 'NONE', #2548, #2239, #1514 ) ;
#1561 = DIRECTION ( 'NONE',  ( 0.0000000000000000000, 0.0000000000000000000, 1.000000000000000000 ) ) ;
#1562 =( BOUNDED_SURFACE ( )  B_SPLINE_SURFACE ( 3, 3, ( 
 ( #754, #1955, #476, #2287 ),
 ( #393, #4236, #1922, #3530 ),
 ( #365, #3472, #3451, #102 ),
 ( #1900, #2334, #4961, #1159 ) ),
 .UNSPECIFIED., .F., .F., .F. ) 
 B_SPLINE_SURFACE_WITH_KNOTS ( ( 4, 4 ),
 ( 4, 4 ),
 ( 0.0000000000000000000, 1.000000000000000000 ),
 ( 0.0000000000000000000, 1.000000000000000000 ),
 .UNSPECIFIED. ) 
 GEOMETRIC_REPRESENTATION_ITEM ( )  RATIONAL_B_SPLINE_SURFACE ( (
 ( 1.000000000000000000, 0.3333333333333334259, 0.3333333333333334259, 1.000000000000000000),
 ( 0.3333333333333333703, 0.1111111111111111605, 0.1111111111111111605, 0.3333333333333333703),
 ( 0.3333333333333333703, 0.1111111111111111605, 0.1111111111111111605, 0.3333333333333333703),
 ( 1.000000000000000000, 0.3333333333333334259, 0.3333333333333334259, 1.000000000000000000) ) ) 
 REPRESENTATION_ITEM ( '' )  SURFACE ( )  );
#1563 = CARTESIAN_POINT ( 'NONE',  ( 2.220896970253735839E-16, 1.301641085557714295, -1.813500000000009216 ) ) ;
#1564 = CARTESIAN_POINT ( 'NONE',  ( -4.130733653524023698E-16, 2.733641085557713790, 1.686500000000000554 ) ) ;
#1565 = CARTESIAN_POINT ( 'NONE',  ( -3.373000000000011767, 1.863641085557713684, -1.686500000000006994 ) ) ;
#1566 = ORIENTED_EDGE ( 'NONE', *, *, #3883, .F. ) ;
#1567 = DIRECTION ( 'NONE',  ( 0.0000000000000000000, 0.0000000000000000000, -1.000000000000000000 ) ) ;
#1568 = PRESENTATION_STYLE_ASSIGNMENT (( #4682 ) ) ;
#1569 = AXIS2_PLACEMENT_3D ( 'NONE', #3000, #2974, #4530 ) ;
#1570 = CARTESIAN_POINT ( 'NONE',  ( 4.059178187802285043E-17, 2.799999999999999822, 2.100000000000000089 ) ) ;
#1571 = DIRECTION ( 'NONE',  ( 0.0000000000000000000, -0.0000000000000000000, 1.000000000000000000 ) ) ;
#1572 = COLOUR_RGB ( '',0.9098039215686274384, 0.4431372549019607643, 0.03137254901960784270 ) ;
#1573 = FILL_AREA_STYLE ('',( #1634 ) ) ;
#1574 = ORIENTED_EDGE ( 'NONE', *, *, #14, .T. ) ;
#1575 = CARTESIAN_POINT ( 'NONE',  ( 2.065366826762021463E-16, 1.573641085557713870, -1.686500000000008548 ) ) ;
#1576 = EDGE_CURVE ( 'NONE', #4860, #2960, #2072, .T. ) ;
#1577 = FILL_AREA_STYLE_COLOUR ( '', #4586 ) ;
#1578 = ADVANCED_FACE ( 'NONE', ( #2703 ), #2441, .T. ) ;
#1579 = ORIENTED_EDGE ( 'NONE', *, *, #1716, .T. ) ;
#1580 = FILL_AREA_STYLE ('',( #3428 ) ) ;
#1581 = CARTESIAN_POINT ( 'NONE',  ( -4.130733653524051308E-16, 1.011641085557714037, 1.686500000000011656 ) ) ;
#1582 = EDGE_CURVE ( 'NONE', #1929, #2663, #2000, .T. ) ;
#1583 = PLANE ( 'NONE',  #631 ) ;
#1584 = FILL_AREA_STYLE ('',( #2336 ) ) ;
#1585 = CARTESIAN_POINT ( 'NONE',  ( -3.373000000000020648, 1.283641085557714057, 1.686500000000009658 ) ) ;
#1586 = DIRECTION ( 'NONE',  ( 0.0000000000000000000, 0.0000000000000000000, 1.000000000000000000 ) ) ;
#1587 = ORIENTED_EDGE ( 'NONE', *, *, #2500, .F. ) ;
#1588 = SURFACE_STYLE_FILL_AREA ( #3056 ) ;
#1589 = CARTESIAN_POINT ( 'NONE',  ( -3.626999999999999336, 2.733641085557713790, -1.813500000000000556 ) ) ;
#1590 = AXIS2_PLACEMENT_3D ( 'NONE', #189, #514, #3242 ) ;
#1591 = SURFACE_STYLE_USAGE ( .BOTH. , #841 ) ;
#1592 = CIRCLE ( 'NONE', #1428, 2.389605734450128693 ) ;
#1593 = AXIS2_PLACEMENT_3D ( 'NONE', #429, #836, #1561 ) ;
#1594 =( BOUNDED_SURFACE ( )  B_SPLINE_SURFACE ( 3, 3, ( 
 ( #3462, #1250, #4306, #845 ),
 ( #1596, #2352, #4330, #1172 ),
 ( #4283, #3085, #439, #2408 ),
 ( #37, #2383, #1965, #3947 ) ),
 .UNSPECIFIED., .F., .F., .T. ) 
 B_SPLINE_SURFACE_WITH_KNOTS ( ( 4, 4 ),
 ( 4, 4 ),
 ( 0.0000000000000000000, 1.000000000000000000 ),
 ( 0.0000000000000000000, 1.000000000000000000 ),
 .UNSPECIFIED. ) 
 GEOMETRIC_REPRESENTATION_ITEM ( )  RATIONAL_B_SPLINE_SURFACE ( (
 ( 1.000000000000000000, 0.3333333333333334259, 0.3333333333333334259, 1.000000000000000000),
 ( 0.3333333333333333703, 0.1111111111111111605, 0.1111111111111111605, 0.3333333333333333703),
 ( 0.3333333333333333703, 0.1111111111111111605, 0.1111111111111111605, 0.3333333333333333703),
 ( 1.000000000000000000, 0.3333333333333334259, 0.3333333333333334259, 1.000000000000000000) ) ) 
 REPRESENTATION_ITEM ( '' )  SURFACE ( )  );
#1595 = ORIENTED_EDGE ( 'NONE', *, *, #869, .T. ) ;
#1596 = CARTESIAN_POINT ( 'NONE',  ( 2.065366826762026640E-16, 1.120641085557713579, -1.686500000000012989 ) ) ;
#1597 = FILL_AREA_STYLE ('',( #2299 ) ) ;
#1598 = CARTESIAN_POINT ( 'NONE',  ( 2.220896970253739783E-16, 0.9936410855577139101, -1.813500000000012102 ) ) ;
#1599 = CARTESIAN_POINT ( 'NONE',  ( -0.3746197183071762749, 0.0000000000000000000, -2.360058396053639651 ) ) ;
#1600 = CARTESIAN_POINT ( 'NONE',  ( 2.220896970253732881E-16, 1.863641085557713684, -1.813500000000006107 ) ) ;
#1601 = STYLED_ITEM ( 'NONE', ( #641 ), #1051 ) ;
#1602 = STYLED_ITEM ( 'NONE', ( #3164 ), #449 ) ;
#1603 = ORIENTED_EDGE ( 'NONE', *, *, #1674, .F. ) ;
#1604 =( LENGTH_UNIT ( ) NAMED_UNIT ( * ) SI_UNIT ( .MILLI., .METRE. ) );
#1605 = SURFACE_SIDE_STYLE ('',( #2737 ) ) ;
#1606 = UNCERTAINTY_MEASURE_WITH_UNIT (LENGTH_MEASURE( 1.000000000000000082E-05 ), #548, 'distance_accuracy_value', 'NONE');
#1607 = DIRECTION ( 'NONE',  ( -0.0000000000000000000, 1.000000000000000000, 0.0000000000000000000 ) ) ;
#1608 = CIRCLE ( 'NONE', #559, 1.813500000000004109 ) ;
#1609 = EDGE_CURVE ( 'NONE', #2496, #1264, #4560, .T. ) ;
#1610 = ORIENTED_EDGE ( 'NONE', *, *, #4673, .F. ) ;
#1611 = CARTESIAN_POINT ( 'NONE',  ( 3.373000000000001108, 2.606641085557714455, -1.686500000000000554 ) ) ;
#1612 = SURFACE_SIDE_STYLE ('',( #3473 ) ) ;
#1613 = FACE_OUTER_BOUND ( 'NONE', #891, .T. ) ;
#1614 = FACE_OUTER_BOUND ( 'NONE', #2501, .T. ) ;
#1615 = CARTESIAN_POINT ( 'NONE',  ( 0.0000000000000000000, 1.138641085557713817, 1.750000000000011324 ) ) ;
#1616 = EDGE_CURVE ( 'NONE', #4801, #4404, #1442, .T. ) ;
#1617 = AXIS2_PLACEMENT_3D ( 'NONE', #4064, #2140, #946 ) ;
#1618 = ORIENTED_EDGE ( 'NONE', *, *, #4514, .F. ) ;
#1619 = CARTESIAN_POINT ( 'NONE',  ( 0.0000000000000000000, 1.428641085557713852, 1.686500000000009658 ) ) ;
#1620 = SURFACE_SIDE_STYLE ('',( #1981 ) ) ;
#1621 = COLOUR_RGB ( '',0.7960784313725489669, 0.8235294117647058432, 0.9372549019607843146 ) ;
#1622 = LINE ( 'NONE', #3943, #3602 ) ;
#1623 = FACE_OUTER_BOUND ( 'NONE', #3889, .T. ) ;
#1624 = SURFACE_SIDE_STYLE ('',( #2675 ) ) ;
#1625 = COLOUR_RGB ( '',0.7960784313725489669, 0.8235294117647058432, 0.9372549019607843146 ) ;
#1626 = ORIENTED_EDGE ( 'NONE', *, *, #2561, .F. ) ;
#1627 = FILL_AREA_STYLE_COLOUR ( '', #2008 ) ;
#1628 =( NAMED_UNIT ( * ) PLANE_ANGLE_UNIT ( ) SI_UNIT ( $, .RADIAN. ) );
#1629 = SURFACE_SIDE_STYLE ('',( #1942 ) ) ;
#1630 = CARTESIAN_POINT ( 'NONE',  ( 2.143131898507871995E-16, 2.298641085557713737, -1.686500000000003441 ) ) ;
#1631 = CIRCLE ( 'NONE', #2667, 0.06349999999999975109 ) ;
#1632 = STYLED_ITEM ( 'NONE', ( #239 ), #3348 ) ;
#1633 = CARTESIAN_POINT ( 'NONE',  ( -3.627000000000002000, 2.588641085557713772, 1.813500000000000334 ) ) ;
#1634 = FILL_AREA_STYLE_COLOUR ( '', #2165 ) ;
#1635 = ORIENTED_EDGE ( 'NONE', *, *, #528, .F. ) ;
#1636 = CIRCLE ( 'NONE', #2514, 0.3500000000071766260 ) ;
#1637 = VECTOR ( 'NONE', #1438, 1000.000000000000000 ) ;
#1638 = SURFACE_STYLE_FILL_AREA ( #99 ) ;
#1639 = ORIENTED_EDGE ( 'NONE', *, *, #1968, .T. ) ;
#1640 = SURFACE_STYLE_FILL_AREA ( #3312 ) ;
#1641 = MECHANICAL_DESIGN_GEOMETRIC_PRESENTATION_REPRESENTATION (  '', ( #511 ), #2678 ) ;
#1642 =( NAMED_UNIT ( * ) SI_UNIT ( $, .STERADIAN. ) SOLID_ANGLE_UNIT ( ) );
#1643 = EDGE_CURVE ( 'NONE', #3162, #2864, #4014, .T. ) ;
#1644 = SURFACE_STYLE_USAGE ( .BOTH. , #2448 ) ;
#1645 = FILL_AREA_STYLE ('',( #1190 ) ) ;
#1646 = CIRCLE ( 'NONE', #2919, 1.813500000000000112 ) ;
#1647 =( NAMED_UNIT ( * ) SI_UNIT ( $, .STERADIAN. ) SOLID_ANGLE_UNIT ( ) );
#1648 = CARTESIAN_POINT ( 'NONE',  ( 2.220896970253724992E-16, 2.733641085557713790, -1.813500000000000112 ) ) ;
#1649 = AXIS2_PLACEMENT_3D ( 'NONE', #4257, #1389, #4803 ) ;
#1650 = EDGE_CURVE ( 'NONE', #2663, #732, #1622, .T. ) ;
#1651 = CARTESIAN_POINT ( 'NONE',  ( 2.150000000000000355, 3.500000000000000000, 1.121383074600289076 ) ) ;
#1652 = DIRECTION ( 'NONE',  ( 0.0000000000000000000, 0.0000000000000000000, 1.000000000000000000 ) ) ;
#1653 = CIRCLE ( 'NONE', #4447, 1.686500000000003441 ) ;
#1654 = ORIENTED_EDGE ( 'NONE', *, *, #3927, .T. ) ;
#1655 = SURFACE_SIDE_STYLE ('',( #489 ) ) ;
#1656 = FILL_AREA_STYLE_COLOUR ( '', #1717 ) ;
#1657 = SURFACE_SIDE_STYLE ('',( #1735 ) ) ;
#1658 = EDGE_CURVE ( 'NONE', #1712, #3148, #1284, .T. ) ;
#1659 = FILL_AREA_STYLE ('',( #2463 ) ) ;
#1660 = PRESENTATION_LAYER_ASSIGNMENT (  '', '', ( #4771 ) ) ;
#1661 = PRESENTATION_LAYER_ASSIGNMENT (  '', '', ( #1813 ) ) ;
#1662 = CARTESIAN_POINT ( 'NONE',  ( 2.220896970253726471E-16, 2.461641085557714437, -1.813500000000001222 ) ) ;
#1663 = CARTESIAN_POINT ( 'NONE',  ( -3.627000000000013102, 1.718641085557713666, 1.813500000000005885 ) ) ;
#1664 = PRESENTATION_LAYER_ASSIGNMENT (  '', '', ( #4385 ) ) ;
#1665 = FILL_AREA_STYLE_COLOUR ( '', #3568 ) ;
#1666 = EDGE_LOOP ( 'NONE', ( #343, #3354, #3779, #4817 ) ) ;
#1667 = CARTESIAN_POINT ( 'NONE',  ( 0.0000000000000000000, 2.298641085557713737, 1.813500000000002998 ) ) ;
#1668 = FACE_OUTER_BOUND ( 'NONE', #2340, .T. ) ;
#1669 = DIRECTION ( 'NONE',  ( -1.000000000000000000, 0.0000000000000000000, -1.224646799147353207E-16 ) ) ;
#1670 = ORIENTED_EDGE ( 'NONE', *, *, #3409, .F. ) ;
#1671 = CARTESIAN_POINT ( 'NONE',  ( 2.065366826762020231E-16, 1.718641085557713888, -1.686500000000007438 ) ) ;
#1672 = CARTESIAN_POINT ( 'NONE',  ( -2.149999999999999911, 0.2000000000000000111, -0.6000000000000003109 ) ) ;
#1673 = CARTESIAN_POINT ( 'NONE',  ( 5.421010862427522170E-17, 1.136868377216160297E-10, -2.449999999999999734 ) ) ;
#1674 = EDGE_CURVE ( 'NONE', #4626, #3291, #2862, .T. ) ;
#1675 = ORIENTED_EDGE ( 'NONE', *, *, #4433, .F. ) ;
#1676 = FILL_AREA_STYLE ('',( #589 ) ) ;
#1677 = FACE_OUTER_BOUND ( 'NONE', #4725, .T. ) ;
#1678 = SURFACE_STYLE_USAGE ( .BOTH. , #4308 ) ;
#1679 = SURFACE_STYLE_FILL_AREA ( #868 ) ;
#1680 = CLOSED_SHELL ( 'NONE', ( #3493, #4707, #1449, #2204, #3565, #1051, #2474, #2280, #1970, #449, #4824 ) ) ;
#1681 = EDGE_CURVE ( 'NONE', #1836, #2931, #4378, .T. ) ;
#1682 = CARTESIAN_POINT ( 'NONE',  ( -4.130733653524026656E-16, 2.461641085557714437, 1.686500000000001664 ) ) ;
#1683 = CARTESIAN_POINT ( 'NONE',  ( 2.143131898507878405E-16, 1.573641085557713870, -1.750000000000008216 ) ) ;
#1684 = VERTEX_POINT ( 'NONE', #2051 ) ;
#1685 = CARTESIAN_POINT ( 'NONE',  ( -4.130733653524048350E-16, 1.410641085557713836, 1.686500000000010546 ) ) ;
#1686 = CARTESIAN_POINT ( 'NONE',  ( -4.441793940507466748E-16, 1.718641085557713888, 1.813500000000006995 ) ) ;
#1687 = CIRCLE ( 'NONE', #3587, 1.813500000000012102 ) ;
#1688 = STYLED_ITEM ( 'NONE', ( #3504 ), #1017 ) ;
#1689 = ORIENTED_EDGE ( 'NONE', *, *, #65, .F. ) ;
#1690 = PRESENTATION_LAYER_ASSIGNMENT (  '', '', ( #2563 ) ) ;
#1691 = UNCERTAINTY_MEASURE_WITH_UNIT (LENGTH_MEASURE( 1.000000000000000082E-05 ), #3058, 'distance_accuracy_value', 'NONE');
#1692 = CARTESIAN_POINT ( 'NONE',  ( -4.441793940507454915E-16, 2.443641085557714643, 1.813500000000001888 ) ) ;
#1693 = ORIENTED_EDGE ( 'NONE', *, *, #1426, .F. ) ;
#1694 = CARTESIAN_POINT ( 'NONE',  ( 3.373000000000025089, 1.120641085557713579, -1.686500000000012545 ) ) ;
#1695 = CARTESIAN_POINT ( 'NONE',  ( 0.0000000000000000000, 1.718641085557713888, 1.813500000000006995 ) ) ;
#1696 = CARTESIAN_POINT ( 'NONE',  ( 2.143131898507874707E-16, 2.008641085557714590, -1.750000000000005551 ) ) ;
#1697 = AXIS2_PLACEMENT_3D ( 'NONE', #3052, #1483, #2288 ) ;
#1698 = CARTESIAN_POINT ( 'NONE',  ( 2.220896970253724992E-16, 2.733641085557713790, -1.813500000000000112 ) ) ;
#1699 = ORIENTED_EDGE ( 'NONE', *, *, #4773, .F. ) ;
#1700 = CARTESIAN_POINT ( 'NONE',  ( 2.138244785219703736, 0.1333328641308009765, -1.118501660324588975 ) ) ;
#1701 =( NAMED_UNIT ( * ) PLANE_ANGLE_UNIT ( ) SI_UNIT ( $, .RADIAN. ) );
#1702 = CIRCLE ( 'NONE', #647, 1.686500000000000554 ) ;
#1703 = CARTESIAN_POINT ( 'NONE',  ( 2.065366826762022942E-16, 1.555641085557713632, -1.686500000000009658 ) ) ;
#1704 = SURFACE_SIDE_STYLE ('',( #1679 ) ) ;
#1705 = CARTESIAN_POINT ( 'NONE',  ( 0.0000000000000000000, 0.9936410855577139101, 1.686500000000012545 ) ) ;
#1706 = UNCERTAINTY_MEASURE_WITH_UNIT (LENGTH_MEASURE( 1.000000000000000082E-05 ), #3138, 'distance_accuracy_value', 'NONE');
#1707 = CARTESIAN_POINT ( 'NONE',  ( 2.220896970253729923E-16, 2.280641085557713499, -1.813500000000003887 ) ) ;
#1708 =( BOUNDED_SURFACE ( )  B_SPLINE_SURFACE ( 3, 3, ( 
 ( #2662, #3469, #4634, #3068 ),
 ( #773, #3046, #2632, #3403 ),
 ( #4612, #3828, #1210, #725 ),
 ( #4185, #2257, #3778, #4938 ) ),
 .UNSPECIFIED., .F., .F., .T. ) 
 B_SPLINE_SURFACE_WITH_KNOTS ( ( 4, 4 ),
 ( 4, 4 ),
 ( 0.0000000000000000000, 1.000000000000000000 ),
 ( 0.0000000000000000000, 1.000000000000000000 ),
 .UNSPECIFIED. ) 
 GEOMETRIC_REPRESENTATION_ITEM ( )  RATIONAL_B_SPLINE_SURFACE ( (
 ( 1.000000000000000000, 0.3333333333333334259, 0.3333333333333334259, 1.000000000000000000),
 ( 0.3333333333333333703, 0.1111111111111111605, 0.1111111111111111605, 0.3333333333333333703),
 ( 0.3333333333333333703, 0.1111111111111111605, 0.1111111111111111605, 0.3333333333333333703),
 ( 1.000000000000000000, 0.3333333333333334259, 0.3333333333333334259, 1.000000000000000000) ) ) 
 REPRESENTATION_ITEM ( '' )  SURFACE ( )  );
#1709 = PRESENTATION_LAYER_ASSIGNMENT (  '', '', ( #2162 ) ) ;
#1710 =( LENGTH_UNIT ( ) NAMED_UNIT ( * ) SI_UNIT ( .MILLI., .METRE. ) );
#1711 = CARTESIAN_POINT ( 'NONE',  ( 0.0000000000000000000, 1.138641085557713817, 1.686500000000011656 ) ) ;
#1712 = VERTEX_POINT ( 'NONE', #137 ) ;
#1713 = CARTESIAN_POINT ( 'NONE',  ( 2.065366826762024175E-16, 1.410641085557713836, -1.686500000000010546 ) ) ;
#1714 =( NAMED_UNIT ( * ) PLANE_ANGLE_UNIT ( ) SI_UNIT ( $, .RADIAN. ) );
#1715 =( GEOMETRIC_REPRESENTATION_CONTEXT ( 3 ) GLOBAL_UNCERTAINTY_ASSIGNED_CONTEXT ( ( #4903 ) ) GLOBAL_UNIT_ASSIGNED_CONTEXT ( ( #626, #4049, #555 ) ) REPRESENTATION_CONTEXT ( 'NONE', 'WORKASPACE' ) );
#1716 = EDGE_CURVE ( 'NONE', #835, #673, #181, .T. ) ;
#1717 = COLOUR_RGB ( '',0.9098039215686274384, 0.4431372549019607643, 0.03137254901960784270 ) ;
#1718 = MECHANICAL_DESIGN_GEOMETRIC_PRESENTATION_REPRESENTATION (  '', ( #1060 ), #4832 ) ;
#1719 = ORIENTED_EDGE ( 'NONE', *, *, #4761, .T. ) ;
#1720 = STYLED_ITEM ( 'NONE', ( #934 ), #3596 ) ;
#1721 = EDGE_CURVE ( 'NONE', #1365, #155, #319, .T. ) ;
#1722 = COLOUR_RGB ( '',0.9098039215686274384, 0.4431372549019607643, 0.03137254901960784270 ) ;
#1723 = DIRECTION ( 'NONE',  ( 0.0000000000000000000, 0.0000000000000000000, 1.000000000000000000 ) ) ;
#1724 = CARTESIAN_POINT ( 'NONE',  ( 2.065366826762014068E-16, 2.316641085557714863, -1.686500000000002331 ) ) ;
#1725 = ORIENTED_EDGE ( 'NONE', *, *, #2957, .T. ) ;
#1726 = SURFACE_STYLE_FILL_AREA ( #1789 ) ;
#1727 = CARTESIAN_POINT ( 'NONE',  ( 0.0000000000000000000, 1.718641085557713888, 1.686500000000007438 ) ) ;
#1728 = DIRECTION ( 'NONE',  ( -0.0000000000000000000, -1.000000000000000000, -0.0000000000000000000 ) ) ;
#1729 = CIRCLE ( 'NONE', #3552, 0.06349999999999975109 ) ;
#1730 = DIRECTION ( 'NONE',  ( 0.0000000000000000000, 0.9848077530122080203, -0.1736481776669307198 ) ) ;
#1731 = UNCERTAINTY_MEASURE_WITH_UNIT (LENGTH_MEASURE( 1.000000000000000082E-05 ), #3100, 'distance_accuracy_value', 'NONE');
#1732 = ORIENTED_EDGE ( 'NONE', *, *, #1850, .F. ) ;
#1733 =( GEOMETRIC_REPRESENTATION_CONTEXT ( 3 ) GLOBAL_UNCERTAINTY_ASSIGNED_CONTEXT ( ( #385 ) ) GLOBAL_UNIT_ASSIGNED_CONTEXT ( ( #4098, #4945, #2962 ) ) REPRESENTATION_CONTEXT ( 'NONE', 'WORKASPACE' ) );
#1734 =( LENGTH_UNIT ( ) NAMED_UNIT ( * ) SI_UNIT ( .MILLI., .METRE. ) );
#1735 = SURFACE_STYLE_FILL_AREA ( #2866 ) ;
#1736 = STYLED_ITEM ( 'NONE', ( #3440 ), #4282 ) ;
#1737 = FILL_AREA_STYLE_COLOUR ( '', #2898 ) ;
#1738 = CARTESIAN_POINT ( 'NONE',  ( -2.150000000000000355, 3.500000000000000000, -1.121383074600289076 ) ) ;
#1739 = FILL_AREA_STYLE_COLOUR ( '', #3588 ) ;
#1740 = CARTESIAN_POINT ( 'NONE',  ( -2.114734603858307249, -2.710505431213761085E-17, 1.121383074600289076 ) ) ;
#1741 = MECHANICAL_DESIGN_GEOMETRIC_PRESENTATION_REPRESENTATION (  '', ( #4771 ), #2610 ) ;
#1742 = CARTESIAN_POINT ( 'NONE',  ( -0.3657182036801059910, 0.06673286433659039729, -2.373385484235514209 ) ) ;
#1743 =( BOUNDED_SURFACE ( )  B_SPLINE_SURFACE ( 3, 3, ( 
 ( #4349, #3202, #2007, #3537 ),
 ( #912, #4696, #1694, #2427 ),
 ( #3941, #2027, #1980, #3563 ),
 ( #135, #4377, #2073, #55 ) ),
 .UNSPECIFIED., .F., .F., .F. ) 
 B_SPLINE_SURFACE_WITH_KNOTS ( ( 4, 4 ),
 ( 4, 4 ),
 ( 0.0000000000000000000, 1.000000000000000000 ),
 ( 0.0000000000000000000, 1.000000000000000000 ),
 .UNSPECIFIED. ) 
 GEOMETRIC_REPRESENTATION_ITEM ( )  RATIONAL_B_SPLINE_SURFACE ( (
 ( 1.000000000000000000, 0.3333333333333334259, 0.3333333333333334259, 1.000000000000000000),
 ( 0.3333333333333333703, 0.1111111111111111605, 0.1111111111111111605, 0.3333333333333333703),
 ( 0.3333333333333333703, 0.1111111111111111605, 0.1111111111111111605, 0.3333333333333333703),
 ( 1.000000000000000000, 0.3333333333333334259, 0.3333333333333334259, 1.000000000000000000) ) ) 
 REPRESENTATION_ITEM ( '' )  SURFACE ( )  );
#1744 = DIRECTION ( 'NONE',  ( 1.224646799147355179E-16, 0.0000000000000000000, -1.000000000000000000 ) ) ;
#1745 = AXIS2_PLACEMENT_3D ( 'NONE', #1785, #676, #1077 ) ;
#1746 = EDGE_CURVE ( 'NONE', #2773, #414, #3275, .T. ) ;
#1747 = SURFACE_SIDE_STYLE ('',( #620 ) ) ;
#1748 = DIRECTION ( 'NONE',  ( 0.0000000000000000000, 0.0000000000000000000, 1.000000000000000000 ) ) ;
#1749 = EDGE_CURVE ( 'NONE', #753, #21, #4674, .T. ) ;
#1750 = ORIENTED_EDGE ( 'NONE', *, *, #4457, .T. ) ;
#1751 =( NAMED_UNIT ( * ) PLANE_ANGLE_UNIT ( ) SI_UNIT ( $, .RADIAN. ) );
#1752 = CARTESIAN_POINT ( 'NONE',  ( 3.627000000000013102, 1.591641085557714108, 1.813500000000006995 ) ) ;
#1753 = CARTESIAN_POINT ( 'NONE',  ( -3.627000000000017987, 1.555641085557713854, 1.813500000000008328 ) ) ;
#1754 = SURFACE_SIDE_STYLE ('',( #3237 ) ) ;
#1755 = ORIENTED_EDGE ( 'NONE', *, *, #2303, .F. ) ;
#1756 = FILL_AREA_STYLE_COLOUR ( '', #1621 ) ;
#1757 = SURFACE_STYLE_USAGE ( .BOTH. , #3183 ) ;
#1758 = FILL_AREA_STYLE ('',( #2208 ) ) ;
#1759 = CARTESIAN_POINT ( 'NONE',  ( 0.0000000000000000000, 2.443641085557714643, 1.813500000000001888 ) ) ;
#1760 = FILL_AREA_STYLE_COLOUR ( '', #2066 ) ;
#1761 = PRESENTATION_STYLE_ASSIGNMENT (( #2888 ) ) ;
#1762 = SURFACE_STYLE_USAGE ( .BOTH. , #2117 ) ;
#1763 = CIRCLE ( 'NONE', #1203, 0.3500000000000000333 ) ;
#1764 = VECTOR ( 'NONE', #3423, 1000.000000000000114 ) ;
#1765 =( BOUNDED_SURFACE ( )  B_SPLINE_SURFACE ( 3, 3, ( 
 ( #729, #3098, #4962, #1186 ),
 ( #420, #394, #1505, #3021 ),
 ( #3781, #4556, #1527, #1581 ),
 ( #3831, #345, #1923, #3452 ) ),
 .UNSPECIFIED., .F., .F., .T. ) 
 B_SPLINE_SURFACE_WITH_KNOTS ( ( 4, 4 ),
 ( 4, 4 ),
 ( 0.0000000000000000000, 1.000000000000000000 ),
 ( 0.0000000000000000000, 1.000000000000000000 ),
 .UNSPECIFIED. ) 
 GEOMETRIC_REPRESENTATION_ITEM ( )  RATIONAL_B_SPLINE_SURFACE ( (
 ( 1.000000000000000000, 0.3333333333333334259, 0.3333333333333334259, 1.000000000000000000),
 ( 0.3333333333333333703, 0.1111111111111111605, 0.1111111111111111605, 0.3333333333333333703),
 ( 0.3333333333333333703, 0.1111111111111111605, 0.1111111111111111605, 0.3333333333333333703),
 ( 1.000000000000000000, 0.3333333333333334259, 0.3333333333333334259, 1.000000000000000000) ) ) 
 REPRESENTATION_ITEM ( '' )  SURFACE ( )  );
#1766 = CARTESIAN_POINT ( 'NONE',  ( 0.3464101615137755719, 0.9000000000000001332, -2.399999999999999911 ) ) ;
#1767 = EDGE_CURVE ( 'NONE', #2663, #1929, #3439, .T. ) ;
#1768 =( GEOMETRIC_REPRESENTATION_CONTEXT ( 3 ) GLOBAL_UNCERTAINTY_ASSIGNED_CONTEXT ( ( #2820 ) ) GLOBAL_UNIT_ASSIGNED_CONTEXT ( ( #4881, #1497, #2215 ) ) REPRESENTATION_CONTEXT ( 'NONE', 'WORKASPACE' ) );
#1769 = EDGE_LOOP ( 'NONE', ( #1603, #2047, #3156, #2569 ) ) ;
#1770 = CARTESIAN_POINT ( 'NONE',  ( 0.0000000000000000000, 0.9000000000000001332, 0.0000000000000000000 ) ) ;
#1771 = EDGE_CURVE ( 'NONE', #4375, #54, #3036, .T. ) ;
#1772 = CARTESIAN_POINT ( 'NONE',  ( -3.373000000000001997, 2.588641085557713772, -1.686500000000001886 ) ) ;
#1773 = DIRECTION ( 'NONE',  ( 1.000000000000000000, 0.0000000000000000000, 0.0000000000000000000 ) ) ;
#1774 = AXIS2_PLACEMENT_3D ( 'NONE', #2055, #937, #2484 ) ;
#1775 = ORIENTED_EDGE ( 'NONE', *, *, #44, .F. ) ;
#1776 =( LENGTH_UNIT ( ) NAMED_UNIT ( * ) SI_UNIT ( .MILLI., .METRE. ) );
#1777 = CIRCLE ( 'NONE', #3758, 0.3500000000000000333 ) ;
#1778 = CIRCLE ( 'NONE', #1697, 0.06349999999999975109 ) ;
#1779 = CARTESIAN_POINT ( 'NONE',  ( 0.0000000000000000000, 1.011641085557714037, 1.686500000000011656 ) ) ;
#1780 = CARTESIAN_POINT ( 'NONE',  ( -3.373000000000006438, 2.171641085557714401, -1.686500000000004551 ) ) ;
#1781 = FACE_OUTER_BOUND ( 'NONE', #175, .T. ) ;
#1782 = CARTESIAN_POINT ( 'NONE',  ( 2.065366826762015547E-16, 2.171641085557714401, -1.686500000000003663 ) ) ;
#1783 = FACE_OUTER_BOUND ( 'NONE', #3116, .T. ) ;
#1784 = AXIS2_PLACEMENT_3D ( 'NONE', #2307, #4239, #454 ) ;
#1785 = CARTESIAN_POINT ( 'NONE',  ( 2.143131898507875940E-16, 1.863641085557713684, -1.750000000000006217 ) ) ;
#1786 =( BOUNDED_SURFACE ( )  B_SPLINE_SURFACE ( 3, 3, ( 
 ( #854, #4551, #3492, #3043 ),
 ( #17, #3855, #4655, #1155 ),
 ( #822, #362, #1918, #1969 ),
 ( #1575, #4631, #415, #1994 ) ),
 .UNSPECIFIED., .F., .F., .T. ) 
 B_SPLINE_SURFACE_WITH_KNOTS ( ( 4, 4 ),
 ( 4, 4 ),
 ( 0.0000000000000000000, 1.000000000000000000 ),
 ( 0.0000000000000000000, 1.000000000000000000 ),
 .UNSPECIFIED. ) 
 GEOMETRIC_REPRESENTATION_ITEM ( )  RATIONAL_B_SPLINE_SURFACE ( (
 ( 1.000000000000000000, 0.3333333333333334259, 0.3333333333333334259, 1.000000000000000000),
 ( 0.3333333333333333703, 0.1111111111111111605, 0.1111111111111111605, 0.3333333333333333703),
 ( 0.3333333333333333703, 0.1111111111111111605, 0.1111111111111111605, 0.3333333333333333703),
 ( 1.000000000000000000, 0.3333333333333334259, 0.3333333333333334259, 1.000000000000000000) ) ) 
 REPRESENTATION_ITEM ( '' )  SURFACE ( )  );
#1787 = VERTEX_POINT ( 'NONE', #4776 ) ;
#1788 = STYLED_ITEM ( 'NONE', ( #805 ), #2620 ) ;
#1789 = FILL_AREA_STYLE ('',( #4646 ) ) ;
#1790 =( LENGTH_UNIT ( ) NAMED_UNIT ( * ) SI_UNIT ( .MILLI., .METRE. ) );
#1791 = CARTESIAN_POINT ( 'NONE',  ( -3.373000000000009546, 2.280641085557713499, 1.686500000000003663 ) ) ;
#1792 = CARTESIAN_POINT ( 'NONE',  ( -4.130733653524028136E-16, 2.443641085557714643, 1.686500000000002553 ) ) ;
#1793 = STYLED_ITEM ( 'NONE', ( #3531 ), #3660 ) ;
#1794 = ORIENTED_EDGE ( 'NONE', *, *, #3442, .T. ) ;
#1795 = EDGE_CURVE ( 'NONE', #4580, #475, #888, .T. ) ;
#1796 = FILL_AREA_STYLE_COLOUR ( '', #1152 ) ;
#1797 = SURFACE_STYLE_USAGE ( .BOTH. , #1062 ) ;
#1798 =( NAMED_UNIT ( * ) SI_UNIT ( $, .STERADIAN. ) SOLID_ANGLE_UNIT ( ) );
#1799 = AXIS2_PLACEMENT_3D ( 'NONE', #520, #3984, #43 ) ;
#1800 = STYLED_ITEM ( 'NONE', ( #4666 ), #3189 ) ;
#1801 = LINE ( 'NONE', #4126, #4328 ) ;
#1802 = SURFACE_STYLE_USAGE ( .BOTH. , #2182 ) ;
#1803 = CIRCLE ( 'NONE', #4441, 1.813500000000010992 ) ;
#1804 = FACE_OUTER_BOUND ( 'NONE', #3946, .T. ) ;
#1805 =( NAMED_UNIT ( * ) PLANE_ANGLE_UNIT ( ) SI_UNIT ( $, .RADIAN. ) );
#1806 = CARTESIAN_POINT ( 'NONE',  ( -4.130733653524050815E-16, 1.138641085557713817, 1.686500000000011656 ) ) ;
#1807 = UNCERTAINTY_MEASURE_WITH_UNIT (LENGTH_MEASURE( 1.000000000000000082E-05 ), #1710, 'distance_accuracy_value', 'NONE');
#1808 = MECHANICAL_DESIGN_GEOMETRIC_PRESENTATION_REPRESENTATION (  '', ( #2609 ), #997 ) ;
#1809 = CARTESIAN_POINT ( 'NONE',  ( 3.373000000000013099, 1.736641085557713904, -1.686500000000006549 ) ) ;
#1810 = AXIS2_PLACEMENT_3D ( 'NONE', #1927, #3477, #1586 ) ;
#1811 =( NAMED_UNIT ( * ) PLANE_ANGLE_UNIT ( ) SI_UNIT ( $, .RADIAN. ) );
#1812 = EDGE_LOOP ( 'NONE', ( #3007, #1719, #3095, #2635 ) ) ;
#1813 = STYLED_ITEM ( 'NONE', ( #2197 ), #4664 ) ;
#1814 = SURFACE_STYLE_USAGE ( .BOTH. , #4818 ) ;
#1815 = CARTESIAN_POINT ( 'NONE',  ( -3.627000000000008662, 2.280641085557713499, 1.813500000000003221 ) ) ;
#1816 = ORIENTED_EDGE ( 'NONE', *, *, #4007, .T. ) ;
#1817 =( LENGTH_UNIT ( ) NAMED_UNIT ( * ) SI_UNIT ( .MILLI., .METRE. ) );
#1818 =( NAMED_UNIT ( * ) PLANE_ANGLE_UNIT ( ) SI_UNIT ( $, .RADIAN. ) );
#1819 = DIRECTION ( 'NONE',  ( 0.0000000000000000000, 0.0000000000000000000, 1.000000000000000000 ) ) ;
#1820 = CARTESIAN_POINT ( 'NONE',  ( 3.373000000000010434, 2.008641085557714145, -1.686500000000005217 ) ) ;
#1821 = CARTESIAN_POINT ( 'NONE',  ( 2.065366826762018259E-16, 2.135641085557713925, -1.686500000000005661 ) ) ;
#1822 = FILL_AREA_STYLE_COLOUR ( '', #1851 ) ;
#1823 = FILL_AREA_STYLE_COLOUR ( '', #580 ) ;
#1824 = CARTESIAN_POINT ( 'NONE',  ( 3.626999999999999780, 2.733641085557713790, -1.813499999999999668 ) ) ;
#1825 = DIRECTION ( 'NONE',  ( 0.0000000000000000000, 0.0000000000000000000, 1.000000000000000000 ) ) ;
#1826 = FILL_AREA_STYLE ('',( #2163 ) ) ;
#1827 = UNCERTAINTY_MEASURE_WITH_UNIT (LENGTH_MEASURE( 1.000000000000000082E-05 ), #2544, 'distance_accuracy_value', 'NONE');
#1828 =( GEOMETRIC_REPRESENTATION_CONTEXT ( 3 ) GLOBAL_UNCERTAINTY_ASSIGNED_CONTEXT ( ( #1098 ) ) GLOBAL_UNIT_ASSIGNED_CONTEXT ( ( #210, #608, #3672 ) ) REPRESENTATION_CONTEXT ( 'NONE', 'WORKASPACE' ) );
#1829 = ORIENTED_EDGE ( 'NONE', *, *, #3495, .F. ) ;
#1830 = CARTESIAN_POINT ( 'NONE',  ( 0.0000000000000000000, 2.799999999999999822, 0.0000000000000000000 ) ) ;
#1831 = DIRECTION ( 'NONE',  ( 0.0000000000000000000, 0.0000000000000000000, -1.000000000000000000 ) ) ;
#1832 = SURFACE_STYLE_USAGE ( .BOTH. , #977 ) ;
#1833 = UNCERTAINTY_MEASURE_WITH_UNIT (LENGTH_MEASURE( 1.000000000000000082E-05 ), #4675, 'distance_accuracy_value', 'NONE');
#1834 = SURFACE_SIDE_STYLE ('',( #654 ) ) ;
#1835 = PRESENTATION_LAYER_ASSIGNMENT (  '', '', ( #4006 ) ) ;
#1836 = VERTEX_POINT ( 'NONE', #85 ) ;
#1837 = PRESENTATION_STYLE_ASSIGNMENT (( #3717 ) ) ;
#1838 = CARTESIAN_POINT ( 'NONE',  ( 0.0000000000000000000, 2.443641085557714643, 1.686500000000002553 ) ) ;
#1839 = UNCERTAINTY_MEASURE_WITH_UNIT (LENGTH_MEASURE( 1.000000000000000082E-05 ), #2368, 'distance_accuracy_value', 'NONE');
#1840 = CIRCLE ( 'NONE', #4644, 0.3500000000000000333 ) ;
#1841 = CARTESIAN_POINT ( 'NONE',  ( 5.421010862427522170E-17, 0.2000000000066393113, 2.449999999999999734 ) ) ;
#1842 = ORIENTED_EDGE ( 'NONE', *, *, #4918, .T. ) ;
#1843 = AXIS2_PLACEMENT_3D ( 'NONE', #2346, #1932, #352 ) ;
#1844 = LINE ( 'NONE', #3370, #4395 ) ;
#1845 = CARTESIAN_POINT ( 'NONE',  ( 2.143131898507876926E-16, 1.718641085557713888, -1.750000000000007105 ) ) ;
#1846 = UNCERTAINTY_MEASURE_WITH_UNIT (LENGTH_MEASURE( 1.000000000000000082E-05 ), #594, 'distance_accuracy_value', 'NONE');
#1847 =( GEOMETRIC_REPRESENTATION_CONTEXT ( 3 ) GLOBAL_UNCERTAINTY_ASSIGNED_CONTEXT ( ( #1205 ) ) GLOBAL_UNIT_ASSIGNED_CONTEXT ( ( #177, #4270, #1976 ) ) REPRESENTATION_CONTEXT ( 'NONE', 'WORKASPACE' ) );
#1848 = CARTESIAN_POINT ( 'NONE',  ( 0.0000000000000000000, 2.153641085557714163, 1.750000000000004441 ) ) ;
#1849 = FILL_AREA_STYLE_COLOUR ( '', #750 ) ;
#1850 = EDGE_CURVE ( 'NONE', #2921, #4300, #4086, .T. ) ;
#1851 = COLOUR_RGB ( '',0.2509803921568627416, 0.2509803921568627416, 0.2509803921568627416 ) ;
#1852 = ORIENTED_EDGE ( 'NONE', *, *, #523, .T. ) ;
#1853 = SURFACE_STYLE_USAGE ( .BOTH. , #4532 ) ;
#1854 = ADVANCED_FACE ( 'NONE', ( #652 ), #2937, .T. ) ;
#1855 = CARTESIAN_POINT ( 'NONE',  ( -2.150000000000000355, 0.2000000000000000666, -0.6000000000000003109 ) ) ;
#1856 =( GEOMETRIC_REPRESENTATION_CONTEXT ( 3 ) GLOBAL_UNCERTAINTY_ASSIGNED_CONTEXT ( ( #4100 ) ) GLOBAL_UNIT_ASSIGNED_CONTEXT ( ( #2999, #2050, #4795 ) ) REPRESENTATION_CONTEXT ( 'NONE', 'WORKASPACE' ) );
#1857 = DIRECTION ( 'NONE',  ( 0.0000000000000000000, 0.0000000000000000000, -1.000000000000000000 ) ) ;
#1858 = CARTESIAN_POINT ( 'NONE',  ( 2.065366826762015547E-16, 2.298641085557713737, -1.686500000000003441 ) ) ;
#1859 =( GEOMETRIC_REPRESENTATION_CONTEXT ( 3 ) GLOBAL_UNCERTAINTY_ASSIGNED_CONTEXT ( ( #3938 ) ) GLOBAL_UNIT_ASSIGNED_CONTEXT ( ( #3342, #4905, #4198 ) ) REPRESENTATION_CONTEXT ( 'NONE', 'WORKASPACE' ) );
#1860 = CIRCLE ( 'NONE', #2094, 0.06349999999999975109 ) ;
#1861 = ORIENTED_EDGE ( 'NONE', *, *, #3632, .T. ) ;
#1862 = ORIENTED_EDGE ( 'NONE', *, *, #2712, .F. ) ;
#1863 = CARTESIAN_POINT ( 'NONE',  ( -0.3464101615193481698, 0.2000000000067870265, 2.399999999988554844 ) ) ;
#1864 = CARTESIAN_POINT ( 'NONE',  ( 2.220896970253727457E-16, 2.443641085557714643, -1.813500000000001888 ) ) ;
#1865 = CARTESIAN_POINT ( 'NONE',  ( 4.059178187802285043E-17, 0.9000000000000001332, 2.449999999999999734 ) ) ;
#1866 = CARTESIAN_POINT ( 'NONE',  ( 0.0000000000000000000, 2.008641085557714590, 1.813500000000005219 ) ) ;
#1867 = VECTOR ( 'NONE', #1320, 1000.000000000000000 ) ;
#1868 = FILL_AREA_STYLE_COLOUR ( '', #2255 ) ;
#1869 = CARTESIAN_POINT ( 'NONE',  ( 0.0000000000000000000, 2.153641085557714163, 0.0000000000000000000 ) ) ;
#1870 = AXIS2_PLACEMENT_3D ( 'NONE', #1848, #3823, #3015 ) ;
#1871 = CARTESIAN_POINT ( 'NONE',  ( 3.627000000000015323, 1.573641085557713870, 1.813500000000007883 ) ) ;
#1872 = CARTESIAN_POINT ( 'NONE',  ( 2.220896970253728937E-16, 2.171641085557714401, -1.813500000000002998 ) ) ;
#1873 = AXIS2_PLACEMENT_3D ( 'NONE', #4728, #464, #2322 ) ;
#1874 = AXIS2_PLACEMENT_3D ( 'NONE', #4520, #1092, #329 ) ;
#1875 = ORIENTED_EDGE ( 'NONE', *, *, #3747, .T. ) ;
#1876 = PRESENTATION_STYLE_ASSIGNMENT (( #1853 ) ) ;
#1877 = DIRECTION ( 'NONE',  ( 0.0000000000000000000, 0.0000000000000000000, 1.000000000000000000 ) ) ;
#1878 = CARTESIAN_POINT ( 'NONE',  ( 2.143131898507880623E-16, 1.283641085557714057, -1.750000000000010214 ) ) ;
#1879 = CIRCLE ( 'NONE', #2464, 0.06349999999999975109 ) ;
#1880 = CARTESIAN_POINT ( 'NONE',  ( 0.0000000000000000000, 0.0000000000000000000, 0.0000000000000000000 ) ) ;
#1881 = DIRECTION ( 'NONE',  ( 0.0000000000000000000, 1.000000000000000000, 0.0000000000000000000 ) ) ;
#1882 = UNCERTAINTY_MEASURE_WITH_UNIT (LENGTH_MEASURE( 1.000000000000000082E-05 ), #2085, 'distance_accuracy_value', 'NONE');
#1883 = DIRECTION ( 'NONE',  ( 1.224646799147355179E-16, 0.0000000000000000000, -1.000000000000000000 ) ) ;
#1884 = VERTEX_POINT ( 'NONE', #3358 ) ;
#1885 = PRESENTATION_STYLE_ASSIGNMENT (( #3871 ) ) ;
#1886 = PRESENTATION_STYLE_ASSIGNMENT (( #2647 ) ) ;
#1887 =( GEOMETRIC_REPRESENTATION_CONTEXT ( 3 ) GLOBAL_UNCERTAINTY_ASSIGNED_CONTEXT ( ( #2586 ) ) GLOBAL_UNIT_ASSIGNED_CONTEXT ( ( #4837, #4883, #4788 ) ) REPRESENTATION_CONTEXT ( 'NONE', 'WORKASPACE' ) );
#1888 = CARTESIAN_POINT ( 'NONE',  ( -3.373000000000006882, 2.425641085557714405, 1.686500000000002775 ) ) ;
#1889 = EDGE_LOOP ( 'NONE', ( #4515, #392, #1725, #4481 ) ) ;
#1890 = CARTESIAN_POINT ( 'NONE',  ( 0.0000000000000000000, 0.9000000000000001332, 0.0000000000000000000 ) ) ;
#1891 = CARTESIAN_POINT ( 'NONE',  ( -3.373000000000010878, 1.881641085557714810, 1.686500000000004773 ) ) ;
#1892 = LINE ( 'NONE', #1173, #941 ) ;
#1893 = FILL_AREA_STYLE_COLOUR ( '', #3594 ) ;
#1894 = UNCERTAINTY_MEASURE_WITH_UNIT (LENGTH_MEASURE( 1.000000000000000082E-05 ), #4901, 'distance_accuracy_value', 'NONE');
#1895 = CARTESIAN_POINT ( 'NONE',  ( 3.373000000000015763, 1.573641085557713870, -1.686500000000007882 ) ) ;
#1896 =( NAMED_UNIT ( * ) PLANE_ANGLE_UNIT ( ) SI_UNIT ( $, .RADIAN. ) );
#1897 = DIRECTION ( 'NONE',  ( 0.1736481776669307198, 0.9848077530122080203, 0.0000000000000000000 ) ) ;
#1898 = CARTESIAN_POINT ( 'NONE',  ( -4.130733653524036517E-16, 2.135641085557713925, 1.686500000000005661 ) ) ;
#1899 = VERTEX_POINT ( 'NONE', #4895 ) ;
#1900 = CARTESIAN_POINT ( 'NONE',  ( 2.220896970253734853E-16, 1.573641085557713870, -1.813500000000008106 ) ) ;
#1901 = CARTESIAN_POINT ( 'NONE',  ( 4.059178187802285660E-17, 0.9000000000000001332, -2.449999999999999734 ) ) ;
#1902 =( LENGTH_UNIT ( ) NAMED_UNIT ( * ) SI_UNIT ( .MILLI., .METRE. ) );
#1903 =( GEOMETRIC_REPRESENTATION_CONTEXT ( 3 ) GLOBAL_UNCERTAINTY_ASSIGNED_CONTEXT ( ( #2258 ) ) GLOBAL_UNIT_ASSIGNED_CONTEXT ( ( #1604, #3117, #1124 ) ) REPRESENTATION_CONTEXT ( 'NONE', 'WORKASPACE' ) );
#1904 = EDGE_LOOP ( 'NONE', ( #3735, #2984, #2851, #283 ) ) ;
#1905 =( NAMED_UNIT ( * ) SI_UNIT ( $, .STERADIAN. ) SOLID_ANGLE_UNIT ( ) );
#1906 = AXIS2_PLACEMENT_3D ( 'NONE', #4934, #294, #3372 ) ;
#1907 = APPLICATION_CONTEXT ( 'automotive_design' ) ;
#1908 = EDGE_LOOP ( 'NONE', ( #3485, #484, #3960, #371 ) ) ;
#1909 = DIRECTION ( 'NONE',  ( 1.000000000000000000, 0.0000000000000000000, 0.0000000000000000000 ) ) ;
#1910 = CARTESIAN_POINT ( 'NONE',  ( 3.373000000000018428, 1.428641085557713852, -1.686500000000009214 ) ) ;
#1911 =( NAMED_UNIT ( * ) PLANE_ANGLE_UNIT ( ) SI_UNIT ( $, .RADIAN. ) );
#1912 = EDGE_CURVE ( 'NONE', #2864, #3162, #3196, .T. ) ;
#1913 = CARTESIAN_POINT ( 'NONE',  ( 0.0000000000000000000, 1.138641085557713817, 0.0000000000000000000 ) ) ;
#1914 = DIRECTION ( 'NONE',  ( -0.0000000000000000000, -1.000000000000000000, -0.0000000000000000000 ) ) ;
#1915 = CARTESIAN_POINT ( 'NONE',  ( 2.220896970253727457E-16, 2.443641085557714643, -1.813500000000001888 ) ) ;
#1916 = CARTESIAN_POINT ( 'NONE',  ( 0.0000000000000000000, 0.9936410855577139101, 1.813500000000012102 ) ) ;
#1917 = ORIENTED_EDGE ( 'NONE', *, *, #2319, .T. ) ;
#1918 = CARTESIAN_POINT ( 'NONE',  ( -3.373000000000017540, 1.446641085557714090, 1.686500000000007660 ) ) ;
#1919 = COLOUR_RGB ( '',0.7960784313725489669, 0.8235294117647058432, 0.9372549019607843146 ) ;
#1920 = FILL_AREA_STYLE ('',( #2711 ) ) ;
#1921 = AXIS2_PLACEMENT_3D ( 'NONE', #3899, #2382, #4939 ) ;
#1922 = CARTESIAN_POINT ( 'NONE',  ( -3.373000000000017540, 1.700641085557713872, 1.686500000000007660 ) ) ;
#1923 = CARTESIAN_POINT ( 'NONE',  ( -3.373000000000022425, 1.138641085557713817, 1.686500000000010546 ) ) ;
#1924 = DIRECTION ( 'NONE',  ( 0.0000000000000000000, 0.0000000000000000000, 1.000000000000000000 ) ) ;
#1925 = FILL_AREA_STYLE_COLOUR ( '', #4172 ) ;
#1926 = STYLED_ITEM ( 'NONE', ( #4886 ), #2420 ) ;
#1927 = CARTESIAN_POINT ( 'NONE',  ( 0.0000000000000000000, 2.443641085557714643, 1.750000000000002220 ) ) ;
#1928 = EDGE_CURVE ( 'NONE', #155, #438, #4167, .T. ) ;
#1929 = VERTEX_POINT ( 'NONE', #2668 ) ;
#1930 =( GEOMETRIC_REPRESENTATION_CONTEXT ( 3 ) GLOBAL_UNCERTAINTY_ASSIGNED_CONTEXT ( ( #328 ) ) GLOBAL_UNIT_ASSIGNED_CONTEXT ( ( #1790, #1456, #1025 ) ) REPRESENTATION_CONTEXT ( 'NONE', 'WORKASPACE' ) );
#1931 = CARTESIAN_POINT ( 'NONE',  ( 2.150000000000000355, 3.500000000000000000, 1.121383074600289076 ) ) ;
#1932 = DIRECTION ( 'NONE',  ( -0.0000000000000000000, -1.000000000000000000, -0.0000000000000000000 ) ) ;
#1933 = CARTESIAN_POINT ( 'NONE',  ( 2.065366826762019245E-16, 1.863641085557713684, -1.686500000000006549 ) ) ;
#1934 = COLOUR_RGB ( '',0.7529411764705882248, 0.7529411764705882248, 0.7529411764705882248 ) ;
#1935 = EDGE_CURVE ( 'NONE', #3914, #1547, #167, .T. ) ;
#1936 = EDGE_CURVE ( 'NONE', #2767, #2976, #3686, .T. ) ;
#1937 =( BOUNDED_SURFACE ( )  B_SPLINE_SURFACE ( 3, 3, ( 
 ( #704, #4534, #1134, #3332 ),
 ( #51, #4213, #2337, #481 ),
 ( #3476, #830, #2372, #1556 ),
 ( #1977, #79, #1585, #2745 ) ),
 .UNSPECIFIED., .F., .F., .T. ) 
 B_SPLINE_SURFACE_WITH_KNOTS ( ( 4, 4 ),
 ( 4, 4 ),
 ( 0.0000000000000000000, 1.000000000000000000 ),
 ( 0.0000000000000000000, 1.000000000000000000 ),
 .UNSPECIFIED. ) 
 GEOMETRIC_REPRESENTATION_ITEM ( )  RATIONAL_B_SPLINE_SURFACE ( (
 ( 1.000000000000000000, 0.3333333333333334259, 0.3333333333333334259, 1.000000000000000000),
 ( 0.3333333333333333703, 0.1111111111111111605, 0.1111111111111111605, 0.3333333333333333703),
 ( 0.3333333333333333703, 0.1111111111111111605, 0.1111111111111111605, 0.3333333333333333703),
 ( 1.000000000000000000, 0.3333333333333334259, 0.3333333333333334259, 1.000000000000000000) ) ) 
 REPRESENTATION_ITEM ( '' )  SURFACE ( )  );
#1938 = VERTEX_POINT ( 'NONE', #3810 ) ;
#1939 = SURFACE_SIDE_STYLE ('',( #215 ) ) ;
#1940 =( NAMED_UNIT ( * ) SI_UNIT ( $, .STERADIAN. ) SOLID_ANGLE_UNIT ( ) );
#1941 = SURFACE_SIDE_STYLE ('',( #409 ) ) ;
#1942 = SURFACE_STYLE_FILL_AREA ( #2810 ) ;
#1943 = AXIS2_PLACEMENT_3D ( 'NONE', #1392, #262, #658 ) ;
#1944 =( NAMED_UNIT ( * ) SI_UNIT ( $, .STERADIAN. ) SOLID_ANGLE_UNIT ( ) );
#1945 = MECHANICAL_DESIGN_GEOMETRIC_PRESENTATION_REPRESENTATION (  '', ( #2022 ), #191 ) ;
#1946 = EDGE_CURVE ( 'NONE', #2381, #119, #4585, .T. ) ;
#1947 = PRESENTATION_LAYER_ASSIGNMENT (  '', '', ( #4116 ) ) ;
#1948 = ORIENTED_EDGE ( 'NONE', *, *, #3402, .F. ) ;
#1949 = SURFACE_STYLE_USAGE ( .BOTH. , #747 ) ;
#1950 = AXIS2_PLACEMENT_3D ( 'NONE', #4436, #4106, #668 ) ;
#1951 = VECTOR ( 'NONE', #3359, 1000.000000000000000 ) ;
#1952 = UNCERTAINTY_MEASURE_WITH_UNIT (LENGTH_MEASURE( 1.000000000000000082E-05 ), #3122, 'distance_accuracy_value', 'NONE');
#1953 = MECHANICAL_DESIGN_GEOMETRIC_PRESENTATION_REPRESENTATION (  '', ( #994 ), #1733 ) ;
#1954 = ORIENTED_EDGE ( 'NONE', *, *, #1360, .F. ) ;
#1955 = CARTESIAN_POINT ( 'NONE',  ( -3.373000000000015763, 1.573641085557713870, -1.686500000000008992 ) ) ;
#1956 = CARTESIAN_POINT ( 'NONE',  ( 5.421010862427522170E-17, 1.262177448353618889E-26, 2.064734603857081296 ) ) ;
#1957 =( NAMED_UNIT ( * ) SI_UNIT ( $, .STERADIAN. ) SOLID_ANGLE_UNIT ( ) );
#1958 = DIRECTION ( 'NONE',  ( 1.000000000000000000, 0.0000000000000000000, 0.0000000000000000000 ) ) ;
#1959 = EDGE_LOOP ( 'NONE', ( #3048, #738, #2292, #1136 ) ) ;
#1960 = DIRECTION ( 'NONE',  ( -1.000000000000000000, 0.0000000000000000000, 0.0000000000000000000 ) ) ;
#1961 = DIRECTION ( 'NONE',  ( -1.000000000000000000, 0.0000000000000000000, -1.224646799147353207E-16 ) ) ;
#1962 = CARTESIAN_POINT ( 'NONE',  ( 2.065366826762011603E-16, 2.733641085557713790, -1.686500000000000554 ) ) ;
#1963 =( GEOMETRIC_REPRESENTATION_CONTEXT ( 3 ) GLOBAL_UNCERTAINTY_ASSIGNED_CONTEXT ( ( #4485 ) ) GLOBAL_UNIT_ASSIGNED_CONTEXT ( ( #618, #643, #1045 ) ) REPRESENTATION_CONTEXT ( 'NONE', 'WORKASPACE' ) );
#1964 = ORIENTED_EDGE ( 'NONE', *, *, #4851, .T. ) ;
#1965 = CARTESIAN_POINT ( 'NONE',  ( -3.627000000000023761, 0.9936410855577139101, 1.813500000000011214 ) ) ;
#1966 = SURFACE_STYLE_USAGE ( .BOTH. , #3571 ) ;
#1967 = SURFACE_STYLE_USAGE ( .BOTH. , #1253 ) ;
#1968 = EDGE_CURVE ( 'NONE', #3699, #4265, #1778, .T. ) ;
#1969 = CARTESIAN_POINT ( 'NONE',  ( -4.130733653524042927E-16, 1.446641085557714312, 1.686500000000008548 ) ) ;
#1970 = ADVANCED_FACE ( 'NONE', ( #367 ), #4942, .F. ) ;
#1971 = CARTESIAN_POINT ( 'NONE',  ( 2.220896970253730909E-16, 2.135641085557713925, -1.813500000000005219 ) ) ;
#1972 = ORIENTED_EDGE ( 'NONE', *, *, #3285, .F. ) ;
#1973 = CARTESIAN_POINT ( 'NONE',  ( 2.220896970253725485E-16, 2.606641085557714455, -1.813500000000000334 ) ) ;
#1974 = CARTESIAN_POINT ( 'NONE',  ( -0.3464101615193858619, 0.2000000000065320915, -2.399999999988504218 ) ) ;
#1975 = CARTESIAN_POINT ( 'NONE',  ( 0.0000000000000000000, 2.570641085557713978, 1.686500000000002331 ) ) ;
#1976 =( NAMED_UNIT ( * ) SI_UNIT ( $, .STERADIAN. ) SOLID_ANGLE_UNIT ( ) );
#1977 = CARTESIAN_POINT ( 'NONE',  ( 2.065366826762023929E-16, 1.283641085557714057, -1.686500000000010546 ) ) ;
#1978 = ORIENTED_EDGE ( 'NONE', *, *, #3927, .F. ) ;
#1979 = SURFACE_STYLE_FILL_AREA ( #3480 ) ;
#1980 = CARTESIAN_POINT ( 'NONE',  ( 3.627000000000024205, 1.120641085557713579, -1.813500000000012102 ) ) ;
#1981 = SURFACE_STYLE_FILL_AREA ( #459 ) ;
#1982 = CIRCLE ( 'NONE', #4793, 1.813500000000006995 ) ;
#1983 = DIRECTION ( 'NONE',  ( 1.000000000000000000, 0.0000000000000000000, 0.0000000000000000000 ) ) ;
#1984 = FILL_AREA_STYLE ('',( #1627 ) ) ;
#1985 = SURFACE_STYLE_FILL_AREA ( #3486 ) ;
#1986 = SURFACE_SIDE_STYLE ('',( #4727 ) ) ;
#1987 = FILL_AREA_STYLE_COLOUR ( '', #1477 ) ;
#1988 = CARTESIAN_POINT ( 'NONE',  ( -3.373000000000014875, 1.591641085557714108, 1.686500000000006771 ) ) ;
#1989 =( LENGTH_UNIT ( ) NAMED_UNIT ( * ) SI_UNIT ( .MILLI., .METRE. ) );
#1990 = MECHANICAL_DESIGN_GEOMETRIC_PRESENTATION_REPRESENTATION (  '', ( #627 ), #551 ) ;
#1991 = EDGE_CURVE ( 'NONE', #47, #2773, #171, .T. ) ;
#1992 = CARTESIAN_POINT ( 'NONE',  ( 2.143131898507879391E-16, 1.428641085557713852, -1.750000000000009326 ) ) ;
#1993 = CIRCLE ( 'NONE', #3270, 1.686500000000011434 ) ;
#1994 = CARTESIAN_POINT ( 'NONE',  ( -4.130733653524042927E-16, 1.573641085557713870, 1.686500000000008548 ) ) ;
#1995 = CARTESIAN_POINT ( 'NONE',  ( 2.065366826762019984E-16, 1.718641085557713888, -1.686500000000007438 ) ) ;
#1996 = FACE_OUTER_BOUND ( 'NONE', #2194, .T. ) ;
#1997 = ORIENTED_EDGE ( 'NONE', *, *, #1331, .T. ) ;
#1998 = SURFACE_STYLE_FILL_AREA ( #1580 ) ;
#1999 = SURFACE_STYLE_USAGE ( .BOTH. , #2045 ) ;
#2000 = CIRCLE ( 'NONE', #1126, 1.750000000000000000 ) ;
#2001 = SURFACE_STYLE_FILL_AREA ( #4371 ) ;
#2002 = CARTESIAN_POINT ( 'NONE',  ( 0.0000000000000000000, 2.298641085557713737, 1.686500000000003441 ) ) ;
#2003 = B_SPLINE_CURVE_WITH_KNOTS ( 'NONE', 3,
 ( #607, #2922, #140, #2128 ),
 .UNSPECIFIED., .F., .F.,
 ( 4, 4 ),
 ( 1.370643247431586363E-15, 0.0002032706364723417601 ),
 .UNSPECIFIED. ) ;
#2004 = CARTESIAN_POINT ( 'NONE',  ( 0.0000000000000000000, 1.845641085557713668, 1.813500000000006995 ) ) ;
#2005 = ADVANCED_FACE ( 'NONE', ( #703 ), #2229, .T. ) ;
#2006 = PRESENTATION_STYLE_ASSIGNMENT (( #3510 ) ) ;
#2007 = CARTESIAN_POINT ( 'NONE',  ( 3.373000000000024645, 0.9936410855577139101, -1.686500000000012323 ) ) ;
#2008 = COLOUR_RGB ( '',0.2509803921568627416, 0.2509803921568627416, 0.2509803921568627416 ) ;
#2009 = CARTESIAN_POINT ( 'NONE',  ( -3.373000000000013099, 1.736641085557713904, -1.686500000000006994 ) ) ;
#2010 = ORIENTED_EDGE ( 'NONE', *, *, #4433, .T. ) ;
#2011 = PRESENTATION_STYLE_ASSIGNMENT (( #1966 ) ) ;
#2012 = AXIS2_PLACEMENT_3D ( 'NONE', #4584, #3123, #4211 ) ;
#2013 = PRESENTATION_STYLE_ASSIGNMENT (( #2789 ) ) ;
#2014 = PRESENTATION_LAYER_ASSIGNMENT (  '', '', ( #1788 ) ) ;
#2015 = VERTEX_POINT ( 'NONE', #130 ) ;
#2016 = CARTESIAN_POINT ( 'NONE',  ( 3.627000000000019764, 1.283641085557714057, -1.813500000000009660 ) ) ;
#2017 = CARTESIAN_POINT ( 'NONE',  ( -3.627000000000012658, 1.718641085557713666, -1.813500000000007217 ) ) ;
#2018 = FILL_AREA_STYLE_COLOUR ( '', #2038 ) ;
#2019 = ORIENTED_EDGE ( 'NONE', *, *, #4232, .F. ) ;
#2020 =( LENGTH_UNIT ( ) NAMED_UNIT ( * ) SI_UNIT ( .MILLI., .METRE. ) );
#2021 = CARTESIAN_POINT ( 'NONE',  ( 2.220896970253733374E-16, 1.718641085557713888, -1.813500000000006995 ) ) ;
#2022 = STYLED_ITEM ( 'NONE', ( #2119 ), #3716 ) ;
#2023 = CIRCLE ( 'NONE', #2680, 0.06349999999999975109 ) ;
#2024 = FACE_OUTER_BOUND ( 'NONE', #3174, .T. ) ;
#2025 = FILL_AREA_STYLE_COLOUR ( '', #4129 ) ;
#2026 = ORIENTED_EDGE ( 'NONE', *, *, #199, .T. ) ;
#2027 = CARTESIAN_POINT ( 'NONE',  ( 3.627000000000024205, 1.120641085557713579, 1.813500000000012102 ) ) ;
#2028 = DIRECTION ( 'NONE',  ( -0.0000000000000000000, -1.000000000000000000, -0.0000000000000000000 ) ) ;
#2029 = FILL_AREA_STYLE_COLOUR ( '', #4502 ) ;
#2030 = ADVANCED_FACE ( 'NONE', ( #1613 ), #2470, .F. ) ;
#2031 = CARTESIAN_POINT ( 'NONE',  ( -4.130733653524026163E-16, 2.588641085557713772, 1.686500000000001664 ) ) ;
#2032 = CIRCLE ( 'NONE', #1247, 0.3500000000071766260 ) ;
#2033 = EDGE_LOOP ( 'NONE', ( #788, #3450, #133, #3411 ) ) ;
#2034 = SURFACE_STYLE_USAGE ( .BOTH. , #1657 ) ;
#2035 = FILL_AREA_STYLE ('',( #4332 ) ) ;
#2036 = SURFACE_SIDE_STYLE ('',( #384 ) ) ;
#2037 = MECHANICAL_DESIGN_GEOMETRIC_PRESENTATION_REPRESENTATION (  '', ( #354 ), #204 ) ;
#2038 = COLOUR_RGB ( '',0.2509803921568627416, 0.2509803921568627416, 0.2509803921568627416 ) ;
#2039 = CARTESIAN_POINT ( 'NONE',  ( -3.627000000000001112, 2.588641085557713772, -1.813500000000001666 ) ) ;
#2040 = CARTESIAN_POINT ( 'NONE',  ( 3.373000000000013099, 1.990641085557713019, 1.686500000000006771 ) ) ;
#2041 = CARTESIAN_POINT ( 'NONE',  ( 4.059178187802285043E-17, 3.500000000000000000, 2.100000000000000089 ) ) ;
#2042 =( GEOMETRIC_REPRESENTATION_CONTEXT ( 3 ) GLOBAL_UNCERTAINTY_ASSIGNED_CONTEXT ( ( #832 ) ) GLOBAL_UNIT_ASSIGNED_CONTEXT ( ( #2522, #4799, #4026 ) ) REPRESENTATION_CONTEXT ( 'NONE', 'WORKASPACE' ) );
#2043 = DIRECTION ( 'NONE',  ( 1.000000000000000000, -0.0000000000000000000, 0.0000000000000000000 ) ) ;
#2044 = EDGE_LOOP ( 'NONE', ( #775, #3847, #1794, #714 ) ) ;
#2045 = SURFACE_SIDE_STYLE ('',( #1640 ) ) ;
#2046 = CARTESIAN_POINT ( 'NONE',  ( 3.627000000000013102, 1.718641085557713666, -1.813500000000006551 ) ) ;
#2047 = ORIENTED_EDGE ( 'NONE', *, *, #2751, .F. ) ;
#2048 = ADVANCED_FACE ( 'NONE', ( #2024 ), #3644, .T. ) ;
#2049 = SURFACE_SIDE_STYLE ('',( #4671 ) ) ;
#2050 =( NAMED_UNIT ( * ) PLANE_ANGLE_UNIT ( ) SI_UNIT ( $, .RADIAN. ) );
#2051 = CARTESIAN_POINT ( 'NONE',  ( 0.0000000000000000000, 1.718641085557713888, 1.813500000000006995 ) ) ;
#2052 = FILL_AREA_STYLE_COLOUR ( '', #1557 ) ;
#2053 = ORIENTED_EDGE ( 'NONE', *, *, #3033, .T. ) ;
#2054 = DIRECTION ( 'NONE',  ( -0.0000000000000000000, -1.000000000000000000, -0.0000000000000000000 ) ) ;
#2055 = CARTESIAN_POINT ( 'NONE',  ( 2.143131898507869777E-16, 2.588641085557713772, -1.750000000000001332 ) ) ;
#2056 = FACE_OUTER_BOUND ( 'NONE', #3427, .T. ) ;
#2057 =( NAMED_UNIT ( * ) SI_UNIT ( $, .STERADIAN. ) SOLID_ANGLE_UNIT ( ) );
#2058 =( GEOMETRIC_REPRESENTATION_CONTEXT ( 3 ) GLOBAL_UNCERTAINTY_ASSIGNED_CONTEXT ( ( #3603 ) ) GLOBAL_UNIT_ASSIGNED_CONTEXT ( ( #2701, #3412, #4563 ) ) REPRESENTATION_CONTEXT ( 'NONE', 'WORKASPACE' ) );
#2059 = COLOUR_RGB ( '',0.2509803921568627416, 0.2509803921568627416, 0.2509803921568627416 ) ;
#2060 = CARTESIAN_POINT ( 'NONE',  ( 2.065366826762013082E-16, 2.588641085557713772, -1.686500000000001664 ) ) ;
#2061 = EDGE_CURVE ( 'NONE', #2705, #1899, #3326, .T. ) ;
#2062 = CARTESIAN_POINT ( 'NONE',  ( 0.0000000000000000000, 2.733641085557713790, 0.0000000000000000000 ) ) ;
#2063 = ORIENTED_EDGE ( 'NONE', *, *, #368, .T. ) ;
#2064 =( BOUNDED_SURFACE ( )  B_SPLINE_SURFACE ( 3, 3, ( 
 ( #1695, #3234, #4721, #2145 ),
 ( #4350, #1752, #3277, #136 ),
 ( #1338, #225, #4066, #2860 ),
 ( #1727, #3203, #4420, #1671 ) ),
 .UNSPECIFIED., .F., .F., .F. ) 
 B_SPLINE_SURFACE_WITH_KNOTS ( ( 4, 4 ),
 ( 4, 4 ),
 ( 0.0000000000000000000, 1.000000000000000000 ),
 ( 0.0000000000000000000, 1.000000000000000000 ),
 .UNSPECIFIED. ) 
 GEOMETRIC_REPRESENTATION_ITEM ( )  RATIONAL_B_SPLINE_SURFACE ( (
 ( 1.000000000000000000, 0.3333333333333334259, 0.3333333333333334259, 1.000000000000000000),
 ( 0.3333333333333333703, 0.1111111111111111605, 0.1111111111111111605, 0.3333333333333333703),
 ( 0.3333333333333333703, 0.1111111111111111605, 0.1111111111111111605, 0.3333333333333333703),
 ( 1.000000000000000000, 0.3333333333333334259, 0.3333333333333334259, 1.000000000000000000) ) ) 
 REPRESENTATION_ITEM ( '' )  SURFACE ( )  );
#2065 = SURFACE_SIDE_STYLE ('',( #4367 ) ) ;
#2066 = COLOUR_RGB ( '',0.2509803921568627416, 0.2509803921568627416, 0.2509803921568627416 ) ;
#2067 = PRESENTATION_LAYER_ASSIGNMENT (  '', '', ( #4243 ) ) ;
#2068 = ORIENTED_EDGE ( 'NONE', *, *, #2681, .F. ) ;
#2069 =( NAMED_UNIT ( * ) PLANE_ANGLE_UNIT ( ) SI_UNIT ( $, .RADIAN. ) );
#2070 = AXIS2_PLACEMENT_3D ( 'NONE', #516, #1347, #2106 ) ;
#2071 = CARTESIAN_POINT ( 'NONE',  ( -2.150000000000000355, 2.799999999999999822, 1.121383074600289076 ) ) ;
#2072 = CIRCLE ( 'NONE', #803, 0.06349999999999975109 ) ;
#2073 = CARTESIAN_POINT ( 'NONE',  ( 3.627000000000023761, 0.9936410855577139101, -1.813500000000011880 ) ) ;
#2074 = CYLINDRICAL_SURFACE ( 'NONE', #972, 0.3500000000000000333 ) ;
#2075 = CARTESIAN_POINT ( 'NONE',  ( 2.065366826762019245E-16, 1.863641085557713684, -1.686500000000006549 ) ) ;
#2076 = CARTESIAN_POINT ( 'NONE',  ( 0.0000000000000000000, 2.588641085557713772, 1.750000000000001332 ) ) ;
#2077 = FILL_AREA_STYLE_COLOUR ( '', #443 ) ;
#2078 = EDGE_CURVE ( 'NONE', #732, #2833, #1046, .T. ) ;
#2079 = ORIENTED_EDGE ( 'NONE', *, *, #1453, .T. ) ;
#2080 = CARTESIAN_POINT ( 'NONE',  ( 0.0000000000000000000, 1.863641085557713684, 0.0000000000000000000 ) ) ;
#2081 = LINE ( 'NONE', #3619, #4083 ) ;
#2082 = PRESENTATION_STYLE_ASSIGNMENT (( #564 ) ) ;
#2083 = PRESENTATION_STYLE_ASSIGNMENT (( #989 ) ) ;
#2084 = EDGE_CURVE ( 'NONE', #3555, #1365, #490, .T. ) ;
#2085 =( LENGTH_UNIT ( ) NAMED_UNIT ( * ) SI_UNIT ( .MILLI., .METRE. ) );
#2086 = ORIENTED_EDGE ( 'NONE', *, *, #1721, .T. ) ;
#2087 = CARTESIAN_POINT ( 'NONE',  ( 3.627000000000020208, 1.410641085557713614, -1.813500000000009882 ) ) ;
#2088 = FILL_AREA_STYLE ('',( #615 ) ) ;
#2089 = CARTESIAN_POINT ( 'NONE',  ( 3.627000000000016211, 1.700641085557713872, -1.813500000000007883 ) ) ;
#2090 = UNCERTAINTY_MEASURE_WITH_UNIT (LENGTH_MEASURE( 1.000000000000000082E-05 ), #477, 'distance_accuracy_value', 'NONE');
#2091 = EDGE_CURVE ( 'NONE', #54, #3914, #2570, .T. ) ;
#2092 = CARTESIAN_POINT ( 'NONE',  ( 2.143131898507871995E-16, 2.298641085557713737, -1.750000000000003331 ) ) ;
#2093 = CIRCLE ( 'NONE', #3135, 0.06349999999999975109 ) ;
#2094 = AXIS2_PLACEMENT_3D ( 'NONE', #1845, #2628, #717 ) ;
#2095 = CARTESIAN_POINT ( 'NONE',  ( 2.220896970253739783E-16, 0.8666410855577142414, -1.813500000000012324 ) ) ;
#2096 =( GEOMETRIC_REPRESENTATION_CONTEXT ( 3 ) GLOBAL_UNCERTAINTY_ASSIGNED_CONTEXT ( ( #2358 ) ) GLOBAL_UNIT_ASSIGNED_CONTEXT ( ( #3705, #4018, #3635 ) ) REPRESENTATION_CONTEXT ( 'NONE', 'WORKASPACE' ) );
#2097 = ORIENTED_EDGE ( 'NONE', *, *, #1582, .T. ) ;
#2098 = DIRECTION ( 'NONE',  ( 0.0000000000000000000, 0.0000000000000000000, 1.000000000000000000 ) ) ;
#2099 = FILL_AREA_STYLE_COLOUR ( '', #577 ) ;
#2100 = CARTESIAN_POINT ( 'NONE',  ( 2.065366826762017026E-16, 2.153641085557714163, -1.686500000000004551 ) ) ;
#2101 = MECHANICAL_DESIGN_GEOMETRIC_PRESENTATION_REPRESENTATION (  '', ( #834 ), #2366 ) ;
#2102 = ORIENTED_EDGE ( 'NONE', *, *, #806, .F. ) ;
#2103 = STYLED_ITEM ( 'NONE', ( #259 ), #4044 ) ;
#2104 = DIRECTION ( 'NONE',  ( -0.0000000000000000000, -1.000000000000000000, -0.0000000000000000000 ) ) ;
#2105 = SURFACE_SIDE_STYLE ('',( #936 ) ) ;
#2106 = DIRECTION ( 'NONE',  ( 0.0000000000000000000, -0.0000000000000000000, 1.000000000000000000 ) ) ;
#2107 = SURFACE_SIDE_STYLE ('',( #4408 ) ) ;
#2108 =( GEOMETRIC_REPRESENTATION_CONTEXT ( 3 ) GLOBAL_UNCERTAINTY_ASSIGNED_CONTEXT ( ( #971 ) ) GLOBAL_UNIT_ASSIGNED_CONTEXT ( ( #3288, #593, #213 ) ) REPRESENTATION_CONTEXT ( 'NONE', 'WORKASPACE' ) );
#2109 = FACE_OUTER_BOUND ( 'NONE', #3281, .T. ) ;
#2110 = CARTESIAN_POINT ( 'NONE',  ( 0.0000000000000000000, 1.138641085557713817, 1.813500000000010992 ) ) ;
#2111 = CARTESIAN_POINT ( 'NONE',  ( 0.0000000000000000000, 2.443641085557714643, 1.686500000000002553 ) ) ;
#2112 = CARTESIAN_POINT ( 'NONE',  ( 0.0000000000000000000, 2.733641085557713790, 0.0000000000000000000 ) ) ;
#2113 = MECHANICAL_DESIGN_GEOMETRIC_PRESENTATION_REPRESENTATION (  '', ( #40 ), #601 ) ;
#2114 = EDGE_CURVE ( 'NONE', #4763, #955, #3228, .T. ) ;
#2115 = CARTESIAN_POINT ( 'NONE',  ( 2.150000000000175771, 0.2000000000043127835, 1.121383074576236760 ) ) ;
#2116 = CARTESIAN_POINT ( 'NONE',  ( -3.627000000000021096, 1.138641085557713817, -1.813500000000011658 ) ) ;
#2117 = SURFACE_SIDE_STYLE ('',( #2511 ) ) ;
#2118 = CIRCLE ( 'NONE', #1745, 0.06349999999999975109 ) ;
#2119 = PRESENTATION_STYLE_ASSIGNMENT (( #4085 ) ) ;
#2120 = EDGE_CURVE ( 'NONE', #2762, #88, #1128, .T. ) ;
#2121 = CIRCLE ( 'NONE', #4935, 1.686500000000009436 ) ;
#2122 = UNCERTAINTY_MEASURE_WITH_UNIT (LENGTH_MEASURE( 1.000000000000000082E-05 ), #2747, 'distance_accuracy_value', 'NONE');
#2123 = FILL_AREA_STYLE_COLOUR ( '', #4135 ) ;
#2124 = ORIENTED_EDGE ( 'NONE', *, *, #4732, .T. ) ;
#2125 = CARTESIAN_POINT ( 'NONE',  ( -3.373000000000018428, 1.428641085557713852, -1.686500000000009880 ) ) ;
#2126 = EDGE_LOOP ( 'NONE', ( #3669, #4900, #1387, #2829 ) ) ;
#2127 = LINE ( 'NONE', #4187, #3533 ) ;
#2128 = CARTESIAN_POINT ( 'NONE',  ( -2.114734603858307249, -9.207336830333668314E-17, 1.112705316497224040 ) ) ;
#2129 = CARTESIAN_POINT ( 'NONE',  ( 0.0000000000000000000, 1.428641085557713852, 1.750000000000009326 ) ) ;
#2130 = UNCERTAINTY_MEASURE_WITH_UNIT (LENGTH_MEASURE( 1.000000000000000082E-05 ), #4139, 'distance_accuracy_value', 'NONE');
#2131 = PRESENTATION_STYLE_ASSIGNMENT (( #4078 ) ) ;
#2132 = DIRECTION ( 'NONE',  ( 0.0000000000000000000, 0.0000000000000000000, 1.000000000000000000 ) ) ;
#2133 = CARTESIAN_POINT ( 'NONE',  ( 2.220896970253728937E-16, 2.298641085557713737, -1.813500000000002998 ) ) ;
#2134 = SURFACE_STYLE_FILL_AREA ( #2088 ) ;
#2135 = PRESENTATION_STYLE_ASSIGNMENT (( #4153 ) ) ;
#2136 = CARTESIAN_POINT ( 'NONE',  ( 2.065366826762025161E-16, 1.265641085557713597, -1.686500000000011656 ) ) ;
#2137 = AXIS2_PLACEMENT_3D ( 'NONE', #3335, #4428, #2524 ) ;
#2138 = CLOSED_SHELL ( 'NONE', ( #4398, #4610, #4061, #2588 ) ) ;
#2139 = CARTESIAN_POINT ( 'NONE',  ( 2.220896970253732388E-16, 1.736641085557714126, -1.813500000000005885 ) ) ;
#2140 = DIRECTION ( 'NONE',  ( 0.0000000000000000000, 1.000000000000000000, 0.0000000000000000000 ) ) ;
#2141 =( LENGTH_UNIT ( ) NAMED_UNIT ( * ) SI_UNIT ( .MILLI., .METRE. ) );
#2142 = PRESENTATION_LAYER_ASSIGNMENT (  '', '', ( #1111 ) ) ;
#2143 = AXIS2_PLACEMENT_3D ( 'NONE', #261, #2924, #610 ) ;
#2144 = CARTESIAN_POINT ( 'NONE',  ( 0.0000000000000000000, 2.298641085557713737, 0.0000000000000000000 ) ) ;
#2145 = CARTESIAN_POINT ( 'NONE',  ( 2.220896970253733374E-16, 1.718641085557713888, -1.813500000000006995 ) ) ;
#2146 = AXIS2_PLACEMENT_3D ( 'NONE', #1246, #2917, #4024 ) ;
#2147 = ORIENTED_EDGE ( 'NONE', *, *, #1767, .F. ) ;
#2148 = PRESENTATION_STYLE_ASSIGNMENT (( #187 ) ) ;
#2149 = DIRECTION ( 'NONE',  ( 0.0000000000000000000, 0.0000000000000000000, 1.000000000000000000 ) ) ;
#2150 = FACE_OUTER_BOUND ( 'NONE', #203, .T. ) ;
#2151 = SURFACE_SIDE_STYLE ('',( #2988 ) ) ;
#2152 = CARTESIAN_POINT ( 'NONE',  ( 2.143131898507871995E-16, 2.298641085557713737, -1.750000000000003331 ) ) ;
#2153 = STYLED_ITEM ( 'NONE', ( #2868 ), #2184 ) ;
#2154 = EDGE_LOOP ( 'NONE', ( #4418, #470, #3604, #1579 ) ) ;
#2155 = DIRECTION ( 'NONE',  ( 0.0000000000000000000, 1.000000000000000000, 0.0000000000000000000 ) ) ;
#2156 =( NAMED_UNIT ( * ) PLANE_ANGLE_UNIT ( ) SI_UNIT ( $, .RADIAN. ) );
#2157 =( NAMED_UNIT ( * ) SI_UNIT ( $, .STERADIAN. ) SOLID_ANGLE_UNIT ( ) );
#2158 = FACE_OUTER_BOUND ( 'NONE', #42, .T. ) ;
#2159 = CARTESIAN_POINT ( 'NONE',  ( 2.065366826762025654E-16, 1.265641085557713597, -1.686500000000011656 ) ) ;
#2160 = PRESENTATION_LAYER_ASSIGNMENT (  '', '', ( #2828 ) ) ;
#2161 = DIRECTION ( 'NONE',  ( 0.0000000000000000000, -0.0000000000000000000, 1.000000000000000000 ) ) ;
#2162 = STYLED_ITEM ( 'NONE', ( #2741 ), #2357 ) ;
#2163 = FILL_AREA_STYLE_COLOUR ( '', #4819 ) ;
#2164 = CARTESIAN_POINT ( 'NONE',  ( 0.0000000000000000000, 1.863641085557713684, 1.813500000000006107 ) ) ;
#2165 = COLOUR_RGB ( '',0.9098039215686274384, 0.4431372549019607643, 0.03137254901960784270 ) ;
#2166 = CARTESIAN_POINT ( 'NONE',  ( 2.065366826762011849E-16, 2.860641085557713570, -1.686500000000000332 ) ) ;
#2167 = EDGE_LOOP ( 'NONE', ( #113, #2881, #4216, #507 ) ) ;
#2168 = AXIS2_PLACEMENT_3D ( 'NONE', #3618, #1388, #4726 ) ;
#2169 = VECTOR ( 'NONE', #3039, 1000.000000000000000 ) ;
#2170 = SURFACE_STYLE_USAGE ( .BOTH. , #1002 ) ;
#2171 =( NAMED_UNIT ( * ) SI_UNIT ( $, .STERADIAN. ) SOLID_ANGLE_UNIT ( ) );
#2172 = EDGE_CURVE ( 'NONE', #4142, #88, #3198, .T. ) ;
#2173 = CARTESIAN_POINT ( 'NONE',  ( 0.0000000000000000000, 3.500000000000000000, 0.0000000000000000000 ) ) ;
#2174 = UNCERTAINTY_MEASURE_WITH_UNIT (LENGTH_MEASURE( 1.000000000000000082E-05 ), #3315, 'distance_accuracy_value', 'NONE');
#2175 =( GEOMETRIC_REPRESENTATION_CONTEXT ( 3 ) GLOBAL_UNCERTAINTY_ASSIGNED_CONTEXT ( ( #2174 ) ) GLOBAL_UNIT_ASSIGNED_CONTEXT ( ( #3315, #1035, #611 ) ) REPRESENTATION_CONTEXT ( 'NONE', 'WORKASPACE' ) );
#2176 = ORIENTED_EDGE ( 'NONE', *, *, #4732, .F. ) ;
#2177 = SURFACE_SIDE_STYLE ('',( #258 ) ) ;
#2178 = CARTESIAN_POINT ( 'NONE',  ( 3.373000000000004217, 2.316641085557715307, -1.686500000000002109 ) ) ;
#2179 = ADVANCED_FACE ( 'NONE', ( #1783 ), #1048, .T. ) ;
#2180 = DIRECTION ( 'NONE',  ( -0.0000000000000000000, 0.0000000000000000000, -1.000000000000000000 ) ) ;
#2181 =( NAMED_UNIT ( * ) SI_UNIT ( $, .STERADIAN. ) SOLID_ANGLE_UNIT ( ) );
#2182 = SURFACE_SIDE_STYLE ('',( #4494 ) ) ;
#2183 = COLOUR_RGB ( '',0.9098039215686274384, 0.4431372549019607643, 0.03137254901960784270 ) ;
#2184 = MANIFOLD_SOLID_BREP ( 'Revolve1[6]', #4470 ) ;
#2185 = FACE_OUTER_BOUND ( 'NONE', #3201, .T. ) ;
#2186 = SURFACE_SIDE_STYLE ('',( #3677 ) ) ;
#2187 = CARTESIAN_POINT ( 'NONE',  ( 0.0000000000000000000, 2.860641085557713570, 1.813500000000000334 ) ) ;
#2188 = SURFACE_SIDE_STYLE ('',( #4062 ) ) ;
#2189 = CARTESIAN_POINT ( 'NONE',  ( 2.220896970253738304E-16, 1.138641085557713817, -1.813500000000010992 ) ) ;
#2190 = UNCERTAINTY_MEASURE_WITH_UNIT (LENGTH_MEASURE( 1.000000000000000082E-05 ), #423, 'distance_accuracy_value', 'NONE');
#2191 = DIRECTION ( 'NONE',  ( 0.0000000000000000000, 0.0000000000000000000, -1.000000000000000000 ) ) ;
#2192 = CIRCLE ( 'NONE', #679, 0.06349999999999975109 ) ;
#2193 = SURFACE_SIDE_STYLE ('',( #1450 ) ) ;
#2194 = EDGE_LOOP ( 'NONE', ( #2472, #1861, #1689, #4182 ) ) ;
#2195 = SURFACE_SIDE_STYLE ('',( #2970 ) ) ;
#2196 = AXIS2_PLACEMENT_3D ( 'NONE', #833, #1165, #2772 ) ;
#2197 = PRESENTATION_STYLE_ASSIGNMENT (( #4046 ) ) ;
#2198 = ORIENTED_EDGE ( 'NONE', *, *, #2249, .F. ) ;
#2199 = STYLED_ITEM ( 'NONE', ( #4082 ), #4766 ) ;
#2200 = CARTESIAN_POINT ( 'NONE',  ( 4.059178187802285043E-17, 2.799999999999999822, 2.449999999999999734 ) ) ;
#2201 = CARTESIAN_POINT ( 'NONE',  ( -3.627000000000006441, 2.153641085557714163, -1.813500000000004553 ) ) ;
#2202 =( LENGTH_UNIT ( ) NAMED_UNIT ( * ) SI_UNIT ( .MILLI., .METRE. ) );
#2203 = VECTOR ( 'NONE', #1571, 1000.000000000000000 ) ;
#2204 = ADVANCED_FACE ( 'NONE', ( #3341 ), #493, .T. ) ;
#2205 = VERTEX_POINT ( 'NONE', #1418 ) ;
#2206 = LINE ( 'NONE', #3736, #3745 ) ;
#2207 = FILL_AREA_STYLE_COLOUR ( '', #4923 ) ;
#2208 = FILL_AREA_STYLE_COLOUR ( '', #236 ) ;
#2209 = SURFACE_STYLE_FILL_AREA ( #4005 ) ;
#2210 = CARTESIAN_POINT ( 'NONE',  ( 3.627000000000009994, 2.008641085557714145, -1.813500000000004553 ) ) ;
#2211 = ORIENTED_EDGE ( 'NONE', *, *, #1386, .F. ) ;
#2212 = DIRECTION ( 'NONE',  ( 0.0000000000000000000, 1.000000000000000000, 0.0000000000000000000 ) ) ;
#2213 = CARTESIAN_POINT ( 'NONE',  ( 4.059178187802285043E-17, 0.1999999999999999833, 2.100000000000000089 ) ) ;
#2214 = DIRECTION ( 'NONE',  ( 1.000000000000000000, 0.0000000000000000000, 0.0000000000000000000 ) ) ;
#2215 =( NAMED_UNIT ( * ) SI_UNIT ( $, .STERADIAN. ) SOLID_ANGLE_UNIT ( ) );
#2216 = DIRECTION ( 'NONE',  ( -0.0000000000000000000, -1.000000000000000000, -0.0000000000000000000 ) ) ;
#2217 = SURFACE_SIDE_STYLE ('',( #218 ) ) ;
#2218 = FILL_AREA_STYLE_COLOUR ( '', #4437 ) ;
#2219 = CARTESIAN_POINT ( 'NONE',  ( 3.627000000000005109, 2.171641085557714401, 1.813500000000002998 ) ) ;
#2220 = CARTESIAN_POINT ( 'NONE',  ( 3.627000000000001556, 2.461641085557714881, -1.813500000000000556 ) ) ;
#2221 = VECTOR ( 'NONE', #4435, 1000.000000000000000 ) ;
#2222 = CARTESIAN_POINT ( 'NONE',  ( -3.626999999999999336, 2.733641085557713790, -1.813500000000000556 ) ) ;
#2223 = CIRCLE ( 'NONE', #71, 2.424871130585870560 ) ;
#2224 = ORIENTED_EDGE ( 'NONE', *, *, #2249, .T. ) ;
#2225 = CARTESIAN_POINT ( 'NONE',  ( 0.0000000000000000000, 1.283641085557714057, 0.0000000000000000000 ) ) ;
#2226 = CARTESIAN_POINT ( 'NONE',  ( 3.373000000000003773, 2.443641085557714643, -1.686500000000001886 ) ) ;
#2227 = COLOUR_RGB ( '',0.9098039215686274384, 0.4431372549019607643, 0.03137254901960784270 ) ;
#2228 = FACE_OUTER_BOUND ( 'NONE', #3328, .T. ) ;
#2229 =( BOUNDED_SURFACE ( )  B_SPLINE_SURFACE ( 3, 3, ( 
 ( #3911, #4345, #3154, #2423 ),
 ( #108, #1282, #480, #4298 ),
 ( #3172, #908, #4665, #829 ),
 ( #3558, #2826, #4716, #2771 ) ),
 .UNSPECIFIED., .F., .F., .T. ) 
 B_SPLINE_SURFACE_WITH_KNOTS ( ( 4, 4 ),
 ( 4, 4 ),
 ( 0.0000000000000000000, 1.000000000000000000 ),
 ( 0.0000000000000000000, 1.000000000000000000 ),
 .UNSPECIFIED. ) 
 GEOMETRIC_REPRESENTATION_ITEM ( )  RATIONAL_B_SPLINE_SURFACE ( (
 ( 1.000000000000000000, 0.3333333333333334259, 0.3333333333333334259, 1.000000000000000000),
 ( 0.3333333333333333703, 0.1111111111111111605, 0.1111111111111111605, 0.3333333333333333703),
 ( 0.3333333333333333703, 0.1111111111111111605, 0.1111111111111111605, 0.3333333333333333703),
 ( 1.000000000000000000, 0.3333333333333334259, 0.3333333333333334259, 1.000000000000000000) ) ) 
 REPRESENTATION_ITEM ( '' )  SURFACE ( )  );
#2230 = CARTESIAN_POINT ( 'NONE',  ( -3.373000000000004217, 2.570641085557713978, -1.686500000000002775 ) ) ;
#2231 = MECHANICAL_DESIGN_GEOMETRIC_PRESENTATION_REPRESENTATION (  '', ( #1433 ), #1768 ) ;
#2232 = CIRCLE ( 'NONE', #302, 1.686500000000006549 ) ;
#2233 = ORIENTED_EDGE ( 'NONE', *, *, #3842, .F. ) ;
#2234 = ORIENTED_EDGE ( 'NONE', *, *, #3347, .F. ) ;
#2235 = CARTESIAN_POINT ( 'NONE',  ( 2.220896970253727951E-16, 2.316641085557714863, -1.813500000000002332 ) ) ;
#2236 = CARTESIAN_POINT ( 'NONE',  ( 0.3563541452757586492, 0.1334088382678034757, -2.386701210949493834 ) ) ;
#2237 =( NAMED_UNIT ( * ) SI_UNIT ( $, .STERADIAN. ) SOLID_ANGLE_UNIT ( ) );
#2238 = CIRCLE ( 'NONE', #2143, 0.06349999999999975109 ) ;
#2239 = DIRECTION ( 'NONE',  ( -1.000000000000000000, 0.0000000000000000000, -1.224646799147353207E-16 ) ) ;
#2240 = ORIENTED_EDGE ( 'NONE', *, *, #1453, .F. ) ;
#2241 =( LENGTH_UNIT ( ) NAMED_UNIT ( * ) SI_UNIT ( .MILLI., .METRE. ) );
#2242 = CARTESIAN_POINT ( 'NONE',  ( -3.627000000000009106, 2.008641085557714145, -1.813500000000005663 ) ) ;
#2243 = VECTOR ( 'NONE', #3204, 1000.000000000000000 ) ;
#2244 =( NAMED_UNIT ( * ) SI_UNIT ( $, .STERADIAN. ) SOLID_ANGLE_UNIT ( ) );
#2245 = PRESENTATION_STYLE_ASSIGNMENT (( #4134 ) ) ;
#2246 = SURFACE_STYLE_FILL_AREA ( #2994 ) ;
#2247 = CARTESIAN_POINT ( 'NONE',  ( 0.3464101615137746837, 2.799999999999999822, -2.400000000000000355 ) ) ;
#2248 = EDGE_CURVE ( 'NONE', #3162, #1086, #2428, .T. ) ;
#2249 = EDGE_CURVE ( 'NONE', #3715, #456, #2676, .T. ) ;
#2250 = CARTESIAN_POINT ( 'NONE',  ( 3.373000000000017096, 1.446641085557714090, -1.686500000000008548 ) ) ;
#2251 = PRESENTATION_LAYER_ASSIGNMENT (  '', '', ( #4814 ) ) ;
#2252 = CARTESIAN_POINT ( 'NONE',  ( -3.627000000000023316, 0.9936410855577139101, -1.813500000000012546 ) ) ;
#2253 = CARTESIAN_POINT ( 'NONE',  ( 2.220896970253728937E-16, 2.298641085557713737, -1.813500000000002998 ) ) ;
#2254 =( LENGTH_UNIT ( ) NAMED_UNIT ( * ) SI_UNIT ( .MILLI., .METRE. ) );
#2255 = COLOUR_RGB ( '',0.7960784313725489669, 0.8235294117647058432, 0.9372549019607843146 ) ;
#2256 = EDGE_CURVE ( 'NONE', #3760, #808, #2661, .T. ) ;
#2257 = CARTESIAN_POINT ( 'NONE',  ( 3.627000000000002000, 2.588641085557713772, 1.813500000000001222 ) ) ;
#2258 = UNCERTAINTY_MEASURE_WITH_UNIT (LENGTH_MEASURE( 1.000000000000000082E-05 ), #1604, 'distance_accuracy_value', 'NONE');
#2259 = PRESENTATION_LAYER_ASSIGNMENT (  '', '', ( #4023 ) ) ;
#2260 = CARTESIAN_POINT ( 'NONE',  ( 0.0000000000000000000, 2.799999999999999822, 0.0000000000000000000 ) ) ;
#2261 = SURFACE_STYLE_USAGE ( .BOTH. , #2664 ) ;
#2262 =( NAMED_UNIT ( * ) PLANE_ANGLE_UNIT ( ) SI_UNIT ( $, .RADIAN. ) );
#2263 = MECHANICAL_DESIGN_GEOMETRIC_PRESENTATION_REPRESENTATION (  '', ( #3860 ), #1715 ) ;
#2264 = DIRECTION ( 'NONE',  ( 0.0000000000000000000, 1.000000000000000000, 0.0000000000000000000 ) ) ;
#2265 =( NAMED_UNIT ( * ) PLANE_ANGLE_UNIT ( ) SI_UNIT ( $, .RADIAN. ) );
#2266 = STYLED_ITEM ( 'NONE', ( #3163 ), #3468 ) ;
#2267 = COLOUR_RGB ( '',0.7529411764705882248, 0.7529411764705882248, 0.7529411764705882248 ) ;
#2268 = ORIENTED_EDGE ( 'NONE', *, *, #2954, .T. ) ;
#2269 = SURFACE_STYLE_FILL_AREA ( #2344 ) ;
#2270 = PRESENTATION_STYLE_ASSIGNMENT (( #735 ) ) ;
#2271 = CIRCLE ( 'NONE', #3141, 0.06349999999999975109 ) ;
#2272 = CARTESIAN_POINT ( 'NONE',  ( 2.220896970253728937E-16, 2.425641085557712628, -1.813500000000002998 ) ) ;
#2273 = DIRECTION ( 'NONE',  ( -0.0000000000000000000, -1.000000000000000000, -0.0000000000000000000 ) ) ;
#2274 = PRESENTATION_LAYER_ASSIGNMENT (  '', '', ( #4192 ) ) ;
#2275 = DIRECTION ( 'NONE',  ( 0.0000000000000000000, 0.0000000000000000000, 1.000000000000000000 ) ) ;
#2276 = DIRECTION ( 'NONE',  ( 0.0000000000000000000, 1.000000000000000000, 0.0000000000000000000 ) ) ;
#2277 = DIRECTION ( 'NONE',  ( 1.000000000000000000, 0.0000000000000000000, 0.0000000000000000000 ) ) ;
#2278 = CARTESIAN_POINT ( 'NONE',  ( 0.3464101615137746837, 0.1999999999999999833, -2.400000000000000355 ) ) ;
#2279 = CIRCLE ( 'NONE', #426, 1.813500000000005219 ) ;
#2280 = ADVANCED_FACE ( 'NONE', ( #2109 ), #4783, .T. ) ;
#2281 = SURFACE_SIDE_STYLE ('',( #4958 ) ) ;
#2282 = COLOUR_RGB ( '',0.7960784313725489669, 0.8235294117647058432, 0.9372549019607843146 ) ;
#2283 = CARTESIAN_POINT ( 'NONE',  ( -4.441793940507461817E-16, 2.135641085557713925, 1.813500000000005219 ) ) ;
#2284 = MANIFOLD_SOLID_BREP ( 'Extrude2', #3746 ) ;
#2285 = CIRCLE ( 'NONE', #279, 2.424871130596427893 ) ;
#2286 = EDGE_CURVE ( 'NONE', #88, #2762, #1702, .T. ) ;
#2287 = CARTESIAN_POINT ( 'NONE',  ( -4.130733653524042927E-16, 1.573641085557713870, 1.686500000000008548 ) ) ;
#2288 = DIRECTION ( 'NONE',  ( 1.224646799147355179E-16, 0.0000000000000000000, -1.000000000000000000 ) ) ;
#2289 = SURFACE_SIDE_STYLE ('',( #759 ) ) ;
#2290 = CARTESIAN_POINT ( 'NONE',  ( 2.220896970253727457E-16, 2.570641085557713978, -1.813500000000002332 ) ) ;
#2291 = CIRCLE ( 'NONE', #1569, 0.06349999999999975109 ) ;
#2292 = ORIENTED_EDGE ( 'NONE', *, *, #2506, .T. ) ;
#2293 = CARTESIAN_POINT ( 'NONE',  ( 2.150000000000000355, 3.500000000000000000, 1.121383074600289076 ) ) ;
#2294 = LINE ( 'NONE', #4926, #4649 ) ;
#2295 = DIRECTION ( 'NONE',  ( 0.0000000000000000000, 1.000000000000000000, 0.0000000000000000000 ) ) ;
#2296 =( BOUNDED_SURFACE ( )  B_SPLINE_SURFACE ( 3, 3, ( 
 ( #3062, #1176, #3488, #1521 ),
 ( #4178, #62, #3901, #767 ),
 ( #2682, #2708, #1988, #2653 ),
 ( #39, #3522, #3087, #3013 ) ),
 .UNSPECIFIED., .F., .F., .F. ) 
 B_SPLINE_SURFACE_WITH_KNOTS ( ( 4, 4 ),
 ( 4, 4 ),
 ( 0.0000000000000000000, 1.000000000000000000 ),
 ( 0.0000000000000000000, 1.000000000000000000 ),
 .UNSPECIFIED. ) 
 GEOMETRIC_REPRESENTATION_ITEM ( )  RATIONAL_B_SPLINE_SURFACE ( (
 ( 1.000000000000000000, 0.3333333333333334259, 0.3333333333333334259, 1.000000000000000000),
 ( 0.3333333333333333703, 0.1111111111111111605, 0.1111111111111111605, 0.3333333333333333703),
 ( 0.3333333333333333703, 0.1111111111111111605, 0.1111111111111111605, 0.3333333333333333703),
 ( 1.000000000000000000, 0.3333333333333334259, 0.3333333333333334259, 1.000000000000000000) ) ) 
 REPRESENTATION_ITEM ( '' )  SURFACE ( )  );
#2297 = EDGE_LOOP ( 'NONE', ( #4967, #2426, #2700, #2010 ) ) ;
#2298 = DIRECTION ( 'NONE',  ( -0.0000000000000000000, -1.000000000000000000, -0.0000000000000000000 ) ) ;
#2299 = FILL_AREA_STYLE_COLOUR ( '', #950 ) ;
#2300 = SURFACE_SIDE_STYLE ('',( #715 ) ) ;
#2301 = CARTESIAN_POINT ( 'NONE',  ( -3.373000000000007770, 2.153641085557714163, -1.686500000000004995 ) ) ;
#2302 = SURFACE_STYLE_USAGE ( .BOTH. , #3375 ) ;
#2303 = EDGE_CURVE ( 'NONE', #3380, #2350, #1107, .T. ) ;
#2304 = CARTESIAN_POINT ( 'NONE',  ( 0.3464101615137746837, 0.9000000000000001332, 2.400000000000000355 ) ) ;
#2305 = SURFACE_STYLE_USAGE ( .BOTH. , #4614 ) ;
#2306 = DIRECTION ( 'NONE',  ( 0.0000000000000000000, 1.000000000000000000, 0.0000000000000000000 ) ) ;
#2307 = CARTESIAN_POINT ( 'NONE',  ( 0.0000000000000000000, 1.138641085557713817, 0.0000000000000000000 ) ) ;
#2308 = DIRECTION ( 'NONE',  ( 0.0000000000000000000, 1.000000000000000000, 0.0000000000000000000 ) ) ;
#2309 = ADVANCED_FACE ( 'NONE', ( #121 ), #4355, .T. ) ;
#2310 = EDGE_CURVE ( 'NONE', #3291, #2755, #4736, .T. ) ;
#2311 = CARTESIAN_POINT ( 'NONE',  ( 2.220896970253727457E-16, 2.443641085557714643, -1.813500000000001888 ) ) ;
#2312 = CLOSED_SHELL ( 'NONE', ( #2850, #2619, #3348, #2981, #4742, #2686, #3660, #316, #5, #1336, #4090 ) ) ;
#2313 = MANIFOLD_SOLID_BREP ( 'Revolve1[7]', #4403 ) ;
#2314 = ORIENTED_EDGE ( 'NONE', *, *, #3435, .F. ) ;
#2315 =( NAMED_UNIT ( * ) SI_UNIT ( $, .STERADIAN. ) SOLID_ANGLE_UNIT ( ) );
#2316 = CARTESIAN_POINT ( 'NONE',  ( 0.0000000000000000000, 1.573641085557713870, 0.0000000000000000000 ) ) ;
#2317 = CARTESIAN_POINT ( 'NONE',  ( 2.220896970253732881E-16, 1.863641085557713684, -1.813500000000006107 ) ) ;
#2318 = CARTESIAN_POINT ( 'NONE',  ( 2.220896970253731402E-16, 1.881641085557714810, -1.813500000000005219 ) ) ;
#2319 = EDGE_CURVE ( 'NONE', #2921, #2714, #4897, .T. ) ;
#2320 = SURFACE_SIDE_STYLE ('',( #4678 ) ) ;
#2321 = ORIENTED_EDGE ( 'NONE', *, *, #3903, .F. ) ;
#2322 = DIRECTION ( 'NONE',  ( 0.0000000000000000000, 0.0000000000000000000, 1.000000000000000000 ) ) ;
#2323 = COLOUR_RGB ( '',0.7529411764705882248, 0.7529411764705882248, 0.7529411764705882248 ) ;
#2324 = CARTESIAN_POINT ( 'NONE',  ( -3.373000000000009102, 2.026641085557714828, -1.686500000000004995 ) ) ;
#2325 = PRESENTATION_STYLE_ASSIGNMENT (( #768 ) ) ;
#2326 = MANIFOLD_SOLID_BREP ( 'Revolve1[13]', #546 ) ;
#2327 = CARTESIAN_POINT ( 'NONE',  ( 3.627000000000015767, 1.573641085557713870, -1.813500000000007661 ) ) ;
#2328 = AXIS2_PLACEMENT_3D ( 'NONE', #347, #779, #1133 ) ;
#2329 = ORIENTED_EDGE ( 'NONE', *, *, #4635, .F. ) ;
#2330 =( NAMED_UNIT ( * ) SI_UNIT ( $, .STERADIAN. ) SOLID_ANGLE_UNIT ( ) );
#2331 = AXIS2_PLACEMENT_3D ( 'NONE', #50, #758, #3073 ) ;
#2332 = CARTESIAN_POINT ( 'NONE',  ( -4.130733653524036517E-16, 2.008641085557714590, 1.686500000000005661 ) ) ;
#2333 = ORIENTED_EDGE ( 'NONE', *, *, #2091, .T. ) ;
#2334 = CARTESIAN_POINT ( 'NONE',  ( -3.627000000000014435, 1.573641085557713870, -1.813500000000008550 ) ) ;
#2335 = DIRECTION ( 'NONE',  ( 0.0000000000000000000, 1.000000000000000000, 0.0000000000000000000 ) ) ;
#2336 = FILL_AREA_STYLE_COLOUR ( '', #503 ) ;
#2337 = CARTESIAN_POINT ( 'NONE',  ( -3.627000000000020208, 1.156641085557714055, 1.813500000000008994 ) ) ;
#2338 =( GEOMETRIC_REPRESENTATION_CONTEXT ( 3 ) GLOBAL_UNCERTAINTY_ASSIGNED_CONTEXT ( ( #4756 ) ) GLOBAL_UNIT_ASSIGNED_CONTEXT ( ( #2020, #880, #1333 ) ) REPRESENTATION_CONTEXT ( 'NONE', 'WORKASPACE' ) );
#2339 = CARTESIAN_POINT ( 'NONE',  ( 0.0000000000000000000, 0.9000000000000001332, 0.0000000000000000000 ) ) ;
#2340 = EDGE_LOOP ( 'NONE', ( #2329, #1699, #2781, #3816 ) ) ;
#2341 = EDGE_CURVE ( 'NONE', #4464, #119, #2127, .T. ) ;
#2342 = COLOUR_RGB ( '',0.9098039215686274384, 0.4431372549019607643, 0.03137254901960784270 ) ;
#2343 = DIRECTION ( 'NONE',  ( 0.0000000000000000000, 0.0000000000000000000, 1.000000000000000000 ) ) ;
#2344 = FILL_AREA_STYLE ('',( #734 ) ) ;
#2345 = CARTESIAN_POINT ( 'NONE',  ( 0.0000000000000000000, 2.733641085557713790, 1.813500000000000112 ) ) ;
#2346 = CARTESIAN_POINT ( 'NONE',  ( 4.059178187802285043E-17, 0.9000000000000001332, 2.449999999999999734 ) ) ;
#2347 = CARTESIAN_POINT ( 'NONE',  ( 2.065366826762019245E-16, 1.990641085557713463, -1.686500000000006549 ) ) ;
#2348 = PRESENTATION_LAYER_ASSIGNMENT (  '', '', ( #2754 ) ) ;
#2349 = MECHANICAL_DESIGN_GEOMETRIC_PRESENTATION_REPRESENTATION (  '', ( #1788 ), #4579 ) ;
#2350 = VERTEX_POINT ( 'NONE', #3120 ) ;
#2351 = ADVANCED_FACE ( 'NONE', ( #4208 ), #1562, .T. ) ;
#2352 = CARTESIAN_POINT ( 'NONE',  ( -3.373000000000025089, 1.120641085557713579, -1.686500000000013211 ) ) ;
#2353 = PRESENTATION_STYLE_ASSIGNMENT (( #2730 ) ) ;
#2354 = SURFACE_STYLE_FILL_AREA ( #2035 ) ;
#2355 = MECHANICAL_DESIGN_GEOMETRIC_PRESENTATION_REPRESENTATION (  '', ( #1720 ), #745 ) ;
#2356 = SURFACE_STYLE_FILL_AREA ( #2759 ) ;
#2357 = MANIFOLD_SOLID_BREP ( 'Extrude1', #1680 ) ;
#2358 = UNCERTAINTY_MEASURE_WITH_UNIT (LENGTH_MEASURE( 1.000000000000000082E-05 ), #3705, 'distance_accuracy_value', 'NONE');
#2359 = UNCERTAINTY_MEASURE_WITH_UNIT (LENGTH_MEASURE( 1.000000000000000082E-05 ), #4190, 'distance_accuracy_value', 'NONE');
#2360 = COLOUR_RGB ( '',0.7529411764705882248, 0.7529411764705882248, 0.7529411764705882248 ) ;
#2361 = MECHANICAL_DESIGN_GEOMETRIC_PRESENTATION_REPRESENTATION (  '', ( #4192 ), #751 ) ;
#2362 = EDGE_LOOP ( 'NONE', ( #2740, #3877, #784, #1574 ) ) ;
#2363 = CARTESIAN_POINT ( 'NONE',  ( 3.373000000000002885, 2.461641085557714881, -1.686500000000001442 ) ) ;
#2364 = CARTESIAN_POINT ( 'NONE',  ( -3.373000000000010434, 2.008641085557714145, 1.686500000000004551 ) ) ;
#2365 = UNCERTAINTY_MEASURE_WITH_UNIT (LENGTH_MEASURE( 1.000000000000000082E-05 ), #3551, 'distance_accuracy_value', 'NONE');
#2366 =( GEOMETRIC_REPRESENTATION_CONTEXT ( 3 ) GLOBAL_UNCERTAINTY_ASSIGNED_CONTEXT ( ( #1446 ) ) GLOBAL_UNIT_ASSIGNED_CONTEXT ( ( #3165, #4285, #2409 ) ) REPRESENTATION_CONTEXT ( 'NONE', 'WORKASPACE' ) );
#2367 = ORIENTED_EDGE ( 'NONE', *, *, #4643, .F. ) ;
#2368 =( LENGTH_UNIT ( ) NAMED_UNIT ( * ) SI_UNIT ( .MILLI., .METRE. ) );
#2369 = CARTESIAN_POINT ( 'NONE',  ( 3.627000000000000224, 2.606641085557714455, 1.813500000000000334 ) ) ;
#2370 = SURFACE_SIDE_STYLE ('',( #4639 ) ) ;
#2371 = PRESENTATION_STYLE_ASSIGNMENT (( #549 ) ) ;
#2372 = CARTESIAN_POINT ( 'NONE',  ( -3.373000000000021537, 1.156641085557714055, 1.686500000000009658 ) ) ;
#2373 = CIRCLE ( 'NONE', #4688, 0.06349999999999975109 ) ;
#2374 = CARTESIAN_POINT ( 'NONE',  ( 2.143131898507878405E-16, 1.573641085557713870, -1.750000000000008216 ) ) ;
#2375 = ORIENTED_EDGE ( 'NONE', *, *, #659, .F. ) ;
#2376 = CIRCLE ( 'NONE', #201, 2.424871130596427893 ) ;
#2377 = DIRECTION ( 'NONE',  ( 0.0000000000000000000, 0.0000000000000000000, 1.000000000000000000 ) ) ;
#2378 = DIRECTION ( 'NONE',  ( 0.0000000000000000000, 0.0000000000000000000, -1.000000000000000000 ) ) ;
#2379 = CARTESIAN_POINT ( 'NONE',  ( 2.220896970253732388E-16, 1.990641085557713463, -1.813500000000005885 ) ) ;
#2380 = EDGE_CURVE ( 'NONE', #3391, #3232, #814, .T. ) ;
#2381 = VERTEX_POINT ( 'NONE', #905 ) ;
#2382 = DIRECTION ( 'NONE',  ( -0.0000000000000000000, -1.000000000000000000, -0.0000000000000000000 ) ) ;
#2383 = CARTESIAN_POINT ( 'NONE',  ( -3.627000000000023316, 0.9936410855577139101, -1.813500000000012546 ) ) ;
#2384 = CYLINDRICAL_SURFACE ( 'NONE', #545, 1.750000000000000000 ) ;
#2385 = STYLED_ITEM ( 'NONE', ( #558 ), #2799 ) ;
#2386 = SURFACE_SIDE_STYLE ('',( #2356 ) ) ;
#2387 = MANIFOLD_SOLID_BREP ( 'Revolve1[9]', #874 ) ;
#2388 = ADVANCED_FACE ( 'NONE', ( #4740 ), #1248, .T. ) ;
#2389 = CARTESIAN_POINT ( 'NONE',  ( 0.0000000000000000000, 2.008641085557714590, 0.0000000000000000000 ) ) ;
#2390 = VERTEX_POINT ( 'NONE', #3750 ) ;
#2391 = CARTESIAN_POINT ( 'NONE',  ( -0.3464101615137754608, 0.9000000000000001332, 2.400000000000000355 ) ) ;
#2392 = EDGE_CURVE ( 'NONE', #1547, #4375, #4421, .T. ) ;
#2393 = MANIFOLD_SOLID_BREP ( 'Revolve1[1]', #787 ) ;
#2394 = ORIENTED_EDGE ( 'NONE', *, *, #436, .F. ) ;
#2395 = PRESENTATION_STYLE_ASSIGNMENT (( #2305 ) ) ;
#2396 = CARTESIAN_POINT ( 'NONE',  ( 2.065366826762011849E-16, 2.733641085557713790, -1.686500000000000554 ) ) ;
#2397 = CARTESIAN_POINT ( 'NONE',  ( 0.0000000000000000000, 2.799999999999999822, 0.0000000000000000000 ) ) ;
#2398 = SURFACE_STYLE_FILL_AREA ( #3505 ) ;
#2399 = FILL_AREA_STYLE_COLOUR ( '', #4797 ) ;
#2400 = DIRECTION ( 'NONE',  ( 0.0000000000000000000, 1.000000000000000000, 0.0000000000000000000 ) ) ;
#2401 = COLOUR_RGB ( '',0.7960784313725489669, 0.8235294117647058432, 0.9372549019607843146 ) ;
#2402 = CARTESIAN_POINT ( 'NONE',  ( 0.0000000000000000000, 2.799999999999999822, 0.0000000000000000000 ) ) ;
#2403 =( LENGTH_UNIT ( ) NAMED_UNIT ( * ) SI_UNIT ( .MILLI., .METRE. ) );
#2404 = CARTESIAN_POINT ( 'NONE',  ( 0.3464101615137746837, 3.500000000000000000, 2.400000000000000355 ) ) ;
#2405 = CIRCLE ( 'NONE', #947, 1.686500000000007438 ) ;
#2406 = COLOUR_RGB ( '',0.9098039215686274384, 0.4431372549019607643, 0.03137254901960784270 ) ;
#2407 = ORIENTED_EDGE ( 'NONE', *, *, #1716, .F. ) ;
#2408 = CARTESIAN_POINT ( 'NONE',  ( -4.441793940507479567E-16, 1.120641085557713579, 1.813500000000012324 ) ) ;
#2409 =( NAMED_UNIT ( * ) SI_UNIT ( $, .STERADIAN. ) SOLID_ANGLE_UNIT ( ) );
#2410 = PRESENTATION_STYLE_ASSIGNMENT (( #3573 ) ) ;
#2411 = COLOUR_RGB ( '',0.2509803921568627416, 0.2509803921568627416, 0.2509803921568627416 ) ;
#2412 = CARTESIAN_POINT ( 'NONE',  ( -3.627000000000000668, 2.461641085557714881, -1.813500000000001888 ) ) ;
#2413 = STYLED_ITEM ( 'NONE', ( #4902 ), #1336 ) ;
#2414 = CARTESIAN_POINT ( 'NONE',  ( 2.065366826762013328E-16, 2.461641085557714437, -1.686500000000001664 ) ) ;
#2415 = CARTESIAN_POINT ( 'NONE',  ( 0.3464101615137755719, 3.500000000000000000, -2.400000000000000355 ) ) ;
#2416 = VECTOR ( 'NONE', #2180, 1000.000000000000000 ) ;
#2417 = UNCERTAINTY_MEASURE_WITH_UNIT (LENGTH_MEASURE( 1.000000000000000082E-05 ), #1398, 'distance_accuracy_value', 'NONE');
#2418 = VERTEX_POINT ( 'NONE', #3399 ) ;
#2419 = CARTESIAN_POINT ( 'NONE',  ( 0.0000000000000000000, 2.606641085557714455, 1.686500000000000332 ) ) ;
#2420 = ADVANCED_FACE ( 'NONE', ( #4114 ), #2064, .T. ) ;
#2421 = AXIS2_PLACEMENT_3D ( 'NONE', #887, #529, #1266 ) ;
#2422 = CARTESIAN_POINT ( 'NONE',  ( 3.373000000000022425, 1.138641085557713817, 1.686500000000011656 ) ) ;
#2423 = CARTESIAN_POINT ( 'NONE',  ( 2.220896970253737318E-16, 1.283641085557714057, -1.813500000000009882 ) ) ;
#2424 = SURFACE_STYLE_FILL_AREA ( #4321 ) ;
#2425 =( GEOMETRIC_REPRESENTATION_CONTEXT ( 3 ) GLOBAL_UNCERTAINTY_ASSIGNED_CONTEXT ( ( #2190 ) ) GLOBAL_UNIT_ASSIGNED_CONTEXT ( ( #423, #3475, #78 ) ) REPRESENTATION_CONTEXT ( 'NONE', 'WORKASPACE' ) );
#2426 = ORIENTED_EDGE ( 'NONE', *, *, #1912, .F. ) ;
#2427 = CARTESIAN_POINT ( 'NONE',  ( 2.065366826762027133E-16, 1.120641085557713579, -1.686500000000012989 ) ) ;
#2428 = CIRCLE ( 'NONE', #1049, 0.06349999999999975109 ) ;
#2429 = CARTESIAN_POINT ( 'NONE',  ( -3.373000000000012655, 1.863641085557713684, 1.686500000000005661 ) ) ;
#2430 =( NAMED_UNIT ( * ) PLANE_ANGLE_UNIT ( ) SI_UNIT ( $, .RADIAN. ) );
#2431 = ORIENTED_EDGE ( 'NONE', *, *, #1047, .F. ) ;
#2432 =( NAMED_UNIT ( * ) SI_UNIT ( $, .STERADIAN. ) SOLID_ANGLE_UNIT ( ) );
#2433 = DIRECTION ( 'NONE',  ( 0.0000000000000000000, 1.000000000000000000, 0.0000000000000000000 ) ) ;
#2434 = CARTESIAN_POINT ( 'NONE',  ( 0.0000000000000000000, 2.298641085557713737, 0.0000000000000000000 ) ) ;
#2435 = FILL_AREA_STYLE_COLOUR ( '', #2589 ) ;
#2436 = COLOUR_RGB ( '',0.2509803921568627416, 0.2509803921568627416, 0.2509803921568627416 ) ;
#2437 = SURFACE_STYLE_FILL_AREA ( #1228 ) ;
#2438 = ORIENTED_EDGE ( 'NONE', *, *, #4673, .T. ) ;
#2439 = CARTESIAN_POINT ( 'NONE',  ( -3.373000000000020648, 1.283641085557714057, 1.686500000000009658 ) ) ;
#2440 = CARTESIAN_POINT ( 'NONE',  ( 0.0000000000000000000, 2.588641085557713772, 1.686500000000001664 ) ) ;
#2441 =( BOUNDED_SURFACE ( )  B_SPLINE_SURFACE ( 3, 3, ( 
 ( #2317, #403, #4624, #2723 ),
 ( #3483, #3388, #3159, #2831 ),
 ( #2457, #2009, #510, #3514 ),
 ( #2075, #2879, #2429, #1287 ) ),
 .UNSPECIFIED., .F., .F., .T. ) 
 B_SPLINE_SURFACE_WITH_KNOTS ( ( 4, 4 ),
 ( 4, 4 ),
 ( 0.0000000000000000000, 1.000000000000000000 ),
 ( 0.0000000000000000000, 1.000000000000000000 ),
 .UNSPECIFIED. ) 
 GEOMETRIC_REPRESENTATION_ITEM ( )  RATIONAL_B_SPLINE_SURFACE ( (
 ( 1.000000000000000000, 0.3333333333333334259, 0.3333333333333334259, 1.000000000000000000),
 ( 0.3333333333333333703, 0.1111111111111111605, 0.1111111111111111605, 0.3333333333333333703),
 ( 0.3333333333333333703, 0.1111111111111111605, 0.1111111111111111605, 0.3333333333333333703),
 ( 1.000000000000000000, 0.3333333333333334259, 0.3333333333333334259, 1.000000000000000000) ) ) 
 REPRESENTATION_ITEM ( '' )  SURFACE ( )  );
#2442 = MECHANICAL_DESIGN_GEOMETRIC_PRESENTATION_REPRESENTATION (  '', ( #4041 ), #421 ) ;
#2443 = COLOUR_RGB ( '',0.2509803921568627416, 0.2509803921568627416, 0.2509803921568627416 ) ;
#2444 = SURFACE_STYLE_USAGE ( .BOTH. , #1301 ) ;
#2445 = ORIENTED_EDGE ( 'NONE', *, *, #3557, .T. ) ;
#2446 = CARTESIAN_POINT ( 'NONE',  ( 3.627000000000005109, 2.298641085557713737, 1.813500000000002998 ) ) ;
#2447 = STYLED_ITEM ( 'NONE', ( #571 ), #3834 ) ;
#2448 = SURFACE_SIDE_STYLE ('',( #2001 ) ) ;
#2449 = UNCERTAINTY_MEASURE_WITH_UNIT (LENGTH_MEASURE( 1.000000000000000082E-05 ), #1535, 'distance_accuracy_value', 'NONE');
#2450 = CARTESIAN_POINT ( 'NONE',  ( -3.627000000000003777, 2.443641085557714643, 1.813500000000001222 ) ) ;
#2451 = PRESENTATION_LAYER_ASSIGNMENT (  '', '', ( #4758 ) ) ;
#2452 = ADVANCED_FACE ( 'NONE', ( #583 ), #3129, .F. ) ;
#2453 = ORIENTED_EDGE ( 'NONE', *, *, #3027, .F. ) ;
#2454 = CARTESIAN_POINT ( 'NONE',  ( 0.0000000000000000000, 1.301641085557714295, 1.813500000000009216 ) ) ;
#2455 = SURFACE_STYLE_FILL_AREA ( #4397 ) ;
#2456 = COLOUR_RGB ( '',0.9098039215686274384, 0.4431372549019607643, 0.03137254901960784270 ) ;
#2457 = CARTESIAN_POINT ( 'NONE',  ( 2.065366826762019245E-16, 1.736641085557714126, -1.686500000000006549 ) ) ;
#2458 = CARTESIAN_POINT ( 'NONE',  ( -3.627000000000000668, 2.715641085557713996, -1.813500000000001888 ) ) ;
#2459 = STYLED_ITEM ( 'NONE', ( #4904 ), #4215 ) ;
#2460 = ORIENTED_EDGE ( 'NONE', *, *, #2380, .F. ) ;
#2461 = CARTESIAN_POINT ( 'NONE',  ( 3.373000000000018428, 1.555641085557713854, 1.686500000000009658 ) ) ;
#2462 = CARTESIAN_POINT ( 'NONE',  ( 3.373000000000009102, 2.026641085557714828, -1.686500000000004551 ) ) ;
#2463 = FILL_AREA_STYLE_COLOUR ( '', #2323 ) ;
#2464 = AXIS2_PLACEMENT_3D ( 'NONE', #2374, #3867, #1883 ) ;
#2465 = CARTESIAN_POINT ( 'NONE',  ( 3.373000000000022425, 1.138641085557713817, -1.686500000000011212 ) ) ;
#2466 = CARTESIAN_POINT ( 'NONE',  ( -3.627000000000019764, 1.283641085557714057, 1.813500000000009216 ) ) ;
#2467 = CARTESIAN_POINT ( 'NONE',  ( -4.441793940507466748E-16, 1.845641085557713668, 1.813500000000006995 ) ) ;
#2468 =( BOUNDED_SURFACE ( )  B_SPLINE_SURFACE ( 3, 3, ( 
 ( #3490, #2814, #4289, #4686 ),
 ( #3168, #2040, #1207, #145 ),
 ( #1273, #2735, #3576, #3928 ),
 ( #66, #4337, #3884, #1600 ) ),
 .UNSPECIFIED., .F., .F., .T. ) 
 B_SPLINE_SURFACE_WITH_KNOTS ( ( 4, 4 ),
 ( 4, 4 ),
 ( 0.0000000000000000000, 1.000000000000000000 ),
 ( 0.0000000000000000000, 1.000000000000000000 ),
 .UNSPECIFIED. ) 
 GEOMETRIC_REPRESENTATION_ITEM ( )  RATIONAL_B_SPLINE_SURFACE ( (
 ( 1.000000000000000000, 0.3333333333333334259, 0.3333333333333334259, 1.000000000000000000),
 ( 0.3333333333333333703, 0.1111111111111111605, 0.1111111111111111605, 0.3333333333333333703),
 ( 0.3333333333333333703, 0.1111111111111111605, 0.1111111111111111605, 0.3333333333333333703),
 ( 1.000000000000000000, 0.3333333333333334259, 0.3333333333333334259, 1.000000000000000000) ) ) 
 REPRESENTATION_ITEM ( '' )  SURFACE ( )  );
#2469 = ORIENTED_EDGE ( 'NONE', *, *, #1650, .T. ) ;
#2470 = PLANE ( 'NONE',  #245 ) ;
#2471 =( NAMED_UNIT ( * ) SI_UNIT ( $, .STERADIAN. ) SOLID_ANGLE_UNIT ( ) );
#2472 = ORIENTED_EDGE ( 'NONE', *, *, #1609, .T. ) ;
#2473 = CARTESIAN_POINT ( 'NONE',  ( 0.0000000000000000000, 1.301641085557714295, 1.686500000000009658 ) ) ;
#2474 = ADVANCED_FACE ( 'NONE', ( #1286 ), #2074, .F. ) ;
#2475 = CARTESIAN_POINT ( 'NONE',  ( 0.0000000000000000000, 1.428641085557713852, 0.0000000000000000000 ) ) ;
#2476 = CARTESIAN_POINT ( 'NONE',  ( -3.373000000000018872, 1.555641085557713854, 1.686500000000008770 ) ) ;
#2477 = CARTESIAN_POINT ( 'NONE',  ( -4.441793940507452943E-16, 2.588641085557713772, 1.813500000000001000 ) ) ;
#2478 =( NAMED_UNIT ( * ) SI_UNIT ( $, .STERADIAN. ) SOLID_ANGLE_UNIT ( ) );
#2479 = ORIENTED_EDGE ( 'NONE', *, *, #1517, .T. ) ;
#2480 = CARTESIAN_POINT ( 'NONE',  ( 2.150000000000175326, 0.2000000000043127835, -1.121383074576237204 ) ) ;
#2481 = DIRECTION ( 'NONE',  ( 0.0000000000000000000, 0.0000000000000000000, -1.000000000000000000 ) ) ;
#2482 = CARTESIAN_POINT ( 'NONE',  ( -0.3464101615137754608, 0.9000000000000001332, 2.399999999999999911 ) ) ;
#2483 = CARTESIAN_POINT ( 'NONE',  ( 2.220896970253730416E-16, 2.153641085557714163, -1.813500000000004109 ) ) ;
#2484 = DIRECTION ( 'NONE',  ( 1.224646799147351482E-16, 0.0000000000000000000, -1.000000000000000000 ) ) ;
#2485 = FILL_AREA_STYLE_COLOUR ( '', #1722 ) ;
#2486 = CARTESIAN_POINT ( 'NONE',  ( 3.627000000000008662, 2.280641085557713499, -1.813500000000004109 ) ) ;
#2487 =( LENGTH_UNIT ( ) NAMED_UNIT ( * ) SI_UNIT ( .MILLI., .METRE. ) );
#2488 = DIRECTION ( 'NONE',  ( 1.000000000000000000, 0.0000000000000000000, 0.0000000000000000000 ) ) ;
#2489 = DIRECTION ( 'NONE',  ( 0.0000000000000000000, 1.000000000000000000, 0.0000000000000000000 ) ) ;
#2490 = ORIENTED_EDGE ( 'NONE', *, *, #2172, .F. ) ;
#2491 = SURFACE_SIDE_STYLE ('',( #3987 ) ) ;
#2492 = AXIS2_PLACEMENT_3D ( 'NONE', #686, #2940, #1819 ) ;
#2493 = CARTESIAN_POINT ( 'NONE',  ( 0.0000000000000000000, 2.733641085557713790, 1.750000000000000222 ) ) ;
#2494 = CARTESIAN_POINT ( 'NONE',  ( 2.065366826762020231E-16, 1.718641085557713888, -1.686500000000007438 ) ) ;
#2495 = STYLED_ITEM ( 'NONE', ( #375 ), #1578 ) ;
#2496 = VERTEX_POINT ( 'NONE', #4489 ) ;
#2497 = CARTESIAN_POINT ( 'NONE',  ( 0.0000000000000000000, 0.9936410855577139101, 0.0000000000000000000 ) ) ;
#2498 =( LENGTH_UNIT ( ) NAMED_UNIT ( * ) SI_UNIT ( .MILLI., .METRE. ) );
#2499 = DIRECTION ( 'NONE',  ( 0.0000000000000000000, 0.0000000000000000000, 1.000000000000000000 ) ) ;
#2500 = EDGE_CURVE ( 'NONE', #1836, #3790, #737, .T. ) ;
#2501 = EDGE_LOOP ( 'NONE', ( #2026, #2407, #4531, #683 ) ) ;
#2502 = FACE_OUTER_BOUND ( 'NONE', #691, .T. ) ;
#2503 = DIRECTION ( 'NONE',  ( -0.0000000000000000000, -1.000000000000000000, -0.0000000000000000000 ) ) ;
#2504 = CARTESIAN_POINT ( 'NONE',  ( 2.065366826762016780E-16, 2.153641085557714163, -1.686500000000004551 ) ) ;
#2505 =( LENGTH_UNIT ( ) NAMED_UNIT ( * ) SI_UNIT ( .MILLI., .METRE. ) );
#2506 = EDGE_CURVE ( 'NONE', #47, #3207, #1631, .T. ) ;
#2507 = DIRECTION ( 'NONE',  ( 0.0000000000000000000, 0.0000000000000000000, 1.000000000000000000 ) ) ;
#2508 = SURFACE_STYLE_USAGE ( .BOTH. , #173 ) ;
#2509 = CARTESIAN_POINT ( 'NONE',  ( 0.0000000000000000000, 1.283641085557714057, 1.750000000000010214 ) ) ;
#2510 = SURFACE_STYLE_USAGE ( .BOTH. , #1612 ) ;
#2511 = SURFACE_STYLE_FILL_AREA ( #968 ) ;
#2512 = CIRCLE ( 'NONE', #3864, 1.686500000000001664 ) ;
#2513 =( GEOMETRIC_REPRESENTATION_CONTEXT ( 3 ) GLOBAL_UNCERTAINTY_ASSIGNED_CONTEXT ( ( #3690 ) ) GLOBAL_UNIT_ASSIGNED_CONTEXT ( ( #1226, #1294, #4653 ) ) REPRESENTATION_CONTEXT ( 'NONE', 'WORKASPACE' ) );
#2514 = AXIS2_PLACEMENT_3D ( 'NONE', #4427, #3977, #4780 ) ;
#2515 =( GEOMETRIC_REPRESENTATION_CONTEXT ( 3 ) GLOBAL_UNCERTAINTY_ASSIGNED_CONTEXT ( ( #1833 ) ) GLOBAL_UNIT_ASSIGNED_CONTEXT ( ( #4675, #3844, #486 ) ) REPRESENTATION_CONTEXT ( 'NONE', 'WORKASPACE' ) );
#2516 = CARTESIAN_POINT ( 'NONE',  ( 0.0000000000000000000, 0.9936410855577139101, 1.686500000000012545 ) ) ;
#2517 =( LENGTH_UNIT ( ) NAMED_UNIT ( * ) SI_UNIT ( .MILLI., .METRE. ) );
#2518 = AXIS2_PLACEMENT_3D ( 'NONE', #2173, #1484, #1857 ) ;
#2519 = ORIENTED_EDGE ( 'NONE', *, *, #1242, .F. ) ;
#2520 = DIRECTION ( 'NONE',  ( 0.0000000000000000000, 1.000000000000000000, 0.0000000000000000000 ) ) ;
#2521 = VECTOR ( 'NONE', #3266, 1000.000000000000000 ) ;
#2522 =( LENGTH_UNIT ( ) NAMED_UNIT ( * ) SI_UNIT ( .MILLI., .METRE. ) );
#2523 =( NAMED_UNIT ( * ) SI_UNIT ( $, .STERADIAN. ) SOLID_ANGLE_UNIT ( ) );
#2524 = DIRECTION ( 'NONE',  ( 1.224646799147355179E-16, 0.0000000000000000000, -1.000000000000000000 ) ) ;
#2525 = CARTESIAN_POINT ( 'NONE',  ( 3.627000000000007773, 2.153641085557714163, -1.813500000000003665 ) ) ;
#2526 = CARTESIAN_POINT ( 'NONE',  ( 3.373000000000007770, 2.153641085557714163, 1.686500000000004551 ) ) ;
#2527 = PRESENTATION_LAYER_ASSIGNMENT (  '', '', ( #1736 ) ) ;
#2528 =( NAMED_UNIT ( * ) SI_UNIT ( $, .STERADIAN. ) SOLID_ANGLE_UNIT ( ) );
#2529 = DIRECTION ( 'NONE',  ( -8.067077954237138078E-16, -1.422443498810457913E-16, 1.000000000000000000 ) ) ;
#2530 = COLOUR_RGB ( '',0.9098039215686274384, 0.4431372549019607643, 0.03137254901960784270 ) ;
#2531 = CARTESIAN_POINT ( 'NONE',  ( -4.441793940507477595E-16, 1.265641085557713597, 1.813500000000011214 ) ) ;
#2532 = PRESENTATION_STYLE_ASSIGNMENT (( #1073 ) ) ;
#2533 =( GEOMETRIC_REPRESENTATION_CONTEXT ( 3 ) GLOBAL_UNCERTAINTY_ASSIGNED_CONTEXT ( ( #275 ) ) GLOBAL_UNIT_ASSIGNED_CONTEXT ( ( #3805, #1157, #20 ) ) REPRESENTATION_CONTEXT ( 'NONE', 'WORKASPACE' ) );
#2534 = SURFACE_STYLE_USAGE ( .BOTH. , #1475 ) ;
#2535 = CARTESIAN_POINT ( 'NONE',  ( 2.065366826762019245E-16, 1.863641085557713684, -1.686500000000006549 ) ) ;
#2536 = PRESENTATION_LAYER_ASSIGNMENT (  '', '', ( #770 ) ) ;
#2537 = EDGE_CURVE ( 'NONE', #155, #1365, #1300, .T. ) ;
#2538 = CARTESIAN_POINT ( 'NONE',  ( 2.065366826762018012E-16, 2.008641085557714590, -1.686500000000005661 ) ) ;
#2539 = ORIENTED_EDGE ( 'NONE', *, *, #44, .T. ) ;
#2540 =( LENGTH_UNIT ( ) NAMED_UNIT ( * ) SI_UNIT ( .MILLI., .METRE. ) );
#2541 = SURFACE_STYLE_USAGE ( .BOTH. , #2830 ) ;
#2542 =( NAMED_UNIT ( * ) PLANE_ANGLE_UNIT ( ) SI_UNIT ( $, .RADIAN. ) );
#2543 = FILL_AREA_STYLE ('',( #4449 ) ) ;
#2544 =( LENGTH_UNIT ( ) NAMED_UNIT ( * ) SI_UNIT ( .MILLI., .METRE. ) );
#2545 = ORIENTED_EDGE ( 'NONE', *, *, #560, .T. ) ;
#2546 = DIRECTION ( 'NONE',  ( 0.0000000000000000000, 1.000000000000000000, 0.0000000000000000000 ) ) ;
#2547 = DIRECTION ( 'NONE',  ( 1.224646799147355179E-16, 0.0000000000000000000, -1.000000000000000000 ) ) ;
#2548 = CARTESIAN_POINT ( 'NONE',  ( 2.143131898507874707E-16, 2.008641085557714590, -1.750000000000005551 ) ) ;
#2549 = SURFACE_SIDE_STYLE ('',( #612 ) ) ;
#2550 =( NAMED_UNIT ( * ) PLANE_ANGLE_UNIT ( ) SI_UNIT ( $, .RADIAN. ) );
#2551 = CARTESIAN_POINT ( 'NONE',  ( 3.373000000000022425, 1.265641085557713597, 1.686500000000011656 ) ) ;
#2552 = MECHANICAL_DESIGN_GEOMETRIC_PRESENTATION_REPRESENTATION (  '', ( #4154 ), #1828 ) ;
#2553 =( GEOMETRIC_REPRESENTATION_CONTEXT ( 3 ) GLOBAL_UNCERTAINTY_ASSIGNED_CONTEXT ( ( #1212 ) ) GLOBAL_UNIT_ASSIGNED_CONTEXT ( ( #29, #3030, #1905 ) ) REPRESENTATION_CONTEXT ( 'NONE', 'WORKASPACE' ) );
#2554 = DIRECTION ( 'NONE',  ( 0.0000000000000000000, 1.000000000000000000, 0.0000000000000000000 ) ) ;
#2555 = EDGE_CURVE ( 'NONE', #4898, #835, #1507, .T. ) ;
#2556 = CIRCLE ( 'NONE', #4158, 1.686500000000010546 ) ;
#2557 = CARTESIAN_POINT ( 'NONE',  ( 3.373000000000006438, 2.171641085557714401, -1.686500000000003219 ) ) ;
#2558 = SURFACE_SIDE_STYLE ('',( #1425 ) ) ;
#2559 = FACE_OUTER_BOUND ( 'NONE', #4304, .T. ) ;
#2560 = COLOUR_RGB ( '',0.2509803921568627416, 0.2509803921568627416, 0.2509803921568627416 ) ;
#2561 = EDGE_CURVE ( 'NONE', #4702, #3391, #2583, .T. ) ;
#2562 = ORIENTED_EDGE ( 'NONE', *, *, #498, .F. ) ;
#2563 = STYLED_ITEM ( 'NONE', ( #2410 ), #1193 ) ;
#2564 = FILL_AREA_STYLE ('',( #1024 ) ) ;
#2565 = CARTESIAN_POINT ( 'NONE',  ( -3.373000000000009102, 2.280641085557713499, -1.686500000000004995 ) ) ;
#2566 = CARTESIAN_POINT ( 'NONE',  ( 2.150000000000000799, 0.9000000000000001332, -1.121383074600288410 ) ) ;
#2567 = CARTESIAN_POINT ( 'NONE',  ( 2.220896970253728937E-16, 2.425641085557712628, -1.813500000000002998 ) ) ;
#2568 =( GEOMETRIC_REPRESENTATION_CONTEXT ( 3 ) GLOBAL_UNCERTAINTY_ASSIGNED_CONTEXT ( ( #4202 ) ) GLOBAL_UNIT_ASSIGNED_CONTEXT ( ( #3438, #4, #3764 ) ) REPRESENTATION_CONTEXT ( 'NONE', 'WORKASPACE' ) );
#2569 = ORIENTED_EDGE ( 'NONE', *, *, #1299, .F. ) ;
#2570 = CIRCLE ( 'NONE', #3443, 0.06349999999999975109 ) ;
#2571 = FILL_AREA_STYLE ('',( #4430 ) ) ;
#2572 = DIRECTION ( 'NONE',  ( 0.0000000000000000000, -0.9848077530122080203, -0.1736481776669307198 ) ) ;
#2573 = STYLED_ITEM ( 'NONE', ( #2148 ), #2313 ) ;
#2574 = EDGE_LOOP ( 'NONE', ( #146, #1474, #1610, #1755 ) ) ;
#2575 = DIRECTION ( 'NONE',  ( -1.000000000000000000, 0.0000000000000000000, -1.224646799147353207E-16 ) ) ;
#2576 = CARTESIAN_POINT ( 'NONE',  ( -3.627000000000009550, 1.881641085557714810, -1.813500000000006329 ) ) ;
#2577 = CARTESIAN_POINT ( 'NONE',  ( 2.065366826762015300E-16, 2.298641085557713737, -1.686500000000003441 ) ) ;
#2578 = PRESENTATION_STYLE_ASSIGNMENT (( #1043 ) ) ;
#2579 = CARTESIAN_POINT ( 'NONE',  ( 5.421010862427522170E-17, 0.2000000000066393113, 2.449999999999999734 ) ) ;
#2580 = CARTESIAN_POINT ( 'NONE',  ( 2.220896970253738304E-16, 1.265641085557713597, -1.813500000000011214 ) ) ;
#2581 = PRESENTATION_LAYER_ASSIGNMENT (  '', '', ( #1926 ) ) ;
#2582 = FILL_AREA_STYLE ('',( #3657 ) ) ;
#2583 = CIRCLE ( 'NONE', #4658, 0.3500000000000000333 ) ;
#2584 = ORIENTED_EDGE ( 'NONE', *, *, #4768, .T. ) ;
#2585 = FILL_AREA_STYLE ('',( #674 ) ) ;
#2586 = UNCERTAINTY_MEASURE_WITH_UNIT (LENGTH_MEASURE( 1.000000000000000082E-05 ), #4837, 'distance_accuracy_value', 'NONE');
#2587 = CIRCLE ( 'NONE', #2909, 1.813500000000005219 ) ;
#2588 = ADVANCED_FACE ( 'NONE', ( #1431 ), #890, .T. ) ;
#2589 = COLOUR_RGB ( '',0.7529411764705882248, 0.7529411764705882248, 0.7529411764705882248 ) ;
#2590 = ORIENTED_EDGE ( 'NONE', *, *, #712, .T. ) ;
#2591 = STYLED_ITEM ( 'NONE', ( #4370 ), #3665 ) ;
#2592 = COLOUR_RGB ( '',0.7529411764705882248, 0.7529411764705882248, 0.7529411764705882248 ) ;
#2593 = DIRECTION ( 'NONE',  ( 0.0000000000000000000, -0.0000000000000000000, 1.000000000000000000 ) ) ;
#2594 = CARTESIAN_POINT ( 'NONE',  ( -4.441793940507459845E-16, 2.280641085557713499, 1.813500000000003887 ) ) ;
#2595 = DIRECTION ( 'NONE',  ( 0.0000000000000000000, 0.0000000000000000000, -1.000000000000000000 ) ) ;
#2596 =( BOUNDED_SURFACE ( )  B_SPLINE_SURFACE ( 3, 3, ( 
 ( #3296, #2422, #617, #2929 ),
 ( #4456, #2551, #4081, #2159 ),
 ( #3702, #2949, #4602, #4201 ),
 ( #2654, #4136, #4498, #3445 ) ),
 .UNSPECIFIED., .F., .F., .T. ) 
 B_SPLINE_SURFACE_WITH_KNOTS ( ( 4, 4 ),
 ( 4, 4 ),
 ( 0.0000000000000000000, 1.000000000000000000 ),
 ( 0.0000000000000000000, 1.000000000000000000 ),
 .UNSPECIFIED. ) 
 GEOMETRIC_REPRESENTATION_ITEM ( )  RATIONAL_B_SPLINE_SURFACE ( (
 ( 1.000000000000000000, 0.3333333333333334259, 0.3333333333333334259, 1.000000000000000000),
 ( 0.3333333333333333703, 0.1111111111111111605, 0.1111111111111111605, 0.3333333333333333703),
 ( 0.3333333333333333703, 0.1111111111111111605, 0.1111111111111111605, 0.3333333333333333703),
 ( 1.000000000000000000, 0.3333333333333334259, 0.3333333333333334259, 1.000000000000000000) ) ) 
 REPRESENTATION_ITEM ( '' )  SURFACE ( )  );
#2597 = EDGE_CURVE ( 'NONE', #2714, #3544, #4264, .T. ) ;
#2598 = CARTESIAN_POINT ( 'NONE',  ( 3.373000000000005993, 2.298641085557713737, -1.686500000000002997 ) ) ;
#2599 = PRESENTATION_LAYER_ASSIGNMENT (  '', '', ( #4041 ) ) ;
#2600 = ORIENTED_EDGE ( 'NONE', *, *, #659, .T. ) ;
#2601 = DIRECTION ( 'NONE',  ( 0.0000000000000000000, 0.0000000000000000000, -1.000000000000000000 ) ) ;
#2602 = COLOUR_RGB ( '',0.9098039215686274384, 0.4431372549019607643, 0.03137254901960784270 ) ;
#2603 = LINE ( 'NONE', #2964, #2416 ) ;
#2604 = EDGE_CURVE ( 'NONE', #3544, #4300, #4822, .T. ) ;
#2605 = MECHANICAL_DESIGN_GEOMETRIC_PRESENTATION_REPRESENTATION (  '', ( #1319 ), #4841 ) ;
#2606 =( BOUNDED_SURFACE ( )  B_SPLINE_SURFACE ( 3, 3, ( 
 ( #2538, #4553, #2364, #2332 ),
 ( #3425, #4263, #752, #1898 ),
 ( #1971, #1525, #4233, #2283 ),
 ( #799, #4206, #450, #341 ) ),
 .UNSPECIFIED., .F., .F., .T. ) 
 B_SPLINE_SURFACE_WITH_KNOTS ( ( 4, 4 ),
 ( 4, 4 ),
 ( 0.0000000000000000000, 1.000000000000000000 ),
 ( 0.0000000000000000000, 1.000000000000000000 ),
 .UNSPECIFIED. ) 
 GEOMETRIC_REPRESENTATION_ITEM ( )  RATIONAL_B_SPLINE_SURFACE ( (
 ( 1.000000000000000000, 0.3333333333333334259, 0.3333333333333334259, 1.000000000000000000),
 ( 0.3333333333333333703, 0.1111111111111111605, 0.1111111111111111605, 0.3333333333333333703),
 ( 0.3333333333333333703, 0.1111111111111111605, 0.1111111111111111605, 0.3333333333333333703),
 ( 1.000000000000000000, 0.3333333333333334259, 0.3333333333333334259, 1.000000000000000000) ) ) 
 REPRESENTATION_ITEM ( '' )  SURFACE ( )  );
#2607 = CARTESIAN_POINT ( 'NONE',  ( 2.065366826762017766E-16, 1.881641085557714810, -1.686500000000005661 ) ) ;
#2608 =( NAMED_UNIT ( * ) PLANE_ANGLE_UNIT ( ) SI_UNIT ( $, .RADIAN. ) );
#2609 = STYLED_ITEM ( 'NONE', ( #2083 ), #4204 ) ;
#2610 =( GEOMETRIC_REPRESENTATION_CONTEXT ( 3 ) GLOBAL_UNCERTAINTY_ASSIGNED_CONTEXT ( ( #3729 ) ) GLOBAL_UNIT_ASSIGNED_CONTEXT ( ( #2517, #973, #2471 ) ) REPRESENTATION_CONTEXT ( 'NONE', 'WORKASPACE' ) );
#2611 = FACE_OUTER_BOUND ( 'NONE', #844, .T. ) ;
#2612 = SURFACE_STYLE_USAGE ( .BOTH. , #2195 ) ;
#2613 = AXIS2_PLACEMENT_3D ( 'NONE', #3527, #1015, #1825 ) ;
#2614 = UNCERTAINTY_MEASURE_WITH_UNIT (LENGTH_MEASURE( 1.000000000000000082E-05 ), #4627, 'distance_accuracy_value', 'NONE');
#2615 = ORIENTED_EDGE ( 'NONE', *, *, #3008, .T. ) ;
#2616 = COLOUR_RGB ( '',0.2509803921568627416, 0.2509803921568627416, 0.2509803921568627416 ) ;
#2617 = CARTESIAN_POINT ( 'NONE',  ( 2.143131898507868544E-16, 2.733641085557713790, -1.750000000000000222 ) ) ;
#2618 = CARTESIAN_POINT ( 'NONE',  ( -3.373000000000003773, 2.443641085557714643, -1.686500000000002553 ) ) ;
#2619 = ADVANCED_FACE ( 'NONE', ( #1529 ), #105, .T. ) ;
#2620 = ADVANCED_FACE ( 'NONE', ( #49 ), #1078, .T. ) ;
#2621 = CARTESIAN_POINT ( 'NONE',  ( 0.0000000000000000000, 2.316641085557714863, 1.686500000000002331 ) ) ;
#2622 = DIRECTION ( 'NONE',  ( 0.0000000000000000000, 0.0000000000000000000, 1.000000000000000000 ) ) ;
#2623 = CARTESIAN_POINT ( 'NONE',  ( 0.0000000000000000000, 2.008641085557714590, 1.686500000000005661 ) ) ;
#2624 = ORIENTED_EDGE ( 'NONE', *, *, #2500, .T. ) ;
#2625 = DIRECTION ( 'NONE',  ( -0.0000000000000000000, 1.000000000000000000, 0.0000000000000000000 ) ) ;
#2626 =( NAMED_UNIT ( * ) SI_UNIT ( $, .STERADIAN. ) SOLID_ANGLE_UNIT ( ) );
#2627 = CARTESIAN_POINT ( 'NONE',  ( -4.441793940507460831E-16, 2.153641085557714163, 1.813500000000004109 ) ) ;
#2628 = DIRECTION ( 'NONE',  ( -1.000000000000000000, 0.0000000000000000000, -1.224646799147353207E-16 ) ) ;
#2629 = CARTESIAN_POINT ( 'NONE',  ( 0.0000000000000000000, 0.9936410855577139101, 1.750000000000012434 ) ) ;
#2630 = ORIENTED_EDGE ( 'NONE', *, *, #4514, .T. ) ;
#2631 = CIRCLE ( 'NONE', #3096, 0.3500000000000000333 ) ;
#2632 = CARTESIAN_POINT ( 'NONE',  ( 3.373000000000002885, 2.715641085557713996, -1.686500000000001442 ) ) ;
#2633 = MECHANICAL_DESIGN_GEOMETRIC_PRESENTATION_REPRESENTATION (  '', ( #4071 ), #472 ) ;
#2634 = MECHANICAL_DESIGN_GEOMETRIC_PRESENTATION_REPRESENTATION (  '', ( #3507 ), #2553 ) ;
#2635 = ORIENTED_EDGE ( 'NONE', *, *, #3659, .F. ) ;
#2636 = CARTESIAN_POINT ( 'NONE',  ( 0.0000000000000000000, 2.298641085557713737, 1.750000000000003331 ) ) ;
#2637 = CARTESIAN_POINT ( 'NONE',  ( 0.3464101615137755719, 0.9000000000000001332, 2.399999999999999911 ) ) ;
#2638 = DIRECTION ( 'NONE',  ( 0.0000000000000000000, 0.0000000000000000000, -1.000000000000000000 ) ) ;
#2639 =( GEOMETRIC_REPRESENTATION_CONTEXT ( 3 ) GLOBAL_UNCERTAINTY_ASSIGNED_CONTEXT ( ( #794 ) ) GLOBAL_UNIT_ASSIGNED_CONTEXT ( ( #2896, #4093, #4419 ) ) REPRESENTATION_CONTEXT ( 'NONE', 'WORKASPACE' ) );
#2640 = DIRECTION ( 'NONE',  ( -0.0000000000000000000, 1.000000000000000000, 0.0000000000000000000 ) ) ;
#2641 = CARTESIAN_POINT ( 'NONE',  ( 0.0000000000000000000, 2.799999999999999822, 0.0000000000000000000 ) ) ;
#2642 = UNCERTAINTY_MEASURE_WITH_UNIT (LENGTH_MEASURE( 1.000000000000000082E-05 ), #1989, 'distance_accuracy_value', 'NONE');
#2643 = ORIENTED_EDGE ( 'NONE', *, *, #2084, .T. ) ;
#2644 = CARTESIAN_POINT ( 'NONE',  ( -3.627000000000017099, 1.428641085557713852, -1.813500000000009660 ) ) ;
#2645 = CARTESIAN_POINT ( 'NONE',  ( 0.0000000000000000000, 2.316641085557714863, 1.813500000000002332 ) ) ;
#2646 = CARTESIAN_POINT ( 'NONE',  ( 0.0000000000000000000, 1.283641085557714057, 0.0000000000000000000 ) ) ;
#2647 = SURFACE_STYLE_USAGE ( .BOTH. , #327 ) ;
#2648 = EDGE_CURVE ( 'NONE', #4719, #1787, #1541, .T. ) ;
#2649 = ORIENTED_EDGE ( 'NONE', *, *, #1342, .T. ) ;
#2650 = VECTOR ( 'NONE', #3177, 1000.000000000000114 ) ;
#2651 = DIRECTION ( 'NONE',  ( 0.0000000000000000000, -1.000000000000000000, 0.0000000000000000000 ) ) ;
#2652 = CARTESIAN_POINT ( 'NONE',  ( 3.626999999999999336, 2.733641085557713790, 1.813500000000000334 ) ) ;
#2653 = CARTESIAN_POINT ( 'NONE',  ( -4.130733653524040955E-16, 1.591641085557714108, 1.686500000000007660 ) ) ;
#2654 = CARTESIAN_POINT ( 'NONE',  ( 0.0000000000000000000, 1.138641085557713817, 1.813500000000010992 ) ) ;
#2655 = UNCERTAINTY_MEASURE_WITH_UNIT (LENGTH_MEASURE( 1.000000000000000082E-05 ), #3149, 'distance_accuracy_value', 'NONE');
#2656 = ADVANCED_FACE ( 'NONE', ( #1781 ), #2596, .T. ) ;
#2657 = CARTESIAN_POINT ( 'NONE',  ( -2.138244785219703736, 0.1333328641308009210, -1.118501660324588753 ) ) ;
#2658 =( GEOMETRIC_REPRESENTATION_CONTEXT ( 3 ) GLOBAL_UNCERTAINTY_ASSIGNED_CONTEXT ( ( #1731 ) ) GLOBAL_UNIT_ASSIGNED_CONTEXT ( ( #3100, #154, #4320 ) ) REPRESENTATION_CONTEXT ( 'NONE', 'WORKASPACE' ) );
#2659 = CARTESIAN_POINT ( 'NONE',  ( -3.627000000000024205, 0.8666410855577141303, 1.813500000000011436 ) ) ;
#2660 = ORIENTED_EDGE ( 'NONE', *, *, #2286, .T. ) ;
#2661 = CIRCLE ( 'NONE', #3, 1.813500000000008106 ) ;
#2662 = CARTESIAN_POINT ( 'NONE',  ( 0.0000000000000000000, 2.588641085557713772, 1.686500000000001664 ) ) ;
#2663 = VERTEX_POINT ( 'NONE', #4225 ) ;
#2664 = SURFACE_SIDE_STYLE ('',( #1031 ) ) ;
#2665 = LINE ( 'NONE', #3356, #3915 ) ;
#2666 = DIRECTION ( 'NONE',  ( -0.0000000000000000000, -1.000000000000000000, -0.0000000000000000000 ) ) ;
#2667 = AXIS2_PLACEMENT_3D ( 'NONE', #4165, #346, #1054 ) ;
#2668 = CARTESIAN_POINT ( 'NONE',  ( 2.143131898507868297E-16, 2.799999999999999822, 1.750000000000000000 ) ) ;
#2669 = CARTESIAN_POINT ( 'NONE',  ( 3.373000000000013987, 1.718641085557713666, 1.686500000000007216 ) ) ;
#2670 = CIRCLE ( 'NONE', #3300, 1.750000000000000000 ) ;
#2671 = ORIENTED_EDGE ( 'NONE', *, *, #2849, .F. ) ;
#2672 = CARTESIAN_POINT ( 'NONE',  ( -3.627000000000017099, 1.301641085557714073, -1.813500000000010104 ) ) ;
#2673 =( NAMED_UNIT ( * ) SI_UNIT ( $, .STERADIAN. ) SOLID_ANGLE_UNIT ( ) );
#2674 = FILL_AREA_STYLE ('',( #3080 ) ) ;
#2675 = SURFACE_STYLE_FILL_AREA ( #2779 ) ;
#2676 = B_SPLINE_CURVE_WITH_KNOTS ( 'NONE', 3,
 ( #238, #4103, #3653, #664 ),
 .UNSPECIFIED., .F., .F.,
 ( 4, 4 ),
 ( 2.815273913388290290E-16, 0.0002058910168554014717 ),
 .UNSPECIFIED. ) ;
#2677 = EDGE_LOOP ( 'NONE', ( #2453, #1693, #525, #1337 ) ) ;
#2678 =( GEOMETRIC_REPRESENTATION_CONTEXT ( 3 ) GLOBAL_UNCERTAINTY_ASSIGNED_CONTEXT ( ( #1044 ) ) GLOBAL_UNIT_ASSIGNED_CONTEXT ( ( #3066, #416, #389 ) ) REPRESENTATION_CONTEXT ( 'NONE', 'WORKASPACE' ) );
#2679 = FILL_AREA_STYLE ('',( #1823 ) ) ;
#2680 = AXIS2_PLACEMENT_3D ( 'NONE', #1683, #3115, #4654 ) ;
#2681 = EDGE_CURVE ( 'NONE', #2833, #732, #2670, .T. ) ;
#2682 = CARTESIAN_POINT ( 'NONE',  ( 2.065366826762019984E-16, 1.591641085557714108, -1.686500000000007660 ) ) ;
#2683 = COLOUR_RGB ( '',0.7960784313725489669, 0.8235294117647058432, 0.9372549019607843146 ) ;
#2684 = FILL_AREA_STYLE_COLOUR ( '', #2602 ) ;
#2685 = CARTESIAN_POINT ( 'NONE',  ( -2.114734603858307249, 2.304916437934207460E-17, 0.6352653961416933059 ) ) ;
#2686 = ADVANCED_FACE ( 'NONE', ( #11 ), #3744, .T. ) ;
#2687 = FILL_AREA_STYLE_COLOUR ( '', #2761 ) ;
#2688 = ORIENTED_EDGE ( 'NONE', *, *, #1936, .F. ) ;
#2689 = CARTESIAN_POINT ( 'NONE',  ( 4.059178187802285043E-17, 0.1999999999999999833, 2.449999999999999734 ) ) ;
#2690 = CARTESIAN_POINT ( 'NONE',  ( -0.3746197183059363778, 0.0000000000000000000, 2.360058396053836827 ) ) ;
#2691 = EDGE_CURVE ( 'NONE', #4265, #3699, #1860, .T. ) ;
#2692 = CARTESIAN_POINT ( 'NONE',  ( 3.373000000000015763, 1.573641085557713870, -1.686500000000007882 ) ) ;
#2693 = CARTESIAN_POINT ( 'NONE',  ( 0.0000000000000000000, 2.443641085557714643, 1.813500000000001888 ) ) ;
#2694 =( GEOMETRIC_REPRESENTATION_CONTEXT ( 3 ) GLOBAL_UNCERTAINTY_ASSIGNED_CONTEXT ( ( #3638 ) ) GLOBAL_UNIT_ASSIGNED_CONTEXT ( ( #281, #4068, #1084 ) ) REPRESENTATION_CONTEXT ( 'NONE', 'WORKASPACE' ) );
#2695 = CARTESIAN_POINT ( 'NONE',  ( 0.0000000000000000000, 2.008641085557714590, 0.0000000000000000000 ) ) ;
#2696 = UNCERTAINTY_MEASURE_WITH_UNIT (LENGTH_MEASURE( 1.000000000000000082E-05 ), #4173, 'distance_accuracy_value', 'NONE');
#2697 = DIRECTION ( 'NONE',  ( 1.000000000000000000, 0.0000000000000000000, 0.0000000000000000000 ) ) ;
#2698 = STYLED_ITEM ( 'NONE', ( #2821 ), #4742 ) ;
#2699 = ORIENTED_EDGE ( 'NONE', *, *, #260, .F. ) ;
#2700 = ORIENTED_EDGE ( 'NONE', *, *, #3285, .T. ) ;
#2701 =( LENGTH_UNIT ( ) NAMED_UNIT ( * ) SI_UNIT ( .MILLI., .METRE. ) );
#2702 = CARTESIAN_POINT ( 'NONE',  ( -2.150000000000000355, 2.799999999999999822, -1.121383074600289076 ) ) ;
#2703 = FACE_OUTER_BOUND ( 'NONE', #547, .T. ) ;
#2704 = CARTESIAN_POINT ( 'NONE',  ( 2.143131898507869530E-16, 2.588641085557713772, -1.686500000000001664 ) ) ;
#2705 = VERTEX_POINT ( 'NONE', #2278 ) ;
#2706 = DIRECTION ( 'NONE',  ( -0.0000000000000000000, -1.000000000000000000, -0.0000000000000000000 ) ) ;
#2707 =( LENGTH_UNIT ( ) NAMED_UNIT ( * ) SI_UNIT ( .MILLI., .METRE. ) );
#2708 = CARTESIAN_POINT ( 'NONE',  ( -3.373000000000014431, 1.591641085557714108, -1.686500000000008548 ) ) ;
#2709 = CARTESIAN_POINT ( 'NONE',  ( -2.114734603858307249, -1.156027393900173180E-16, -1.112705316497224040 ) ) ;
#2710 = UNCERTAINTY_MEASURE_WITH_UNIT (LENGTH_MEASURE( 1.000000000000000082E-05 ), #2540, 'distance_accuracy_value', 'NONE');
#2711 = FILL_AREA_STYLE_COLOUR ( '', #288 ) ;
#2712 = EDGE_CURVE ( 'NONE', #1430, #3391, #3421, .T. ) ;
#2713 = MECHANICAL_DESIGN_GEOMETRIC_PRESENTATION_REPRESENTATION (  '', ( #4006 ), #4866 ) ;
#2714 = VERTEX_POINT ( 'NONE', #3373 ) ;
#2715 = FILL_AREA_STYLE ('',( #23 ) ) ;
#2716 = DIRECTION ( 'NONE',  ( -0.0000000000000000000, -1.000000000000000000, -0.0000000000000000000 ) ) ;
#2717 = FILL_AREA_STYLE ('',( #1925 ) ) ;
#2718 = ORIENTED_EDGE ( 'NONE', *, *, #527, .F. ) ;
#2719 = FACE_OUTER_BOUND ( 'NONE', #1769, .T. ) ;
#2720 = PRESENTATION_LAYER_ASSIGNMENT (  '', '', ( #4234 ) ) ;
#2721 = CARTESIAN_POINT ( 'NONE',  ( -4.130733653524045885E-16, 1.301641085557714295, 1.686500000000009658 ) ) ;
#2722 = DIRECTION ( 'NONE',  ( 0.0000000000000000000, 0.0000000000000000000, 1.000000000000000000 ) ) ;
#2723 = CARTESIAN_POINT ( 'NONE',  ( -4.441793940507465762E-16, 1.863641085557713684, 1.813500000000006107 ) ) ;
#2724 = CARTESIAN_POINT ( 'NONE',  ( -3.627000000000010438, 1.863641085557713684, -1.813500000000006551 ) ) ;
#2725 = VECTOR ( 'NONE', #2277, 1000.000000000000000 ) ;
#2726 = AXIS2_PLACEMENT_3D ( 'NONE', #1495, #2706, #382 ) ;
#2727 = ORIENTED_EDGE ( 'NONE', *, *, #1539, .T. ) ;
#2728 = CARTESIAN_POINT ( 'NONE',  ( 0.0000000000000000000, 2.733641085557713790, 0.0000000000000000000 ) ) ;
#2729 =( LENGTH_UNIT ( ) NAMED_UNIT ( * ) SI_UNIT ( .MILLI., .METRE. ) );
#2730 = SURFACE_STYLE_USAGE ( .BOTH. , #816 ) ;
#2731 = FILL_AREA_STYLE_COLOUR ( '', #2987 ) ;
#2732 = MECHANICAL_DESIGN_GEOMETRIC_PRESENTATION_REPRESENTATION (  '', ( #954 ), #800 ) ;
#2733 = CARTESIAN_POINT ( 'NONE',  ( 2.065366826762017026E-16, 2.153641085557714163, -1.686500000000004551 ) ) ;
#2734 = DIRECTION ( 'NONE',  ( 0.0000000000000000000, 0.0000000000000000000, 1.000000000000000000 ) ) ;
#2735 = CARTESIAN_POINT ( 'NONE',  ( 3.627000000000012214, 1.990641085557713019, 1.813500000000006329 ) ) ;
#2736 = CARTESIAN_POINT ( 'NONE',  ( 3.373000000000019760, 1.283641085557714057, 1.686500000000010546 ) ) ;
#2737 = SURFACE_STYLE_FILL_AREA ( #1276 ) ;
#2738 = COLOUR_RGB ( '',0.9098039215686274384, 0.4431372549019607643, 0.03137254901960784270 ) ;
#2739 = DIRECTION ( 'NONE',  ( -0.0000000000000000000, -1.000000000000000000, -0.0000000000000000000 ) ) ;
#2740 = ORIENTED_EDGE ( 'NONE', *, *, #1278, .F. ) ;
#2741 = PRESENTATION_STYLE_ASSIGNMENT (( #48 ) ) ;
#2742 = CARTESIAN_POINT ( 'NONE',  ( -0.3746197183071762749, 0.0000000000000000000, -2.360058396053639651 ) ) ;
#2743 = CARTESIAN_POINT ( 'NONE',  ( 2.065366826762025161E-16, 1.138641085557713817, -1.686500000000011656 ) ) ;
#2744 = SURFACE_STYLE_FILL_AREA ( #4743 ) ;
#2745 = CARTESIAN_POINT ( 'NONE',  ( -4.130733653524047857E-16, 1.283641085557714057, 1.686500000000010546 ) ) ;
#2746 =( GEOMETRIC_REPRESENTATION_CONTEXT ( 3 ) GLOBAL_UNCERTAINTY_ASSIGNED_CONTEXT ( ( #3650 ) ) GLOBAL_UNIT_ASSIGNED_CONTEXT ( ( #1734, #3240, #1344 ) ) REPRESENTATION_CONTEXT ( 'NONE', 'WORKASPACE' ) );
#2747 =( LENGTH_UNIT ( ) NAMED_UNIT ( * ) SI_UNIT ( .MILLI., .METRE. ) );
#2748 = EDGE_LOOP ( 'NONE', ( #4561, #2990, #428, #296 ) ) ;
#2749 = AXIS2_PLACEMENT_3D ( 'NONE', #2916, #3969, #3611 ) ;
#2750 =( NAMED_UNIT ( * ) SI_UNIT ( $, .STERADIAN. ) SOLID_ANGLE_UNIT ( ) );
#2751 = EDGE_CURVE ( 'NONE', #21, #4626, #4909, .T. ) ;
#2752 =( NAMED_UNIT ( * ) SI_UNIT ( $, .STERADIAN. ) SOLID_ANGLE_UNIT ( ) );
#2753 = DIRECTION ( 'NONE',  ( 0.0000000000000000000, 1.000000000000000000, 0.0000000000000000000 ) ) ;
#2754 = STYLED_ITEM ( 'NONE', ( #4597 ), #3493 ) ;
#2755 = VERTEX_POINT ( 'NONE', #2247 ) ;
#2756 = CIRCLE ( 'NONE', #4037, 0.06349999999999975109 ) ;
#2757 = ADVANCED_FACE ( 'NONE', ( #3821 ), #3777, .F. ) ;
#2758 = STYLED_ITEM ( 'NONE', ( #57 ), #2925 ) ;
#2759 = FILL_AREA_STYLE ('',( #1149 ) ) ;
#2760 =( BOUNDED_SURFACE ( )  B_SPLINE_SURFACE ( 3, 3, ( 
 ( #3481, #4536, #3512, #1218 ),
 ( #2454, #2775, #930, #84 ),
 ( #2473, #3106, #554, #485 ),
 ( #1619, #1243, #458, #3968 ) ),
 .UNSPECIFIED., .F., .F., .T. ) 
 B_SPLINE_SURFACE_WITH_KNOTS ( ( 4, 4 ),
 ( 4, 4 ),
 ( 0.0000000000000000000, 1.000000000000000000 ),
 ( 0.0000000000000000000, 1.000000000000000000 ),
 .UNSPECIFIED. ) 
 GEOMETRIC_REPRESENTATION_ITEM ( )  RATIONAL_B_SPLINE_SURFACE ( (
 ( 1.000000000000000000, 0.3333333333333334259, 0.3333333333333334259, 1.000000000000000000),
 ( 0.3333333333333333703, 0.1111111111111111605, 0.1111111111111111605, 0.3333333333333333703),
 ( 0.3333333333333333703, 0.1111111111111111605, 0.1111111111111111605, 0.3333333333333333703),
 ( 1.000000000000000000, 0.3333333333333334259, 0.3333333333333334259, 1.000000000000000000) ) ) 
 REPRESENTATION_ITEM ( '' )  SURFACE ( )  );
#2761 = COLOUR_RGB ( '',0.7529411764705882248, 0.7529411764705882248, 0.7529411764705882248 ) ;
#2762 = VERTEX_POINT ( 'NONE', #1271 ) ;
#2763 = PRESENTATION_STYLE_ASSIGNMENT (( #1949 ) ) ;
#2764 = STYLED_ITEM ( 'NONE', ( #2245 ), #3964 ) ;
#2765 = PLANE ( 'NONE',  #4611 ) ;
#2766 = STYLED_ITEM ( 'NONE', ( #1568 ), #4027 ) ;
#2767 = VERTEX_POINT ( 'NONE', #1599 ) ;
#2768 =( NAMED_UNIT ( * ) PLANE_ANGLE_UNIT ( ) SI_UNIT ( $, .RADIAN. ) );
#2769 = CARTESIAN_POINT ( 'NONE',  ( 3.372999999999999776, 2.733641085557713790, -1.686499999999999888 ) ) ;
#2770 = CARTESIAN_POINT ( 'NONE',  ( 0.0000000000000000000, 2.570641085557713978, 1.813500000000002332 ) ) ;
#2771 = CARTESIAN_POINT ( 'NONE',  ( 2.065366826762023929E-16, 1.283641085557714057, -1.686500000000010546 ) ) ;
#2772 = DIRECTION ( 'NONE',  ( 0.0000000000000000000, 0.0000000000000000000, 1.000000000000000000 ) ) ;
#2773 = VERTEX_POINT ( 'NONE', #539 ) ;
#2774 = DIRECTION ( 'NONE',  ( 0.0000000000000000000, 1.000000000000000000, 0.0000000000000000000 ) ) ;
#2775 = CARTESIAN_POINT ( 'NONE',  ( 3.627000000000017543, 1.301641085557714073, 1.813500000000009438 ) ) ;
#2776 = FILL_AREA_STYLE_COLOUR ( '', #917 ) ;
#2777 = DIRECTION ( 'NONE',  ( 0.0000000000000000000, 0.0000000000000000000, -1.000000000000000000 ) ) ;
#2778 = FILL_AREA_STYLE ('',( #2029 ) ) ;
#2779 = FILL_AREA_STYLE ('',( #87 ) ) ;
#2780 = AXIS2_PLACEMENT_3D ( 'NONE', #2793, #4315, #4291 ) ;
#2781 = ORIENTED_EDGE ( 'NONE', *, *, #377, .T. ) ;
#2782 = CARTESIAN_POINT ( 'NONE',  ( 3.373000000000018428, 1.555641085557713854, -1.686500000000009214 ) ) ;
#2783 =( NAMED_UNIT ( * ) PLANE_ANGLE_UNIT ( ) SI_UNIT ( $, .RADIAN. ) );
#2784 = CIRCLE ( 'NONE', #4526, 0.06349999999999975109 ) ;
#2785 = DIRECTION ( 'NONE',  ( 0.0000000000000000000, 0.0000000000000000000, -1.000000000000000000 ) ) ;
#2786 = SHAPE_DEFINITION_REPRESENTATION ( #1150, #2799 ) ;
#2787 = ADVANCED_FACE ( 'NONE', ( #2056 ), #4731, .T. ) ;
#2788 = CARTESIAN_POINT ( 'NONE',  ( 2.065366826762013082E-16, 2.461641085557714437, -1.686500000000001664 ) ) ;
#2789 = SURFACE_STYLE_USAGE ( .BOTH. , #3094 ) ;
#2790 = EDGE_LOOP ( 'NONE', ( #3935, #3083, #3111, #74 ) ) ;
#2791 = CARTESIAN_POINT ( 'NONE',  ( 3.373000000000001997, 2.588641085557713772, -1.686500000000000998 ) ) ;
#2792 =( BOUNDED_SURFACE ( )  B_SPLINE_SURFACE ( 3, 3, ( 
 ( #366, #3050, #2692, #3832 ),
 ( #4662, #1213, #940, #4040 ),
 ( #3656, #4413, #2089, #596 ),
 ( #1238, #4013, #3630, #4266 ) ),
 .UNSPECIFIED., .F., .F., .T. ) 
 B_SPLINE_SURFACE_WITH_KNOTS ( ( 4, 4 ),
 ( 4, 4 ),
 ( 0.0000000000000000000, 1.000000000000000000 ),
 ( 0.0000000000000000000, 1.000000000000000000 ),
 .UNSPECIFIED. ) 
 GEOMETRIC_REPRESENTATION_ITEM ( )  RATIONAL_B_SPLINE_SURFACE ( (
 ( 1.000000000000000000, 0.3333333333333334259, 0.3333333333333334259, 1.000000000000000000),
 ( 0.3333333333333333703, 0.1111111111111111605, 0.1111111111111111605, 0.3333333333333333703),
 ( 0.3333333333333333703, 0.1111111111111111605, 0.1111111111111111605, 0.3333333333333333703),
 ( 1.000000000000000000, 0.3333333333333334259, 0.3333333333333334259, 1.000000000000000000) ) ) 
 REPRESENTATION_ITEM ( '' )  SURFACE ( )  );
#2793 = CARTESIAN_POINT ( 'NONE',  ( 0.0000000000000000000, 0.9000000000000001332, 0.0000000000000000000 ) ) ;
#2794 = ORIENTED_EDGE ( 'NONE', *, *, #4480, .F. ) ;
#2795 = FILL_AREA_STYLE_COLOUR ( '', #4656 ) ;
#2796 = CARTESIAN_POINT ( 'NONE',  ( 2.220896970253724992E-16, 2.733641085557713790, -1.813500000000000112 ) ) ;
#2797 = SURFACE_STYLE_USAGE ( .BOTH. , #3153 ) ;
#2798 = FILL_AREA_STYLE_COLOUR ( '', #2530 ) ;
#2799 = ADVANCED_BREP_SHAPE_REPRESENTATION ( '22E8EC33-BA83-4BFF-B1AD-BB5A5EEA142E', ( #543, #2313, #2326, #3945, #2284, #3975, #3997, #645, #4027, #3845, #4044, #690, #711, #2387, #2393, #3983, #2357, #2184, #132 ), #290 ) ;
#2800 =( BOUNDED_SURFACE ( )  B_SPLINE_SURFACE ( 3, 3, ( 
 ( #909, #1357, #2450, #1692 ),
 ( #482, #4373, #3607, #550 ),
 ( #1724, #3230, #3534, #1263 ),
 ( #4772, #882, #1335, #110 ) ),
 .UNSPECIFIED., .F., .F., .T. ) 
 B_SPLINE_SURFACE_WITH_KNOTS ( ( 4, 4 ),
 ( 4, 4 ),
 ( 0.0000000000000000000, 1.000000000000000000 ),
 ( 0.0000000000000000000, 1.000000000000000000 ),
 .UNSPECIFIED. ) 
 GEOMETRIC_REPRESENTATION_ITEM ( )  RATIONAL_B_SPLINE_SURFACE ( (
 ( 1.000000000000000000, 0.3333333333333334259, 0.3333333333333334259, 1.000000000000000000),
 ( 0.3333333333333333703, 0.1111111111111111605, 0.1111111111111111605, 0.3333333333333333703),
 ( 0.3333333333333333703, 0.1111111111111111605, 0.1111111111111111605, 0.3333333333333333703),
 ( 1.000000000000000000, 0.3333333333333334259, 0.3333333333333334259, 1.000000000000000000) ) ) 
 REPRESENTATION_ITEM ( '' )  SURFACE ( )  );
#2801 = ORIENTED_EDGE ( 'NONE', *, *, #599, .T. ) ;
#2802 = CARTESIAN_POINT ( 'NONE',  ( 0.0000000000000000000, 2.799999999999999822, 0.0000000000000000000 ) ) ;
#2803 = STYLED_ITEM ( 'NONE', ( #1885 ), #645 ) ;
#2804 = CARTESIAN_POINT ( 'NONE',  ( 0.0000000000000000000, 0.9936410855577139101, 0.0000000000000000000 ) ) ;
#2805 = SURFACE_STYLE_USAGE ( .BOTH. , #3919 ) ;
#2806 = CARTESIAN_POINT ( 'NONE',  ( -3.627000000000002000, 2.588641085557713772, 1.813500000000000334 ) ) ;
#2807 = PRESENTATION_LAYER_ASSIGNMENT (  '', '', ( #2951 ) ) ;
#2808 = ORIENTED_EDGE ( 'NONE', *, *, #3740, .T. ) ;
#2809 = SURFACE_STYLE_USAGE ( .BOTH. , #408 ) ;
#2810 = FILL_AREA_STYLE ('',( #1987 ) ) ;
#2811 = DIRECTION ( 'NONE',  ( 0.0000000000000000000, 0.0000000000000000000, 1.000000000000000000 ) ) ;
#2812 = CARTESIAN_POINT ( 'NONE',  ( 2.143131898507868297E-16, 0.9000000000000002442, 1.750000000000000000 ) ) ;
#2813 =( NAMED_UNIT ( * ) SI_UNIT ( $, .STERADIAN. ) SOLID_ANGLE_UNIT ( ) );
#2814 = CARTESIAN_POINT ( 'NONE',  ( 3.373000000000011767, 1.863641085557713684, 1.686500000000006549 ) ) ;
#2815 = MECHANICAL_DESIGN_GEOMETRIC_PRESENTATION_REPRESENTATION (  '', ( #3683 ), #959 ) ;
#2816 = ORIENTED_EDGE ( 'NONE', *, *, #2819, .F. ) ;
#2817 = SURFACE_STYLE_USAGE ( .BOTH. , #3629 ) ;
#2818 = CARTESIAN_POINT ( 'NONE',  ( -3.373000000000014431, 1.718641085557713666, 1.686500000000006549 ) ) ;
#2819 = EDGE_CURVE ( 'NONE', #4769, #3016, #3543, .T. ) ;
#2820 = UNCERTAINTY_MEASURE_WITH_UNIT (LENGTH_MEASURE( 1.000000000000000082E-05 ), #4881, 'distance_accuracy_value', 'NONE');
#2821 = PRESENTATION_STYLE_ASSIGNMENT (( #3932 ) ) ;
#2822 =( BOUNDED_SURFACE ( )  B_SPLINE_SURFACE ( 3, 3, ( 
 ( #3437, #685, #284, #1864 ),
 ( #2645, #1462, #3737, #2235 ),
 ( #2621, #4146, #2178, #4171 ),
 ( #1838, #2986, #4564, #708 ) ),
 .UNSPECIFIED., .F., .F., .T. ) 
 B_SPLINE_SURFACE_WITH_KNOTS ( ( 4, 4 ),
 ( 4, 4 ),
 ( 0.0000000000000000000, 1.000000000000000000 ),
 ( 0.0000000000000000000, 1.000000000000000000 ),
 .UNSPECIFIED. ) 
 GEOMETRIC_REPRESENTATION_ITEM ( )  RATIONAL_B_SPLINE_SURFACE ( (
 ( 1.000000000000000000, 0.3333333333333334259, 0.3333333333333334259, 1.000000000000000000),
 ( 0.3333333333333333703, 0.1111111111111111605, 0.1111111111111111605, 0.3333333333333333703),
 ( 0.3333333333333333703, 0.1111111111111111605, 0.1111111111111111605, 0.3333333333333333703),
 ( 1.000000000000000000, 0.3333333333333334259, 0.3333333333333334259, 1.000000000000000000) ) ) 
 REPRESENTATION_ITEM ( '' )  SURFACE ( )  );
#2823 = VERTEX_POINT ( 'NONE', #4705 ) ;
#2824 = CARTESIAN_POINT ( 'NONE',  ( 0.0000000000000000000, 2.733641085557713790, 1.813500000000000112 ) ) ;
#2825 = AXIS2_PLACEMENT_3D ( 'NONE', #26, #1530, #1163 ) ;
#2826 = CARTESIAN_POINT ( 'NONE',  ( 3.373000000000019760, 1.283641085557714057, 1.686500000000010546 ) ) ;
#2827 = FILL_AREA_STYLE ('',( #2025 ) ) ;
#2828 = STYLED_ITEM ( 'NONE', ( #3084 ), #2284 ) ;
#2829 = ORIENTED_EDGE ( 'NONE', *, *, #817, .T. ) ;
#2830 = SURFACE_SIDE_STYLE ('',( #1003 ) ) ;
#2831 = CARTESIAN_POINT ( 'NONE',  ( -4.441793940507464776E-16, 1.736641085557714126, 1.813500000000005885 ) ) ;
#2832 = COLOUR_RGB ( '',0.7960784313725489669, 0.8235294117647058432, 0.9372549019607843146 ) ;
#2833 = VERTEX_POINT ( 'NONE', #2812 ) ;
#2834 =( NAMED_UNIT ( * ) PLANE_ANGLE_UNIT ( ) SI_UNIT ( $, .RADIAN. ) );
#2835 = DIRECTION ( 'NONE',  ( 0.0000000000000000000, 0.0000000000000000000, -1.000000000000000000 ) ) ;
#2836 = DIRECTION ( 'NONE',  ( 0.0000000000000000000, 1.000000000000000000, 0.0000000000000000000 ) ) ;
#2837 = DIRECTION ( 'NONE',  ( 0.0000000000000000000, 0.0000000000000000000, 1.000000000000000000 ) ) ;
#2838 =( NAMED_UNIT ( * ) SI_UNIT ( $, .STERADIAN. ) SOLID_ANGLE_UNIT ( ) );
#2839 = CIRCLE ( 'NONE', #3454, 0.06349999999999975109 ) ;
#2840 = STYLED_ITEM ( 'NONE', ( #526 ), #2474 ) ;
#2841 = CARTESIAN_POINT ( 'NONE',  ( 2.065366826762016780E-16, 2.280641085557713499, -1.686500000000004551 ) ) ;
#2842 = CARTESIAN_POINT ( 'NONE',  ( -4.441793940507452943E-16, 2.461641085557714437, 1.813500000000001222 ) ) ;
#2843 = ADVANCED_FACE ( 'NONE', ( #4335 ), #896, .T. ) ;
#2844 = PRESENTATION_LAYER_ASSIGNMENT (  '', '', ( #581 ) ) ;
#2845 = ORIENTED_EDGE ( 'NONE', *, *, #902, .T. ) ;
#2846 = PRESENTATION_STYLE_ASSIGNMENT (( #2817 ) ) ;
#2847 =( GEOMETRIC_REPRESENTATION_CONTEXT ( 3 ) GLOBAL_UNCERTAINTY_ASSIGNED_CONTEXT ( ( #2950 ) ) GLOBAL_UNIT_ASSIGNED_CONTEXT ( ( #4810, #1714, #4412 ) ) REPRESENTATION_CONTEXT ( 'NONE', 'WORKASPACE' ) );
#2848 =( LENGTH_UNIT ( ) NAMED_UNIT ( * ) SI_UNIT ( .MILLI., .METRE. ) );
#2849 = EDGE_CURVE ( 'NONE', #2390, #4645, #3303, .T. ) ;
#2850 = ADVANCED_FACE ( 'NONE', ( #1370 ), #3719, .F. ) ;
#2851 = ORIENTED_EDGE ( 'NONE', *, *, #3195, .T. ) ;
#2852 = SURFACE_STYLE_FILL_AREA ( #1305 ) ;
#2853 = SURFACE_STYLE_USAGE ( .BOTH. , #3606 ) ;
#2854 =( GEOMETRIC_REPRESENTATION_CONTEXT ( 3 ) GLOBAL_UNCERTAINTY_ASSIGNED_CONTEXT ( ( #3346 ) ) GLOBAL_UNIT_ASSIGNED_CONTEXT ( ( #3487, #2783, #895 ) ) REPRESENTATION_CONTEXT ( 'NONE', 'WORKASPACE' ) );
#2855 = PRESENTATION_LAYER_ASSIGNMENT (  '', '', ( #1468 ) ) ;
#2856 = CIRCLE ( 'NONE', #3231, 1.813500000000008106 ) ;
#2857 = EDGE_CURVE ( 'NONE', #4169, #1216, #184, .T. ) ;
#2858 = ORIENTED_EDGE ( 'NONE', *, *, #1299, .T. ) ;
#2859 = CARTESIAN_POINT ( 'NONE',  ( -2.114734603858307249, -1.672101115824222800E-18, -0.6352653961416933059 ) ) ;
#2860 = CARTESIAN_POINT ( 'NONE',  ( 2.065366826762020724E-16, 1.591641085557714108, -1.686500000000007660 ) ) ;
#2861 = PRESENTATION_LAYER_ASSIGNMENT (  '', '', ( #2609 ) ) ;
#2862 = LINE ( 'NONE', #460, #244 ) ;
#2863 = CARTESIAN_POINT ( 'NONE',  ( -4.441793940507471678E-16, 1.555641085557713632, 1.813500000000009216 ) ) ;
#2864 = VERTEX_POINT ( 'NONE', #1705 ) ;
#2865 = PRESENTATION_STYLE_ASSIGNMENT (( #3590 ) ) ;
#2866 = FILL_AREA_STYLE ('',( #846 ) ) ;
#2867 = CARTESIAN_POINT ( 'NONE',  ( 0.0000000000000000000, 0.2000000000066393113, 0.0000000000000000000 ) ) ;
#2868 = PRESENTATION_STYLE_ASSIGNMENT (( #4760 ) ) ;
#2869 = SURFACE_SIDE_STYLE ('',( #1373 ) ) ;
#2870 = CARTESIAN_POINT ( 'NONE',  ( -3.627000000000018876, 1.410641085557713614, -1.813500000000010326 ) ) ;
#2871 = CARTESIAN_POINT ( 'NONE',  ( 0.0000000000000000000, 2.153641085557714163, 1.686500000000004551 ) ) ;
#2872 = FACE_OUTER_BOUND ( 'NONE', #3001, .T. ) ;
#2873 = ORIENTED_EDGE ( 'NONE', *, *, #2712, .T. ) ;
#2874 = CARTESIAN_POINT ( 'NONE',  ( 0.0000000000000000000, 1.736641085557714126, 1.813500000000005885 ) ) ;
#2875 = DIRECTION ( 'NONE',  ( 0.0000000000000000000, 1.000000000000000000, -0.0000000000000000000 ) ) ;
#2876 = ADVANCED_FACE ( 'NONE', ( #3212 ), #3995, .T. ) ;
#2877 = FACE_OUTER_BOUND ( 'NONE', #2894, .T. ) ;
#2878 = EDGE_LOOP ( 'NONE', ( #4467, #2063, #4891, #4613 ) ) ;
#2879 = CARTESIAN_POINT ( 'NONE',  ( -3.373000000000011767, 1.863641085557713684, -1.686500000000006994 ) ) ;
#2880 = EDGE_CURVE ( 'NONE', #4255, #21, #4582, .T. ) ;
#2881 = ORIENTED_EDGE ( 'NONE', *, *, #3278, .F. ) ;
#2882 = CARTESIAN_POINT ( 'NONE',  ( 0.0000000000000000000, 1.863641085557713684, 1.813500000000006107 ) ) ;
#2883 = AXIS2_PLACEMENT_3D ( 'NONE', #4570, #1114, #4222 ) ;
#2884 =( NAMED_UNIT ( * ) PLANE_ANGLE_UNIT ( ) SI_UNIT ( $, .RADIAN. ) );
#2885 = AXIS2_PLACEMENT_3D ( 'NONE', #861, #158, #114 ) ;
#2886 = CIRCLE ( 'NONE', #629, 1.686500000000001664 ) ;
#2887 = CARTESIAN_POINT ( 'NONE',  ( 2.150000000000000355, 0.9000000000000001332, 1.121383074600289076 ) ) ;
#2888 = SURFACE_STYLE_USAGE ( .BOTH. , #4856 ) ;
#2889 =( GEOMETRIC_REPRESENTATION_CONTEXT ( 3 ) GLOBAL_UNCERTAINTY_ASSIGNED_CONTEXT ( ( #4765 ) ) GLOBAL_UNIT_ASSIGNED_CONTEXT ( ( #1506, #4164, #4210 ) ) REPRESENTATION_CONTEXT ( 'NONE', 'WORKASPACE' ) );
#2890 =( NAMED_UNIT ( * ) PLANE_ANGLE_UNIT ( ) SI_UNIT ( $, .RADIAN. ) );
#2891 = CIRCLE ( 'NONE', #637, 1.686500000000003441 ) ;
#2892 = CARTESIAN_POINT ( 'NONE',  ( 3.627000000000013102, 1.845641085557713446, 1.813500000000006995 ) ) ;
#2893 = AXIS2_PLACEMENT_3D ( 'NONE', #4750, #1728, #1314 ) ;
#2894 = EDGE_LOOP ( 'NONE', ( #728, #4363, #4047, #2718 ) ) ;
#2895 = EDGE_CURVE ( 'NONE', #3016, #4404, #4127, .T. ) ;
#2896 =( LENGTH_UNIT ( ) NAMED_UNIT ( * ) SI_UNIT ( .MILLI., .METRE. ) );
#2897 = CARTESIAN_POINT ( 'NONE',  ( -2.114734603858307249, -1.156027393900173180E-16, -1.112705316497224040 ) ) ;
#2898 = COLOUR_RGB ( '',0.9098039215686274384, 0.4431372549019607643, 0.03137254901960784270 ) ;
#2899 = CARTESIAN_POINT ( 'NONE',  ( 2.065366826762013082E-16, 2.715641085557713108, -1.686500000000001664 ) ) ;
#2900 = ORIENTED_EDGE ( 'NONE', *, *, #4635, .T. ) ;
#2901 = DIRECTION ( 'NONE',  ( 0.0000000000000000000, 0.0000000000000000000, -1.000000000000000000 ) ) ;
#2902 = FILL_AREA_STYLE_COLOUR ( '', #2456 ) ;
#2903 = SURFACE_SIDE_STYLE ('',( #4804 ) ) ;
#2904 = FACE_OUTER_BOUND ( 'NONE', #1812, .T. ) ;
#2905 = ADVANCED_FACE ( 'NONE', ( #687 ), #4273, .F. ) ;
#2906 = CYLINDRICAL_SURFACE ( 'NONE', #4268, 0.3500000000000000333 ) ;
#2907 = DIRECTION ( 'NONE',  ( 0.0000000000000000000, 0.0000000000000000000, 1.000000000000000000 ) ) ;
#2908 = AXIS2_PLACEMENT_3D ( 'NONE', #1878, #3711, #3406 ) ;
#2909 = AXIS2_PLACEMENT_3D ( 'NONE', #2389, #4310, #872 ) ;
#2910 = ORIENTED_EDGE ( 'NONE', *, *, #6, .F. ) ;
#2911 = COLOUR_RGB ( '',0.9098039215686274384, 0.4431372549019607643, 0.03137254901960784270 ) ;
#2912 = STYLED_ITEM ( 'NONE', ( #3081 ), #2905 ) ;
#2913 = CARTESIAN_POINT ( 'NONE',  ( 0.0000000000000000000, 0.9000000000000002442, 0.0000000000000000000 ) ) ;
#2914 =( NAMED_UNIT ( * ) SI_UNIT ( $, .STERADIAN. ) SOLID_ANGLE_UNIT ( ) );
#2915 = VERTEX_POINT ( 'NONE', #4699 ) ;
#2916 = CARTESIAN_POINT ( 'NONE',  ( 5.421010862427522170E-17, 1.136868377216160297E-10, 2.449999999999999734 ) ) ;
#2917 = DIRECTION ( 'NONE',  ( -1.000000000000000000, 0.0000000000000000000, -1.224646799147353207E-16 ) ) ;
#2918 = CARTESIAN_POINT ( 'NONE',  ( 2.220896970253735839E-16, 1.428641085557713852, -1.813500000000009216 ) ) ;
#2919 = AXIS2_PLACEMENT_3D ( 'NONE', #2112, #4786, #2907 ) ;
#2920 = FACE_OUTER_BOUND ( 'NONE', #28, .T. ) ;
#2921 = VERTEX_POINT ( 'NONE', #4251 ) ;
#2922 = CARTESIAN_POINT ( 'NONE',  ( -2.138244785219902688, 0.1333328641319294905, 1.118501660324637603 ) ) ;
#2923 =( NAMED_UNIT ( * ) SI_UNIT ( $, .STERADIAN. ) SOLID_ANGLE_UNIT ( ) );
#2924 = DIRECTION ( 'NONE',  ( 1.000000000000000000, 0.0000000000000000000, 0.0000000000000000000 ) ) ;
#2925 = ADVANCED_FACE ( 'NONE', ( #1623 ), #1402, .T. ) ;
#2926 = CARTESIAN_POINT ( 'NONE',  ( 3.373000000000022425, 1.011641085557714259, 1.686500000000011656 ) ) ;
#2927 = AXIS2_PLACEMENT_3D ( 'NONE', #4667, #3456, #4299 ) ;
#2928 = CYLINDRICAL_SURFACE ( 'NONE', #1906, 2.424871130596427893 ) ;
#2929 = CARTESIAN_POINT ( 'NONE',  ( 2.065366826762025408E-16, 1.138641085557713817, -1.686500000000011656 ) ) ;
#2930 = PLANE ( 'NONE',  #3002 ) ;
#2931 = VERTEX_POINT ( 'NONE', #584 ) ;
#2932 = PRESENTATION_STYLE_ASSIGNMENT (( #3251 ) ) ;
#2933 = DIRECTION ( 'NONE',  ( 0.0000000000000000000, 1.000000000000000000, 0.0000000000000000000 ) ) ;
#2934 = CARTESIAN_POINT ( 'NONE',  ( 2.065366826762011603E-16, 2.733641085557713790, -1.686500000000000554 ) ) ;
#2935 = ORIENTED_EDGE ( 'NONE', *, *, #1609, .F. ) ;
#2936 = FILL_AREA_STYLE ('',( #4863 ) ) ;
#2937 =( BOUNDED_SURFACE ( )  B_SPLINE_SURFACE ( 3, 3, ( 
 ( #2100, #250, #680, #2978 ),
 ( #1410, #2565, #1791, #1055 ),
 ( #3712, #280, #1815, #2594 ),
 ( #4121, #2201, #952, #300 ) ),
 .UNSPECIFIED., .F., .F., .T. ) 
 B_SPLINE_SURFACE_WITH_KNOTS ( ( 4, 4 ),
 ( 4, 4 ),
 ( 0.0000000000000000000, 1.000000000000000000 ),
 ( 0.0000000000000000000, 1.000000000000000000 ),
 .UNSPECIFIED. ) 
 GEOMETRIC_REPRESENTATION_ITEM ( )  RATIONAL_B_SPLINE_SURFACE ( (
 ( 1.000000000000000000, 0.3333333333333334259, 0.3333333333333334259, 1.000000000000000000),
 ( 0.3333333333333333703, 0.1111111111111111605, 0.1111111111111111605, 0.3333333333333333703),
 ( 0.3333333333333333703, 0.1111111111111111605, 0.1111111111111111605, 0.3333333333333333703),
 ( 1.000000000000000000, 0.3333333333333334259, 0.3333333333333334259, 1.000000000000000000) ) ) 
 REPRESENTATION_ITEM ( '' )  SURFACE ( )  );
#2938 = CARTESIAN_POINT ( 'NONE',  ( 3.373000000000006438, 2.425641085557714405, 1.686500000000003663 ) ) ;
#2939 = ORIENTED_EDGE ( 'NONE', *, *, #2857, .T. ) ;
#2940 = DIRECTION ( 'NONE',  ( 0.0000000000000000000, 1.000000000000000000, 0.0000000000000000000 ) ) ;
#2941 = SURFACE_STYLE_USAGE ( .BOTH. , #987 ) ;
#2942 = CARTESIAN_POINT ( 'NONE',  ( -4.130733653524030601E-16, 2.298641085557713737, 1.686500000000003441 ) ) ;
#2943 = UNCERTAINTY_MEASURE_WITH_UNIT (LENGTH_MEASURE( 1.000000000000000082E-05 ), #2729, 'distance_accuracy_value', 'NONE');
#2944 =( BOUNDED_SURFACE ( )  B_SPLINE_SURFACE ( 3, 3, ( 
 ( #4559, #2669, #4642, #2494 ),
 ( #3173, #131, #524, #504 ),
 ( #2004, #2892, #3199, #4717 ),
 ( #1283, #578, #2046, #4792 ) ),
 .UNSPECIFIED., .F., .F., .F. ) 
 B_SPLINE_SURFACE_WITH_KNOTS ( ( 4, 4 ),
 ( 4, 4 ),
 ( 0.0000000000000000000, 1.000000000000000000 ),
 ( 0.0000000000000000000, 1.000000000000000000 ),
 .UNSPECIFIED. ) 
 GEOMETRIC_REPRESENTATION_ITEM ( )  RATIONAL_B_SPLINE_SURFACE ( (
 ( 1.000000000000000000, 0.3333333333333334259, 0.3333333333333334259, 1.000000000000000000),
 ( 0.3333333333333333703, 0.1111111111111111605, 0.1111111111111111605, 0.3333333333333333703),
 ( 0.3333333333333333703, 0.1111111111111111605, 0.1111111111111111605, 0.3333333333333333703),
 ( 1.000000000000000000, 0.3333333333333334259, 0.3333333333333334259, 1.000000000000000000) ) ) 
 REPRESENTATION_ITEM ( '' )  SURFACE ( )  );
#2945 = VERTEX_POINT ( 'NONE', #182 ) ;
#2946 = LINE ( 'NONE', #1040, #4827 ) ;
#2947 = CARTESIAN_POINT ( 'NONE',  ( 2.065366826762015300E-16, 2.171641085557714401, -1.686500000000003663 ) ) ;
#2948 = FACE_OUTER_BOUND ( 'NONE', #926, .T. ) ;
#2949 = CARTESIAN_POINT ( 'NONE',  ( 3.627000000000021540, 1.265641085557713597, 1.813500000000011436 ) ) ;
#2950 = UNCERTAINTY_MEASURE_WITH_UNIT (LENGTH_MEASURE( 1.000000000000000082E-05 ), #4810, 'distance_accuracy_value', 'NONE');
#2951 = STYLED_ITEM ( 'NONE', ( #809 ), #5 ) ;
#2952 = PRESENTATION_LAYER_ASSIGNMENT (  '', '', ( #627 ) ) ;
#2953 = ORIENTED_EDGE ( 'NONE', *, *, #368, .F. ) ;
#2954 = EDGE_CURVE ( 'NONE', #4065, #3340, #3993, .T. ) ;
#2955 = CARTESIAN_POINT ( 'NONE',  ( -3.626999999999999780, 2.860641085557713126, -1.813500000000000556 ) ) ;
#2956 = ORIENTED_EDGE ( 'NONE', *, *, #4007, .F. ) ;
#2957 = EDGE_CURVE ( 'NONE', #2945, #4710, #2271, .T. ) ;
#2958 = SURFACE_STYLE_USAGE ( .BOTH. , #2289 ) ;
#2959 = AXIS2_PLACEMENT_3D ( 'NONE', #2646, #3843, #33 ) ;
#2960 = VERTEX_POINT ( 'NONE', #3256 ) ;
#2961 =( BOUNDED_SURFACE ( )  B_SPLINE_SURFACE ( 3, 3, ( 
 ( #1933, #1565, #4195, #4650 ),
 ( #2347, #1538, #3082, #3920 ),
 ( #2379, #4594, #842, #4625 ),
 ( #3541, #2724, #1142, #4254 ) ),
 .UNSPECIFIED., .F., .F., .F. ) 
 B_SPLINE_SURFACE_WITH_KNOTS ( ( 4, 4 ),
 ( 4, 4 ),
 ( 0.0000000000000000000, 1.000000000000000000 ),
 ( 0.0000000000000000000, 1.000000000000000000 ),
 .UNSPECIFIED. ) 
 GEOMETRIC_REPRESENTATION_ITEM ( )  RATIONAL_B_SPLINE_SURFACE ( (
 ( 1.000000000000000000, 0.3333333333333334259, 0.3333333333333334259, 1.000000000000000000),
 ( 0.3333333333333333703, 0.1111111111111111605, 0.1111111111111111605, 0.3333333333333333703),
 ( 0.3333333333333333703, 0.1111111111111111605, 0.1111111111111111605, 0.3333333333333333703),
 ( 1.000000000000000000, 0.3333333333333334259, 0.3333333333333334259, 1.000000000000000000) ) ) 
 REPRESENTATION_ITEM ( '' )  SURFACE ( )  );
#2962 =( NAMED_UNIT ( * ) SI_UNIT ( $, .STERADIAN. ) SOLID_ANGLE_UNIT ( ) );
#2963 = AXIS2_PLACEMENT_3D ( 'NONE', #2695, #2308, #3835 ) ;
#2964 = CARTESIAN_POINT ( 'NONE',  ( 2.150000000000000355, 0.9000000000000001332, 0.0000000000000000000 ) ) ;
#2965 = CARTESIAN_POINT ( 'NONE',  ( -3.627000000000005553, 2.425641085557714405, 1.813500000000002332 ) ) ;
#2966 = ORIENTED_EDGE ( 'NONE', *, *, #4207, .T. ) ;
#2967 = PRESENTATION_STYLE_ASSIGNMENT (( #1444 ) ) ;
#2968 = MECHANICAL_DESIGN_GEOMETRIC_PRESENTATION_REPRESENTATION (  '', ( #7 ), #3289 ) ;
#2969 = SURFACE_STYLE_USAGE ( .BOTH. , #2193 ) ;
#2970 = SURFACE_STYLE_FILL_AREA ( #1424 ) ;
#2971 = CARTESIAN_POINT ( 'NONE',  ( 2.220896970253726471E-16, 2.588641085557713772, -1.813500000000001000 ) ) ;
#2972 = UNCERTAINTY_MEASURE_WITH_UNIT (LENGTH_MEASURE( 1.000000000000000082E-05 ), #4057, 'distance_accuracy_value', 'NONE');
#2973 = STYLED_ITEM ( 'NONE', ( #1761 ), #2656 ) ;
#2974 = DIRECTION ( 'NONE',  ( 1.000000000000000000, 0.0000000000000000000, 0.0000000000000000000 ) ) ;
#2975 = EDGE_CURVE ( 'NONE', #4626, #4719, #980, .T. ) ;
#2976 = VERTEX_POINT ( 'NONE', #2897 ) ;
#2977 = PRESENTATION_LAYER_ASSIGNMENT (  '', '', ( #1311 ) ) ;
#2978 = CARTESIAN_POINT ( 'NONE',  ( -4.130733653524033559E-16, 2.153641085557714163, 1.686500000000004551 ) ) ;
#2979 = FILL_AREA_STYLE_COLOUR ( '', #3222 ) ;
#2980 = UNCERTAINTY_MEASURE_WITH_UNIT (LENGTH_MEASURE( 1.000000000000000082E-05 ), #2202, 'distance_accuracy_value', 'NONE');
#2981 = ADVANCED_FACE ( 'NONE', ( #1004 ), #160, .T. ) ;
#2982 = CIRCLE ( 'NONE', #827, 2.424871130596427893 ) ;
#2983 = ORIENTED_EDGE ( 'NONE', *, *, #2392, .T. ) ;
#2984 = ORIENTED_EDGE ( 'NONE', *, *, #1088, .F. ) ;
#2985 = CARTESIAN_POINT ( 'NONE',  ( 2.143131898507869777E-16, 2.588641085557713772, -1.750000000000001332 ) ) ;
#2986 = CARTESIAN_POINT ( 'NONE',  ( 3.373000000000003773, 2.443641085557714643, 1.686500000000002331 ) ) ;
#2987 = COLOUR_RGB ( '',0.7960784313725489669, 0.8235294117647058432, 0.9372549019607843146 ) ;
#2988 = SURFACE_STYLE_FILL_AREA ( #2571 ) ;
#2989 = CARTESIAN_POINT ( 'NONE',  ( 2.065366826762018259E-16, 2.008641085557714590, -1.686500000000005661 ) ) ;
#2990 = ORIENTED_EDGE ( 'NONE', *, *, #82, .F. ) ;
#2991 = CARTESIAN_POINT ( 'NONE',  ( -4.441793940507462804E-16, 2.008641085557714590, 1.813500000000005219 ) ) ;
#2992 = DIRECTION ( 'NONE',  ( 8.067077954237138078E-16, 1.422443498810457913E-16, 1.000000000000000000 ) ) ;
#2993 = FILL_AREA_STYLE ('',( #4951 ) ) ;
#2994 = FILL_AREA_STYLE ('',( #1014 ) ) ;
#2995 = PRESENTATION_LAYER_ASSIGNMENT (  '', '', ( #31 ) ) ;
#2996 = CARTESIAN_POINT ( 'NONE',  ( -2.126489652204432979, 0.06666619197410918185, -1.115609161185914466 ) ) ;
#2997 = AXIS2_PLACEMENT_3D ( 'NONE', #4380, #1289, #1730 ) ;
#2998 = ORIENTED_EDGE ( 'NONE', *, *, #3691, .T. ) ;
#2999 =( LENGTH_UNIT ( ) NAMED_UNIT ( * ) SI_UNIT ( .MILLI., .METRE. ) );
#3000 = CARTESIAN_POINT ( 'NONE',  ( 0.0000000000000000000, 2.153641085557714163, 1.750000000000004441 ) ) ;
#3001 = EDGE_LOOP ( 'NONE', ( #2584, #2727, #4746, #224, #569, #297, #2630, #1099, #2624 ) ) ;
#3002 = AXIS2_PLACEMENT_3D ( 'NONE', #3748, #2554, #2161 ) ;
#3003 = SURFACE_STYLE_USAGE ( .BOTH. , #4940 ) ;
#3004 = CARTESIAN_POINT ( 'NONE',  ( 0.0000000000000000000, 0.9000000000000001332, 0.0000000000000000000 ) ) ;
#3005 = SURFACE_STYLE_USAGE ( .BOTH. , #3023 ) ;
#3006 = CARTESIAN_POINT ( 'NONE',  ( -0.3464101615137743506, 0.9000000000000001332, -2.400000000000000355 ) ) ;
#3007 = ORIENTED_EDGE ( 'NONE', *, *, #1209, .F. ) ;
#3008 = EDGE_CURVE ( 'NONE', #3666, #4065, #2982, .T. ) ;
#3009 = SURFACE_STYLE_USAGE ( .BOTH. , #3413 ) ;
#3010 =( NAMED_UNIT ( * ) SI_UNIT ( $, .STERADIAN. ) SOLID_ANGLE_UNIT ( ) );
#3011 = LINE ( 'NONE', #3061, #315 ) ;
#3012 = CARTESIAN_POINT ( 'NONE',  ( 3.373000000000001108, 2.860641085557713126, -1.686500000000000554 ) ) ;
#3013 = CARTESIAN_POINT ( 'NONE',  ( -4.130733653524039969E-16, 1.718641085557713888, 1.686500000000007438 ) ) ;
#3014 = CARTESIAN_POINT ( 'NONE',  ( 0.0000000000000000000, 2.588641085557713772, 1.750000000000001332 ) ) ;
#3015 = DIRECTION ( 'NONE',  ( 0.0000000000000000000, 0.0000000000000000000, 1.000000000000000000 ) ) ;
#3016 = VERTEX_POINT ( 'NONE', #3786 ) ;
#3017 = PRESENTATION_STYLE_ASSIGNMENT (( #4140 ) ) ;
#3018 = STYLED_ITEM ( 'NONE', ( #4120 ), #711 ) ;
#3019 = PRESENTATION_LAYER_ASSIGNMENT (  '', '', ( #228 ) ) ;
#3020 = ORIENTED_EDGE ( 'NONE', *, *, #505, .T. ) ;
#3021 = CARTESIAN_POINT ( 'NONE',  ( -4.441793940507477595E-16, 1.011641085557714037, 1.813500000000011214 ) ) ;
#3022 = CARTESIAN_POINT ( 'NONE',  ( -2.150000000000000799, 0.2000000000000000111, 0.0000000000000000000 ) ) ;
#3023 = SURFACE_SIDE_STYLE ('',( #4921 ) ) ;
#3024 = LINE ( 'NONE', #2566, #1951 ) ;
#3025 = STYLED_ITEM ( 'NONE', ( #4038 ), #162 ) ;
#3026 = DIRECTION ( 'NONE',  ( 0.0000000000000000000, -0.9848077530182051120, -0.1736481776329196480 ) ) ;
#3027 = EDGE_CURVE ( 'NONE', #1158, #2823, #3024, .T. ) ;
#3028 = CIRCLE ( 'NONE', #3355, 1.813500000000006107 ) ;
#3029 = ORIENTED_EDGE ( 'NONE', *, *, #3414, .F. ) ;
#3030 =( NAMED_UNIT ( * ) PLANE_ANGLE_UNIT ( ) SI_UNIT ( $, .RADIAN. ) );
#3031 =( NAMED_UNIT ( * ) PLANE_ANGLE_UNIT ( ) SI_UNIT ( $, .RADIAN. ) );
#3032 =( NAMED_UNIT ( * ) PLANE_ANGLE_UNIT ( ) SI_UNIT ( $, .RADIAN. ) );
#3033 = EDGE_CURVE ( 'NONE', #4555, #521, #4558, .T. ) ;
#3034 = VERTEX_POINT ( 'NONE', #3006 ) ;
#3035 = CARTESIAN_POINT ( 'NONE',  ( 2.114734603858307249, 0.0000000000000000000, -1.112705316497224040 ) ) ;
#3036 = CIRCLE ( 'NONE', #3523, 1.813500000000009216 ) ;
#3037 = FILL_AREA_STYLE_COLOUR ( '', #120 ) ;
#3038 = DIRECTION ( 'NONE',  ( 0.0000000000000000000, 1.000000000000000000, 0.0000000000000000000 ) ) ;
#3039 = DIRECTION ( 'NONE',  ( -0.0000000000000000000, 0.0000000000000000000, -1.000000000000000000 ) ) ;
#3040 =( NAMED_UNIT ( * ) PLANE_ANGLE_UNIT ( ) SI_UNIT ( $, .RADIAN. ) );
#3041 = COLOUR_RGB ( '',0.2509803921568627416, 0.2509803921568627416, 0.2509803921568627416 ) ;
#3042 = CARTESIAN_POINT ( 'NONE',  ( -3.373000000000025089, 0.8666410855577141303, 1.686500000000012101 ) ) ;
#3043 = CARTESIAN_POINT ( 'NONE',  ( -4.441793940507469706E-16, 1.573641085557713870, 1.813500000000008106 ) ) ;
#3044 = CARTESIAN_POINT ( 'NONE',  ( 0.0000000000000000000, 0.1999999999999999833, 0.0000000000000000000 ) ) ;
#3045 = UNCERTAINTY_MEASURE_WITH_UNIT (LENGTH_MEASURE( 1.000000000000000082E-05 ), #4488, 'distance_accuracy_value', 'NONE');
#3046 = CARTESIAN_POINT ( 'NONE',  ( 3.373000000000002885, 2.715641085557713996, 1.686500000000001664 ) ) ;
#3047 = STYLED_ITEM ( 'NONE', ( #500 ), #2388 ) ;
#3048 = ORIENTED_EDGE ( 'NONE', *, *, #1746, .F. ) ;
#3049 = FACE_OUTER_BOUND ( 'NONE', #4550, .T. ) ;
#3050 = CARTESIAN_POINT ( 'NONE',  ( 3.373000000000015763, 1.573641085557713870, 1.686500000000008548 ) ) ;
#3051 = STYLED_ITEM ( 'NONE', ( #4894 ), #2588 ) ;
#3052 = CARTESIAN_POINT ( 'NONE',  ( 2.143131898507876926E-16, 1.718641085557713888, -1.750000000000007105 ) ) ;
#3053 = LINE ( 'NONE', #425, #1082 ) ;
#3054 = PRESENTATION_LAYER_ASSIGNMENT (  '', '', ( #2973 ) ) ;
#3055 = ORIENTED_EDGE ( 'NONE', *, *, #4608, .T. ) ;
#3056 = FILL_AREA_STYLE ('',( #402 ) ) ;
#3057 = MECHANICAL_DESIGN_GEOMETRIC_PRESENTATION_REPRESENTATION (  '', ( #2447 ), #2847 ) ;
#3058 =( LENGTH_UNIT ( ) NAMED_UNIT ( * ) SI_UNIT ( .MILLI., .METRE. ) );
#3059 = EDGE_LOOP ( 'NONE', ( #3491, #1106, #4588, #2490 ) ) ;
#3060 = MECHANICAL_DESIGN_GEOMETRIC_PRESENTATION_REPRESENTATION (  '', ( #1800 ), #1390 ) ;
#3061 = CARTESIAN_POINT ( 'NONE',  ( 0.0000000000000000000, 0.2000000000000000111, 0.6000000000000003109 ) ) ;
#3062 = CARTESIAN_POINT ( 'NONE',  ( 2.220896970253733374E-16, 1.718641085557713888, -1.813500000000006995 ) ) ;
#3063 =( GEOMETRIC_REPRESENTATION_CONTEXT ( 3 ) GLOBAL_UNCERTAINTY_ASSIGNED_CONTEXT ( ( #1254 ) ) GLOBAL_UNIT_ASSIGNED_CONTEXT ( ( #2707, #3371, #2626 ) ) REPRESENTATION_CONTEXT ( 'NONE', 'WORKASPACE' ) );
#3064 =( LENGTH_UNIT ( ) NAMED_UNIT ( * ) SI_UNIT ( .MILLI., .METRE. ) );
#3065 = VERTEX_POINT ( 'NONE', #348 ) ;
#3066 =( LENGTH_UNIT ( ) NAMED_UNIT ( * ) SI_UNIT ( .MILLI., .METRE. ) );
#3067 = AXIS2_PLACEMENT_3D ( 'NONE', #2316, #2400, #2722 ) ;
#3068 = CARTESIAN_POINT ( 'NONE',  ( 2.065366826762013082E-16, 2.588641085557713772, -1.686500000000001664 ) ) ;
#3069 = ORIENTED_EDGE ( 'NONE', *, *, #2597, .T. ) ;
#3070 = FILL_AREA_STYLE ('',( #1553 ) ) ;
#3071 = DIRECTION ( 'NONE',  ( 1.224646799147351482E-16, 0.0000000000000000000, -1.000000000000000000 ) ) ;
#3072 = DIRECTION ( 'NONE',  ( 0.0000000000000000000, 1.000000000000000000, 0.0000000000000000000 ) ) ;
#3073 = DIRECTION ( 'NONE',  ( 0.0000000000000000000, 0.0000000000000000000, 1.000000000000000000 ) ) ;
#3074 = DIRECTION ( 'NONE',  ( 0.0000000000000000000, 1.000000000000000000, 0.0000000000000000000 ) ) ;
#3075 = UNCERTAINTY_MEASURE_WITH_UNIT (LENGTH_MEASURE( 1.000000000000000082E-05 ), #2403, 'distance_accuracy_value', 'NONE');
#3076 = SURFACE_SIDE_STYLE ('',( #1240 ) ) ;
#3077 = PRESENTATION_LAYER_ASSIGNMENT (  '', '', ( #3726 ) ) ;
#3078 = EDGE_LOOP ( 'NONE', ( #3441, #1829, #4637, #2240 ) ) ;
#3079 = CARTESIAN_POINT ( 'NONE',  ( -4.441793940507471678E-16, 1.301641085557714295, 1.813500000000009216 ) ) ;
#3080 = FILL_AREA_STYLE_COLOUR ( '', #562 ) ;
#3081 = PRESENTATION_STYLE_ASSIGNMENT (( #1591 ) ) ;
#3082 = CARTESIAN_POINT ( 'NONE',  ( -3.373000000000013543, 1.990641085557713019, 1.686500000000005661 ) ) ;
#3083 = ORIENTED_EDGE ( 'NONE', *, *, #3903, .T. ) ;
#3084 = PRESENTATION_STYLE_ASSIGNMENT (( #4197 ) ) ;
#3085 = CARTESIAN_POINT ( 'NONE',  ( -3.627000000000023761, 1.120641085557713579, -1.813500000000012546 ) ) ;
#3086 = FACE_OUTER_BOUND ( 'NONE', #3687, .T. ) ;
#3087 = CARTESIAN_POINT ( 'NONE',  ( -3.373000000000014431, 1.718641085557713666, 1.686500000000006549 ) ) ;
#3088 =( NAMED_UNIT ( * ) SI_UNIT ( $, .STERADIAN. ) SOLID_ANGLE_UNIT ( ) );
#3089 = UNCERTAINTY_MEASURE_WITH_UNIT (LENGTH_MEASURE( 1.000000000000000082E-05 ), #4628, 'distance_accuracy_value', 'NONE');
#3090 =( BOUNDED_SURFACE ( )  B_SPLINE_SURFACE ( 3, 3, ( 
 ( #2110, #568, #1296, #4059 ),
 ( #613, #4008, #540, #3265 ),
 ( #1779, #2926, #3627, #194 ),
 ( #1711, #4762, #2465, #3292 ) ),
 .UNSPECIFIED., .F., .F., .T. ) 
 B_SPLINE_SURFACE_WITH_KNOTS ( ( 4, 4 ),
 ( 4, 4 ),
 ( 0.0000000000000000000, 1.000000000000000000 ),
 ( 0.0000000000000000000, 1.000000000000000000 ),
 .UNSPECIFIED. ) 
 GEOMETRIC_REPRESENTATION_ITEM ( )  RATIONAL_B_SPLINE_SURFACE ( (
 ( 1.000000000000000000, 0.3333333333333334259, 0.3333333333333334259, 1.000000000000000000),
 ( 0.3333333333333333703, 0.1111111111111111605, 0.1111111111111111605, 0.3333333333333333703),
 ( 0.3333333333333333703, 0.1111111111111111605, 0.1111111111111111605, 0.3333333333333333703),
 ( 1.000000000000000000, 0.3333333333333334259, 0.3333333333333334259, 1.000000000000000000) ) ) 
 REPRESENTATION_ITEM ( '' )  SURFACE ( )  );
#3091 = UNCERTAINTY_MEASURE_WITH_UNIT (LENGTH_MEASURE( 1.000000000000000082E-05 ), #4648, 'distance_accuracy_value', 'NONE');
#3092 = CARTESIAN_POINT ( 'NONE',  ( 0.0000000000000000000, 1.428641085557713852, 0.0000000000000000000 ) ) ;
#3093 = EDGE_CURVE ( 'NONE', #1684, #3699, #3305, .T. ) ;
#3094 = SURFACE_SIDE_STYLE ('',( #1257 ) ) ;
#3095 = ORIENTED_EDGE ( 'NONE', *, *, #1307, .T. ) ;
#3096 = AXIS2_PLACEMENT_3D ( 'NONE', #4357, #3900, #3948 ) ;
#3097 = ORIENTED_EDGE ( 'NONE', *, *, #1214, .F. ) ;
#3098 = CARTESIAN_POINT ( 'NONE',  ( -3.627000000000021096, 1.138641085557713817, -1.813500000000011658 ) ) ;
#3099 = CARTESIAN_POINT ( 'NONE',  ( -0.3563541452755608629, 0.1334088382672424522, -2.386701210949421448 ) ) ;
#3100 =( LENGTH_UNIT ( ) NAMED_UNIT ( * ) SI_UNIT ( .MILLI., .METRE. ) );
#3101 =( NAMED_UNIT ( * ) PLANE_ANGLE_UNIT ( ) SI_UNIT ( $, .RADIAN. ) );
#3102 = DIRECTION ( 'NONE',  ( 0.0000000000000000000, 0.0000000000000000000, -1.000000000000000000 ) ) ;
#3103 = CIRCLE ( 'NONE', #943, 2.424871130596427893 ) ;
#3104 = CIRCLE ( 'NONE', #3267, 0.06349999999999975109 ) ;
#3105 = SURFACE_STYLE_USAGE ( .BOTH. , #4217 ) ;
#3106 = CARTESIAN_POINT ( 'NONE',  ( 3.373000000000018428, 1.301641085557714073, 1.686500000000009658 ) ) ;
#3107 = FACE_OUTER_BOUND ( 'NONE', #3797, .T. ) ;
#3108 = FACE_OUTER_BOUND ( 'NONE', #4317, .T. ) ;
#3109 = MECHANICAL_DESIGN_GEOMETRIC_PRESENTATION_REPRESENTATION (  '', ( #1688 ), #4880 ) ;
#3110 = CIRCLE ( 'NONE', #705, 0.06349999999999975109 ) ;
#3111 = ORIENTED_EDGE ( 'NONE', *, *, #1643, .T. ) ;
#3112 = SURFACE_SIDE_STYLE ('',( #1985 ) ) ;
#3113 = CARTESIAN_POINT ( 'NONE',  ( 0.0000000000000000000, 2.153641085557714163, 0.0000000000000000000 ) ) ;
#3114 = AXIS2_PLACEMENT_3D ( 'NONE', #3567, #1983, #3613 ) ;
#3115 = DIRECTION ( 'NONE',  ( -1.000000000000000000, 0.0000000000000000000, -1.224646799147353207E-16 ) ) ;
#3116 = EDGE_LOOP ( 'NONE', ( #3471, #1285, #59, #1312 ) ) ;
#3117 =( NAMED_UNIT ( * ) PLANE_ANGLE_UNIT ( ) SI_UNIT ( $, .RADIAN. ) );
#3118 = MECHANICAL_DESIGN_GEOMETRIC_PRESENTATION_REPRESENTATION (  '', ( #2828 ), #247 ) ;
#3119 = ORIENTED_EDGE ( 'NONE', *, *, #2751, .T. ) ;
#3120 = CARTESIAN_POINT ( 'NONE',  ( 2.150000000000175326, 0.2000000000043127835, -1.121383074576237204 ) ) ;
#3121 = CARTESIAN_POINT ( 'NONE',  ( 2.065366826762011849E-16, 2.606641085557714455, -1.686500000000000332 ) ) ;
#3122 =( LENGTH_UNIT ( ) NAMED_UNIT ( * ) SI_UNIT ( .MILLI., .METRE. ) );
#3123 = DIRECTION ( 'NONE',  ( 1.000000000000000000, 0.0000000000000000000, 0.0000000000000000000 ) ) ;
#3124 = FILL_AREA_STYLE_COLOUR ( '', #4091 ) ;
#3125 = DIRECTION ( 'NONE',  ( 0.1736481776669307198, -0.9848077530122080203, 0.0000000000000000000 ) ) ;
#3126 = ADVANCED_FACE ( 'NONE', ( #2228 ), #1937, .T. ) ;
#3127 = DIRECTION ( 'NONE',  ( 0.0000000000000000000, 0.0000000000000000000, 1.000000000000000000 ) ) ;
#3128 = ORIENTED_EDGE ( 'NONE', *, *, #4001, .F. ) ;
#3129 = CONICAL_SURFACE ( 'NONE', #2749, 0.3852653961228724167, 0.1745329251648975732 ) ;
#3130 = DIRECTION ( 'NONE',  ( 0.0000000000000000000, 0.0000000000000000000, 1.000000000000000000 ) ) ;
#3131 = FILL_AREA_STYLE ('',( #3175 ) ) ;
#3132 = CARTESIAN_POINT ( 'NONE',  ( -3.372999999999999776, 2.733641085557713790, -1.686500000000000554 ) ) ;
#3133 = DIRECTION ( 'NONE',  ( -0.0000000000000000000, -1.000000000000000000, -0.0000000000000000000 ) ) ;
#3134 = PRESENTATION_STYLE_ASSIGNMENT (( #763 ) ) ;
#3135 = AXIS2_PLACEMENT_3D ( 'NONE', #3817, #1909, #4853 ) ;
#3136 = VECTOR ( 'NONE', #1914, 1000.000000000000000 ) ;
#3137 = VERTEX_POINT ( 'NONE', #3912 ) ;
#3138 =( LENGTH_UNIT ( ) NAMED_UNIT ( * ) SI_UNIT ( .MILLI., .METRE. ) );
#3139 = CARTESIAN_POINT ( 'NONE',  ( 2.220896970253735839E-16, 1.428641085557713852, -1.813500000000009216 ) ) ;
#3140 = COLOUR_RGB ( '',0.2509803921568627416, 0.2509803921568627416, 0.2509803921568627416 ) ;
#3141 = AXIS2_PLACEMENT_3D ( 'NONE', #2076, #206, #3643 ) ;
#3142 = SURFACE_STYLE_FILL_AREA ( #1659 ) ;
#3143 = DIRECTION ( 'NONE',  ( 0.9848077530122080203, -0.1736481776669307198, 8.191525634889205083E-16 ) ) ;
#3144 =( NAMED_UNIT ( * ) PLANE_ANGLE_UNIT ( ) SI_UNIT ( $, .RADIAN. ) );
#3145 = MECHANICAL_DESIGN_GEOMETRIC_PRESENTATION_REPRESENTATION (  '', ( #4677 ), #4506 ) ;
#3146 = CARTESIAN_POINT ( 'NONE',  ( -3.627000000000001556, 2.461641085557714881, 1.813500000000000334 ) ) ;
#3147 = DIRECTION ( 'NONE',  ( 1.000000000000000000, 0.0000000000000000000, 0.0000000000000000000 ) ) ;
#3148 = VERTEX_POINT ( 'NONE', #2002 ) ;
#3149 =( LENGTH_UNIT ( ) NAMED_UNIT ( * ) SI_UNIT ( .MILLI., .METRE. ) );
#3150 =( NAMED_UNIT ( * ) SI_UNIT ( $, .STERADIAN. ) SOLID_ANGLE_UNIT ( ) );
#3151 = ORIENTED_EDGE ( 'NONE', *, *, #817, .F. ) ;
#3152 =( LENGTH_UNIT ( ) NAMED_UNIT ( * ) SI_UNIT ( .MILLI., .METRE. ) );
#3153 = SURFACE_SIDE_STYLE ('',( #3892 ) ) ;
#3154 = CARTESIAN_POINT ( 'NONE',  ( 3.627000000000019764, 1.283641085557714057, -1.813500000000009660 ) ) ;
#3155 = FACE_OUTER_BOUND ( 'NONE', #1441, .T. ) ;
#3156 = ORIENTED_EDGE ( 'NONE', *, *, #1749, .F. ) ;
#3157 = EDGE_CURVE ( 'NONE', #1787, #3340, #1068, .T. ) ;
#3158 = SURFACE_STYLE_USAGE ( .BOTH. , #2049 ) ;
#3159 = CARTESIAN_POINT ( 'NONE',  ( -3.627000000000012658, 1.736641085557713904, 1.813500000000005219 ) ) ;
#3160 = DIRECTION ( 'NONE',  ( -0.0000000000000000000, -1.000000000000000000, -0.0000000000000000000 ) ) ;
#3161 = PRESENTATION_LAYER_ASSIGNMENT (  '', '', ( #2698 ) ) ;
#3162 = VERTEX_POINT ( 'NONE', #4619 ) ;
#3163 = PRESENTATION_STYLE_ASSIGNMENT (( #2809 ) ) ;
#3164 = PRESENTATION_STYLE_ASSIGNMENT (( #2034 ) ) ;
#3165 =( LENGTH_UNIT ( ) NAMED_UNIT ( * ) SI_UNIT ( .MILLI., .METRE. ) );
#3166 = CIRCLE ( 'NONE', #1005, 0.06349999999999975109 ) ;
#3167 = DIRECTION ( 'NONE',  ( 0.0000000000000000000, 1.000000000000000000, 0.0000000000000000000 ) ) ;
#3168 = CARTESIAN_POINT ( 'NONE',  ( 0.0000000000000000000, 1.990641085557713463, 1.686500000000006549 ) ) ;
#3169 = CARTESIAN_POINT ( 'NONE',  ( -3.373000000000019760, 1.283641085557714057, -1.686500000000010990 ) ) ;
#3170 =( NAMED_UNIT ( * ) SI_UNIT ( $, .STERADIAN. ) SOLID_ANGLE_UNIT ( ) );
#3171 = ORIENTED_EDGE ( 'NONE', *, *, #2341, .F. ) ;
#3172 = CARTESIAN_POINT ( 'NONE',  ( 0.0000000000000000000, 1.156641085557714055, 1.686500000000010546 ) ) ;
#3173 = CARTESIAN_POINT ( 'NONE',  ( 0.0000000000000000000, 1.845641085557713668, 1.686500000000007660 ) ) ;
#3174 = EDGE_LOOP ( 'NONE', ( #2321, #1675, #4444, #706 ) ) ;
#3175 = FILL_AREA_STYLE_COLOUR ( '', #3826 ) ;
#3176 = CIRCLE ( 'NONE', #2885, 0.3852653961429184926 ) ;
#3177 = DIRECTION ( 'NONE',  ( 0.1710878697460347375, -0.9702875252478140311, -0.1710878697460357922 ) ) ;
#3178 =( NAMED_UNIT ( * ) SI_UNIT ( $, .STERADIAN. ) SOLID_ANGLE_UNIT ( ) );
#3179 = PRESENTATION_LAYER_ASSIGNMENT (  '', '', ( #1021 ) ) ;
#3180 = FACE_OUTER_BOUND ( 'NONE', #2748, .T. ) ;
#3181 = COLOUR_RGB ( '',0.7529411764705882248, 0.7529411764705882248, 0.7529411764705882248 ) ;
#3182 = ORIENTED_EDGE ( 'NONE', *, *, #3317, .F. ) ;
#3183 = SURFACE_SIDE_STYLE ('',( #534 ) ) ;
#3184 = FILL_AREA_STYLE ('',( #463 ) ) ;
#3185 = PRESENTATION_STYLE_ASSIGNMENT (( #1678 ) ) ;
#3186 = DIRECTION ( 'NONE',  ( 0.0000000000000000000, 0.0000000000000000000, 1.000000000000000000 ) ) ;
#3187 = PRESENTATION_LAYER_ASSIGNMENT (  '', '', ( #1433 ) ) ;
#3188 = MECHANICAL_DESIGN_GEOMETRIC_PRESENTATION_REPRESENTATION (  '', ( #4243 ), #3753 ) ;
#3189 = ADVANCED_FACE ( 'NONE', ( #1614 ), #3836, .T. ) ;
#3190 = FILL_AREA_STYLE ('',( #144 ) ) ;
#3191 = DIRECTION ( 'NONE',  ( -1.000000000000000000, 0.0000000000000000000, -1.224646799147353207E-16 ) ) ;
#3192 = AXIS2_PLACEMENT_3D ( 'NONE', #2867, #4704, #2811 ) ;
#3193 = ORIENTED_EDGE ( 'NONE', *, *, #2078, .T. ) ;
#3194 = CARTESIAN_POINT ( 'NONE',  ( 0.0000000000000000000, 1.410641085557713836, 1.813500000000009882 ) ) ;
#3195 = EDGE_CURVE ( 'NONE', #1480, #3922, #4279, .T. ) ;
#3196 = CIRCLE ( 'NONE', #4484, 1.686500000000012545 ) ;
#3197 = ORIENTED_EDGE ( 'NONE', *, *, #2061, .T. ) ;
#3198 = CIRCLE ( 'NONE', #3692, 0.06349999999999975109 ) ;
#3199 = CARTESIAN_POINT ( 'NONE',  ( 3.627000000000013546, 1.845641085557713446, -1.813500000000006551 ) ) ;
#3200 = UNCERTAINTY_MEASURE_WITH_UNIT (LENGTH_MEASURE( 1.000000000000000082E-05 ), #406, 'distance_accuracy_value', 'NONE');
#3201 = EDGE_LOOP ( 'NONE', ( #3628, #231, #3569, #1972 ) ) ;
#3202 = CARTESIAN_POINT ( 'NONE',  ( 3.373000000000024645, 0.9936410855577139101, 1.686500000000012545 ) ) ;
#3203 = CARTESIAN_POINT ( 'NONE',  ( 3.373000000000013987, 1.718641085557713666, 1.686500000000007216 ) ) ;
#3204 = DIRECTION ( 'NONE',  ( 0.0000000000000000000, 1.000000000000000000, -0.0000000000000000000 ) ) ;
#3205 =( NAMED_UNIT ( * ) SI_UNIT ( $, .STERADIAN. ) SOLID_ANGLE_UNIT ( ) );
#3206 = AXIS2_PLACEMENT_3D ( 'NONE', #4640, #3072, #422 ) ;
#3207 = VERTEX_POINT ( 'NONE', #1180 ) ;
#3208 = PLANE ( 'NONE',  #586 ) ;
#3209 = FACE_OUTER_BOUND ( 'NONE', #3508, .T. ) ;
#3210 =( LENGTH_UNIT ( ) NAMED_UNIT ( * ) SI_UNIT ( .MILLI., .METRE. ) );
#3211 =( NAMED_UNIT ( * ) PLANE_ANGLE_UNIT ( ) SI_UNIT ( $, .RADIAN. ) );
#3212 = FACE_OUTER_BOUND ( 'NONE', #2167, .T. ) ;
#3213 =( GEOMETRIC_REPRESENTATION_CONTEXT ( 3 ) GLOBAL_UNCERTAINTY_ASSIGNED_CONTEXT ( ( #1882 ) ) GLOBAL_UNIT_ASSIGNED_CONTEXT ( ( #2085, #938, #4784 ) ) REPRESENTATION_CONTEXT ( 'NONE', 'WORKASPACE' ) );
#3214 = AXIS2_PLACEMENT_3D ( 'NONE', #3681, #1445, #4787 ) ;
#3215 = AXIS2_PLACEMENT_3D ( 'NONE', #2636, #4638, #2149 ) ;
#3216 = SURFACE_STYLE_USAGE ( .BOTH. , #922 ) ;
#3217 = MECHANICAL_DESIGN_GEOMETRIC_PRESENTATION_REPRESENTATION (  '', ( #2912 ), #4434 ) ;
#3218 = ORIENTED_EDGE ( 'NONE', *, *, #2310, .F. ) ;
#3219 = CARTESIAN_POINT ( 'NONE',  ( 3.373000000000021092, 1.410641085557713614, 1.686500000000010768 ) ) ;
#3220 = CARTESIAN_POINT ( 'NONE',  ( 2.143131898507879391E-16, 1.428641085557713852, -1.686500000000009658 ) ) ;
#3221 = ADVANCED_FACE ( 'NONE', ( #3749 ), #53, .T. ) ;
#3222 = COLOUR_RGB ( '',0.9098039215686274384, 0.4431372549019607643, 0.03137254901960784270 ) ;
#3223 = VERTEX_POINT ( 'NONE', #1916 ) ;
#3224 =( NAMED_UNIT ( * ) PLANE_ANGLE_UNIT ( ) SI_UNIT ( $, .RADIAN. ) );
#3225 = PRESENTATION_LAYER_ASSIGNMENT (  '', '', ( #834 ) ) ;
#3226 = ADVANCED_FACE ( 'NONE', ( #2611 ), #2468, .T. ) ;
#3227 = PRESENTATION_LAYER_ASSIGNMENT (  '', '', ( #743 ) ) ;
#3228 = LINE ( 'NONE', #1334, #400 ) ;
#3229 = UNCERTAINTY_MEASURE_WITH_UNIT (LENGTH_MEASURE( 1.000000000000000082E-05 ), #3064, 'distance_accuracy_value', 'NONE');
#3230 = CARTESIAN_POINT ( 'NONE',  ( -3.373000000000004217, 2.316641085557715307, -1.686500000000002775 ) ) ;
#3231 = AXIS2_PLACEMENT_3D ( 'NONE', #3419, #515, #2837 ) ;
#3232 = VERTEX_POINT ( 'NONE', #853 ) ;
#3233 = SURFACE_STYLE_USAGE ( .BOTH. , #3329 ) ;
#3234 = CARTESIAN_POINT ( 'NONE',  ( 3.627000000000013102, 1.718641085557713666, 1.813500000000006995 ) ) ;
#3235 = DIRECTION ( 'NONE',  ( 0.0000000000000000000, 0.0000000000000000000, 1.000000000000000000 ) ) ;
#3236 = CARTESIAN_POINT ( 'NONE',  ( -3.627000000000017099, 1.428641085557713852, -1.813500000000009660 ) ) ;
#3237 = SURFACE_STYLE_FILL_AREA ( #3615 ) ;
#3238 = MECHANICAL_DESIGN_GEOMETRIC_PRESENTATION_REPRESENTATION (  '', ( #4521 ), #3562 ) ;
#3239 = ORIENTED_EDGE ( 'NONE', *, *, #3027, .T. ) ;
#3240 =( NAMED_UNIT ( * ) PLANE_ANGLE_UNIT ( ) SI_UNIT ( $, .RADIAN. ) );
#3241 =( LENGTH_UNIT ( ) NAMED_UNIT ( * ) SI_UNIT ( .MILLI., .METRE. ) );
#3242 = DIRECTION ( 'NONE',  ( 0.0000000000000000000, 0.0000000000000000000, 1.000000000000000000 ) ) ;
#3243 =( NAMED_UNIT ( * ) PLANE_ANGLE_UNIT ( ) SI_UNIT ( $, .RADIAN. ) );
#3244 = AXIS2_PLACEMENT_3D ( 'NONE', #3349, #4811, #996 ) ;
#3245 =( NAMED_UNIT ( * ) PLANE_ANGLE_UNIT ( ) SI_UNIT ( $, .RADIAN. ) );
#3246 = SURFACE_STYLE_FILL_AREA ( #4312 ) ;
#3247 = FACE_OUTER_BOUND ( 'NONE', #4000, .T. ) ;
#3248 = CARTESIAN_POINT ( 'NONE',  ( -3.627000000000021984, 1.138641085557713817, 1.813500000000010326 ) ) ;
#3249 = CARTESIAN_POINT ( 'NONE',  ( 2.150000000000000355, 0.1999999999999999833, 1.121383074600289076 ) ) ;
#3250 =( LENGTH_UNIT ( ) NAMED_UNIT ( * ) SI_UNIT ( .MILLI., .METRE. ) );
#3251 = SURFACE_STYLE_USAGE ( .BOTH. , #1747 ) ;
#3252 = EDGE_CURVE ( 'NONE', #808, #4028, #2023, .T. ) ;
#3253 = VERTEX_POINT ( 'NONE', #1229 ) ;
#3254 = FACE_OUTER_BOUND ( 'NONE', #1500, .T. ) ;
#3255 = DIRECTION ( 'NONE',  ( 0.0000000000000000000, 0.0000000000000000000, 1.000000000000000000 ) ) ;
#3256 = CARTESIAN_POINT ( 'NONE',  ( 2.143131898507870516E-16, 2.443641085557714643, -1.686500000000002553 ) ) ;
#3257 = SURFACE_SIDE_STYLE ('',( #4423 ) ) ;
#3258 = EDGE_CURVE ( 'NONE', #3914, #54, #106, .T. ) ;
#3259 = ORIENTED_EDGE ( 'NONE', *, *, #3535, .F. ) ;
#3260 = B_SPLINE_CURVE_WITH_KNOTS ( 'NONE', 3,
 ( #1974, #3099, #1742, #2742 ),
 .UNSPECIFIED., .F., .F.,
 ( 4, 4 ),
 ( 1.107093193743943053E-16, 0.0002058910168550839631 ),
 .UNSPECIFIED. ) ;
#3261 = CARTESIAN_POINT ( 'NONE',  ( 2.065366826762016780E-16, 2.026641085557714828, -1.686500000000004551 ) ) ;
#3262 = CARTESIAN_POINT ( 'NONE',  ( 0.0000000000000000000, 2.588641085557713772, 0.0000000000000000000 ) ) ;
#3263 = CARTESIAN_POINT ( 'NONE',  ( 3.627000000000008217, 2.280641085557713499, 1.813500000000004331 ) ) ;
#3264 = CARTESIAN_POINT ( 'NONE',  ( 0.0000000000000000000, 0.9000000000000001332, 0.0000000000000000000 ) ) ;
#3265 = CARTESIAN_POINT ( 'NONE',  ( 2.220896970253738797E-16, 1.011641085557714037, -1.813500000000011214 ) ) ;
#3266 = DIRECTION ( 'NONE',  ( -0.0000000000000000000, 0.0000000000000000000, -1.000000000000000000 ) ) ;
#3267 = AXIS2_PLACEMENT_3D ( 'NONE', #4583, #701, #3071 ) ;
#3268 = FILL_AREA_STYLE_COLOUR ( '', #4108 ) ;
#3269 = FILL_AREA_STYLE ('',( #3682 ) ) ;
#3270 = AXIS2_PLACEMENT_3D ( 'NONE', #1913, #10, #1225 ) ;
#3271 = FACE_OUTER_BOUND ( 'NONE', #3377, .T. ) ;
#3272 = CIRCLE ( 'NONE', #3925, 2.424871130596427893 ) ;
#3273 = CARTESIAN_POINT ( 'NONE',  ( 0.0000000000000000000, 0.8666410855577142414, 1.686500000000012989 ) ) ;
#3274 = SURFACE_STYLE_FILL_AREA ( #1101 ) ;
#3275 = CIRCLE ( 'NONE', #3684, 0.06349999999999975109 ) ;
#3276 = ORIENTED_EDGE ( 'NONE', *, *, #712, .F. ) ;
#3277 = CARTESIAN_POINT ( 'NONE',  ( 3.627000000000013546, 1.591641085557714108, -1.813500000000006551 ) ) ;
#3278 = EDGE_CURVE ( 'NONE', #3207, #414, #2587, .T. ) ;
#3279 =( LENGTH_UNIT ( ) NAMED_UNIT ( * ) SI_UNIT ( .MILLI., .METRE. ) );
#3280 = CARTESIAN_POINT ( 'NONE',  ( 2.220896970253728937E-16, 2.298641085557713737, -1.813500000000002998 ) ) ;
#3281 = EDGE_LOOP ( 'NONE', ( #1954, #3239, #3986, #3197 ) ) ;
#3282 = CARTESIAN_POINT ( 'NONE',  ( -2.150000000000000355, 0.9000000000000001332, 1.121383074600289076 ) ) ;
#3283 = PRESENTATION_LAYER_ASSIGNMENT (  '', '', ( #2153 ) ) ;
#3284 = CARTESIAN_POINT ( 'NONE',  ( 3.627000000000008662, 2.026641085557714828, -1.813500000000004109 ) ) ;
#3285 = EDGE_CURVE ( 'NONE', #2864, #3223, #2839, .T. ) ;
#3286 = DIRECTION ( 'NONE',  ( 1.000000000000000000, 0.0000000000000000000, -0.0000000000000000000 ) ) ;
#3287 = SURFACE_STYLE_FILL_AREA ( #4099 ) ;
#3288 =( LENGTH_UNIT ( ) NAMED_UNIT ( * ) SI_UNIT ( .MILLI., .METRE. ) );
#3289 =( GEOMETRIC_REPRESENTATION_CONTEXT ( 3 ) GLOBAL_UNCERTAINTY_ASSIGNED_CONTEXT ( ( #988 ) ) GLOBAL_UNIT_ASSIGNED_CONTEXT ( ( #4660, #2768, #22 ) ) REPRESENTATION_CONTEXT ( 'NONE', 'WORKASPACE' ) );
#3290 =( BOUNDED_SURFACE ( )  B_SPLINE_SURFACE ( 3, 3, ( 
 ( #349, #3788, #2598, #1858 ),
 ( #1028, #2938, #3333, #3309 ),
 ( #4821, #731, #4123, #2567 ),
 ( #4095, #4166, #4865, #3280 ) ),
 .UNSPECIFIED., .F., .F., .F. ) 
 B_SPLINE_SURFACE_WITH_KNOTS ( ( 4, 4 ),
 ( 4, 4 ),
 ( 0.0000000000000000000, 1.000000000000000000 ),
 ( 0.0000000000000000000, 1.000000000000000000 ),
 .UNSPECIFIED. ) 
 GEOMETRIC_REPRESENTATION_ITEM ( )  RATIONAL_B_SPLINE_SURFACE ( (
 ( 1.000000000000000000, 0.3333333333333334259, 0.3333333333333334259, 1.000000000000000000),
 ( 0.3333333333333333703, 0.1111111111111111605, 0.1111111111111111605, 0.3333333333333333703),
 ( 0.3333333333333333703, 0.1111111111111111605, 0.1111111111111111605, 0.3333333333333333703),
 ( 1.000000000000000000, 0.3333333333333334259, 0.3333333333333334259, 1.000000000000000000) ) ) 
 REPRESENTATION_ITEM ( '' )  SURFACE ( )  );
#3291 = VERTEX_POINT ( 'NONE', #3524 ) ;
#3292 = CARTESIAN_POINT ( 'NONE',  ( 2.065366826762025408E-16, 1.138641085557713817, -1.686500000000011656 ) ) ;
#3293 = FACE_OUTER_BOUND ( 'NONE', #1460, .T. ) ;
#3294 = DIRECTION ( 'NONE',  ( 0.0000000000000000000, 0.0000000000000000000, 1.000000000000000000 ) ) ;
#3295 = CARTESIAN_POINT ( 'NONE',  ( -3.627000000000008662, 2.026641085557714828, 1.813500000000003221 ) ) ;
#3296 = CARTESIAN_POINT ( 'NONE',  ( 0.0000000000000000000, 1.138641085557713817, 1.686500000000011656 ) ) ;
#3297 = UNCERTAINTY_MEASURE_WITH_UNIT (LENGTH_MEASURE( 1.000000000000000082E-05 ), #410, 'distance_accuracy_value', 'NONE');
#3298 = SURFACE_STYLE_FILL_AREA ( #2582 ) ;
#3299 = CIRCLE ( 'NONE', #179, 1.686500000000004551 ) ;
#3300 = AXIS2_PLACEMENT_3D ( 'NONE', #335, #4525, #1177 ) ;
#3301 = CARTESIAN_POINT ( 'NONE',  ( 3.627000000000011326, 1.863641085557713684, 1.813500000000005885 ) ) ;
#3302 = COLOUR_RGB ( '',0.7529411764705882248, 0.7529411764705882248, 0.7529411764705882248 ) ;
#3303 = CIRCLE ( 'NONE', #3459, 0.06349999999999975109 ) ;
#3304 = CARTESIAN_POINT ( 'NONE',  ( 2.220896970253732881E-16, 1.863641085557713684, -1.813500000000006107 ) ) ;
#3305 = CIRCLE ( 'NONE', #3952, 1.813500000000006995 ) ;
#3306 = ORIENTED_EDGE ( 'NONE', *, *, #1058, .F. ) ;
#3307 = CARTESIAN_POINT ( 'NONE',  ( -2.150000000000000355, 3.500000000000000000, -1.121383074600289076 ) ) ;
#3308 =( GEOMETRIC_REPRESENTATION_CONTEXT ( 3 ) GLOBAL_UNCERTAINTY_ASSIGNED_CONTEXT ( ( #744 ) ) GLOBAL_UNIT_ASSIGNED_CONTEXT ( ( #174, #2550, #2157 ) ) REPRESENTATION_CONTEXT ( 'NONE', 'WORKASPACE' ) );
#3309 = CARTESIAN_POINT ( 'NONE',  ( 2.065366826762015547E-16, 2.425641085557712628, -1.686500000000003663 ) ) ;
#3310 = ADVANCED_FACE ( 'NONE', ( #95 ), #3090, .T. ) ;
#3311 = VERTEX_POINT ( 'NONE', #1759 ) ;
#3312 = FILL_AREA_STYLE ('',( #1796 ) ) ;
#3313 = DIRECTION ( 'NONE',  ( 0.0000000000000000000, 1.000000000000000000, 0.0000000000000000000 ) ) ;
#3314 = CARTESIAN_POINT ( 'NONE',  ( -2.150000000000000355, 0.9000000000000001332, -1.121383074600289076 ) ) ;
#3315 =( LENGTH_UNIT ( ) NAMED_UNIT ( * ) SI_UNIT ( .MILLI., .METRE. ) );
#3316 = CARTESIAN_POINT ( 'NONE',  ( 3.373000000000010434, 2.135641085557713925, 1.686500000000005661 ) ) ;
#3317 = EDGE_CURVE ( 'NONE', #3065, #4265, #901, .T. ) ;
#3318 = DIRECTION ( 'NONE',  ( 0.0000000000000000000, 0.0000000000000000000, -1.000000000000000000 ) ) ;
#3319 = CIRCLE ( 'NONE', #2196, 1.813500000000012102 ) ;
#3320 =( NAMED_UNIT ( * ) SI_UNIT ( $, .STERADIAN. ) SOLID_ANGLE_UNIT ( ) );
#3321 = CARTESIAN_POINT ( 'NONE',  ( -4.441793940507476609E-16, 1.138641085557713817, 1.813500000000010992 ) ) ;
#3322 = SURFACE_STYLE_USAGE ( .BOTH. , #2217 ) ;
#3323 = PRESENTATION_LAYER_ASSIGNMENT (  '', '', ( #2199 ) ) ;
#3324 = ORIENTED_EDGE ( 'NONE', *, *, #3033, .F. ) ;
#3325 = FILL_AREA_STYLE_COLOUR ( '', #2360 ) ;
#3326 = LINE ( 'NONE', #1766, #961 ) ;
#3327 = UNCERTAINTY_MEASURE_WITH_UNIT (LENGTH_MEASURE( 1.000000000000000082E-05 ), #2848, 'distance_accuracy_value', 'NONE');
#3328 = EDGE_LOOP ( 'NONE', ( #879, #2086, #4943, #1566 ) ) ;
#3329 = SURFACE_SIDE_STYLE ('',( #278 ) ) ;
#3330 = DIRECTION ( 'NONE',  ( 0.0000000000000000000, 1.000000000000000000, 0.0000000000000000000 ) ) ;
#3331 = FILL_AREA_STYLE_COLOUR ( '', #4812 ) ;
#3332 = CARTESIAN_POINT ( 'NONE',  ( -4.441793940507474636E-16, 1.283641085557714057, 1.813500000000009882 ) ) ;
#3333 = CARTESIAN_POINT ( 'NONE',  ( 3.373000000000006438, 2.425641085557714405, -1.686500000000003219 ) ) ;
#3334 = ORIENTED_EDGE ( 'NONE', *, *, #4458, .F. ) ;
#3335 = CARTESIAN_POINT ( 'NONE',  ( 2.143131898507873474E-16, 2.153641085557714163, -1.750000000000004441 ) ) ;
#3336 = CARTESIAN_POINT ( 'NONE',  ( 0.0000000000000000000, 0.9000000000000001332, 0.0000000000000000000 ) ) ;
#3337 = CARTESIAN_POINT ( 'NONE',  ( 3.373000000000010434, 1.881641085557714810, 1.686500000000005661 ) ) ;
#3338 = CARTESIAN_POINT ( 'NONE',  ( -3.627000000000005109, 2.298641085557713737, 1.813500000000002332 ) ) ;
#3339 = VECTOR ( 'NONE', #4833, 1000.000000000000000 ) ;
#3340 = VERTEX_POINT ( 'NONE', #1738 ) ;
#3341 = FACE_OUTER_BOUND ( 'NONE', #310, .T. ) ;
#3342 =( LENGTH_UNIT ( ) NAMED_UNIT ( * ) SI_UNIT ( .MILLI., .METRE. ) );
#3343 = CARTESIAN_POINT ( 'NONE',  ( -3.627000000000004665, 2.298641085557713737, -1.813500000000003221 ) ) ;
#3344 = SURFACE_STYLE_FILL_AREA ( #4200 ) ;
#3345 = CARTESIAN_POINT ( 'NONE',  ( -4.130733653524051308E-16, 1.265641085557713597, 1.686500000000011656 ) ) ;
#3346 = UNCERTAINTY_MEASURE_WITH_UNIT (LENGTH_MEASURE( 1.000000000000000082E-05 ), #3487, 'distance_accuracy_value', 'NONE');
#3347 = EDGE_CURVE ( 'NONE', #4142, #4354, #820, .T. ) ;
#3348 = ADVANCED_FACE ( 'NONE', ( #1804 ), #2906, .F. ) ;
#3349 = CARTESIAN_POINT ( 'NONE',  ( 4.059178187802285043E-17, 0.9000000000000001332, 2.449999999999999734 ) ) ;
#3350 = CARTESIAN_POINT ( 'NONE',  ( 2.220896970253739783E-16, 0.8666410855577142414, -1.813500000000012324 ) ) ;
#3351 = AXIS2_PLACEMENT_3D ( 'NONE', #1830, #4238, #1161 ) ;
#3352 = SURFACE_STYLE_FILL_AREA ( #1826 ) ;
#3353 = ADVANCED_FACE ( 'NONE', ( #4931 ), #4156, .T. ) ;
#3354 = ORIENTED_EDGE ( 'NONE', *, *, #3435, .T. ) ;
#3355 = AXIS2_PLACEMENT_3D ( 'NONE', #192, #4334, #4361 ) ;
#3356 = CARTESIAN_POINT ( 'NONE',  ( 2.150000000000000355, 0.1999999999999999833, 1.121383074600289076 ) ) ;
#3357 = SURFACE_STYLE_USAGE ( .BOTH. , #757 ) ;
#3358 = CARTESIAN_POINT ( 'NONE',  ( 0.3464101615193482808, 0.2000000000067870543, -2.399999999988554844 ) ) ;
#3359 = DIRECTION ( 'NONE',  ( -0.0000000000000000000, -1.000000000000000000, -0.0000000000000000000 ) ) ;
#3360 = PRESENTATION_LAYER_ASSIGNMENT (  '', '', ( #395 ) ) ;
#3361 = VERTEX_POINT ( 'NONE', #1518 ) ;
#3362 = FILL_AREA_STYLE_COLOUR ( '', #150 ) ;
#3363 = PRESENTATION_LAYER_ASSIGNMENT (  '', '', ( #1524 ) ) ;
#3364 = CARTESIAN_POINT ( 'NONE',  ( 0.0000000000000000000, 2.298641085557713737, 0.0000000000000000000 ) ) ;
#3365 = CARTESIAN_POINT ( 'NONE',  ( 2.065366826762018259E-16, 1.881641085557714810, -1.686500000000005661 ) ) ;
#3366 = DIRECTION ( 'NONE',  ( 0.0000000000000000000, -1.000000000000000000, 0.0000000000000000000 ) ) ;
#3367 = AXIS2_PLACEMENT_3D ( 'NONE', #3264, #3700, #3318 ) ;
#3368 = ORIENTED_EDGE ( 'NONE', *, *, #4542, .F. ) ;
#3369 = CARTESIAN_POINT ( 'NONE',  ( 2.143131898507868297E-16, 2.799999999999999822, 1.750000000000000000 ) ) ;
#3370 = CARTESIAN_POINT ( 'NONE',  ( -2.114734603858306805, 0.0000000000000000000, -0.6000000000000003109 ) ) ;
#3371 =( NAMED_UNIT ( * ) PLANE_ANGLE_UNIT ( ) SI_UNIT ( $, .RADIAN. ) );
#3372 = DIRECTION ( 'NONE',  ( 0.0000000000000000000, 0.0000000000000000000, -1.000000000000000000 ) ) ;
#3373 = CARTESIAN_POINT ( 'NONE',  ( 0.0000000000000000000, 1.138641085557713817, 1.813500000000010992 ) ) ;
#3374 = AXIS2_PLACEMENT_3D ( 'NONE', #2689, #4391, #4017 ) ;
#3375 = SURFACE_SIDE_STYLE ('',( #361 ) ) ;
#3376 = STYLED_ITEM ( 'NONE', ( #77 ), #2619 ) ;
#3377 = EDGE_LOOP ( 'NONE', ( #4522, #3259, #3324, #1129 ) ) ;
#3378 = CARTESIAN_POINT ( 'NONE',  ( 2.220896970253726471E-16, 2.461641085557714437, -1.813500000000001222 ) ) ;
#3379 = STYLED_ITEM ( 'NONE', ( #2325 ), #2686 ) ;
#3380 = VERTEX_POINT ( 'NONE', #3035 ) ;
#3381 = CARTESIAN_POINT ( 'NONE',  ( 0.0000000000000000000, 0.9000000000000002442, -1.750000000000000000 ) ) ;
#3382 =( NAMED_UNIT ( * ) PLANE_ANGLE_UNIT ( ) SI_UNIT ( $, .RADIAN. ) );
#3383 = STYLED_ITEM ( 'NONE', ( #4262 ), #3806 ) ;
#3384 = EDGE_LOOP ( 'NONE', ( #3583, #3182, #3398, #4043 ) ) ;
#3385 = CARTESIAN_POINT ( 'NONE',  ( 2.220896970253735839E-16, 1.428641085557713852, -1.813500000000009216 ) ) ;
#3386 = FACE_OUTER_BOUND ( 'NONE', #3059, .T. ) ;
#3387 =( GEOMETRIC_REPRESENTATION_CONTEXT ( 3 ) GLOBAL_UNCERTAINTY_ASSIGNED_CONTEXT ( ( #3297 ) ) GLOBAL_UNIT_ASSIGNED_CONTEXT ( ( #410, #867, #791 ) ) REPRESENTATION_CONTEXT ( 'NONE', 'WORKASPACE' ) );
#3388 = CARTESIAN_POINT ( 'NONE',  ( -3.627000000000011770, 1.736641085557713904, -1.813500000000006551 ) ) ;
#3389 = FILL_AREA_STYLE_COLOUR ( '', #4516 ) ;
#3390 = PRESENTATION_LAYER_ASSIGNMENT (  '', '', ( #598 ) ) ;
#3391 = VERTEX_POINT ( 'NONE', #2213 ) ;
#3392 = PRESENTATION_STYLE_ASSIGNMENT (( #739 ) ) ;
#3393 = DIRECTION ( 'NONE',  ( 0.0000000000000000000, 1.000000000000000000, 0.0000000000000000000 ) ) ;
#3394 =( NAMED_UNIT ( * ) SI_UNIT ( $, .STERADIAN. ) SOLID_ANGLE_UNIT ( ) );
#3395 = CARTESIAN_POINT ( 'NONE',  ( 0.0000000000000000000, 2.733641085557713790, 1.686500000000000554 ) ) ;
#3396 = UNCERTAINTY_MEASURE_WITH_UNIT (LENGTH_MEASURE( 1.000000000000000082E-05 ), #3728, 'distance_accuracy_value', 'NONE');
#3397 = MECHANICAL_DESIGN_GEOMETRIC_PRESENTATION_REPRESENTATION (  '', ( #2459 ), #1167 ) ;
#3398 = ORIENTED_EDGE ( 'NONE', *, *, #4879, .T. ) ;
#3399 = CARTESIAN_POINT ( 'NONE',  ( 2.220896970253726471E-16, 2.588641085557713772, -1.813500000000001000 ) ) ;
#3400 = PLANE ( 'NONE',  #1466 ) ;
#3401 = MECHANICAL_DESIGN_GEOMETRIC_PRESENTATION_REPRESENTATION (  '', ( #2698 ), #4453 ) ;
#3402 = EDGE_CURVE ( 'NONE', #4260, #2945, #2512, .T. ) ;
#3403 = CARTESIAN_POINT ( 'NONE',  ( 2.065366826762013328E-16, 2.715641085557713108, -1.686500000000001664 ) ) ;
#3404 = AXIS2_PLACEMENT_3D ( 'NONE', #2629, #720, #1119 ) ;
#3405 = DIRECTION ( 'NONE',  ( 0.0000000000000000000, 0.0000000000000000000, -1.000000000000000000 ) ) ;
#3406 = DIRECTION ( 'NONE',  ( 1.224646799147355179E-16, 0.0000000000000000000, -1.000000000000000000 ) ) ;
#3407 = DIRECTION ( 'NONE',  ( -0.1710878697460347375, -0.9702875252478140311, 0.1710878697460357922 ) ) ;
#3408 = DIRECTION ( 'NONE',  ( 0.0000000000000000000, 0.0000000000000000000, 1.000000000000000000 ) ) ;
#3409 = EDGE_CURVE ( 'NONE', #456, #4464, #3776, .T. ) ;
#3410 = ORIENTED_EDGE ( 'NONE', *, *, #407, .T. ) ;
#3411 = ORIENTED_EDGE ( 'NONE', *, *, #3691, .F. ) ;
#3412 =( NAMED_UNIT ( * ) PLANE_ANGLE_UNIT ( ) SI_UNIT ( $, .RADIAN. ) );
#3413 = SURFACE_SIDE_STYLE ('',( #3814 ) ) ;
#3414 = EDGE_CURVE ( 'NONE', #3922, #3253, #3299, .T. ) ;
#3415 = FACE_OUTER_BOUND ( 'NONE', #1959, .T. ) ;
#3416 = ORIENTED_EDGE ( 'NONE', *, *, #1307, .F. ) ;
#3417 = DIRECTION ( 'NONE',  ( -0.0000000000000000000, -1.000000000000000000, -0.0000000000000000000 ) ) ;
#3418 = SURFACE_SIDE_STYLE ('',( #4569 ) ) ;
#3419 = CARTESIAN_POINT ( 'NONE',  ( 0.0000000000000000000, 1.573641085557713870, 0.0000000000000000000 ) ) ;
#3420 =( NAMED_UNIT ( * ) PLANE_ANGLE_UNIT ( ) SI_UNIT ( $, .RADIAN. ) );
#3421 = LINE ( 'NONE', #4953, #3136 ) ;
#3422 = ORIENTED_EDGE ( 'NONE', *, *, #903, .F. ) ;
#3423 = DIRECTION ( 'NONE',  ( 0.1710878697460368469, -0.9702875252478135870, 0.1710878697460357645 ) ) ;
#3424 = VECTOR ( 'NONE', #3313, 1000.000000000000000 ) ;
#3425 = CARTESIAN_POINT ( 'NONE',  ( 2.065366826762017766E-16, 2.135641085557713925, -1.686500000000005661 ) ) ;
#3426 = AXIS2_PLACEMENT_3D ( 'NONE', #2617, #756, #396 ) ;
#3427 = EDGE_LOOP ( 'NONE', ( #4294, #1061, #3479, #1964 ) ) ;
#3428 = FILL_AREA_STYLE_COLOUR ( '', #496 ) ;
#3429 = CARTESIAN_POINT ( 'NONE',  ( 0.0000000000000000000, 0.0000000000000000000, 0.0000000000000000000 ) ) ;
#3430 = DIRECTION ( 'NONE',  ( 0.0000000000000000000, 0.0000000000000000000, -1.000000000000000000 ) ) ;
#3431 = CARTESIAN_POINT ( 'NONE',  ( 3.627000000000003777, 2.443641085557714643, -1.813500000000001666 ) ) ;
#3432 = PRESENTATION_LAYER_ASSIGNMENT (  '', '', ( #1601 ) ) ;
#3433 = CARTESIAN_POINT ( 'NONE',  ( -3.627000000000004665, 2.570641085557713978, 1.813500000000001222 ) ) ;
#3434 = ORIENTED_EDGE ( 'NONE', *, *, #4424, .T. ) ;
#3435 = EDGE_CURVE ( 'NONE', #1929, #2833, #291, .T. ) ;
#3436 = SURFACE_SIDE_STYLE ('',( #1087 ) ) ;
#3437 = CARTESIAN_POINT ( 'NONE',  ( 0.0000000000000000000, 2.443641085557714643, 1.813500000000001888 ) ) ;
#3438 =( LENGTH_UNIT ( ) NAMED_UNIT ( * ) SI_UNIT ( .MILLI., .METRE. ) );
#3439 = CIRCLE ( 'NONE', #2893, 1.750000000000000000 ) ;
#3440 = PRESENTATION_STYLE_ASSIGNMENT (( #435 ) ) ;
#3441 = ORIENTED_EDGE ( 'NONE', *, *, #995, .F. ) ;
#3442 = EDGE_CURVE ( 'NONE', #1684, #3065, #2093, .T. ) ;
#3443 = AXIS2_PLACEMENT_3D ( 'NONE', #4815, #1380, #4770 ) ;
#3444 = CARTESIAN_POINT ( 'NONE',  ( 2.065366826762022942E-16, 1.428641085557713852, -1.686500000000009658 ) ) ;
#3445 = CARTESIAN_POINT ( 'NONE',  ( 2.220896970253738304E-16, 1.138641085557713817, -1.813500000000010992 ) ) ;
#3446 = CARTESIAN_POINT ( 'NONE',  ( 2.065366826762021463E-16, 1.446641085557714312, -1.686500000000008548 ) ) ;
#3447 = AXIS2_PLACEMENT_3D ( 'NONE', #1890, #3417, #331 ) ;
#3448 = FILL_AREA_STYLE ('',( #3824 ) ) ;
#3449 = PRESENTATION_LAYER_ASSIGNMENT (  '', '', ( #3051 ) ) ;
#3450 = ORIENTED_EDGE ( 'NONE', *, *, #4542, .T. ) ;
#3451 = CARTESIAN_POINT ( 'NONE',  ( -3.627000000000016211, 1.700641085557713872, 1.813500000000006995 ) ) ;
#3452 = CARTESIAN_POINT ( 'NONE',  ( -4.130733653524050815E-16, 1.138641085557713817, 1.686500000000011656 ) ) ;
#3453 = CARTESIAN_POINT ( 'NONE',  ( 2.114734603858307249, -4.004040043830870342E-17, 1.112705316497224040 ) ) ;
#3454 = AXIS2_PLACEMENT_3D ( 'NONE', #795, #3147, #494 ) ;
#3455 = FILL_AREA_STYLE ('',( #4212 ) ) ;
#3456 = DIRECTION ( 'NONE',  ( 0.0000000000000000000, 1.000000000000000000, 0.0000000000000000000 ) ) ;
#3457 = ORIENTED_EDGE ( 'NONE', *, *, #4608, .F. ) ;
#3458 = DIRECTION ( 'NONE',  ( 0.0000000000000000000, 0.0000000000000000000, -1.000000000000000000 ) ) ;
#3459 = AXIS2_PLACEMENT_3D ( 'NONE', #4826, #4056, #4032 ) ;
#3460 = ORIENTED_EDGE ( 'NONE', *, *, #560, .F. ) ;
#3461 = COLOUR_RGB ( '',0.7960784313725489669, 0.8235294117647058432, 0.9372549019607843146 ) ;
#3462 = CARTESIAN_POINT ( 'NONE',  ( 2.065366826762026640E-16, 0.9936410855577139101, -1.686500000000012545 ) ) ;
#3463 =( GEOMETRIC_REPRESENTATION_CONTEXT ( 3 ) GLOBAL_UNCERTAINTY_ASSIGNED_CONTEXT ( ( #4896 ) ) GLOBAL_UNIT_ASSIGNED_CONTEXT ( ( #4422, #4402, #3205 ) ) REPRESENTATION_CONTEXT ( 'NONE', 'WORKASPACE' ) );
#3464 = EDGE_CURVE ( 'NONE', #3340, #4801, #2946, .T. ) ;
#3465 = ORIENTED_EDGE ( 'NONE', *, *, #3972, .F. ) ;
#3466 = CARTESIAN_POINT ( 'NONE',  ( 3.627000000000002000, 2.588641085557713772, 1.813500000000001222 ) ) ;
#3467 =( BOUNDED_SURFACE ( )  B_SPLINE_SURFACE ( 3, 3, ( 
 ( #3385, #2644, #1194, #373 ),
 ( #1563, #2672, #430, #3079 ),
 ( #4517, #4622, #1489, #2721 ),
 ( #3812, #4248, #4170, #3761 ) ),
 .UNSPECIFIED., .F., .F., .T. ) 
 B_SPLINE_SURFACE_WITH_KNOTS ( ( 4, 4 ),
 ( 4, 4 ),
 ( 0.0000000000000000000, 1.000000000000000000 ),
 ( 0.0000000000000000000, 1.000000000000000000 ),
 .UNSPECIFIED. ) 
 GEOMETRIC_REPRESENTATION_ITEM ( )  RATIONAL_B_SPLINE_SURFACE ( (
 ( 1.000000000000000000, 0.3333333333333334259, 0.3333333333333334259, 1.000000000000000000),
 ( 0.3333333333333333703, 0.1111111111111111605, 0.1111111111111111605, 0.3333333333333333703),
 ( 0.3333333333333333703, 0.1111111111111111605, 0.1111111111111111605, 0.3333333333333333703),
 ( 1.000000000000000000, 0.3333333333333334259, 0.3333333333333334259, 1.000000000000000000) ) ) 
 REPRESENTATION_ITEM ( '' )  SURFACE ( )  );
#3468 = ADVANCED_FACE ( 'NONE', ( #2185 ), #1594, .T. ) ;
#3469 = CARTESIAN_POINT ( 'NONE',  ( 3.373000000000001997, 2.588641085557713772, 1.686500000000001220 ) ) ;
#3470 = AXIS2_PLACEMENT_3D ( 'NONE', #3965, #1669, #4745 ) ;
#3471 = ORIENTED_EDGE ( 'NONE', *, *, #1342, .F. ) ;
#3472 = CARTESIAN_POINT ( 'NONE',  ( -3.627000000000014879, 1.700641085557713872, -1.813500000000008328 ) ) ;
#3473 = SURFACE_STYLE_FILL_AREA ( #966 ) ;
#3474 = FILL_AREA_STYLE_COLOUR ( '', #2436 ) ;
#3475 =( NAMED_UNIT ( * ) PLANE_ANGLE_UNIT ( ) SI_UNIT ( $, .RADIAN. ) );
#3476 = CARTESIAN_POINT ( 'NONE',  ( 2.065366826762024175E-16, 1.156641085557714055, -1.686500000000010546 ) ) ;
#3477 = DIRECTION ( 'NONE',  ( 1.000000000000000000, 0.0000000000000000000, 0.0000000000000000000 ) ) ;
#3478 = MECHANICAL_DESIGN_GEOMETRIC_PRESENTATION_REPRESENTATION (  '', ( #4385 ), #1493 ) ;
#3479 = ORIENTED_EDGE ( 'NONE', *, *, #3557, .F. ) ;
#3480 = FILL_AREA_STYLE ('',( #2399 ) ) ;
#3481 = CARTESIAN_POINT ( 'NONE',  ( 0.0000000000000000000, 1.428641085557713852, 1.813500000000009216 ) ) ;
#3482 = CARTESIAN_POINT ( 'NONE',  ( 0.0000000000000000000, 2.008641085557714590, 0.0000000000000000000 ) ) ;
#3483 = CARTESIAN_POINT ( 'NONE',  ( 2.220896970253732388E-16, 1.736641085557714126, -1.813500000000005885 ) ) ;
#3484 =( LENGTH_UNIT ( ) NAMED_UNIT ( * ) SI_UNIT ( .MILLI., .METRE. ) );
#3485 = ORIENTED_EDGE ( 'NONE', *, *, #1928, .F. ) ;
#3486 = FILL_AREA_STYLE ('',( #892 ) ) ;
#3487 =( LENGTH_UNIT ( ) NAMED_UNIT ( * ) SI_UNIT ( .MILLI., .METRE. ) );
#3488 = CARTESIAN_POINT ( 'NONE',  ( -3.627000000000013102, 1.718641085557713666, 1.813500000000005885 ) ) ;
#3489 = SURFACE_STYLE_USAGE ( .BOTH. , #2036 ) ;
#3490 = CARTESIAN_POINT ( 'NONE',  ( 0.0000000000000000000, 1.863641085557713684, 1.686500000000006549 ) ) ;
#3491 = ORIENTED_EDGE ( 'NONE', *, *, #3876, .F. ) ;
#3492 = CARTESIAN_POINT ( 'NONE',  ( -3.627000000000015767, 1.573641085557713870, 1.813500000000007217 ) ) ;
#3493 = ADVANCED_FACE ( 'NONE', ( #3924 ), #4221, .F. ) ;
#3494 = CARTESIAN_POINT ( 'NONE',  ( 3.373000000000001997, 2.588641085557713772, 1.686500000000001220 ) ) ;
#3495 = EDGE_CURVE ( 'NONE', #1884, #1938, #1636, .T. ) ;
#3496 = B_SPLINE_CURVE_WITH_KNOTS ( 'NONE', 3,
 ( #1179, #2657, #2996, #2709 ),
 .UNSPECIFIED., .F., .F.,
 ( 4, 4 ),
 ( 2.310909759149276582E-15, 0.0002032706364704613469 ),
 .UNSPECIFIED. ) ;
#3497 = UNCERTAINTY_MEASURE_WITH_UNIT (LENGTH_MEASURE( 1.000000000000000082E-05 ), #3152, 'distance_accuracy_value', 'NONE');
#3498 = UNCERTAINTY_MEASURE_WITH_UNIT (LENGTH_MEASURE( 1.000000000000000082E-05 ), #1323, 'distance_accuracy_value', 'NONE');
#3499 = SURFACE_STYLE_USAGE ( .BOTH. , #46 ) ;
#3500 = AXIS2_PLACEMENT_3D ( 'NONE', #1147, #2651, #1567 ) ;
#3501 = ORIENTED_EDGE ( 'NONE', *, *, #4035, .F. ) ;
#3502 = CARTESIAN_POINT ( 'NONE',  ( 0.0000000000000000000, 2.606641085557714455, 1.813500000000000334 ) ) ;
#3503 = EDGE_CURVE ( 'NONE', #4860, #3311, #337, .T. ) ;
#3504 = PRESENTATION_STYLE_ASSIGNMENT (( #2510 ) ) ;
#3505 = FILL_AREA_STYLE ('',( #3474 ) ) ;
#3506 = PRESENTATION_LAYER_ASSIGNMENT (  '', '', ( #3908 ) ) ;
#3507 = STYLED_ITEM ( 'NONE', ( #2006 ), #73 ) ;
#3508 = EDGE_LOOP ( 'NONE', ( #2910, #101, #3536, #36 ) ) ;
#3509 = CIRCLE ( 'NONE', #3998, 0.3500000000000000333 ) ;
#3510 = SURFACE_STYLE_USAGE ( .BOTH. , #3916 ) ;
#3511 = MECHANICAL_DESIGN_GEOMETRIC_PRESENTATION_REPRESENTATION (  '', ( #1021 ), #474 ) ;
#3512 = CARTESIAN_POINT ( 'NONE',  ( 3.627000000000017987, 1.428641085557713852, -1.813500000000008550 ) ) ;
#3513 = CARTESIAN_POINT ( 'NONE',  ( -3.626999999999999780, 2.733641085557713790, 1.813499999999999224 ) ) ;
#3514 = CARTESIAN_POINT ( 'NONE',  ( -4.130733653524038489E-16, 1.736641085557714126, 1.686500000000006549 ) ) ;
#3515 = DIRECTION ( 'NONE',  ( 0.0000000000000000000, 0.0000000000000000000, -1.000000000000000000 ) ) ;
#3516 =( NAMED_UNIT ( * ) PLANE_ANGLE_UNIT ( ) SI_UNIT ( $, .RADIAN. ) );
#3517 = ORIENTED_EDGE ( 'NONE', *, *, #4148, .T. ) ;
#3518 =( LENGTH_UNIT ( ) NAMED_UNIT ( * ) SI_UNIT ( .MILLI., .METRE. ) );
#3519 = SURFACE_STYLE_USAGE ( .BOTH. , #1986 ) ;
#3520 = SURFACE_STYLE_FILL_AREA ( #847 ) ;
#3521 = CIRCLE ( 'NONE', #1774, 0.06349999999999975109 ) ;
#3522 = CARTESIAN_POINT ( 'NONE',  ( -3.373000000000013987, 1.718641085557713666, -1.686500000000007882 ) ) ;
#3523 = AXIS2_PLACEMENT_3D ( 'NONE', #2475, #3992, #3235 ) ;
#3524 = CARTESIAN_POINT ( 'NONE',  ( 2.150000000000000799, 2.799999999999999822, -1.121383074600288632 ) ) ;
#3525 = ORIENTED_EDGE ( 'NONE', *, *, #3811, .T. ) ;
#3526 = CARTESIAN_POINT ( 'NONE',  ( -4.441793940507474636E-16, 1.283641085557714057, 1.813500000000009882 ) ) ;
#3527 = CARTESIAN_POINT ( 'NONE',  ( 0.0000000000000000000, 0.2000000000066393113, 0.0000000000000000000 ) ) ;
#3528 = PRESENTATION_LAYER_ASSIGNMENT (  '', '', ( #2573 ) ) ;
#3529 = ORIENTED_EDGE ( 'NONE', *, *, #3972, .T. ) ;
#3530 = CARTESIAN_POINT ( 'NONE',  ( -4.130733653524042927E-16, 1.700641085557713650, 1.686500000000008548 ) ) ;
#3531 = PRESENTATION_STYLE_ASSIGNMENT (( #1999 ) ) ;
#3532 = DIRECTION ( 'NONE',  ( 0.0000000000000000000, -0.0000000000000000000, 1.000000000000000000 ) ) ;
#3533 = VECTOR ( 'NONE', #1235, 1000.000000000000000 ) ;
#3534 = CARTESIAN_POINT ( 'NONE',  ( -3.373000000000005105, 2.316641085557715307, 1.686500000000001442 ) ) ;
#3535 = EDGE_CURVE ( 'NONE', #521, #2496, #2003, .T. ) ;
#3536 = ORIENTED_EDGE ( 'NONE', *, *, #4399, .T. ) ;
#3537 = CARTESIAN_POINT ( 'NONE',  ( 2.065366826762026640E-16, 0.9936410855577139101, -1.686500000000012545 ) ) ;
#3538 = FILL_AREA_STYLE ('',( #2776 ) ) ;
#3539 = DIRECTION ( 'NONE',  ( -0.0000000000000000000, -1.000000000000000000, -0.0000000000000000000 ) ) ;
#3540 = FILL_AREA_STYLE ('',( #1267 ) ) ;
#3541 = CARTESIAN_POINT ( 'NONE',  ( 2.220896970253732881E-16, 1.863641085557713684, -1.813500000000006107 ) ) ;
#3542 = PRESENTATION_LAYER_ASSIGNMENT (  '', '', ( #413 ) ) ;
#3543 = CIRCLE ( 'NONE', #4747, 2.424871130596427893 ) ;
#3544 = VERTEX_POINT ( 'NONE', #4802 ) ;
#3545 =( NAMED_UNIT ( * ) PLANE_ANGLE_UNIT ( ) SI_UNIT ( $, .RADIAN. ) );
#3546 = MECHANICAL_DESIGN_GEOMETRIC_PRESENTATION_REPRESENTATION (  '', ( #263 ), #1232 ) ;
#3547 = PRESENTATION_LAYER_ASSIGNMENT (  '', '', ( #746 ) ) ;
#3548 = UNCERTAINTY_MEASURE_WITH_UNIT (LENGTH_MEASURE( 1.000000000000000082E-05 ), #4426, 'distance_accuracy_value', 'NONE');
#3549 = MECHANICAL_DESIGN_GEOMETRIC_PRESENTATION_REPRESENTATION (  '', ( #3383 ), #4581 ) ;
#3550 = AXIS2_PLACEMENT_3D ( 'NONE', #859, #3074, #109 ) ;
#3551 =( LENGTH_UNIT ( ) NAMED_UNIT ( * ) SI_UNIT ( .MILLI., .METRE. ) );
#3552 = AXIS2_PLACEMENT_3D ( 'NONE', #2509, #2488, #1013 ) ;
#3553 = FILL_AREA_STYLE ('',( #2018 ) ) ;
#3554 = PRESENTATION_LAYER_ASSIGNMENT (  '', '', ( #2766 ) ) ;
#3555 = VERTEX_POINT ( 'NONE', #4029 ) ;
#3556 = CARTESIAN_POINT ( 'NONE',  ( 0.3464101615158184377, 0.2000000000066393113, 2.399999999989038013 ) ) ;
#3557 = EDGE_CURVE ( 'NONE', #1515, #2350, #233, .T. ) ;
#3558 = CARTESIAN_POINT ( 'NONE',  ( 0.0000000000000000000, 1.283641085557714057, 1.686500000000010546 ) ) ;
#3559 = STYLED_ITEM ( 'NONE', ( #3134 ), #4340 ) ;
#3560 = LINE ( 'NONE', #2071, #128 ) ;
#3561 = ORIENTED_EDGE ( 'NONE', *, *, #3464, .T. ) ;
#3562 =( GEOMETRIC_REPRESENTATION_CONTEXT ( 3 ) GLOBAL_UNCERTAINTY_ASSIGNED_CONTEXT ( ( #4442 ) ) GLOBAL_UNIT_ASSIGNED_CONTEXT ( ( #3734, #2265, #682 ) ) REPRESENTATION_CONTEXT ( 'NONE', 'WORKASPACE' ) );
#3563 = CARTESIAN_POINT ( 'NONE',  ( 2.220896970253739783E-16, 1.120641085557713579, -1.813500000000012324 ) ) ;
#3564 = SURFACE_SIDE_STYLE ('',( #509 ) ) ;
#3565 = ADVANCED_FACE ( 'NONE', ( #2502 ), #3208, .F. ) ;
#3566 = EDGE_CURVE ( 'NONE', #4404, #3830, #3625, .T. ) ;
#3567 = CARTESIAN_POINT ( 'NONE',  ( 0.0000000000000000000, 2.298641085557713737, 1.750000000000003331 ) ) ;
#3568 = COLOUR_RGB ( '',0.2509803921568627416, 0.2509803921568627416, 0.2509803921568627416 ) ;
#3569 = ORIENTED_EDGE ( 'NONE', *, *, #774, .T. ) ;
#3570 = CARTESIAN_POINT ( 'NONE',  ( 3.627000000000017987, 1.555641085557713854, -1.813500000000008772 ) ) ;
#3571 = SURFACE_SIDE_STYLE ('',( #2354 ) ) ;
#3572 = MECHANICAL_DESIGN_GEOMETRIC_PRESENTATION_REPRESENTATION (  '', ( #2385 ), #2042 ) ;
#3573 = SURFACE_STYLE_USAGE ( .BOTH. , #1704 ) ;
#3574 = CARTESIAN_POINT ( 'NONE',  ( 0.0000000000000000000, 2.153641085557714163, 1.686500000000004551 ) ) ;
#3575 = CARTESIAN_POINT ( 'NONE',  ( -3.373000000000002441, 2.588641085557713772, 1.686500000000000554 ) ) ;
#3576 = CARTESIAN_POINT ( 'NONE',  ( 3.627000000000012658, 1.990641085557713019, -1.813500000000006107 ) ) ;
#3577 = VERTEX_POINT ( 'NONE', #2882 ) ;
#3578 = CARTESIAN_POINT ( 'NONE',  ( 4.059178187802285660E-17, 2.799999999999999822, -2.449999999999999734 ) ) ;
#3579 = EDGE_LOOP ( 'NONE', ( #3368, #1775, #2998, #4324 ) ) ;
#3580 = DIRECTION ( 'NONE',  ( 0.0000000000000000000, 0.0000000000000000000, -1.000000000000000000 ) ) ;
#3581 = FILL_AREA_STYLE_COLOUR ( '', #2738 ) ;
#3582 = SURFACE_SIDE_STYLE ('',( #4019 ) ) ;
#3583 = ORIENTED_EDGE ( 'NONE', *, *, #2691, .F. ) ;
#3584 = CARTESIAN_POINT ( 'NONE',  ( 2.143131898507880623E-16, 1.283641085557714057, -1.750000000000010214 ) ) ;
#3585 = CLOSED_SHELL ( 'NONE', ( #2925, #619, #653, #444 ) ) ;
#3586 = PRESENTATION_STYLE_ASSIGNMENT (( #1341 ) ) ;
#3587 = AXIS2_PLACEMENT_3D ( 'NONE', #4143, #4920, #1924 ) ;
#3588 = COLOUR_RGB ( '',0.9098039215686274384, 0.4431372549019607643, 0.03137254901960784270 ) ;
#3589 = ORIENTED_EDGE ( 'NONE', *, *, #1582, .F. ) ;
#3590 = SURFACE_STYLE_USAGE ( .BOTH. , #1655 ) ;
#3591 =( LENGTH_UNIT ( ) NAMED_UNIT ( * ) SI_UNIT ( .MILLI., .METRE. ) );
#3592 = DIRECTION ( 'NONE',  ( 0.0000000000000000000, 0.0000000000000000000, -1.000000000000000000 ) ) ;
#3593 = CARTESIAN_POINT ( 'NONE',  ( 2.220896970253729923E-16, 2.026641085557714828, -1.813500000000003887 ) ) ;
#3594 = COLOUR_RGB ( '',0.7529411764705882248, 0.7529411764705882248, 0.7529411764705882248 ) ;
#3595 = MECHANICAL_DESIGN_GEOMETRIC_PRESENTATION_REPRESENTATION (  '', ( #1602 ), #4149 ) ;
#3596 = ADVANCED_FACE ( 'NONE', ( #1345 ), #1765, .T. ) ;
#3597 = FILL_AREA_STYLE_COLOUR ( '', #502 ) ;
#3598 = CONICAL_SURFACE ( 'NONE', #3192, 2.424871130585870560, 0.1745329251648975732 ) ;
#3599 = ORIENTED_EDGE ( 'NONE', *, *, #4344, .F. ) ;
#3600 = FILL_AREA_STYLE_COLOUR ( '', #2683 ) ;
#3601 = PLANE ( 'NONE',  #2780 ) ;
#3602 = VECTOR ( 'NONE', #3133, 1000.000000000000000 ) ;
#3603 = UNCERTAINTY_MEASURE_WITH_UNIT (LENGTH_MEASURE( 1.000000000000000082E-05 ), #2701, 'distance_accuracy_value', 'NONE');
#3604 = ORIENTED_EDGE ( 'NONE', *, *, #1331, .F. ) ;
#3605 =( NAMED_UNIT ( * ) SI_UNIT ( $, .STERADIAN. ) SOLID_ANGLE_UNIT ( ) );
#3606 = SURFACE_SIDE_STYLE ('',( #4741 ) ) ;
#3607 = CARTESIAN_POINT ( 'NONE',  ( -3.627000000000004665, 2.316641085557715307, 1.813500000000001222 ) ) ;
#3608 =( BOUNDED_SURFACE ( )  B_SPLINE_SURFACE ( 3, 3, ( 
 ( #2164, #3301, #3662, #998 ),
 ( #2874, #574, #4482, #2139 ),
 ( #600, #273, #1809, #4790 ),
 ( #220, #4392, #4440, #2535 ) ),
 .UNSPECIFIED., .F., .F., .T. ) 
 B_SPLINE_SURFACE_WITH_KNOTS ( ( 4, 4 ),
 ( 4, 4 ),
 ( 0.0000000000000000000, 1.000000000000000000 ),
 ( 0.0000000000000000000, 1.000000000000000000 ),
 .UNSPECIFIED. ) 
 GEOMETRIC_REPRESENTATION_ITEM ( )  RATIONAL_B_SPLINE_SURFACE ( (
 ( 1.000000000000000000, 0.3333333333333334259, 0.3333333333333334259, 1.000000000000000000),
 ( 0.3333333333333333703, 0.1111111111111111605, 0.1111111111111111605, 0.3333333333333333703),
 ( 0.3333333333333333703, 0.1111111111111111605, 0.1111111111111111605, 0.3333333333333333703),
 ( 1.000000000000000000, 0.3333333333333334259, 0.3333333333333334259, 1.000000000000000000) ) ) 
 REPRESENTATION_ITEM ( '' )  SURFACE ( )  );
#3609 = MECHANICAL_DESIGN_GEOMETRIC_PRESENTATION_REPRESENTATION (  '', ( #2153 ), #4490 ) ;
#3610 = ORIENTED_EDGE ( 'NONE', *, *, #3566, .T. ) ;
#3611 = DIRECTION ( 'NONE',  ( 0.0000000000000000000, 0.0000000000000000000, -1.000000000000000000 ) ) ;
#3612 = APPLICATION_CONTEXT ( 'automotive_design' ) ;
#3613 = DIRECTION ( 'NONE',  ( 0.0000000000000000000, 0.0000000000000000000, 1.000000000000000000 ) ) ;
#3614 = CARTESIAN_POINT ( 'NONE',  ( -3.627000000000017987, 1.428641085557713852, 1.813500000000008328 ) ) ;
#3615 = FILL_AREA_STYLE ('',( #2077 ) ) ;
#3616 = ORIENTED_EDGE ( 'NONE', *, *, #4830, .T. ) ;
#3617 = CARTESIAN_POINT ( 'NONE',  ( 0.0000000000000000000, 1.138641085557713817, 0.0000000000000000000 ) ) ;
#3618 = CARTESIAN_POINT ( 'NONE',  ( 0.0000000000000000000, 2.443641085557714643, 0.0000000000000000000 ) ) ;
#3619 = CARTESIAN_POINT ( 'NONE',  ( 2.150000000000000355, 2.799999999999999822, 1.121383074600289076 ) ) ;
#3620 =( LENGTH_UNIT ( ) NAMED_UNIT ( * ) SI_UNIT ( .MILLI., .METRE. ) );
#3621 = MECHANICAL_DESIGN_GEOMETRIC_PRESENTATION_REPRESENTATION (  '', ( #1632 ), #3213 ) ;
#3622 = ADVANCED_FACE ( 'NONE', ( #3049 ), #1554, .F. ) ;
#3623 =( GEOMETRIC_REPRESENTATION_CONTEXT ( 3 ) GLOBAL_UNCERTAINTY_ASSIGNED_CONTEXT ( ( #4352 ) ) GLOBAL_UNIT_ASSIGNED_CONTEXT ( ( #597, #3631, #1376 ) ) REPRESENTATION_CONTEXT ( 'NONE', 'WORKASPACE' ) );
#3624 = CARTESIAN_POINT ( 'NONE',  ( 3.627000000000007329, 2.153641085557714163, 1.813500000000003887 ) ) ;
#3625 = CIRCLE ( 'NONE', #111, 0.3500000000000000333 ) ;
#3626 = PRESENTATION_STYLE_ASSIGNMENT (( #3216 ) ) ;
#3627 = CARTESIAN_POINT ( 'NONE',  ( 3.373000000000022425, 1.011641085557714259, -1.686500000000011212 ) ) ;
#3628 = ORIENTED_EDGE ( 'NONE', *, *, #1643, .F. ) ;
#3629 = SURFACE_SIDE_STYLE ('',( #3246 ) ) ;
#3630 = CARTESIAN_POINT ( 'NONE',  ( 3.627000000000015767, 1.573641085557713870, -1.813500000000007661 ) ) ;
#3631 =( NAMED_UNIT ( * ) PLANE_ANGLE_UNIT ( ) SI_UNIT ( $, .RADIAN. ) );
#3632 = EDGE_CURVE ( 'NONE', #1264, #624, #1178, .T. ) ;
#3633 = AXIS2_PLACEMENT_3D ( 'NONE', #4609, #1501, #3804 ) ;
#3634 = CARTESIAN_POINT ( 'NONE',  ( -2.150000000000000355, 3.500000000000000000, 1.121383074600289076 ) ) ;
#3635 =( NAMED_UNIT ( * ) SI_UNIT ( $, .STERADIAN. ) SOLID_ANGLE_UNIT ( ) );
#3636 = MECHANICAL_DESIGN_GEOMETRIC_PRESENTATION_REPRESENTATION (  '', ( #3793 ), #3308 ) ;
#3637 = DIRECTION ( 'NONE',  ( 0.0000000000000000000, 1.000000000000000000, 0.0000000000000000000 ) ) ;
#3638 = UNCERTAINTY_MEASURE_WITH_UNIT (LENGTH_MEASURE( 1.000000000000000082E-05 ), #281, 'distance_accuracy_value', 'NONE');
#3639 = MECHANICAL_DESIGN_GEOMETRIC_PRESENTATION_REPRESENTATION (  '', ( #2766 ), #3796 ) ;
#3640 = ORIENTED_EDGE ( 'NONE', *, *, #1088, .T. ) ;
#3641 = LINE ( 'NONE', #205, #4800 ) ;
#3642 = DIRECTION ( 'NONE',  ( 0.0000000000000000000, 1.000000000000000000, 0.0000000000000000000 ) ) ;
#3643 = DIRECTION ( 'NONE',  ( 0.0000000000000000000, 0.0000000000000000000, 1.000000000000000000 ) ) ;
#3644 =( BOUNDED_SURFACE ( )  B_SPLINE_SURFACE ( 3, 3, ( 
 ( #4416, #1356, #4463, #3663 ),
 ( #648, #4840, #1018, #2095 ),
 ( #3273, #1404, #575, #4087 ),
 ( #2516, #221, #3707, #200 ) ),
 .UNSPECIFIED., .F., .F., .T. ) 
 B_SPLINE_SURFACE_WITH_KNOTS ( ( 4, 4 ),
 ( 4, 4 ),
 ( 0.0000000000000000000, 1.000000000000000000 ),
 ( 0.0000000000000000000, 1.000000000000000000 ),
 .UNSPECIFIED. ) 
 GEOMETRIC_REPRESENTATION_ITEM ( )  RATIONAL_B_SPLINE_SURFACE ( (
 ( 1.000000000000000000, 0.3333333333333334259, 0.3333333333333334259, 1.000000000000000000),
 ( 0.3333333333333333703, 0.1111111111111111605, 0.1111111111111111605, 0.3333333333333333703),
 ( 0.3333333333333333703, 0.1111111111111111605, 0.1111111111111111605, 0.3333333333333333703),
 ( 1.000000000000000000, 0.3333333333333334259, 0.3333333333333334259, 1.000000000000000000) ) ) 
 REPRESENTATION_ITEM ( '' )  SURFACE ( )  );
#3645 = CARTESIAN_POINT ( 'NONE',  ( -3.373000000000002441, 2.588641085557713772, 1.686500000000000554 ) ) ;
#3646 = ORIENTED_EDGE ( 'NONE', *, *, #1105, .F. ) ;
#3647 = SURFACE_STYLE_FILL_AREA ( #1676 ) ;
#3648 = FILL_AREA_STYLE ('',( #3362 ) ) ;
#3649 = DIRECTION ( 'NONE',  ( 0.0000000000000000000, 1.000000000000000000, 0.0000000000000000000 ) ) ;
#3650 = UNCERTAINTY_MEASURE_WITH_UNIT (LENGTH_MEASURE( 1.000000000000000082E-05 ), #1734, 'distance_accuracy_value', 'NONE');
#3651 = SURFACE_STYLE_USAGE ( .BOTH. , #1620 ) ;
#3652 = VECTOR ( 'NONE', #3725, 1000.000000000000114 ) ;
#3653 = CARTESIAN_POINT ( 'NONE',  ( 0.3657182036800271652, 0.06673286433716121846, 2.373385484235627896 ) ) ;
#3654 = LINE ( 'NONE', #1374, #2221 ) ;
#3655 = DIRECTION ( 'NONE',  ( -1.000000000000000000, 0.0000000000000000000, -1.224646799147353207E-16 ) ) ;
#3656 = CARTESIAN_POINT ( 'NONE',  ( 0.0000000000000000000, 1.700641085557713650, 1.813500000000007883 ) ) ;
#3657 = FILL_AREA_STYLE_COLOUR ( '', #2616 ) ;
#3658 = UNCERTAINTY_MEASURE_WITH_UNIT (LENGTH_MEASURE( 1.000000000000000082E-05 ), #4030, 'distance_accuracy_value', 'NONE');
#3659 = EDGE_CURVE ( 'NONE', #3148, #1712, #4501, .T. ) ;
#3660 = ADVANCED_FACE ( 'NONE', ( #3694 ), #257, .F. ) ;
#3661 = SURFACE_SIDE_STYLE ('',( #2852 ) ) ;
#3662 = CARTESIAN_POINT ( 'NONE',  ( 3.627000000000011770, 1.863641085557713684, -1.813500000000005663 ) ) ;
#3663 = CARTESIAN_POINT ( 'NONE',  ( 2.220896970253739783E-16, 0.9936410855577139101, -1.813500000000012102 ) ) ;
#3664 = CARTESIAN_POINT ( 'NONE',  ( -4.441793940507449985E-16, 2.733641085557713790, 1.813500000000000112 ) ) ;
#3665 = ADVANCED_FACE ( 'NONE', ( #153 ), #4668, .T. ) ;
#3666 = VERTEX_POINT ( 'NONE', #3910 ) ;
#3667 = CARTESIAN_POINT ( 'NONE',  ( 2.220896970253726471E-16, 2.715641085557713108, -1.813500000000001222 ) ) ;
#3668 = FILL_AREA_STYLE ('',( #1255 ) ) ;
#3669 = ORIENTED_EDGE ( 'NONE', *, *, #2341, .T. ) ;
#3670 = SURFACE_STYLE_FILL_AREA ( #344 ) ;
#3671 = CIRCLE ( 'NONE', #2137, 0.06349999999999975109 ) ;
#3672 =( NAMED_UNIT ( * ) SI_UNIT ( $, .STERADIAN. ) SOLID_ANGLE_UNIT ( ) );
#3673 = FACE_OUTER_BOUND ( 'NONE', #1904, .T. ) ;
#3674 = DIRECTION ( 'NONE',  ( 1.000000000000000000, 0.0000000000000000000, 0.0000000000000000000 ) ) ;
#3675 = CLOSED_SHELL ( 'NONE', ( #139, #3126, #2005, #134 ) ) ;
#3676 = CARTESIAN_POINT ( 'NONE',  ( 4.059178187802285043E-17, 3.500000000000000000, 2.449999999999999734 ) ) ;
#3677 = SURFACE_STYLE_FILL_AREA ( #614 ) ;
#3678 = LINE ( 'NONE', #4855, #2521 ) ;
#3679 =( GEOMETRIC_REPRESENTATION_CONTEXT ( 3 ) GLOBAL_UNCERTAINTY_ASSIGNED_CONTEXT ( ( #4459 ) ) GLOBAL_UNIT_ASSIGNED_CONTEXT ( ( #1420, #1805, #3320 ) ) REPRESENTATION_CONTEXT ( 'NONE', 'WORKASPACE' ) );
#3680 = CARTESIAN_POINT ( 'NONE',  ( -3.627000000000007773, 2.026641085557714828, -1.813500000000004553 ) ) ;
#3681 = CARTESIAN_POINT ( 'NONE',  ( 4.059178187802285660E-17, 3.500000000000000000, -2.449999999999999734 ) ) ;
#3682 = FILL_AREA_STYLE_COLOUR ( '', #4381 ) ;
#3683 = STYLED_ITEM ( 'NONE', ( #4538 ), #1449 ) ;
#3684 = AXIS2_PLACEMENT_3D ( 'NONE', #1696, #863, #116 ) ;
#3685 = DIRECTION ( 'NONE',  ( 1.000000000000000000, 0.0000000000000000000, 0.0000000000000000000 ) ) ;
#3686 = CIRCLE ( 'NONE', #1448, 2.389605734450128693 ) ;
#3687 = EDGE_LOOP ( 'NONE', ( #898, #4193, #2983, #3894 ) ) ;
#3688 = SURFACE_STYLE_FILL_AREA ( #837 ) ;
#3689 = SURFACE_STYLE_FILL_AREA ( #4067 ) ;
#3690 = UNCERTAINTY_MEASURE_WITH_UNIT (LENGTH_MEASURE( 1.000000000000000082E-05 ), #1226, 'distance_accuracy_value', 'NONE');
#3691 = EDGE_CURVE ( 'NONE', #3361, #3760, #2756, .T. ) ;
#3692 = AXIS2_PLACEMENT_3D ( 'NONE', #2493, #3685, #1748 ) ;
#3693 = EDGE_LOOP ( 'NONE', ( #1997, #2445, #2438, #1559, #3525, #1200 ) ) ;
#3694 = FACE_OUTER_BOUND ( 'NONE', #4396, .T. ) ;
#3695 =( GEOMETRIC_REPRESENTATION_CONTEXT ( 3 ) GLOBAL_UNCERTAINTY_ASSIGNED_CONTEXT ( ( #1363 ) ) GLOBAL_UNIT_ASSIGNED_CONTEXT ( ( #2241, #3848, #3878 ) ) REPRESENTATION_CONTEXT ( 'NONE', 'WORKASPACE' ) );
#3696 = DIRECTION ( 'NONE',  ( 0.0000000000000000000, 0.0000000000000000000, -1.000000000000000000 ) ) ;
#3697 = CARTESIAN_POINT ( 'NONE',  ( 3.373000000000010434, 2.008641085557714145, -1.686500000000005217 ) ) ;
#3698 = AXIS2_PLACEMENT_3D ( 'NONE', #723, #318, #4528 ) ;
#3699 = VERTEX_POINT ( 'NONE', #2021 ) ;
#3700 = DIRECTION ( 'NONE',  ( -0.0000000000000000000, -1.000000000000000000, -0.0000000000000000000 ) ) ;
#3701 = DIRECTION ( 'NONE',  ( 0.0000000000000000000, 1.000000000000000000, 0.0000000000000000000 ) ) ;
#3702 = CARTESIAN_POINT ( 'NONE',  ( 0.0000000000000000000, 1.265641085557713597, 1.813500000000011214 ) ) ;
#3703 = CARTESIAN_POINT ( 'NONE',  ( 4.059178187802285043E-17, 2.799999999999999822, 2.449999999999999734 ) ) ;
#3704 = COLOUR_RGB ( '',0.9098039215686274384, 0.4431372549019607643, 0.03137254901960784270 ) ;
#3705 =( LENGTH_UNIT ( ) NAMED_UNIT ( * ) SI_UNIT ( .MILLI., .METRE. ) );
#3706 = MECHANICAL_DESIGN_GEOMETRIC_PRESENTATION_REPRESENTATION (  '', ( #4278 ), #2096 ) ;
#3707 = CARTESIAN_POINT ( 'NONE',  ( 3.373000000000024645, 0.9936410855577139101, -1.686500000000012323 ) ) ;
#3708 = SURFACE_SIDE_STYLE ('',( #3274 ) ) ;
#3709 = MECHANICAL_DESIGN_GEOMETRIC_PRESENTATION_REPRESENTATION (  '', ( #4280 ), #3387 ) ;
#3710 = ORIENTED_EDGE ( 'NONE', *, *, #1486, .T. ) ;
#3711 = DIRECTION ( 'NONE',  ( -1.000000000000000000, 0.0000000000000000000, -1.224646799147353207E-16 ) ) ;
#3712 = CARTESIAN_POINT ( 'NONE',  ( 2.220896970253729923E-16, 2.280641085557713499, -1.813500000000003887 ) ) ;
#3713 = CIRCLE ( 'NONE', #1552, 1.686500000000005661 ) ;
#3714 = PRESENTATION_STYLE_ASSIGNMENT (( #630 ) ) ;
#3715 = VERTEX_POINT ( 'NONE', #3556 ) ;
#3716 = ADVANCED_FACE ( 'NONE', ( #1668 ), #3608, .T. ) ;
#3717 = SURFACE_STYLE_USAGE ( .BOTH. , #2177 ) ;
#3718 = FACE_OUTER_BOUND ( 'NONE', #3909, .T. ) ;
#3719 = CYLINDRICAL_SURFACE ( 'NONE', #1943, 0.3500000000000000333 ) ;
#3720 =( GEOMETRIC_REPRESENTATION_CONTEXT ( 3 ) GLOBAL_UNCERTAINTY_ASSIGNED_CONTEXT ( ( #1691 ) ) GLOBAL_UNIT_ASSIGNED_CONTEXT ( ( #3058, #915, #531 ) ) REPRESENTATION_CONTEXT ( 'NONE', 'WORKASPACE' ) );
#3721 = ADVANCED_FACE ( 'NONE', ( #3271 ), #945, .T. ) ;
#3722 = DIRECTION ( 'NONE',  ( -0.0000000000000000000, 1.000000000000000000, 0.0000000000000000000 ) ) ;
#3723 = CIRCLE ( 'NONE', #4376, 2.424871130596427893 ) ;
#3724 = DIRECTION ( 'NONE',  ( 0.0000000000000000000, -1.000000000000000000, 0.0000000000000000000 ) ) ;
#3725 = DIRECTION ( 'NONE',  ( -0.1710878697460368469, -0.9702875252478135870, -0.1710878697460357645 ) ) ;
#3726 = STYLED_ITEM ( 'NONE', ( #1127 ), #4701 ) ;
#3727 = CARTESIAN_POINT ( 'NONE',  ( 3.373000000000005993, 2.298641085557713737, -1.686500000000002997 ) ) ;
#3728 =( LENGTH_UNIT ( ) NAMED_UNIT ( * ) SI_UNIT ( .MILLI., .METRE. ) );
#3729 = UNCERTAINTY_MEASURE_WITH_UNIT (LENGTH_MEASURE( 1.000000000000000082E-05 ), #2517, 'distance_accuracy_value', 'NONE');
#3730 = CARTESIAN_POINT ( 'NONE',  ( -3.372999999999999776, 2.733641085557713790, 1.686499999999999666 ) ) ;
#3731 = ORIENTED_EDGE ( 'NONE', *, *, #910, .F. ) ;
#3732 = FILL_AREA_STYLE ('',( #1481 ) ) ;
#3733 = FILL_AREA_STYLE ('',( #2979 ) ) ;
#3734 =( LENGTH_UNIT ( ) NAMED_UNIT ( * ) SI_UNIT ( .MILLI., .METRE. ) );
#3735 = ORIENTED_EDGE ( 'NONE', *, *, #4252, .F. ) ;
#3736 = CARTESIAN_POINT ( 'NONE',  ( 0.3464101615137755719, 3.500000000000000000, -2.399999999999999911 ) ) ;
#3737 = CARTESIAN_POINT ( 'NONE',  ( 3.627000000000004665, 2.316641085557715307, -1.813500000000002110 ) ) ;
#3738 = DIRECTION ( 'NONE',  ( 0.0000000000000000000, 0.0000000000000000000, 1.000000000000000000 ) ) ;
#3739 =( NAMED_UNIT ( * ) PLANE_ANGLE_UNIT ( ) SI_UNIT ( $, .RADIAN. ) );
#3740 = EDGE_CURVE ( 'NONE', #2960, #255, #4115, .T. ) ;
#3741 = ORIENTED_EDGE ( 'NONE', *, *, #2310, .T. ) ;
#3742 = CARTESIAN_POINT ( 'NONE',  ( 0.0000000000000000000, 2.588641085557713772, 0.0000000000000000000 ) ) ;
#3743 = FACE_OUTER_BOUND ( 'NONE', #4606, .T. ) ;
#3744 = CYLINDRICAL_SURFACE ( 'NONE', #4269, 2.424871130596427893 ) ;
#3745 = VECTOR ( 'NONE', #1032, 1000.000000000000000 ) ;
#3746 = CLOSED_SHELL ( 'NONE', ( #2309, #537, #693, #1017 ) ) ;
#3747 = EDGE_CURVE ( 'NONE', #2931, #4702, #4505, .T. ) ;
#3748 = CARTESIAN_POINT ( 'NONE',  ( 0.0000000000000000000, 0.2000000000000000111, 0.0000000000000000000 ) ) ;
#3749 = FACE_OUTER_BOUND ( 'NONE', #2790, .T. ) ;
#3750 = CARTESIAN_POINT ( 'NONE',  ( 2.143131898507875940E-16, 1.863641085557713684, -1.686500000000006549 ) ) ;
#3751 = CARTESIAN_POINT ( 'NONE',  ( -4.130733653524023698E-16, 2.860641085557713570, 1.686500000000000332 ) ) ;
#3752 =( GEOMETRIC_REPRESENTATION_CONTEXT ( 3 ) GLOBAL_UNCERTAINTY_ASSIGNED_CONTEXT ( ( #2090 ) ) GLOBAL_UNIT_ASSIGNED_CONTEXT ( ( #477, #1329, #616 ) ) REPRESENTATION_CONTEXT ( 'NONE', 'WORKASPACE' ) );
#3753 =( GEOMETRIC_REPRESENTATION_CONTEXT ( 3 ) GLOBAL_UNCERTAINTY_ASSIGNED_CONTEXT ( ( #4916 ) ) GLOBAL_UNIT_ASSIGNED_CONTEXT ( ( #356, #1224, #2244 ) ) REPRESENTATION_CONTEXT ( 'NONE', 'WORKASPACE' ) );
#3754 = ORIENTED_EDGE ( 'NONE', *, *, #1576, .T. ) ;
#3755 = PRESENTATION_LAYER_ASSIGNMENT (  '', '', ( #954 ) ) ;
#3756 = DIRECTION ( 'NONE',  ( 0.0000000000000000000, 0.0000000000000000000, 1.000000000000000000 ) ) ;
#3757 = CARTESIAN_POINT ( 'NONE',  ( -4.130733653524028136E-16, 2.570641085557713978, 1.686500000000002331 ) ) ;
#3758 = AXIS2_PLACEMENT_3D ( 'NONE', #1865, #3873, #3794 ) ;
#3759 = ORIENTED_EDGE ( 'NONE', *, *, #782, .F. ) ;
#3760 = VERTEX_POINT ( 'NONE', #1182 ) ;
#3761 = CARTESIAN_POINT ( 'NONE',  ( -4.130733653524045885E-16, 1.428641085557713852, 1.686500000000009658 ) ) ;
#3762 = SURFACE_STYLE_FILL_AREA ( #4537 ) ;
#3763 = AXIS2_PLACEMENT_3D ( 'NONE', #2913, #2933, #621 ) ;
#3764 =( NAMED_UNIT ( * ) SI_UNIT ( $, .STERADIAN. ) SOLID_ANGLE_UNIT ( ) );
#3765 = CARTESIAN_POINT ( 'NONE',  ( -4.441793940507457873E-16, 2.298641085557713737, 1.813500000000002998 ) ) ;
#3766 =( BOUNDED_SURFACE ( )  B_SPLINE_SURFACE ( 3, 3, ( 
 ( #3395, #4932, #1496, #1174 ),
 ( #1520, #3819, #3012, #4223 ),
 ( #2187, #293, #766, #4545 ),
 ( #1115, #2652, #1824, #4177 ) ),
 .UNSPECIFIED., .F., .F., .T. ) 
 B_SPLINE_SURFACE_WITH_KNOTS ( ( 4, 4 ),
 ( 4, 4 ),
 ( 0.0000000000000000000, 1.000000000000000000 ),
 ( 0.0000000000000000000, 1.000000000000000000 ),
 .UNSPECIFIED. ) 
 GEOMETRIC_REPRESENTATION_ITEM ( )  RATIONAL_B_SPLINE_SURFACE ( (
 ( 1.000000000000000000, 0.3333333333333334259, 0.3333333333333334259, 1.000000000000000000),
 ( 0.3333333333333333703, 0.1111111111111111605, 0.1111111111111111605, 0.3333333333333333703),
 ( 0.3333333333333333703, 0.1111111111111111605, 0.1111111111111111605, 0.3333333333333333703),
 ( 1.000000000000000000, 0.3333333333333334259, 0.3333333333333334259, 1.000000000000000000) ) ) 
 REPRESENTATION_ITEM ( '' )  SURFACE ( )  );
#3767 = ORIENTED_EDGE ( 'NONE', *, *, #1795, .T. ) ;
#3768 = CARTESIAN_POINT ( 'NONE',  ( -4.130733653524036517E-16, 2.008641085557714590, 1.686500000000005661 ) ) ;
#3769 = ADVANCED_FACE ( 'NONE', ( #363 ), #3400, .T. ) ;
#3770 = CARTESIAN_POINT ( 'NONE',  ( 0.0000000000000000000, 0.2000000000000000111, 0.0000000000000000000 ) ) ;
#3771 = FILL_AREA_STYLE ('',( #1498 ) ) ;
#3772 = COLOUR_RGB ( '',0.9098039215686274384, 0.4431372549019607643, 0.03137254901960784270 ) ;
#3773 = CARTESIAN_POINT ( 'NONE',  ( 3.627000000000016211, 1.446641085557714090, -1.813500000000007883 ) ) ;
#3774 = CARTESIAN_POINT ( 'NONE',  ( -3.627000000000023761, 0.9936410855577139101, 1.813500000000011214 ) ) ;
#3775 = AXIS2_PLACEMENT_3D ( 'NONE', #3004, #3330, #1409 ) ;
#3776 = CIRCLE ( 'NONE', #3879, 2.389605734450128693 ) ;
#3777 = CONICAL_SURFACE ( 'NONE', #1383, 0.3852653961228724167, 0.1745329251648975732 ) ;
#3778 = CARTESIAN_POINT ( 'NONE',  ( 3.627000000000002000, 2.588641085557713772, -1.813500000000001000 ) ) ;
#3779 = ORIENTED_EDGE ( 'NONE', *, *, #2681, .T. ) ;
#3780 = DIRECTION ( 'NONE',  ( 0.0000000000000000000, 1.000000000000000000, 0.0000000000000000000 ) ) ;
#3781 = CARTESIAN_POINT ( 'NONE',  ( 2.065366826762025161E-16, 1.011641085557714037, -1.686500000000011656 ) ) ;
#3782 = ADVANCED_FACE ( 'NONE', ( #748 ), #4130, .T. ) ;
#3783 = AXIS2_PLACEMENT_3D ( 'NONE', #4379, #2520, #4448 ) ;
#3784 = DIRECTION ( 'NONE',  ( 0.0000000000000000000, 0.0000000000000000000, 1.000000000000000000 ) ) ;
#3785 =( NAMED_UNIT ( * ) SI_UNIT ( $, .STERADIAN. ) SOLID_ANGLE_UNIT ( ) );
#3786 = CARTESIAN_POINT ( 'NONE',  ( -0.3464101615137754608, 2.799999999999999822, 2.400000000000000355 ) ) ;
#3787 = UNCERTAINTY_MEASURE_WITH_UNIT (LENGTH_MEASURE( 1.000000000000000082E-05 ), #3620, 'distance_accuracy_value', 'NONE');
#3788 = CARTESIAN_POINT ( 'NONE',  ( 3.373000000000005993, 2.298641085557713737, 1.686500000000003219 ) ) ;
#3789 = PRESENTATION_LAYER_ASSIGNMENT (  '', '', ( #4278 ) ) ;
#3790 = VERTEX_POINT ( 'NONE', #2391 ) ;
#3791 = ORIENTED_EDGE ( 'NONE', *, *, #1415, .T. ) ;
#3792 = SURFACE_SIDE_STYLE ('',( #2269 ) ) ;
#3793 = STYLED_ITEM ( 'NONE', ( #2578 ), #3845 ) ;
#3794 = DIRECTION ( 'NONE',  ( 0.0000000000000000000, 0.0000000000000000000, -1.000000000000000000 ) ) ;
#3795 =( LENGTH_UNIT ( ) NAMED_UNIT ( * ) SI_UNIT ( .MILLI., .METRE. ) );
#3796 =( GEOMETRIC_REPRESENTATION_CONTEXT ( 3 ) GLOBAL_UNCERTAINTY_ASSIGNED_CONTEXT ( ( #3089 ) ) GLOBAL_UNIT_ASSIGNED_CONTEXT ( ( #4628, #2884, #1798 ) ) REPRESENTATION_CONTEXT ( 'NONE', 'WORKASPACE' ) );
#3797 = EDGE_LOOP ( 'NONE', ( #4937, #2816, #3055, #4960, #2124, #3218, #2858, #4754, #405 ) ) ;
#3798 = DIRECTION ( 'NONE',  ( 0.0000000000000000000, 0.0000000000000000000, -1.000000000000000000 ) ) ;
#3799 = DIRECTION ( 'NONE',  ( -1.000000000000000000, -0.0000000000000000000, 0.0000000000000000000 ) ) ;
#3800 = UNCERTAINTY_MEASURE_WITH_UNIT (LENGTH_MEASURE( 1.000000000000000082E-05 ), #3210, 'distance_accuracy_value', 'NONE');
#3801 = CARTESIAN_POINT ( 'NONE',  ( 0.0000000000000000000, 1.446641085557714312, 1.686500000000008548 ) ) ;
#3802 = CIRCLE ( 'NONE', #1328, 0.06349999999999975109 ) ;
#3803 = FILL_AREA_STYLE ('',( #2684 ) ) ;
#3804 = DIRECTION ( 'NONE',  ( 0.0000000000000000000, 0.0000000000000000000, 1.000000000000000000 ) ) ;
#3805 =( LENGTH_UNIT ( ) NAMED_UNIT ( * ) SI_UNIT ( .MILLI., .METRE. ) );
#3806 = ADVANCED_FACE ( 'NONE', ( #3906 ), #185, .T. ) ;
#3807 = ORIENTED_EDGE ( 'NONE', *, *, #850, .T. ) ;
#3808 = CIRCLE ( 'NONE', #1091, 0.3500000000000000333 ) ;
#3809 =( NAMED_UNIT ( * ) SI_UNIT ( $, .STERADIAN. ) SOLID_ANGLE_UNIT ( ) );
#3810 = CARTESIAN_POINT ( 'NONE',  ( -0.3464101615193858619, 0.2000000000065320915, -2.399999999988504218 ) ) ;
#3811 = EDGE_CURVE ( 'NONE', #1938, #4898, #4359, .T. ) ;
#3812 = CARTESIAN_POINT ( 'NONE',  ( 2.065366826762022696E-16, 1.428641085557713852, -1.686500000000009658 ) ) ;
#3813 = FACE_OUTER_BOUND ( 'NONE', #4124, .T. ) ;
#3814 = SURFACE_STYLE_FILL_AREA ( #2674 ) ;
#3815 = FILL_AREA_STYLE_COLOUR ( '', #3963 ) ;
#3816 = ORIENTED_EDGE ( 'NONE', *, *, #498, .T. ) ;
#3817 = CARTESIAN_POINT ( 'NONE',  ( 0.0000000000000000000, 1.718641085557713888, 1.750000000000007105 ) ) ;
#3818 = CARTESIAN_POINT ( 'NONE',  ( 3.373000000000018428, 1.428641085557713852, 1.686500000000009658 ) ) ;
#3819 = CARTESIAN_POINT ( 'NONE',  ( 3.373000000000001108, 2.860641085557713126, 1.686500000000000998 ) ) ;
#3820 = CARTESIAN_POINT ( 'NONE',  ( -3.373000000000008658, 2.153641085557714163, 1.686500000000003663 ) ) ;
#3821 = FACE_OUTER_BOUND ( 'NONE', #3954, .T. ) ;
#3822 = CARTESIAN_POINT ( 'NONE',  ( 2.065366826762021463E-16, 1.573641085557713870, -1.686500000000008548 ) ) ;
#3823 = DIRECTION ( 'NONE',  ( 1.000000000000000000, 0.0000000000000000000, 0.0000000000000000000 ) ) ;
#3824 = FILL_AREA_STYLE_COLOUR ( '', #2406 ) ;
#3825 = PRESENTATION_STYLE_ASSIGNMENT (( #798 ) ) ;
#3826 = COLOUR_RGB ( '',0.9098039215686274384, 0.4431372549019607643, 0.03137254901960784270 ) ;
#3827 = CLOSED_SHELL ( 'NONE', ( #4340, #2179, #3782, #4701 ) ) ;
#3828 = CARTESIAN_POINT ( 'NONE',  ( 3.627000000000001112, 2.715641085557713996, 1.813500000000001000 ) ) ;
#3829 = AXIS2_PLACEMENT_3D ( 'NONE', #2144, #582, #2098 ) ;
#3830 = VERTEX_POINT ( 'NONE', #2041 ) ;
#3831 = CARTESIAN_POINT ( 'NONE',  ( 2.065366826762025161E-16, 1.138641085557713817, -1.686500000000011656 ) ) ;
#3832 = CARTESIAN_POINT ( 'NONE',  ( 2.065366826762021463E-16, 1.573641085557713870, -1.686500000000008548 ) ) ;
#3833 =( NAMED_UNIT ( * ) PLANE_ANGLE_UNIT ( ) SI_UNIT ( $, .RADIAN. ) );
#3834 = ADVANCED_FACE ( 'NONE', ( #148 ), #4508, .T. ) ;
#3835 = DIRECTION ( 'NONE',  ( 0.0000000000000000000, 0.0000000000000000000, 1.000000000000000000 ) ) ;
#3836 = PLANE ( 'NONE',  #4759 ) ;
#3837 = STYLED_ITEM ( 'NONE', ( #91 ), #537 ) ;
#3838 = CARTESIAN_POINT ( 'NONE',  ( -3.627000000000003777, 2.443641085557714643, 1.813500000000001222 ) ) ;
#3839 = EDGE_LOOP ( 'NONE', ( #3759, #2234, #4842, #2660 ) ) ;
#3840 = PLANE ( 'NONE',  #305 ) ;
#3841 = DIRECTION ( 'NONE',  ( 0.0000000000000000000, 1.000000000000000000, 0.0000000000000000000 ) ) ;
#3842 = EDGE_CURVE ( 'NONE', #2915, #3380, #3678, .T. ) ;
#3843 = DIRECTION ( 'NONE',  ( 0.0000000000000000000, 1.000000000000000000, 0.0000000000000000000 ) ) ;
#3844 =( NAMED_UNIT ( * ) PLANE_ANGLE_UNIT ( ) SI_UNIT ( $, .RADIAN. ) );
#3845 = MANIFOLD_SOLID_BREP ( 'Revolve1[11]', #3675 ) ;
#3846 = VECTOR ( 'NONE', #3458, 1000.000000000000000 ) ;
#3847 = ORIENTED_EDGE ( 'NONE', *, *, #3093, .F. ) ;
#3848 =( NAMED_UNIT ( * ) PLANE_ANGLE_UNIT ( ) SI_UNIT ( $, .RADIAN. ) );
#3849 = DIRECTION ( 'NONE',  ( -0.0000000000000000000, -1.000000000000000000, -0.0000000000000000000 ) ) ;
#3850 = VECTOR ( 'NONE', #3407, 1000.000000000000114 ) ;
#3851 = DIRECTION ( 'NONE',  ( 1.000000000000000000, 0.0000000000000000000, 0.0000000000000000000 ) ) ;
#3852 = FILL_AREA_STYLE_COLOUR ( '', #907 ) ;
#3853 = CARTESIAN_POINT ( 'NONE',  ( -2.150000000000176215, 0.2000000000043127557, -1.121383074576236316 ) ) ;
#3854 = EDGE_LOOP ( 'NONE', ( #3465, #2966, #3517, #1249 ) ) ;
#3855 = CARTESIAN_POINT ( 'NONE',  ( -3.627000000000014879, 1.446641085557714090, -1.813500000000008328 ) ) ;
#3856 = FILL_AREA_STYLE ('',( #1849 ) ) ;
#3857 = PRESENTATION_LAYER_ASSIGNMENT (  '', '', ( #4899 ) ) ;
#3858 = UNCERTAINTY_MEASURE_WITH_UNIT (LENGTH_MEASURE( 1.000000000000000082E-05 ), #3591, 'distance_accuracy_value', 'NONE');
#3859 = CARTESIAN_POINT ( 'NONE',  ( 0.3464101615137755719, 3.500000000000000000, 2.399999999999999911 ) ) ;
#3860 = STYLED_ITEM ( 'NONE', ( #951 ), #2452 ) ;
#3861 = EDGE_LOOP ( 'NONE', ( #4196, #3710, #3807, #499 ) ) ;
#3862 = SURFACE_SIDE_STYLE ('',( #1185 ) ) ;
#3863 = FACE_OUTER_BOUND ( 'NONE', #3693, .T. ) ;
#3864 = AXIS2_PLACEMENT_3D ( 'NONE', #3742, #332, #4475 ) ;
#3865 = PRESENTATION_LAYER_ASSIGNMENT (  '', '', ( #1060 ) ) ;
#3866 =( NAMED_UNIT ( * ) SI_UNIT ( $, .STERADIAN. ) SOLID_ANGLE_UNIT ( ) );
#3867 = DIRECTION ( 'NONE',  ( -1.000000000000000000, 0.0000000000000000000, -1.224646799147353207E-16 ) ) ;
#3868 = AXIS2_PLACEMENT_3D ( 'NONE', #789, #3849, #2481 ) ;
#3869 = ORIENTED_EDGE ( 'NONE', *, *, #2319, .F. ) ;
#3870 = DIRECTION ( 'NONE',  ( -0.0000000000000000000, 1.000000000000000000, 0.0000000000000000000 ) ) ;
#3871 = SURFACE_STYLE_USAGE ( .BOTH. , #3792 ) ;
#3872 =( NAMED_UNIT ( * ) PLANE_ANGLE_UNIT ( ) SI_UNIT ( $, .RADIAN. ) );
#3873 = DIRECTION ( 'NONE',  ( -0.0000000000000000000, -1.000000000000000000, -0.0000000000000000000 ) ) ;
#3874 =( NAMED_UNIT ( * ) PLANE_ANGLE_UNIT ( ) SI_UNIT ( $, .RADIAN. ) );
#3875 = COLOUR_RGB ( '',0.9098039215686274384, 0.4431372549019607643, 0.03137254901960784270 ) ;
#3876 = EDGE_CURVE ( 'NONE', #4354, #4142, #1646, .T. ) ;
#3877 = ORIENTED_EDGE ( 'NONE', *, *, #4245, .F. ) ;
#3878 =( NAMED_UNIT ( * ) SI_UNIT ( $, .STERADIAN. ) SOLID_ANGLE_UNIT ( ) );
#3879 = AXIS2_PLACEMENT_3D ( 'NONE', #1146, #3722, #312 ) ;
#3880 = PRESENTATION_STYLE_ASSIGNMENT (( #4950 ) ) ;
#3881 = DIRECTION ( 'NONE',  ( 0.1736481776669307198, 0.9848077530122080203, 0.0000000000000000000 ) ) ;
#3882 = PRESENTATION_LAYER_ASSIGNMENT (  '', '', ( #4513 ) ) ;
#3883 = EDGE_CURVE ( 'NONE', #3555, #438, #1729, .T. ) ;
#3884 = CARTESIAN_POINT ( 'NONE',  ( 3.627000000000011770, 1.863641085557713684, -1.813500000000005663 ) ) ;
#3885 = ORIENTED_EDGE ( 'NONE', *, *, #3740, .F. ) ;
#3886 = FACE_OUTER_BOUND ( 'NONE', #4290, .T. ) ;
#3887 = FILL_AREA_STYLE ('',( #1577 ) ) ;
#3888 = MECHANICAL_DESIGN_GEOMETRIC_PRESENTATION_REPRESENTATION (  '', ( #31 ), #2108 ) ;
#3889 = EDGE_LOOP ( 'NONE', ( #561, #1290, #533, #1241 ) ) ;
#3890 = CARTESIAN_POINT ( 'NONE',  ( 3.627000000000000668, 2.606641085557714455, -1.813500000000000112 ) ) ;
#3891 = SURFACE_STYLE_USAGE ( .BOTH. , #2370 ) ;
#3892 = SURFACE_STYLE_FILL_AREA ( #1584 ) ;
#3893 = DIRECTION ( 'NONE',  ( 0.0000000000000000000, 1.000000000000000000, 0.0000000000000000000 ) ) ;
#3894 = ORIENTED_EDGE ( 'NONE', *, *, #1771, .T. ) ;
#3895 = DIRECTION ( 'NONE',  ( 0.0000000000000000000, 1.000000000000000000, 0.0000000000000000000 ) ) ;
#3896 = DIRECTION ( 'NONE',  ( 0.0000000000000000000, 1.000000000000000000, 0.0000000000000000000 ) ) ;
#3897 = DIRECTION ( 'NONE',  ( -1.776356839400250465E-15, 0.0000000000000000000, -1.000000000000000000 ) ) ;
#3898 = EDGE_LOOP ( 'NONE', ( #4867, #1503, #1230, #4535, #3410, #2053, #3940 ) ) ;
#3899 = CARTESIAN_POINT ( 'NONE',  ( 0.0000000000000000000, 2.799999999999999822, 0.0000000000000000000 ) ) ;
#3900 = DIRECTION ( 'NONE',  ( -0.0000000000000000000, -1.000000000000000000, -0.0000000000000000000 ) ) ;
#3901 = CARTESIAN_POINT ( 'NONE',  ( -3.627000000000013546, 1.591641085557714108, 1.813500000000006329 ) ) ;
#3902 = PRESENTATION_STYLE_ASSIGNMENT (( #3489 ) ) ;
#3903 = EDGE_CURVE ( 'NONE', #1086, #3162, #513, .T. ) ;
#3904 = CARTESIAN_POINT ( 'NONE',  ( -3.373000000000002885, 2.461641085557714881, -1.686500000000002553 ) ) ;
#3905 =( LENGTH_UNIT ( ) NAMED_UNIT ( * ) SI_UNIT ( .MILLI., .METRE. ) );
#3906 = FACE_OUTER_BOUND ( 'NONE', #1123, .T. ) ;
#3907 = EDGE_CURVE ( 'NONE', #2762, #4354, #3957, .T. ) ;
#3908 = STYLED_ITEM ( 'NONE', ( #508 ), #684 ) ;
#3909 = EDGE_LOOP ( 'NONE', ( #1862, #1022, #3929, #923 ) ) ;
#3910 = CARTESIAN_POINT ( 'NONE',  ( -0.3464101615137743506, 2.799999999999999822, -2.400000000000000355 ) ) ;
#3911 = CARTESIAN_POINT ( 'NONE',  ( 0.0000000000000000000, 1.283641085557714057, 1.813500000000009882 ) ) ;
#3912 = CARTESIAN_POINT ( 'NONE',  ( 0.3464101615137755719, 2.799999999999999822, 2.400000000000000355 ) ) ;
#3913 =( NAMED_UNIT ( * ) SI_UNIT ( $, .STERADIAN. ) SOLID_ANGLE_UNIT ( ) );
#3914 = VERTEX_POINT ( 'NONE', #3220 ) ;
#3915 = VECTOR ( 'NONE', #3784, 1000.000000000000000 ) ;
#3916 = SURFACE_SIDE_STYLE ('',( #1979 ) ) ;
#3917 =( NAMED_UNIT ( * ) SI_UNIT ( $, .STERADIAN. ) SOLID_ANGLE_UNIT ( ) );
#3918 = DIRECTION ( 'NONE',  ( 0.0000000000000000000, 0.0000000000000000000, -1.000000000000000000 ) ) ;
#3919 = SURFACE_SIDE_STYLE ('',( #4723 ) ) ;
#3920 = CARTESIAN_POINT ( 'NONE',  ( -4.130733653524038489E-16, 1.990641085557713463, 1.686500000000006549 ) ) ;
#3921 = STYLED_ITEM ( 'NONE', ( #1117 ), #1183 ) ;
#3922 = VERTEX_POINT ( 'NONE', #2871 ) ;
#3923 = CARTESIAN_POINT ( 'NONE',  ( 2.126489652204432979, 0.06666619197410927899, -1.115609161185913800 ) ) ;
#3924 = FACE_OUTER_BOUND ( 'NONE', #698, .T. ) ;
#3925 = AXIS2_PLACEMENT_3D ( 'NONE', #3336, #709, #4055 ) ;
#3926 = AXIS2_PLACEMENT_3D ( 'NONE', #2804, #556, #4326 ) ;
#3927 = EDGE_CURVE ( 'NONE', #2714, #2921, #1803, .T. ) ;
#3928 = CARTESIAN_POINT ( 'NONE',  ( 2.220896970253732388E-16, 1.990641085557713463, -1.813500000000005885 ) ) ;
#3929 = ORIENTED_EDGE ( 'NONE', *, *, #505, .F. ) ;
#3930 = CARTESIAN_POINT ( 'NONE',  ( 3.627000000000019320, 1.283641085557714057, 1.813500000000009882 ) ) ;
#3931 =( GEOMETRIC_REPRESENTATION_CONTEXT ( 3 ) GLOBAL_UNCERTAINTY_ASSIGNED_CONTEXT ( ( #1807 ) ) GLOBAL_UNIT_ASSIGNED_CONTEXT ( ( #1710, #3982, #2813 ) ) REPRESENTATION_CONTEXT ( 'NONE', 'WORKASPACE' ) );
#3932 = SURFACE_STYLE_USAGE ( .BOTH. , #2065 ) ;
#3933 = EDGE_CURVE ( 'NONE', #129, #2496, #4012, .T. ) ;
#3934 =( GEOMETRIC_REPRESENTATION_CONTEXT ( 3 ) GLOBAL_UNCERTAINTY_ASSIGNED_CONTEXT ( ( #1846 ) ) GLOBAL_UNIT_ASSIGNED_CONTEXT ( ( #594, #1397, #1039 ) ) REPRESENTATION_CONTEXT ( 'NONE', 'WORKASPACE' ) );
#3935 = ORIENTED_EDGE ( 'NONE', *, *, #774, .F. ) ;
#3936 = DIRECTION ( 'NONE',  ( 0.0000000000000000000, 0.0000000000000000000, 1.000000000000000000 ) ) ;
#3937 = CARTESIAN_POINT ( 'NONE',  ( 0.0000000000000000000, 0.0000000000000000000, 0.0000000000000000000 ) ) ;
#3938 = UNCERTAINTY_MEASURE_WITH_UNIT (LENGTH_MEASURE( 1.000000000000000082E-05 ), #3342, 'distance_accuracy_value', 'NONE');
#3939 = SURFACE_SIDE_STYLE ('',( #2424 ) ) ;
#3940 = ORIENTED_EDGE ( 'NONE', *, *, #65, .T. ) ;
#3941 = CARTESIAN_POINT ( 'NONE',  ( 0.0000000000000000000, 1.120641085557713579, 1.813500000000012324 ) ) ;
#3942 = CARTESIAN_POINT ( 'NONE',  ( -3.627000000000000668, 2.606641085557714455, 1.813499999999999224 ) ) ;
#3943 = CARTESIAN_POINT ( 'NONE',  ( 0.0000000000000000000, 2.799999999999999822, -1.750000000000000000 ) ) ;
#3944 = MECHANICAL_DESIGN_GEOMETRIC_PRESENTATION_REPRESENTATION (  '', ( #1793 ), #4910 ) ;
#3945 = MANIFOLD_SOLID_BREP ( 'Бобышка-Вытянуть6', #2312 ) ;
#3946 = EDGE_LOOP ( 'NONE', ( #4875, #1030, #4092, #3616 ) ) ;
#3947 = CARTESIAN_POINT ( 'NONE',  ( -4.441793940507479567E-16, 0.9936410855577139101, 1.813500000000012102 ) ) ;
#3948 = DIRECTION ( 'NONE',  ( 0.0000000000000000000, 0.0000000000000000000, -1.000000000000000000 ) ) ;
#3949 = CARTESIAN_POINT ( 'NONE',  ( 0.0000000000000000000, 2.443641085557714643, 0.0000000000000000000 ) ) ;
#3950 = FILL_AREA_STYLE ('',( #2435 ) ) ;
#3951 = SURFACE_STYLE_FILL_AREA ( #4432 ) ;
#3952 = AXIS2_PLACEMENT_3D ( 'NONE', #681, #1881, #3408 ) ;
#3953 = CARTESIAN_POINT ( 'NONE',  ( -3.373000000000002885, 2.461641085557714881, 1.686500000000000998 ) ) ;
#3954 = EDGE_LOOP ( 'NONE', ( #662, #2019, #783, #1184 ) ) ;
#3955 = CARTESIAN_POINT ( 'NONE',  ( -3.373000000000021537, 1.410641085557713614, 1.686500000000009658 ) ) ;
#3956 = UNCERTAINTY_MEASURE_WITH_UNIT (LENGTH_MEASURE( 1.000000000000000082E-05 ), #3241, 'distance_accuracy_value', 'NONE');
#3957 = CIRCLE ( 'NONE', #1950, 0.06349999999999975109 ) ;
#3958 = UNCERTAINTY_MEASURE_WITH_UNIT (LENGTH_MEASURE( 1.000000000000000082E-05 ), #4495, 'distance_accuracy_value', 'NONE');
#3959 = PRESENTATION_LAYER_ASSIGNMENT (  '', '', ( #994 ) ) ;
#3960 = ORIENTED_EDGE ( 'NONE', *, *, #1511, .T. ) ;
#3961 = CARTESIAN_POINT ( 'NONE',  ( 3.627000000000005109, 2.298641085557713737, -1.813500000000002554 ) ) ;
#3962 = DIRECTION ( 'NONE',  ( 0.0000000000000000000, 1.000000000000000000, 0.0000000000000000000 ) ) ;
#3963 = COLOUR_RGB ( '',0.9098039215686274384, 0.4431372549019607643, 0.03137254901960784270 ) ;
#3964 = ADVANCED_FACE ( 'NONE', ( #4496 ), #3766, .T. ) ;
#3965 = CARTESIAN_POINT ( 'NONE',  ( 2.143131898507881856E-16, 1.138641085557713817, -1.750000000000011324 ) ) ;
#3966 = ORIENTED_EDGE ( 'NONE', *, *, #1674, .T. ) ;
#3967 = CIRCLE ( 'NONE', #2927, 1.686500000000004551 ) ;
#3968 = CARTESIAN_POINT ( 'NONE',  ( 2.065366826762022942E-16, 1.428641085557713852, -1.686500000000009658 ) ) ;
#3969 = DIRECTION ( 'NONE',  ( 0.0000000000000000000, -1.000000000000000000, 0.0000000000000000000 ) ) ;
#3970 = CARTESIAN_POINT ( 'NONE',  ( -2.150000000000000799, 0.9000000000000001332, 1.121383074600288188 ) ) ;
#3971 = SURFACE_SIDE_STYLE ('',( #3689 ) ) ;
#3972 = EDGE_CURVE ( 'NONE', #414, #3207, #2279, .T. ) ;
#3973 = SURFACE_SIDE_STYLE ('',( #161 ) ) ;
#3974 = MECHANICAL_DESIGN_GEOMETRIC_PRESENTATION_REPRESENTATION (  '', ( #1813 ), #1408 ) ;
#3975 = MANIFOLD_SOLID_BREP ( 'Revolve1[4]', #4633 ) ;
#3976 = ORIENTED_EDGE ( 'NONE', *, *, #869, .F. ) ;
#3977 = DIRECTION ( 'NONE',  ( -0.0000000000000000000, -1.000000000000000000, -0.0000000000000000000 ) ) ;
#3978 = CARTESIAN_POINT ( 'NONE',  ( 0.0000000000000000000, 1.428641085557713852, 1.813500000000009216 ) ) ;
#3979 = CARTESIAN_POINT ( 'NONE',  ( 0.0000000000000000000, 2.026641085557714828, 1.813500000000003887 ) ) ;
#3980 = DIRECTION ( 'NONE',  ( 0.0000000000000000000, 1.000000000000000000, 0.0000000000000000000 ) ) ;
#3981 = CARTESIAN_POINT ( 'NONE',  ( 3.373000000000007770, 2.153641085557714163, -1.686500000000003885 ) ) ;
#3982 =( NAMED_UNIT ( * ) PLANE_ANGLE_UNIT ( ) SI_UNIT ( $, .RADIAN. ) );
#3983 = MANIFOLD_SOLID_BREP ( 'Revolve1[5]', #151 ) ;
#3984 = DIRECTION ( 'NONE',  ( -0.0000000000000000000, 1.000000000000000000, 0.0000000000000000000 ) ) ;
#3985 = PRESENTATION_STYLE_ASSIGNMENT (( #2444 ) ) ;
#3986 = ORIENTED_EDGE ( 'NONE', *, *, #4314, .T. ) ;
#3987 = SURFACE_STYLE_FILL_AREA ( #4318 ) ;
#3988 = SURFACE_SIDE_STYLE ('',( #2744 ) ) ;
#3989 = CIRCLE ( 'NONE', #3500, 0.3852653961429184926 ) ;
#3990 = ORIENTED_EDGE ( 'NONE', *, *, #4892, .F. ) ;
#3991 =( NAMED_UNIT ( * ) PLANE_ANGLE_UNIT ( ) SI_UNIT ( $, .RADIAN. ) );
#3992 = DIRECTION ( 'NONE',  ( 0.0000000000000000000, 1.000000000000000000, 0.0000000000000000000 ) ) ;
#3993 = LINE ( 'NONE', #3307, #338 ) ;
#3994 =( GEOMETRIC_REPRESENTATION_CONTEXT ( 3 ) GLOBAL_UNCERTAINTY_ASSIGNED_CONTEXT ( ( #4507 ) ) GLOBAL_UNIT_ASSIGNED_CONTEXT ( ( #1217, #457, #2750 ) ) REPRESENTATION_CONTEXT ( 'NONE', 'WORKASPACE' ) );
#3995 =( BOUNDED_SURFACE ( )  B_SPLINE_SURFACE ( 3, 3, ( 
 ( #1866, #308, #1463, #1537 ),
 ( #4566, #376, #1492, #2318 ),
 ( #4593, #3337, #286, #3365 ),
 ( #4927, #1141, #1820, #2989 ) ),
 .UNSPECIFIED., .F., .F., .T. ) 
 B_SPLINE_SURFACE_WITH_KNOTS ( ( 4, 4 ),
 ( 4, 4 ),
 ( 0.0000000000000000000, 1.000000000000000000 ),
 ( 0.0000000000000000000, 1.000000000000000000 ),
 .UNSPECIFIED. ) 
 GEOMETRIC_REPRESENTATION_ITEM ( )  RATIONAL_B_SPLINE_SURFACE ( (
 ( 1.000000000000000000, 0.3333333333333334259, 0.3333333333333334259, 1.000000000000000000),
 ( 0.3333333333333333703, 0.1111111111111111605, 0.1111111111111111605, 0.3333333333333333703),
 ( 0.3333333333333333703, 0.1111111111111111605, 0.1111111111111111605, 0.3333333333333333703),
 ( 1.000000000000000000, 0.3333333333333334259, 0.3333333333333334259, 1.000000000000000000) ) ) 
 REPRESENTATION_ITEM ( '' )  SURFACE ( )  );
#3996 = CARTESIAN_POINT ( 'NONE',  ( 0.0000000000000000000, 1.428641085557713852, 1.813500000000009216 ) ) ;
#3997 = MANIFOLD_SOLID_BREP ( 'Revolve1[10]', #3585 ) ;
#3998 = AXIS2_PLACEMENT_3D ( 'NONE', #2200, #2716, #3405 ) ;
#3999 = MECHANICAL_DESIGN_GEOMETRIC_PRESENTATION_REPRESENTATION (  '', ( #4234 ), #718 ) ;
#4000 = EDGE_LOOP ( 'NONE', ( #2147, #3589 ) ) ;
#4001 = EDGE_CURVE ( 'NONE', #808, #3760, #2856, .T. ) ;
#4002 = CARTESIAN_POINT ( 'NONE',  ( 2.149999999999999911, 0.2000000000000000111, 0.0000000000000000000 ) ) ;
#4003 = CARTESIAN_POINT ( 'NONE',  ( -2.150000000000338307, 0.2000000000052378490, 1.121383074576277172 ) ) ;
#4004 = SURFACE_SIDE_STYLE ('',( #3142 ) ) ;
#4005 = FILL_AREA_STYLE ('',( #2485 ) ) ;
#4006 = STYLED_ITEM ( 'NONE', ( #3880 ), #316 ) ;
#4007 = EDGE_CURVE ( 'NONE', #3311, #255, #675, .T. ) ;
#4008 = CARTESIAN_POINT ( 'NONE',  ( 3.627000000000021540, 1.011641085557714259, 1.813500000000011436 ) ) ;
#4009 = CIRCLE ( 'NONE', #483, 1.813500000000001000 ) ;
#4010 = ORIENTED_EDGE ( 'NONE', *, *, #1242, .T. ) ;
#4011 = CARTESIAN_POINT ( 'NONE',  ( 3.627000000000019764, 1.410641085557713614, 1.813500000000010104 ) ) ;
#4012 = LINE ( 'NONE', #1740, #1394 ) ;
#4013 = CARTESIAN_POINT ( 'NONE',  ( 3.627000000000015323, 1.573641085557713870, 1.813500000000007883 ) ) ;
#4014 = CIRCLE ( 'NONE', #3926, 1.686500000000012545 ) ;
#4015 = UNCERTAINTY_MEASURE_WITH_UNIT (LENGTH_MEASURE( 1.000000000000000082E-05 ), #2, 'distance_accuracy_value', 'NONE');
#4016 = ORIENTED_EDGE ( 'NONE', *, *, #2597, .F. ) ;
#4017 = DIRECTION ( 'NONE',  ( 0.0000000000000000000, 0.0000000000000000000, -1.000000000000000000 ) ) ;
#4018 =( NAMED_UNIT ( * ) PLANE_ANGLE_UNIT ( ) SI_UNIT ( $, .RADIAN. ) );
#4019 = SURFACE_STYLE_FILL_AREA ( #2827 ) ;
#4020 = STYLED_ITEM ( 'NONE', ( #3392 ), #2280 ) ;
#4021 = ORIENTED_EDGE ( 'NONE', *, *, #2648, .T. ) ;
#4022 = DIRECTION ( 'NONE',  ( 0.0000000000000000000, -0.0000000000000000000, 1.000000000000000000 ) ) ;
#4023 = STYLED_ITEM ( 'NONE', ( #4838 ), #2393 ) ;
#4024 = DIRECTION ( 'NONE',  ( 1.224646799147351482E-16, 0.0000000000000000000, -1.000000000000000000 ) ) ;
#4025 = CARTESIAN_POINT ( 'NONE',  ( -3.627000000000017099, 1.555641085557713854, -1.813500000000010104 ) ) ;
#4026 =( NAMED_UNIT ( * ) SI_UNIT ( $, .STERADIAN. ) SOLID_ANGLE_UNIT ( ) );
#4027 = MANIFOLD_SOLID_BREP ( 'Revolve1[8]', #1199 ) ;
#4028 = VERTEX_POINT ( 'NONE', #1322 ) ;
#4029 = CARTESIAN_POINT ( 'NONE',  ( 0.0000000000000000000, 1.283641085557714057, 1.813500000000009882 ) ) ;
#4030 =( LENGTH_UNIT ( ) NAMED_UNIT ( * ) SI_UNIT ( .MILLI., .METRE. ) );
#4031 =( NAMED_UNIT ( * ) PLANE_ANGLE_UNIT ( ) SI_UNIT ( $, .RADIAN. ) );
#4032 = DIRECTION ( 'NONE',  ( 1.224646799147355179E-16, 0.0000000000000000000, -1.000000000000000000 ) ) ;
#4033 =( GEOMETRIC_REPRESENTATION_CONTEXT ( 3 ) GLOBAL_UNCERTAINTY_ASSIGNED_CONTEXT ( ( #530 ) ) GLOBAL_UNIT_ASSIGNED_CONTEXT ( ( #1070, #2608, #1096 ) ) REPRESENTATION_CONTEXT ( 'NONE', 'WORKASPACE' ) );
#4034 = CARTESIAN_POINT ( 'NONE',  ( 0.0000000000000000000, 2.153641085557714163, 1.813500000000004109 ) ) ;
#4035 = EDGE_CURVE ( 'NONE', #3715, #948, #4685, .T. ) ;
#4036 = ADVANCED_FACE ( 'NONE', ( #3673 ), #4293, .T. ) ;
#4037 = AXIS2_PLACEMENT_3D ( 'NONE', #4691, #4319, #3936 ) ;
#4038 = PRESENTATION_STYLE_ASSIGNMENT (( #2508 ) ) ;
#4039 = CARTESIAN_POINT ( 'NONE',  ( 2.143131898507883335E-16, 0.9936410855577139101, -1.750000000000012434 ) ) ;
#4040 = CARTESIAN_POINT ( 'NONE',  ( 2.065366826762021463E-16, 1.700641085557713650, -1.686500000000008548 ) ) ;
#4041 = STYLED_ITEM ( 'NONE', ( #3017 ), #3769 ) ;
#4042 = DIRECTION ( 'NONE',  ( 0.0000000000000000000, 0.0000000000000000000, 1.000000000000000000 ) ) ;
#4043 = ORIENTED_EDGE ( 'NONE', *, *, #3093, .T. ) ;
#4044 = MANIFOLD_SOLID_BREP ( 'Revolve1[3]', #2138 ) ;
#4045 = UNCERTAINTY_MEASURE_WITH_UNIT (LENGTH_MEASURE( 1.000000000000000082E-05 ), #3795, 'distance_accuracy_value', 'NONE');
#4046 = SURFACE_STYLE_USAGE ( .BOTH. , #3708 ) ;
#4047 = ORIENTED_EDGE ( 'NONE', *, *, #3876, .T. ) ;
#4048 = PRESENTATION_STYLE_ASSIGNMENT (( #2170 ) ) ;
#4049 =( NAMED_UNIT ( * ) PLANE_ANGLE_UNIT ( ) SI_UNIT ( $, .RADIAN. ) );
#4050 = CIRCLE ( 'NONE', #1874, 1.813500000000001000 ) ;
#4051 = PRESENTATION_STYLE_ASSIGNMENT (( #1832 ) ) ;
#4052 = CARTESIAN_POINT ( 'NONE',  ( 2.065366826762022942E-16, 1.555641085557713632, -1.686500000000009658 ) ) ;
#4053 = ORIENTED_EDGE ( 'NONE', *, *, #2506, .F. ) ;
#4054 = DIRECTION ( 'NONE',  ( 0.0000000000000000000, 0.0000000000000000000, 1.000000000000000000 ) ) ;
#4055 = DIRECTION ( 'NONE',  ( 8.881784197001252323E-16, 0.0000000000000000000, -1.000000000000000000 ) ) ;
#4056 = DIRECTION ( 'NONE',  ( -1.000000000000000000, 0.0000000000000000000, -1.224646799147353207E-16 ) ) ;
#4057 =( LENGTH_UNIT ( ) NAMED_UNIT ( * ) SI_UNIT ( .MILLI., .METRE. ) );
#4058 = PRESENTATION_LAYER_ASSIGNMENT (  '', '', ( #2385 ) ) ;
#4059 = CARTESIAN_POINT ( 'NONE',  ( 2.220896970253738304E-16, 1.138641085557713817, -1.813500000000010992 ) ) ;
#4060 = CARTESIAN_POINT ( 'NONE',  ( -3.373000000000005993, 2.298641085557713737, -1.686500000000003885 ) ) ;
#4061 = ADVANCED_FACE ( 'NONE', ( #3813 ), #2822, .T. ) ;
#4062 = SURFACE_STYLE_FILL_AREA ( #696 ) ;
#4063 = ADVANCED_FACE ( 'NONE', ( #3386 ), #4857, .T. ) ;
#4064 = CARTESIAN_POINT ( 'NONE',  ( 0.0000000000000000000, 2.733641085557713790, 0.0000000000000000000 ) ) ;
#4065 = VERTEX_POINT ( 'NONE', #2702 ) ;
#4066 = CARTESIAN_POINT ( 'NONE',  ( 3.373000000000014431, 1.591641085557714108, -1.686500000000007216 ) ) ;
#4067 = FILL_AREA_STYLE ('',( #1361 ) ) ;
#4068 =( NAMED_UNIT ( * ) PLANE_ANGLE_UNIT ( ) SI_UNIT ( $, .RADIAN. ) );
#4069 = EDGE_LOOP ( 'NONE', ( #2431, #3434, #2600, #2198 ) ) ;
#4070 = SURFACE_SIDE_STYLE ('',( #3647 ) ) ;
#4071 = STYLED_ITEM ( 'NONE', ( #1138 ), #653 ) ;
#4072 = CARTESIAN_POINT ( 'NONE',  ( 0.0000000000000000000, 2.799999999999999822, 0.0000000000000000000 ) ) ;
#4073 = CARTESIAN_POINT ( 'NONE',  ( 0.0000000000000000000, 2.153641085557714163, 1.813500000000004109 ) ) ;
#4074 = DIRECTION ( 'NONE',  ( -0.0000000000000000000, -1.000000000000000000, -0.0000000000000000000 ) ) ;
#4075 = CARTESIAN_POINT ( 'NONE',  ( -2.149999999999999911, 0.2000000000000000111, -0.6000000000000003109 ) ) ;
#4076 = AXIS2_PLACEMENT_3D ( 'NONE', #1770, #625, #4022 ) ;
#4077 = ORIENTED_EDGE ( 'NONE', *, *, #2880, .F. ) ;
#4078 = SURFACE_STYLE_USAGE ( .BOTH. , #2549 ) ;
#4079 = FILL_AREA_STYLE_COLOUR ( '', #3181 ) ;
#4080 = DIRECTION ( 'NONE',  ( 0.0000000000000000000, 0.0000000000000000000, -1.000000000000000000 ) ) ;
#4081 = CARTESIAN_POINT ( 'NONE',  ( 3.373000000000022425, 1.265641085557713597, -1.686500000000011212 ) ) ;
#4082 = PRESENTATION_STYLE_ASSIGNMENT (( #3322 ) ) ;
#4083 = VECTOR ( 'NONE', #3738, 1000.000000000000000 ) ;
#4084 = CARTESIAN_POINT ( 'NONE',  ( 3.373000000000005993, 2.298641085557713737, 1.686500000000003219 ) ) ;
#4085 = SURFACE_STYLE_USAGE ( .BOTH. , #2558 ) ;
#4086 = CIRCLE ( 'NONE', #2146, 0.06349999999999975109 ) ;
#4087 = CARTESIAN_POINT ( 'NONE',  ( 2.065366826762027133E-16, 0.8666410855577142414, -1.686500000000012989 ) ) ;
#4088 = UNCERTAINTY_MEASURE_WITH_UNIT (LENGTH_MEASURE( 1.000000000000000082E-05 ), #699, 'distance_accuracy_value', 'NONE');
#4089 = CARTESIAN_POINT ( 'NONE',  ( 2.220896970253724992E-16, 2.860641085557713570, -1.813500000000000334 ) ) ;
#4090 = ADVANCED_FACE ( 'NONE', ( #3107 ), #4590, .F. ) ;
#4091 = COLOUR_RGB ( '',0.7529411764705882248, 0.7529411764705882248, 0.7529411764705882248 ) ;
#4092 = ORIENTED_EDGE ( 'NONE', *, *, #2895, .F. ) ;
#4093 =( NAMED_UNIT ( * ) PLANE_ANGLE_UNIT ( ) SI_UNIT ( $, .RADIAN. ) );
#4094 =( GEOMETRIC_REPRESENTATION_CONTEXT ( 3 ) GLOBAL_UNCERTAINTY_ASSIGNED_CONTEXT ( ( #1706 ) ) GLOBAL_UNIT_ASSIGNED_CONTEXT ( ( #3138, #2834, #60 ) ) REPRESENTATION_CONTEXT ( 'NONE', 'WORKASPACE' ) );
#4095 = CARTESIAN_POINT ( 'NONE',  ( 0.0000000000000000000, 2.298641085557713737, 1.813500000000002998 ) ) ;
#4096 = EDGE_CURVE ( 'NONE', #54, #4375, #4764, .T. ) ;
#4097 = MECHANICAL_DESIGN_GEOMETRIC_PRESENTATION_REPRESENTATION (  '', ( #12 ), #4573 ) ;
#4098 =( LENGTH_UNIT ( ) NAMED_UNIT ( * ) SI_UNIT ( .MILLI., .METRE. ) );
#4099 = FILL_AREA_STYLE ('',( #1348 ) ) ;
#4100 = UNCERTAINTY_MEASURE_WITH_UNIT (LENGTH_MEASURE( 1.000000000000000082E-05 ), #2999, 'distance_accuracy_value', 'NONE');
#4101 = FILL_AREA_STYLE ('',( #3389 ) ) ;
#4102 = ORIENTED_EDGE ( 'NONE', *, *, #2880, .T. ) ;
#4103 = CARTESIAN_POINT ( 'NONE',  ( 0.3563541452754833139, 0.1334088382677828255, 2.386701210949528917 ) ) ;
#4104 = DIRECTION ( 'NONE',  ( 0.0000000000000000000, 0.0000000000000000000, 1.000000000000000000 ) ) ;
#4105 = CARTESIAN_POINT ( 'NONE',  ( -4.130733653524030601E-16, 2.298641085557713737, 1.686500000000003441 ) ) ;
#4106 = DIRECTION ( 'NONE',  ( -1.000000000000000000, 0.0000000000000000000, -1.224646799147353207E-16 ) ) ;
#4107 = AXIS2_PLACEMENT_3D ( 'NONE', #4807, #2155, #2132 ) ;
#4108 = COLOUR_RGB ( '',0.9098039215686274384, 0.4431372549019607643, 0.03137254901960784270 ) ;
#4109 = CARTESIAN_POINT ( 'NONE',  ( -3.627000000000021984, 1.265641085557713597, 1.813500000000010326 ) ) ;
#4110 = LINE ( 'NONE', #671, #3652 ) ;
#4111 =( GEOMETRIC_REPRESENTATION_CONTEXT ( 3 ) GLOBAL_UNCERTAINTY_ASSIGNED_CONTEXT ( ( #2642 ) ) GLOBAL_UNIT_ASSIGNED_CONTEXT ( ( #1989, #492, #3088 ) ) REPRESENTATION_CONTEXT ( 'NONE', 'WORKASPACE' ) );
#4112 = CARTESIAN_POINT ( 'NONE',  ( 2.065366826762026640E-16, 0.9936410855577139101, -1.686500000000012545 ) ) ;
#4113 = ORIENTED_EDGE ( 'NONE', *, *, #1749, .T. ) ;
#4114 = FACE_OUTER_BOUND ( 'NONE', #2044, .T. ) ;
#4115 = CIRCLE ( 'NONE', #3633, 1.686500000000002553 ) ;
#4116 = STYLED_ITEM ( 'NONE', ( #1886 ), #2876 ) ;
#4117 = CARTESIAN_POINT ( 'NONE',  ( -4.130733653524023698E-16, 2.733641085557713790, 1.686500000000000554 ) ) ;
#4118 = PRESENTATION_LAYER_ASSIGNMENT (  '', '', ( #1316 ) ) ;
#4119 = EDGE_LOOP ( 'NONE', ( #1732, #1978, #3069, #4829 ) ) ;
#4120 = PRESENTATION_STYLE_ASSIGNMENT (( #3233 ) ) ;
#4121 = CARTESIAN_POINT ( 'NONE',  ( 2.220896970253730416E-16, 2.153641085557714163, -1.813500000000004109 ) ) ;
#4122 = AXIS2_PLACEMENT_3D ( 'NONE', #4218, #3896, #785 ) ;
#4123 = CARTESIAN_POINT ( 'NONE',  ( 3.627000000000005553, 2.425641085557714405, -1.813500000000002554 ) ) ;
#4124 = EDGE_LOOP ( 'NONE', ( #865, #552, #1816, #4948 ) ) ;
#4125 = EDGE_CURVE ( 'NONE', #4028, #3361, #276, .T. ) ;
#4126 = CARTESIAN_POINT ( 'NONE',  ( 0.0000000000000000000, 0.2000000000000000111, -0.6000000000000003109 ) ) ;
#4127 = LINE ( 'NONE', #4518, #1637 ) ;
#4128 = CARTESIAN_POINT ( 'NONE',  ( 0.0000000000000000000, 2.008641085557714590, 1.813500000000005219 ) ) ;
#4129 = COLOUR_RGB ( '',0.9098039215686274384, 0.4431372549019607643, 0.03137254901960784270 ) ;
#4130 =( BOUNDED_SURFACE ( )  B_SPLINE_SURFACE ( 3, 3, ( 
 ( #1156, #3466, #1451, #2971 ),
 ( #4504, #1075, #2220, #3378 ),
 ( #4735, #1231, #2363, #2414 ),
 ( #2440, #3494, #2791, #855 ) ),
 .UNSPECIFIED., .F., .F., .T. ) 
 B_SPLINE_SURFACE_WITH_KNOTS ( ( 4, 4 ),
 ( 4, 4 ),
 ( 0.0000000000000000000, 1.000000000000000000 ),
 ( 0.0000000000000000000, 1.000000000000000000 ),
 .UNSPECIFIED. ) 
 GEOMETRIC_REPRESENTATION_ITEM ( )  RATIONAL_B_SPLINE_SURFACE ( (
 ( 1.000000000000000000, 0.3333333333333334259, 0.3333333333333334259, 1.000000000000000000),
 ( 0.3333333333333333703, 0.1111111111111111605, 0.1111111111111111605, 0.3333333333333333703),
 ( 0.3333333333333333703, 0.1111111111111111605, 0.1111111111111111605, 0.3333333333333333703),
 ( 1.000000000000000000, 0.3333333333333334259, 0.3333333333333334259, 1.000000000000000000) ) ) 
 REPRESENTATION_ITEM ( '' )  SURFACE ( )  );
#4131 = ORIENTED_EDGE ( 'NONE', *, *, #3347, .T. ) ;
#4132 = CARTESIAN_POINT ( 'NONE',  ( 2.065366826762018012E-16, 2.008641085557714590, -1.686500000000005661 ) ) ;
#4133 = DIRECTION ( 'NONE',  ( 0.0000000000000000000, 0.0000000000000000000, 1.000000000000000000 ) ) ;
#4134 = SURFACE_STYLE_USAGE ( .BOTH. , #2300 ) ;
#4135 = COLOUR_RGB ( '',0.9098039215686274384, 0.4431372549019607643, 0.03137254901960784270 ) ;
#4136 = CARTESIAN_POINT ( 'NONE',  ( 3.627000000000021096, 1.138641085557713817, 1.813500000000011214 ) ) ;
#4137 = CARTESIAN_POINT ( 'NONE',  ( -2.150000000000000799, 2.799999999999999822, 1.121383074600288632 ) ) ;
#4138 = ORIENTED_EDGE ( 'NONE', *, *, #1272, .T. ) ;
#4139 =( LENGTH_UNIT ( ) NAMED_UNIT ( * ) SI_UNIT ( .MILLI., .METRE. ) );
#4140 = SURFACE_STYLE_USAGE ( .BOTH. , #1100 ) ;
#4141 = CARTESIAN_POINT ( 'NONE',  ( -3.626999999999999780, 2.733641085557713790, 1.813499999999999224 ) ) ;
#4142 = VERTEX_POINT ( 'NONE', #2345 ) ;
#4143 = CARTESIAN_POINT ( 'NONE',  ( 0.0000000000000000000, 0.9936410855577139101, 0.0000000000000000000 ) ) ;
#4144 = CARTESIAN_POINT ( 'NONE',  ( -3.373000000000003773, 2.443641085557714643, 1.686500000000001220 ) ) ;
#4145 = ORIENTED_EDGE ( 'NONE', *, *, #1681, .T. ) ;
#4146 = CARTESIAN_POINT ( 'NONE',  ( 3.373000000000004217, 2.316641085557715307, 1.686500000000002775 ) ) ;
#4147 = CARTESIAN_POINT ( 'NONE',  ( -4.441793940507457873E-16, 2.425641085557712628, 1.813500000000002998 ) ) ;
#4148 = EDGE_CURVE ( 'NONE', #2773, #47, #3713, .T. ) ;
#4149 =( GEOMETRIC_REPRESENTATION_CONTEXT ( 3 ) GLOBAL_UNCERTAINTY_ASSIGNED_CONTEXT ( ( #4955 ) ) GLOBAL_UNIT_ASSIGNED_CONTEXT ( ( #1321, #4703, #1251 ) ) REPRESENTATION_CONTEXT ( 'NONE', 'WORKASPACE' ) );
#4150 = ORIENTED_EDGE ( 'NONE', *, *, #369, .F. ) ;
#4151 = CARTESIAN_POINT ( 'NONE',  ( -4.441793940507461817E-16, 1.881641085557714810, 1.813500000000005219 ) ) ;
#4152 = CARTESIAN_POINT ( 'NONE',  ( -3.373000000000006438, 2.298641085557713737, 1.686500000000002553 ) ) ;
#4153 = SURFACE_STYLE_USAGE ( .BOTH. , #2188 ) ;
#4154 = STYLED_ITEM ( 'NONE', ( #1837 ), #619 ) ;
#4155 = MECHANICAL_DESIGN_GEOMETRIC_PRESENTATION_REPRESENTATION (  '', ( #2951 ), #3994 ) ;
#4156 =( BOUNDED_SURFACE ( )  B_SPLINE_SURFACE ( 3, 3, ( 
 ( #740, #2242, #694, #2991 ),
 ( #765, #2576, #4949, #4151 ),
 ( #2607, #355, #1891, #4876 ),
 ( #4132, #381, #4523, #3768 ) ),
 .UNSPECIFIED., .F., .F., .T. ) 
 B_SPLINE_SURFACE_WITH_KNOTS ( ( 4, 4 ),
 ( 4, 4 ),
 ( 0.0000000000000000000, 1.000000000000000000 ),
 ( 0.0000000000000000000, 1.000000000000000000 ),
 .UNSPECIFIED. ) 
 GEOMETRIC_REPRESENTATION_ITEM ( )  RATIONAL_B_SPLINE_SURFACE ( (
 ( 1.000000000000000000, 0.3333333333333334259, 0.3333333333333334259, 1.000000000000000000),
 ( 0.3333333333333333703, 0.1111111111111111605, 0.1111111111111111605, 0.3333333333333333703),
 ( 0.3333333333333333703, 0.1111111111111111605, 0.1111111111111111605, 0.3333333333333333703),
 ( 1.000000000000000000, 0.3333333333333334259, 0.3333333333333334259, 1.000000000000000000) ) ) 
 REPRESENTATION_ITEM ( '' )  SURFACE ( )  );
#4157 =( LENGTH_UNIT ( ) NAMED_UNIT ( * ) SI_UNIT ( .MILLI., .METRE. ) );
#4158 = AXIS2_PLACEMENT_3D ( 'NONE', #2225, #2306, #3756 ) ;
#4159 = EDGE_LOOP ( 'NONE', ( #3416, #2939, #379, #4491 ) ) ;
#4160 = FILL_AREA_STYLE ('',( #2687 ) ) ;
#4161 = CARTESIAN_POINT ( 'NONE',  ( 0.0000000000000000000, 0.2000000000066393113, 0.0000000000000000000 ) ) ;
#4162 = COLOUR_RGB ( '',0.2509803921568627416, 0.2509803921568627416, 0.2509803921568627416 ) ;
#4163 = MECHANICAL_DESIGN_GEOMETRIC_PRESENTATION_REPRESENTATION (  '', ( #2563 ), #317 ) ;
#4164 =( NAMED_UNIT ( * ) PLANE_ANGLE_UNIT ( ) SI_UNIT ( $, .RADIAN. ) );
#4165 = CARTESIAN_POINT ( 'NONE',  ( 0.0000000000000000000, 2.008641085557714590, 1.750000000000005551 ) ) ;
#4166 = CARTESIAN_POINT ( 'NONE',  ( 3.627000000000005109, 2.298641085557713737, 1.813500000000002998 ) ) ;
#4167 = CIRCLE ( 'NONE', #2328, 1.686500000000010546 ) ;
#4168 = EDGE_LOOP ( 'NONE', ( #67, #3151, #3501, #2224 ) ) ;
#4169 = VERTEX_POINT ( 'NONE', #431 ) ;
#4170 = CARTESIAN_POINT ( 'NONE',  ( -3.373000000000018428, 1.428641085557713852, 1.686500000000008548 ) ) ;
#4171 = CARTESIAN_POINT ( 'NONE',  ( 2.065366826762014068E-16, 2.316641085557714863, -1.686500000000002331 ) ) ;
#4172 = COLOUR_RGB ( '',0.9098039215686274384, 0.4431372549019607643, 0.03137254901960784270 ) ;
#4173 =( LENGTH_UNIT ( ) NAMED_UNIT ( * ) SI_UNIT ( .MILLI., .METRE. ) );
#4174 = CARTESIAN_POINT ( 'NONE',  ( 3.627000000000009994, 2.135641085557713925, 1.813500000000005885 ) ) ;
#4175 = COLOUR_RGB ( '',0.7960784313725489669, 0.8235294117647058432, 0.9372549019607843146 ) ;
#4176 = ORIENTED_EDGE ( 'NONE', *, *, #1272, .F. ) ;
#4177 = CARTESIAN_POINT ( 'NONE',  ( 2.220896970253724992E-16, 2.733641085557713790, -1.813500000000000112 ) ) ;
#4178 = CARTESIAN_POINT ( 'NONE',  ( 2.220896970253733374E-16, 1.591641085557714108, -1.813500000000006995 ) ) ;
#4179 = CARTESIAN_POINT ( 'NONE',  ( 2.220896970253734853E-16, 1.573641085557713870, -1.813500000000008106 ) ) ;
#4180 = CARTESIAN_POINT ( 'NONE',  ( -4.441793940507479567E-16, 0.8666410855577142414, 1.813500000000012324 ) ) ;
#4181 = VECTOR ( 'NONE', #2593, 1000.000000000000000 ) ;
#4182 = ORIENTED_EDGE ( 'NONE', *, *, #3535, .T. ) ;
#4183 = ADVANCED_FACE ( 'NONE', ( #4647 ), #399, .T. ) ;
#4184 = STYLED_ITEM ( 'NONE', ( #63 ), #2787 ) ;
#4185 = CARTESIAN_POINT ( 'NONE',  ( 0.0000000000000000000, 2.588641085557713772, 1.813500000000001000 ) ) ;
#4186 = ORIENTED_EDGE ( 'NONE', *, *, #170, .T. ) ;
#4187 = CARTESIAN_POINT ( 'NONE',  ( 2.114734603858307249, -8.131516293641283255E-17, 1.121383074600289076 ) ) ;
#4188 = PRESENTATION_LAYER_ASSIGNMENT (  '', '', ( #1720 ) ) ;
#4189 = CARTESIAN_POINT ( 'NONE',  ( 0.0000000000000000000, 1.718641085557713888, 0.0000000000000000000 ) ) ;
#4190 =( LENGTH_UNIT ( ) NAMED_UNIT ( * ) SI_UNIT ( .MILLI., .METRE. ) );
#4191 = DIRECTION ( 'NONE',  ( 0.0000000000000000000, 0.0000000000000000000, 1.000000000000000000 ) ) ;
#4192 = STYLED_ITEM ( 'NONE', ( #1074 ), #3226 ) ;
#4193 = ORIENTED_EDGE ( 'NONE', *, *, #4918, .F. ) ;
#4194 = CARTESIAN_POINT ( 'NONE',  ( 0.0000000000000000000, 3.500000000000000000, 0.0000000000000000000 ) ) ;
#4195 = CARTESIAN_POINT ( 'NONE',  ( -3.373000000000012655, 1.863641085557713684, 1.686500000000005661 ) ) ;
#4196 = ORIENTED_EDGE ( 'NONE', *, *, #523, .F. ) ;
#4197 = SURFACE_STYLE_USAGE ( .BOTH. , #1516 ) ;
#4198 =( NAMED_UNIT ( * ) SI_UNIT ( $, .STERADIAN. ) SOLID_ANGLE_UNIT ( ) );
#4199 = CARTESIAN_POINT ( 'NONE',  ( 0.0000000000000000000, 1.428641085557713852, 1.686500000000009658 ) ) ;
#4200 = FILL_AREA_STYLE ('',( #3037 ) ) ;
#4201 = CARTESIAN_POINT ( 'NONE',  ( 2.220896970253738797E-16, 1.265641085557713597, -1.813500000000011214 ) ) ;
#4202 = UNCERTAINTY_MEASURE_WITH_UNIT (LENGTH_MEASURE( 1.000000000000000082E-05 ), #3438, 'distance_accuracy_value', 'NONE');
#4203 = CARTESIAN_POINT ( 'NONE',  ( 0.0000000000000000000, 1.446641085557714312, 1.813500000000007883 ) ) ;
#4204 = ADVANCED_FACE ( 'NONE', ( #2904 ), #921, .T. ) ;
#4205 = CARTESIAN_POINT ( 'NONE',  ( 3.373000000000019760, 1.283641085557714057, -1.686500000000009880 ) ) ;
#4206 = CARTESIAN_POINT ( 'NONE',  ( -3.627000000000009106, 2.008641085557714145, -1.813500000000005663 ) ) ;
#4207 = EDGE_CURVE ( 'NONE', #414, #2773, #198, .T. ) ;
#4208 = FACE_OUTER_BOUND ( 'NONE', #2033, .T. ) ;
#4209 = CARTESIAN_POINT ( 'NONE',  ( -0.3657182036796516877, 0.06673286433709939292, 2.373385484235658538 ) ) ;
#4210 =( NAMED_UNIT ( * ) SI_UNIT ( $, .STERADIAN. ) SOLID_ANGLE_UNIT ( ) );
#4211 = DIRECTION ( 'NONE',  ( 0.0000000000000000000, 0.0000000000000000000, 1.000000000000000000 ) ) ;
#4212 = FILL_AREA_STYLE_COLOUR ( '', #3041 ) ;
#4213 = CARTESIAN_POINT ( 'NONE',  ( -3.627000000000018876, 1.156641085557714055, -1.813500000000010326 ) ) ;
#4214 = CARTESIAN_POINT ( 'NONE',  ( 0.0000000000000000000, 1.573641085557713870, 1.750000000000008216 ) ) ;
#4215 = ADVANCED_FACE ( 'NONE', ( #3415 ), #1429, .T. ) ;
#4216 = ORIENTED_EDGE ( 'NONE', *, *, #1395, .T. ) ;
#4217 = SURFACE_SIDE_STYLE ('',( #1588 ) ) ;
#4218 = CARTESIAN_POINT ( 'NONE',  ( 0.0000000000000000000, 1.428641085557713852, 0.0000000000000000000 ) ) ;
#4219 = CARTESIAN_POINT ( 'NONE',  ( 2.143131898507876926E-16, 1.718641085557713888, -1.686500000000007438 ) ) ;
#4220 = ORIENTED_EDGE ( 'NONE', *, *, #4314, .F. ) ;
#4221 = CYLINDRICAL_SURFACE ( 'NONE', #3868, 0.3500000000000000333 ) ;
#4222 = DIRECTION ( 'NONE',  ( 0.0000000000000000000, 0.0000000000000000000, 1.000000000000000000 ) ) ;
#4223 = CARTESIAN_POINT ( 'NONE',  ( 2.065366826762011849E-16, 2.860641085557713570, -1.686500000000000332 ) ) ;
#4224 = CARTESIAN_POINT ( 'NONE',  ( 0.0000000000000000000, 1.863641085557713684, 1.750000000000006217 ) ) ;
#4225 = CARTESIAN_POINT ( 'NONE',  ( 0.0000000000000000000, 2.799999999999999822, -1.750000000000000000 ) ) ;
#4226 = DIRECTION ( 'NONE',  ( 1.000000000000000000, 0.0000000000000000000, 0.0000000000000000000 ) ) ;
#4227 = DIRECTION ( 'NONE',  ( 1.224646799147351482E-16, 0.0000000000000000000, -1.000000000000000000 ) ) ;
#4228 = ORIENTED_EDGE ( 'NONE', *, *, #1422, .T. ) ;
#4229 = CARTESIAN_POINT ( 'NONE',  ( 0.0000000000000000000, 1.283641085557714057, 1.686500000000010546 ) ) ;
#4230 = CARTESIAN_POINT ( 'NONE',  ( 2.150000000000000355, 0.2000000000000000111, 1.121383074600289076 ) ) ;
#4231 = STYLED_ITEM ( 'NONE', ( #1436 ), #543 ) ;
#4232 = EDGE_CURVE ( 'NONE', #624, #2205, #2032, .T. ) ;
#4233 = CARTESIAN_POINT ( 'NONE',  ( -3.627000000000010438, 2.135641085557713925, 1.813500000000004553 ) ) ;
#4234 = STYLED_ITEM ( 'NONE', ( #1443 ), #169 ) ;
#4235 = ORIENTED_EDGE ( 'NONE', *, *, #4773, .T. ) ;
#4236 = CARTESIAN_POINT ( 'NONE',  ( -3.373000000000017096, 1.700641085557713872, -1.686500000000008992 ) ) ;
#4237 = CARTESIAN_POINT ( 'NONE',  ( -0.3464101615193481698, 0.2000000000067870265, 2.399999999988554844 ) ) ;
#4238 = DIRECTION ( 'NONE',  ( 0.0000000000000000000, 1.000000000000000000, 0.0000000000000000000 ) ) ;
#4239 = DIRECTION ( 'NONE',  ( 0.0000000000000000000, 1.000000000000000000, 0.0000000000000000000 ) ) ;
#4240 = AXIS2_PLACEMENT_3D ( 'NONE', #3113, #3038, #4258 ) ;
#4241 = SURFACE_STYLE_USAGE ( .BOTH. , #4511 ) ;
#4242 = SURFACE_STYLE_USAGE ( .BOTH. , #807 ) ;
#4243 = STYLED_ITEM ( 'NONE', ( #2353 ), #444 ) ;
#4244 = UNCERTAINTY_MEASURE_WITH_UNIT (LENGTH_MEASURE( 1.000000000000000082E-05 ), #3905, 'distance_accuracy_value', 'NONE');
#4245 = EDGE_CURVE ( 'NONE', #4710, #2418, #4050, .T. ) ;
#4246 = FILL_AREA_STYLE ('',( #1135 ) ) ;
#4247 = ORIENTED_EDGE ( 'NONE', *, *, #4125, .T. ) ;
#4248 = CARTESIAN_POINT ( 'NONE',  ( -3.373000000000018428, 1.428641085557713852, -1.686500000000009880 ) ) ;
#4249 = PRESENTATION_STYLE_ASSIGNMENT (( #862 ) ) ;
#4250 = CARTESIAN_POINT ( 'NONE',  ( 5.421010862427522170E-17, 0.0000000000000000000, -2.449999999999999734 ) ) ;
#4251 = CARTESIAN_POINT ( 'NONE',  ( 2.220896970253738304E-16, 1.138641085557713817, -1.813500000000010992 ) ) ;
#4252 = EDGE_CURVE ( 'NONE', #2015, #3253, #2373, .T. ) ;
#4253 = AXIS2_PLACEMENT_3D ( 'NONE', #4250, #1196, #1513 ) ;
#4254 = CARTESIAN_POINT ( 'NONE',  ( -4.441793940507465762E-16, 1.863641085557713684, 1.813500000000006107 ) ) ;
#4255 = VERTEX_POINT ( 'NONE', #2404 ) ;
#4256 = FILL_AREA_STYLE ('',( #440 ) ) ;
#4257 = CARTESIAN_POINT ( 'NONE',  ( 0.0000000000000000000, 0.2000000000066393113, 0.0000000000000000000 ) ) ;
#4258 = DIRECTION ( 'NONE',  ( 0.0000000000000000000, 0.0000000000000000000, 1.000000000000000000 ) ) ;
#4259 = MECHANICAL_DESIGN_GEOMETRIC_PRESENTATION_REPRESENTATION (  '', ( #94 ), #4094 ) ;
#4260 = VERTEX_POINT ( 'NONE', #2704 ) ;
#4261 = CARTESIAN_POINT ( 'NONE',  ( 0.0000000000000000000, 1.410641085557713836, 1.686500000000010546 ) ) ;
#4262 = PRESENTATION_STYLE_ASSIGNMENT (( #1298 ) ) ;
#4263 = CARTESIAN_POINT ( 'NONE',  ( -3.373000000000010434, 2.135641085557713925, -1.686500000000006549 ) ) ;
#4264 = CIRCLE ( 'NONE', #2012, 0.06349999999999975109 ) ;
#4265 = VERTEX_POINT ( 'NONE', #4219 ) ;
#4266 = CARTESIAN_POINT ( 'NONE',  ( 2.220896970253734853E-16, 1.573641085557713870, -1.813500000000008106 ) ) ;
#4267 = CARTESIAN_POINT ( 'NONE',  ( 2.065366826762014068E-16, 2.570641085557713978, -1.686500000000002331 ) ) ;
#4268 = AXIS2_PLACEMENT_3D ( 'NONE', #3676, #2273, #3798 ) ;
#4269 = AXIS2_PLACEMENT_3D ( 'NONE', #4572, #2216, #314 ) ;
#4270 =( NAMED_UNIT ( * ) PLANE_ANGLE_UNIT ( ) SI_UNIT ( $, .RADIAN. ) );
#4271 = CARTESIAN_POINT ( 'NONE',  ( -3.627000000000003777, 2.570641085557713978, -1.813500000000002554 ) ) ;
#4272 = STYLED_ITEM ( 'NONE', ( #983 ), #3565 ) ;
#4273 = CONICAL_SURFACE ( 'NONE', #4911, 0.3852653961228724167, 0.1745329251648975732 ) ;
#4274 = ORIENTED_EDGE ( 'NONE', *, *, #1415, .F. ) ;
#4275 = FILL_AREA_STYLE_COLOUR ( '', #2401 ) ;
#4276 = FILL_AREA_STYLE_COLOUR ( '', #2183 ) ;
#4277 = CARTESIAN_POINT ( 'NONE',  ( 0.0000000000000000000, 2.153641085557714163, 1.813500000000004109 ) ) ;
#4278 = STYLED_ITEM ( 'NONE', ( #2932 ), #3721 ) ;
#4279 = CIRCLE ( 'NONE', #1870, 0.06349999999999975109 ) ;
#4280 = STYLED_ITEM ( 'NONE', ( #2967 ), #3975 ) ;
#4281 = CARTESIAN_POINT ( 'NONE',  ( 2.114734603858307249, 0.0000000000000000000, -1.112705316497224040 ) ) ;
#4282 = ADVANCED_FACE ( 'NONE', ( #3108 ), #2961, .T. ) ;
#4283 = CARTESIAN_POINT ( 'NONE',  ( 2.220896970253739783E-16, 1.120641085557713579, -1.813500000000012324 ) ) ;
#4284 = DIRECTION ( 'NONE',  ( 0.0000000000000000000, 0.0000000000000000000, 1.000000000000000000 ) ) ;
#4285 =( NAMED_UNIT ( * ) PLANE_ANGLE_UNIT ( ) SI_UNIT ( $, .RADIAN. ) );
#4286 = CARTESIAN_POINT ( 'NONE',  ( 2.150000000000000799, 0.9000000000000001332, -1.121383074600288632 ) ) ;
#4287 = SURFACE_STYLE_FILL_AREA ( #143 ) ;
#4288 = CARTESIAN_POINT ( 'NONE',  ( 0.0000000000000000000, 0.0000000000000000000, 0.0000000000000000000 ) ) ;
#4289 = CARTESIAN_POINT ( 'NONE',  ( 3.373000000000011767, 1.863641085557713684, -1.686500000000005883 ) ) ;
#4290 = EDGE_LOOP ( 'NONE', ( #519, #3976, #4186, #2643 ) ) ;
#4291 = DIRECTION ( 'NONE',  ( 0.0000000000000000000, -0.0000000000000000000, 1.000000000000000000 ) ) ;
#4292 = CIRCLE ( 'NONE', #1810, 0.06349999999999975109 ) ;
#4293 =( BOUNDED_SURFACE ( )  B_SPLINE_SURFACE ( 3, 3, ( 
 ( #4073, #1008, #2525, #2483 ),
 ( #3979, #1413, #3284, #3593 ),
 ( #634, #4358, #2462, #3261 ),
 ( #536, #4407, #958, #2504 ) ),
 .UNSPECIFIED., .F., .F., .T. ) 
 B_SPLINE_SURFACE_WITH_KNOTS ( ( 4, 4 ),
 ( 4, 4 ),
 ( 0.0000000000000000000, 1.000000000000000000 ),
 ( 0.0000000000000000000, 1.000000000000000000 ),
 .UNSPECIFIED. ) 
 GEOMETRIC_REPRESENTATION_ITEM ( )  RATIONAL_B_SPLINE_SURFACE ( (
 ( 1.000000000000000000, 0.3333333333333334259, 0.3333333333333334259, 1.000000000000000000),
 ( 0.3333333333333333703, 0.1111111111111111605, 0.1111111111111111605, 0.3333333333333333703),
 ( 0.3333333333333333703, 0.1111111111111111605, 0.1111111111111111605, 0.3333333333333333703),
 ( 1.000000000000000000, 0.3333333333333334259, 0.3333333333333334259, 1.000000000000000000) ) ) 
 REPRESENTATION_ITEM ( '' )  SURFACE ( )  );
#4294 = ORIENTED_EDGE ( 'NONE', *, *, #3842, .T. ) ;
#4295 =( NAMED_UNIT ( * ) SI_UNIT ( $, .STERADIAN. ) SOLID_ANGLE_UNIT ( ) );
#4296 = CARTESIAN_POINT ( 'NONE',  ( 2.220896970253727457E-16, 2.443641085557714643, -1.813500000000001888 ) ) ;
#4297 = VECTOR ( 'NONE', #2739, 1000.000000000000000 ) ;
#4298 = CARTESIAN_POINT ( 'NONE',  ( 2.220896970253737318E-16, 1.156641085557714055, -1.813500000000009882 ) ) ;
#4299 = DIRECTION ( 'NONE',  ( 0.0000000000000000000, 0.0000000000000000000, 1.000000000000000000 ) ) ;
#4300 = VERTEX_POINT ( 'NONE', #58 ) ;
#4301 = CARTESIAN_POINT ( 'NONE',  ( 0.0000000000000000000, 2.588641085557713772, 0.0000000000000000000 ) ) ;
#4302 = CARTESIAN_POINT ( 'NONE',  ( 0.0000000000000000000, 2.298641085557713737, 0.0000000000000000000 ) ) ;
#4303 = EDGE_CURVE ( 'NONE', #3148, #1216, #1653, .T. ) ;
#4304 = EDGE_LOOP ( 'NONE', ( #138, #678, #3529, #4053 ) ) ;
#4305 = DIRECTION ( 'NONE',  ( 0.0000000000000000000, 1.000000000000000000, 0.0000000000000000000 ) ) ;
#4306 = CARTESIAN_POINT ( 'NONE',  ( -3.373000000000025089, 0.9936410855577139101, 1.686500000000011878 ) ) ;
#4307 = CARTESIAN_POINT ( 'NONE',  ( 0.0000000000000000000, 0.9000000000000001332, 0.0000000000000000000 ) ) ;
#4308 = SURFACE_SIDE_STYLE ('',( #3520 ) ) ;
#4309 = DIRECTION ( 'NONE',  ( 0.0000000000000000000, 0.0000000000000000000, 1.000000000000000000 ) ) ;
#4310 = DIRECTION ( 'NONE',  ( 0.0000000000000000000, 1.000000000000000000, 0.0000000000000000000 ) ) ;
#4311 = ORIENTED_EDGE ( 'NONE', *, *, #875, .T. ) ;
#4312 = FILL_AREA_STYLE ('',( #924 ) ) ;
#4313 = CARTESIAN_POINT ( 'NONE',  ( 2.065366826762019984E-16, 1.845641085557713668, -1.686500000000007660 ) ) ;
#4314 = EDGE_CURVE ( 'NONE', #2823, #2705, #2285, .T. ) ;
#4315 = DIRECTION ( 'NONE',  ( 0.0000000000000000000, 1.000000000000000000, 0.0000000000000000000 ) ) ;
#4316 =( GEOMETRIC_REPRESENTATION_CONTEXT ( 3 ) GLOBAL_UNCERTAINTY_ASSIGNED_CONTEXT ( ( #3658 ) ) GLOBAL_UNIT_ASSIGNED_CONTEXT ( ( #4030, #4847, #2923 ) ) REPRESENTATION_CONTEXT ( 'NONE', 'WORKASPACE' ) );
#4317 = EDGE_LOOP ( 'NONE', ( #4150, #821, #4010, #3306 ) ) ;
#4318 = FILL_AREA_STYLE ('',( #2795 ) ) ;
#4319 = DIRECTION ( 'NONE',  ( 1.000000000000000000, 0.0000000000000000000, 0.0000000000000000000 ) ) ;
#4320 =( NAMED_UNIT ( * ) SI_UNIT ( $, .STERADIAN. ) SOLID_ANGLE_UNIT ( ) );
#4321 = FILL_AREA_STYLE ('',( #2798 ) ) ;
#4322 = PRESENTATION_LAYER_ASSIGNMENT (  '', '', ( #3507 ) ) ;
#4323 =( BOUNDED_SURFACE ( )  B_SPLINE_SURFACE ( 3, 3, ( 
 ( #243, #4477, #1470, #2627 ),
 ( #993, #3680, #3295, #4835 ),
 ( #465, #2324, #441, #4952 ),
 ( #2733, #2301, #3820, #4652 ) ),
 .UNSPECIFIED., .F., .F., .T. ) 
 B_SPLINE_SURFACE_WITH_KNOTS ( ( 4, 4 ),
 ( 4, 4 ),
 ( 0.0000000000000000000, 1.000000000000000000 ),
 ( 0.0000000000000000000, 1.000000000000000000 ),
 .UNSPECIFIED. ) 
 GEOMETRIC_REPRESENTATION_ITEM ( )  RATIONAL_B_SPLINE_SURFACE ( (
 ( 1.000000000000000000, 0.3333333333333334259, 0.3333333333333334259, 1.000000000000000000),
 ( 0.3333333333333333703, 0.1111111111111111605, 0.1111111111111111605, 0.3333333333333333703),
 ( 0.3333333333333333703, 0.1111111111111111605, 0.1111111111111111605, 0.3333333333333333703),
 ( 1.000000000000000000, 0.3333333333333334259, 0.3333333333333334259, 1.000000000000000000) ) ) 
 REPRESENTATION_ITEM ( '' )  SURFACE ( )  );
#4324 = ORIENTED_EDGE ( 'NONE', *, *, #2256, .T. ) ;
#4325 = CARTESIAN_POINT ( 'NONE',  ( 2.065366826762011849E-16, 2.606641085557714455, -1.686500000000000332 ) ) ;
#4326 = DIRECTION ( 'NONE',  ( 0.0000000000000000000, 0.0000000000000000000, 1.000000000000000000 ) ) ;
#4327 = CARTESIAN_POINT ( 'NONE',  ( 2.065366826762013082E-16, 2.588641085557713772, -1.686500000000001664 ) ) ;
#4328 = VECTOR ( 'NONE', #3286, 1000.000000000000000 ) ;
#4329 = ORIENTED_EDGE ( 'NONE', *, *, #1120, .F. ) ;
#4330 = CARTESIAN_POINT ( 'NONE',  ( -3.373000000000025089, 1.120641085557713579, 1.686500000000012101 ) ) ;
#4331 = CARTESIAN_POINT ( 'NONE',  ( 3.627000000000017543, 1.555641085557713854, 1.813500000000009438 ) ) ;
#4332 = FILL_AREA_STYLE_COLOUR ( '', #4919 ) ;
#4333 = CIRCLE ( 'NONE', #4253, 0.3852653961429184926 ) ;
#4334 = DIRECTION ( 'NONE',  ( 0.0000000000000000000, 1.000000000000000000, 0.0000000000000000000 ) ) ;
#4335 = FACE_OUTER_BOUND ( 'NONE', #2154, .T. ) ;
#4336 = CARTESIAN_POINT ( 'NONE',  ( 2.220896970253726471E-16, 2.588641085557713772, -1.813500000000001000 ) ) ;
#4337 = CARTESIAN_POINT ( 'NONE',  ( 3.627000000000011326, 1.863641085557713684, 1.813500000000005885 ) ) ;
#4338 =( NAMED_UNIT ( * ) SI_UNIT ( $, .STERADIAN. ) SOLID_ANGLE_UNIT ( ) );
#4339 = CARTESIAN_POINT ( 'NONE',  ( 2.220896970253733374E-16, 1.718641085557713888, -1.813500000000006995 ) ) ;
#4340 = ADVANCED_FACE ( 'NONE', ( #461 ), #4483, .T. ) ;
#4341 = PRESENTATION_LAYER_ASSIGNMENT (  '', '', ( #4417 ) ) ;
#4342 = ORIENTED_EDGE ( 'NONE', *, *, #3503, .T. ) ;
#4343 = CARTESIAN_POINT ( 'NONE',  ( 0.0000000000000000000, 2.733641085557713790, 1.686500000000000554 ) ) ;
#4344 = EDGE_CURVE ( 'NONE', #3034, #4580, #889, .T. ) ;
#4345 = CARTESIAN_POINT ( 'NONE',  ( 3.627000000000019320, 1.283641085557714057, 1.813500000000009882 ) ) ;
#4346 = ORIENTED_EDGE ( 'NONE', *, *, #1058, .T. ) ;
#4347 =( GEOMETRIC_REPRESENTATION_CONTEXT ( 3 ) GLOBAL_UNCERTAINTY_ASSIGNED_CONTEXT ( ( #1549 ) ) GLOBAL_UNIT_ASSIGNED_CONTEXT ( ( #3518, #3545, #2432 ) ) REPRESENTATION_CONTEXT ( 'NONE', 'WORKASPACE' ) );
#4348 = COLOUR_RGB ( '',0.7529411764705882248, 0.7529411764705882248, 0.7529411764705882248 ) ;
#4349 = CARTESIAN_POINT ( 'NONE',  ( 0.0000000000000000000, 0.9936410855577139101, 1.686500000000012545 ) ) ;
#4350 = CARTESIAN_POINT ( 'NONE',  ( 0.0000000000000000000, 1.591641085557714108, 1.813500000000006995 ) ) ;
#4351 = CARTESIAN_POINT ( 'NONE',  ( 0.0000000000000000000, 3.500000000000000000, 0.0000000000000000000 ) ) ;
#4352 = UNCERTAINTY_MEASURE_WITH_UNIT (LENGTH_MEASURE( 1.000000000000000082E-05 ), #597, 'distance_accuracy_value', 'NONE');
#4353 = CARTESIAN_POINT ( 'NONE',  ( -3.627000000000001556, 2.715641085557713996, 1.813500000000000334 ) ) ;
#4354 = VERTEX_POINT ( 'NONE', #1698 ) ;
#4355 = CYLINDRICAL_SURFACE ( 'NONE', #1921, 1.750000000000000000 ) ;
#4356 =( NAMED_UNIT ( * ) PLANE_ANGLE_UNIT ( ) SI_UNIT ( $, .RADIAN. ) );
#4357 = CARTESIAN_POINT ( 'NONE',  ( 4.059178187802285043E-17, 3.500000000000000000, 2.449999999999999734 ) ) ;
#4358 = CARTESIAN_POINT ( 'NONE',  ( 3.373000000000009102, 2.026641085557714828, 1.686500000000004773 ) ) ;
#4359 = CIRCLE ( 'NONE', #1799, 2.424871130585870560 ) ;
#4360 = MECHANICAL_DESIGN_GEOMETRIC_PRESENTATION_REPRESENTATION (  '', ( #4116 ), #4753 ) ;
#4361 = DIRECTION ( 'NONE',  ( 0.0000000000000000000, 0.0000000000000000000, 1.000000000000000000 ) ) ;
#4362 =( NAMED_UNIT ( * ) PLANE_ANGLE_UNIT ( ) SI_UNIT ( $, .RADIAN. ) );
#4363 = ORIENTED_EDGE ( 'NONE', *, *, #3907, .T. ) ;
#4364 = CARTESIAN_POINT ( 'NONE',  ( 2.220896970253737318E-16, 1.283641085557714057, -1.813500000000009882 ) ) ;
#4365 = CARTESIAN_POINT ( 'NONE',  ( -3.373000000000014431, 1.845641085557713446, -1.686500000000008548 ) ) ;
#4366 = COLOUR_RGB ( '',0.9098039215686274384, 0.4431372549019607643, 0.03137254901960784270 ) ;
#4367 = SURFACE_STYLE_FILL_AREA ( #3553 ) ;
#4368 = STYLED_ITEM ( 'NONE', ( #3586 ), #4374 ) ;
#4369 = EDGE_LOOP ( 'NONE', ( #512, #1396, #606, #2539 ) ) ;
#4370 = PRESENTATION_STYLE_ASSIGNMENT (( #2853 ) ) ;
#4371 = FILL_AREA_STYLE ('',( #3124 ) ) ;
#4372 = VECTOR ( 'NONE', #604, 1000.000000000000000 ) ;
#4373 = CARTESIAN_POINT ( 'NONE',  ( -3.627000000000003777, 2.316641085557715307, -1.813500000000002554 ) ) ;
#4374 = ADVANCED_FACE ( 'NONE', ( #3180 ), #953, .T. ) ;
#4375 = VERTEX_POINT ( 'NONE', #3996 ) ;
#4376 = AXIS2_PLACEMENT_3D ( 'NONE', #398, #52, #781 ) ;
#4377 = CARTESIAN_POINT ( 'NONE',  ( 3.627000000000023761, 0.9936410855577139101, 1.813500000000012324 ) ) ;
#4378 = LINE ( 'NONE', #3970, #86 ) ;
#4379 = CARTESIAN_POINT ( 'NONE',  ( 0.0000000000000000000, 3.500000000000000000, 0.0000000000000000000 ) ) ;
#4380 = CARTESIAN_POINT ( 'NONE',  ( -2.149999999999999911, 0.2000000000000000111, 0.6000000000000003109 ) ) ;
#4381 = COLOUR_RGB ( '',0.7529411764705882248, 0.7529411764705882248, 0.7529411764705882248 ) ;
#4382 = ADVANCED_FACE ( 'NONE', ( #207 ), #3290, .T. ) ;
#4383 = CYLINDRICAL_SURFACE ( 'NONE', #1359, 2.424871130596427893 ) ;
#4384 = FILL_AREA_STYLE ('',( #2902 ) ) ;
#4385 = STYLED_ITEM ( 'NONE', ( #4575 ), #4858 ) ;
#4386 = CARTESIAN_POINT ( 'NONE',  ( 0.0000000000000000000, 2.153641085557714163, 0.0000000000000000000 ) ) ;
#4387 = CARTESIAN_POINT ( 'NONE',  ( -4.441793940507474636E-16, 1.410641085557713836, 1.813500000000009882 ) ) ;
#4388 = DIRECTION ( 'NONE',  ( 0.0000000000000000000, 1.000000000000000000, 0.0000000000000000000 ) ) ;
#4389 =( NAMED_UNIT ( * ) SI_UNIT ( $, .STERADIAN. ) SOLID_ANGLE_UNIT ( ) );
#4390 = ORIENTED_EDGE ( 'NONE', *, *, #2380, .T. ) ;
#4391 = DIRECTION ( 'NONE',  ( -0.0000000000000000000, -1.000000000000000000, -0.0000000000000000000 ) ) ;
#4392 = CARTESIAN_POINT ( 'NONE',  ( 3.373000000000011767, 1.863641085557713684, 1.686500000000006549 ) ) ;
#4393 = DIRECTION ( 'NONE',  ( 0.0000000000000000000, 1.000000000000000000, 0.0000000000000000000 ) ) ;
#4394 = PRESENTATION_STYLE_ASSIGNMENT (( #202 ) ) ;
#4395 = VECTOR ( 'NONE', #2992, 1000.000000000000000 ) ;
#4396 = EDGE_LOOP ( 'NONE', ( #2699, #4425, #1274, #2176 ) ) ;
#4397 = FILL_AREA_STYLE ('',( #1313 ) ) ;
#4398 = ADVANCED_FACE ( 'NONE', ( #2920 ), #339, .T. ) ;
#4399 = EDGE_CURVE ( 'NONE', #3232, #4763, #3723, .T. ) ;
#4400 = AXIS2_PLACEMENT_3D ( 'NONE', #2985, #1961, #761 ) ;
#4401 = DIRECTION ( 'NONE',  ( 0.0000000000000000000, 1.000000000000000000, 0.0000000000000000000 ) ) ;
#4402 =( NAMED_UNIT ( * ) PLANE_ANGLE_UNIT ( ) SI_UNIT ( $, .RADIAN. ) );
#4403 = CLOSED_SHELL ( 'NONE', ( #4282, #1578, #3716, #3226 ) ) ;
#4404 = VERTEX_POINT ( 'NONE', #1192 ) ;
#4405 = FILL_AREA_STYLE ('',( #209 ) ) ;
#4406 =( NAMED_UNIT ( * ) PLANE_ANGLE_UNIT ( ) SI_UNIT ( $, .RADIAN. ) );
#4407 = CARTESIAN_POINT ( 'NONE',  ( 3.373000000000007770, 2.153641085557714163, 1.686500000000004551 ) ) ;
#4408 = SURFACE_STYLE_FILL_AREA ( #3950 ) ;
#4409 = FILL_AREA_STYLE_COLOUR ( '', #1532 ) ;
#4410 = CIRCLE ( 'NONE', #1036, 1.813500000000002998 ) ;
#4411 = CARTESIAN_POINT ( 'NONE',  ( -3.627000000000018431, 1.283641085557714057, -1.813500000000010548 ) ) ;
#4412 =( NAMED_UNIT ( * ) SI_UNIT ( $, .STERADIAN. ) SOLID_ANGLE_UNIT ( ) );
#4413 = CARTESIAN_POINT ( 'NONE',  ( 3.627000000000015767, 1.700641085557713872, 1.813500000000008106 ) ) ;
#4414 = FILL_AREA_STYLE_COLOUR ( '', #1572 ) ;
#4415 = AXIS2_PLACEMENT_3D ( 'NONE', #274, #3637, #1723 ) ;
#4416 = CARTESIAN_POINT ( 'NONE',  ( 0.0000000000000000000, 0.9936410855577139101, 1.813500000000012102 ) ) ;
#4417 = STYLED_ITEM ( 'NONE', ( #2131 ), #2204 ) ;
#4418 = ORIENTED_EDGE ( 'NONE', *, *, #1120, .T. ) ;
#4419 =( NAMED_UNIT ( * ) SI_UNIT ( $, .STERADIAN. ) SOLID_ANGLE_UNIT ( ) );
#4420 = CARTESIAN_POINT ( 'NONE',  ( 3.373000000000013987, 1.718641085557713666, -1.686500000000006994 ) ) ;
#4421 = CIRCLE ( 'NONE', #3698, 0.06349999999999975109 ) ;
#4422 =( LENGTH_UNIT ( ) NAMED_UNIT ( * ) SI_UNIT ( .MILLI., .METRE. ) );
#4423 = SURFACE_STYLE_FILL_AREA ( #3668 ) ;
#4424 = EDGE_CURVE ( 'NONE', #2205, #929, #3053, .T. ) ;
#4425 = ORIENTED_EDGE ( 'NONE', *, *, #2648, .F. ) ;
#4426 =( LENGTH_UNIT ( ) NAMED_UNIT ( * ) SI_UNIT ( .MILLI., .METRE. ) );
#4427 = CARTESIAN_POINT ( 'NONE',  ( 5.421010862427522170E-17, 0.2000000000066393113, -2.449999999999999734 ) ) ;
#4428 = DIRECTION ( 'NONE',  ( -1.000000000000000000, 0.0000000000000000000, -1.224646799147353207E-16 ) ) ;
#4429 = FILL_AREA_STYLE ('',( #1367 ) ) ;
#4430 = FILL_AREA_STYLE_COLOUR ( '', #721 ) ;
#4431 = MECHANICAL_DESIGN_GEOMETRIC_PRESENTATION_REPRESENTATION (  '', ( #3379 ), #4033 ) ;
#4432 = FILL_AREA_STYLE ('',( #565 ) ) ;
#4433 = EDGE_CURVE ( 'NONE', #3223, #1086, #3319, .T. ) ;
#4434 =( GEOMETRIC_REPRESENTATION_CONTEXT ( 3 ) GLOBAL_UNCERTAINTY_ASSIGNED_CONTEXT ( ( #3075 ) ) GLOBAL_UNIT_ASSIGNED_CONTEXT ( ( #2403, #3874, #3178 ) ) REPRESENTATION_CONTEXT ( 'NONE', 'WORKASPACE' ) );
#4435 = DIRECTION ( 'NONE',  ( -0.0000000000000000000, -1.000000000000000000, -0.0000000000000000000 ) ) ;
#4436 = CARTESIAN_POINT ( 'NONE',  ( 2.143131898507868544E-16, 2.733641085557713790, -1.750000000000000222 ) ) ;
#4437 = COLOUR_RGB ( '',0.9098039215686274384, 0.4431372549019607643, 0.03137254901960784270 ) ;
#4438 = FACE_OUTER_BOUND ( 'NONE', #944, .T. ) ;
#4439 = CARTESIAN_POINT ( 'NONE',  ( 3.627000000000005553, 2.171641085557714401, -1.813500000000002554 ) ) ;
#4440 = CARTESIAN_POINT ( 'NONE',  ( 3.373000000000011767, 1.863641085557713684, -1.686500000000005883 ) ) ;
#4441 = AXIS2_PLACEMENT_3D ( 'NONE', #1327, #4388, #992 ) ;
#4442 = UNCERTAINTY_MEASURE_WITH_UNIT (LENGTH_MEASURE( 1.000000000000000082E-05 ), #3734, 'distance_accuracy_value', 'NONE');
#4443 = SURFACE_STYLE_USAGE ( .BOTH. , #3939 ) ;
#4444 = ORIENTED_EDGE ( 'NONE', *, *, #4941, .T. ) ;
#4445 = PRESENTATION_STYLE_ASSIGNMENT (( #1814 ) ) ;
#4446 = FILL_AREA_STYLE ('',( #2099 ) ) ;
#4447 = AXIS2_PLACEMENT_3D ( 'NONE', #4302, #118, #1652 ) ;
#4448 = DIRECTION ( 'NONE',  ( 8.881784197001252323E-16, 0.0000000000000000000, -1.000000000000000000 ) ) ;
#4449 = FILL_AREA_STYLE_COLOUR ( '', #1482 ) ;
#4450 = PRESENTATION_LAYER_ASSIGNMENT (  '', '', ( #354 ) ) ;
#4451 = SURFACE_STYLE_FILL_AREA ( #3648 ) ;
#4452 = CARTESIAN_POINT ( 'NONE',  ( 0.3746197183071771630, 0.0000000000000000000, -2.360058396053640095 ) ) ;
#4453 =( GEOMETRIC_REPRESENTATION_CONTEXT ( 3 ) GLOBAL_UNCERTAINTY_ASSIGNED_CONTEXT ( ( #4744 ) ) GLOBAL_UNIT_ASSIGNED_CONTEXT ( ( #497, #149, #3150 ) ) REPRESENTATION_CONTEXT ( 'NONE', 'WORKASPACE' ) );
#4454 = CIRCLE ( 'NONE', #3404, 0.06349999999999975109 ) ;
#4455 = SURFACE_SIDE_STYLE ('',( #2246 ) ) ;
#4456 = CARTESIAN_POINT ( 'NONE',  ( 0.0000000000000000000, 1.265641085557713597, 1.686500000000011656 ) ) ;
#4457 = EDGE_CURVE ( 'NONE', #3544, #2714, #3802, .T. ) ;
#4458 = EDGE_CURVE ( 'NONE', #255, #3311, #4292, .T. ) ;
#4459 = UNCERTAINTY_MEASURE_WITH_UNIT (LENGTH_MEASURE( 1.000000000000000082E-05 ), #1420, 'distance_accuracy_value', 'NONE');
#4460 = DIRECTION ( 'NONE',  ( 0.0000000000000000000, 1.000000000000000000, 0.0000000000000000000 ) ) ;
#4461 = CARTESIAN_POINT ( 'NONE',  ( 0.0000000000000000000, 2.298641085557713737, 1.686500000000003441 ) ) ;
#4462 =( NAMED_UNIT ( * ) PLANE_ANGLE_UNIT ( ) SI_UNIT ( $, .RADIAN. ) );
#4463 = CARTESIAN_POINT ( 'NONE',  ( 3.627000000000023761, 0.9936410855577139101, -1.813500000000011880 ) ) ;
#4464 = VERTEX_POINT ( 'NONE', #4965 ) ;
#4465 = PLANE ( 'NONE',  #4076 ) ;
#4466 = PRESENTATION_STYLE_ASSIGNMENT (( #251 ) ) ;
#4467 = ORIENTED_EDGE ( 'NONE', *, *, #1616, .F. ) ;
#4468 =( NAMED_UNIT ( * ) PLANE_ANGLE_UNIT ( ) SI_UNIT ( $, .RADIAN. ) );
#4469 = MECHANICAL_DESIGN_GEOMETRIC_PRESENTATION_REPRESENTATION (  '', ( #4231 ), #942 ) ;
#4470 = CLOSED_SHELL ( 'NONE', ( #4664, #3353, #2876, #4215 ) ) ;
#4471 = CARTESIAN_POINT ( 'NONE',  ( 0.0000000000000000000, 0.0000000000000000000, 0.0000000000000000000 ) ) ;
#4472 = CARTESIAN_POINT ( 'NONE',  ( 4.059178187802285660E-17, 0.1999999999999999833, -2.449999999999999734 ) ) ;
#4473 = CARTESIAN_POINT ( 'NONE',  ( 2.220896970253731402E-16, 2.135641085557713925, -1.813500000000005219 ) ) ;
#4474 = PRESENTATION_LAYER_ASSIGNMENT (  '', '', ( #3018 ) ) ;
#4475 = DIRECTION ( 'NONE',  ( 0.0000000000000000000, 0.0000000000000000000, 1.000000000000000000 ) ) ;
#4476 = CARTESIAN_POINT ( 'NONE',  ( -4.441793940507457873E-16, 2.298641085557713737, 1.813500000000002998 ) ) ;
#4477 = CARTESIAN_POINT ( 'NONE',  ( -3.627000000000006441, 2.153641085557714163, -1.813500000000004553 ) ) ;
#4478 = CARTESIAN_POINT ( 'NONE',  ( -3.373000000000022869, 1.265641085557713597, 1.686500000000010768 ) ) ;
#4479 = PRESENTATION_LAYER_ASSIGNMENT (  '', '', ( #3837 ) ) ;
#4480 = EDGE_CURVE ( 'NONE', #3760, #3361, #2192, .T. ) ;
#4481 = ORIENTED_EDGE ( 'NONE', *, *, #4245, .T. ) ;
#4482 = CARTESIAN_POINT ( 'NONE',  ( 3.627000000000012658, 1.736641085557713904, -1.813500000000006107 ) ) ;
#4483 =( BOUNDED_SURFACE ( )  B_SPLINE_SURFACE ( 3, 3, ( 
 ( #4327, #1772, #3645, #2031 ),
 ( #2899, #4700, #229, #931 ),
 ( #3667, #2458, #4353, #4751 ),
 ( #585, #1268, #2806, #2477 ) ),
 .UNSPECIFIED., .F., .F., .T. ) 
 B_SPLINE_SURFACE_WITH_KNOTS ( ( 4, 4 ),
 ( 4, 4 ),
 ( 0.0000000000000000000, 1.000000000000000000 ),
 ( 0.0000000000000000000, 1.000000000000000000 ),
 .UNSPECIFIED. ) 
 GEOMETRIC_REPRESENTATION_ITEM ( )  RATIONAL_B_SPLINE_SURFACE ( (
 ( 1.000000000000000000, 0.3333333333333334259, 0.3333333333333334259, 1.000000000000000000),
 ( 0.3333333333333333703, 0.1111111111111111605, 0.1111111111111111605, 0.3333333333333333703),
 ( 0.3333333333333333703, 0.1111111111111111605, 0.1111111111111111605, 0.3333333333333333703),
 ( 1.000000000000000000, 0.3333333333333334259, 0.3333333333333334259, 1.000000000000000000) ) ) 
 REPRESENTATION_ITEM ( '' )  SURFACE ( )  );
#4484 = AXIS2_PLACEMENT_3D ( 'NONE', #2497, #3642, #3255 ) ;
#4485 = UNCERTAINTY_MEASURE_WITH_UNIT (LENGTH_MEASURE( 1.000000000000000082E-05 ), #618, 'distance_accuracy_value', 'NONE');
#4486 = CARTESIAN_POINT ( 'NONE',  ( -3.372999999999999776, 2.733641085557713790, -1.686500000000000554 ) ) ;
#4487 = ORIENTED_EDGE ( 'NONE', *, *, #649, .T. ) ;
#4488 =( LENGTH_UNIT ( ) NAMED_UNIT ( * ) SI_UNIT ( .MILLI., .METRE. ) );
#4489 = CARTESIAN_POINT ( 'NONE',  ( -2.114734603858307249, -9.207336830333668314E-17, 1.112705316497224040 ) ) ;
#4490 =( GEOMETRIC_REPRESENTATION_CONTEXT ( 3 ) GLOBAL_UNCERTAINTY_ASSIGNED_CONTEXT ( ( #697 ) ) GLOBAL_UNIT_ASSIGNED_CONTEXT ( ( #2487, #3245, #852 ) ) REPRESENTATION_CONTEXT ( 'NONE', 'WORKASPACE' ) );
#4491 = ORIENTED_EDGE ( 'NONE', *, *, #1658, .F. ) ;
#4492 = FILL_AREA_STYLE_COLOUR ( '', #623 ) ;
#4493 =( LENGTH_UNIT ( ) NAMED_UNIT ( * ) SI_UNIT ( .MILLI., .METRE. ) );
#4494 = SURFACE_STYLE_FILL_AREA ( #4101 ) ;
#4495 =( LENGTH_UNIT ( ) NAMED_UNIT ( * ) SI_UNIT ( .MILLI., .METRE. ) );
#4496 = FACE_OUTER_BOUND ( 'NONE', #451, .T. ) ;
#4497 = MECHANICAL_DESIGN_GEOMETRIC_PRESENTATION_REPRESENTATION (  '', ( #2266 ), #4509 ) ;
#4498 = CARTESIAN_POINT ( 'NONE',  ( 3.627000000000021984, 1.138641085557713817, -1.813500000000010548 ) ) ;
#4499 = UNCERTAINTY_MEASURE_WITH_UNIT (LENGTH_MEASURE( 1.000000000000000082E-05 ), #1776, 'distance_accuracy_value', 'NONE');
#4500 =( BOUNDED_SURFACE ( )  B_SPLINE_SURFACE ( 3, 3, ( 
 ( #2133, #3343, #4877, #4476 ),
 ( #268, #1012, #4906, #4809 ),
 ( #2947, #1780, #4854, #1042 ),
 ( #2577, #4060, #4152, #4105 ) ),
 .UNSPECIFIED., .F., .F., .T. ) 
 B_SPLINE_SURFACE_WITH_KNOTS ( ( 4, 4 ),
 ( 4, 4 ),
 ( 0.0000000000000000000, 1.000000000000000000 ),
 ( 0.0000000000000000000, 1.000000000000000000 ),
 .UNSPECIFIED. ) 
 GEOMETRIC_REPRESENTATION_ITEM ( )  RATIONAL_B_SPLINE_SURFACE ( (
 ( 1.000000000000000000, 0.3333333333333334259, 0.3333333333333334259, 1.000000000000000000),
 ( 0.3333333333333333703, 0.1111111111111111605, 0.1111111111111111605, 0.3333333333333333703),
 ( 0.3333333333333333703, 0.1111111111111111605, 0.1111111111111111605, 0.3333333333333333703),
 ( 1.000000000000000000, 0.3333333333333334259, 0.3333333333333334259, 1.000000000000000000) ) ) 
 REPRESENTATION_ITEM ( '' )  SURFACE ( )  );
#4501 = CIRCLE ( 'NONE', #3215, 0.06349999999999975109 ) ;
#4502 = COLOUR_RGB ( '',0.9098039215686274384, 0.4431372549019607643, 0.03137254901960784270 ) ;
#4503 = CARTESIAN_POINT ( 'NONE',  ( 0.0000000000000000000, 2.171641085557714401, 1.813500000000002998 ) ) ;
#4504 = CARTESIAN_POINT ( 'NONE',  ( 0.0000000000000000000, 2.461641085557714437, 1.813500000000001222 ) ) ;
#4505 = CIRCLE ( 'NONE', #4755, 2.424871130596427893 ) ;
#4506 =( GEOMETRIC_REPRESENTATION_CONTEXT ( 3 ) GLOBAL_UNCERTAINTY_ASSIGNED_CONTEXT ( ( #1485 ) ) GLOBAL_UNIT_ASSIGNED_CONTEXT ( ( #4157, #1896, #722 ) ) REPRESENTATION_CONTEXT ( 'NONE', 'WORKASPACE' ) );
#4507 = UNCERTAINTY_MEASURE_WITH_UNIT (LENGTH_MEASURE( 1.000000000000000082E-05 ), #1217, 'distance_accuracy_value', 'NONE');
#4508 = CONICAL_SURFACE ( 'NONE', #4839, 2.424871130585870560, 0.1745329251648975732 ) ;
#4509 =( GEOMETRIC_REPRESENTATION_CONTEXT ( 3 ) GLOBAL_UNCERTAINTY_ASSIGNED_CONTEXT ( ( #2943 ) ) GLOBAL_UNIT_ASSIGNED_CONTEXT ( ( #2729, #1628, #1940 ) ) REPRESENTATION_CONTEXT ( 'NONE', 'WORKASPACE' ) );
#4510 = CARTESIAN_POINT ( 'NONE',  ( 0.0000000000000000000, 2.443641085557714643, 1.686500000000002553 ) ) ;
#4511 = SURFACE_SIDE_STYLE ('',( #1189 ) ) ;
#4512 = PRESENTATION_STYLE_ASSIGNMENT (( #2958 ) ) ;
#4513 = STYLED_ITEM ( 'NONE', ( #4249 ), #4090 ) ;
#4514 = EDGE_CURVE ( 'NONE', #3034, #1318, #2376, .T. ) ;
#4515 = ORIENTED_EDGE ( 'NONE', *, *, #649, .F. ) ;
#4516 = COLOUR_RGB ( '',0.9098039215686274384, 0.4431372549019607643, 0.03137254901960784270 ) ;
#4517 = CARTESIAN_POINT ( 'NONE',  ( 2.065366826762022942E-16, 1.301641085557714295, -1.686500000000009658 ) ) ;
#4518 = CARTESIAN_POINT ( 'NONE',  ( -0.3464101615137754608, 3.500000000000000000, 2.399999999999999911 ) ) ;
#4519 = EDGE_CURVE ( 'NONE', #3253, #3922, #3967, .T. ) ;
#4520 = CARTESIAN_POINT ( 'NONE',  ( 0.0000000000000000000, 2.588641085557713772, 0.0000000000000000000 ) ) ;
#4521 = STYLED_ITEM ( 'NONE', ( #978 ), #4382 ) ;
#4522 = ORIENTED_EDGE ( 'NONE', *, *, #3933, .T. ) ;
#4523 = CARTESIAN_POINT ( 'NONE',  ( -3.373000000000010434, 2.008641085557714145, 1.686500000000004551 ) ) ;
#4524 = LINE ( 'NONE', #1095, #3339 ) ;
#4525 = DIRECTION ( 'NONE',  ( 0.0000000000000000000, 1.000000000000000000, 0.0000000000000000000 ) ) ;
#4526 = AXIS2_PLACEMENT_3D ( 'NONE', #3014, #4226, #412 ) ;
#4527 = PRESENTATION_STYLE_ASSIGNMENT (( #2302 ) ) ;
#4528 = DIRECTION ( 'NONE',  ( 0.0000000000000000000, 0.0000000000000000000, 1.000000000000000000 ) ) ;
#4529 = DIRECTION ( 'NONE',  ( 0.1736481776669307198, -0.9848077530122080203, 0.0000000000000000000 ) ) ;
#4530 = DIRECTION ( 'NONE',  ( 0.0000000000000000000, 0.0000000000000000000, 1.000000000000000000 ) ) ;
#4531 = ORIENTED_EDGE ( 'NONE', *, *, #2555, .F. ) ;
#4532 = SURFACE_SIDE_STYLE ('',( #232 ) ) ;
#4533 =( LENGTH_UNIT ( ) NAMED_UNIT ( * ) SI_UNIT ( .MILLI., .METRE. ) );
#4534 = CARTESIAN_POINT ( 'NONE',  ( -3.627000000000018431, 1.283641085557714057, -1.813500000000010548 ) ) ;
#4535 = ORIENTED_EDGE ( 'NONE', *, *, #249, .T. ) ;
#4536 = CARTESIAN_POINT ( 'NONE',  ( 3.627000000000017099, 1.428641085557713852, 1.813500000000009216 ) ) ;
#4537 = FILL_AREA_STYLE ('',( #2207 ) ) ;
#4538 = PRESENTATION_STYLE_ASSIGNMENT (( #762 ) ) ;
#4539 = CARTESIAN_POINT ( 'NONE',  ( 0.0000000000000000000, 2.135641085557713925, 1.686500000000005661 ) ) ;
#4540 =( GEOMETRIC_REPRESENTATION_CONTEXT ( 3 ) GLOBAL_UNCERTAINTY_ASSIGNED_CONTEXT ( ( #1545 ) ) GLOBAL_UNIT_ASSIGNED_CONTEXT ( ( #885, #3991, #1647 ) ) REPRESENTATION_CONTEXT ( 'NONE', 'WORKASPACE' ) );
#4541 = ORIENTED_EDGE ( 'NONE', *, *, #2691, .T. ) ;
#4542 = EDGE_CURVE ( 'NONE', #4028, #808, #1879, .T. ) ;
#4543 = SURFACE_STYLE_USAGE ( .BOTH. , #3418 ) ;
#4544 = CARTESIAN_POINT ( 'NONE',  ( 2.220896970253731402E-16, 2.008641085557714590, -1.813500000000005219 ) ) ;
#4545 = CARTESIAN_POINT ( 'NONE',  ( 2.220896970253725485E-16, 2.860641085557713570, -1.813500000000000334 ) ) ;
#4546 = FACE_OUTER_BOUND ( 'NONE', #3898, .T. ) ;
#4547 = CIRCLE ( 'NONE', #1593, 1.686500000000008548 ) ;
#4548 = CARTESIAN_POINT ( 'NONE',  ( 3.373000000000017096, 1.446641085557714090, 1.686500000000008770 ) ) ;
#4549 = PRESENTATION_LAYER_ASSIGNMENT (  '', '', ( #3921 ) ) ;
#4550 = EDGE_LOOP ( 'NONE', ( #2233, #4329, #4659, #2688, #2079, #974 ) ) ;
#4551 = CARTESIAN_POINT ( 'NONE',  ( -3.627000000000014435, 1.573641085557713870, -1.813500000000008550 ) ) ;
#4552 =( NAMED_UNIT ( * ) PLANE_ANGLE_UNIT ( ) SI_UNIT ( $, .RADIAN. ) );
#4553 = CARTESIAN_POINT ( 'NONE',  ( -3.373000000000010434, 2.008641085557714145, -1.686500000000005883 ) ) ;
#4554 = AXIS2_PLACEMENT_3D ( 'NONE', #2579, #3724, #4080 ) ;
#4555 = VERTEX_POINT ( 'NONE', #27 ) ;
#4556 = CARTESIAN_POINT ( 'NONE',  ( -3.373000000000022425, 1.011641085557714259, -1.686500000000012101 ) ) ;
#4557 = AXIS2_PLACEMENT_3D ( 'NONE', #2129, #3674, #1369 ) ;
#4558 = LINE ( 'NONE', #4922, #4587 ) ;
#4559 = CARTESIAN_POINT ( 'NONE',  ( 0.0000000000000000000, 1.718641085557713888, 1.686500000000007438 ) ) ;
#4560 = CIRCLE ( 'NONE', #2421, 2.389605734450128693 ) ;
#4561 = ORIENTED_EDGE ( 'NONE', *, *, #719, .T. ) ;
#4562 = FACE_OUTER_BOUND ( 'NONE', #1488, .T. ) ;
#4563 =( NAMED_UNIT ( * ) SI_UNIT ( $, .STERADIAN. ) SOLID_ANGLE_UNIT ( ) );
#4564 = CARTESIAN_POINT ( 'NONE',  ( 3.373000000000003773, 2.443641085557714643, -1.686500000000001886 ) ) ;
#4565 = CARTESIAN_POINT ( 'NONE',  ( 0.0000000000000000000, 1.428641085557713852, 1.686500000000009436 ) ) ;
#4566 = CARTESIAN_POINT ( 'NONE',  ( 0.0000000000000000000, 1.881641085557714810, 1.813500000000005219 ) ) ;
#4567 = PRESENTATION_LAYER_ASSIGNMENT (  '', '', ( #4020 ) ) ;
#4568 = ORIENTED_EDGE ( 'NONE', *, *, #2975, .F. ) ;
#4569 = SURFACE_STYLE_FILL_AREA ( #2679 ) ;
#4570 = CARTESIAN_POINT ( 'NONE',  ( 0.0000000000000000000, 1.863641085557713684, 0.0000000000000000000 ) ) ;
#4571 = SURFACE_SIDE_STYLE ('',( #2134 ) ) ;
#4572 = CARTESIAN_POINT ( 'NONE',  ( 0.0000000000000000000, 3.500000000000000000, 0.0000000000000000000 ) ) ;
#4573 =( GEOMETRIC_REPRESENTATION_CONTEXT ( 3 ) GLOBAL_UNCERTAINTY_ASSIGNED_CONTEXT ( ( #287 ) ) GLOBAL_UNIT_ASSIGNED_CONTEXT ( ( #3250, #573, #3605 ) ) REPRESENTATION_CONTEXT ( 'NONE', 'WORKASPACE' ) );
#4574 = ADVANCED_FACE ( 'NONE', ( #1558 ), #2944, .T. ) ;
#4575 = PRESENTATION_STYLE_ASSIGNMENT (( #1762 ) ) ;
#4576 = CARTESIAN_POINT ( 'NONE',  ( -4.130733653524054267E-16, 0.8666410855577142414, 1.686500000000012989 ) ) ;
#4577 = CARTESIAN_POINT ( 'NONE',  ( 2.114734603858307249, -4.055889932795535475E-18, 0.6352653961416933059 ) ) ;
#4578 = DIRECTION ( 'NONE',  ( 0.0000000000000000000, 1.000000000000000000, 0.0000000000000000000 ) ) ;
#4579 =( GEOMETRIC_REPRESENTATION_CONTEXT ( 3 ) GLOBAL_UNCERTAINTY_ASSIGNED_CONTEXT ( ( #434 ) ) GLOBAL_UNIT_ASSIGNED_CONTEXT ( ( #1902, #1162, #1957 ) ) REPRESENTATION_CONTEXT ( 'NONE', 'WORKASPACE' ) );
#4580 = VERTEX_POINT ( 'NONE', #928 ) ;
#4581 =( GEOMETRIC_REPRESENTATION_CONTEXT ( 3 ) GLOBAL_UNCERTAINTY_ASSIGNED_CONTEXT ( ( #2655 ) ) GLOBAL_UNIT_ASSIGNED_CONTEXT ( ( #3149, #541, #3170 ) ) REPRESENTATION_CONTEXT ( 'NONE', 'WORKASPACE' ) );
#4582 = CIRCLE ( 'NONE', #1233, 2.424871130596427893 ) ;
#4583 = CARTESIAN_POINT ( 'NONE',  ( 2.143131898507870763E-16, 2.443641085557714643, -1.750000000000002220 ) ) ;
#4584 = CARTESIAN_POINT ( 'NONE',  ( 0.0000000000000000000, 1.138641085557713817, 1.750000000000011324 ) ) ;
#4585 = LINE ( 'NONE', #1508, #3850 ) ;
#4586 = COLOUR_RGB ( '',0.7529411764705882248, 0.7529411764705882248, 0.7529411764705882248 ) ;
#4587 = VECTOR ( 'NONE', #1457, 1000.000000000000000 ) ;
#4588 = ORIENTED_EDGE ( 'NONE', *, *, #2120, .T. ) ;
#4589 = DIRECTION ( 'NONE',  ( -1.776356839400250465E-15, 0.0000000000000000000, -1.000000000000000000 ) ) ;
#4590 = PLANE ( 'NONE',  #1164 ) ;
#4591 = AXIS2_PLACEMENT_3D ( 'NONE', #4039, #3655, #1419 ) ;
#4592 = CARTESIAN_POINT ( 'NONE',  ( 2.149999999999999911, 0.2000000000000000111, -0.6000000000000003109 ) ) ;
#4593 = CARTESIAN_POINT ( 'NONE',  ( 0.0000000000000000000, 1.881641085557714810, 1.686500000000005661 ) ) ;
#4594 = CARTESIAN_POINT ( 'NONE',  ( -3.627000000000011770, 1.990641085557713019, -1.813500000000006551 ) ) ;
#4595 =( GEOMETRIC_REPRESENTATION_CONTEXT ( 3 ) GLOBAL_UNCERTAINTY_ASSIGNED_CONTEXT ( ( #2449 ) ) GLOBAL_UNIT_ASSIGNED_CONTEXT ( ( #1535, #3872, #3917 ) ) REPRESENTATION_CONTEXT ( 'NONE', 'WORKASPACE' ) );
#4596 = EDGE_LOOP ( 'NONE', ( #1635, #1639, #163, #1166 ) ) ;
#4597 = PRESENTATION_STYLE_ASSIGNMENT (( #61 ) ) ;
#4598 = DIRECTION ( 'NONE',  ( -0.0000000000000000000, -1.000000000000000000, -0.0000000000000000000 ) ) ;
#4599 =( LENGTH_UNIT ( ) NAMED_UNIT ( * ) SI_UNIT ( .MILLI., .METRE. ) );
#4600 = EDGE_CURVE ( 'NONE', #4300, #2921, #1405, .T. ) ;
#4601 = CARTESIAN_POINT ( 'NONE',  ( -2.149999999999999911, 0.0000000000000000000, -0.6352653961416933059 ) ) ;
#4602 = CARTESIAN_POINT ( 'NONE',  ( 3.627000000000021984, 1.265641085557713597, -1.813500000000010770 ) ) ;
#4603 =( GEOMETRIC_REPRESENTATION_CONTEXT ( 3 ) GLOBAL_UNCERTAINTY_ASSIGNED_CONTEXT ( ( #4889 ) ) GLOBAL_UNIT_ASSIGNED_CONTEXT ( ( #3484, #3516, #34 ) ) REPRESENTATION_CONTEXT ( 'NONE', 'WORKASPACE' ) );
#4604 = CARTESIAN_POINT ( 'NONE',  ( -2.150000000000000355, 0.9000000000000001332, 0.0000000000000000000 ) ) ;
#4605 = PRESENTATION_LAYER_ASSIGNMENT (  '', '', ( #4521 ) ) ;
#4606 = EDGE_LOOP ( 'NONE', ( #700, #3990, #1454, #325 ) ) ;
#4607 = CARTESIAN_POINT ( 'NONE',  ( 2.065366826762023929E-16, 1.283641085557714057, -1.686500000000010546 ) ) ;
#4608 = EDGE_CURVE ( 'NONE', #4769, #4065, #3560, .T. ) ;
#4609 = CARTESIAN_POINT ( 'NONE',  ( 0.0000000000000000000, 2.443641085557714643, 0.0000000000000000000 ) ) ;
#4610 = ADVANCED_FACE ( 'NONE', ( #3155 ), #2800, .T. ) ;
#4611 = AXIS2_PLACEMENT_3D ( 'NONE', #3634, #2043, #4737 ) ;
#4612 = CARTESIAN_POINT ( 'NONE',  ( 0.0000000000000000000, 2.715641085557713108, 1.813500000000001222 ) ) ;
#4613 = ORIENTED_EDGE ( 'NONE', *, *, #2895, .T. ) ;
#4614 = SURFACE_SIDE_STYLE ('',( #1998 ) ) ;
#4615 = ADVANCED_FACE ( 'NONE', ( #2877 ), #1057, .T. ) ;
#4616 = DIRECTION ( 'NONE',  ( -0.0000000000000000000, -1.000000000000000000, -0.0000000000000000000 ) ) ;
#4617 = CARTESIAN_POINT ( 'NONE',  ( 3.627000000000004665, 2.570641085557713978, -1.813500000000002110 ) ) ;
#4618 = PRESENTATION_STYLE_ASSIGNMENT (( #3005 ) ) ;
#4619 = CARTESIAN_POINT ( 'NONE',  ( 2.143131898507883089E-16, 0.9936410855577139101, -1.686500000000012545 ) ) ;
#4620 = SURFACE_STYLE_USAGE ( .BOTH. , #3076 ) ;
#4621 = ORIENTED_EDGE ( 'NONE', *, *, #2975, .T. ) ;
#4622 = CARTESIAN_POINT ( 'NONE',  ( -3.373000000000018428, 1.301641085557714073, -1.686500000000010546 ) ) ;
#4623 = DIRECTION ( 'NONE',  ( 0.0000000000000000000, 1.000000000000000000, 0.0000000000000000000 ) ) ;
#4624 = CARTESIAN_POINT ( 'NONE',  ( -3.627000000000011770, 1.863641085557713684, 1.813500000000005219 ) ) ;
#4625 = CARTESIAN_POINT ( 'NONE',  ( -4.441793940507464776E-16, 1.990641085557713463, 1.813500000000005885 ) ) ;
#4626 = VERTEX_POINT ( 'NONE', #650 ) ;
#4627 =( LENGTH_UNIT ( ) NAMED_UNIT ( * ) SI_UNIT ( .MILLI., .METRE. ) );
#4628 =( LENGTH_UNIT ( ) NAMED_UNIT ( * ) SI_UNIT ( .MILLI., .METRE. ) );
#4629 = DIRECTION ( 'NONE',  ( 0.0000000000000000000, 1.000000000000000000, 0.0000000000000000000 ) ) ;
#4630 = PRESENTATION_LAYER_ASSIGNMENT (  '', '', ( #1602 ) ) ;
#4631 = CARTESIAN_POINT ( 'NONE',  ( -3.373000000000015763, 1.573641085557713870, -1.686500000000008992 ) ) ;
#4632 = PRESENTATION_LAYER_ASSIGNMENT (  '', '', ( #2803 ) ) ;
#4633 = CLOSED_SHELL ( 'NONE', ( #4204, #162, #2388, #4382 ) ) ;
#4634 = CARTESIAN_POINT ( 'NONE',  ( 3.373000000000001997, 2.588641085557713772, -1.686500000000000998 ) ) ;
#4635 = EDGE_CURVE ( 'NONE', #4645, #2390, #2118, .T. ) ;
#4636 = MECHANICAL_DESIGN_GEOMETRIC_PRESENTATION_REPRESENTATION (  '', ( #223 ), #2639 ) ;
#4637 = ORIENTED_EDGE ( 'NONE', *, *, #1421, .F. ) ;
#4638 = DIRECTION ( 'NONE',  ( 1.000000000000000000, 0.0000000000000000000, 0.0000000000000000000 ) ) ;
#4639 = SURFACE_STYLE_FILL_AREA ( #104 ) ;
#4640 = CARTESIAN_POINT ( 'NONE',  ( 0.0000000000000000000, 3.500000000000000000, 0.0000000000000000000 ) ) ;
#4641 = CIRCLE ( 'NONE', #4554, 0.3500000000071766260 ) ;
#4642 = CARTESIAN_POINT ( 'NONE',  ( 3.373000000000013987, 1.718641085557713666, -1.686500000000006994 ) ) ;
#4643 = EDGE_CURVE ( 'NONE', #3922, #1480, #2291, .T. ) ;
#4644 = AXIS2_PLACEMENT_3D ( 'NONE', #4472, #285, #4849 ) ;
#4645 = VERTEX_POINT ( 'NONE', #3304 ) ;
#4646 = FILL_AREA_STYLE_COLOUR ( '', #713 ) ;
#4647 = FACE_OUTER_BOUND ( 'NONE', #1093, .T. ) ;
#4648 =( LENGTH_UNIT ( ) NAMED_UNIT ( * ) SI_UNIT ( .MILLI., .METRE. ) );
#4649 = VECTOR ( 'NONE', #4946, 1000.000000000000000 ) ;
#4650 = CARTESIAN_POINT ( 'NONE',  ( -4.130733653524038489E-16, 1.863641085557713684, 1.686500000000006549 ) ) ;
#4651 = ORIENTED_EDGE ( 'NONE', *, *, #3747, .F. ) ;
#4652 = CARTESIAN_POINT ( 'NONE',  ( -4.130733653524033559E-16, 2.153641085557714163, 1.686500000000004551 ) ) ;
#4653 =( NAMED_UNIT ( * ) SI_UNIT ( $, .STERADIAN. ) SOLID_ANGLE_UNIT ( ) );
#4654 = DIRECTION ( 'NONE',  ( 1.224646799147355179E-16, 0.0000000000000000000, -1.000000000000000000 ) ) ;
#4655 = CARTESIAN_POINT ( 'NONE',  ( -3.627000000000016211, 1.446641085557714090, 1.813500000000006995 ) ) ;
#4656 = COLOUR_RGB ( '',0.7960784313725489669, 0.8235294117647058432, 0.9372549019607843146 ) ;
#4657 = FACE_OUTER_BOUND ( 'NONE', #1889, .T. ) ;
#4658 = AXIS2_PLACEMENT_3D ( 'NONE', #1132, #2666, #2638 ) ;
#4659 = ORIENTED_EDGE ( 'NONE', *, *, #199, .F. ) ;
#4660 =( LENGTH_UNIT ( ) NAMED_UNIT ( * ) SI_UNIT ( .MILLI., .METRE. ) );
#4661 = CARTESIAN_POINT ( 'NONE',  ( 3.372999999999999776, 2.733641085557713790, 1.686500000000000332 ) ) ;
#4662 = CARTESIAN_POINT ( 'NONE',  ( 0.0000000000000000000, 1.700641085557713650, 1.686500000000008548 ) ) ;
#4663 = AXIS2_PLACEMENT_3D ( 'NONE', #2062, #3701, #2507 ) ;
#4664 = ADVANCED_FACE ( 'NONE', ( #2559 ), #2606, .T. ) ;
#4665 = CARTESIAN_POINT ( 'NONE',  ( 3.373000000000021092, 1.156641085557714055, -1.686500000000010546 ) ) ;
#4666 = PRESENTATION_STYLE_ASSIGNMENT (( #4242 ) ) ;
#4667 = CARTESIAN_POINT ( 'NONE',  ( 0.0000000000000000000, 2.153641085557714163, 0.0000000000000000000 ) ) ;
#4668 =( BOUNDED_SURFACE ( )  B_SPLINE_SURFACE ( 3, 3, ( 
 ( #2824, #1236, #501, #2796 ),
 ( #3502, #2369, #3890, #1973 ),
 ( #2419, #75, #1611, #3121 ),
 ( #4343, #4661, #2769, #2396 ) ),
 .UNSPECIFIED., .F., .F., .T. ) 
 B_SPLINE_SURFACE_WITH_KNOTS ( ( 4, 4 ),
 ( 4, 4 ),
 ( 0.0000000000000000000, 1.000000000000000000 ),
 ( 0.0000000000000000000, 1.000000000000000000 ),
 .UNSPECIFIED. ) 
 GEOMETRIC_REPRESENTATION_ITEM ( )  RATIONAL_B_SPLINE_SURFACE ( (
 ( 1.000000000000000000, 0.3333333333333334259, 0.3333333333333334259, 1.000000000000000000),
 ( 0.3333333333333333703, 0.1111111111111111605, 0.1111111111111111605, 0.3333333333333333703),
 ( 0.3333333333333333703, 0.1111111111111111605, 0.1111111111111111605, 0.3333333333333333703),
 ( 1.000000000000000000, 0.3333333333333334259, 0.3333333333333334259, 1.000000000000000000) ) ) 
 REPRESENTATION_ITEM ( '' )  SURFACE ( )  );
#4669 = ORIENTED_EDGE ( 'NONE', *, *, #1935, .T. ) ;
#4670 = CARTESIAN_POINT ( 'NONE',  ( 0.0000000000000000000, 0.2000000000066393113, 0.0000000000000000000 ) ) ;
#4671 = SURFACE_STYLE_FILL_AREA ( #3131 ) ;
#4672 = CARTESIAN_POINT ( 'NONE',  ( -3.372999999999999776, 2.733641085557713790, 1.686499999999999666 ) ) ;
#4673 = EDGE_CURVE ( 'NONE', #2350, #1884, #4850, .T. ) ;
#4674 = LINE ( 'NONE', #1651, #2243 ) ;
#4675 =( LENGTH_UNIT ( ) NAMED_UNIT ( * ) SI_UNIT ( .MILLI., .METRE. ) );
#4676 = PRESENTATION_LAYER_ASSIGNMENT (  '', '', ( #3383 ) ) ;
#4677 = STYLED_ITEM ( 'NONE', ( #4527 ), #3221 ) ;
#4678 = SURFACE_STYLE_FILL_AREA ( #864 ) ;
#4679 = ORIENTED_EDGE ( 'NONE', *, *, #2954, .F. ) ;
#4680 = PRESENTATION_LAYER_ASSIGNMENT (  '', '', ( #2764 ) ) ;
#4681 = CARTESIAN_POINT ( 'NONE',  ( 2.220896970253736332E-16, 1.555641085557713632, -1.813500000000009216 ) ) ;
#4682 = SURFACE_STYLE_USAGE ( .BOTH. , #1629 ) ;
#4683 = EDGE_CURVE ( 'NONE', #4255, #3137, #1551, .T. ) ;
#4684 = DIRECTION ( 'NONE',  ( 0.0000000000000000000, -1.000000000000000000, 0.0000000000000000000 ) ) ;
#4685 = CIRCLE ( 'NONE', #1649, 2.424871130585870560 ) ;
#4686 = CARTESIAN_POINT ( 'NONE',  ( 2.065366826762019245E-16, 1.863641085557713684, -1.686500000000006549 ) ) ;
#4687 = CARTESIAN_POINT ( 'NONE',  ( 2.220896970253737318E-16, 1.283641085557714057, -1.813500000000009882 ) ) ;
#4688 = AXIS2_PLACEMENT_3D ( 'NONE', #786, #1197, #1170 ) ;
#4689 = FACE_OUTER_BOUND ( 'NONE', #1269, .T. ) ;
#4690 = ORIENTED_EDGE ( 'NONE', *, *, #4761, .F. ) ;
#4691 = CARTESIAN_POINT ( 'NONE',  ( 0.0000000000000000000, 1.573641085557713870, 1.750000000000008216 ) ) ;
#4692 = SURFACE_SIDE_STYLE ('',( #2398 ) ) ;
#4693 = AXIS2_PLACEMENT_3D ( 'NONE', #2092, #197, #1744 ) ;
#4694 = PRESENTATION_STYLE_ASSIGNMENT (( #1644 ) ) ;
#4695 = VERTEX_POINT ( 'NONE', #2304 ) ;
#4696 = CARTESIAN_POINT ( 'NONE',  ( 3.373000000000025089, 1.120641085557713579, 1.686500000000012767 ) ) ;
#4697 = CARTESIAN_POINT ( 'NONE',  ( 2.220896970253724992E-16, 2.606641085557714455, -1.813500000000000334 ) ) ;
#4698 = DIRECTION ( 'NONE',  ( -0.0000000000000000000, -1.000000000000000000, -0.0000000000000000000 ) ) ;
#4699 = CARTESIAN_POINT ( 'NONE',  ( 2.114734603858306805, 9.035018104045869770E-18, -0.6352653961416933059 ) ) ;
#4700 = CARTESIAN_POINT ( 'NONE',  ( -3.373000000000002885, 2.715641085557713996, -1.686500000000002553 ) ) ;
#4701 = ADVANCED_FACE ( 'NONE', ( #4657 ), #1708, .T. ) ;
#4702 = VERTEX_POINT ( 'NONE', #1502 ) ;
#4703 =( NAMED_UNIT ( * ) PLANE_ANGLE_UNIT ( ) SI_UNIT ( $, .RADIAN. ) );
#4704 = DIRECTION ( 'NONE',  ( -0.0000000000000000000, 1.000000000000000000, 0.0000000000000000000 ) ) ;
#4705 = CARTESIAN_POINT ( 'NONE',  ( 2.150000000000000799, 0.1999999999999999833, -1.121383074600288632 ) ) ;
#4706 = UNCERTAINTY_MEASURE_WITH_UNIT (LENGTH_MEASURE( 1.000000000000000082E-05 ), #478, 'distance_accuracy_value', 'NONE');
#4707 = ADVANCED_FACE ( 'NONE', ( #2872 ), #3601, .T. ) ;
#4708 = CARTESIAN_POINT ( 'NONE',  ( -4.441793940507452943E-16, 2.588641085557713772, 1.813500000000001000 ) ) ;
#4709 =( NAMED_UNIT ( * ) SI_UNIT ( $, .STERADIAN. ) SOLID_ANGLE_UNIT ( ) );
#4710 = VERTEX_POINT ( 'NONE', #876 ) ;
#4711 = FACE_OUTER_BOUND ( 'NONE', #1908, .T. ) ;
#4712 = CARTESIAN_POINT ( 'NONE',  ( -4.130733653524040955E-16, 1.845641085557713668, 1.686500000000007660 ) ) ;
#4713 = COLOUR_RGB ( '',0.9098039215686274384, 0.4431372549019607643, 0.03137254901960784270 ) ;
#4714 = ORIENTED_EDGE ( 'NONE', *, *, #3157, .F. ) ;
#4715 = DIRECTION ( 'NONE',  ( -0.0000000000000000000, -1.000000000000000000, -0.0000000000000000000 ) ) ;
#4716 = CARTESIAN_POINT ( 'NONE',  ( 3.373000000000019760, 1.283641085557714057, -1.686500000000009880 ) ) ;
#4717 = CARTESIAN_POINT ( 'NONE',  ( 2.220896970253733374E-16, 1.845641085557713668, -1.813500000000006995 ) ) ;
#4718 = COLOUR_RGB ( '',0.7960784313725489669, 0.8235294117647058432, 0.9372549019607843146 ) ;
#4719 = VERTEX_POINT ( 'NONE', #2415 ) ;
#4720 = COLOUR_RGB ( '',0.9098039215686274384, 0.4431372549019607643, 0.03137254901960784270 ) ;
#4721 = CARTESIAN_POINT ( 'NONE',  ( 3.627000000000013102, 1.718641085557713666, -1.813500000000006551 ) ) ;
#4722 = DIRECTION ( 'NONE',  ( -1.000000000000000000, 0.0000000000000000000, -1.224646799147353207E-16 ) ) ;
#4723 = SURFACE_STYLE_FILL_AREA ( #2778 ) ;
#4724 = CARTESIAN_POINT ( 'NONE',  ( -0.3464101615137750168, 0.9000000000000001332, -2.399999999999999911 ) ) ;
#4725 = EDGE_LOOP ( 'NONE', ( #2314, #2097, #2469, #3193 ) ) ;
#4726 = DIRECTION ( 'NONE',  ( 0.0000000000000000000, 0.0000000000000000000, 1.000000000000000000 ) ) ;
#4727 = SURFACE_STYLE_FILL_AREA ( #3184 ) ;
#4728 = CARTESIAN_POINT ( 'NONE',  ( 0.0000000000000000000, 2.443641085557714643, 1.750000000000002220 ) ) ;
#4729 = PRESENTATION_LAYER_ASSIGNMENT (  '', '', ( #2495 ) ) ;
#4730 = PRESENTATION_STYLE_ASSIGNMENT (( #142 ) ) ;
#4731 = PLANE ( 'NONE',  #1303 ) ;
#4732 = EDGE_CURVE ( 'NONE', #3666, #2755, #445, .T. ) ;
#4733 = SURFACE_SIDE_STYLE ('',( #1256 ) ) ;
#4734 =( NAMED_UNIT ( * ) PLANE_ANGLE_UNIT ( ) SI_UNIT ( $, .RADIAN. ) );
#4735 = CARTESIAN_POINT ( 'NONE',  ( 0.0000000000000000000, 2.461641085557714437, 1.686500000000001664 ) ) ;
#4736 = CIRCLE ( 'NONE', #811, 2.424871130596427893 ) ;
#4737 = DIRECTION ( 'NONE',  ( 0.0000000000000000000, 0.0000000000000000000, -1.000000000000000000 ) ) ;
#4738 =( GEOMETRIC_REPRESENTATION_CONTEXT ( 3 ) GLOBAL_UNCERTAINTY_ASSIGNED_CONTEXT ( ( #1839 ) ) GLOBAL_UNIT_ASSIGNED_CONTEXT ( ( #2368, #2890, #1281 ) ) REPRESENTATION_CONTEXT ( 'NONE', 'WORKASPACE' ) );
#4739 = ORIENTED_EDGE ( 'NONE', *, *, #1658, .T. ) ;
#4740 = FACE_OUTER_BOUND ( 'NONE', #303, .T. ) ;
#4741 = SURFACE_STYLE_FILL_AREA ( #881 ) ;
#4742 = ADVANCED_FACE ( 'NONE', ( #4689 ), #2765, .F. ) ;
#4743 = FILL_AREA_STYLE ('',( #3581 ) ) ;
#4744 = UNCERTAINTY_MEASURE_WITH_UNIT (LENGTH_MEASURE( 1.000000000000000082E-05 ), #497, 'distance_accuracy_value', 'NONE');
#4745 = DIRECTION ( 'NONE',  ( 1.224646799147351482E-16, 0.0000000000000000000, -1.000000000000000000 ) ) ;
#4746 = ORIENTED_EDGE ( 'NONE', *, *, #6, .T. ) ;
#4747 = AXIS2_PLACEMENT_3D ( 'NONE', #123, #3167, #442 ) ;
#4748 = FACE_OUTER_BOUND ( 'NONE', #2297, .T. ) ;
#4749 = SURFACE_SIDE_STYLE ('',( #2455 ) ) ;
#4750 = CARTESIAN_POINT ( 'NONE',  ( 0.0000000000000000000, 2.799999999999999822, 0.0000000000000000000 ) ) ;
#4751 = CARTESIAN_POINT ( 'NONE',  ( -4.441793940507452943E-16, 2.715641085557713108, 1.813500000000001222 ) ) ;
#4752 = AXIS2_PLACEMENT_3D ( 'NONE', #1306, #4715, #3580 ) ;
#4753 =( GEOMETRIC_REPRESENTATION_CONTEXT ( 3 ) GLOBAL_UNCERTAINTY_ASSIGNED_CONTEXT ( ( #2696 ) ) GLOBAL_UNIT_ASSIGNED_CONTEXT ( ( #4173, #3032, #2237 ) ) REPRESENTATION_CONTEXT ( 'NONE', 'WORKASPACE' ) );
#4754 = ORIENTED_EDGE ( 'NONE', *, *, #749, .F. ) ;
#4755 = AXIS2_PLACEMENT_3D ( 'NONE', #3044, #4578, #4913 ) ;
#4756 = UNCERTAINTY_MEASURE_WITH_UNIT (LENGTH_MEASURE( 1.000000000000000082E-05 ), #2020, 'distance_accuracy_value', 'NONE');
#4757 = PRESENTATION_STYLE_ASSIGNMENT (( #3651 ) ) ;
#4758 = STYLED_ITEM ( 'NONE', ( #4907 ), #3945 ) ;
#4759 = AXIS2_PLACEMENT_3D ( 'NONE', #397, #424, #3125 ) ;
#4760 = SURFACE_STYLE_USAGE ( .BOTH. , #4733 ) ;
#4761 = EDGE_CURVE ( 'NONE', #1216, #4169, #522, .T. ) ;
#4762 = CARTESIAN_POINT ( 'NONE',  ( 3.373000000000022425, 1.138641085557713817, 1.686500000000011656 ) ) ;
#4763 = VERTEX_POINT ( 'NONE', #3249 ) ;
#4764 = CIRCLE ( 'NONE', #4122, 1.813500000000009216 ) ;
#4765 = UNCERTAINTY_MEASURE_WITH_UNIT (LENGTH_MEASURE( 1.000000000000000082E-05 ), #1506, 'distance_accuracy_value', 'NONE');
#4766 = ADVANCED_FACE ( 'NONE', ( #1996 ), #4774, .T. ) ;
#4767 = PRESENTATION_LAYER_ASSIGNMENT (  '', '', ( #3559 ) ) ;
#4768 = EDGE_CURVE ( 'NONE', #3790, #1430, #688, .T. ) ;
#4769 = VERTEX_POINT ( 'NONE', #4137 ) ;
#4770 = DIRECTION ( 'NONE',  ( 1.224646799147351482E-16, 0.0000000000000000000, -1.000000000000000000 ) ) ;
#4771 = STYLED_ITEM ( 'NONE', ( #4394 ), #4610 ) ;
#4772 = CARTESIAN_POINT ( 'NONE',  ( 2.065366826762014068E-16, 2.443641085557714643, -1.686500000000002553 ) ) ;
#4773 = EDGE_CURVE ( 'NONE', #3577, #4645, #1085, .T. ) ;
#4774 = CONICAL_SURFACE ( 'NONE', #2613, 2.424871130585870560, 0.1745329251648975732 ) ;
#4775 =( NAMED_UNIT ( * ) PLANE_ANGLE_UNIT ( ) SI_UNIT ( $, .RADIAN. ) );
#4776 = CARTESIAN_POINT ( 'NONE',  ( -0.3464101615137743506, 3.500000000000000000, -2.400000000000000355 ) ) ;
#4777 = CARTESIAN_POINT ( 'NONE',  ( -4.130733653524045885E-16, 1.428641085557713852, 1.686500000000009658 ) ) ;
#4778 =( NAMED_UNIT ( * ) SI_UNIT ( $, .STERADIAN. ) SOLID_ANGLE_UNIT ( ) );
#4779 = EDGE_LOOP ( 'NONE', ( #4714, #16, #2615, #2268 ) ) ;
#4780 = DIRECTION ( 'NONE',  ( 0.0000000000000000000, 0.0000000000000000000, -1.000000000000000000 ) ) ;
#4781 =( NAMED_UNIT ( * ) PLANE_ANGLE_UNIT ( ) SI_UNIT ( $, .RADIAN. ) );
#4782 = DIRECTION ( 'NONE',  ( 0.0000000000000000000, 1.000000000000000000, 0.0000000000000000000 ) ) ;
#4783 = CYLINDRICAL_SURFACE ( 'NONE', #3447, 2.424871130596427893 ) ;
#4784 =( NAMED_UNIT ( * ) SI_UNIT ( $, .STERADIAN. ) SOLID_ANGLE_UNIT ( ) );
#4785 = CARTESIAN_POINT ( 'NONE',  ( -3.373000000000021092, 1.410641085557713614, -1.686500000000010990 ) ) ;
#4786 = DIRECTION ( 'NONE',  ( 0.0000000000000000000, 1.000000000000000000, 0.0000000000000000000 ) ) ;
#4787 = DIRECTION ( 'NONE',  ( 0.0000000000000000000, 0.0000000000000000000, -1.000000000000000000 ) ) ;
#4788 =( NAMED_UNIT ( * ) SI_UNIT ( $, .STERADIAN. ) SOLID_ANGLE_UNIT ( ) );
#4789 = SURFACE_STYLE_USAGE ( .BOTH. , #2491 ) ;
#4790 = CARTESIAN_POINT ( 'NONE',  ( 2.065366826762019245E-16, 1.736641085557714126, -1.686500000000006549 ) ) ;
#4791 = PRODUCT_RELATED_PRODUCT_CATEGORY ( 'part', '', ( #4944 ) ) ;
#4792 = CARTESIAN_POINT ( 'NONE',  ( 2.220896970253733374E-16, 1.718641085557713888, -1.813500000000006995 ) ) ;
#4793 = AXIS2_PLACEMENT_3D ( 'NONE', #1346, #141, #4284 ) ;
#4794 = ORIENTED_EDGE ( 'NONE', *, *, #1721, .F. ) ;
#4795 =( NAMED_UNIT ( * ) SI_UNIT ( $, .STERADIAN. ) SOLID_ANGLE_UNIT ( ) );
#4796 = COLOUR_RGB ( '',0.7960784313725489669, 0.8235294117647058432, 0.9372549019607843146 ) ;
#4797 = COLOUR_RGB ( '',0.9098039215686274384, 0.4431372549019607643, 0.03137254901960784270 ) ;
#4798 = SURFACE_STYLE_USAGE ( .BOTH. , #1754 ) ;
#4799 =( NAMED_UNIT ( * ) PLANE_ANGLE_UNIT ( ) SI_UNIT ( $, .RADIAN. ) );
#4800 = VECTOR ( 'NONE', #730, 1000.000000000000000 ) ;
#4801 = VERTEX_POINT ( 'NONE', #1447 ) ;
#4802 = CARTESIAN_POINT ( 'NONE',  ( 0.0000000000000000000, 1.138641085557713817, 1.686500000000011434 ) ) ;
#4803 = DIRECTION ( 'NONE',  ( 0.0000000000000000000, 0.0000000000000000000, 1.000000000000000000 ) ) ;
#4804 = SURFACE_STYLE_FILL_AREA ( #1758 ) ;
#4805 = MECHANICAL_DESIGN_GEOMETRIC_PRESENTATION_REPRESENTATION (  '', ( #1111 ), #2889 ) ;
#4806 = DIRECTION ( 'NONE',  ( 1.224646799147351482E-16, 0.0000000000000000000, -1.000000000000000000 ) ) ;
#4807 = CARTESIAN_POINT ( 'NONE',  ( 0.0000000000000000000, 1.718641085557713888, 0.0000000000000000000 ) ) ;
#4808 = AXIS2_PLACEMENT_3D ( 'NONE', #3949, #3649, #4309 ) ;
#4809 = CARTESIAN_POINT ( 'NONE',  ( -4.441793940507457873E-16, 2.171641085557714401, 1.813500000000002998 ) ) ;
#4810 =( LENGTH_UNIT ( ) NAMED_UNIT ( * ) SI_UNIT ( .MILLI., .METRE. ) );
#4811 = DIRECTION ( 'NONE',  ( -0.0000000000000000000, -1.000000000000000000, -0.0000000000000000000 ) ) ;
#4812 = COLOUR_RGB ( '',0.9098039215686274384, 0.4431372549019607643, 0.03137254901960784270 ) ;
#4813 = UNCERTAINTY_MEASURE_WITH_UNIT (LENGTH_MEASURE( 1.000000000000000082E-05 ), #1817, 'distance_accuracy_value', 'NONE');
#4814 = STYLED_ITEM ( 'NONE', ( #4694 ), #2030 ) ;
#4815 = CARTESIAN_POINT ( 'NONE',  ( 2.143131898507879391E-16, 1.428641085557713852, -1.750000000000009326 ) ) ;
#4816 =( GEOMETRIC_REPRESENTATION_CONTEXT ( 3 ) GLOBAL_UNCERTAINTY_ASSIGNED_CONTEXT ( ( #3548 ) ) GLOBAL_UNIT_ASSIGNED_CONTEXT ( ( #4426, #256, #588 ) ) REPRESENTATION_CONTEXT ( 'NONE', 'WORKASPACE' ) );
#4817 = ORIENTED_EDGE ( 'NONE', *, *, #1650, .F. ) ;
#4818 = SURFACE_SIDE_STYLE ('',( #3688 ) ) ;
#4819 = COLOUR_RGB ( '',0.9098039215686274384, 0.4431372549019607643, 0.03137254901960784270 ) ;
#4820 = CARTESIAN_POINT ( 'NONE',  ( -4.130733653524045885E-16, 1.555641085557713632, 1.686500000000009658 ) ) ;
#4821 = CARTESIAN_POINT ( 'NONE',  ( 0.0000000000000000000, 2.425641085557712628, 1.813500000000002998 ) ) ;
#4822 = CIRCLE ( 'NONE', #1784, 1.686500000000011434 ) ;
#4823 = ORIENTED_EDGE ( 'NONE', *, *, #3659, .T. ) ;
#4824 = ADVANCED_FACE ( 'NONE', ( #4438 ), #2930, .F. ) ;
#4825 = SURFACE_STYLE_USAGE ( .BOTH. , #2151 ) ;
#4826 = CARTESIAN_POINT ( 'NONE',  ( 2.143131898507875940E-16, 1.863641085557713684, -1.750000000000006217 ) ) ;
#4827 = VECTOR ( 'NONE', #665, 1000.000000000000000 ) ;
#4828 = CARTESIAN_POINT ( 'NONE',  ( 3.373000000000009102, 2.280641085557713499, 1.686500000000004773 ) ) ;
#4829 = ORIENTED_EDGE ( 'NONE', *, *, #2604, .T. ) ;
#4830 = EDGE_CURVE ( 'NONE', #3016, #1112, #3808, .T. ) ;
#4831 =( NAMED_UNIT ( * ) SI_UNIT ( $, .STERADIAN. ) SOLID_ANGLE_UNIT ( ) );
#4832 =( GEOMETRIC_REPRESENTATION_CONTEXT ( 3 ) GLOBAL_UNCERTAINTY_ASSIGNED_CONTEXT ( ( #3787 ) ) GLOBAL_UNIT_ASSIGNED_CONTEXT ( ( #3620, #3243, #2181 ) ) REPRESENTATION_CONTEXT ( 'NONE', 'WORKASPACE' ) );
#4833 = DIRECTION ( 'NONE',  ( -0.0000000000000000000, 0.0000000000000000000, -1.000000000000000000 ) ) ;
#4834 = SURFACE_STYLE_FILL_AREA ( #1375 ) ;
#4835 = CARTESIAN_POINT ( 'NONE',  ( -4.441793940507459845E-16, 2.026641085557714828, 1.813500000000003887 ) ) ;
#4836 = CARTESIAN_POINT ( 'NONE',  ( -3.373000000000022425, 1.138641085557713817, 1.686500000000010546 ) ) ;
#4837 =( LENGTH_UNIT ( ) NAMED_UNIT ( * ) SI_UNIT ( .MILLI., .METRE. ) );
#4838 = PRESENTATION_STYLE_ASSIGNMENT (( #2612 ) ) ;
#4839 = AXIS2_PLACEMENT_3D ( 'NONE', #823, #242, #3294 ) ;
#4840 = CARTESIAN_POINT ( 'NONE',  ( 3.627000000000024205, 0.8666410855577141303, 1.813500000000012102 ) ) ;
#4841 =( GEOMETRIC_REPRESENTATION_CONTEXT ( 3 ) GLOBAL_UNCERTAINTY_ASSIGNED_CONTEXT ( ( #4499 ) ) GLOBAL_UNIT_ASSIGNED_CONTEXT ( ( #1776, #4781, #190 ) ) REPRESENTATION_CONTEXT ( 'NONE', 'WORKASPACE' ) );
#4842 = ORIENTED_EDGE ( 'NONE', *, *, #2172, .T. ) ;
#4843 =( NAMED_UNIT ( * ) SI_UNIT ( $, .STERADIAN. ) SOLID_ANGLE_UNIT ( ) );
#4844 =( NAMED_UNIT ( * ) SI_UNIT ( $, .STERADIAN. ) SOLID_ANGLE_UNIT ( ) );
#4845 = CARTESIAN_POINT ( 'NONE',  ( 2.065366826762014068E-16, 2.570641085557713978, -1.686500000000002331 ) ) ;
#4846 = MECHANICAL_DESIGN_GEOMETRIC_PRESENTATION_REPRESENTATION (  '', ( #999 ), #2694 ) ;
#4847 =( NAMED_UNIT ( * ) PLANE_ANGLE_UNIT ( ) SI_UNIT ( $, .RADIAN. ) );
#4848 = PRESENTATION_STYLE_ASSIGNMENT (( #211 ) ) ;
#4849 = DIRECTION ( 'NONE',  ( 8.881784197001252323E-16, 0.0000000000000000000, -1.000000000000000000 ) ) ;
#4850 = CIRCLE ( 'NONE', #1175, 2.424871130585870560 ) ;
#4851 = EDGE_CURVE ( 'NONE', #1515, #2915, #4110, .T. ) ;
#4852 = EDGE_LOOP ( 'NONE', ( #4077, #1038, #1053, #4113 ) ) ;
#4853 = DIRECTION ( 'NONE',  ( 0.0000000000000000000, 0.0000000000000000000, 1.000000000000000000 ) ) ;
#4854 = CARTESIAN_POINT ( 'NONE',  ( -3.373000000000006882, 2.171641085557714401, 1.686500000000002775 ) ) ;
#4855 = CARTESIAN_POINT ( 'NONE',  ( 2.114734603858307249, 0.0000000000000000000, 0.0000000000000000000 ) ) ;
#4856 = SURFACE_SIDE_STYLE ('',( #642 ) ) ;
#4857 =( BOUNDED_SURFACE ( )  B_SPLINE_SURFACE ( 3, 3, ( 
 ( #1648, #1589, #3513, #886 ),
 ( #4697, #30, #3942, #838 ),
 ( #4325, #115, #1244, #1265 ),
 ( #1962, #3132, #4672, #1564 ) ),
 .UNSPECIFIED., .F., .F., .F. ) 
 B_SPLINE_SURFACE_WITH_KNOTS ( ( 4, 4 ),
 ( 4, 4 ),
 ( 0.0000000000000000000, 1.000000000000000000 ),
 ( 0.0000000000000000000, 1.000000000000000000 ),
 .UNSPECIFIED. ) 
 GEOMETRIC_REPRESENTATION_ITEM ( )  RATIONAL_B_SPLINE_SURFACE ( (
 ( 1.000000000000000000, 0.3333333333333334259, 0.3333333333333334259, 1.000000000000000000),
 ( 0.3333333333333333703, 0.1111111111111111605, 0.1111111111111111605, 0.3333333333333333703),
 ( 0.3333333333333333703, 0.1111111111111111605, 0.1111111111111111605, 0.3333333333333333703),
 ( 1.000000000000000000, 0.3333333333333334259, 0.3333333333333334259, 1.000000000000000000) ) ) 
 REPRESENTATION_ITEM ( '' )  SURFACE ( )  );
#4858 = ADVANCED_FACE ( 'NONE', ( #1355 ), #32, .T. ) ;
#4859 = SURFACE_SIDE_STYLE ('',( #3298 ) ) ;
#4860 = VERTEX_POINT ( 'NONE', #1915 ) ;
#4861 = CARTESIAN_POINT ( 'NONE',  ( 2.065366826762015547E-16, 2.298641085557713737, -1.686500000000003441 ) ) ;
#4862 = EDGE_LOOP ( 'NONE', ( #3599, #2102, #764, #2211 ) ) ;
#4863 = FILL_AREA_STYLE_COLOUR ( '', #2342 ) ;
#4864 = FILL_AREA_STYLE ('',( #3331 ) ) ;
#4865 = CARTESIAN_POINT ( 'NONE',  ( 3.627000000000005109, 2.298641085557713737, -1.813500000000002554 ) ) ;
#4866 =( GEOMETRIC_REPRESENTATION_CONTEXT ( 3 ) GLOBAL_UNCERTAINTY_ASSIGNED_CONTEXT ( ( #2614 ) ) GLOBAL_UNIT_ASSIGNED_CONTEXT ( ( #4627, #9, #3394 ) ) REPRESENTATION_CONTEXT ( 'NONE', 'WORKASPACE' ) );
#4867 = ORIENTED_EDGE ( 'NONE', *, *, #4232, .T. ) ;
#4868 = PRESENTATION_LAYER_ASSIGNMENT (  '', '', ( #4071 ) ) ;
#4869 = CLOSED_SHELL ( 'NONE', ( #2452, #1193, #2757, #4766, #3721, #4374, #3769, #1221, #2030 ) ) ;
#4870 = SURFACE_SIDE_STYLE ('',( #1490 ) ) ;
#4871 = CYLINDRICAL_SURFACE ( 'NONE', #1211, 2.424871130596427893 ) ;
#4872 = DIRECTION ( 'NONE',  ( -1.776356839400250465E-15, 0.0000000000000000000, -1.000000000000000000 ) ) ;
#4873 = CARTESIAN_POINT ( 'NONE',  ( -3.627000000000004665, 2.425641085557714405, -1.813500000000003887 ) ) ;
#4874 = MECHANICAL_DESIGN_GEOMETRIC_PRESENTATION_REPRESENTATION (  '', ( #3018 ), #1026 ) ;
#4875 = ORIENTED_EDGE ( 'NONE', *, *, #1486, .F. ) ;
#4876 = CARTESIAN_POINT ( 'NONE',  ( -4.130733653524036517E-16, 1.881641085557714810, 1.686500000000005661 ) ) ;
#4877 = CARTESIAN_POINT ( 'NONE',  ( -3.627000000000005109, 2.298641085557713737, 1.813500000000002332 ) ) ;
#4878 = SURFACE_SIDE_STYLE ('',( #3344 ) ) ;
#4879 = EDGE_CURVE ( 'NONE', #3065, #1684, #3166, .T. ) ;
#4880 =( GEOMETRIC_REPRESENTATION_CONTEXT ( 3 ) GLOBAL_UNCERTAINTY_ASSIGNED_CONTEXT ( ( #1952 ) ) GLOBAL_UNIT_ASSIGNED_CONTEXT ( ( #3122, #453, #4295 ) ) REPRESENTATION_CONTEXT ( 'NONE', 'WORKASPACE' ) );
#4881 =( LENGTH_UNIT ( ) NAMED_UNIT ( * ) SI_UNIT ( .MILLI., .METRE. ) );
#4882 = CARTESIAN_POINT ( 'NONE',  ( -3.373000000000022425, 1.265641085557713597, -1.686500000000012101 ) ) ;
#4883 =( NAMED_UNIT ( * ) PLANE_ANGLE_UNIT ( ) SI_UNIT ( $, .RADIAN. ) );
#4884 = PRESENTATION_LAYER_ASSIGNMENT (  '', '', ( #2413 ) ) ;
#4885 = CARTESIAN_POINT ( 'NONE',  ( -4.130733653524053281E-16, 0.9936410855577139101, 1.686500000000012545 ) ) ;
#4886 = PRESENTATION_STYLE_ASSIGNMENT (( #2534 ) ) ;
#4887 = EDGE_CURVE ( 'NONE', #1318, #1836, #1206, .T. ) ;
#4888 = AXIS2_PLACEMENT_3D ( 'NONE', #1339, #4401, #2378 ) ;
#4889 = UNCERTAINTY_MEASURE_WITH_UNIT (LENGTH_MEASURE( 1.000000000000000082E-05 ), #3484, 'distance_accuracy_value', 'NONE');
#4890 = PRESENTATION_LAYER_ASSIGNMENT (  '', '', ( #4966 ) ) ;
#4891 = ORIENTED_EDGE ( 'NONE', *, *, #2819, .T. ) ;
#4892 = EDGE_CURVE ( 'NONE', #4898, #2976, #3496, .T. ) ;
#4893 = DIRECTION ( 'NONE',  ( 0.0000000000000000000, 1.000000000000000000, 0.0000000000000000000 ) ) ;
#4894 = PRESENTATION_STYLE_ASSIGNMENT (( #3357 ) ) ;
#4895 = CARTESIAN_POINT ( 'NONE',  ( 0.3464101615137755719, 0.9000000000000001332, -2.400000000000000355 ) ) ;
#4896 = UNCERTAINTY_MEASURE_WITH_UNIT (LENGTH_MEASURE( 1.000000000000000082E-05 ), #4422, 'distance_accuracy_value', 'NONE');
#4897 = CIRCLE ( 'NONE', #1377, 1.813500000000010992 ) ;
#4898 = VERTEX_POINT ( 'NONE', #3853 ) ;
#4899 = STYLED_ITEM ( 'NONE', ( #1876 ), #2326 ) ;
#4900 = ORIENTED_EDGE ( 'NONE', *, *, #1946, .F. ) ;
#4901 =( LENGTH_UNIT ( ) NAMED_UNIT ( * ) SI_UNIT ( .MILLI., .METRE. ) );
#4902 = PRESENTATION_STYLE_ASSIGNMENT (( #4825 ) ) ;
#4903 = UNCERTAINTY_MEASURE_WITH_UNIT (LENGTH_MEASURE( 1.000000000000000082E-05 ), #626, 'distance_accuracy_value', 'NONE');
#4904 = PRESENTATION_STYLE_ASSIGNMENT (( #1802 ) ) ;
#4905 =( NAMED_UNIT ( * ) PLANE_ANGLE_UNIT ( ) SI_UNIT ( $, .RADIAN. ) );
#4906 = CARTESIAN_POINT ( 'NONE',  ( -3.627000000000005553, 2.171641085557714401, 1.813500000000002332 ) ) ;
#4907 = PRESENTATION_STYLE_ASSIGNMENT (( #1148 ) ) ;
#4908 = COLOUR_RGB ( '',0.2509803921568627416, 0.2509803921568627416, 0.2509803921568627416 ) ;
#4909 = LINE ( 'NONE', #1522, #2169 ) ;
#4910 =( GEOMETRIC_REPRESENTATION_CONTEXT ( 3 ) GLOBAL_UNCERTAINTY_ASSIGNED_CONTEXT ( ( #3497 ) ) GLOBAL_UNIT_ASSIGNED_CONTEXT ( ( #3152, #2069, #103 ) ) REPRESENTATION_CONTEXT ( 'NONE', 'WORKASPACE' ) );
#4911 = AXIS2_PLACEMENT_3D ( 'NONE', #1673, #3160, #3515 ) ;
#4912 = CARTESIAN_POINT ( 'NONE',  ( 0.0000000000000000000, 2.171641085557714401, 1.686500000000003663 ) ) ;
#4913 = DIRECTION ( 'NONE',  ( 0.0000000000000000000, 0.0000000000000000000, -1.000000000000000000 ) ) ;
#4914 = COLOUR_RGB ( '',0.9098039215686274384, 0.4431372549019607643, 0.03137254901960784270 ) ;
#4915 = COLOUR_RGB ( '',0.7529411764705882248, 0.7529411764705882248, 0.7529411764705882248 ) ;
#4916 = UNCERTAINTY_MEASURE_WITH_UNIT (LENGTH_MEASURE( 1.000000000000000082E-05 ), #356, 'distance_accuracy_value', 'NONE');
#4917 = EDGE_CURVE ( 'NONE', #4710, #2945, #2784, .T. ) ;
#4918 = EDGE_CURVE ( 'NONE', #1547, #3914, #2121, .T. ) ;
#4919 = COLOUR_RGB ( '',0.7960784313725489669, 0.8235294117647058432, 0.9372549019607843146 ) ;
#4920 = DIRECTION ( 'NONE',  ( 0.0000000000000000000, 1.000000000000000000, 0.0000000000000000000 ) ) ;
#4921 = SURFACE_STYLE_FILL_AREA ( #3455 ) ;
#4922 = CARTESIAN_POINT ( 'NONE',  ( -2.149999999999999911, 0.2000000000000000111, 0.0000000000000000000 ) ) ;
#4923 = COLOUR_RGB ( '',0.9098039215686274384, 0.4431372549019607643, 0.03137254901960784270 ) ;
#4924 = ORIENTED_EDGE ( 'NONE', *, *, #4887, .F. ) ;
#4925 = FILL_AREA_STYLE_COLOUR ( '', #4366 ) ;
#4926 = CARTESIAN_POINT ( 'NONE',  ( 4.059178187802285043E-17, 3.500000000000000000, 2.100000000000000089 ) ) ;
#4927 = CARTESIAN_POINT ( 'NONE',  ( 0.0000000000000000000, 2.008641085557714590, 1.686500000000005661 ) ) ;
#4928 = CARTESIAN_POINT ( 'NONE',  ( -3.627000000000004665, 2.298641085557713737, -1.813500000000003221 ) ) ;
#4929 = PRESENTATION_LAYER_ASSIGNMENT (  '', '', ( #40 ) ) ;
#4930 = ORIENTED_EDGE ( 'NONE', *, *, #875, .F. ) ;
#4931 = FACE_OUTER_BOUND ( 'NONE', #3854, .T. ) ;
#4932 = CARTESIAN_POINT ( 'NONE',  ( 3.372999999999999776, 2.733641085557713790, 1.686500000000000332 ) ) ;
#4933 = MECHANICAL_DESIGN_GEOMETRIC_PRESENTATION_REPRESENTATION (  '', ( #1330 ), #1001 ) ;
#4934 = CARTESIAN_POINT ( 'NONE',  ( 0.0000000000000000000, 0.9000000000000001332, 0.0000000000000000000 ) ) ;
#4935 = AXIS2_PLACEMENT_3D ( 'NONE', #3092, #4629, #2734 ) ;
#4936 = CARTESIAN_POINT ( 'NONE',  ( -4.441793940507479567E-16, 0.9936410855577139101, 1.813500000000012102 ) ) ;
#4937 = ORIENTED_EDGE ( 'NONE', *, *, #4830, .F. ) ;
#4938 = CARTESIAN_POINT ( 'NONE',  ( 2.220896970253726471E-16, 2.588641085557713772, -1.813500000000001000 ) ) ;
#4939 = DIRECTION ( 'NONE',  ( 0.0000000000000000000, 0.0000000000000000000, -1.000000000000000000 ) ) ;
#4940 = SURFACE_SIDE_STYLE ('',( #1455 ) ) ;
#4941 = EDGE_CURVE ( 'NONE', #3223, #2864, #4454, .T. ) ;
#4942 = PLANE ( 'NONE',  #2825 ) ;
#4943 = ORIENTED_EDGE ( 'NONE', *, *, #1928, .T. ) ;
#4944 = PRODUCT ( '22E8EC33-BA83-4BFF-B1AD-BB5A5EEA142E', '22E8EC33-BA83-4BFF-B1AD-BB5A5EEA142E', '', ( #467 ) ) ;
#4945 =( NAMED_UNIT ( * ) PLANE_ANGLE_UNIT ( ) SI_UNIT ( $, .RADIAN. ) );
#4946 = DIRECTION ( 'NONE',  ( -0.0000000000000000000, -1.000000000000000000, -0.0000000000000000000 ) ) ;
#4947 = MECHANICAL_DESIGN_GEOMETRIC_PRESENTATION_REPRESENTATION (  '', ( #2803 ), #2058 ) ;
#4948 = ORIENTED_EDGE ( 'NONE', *, *, #1214, .T. ) ;
#4949 = CARTESIAN_POINT ( 'NONE',  ( -3.627000000000010438, 1.881641085557714810, 1.813500000000004553 ) ) ;
#4950 = SURFACE_STYLE_USAGE ( .BOTH. , #1941 ) ;
#4951 = FILL_AREA_STYLE_COLOUR ( '', #342 ) ;
#4952 = CARTESIAN_POINT ( 'NONE',  ( -4.130733653524034052E-16, 2.026641085557714828, 1.686500000000004551 ) ) ;
#4953 = CARTESIAN_POINT ( 'NONE',  ( 4.059178187802285043E-17, 0.9000000000000001332, 2.100000000000000089 ) ) ;
#4954 = CLOSED_SHELL ( 'NONE', ( #2620, #3596, #3310, #2656 ) ) ;
#4955 = UNCERTAINTY_MEASURE_WITH_UNIT (LENGTH_MEASURE( 1.000000000000000082E-05 ), #1321, 'distance_accuracy_value', 'NONE');
#4956 = CARTESIAN_POINT ( 'NONE',  ( 2.065366826762026640E-16, 0.8666410855577142414, -1.686500000000012989 ) ) ;
#4957 = PRESENTATION_LAYER_ASSIGNMENT (  '', '', ( #1688 ) ) ;
#4958 = SURFACE_STYLE_FILL_AREA ( #3856 ) ;
#4959 = PRESENTATION_LAYER_ASSIGNMENT (  '', '', ( #3683 ) ) ;
#4960 = ORIENTED_EDGE ( 'NONE', *, *, #3008, .F. ) ;
#4961 = CARTESIAN_POINT ( 'NONE',  ( -3.627000000000015767, 1.573641085557713870, 1.813500000000007217 ) ) ;
#4962 = CARTESIAN_POINT ( 'NONE',  ( -3.627000000000021984, 1.138641085557713817, 1.813500000000010326 ) ) ;
#4963 = CARTESIAN_POINT ( 'NONE',  ( 3.373000000000004217, 2.570641085557713978, -1.686500000000002109 ) ) ;
#4964 = DIRECTION ( 'NONE',  ( 0.0000000000000000000, 0.0000000000000000000, 1.000000000000000000 ) ) ;
#4965 = CARTESIAN_POINT ( 'NONE',  ( 2.114734603858307249, -4.004040043830870342E-17, 1.112705316497224040 ) ) ;
#4966 = STYLED_ITEM ( 'NONE', ( #4618 ), #1970 ) ;
#4967 = ORIENTED_EDGE ( 'NONE', *, *, #2248, .F. ) ;
ENDSEC;
END-ISO-10303-21;
