ISO-10303-21;
HEADER;
/* Generated by software containing ST-Developer
 * from STEP Tools, Inc. (www.steptools.com) 
 */

FILE_DESCRIPTION(
/* description */ (''),
/* implementation_level */ '2;1');

FILE_NAME(
/* name */ 
'X:\\Progetti\\sistemazione dei 3D per il download free\\35-0407000-BL.
stp',
/* time_stamp */ '2016-01-21T14:48:17+01:00',
/* author */ ('n.rigato'),
/* organization */ (''),
/* preprocessor_version */ 'ST-DEVELOPER v15.6',
/* originating_system */ 'Autodesk Inventor 2015',
/* authorisation */ '');

FILE_SCHEMA (('AUTOMOTIVE_DESIGN { 1 0 10303 214 3 1 1 }'));
ENDSEC;

DATA;
#10=MECHANICAL_DESIGN_GEOMETRIC_PRESENTATION_REPRESENTATION('',(#29,#30,
#31),#17771);
#11=ITEM_DEFINED_TRANSFORMATION($,$,#9810,#10647);
#12=ITEM_DEFINED_TRANSFORMATION($,$,#10430,#10648);
#13=ITEM_DEFINED_TRANSFORMATION($,$,#10506,#10649);
#14=(
REPRESENTATION_RELATIONSHIP($,$,#17789,#17792)
REPRESENTATION_RELATIONSHIP_WITH_TRANSFORMATION(#11)
SHAPE_REPRESENTATION_RELATIONSHIP()
);
#15=(
REPRESENTATION_RELATIONSHIP($,$,#17790,#17792)
REPRESENTATION_RELATIONSHIP_WITH_TRANSFORMATION(#12)
SHAPE_REPRESENTATION_RELATIONSHIP()
);
#16=(
REPRESENTATION_RELATIONSHIP($,$,#17791,#17792)
REPRESENTATION_RELATIONSHIP_WITH_TRANSFORMATION(#13)
SHAPE_REPRESENTATION_RELATIONSHIP()
);
#17=CONTEXT_DEPENDENT_SHAPE_REPRESENTATION(#14,#17786);
#18=CONTEXT_DEPENDENT_SHAPE_REPRESENTATION(#15,#17787);
#19=CONTEXT_DEPENDENT_SHAPE_REPRESENTATION(#16,#17788);
#20=NEXT_ASSEMBLY_USAGE_OCCURRENCE('15',$,$,#17797,#17794,$);
#21=NEXT_ASSEMBLY_USAGE_OCCURRENCE('16',$,$,#17797,#17795,$);
#22=NEXT_ASSEMBLY_USAGE_OCCURRENCE('17',$,$,#17797,#17796,$);
#23=SHAPE_REPRESENTATION_RELATIONSHIP('SRR','None',#17789,#26);
#24=SHAPE_REPRESENTATION_RELATIONSHIP('SRR','None',#17790,#27);
#25=SHAPE_REPRESENTATION_RELATIONSHIP('SRR','None',#17791,#28);
#26=ADVANCED_BREP_SHAPE_REPRESENTATION($,(#32),#17767);
#27=ADVANCED_BREP_SHAPE_REPRESENTATION($,(#33),#17768);
#28=ADVANCED_BREP_SHAPE_REPRESENTATION($,(#34),#17769);
#29=STYLED_ITEM('',(#17814),#32);
#30=STYLED_ITEM('',(#17815),#33);
#31=STYLED_ITEM('',(#17813),#34);
#32=MANIFOLD_SOLID_BREP('Solido1',#9807);
#33=MANIFOLD_SOLID_BREP('Solido1',#9808);
#34=MANIFOLD_SOLID_BREP('Solido1',#9809);
#35=B_SPLINE_SURFACE_WITH_KNOTS('',3,3,((#13961,#13962,#13963,#13964),(#13965,
#13966,#13967,#13968),(#13969,#13970,#13971,#13972),(#13973,#13974,#13975,
#13976),(#13977,#13978,#13979,#13980)),.UNSPECIFIED.,.F.,.F.,.F.,(4,1,4),
(4,4),(1.64347417511E-13,0.5714285714286,0.9999999999997),(-1.570796326795,
-0.7854362702118),.UNSPECIFIED.);
#36=B_SPLINE_SURFACE_WITH_KNOTS('',3,3,((#13997,#13998,#13999,#14000),(#14001,
#14002,#14003,#14004),(#14005,#14006,#14007,#14008),(#14009,#14010,#14011,
#14012),(#14013,#14014,#14015,#14016)),.UNSPECIFIED.,.F.,.F.,.F.,(4,1,4),
(4,4),(-8.16176470338396E-5,0.5714285714286,1.000003720011),(-1.570796326795,
-0.776603791024813),.UNSPECIFIED.);
#37=B_SPLINE_SURFACE_WITH_KNOTS('',3,3,((#14017,#14018,#14019,#14020),(#14021,
#14022,#14023,#14024),(#14025,#14026,#14027,#14028),(#14029,#14030,#14031,
#14032),(#14033,#14034,#14035,#14036)),.UNSPECIFIED.,.F.,.F.,.F.,(4,1,4),
(4,4),(3.845156886038E-14,0.5714285714286,1.),(0.7854362702084,1.570796326795),
 .UNSPECIFIED.);
#38=B_SPLINE_SURFACE_WITH_KNOTS('',3,3,((#14077,#14078,#14079,#14080),(#14081,
#14082,#14083,#14084),(#14085,#14086,#14087,#14088),(#14089,#14090,#14091,
#14092),(#14093,#14094,#14095,#14096)),.UNSPECIFIED.,.F.,.F.,.F.,(4,1,4),
(4,4),(-1.66749514858E-14,0.5714285714286,1.),(0.7854362651827,1.570796326795),
 .UNSPECIFIED.);
#39=B_SPLINE_SURFACE_WITH_KNOTS('',3,3,((#14123,#14124,#14125,#14126),(#14127,
#14128,#14129,#14130),(#14131,#14132,#14133,#14134),(#14135,#14136,#14137,
#14138),(#14139,#14140,#14141,#14142)),.UNSPECIFIED.,.F.,.F.,.F.,(4,1,4),
(4,4),(5.646643498917E-14,0.5714285714286,1.),(-1.570796326795,-0.7854362651827),
 .UNSPECIFIED.);
#40=B_SPLINE_SURFACE_WITH_KNOTS('',3,3,((#14268,#14269,#14270,#14271),(#14272,
#14273,#14274,#14275),(#14276,#14277,#14278,#14279),(#14280,#14281,#14282,
#14283),(#14284,#14285,#14286,#14287)),.UNSPECIFIED.,.F.,.F.,.F.,(4,1,4),
(4,4),(-8.15960871076766E-5,0.5714285714286,1.000003719985),(0.776603820526985,
1.570796326795),.UNSPECIFIED.);
#41=B_SPLINE_SURFACE_WITH_KNOTS('',3,3,((#14492,#14493,#14494,#14495,#14496),
(#14497,#14498,#14499,#14500,#14501),(#14502,#14503,#14504,#14505,#14506),
(#14507,#14508,#14509,#14510,#14511),(#14512,#14513,#14514,#14515,#14516)),
 .UNSPECIFIED.,.F.,.F.,.F.,(4,1,4),(4,1,4),(-0.000635789018398491,0.5714285714286,
1.),(-1.57081449674135,-0.6733205461362,0.000133041038898336),
 .UNSPECIFIED.);
#42=B_SPLINE_SURFACE_WITH_KNOTS('',3,3,((#14544,#14545,#14546,#14547,#14548),
(#14549,#14550,#14551,#14552,#14553),(#14554,#14555,#14556,#14557,#14558),
(#14559,#14560,#14561,#14562,#14563),(#14564,#14565,#14566,#14567,#14568)),
 .UNSPECIFIED.,.F.,.F.,.F.,(4,1,4),(4,1,4),(-0.002372717422332,0.5714285714286,
1.),(-0.7853600862344,0.1121942981696,0.7853600853964),.UNSPECIFIED.);
#43=B_SPLINE_SURFACE_WITH_KNOTS('',3,3,((#14619,#14620,#14621,#14622,#14623),
(#14624,#14625,#14626,#14627,#14628),(#14629,#14630,#14631,#14632,#14633),
(#14634,#14635,#14636,#14637,#14638),(#14639,#14640,#14641,#14642,#14643)),
 .UNSPECIFIED.,.F.,.F.,.F.,(4,1,4),(4,1,4),(-0.001130463682976,0.5714285714286,
1.),(-0.652817512499,-0.09325964482403,0.6528175123955),.UNSPECIFIED.);
#44=B_SPLINE_SURFACE_WITH_KNOTS('',3,3,((#14709,#14710,#14711,#14712,#14713),
(#14714,#14715,#14716,#14717,#14718),(#14719,#14720,#14721,#14722,#14723),
(#14724,#14725,#14726,#14727,#14728),(#14729,#14730,#14731,#14732,#14733)),
 .UNSPECIFIED.,.F.,.F.,.F.,(4,1,4),(4,1,4),(-0.000839194766095289,0.5714285714286,
1.),(-0.000164616510572485,0.674344631024,1.570796241989),.UNSPECIFIED.);
#45=B_SPLINE_SURFACE_WITH_KNOTS('',3,3,((#14862,#14863,#14864,#14865,#14866),
(#14867,#14868,#14869,#14870,#14871),(#14872,#14873,#14874,#14875,#14876),
(#14877,#14878,#14879,#14880,#14881),(#14882,#14883,#14884,#14885,#14886)),
 .UNSPECIFIED.,.F.,.F.,.F.,(4,1,4),(4,1,4),(-0.000662512472999777,0.5714285714286,
1.),(-0.000129462241831225,0.6733205461239,1.57081458161033),
 .UNSPECIFIED.);
#46=B_SPLINE_SURFACE_WITH_KNOTS('',3,3,((#14907,#14908,#14909,#14910,#14911),
(#14912,#14913,#14914,#14915,#14916),(#14917,#14918,#14919,#14920,#14921),
(#14922,#14923,#14924,#14925,#14926),(#14927,#14928,#14929,#14930,#14931)),
 .UNSPECIFIED.,.F.,.F.,.F.,(4,1,4),(4,1,4),(-0.002439345362062,0.5714285714286,
1.),(-0.1970881410996,0.4759471496716,1.373327529983),.UNSPECIFIED.);
#47=B_SPLINE_SURFACE_WITH_KNOTS('',3,3,((#14932,#14933,#14934,#14935,#14936),
(#14937,#14938,#14939,#14940,#14941),(#14942,#14943,#14944,#14945,#14946),
(#14947,#14948,#14949,#14950,#14951),(#14952,#14953,#14954,#14955,#14956)),
 .UNSPECIFIED.,.F.,.F.,.F.,(4,1,4),(4,1,4),(-0.000747571588242951,0.5714285714286,
1.),(-1.570796246336,-0.6743446290904,0.000171282913760851),
 .UNSPECIFIED.);
#48=B_SPLINE_SURFACE_WITH_KNOTS('',3,3,((#15000,#15001,#15002,#15003,#15004),
(#15005,#15006,#15007,#15008,#15009),(#15010,#15011,#15012,#15013,#15014),
(#15015,#15016,#15017,#15018,#15019),(#15020,#15021,#15022,#15023,#15024)),
 .UNSPECIFIED.,.F.,.F.,.F.,(4,1,4),(4,1,4),(-0.001098865869081,0.5714285714286,
1.),(-0.6528175124994,0.09325964482403,0.6528175123987),.UNSPECIFIED.);
#49=B_SPLINE_SURFACE_WITH_KNOTS('',3,3,((#15082,#15083,#15084,#15085,#15086),
(#15087,#15088,#15089,#15090,#15091),(#15092,#15093,#15094,#15095,#15096),
(#15097,#15098,#15099,#15100,#15101),(#15102,#15103,#15104,#15105,#15106)),
 .UNSPECIFIED.,.F.,.F.,.F.,(4,1,4),(4,1,4),(2.459312992308E-13,0.5714285714286,
1.002905705189),(-0.7853600877719,-0.1121942981695,0.7853600880634),
 .UNSPECIFIED.);
#50=B_SPLINE_SURFACE_WITH_KNOTS('',3,3,((#15180,#15181,#15182,#15183,#15184),
(#15185,#15186,#15187,#15188,#15189),(#15190,#15191,#15192,#15193,#15194),
(#15195,#15196,#15197,#15198,#15199),(#15200,#15201,#15202,#15203,#15204)),
 .UNSPECIFIED.,.F.,.F.,.F.,(4,1,4),(4,1,4),(-0.002237314499745,0.5714285714286,
1.000048923658),(-1.562069680529,-0.6694584345144,5.799891987144E-13),
 .UNSPECIFIED.);
#51=B_SPLINE_SURFACE_WITH_KNOTS('',3,3,((#15215,#15216,#15217,#15218,#15219),
(#15220,#15221,#15222,#15223,#15224),(#15225,#15226,#15227,#15228,#15229),
(#15230,#15231,#15232,#15233,#15234),(#15235,#15236,#15237,#15238,#15239)),
 .UNSPECIFIED.,.F.,.F.,.F.,(4,1,4),(4,1,4),(-0.000607026744166465,0.5714285714286,
1.),(-0.000142229238922718,0.6733205461386,1.57081441451691),
 .UNSPECIFIED.);
#52=B_SPLINE_SURFACE_WITH_KNOTS('',3,3,((#15245,#15246,#15247,#15248,#15249),
(#15250,#15251,#15252,#15253,#15254),(#15255,#15256,#15257,#15258,#15259),
(#15260,#15261,#15262,#15263,#15264),(#15265,#15266,#15267,#15268,#15269)),
 .UNSPECIFIED.,.F.,.F.,.F.,(4,1,4),(4,1,4),(-0.002345811961828,0.5714285714286,
1.),(-0.7853600862795,0.1121942981695,0.7853600853968),.UNSPECIFIED.);
#53=B_SPLINE_SURFACE_WITH_KNOTS('',3,3,((#15285,#15286,#15287,#15288,#15289),
(#15290,#15291,#15292,#15293,#15294),(#15295,#15296,#15297,#15298,#15299),
(#15300,#15301,#15302,#15303,#15304),(#15305,#15306,#15307,#15308,#15309)),
 .UNSPECIFIED.,.F.,.F.,.F.,(4,1,4),(4,1,4),(-0.001217570540325,0.5714285714286,
1.),(0.2253185486316,0.7878645695447,1.537925880164),.UNSPECIFIED.);
#54=B_SPLINE_SURFACE_WITH_KNOTS('',3,3,((#15349,#15350,#15351,#15352,#15353),
(#15354,#15355,#15356,#15357,#15358),(#15359,#15360,#15361,#15362,#15363),
(#15364,#15365,#15366,#15367,#15368),(#15369,#15370,#15371,#15372,#15373)),
 .UNSPECIFIED.,.F.,.F.,.F.,(4,1,4),(4,1,4),(-0.00138030816999,0.5714285714286,
1.000000000003),(4.745259409423,5.307805399404,6.057866758423),
 .UNSPECIFIED.);
#55=B_SPLINE_SURFACE_WITH_KNOTS('',3,3,((#15397,#15398,#15399,#15400,#15401),
(#15402,#15403,#15404,#15405,#15406),(#15407,#15408,#15409,#15410,#15411),
(#15412,#15413,#15414,#15415,#15416),(#15417,#15418,#15419,#15420,#15421)),
 .UNSPECIFIED.,.F.,.F.,.F.,(4,1,4),(4,1,4),(-0.002541647243816,0.5714285714286,
1.),(-1.57080665413405,-0.8977607281846,-1.00175820021E-12),
 .UNSPECIFIED.);
#56=B_SPLINE_SURFACE_WITH_KNOTS('',3,3,((#15539,#15540,#15541,#15542,#15543,
#15544),(#15545,#15546,#15547,#15548,#15549,#15550),(#15551,#15552,#15553,
#15554,#15555,#15556),(#15557,#15558,#15559,#15560,#15561,#15562),(#15563,
#15564,#15565,#15566,#15567,#15568)),.UNSPECIFIED.,.F.,.F.,.F.,(4,1,4),
(4,1,1,4),(1.281040017619E-13,0.5714285714286,1.001124843969),(-0.7853600877374,
-0.3365828945083,0.1121942981697,0.7853600880779),.UNSPECIFIED.);
#57=B_SPLINE_SURFACE_WITH_KNOTS('',3,3,((#15592,#15593,#15594,#15595,#15596),
(#15597,#15598,#15599,#15600,#15601),(#15602,#15603,#15604,#15605,#15606),
(#15607,#15608,#15609,#15610,#15611),(#15612,#15613,#15614,#15615,#15616)),
 .UNSPECIFIED.,.F.,.F.,.F.,(4,1,4),(4,1,4),(-0.00247679754691,0.5714285714286,
1.0000719086563),(4.9097858685636,5.582893060272,6.4803453564964),
 .UNSPECIFIED.);
#58=B_SPLINE_SURFACE_WITH_KNOTS('',3,1,((#15747,#15748),(#15749,#15750),
(#15751,#15752),(#15753,#15754)),.UNSPECIFIED.,.F.,.F.,.F.,(4,4),(2,2),
(0.,1.),(-10000.,10000.),.UNSPECIFIED.);
#59=B_SPLINE_SURFACE_WITH_KNOTS('',3,1,((#15818,#15819),(#15820,#15821),
(#15822,#15823),(#15824,#15825)),.UNSPECIFIED.,.F.,.F.,.F.,(4,4),(2,2),
(0.,1.),(-10000.,10000.),.UNSPECIFIED.);
#60=B_SPLINE_SURFACE_WITH_KNOTS('',3,1,((#15827,#15828),(#15829,#15830),
(#15831,#15832),(#15833,#15834)),.UNSPECIFIED.,.F.,.F.,.F.,(4,4),(2,2),
(0.,1.),(-10000.,10000.),.UNSPECIFIED.);
#61=B_SPLINE_SURFACE_WITH_KNOTS('',3,1,((#15836,#15837),(#15838,#15839),
(#15840,#15841),(#15842,#15843)),.UNSPECIFIED.,.F.,.F.,.F.,(4,4),(2,2),
(0.,1.),(-10000.,10000.),.UNSPECIFIED.);
#62=B_SPLINE_SURFACE_WITH_KNOTS('',3,1,((#15844,#15845),(#15846,#15847),
(#15848,#15849),(#15850,#15851)),.UNSPECIFIED.,.F.,.F.,.F.,(4,4),(2,2),
(0.,1.),(-10000.,10000.),.UNSPECIFIED.);
#63=B_SPLINE_SURFACE_WITH_KNOTS('',3,1,((#15860,#15861),(#15862,#15863),
(#15864,#15865),(#15866,#15867)),.UNSPECIFIED.,.F.,.F.,.F.,(4,4),(2,2),
(0.,1.),(-10000.,10000.),.UNSPECIFIED.);
#64=B_SPLINE_SURFACE_WITH_KNOTS('',3,1,((#15874,#15875),(#15876,#15877),
(#15878,#15879),(#15880,#15881)),.UNSPECIFIED.,.F.,.F.,.F.,(4,4),(2,2),
(0.,1.),(-10000.,10000.),.UNSPECIFIED.);
#65=B_SPLINE_SURFACE_WITH_KNOTS('',3,1,((#15888,#15889),(#15890,#15891),
(#15892,#15893),(#15894,#15895)),.UNSPECIFIED.,.F.,.F.,.F.,(4,4),(2,2),
(0.,1.),(-10000.,10000.),.UNSPECIFIED.);
#66=B_SPLINE_SURFACE_WITH_KNOTS('',3,1,((#15902,#15903),(#15904,#15905),
(#15906,#15907),(#15908,#15909)),.UNSPECIFIED.,.F.,.F.,.F.,(4,4),(2,2),
(0.,1.),(-10000.,10000.),.UNSPECIFIED.);
#67=B_SPLINE_SURFACE_WITH_KNOTS('',3,1,((#15916,#15917),(#15918,#15919),
(#15920,#15921),(#15922,#15923)),.UNSPECIFIED.,.F.,.F.,.F.,(4,4),(2,2),
(0.,1.),(-10000.,10000.),.UNSPECIFIED.);
#68=B_SPLINE_SURFACE_WITH_KNOTS('',3,1,((#15930,#15931),(#15932,#15933),
(#15934,#15935),(#15936,#15937)),.UNSPECIFIED.,.F.,.F.,.F.,(4,4),(2,2),
(0.,1.),(-10000.,10000.),.UNSPECIFIED.);
#69=B_SPLINE_SURFACE_WITH_KNOTS('',3,1,((#15944,#15945),(#15946,#15947),
(#15948,#15949),(#15950,#15951)),.UNSPECIFIED.,.F.,.F.,.F.,(4,4),(2,2),
(0.,1.),(-10000.,10000.),.UNSPECIFIED.);
#70=B_SPLINE_SURFACE_WITH_KNOTS('',3,1,((#16096,#16097),(#16098,#16099),
(#16100,#16101),(#16102,#16103)),.UNSPECIFIED.,.F.,.F.,.F.,(4,4),(2,2),
(0.,1.),(-10000.,10000.),.UNSPECIFIED.);
#71=B_SPLINE_SURFACE_WITH_KNOTS('',3,1,((#16188,#16189),(#16190,#16191),
(#16192,#16193),(#16194,#16195),(#16196,#16197),(#16198,#16199)),
 .UNSPECIFIED.,.F.,.F.,.F.,(4,1,1,4),(2,2),(0.,0.25,0.625,1.),(-10000.,
10000.),.UNSPECIFIED.);
#72=B_SPLINE_SURFACE_WITH_KNOTS('',3,1,((#16259,#16260),(#16261,#16262),
(#16263,#16264),(#16265,#16266)),.UNSPECIFIED.,.F.,.F.,.F.,(4,4),(2,2),
(0.,1.),(-10000.,10000.),.UNSPECIFIED.);
#73=B_SPLINE_SURFACE_WITH_KNOTS('',3,1,((#16269,#16270),(#16271,#16272),
(#16273,#16274),(#16275,#16276)),.UNSPECIFIED.,.F.,.F.,.F.,(4,4),(2,2),
(0.,1.),(-10000.,10000.),.UNSPECIFIED.);
#74=B_SPLINE_SURFACE_WITH_KNOTS('',3,1,((#16278,#16279),(#16280,#16281),
(#16282,#16283),(#16284,#16285),(#16286,#16287),(#16288,#16289)),
 .UNSPECIFIED.,.F.,.F.,.F.,(4,1,1,4),(2,2),(0.,0.25,0.625,1.),(-10000.,
10000.),.UNSPECIFIED.);
#75=B_SPLINE_SURFACE_WITH_KNOTS('',3,1,((#16290,#16291),(#16292,#16293),
(#16294,#16295),(#16296,#16297)),.UNSPECIFIED.,.F.,.F.,.F.,(4,4),(2,2),
(0.,1.),(-10000.,10000.),.UNSPECIFIED.);
#76=B_SPLINE_SURFACE_WITH_KNOTS('',3,1,((#16299,#16300),(#16301,#16302),
(#16303,#16304),(#16305,#16306),(#16307,#16308),(#16309,#16310)),
 .UNSPECIFIED.,.F.,.F.,.F.,(4,1,1,4),(2,2),(0.,0.25,0.625,1.),(-10000.,
10000.),.UNSPECIFIED.);
#77=B_SPLINE_SURFACE_WITH_KNOTS('',3,1,((#16311,#16312),(#16313,#16314),
(#16315,#16316),(#16317,#16318)),.UNSPECIFIED.,.F.,.F.,.F.,(4,4),(2,2),
(0.,1.),(-10000.,10000.),.UNSPECIFIED.);
#78=B_SPLINE_SURFACE_WITH_KNOTS('',3,1,((#16327,#16328),(#16329,#16330),
(#16331,#16332),(#16333,#16334)),.UNSPECIFIED.,.F.,.F.,.F.,(4,4),(2,2),
(0.,1.),(-10000.,10000.),.UNSPECIFIED.);
#79=B_SPLINE_SURFACE_WITH_KNOTS('',3,1,((#16341,#16342),(#16343,#16344),
(#16345,#16346),(#16347,#16348)),.UNSPECIFIED.,.F.,.F.,.F.,(4,4),(2,2),
(0.,1.),(-10000.,10000.),.UNSPECIFIED.);
#80=B_SPLINE_SURFACE_WITH_KNOTS('',3,1,((#16355,#16356),(#16357,#16358),
(#16359,#16360),(#16361,#16362)),.UNSPECIFIED.,.F.,.F.,.F.,(4,4),(2,2),
(0.,1.),(-10000.,10000.),.UNSPECIFIED.);
#81=B_SPLINE_SURFACE_WITH_KNOTS('',3,1,((#16368,#16369),(#16370,#16371),
(#16372,#16373),(#16374,#16375)),.UNSPECIFIED.,.F.,.F.,.F.,(4,4),(2,2),
(0.,1.),(-10000.,10000.),.UNSPECIFIED.);
#82=B_SPLINE_SURFACE_WITH_KNOTS('',3,1,((#16443,#16444),(#16445,#16446),
(#16447,#16448),(#16449,#16450)),.UNSPECIFIED.,.F.,.F.,.F.,(4,4),(2,2),
(0.,1.),(-10000.,10000.),.UNSPECIFIED.);
#83=B_SPLINE_SURFACE_WITH_KNOTS('',3,1,((#16452,#16453),(#16454,#16455),
(#16456,#16457),(#16458,#16459)),.UNSPECIFIED.,.F.,.F.,.F.,(4,4),(2,2),
(0.,1.),(-10000.,10000.),.UNSPECIFIED.);
#84=B_SPLINE_SURFACE_WITH_KNOTS('',3,1,((#16461,#16462),(#16463,#16464),
(#16465,#16466),(#16467,#16468)),.UNSPECIFIED.,.F.,.F.,.F.,(4,4),(2,2),
(0.,1.),(-10000.,10000.),.UNSPECIFIED.);
#85=B_SPLINE_SURFACE_WITH_KNOTS('',3,1,((#16475,#16476),(#16477,#16478),
(#16479,#16480),(#16481,#16482)),.UNSPECIFIED.,.F.,.F.,.F.,(4,4),(2,2),
(0.,1.),(-10000.,10000.),.UNSPECIFIED.);
#86=B_SPLINE_SURFACE_WITH_KNOTS('',3,1,((#16489,#16490),(#16491,#16492),
(#16493,#16494),(#16495,#16496)),.UNSPECIFIED.,.F.,.F.,.F.,(4,4),(2,2),
(0.,1.),(-10000.,10000.),.UNSPECIFIED.);
#87=B_SPLINE_SURFACE_WITH_KNOTS('',3,1,((#16503,#16504),(#16505,#16506),
(#16507,#16508),(#16509,#16510),(#16511,#16512),(#16513,#16514),(#16515,
#16516)),.UNSPECIFIED.,.F.,.F.,.F.,(4,1,1,1,4),(2,2),(0.,0.25,0.375,0.5,
1.),(-10000.,10000.),.UNSPECIFIED.);
#88=B_SPLINE_SURFACE_WITH_KNOTS('',3,1,((#16599,#16600),(#16601,#16602),
(#16603,#16604),(#16605,#16606)),.UNSPECIFIED.,.F.,.F.,.F.,(4,4),(2,2),
(0.,1.),(-10000.,10000.),.UNSPECIFIED.);
#89=B_SPLINE_SURFACE_WITH_KNOTS('',3,1,((#16608,#16609),(#16610,#16611),
(#16612,#16613),(#16614,#16615)),.UNSPECIFIED.,.F.,.F.,.F.,(4,4),(2,2),
(0.,1.),(-10000.,10000.),.UNSPECIFIED.);
#90=B_SPLINE_SURFACE_WITH_KNOTS('',3,1,((#16617,#16618),(#16619,#16620),
(#16621,#16622),(#16623,#16624)),.UNSPECIFIED.,.F.,.F.,.F.,(4,4),(2,2),
(0.,1.),(-10000.,10000.),.UNSPECIFIED.);
#91=B_SPLINE_SURFACE_WITH_KNOTS('',3,1,((#16626,#16627),(#16628,#16629),
(#16630,#16631),(#16632,#16633)),.UNSPECIFIED.,.F.,.F.,.F.,(4,4),(2,2),
(0.,1.),(-10000.,10000.),.UNSPECIFIED.);
#92=B_SPLINE_SURFACE_WITH_KNOTS('',3,1,((#16640,#16641),(#16642,#16643),
(#16644,#16645),(#16646,#16647)),.UNSPECIFIED.,.F.,.F.,.F.,(4,4),(2,2),
(0.,1.),(-10000.,10000.),.UNSPECIFIED.);
#93=B_SPLINE_SURFACE_WITH_KNOTS('',3,1,((#16654,#16655),(#16656,#16657),
(#16658,#16659),(#16660,#16661)),.UNSPECIFIED.,.F.,.F.,.F.,(4,4),(2,2),
(0.,1.),(-10000.,10000.),.UNSPECIFIED.);
#94=B_SPLINE_SURFACE_WITH_KNOTS('',3,1,((#16668,#16669),(#16670,#16671),
(#16672,#16673),(#16674,#16675),(#16676,#16677),(#16678,#16679),(#16680,
#16681)),.UNSPECIFIED.,.F.,.F.,.F.,(4,1,1,1,4),(2,2),(0.,0.25,0.375,0.5,
1.),(-10000.,10000.),.UNSPECIFIED.);
#95=B_SPLINE_SURFACE_WITH_KNOTS('',3,1,((#16731,#16732),(#16733,#16734),
(#16735,#16736),(#16737,#16738),(#16739,#16740),(#16741,#16742)),
 .UNSPECIFIED.,.F.,.F.,.F.,(4,1,1,4),(2,2),(0.,0.25,0.625,1.),(-10000.,
10000.),.UNSPECIFIED.);
#96=B_SPLINE_SURFACE_WITH_KNOTS('',3,1,((#16802,#16803),(#16804,#16805),
(#16806,#16807),(#16808,#16809)),.UNSPECIFIED.,.F.,.F.,.F.,(4,4),(2,2),
(0.,1.),(-10000.,10000.),.UNSPECIFIED.);
#97=B_SPLINE_SURFACE_WITH_KNOTS('',3,1,((#16812,#16813),(#16814,#16815),
(#16816,#16817),(#16818,#16819)),.UNSPECIFIED.,.F.,.F.,.F.,(4,4),(2,2),
(0.,1.),(-10000.,10000.),.UNSPECIFIED.);
#98=B_SPLINE_SURFACE_WITH_KNOTS('',3,1,((#16821,#16822),(#16823,#16824),
(#16825,#16826),(#16827,#16828),(#16829,#16830),(#16831,#16832)),
 .UNSPECIFIED.,.F.,.F.,.F.,(4,1,1,4),(2,2),(0.,0.25,0.625,1.),(-10000.,
10000.),.UNSPECIFIED.);
#99=B_SPLINE_SURFACE_WITH_KNOTS('',3,1,((#16833,#16834),(#16835,#16836),
(#16837,#16838),(#16839,#16840)),.UNSPECIFIED.,.F.,.F.,.F.,(4,4),(2,2),
(0.,1.),(-10000.,10000.),.UNSPECIFIED.);
#100=B_SPLINE_SURFACE_WITH_KNOTS('',3,1,((#16842,#16843),(#16844,#16845),
(#16846,#16847),(#16848,#16849),(#16850,#16851),(#16852,#16853)),
 .UNSPECIFIED.,.F.,.F.,.F.,(4,1,1,4),(2,2),(0.,0.25,0.625,1.),(-10000.,
10000.),.UNSPECIFIED.);
#101=B_SPLINE_SURFACE_WITH_KNOTS('',3,1,((#16854,#16855),(#16856,#16857),
(#16858,#16859),(#16860,#16861)),.UNSPECIFIED.,.F.,.F.,.F.,(4,4),(2,2),
(0.,1.),(-10000.,10000.),.UNSPECIFIED.);
#102=B_SPLINE_SURFACE_WITH_KNOTS('',3,1,((#16870,#16871),(#16872,#16873),
(#16874,#16875),(#16876,#16877)),.UNSPECIFIED.,.F.,.F.,.F.,(4,4),(2,2),
(0.,1.),(-10000.,10000.),.UNSPECIFIED.);
#103=B_SPLINE_SURFACE_WITH_KNOTS('',3,1,((#16884,#16885),(#16886,#16887),
(#16888,#16889),(#16890,#16891)),.UNSPECIFIED.,.F.,.F.,.F.,(4,4),(2,2),
(0.,1.),(-10000.,10000.),.UNSPECIFIED.);
#104=B_SPLINE_SURFACE_WITH_KNOTS('',3,1,((#16898,#16899),(#16900,#16901),
(#16902,#16903),(#16904,#16905)),.UNSPECIFIED.,.F.,.F.,.F.,(4,4),(2,2),
(0.,1.),(-10000.,10000.),.UNSPECIFIED.);
#105=SPHERICAL_SURFACE('',#9893,0.25);
#106=SPHERICAL_SURFACE('',#9900,0.2);
#107=SPHERICAL_SURFACE('',#9911,0.2);
#108=SPHERICAL_SURFACE('',#9934,0.1);
#109=SPHERICAL_SURFACE('',#9942,0.1);
#110=SPHERICAL_SURFACE('',#9956,0.25);
#111=SPHERICAL_SURFACE('',#9965,0.1);
#112=SPHERICAL_SURFACE('',#9977,0.1);
#113=SPHERICAL_SURFACE('',#9985,0.1);
#114=SPHERICAL_SURFACE('',#10003,0.1);
#115=SPHERICAL_SURFACE('',#10011,0.1);
#116=SPHERICAL_SURFACE('',#10027,0.1);
#117=SPHERICAL_SURFACE('',#10032,0.1);
#118=SPHERICAL_SURFACE('',#10037,0.1);
#119=SPHERICAL_SURFACE('',#10061,0.1);
#120=SPHERICAL_SURFACE('',#10066,0.1);
#121=SPHERICAL_SURFACE('',#10074,0.1);
#122=SPHERICAL_SURFACE('',#10079,0.1);
#123=SPHERICAL_SURFACE('',#10090,0.1);
#124=SPHERICAL_SURFACE('',#10099,0.1);
#125=SPHERICAL_SURFACE('',#10122,0.1);
#126=SPHERICAL_SURFACE('',#10135,0.1);
#127=SPHERICAL_SURFACE('',#10150,0.1);
#128=SPHERICAL_SURFACE('',#10160,0.1);
#129=SPHERICAL_SURFACE('',#10169,0.1);
#130=SPHERICAL_SURFACE('',#10174,0.1);
#131=SPHERICAL_SURFACE('',#10191,0.1);
#132=SPHERICAL_SURFACE('',#10215,0.1);
#133=SPHERICAL_SURFACE('',#10236,0.25);
#134=SPHERICAL_SURFACE('',#10242,0.25);
#135=SPHERICAL_SURFACE('',#10333,0.1);
#136=SPHERICAL_SURFACE('',#10338,0.1);
#137=SPHERICAL_SURFACE('',#10356,0.1);
#138=SPHERICAL_SURFACE('',#10361,0.1);
#139=SPHERICAL_SURFACE('',#10546,0.5);
#140=SPHERICAL_SURFACE('',#10551,0.5);
#141=SPHERICAL_SURFACE('',#10583,0.5);
#142=SPHERICAL_SURFACE('',#10588,0.5);
#143=TOROIDAL_SURFACE('',#9867,0.9,0.1);
#144=TOROIDAL_SURFACE('',#9876,0.9,0.1);
#145=TOROIDAL_SURFACE('',#9884,0.9,0.1);
#146=TOROIDAL_SURFACE('',#9890,0.9,0.1);
#147=TOROIDAL_SURFACE('',#10105,2.1,0.1);
#148=TOROIDAL_SURFACE('',#10113,0.2,0.1);
#149=TOROIDAL_SURFACE('',#10179,2.1,0.1);
#150=TOROIDAL_SURFACE('',#10187,0.2,0.1);
#151=TOROIDAL_SURFACE('',#10204,1.898047505175,0.09999780433601);
#152=TOROIDAL_SURFACE('',#10239,4.25,0.25);
#153=TOROIDAL_SURFACE('',#10252,2.25,0.25);
#154=TOROIDAL_SURFACE('',#10269,0.9,0.1);
#155=TOROIDAL_SURFACE('',#10274,0.9,0.1);
#156=TOROIDAL_SURFACE('',#10278,0.9,0.1);
#157=TOROIDAL_SURFACE('',#10282,0.9,0.1);
#158=ELLIPSE('',#9828,0.258819045102519,0.25);
#159=ELLIPSE('',#9844,0.258819045102519,0.25);
#160=ELLIPSE('',#9845,0.258819045102519,0.25);
#161=ELLIPSE('',#9899,0.250019038830405,0.25);
#162=ELLIPSE('',#9902,0.250019038830405,0.25);
#163=ELLIPSE('',#9903,0.250019038830405,0.25);
#164=ELLIPSE('',#9904,0.250019038830405,0.25);
#165=ELLIPSE('',#9912,0.174690462081952,0.150096929643328);
#166=ELLIPSE('',#9913,0.174201231155831,0.150493255373691);
#167=ELLIPSE('',#9915,0.258819045102519,0.25);
#168=ELLIPSE('',#9976,0.14142135623731,0.1);
#169=ELLIPSE('',#10041,0.190595251285971,0.18431102637563);
#170=ELLIPSE('',#10045,0.189987455378524,0.183253525033839);
#171=ELLIPSE('',#10052,0.100413776511007,0.10001408150016);
#172=ELLIPSE('',#10057,0.0879342939761177,0.0744970798386823);
#173=ELLIPSE('',#10058,0.0869783683195886,0.0742430194514445);
#174=ELLIPSE('',#10127,0.0879121317276942,0.074451047363519);
#175=ELLIPSE('',#10141,0.0923107003717129,0.080891300390909);
#176=ELLIPSE('',#10157,0.0991329991672454,0.0758003146126233);
#177=ELLIPSE('',#10195,0.141421356237313,0.1);
#178=ELLIPSE('',#10329,0.122077458876142,0.1);
#179=ELLIPSE('',#10330,0.122077458876142,0.1);
#180=ELLIPSE('',#10342,0.14142135623731,0.1);
#181=ELLIPSE('',#10347,0.14142135623731,0.1);
#182=ELLIPSE('',#10352,0.122077458876142,0.1);
#183=ELLIPSE('',#10353,0.122077458876142,0.1);
#184=ELLIPSE('',#10365,0.14142135623731,0.1);
#185=ELLIPSE('',#10370,0.141421356237313,0.1);
#186=ELLIPSE('',#10529,1.50003655483272,1.5);
#187=ELLIPSE('',#10530,1.50003655483272,1.5);
#188=ELLIPSE('',#10531,1.50003655483272,1.5);
#189=ELLIPSE('',#10532,1.50003655483272,1.5);
#190=ELLIPSE('',#10566,1.50003655483272,1.5);
#191=ELLIPSE('',#10568,1.50003655483272,1.5);
#192=ELLIPSE('',#10569,1.50003655483272,1.5);
#193=ELLIPSE('',#10570,1.50003655483272,1.5);
#194=ELLIPSE('',#10598,0.500012184944241,0.5);
#195=ELLIPSE('',#10599,0.500012184944241,0.5);
#196=ELLIPSE('',#10600,0.500012184944241,0.5);
#197=ELLIPSE('',#10601,0.500012184944241,0.5);
#198=CYLINDRICAL_SURFACE('',#9821,0.25);
#199=CYLINDRICAL_SURFACE('',#9826,0.25);
#200=CYLINDRICAL_SURFACE('',#9853,0.25);
#201=CYLINDRICAL_SURFACE('',#9859,0.25);
#202=CYLINDRICAL_SURFACE('',#9861,0.1);
#203=CYLINDRICAL_SURFACE('',#9864,1.);
#204=CYLINDRICAL_SURFACE('',#9871,0.1);
#205=CYLINDRICAL_SURFACE('',#9874,0.1);
#206=CYLINDRICAL_SURFACE('',#9879,0.1);
#207=CYLINDRICAL_SURFACE('',#9881,0.1);
#208=CYLINDRICAL_SURFACE('',#9887,0.1);
#209=CYLINDRICAL_SURFACE('',#9889,1.);
#210=CYLINDRICAL_SURFACE('',#9891,0.25);
#211=CYLINDRICAL_SURFACE('',#9896,0.25);
#212=CYLINDRICAL_SURFACE('',#9898,0.25);
#213=CYLINDRICAL_SURFACE('',#9909,0.25);
#214=CYLINDRICAL_SURFACE('',#9910,0.25);
#215=CYLINDRICAL_SURFACE('',#9914,0.25);
#216=CYLINDRICAL_SURFACE('',#9918,1.5);
#217=CYLINDRICAL_SURFACE('',#9920,1.5);
#218=CYLINDRICAL_SURFACE('',#9922,0.5);
#219=CYLINDRICAL_SURFACE('',#9926,0.5);
#220=CYLINDRICAL_SURFACE('',#9928,1.5);
#221=CYLINDRICAL_SURFACE('',#9930,1.5);
#222=CYLINDRICAL_SURFACE('',#9932,0.1);
#223=CYLINDRICAL_SURFACE('',#9937,0.1);
#224=CYLINDRICAL_SURFACE('',#9940,0.1);
#225=CYLINDRICAL_SURFACE('',#9944,0.1);
#226=CYLINDRICAL_SURFACE('',#9947,0.1);
#227=CYLINDRICAL_SURFACE('',#9950,0.1);
#228=CYLINDRICAL_SURFACE('',#9954,0.25);
#229=CYLINDRICAL_SURFACE('',#9958,0.25);
#230=CYLINDRICAL_SURFACE('',#9959,0.1);
#231=CYLINDRICAL_SURFACE('',#9963,0.1);
#232=CYLINDRICAL_SURFACE('',#9968,0.1);
#233=CYLINDRICAL_SURFACE('',#9974,0.1);
#234=CYLINDRICAL_SURFACE('',#9980,0.1);
#235=CYLINDRICAL_SURFACE('',#9983,0.1);
#236=CYLINDRICAL_SURFACE('',#9988,0.1);
#237=CYLINDRICAL_SURFACE('',#9992,0.1);
#238=CYLINDRICAL_SURFACE('',#9997,0.1);
#239=CYLINDRICAL_SURFACE('',#10000,0.1);
#240=CYLINDRICAL_SURFACE('',#10006,0.1);
#241=CYLINDRICAL_SURFACE('',#10009,0.1);
#242=CYLINDRICAL_SURFACE('',#10014,0.1);
#243=CYLINDRICAL_SURFACE('',#10017,0.1);
#244=CYLINDRICAL_SURFACE('',#10020,0.1);
#245=CYLINDRICAL_SURFACE('',#10024,0.1);
#246=CYLINDRICAL_SURFACE('',#10030,0.1);
#247=CYLINDRICAL_SURFACE('',#10035,0.1);
#248=CYLINDRICAL_SURFACE('',#10038,0.1);
#249=CYLINDRICAL_SURFACE('',#10039,0.1);
#250=CYLINDRICAL_SURFACE('',#10047,0.1);
#251=CYLINDRICAL_SURFACE('',#10050,0.1);
#252=CYLINDRICAL_SURFACE('',#10054,0.1);
#253=CYLINDRICAL_SURFACE('',#10059,0.1);
#254=CYLINDRICAL_SURFACE('',#10064,0.1);
#255=CYLINDRICAL_SURFACE('',#10068,0.1);
#256=CYLINDRICAL_SURFACE('',#10070,0.1);
#257=CYLINDRICAL_SURFACE('',#10072,0.1);
#258=CYLINDRICAL_SURFACE('',#10077,0.1);
#259=CYLINDRICAL_SURFACE('',#10082,0.1);
#260=CYLINDRICAL_SURFACE('',#10087,0.1);
#261=CYLINDRICAL_SURFACE('',#10093,0.1);
#262=CYLINDRICAL_SURFACE('',#10097,0.1);
#263=CYLINDRICAL_SURFACE('',#10102,0.1);
#264=CYLINDRICAL_SURFACE('',#10103,0.1);
#265=CYLINDRICAL_SURFACE('',#10108,0.1);
#266=CYLINDRICAL_SURFACE('',#10110,0.1);
#267=CYLINDRICAL_SURFACE('',#10115,0.1);
#268=CYLINDRICAL_SURFACE('',#10117,0.1);
#269=CYLINDRICAL_SURFACE('',#10120,2.);
#270=CYLINDRICAL_SURFACE('',#10125,0.1);
#271=CYLINDRICAL_SURFACE('',#10129,0.1);
#272=CYLINDRICAL_SURFACE('',#10133,0.1);
#273=CYLINDRICAL_SURFACE('',#10138,0.1);
#274=CYLINDRICAL_SURFACE('',#10142,0.1);
#275=CYLINDRICAL_SURFACE('',#10144,0.1);
#276=CYLINDRICAL_SURFACE('',#10146,0.1);
#277=CYLINDRICAL_SURFACE('',#10148,0.1);
#278=CYLINDRICAL_SURFACE('',#10153,0.1);
#279=CYLINDRICAL_SURFACE('',#10155,0.1);
#280=CYLINDRICAL_SURFACE('',#10158,0.1);
#281=CYLINDRICAL_SURFACE('',#10162,0.1);
#282=CYLINDRICAL_SURFACE('',#10164,0.1);
#283=CYLINDRICAL_SURFACE('',#10167,0.1);
#284=CYLINDRICAL_SURFACE('',#10172,0.1);
#285=CYLINDRICAL_SURFACE('',#10177,0.1);
#286=CYLINDRICAL_SURFACE('',#10182,0.1);
#287=CYLINDRICAL_SURFACE('',#10184,0.1);
#288=CYLINDRICAL_SURFACE('',#10189,0.1);
#289=CYLINDRICAL_SURFACE('',#10194,0.1);
#290=CYLINDRICAL_SURFACE('',#10196,0.1);
#291=CYLINDRICAL_SURFACE('',#10199,0.1);
#292=CYLINDRICAL_SURFACE('',#10202,2.);
#293=CYLINDRICAL_SURFACE('',#10209,0.1);
#294=CYLINDRICAL_SURFACE('',#10212,0.1);
#295=CYLINDRICAL_SURFACE('',#10213,0.1);
#296=CYLINDRICAL_SURFACE('',#10217,0.1);
#297=CYLINDRICAL_SURFACE('',#10219,0.1);
#298=CYLINDRICAL_SURFACE('',#10222,0.1);
#299=CYLINDRICAL_SURFACE('',#10234,0.25);
#300=CYLINDRICAL_SURFACE('',#10245,0.25);
#301=CYLINDRICAL_SURFACE('',#10248,0.25);
#302=CYLINDRICAL_SURFACE('',#10249,4.);
#303=CYLINDRICAL_SURFACE('',#10250,2.);
#304=CYLINDRICAL_SURFACE('',#10254,0.25);
#305=CYLINDRICAL_SURFACE('',#10256,0.1);
#306=CYLINDRICAL_SURFACE('',#10259,0.1);
#307=CYLINDRICAL_SURFACE('',#10264,0.1);
#308=CYLINDRICAL_SURFACE('',#10267,0.1);
#309=CYLINDRICAL_SURFACE('',#10272,0.1);
#310=CYLINDRICAL_SURFACE('',#10276,1.);
#311=CYLINDRICAL_SURFACE('',#10280,0.1);
#312=CYLINDRICAL_SURFACE('',#10284,1.);
#313=CYLINDRICAL_SURFACE('',#10331,0.1);
#314=CYLINDRICAL_SURFACE('',#10336,0.1);
#315=CYLINDRICAL_SURFACE('',#10341,0.1);
#316=CYLINDRICAL_SURFACE('',#10343,0.1);
#317=CYLINDRICAL_SURFACE('',#10344,0.1);
#318=CYLINDRICAL_SURFACE('',#10346,0.1);
#319=CYLINDRICAL_SURFACE('',#10348,0.1);
#320=CYLINDRICAL_SURFACE('',#10354,0.1);
#321=CYLINDRICAL_SURFACE('',#10359,0.1);
#322=CYLINDRICAL_SURFACE('',#10364,0.1);
#323=CYLINDRICAL_SURFACE('',#10366,0.1);
#324=CYLINDRICAL_SURFACE('',#10367,0.1);
#325=CYLINDRICAL_SURFACE('',#10369,0.1);
#326=CYLINDRICAL_SURFACE('',#10371,0.1);
#327=CYLINDRICAL_SURFACE('',#10440,27.99792642867);
#328=CYLINDRICAL_SURFACE('',#10442,0.1);
#329=CYLINDRICAL_SURFACE('',#10451,0.1);
#330=CYLINDRICAL_SURFACE('',#10479,27.99792642867);
#331=CYLINDRICAL_SURFACE('',#10480,0.1);
#332=CYLINDRICAL_SURFACE('',#10481,0.5);
#333=CYLINDRICAL_SURFACE('',#10482,1.);
#334=CYLINDRICAL_SURFACE('',#10483,26.5);
#335=CYLINDRICAL_SURFACE('',#10484,1.5);
#336=CYLINDRICAL_SURFACE('',#10486,1.5);
#337=CYLINDRICAL_SURFACE('',#10488,0.1);
#338=CYLINDRICAL_SURFACE('',#10491,1.5);
#339=CYLINDRICAL_SURFACE('',#10493,1.5);
#340=CYLINDRICAL_SURFACE('',#10494,26.5);
#341=CYLINDRICAL_SURFACE('',#10495,1.);
#342=CYLINDRICAL_SURFACE('',#10496,0.5);
#343=CYLINDRICAL_SURFACE('',#10514,0.5);
#344=CYLINDRICAL_SURFACE('',#10533,1.5);
#345=CYLINDRICAL_SURFACE('',#10539,0.5);
#346=CYLINDRICAL_SURFACE('',#10544,0.5);
#347=CYLINDRICAL_SURFACE('',#10549,0.5);
#348=CYLINDRICAL_SURFACE('',#10554,0.5);
#349=CYLINDRICAL_SURFACE('',#10559,0.5);
#350=CYLINDRICAL_SURFACE('',#10565,1.5);
#351=CYLINDRICAL_SURFACE('',#10578,0.5);
#352=CYLINDRICAL_SURFACE('',#10581,0.5);
#353=CYLINDRICAL_SURFACE('',#10586,0.5);
#354=CYLINDRICAL_SURFACE('',#10590,0.5);
#355=CYLINDRICAL_SURFACE('',#10594,0.5);
#356=CYLINDRICAL_SURFACE('',#10618,0.5);
#357=CYLINDRICAL_SURFACE('',#10620,0.5);
#358=CYLINDRICAL_SURFACE('',#10622,0.5);
#359=CYLINDRICAL_SURFACE('',#10624,0.5);
#360=CYLINDRICAL_SURFACE('',#10628,1.5);
#361=CYLINDRICAL_SURFACE('',#10630,1.5);
#362=CYLINDRICAL_SURFACE('',#10632,1.5);
#363=CYLINDRICAL_SURFACE('',#10634,1.5);
#364=CYLINDRICAL_SURFACE('',#10636,1.5);
#365=CYLINDRICAL_SURFACE('',#10638,1.5);
#366=CYLINDRICAL_SURFACE('',#10640,0.5);
#367=FACE_BOUND('',#1092,.T.);
#368=FACE_BOUND('',#1093,.T.);
#369=FACE_BOUND('',#1094,.T.);
#370=FACE_BOUND('',#1095,.T.);
#371=FACE_BOUND('',#1096,.T.);
#372=FACE_BOUND('',#1097,.T.);
#373=FACE_BOUND('',#1098,.T.);
#374=FACE_BOUND('',#1099,.T.);
#375=FACE_BOUND('',#1100,.T.);
#376=FACE_BOUND('',#1105,.T.);
#377=FACE_BOUND('',#1106,.T.);
#378=FACE_BOUND('',#1107,.T.);
#379=FACE_BOUND('',#1108,.T.);
#380=FACE_BOUND('',#1135,.T.);
#381=FACE_BOUND('',#1142,.T.);
#382=FACE_BOUND('',#1175,.T.);
#383=FACE_BOUND('',#1327,.T.);
#384=FACE_BOUND('',#1358,.T.);
#385=FACE_BOUND('',#1436,.T.);
#386=FACE_BOUND('',#1449,.T.);
#387=FACE_BOUND('',#1467,.T.);
#388=FACE_BOUND('',#1494,.T.);
#389=FACE_BOUND('',#1537,.T.);
#390=FACE_BOUND('',#1540,.T.);
#391=FACE_BOUND('',#1541,.T.);
#392=FACE_BOUND('',#1618,.T.);
#393=FACE_BOUND('',#1628,.T.);
#394=FACE_BOUND('',#1631,.T.);
#395=B_SPLINE_CURVE_WITH_KNOTS('',3,(#13342,#13343,#13344,#13345,#13346,
#13347),.UNSPECIFIED.,.F.,.F.,(4,1,1,4),(0.,0.375,0.75,1.),
 .UNSPECIFIED.);
#396=B_SPLINE_CURVE_WITH_KNOTS('',3,(#13349,#13350,#13351,#13352,#13353,
#13354),.UNSPECIFIED.,.F.,.F.,(4,1,1,4),(0.,0.375,0.75,1.),
 .UNSPECIFIED.);
#397=B_SPLINE_CURVE_WITH_KNOTS('',3,(#13356,#13357,#13358,#13359),
 .UNSPECIFIED.,.F.,.F.,(4,4),(0.,1.),.UNSPECIFIED.);
#398=B_SPLINE_CURVE_WITH_KNOTS('',3,(#13361,#13362,#13363,#13364),
 .UNSPECIFIED.,.F.,.F.,(4,4),(0.,1.),.UNSPECIFIED.);
#399=B_SPLINE_CURVE_WITH_KNOTS('',3,(#13366,#13367,#13368,#13369),
 .UNSPECIFIED.,.F.,.F.,(4,4),(0.,1.),.UNSPECIFIED.);
#400=B_SPLINE_CURVE_WITH_KNOTS('',3,(#13370,#13371,#13372,#13373,#13374,
#13375),.UNSPECIFIED.,.F.,.F.,(4,1,1,4),(0.,0.375,0.75,1.),
 .UNSPECIFIED.);
#401=B_SPLINE_CURVE_WITH_KNOTS('',3,(#13378,#13379,#13380,#13381),
 .UNSPECIFIED.,.F.,.F.,(4,4),(0.,1.),.UNSPECIFIED.);
#402=B_SPLINE_CURVE_WITH_KNOTS('',3,(#13393,#13394,#13395,#13396),
 .UNSPECIFIED.,.F.,.F.,(4,4),(0.,1.),.UNSPECIFIED.);
#403=B_SPLINE_CURVE_WITH_KNOTS('',3,(#13398,#13399,#13400,#13401),
 .UNSPECIFIED.,.F.,.F.,(4,4),(0.,1.),.UNSPECIFIED.);
#404=B_SPLINE_CURVE_WITH_KNOTS('',3,(#13402,#13403,#13404,#13405),
 .UNSPECIFIED.,.F.,.F.,(4,4),(0.,1.),.UNSPECIFIED.);
#405=B_SPLINE_CURVE_WITH_KNOTS('',3,(#13418,#13419,#13420,#13421),
 .UNSPECIFIED.,.F.,.F.,(4,4),(0.,1.),.UNSPECIFIED.);
#406=B_SPLINE_CURVE_WITH_KNOTS('',3,(#13423,#13424,#13425,#13426),
 .UNSPECIFIED.,.F.,.F.,(4,4),(0.,1.),.UNSPECIFIED.);
#407=B_SPLINE_CURVE_WITH_KNOTS('',3,(#13428,#13429,#13430,#13431),
 .UNSPECIFIED.,.F.,.F.,(4,4),(0.,1.),.UNSPECIFIED.);
#408=B_SPLINE_CURVE_WITH_KNOTS('',3,(#13432,#13433,#13434,#13435),
 .UNSPECIFIED.,.F.,.F.,(4,4),(0.,1.),.UNSPECIFIED.);
#409=B_SPLINE_CURVE_WITH_KNOTS('',3,(#13454,#13455,#13456,#13457,#13458,
#13459),.UNSPECIFIED.,.F.,.F.,(4,1,1,4),(0.,0.375,0.75,1.),
 .UNSPECIFIED.);
#410=B_SPLINE_CURVE_WITH_KNOTS('',3,(#13461,#13462,#13463,#13464,#13465,
#13466),.UNSPECIFIED.,.F.,.F.,(4,1,1,4),(0.,0.375,0.75,1.),
 .UNSPECIFIED.);
#411=B_SPLINE_CURVE_WITH_KNOTS('',3,(#13468,#13469,#13470,#13471),
 .UNSPECIFIED.,.F.,.F.,(4,4),(0.,1.),.UNSPECIFIED.);
#412=B_SPLINE_CURVE_WITH_KNOTS('',3,(#13473,#13474,#13475,#13476),
 .UNSPECIFIED.,.F.,.F.,(4,4),(0.,1.),.UNSPECIFIED.);
#413=B_SPLINE_CURVE_WITH_KNOTS('',3,(#13478,#13479,#13480,#13481),
 .UNSPECIFIED.,.F.,.F.,(4,4),(0.,1.),.UNSPECIFIED.);
#414=B_SPLINE_CURVE_WITH_KNOTS('',3,(#13482,#13483,#13484,#13485,#13486,
#13487),.UNSPECIFIED.,.F.,.F.,(4,1,1,4),(0.,0.375,0.75,1.),
 .UNSPECIFIED.);
#415=B_SPLINE_CURVE_WITH_KNOTS('',3,(#13542,#13543,#13544,#13545,#13546,
#13547,#13548,#13549,#13550,#13551),.UNSPECIFIED.,.F.,.F.,(4,3,3,4),(0.,
0.3333333333333,0.6666666666667,1.),.UNSPECIFIED.);
#416=B_SPLINE_CURVE_WITH_KNOTS('',3,(#13553,#13554,#13555,#13556,#13557,
#13558,#13559,#13560,#13561,#13562),.UNSPECIFIED.,.F.,.F.,(4,3,3,4),(0.,
0.3333333333333,0.6666666666667,1.),.UNSPECIFIED.);
#417=B_SPLINE_CURVE_WITH_KNOTS('',3,(#13595,#13596,#13597,#13598,#13599,
#13600,#13601,#13602),.UNSPECIFIED.,.F.,.F.,(4,2,2,4),(0.056258283650644,
0.0625751270766497,0.0688919705026554,0.0815256573546669),.UNSPECIFIED.);
#418=B_SPLINE_CURVE_WITH_KNOTS('',3,(#13672,#13673,#13674,#13675),
 .UNSPECIFIED.,.F.,.F.,(4,4),(0.,1.),.UNSPECIFIED.);
#419=B_SPLINE_CURVE_WITH_KNOTS('',3,(#13677,#13678,#13679,#13680),
 .UNSPECIFIED.,.F.,.F.,(4,4),(0.,1.),.UNSPECIFIED.);
#420=B_SPLINE_CURVE_WITH_KNOTS('',3,(#13682,#13683,#13684,#13685),
 .UNSPECIFIED.,.F.,.F.,(4,4),(0.,1.),.UNSPECIFIED.);
#421=B_SPLINE_CURVE_WITH_KNOTS('',3,(#13686,#13687,#13688,#13689),
 .UNSPECIFIED.,.F.,.F.,(4,4),(0.,1.),.UNSPECIFIED.);
#422=B_SPLINE_CURVE_WITH_KNOTS('',3,(#13752,#13753,#13754,#13755),
 .UNSPECIFIED.,.F.,.F.,(4,4),(0.,1.),.UNSPECIFIED.);
#423=B_SPLINE_CURVE_WITH_KNOTS('',3,(#13839,#13840,#13841,#13842,#13843,
#13844,#13845,#13846),.UNSPECIFIED.,.F.,.F.,(4,2,2,4),(0.,0.0126336868520112,
0.0189505302780169,0.0252673737040225),.UNSPECIFIED.);
#424=B_SPLINE_CURVE_WITH_KNOTS('',3,(#13912,#13913,#13914,#13915,#13916,
#13917,#13918,#13919,#13920,#13921),.UNSPECIFIED.,.F.,.F.,(4,3,3,4),(0.,
0.3333333333333,0.6666666666667,1.),.UNSPECIFIED.);
#425=B_SPLINE_CURVE_WITH_KNOTS('',3,(#13922,#13923,#13924,#13925,#13926,
#13927,#13928,#13929,#13930,#13931),.UNSPECIFIED.,.F.,.F.,(4,3,3,4),(0.,
0.3333333333333,0.6666666666667,1.),.UNSPECIFIED.);
#426=B_SPLINE_CURVE_WITH_KNOTS('',3,(#13948,#13949,#13950,#13951,#13952,
#13953),.UNSPECIFIED.,.F.,.F.,(4,1,1,4),(0.,0.3333333333333,0.6666666666667,
1.),.UNSPECIFIED.);
#427=B_SPLINE_CURVE_WITH_KNOTS('',3,(#13955,#13956,#13957,#13958,#13959,
#13960),.UNSPECIFIED.,.F.,.F.,(4,1,1,4),(0.,0.3333333333333,0.6666666666667,
1.),.UNSPECIFIED.);
#428=B_SPLINE_CURVE_WITH_KNOTS('',3,(#13981,#13982,#13983,#13984,#13985),
 .UNSPECIFIED.,.F.,.F.,(4,1,4),(1.62841451563232E-5,0.4285714285714,1.),
 .UNSPECIFIED.);
#429=B_SPLINE_CURVE_WITH_KNOTS('',3,(#13987,#13988,#13989,#13990,#13991),
 .UNSPECIFIED.,.F.,.F.,(4,1,4),(0.,0.5714285714286,0.999983716827225),
 .UNSPECIFIED.);
#430=B_SPLINE_CURVE_WITH_KNOTS('',3,(#13992,#13993,#13994,#13995,#13996),
 .UNSPECIFIED.,.F.,.F.,(4,1,4),(0.,0.5714280064133,1.),.UNSPECIFIED.);
#431=B_SPLINE_CURVE_WITH_KNOTS('',3,(#14064,#14065,#14066,#14067,#14068,
#14069),.UNSPECIFIED.,.F.,.F.,(4,1,1,4),(0.,0.3333333333333,0.6666666666667,
1.),.UNSPECIFIED.);
#432=B_SPLINE_CURVE_WITH_KNOTS('',3,(#14070,#14071,#14072,#14073,#14074,
#14075),.UNSPECIFIED.,.F.,.F.,(4,1,1,4),(0.,0.3333333333333,0.6666666666667,
1.),.UNSPECIFIED.);
#433=B_SPLINE_CURVE_WITH_KNOTS('',3,(#14098,#14099,#14100,#14101,#14102),
 .UNSPECIFIED.,.F.,.F.,(4,1,4),(0.,0.5714285714286,0.999990718975907),
 .UNSPECIFIED.);
#434=B_SPLINE_CURVE_WITH_KNOTS('',3,(#14103,#14104,#14105,#14106,#14107,
#14108,#14109,#14110,#14111,#14112),.UNSPECIFIED.,.F.,.F.,(4,3,3,4),(0.,
0.3333333333333,0.6666666666667,1.),.UNSPECIFIED.);
#435=B_SPLINE_CURVE_WITH_KNOTS('',3,(#14118,#14119,#14120,#14121,#14122),
 .UNSPECIFIED.,.F.,.F.,(4,1,4),(9.27654727715768E-6,0.4285714285714,1.),
 .UNSPECIFIED.);
#436=B_SPLINE_CURVE_WITH_KNOTS('',3,(#14143,#14144,#14145,#14146,#14147,
#14148,#14149,#14150,#14151,#14152),.UNSPECIFIED.,.F.,.F.,(4,3,3,4),(0.,
0.3333333333333,0.6666666666667,1.),.UNSPECIFIED.);
#437=B_SPLINE_CURVE_WITH_KNOTS('',3,(#14154,#14155,#14156,#14157,#14158,
#14159,#14160,#14161,#14162,#14163),.UNSPECIFIED.,.F.,.F.,(4,3,3,4),(0.,
0.3333333333333,0.6666666666667,1.),.UNSPECIFIED.);
#438=B_SPLINE_CURVE_WITH_KNOTS('',3,(#14258,#14259,#14260,#14261,#14262,
#14263,#14264,#14265,#14266,#14267),.UNSPECIFIED.,.F.,.F.,(4,3,3,4),(0.,
0.3333333333333,0.6666666666667,1.),.UNSPECIFIED.);
#439=B_SPLINE_CURVE_WITH_KNOTS('',3,(#14302,#14303,#14304,#14305,#14306,
#14307,#14308,#14309,#14310,#14311,#14312,#14313,#14314,#14315,#14316,#14317),
 .UNSPECIFIED.,.F.,.F.,(4,3,3,3,3,4),(0.,0.3333333333333,0.479665909045684,
0.6666666666667,0.730490762603612,1.),.UNSPECIFIED.);
#440=B_SPLINE_CURVE_WITH_KNOTS('',3,(#14321,#14322,#14323,#14324,#14325,
#14326,#14327,#14328,#14329,#14330),.UNSPECIFIED.,.F.,.F.,(4,2,2,2,4),(1.00172704098888E-6,
0.00505765820485847,0.0100370174236212,0.0205549367869275,0.0206286398730688),
 .UNSPECIFIED.);
#441=B_SPLINE_CURVE_WITH_KNOTS('',3,(#14394,#14395,#14396,#14397,#14398,
#14399,#14400,#14401,#14402,#14403),.UNSPECIFIED.,.F.,.F.,(4,2,2,2,4),(-7.24316739486991E-5,
8.44413643591175E-8,0.0102410190880846,0.0147079194959519,0.019236505828071),
 .UNSPECIFIED.);
#442=B_SPLINE_CURVE_WITH_KNOTS('',3,(#14407,#14408,#14409,#14410,#14411,
#14412,#14413,#14414,#14415,#14416,#14417,#14418,#14419,#14420,#14421,#14422),
 .UNSPECIFIED.,.F.,.F.,(4,3,3,3,3,4),(0.,0.270493396314288,0.3333333333333,
0.521223667923694,0.6666666666667,1.),.UNSPECIFIED.);
#443=B_SPLINE_CURVE_WITH_KNOTS('',3,(#14464,#14465,#14466,#14467,#14468,
#14469,#14470,#14471,#14472,#14473),.UNSPECIFIED.,.F.,.F.,(4,2,2,2,4),(-7.24306522047986E-5,
8.36681016917192E-8,0.0102599669004081,0.0147394353232332,0.0192803057520327),
 .UNSPECIFIED.);
#444=B_SPLINE_CURVE_WITH_KNOTS('',3,(#14476,#14477,#14478,#14479,#14480,
#14481,#14482,#14483,#14484,#14485),.UNSPECIFIED.,.F.,.F.,(4,2,2,2,4),(1.00222942419457E-6,
0.00505076925095791,0.0100223155105335,0.0208800949930711,0.0209589579662312),
 .UNSPECIFIED.);
#445=B_SPLINE_CURVE_WITH_KNOTS('',3,(#14570,#14571,#14572,#14573,#14574,
#14575,#14576,#14577,#14578,#14579,#14580,#14581,#14582,#14583,#14584,#14585),
 .UNSPECIFIED.,.F.,.F.,(4,3,3,3,3,4),(0.,0.25,0.428364012476659,0.5,0.75,
1.),.UNSPECIFIED.);
#446=B_SPLINE_CURVE_WITH_KNOTS('',3,(#14646,#14647,#14648,#14649,#14650,
#14651,#14652,#14653,#14654,#14655,#14656,#14657,#14658),.UNSPECIFIED.,
 .F.,.F.,(4,3,3,3,4),(0.,0.3333333333333,0.428646634972699,0.6666666666667,
1.),.UNSPECIFIED.);
#447=B_SPLINE_CURVE_WITH_KNOTS('',3,(#14688,#14689,#14690,#14691,#14692,
#14693,#14694,#14695,#14696,#14697),.UNSPECIFIED.,.F.,.F.,(4,3,3,4),(0.,
0.333333330714651,0.666666661429402,0.999999992144053),.UNSPECIFIED.);
#448=B_SPLINE_CURVE_WITH_KNOTS('',3,(#14698,#14699,#14700,#14701,#14702,
#14703,#14704,#14705,#14706,#14707),.UNSPECIFIED.,.F.,.F.,(4,3,3,4),(0.,
0.3333333333333,0.6666666666667,1.),.UNSPECIFIED.);
#449=B_SPLINE_CURVE_WITH_KNOTS('',3,(#14743,#14744,#14745,#14746,#14747,
#14748,#14749,#14750,#14751,#14752,#14753,#14754,#14755,#14756,#14757,#14758),
 .UNSPECIFIED.,.F.,.F.,(4,3,3,3,3,4),(0.,0.25,0.5,0.571770248976383,0.75,
1.),.UNSPECIFIED.);
#450=B_SPLINE_CURVE_WITH_KNOTS('',3,(#14764,#14765,#14766,#14767,#14768,
#14769,#14770,#14771,#14772,#14773,#14774,#14775,#14776),.UNSPECIFIED.,
 .F.,.F.,(4,3,3,3,4),(0.,0.3333333333333,0.576258606904475,0.6666666666667,
1.),.UNSPECIFIED.);
#451=B_SPLINE_CURVE_WITH_KNOTS('',3,(#14782,#14783,#14784,#14785,#14786,
#14787,#14788,#14789,#14790,#14791,#14792,#14793,#14794,#14795,#14796,#14797),
 .UNSPECIFIED.,.F.,.F.,(4,3,3,3,3,4),(0.,0.25,0.428364541115291,0.5,0.75,
1.),.UNSPECIFIED.);
#452=B_SPLINE_CURVE_WITH_KNOTS('',3,(#14803,#14804,#14805,#14806,#14807,
#14808,#14809,#14810,#14811,#14812,#14813,#14814,#14815),.UNSPECIFIED.,
 .F.,.F.,(4,3,3,3,4),(0.,0.3333333333333,0.566931539027735,0.6666666666667,
1.),.UNSPECIFIED.);
#453=B_SPLINE_CURVE_WITH_KNOTS('',3,(#14823,#14824,#14825,#14826,#14827,
#14828,#14829,#14830,#14831,#14832,#14833,#14834,#14835,#14836,#14837,#14838),
 .UNSPECIFIED.,.F.,.F.,(4,3,3,3,3,4),(0.,0.25,0.5,0.571488218117979,0.75,
1.),.UNSPECIFIED.);
#454=B_SPLINE_CURVE_WITH_KNOTS('',3,(#14960,#14961,#14962,#14963,#14964,
#14965),.UNSPECIFIED.,.F.,.F.,(4,1,1,4),(0.,0.3333333333333,0.6666666666667,
1.),.UNSPECIFIED.);
#455=B_SPLINE_CURVE_WITH_KNOTS('',3,(#14966,#14967,#14968,#14969,#14970,
#14971,#14972,#14973,#14974,#14975),.UNSPECIFIED.,.F.,.F.,(4,3,3,4),(0.,
0.3333333333333,0.6666666666667,1.),.UNSPECIFIED.);
#456=B_SPLINE_CURVE_WITH_KNOTS('',3,(#15029,#15030,#15031,#15032,#15033,
#15034,#15035,#15036,#15037,#15038,#15039,#15040,#15041),.UNSPECIFIED.,
 .F.,.F.,(4,3,3,3,4),(0.,0.3333333333333,0.571448137852931,0.6666666666667,
1.),.UNSPECIFIED.);
#457=B_SPLINE_CURVE_WITH_KNOTS('',3,(#15049,#15050,#15051,#15052,#15053,
#15054,#15055,#15056,#15057,#15058,#15059,#15060,#15061,#15062,#15063,#15064),
 .UNSPECIFIED.,.F.,.F.,(4,3,3,3,3,4),(0.,0.25,0.5,0.571744664856674,0.75,
1.),.UNSPECIFIED.);
#458=B_SPLINE_CURVE_WITH_KNOTS('',3,(#15144,#15145,#15146,#15147,#15148,
#15149,#15150,#15151,#15152,#15153,#15154,#15155,#15156,#15157,#15158,#15159,
#15160,#15161,#15162,#15163,#15164,#15165),.UNSPECIFIED.,.F.,.F.,(4,3,3,
3,3,3,3,4),(0.,0.1666666666667,0.3333333333333,0.428517512700151,0.5,0.6666666666667,
0.8333333333333,1.),.UNSPECIFIED.);
#459=B_SPLINE_CURVE_WITH_KNOTS('',3,(#15175,#15176,#15177,#15178),
 .UNSPECIFIED.,.F.,.F.,(4,4),(0.,1.),.UNSPECIFIED.);
#460=B_SPLINE_CURVE_WITH_KNOTS('',3,(#15313,#15314,#15315,#15316,#15317,
#15318,#15319,#15320,#15321,#15322),.UNSPECIFIED.,.F.,.F.,(4,3,3,4),(0.,
0.333323643101445,0.666647286202991,0.999970929304436),.UNSPECIFIED.);
#461=B_SPLINE_CURVE_WITH_KNOTS('',3,(#15377,#15378,#15379,#15380,#15381,
#15382,#15383,#15384,#15385,#15386),.UNSPECIFIED.,.F.,.F.,(4,3,3,4),(0.,
0.333333332919671,0.666666665839441,0.999999998759112),.UNSPECIFIED.);
#462=B_SPLINE_CURVE_WITH_KNOTS('',3,(#15486,#15487,#15488,#15489,#15490,
#15491,#15492,#15493,#15494,#15495,#15496,#15497,#15498,#15499,#15500,#15501,
#15502,#15503,#15504),.UNSPECIFIED.,.F.,.F.,(4,3,3,3,3,3,4),(0.,0.25,0.428140566521596,
0.5,0.716006509148092,0.75,1.),.UNSPECIFIED.);
#463=B_SPLINE_CURVE_WITH_KNOTS('',3,(#15516,#15517,#15518,#15519,#15520,
#15521,#15522,#15523,#15524,#15525),.UNSPECIFIED.,.F.,.F.,(4,3,3,4),(4.20900318128025E-6,
0.333336139152398,0.666668069301715,0.999999999450931),.UNSPECIFIED.);
#464=B_SPLINE_CURVE_WITH_KNOTS('',3,(#15582,#15583,#15584,#15585,#15586,
#15587),.UNSPECIFIED.,.F.,.F.,(4,1,1,4),(0.,0.3333333333333,0.6666666666667,
1.),.UNSPECIFIED.);
#465=B_SPLINE_CURVE_WITH_KNOTS('',3,(#15757,#15758,#15759,#15760),
 .UNSPECIFIED.,.F.,.F.,(4,4),(0.,1.),.UNSPECIFIED.);
#466=B_SPLINE_CURVE_WITH_KNOTS('',3,(#15765,#15766,#15767,#15768),
 .UNSPECIFIED.,.F.,.F.,(4,4),(0.,1.),.UNSPECIFIED.);
#467=B_SPLINE_CURVE_WITH_KNOTS('',3,(#15770,#15771,#15772,#15773),
 .UNSPECIFIED.,.F.,.F.,(4,4),(0.,1.),.UNSPECIFIED.);
#468=B_SPLINE_CURVE_WITH_KNOTS('',3,(#15774,#15775,#15776,#15777),
 .UNSPECIFIED.,.F.,.F.,(4,4),(0.,1.),.UNSPECIFIED.);
#469=B_SPLINE_CURVE_WITH_KNOTS('',3,(#15780,#15781,#15782,#15783),
 .UNSPECIFIED.,.F.,.F.,(4,4),(0.,1.),.UNSPECIFIED.);
#470=B_SPLINE_CURVE_WITH_KNOTS('',3,(#15785,#15786,#15787,#15788),
 .UNSPECIFIED.,.F.,.F.,(4,4),(0.,1.),.UNSPECIFIED.);
#471=B_SPLINE_CURVE_WITH_KNOTS('',3,(#15790,#15791,#15792,#15793),
 .UNSPECIFIED.,.F.,.F.,(4,4),(0.,1.),.UNSPECIFIED.);
#472=B_SPLINE_CURVE_WITH_KNOTS('',3,(#15795,#15796,#15797,#15798),
 .UNSPECIFIED.,.F.,.F.,(4,4),(0.,1.),.UNSPECIFIED.);
#473=B_SPLINE_CURVE_WITH_KNOTS('',3,(#15800,#15801,#15802,#15803),
 .UNSPECIFIED.,.F.,.F.,(4,4),(0.,1.),.UNSPECIFIED.);
#474=B_SPLINE_CURVE_WITH_KNOTS('',3,(#15805,#15806,#15807,#15808),
 .UNSPECIFIED.,.F.,.F.,(4,4),(0.,1.),.UNSPECIFIED.);
#475=B_SPLINE_CURVE_WITH_KNOTS('',3,(#15810,#15811,#15812,#15813),
 .UNSPECIFIED.,.F.,.F.,(4,4),(0.,1.),.UNSPECIFIED.);
#476=B_SPLINE_CURVE_WITH_KNOTS('',3,(#15814,#15815,#15816,#15817),
 .UNSPECIFIED.,.F.,.F.,(4,4),(0.,1.),.UNSPECIFIED.);
#477=B_SPLINE_CURVE_WITH_KNOTS('',3,(#15855,#15856,#15857,#15858),
 .UNSPECIFIED.,.F.,.F.,(4,4),(0.,1.),.UNSPECIFIED.);
#478=B_SPLINE_CURVE_WITH_KNOTS('',3,(#15869,#15870,#15871,#15872),
 .UNSPECIFIED.,.F.,.F.,(4,4),(0.,1.),.UNSPECIFIED.);
#479=B_SPLINE_CURVE_WITH_KNOTS('',3,(#15883,#15884,#15885,#15886),
 .UNSPECIFIED.,.F.,.F.,(4,4),(0.,1.),.UNSPECIFIED.);
#480=B_SPLINE_CURVE_WITH_KNOTS('',3,(#15897,#15898,#15899,#15900),
 .UNSPECIFIED.,.F.,.F.,(4,4),(0.,1.),.UNSPECIFIED.);
#481=B_SPLINE_CURVE_WITH_KNOTS('',3,(#15911,#15912,#15913,#15914),
 .UNSPECIFIED.,.F.,.F.,(4,4),(0.,1.),.UNSPECIFIED.);
#482=B_SPLINE_CURVE_WITH_KNOTS('',3,(#15925,#15926,#15927,#15928),
 .UNSPECIFIED.,.F.,.F.,(4,4),(0.,1.),.UNSPECIFIED.);
#483=B_SPLINE_CURVE_WITH_KNOTS('',3,(#15939,#15940,#15941,#15942),
 .UNSPECIFIED.,.F.,.F.,(4,4),(0.,1.),.UNSPECIFIED.);
#484=B_SPLINE_CURVE_WITH_KNOTS('',3,(#15952,#15953,#15954,#15955),
 .UNSPECIFIED.,.F.,.F.,(4,4),(0.,1.),.UNSPECIFIED.);
#485=B_SPLINE_CURVE_WITH_KNOTS('',3,(#16077,#16078,#16079,#16080),
 .UNSPECIFIED.,.F.,.F.,(4,4),(0.,1.),.UNSPECIFIED.);
#486=B_SPLINE_CURVE_WITH_KNOTS('',3,(#16202,#16203,#16204,#16205,#16206,
#16207),.UNSPECIFIED.,.F.,.F.,(4,1,1,4),(0.,0.25,0.625,1.),
 .UNSPECIFIED.);
#487=B_SPLINE_CURVE_WITH_KNOTS('',3,(#16213,#16214,#16215,#16216),
 .UNSPECIFIED.,.F.,.F.,(4,4),(0.,1.),.UNSPECIFIED.);
#488=B_SPLINE_CURVE_WITH_KNOTS('',3,(#16218,#16219,#16220,#16221),
 .UNSPECIFIED.,.F.,.F.,(4,4),(0.,1.),.UNSPECIFIED.);
#489=B_SPLINE_CURVE_WITH_KNOTS('',3,(#16222,#16223,#16224,#16225,#16226,
#16227),.UNSPECIFIED.,.F.,.F.,(4,1,1,4),(0.,0.25,0.625,1.),
 .UNSPECIFIED.);
#490=B_SPLINE_CURVE_WITH_KNOTS('',3,(#16229,#16230,#16231,#16232,#16233,
#16234),.UNSPECIFIED.,.F.,.F.,(4,1,1,4),(0.,0.25,0.625,1.),
 .UNSPECIFIED.);
#491=B_SPLINE_CURVE_WITH_KNOTS('',3,(#16235,#16236,#16237,#16238),
 .UNSPECIFIED.,.F.,.F.,(4,4),(0.,1.),.UNSPECIFIED.);
#492=B_SPLINE_CURVE_WITH_KNOTS('',3,(#16241,#16242,#16243,#16244),
 .UNSPECIFIED.,.F.,.F.,(4,4),(0.,1.),.UNSPECIFIED.);
#493=B_SPLINE_CURVE_WITH_KNOTS('',3,(#16246,#16247,#16248,#16249),
 .UNSPECIFIED.,.F.,.F.,(4,4),(0.,1.),.UNSPECIFIED.);
#494=B_SPLINE_CURVE_WITH_KNOTS('',3,(#16251,#16252,#16253,#16254),
 .UNSPECIFIED.,.F.,.F.,(4,4),(0.,1.),.UNSPECIFIED.);
#495=B_SPLINE_CURVE_WITH_KNOTS('',3,(#16255,#16256,#16257,#16258),
 .UNSPECIFIED.,.F.,.F.,(4,4),(0.,1.),.UNSPECIFIED.);
#496=B_SPLINE_CURVE_WITH_KNOTS('',3,(#16322,#16323,#16324,#16325),
 .UNSPECIFIED.,.F.,.F.,(4,4),(0.,1.),.UNSPECIFIED.);
#497=B_SPLINE_CURVE_WITH_KNOTS('',3,(#16336,#16337,#16338,#16339),
 .UNSPECIFIED.,.F.,.F.,(4,4),(0.,1.),.UNSPECIFIED.);
#498=B_SPLINE_CURVE_WITH_KNOTS('',3,(#16350,#16351,#16352,#16353),
 .UNSPECIFIED.,.F.,.F.,(4,4),(0.,1.),.UNSPECIFIED.);
#499=B_SPLINE_CURVE_WITH_KNOTS('',3,(#16363,#16364,#16365,#16366),
 .UNSPECIFIED.,.F.,.F.,(4,4),(0.,1.),.UNSPECIFIED.);
#500=B_SPLINE_CURVE_WITH_KNOTS('',3,(#16378,#16379,#16380,#16381),
 .UNSPECIFIED.,.F.,.F.,(4,4),(0.,1.),.UNSPECIFIED.);
#501=B_SPLINE_CURVE_WITH_KNOTS('',3,(#16396,#16397,#16398,#16399),
 .UNSPECIFIED.,.F.,.F.,(4,4),(0.,1.),.UNSPECIFIED.);
#502=B_SPLINE_CURVE_WITH_KNOTS('',3,(#16401,#16402,#16403,#16404),
 .UNSPECIFIED.,.F.,.F.,(4,4),(0.,1.),.UNSPECIFIED.);
#503=B_SPLINE_CURVE_WITH_KNOTS('',3,(#16405,#16406,#16407,#16408),
 .UNSPECIFIED.,.F.,.F.,(4,4),(0.,1.),.UNSPECIFIED.);
#504=B_SPLINE_CURVE_WITH_KNOTS('',3,(#16413,#16414,#16415,#16416),
 .UNSPECIFIED.,.F.,.F.,(4,4),(0.,1.),.UNSPECIFIED.);
#505=B_SPLINE_CURVE_WITH_KNOTS('',3,(#16418,#16419,#16420,#16421),
 .UNSPECIFIED.,.F.,.F.,(4,4),(0.,1.),.UNSPECIFIED.);
#506=B_SPLINE_CURVE_WITH_KNOTS('',3,(#16423,#16424,#16425,#16426,#16427,
#16428,#16429),.UNSPECIFIED.,.F.,.F.,(4,1,1,1,4),(0.,0.5,0.625,0.75,1.),
 .UNSPECIFIED.);
#507=B_SPLINE_CURVE_WITH_KNOTS('',3,(#16484,#16485,#16486,#16487),
 .UNSPECIFIED.,.F.,.F.,(4,4),(0.,1.),.UNSPECIFIED.);
#508=B_SPLINE_CURVE_WITH_KNOTS('',3,(#16498,#16499,#16500,#16501),
 .UNSPECIFIED.,.F.,.F.,(4,4),(0.,1.),.UNSPECIFIED.);
#509=B_SPLINE_CURVE_WITH_KNOTS('',3,(#16518,#16519,#16520,#16521,#16522,
#16523,#16524),.UNSPECIFIED.,.F.,.F.,(4,1,1,1,4),(0.,0.25,0.375,0.5,1.),
 .UNSPECIFIED.);
#510=B_SPLINE_CURVE_WITH_KNOTS('',3,(#16549,#16550,#16551,#16552),
 .UNSPECIFIED.,.F.,.F.,(4,4),(0.,1.),.UNSPECIFIED.);
#511=B_SPLINE_CURVE_WITH_KNOTS('',3,(#16554,#16555,#16556,#16557),
 .UNSPECIFIED.,.F.,.F.,(4,4),(0.,1.),.UNSPECIFIED.);
#512=B_SPLINE_CURVE_WITH_KNOTS('',3,(#16559,#16560,#16561,#16562),
 .UNSPECIFIED.,.F.,.F.,(4,4),(0.,1.),.UNSPECIFIED.);
#513=B_SPLINE_CURVE_WITH_KNOTS('',3,(#16563,#16564,#16565,#16566),
 .UNSPECIFIED.,.F.,.F.,(4,4),(0.,1.),.UNSPECIFIED.);
#514=B_SPLINE_CURVE_WITH_KNOTS('',3,(#16571,#16572,#16573,#16574),
 .UNSPECIFIED.,.F.,.F.,(4,4),(0.,1.),.UNSPECIFIED.);
#515=B_SPLINE_CURVE_WITH_KNOTS('',3,(#16576,#16577,#16578,#16579),
 .UNSPECIFIED.,.F.,.F.,(4,4),(0.,1.),.UNSPECIFIED.);
#516=B_SPLINE_CURVE_WITH_KNOTS('',3,(#16581,#16582,#16583,#16584,#16585,
#16586,#16587),.UNSPECIFIED.,.F.,.F.,(4,1,1,1,4),(0.,0.5,0.625,0.75,1.),
 .UNSPECIFIED.);
#517=B_SPLINE_CURVE_WITH_KNOTS('',3,(#16649,#16650,#16651,#16652),
 .UNSPECIFIED.,.F.,.F.,(4,4),(0.,1.),.UNSPECIFIED.);
#518=B_SPLINE_CURVE_WITH_KNOTS('',3,(#16663,#16664,#16665,#16666),
 .UNSPECIFIED.,.F.,.F.,(4,4),(0.,1.),.UNSPECIFIED.);
#519=B_SPLINE_CURVE_WITH_KNOTS('',3,(#16683,#16684,#16685,#16686,#16687,
#16688,#16689),.UNSPECIFIED.,.F.,.F.,(4,1,1,1,4),(0.,0.25,0.375,0.5,1.),
 .UNSPECIFIED.);
#520=B_SPLINE_CURVE_WITH_KNOTS('',3,(#16745,#16746,#16747,#16748,#16749,
#16750),.UNSPECIFIED.,.F.,.F.,(4,1,1,4),(0.,0.25,0.625,1.),
 .UNSPECIFIED.);
#521=B_SPLINE_CURVE_WITH_KNOTS('',3,(#16756,#16757,#16758,#16759),
 .UNSPECIFIED.,.F.,.F.,(4,4),(0.,1.),.UNSPECIFIED.);
#522=B_SPLINE_CURVE_WITH_KNOTS('',3,(#16761,#16762,#16763,#16764),
 .UNSPECIFIED.,.F.,.F.,(4,4),(0.,1.),.UNSPECIFIED.);
#523=B_SPLINE_CURVE_WITH_KNOTS('',3,(#16765,#16766,#16767,#16768,#16769,
#16770),.UNSPECIFIED.,.F.,.F.,(4,1,1,4),(0.,0.25,0.625,1.),
 .UNSPECIFIED.);
#524=B_SPLINE_CURVE_WITH_KNOTS('',3,(#16772,#16773,#16774,#16775,#16776,
#16777),.UNSPECIFIED.,.F.,.F.,(4,1,1,4),(0.,0.25,0.625,1.),
 .UNSPECIFIED.);
#525=B_SPLINE_CURVE_WITH_KNOTS('',3,(#16778,#16779,#16780,#16781),
 .UNSPECIFIED.,.F.,.F.,(4,4),(0.,1.),.UNSPECIFIED.);
#526=B_SPLINE_CURVE_WITH_KNOTS('',3,(#16784,#16785,#16786,#16787),
 .UNSPECIFIED.,.F.,.F.,(4,4),(0.,1.),.UNSPECIFIED.);
#527=B_SPLINE_CURVE_WITH_KNOTS('',3,(#16789,#16790,#16791,#16792),
 .UNSPECIFIED.,.F.,.F.,(4,4),(0.,1.),.UNSPECIFIED.);
#528=B_SPLINE_CURVE_WITH_KNOTS('',3,(#16794,#16795,#16796,#16797),
 .UNSPECIFIED.,.F.,.F.,(4,4),(0.,1.),.UNSPECIFIED.);
#529=B_SPLINE_CURVE_WITH_KNOTS('',3,(#16798,#16799,#16800,#16801),
 .UNSPECIFIED.,.F.,.F.,(4,4),(0.,1.),.UNSPECIFIED.);
#530=B_SPLINE_CURVE_WITH_KNOTS('',3,(#16865,#16866,#16867,#16868),
 .UNSPECIFIED.,.F.,.F.,(4,4),(0.,1.),.UNSPECIFIED.);
#531=B_SPLINE_CURVE_WITH_KNOTS('',3,(#16879,#16880,#16881,#16882),
 .UNSPECIFIED.,.F.,.F.,(4,4),(0.,1.),.UNSPECIFIED.);
#532=B_SPLINE_CURVE_WITH_KNOTS('',3,(#16893,#16894,#16895,#16896),
 .UNSPECIFIED.,.F.,.F.,(4,4),(0.,1.),.UNSPECIFIED.);
#533=B_SPLINE_CURVE_WITH_KNOTS('',3,(#16906,#16907,#16908,#16909),
 .UNSPECIFIED.,.F.,.F.,(4,4),(0.,1.),.UNSPECIFIED.);
#534=FACE_OUTER_BOUND('',#1088,.T.);
#535=FACE_OUTER_BOUND('',#1089,.T.);
#536=FACE_OUTER_BOUND('',#1090,.T.);
#537=FACE_OUTER_BOUND('',#1091,.T.);
#538=FACE_OUTER_BOUND('',#1101,.T.);
#539=FACE_OUTER_BOUND('',#1102,.T.);
#540=FACE_OUTER_BOUND('',#1103,.T.);
#541=FACE_OUTER_BOUND('',#1104,.T.);
#542=FACE_OUTER_BOUND('',#1109,.T.);
#543=FACE_OUTER_BOUND('',#1110,.T.);
#544=FACE_OUTER_BOUND('',#1111,.T.);
#545=FACE_OUTER_BOUND('',#1112,.T.);
#546=FACE_OUTER_BOUND('',#1113,.T.);
#547=FACE_OUTER_BOUND('',#1114,.T.);
#548=FACE_OUTER_BOUND('',#1115,.T.);
#549=FACE_OUTER_BOUND('',#1116,.T.);
#550=FACE_OUTER_BOUND('',#1117,.T.);
#551=FACE_OUTER_BOUND('',#1118,.T.);
#552=FACE_OUTER_BOUND('',#1119,.T.);
#553=FACE_OUTER_BOUND('',#1120,.T.);
#554=FACE_OUTER_BOUND('',#1121,.T.);
#555=FACE_OUTER_BOUND('',#1122,.T.);
#556=FACE_OUTER_BOUND('',#1123,.T.);
#557=FACE_OUTER_BOUND('',#1124,.T.);
#558=FACE_OUTER_BOUND('',#1125,.T.);
#559=FACE_OUTER_BOUND('',#1126,.T.);
#560=FACE_OUTER_BOUND('',#1127,.T.);
#561=FACE_OUTER_BOUND('',#1128,.T.);
#562=FACE_OUTER_BOUND('',#1129,.T.);
#563=FACE_OUTER_BOUND('',#1130,.T.);
#564=FACE_OUTER_BOUND('',#1131,.T.);
#565=FACE_OUTER_BOUND('',#1132,.T.);
#566=FACE_OUTER_BOUND('',#1133,.T.);
#567=FACE_OUTER_BOUND('',#1134,.T.);
#568=FACE_OUTER_BOUND('',#1136,.T.);
#569=FACE_OUTER_BOUND('',#1137,.T.);
#570=FACE_OUTER_BOUND('',#1138,.T.);
#571=FACE_OUTER_BOUND('',#1139,.T.);
#572=FACE_OUTER_BOUND('',#1140,.T.);
#573=FACE_OUTER_BOUND('',#1141,.T.);
#574=FACE_OUTER_BOUND('',#1143,.T.);
#575=FACE_OUTER_BOUND('',#1144,.T.);
#576=FACE_OUTER_BOUND('',#1145,.T.);
#577=FACE_OUTER_BOUND('',#1146,.T.);
#578=FACE_OUTER_BOUND('',#1147,.T.);
#579=FACE_OUTER_BOUND('',#1148,.T.);
#580=FACE_OUTER_BOUND('',#1149,.T.);
#581=FACE_OUTER_BOUND('',#1150,.T.);
#582=FACE_OUTER_BOUND('',#1151,.T.);
#583=FACE_OUTER_BOUND('',#1152,.T.);
#584=FACE_OUTER_BOUND('',#1153,.T.);
#585=FACE_OUTER_BOUND('',#1154,.T.);
#586=FACE_OUTER_BOUND('',#1155,.T.);
#587=FACE_OUTER_BOUND('',#1156,.T.);
#588=FACE_OUTER_BOUND('',#1157,.T.);
#589=FACE_OUTER_BOUND('',#1158,.T.);
#590=FACE_OUTER_BOUND('',#1159,.T.);
#591=FACE_OUTER_BOUND('',#1160,.T.);
#592=FACE_OUTER_BOUND('',#1161,.T.);
#593=FACE_OUTER_BOUND('',#1162,.T.);
#594=FACE_OUTER_BOUND('',#1163,.T.);
#595=FACE_OUTER_BOUND('',#1164,.T.);
#596=FACE_OUTER_BOUND('',#1165,.T.);
#597=FACE_OUTER_BOUND('',#1166,.T.);
#598=FACE_OUTER_BOUND('',#1167,.T.);
#599=FACE_OUTER_BOUND('',#1168,.T.);
#600=FACE_OUTER_BOUND('',#1169,.T.);
#601=FACE_OUTER_BOUND('',#1170,.T.);
#602=FACE_OUTER_BOUND('',#1171,.T.);
#603=FACE_OUTER_BOUND('',#1172,.T.);
#604=FACE_OUTER_BOUND('',#1173,.T.);
#605=FACE_OUTER_BOUND('',#1174,.T.);
#606=FACE_OUTER_BOUND('',#1176,.T.);
#607=FACE_OUTER_BOUND('',#1177,.T.);
#608=FACE_OUTER_BOUND('',#1178,.T.);
#609=FACE_OUTER_BOUND('',#1179,.T.);
#610=FACE_OUTER_BOUND('',#1180,.T.);
#611=FACE_OUTER_BOUND('',#1181,.T.);
#612=FACE_OUTER_BOUND('',#1182,.T.);
#613=FACE_OUTER_BOUND('',#1183,.T.);
#614=FACE_OUTER_BOUND('',#1184,.T.);
#615=FACE_OUTER_BOUND('',#1185,.T.);
#616=FACE_OUTER_BOUND('',#1186,.T.);
#617=FACE_OUTER_BOUND('',#1187,.T.);
#618=FACE_OUTER_BOUND('',#1188,.T.);
#619=FACE_OUTER_BOUND('',#1189,.T.);
#620=FACE_OUTER_BOUND('',#1190,.T.);
#621=FACE_OUTER_BOUND('',#1191,.T.);
#622=FACE_OUTER_BOUND('',#1192,.T.);
#623=FACE_OUTER_BOUND('',#1193,.T.);
#624=FACE_OUTER_BOUND('',#1194,.T.);
#625=FACE_OUTER_BOUND('',#1195,.T.);
#626=FACE_OUTER_BOUND('',#1196,.T.);
#627=FACE_OUTER_BOUND('',#1197,.T.);
#628=FACE_OUTER_BOUND('',#1198,.T.);
#629=FACE_OUTER_BOUND('',#1199,.T.);
#630=FACE_OUTER_BOUND('',#1200,.T.);
#631=FACE_OUTER_BOUND('',#1201,.T.);
#632=FACE_OUTER_BOUND('',#1202,.T.);
#633=FACE_OUTER_BOUND('',#1203,.T.);
#634=FACE_OUTER_BOUND('',#1204,.T.);
#635=FACE_OUTER_BOUND('',#1205,.T.);
#636=FACE_OUTER_BOUND('',#1206,.T.);
#637=FACE_OUTER_BOUND('',#1207,.T.);
#638=FACE_OUTER_BOUND('',#1208,.T.);
#639=FACE_OUTER_BOUND('',#1209,.T.);
#640=FACE_OUTER_BOUND('',#1210,.T.);
#641=FACE_OUTER_BOUND('',#1211,.T.);
#642=FACE_OUTER_BOUND('',#1212,.T.);
#643=FACE_OUTER_BOUND('',#1213,.T.);
#644=FACE_OUTER_BOUND('',#1214,.T.);
#645=FACE_OUTER_BOUND('',#1215,.T.);
#646=FACE_OUTER_BOUND('',#1216,.T.);
#647=FACE_OUTER_BOUND('',#1217,.T.);
#648=FACE_OUTER_BOUND('',#1218,.T.);
#649=FACE_OUTER_BOUND('',#1219,.T.);
#650=FACE_OUTER_BOUND('',#1220,.T.);
#651=FACE_OUTER_BOUND('',#1221,.T.);
#652=FACE_OUTER_BOUND('',#1222,.T.);
#653=FACE_OUTER_BOUND('',#1223,.T.);
#654=FACE_OUTER_BOUND('',#1224,.T.);
#655=FACE_OUTER_BOUND('',#1225,.T.);
#656=FACE_OUTER_BOUND('',#1226,.T.);
#657=FACE_OUTER_BOUND('',#1227,.T.);
#658=FACE_OUTER_BOUND('',#1228,.T.);
#659=FACE_OUTER_BOUND('',#1229,.T.);
#660=FACE_OUTER_BOUND('',#1230,.T.);
#661=FACE_OUTER_BOUND('',#1231,.T.);
#662=FACE_OUTER_BOUND('',#1232,.T.);
#663=FACE_OUTER_BOUND('',#1233,.T.);
#664=FACE_OUTER_BOUND('',#1234,.T.);
#665=FACE_OUTER_BOUND('',#1235,.T.);
#666=FACE_OUTER_BOUND('',#1236,.T.);
#667=FACE_OUTER_BOUND('',#1237,.T.);
#668=FACE_OUTER_BOUND('',#1238,.T.);
#669=FACE_OUTER_BOUND('',#1239,.T.);
#670=FACE_OUTER_BOUND('',#1240,.T.);
#671=FACE_OUTER_BOUND('',#1241,.T.);
#672=FACE_OUTER_BOUND('',#1242,.T.);
#673=FACE_OUTER_BOUND('',#1243,.T.);
#674=FACE_OUTER_BOUND('',#1244,.T.);
#675=FACE_OUTER_BOUND('',#1245,.T.);
#676=FACE_OUTER_BOUND('',#1246,.T.);
#677=FACE_OUTER_BOUND('',#1247,.T.);
#678=FACE_OUTER_BOUND('',#1248,.T.);
#679=FACE_OUTER_BOUND('',#1249,.T.);
#680=FACE_OUTER_BOUND('',#1250,.T.);
#681=FACE_OUTER_BOUND('',#1251,.T.);
#682=FACE_OUTER_BOUND('',#1252,.T.);
#683=FACE_OUTER_BOUND('',#1253,.T.);
#684=FACE_OUTER_BOUND('',#1254,.T.);
#685=FACE_OUTER_BOUND('',#1255,.T.);
#686=FACE_OUTER_BOUND('',#1256,.T.);
#687=FACE_OUTER_BOUND('',#1257,.T.);
#688=FACE_OUTER_BOUND('',#1258,.T.);
#689=FACE_OUTER_BOUND('',#1259,.T.);
#690=FACE_OUTER_BOUND('',#1260,.T.);
#691=FACE_OUTER_BOUND('',#1261,.T.);
#692=FACE_OUTER_BOUND('',#1262,.T.);
#693=FACE_OUTER_BOUND('',#1263,.T.);
#694=FACE_OUTER_BOUND('',#1264,.T.);
#695=FACE_OUTER_BOUND('',#1265,.T.);
#696=FACE_OUTER_BOUND('',#1266,.T.);
#697=FACE_OUTER_BOUND('',#1267,.T.);
#698=FACE_OUTER_BOUND('',#1268,.T.);
#699=FACE_OUTER_BOUND('',#1269,.T.);
#700=FACE_OUTER_BOUND('',#1270,.T.);
#701=FACE_OUTER_BOUND('',#1271,.T.);
#702=FACE_OUTER_BOUND('',#1272,.T.);
#703=FACE_OUTER_BOUND('',#1273,.T.);
#704=FACE_OUTER_BOUND('',#1274,.T.);
#705=FACE_OUTER_BOUND('',#1275,.T.);
#706=FACE_OUTER_BOUND('',#1276,.T.);
#707=FACE_OUTER_BOUND('',#1277,.T.);
#708=FACE_OUTER_BOUND('',#1278,.T.);
#709=FACE_OUTER_BOUND('',#1279,.T.);
#710=FACE_OUTER_BOUND('',#1280,.T.);
#711=FACE_OUTER_BOUND('',#1281,.T.);
#712=FACE_OUTER_BOUND('',#1282,.T.);
#713=FACE_OUTER_BOUND('',#1283,.T.);
#714=FACE_OUTER_BOUND('',#1284,.T.);
#715=FACE_OUTER_BOUND('',#1285,.T.);
#716=FACE_OUTER_BOUND('',#1286,.T.);
#717=FACE_OUTER_BOUND('',#1287,.T.);
#718=FACE_OUTER_BOUND('',#1288,.T.);
#719=FACE_OUTER_BOUND('',#1289,.T.);
#720=FACE_OUTER_BOUND('',#1290,.T.);
#721=FACE_OUTER_BOUND('',#1291,.T.);
#722=FACE_OUTER_BOUND('',#1292,.T.);
#723=FACE_OUTER_BOUND('',#1293,.T.);
#724=FACE_OUTER_BOUND('',#1294,.T.);
#725=FACE_OUTER_BOUND('',#1295,.T.);
#726=FACE_OUTER_BOUND('',#1296,.T.);
#727=FACE_OUTER_BOUND('',#1297,.T.);
#728=FACE_OUTER_BOUND('',#1298,.T.);
#729=FACE_OUTER_BOUND('',#1299,.T.);
#730=FACE_OUTER_BOUND('',#1300,.T.);
#731=FACE_OUTER_BOUND('',#1301,.T.);
#732=FACE_OUTER_BOUND('',#1302,.T.);
#733=FACE_OUTER_BOUND('',#1303,.T.);
#734=FACE_OUTER_BOUND('',#1304,.T.);
#735=FACE_OUTER_BOUND('',#1305,.T.);
#736=FACE_OUTER_BOUND('',#1306,.T.);
#737=FACE_OUTER_BOUND('',#1307,.T.);
#738=FACE_OUTER_BOUND('',#1308,.T.);
#739=FACE_OUTER_BOUND('',#1309,.T.);
#740=FACE_OUTER_BOUND('',#1310,.T.);
#741=FACE_OUTER_BOUND('',#1311,.T.);
#742=FACE_OUTER_BOUND('',#1312,.T.);
#743=FACE_OUTER_BOUND('',#1313,.T.);
#744=FACE_OUTER_BOUND('',#1314,.T.);
#745=FACE_OUTER_BOUND('',#1315,.T.);
#746=FACE_OUTER_BOUND('',#1316,.T.);
#747=FACE_OUTER_BOUND('',#1317,.T.);
#748=FACE_OUTER_BOUND('',#1318,.T.);
#749=FACE_OUTER_BOUND('',#1319,.T.);
#750=FACE_OUTER_BOUND('',#1320,.T.);
#751=FACE_OUTER_BOUND('',#1321,.T.);
#752=FACE_OUTER_BOUND('',#1322,.T.);
#753=FACE_OUTER_BOUND('',#1323,.T.);
#754=FACE_OUTER_BOUND('',#1324,.T.);
#755=FACE_OUTER_BOUND('',#1325,.T.);
#756=FACE_OUTER_BOUND('',#1326,.T.);
#757=FACE_OUTER_BOUND('',#1328,.T.);
#758=FACE_OUTER_BOUND('',#1329,.T.);
#759=FACE_OUTER_BOUND('',#1330,.T.);
#760=FACE_OUTER_BOUND('',#1331,.T.);
#761=FACE_OUTER_BOUND('',#1332,.T.);
#762=FACE_OUTER_BOUND('',#1333,.T.);
#763=FACE_OUTER_BOUND('',#1334,.T.);
#764=FACE_OUTER_BOUND('',#1335,.T.);
#765=FACE_OUTER_BOUND('',#1336,.T.);
#766=FACE_OUTER_BOUND('',#1337,.T.);
#767=FACE_OUTER_BOUND('',#1338,.T.);
#768=FACE_OUTER_BOUND('',#1339,.T.);
#769=FACE_OUTER_BOUND('',#1340,.T.);
#770=FACE_OUTER_BOUND('',#1341,.T.);
#771=FACE_OUTER_BOUND('',#1342,.T.);
#772=FACE_OUTER_BOUND('',#1343,.T.);
#773=FACE_OUTER_BOUND('',#1344,.T.);
#774=FACE_OUTER_BOUND('',#1345,.T.);
#775=FACE_OUTER_BOUND('',#1346,.T.);
#776=FACE_OUTER_BOUND('',#1347,.T.);
#777=FACE_OUTER_BOUND('',#1348,.T.);
#778=FACE_OUTER_BOUND('',#1349,.T.);
#779=FACE_OUTER_BOUND('',#1350,.T.);
#780=FACE_OUTER_BOUND('',#1351,.T.);
#781=FACE_OUTER_BOUND('',#1352,.T.);
#782=FACE_OUTER_BOUND('',#1353,.T.);
#783=FACE_OUTER_BOUND('',#1354,.T.);
#784=FACE_OUTER_BOUND('',#1355,.T.);
#785=FACE_OUTER_BOUND('',#1356,.T.);
#786=FACE_OUTER_BOUND('',#1357,.T.);
#787=FACE_OUTER_BOUND('',#1359,.T.);
#788=FACE_OUTER_BOUND('',#1360,.T.);
#789=FACE_OUTER_BOUND('',#1361,.T.);
#790=FACE_OUTER_BOUND('',#1362,.T.);
#791=FACE_OUTER_BOUND('',#1363,.T.);
#792=FACE_OUTER_BOUND('',#1364,.T.);
#793=FACE_OUTER_BOUND('',#1365,.T.);
#794=FACE_OUTER_BOUND('',#1366,.T.);
#795=FACE_OUTER_BOUND('',#1367,.T.);
#796=FACE_OUTER_BOUND('',#1368,.T.);
#797=FACE_OUTER_BOUND('',#1369,.T.);
#798=FACE_OUTER_BOUND('',#1370,.T.);
#799=FACE_OUTER_BOUND('',#1371,.T.);
#800=FACE_OUTER_BOUND('',#1372,.T.);
#801=FACE_OUTER_BOUND('',#1373,.T.);
#802=FACE_OUTER_BOUND('',#1374,.T.);
#803=FACE_OUTER_BOUND('',#1375,.T.);
#804=FACE_OUTER_BOUND('',#1376,.T.);
#805=FACE_OUTER_BOUND('',#1377,.T.);
#806=FACE_OUTER_BOUND('',#1378,.T.);
#807=FACE_OUTER_BOUND('',#1379,.T.);
#808=FACE_OUTER_BOUND('',#1380,.T.);
#809=FACE_OUTER_BOUND('',#1381,.T.);
#810=FACE_OUTER_BOUND('',#1382,.T.);
#811=FACE_OUTER_BOUND('',#1383,.T.);
#812=FACE_OUTER_BOUND('',#1384,.T.);
#813=FACE_OUTER_BOUND('',#1385,.T.);
#814=FACE_OUTER_BOUND('',#1386,.T.);
#815=FACE_OUTER_BOUND('',#1387,.T.);
#816=FACE_OUTER_BOUND('',#1388,.T.);
#817=FACE_OUTER_BOUND('',#1389,.T.);
#818=FACE_OUTER_BOUND('',#1390,.T.);
#819=FACE_OUTER_BOUND('',#1391,.T.);
#820=FACE_OUTER_BOUND('',#1392,.T.);
#821=FACE_OUTER_BOUND('',#1393,.T.);
#822=FACE_OUTER_BOUND('',#1394,.T.);
#823=FACE_OUTER_BOUND('',#1395,.T.);
#824=FACE_OUTER_BOUND('',#1396,.T.);
#825=FACE_OUTER_BOUND('',#1397,.T.);
#826=FACE_OUTER_BOUND('',#1398,.T.);
#827=FACE_OUTER_BOUND('',#1399,.T.);
#828=FACE_OUTER_BOUND('',#1400,.T.);
#829=FACE_OUTER_BOUND('',#1401,.T.);
#830=FACE_OUTER_BOUND('',#1402,.T.);
#831=FACE_OUTER_BOUND('',#1403,.T.);
#832=FACE_OUTER_BOUND('',#1404,.T.);
#833=FACE_OUTER_BOUND('',#1405,.T.);
#834=FACE_OUTER_BOUND('',#1406,.T.);
#835=FACE_OUTER_BOUND('',#1407,.T.);
#836=FACE_OUTER_BOUND('',#1408,.T.);
#837=FACE_OUTER_BOUND('',#1409,.T.);
#838=FACE_OUTER_BOUND('',#1410,.T.);
#839=FACE_OUTER_BOUND('',#1411,.T.);
#840=FACE_OUTER_BOUND('',#1412,.T.);
#841=FACE_OUTER_BOUND('',#1413,.T.);
#842=FACE_OUTER_BOUND('',#1414,.T.);
#843=FACE_OUTER_BOUND('',#1415,.T.);
#844=FACE_OUTER_BOUND('',#1416,.T.);
#845=FACE_OUTER_BOUND('',#1417,.T.);
#846=FACE_OUTER_BOUND('',#1418,.T.);
#847=FACE_OUTER_BOUND('',#1419,.T.);
#848=FACE_OUTER_BOUND('',#1420,.T.);
#849=FACE_OUTER_BOUND('',#1421,.T.);
#850=FACE_OUTER_BOUND('',#1422,.T.);
#851=FACE_OUTER_BOUND('',#1423,.T.);
#852=FACE_OUTER_BOUND('',#1424,.T.);
#853=FACE_OUTER_BOUND('',#1425,.T.);
#854=FACE_OUTER_BOUND('',#1426,.T.);
#855=FACE_OUTER_BOUND('',#1427,.T.);
#856=FACE_OUTER_BOUND('',#1428,.T.);
#857=FACE_OUTER_BOUND('',#1429,.T.);
#858=FACE_OUTER_BOUND('',#1430,.T.);
#859=FACE_OUTER_BOUND('',#1431,.T.);
#860=FACE_OUTER_BOUND('',#1432,.T.);
#861=FACE_OUTER_BOUND('',#1433,.T.);
#862=FACE_OUTER_BOUND('',#1434,.T.);
#863=FACE_OUTER_BOUND('',#1435,.T.);
#864=FACE_OUTER_BOUND('',#1437,.T.);
#865=FACE_OUTER_BOUND('',#1438,.T.);
#866=FACE_OUTER_BOUND('',#1439,.T.);
#867=FACE_OUTER_BOUND('',#1440,.T.);
#868=FACE_OUTER_BOUND('',#1441,.T.);
#869=FACE_OUTER_BOUND('',#1442,.T.);
#870=FACE_OUTER_BOUND('',#1443,.T.);
#871=FACE_OUTER_BOUND('',#1444,.T.);
#872=FACE_OUTER_BOUND('',#1445,.T.);
#873=FACE_OUTER_BOUND('',#1446,.T.);
#874=FACE_OUTER_BOUND('',#1447,.T.);
#875=FACE_OUTER_BOUND('',#1448,.T.);
#876=FACE_OUTER_BOUND('',#1450,.T.);
#877=FACE_OUTER_BOUND('',#1451,.T.);
#878=FACE_OUTER_BOUND('',#1452,.T.);
#879=FACE_OUTER_BOUND('',#1453,.T.);
#880=FACE_OUTER_BOUND('',#1454,.T.);
#881=FACE_OUTER_BOUND('',#1455,.T.);
#882=FACE_OUTER_BOUND('',#1456,.T.);
#883=FACE_OUTER_BOUND('',#1457,.T.);
#884=FACE_OUTER_BOUND('',#1458,.T.);
#885=FACE_OUTER_BOUND('',#1459,.T.);
#886=FACE_OUTER_BOUND('',#1460,.T.);
#887=FACE_OUTER_BOUND('',#1461,.T.);
#888=FACE_OUTER_BOUND('',#1462,.T.);
#889=FACE_OUTER_BOUND('',#1463,.T.);
#890=FACE_OUTER_BOUND('',#1464,.T.);
#891=FACE_OUTER_BOUND('',#1465,.T.);
#892=FACE_OUTER_BOUND('',#1466,.T.);
#893=FACE_OUTER_BOUND('',#1468,.T.);
#894=FACE_OUTER_BOUND('',#1469,.T.);
#895=FACE_OUTER_BOUND('',#1470,.T.);
#896=FACE_OUTER_BOUND('',#1471,.T.);
#897=FACE_OUTER_BOUND('',#1472,.T.);
#898=FACE_OUTER_BOUND('',#1473,.T.);
#899=FACE_OUTER_BOUND('',#1474,.T.);
#900=FACE_OUTER_BOUND('',#1475,.T.);
#901=FACE_OUTER_BOUND('',#1476,.T.);
#902=FACE_OUTER_BOUND('',#1477,.T.);
#903=FACE_OUTER_BOUND('',#1478,.T.);
#904=FACE_OUTER_BOUND('',#1479,.T.);
#905=FACE_OUTER_BOUND('',#1480,.T.);
#906=FACE_OUTER_BOUND('',#1481,.T.);
#907=FACE_OUTER_BOUND('',#1482,.T.);
#908=FACE_OUTER_BOUND('',#1483,.T.);
#909=FACE_OUTER_BOUND('',#1484,.T.);
#910=FACE_OUTER_BOUND('',#1485,.T.);
#911=FACE_OUTER_BOUND('',#1486,.T.);
#912=FACE_OUTER_BOUND('',#1487,.T.);
#913=FACE_OUTER_BOUND('',#1488,.T.);
#914=FACE_OUTER_BOUND('',#1489,.T.);
#915=FACE_OUTER_BOUND('',#1490,.T.);
#916=FACE_OUTER_BOUND('',#1491,.T.);
#917=FACE_OUTER_BOUND('',#1492,.T.);
#918=FACE_OUTER_BOUND('',#1493,.T.);
#919=FACE_OUTER_BOUND('',#1495,.T.);
#920=FACE_OUTER_BOUND('',#1496,.T.);
#921=FACE_OUTER_BOUND('',#1497,.T.);
#922=FACE_OUTER_BOUND('',#1498,.T.);
#923=FACE_OUTER_BOUND('',#1499,.T.);
#924=FACE_OUTER_BOUND('',#1500,.T.);
#925=FACE_OUTER_BOUND('',#1501,.T.);
#926=FACE_OUTER_BOUND('',#1502,.T.);
#927=FACE_OUTER_BOUND('',#1503,.T.);
#928=FACE_OUTER_BOUND('',#1504,.T.);
#929=FACE_OUTER_BOUND('',#1505,.T.);
#930=FACE_OUTER_BOUND('',#1506,.T.);
#931=FACE_OUTER_BOUND('',#1507,.T.);
#932=FACE_OUTER_BOUND('',#1508,.T.);
#933=FACE_OUTER_BOUND('',#1509,.T.);
#934=FACE_OUTER_BOUND('',#1510,.T.);
#935=FACE_OUTER_BOUND('',#1511,.T.);
#936=FACE_OUTER_BOUND('',#1512,.T.);
#937=FACE_OUTER_BOUND('',#1513,.T.);
#938=FACE_OUTER_BOUND('',#1514,.T.);
#939=FACE_OUTER_BOUND('',#1515,.T.);
#940=FACE_OUTER_BOUND('',#1516,.T.);
#941=FACE_OUTER_BOUND('',#1517,.T.);
#942=FACE_OUTER_BOUND('',#1518,.T.);
#943=FACE_OUTER_BOUND('',#1519,.T.);
#944=FACE_OUTER_BOUND('',#1520,.T.);
#945=FACE_OUTER_BOUND('',#1521,.T.);
#946=FACE_OUTER_BOUND('',#1522,.T.);
#947=FACE_OUTER_BOUND('',#1523,.T.);
#948=FACE_OUTER_BOUND('',#1524,.T.);
#949=FACE_OUTER_BOUND('',#1525,.T.);
#950=FACE_OUTER_BOUND('',#1526,.T.);
#951=FACE_OUTER_BOUND('',#1527,.T.);
#952=FACE_OUTER_BOUND('',#1528,.T.);
#953=FACE_OUTER_BOUND('',#1529,.T.);
#954=FACE_OUTER_BOUND('',#1530,.T.);
#955=FACE_OUTER_BOUND('',#1531,.T.);
#956=FACE_OUTER_BOUND('',#1532,.T.);
#957=FACE_OUTER_BOUND('',#1533,.T.);
#958=FACE_OUTER_BOUND('',#1534,.T.);
#959=FACE_OUTER_BOUND('',#1535,.T.);
#960=FACE_OUTER_BOUND('',#1536,.T.);
#961=FACE_OUTER_BOUND('',#1538,.T.);
#962=FACE_OUTER_BOUND('',#1539,.T.);
#963=FACE_OUTER_BOUND('',#1542,.T.);
#964=FACE_OUTER_BOUND('',#1543,.T.);
#965=FACE_OUTER_BOUND('',#1544,.T.);
#966=FACE_OUTER_BOUND('',#1545,.T.);
#967=FACE_OUTER_BOUND('',#1546,.T.);
#968=FACE_OUTER_BOUND('',#1547,.T.);
#969=FACE_OUTER_BOUND('',#1548,.T.);
#970=FACE_OUTER_BOUND('',#1549,.T.);
#971=FACE_OUTER_BOUND('',#1550,.T.);
#972=FACE_OUTER_BOUND('',#1551,.T.);
#973=FACE_OUTER_BOUND('',#1552,.T.);
#974=FACE_OUTER_BOUND('',#1553,.T.);
#975=FACE_OUTER_BOUND('',#1554,.T.);
#976=FACE_OUTER_BOUND('',#1555,.T.);
#977=FACE_OUTER_BOUND('',#1556,.T.);
#978=FACE_OUTER_BOUND('',#1557,.T.);
#979=FACE_OUTER_BOUND('',#1558,.T.);
#980=FACE_OUTER_BOUND('',#1559,.T.);
#981=FACE_OUTER_BOUND('',#1560,.T.);
#982=FACE_OUTER_BOUND('',#1561,.T.);
#983=FACE_OUTER_BOUND('',#1562,.T.);
#984=FACE_OUTER_BOUND('',#1563,.T.);
#985=FACE_OUTER_BOUND('',#1564,.T.);
#986=FACE_OUTER_BOUND('',#1565,.T.);
#987=FACE_OUTER_BOUND('',#1566,.T.);
#988=FACE_OUTER_BOUND('',#1567,.T.);
#989=FACE_OUTER_BOUND('',#1568,.T.);
#990=FACE_OUTER_BOUND('',#1569,.T.);
#991=FACE_OUTER_BOUND('',#1570,.T.);
#992=FACE_OUTER_BOUND('',#1571,.T.);
#993=FACE_OUTER_BOUND('',#1572,.T.);
#994=FACE_OUTER_BOUND('',#1573,.T.);
#995=FACE_OUTER_BOUND('',#1574,.T.);
#996=FACE_OUTER_BOUND('',#1575,.T.);
#997=FACE_OUTER_BOUND('',#1576,.T.);
#998=FACE_OUTER_BOUND('',#1577,.T.);
#999=FACE_OUTER_BOUND('',#1578,.T.);
#1000=FACE_OUTER_BOUND('',#1579,.T.);
#1001=FACE_OUTER_BOUND('',#1580,.T.);
#1002=FACE_OUTER_BOUND('',#1581,.T.);
#1003=FACE_OUTER_BOUND('',#1582,.T.);
#1004=FACE_OUTER_BOUND('',#1583,.T.);
#1005=FACE_OUTER_BOUND('',#1584,.T.);
#1006=FACE_OUTER_BOUND('',#1585,.T.);
#1007=FACE_OUTER_BOUND('',#1586,.T.);
#1008=FACE_OUTER_BOUND('',#1587,.T.);
#1009=FACE_OUTER_BOUND('',#1588,.T.);
#1010=FACE_OUTER_BOUND('',#1589,.T.);
#1011=FACE_OUTER_BOUND('',#1590,.T.);
#1012=FACE_OUTER_BOUND('',#1591,.T.);
#1013=FACE_OUTER_BOUND('',#1592,.T.);
#1014=FACE_OUTER_BOUND('',#1593,.T.);
#1015=FACE_OUTER_BOUND('',#1594,.T.);
#1016=FACE_OUTER_BOUND('',#1595,.T.);
#1017=FACE_OUTER_BOUND('',#1596,.T.);
#1018=FACE_OUTER_BOUND('',#1597,.T.);
#1019=FACE_OUTER_BOUND('',#1598,.T.);
#1020=FACE_OUTER_BOUND('',#1599,.T.);
#1021=FACE_OUTER_BOUND('',#1600,.T.);
#1022=FACE_OUTER_BOUND('',#1601,.T.);
#1023=FACE_OUTER_BOUND('',#1602,.T.);
#1024=FACE_OUTER_BOUND('',#1603,.T.);
#1025=FACE_OUTER_BOUND('',#1604,.T.);
#1026=FACE_OUTER_BOUND('',#1605,.T.);
#1027=FACE_OUTER_BOUND('',#1606,.T.);
#1028=FACE_OUTER_BOUND('',#1607,.T.);
#1029=FACE_OUTER_BOUND('',#1608,.T.);
#1030=FACE_OUTER_BOUND('',#1609,.T.);
#1031=FACE_OUTER_BOUND('',#1610,.T.);
#1032=FACE_OUTER_BOUND('',#1611,.T.);
#1033=FACE_OUTER_BOUND('',#1612,.T.);
#1034=FACE_OUTER_BOUND('',#1613,.T.);
#1035=FACE_OUTER_BOUND('',#1614,.T.);
#1036=FACE_OUTER_BOUND('',#1615,.T.);
#1037=FACE_OUTER_BOUND('',#1616,.T.);
#1038=FACE_OUTER_BOUND('',#1617,.T.);
#1039=FACE_OUTER_BOUND('',#1619,.T.);
#1040=FACE_OUTER_BOUND('',#1620,.T.);
#1041=FACE_OUTER_BOUND('',#1621,.T.);
#1042=FACE_OUTER_BOUND('',#1622,.T.);
#1043=FACE_OUTER_BOUND('',#1623,.T.);
#1044=FACE_OUTER_BOUND('',#1624,.T.);
#1045=FACE_OUTER_BOUND('',#1625,.T.);
#1046=FACE_OUTER_BOUND('',#1626,.T.);
#1047=FACE_OUTER_BOUND('',#1627,.T.);
#1048=FACE_OUTER_BOUND('',#1629,.T.);
#1049=FACE_OUTER_BOUND('',#1630,.T.);
#1050=FACE_OUTER_BOUND('',#1632,.T.);
#1051=FACE_OUTER_BOUND('',#1633,.T.);
#1052=FACE_OUTER_BOUND('',#1634,.T.);
#1053=FACE_OUTER_BOUND('',#1635,.T.);
#1054=FACE_OUTER_BOUND('',#1636,.T.);
#1055=FACE_OUTER_BOUND('',#1637,.T.);
#1056=FACE_OUTER_BOUND('',#1638,.T.);
#1057=FACE_OUTER_BOUND('',#1639,.T.);
#1058=FACE_OUTER_BOUND('',#1640,.T.);
#1059=FACE_OUTER_BOUND('',#1641,.T.);
#1060=FACE_OUTER_BOUND('',#1642,.T.);
#1061=FACE_OUTER_BOUND('',#1643,.T.);
#1062=FACE_OUTER_BOUND('',#1644,.T.);
#1063=FACE_OUTER_BOUND('',#1645,.T.);
#1064=FACE_OUTER_BOUND('',#1646,.T.);
#1065=FACE_OUTER_BOUND('',#1647,.T.);
#1066=FACE_OUTER_BOUND('',#1648,.T.);
#1067=FACE_OUTER_BOUND('',#1649,.T.);
#1068=FACE_OUTER_BOUND('',#1650,.T.);
#1069=FACE_OUTER_BOUND('',#1651,.T.);
#1070=FACE_OUTER_BOUND('',#1652,.T.);
#1071=FACE_OUTER_BOUND('',#1653,.T.);
#1072=FACE_OUTER_BOUND('',#1654,.T.);
#1073=FACE_OUTER_BOUND('',#1655,.T.);
#1074=FACE_OUTER_BOUND('',#1656,.T.);
#1075=FACE_OUTER_BOUND('',#1657,.T.);
#1076=FACE_OUTER_BOUND('',#1658,.T.);
#1077=FACE_OUTER_BOUND('',#1659,.T.);
#1078=FACE_OUTER_BOUND('',#1660,.T.);
#1079=FACE_OUTER_BOUND('',#1661,.T.);
#1080=FACE_OUTER_BOUND('',#1662,.T.);
#1081=FACE_OUTER_BOUND('',#1663,.T.);
#1082=FACE_OUTER_BOUND('',#1664,.T.);
#1083=FACE_OUTER_BOUND('',#1665,.T.);
#1084=FACE_OUTER_BOUND('',#1666,.T.);
#1085=FACE_OUTER_BOUND('',#1667,.T.);
#1086=FACE_OUTER_BOUND('',#1668,.T.);
#1087=FACE_OUTER_BOUND('',#1669,.T.);
#1088=EDGE_LOOP('',(#6151,#6152,#6153,#6154,#6155,#6156));
#1089=EDGE_LOOP('',(#6157,#6158,#6159,#6160,#6161,#6162,#6163,#6164,#6165,
#6166,#6167,#6168,#6169,#6170));
#1090=EDGE_LOOP('',(#6171,#6172,#6173,#6174,#6175,#6176));
#1091=EDGE_LOOP('',(#6177,#6178,#6179,#6180,#6181,#6182,#6183,#6184,#6185,
#6186,#6187,#6188,#6189,#6190,#6191,#6192,#6193,#6194,#6195,#6196));
#1092=EDGE_LOOP('',(#6197,#6198,#6199,#6200,#6201,#6202));
#1093=EDGE_LOOP('',(#6203,#6204,#6205,#6206,#6207,#6208,#6209,#6210,#6211));
#1094=EDGE_LOOP('',(#6212,#6213,#6214,#6215,#6216,#6217,#6218,#6219,#6220));
#1095=EDGE_LOOP('',(#6221,#6222,#6223,#6224,#6225,#6226,#6227,#6228));
#1096=EDGE_LOOP('',(#6229,#6230,#6231,#6232,#6233,#6234));
#1097=EDGE_LOOP('',(#6235,#6236,#6237,#6238,#6239,#6240,#6241,#6242));
#1098=EDGE_LOOP('',(#6243,#6244,#6245,#6246,#6247,#6248,#6249));
#1099=EDGE_LOOP('',(#6250,#6251,#6252,#6253,#6254,#6255,#6256));
#1100=EDGE_LOOP('',(#6257,#6258,#6259,#6260));
#1101=EDGE_LOOP('',(#6261,#6262,#6263,#6264,#6265));
#1102=EDGE_LOOP('',(#6266,#6267,#6268,#6269,#6270,#6271,#6272,#6273,#6274,
#6275,#6276,#6277,#6278,#6279,#6280));
#1103=EDGE_LOOP('',(#6281,#6282,#6283,#6284,#6285));
#1104=EDGE_LOOP('',(#6286,#6287,#6288,#6289,#6290,#6291,#6292,#6293,#6294,
#6295,#6296,#6297,#6298,#6299,#6300,#6301,#6302,#6303,#6304,#6305,#6306,
#6307,#6308,#6309,#6310,#6311,#6312,#6313,#6314,#6315,#6316,#6317,#6318,
#6319,#6320,#6321));
#1105=EDGE_LOOP('',(#6322,#6323,#6324,#6325));
#1106=EDGE_LOOP('',(#6326,#6327,#6328,#6329,#6330,#6331,#6332,#6333,#6334,
#6335,#6336,#6337,#6338));
#1107=EDGE_LOOP('',(#6339,#6340,#6341,#6342,#6343,#6344,#6345,#6346,#6347,
#6348,#6349,#6350));
#1108=EDGE_LOOP('',(#6351,#6352,#6353,#6354,#6355,#6356,#6357,#6358,#6359,
#6360,#6361));
#1109=EDGE_LOOP('',(#6362,#6363,#6364,#6365));
#1110=EDGE_LOOP('',(#6366,#6367,#6368,#6369,#6370,#6371));
#1111=EDGE_LOOP('',(#6372,#6373,#6374,#6375,#6376,#6377,#6378,#6379,#6380,
#6381,#6382,#6383,#6384,#6385,#6386,#6387,#6388,#6389));
#1112=EDGE_LOOP('',(#6390,#6391,#6392,#6393));
#1113=EDGE_LOOP('',(#6394,#6395,#6396,#6397,#6398,#6399,#6400,#6401,#6402,
#6403,#6404,#6405,#6406,#6407,#6408));
#1114=EDGE_LOOP('',(#6409,#6410,#6411,#6412,#6413));
#1115=EDGE_LOOP('',(#6414,#6415,#6416,#6417));
#1116=EDGE_LOOP('',(#6418,#6419,#6420,#6421,#6422));
#1117=EDGE_LOOP('',(#6423,#6424,#6425,#6426));
#1118=EDGE_LOOP('',(#6427,#6428,#6429,#6430));
#1119=EDGE_LOOP('',(#6431,#6432,#6433,#6434));
#1120=EDGE_LOOP('',(#6435,#6436,#6437,#6438,#6439,#6440));
#1121=EDGE_LOOP('',(#6441,#6442,#6443,#6444));
#1122=EDGE_LOOP('',(#6445,#6446,#6447,#6448));
#1123=EDGE_LOOP('',(#6449,#6450,#6451,#6452));
#1124=EDGE_LOOP('',(#6453,#6454,#6455,#6456));
#1125=EDGE_LOOP('',(#6457,#6458,#6459,#6460));
#1126=EDGE_LOOP('',(#6461,#6462,#6463,#6464));
#1127=EDGE_LOOP('',(#6465,#6466,#6467,#6468));
#1128=EDGE_LOOP('',(#6469,#6470,#6471,#6472));
#1129=EDGE_LOOP('',(#6473,#6474,#6475,#6476));
#1130=EDGE_LOOP('',(#6477,#6478,#6479,#6480));
#1131=EDGE_LOOP('',(#6481,#6482,#6483,#6484));
#1132=EDGE_LOOP('',(#6485,#6486,#6487));
#1133=EDGE_LOOP('',(#6488,#6489,#6490,#6491,#6492));
#1134=EDGE_LOOP('',(#6493,#6494,#6495,#6496));
#1135=EDGE_LOOP('',(#6497,#6498,#6499,#6500));
#1136=EDGE_LOOP('',(#6501,#6502,#6503,#6504,#6505));
#1137=EDGE_LOOP('',(#6506,#6507,#6508));
#1138=EDGE_LOOP('',(#6509,#6510,#6511));
#1139=EDGE_LOOP('',(#6512,#6513,#6514));
#1140=EDGE_LOOP('',(#6515,#6516,#6517));
#1141=EDGE_LOOP('',(#6518,#6519,#6520,#6521,#6522,#6523,#6524,#6525));
#1142=EDGE_LOOP('',(#6526,#6527,#6528,#6529,#6530,#6531,#6532,#6533));
#1143=EDGE_LOOP('',(#6534,#6535,#6536,#6537));
#1144=EDGE_LOOP('',(#6538,#6539,#6540,#6541,#6542));
#1145=EDGE_LOOP('',(#6543,#6544,#6545));
#1146=EDGE_LOOP('',(#6546,#6547,#6548,#6549));
#1147=EDGE_LOOP('',(#6550,#6551,#6552));
#1148=EDGE_LOOP('',(#6553,#6554,#6555,#6556,#6557));
#1149=EDGE_LOOP('',(#6558,#6559,#6560,#6561,#6562,#6563));
#1150=EDGE_LOOP('',(#6564,#6565,#6566,#6567));
#1151=EDGE_LOOP('',(#6568,#6569,#6570,#6571));
#1152=EDGE_LOOP('',(#6572,#6573,#6574,#6575));
#1153=EDGE_LOOP('',(#6576,#6577,#6578,#6579));
#1154=EDGE_LOOP('',(#6580,#6581,#6582,#6583));
#1155=EDGE_LOOP('',(#6584,#6585,#6586,#6587));
#1156=EDGE_LOOP('',(#6588,#6589,#6590,#6591,#6592,#6593,#6594,#6595,#6596,
#6597));
#1157=EDGE_LOOP('',(#6598,#6599,#6600,#6601));
#1158=EDGE_LOOP('',(#6602,#6603,#6604,#6605));
#1159=EDGE_LOOP('',(#6606,#6607,#6608,#6609));
#1160=EDGE_LOOP('',(#6610,#6611,#6612,#6613));
#1161=EDGE_LOOP('',(#6614,#6615,#6616,#6617));
#1162=EDGE_LOOP('',(#6618,#6619,#6620,#6621,#6622,#6623));
#1163=EDGE_LOOP('',(#6624,#6625,#6626,#6627));
#1164=EDGE_LOOP('',(#6628,#6629,#6630));
#1165=EDGE_LOOP('',(#6631,#6632,#6633,#6634));
#1166=EDGE_LOOP('',(#6635,#6636,#6637,#6638));
#1167=EDGE_LOOP('',(#6639,#6640,#6641,#6642));
#1168=EDGE_LOOP('',(#6643,#6644,#6645));
#1169=EDGE_LOOP('',(#6646,#6647,#6648,#6649));
#1170=EDGE_LOOP('',(#6650,#6651,#6652,#6653,#6654,#6655));
#1171=EDGE_LOOP('',(#6656,#6657,#6658,#6659));
#1172=EDGE_LOOP('',(#6660,#6661,#6662,#6663));
#1173=EDGE_LOOP('',(#6664,#6665,#6666,#6667));
#1174=EDGE_LOOP('',(#6668,#6669,#6670,#6671));
#1175=EDGE_LOOP('',(#6672,#6673,#6674,#6675,#6676,#6677,#6678,#6679));
#1176=EDGE_LOOP('',(#6680,#6681,#6682,#6683,#6684));
#1177=EDGE_LOOP('',(#6685,#6686,#6687,#6688));
#1178=EDGE_LOOP('',(#6689,#6690,#6691));
#1179=EDGE_LOOP('',(#6692,#6693,#6694,#6695));
#1180=EDGE_LOOP('',(#6696,#6697,#6698,#6699));
#1181=EDGE_LOOP('',(#6700,#6701,#6702,#6703));
#1182=EDGE_LOOP('',(#6704,#6705,#6706,#6707,#6708,#6709,#6710,#6711,#6712,
#6713,#6714,#6715,#6716));
#1183=EDGE_LOOP('',(#6717,#6718,#6719,#6720));
#1184=EDGE_LOOP('',(#6721,#6722,#6723));
#1185=EDGE_LOOP('',(#6724,#6725,#6726,#6727));
#1186=EDGE_LOOP('',(#6728,#6729,#6730,#6731,#6732,#6733,#6734,#6735,#6736,
#6737,#6738,#6739,#6740));
#1187=EDGE_LOOP('',(#6741,#6742,#6743,#6744));
#1188=EDGE_LOOP('',(#6745,#6746,#6747));
#1189=EDGE_LOOP('',(#6748,#6749,#6750,#6751));
#1190=EDGE_LOOP('',(#6752,#6753,#6754,#6755,#6756,#6757,#6758,#6759,#6760,
#6761,#6762,#6763,#6764));
#1191=EDGE_LOOP('',(#6765,#6766,#6767,#6768));
#1192=EDGE_LOOP('',(#6769,#6770,#6771));
#1193=EDGE_LOOP('',(#6772,#6773,#6774,#6775));
#1194=EDGE_LOOP('',(#6776,#6777,#6778,#6779,#6780,#6781,#6782,#6783,#6784,
#6785,#6786,#6787,#6788));
#1195=EDGE_LOOP('',(#6789,#6790,#6791,#6792));
#1196=EDGE_LOOP('',(#6793,#6794,#6795,#6796));
#1197=EDGE_LOOP('',(#6797,#6798,#6799,#6800));
#1198=EDGE_LOOP('',(#6801,#6802,#6803,#6804));
#1199=EDGE_LOOP('',(#6805,#6806,#6807,#6808));
#1200=EDGE_LOOP('',(#6809,#6810,#6811));
#1201=EDGE_LOOP('',(#6812,#6813,#6814,#6815));
#1202=EDGE_LOOP('',(#6816,#6817,#6818,#6819));
#1203=EDGE_LOOP('',(#6820,#6821,#6822,#6823));
#1204=EDGE_LOOP('',(#6824,#6825,#6826));
#1205=EDGE_LOOP('',(#6827,#6828,#6829,#6830));
#1206=EDGE_LOOP('',(#6831,#6832,#6833,#6834));
#1207=EDGE_LOOP('',(#6835,#6836,#6837,#6838));
#1208=EDGE_LOOP('',(#6839,#6840,#6841,#6842));
#1209=EDGE_LOOP('',(#6843,#6844,#6845,#6846));
#1210=EDGE_LOOP('',(#6847,#6848,#6849,#6850));
#1211=EDGE_LOOP('',(#6851,#6852,#6853,#6854,#6855,#6856,#6857));
#1212=EDGE_LOOP('',(#6858,#6859,#6860,#6861));
#1213=EDGE_LOOP('',(#6862,#6863,#6864));
#1214=EDGE_LOOP('',(#6865,#6866,#6867,#6868));
#1215=EDGE_LOOP('',(#6869,#6870,#6871));
#1216=EDGE_LOOP('',(#6872,#6873,#6874,#6875));
#1217=EDGE_LOOP('',(#6876,#6877,#6878));
#1218=EDGE_LOOP('',(#6879,#6880,#6881,#6882));
#1219=EDGE_LOOP('',(#6883,#6884,#6885,#6886,#6887));
#1220=EDGE_LOOP('',(#6888,#6889,#6890,#6891,#6892));
#1221=EDGE_LOOP('',(#6893,#6894,#6895,#6896,#6897,#6898,#6899,#6900,#6901,
#6902,#6903,#6904,#6905,#6906,#6907,#6908,#6909,#6910,#6911,#6912,#6913,
#6914,#6915,#6916,#6917,#6918,#6919,#6920));
#1222=EDGE_LOOP('',(#6921,#6922,#6923,#6924));
#1223=EDGE_LOOP('',(#6925,#6926,#6927,#6928));
#1224=EDGE_LOOP('',(#6929,#6930,#6931,#6932));
#1225=EDGE_LOOP('',(#6933,#6934,#6935,#6936));
#1226=EDGE_LOOP('',(#6937,#6938,#6939,#6940));
#1227=EDGE_LOOP('',(#6941,#6942,#6943,#6944,#6945));
#1228=EDGE_LOOP('',(#6946,#6947,#6948,#6949,#6950));
#1229=EDGE_LOOP('',(#6951,#6952,#6953));
#1230=EDGE_LOOP('',(#6954,#6955,#6956,#6957));
#1231=EDGE_LOOP('',(#6958,#6959,#6960));
#1232=EDGE_LOOP('',(#6961,#6962,#6963,#6964));
#1233=EDGE_LOOP('',(#6965,#6966,#6967,#6968));
#1234=EDGE_LOOP('',(#6969,#6970,#6971,#6972));
#1235=EDGE_LOOP('',(#6973,#6974,#6975,#6976));
#1236=EDGE_LOOP('',(#6977,#6978,#6979,#6980,#6981));
#1237=EDGE_LOOP('',(#6982,#6983,#6984,#6985,#6986));
#1238=EDGE_LOOP('',(#6987,#6988,#6989));
#1239=EDGE_LOOP('',(#6990,#6991,#6992,#6993));
#1240=EDGE_LOOP('',(#6994,#6995,#6996));
#1241=EDGE_LOOP('',(#6997,#6998,#6999,#7000));
#1242=EDGE_LOOP('',(#7001,#7002,#7003,#7004));
#1243=EDGE_LOOP('',(#7005,#7006,#7007,#7008,#7009,#7010,#7011,#7012,#7013,
#7014));
#1244=EDGE_LOOP('',(#7015,#7016,#7017,#7018));
#1245=EDGE_LOOP('',(#7019,#7020,#7021));
#1246=EDGE_LOOP('',(#7022,#7023,#7024,#7025));
#1247=EDGE_LOOP('',(#7026,#7027,#7028,#7029));
#1248=EDGE_LOOP('',(#7030,#7031,#7032,#7033));
#1249=EDGE_LOOP('',(#7034,#7035,#7036));
#1250=EDGE_LOOP('',(#7037,#7038,#7039,#7040));
#1251=EDGE_LOOP('',(#7041,#7042,#7043,#7044));
#1252=EDGE_LOOP('',(#7045,#7046,#7047,#7048));
#1253=EDGE_LOOP('',(#7049,#7050,#7051,#7052));
#1254=EDGE_LOOP('',(#7053,#7054,#7055,#7056));
#1255=EDGE_LOOP('',(#7057,#7058,#7059,#7060));
#1256=EDGE_LOOP('',(#7061,#7062,#7063,#7064));
#1257=EDGE_LOOP('',(#7065,#7066,#7067,#7068));
#1258=EDGE_LOOP('',(#7069,#7070,#7071,#7072,#7073));
#1259=EDGE_LOOP('',(#7074,#7075,#7076,#7077));
#1260=EDGE_LOOP('',(#7078,#7079,#7080,#7081));
#1261=EDGE_LOOP('',(#7082,#7083,#7084,#7085,#7086));
#1262=EDGE_LOOP('',(#7087,#7088,#7089,#7090,#7091));
#1263=EDGE_LOOP('',(#7092,#7093,#7094));
#1264=EDGE_LOOP('',(#7095,#7096,#7097,#7098,#7099));
#1265=EDGE_LOOP('',(#7100,#7101,#7102,#7103,#7104));
#1266=EDGE_LOOP('',(#7105,#7106,#7107,#7108));
#1267=EDGE_LOOP('',(#7109,#7110,#7111,#7112));
#1268=EDGE_LOOP('',(#7113,#7114,#7115,#7116));
#1269=EDGE_LOOP('',(#7117,#7118,#7119));
#1270=EDGE_LOOP('',(#7120,#7121,#7122,#7123));
#1271=EDGE_LOOP('',(#7124,#7125,#7126,#7127,#7128));
#1272=EDGE_LOOP('',(#7129,#7130,#7131,#7132));
#1273=EDGE_LOOP('',(#7133,#7134,#7135,#7136));
#1274=EDGE_LOOP('',(#7137,#7138,#7139,#7140,#7141));
#1275=EDGE_LOOP('',(#7142,#7143,#7144,#7145));
#1276=EDGE_LOOP('',(#7146,#7147,#7148,#7149));
#1277=EDGE_LOOP('',(#7150,#7151,#7152,#7153));
#1278=EDGE_LOOP('',(#7154,#7155,#7156,#7157));
#1279=EDGE_LOOP('',(#7158,#7159,#7160));
#1280=EDGE_LOOP('',(#7161,#7162,#7163,#7164));
#1281=EDGE_LOOP('',(#7165,#7166,#7167,#7168));
#1282=EDGE_LOOP('',(#7169,#7170,#7171,#7172));
#1283=EDGE_LOOP('',(#7173,#7174,#7175,#7176,#7177));
#1284=EDGE_LOOP('',(#7178,#7179,#7180,#7181,#7182));
#1285=EDGE_LOOP('',(#7183,#7184,#7185));
#1286=EDGE_LOOP('',(#7186,#7187,#7188,#7189));
#1287=EDGE_LOOP('',(#7190,#7191,#7192,#7193));
#1288=EDGE_LOOP('',(#7194,#7195,#7196,#7197));
#1289=EDGE_LOOP('',(#7198,#7199,#7200,#7201));
#1290=EDGE_LOOP('',(#7202,#7203,#7204,#7205));
#1291=EDGE_LOOP('',(#7206,#7207,#7208));
#1292=EDGE_LOOP('',(#7209,#7210,#7211,#7212));
#1293=EDGE_LOOP('',(#7213,#7214,#7215));
#1294=EDGE_LOOP('',(#7216,#7217,#7218,#7219));
#1295=EDGE_LOOP('',(#7220,#7221,#7222,#7223));
#1296=EDGE_LOOP('',(#7224,#7225,#7226,#7227));
#1297=EDGE_LOOP('',(#7228,#7229,#7230,#7231));
#1298=EDGE_LOOP('',(#7232,#7233,#7234,#7235));
#1299=EDGE_LOOP('',(#7236,#7237,#7238,#7239));
#1300=EDGE_LOOP('',(#7240,#7241,#7242,#7243));
#1301=EDGE_LOOP('',(#7244,#7245,#7246));
#1302=EDGE_LOOP('',(#7247,#7248,#7249,#7250));
#1303=EDGE_LOOP('',(#7251,#7252,#7253,#7254));
#1304=EDGE_LOOP('',(#7255,#7256,#7257,#7258,#7259,#7260,#7261));
#1305=EDGE_LOOP('',(#7262,#7263,#7264,#7265));
#1306=EDGE_LOOP('',(#7266,#7267,#7268,#7269));
#1307=EDGE_LOOP('',(#7270,#7271,#7272,#7273,#7274));
#1308=EDGE_LOOP('',(#7275,#7276,#7277,#7278,#7279,#7280));
#1309=EDGE_LOOP('',(#7281,#7282,#7283,#7284,#7285));
#1310=EDGE_LOOP('',(#7286,#7287,#7288,#7289));
#1311=EDGE_LOOP('',(#7290,#7291,#7292,#7293));
#1312=EDGE_LOOP('',(#7294,#7295,#7296,#7297,#7298));
#1313=EDGE_LOOP('',(#7299,#7300,#7301,#7302));
#1314=EDGE_LOOP('',(#7303,#7304,#7305));
#1315=EDGE_LOOP('',(#7306,#7307,#7308,#7309));
#1316=EDGE_LOOP('',(#7310,#7311,#7312,#7313));
#1317=EDGE_LOOP('',(#7314,#7315,#7316,#7317));
#1318=EDGE_LOOP('',(#7318,#7319,#7320,#7321));
#1319=EDGE_LOOP('',(#7322,#7323,#7324,#7325));
#1320=EDGE_LOOP('',(#7326,#7327,#7328,#7329));
#1321=EDGE_LOOP('',(#7330,#7331,#7332,#7333,#7334));
#1322=EDGE_LOOP('',(#7335,#7336,#7337,#7338));
#1323=EDGE_LOOP('',(#7339,#7340,#7341,#7342));
#1324=EDGE_LOOP('',(#7343,#7344,#7345,#7346));
#1325=EDGE_LOOP('',(#7347,#7348,#7349,#7350,#7351));
#1326=EDGE_LOOP('',(#7352,#7353,#7354,#7355));
#1327=EDGE_LOOP('',(#7356,#7357,#7358,#7359,#7360,#7361));
#1328=EDGE_LOOP('',(#7362,#7363,#7364,#7365));
#1329=EDGE_LOOP('',(#7366,#7367,#7368));
#1330=EDGE_LOOP('',(#7369,#7370,#7371,#7372));
#1331=EDGE_LOOP('',(#7373,#7374,#7375));
#1332=EDGE_LOOP('',(#7376,#7377,#7378,#7379));
#1333=EDGE_LOOP('',(#7380,#7381,#7382,#7383));
#1334=EDGE_LOOP('',(#7384,#7385,#7386,#7387));
#1335=EDGE_LOOP('',(#7388,#7389,#7390,#7391));
#1336=EDGE_LOOP('',(#7392,#7393,#7394,#7395));
#1337=EDGE_LOOP('',(#7396,#7397,#7398,#7399));
#1338=EDGE_LOOP('',(#7400,#7401,#7402,#7403));
#1339=EDGE_LOOP('',(#7404,#7405,#7406,#7407));
#1340=EDGE_LOOP('',(#7408,#7409,#7410,#7411));
#1341=EDGE_LOOP('',(#7412,#7413,#7414,#7415,#7416));
#1342=EDGE_LOOP('',(#7417,#7418,#7419,#7420));
#1343=EDGE_LOOP('',(#7421,#7422,#7423,#7424,#7425,#7426));
#1344=EDGE_LOOP('',(#7427,#7428,#7429,#7430));
#1345=EDGE_LOOP('',(#7431,#7432,#7433,#7434));
#1346=EDGE_LOOP('',(#7435,#7436,#7437,#7438));
#1347=EDGE_LOOP('',(#7439,#7440,#7441,#7442));
#1348=EDGE_LOOP('',(#7443,#7444,#7445,#7446));
#1349=EDGE_LOOP('',(#7447,#7448,#7449,#7450));
#1350=EDGE_LOOP('',(#7451,#7452,#7453,#7454));
#1351=EDGE_LOOP('',(#7455,#7456,#7457,#7458));
#1352=EDGE_LOOP('',(#7459,#7460,#7461,#7462));
#1353=EDGE_LOOP('',(#7463,#7464,#7465,#7466));
#1354=EDGE_LOOP('',(#7467,#7468,#7469,#7470));
#1355=EDGE_LOOP('',(#7471,#7472,#7473,#7474));
#1356=EDGE_LOOP('',(#7475,#7476,#7477,#7478));
#1357=EDGE_LOOP('',(#7479,#7480,#7481,#7482));
#1358=EDGE_LOOP('',(#7483,#7484,#7485,#7486,#7487,#7488,#7489,#7490));
#1359=EDGE_LOOP('',(#7491,#7492,#7493,#7494));
#1360=EDGE_LOOP('',(#7495,#7496,#7497,#7498));
#1361=EDGE_LOOP('',(#7499,#7500,#7501,#7502));
#1362=EDGE_LOOP('',(#7503,#7504,#7505,#7506));
#1363=EDGE_LOOP('',(#7507,#7508,#7509,#7510));
#1364=EDGE_LOOP('',(#7511,#7512,#7513,#7514));
#1365=EDGE_LOOP('',(#7515,#7516,#7517,#7518));
#1366=EDGE_LOOP('',(#7519,#7520,#7521,#7522));
#1367=EDGE_LOOP('',(#7523,#7524,#7525,#7526));
#1368=EDGE_LOOP('',(#7527,#7528,#7529,#7530));
#1369=EDGE_LOOP('',(#7531,#7532,#7533,#7534));
#1370=EDGE_LOOP('',(#7535,#7536,#7537,#7538,#7539,#7540,#7541,#7542));
#1371=EDGE_LOOP('',(#7543,#7544,#7545,#7546));
#1372=EDGE_LOOP('',(#7547,#7548,#7549,#7550,#7551,#7552,#7553,#7554,#7555,
#7556,#7557,#7558,#7559));
#1373=EDGE_LOOP('',(#7560,#7561,#7562,#7563));
#1374=EDGE_LOOP('',(#7564,#7565,#7566,#7567));
#1375=EDGE_LOOP('',(#7568,#7569,#7570,#7571));
#1376=EDGE_LOOP('',(#7572,#7573,#7574,#7575));
#1377=EDGE_LOOP('',(#7576,#7577,#7578,#7579));
#1378=EDGE_LOOP('',(#7580,#7581,#7582,#7583));
#1379=EDGE_LOOP('',(#7584,#7585,#7586,#7587));
#1380=EDGE_LOOP('',(#7588,#7589,#7590,#7591));
#1381=EDGE_LOOP('',(#7592,#7593,#7594,#7595));
#1382=EDGE_LOOP('',(#7596,#7597,#7598,#7599));
#1383=EDGE_LOOP('',(#7600,#7601,#7602,#7603));
#1384=EDGE_LOOP('',(#7604,#7605,#7606,#7607));
#1385=EDGE_LOOP('',(#7608,#7609,#7610,#7611));
#1386=EDGE_LOOP('',(#7612,#7613,#7614,#7615,#7616,#7617,#7618,#7619,#7620,
#7621,#7622,#7623));
#1387=EDGE_LOOP('',(#7624,#7625,#7626,#7627));
#1388=EDGE_LOOP('',(#7628,#7629,#7630,#7631));
#1389=EDGE_LOOP('',(#7632,#7633,#7634,#7635));
#1390=EDGE_LOOP('',(#7636,#7637,#7638,#7639));
#1391=EDGE_LOOP('',(#7640,#7641,#7642,#7643));
#1392=EDGE_LOOP('',(#7644,#7645,#7646,#7647));
#1393=EDGE_LOOP('',(#7648,#7649,#7650,#7651));
#1394=EDGE_LOOP('',(#7652,#7653,#7654,#7655));
#1395=EDGE_LOOP('',(#7656,#7657,#7658,#7659));
#1396=EDGE_LOOP('',(#7660,#7661,#7662,#7663));
#1397=EDGE_LOOP('',(#7664,#7665,#7666,#7667));
#1398=EDGE_LOOP('',(#7668,#7669,#7670,#7671));
#1399=EDGE_LOOP('',(#7672,#7673,#7674,#7675,#7676,#7677,#7678,#7679,#7680,
#7681,#7682));
#1400=EDGE_LOOP('',(#7683,#7684,#7685,#7686));
#1401=EDGE_LOOP('',(#7687,#7688,#7689,#7690));
#1402=EDGE_LOOP('',(#7691,#7692,#7693,#7694));
#1403=EDGE_LOOP('',(#7695,#7696,#7697,#7698));
#1404=EDGE_LOOP('',(#7699,#7700,#7701,#7702));
#1405=EDGE_LOOP('',(#7703,#7704,#7705,#7706));
#1406=EDGE_LOOP('',(#7707,#7708,#7709,#7710));
#1407=EDGE_LOOP('',(#7711,#7712,#7713,#7714));
#1408=EDGE_LOOP('',(#7715,#7716,#7717,#7718));
#1409=EDGE_LOOP('',(#7719,#7720,#7721,#7722));
#1410=EDGE_LOOP('',(#7723,#7724,#7725,#7726,#7727,#7728));
#1411=EDGE_LOOP('',(#7729,#7730,#7731,#7732,#7733,#7734));
#1412=EDGE_LOOP('',(#7735,#7736,#7737,#7738));
#1413=EDGE_LOOP('',(#7739,#7740,#7741));
#1414=EDGE_LOOP('',(#7742,#7743,#7744,#7745));
#1415=EDGE_LOOP('',(#7746,#7747,#7748));
#1416=EDGE_LOOP('',(#7749,#7750,#7751,#7752));
#1417=EDGE_LOOP('',(#7753,#7754,#7755));
#1418=EDGE_LOOP('',(#7756,#7757,#7758,#7759));
#1419=EDGE_LOOP('',(#7760,#7761,#7762,#7763));
#1420=EDGE_LOOP('',(#7764,#7765,#7766,#7767));
#1421=EDGE_LOOP('',(#7768,#7769,#7770));
#1422=EDGE_LOOP('',(#7771,#7772,#7773,#7774,#7775,#7776));
#1423=EDGE_LOOP('',(#7777,#7778,#7779,#7780,#7781,#7782));
#1424=EDGE_LOOP('',(#7783,#7784,#7785,#7786));
#1425=EDGE_LOOP('',(#7787,#7788,#7789));
#1426=EDGE_LOOP('',(#7790,#7791,#7792,#7793));
#1427=EDGE_LOOP('',(#7794,#7795,#7796));
#1428=EDGE_LOOP('',(#7797,#7798,#7799,#7800));
#1429=EDGE_LOOP('',(#7801,#7802,#7803));
#1430=EDGE_LOOP('',(#7804,#7805,#7806,#7807));
#1431=EDGE_LOOP('',(#7808,#7809,#7810,#7811));
#1432=EDGE_LOOP('',(#7812,#7813,#7814,#7815));
#1433=EDGE_LOOP('',(#7816,#7817,#7818));
#1434=EDGE_LOOP('',(#7819,#7820,#7821,#7822));
#1435=EDGE_LOOP('',(#7823,#7824,#7825,#7826,#7827,#7828));
#1436=EDGE_LOOP('',(#7829,#7830,#7831,#7832));
#1437=EDGE_LOOP('',(#7833,#7834,#7835,#7836));
#1438=EDGE_LOOP('',(#7837,#7838,#7839,#7840));
#1439=EDGE_LOOP('',(#7841,#7842,#7843,#7844));
#1440=EDGE_LOOP('',(#7845,#7846,#7847,#7848));
#1441=EDGE_LOOP('',(#7849,#7850,#7851,#7852));
#1442=EDGE_LOOP('',(#7853,#7854,#7855,#7856));
#1443=EDGE_LOOP('',(#7857,#7858,#7859,#7860));
#1444=EDGE_LOOP('',(#7861,#7862,#7863,#7864));
#1445=EDGE_LOOP('',(#7865,#7866,#7867,#7868));
#1446=EDGE_LOOP('',(#7869,#7870,#7871,#7872));
#1447=EDGE_LOOP('',(#7873,#7874,#7875,#7876));
#1448=EDGE_LOOP('',(#7877,#7878,#7879,#7880,#7881,#7882,#7883,#7884,#7885));
#1449=EDGE_LOOP('',(#7886,#7887,#7888,#7889,#7890,#7891));
#1450=EDGE_LOOP('',(#7892,#7893,#7894,#7895));
#1451=EDGE_LOOP('',(#7896,#7897,#7898,#7899));
#1452=EDGE_LOOP('',(#7900,#7901,#7902,#7903));
#1453=EDGE_LOOP('',(#7904,#7905,#7906,#7907));
#1454=EDGE_LOOP('',(#7908,#7909,#7910,#7911));
#1455=EDGE_LOOP('',(#7912,#7913,#7914,#7915));
#1456=EDGE_LOOP('',(#7916,#7917,#7918,#7919));
#1457=EDGE_LOOP('',(#7920,#7921,#7922,#7923));
#1458=EDGE_LOOP('',(#7924,#7925,#7926,#7927));
#1459=EDGE_LOOP('',(#7928,#7929,#7930,#7931));
#1460=EDGE_LOOP('',(#7932,#7933,#7934,#7935));
#1461=EDGE_LOOP('',(#7936,#7937,#7938,#7939));
#1462=EDGE_LOOP('',(#7940,#7941,#7942,#7943));
#1463=EDGE_LOOP('',(#7944,#7945,#7946,#7947));
#1464=EDGE_LOOP('',(#7948,#7949,#7950,#7951,#7952,#7953));
#1465=EDGE_LOOP('',(#7954,#7955,#7956,#7957));
#1466=EDGE_LOOP('',(#7958,#7959,#7960,#7961,#7962,#7963,#7964,#7965,#7966));
#1467=EDGE_LOOP('',(#7967,#7968,#7969,#7970,#7971,#7972));
#1468=EDGE_LOOP('',(#7973,#7974,#7975,#7976));
#1469=EDGE_LOOP('',(#7977,#7978,#7979,#7980));
#1470=EDGE_LOOP('',(#7981,#7982,#7983,#7984));
#1471=EDGE_LOOP('',(#7985,#7986,#7987,#7988));
#1472=EDGE_LOOP('',(#7989,#7990,#7991,#7992));
#1473=EDGE_LOOP('',(#7993,#7994,#7995,#7996));
#1474=EDGE_LOOP('',(#7997,#7998,#7999,#8000));
#1475=EDGE_LOOP('',(#8001,#8002,#8003,#8004));
#1476=EDGE_LOOP('',(#8005,#8006,#8007,#8008));
#1477=EDGE_LOOP('',(#8009,#8010,#8011,#8012));
#1478=EDGE_LOOP('',(#8013,#8014,#8015,#8016));
#1479=EDGE_LOOP('',(#8017,#8018,#8019,#8020));
#1480=EDGE_LOOP('',(#8021,#8022,#8023,#8024));
#1481=EDGE_LOOP('',(#8025,#8026,#8027,#8028));
#1482=EDGE_LOOP('',(#8029,#8030,#8031,#8032,#8033,#8034));
#1483=EDGE_LOOP('',(#8035,#8036,#8037,#8038));
#1484=EDGE_LOOP('',(#8039,#8040,#8041,#8042,#8043,#8044,#8045,#8046));
#1485=EDGE_LOOP('',(#8047,#8048,#8049,#8050));
#1486=EDGE_LOOP('',(#8051,#8052,#8053,#8054));
#1487=EDGE_LOOP('',(#8055,#8056,#8057,#8058));
#1488=EDGE_LOOP('',(#8059,#8060,#8061,#8062));
#1489=EDGE_LOOP('',(#8063,#8064,#8065,#8066));
#1490=EDGE_LOOP('',(#8067,#8068,#8069,#8070));
#1491=EDGE_LOOP('',(#8071,#8072,#8073,#8074));
#1492=EDGE_LOOP('',(#8075,#8076,#8077,#8078));
#1493=EDGE_LOOP('',(#8079,#8080,#8081,#8082,#8083,#8084));
#1494=EDGE_LOOP('',(#8085,#8086,#8087,#8088));
#1495=EDGE_LOOP('',(#8089,#8090,#8091,#8092));
#1496=EDGE_LOOP('',(#8093,#8094,#8095,#8096));
#1497=EDGE_LOOP('',(#8097,#8098,#8099,#8100));
#1498=EDGE_LOOP('',(#8101,#8102,#8103,#8104));
#1499=EDGE_LOOP('',(#8105,#8106,#8107,#8108));
#1500=EDGE_LOOP('',(#8109,#8110,#8111,#8112));
#1501=EDGE_LOOP('',(#8113,#8114,#8115,#8116));
#1502=EDGE_LOOP('',(#8117,#8118,#8119,#8120));
#1503=EDGE_LOOP('',(#8121,#8122,#8123,#8124));
#1504=EDGE_LOOP('',(#8125,#8126,#8127,#8128));
#1505=EDGE_LOOP('',(#8129,#8130,#8131,#8132));
#1506=EDGE_LOOP('',(#8133,#8134,#8135,#8136,#8137,#8138,#8139,#8140));
#1507=EDGE_LOOP('',(#8141,#8142,#8143,#8144));
#1508=EDGE_LOOP('',(#8145,#8146,#8147,#8148));
#1509=EDGE_LOOP('',(#8149,#8150,#8151,#8152));
#1510=EDGE_LOOP('',(#8153,#8154,#8155,#8156));
#1511=EDGE_LOOP('',(#8157,#8158,#8159,#8160));
#1512=EDGE_LOOP('',(#8161,#8162,#8163,#8164));
#1513=EDGE_LOOP('',(#8165,#8166,#8167,#8168));
#1514=EDGE_LOOP('',(#8169,#8170,#8171,#8172));
#1515=EDGE_LOOP('',(#8173,#8174,#8175,#8176,#8177,#8178,#8179));
#1516=EDGE_LOOP('',(#8180,#8181,#8182,#8183));
#1517=EDGE_LOOP('',(#8184,#8185,#8186,#8187));
#1518=EDGE_LOOP('',(#8188,#8189,#8190,#8191));
#1519=EDGE_LOOP('',(#8192,#8193,#8194,#8195));
#1520=EDGE_LOOP('',(#8196,#8197,#8198,#8199));
#1521=EDGE_LOOP('',(#8200,#8201,#8202,#8203));
#1522=EDGE_LOOP('',(#8204,#8205,#8206,#8207));
#1523=EDGE_LOOP('',(#8208,#8209,#8210,#8211,#8212,#8213,#8214));
#1524=EDGE_LOOP('',(#8215,#8216,#8217,#8218));
#1525=EDGE_LOOP('',(#8219,#8220,#8221,#8222));
#1526=EDGE_LOOP('',(#8223,#8224,#8225,#8226));
#1527=EDGE_LOOP('',(#8227,#8228,#8229,#8230));
#1528=EDGE_LOOP('',(#8231,#8232,#8233,#8234));
#1529=EDGE_LOOP('',(#8235,#8236,#8237,#8238));
#1530=EDGE_LOOP('',(#8239,#8240,#8241,#8242,#8243,#8244,#8245,#8246,#8247,
#8248,#8249,#8250,#8251,#8252));
#1531=EDGE_LOOP('',(#8253,#8254,#8255,#8256));
#1532=EDGE_LOOP('',(#8257,#8258,#8259,#8260));
#1533=EDGE_LOOP('',(#8261,#8262,#8263,#8264,#8265,#8266));
#1534=EDGE_LOOP('',(#8267,#8268,#8269,#8270,#8271,#8272,#8273,#8274));
#1535=EDGE_LOOP('',(#8275,#8276,#8277,#8278,#8279,#8280));
#1536=EDGE_LOOP('',(#8281,#8282,#8283,#8284));
#1537=EDGE_LOOP('',(#8285,#8286,#8287,#8288));
#1538=EDGE_LOOP('',(#8289,#8290,#8291,#8292));
#1539=EDGE_LOOP('',(#8293,#8294,#8295,#8296));
#1540=EDGE_LOOP('',(#8297,#8298,#8299,#8300));
#1541=EDGE_LOOP('',(#8301,#8302,#8303,#8304));
#1542=EDGE_LOOP('',(#8305,#8306,#8307,#8308,#8309,#8310,#8311,#8312));
#1543=EDGE_LOOP('',(#8313,#8314,#8315,#8316));
#1544=EDGE_LOOP('',(#8317,#8318,#8319,#8320,#8321,#8322,#8323,#8324,#8325,
#8326,#8327,#8328,#8329,#8330,#8331,#8332,#8333,#8334,#8335,#8336,#8337,
#8338,#8339,#8340));
#1545=EDGE_LOOP('',(#8341,#8342,#8343,#8344));
#1546=EDGE_LOOP('',(#8345,#8346,#8347,#8348));
#1547=EDGE_LOOP('',(#8349,#8350,#8351,#8352,#8353,#8354));
#1548=EDGE_LOOP('',(#8355,#8356,#8357,#8358,#8359,#8360,#8361,#8362,#8363,
#8364,#8365,#8366,#8367,#8368));
#1549=EDGE_LOOP('',(#8369,#8370,#8371,#8372));
#1550=EDGE_LOOP('',(#8373,#8374,#8375,#8376));
#1551=EDGE_LOOP('',(#8377,#8378,#8379,#8380));
#1552=EDGE_LOOP('',(#8381,#8382,#8383,#8384));
#1553=EDGE_LOOP('',(#8385,#8386,#8387,#8388));
#1554=EDGE_LOOP('',(#8389,#8390,#8391,#8392));
#1555=EDGE_LOOP('',(#8393,#8394,#8395,#8396));
#1556=EDGE_LOOP('',(#8397,#8398,#8399,#8400));
#1557=EDGE_LOOP('',(#8401,#8402,#8403,#8404));
#1558=EDGE_LOOP('',(#8405,#8406,#8407,#8408));
#1559=EDGE_LOOP('',(#8409,#8410,#8411,#8412,#8413,#8414));
#1560=EDGE_LOOP('',(#8415,#8416,#8417,#8418));
#1561=EDGE_LOOP('',(#8419,#8420,#8421,#8422));
#1562=EDGE_LOOP('',(#8423,#8424,#8425,#8426));
#1563=EDGE_LOOP('',(#8427,#8428,#8429,#8430));
#1564=EDGE_LOOP('',(#8431,#8432,#8433,#8434));
#1565=EDGE_LOOP('',(#8435,#8436,#8437,#8438));
#1566=EDGE_LOOP('',(#8439,#8440,#8441,#8442));
#1567=EDGE_LOOP('',(#8443,#8444,#8445,#8446));
#1568=EDGE_LOOP('',(#8447,#8448,#8449,#8450));
#1569=EDGE_LOOP('',(#8451,#8452,#8453,#8454));
#1570=EDGE_LOOP('',(#8455,#8456,#8457,#8458));
#1571=EDGE_LOOP('',(#8459,#8460,#8461,#8462));
#1572=EDGE_LOOP('',(#8463,#8464,#8465,#8466));
#1573=EDGE_LOOP('',(#8467,#8468,#8469,#8470));
#1574=EDGE_LOOP('',(#8471,#8472,#8473,#8474));
#1575=EDGE_LOOP('',(#8475,#8476,#8477,#8478));
#1576=EDGE_LOOP('',(#8479,#8480,#8481,#8482,#8483,#8484,#8485,#8486));
#1577=EDGE_LOOP('',(#8487,#8488,#8489,#8490,#8491,#8492,#8493,#8494,#8495,
#8496,#8497,#8498));
#1578=EDGE_LOOP('',(#8499,#8500,#8501,#8502,#8503,#8504,#8505));
#1579=EDGE_LOOP('',(#8506,#8507,#8508,#8509));
#1580=EDGE_LOOP('',(#8510,#8511,#8512,#8513,#8514,#8515,#8516,#8517,#8518,
#8519,#8520,#8521));
#1581=EDGE_LOOP('',(#8522,#8523,#8524,#8525));
#1582=EDGE_LOOP('',(#8526,#8527,#8528,#8529,#8530,#8531));
#1583=EDGE_LOOP('',(#8532,#8533,#8534,#8535,#8536,#8537,#8538));
#1584=EDGE_LOOP('',(#8539,#8540,#8541,#8542));
#1585=EDGE_LOOP('',(#8543,#8544,#8545,#8546));
#1586=EDGE_LOOP('',(#8547,#8548,#8549,#8550));
#1587=EDGE_LOOP('',(#8551,#8552,#8553,#8554));
#1588=EDGE_LOOP('',(#8555,#8556,#8557,#8558,#8559));
#1589=EDGE_LOOP('',(#8560,#8561,#8562,#8563,#8564,#8565,#8566,#8567));
#1590=EDGE_LOOP('',(#8568,#8569,#8570,#8571,#8572,#8573,#8574,#8575));
#1591=EDGE_LOOP('',(#8576,#8577,#8578,#8579));
#1592=EDGE_LOOP('',(#8580,#8581,#8582,#8583));
#1593=EDGE_LOOP('',(#8584,#8585,#8586,#8587,#8588,#8589,#8590,#8591,#8592,
#8593,#8594,#8595,#8596,#8597,#8598,#8599));
#1594=EDGE_LOOP('',(#8600,#8601,#8602,#8603));
#1595=EDGE_LOOP('',(#8604,#8605,#8606,#8607,#8608,#8609,#8610,#8611,#8612,
#8613,#8614,#8615,#8616,#8617,#8618,#8619));
#1596=EDGE_LOOP('',(#8620,#8621,#8622,#8623));
#1597=EDGE_LOOP('',(#8624,#8625,#8626,#8627,#8628,#8629));
#1598=EDGE_LOOP('',(#8630,#8631,#8632,#8633));
#1599=EDGE_LOOP('',(#8634,#8635,#8636));
#1600=EDGE_LOOP('',(#8637,#8638,#8639,#8640));
#1601=EDGE_LOOP('',(#8641,#8642,#8643));
#1602=EDGE_LOOP('',(#8644,#8645,#8646,#8647));
#1603=EDGE_LOOP('',(#8648,#8649,#8650,#8651,#8652,#8653));
#1604=EDGE_LOOP('',(#8654,#8655,#8656,#8657,#8658,#8659));
#1605=EDGE_LOOP('',(#8660,#8661,#8662,#8663));
#1606=EDGE_LOOP('',(#8664,#8665,#8666,#8667,#8668,#8669,#8670,#8671,#8672,
#8673,#8674,#8675,#8676,#8677,#8678,#8679));
#1607=EDGE_LOOP('',(#8680,#8681,#8682,#8683));
#1608=EDGE_LOOP('',(#8684,#8685,#8686,#8687,#8688,#8689,#8690,#8691,#8692,
#8693,#8694,#8695,#8696,#8697,#8698,#8699));
#1609=EDGE_LOOP('',(#8700,#8701,#8702,#8703,#8704));
#1610=EDGE_LOOP('',(#8705,#8706,#8707,#8708));
#1611=EDGE_LOOP('',(#8709,#8710,#8711,#8712));
#1612=EDGE_LOOP('',(#8713,#8714,#8715,#8716));
#1613=EDGE_LOOP('',(#8717,#8718,#8719,#8720,#8721,#8722,#8723,#8724));
#1614=EDGE_LOOP('',(#8725,#8726,#8727,#8728,#8729,#8730,#8731,#8732));
#1615=EDGE_LOOP('',(#8733,#8734,#8735,#8736,#8737,#8738));
#1616=EDGE_LOOP('',(#8739,#8740,#8741,#8742));
#1617=EDGE_LOOP('',(#8743,#8744,#8745,#8746));
#1618=EDGE_LOOP('',(#8747,#8748,#8749,#8750));
#1619=EDGE_LOOP('',(#8751,#8752,#8753,#8754));
#1620=EDGE_LOOP('',(#8755,#8756,#8757));
#1621=EDGE_LOOP('',(#8758,#8759,#8760,#8761));
#1622=EDGE_LOOP('',(#8762,#8763,#8764));
#1623=EDGE_LOOP('',(#8765,#8766,#8767,#8768));
#1624=EDGE_LOOP('',(#8769,#8770,#8771,#8772,#8773,#8774));
#1625=EDGE_LOOP('',(#8775,#8776,#8777,#8778));
#1626=EDGE_LOOP('',(#8779,#8780,#8781,#8782,#8783,#8784,#8785,#8786,#8787,
#8788,#8789,#8790));
#1627=EDGE_LOOP('',(#8791,#8792,#8793,#8794,#8795,#8796,#8797,#8798));
#1628=EDGE_LOOP('',(#8799,#8800,#8801,#8802,#8803,#8804,#8805,#8806));
#1629=EDGE_LOOP('',(#8807,#8808,#8809,#8810,#8811,#8812,#8813));
#1630=EDGE_LOOP('',(#8814,#8815,#8816,#8817,#8818,#8819,#8820,#8821,#8822,
#8823,#8824,#8825));
#1631=EDGE_LOOP('',(#8826,#8827,#8828,#8829,#8830,#8831,#8832,#8833));
#1632=EDGE_LOOP('',(#8834,#8835,#8836,#8837,#8838,#8839,#8840));
#1633=EDGE_LOOP('',(#8841,#8842,#8843,#8844));
#1634=EDGE_LOOP('',(#8845,#8846,#8847,#8848));
#1635=EDGE_LOOP('',(#8849,#8850,#8851,#8852));
#1636=EDGE_LOOP('',(#8853,#8854,#8855,#8856));
#1637=EDGE_LOOP('',(#8857,#8858,#8859,#8860));
#1638=EDGE_LOOP('',(#8861,#8862,#8863,#8864,#8865));
#1639=EDGE_LOOP('',(#8866,#8867,#8868,#8869));
#1640=EDGE_LOOP('',(#8870,#8871,#8872,#8873));
#1641=EDGE_LOOP('',(#8874,#8875,#8876,#8877));
#1642=EDGE_LOOP('',(#8878,#8879,#8880,#8881));
#1643=EDGE_LOOP('',(#8882,#8883,#8884,#8885));
#1644=EDGE_LOOP('',(#8886,#8887,#8888,#8889));
#1645=EDGE_LOOP('',(#8890,#8891,#8892,#8893));
#1646=EDGE_LOOP('',(#8894,#8895,#8896,#8897));
#1647=EDGE_LOOP('',(#8898,#8899,#8900,#8901));
#1648=EDGE_LOOP('',(#8902,#8903,#8904,#8905));
#1649=EDGE_LOOP('',(#8906,#8907,#8908,#8909,#8910));
#1650=EDGE_LOOP('',(#8911,#8912,#8913,#8914));
#1651=EDGE_LOOP('',(#8915,#8916,#8917,#8918));
#1652=EDGE_LOOP('',(#8919,#8920,#8921,#8922));
#1653=EDGE_LOOP('',(#8923,#8924,#8925,#8926));
#1654=EDGE_LOOP('',(#8927,#8928,#8929,#8930));
#1655=EDGE_LOOP('',(#8931,#8932,#8933,#8934));
#1656=EDGE_LOOP('',(#8935,#8936,#8937,#8938));
#1657=EDGE_LOOP('',(#8939,#8940,#8941,#8942));
#1658=EDGE_LOOP('',(#8943,#8944,#8945,#8946));
#1659=EDGE_LOOP('',(#8947,#8948,#8949,#8950));
#1660=EDGE_LOOP('',(#8951,#8952,#8953,#8954));
#1661=EDGE_LOOP('',(#8955,#8956,#8957,#8958));
#1662=EDGE_LOOP('',(#8959,#8960,#8961,#8962));
#1663=EDGE_LOOP('',(#8963,#8964,#8965,#8966));
#1664=EDGE_LOOP('',(#8967,#8968,#8969,#8970));
#1665=EDGE_LOOP('',(#8971,#8972,#8973,#8974));
#1666=EDGE_LOOP('',(#8975,#8976,#8977,#8978));
#1667=EDGE_LOOP('',(#8979,#8980,#8981,#8982));
#1668=EDGE_LOOP('',(#8983,#8984,#8985,#8986));
#1669=EDGE_LOOP('',(#8987,#8988,#8989,#8990));
#1670=CIRCLE('',#9812,0.1);
#1671=CIRCLE('',#9814,0.25);
#1672=CIRCLE('',#9815,0.25);
#1673=CIRCLE('',#9817,0.1);
#1674=CIRCLE('',#9819,2.25);
#1675=CIRCLE('',#9820,4.25);
#1676=CIRCLE('',#9823,0.100001903988671);
#1677=CIRCLE('',#9824,0.100001903988667);
#1678=CIRCLE('',#9825,0.100001903988665);
#1679=CIRCLE('',#9827,0.25);
#1680=CIRCLE('',#9830,0.9);
#1681=CIRCLE('',#9831,0.9);
#1682=CIRCLE('',#9832,0.9);
#1683=CIRCLE('',#9833,0.9);
#1684=CIRCLE('',#9834,1.5);
#1685=CIRCLE('',#9835,1.5);
#1686=CIRCLE('',#9836,0.5);
#1687=CIRCLE('',#9837,0.1);
#1688=CIRCLE('',#9838,0.1);
#1689=CIRCLE('',#9839,0.5);
#1690=CIRCLE('',#9840,1.5);
#1691=CIRCLE('',#9841,1.5);
#1692=CIRCLE('',#9847,1.5);
#1693=CIRCLE('',#9848,1.5);
#1694=CIRCLE('',#9849,0.5);
#1695=CIRCLE('',#9850,0.5);
#1696=CIRCLE('',#9851,1.5);
#1697=CIRCLE('',#9852,1.5);
#1698=CIRCLE('',#9854,0.25);
#1699=CIRCLE('',#9856,0.10000190398869);
#1700=CIRCLE('',#9857,0.100001903988649);
#1701=CIRCLE('',#9858,0.100001903988658);
#1702=CIRCLE('',#9860,0.25);
#1703=CIRCLE('',#9862,0.1);
#1704=CIRCLE('',#9865,1.);
#1705=CIRCLE('',#9866,1.);
#1706=CIRCLE('',#9868,0.1);
#1707=CIRCLE('',#9869,0.9);
#1708=CIRCLE('',#9870,0.1);
#1709=CIRCLE('',#9873,0.9);
#1710=CIRCLE('',#9875,0.1);
#1711=CIRCLE('',#9877,1.);
#1712=CIRCLE('',#9878,0.1);
#1713=CIRCLE('',#9882,0.1);
#1714=CIRCLE('',#9883,0.1);
#1715=CIRCLE('',#9885,0.1);
#1716=CIRCLE('',#9886,1.);
#1717=CIRCLE('',#9892,0.25);
#1718=CIRCLE('',#9894,0.25);
#1719=CIRCLE('',#9895,0.25);
#1720=CIRCLE('',#9905,0.1);
#1721=CIRCLE('',#9906,0.1);
#1722=CIRCLE('',#9907,0.1);
#1723=CIRCLE('',#9908,0.1);
#1724=CIRCLE('',#9924,0.1);
#1725=CIRCLE('',#9925,0.1);
#1726=CIRCLE('',#9933,0.1);
#1727=CIRCLE('',#9935,0.1);
#1728=CIRCLE('',#9936,0.1);
#1729=CIRCLE('',#9938,0.1);
#1730=CIRCLE('',#9941,0.1);
#1731=CIRCLE('',#9943,0.1);
#1732=CIRCLE('',#9945,0.100001903988671);
#1733=CIRCLE('',#9948,0.100001903988671);
#1734=CIRCLE('',#9951,0.100001903988669);
#1735=CIRCLE('',#9953,0.100001903988667);
#1736=CIRCLE('',#9955,0.25);
#1737=CIRCLE('',#9957,0.25);
#1738=CIRCLE('',#9962,2.1);
#1739=CIRCLE('',#9964,0.1);
#1740=CIRCLE('',#9966,0.1);
#1741=CIRCLE('',#9967,0.1);
#1742=CIRCLE('',#9969,0.1);
#1743=CIRCLE('',#9971,0.2);
#1744=CIRCLE('',#9972,0.1);
#1745=CIRCLE('',#9973,0.1);
#1746=CIRCLE('',#9975,0.1);
#1747=CIRCLE('',#9978,0.1);
#1748=CIRCLE('',#9979,0.1);
#1749=CIRCLE('',#9982,2.1);
#1750=CIRCLE('',#9984,0.1);
#1751=CIRCLE('',#9986,0.1);
#1752=CIRCLE('',#9987,0.1);
#1753=CIRCLE('',#9989,0.1);
#1754=CIRCLE('',#9991,0.2);
#1755=CIRCLE('',#9993,0.100007603799776);
#1756=CIRCLE('',#9994,0.1);
#1757=CIRCLE('',#9995,0.200158271519766);
#1758=CIRCLE('',#9996,0.0999999999999903);
#1759=CIRCLE('',#9998,0.0999999999999903);
#1760=CIRCLE('',#10001,0.1);
#1761=CIRCLE('',#10002,0.1);
#1762=CIRCLE('',#10004,0.1);
#1763=CIRCLE('',#10005,0.1);
#1764=CIRCLE('',#10007,0.099978395371454);
#1765=CIRCLE('',#10008,0.100000000000002);
#1766=CIRCLE('',#10010,0.1);
#1767=CIRCLE('',#10012,0.1);
#1768=CIRCLE('',#10013,0.1);
#1769=CIRCLE('',#10015,0.0999999999999992);
#1770=CIRCLE('',#10018,0.0999807916312348);
#1771=CIRCLE('',#10021,0.100000000000001);
#1772=CIRCLE('',#10022,0.100000000000003);
#1773=CIRCLE('',#10025,0.1);
#1774=CIRCLE('',#10026,0.1);
#1775=CIRCLE('',#10028,0.1);
#1776=CIRCLE('',#10029,0.1);
#1777=CIRCLE('',#10031,0.1);
#1778=CIRCLE('',#10033,0.1);
#1779=CIRCLE('',#10034,0.1);
#1780=CIRCLE('',#10036,0.1);
#1781=CIRCLE('',#10040,0.100000000000003);
#1782=CIRCLE('',#10043,0.200118940753526);
#1783=CIRCLE('',#10044,0.200159873372406);
#1784=CIRCLE('',#10046,0.200154094924934);
#1785=CIRCLE('',#10048,0.0999999999999987);
#1786=CIRCLE('',#10051,0.1);
#1787=CIRCLE('',#10055,0.0999999999999992);
#1788=CIRCLE('',#10056,0.0999999999999973);
#1789=CIRCLE('',#10060,0.1);
#1790=CIRCLE('',#10062,0.1);
#1791=CIRCLE('',#10063,0.1);
#1792=CIRCLE('',#10065,0.1);
#1793=CIRCLE('',#10067,0.1);
#1794=CIRCLE('',#10071,0.0999999999999898);
#1795=CIRCLE('',#10073,0.1);
#1796=CIRCLE('',#10075,0.1);
#1797=CIRCLE('',#10076,0.1);
#1798=CIRCLE('',#10078,0.1);
#1799=CIRCLE('',#10080,0.1);
#1800=CIRCLE('',#10081,0.1);
#1801=CIRCLE('',#10083,0.0999999999999956);
#1802=CIRCLE('',#10084,0.0999807893544765);
#1803=CIRCLE('',#10085,0.1);
#1804=CIRCLE('',#10088,0.1);
#1805=CIRCLE('',#10089,0.1);
#1806=CIRCLE('',#10091,0.1);
#1807=CIRCLE('',#10092,0.1);
#1808=CIRCLE('',#10094,0.099999999999999);
#1809=CIRCLE('',#10095,0.100000000000002);
#1810=CIRCLE('',#10096,0.0999783905777454);
#1811=CIRCLE('',#10098,0.1);
#1812=CIRCLE('',#10100,0.1);
#1813=CIRCLE('',#10101,0.1);
#1814=CIRCLE('',#10104,0.1);
#1815=CIRCLE('',#10106,0.1);
#1816=CIRCLE('',#10107,2.);
#1817=CIRCLE('',#10111,0.1);
#1818=CIRCLE('',#10112,0.100000000000003);
#1819=CIRCLE('',#10114,0.1);
#1820=CIRCLE('',#10118,0.0999999999999999);
#1821=CIRCLE('',#10121,1.99996542777258);
#1822=CIRCLE('',#10123,0.1);
#1823=CIRCLE('',#10124,0.1);
#1824=CIRCLE('',#10126,0.0999923729848201);
#1825=CIRCLE('',#10128,0.099999999999999);
#1826=CIRCLE('',#10130,0.0999999999999979);
#1827=CIRCLE('',#10131,0.100000000000001);
#1828=CIRCLE('',#10132,0.0999783927815291);
#1829=CIRCLE('',#10134,0.1);
#1830=CIRCLE('',#10136,0.1);
#1831=CIRCLE('',#10137,0.1);
#1832=CIRCLE('',#10139,0.0999999999999984);
#1833=CIRCLE('',#10140,0.100000000000002);
#1834=CIRCLE('',#10149,0.1);
#1835=CIRCLE('',#10151,0.1);
#1836=CIRCLE('',#10152,0.1);
#1837=CIRCLE('',#10156,0.100000000000002);
#1838=CIRCLE('',#10159,0.1);
#1839=CIRCLE('',#10161,0.1);
#1840=CIRCLE('',#10165,0.0999999999999992);
#1841=CIRCLE('',#10166,0.10000759413725);
#1842=CIRCLE('',#10168,0.1);
#1843=CIRCLE('',#10170,0.1);
#1844=CIRCLE('',#10171,0.1);
#1845=CIRCLE('',#10173,0.1);
#1846=CIRCLE('',#10175,0.1);
#1847=CIRCLE('',#10176,0.1);
#1848=CIRCLE('',#10178,0.1);
#1849=CIRCLE('',#10180,0.1);
#1850=CIRCLE('',#10181,2.);
#1851=CIRCLE('',#10185,0.1);
#1852=CIRCLE('',#10186,0.0999978043342047);
#1853=CIRCLE('',#10188,0.1);
#1854=CIRCLE('',#10190,0.1);
#1855=CIRCLE('',#10192,0.1);
#1856=CIRCLE('',#10193,0.1);
#1857=CIRCLE('',#10197,0.1);
#1858=CIRCLE('',#10200,0.100000000000026);
#1859=CIRCLE('',#10203,1.99804399223128);
#1860=CIRCLE('',#10205,0.09999780433601);
#1861=CIRCLE('',#10206,0.09999780433601);
#1862=CIRCLE('',#10207,1.899930541996);
#1863=CIRCLE('',#10210,0.100000000000007);
#1864=CIRCLE('',#10211,0.0999784422096129);
#1865=CIRCLE('',#10214,0.1);
#1866=CIRCLE('',#10216,0.1);
#1867=CIRCLE('',#10220,0.100000000000002);
#1868=CIRCLE('',#10221,0.100000000000008);
#1869=CIRCLE('',#10230,0.25);
#1870=CIRCLE('',#10231,4.);
#1871=CIRCLE('',#10232,0.25);
#1872=CIRCLE('',#10233,2.);
#1873=CIRCLE('',#10235,0.25);
#1874=CIRCLE('',#10237,0.25);
#1875=CIRCLE('',#10238,0.25);
#1876=CIRCLE('',#10240,0.25);
#1877=CIRCLE('',#10241,4.);
#1878=CIRCLE('',#10243,0.25);
#1879=CIRCLE('',#10244,0.25);
#1880=CIRCLE('',#10246,0.25);
#1881=CIRCLE('',#10251,2.);
#1882=CIRCLE('',#10253,0.25);
#1883=CIRCLE('',#10257,0.1);
#1884=CIRCLE('',#10260,0.1);
#1885=CIRCLE('',#10262,0.9);
#1886=CIRCLE('',#10263,0.9);
#1887=CIRCLE('',#10265,0.1);
#1888=CIRCLE('',#10268,0.1);
#1889=CIRCLE('',#10270,1.);
#1890=CIRCLE('',#10271,0.1);
#1891=CIRCLE('',#10273,0.1);
#1892=CIRCLE('',#10275,1.);
#1893=CIRCLE('',#10277,1.);
#1894=CIRCLE('',#10279,0.1);
#1895=CIRCLE('',#10281,0.1);
#1896=CIRCLE('',#10283,1.);
#1897=CIRCLE('',#10327,0.1);
#1898=CIRCLE('',#10332,0.1);
#1899=CIRCLE('',#10334,0.1);
#1900=CIRCLE('',#10335,0.1);
#1901=CIRCLE('',#10337,0.1);
#1902=CIRCLE('',#10339,0.1);
#1903=CIRCLE('',#10340,0.1);
#1904=CIRCLE('',#10350,0.1);
#1905=CIRCLE('',#10355,0.1);
#1906=CIRCLE('',#10357,0.1);
#1907=CIRCLE('',#10358,0.1);
#1908=CIRCLE('',#10360,0.1);
#1909=CIRCLE('',#10362,0.1);
#1910=CIRCLE('',#10363,0.1);
#1911=CIRCLE('',#10432,27.99792642867);
#1912=CIRCLE('',#10433,0.1);
#1913=CIRCLE('',#10434,0.1);
#1914=CIRCLE('',#10435,1.5);
#1915=CIRCLE('',#10436,1.5);
#1916=CIRCLE('',#10437,26.5);
#1917=CIRCLE('',#10438,1.);
#1918=CIRCLE('',#10439,0.5);
#1919=CIRCLE('',#10441,27.99792642867);
#1920=CIRCLE('',#10443,0.1);
#1921=CIRCLE('',#10452,0.1);
#1922=CIRCLE('',#10454,0.5);
#1923=CIRCLE('',#10455,1.);
#1924=CIRCLE('',#10456,26.5);
#1925=CIRCLE('',#10457,1.5);
#1926=CIRCLE('',#10458,1.5);
#1927=CIRCLE('',#10459,0.1);
#1928=CIRCLE('',#10460,1.5);
#1929=CIRCLE('',#10461,1.5);
#1930=CIRCLE('',#10462,26.5);
#1931=CIRCLE('',#10463,1.);
#1932=CIRCLE('',#10464,0.5);
#1933=CIRCLE('',#10465,27.99792642867);
#1934=CIRCLE('',#10466,0.1);
#1935=CIRCLE('',#10471,27.99792642867);
#1936=CIRCLE('',#10472,0.5);
#1937=CIRCLE('',#10473,1.);
#1938=CIRCLE('',#10474,26.5);
#1939=CIRCLE('',#10475,1.5);
#1940=CIRCLE('',#10476,1.5);
#1941=CIRCLE('',#10477,0.1);
#1942=CIRCLE('',#10478,0.1);
#1943=CIRCLE('',#10509,0.5);
#1944=CIRCLE('',#10510,0.5);
#1945=CIRCLE('',#10515,0.5);
#1946=CIRCLE('',#10517,0.5);
#1947=CIRCLE('',#10534,1.5);
#1948=CIRCLE('',#10536,1.5);
#1949=CIRCLE('',#10537,1.5);
#1950=CIRCLE('',#10538,1.5);
#1951=CIRCLE('',#10540,0.5);
#1952=CIRCLE('',#10541,0.5);
#1953=CIRCLE('',#10543,0.5);
#1954=CIRCLE('',#10545,0.5);
#1955=CIRCLE('',#10547,0.5);
#1956=CIRCLE('',#10548,0.5);
#1957=CIRCLE('',#10550,0.5);
#1958=CIRCLE('',#10552,0.5);
#1959=CIRCLE('',#10553,0.5);
#1960=CIRCLE('',#10557,0.5);
#1961=CIRCLE('',#10558,0.5);
#1962=CIRCLE('',#10561,1.5);
#1963=CIRCLE('',#10562,1.5);
#1964=CIRCLE('',#10563,1.5);
#1965=CIRCLE('',#10564,1.5);
#1966=CIRCLE('',#10579,0.5);
#1967=CIRCLE('',#10582,0.5);
#1968=CIRCLE('',#10584,0.5);
#1969=CIRCLE('',#10585,0.5);
#1970=CIRCLE('',#10587,0.5);
#1971=CIRCLE('',#10589,0.5);
#1972=CIRCLE('',#10591,0.5);
#1973=CIRCLE('',#10593,0.5);
#1974=CIRCLE('',#10595,0.5);
#1975=CIRCLE('',#10604,0.5);
#1976=CIRCLE('',#10605,0.5);
#1977=CIRCLE('',#10606,0.5);
#1978=CIRCLE('',#10607,0.5);
#1979=LINE('',#13266,#2911);
#1980=LINE('',#13268,#2912);
#1981=LINE('',#13270,#2913);
#1982=LINE('',#13272,#2914);
#1983=LINE('',#13275,#2915);
#1984=LINE('',#13279,#2916);
#1985=LINE('',#13281,#2917);
#1986=LINE('',#13285,#2918);
#1987=LINE('',#13287,#2919);
#1988=LINE('',#13289,#2920);
#1989=LINE('',#13293,#2921);
#1990=LINE('',#13295,#2922);
#1991=LINE('',#13296,#2923);
#1992=LINE('',#13298,#2924);
#1993=LINE('',#13300,#2925);
#1994=LINE('',#13301,#2926);
#1995=LINE('',#13304,#2927);
#1996=LINE('',#13306,#2928);
#1997=LINE('',#13308,#2929);
#1998=LINE('',#13311,#2930);
#1999=LINE('',#13314,#2931);
#2000=LINE('',#13316,#2932);
#2001=LINE('',#13318,#2933);
#2002=LINE('',#13320,#2934);
#2003=LINE('',#13322,#2935);
#2004=LINE('',#13323,#2936);
#2005=LINE('',#13325,#2937);
#2006=LINE('',#13327,#2938);
#2007=LINE('',#13329,#2939);
#2008=LINE('',#13331,#2940);
#2009=LINE('',#13333,#2941);
#2010=LINE('',#13334,#2942);
#2011=LINE('',#13336,#2943);
#2012=LINE('',#13338,#2944);
#2013=LINE('',#13339,#2945);
#2014=LINE('',#13383,#2946);
#2015=LINE('',#13385,#2947);
#2016=LINE('',#13387,#2948);
#2017=LINE('',#13389,#2949);
#2018=LINE('',#13391,#2950);
#2019=LINE('',#13408,#2951);
#2020=LINE('',#13410,#2952);
#2021=LINE('',#13412,#2953);
#2022=LINE('',#13414,#2954);
#2023=LINE('',#13416,#2955);
#2024=LINE('',#13438,#2956);
#2025=LINE('',#13440,#2957);
#2026=LINE('',#13442,#2958);
#2027=LINE('',#13444,#2959);
#2028=LINE('',#13446,#2960);
#2029=LINE('',#13448,#2961);
#2030=LINE('',#13450,#2962);
#2031=LINE('',#13451,#2963);
#2032=LINE('',#13490,#2964);
#2033=LINE('',#13492,#2965);
#2034=LINE('',#13494,#2966);
#2035=LINE('',#13496,#2967);
#2036=LINE('',#13498,#2968);
#2037=LINE('',#13500,#2969);
#2038=LINE('',#13502,#2970);
#2039=LINE('',#13503,#2971);
#2040=LINE('',#13506,#2972);
#2041=LINE('',#13508,#2973);
#2042=LINE('',#13510,#2974);
#2043=LINE('',#13512,#2975);
#2044=LINE('',#13514,#2976);
#2045=LINE('',#13516,#2977);
#2046=LINE('',#13517,#2978);
#2047=LINE('',#13520,#2979);
#2048=LINE('',#13522,#2980);
#2049=LINE('',#13524,#2981);
#2050=LINE('',#13526,#2982);
#2051=LINE('',#13528,#2983);
#2052=LINE('',#13530,#2984);
#2053=LINE('',#13531,#2985);
#2054=LINE('',#13534,#2986);
#2055=LINE('',#13538,#2987);
#2056=LINE('',#13563,#2988);
#2057=LINE('',#13567,#2989);
#2058=LINE('',#13569,#2990);
#2059=LINE('',#13573,#2991);
#2060=LINE('',#13577,#2992);
#2061=LINE('',#13580,#2993);
#2062=LINE('',#13582,#2994);
#2063=LINE('',#13584,#2995);
#2064=LINE('',#13586,#2996);
#2065=LINE('',#13588,#2997);
#2066=LINE('',#13589,#2998);
#2067=LINE('',#13593,#2999);
#2068=LINE('',#13608,#3000);
#2069=LINE('',#13610,#3001);
#2070=LINE('',#13612,#3002);
#2071=LINE('',#13614,#3003);
#2072=LINE('',#13618,#3004);
#2073=LINE('',#13622,#3005);
#2074=LINE('',#13623,#3006);
#2075=LINE('',#13625,#3007);
#2076=LINE('',#13629,#3008);
#2077=LINE('',#13632,#3009);
#2078=LINE('',#13634,#3010);
#2079=LINE('',#13636,#3011);
#2080=LINE('',#13640,#3012);
#2081=LINE('',#13644,#3013);
#2082=LINE('',#13648,#3014);
#2083=LINE('',#13650,#3015);
#2084=LINE('',#13654,#3016);
#2085=LINE('',#13658,#3017);
#2086=LINE('',#13660,#3018);
#2087=LINE('',#13664,#3019);
#2088=LINE('',#13668,#3020);
#2089=LINE('',#13692,#3021);
#2090=LINE('',#13694,#3022);
#2091=LINE('',#13696,#3023);
#2092=LINE('',#13698,#3024);
#2093=LINE('',#13700,#3025);
#2094=LINE('',#13702,#3026);
#2095=LINE('',#13704,#3027);
#2096=LINE('',#13706,#3028);
#2097=LINE('',#13708,#3029);
#2098=LINE('',#13710,#3030);
#2099=LINE('',#13712,#3031);
#2100=LINE('',#13714,#3032);
#2101=LINE('',#13715,#3033);
#2102=LINE('',#13718,#3034);
#2103=LINE('',#13720,#3035);
#2104=LINE('',#13722,#3036);
#2105=LINE('',#13724,#3037);
#2106=LINE('',#13726,#3038);
#2107=LINE('',#13728,#3039);
#2108=LINE('',#13730,#3040);
#2109=LINE('',#13732,#3041);
#2110=LINE('',#13734,#3042);
#2111=LINE('',#13736,#3043);
#2112=LINE('',#13738,#3044);
#2113=LINE('',#13739,#3045);
#2114=LINE('',#13742,#3046);
#2115=LINE('',#13744,#3047);
#2116=LINE('',#13746,#3048);
#2117=LINE('',#13748,#3049);
#2118=LINE('',#13750,#3050);
#2119=LINE('',#13757,#3051);
#2120=LINE('',#13759,#3052);
#2121=LINE('',#13761,#3053);
#2122=LINE('',#13763,#3054);
#2123=LINE('',#13764,#3055);
#2124=LINE('',#13767,#3056);
#2125=LINE('',#13769,#3057);
#2126=LINE('',#13770,#3058);
#2127=LINE('',#13773,#3059);
#2128=LINE('',#13777,#3060);
#2129=LINE('',#13783,#3061);
#2130=LINE('',#13787,#3062);
#2131=LINE('',#13791,#3063);
#2132=LINE('',#13795,#3064);
#2133=LINE('',#13799,#3065);
#2134=LINE('',#13803,#3066);
#2135=LINE('',#13805,#3067);
#2136=LINE('',#13807,#3068);
#2137=LINE('',#13809,#3069);
#2138=LINE('',#13810,#3070);
#2139=LINE('',#13814,#3071);
#2140=LINE('',#13817,#3072);
#2141=LINE('',#13819,#3073);
#2142=LINE('',#13821,#3074);
#2143=LINE('',#13822,#3075);
#2144=LINE('',#13826,#3076);
#2145=LINE('',#13830,#3077);
#2146=LINE('',#13834,#3078);
#2147=LINE('',#13835,#3079);
#2148=LINE('',#13849,#3080);
#2149=LINE('',#13853,#3081);
#2150=LINE('',#13854,#3082);
#2151=LINE('',#13859,#3083);
#2152=LINE('',#13868,#3084);
#2153=LINE('',#13871,#3085);
#2154=LINE('',#13874,#3086);
#2155=LINE('',#13877,#3087);
#2156=LINE('',#13884,#3088);
#2157=LINE('',#13887,#3089);
#2158=LINE('',#13888,#3090);
#2159=LINE('',#13897,#3091);
#2160=LINE('',#13899,#3092);
#2161=LINE('',#13910,#3093);
#2162=LINE('',#13934,#3094);
#2163=LINE('',#13936,#3095);
#2164=LINE('',#13937,#3096);
#2165=LINE('',#13940,#3097);
#2166=LINE('',#13942,#3098);
#2167=LINE('',#13944,#3099);
#2168=LINE('',#13945,#3100);
#2169=LINE('',#14041,#3101);
#2170=LINE('',#14046,#3102);
#2171=LINE('',#14050,#3103);
#2172=LINE('',#14054,#3104);
#2173=LINE('',#14058,#3105);
#2174=LINE('',#14076,#3106);
#2175=LINE('',#14166,#3107);
#2176=LINE('',#14168,#3108);
#2177=LINE('',#14170,#3109);
#2178=LINE('',#14172,#3110);
#2179=LINE('',#14174,#3111);
#2180=LINE('',#14176,#3112);
#2181=LINE('',#14178,#3113);
#2182=LINE('',#14180,#3114);
#2183=LINE('',#14182,#3115);
#2184=LINE('',#14186,#3116);
#2185=LINE('',#14189,#3117);
#2186=LINE('',#14191,#3118);
#2187=LINE('',#14193,#3119);
#2188=LINE('',#14195,#3120);
#2189=LINE('',#14197,#3121);
#2190=LINE('',#14201,#3122);
#2191=LINE('',#14203,#3123);
#2192=LINE('',#14205,#3124);
#2193=LINE('',#14206,#3125);
#2194=LINE('',#14210,#3126);
#2195=LINE('',#14217,#3127);
#2196=LINE('',#14220,#3128);
#2197=LINE('',#14222,#3129);
#2198=LINE('',#14226,#3130);
#2199=LINE('',#14231,#3131);
#2200=LINE('',#14234,#3132);
#2201=LINE('',#14237,#3133);
#2202=LINE('',#14238,#3134);
#2203=LINE('',#14242,#3135);
#2204=LINE('',#14245,#3136);
#2205=LINE('',#14246,#3137);
#2206=LINE('',#14251,#3138);
#2207=LINE('',#14252,#3139);
#2208=LINE('',#14254,#3140);
#2209=LINE('',#14292,#3141);
#2210=LINE('',#14296,#3142);
#2211=LINE('',#14298,#3143);
#2212=LINE('',#14300,#3144);
#2213=LINE('',#14319,#3145);
#2214=LINE('',#14332,#3146);
#2215=LINE('',#14334,#3147);
#2216=LINE('',#14336,#3148);
#2217=LINE('',#14340,#3149);
#2218=LINE('',#14341,#3150);
#2219=LINE('',#14345,#3151);
#2220=LINE('',#14352,#3152);
#2221=LINE('',#14355,#3153);
#2222=LINE('',#14359,#3154);
#2223=LINE('',#14360,#3155);
#2224=LINE('',#14364,#3156);
#2225=LINE('',#14366,#3157);
#2226=LINE('',#14368,#3158);
#2227=LINE('',#14372,#3159);
#2228=LINE('',#14375,#3160);
#2229=LINE('',#14381,#3161);
#2230=LINE('',#14387,#3162);
#2231=LINE('',#14390,#3163);
#2232=LINE('',#14392,#3164);
#2233=LINE('',#14405,#3165);
#2234=LINE('',#14424,#3166);
#2235=LINE('',#14426,#3167);
#2236=LINE('',#14428,#3168);
#2237=LINE('',#14432,#3169);
#2238=LINE('',#14433,#3170);
#2239=LINE('',#14437,#3171);
#2240=LINE('',#14444,#3172);
#2241=LINE('',#14447,#3173);
#2242=LINE('',#14451,#3174);
#2243=LINE('',#14453,#3175);
#2244=LINE('',#14454,#3176);
#2245=LINE('',#14458,#3177);
#2246=LINE('',#14460,#3178);
#2247=LINE('',#14462,#3179);
#2248=LINE('',#14475,#3180);
#2249=LINE('',#14490,#3181);
#2250=LINE('',#14522,#3182);
#2251=LINE('',#14525,#3183);
#2252=LINE('',#14528,#3184);
#2253=LINE('',#14529,#3185);
#2254=LINE('',#14534,#3186);
#2255=LINE('',#14543,#3187);
#2256=LINE('',#14591,#3188);
#2257=LINE('',#14592,#3189);
#2258=LINE('',#14599,#3190);
#2259=LINE('',#14602,#3191);
#2260=LINE('',#14605,#3192);
#2261=LINE('',#14607,#3193);
#2262=LINE('',#14608,#3194);
#2263=LINE('',#14612,#3195);
#2264=LINE('',#14614,#3196);
#2265=LINE('',#14618,#3197);
#2266=LINE('',#14662,#3198);
#2267=LINE('',#14664,#3199);
#2268=LINE('',#14665,#3200);
#2269=LINE('',#14666,#3201);
#2270=LINE('',#14672,#3202);
#2271=LINE('',#14708,#3203);
#2272=LINE('',#14739,#3204);
#2273=LINE('',#14741,#3205);
#2274=LINE('',#14760,#3206);
#2275=LINE('',#14763,#3207);
#2276=LINE('',#14780,#3208);
#2277=LINE('',#14799,#3209);
#2278=LINE('',#14801,#3210);
#2279=LINE('',#14817,#3211);
#2280=LINE('',#14822,#3212);
#2281=LINE('',#14841,#3213);
#2282=LINE('',#14845,#3214);
#2283=LINE('',#14846,#3215);
#2284=LINE('',#14850,#3216);
#2285=LINE('',#14855,#3217);
#2286=LINE('',#14857,#3218);
#2287=LINE('',#14858,#3219);
#2288=LINE('',#14898,#3220);
#2289=LINE('',#14903,#3221);
#2290=LINE('',#14905,#3222);
#2291=LINE('',#14978,#3223);
#2292=LINE('',#14988,#3224);
#2293=LINE('',#14989,#3225);
#2294=LINE('',#14998,#3226);
#2295=LINE('',#14999,#3227);
#2296=LINE('',#15045,#3228);
#2297=LINE('',#15047,#3229);
#2298=LINE('',#15066,#3230);
#2299=LINE('',#15067,#3231);
#2300=LINE('',#15069,#3232);
#2301=LINE('',#15070,#3233);
#2302=LINE('',#15080,#3234);
#2303=LINE('',#15113,#3235);
#2304=LINE('',#15120,#3236);
#2305=LINE('',#15127,#3237);
#2306=LINE('',#15130,#3238);
#2307=LINE('',#15131,#3239);
#2308=LINE('',#15137,#3240);
#2309=LINE('',#15141,#3241);
#2310=LINE('',#15166,#3242);
#2311=LINE('',#15170,#3243);
#2312=LINE('',#15172,#3244);
#2313=LINE('',#15214,#3245);
#2314=LINE('',#15243,#3246);
#2315=LINE('',#15276,#3247);
#2316=LINE('',#15284,#3248);
#2317=LINE('',#15325,#3249);
#2318=LINE('',#15327,#3250);
#2319=LINE('',#15329,#3251);
#2320=LINE('',#15331,#3252);
#2321=LINE('',#15333,#3253);
#2322=LINE('',#15336,#3254);
#2323=LINE('',#15337,#3255);
#2324=LINE('',#15345,#3256);
#2325=LINE('',#15347,#3257);
#2326=LINE('',#15389,#3258);
#2327=LINE('',#15395,#3259);
#2328=LINE('',#15427,#3260);
#2329=LINE('',#15436,#3261);
#2330=LINE('',#15443,#3262);
#2331=LINE('',#15450,#3263);
#2332=LINE('',#15453,#3264);
#2333=LINE('',#15454,#3265);
#2334=LINE('',#15460,#3266);
#2335=LINE('',#15466,#3267);
#2336=LINE('',#15473,#3268);
#2337=LINE('',#15477,#3269);
#2338=LINE('',#15480,#3270);
#2339=LINE('',#15482,#3271);
#2340=LINE('',#15484,#3272);
#2341=LINE('',#15505,#3273);
#2342=LINE('',#15509,#3274);
#2343=LINE('',#15512,#3275);
#2344=LINE('',#15513,#3276);
#2345=LINE('',#15535,#3277);
#2346=LINE('',#15536,#3278);
#2347=LINE('',#15574,#3279);
#2348=LINE('',#15579,#3280);
#2349=LINE('',#15581,#3281);
#2350=LINE('',#15589,#3282);
#2351=LINE('',#15619,#3283);
#2352=LINE('',#15624,#3284);
#2353=LINE('',#15626,#3285);
#2354=LINE('',#15627,#3286);
#2355=LINE('',#15628,#3287);
#2356=LINE('',#15631,#3288);
#2357=LINE('',#15633,#3289);
#2358=LINE('',#15634,#3290);
#2359=LINE('',#15637,#3291);
#2360=LINE('',#15638,#3292);
#2361=LINE('',#15640,#3293);
#2362=LINE('',#15642,#3294);
#2363=LINE('',#15652,#3295);
#2364=LINE('',#15655,#3296);
#2365=LINE('',#15660,#3297);
#2366=LINE('',#15661,#3298);
#2367=LINE('',#15676,#3299);
#2368=LINE('',#15678,#3300);
#2369=LINE('',#15679,#3301);
#2370=LINE('',#15681,#3302);
#2371=LINE('',#15686,#3303);
#2372=LINE('',#15690,#3304);
#2373=LINE('',#15695,#3305);
#2374=LINE('',#15698,#3306);
#2375=LINE('',#15699,#3307);
#2376=LINE('',#15703,#3308);
#2377=LINE('',#15708,#3309);
#2378=LINE('',#15711,#3310);
#2379=LINE('',#15715,#3311);
#2380=LINE('',#15718,#3312);
#2381=LINE('',#15719,#3313);
#2382=LINE('',#15728,#3314);
#2383=LINE('',#15734,#3315);
#2384=LINE('',#15740,#3316);
#2385=LINE('',#15745,#3317);
#2386=LINE('',#15761,#3318);
#2387=LINE('',#15762,#3319);
#2388=LINE('',#15826,#3320);
#2389=LINE('',#15835,#3321);
#2390=LINE('',#15853,#3322);
#2391=LINE('',#15859,#3323);
#2392=LINE('',#15873,#3324);
#2393=LINE('',#15887,#3325);
#2394=LINE('',#15901,#3326);
#2395=LINE('',#15915,#3327);
#2396=LINE('',#15929,#3328);
#2397=LINE('',#15943,#3329);
#2398=LINE('',#15960,#3330);
#2399=LINE('',#15961,#3331);
#2400=LINE('',#15962,#3332);
#2401=LINE('',#15965,#3333);
#2402=LINE('',#15967,#3334);
#2403=LINE('',#15969,#3335);
#2404=LINE('',#15971,#3336);
#2405=LINE('',#15973,#3337);
#2406=LINE('',#15975,#3338);
#2407=LINE('',#15977,#3339);
#2408=LINE('',#15979,#3340);
#2409=LINE('',#15981,#3341);
#2410=LINE('',#15983,#3342);
#2411=LINE('',#15985,#3343);
#2412=LINE('',#15986,#3344);
#2413=LINE('',#15988,#3345);
#2414=LINE('',#15990,#3346);
#2415=LINE('',#15992,#3347);
#2416=LINE('',#15994,#3348);
#2417=LINE('',#15996,#3349);
#2418=LINE('',#15998,#3350);
#2419=LINE('',#16000,#3351);
#2420=LINE('',#16002,#3352);
#2421=LINE('',#16004,#3353);
#2422=LINE('',#16006,#3354);
#2423=LINE('',#16008,#3355);
#2424=LINE('',#16013,#3356);
#2425=LINE('',#16014,#3357);
#2426=LINE('',#16015,#3358);
#2427=LINE('',#16018,#3359);
#2428=LINE('',#16020,#3360);
#2429=LINE('',#16022,#3361);
#2430=LINE('',#16024,#3362);
#2431=LINE('',#16026,#3363);
#2432=LINE('',#16028,#3364);
#2433=LINE('',#16030,#3365);
#2434=LINE('',#16032,#3366);
#2435=LINE('',#16034,#3367);
#2436=LINE('',#16036,#3368);
#2437=LINE('',#16037,#3369);
#2438=LINE('',#16039,#3370);
#2439=LINE('',#16041,#3371);
#2440=LINE('',#16043,#3372);
#2441=LINE('',#16045,#3373);
#2442=LINE('',#16047,#3374);
#2443=LINE('',#16049,#3375);
#2444=LINE('',#16051,#3376);
#2445=LINE('',#16053,#3377);
#2446=LINE('',#16055,#3378);
#2447=LINE('',#16057,#3379);
#2448=LINE('',#16062,#3380);
#2449=LINE('',#16063,#3381);
#2450=LINE('',#16064,#3382);
#2451=LINE('',#16067,#3383);
#2452=LINE('',#16069,#3384);
#2453=LINE('',#16071,#3385);
#2454=LINE('',#16073,#3386);
#2455=LINE('',#16075,#3387);
#2456=LINE('',#16082,#3388);
#2457=LINE('',#16084,#3389);
#2458=LINE('',#16086,#3390);
#2459=LINE('',#16087,#3391);
#2460=LINE('',#16089,#3392);
#2461=LINE('',#16091,#3393);
#2462=LINE('',#16093,#3394);
#2463=LINE('',#16095,#3395);
#2464=LINE('',#16104,#3396);
#2465=LINE('',#16106,#3397);
#2466=LINE('',#16108,#3398);
#2467=LINE('',#16110,#3399);
#2468=LINE('',#16112,#3400);
#2469=LINE('',#16118,#3401);
#2470=LINE('',#16120,#3402);
#2471=LINE('',#16121,#3403);
#2472=LINE('',#16127,#3404);
#2473=LINE('',#16130,#3405);
#2474=LINE('',#16137,#3406);
#2475=LINE('',#16146,#3407);
#2476=LINE('',#16155,#3408);
#2477=LINE('',#16157,#3409);
#2478=LINE('',#16158,#3410);
#2479=LINE('',#16164,#3411);
#2480=LINE('',#16167,#3412);
#2481=LINE('',#16175,#3413);
#2482=LINE('',#16183,#3414);
#2483=LINE('',#16208,#3415);
#2484=LINE('',#16209,#3416);
#2485=LINE('',#16267,#3417);
#2486=LINE('',#16268,#3418);
#2487=LINE('',#16277,#3419);
#2488=LINE('',#16298,#3420);
#2489=LINE('',#16320,#3421);
#2490=LINE('',#16326,#3422);
#2491=LINE('',#16340,#3423);
#2492=LINE('',#16354,#3424);
#2493=LINE('',#16382,#3425);
#2494=LINE('',#16383,#3426);
#2495=LINE('',#16387,#3427);
#2496=LINE('',#16389,#3428);
#2497=LINE('',#16391,#3429);
#2498=LINE('',#16393,#3430);
#2499=LINE('',#16394,#3431);
#2500=LINE('',#16411,#3432);
#2501=LINE('',#16431,#3433);
#2502=LINE('',#16432,#3434);
#2503=LINE('',#16434,#3435);
#2504=LINE('',#16435,#3436);
#2505=LINE('',#16437,#3437);
#2506=LINE('',#16439,#3438);
#2507=LINE('',#16441,#3439);
#2508=LINE('',#16451,#3440);
#2509=LINE('',#16460,#3441);
#2510=LINE('',#16471,#3442);
#2511=LINE('',#16473,#3443);
#2512=LINE('',#16474,#3444);
#2513=LINE('',#16488,#3445);
#2514=LINE('',#16502,#3446);
#2515=LINE('',#16525,#3447);
#2516=LINE('',#16528,#3448);
#2517=LINE('',#16529,#3449);
#2518=LINE('',#16531,#3450);
#2519=LINE('',#16536,#3451);
#2520=LINE('',#16537,#3452);
#2521=LINE('',#16538,#3453);
#2522=LINE('',#16542,#3454);
#2523=LINE('',#16544,#3455);
#2524=LINE('',#16546,#3456);
#2525=LINE('',#16547,#3457);
#2526=LINE('',#16569,#3458);
#2527=LINE('',#16589,#3459);
#2528=LINE('',#16590,#3460);
#2529=LINE('',#16592,#3461);
#2530=LINE('',#16593,#3462);
#2531=LINE('',#16595,#3463);
#2532=LINE('',#16597,#3464);
#2533=LINE('',#16607,#3465);
#2534=LINE('',#16616,#3466);
#2535=LINE('',#16625,#3467);
#2536=LINE('',#16636,#3468);
#2537=LINE('',#16638,#3469);
#2538=LINE('',#16639,#3470);
#2539=LINE('',#16653,#3471);
#2540=LINE('',#16667,#3472);
#2541=LINE('',#16690,#3473);
#2542=LINE('',#16693,#3474);
#2543=LINE('',#16694,#3475);
#2544=LINE('',#16696,#3476);
#2545=LINE('',#16701,#3477);
#2546=LINE('',#16702,#3478);
#2547=LINE('',#16703,#3479);
#2548=LINE('',#16707,#3480);
#2549=LINE('',#16709,#3481);
#2550=LINE('',#16711,#3482);
#2551=LINE('',#16713,#3483);
#2552=LINE('',#16714,#3484);
#2553=LINE('',#16716,#3485);
#2554=LINE('',#16717,#3486);
#2555=LINE('',#16719,#3487);
#2556=LINE('',#16720,#3488);
#2557=LINE('',#16722,#3489);
#2558=LINE('',#16724,#3490);
#2559=LINE('',#16726,#3491);
#2560=LINE('',#16729,#3492);
#2561=LINE('',#16751,#3493);
#2562=LINE('',#16752,#3494);
#2563=LINE('',#16810,#3495);
#2564=LINE('',#16811,#3496);
#2565=LINE('',#16820,#3497);
#2566=LINE('',#16841,#3498);
#2567=LINE('',#16863,#3499);
#2568=LINE('',#16869,#3500);
#2569=LINE('',#16883,#3501);
#2570=LINE('',#16897,#3502);
#2571=LINE('',#16914,#3503);
#2572=LINE('',#16915,#3504);
#2573=LINE('',#16916,#3505);
#2574=LINE('',#16920,#3506);
#2575=LINE('',#16922,#3507);
#2576=LINE('',#16924,#3508);
#2577=LINE('',#16926,#3509);
#2578=LINE('',#16927,#3510);
#2579=LINE('',#16929,#3511);
#2580=LINE('',#16930,#3512);
#2581=LINE('',#16932,#3513);
#2582=LINE('',#16933,#3514);
#2583=LINE('',#16935,#3515);
#2584=LINE('',#16937,#3516);
#2585=LINE('',#16939,#3517);
#2586=LINE('',#16942,#3518);
#2587=LINE('',#16947,#3519);
#2588=LINE('',#16948,#3520);
#2589=LINE('',#16949,#3521);
#2590=LINE('',#16952,#3522);
#2591=LINE('',#16954,#3523);
#2592=LINE('',#16956,#3524);
#2593=LINE('',#16958,#3525);
#2594=LINE('',#16960,#3526);
#2595=LINE('',#16961,#3527);
#2596=LINE('',#16963,#3528);
#2597=LINE('',#16965,#3529);
#2598=LINE('',#16967,#3530);
#2599=LINE('',#16969,#3531);
#2600=LINE('',#16971,#3532);
#2601=LINE('',#16976,#3533);
#2602=LINE('',#16977,#3534);
#2603=LINE('',#16978,#3535);
#2604=LINE('',#16981,#3536);
#2605=LINE('',#16983,#3537);
#2606=LINE('',#16985,#3538);
#2607=LINE('',#16987,#3539);
#2608=LINE('',#16989,#3540);
#2609=LINE('',#16990,#3541);
#2610=LINE('',#16992,#3542);
#2611=LINE('',#16994,#3543);
#2612=LINE('',#16996,#3544);
#2613=LINE('',#16998,#3545);
#2614=LINE('',#17000,#3546);
#2615=LINE('',#17010,#3547);
#2616=LINE('',#17012,#3548);
#2617=LINE('',#17014,#3549);
#2618=LINE('',#17016,#3550);
#2619=LINE('',#17020,#3551);
#2620=LINE('',#17024,#3552);
#2621=LINE('',#17034,#3553);
#2622=LINE('',#17037,#3554);
#2623=LINE('',#17041,#3555);
#2624=LINE('',#17044,#3556);
#2625=LINE('',#17046,#3557);
#2626=LINE('',#17048,#3558);
#2627=LINE('',#17049,#3559);
#2628=LINE('',#17052,#3560);
#2629=LINE('',#17054,#3561);
#2630=LINE('',#17056,#3562);
#2631=LINE('',#17058,#3563);
#2632=LINE('',#17060,#3564);
#2633=LINE('',#17061,#3565);
#2634=LINE('',#17064,#3566);
#2635=LINE('',#17066,#3567);
#2636=LINE('',#17068,#3568);
#2637=LINE('',#17069,#3569);
#2638=LINE('',#17072,#3570);
#2639=LINE('',#17073,#3571);
#2640=LINE('',#17076,#3572);
#2641=LINE('',#17078,#3573);
#2642=LINE('',#17080,#3574);
#2643=LINE('',#17081,#3575);
#2644=LINE('',#17084,#3576);
#2645=LINE('',#17085,#3577);
#2646=LINE('',#17088,#3578);
#2647=LINE('',#17089,#3579);
#2648=LINE('',#17092,#3580);
#2649=LINE('',#17094,#3581);
#2650=LINE('',#17096,#3582);
#2651=LINE('',#17097,#3583);
#2652=LINE('',#17100,#3584);
#2653=LINE('',#17102,#3585);
#2654=LINE('',#17104,#3586);
#2655=LINE('',#17105,#3587);
#2656=LINE('',#17108,#3588);
#2657=LINE('',#17110,#3589);
#2658=LINE('',#17112,#3590);
#2659=LINE('',#17114,#3591);
#2660=LINE('',#17115,#3592);
#2661=LINE('',#17119,#3593);
#2662=LINE('',#17130,#3594);
#2663=LINE('',#17133,#3595);
#2664=LINE('',#17137,#3596);
#2665=LINE('',#17141,#3597);
#2666=LINE('',#17155,#3598);
#2667=LINE('',#17156,#3599);
#2668=LINE('',#17159,#3600);
#2669=LINE('',#17160,#3601);
#2670=LINE('',#17162,#3602);
#2671=LINE('',#17165,#3603);
#2672=LINE('',#17166,#3604);
#2673=LINE('',#17180,#3605);
#2674=LINE('',#17184,#3606);
#2675=LINE('',#17186,#3607);
#2676=LINE('',#17189,#3608);
#2677=LINE('',#17190,#3609);
#2678=LINE('',#17193,#3610);
#2679=LINE('',#17195,#3611);
#2680=LINE('',#17197,#3612);
#2681=LINE('',#17199,#3613);
#2682=LINE('',#17201,#3614);
#2683=LINE('',#17203,#3615);
#2684=LINE('',#17205,#3616);
#2685=LINE('',#17209,#3617);
#2686=LINE('',#17211,#3618);
#2687=LINE('',#17213,#3619);
#2688=LINE('',#17215,#3620);
#2689=LINE('',#17217,#3621);
#2690=LINE('',#17219,#3622);
#2691=LINE('',#17223,#3623);
#2692=LINE('',#17225,#3624);
#2693=LINE('',#17226,#3625);
#2694=LINE('',#17229,#3626);
#2695=LINE('',#17230,#3627);
#2696=LINE('',#17233,#3628);
#2697=LINE('',#17234,#3629);
#2698=LINE('',#17236,#3630);
#2699=LINE('',#17239,#3631);
#2700=LINE('',#17240,#3632);
#2701=LINE('',#17242,#3633);
#2702=LINE('',#17244,#3634);
#2703=LINE('',#17250,#3635);
#2704=LINE('',#17252,#3636);
#2705=LINE('',#17254,#3637);
#2706=LINE('',#17256,#3638);
#2707=LINE('',#17258,#3639);
#2708=LINE('',#17260,#3640);
#2709=LINE('',#17262,#3641);
#2710=LINE('',#17263,#3642);
#2711=LINE('',#17266,#3643);
#2712=LINE('',#17268,#3644);
#2713=LINE('',#17270,#3645);
#2714=LINE('',#17272,#3646);
#2715=LINE('',#17276,#3647);
#2716=LINE('',#17280,#3648);
#2717=LINE('',#17282,#3649);
#2718=LINE('',#17284,#3650);
#2719=LINE('',#17285,#3651);
#2720=LINE('',#17288,#3652);
#2721=LINE('',#17290,#3653);
#2722=LINE('',#17292,#3654);
#2723=LINE('',#17294,#3655);
#2724=LINE('',#17295,#3656);
#2725=LINE('',#17298,#3657);
#2726=LINE('',#17299,#3658);
#2727=LINE('',#17302,#3659);
#2728=LINE('',#17304,#3660);
#2729=LINE('',#17306,#3661);
#2730=LINE('',#17308,#3662);
#2731=LINE('',#17310,#3663);
#2732=LINE('',#17312,#3664);
#2733=LINE('',#17313,#3665);
#2734=LINE('',#17315,#3666);
#2735=LINE('',#17316,#3667);
#2736=LINE('',#17320,#3668);
#2737=LINE('',#17323,#3669);
#2738=LINE('',#17327,#3670);
#2739=LINE('',#17328,#3671);
#2740=LINE('',#17331,#3672);
#2741=LINE('',#17332,#3673);
#2742=LINE('',#17333,#3674);
#2743=LINE('',#17335,#3675);
#2744=LINE('',#17337,#3676);
#2745=LINE('',#17339,#3677);
#2746=LINE('',#17343,#3678);
#2747=LINE('',#17345,#3679);
#2748=LINE('',#17347,#3680);
#2749=LINE('',#17348,#3681);
#2750=LINE('',#17352,#3682);
#2751=LINE('',#17353,#3683);
#2752=LINE('',#17354,#3684);
#2753=LINE('',#17356,#3685);
#2754=LINE('',#17357,#3686);
#2755=LINE('',#17360,#3687);
#2756=LINE('',#17362,#3688);
#2757=LINE('',#17364,#3689);
#2758=LINE('',#17366,#3690);
#2759=LINE('',#17368,#3691);
#2760=LINE('',#17370,#3692);
#2761=LINE('',#17371,#3693);
#2762=LINE('',#17373,#3694);
#2763=LINE('',#17375,#3695);
#2764=LINE('',#17378,#3696);
#2765=LINE('',#17380,#3697);
#2766=LINE('',#17382,#3698);
#2767=LINE('',#17384,#3699);
#2768=LINE('',#17386,#3700);
#2769=LINE('',#17390,#3701);
#2770=LINE('',#17394,#3702);
#2771=LINE('',#17398,#3703);
#2772=LINE('',#17403,#3704);
#2773=LINE('',#17407,#3705);
#2774=LINE('',#17409,#3706);
#2775=LINE('',#17411,#3707);
#2776=LINE('',#17413,#3708);
#2777=LINE('',#17414,#3709);
#2778=LINE('',#17416,#3710);
#2779=LINE('',#17420,#3711);
#2780=LINE('',#17424,#3712);
#2781=LINE('',#17427,#3713);
#2782=LINE('',#17433,#3714);
#2783=LINE('',#17436,#3715);
#2784=LINE('',#17438,#3716);
#2785=LINE('',#17440,#3717);
#2786=LINE('',#17445,#3718);
#2787=LINE('',#17452,#3719);
#2788=LINE('',#17459,#3720);
#2789=LINE('',#17462,#3721);
#2790=LINE('',#17464,#3722);
#2791=LINE('',#17465,#3723);
#2792=LINE('',#17471,#3724);
#2793=LINE('',#17473,#3725);
#2794=LINE('',#17476,#3726);
#2795=LINE('',#17478,#3727);
#2796=LINE('',#17480,#3728);
#2797=LINE('',#17482,#3729);
#2798=LINE('',#17484,#3730);
#2799=LINE('',#17486,#3731);
#2800=LINE('',#17490,#3732);
#2801=LINE('',#17494,#3733);
#2802=LINE('',#17498,#3734);
#2803=LINE('',#17503,#3735);
#2804=LINE('',#17506,#3736);
#2805=LINE('',#17508,#3737);
#2806=LINE('',#17512,#3738);
#2807=LINE('',#17516,#3739);
#2808=LINE('',#17520,#3740);
#2809=LINE('',#17522,#3741);
#2810=LINE('',#17524,#3742);
#2811=LINE('',#17526,#3743);
#2812=LINE('',#17527,#3744);
#2813=LINE('',#17528,#3745);
#2814=LINE('',#17531,#3746);
#2815=LINE('',#17532,#3747);
#2816=LINE('',#17534,#3748);
#2817=LINE('',#17537,#3749);
#2818=LINE('',#17541,#3750);
#2819=LINE('',#17543,#3751);
#2820=LINE('',#17544,#3752);
#2821=LINE('',#17546,#3753);
#2822=LINE('',#17547,#3754);
#2823=LINE('',#17550,#3755);
#2824=LINE('',#17552,#3756);
#2825=LINE('',#17554,#3757);
#2826=LINE('',#17555,#3758);
#2827=LINE('',#17557,#3759);
#2828=LINE('',#17559,#3760);
#2829=LINE('',#17560,#3761);
#2830=LINE('',#17563,#3762);
#2831=LINE('',#17565,#3763);
#2832=LINE('',#17566,#3764);
#2833=LINE('',#17570,#3765);
#2834=LINE('',#17573,#3766);
#2835=LINE('',#17574,#3767);
#2836=LINE('',#17577,#3768);
#2837=LINE('',#17579,#3769);
#2838=LINE('',#17581,#3770);
#2839=LINE('',#17582,#3771);
#2840=LINE('',#17598,#3772);
#2841=LINE('',#17599,#3773);
#2842=LINE('',#17603,#3774);
#2843=LINE('',#17607,#3775);
#2844=LINE('',#17608,#3776);
#2845=LINE('',#17609,#3777);
#2846=LINE('',#17610,#3778);
#2847=LINE('',#17611,#3779);
#2848=LINE('',#17612,#3780);
#2849=LINE('',#17615,#3781);
#2850=LINE('',#17617,#3782);
#2851=LINE('',#17619,#3783);
#2852=LINE('',#17621,#3784);
#2853=LINE('',#17623,#3785);
#2854=LINE('',#17625,#3786);
#2855=LINE('',#17626,#3787);
#2856=LINE('',#17629,#3788);
#2857=LINE('',#17633,#3789);
#2858=LINE('',#17637,#3790);
#2859=LINE('',#17641,#3791);
#2860=LINE('',#17644,#3792);
#2861=LINE('',#17646,#3793);
#2862=LINE('',#17647,#3794);
#2863=LINE('',#17650,#3795);
#2864=LINE('',#17652,#3796);
#2865=LINE('',#17654,#3797);
#2866=LINE('',#17656,#3798);
#2867=LINE('',#17658,#3799);
#2868=LINE('',#17659,#3800);
#2869=LINE('',#17662,#3801);
#2870=LINE('',#17666,#3802);
#2871=LINE('',#17670,#3803);
#2872=LINE('',#17674,#3804);
#2873=LINE('',#17677,#3805);
#2874=LINE('',#17678,#3806);
#2875=LINE('',#17680,#3807);
#2876=LINE('',#17682,#3808);
#2877=LINE('',#17684,#3809);
#2878=LINE('',#17686,#3810);
#2879=LINE('',#17690,#3811);
#2880=LINE('',#17691,#3812);
#2881=LINE('',#17693,#3813);
#2882=LINE('',#17696,#3814);
#2883=LINE('',#17697,#3815);
#2884=LINE('',#17699,#3816);
#2885=LINE('',#17701,#3817);
#2886=LINE('',#17703,#3818);
#2887=LINE('',#17705,#3819);
#2888=LINE('',#17707,#3820);
#2889=LINE('',#17709,#3821);
#2890=LINE('',#17713,#3822);
#2891=LINE('',#17714,#3823);
#2892=LINE('',#17716,#3824);
#2893=LINE('',#17719,#3825);
#2894=LINE('',#17721,#3826);
#2895=LINE('',#17723,#3827);
#2896=LINE('',#17725,#3828);
#2897=LINE('',#17727,#3829);
#2898=LINE('',#17730,#3830);
#2899=LINE('',#17732,#3831);
#2900=LINE('',#17734,#3832);
#2901=LINE('',#17736,#3833);
#2902=LINE('',#17738,#3834);
#2903=LINE('',#17743,#3835);
#2904=LINE('',#17745,#3836);
#2905=LINE('',#17746,#3837);
#2906=LINE('',#17749,#3838);
#2907=LINE('',#17750,#3839);
#2908=LINE('',#17753,#3840);
#2909=LINE('',#17754,#3841);
#2910=LINE('',#17756,#3842);
#2911=VECTOR('',#10654,3.750103769105);
#2912=VECTOR('',#10655,4.15063360178894);
#2913=VECTOR('',#10656,1.269398139192);
#2914=VECTOR('',#10657,2.9);
#2915=VECTOR('',#10660,0.4);
#2916=VECTOR('',#10663,3.750103769105);
#2917=VECTOR('',#10664,19.7712972834214);
#2918=VECTOR('',#10667,4.04797250051914);
#2919=VECTOR('',#10668,68.2219259769353);
#2920=VECTOR('',#10669,4.04797250051912);
#2921=VECTOR('',#10672,19.77129728342);
#2922=VECTOR('',#10673,3.750103769105);
#2923=VECTOR('',#10674,4.);
#2924=VECTOR('',#10675,20.25);
#2925=VECTOR('',#10676,3.750103769105);
#2926=VECTOR('',#10677,4.);
#2927=VECTOR('',#10680,4.15063360178894);
#2928=VECTOR('',#10681,1.269398139192);
#2929=VECTOR('',#10682,2.9);
#2930=VECTOR('',#10685,0.4);
#2931=VECTOR('',#10688,0.0999999999999979);
#2932=VECTOR('',#10689,3.);
#2933=VECTOR('',#10690,3.8);
#2934=VECTOR('',#10691,3.);
#2935=VECTOR('',#10692,0.100000000000002);
#2936=VECTOR('',#10693,0.4);
#2937=VECTOR('',#10694,0.100000000000007);
#2938=VECTOR('',#10695,3.);
#2939=VECTOR('',#10696,3.8);
#2940=VECTOR('',#10697,3.);
#2941=VECTOR('',#10698,0.0999999999999979);
#2942=VECTOR('',#10699,0.4);
#2943=VECTOR('',#10700,25.29780876346);
#2944=VECTOR('',#10701,67.7925945668414);
#2945=VECTOR('',#10702,25.29780876346);
#2946=VECTOR('',#10703,0.461509138489999);
#2947=VECTOR('',#10704,1.32050302629);
#2948=VECTOR('',#10705,0.706935963569997);
#2949=VECTOR('',#10706,3.4999999404);
#2950=VECTOR('',#10707,1.1337652246);
#2951=VECTOR('',#10708,0.461509138490004);
#2952=VECTOR('',#10709,1.32050302629);
#2953=VECTOR('',#10710,0.706935963569997);
#2954=VECTOR('',#10711,3.4999999404);
#2955=VECTOR('',#10712,1.1337652246);
#2956=VECTOR('',#10713,0.59222559967);
#2957=VECTOR('',#10714,1.03506095798);
#2958=VECTOR('',#10715,2.90777434073);
#2959=VECTOR('',#10716,0.706935963579998);
#2960=VECTOR('',#10717,2.90777434073);
#2961=VECTOR('',#10718,1.03772864086);
#2962=VECTOR('',#10719,0.59222559967);
#2963=VECTOR('',#10720,2.77972556242);
#2964=VECTOR('',#10721,0.59222559967);
#2965=VECTOR('',#10722,1.03506095798);
#2966=VECTOR('',#10723,2.90777434073);
#2967=VECTOR('',#10724,0.706935963580007);
#2968=VECTOR('',#10725,2.90777434073);
#2969=VECTOR('',#10726,1.03772864085999);
#2970=VECTOR('',#10727,0.59222559967);
#2971=VECTOR('',#10728,2.77972556242);
#2972=VECTOR('',#10729,0.999999999999996);
#2973=VECTOR('',#10730,4.27200187265877);
#2974=VECTOR('',#10731,4.27200187265877);
#2975=VECTOR('',#10732,0.999999999999996);
#2976=VECTOR('',#10733,5.);
#2977=VECTOR('',#10734,1.00000000000001);
#2978=VECTOR('',#10735,5.);
#2979=VECTOR('',#10736,0.999999999999999);
#2980=VECTOR('',#10737,4.27200187265877);
#2981=VECTOR('',#10738,4.27200187265877);
#2982=VECTOR('',#10739,1.);
#2983=VECTOR('',#10740,5.);
#2984=VECTOR('',#10741,1.);
#2985=VECTOR('',#10742,5.);
#2986=VECTOR('',#10743,5.89444872454);
#2987=VECTOR('',#10746,5.89444872454);
#2988=VECTOR('',#10751,25.29780876346);
#2989=VECTOR('',#10754,2.43242813486);
#2990=VECTOR('',#10755,1.24786588103407);
#2991=VECTOR('',#10758,29.8);
#2992=VECTOR('',#10761,1.40005330974003);
#2993=VECTOR('',#10764,3.1);
#2994=VECTOR('',#10765,10.0485835609693);
#2995=VECTOR('',#10766,86.4202455619792);
#2996=VECTOR('',#10767,10.0485835609693);
#2997=VECTOR('',#10768,24.7131991011459);
#2998=VECTOR('',#10769,4.45184573382259);
#2999=VECTOR('',#10772,2.6);
#3000=VECTOR('',#10779,15.4839366515862);
#3001=VECTOR('',#10780,17.55130568857);
#3002=VECTOR('',#10781,2.6);
#3003=VECTOR('',#10782,0.738228248080004);
#3004=VECTOR('',#10785,28.);
#3005=VECTOR('',#10788,0.486037011530005);
#3006=VECTOR('',#10789,3.1);
#3007=VECTOR('',#10790,0.48603701153477);
#3008=VECTOR('',#10793,28.);
#3009=VECTOR('',#10796,0.7382282480789);
#3010=VECTOR('',#10797,17.5513056885711);
#3011=VECTOR('',#10798,15.4839366515862);
#3012=VECTOR('',#10801,2.30294117647);
#3013=VECTOR('',#10804,7.75);
#3014=VECTOR('',#10807,1.375);
#3015=VECTOR('',#10808,39.9);
#3016=VECTOR('',#10811,10.05);
#3017=VECTOR('',#10814,39.9);
#3018=VECTOR('',#10815,1.375);
#3019=VECTOR('',#10818,7.75);
#3020=VECTOR('',#10821,2.30294117646999);
#3021=VECTOR('',#10824,3.01499184492);
#3022=VECTOR('',#10825,2.24482896957756);
#3023=VECTOR('',#10826,0.283630465186);
#3024=VECTOR('',#10827,2.2413806661412);
#3025=VECTOR('',#10828,3.01499184492);
#3026=VECTOR('',#10829,0.433954611735);
#3027=VECTOR('',#10830,3.49999994039001);
#3028=VECTOR('',#10831,0.635332242017001);
#3029=VECTOR('',#10832,2.13540590990728);
#3030=VECTOR('',#10833,2.12396044646613);
#3031=VECTOR('',#10834,0.646677460623999);
#3032=VECTOR('',#10835,3.49999994039001);
#3033=VECTOR('',#10836,0.465153962905001);
#3034=VECTOR('',#10837,0.357374386130003);
#3035=VECTOR('',#10838,0.445299830342);
#3036=VECTOR('',#10839,2.78525116812999);
#3037=VECTOR('',#10840,0.445299830342);
#3038=VECTOR('',#10841,0.357374386130012);
#3039=VECTOR('',#10842,1.355753623589);
#3040=VECTOR('',#10843,0.357374386130012);
#3041=VECTOR('',#10844,0.445299830342);
#3042=VECTOR('',#10845,2.78525116812999);
#3043=VECTOR('',#10846,0.445299830342);
#3044=VECTOR('',#10847,0.357374386130003);
#3045=VECTOR('',#10848,1.355753623589);
#3046=VECTOR('',#10849,0.357374386130003);
#3047=VECTOR('',#10850,0.635332242019999);
#3048=VECTOR('',#10851,2.34562394709);
#3049=VECTOR('',#10852,0.635332242019999);
#3050=VECTOR('',#10853,0.320502425660001);
#3051=VECTOR('',#10854,0.363046995440002);
#3052=VECTOR('',#10855,3.15397077287);
#3053=VECTOR('',#10856,0.621150718749999);
#3054=VECTOR('',#10857,0.357374386130003);
#3055=VECTOR('',#10858,1.70745540042);
#3056=VECTOR('',#10861,4.3);
#3057=VECTOR('',#10862,14.2900471955397);
#3058=VECTOR('',#10863,4.46266423039635);
#3059=VECTOR('',#10866,17.90164068454);
#3060=VECTOR('',#10869,4.45184573382259);
#3061=VECTOR('',#10876,2.30294117646999);
#3062=VECTOR('',#10879,7.75);
#3063=VECTOR('',#10882,13.);
#3064=VECTOR('',#10885,7.75);
#3065=VECTOR('',#10888,2.30294117647);
#3066=VECTOR('',#10891,14.2900471955397);
#3067=VECTOR('',#10892,17.9016406845415);
#3068=VECTOR('',#10893,24.6456272360059);
#3069=VECTOR('',#10894,67.7925945668414);
#3070=VECTOR('',#10895,24.6456272360059);
#3071=VECTOR('',#10900,24.7131991011459);
#3072=VECTOR('',#10903,10.0485835609693);
#3073=VECTOR('',#10904,86.4202455619792);
#3074=VECTOR('',#10905,10.0485835609693);
#3075=VECTOR('',#10906,25.29780876346);
#3076=VECTOR('',#10909,1.40005330974006);
#3077=VECTOR('',#10912,29.8);
#3078=VECTOR('',#10915,1.24786588103409);
#3079=VECTOR('',#10916,2.43242813486);
#3080=VECTOR('',#10923,0.538228248079999);
#3081=VECTOR('',#10928,0.499127313220002);
#3082=VECTOR('',#10929,1.4);
#3083=VECTOR('',#10934,1.4);
#3084=VECTOR('',#10947,0.499999999999998);
#3085=VECTOR('',#10950,0.499999999999998);
#3086=VECTOR('',#10953,28.);
#3087=VECTOR('',#10956,0.499127313220002);
#3088=VECTOR('',#10967,28.);
#3089=VECTOR('',#10970,1.4);
#3090=VECTOR('',#10971,28.);
#3091=VECTOR('',#10986,0.486909698310001);
#3092=VECTOR('',#10989,1.4);
#3093=VECTOR('',#11006,67.7925945668414);
#3094=VECTOR('',#11009,10.0485835609692);
#3095=VECTOR('',#11010,67.6172226019046);
#3096=VECTOR('',#11011,10.0485835609692);
#3097=VECTOR('',#11012,3.10011804299577);
#3098=VECTOR('',#11013,9.);
#3099=VECTOR('',#11014,3.10011804299577);
#3100=VECTOR('',#11015,9.);
#3101=VECTOR('',#11026,67.6172226019046);
#3102=VECTOR('',#11031,83.7);
#3103=VECTOR('',#11034,64.794);
#3104=VECTOR('',#11037,83.7);
#3105=VECTOR('',#11040,64.794);
#3106=VECTOR('',#11047,10.0485835609693);
#3107=VECTOR('',#11060,4.46266423039635);
#3108=VECTOR('',#11063,4.3);
#3109=VECTOR('',#11066,4.3);
#3110=VECTOR('',#11069,4.3);
#3111=VECTOR('',#11072,4.3);
#3112=VECTOR('',#11075,4.3);
#3113=VECTOR('',#11078,4.3);
#3114=VECTOR('',#11081,4.3);
#3115=VECTOR('',#11082,2.55);
#3116=VECTOR('',#11085,10.05);
#3117=VECTOR('',#11088,2.55);
#3118=VECTOR('',#11091,4.3);
#3119=VECTOR('',#11094,4.3);
#3120=VECTOR('',#11097,4.3);
#3121=VECTOR('',#11100,4.3);
#3122=VECTOR('',#11105,19.7347279813662);
#3123=VECTOR('',#11106,3.50013327435008);
#3124=VECTOR('',#11107,59.6041839440985);
#3125=VECTOR('',#11108,0.950000000000001);
#3126=VECTOR('',#11113,0.950000000000001);
#3127=VECTOR('',#11122,10.05);
#3128=VECTOR('',#11125,10.05);
#3129=VECTOR('',#11128,0.950000000000001);
#3130=VECTOR('',#11133,0.950000000000001);
#3131=VECTOR('',#11140,59.6033112573194);
#3132=VECTOR('',#11143,59.6041839440985);
#3133=VECTOR('',#11146,3.50013327435008);
#3134=VECTOR('',#11147,19.7347279813662);
#3135=VECTOR('',#11152,19.7356006681453);
#3136=VECTOR('',#11155,10.05);
#3137=VECTOR('',#11156,19.7356006681452);
#3138=VECTOR('',#11163,67.7925945668414);
#3139=VECTOR('',#11164,10.0485835609693);
#3140=VECTOR('',#11165,10.05);
#3141=VECTOR('',#11180,59.6033112573194);
#3142=VECTOR('',#11185,8.6);
#3143=VECTOR('',#11186,21.52108577375);
#3144=VECTOR('',#11187,4.65874281184534);
#3145=VECTOR('',#11188,37.9304747908499);
#3146=VECTOR('',#11189,4.50017160555403);
#3147=VECTOR('',#11190,18.11246685282);
#3148=VECTOR('',#11191,2.41841781048684);
#3149=VECTOR('',#11194,2.41737757881001);
#3150=VECTOR('',#11195,4.1);
#3151=VECTOR('',#11200,4.1);
#3152=VECTOR('',#11209,5.19086887894);
#3153=VECTOR('',#11212,5.19086887894);
#3154=VECTOR('',#11215,26.9012471427774);
#3155=VECTOR('',#11216,8.6);
#3156=VECTOR('',#11219,4.30190911061719);
#3157=VECTOR('',#11220,21.4728451391053);
#3158=VECTOR('',#11221,4.51083792066951);
#3159=VECTOR('',#11224,10.3981287882);
#3160=VECTOR('',#11227,4.51083792097035);
#3161=VECTOR('',#11234,26.80127082577);
#3162=VECTOR('',#11243,8.6);
#3163=VECTOR('',#11246,22.65086887894);
#3164=VECTOR('',#11247,4.50017180023005);
#3165=VECTOR('',#11248,37.9459289850555);
#3166=VECTOR('',#11249,4.65874281184537);
#3167=VECTOR('',#11250,16.967229557092);
#3168=VECTOR('',#11251,2.41841781048678);
#3169=VECTOR('',#11254,2.41737757881);
#3170=VECTOR('',#11255,4.1);
#3171=VECTOR('',#11260,4.1);
#3172=VECTOR('',#11269,5.19086887894);
#3173=VECTOR('',#11272,5.19086887894);
#3174=VECTOR('',#11275,4.50017179814569);
#3175=VECTOR('',#11276,25.57286887894);
#3176=VECTOR('',#11277,8.6);
#3177=VECTOR('',#11280,4.30190911061715);
#3178=VECTOR('',#11281,20.144466852822);
#3179=VECTOR('',#11282,4.50017179612964);
#3180=VECTOR('',#11283,13.2232940553225);
#3181=VECTOR('',#11288,4.50191672629427);
#3182=VECTOR('',#11297,6.640155015286);
#3183=VECTOR('',#11300,6.640155015063);
#3184=VECTOR('',#11303,4.5020881389617);
#3185=VECTOR('',#11304,6.60086887894);
#3186=VECTOR('',#11309,6.60086887894);
#3187=VECTOR('',#11322,4.50208813896213);
#3188=VECTOR('',#11329,6.28151288595);
#3189=VECTOR('',#11330,6.28151288613);
#3190=VECTOR('',#11339,16.5165754161091);
#3191=VECTOR('',#11342,16.5165752937233);
#3192=VECTOR('',#11345,4.66936307550436);
#3193=VECTOR('',#11346,15.3073798910346);
#3194=VECTOR('',#11347,4.50201696494431);
#3195=VECTOR('',#11352,4.50201696494429);
#3196=VECTOR('',#11355,6.2722690892);
#3197=VECTOR('',#11360,6.27226908916);
#3198=VECTOR('',#11365,15.09692681834);
#3199=VECTOR('',#11366,21.52108577375);
#3200=VECTOR('',#11367,25.57286887894);
#3201=VECTOR('',#11368,15.3073798910039);
#3202=VECTOR('',#11375,15.09692681834);
#3203=VECTOR('',#11402,4.71233265033001);
#3204=VECTOR('',#11409,22.79021591631);
#3205=VECTOR('',#11410,22.79021591612);
#3206=VECTOR('',#11411,26.9978212713874);
#3207=VECTOR('',#11414,14.8069630106);
#3208=VECTOR('',#11417,6.640155015287);
#3209=VECTOR('',#11418,6.28151288613);
#3210=VECTOR('',#11419,16.5005617991841);
#3211=VECTOR('',#11420,14.81115871843);
#3212=VECTOR('',#11425,26.9978212715622);
#3213=VECTOR('',#11428,22.79021591612);
#3214=VECTOR('',#11433,4.51319079334497);
#3215=VECTOR('',#11434,22.75072443814);
#3216=VECTOR('',#11437,4.50620530913044);
#3217=VECTOR('',#11444,26.99782127084);
#3218=VECTOR('',#11445,4.50191672629427);
#3219=VECTOR('',#11446,26.80127082577);
#3220=VECTOR('',#11469,26.80127082577);
#3221=VECTOR('',#11478,22.65086887894);
#3222=VECTOR('',#11481,22.65086887894);
#3223=VECTOR('',#11488,4.71233265033001);
#3224=VECTOR('',#11501,15.10112252618);
#3225=VECTOR('',#11502,15.10112252618);
#3226=VECTOR('',#11513,15.2913662727518);
#3227=VECTOR('',#11514,15.2913662727824);
#3228=VECTOR('',#11521,20.144466852822);
#3229=VECTOR('',#11522,4.338409641505);
#3230=VECTOR('',#11523,5.228409641505);
#3231=VECTOR('',#11524,16.967229557092);
#3232=VECTOR('',#11525,6.27226908916);
#3233=VECTOR('',#11526,6.60086887894);
#3234=VECTOR('',#11541,4.338409641938);
#3235=VECTOR('',#11552,5.228409641505);
#3236=VECTOR('',#11563,2.41841781048678);
#3237=VECTOR('',#11574,2.41737757881);
#3238=VECTOR('',#11577,5.19086867211879);
#3239=VECTOR('',#11578,2.41737757881006);
#3240=VECTOR('',#11585,2.41737757881);
#3241=VECTOR('',#11592,4.30190911061714);
#3242=VECTOR('',#11595,2.41850989293611);
#3243=VECTOR('',#11600,2.41850989292385);
#3244=VECTOR('',#11603,5.207303390227);
#3245=VECTOR('',#11620,4.50191672629427);
#3246=VECTOR('',#11625,6.640155015108);
#3247=VECTOR('',#11636,6.2815128859);
#3248=VECTOR('',#11647,16.5005619443498);
#3249=VECTOR('',#11654,14.81115871883);
#3250=VECTOR('',#11657,4.72124538834185);
#3251=VECTOR('',#11660,4.6693630304576);
#3252=VECTOR('',#11663,4.50201696494431);
#3253=VECTOR('',#11666,4.50201696494429);
#3254=VECTOR('',#11669,4.5020881389617);
#3255=VECTOR('',#11670,6.2722690892);
#3256=VECTOR('',#11683,6.60086887894);
#3257=VECTOR('',#11686,4.50208813896209);
#3258=VECTOR('',#11695,4.72124538834123);
#3259=VECTOR('',#11706,14.806963011);
#3260=VECTOR('',#11715,4.50191672629427);
#3261=VECTOR('',#11728,18.11246685282);
#3262=VECTOR('',#11737,2.41841781048675);
#3263=VECTOR('',#11748,2.41737757881001);
#3264=VECTOR('',#11751,5.19087104626759);
#3265=VECTOR('',#11752,2.41737765303471);
#3266=VECTOR('',#11759,2.41737904879488);
#3267=VECTOR('',#11768,4.30190911061711);
#3268=VECTOR('',#11777,21.37286879965);
#3269=VECTOR('',#11782,22.65086887894);
#3270=VECTOR('',#11785,22.75072449343);
#3271=VECTOR('',#11788,26.80127082577);
#3272=VECTOR('',#11789,4.33840964151001);
#3273=VECTOR('',#11790,5.22840964150999);
#3274=VECTOR('',#11795,5.22840964150999);
#3275=VECTOR('',#11798,2.41850996147841);
#3276=VECTOR('',#11799,5.20729925327526);
#3277=VECTOR('',#11814,2.41850932118231);
#3278=VECTOR('',#11815,4.33840964201);
#3279=VECTOR('',#11828,26.80127082577);
#3280=VECTOR('',#11835,4.51319079334497);
#3281=VECTOR('',#11836,4.50620530911085);
#3282=VECTOR('',#11839,22.79021591612);
#3283=VECTOR('',#11848,26.99782127062);
#3284=VECTOR('',#11853,2.57499999999975);
#3285=VECTOR('',#11854,3.07764635843491);
#3286=VECTOR('',#11855,21.86093895969);
#3287=VECTOR('',#11856,24.43603701153);
#3288=VECTOR('',#11859,9.);
#3289=VECTOR('',#11860,9.);
#3290=VECTOR('',#11861,2.57499999999975);
#3291=VECTOR('',#11864,9.);
#3292=VECTOR('',#11865,3.07764635843491);
#3293=VECTOR('',#11868,21.86093895969);
#3294=VECTOR('',#11871,24.43603701153);
#3295=VECTOR('',#11880,5.89444872454);
#3296=VECTOR('',#11883,5.89444872454);
#3297=VECTOR('',#11888,1.35);
#3298=VECTOR('',#11889,1.35);
#3299=VECTOR('',#11912,5.89444872454);
#3300=VECTOR('',#11915,1.35);
#3301=VECTOR('',#11916,1.35);
#3302=VECTOR('',#11919,1.35);
#3303=VECTOR('',#11926,1.35);
#3304=VECTOR('',#11933,5.89444872454);
#3305=VECTOR('',#11940,0.53822824807889);
#3306=VECTOR('',#11943,1.4);
#3307=VECTOR('',#11944,0.499127313220915);
#3308=VECTOR('',#11949,0.5);
#3309=VECTOR('',#11954,28.);
#3310=VECTOR('',#11957,0.499999999999985);
#3311=VECTOR('',#11962,0.499127313220906);
#3312=VECTOR('',#11965,1.4);
#3313=VECTOR('',#11966,0.48690969831384);
#3314=VECTOR('',#11979,28.);
#3315=VECTOR('',#11988,1.4);
#3316=VECTOR('',#11997,28.);
#3317=VECTOR('',#12006,1.4);
#3318=VECTOR('',#12009,0.299999999999999);
#3319=VECTOR('',#12010,0.299999999999999);
#3320=VECTOR('',#12013,0.299999999999999);
#3321=VECTOR('',#12014,0.299999999999999);
#3322=VECTOR('',#12015,0.299999999999999);
#3323=VECTOR('',#12016,0.299999999999999);
#3324=VECTOR('',#12017,0.299999999999999);
#3325=VECTOR('',#12018,0.299999999999999);
#3326=VECTOR('',#12019,0.299999999999999);
#3327=VECTOR('',#12020,0.299999999999999);
#3328=VECTOR('',#12021,0.299999999999999);
#3329=VECTOR('',#12022,0.299999999999999);
#3330=VECTOR('',#12027,3.01499184493);
#3331=VECTOR('',#12028,0.299999999999999);
#3332=VECTOR('',#12029,0.299999999999999);
#3333=VECTOR('',#12032,0.465153962905001);
#3334=VECTOR('',#12033,3.49999994039001);
#3335=VECTOR('',#12034,0.646677460623999);
#3336=VECTOR('',#12035,2.12396044646613);
#3337=VECTOR('',#12036,2.13540590990728);
#3338=VECTOR('',#12037,0.635332242017001);
#3339=VECTOR('',#12038,3.49999994039001);
#3340=VECTOR('',#12039,0.433954611735);
#3341=VECTOR('',#12040,3.01499184492);
#3342=VECTOR('',#12041,2.2413806661412);
#3343=VECTOR('',#12042,0.283630465186);
#3344=VECTOR('',#12043,2.2448289695867);
#3345=VECTOR('',#12046,0.299999999999999);
#3346=VECTOR('',#12049,0.299999999999999);
#3347=VECTOR('',#12052,0.299999999999999);
#3348=VECTOR('',#12055,0.299999999999999);
#3349=VECTOR('',#12058,0.299999999999999);
#3350=VECTOR('',#12061,0.299999999999999);
#3351=VECTOR('',#12064,0.299999999999999);
#3352=VECTOR('',#12067,0.299999999999999);
#3353=VECTOR('',#12070,0.299999999999999);
#3354=VECTOR('',#12073,0.299999999999999);
#3355=VECTOR('',#12076,0.299999999999999);
#3356=VECTOR('',#12081,0.357374386130003);
#3357=VECTOR('',#12082,0.299999999999999);
#3358=VECTOR('',#12083,0.299999999999999);
#3359=VECTOR('',#12086,1.355753623589);
#3360=VECTOR('',#12087,0.357374386130003);
#3361=VECTOR('',#12088,0.445299830342);
#3362=VECTOR('',#12089,2.78525116812999);
#3363=VECTOR('',#12090,0.445299830342);
#3364=VECTOR('',#12091,0.357374386130012);
#3365=VECTOR('',#12092,1.355753623589);
#3366=VECTOR('',#12093,0.357374386130012);
#3367=VECTOR('',#12094,0.445299830342);
#3368=VECTOR('',#12095,2.78525116812999);
#3369=VECTOR('',#12096,0.445299830342);
#3370=VECTOR('',#12099,0.299999999999999);
#3371=VECTOR('',#12102,0.299999999999999);
#3372=VECTOR('',#12105,0.299999999999999);
#3373=VECTOR('',#12108,0.299999999999999);
#3374=VECTOR('',#12111,0.299999999999999);
#3375=VECTOR('',#12114,0.299999999999999);
#3376=VECTOR('',#12117,0.299999999999999);
#3377=VECTOR('',#12120,0.299999999999999);
#3378=VECTOR('',#12123,0.299999999999999);
#3379=VECTOR('',#12126,0.299999999999999);
#3380=VECTOR('',#12131,0.357374386130003);
#3381=VECTOR('',#12132,0.299999999999999);
#3382=VECTOR('',#12133,0.299999999999999);
#3383=VECTOR('',#12136,1.70745540042);
#3384=VECTOR('',#12137,0.357374386130003);
#3385=VECTOR('',#12138,0.621150718749999);
#3386=VECTOR('',#12139,3.15397077287);
#3387=VECTOR('',#12140,0.363046995440002);
#3388=VECTOR('',#12141,0.320502425660001);
#3389=VECTOR('',#12142,0.635332242019999);
#3390=VECTOR('',#12143,2.34562394709);
#3391=VECTOR('',#12144,0.635332242019999);
#3392=VECTOR('',#12147,0.299999999999999);
#3393=VECTOR('',#12150,0.299999999999999);
#3394=VECTOR('',#12153,0.299999999999999);
#3395=VECTOR('',#12156,0.299999999999999);
#3396=VECTOR('',#12157,0.299999999999999);
#3397=VECTOR('',#12160,0.299999999999999);
#3398=VECTOR('',#12163,0.299999999999999);
#3399=VECTOR('',#12166,0.299999999999999);
#3400=VECTOR('',#12169,0.299999999999999);
#3401=VECTOR('',#12176,2.9);
#3402=VECTOR('',#12177,1.269398139192);
#3403=VECTOR('',#12178,4.15063360178894);
#3404=VECTOR('',#12185,3.8);
#3405=VECTOR('',#12188,1.199377385371);
#3406=VECTOR('',#12199,3.8);
#3407=VECTOR('',#12216,1.199377385371);
#3408=VECTOR('',#12229,2.9);
#3409=VECTOR('',#12230,1.269398139192);
#3410=VECTOR('',#12231,4.15063360178894);
#3411=VECTOR('',#12238,3.8);
#3412=VECTOR('',#12241,1.199377385371);
#3413=VECTOR('',#12254,3.8);
#3414=VECTOR('',#12269,1.199377385371);
#3415=VECTOR('',#12278,0.3);
#3416=VECTOR('',#12279,0.3);
#3417=VECTOR('',#12282,0.3);
#3418=VECTOR('',#12283,0.3);
#3419=VECTOR('',#12284,0.3);
#3420=VECTOR('',#12285,0.3);
#3421=VECTOR('',#12286,0.3);
#3422=VECTOR('',#12287,0.3);
#3423=VECTOR('',#12288,0.3);
#3424=VECTOR('',#12289,0.3);
#3425=VECTOR('',#12292,0.3);
#3426=VECTOR('',#12293,0.3);
#3427=VECTOR('',#12296,1.1337652246);
#3428=VECTOR('',#12297,3.4999999404);
#3429=VECTOR('',#12298,0.706935963569997);
#3430=VECTOR('',#12299,1.32050302629);
#3431=VECTOR('',#12300,0.461509138489999);
#3432=VECTOR('',#12301,0.341463408820006);
#3433=VECTOR('',#12302,0.386814017810009);
#3434=VECTOR('',#12303,0.995045714759994);
#3435=VECTOR('',#12306,0.3);
#3436=VECTOR('',#12307,0.3);
#3437=VECTOR('',#12310,0.3);
#3438=VECTOR('',#12313,0.3);
#3439=VECTOR('',#12316,0.3);
#3440=VECTOR('',#12319,0.3);
#3441=VECTOR('',#12320,0.3);
#3442=VECTOR('',#12323,0.3);
#3443=VECTOR('',#12324,0.341463408820006);
#3444=VECTOR('',#12325,0.3);
#3445=VECTOR('',#12326,0.3);
#3446=VECTOR('',#12327,0.3);
#3447=VECTOR('',#12328,0.3);
#3448=VECTOR('',#12331,0.386814017810009);
#3449=VECTOR('',#12332,0.3);
#3450=VECTOR('',#12335,0.995045714759994);
#3451=VECTOR('',#12340,0.461509138490004);
#3452=VECTOR('',#12341,0.3);
#3453=VECTOR('',#12342,0.3);
#3454=VECTOR('',#12345,1.1337652246);
#3455=VECTOR('',#12346,3.4999999404);
#3456=VECTOR('',#12347,0.706935963569997);
#3457=VECTOR('',#12348,1.32050302629);
#3458=VECTOR('',#12349,0.341463408820002);
#3459=VECTOR('',#12350,0.38681401781);
#3460=VECTOR('',#12351,0.995045714759994);
#3461=VECTOR('',#12354,0.3);
#3462=VECTOR('',#12355,0.3);
#3463=VECTOR('',#12358,0.3);
#3464=VECTOR('',#12361,0.3);
#3465=VECTOR('',#12364,0.3);
#3466=VECTOR('',#12365,0.3);
#3467=VECTOR('',#12366,0.3);
#3468=VECTOR('',#12369,0.3);
#3469=VECTOR('',#12370,0.341463408820002);
#3470=VECTOR('',#12371,0.3);
#3471=VECTOR('',#12372,0.3);
#3472=VECTOR('',#12373,0.3);
#3473=VECTOR('',#12374,0.3);
#3474=VECTOR('',#12377,0.38681401781);
#3475=VECTOR('',#12378,0.3);
#3476=VECTOR('',#12381,0.995045714759994);
#3477=VECTOR('',#12386,0.59222559967);
#3478=VECTOR('',#12387,0.3);
#3479=VECTOR('',#12388,0.3);
#3480=VECTOR('',#12391,1.03772864086);
#3481=VECTOR('',#12392,2.90777434073);
#3482=VECTOR('',#12393,0.706935963579998);
#3483=VECTOR('',#12394,2.90777434073);
#3484=VECTOR('',#12395,1.03506095798);
#3485=VECTOR('',#12396,2.77972556242);
#3486=VECTOR('',#12397,0.59222559967);
#3487=VECTOR('',#12400,0.3);
#3488=VECTOR('',#12401,0.3);
#3489=VECTOR('',#12404,0.3);
#3490=VECTOR('',#12407,0.3);
#3491=VECTOR('',#12410,0.3);
#3492=VECTOR('',#12415,0.3);
#3493=VECTOR('',#12418,0.3);
#3494=VECTOR('',#12419,0.3);
#3495=VECTOR('',#12422,0.3);
#3496=VECTOR('',#12423,0.3);
#3497=VECTOR('',#12424,0.3);
#3498=VECTOR('',#12425,0.3);
#3499=VECTOR('',#12426,0.3);
#3500=VECTOR('',#12427,0.3);
#3501=VECTOR('',#12428,0.3);
#3502=VECTOR('',#12429,0.3);
#3503=VECTOR('',#12434,0.59222559967);
#3504=VECTOR('',#12435,0.3);
#3505=VECTOR('',#12436,0.3);
#3506=VECTOR('',#12439,1.03772864085999);
#3507=VECTOR('',#12440,2.90777434073);
#3508=VECTOR('',#12441,0.706935963580007);
#3509=VECTOR('',#12442,2.90777434073);
#3510=VECTOR('',#12443,1.03506095798);
#3511=VECTOR('',#12444,2.77972556242);
#3512=VECTOR('',#12445,0.59222559967);
#3513=VECTOR('',#12448,0.3);
#3514=VECTOR('',#12449,0.3);
#3515=VECTOR('',#12452,0.3);
#3516=VECTOR('',#12455,0.3);
#3517=VECTOR('',#12458,0.3);
#3518=VECTOR('',#12463,0.3);
#3519=VECTOR('',#12468,0.999999999999996);
#3520=VECTOR('',#12469,0.3);
#3521=VECTOR('',#12470,0.3);
#3522=VECTOR('',#12473,5.);
#3523=VECTOR('',#12474,1.00000000000001);
#3524=VECTOR('',#12475,5.);
#3525=VECTOR('',#12476,0.999999999999996);
#3526=VECTOR('',#12477,4.27200187265877);
#3527=VECTOR('',#12478,4.27200187265877);
#3528=VECTOR('',#12481,0.3);
#3529=VECTOR('',#12484,0.3);
#3530=VECTOR('',#12487,0.3);
#3531=VECTOR('',#12490,0.3);
#3532=VECTOR('',#12493,0.3);
#3533=VECTOR('',#12498,0.999999999999999);
#3534=VECTOR('',#12499,0.3);
#3535=VECTOR('',#12500,0.3);
#3536=VECTOR('',#12503,5.);
#3537=VECTOR('',#12504,1.);
#3538=VECTOR('',#12505,5.);
#3539=VECTOR('',#12506,1.);
#3540=VECTOR('',#12507,4.27200187265877);
#3541=VECTOR('',#12508,4.27200187265877);
#3542=VECTOR('',#12511,0.3);
#3543=VECTOR('',#12514,0.3);
#3544=VECTOR('',#12517,0.3);
#3545=VECTOR('',#12520,0.3);
#3546=VECTOR('',#12523,0.3);
#3547=VECTOR('',#12534,11.98553448993);
#3548=VECTOR('',#12535,4.45);
#3549=VECTOR('',#12536,3.8);
#3550=VECTOR('',#12537,2.35);
#3551=VECTOR('',#12540,8.6);
#3552=VECTOR('',#12543,0.633504241889999);
#3553=VECTOR('',#12554,4.0999999999995);
#3554=VECTOR('',#12557,4.0999999999995);
#3555=VECTOR('',#12562,4.0999999999995);
#3556=VECTOR('',#12565,11.0142531978198);
#3557=VECTOR('',#12566,3.63634087597832);
#3558=VECTOR('',#12567,1.65644188865619);
#3559=VECTOR('',#12568,1.0999999999995);
#3560=VECTOR('',#12571,18.4);
#3561=VECTOR('',#12572,1.0999999999995);
#3562=VECTOR('',#12573,4.45);
#3563=VECTOR('',#12574,1.1);
#3564=VECTOR('',#12575,9.5);
#3565=VECTOR('',#12576,1.1);
#3566=VECTOR('',#12579,32.79557985835);
#3567=VECTOR('',#12580,4.08628823493094);
#3568=VECTOR('',#12581,31.26224073703);
#3569=VECTOR('',#12582,2.2999999999995);
#3570=VECTOR('',#12585,32.79557985835);
#3571=VECTOR('',#12586,9.5);
#3572=VECTOR('',#12587,5.9);
#3573=VECTOR('',#12588,3.);
#3574=VECTOR('',#12589,5.9);
#3575=VECTOR('',#12590,3.);
#3576=VECTOR('',#12593,4.08628823493094);
#3577=VECTOR('',#12594,9.5);
#3578=VECTOR('',#12597,9.5);
#3579=VECTOR('',#12598,31.26224073703);
#3580=VECTOR('',#12599,3.9);
#3581=VECTOR('',#12600,6.43285056391);
#3582=VECTOR('',#12601,3.9);
#3583=VECTOR('',#12602,6.43285056391);
#3584=VECTOR('',#12603,5.9);
#3585=VECTOR('',#12604,3.);
#3586=VECTOR('',#12605,5.9);
#3587=VECTOR('',#12606,3.);
#3588=VECTOR('',#12609,2.2999999999995);
#3589=VECTOR('',#12610,2.35);
#3590=VECTOR('',#12611,4.0999999999995);
#3591=VECTOR('',#12612,14.2);
#3592=VECTOR('',#12613,4.0999999999995);
#3593=VECTOR('',#12618,4.0999999999995);
#3594=VECTOR('',#12629,0.633504241889999);
#3595=VECTOR('',#12632,8.6);
#3596=VECTOR('',#12635,8.6);
#3597=VECTOR('',#12638,0.633504241888);
#3598=VECTOR('',#12651,11.0142531978198);
#3599=VECTOR('',#12652,18.4);
#3600=VECTOR('',#12655,3.63634087597832);
#3601=VECTOR('',#12656,18.4);
#3602=VECTOR('',#12659,1.65644188865619);
#3603=VECTOR('',#12662,11.98553448993);
#3604=VECTOR('',#12663,4.0999999999995);
#3605=VECTOR('',#12676,0.633504241888);
#3606=VECTOR('',#12679,8.6);
#3607=VECTOR('',#12682,3.8);
#3608=VECTOR('',#12687,4.0999999999995);
#3609=VECTOR('',#12688,4.0999999999995);
#3610=VECTOR('',#12693,4.0999999999995);
#3611=VECTOR('',#12696,4.0999999999995);
#3612=VECTOR('',#12699,4.0999999999995);
#3613=VECTOR('',#12702,4.0999999999995);
#3614=VECTOR('',#12705,4.0999999999995);
#3615=VECTOR('',#12708,4.0999999999995);
#3616=VECTOR('',#12711,4.0999999999995);
#3617=VECTOR('',#12718,4.0999999999995);
#3618=VECTOR('',#12721,4.0999999999995);
#3619=VECTOR('',#12724,4.0999999999995);
#3620=VECTOR('',#12727,4.0999999999995);
#3621=VECTOR('',#12730,4.0999999999995);
#3622=VECTOR('',#12733,4.0999999999995);
#3623=VECTOR('',#12738,3.8982132510851);
#3624=VECTOR('',#12739,3.9);
#3625=VECTOR('',#12740,3.8982132510851);
#3626=VECTOR('',#12743,2.94952362678);
#3627=VECTOR('',#12744,1.75);
#3628=VECTOR('',#12747,3.9);
#3629=VECTOR('',#12748,1.75);
#3630=VECTOR('',#12751,2.94952362678);
#3631=VECTOR('',#12756,3.3999999999995);
#3632=VECTOR('',#12757,3.3999999999995);
#3633=VECTOR('',#12760,3.3999999999995);
#3634=VECTOR('',#12763,3.3999999999995);
#3635=VECTOR('',#12770,68.5);
#3636=VECTOR('',#12771,25.5285664492867);
#3637=VECTOR('',#12772,2.21595939108164);
#3638=VECTOR('',#12773,13.3784790006505);
#3639=VECTOR('',#12774,63.91864659284);
#3640=VECTOR('',#12775,13.3784790006509);
#3641=VECTOR('',#12776,2.21595939108264);
#3642=VECTOR('',#12777,25.5285664492867);
#3643=VECTOR('',#12780,13.1);
#3644=VECTOR('',#12781,10.6);
#3645=VECTOR('',#12782,1.29999999999999);
#3646=VECTOR('',#12783,24.5);
#3647=VECTOR('',#12786,70.1);
#3648=VECTOR('',#12789,24.5);
#3649=VECTOR('',#12790,1.29999999999999);
#3650=VECTOR('',#12791,10.6);
#3651=VECTOR('',#12792,13.1);
#3652=VECTOR('',#12795,25.7);
#3653=VECTOR('',#12796,0.599999999999996);
#3654=VECTOR('',#12797,13.8);
#3655=VECTOR('',#12798,0.192696872);
#3656=VECTOR('',#12799,1.47836567257857);
#3657=VECTOR('',#12802,2.21607467324693);
#3658=VECTOR('',#12803,1.47836567706124);
#3659=VECTOR('',#12806,25.7);
#3660=VECTOR('',#12807,0.799999999999996);
#3661=VECTOR('',#12808,0.192696872);
#3662=VECTOR('',#12809,2.21607467324793);
#3663=VECTOR('',#12810,13.3575114567558);
#3664=VECTOR('',#12811,63.91864659284);
#3665=VECTOR('',#12812,13.3575114567561);
#3666=VECTOR('',#12813,0.799999999999996);
#3667=VECTOR('',#12814,25.7);
#3668=VECTOR('',#12819,25.7);
#3669=VECTOR('',#12822,13.8);
#3670=VECTOR('',#12825,0.799999999999996);
#3671=VECTOR('',#12826,13.8);
#3672=VECTOR('',#12829,0.599999999999996);
#3673=VECTOR('',#12830,25.7);
#3674=VECTOR('',#12831,1.47836567257857);
#3675=VECTOR('',#12834,1.4783656770618);
#3676=VECTOR('',#12837,1.38482437973);
#3677=VECTOR('',#12840,1.38482437973);
#3678=VECTOR('',#12845,2.12942276206);
#3679=VECTOR('',#12846,13.4503277750001);
#3680=VECTOR('',#12847,1.95);
#3681=VECTOR('',#12848,12.2502985311339);
#3682=VECTOR('',#12851,64.24115447588);
#3683=VECTOR('',#12852,0.967187276980006);
#3684=VECTOR('',#12853,68.5);
#3685=VECTOR('',#12854,2.12942276206);
#3686=VECTOR('',#12855,0.967187276980006);
#3687=VECTOR('',#12858,13.4506555420127);
#3688=VECTOR('',#12859,1.95);
#3689=VECTOR('',#12860,18.1508846161733);
#3690=VECTOR('',#12861,68.07552902982);
#3691=VECTOR('',#12862,18.1508846161733);
#3692=VECTOR('',#12863,1.95);
#3693=VECTOR('',#12864,13.4506555420127);
#3694=VECTOR('',#12867,0.873287037690002);
#3695=VECTOR('',#12870,0.873287037690002);
#3696=VECTOR('',#12873,59.2);
#3697=VECTOR('',#12874,18.1508846161733);
#3698=VECTOR('',#12875,0.873287037690002);
#3699=VECTOR('',#12876,12.2502985311339);
#3700=VECTOR('',#12877,10.28131436344);
#3701=VECTOR('',#12880,3.90976501451241);
#3702=VECTOR('',#12883,33.40900951803);
#3703=VECTOR('',#12886,3.00007310966544);
#3704=VECTOR('',#12893,1.31047214564999);
#3705=VECTOR('',#12896,25.7);
#3706=VECTOR('',#12897,13.8);
#3707=VECTOR('',#12898,6.);
#3708=VECTOR('',#12899,61.4);
#3709=VECTOR('',#12900,6.);
#3710=VECTOR('',#12901,3.);
#3711=VECTOR('',#12904,33.40900951803);
#3712=VECTOR('',#12907,3.90967611847343);
#3713=VECTOR('',#12910,24.18131436344);
#3714=VECTOR('',#12917,25.7);
#3715=VECTOR('',#12920,0.799999999999996);
#3716=VECTOR('',#12921,13.8);
#3717=VECTOR('',#12922,0.799999999999996);
#3718=VECTOR('',#12929,6.);
#3719=VECTOR('',#12938,61.4);
#3720=VECTOR('',#12949,6.);
#3721=VECTOR('',#12952,70.1);
#3722=VECTOR('',#12953,6.);
#3723=VECTOR('',#12954,0.799999999999996);
#3724=VECTOR('',#12961,13.8);
#3725=VECTOR('',#12964,25.7);
#3726=VECTOR('',#12967,6.);
#3727=VECTOR('',#12968,61.4);
#3728=VECTOR('',#12969,6.);
#3729=VECTOR('',#12970,13.8);
#3730=VECTOR('',#12971,25.7);
#3731=VECTOR('',#12972,24.18131436344);
#3732=VECTOR('',#12975,3.90967611850855);
#3733=VECTOR('',#12978,33.40900951803);
#3734=VECTOR('',#12981,3.);
#3735=VECTOR('',#12988,1.31047214564999);
#3736=VECTOR('',#12991,12.2502985311339);
#3737=VECTOR('',#12992,3.00007310966544);
#3738=VECTOR('',#12995,33.40900951803);
#3739=VECTOR('',#12998,3.90976501447633);
#3740=VECTOR('',#13001,10.28131436344);
#3741=VECTOR('',#13002,12.2502985311339);
#3742=VECTOR('',#13003,0.873287037690002);
#3743=VECTOR('',#13004,18.1508846161733);
#3744=VECTOR('',#13005,59.2);
#3745=VECTOR('',#13006,0.873287037690002);
#3746=VECTOR('',#13009,1.95);
#3747=VECTOR('',#13010,13.4503277750001);
#3748=VECTOR('',#13013,0.873287037690002);
#3749=VECTOR('',#13018,68.07552902982);
#3750=VECTOR('',#13021,64.24115447588);
#3751=VECTOR('',#13022,13.4506555420127);
#3752=VECTOR('',#13023,1.95);
#3753=VECTOR('',#13024,1.95);
#3754=VECTOR('',#13025,13.4506555420127);
#3755=VECTOR('',#13028,68.5);
#3756=VECTOR('',#13029,0.599999999999996);
#3757=VECTOR('',#13030,2.12942276206);
#3758=VECTOR('',#13031,0.967187276980006);
#3759=VECTOR('',#13032,0.967187276980006);
#3760=VECTOR('',#13033,2.12942276206);
#3761=VECTOR('',#13034,0.599999999999996);
#3762=VECTOR('',#13037,0.799999999999996);
#3763=VECTOR('',#13038,6.);
#3764=VECTOR('',#13039,70.1);
#3765=VECTOR('',#13044,70.1);
#3766=VECTOR('',#13047,61.4);
#3767=VECTOR('',#13048,70.1);
#3768=VECTOR('',#13049,60.4);
#3769=VECTOR('',#13050,69.1);
#3770=VECTOR('',#13051,60.4);
#3771=VECTOR('',#13052,69.1);
#3772=VECTOR('',#13079,13.8);
#3773=VECTOR('',#13080,0.799999999999996);
#3774=VECTOR('',#13085,25.7);
#3775=VECTOR('',#13088,68.5);
#3776=VECTOR('',#13089,13.1);
#3777=VECTOR('',#13090,1.29999999999999);
#3778=VECTOR('',#13091,70.1);
#3779=VECTOR('',#13092,1.29999999999999);
#3780=VECTOR('',#13093,13.1);
#3781=VECTOR('',#13096,25.5285664492867);
#3782=VECTOR('',#13097,2.21595939108264);
#3783=VECTOR('',#13098,13.3784790006505);
#3784=VECTOR('',#13099,63.91864659284);
#3785=VECTOR('',#13100,13.3784790006509);
#3786=VECTOR('',#13101,2.21595939108163);
#3787=VECTOR('',#13102,25.5285664492867);
#3788=VECTOR('',#13103,3.10007554665433);
#3789=VECTOR('',#13106,9.5);
#3790=VECTOR('',#13109,3.10007554665433);
#3791=VECTOR('',#13112,9.5);
#3792=VECTOR('',#13117,25.7);
#3793=VECTOR('',#13118,1.47836567257857);
#3794=VECTOR('',#13119,0.192696872);
#3795=VECTOR('',#13122,2.21607467324693);
#3796=VECTOR('',#13123,13.3575114567562);
#3797=VECTOR('',#13124,63.91864659284);
#3798=VECTOR('',#13125,13.3575114567558);
#3799=VECTOR('',#13126,2.21607467324794);
#3800=VECTOR('',#13127,0.192696872);
#3801=VECTOR('',#13128,3.1);
#3802=VECTOR('',#13131,9.5);
#3803=VECTOR('',#13134,3.1);
#3804=VECTOR('',#13137,9.5);
#3805=VECTOR('',#13142,25.7);
#3806=VECTOR('',#13143,1.47836567257857);
#3807=VECTOR('',#13146,1.47836567706123);
#3808=VECTOR('',#13149,1.38482437973);
#3809=VECTOR('',#13152,1.38482437973);
#3810=VECTOR('',#13155,1.47836567706116);
#3811=VECTOR('',#13160,1.95);
#3812=VECTOR('',#13161,13.4503277750001);
#3813=VECTOR('',#13164,0.873287037690002);
#3814=VECTOR('',#13169,1.33630343824);
#3815=VECTOR('',#13170,1.3146610039);
#3816=VECTOR('',#13173,1.33979415345);
#3817=VECTOR('',#13176,1.33979415345);
#3818=VECTOR('',#13179,1.33630343824);
#3819=VECTOR('',#13182,1.3146610039);
#3820=VECTOR('',#13185,1.31117028869);
#3821=VECTOR('',#13188,1.31117028869);
#3822=VECTOR('',#13193,13.4503277750001);
#3823=VECTOR('',#13194,1.95);
#3824=VECTOR('',#13197,0.873287037690002);
#3825=VECTOR('',#13202,1.30776175491);
#3826=VECTOR('',#13205,1.33412682767);
#3827=VECTOR('',#13208,1.34188858258);
#3828=VECTOR('',#13211,1.34188858258);
#3829=VECTOR('',#13214,1.33141643694);
#3830=VECTOR('',#13219,1.30776175491);
#3831=VECTOR('',#13222,1.33412682767);
#3832=VECTOR('',#13225,1.34188858258);
#3833=VECTOR('',#13228,1.34188858258);
#3834=VECTOR('',#13231,1.33141643694);
#3835=VECTOR('',#13238,0.300000000000007);
#3836=VECTOR('',#13239,60.4);
#3837=VECTOR('',#13240,0.300000000000007);
#3838=VECTOR('',#13243,69.1);
#3839=VECTOR('',#13244,0.300000000000007);
#3840=VECTOR('',#13247,60.4);
#3841=VECTOR('',#13248,0.300000000000007);
#3842=VECTOR('',#13251,69.1);
#3843=VERTEX_POINT('',#13264);
#3844=VERTEX_POINT('',#13265);
#3845=VERTEX_POINT('',#13267);
#3846=VERTEX_POINT('',#13269);
#3847=VERTEX_POINT('',#13271);
#3848=VERTEX_POINT('',#13273);
#3849=VERTEX_POINT('',#13277);
#3850=VERTEX_POINT('',#13278);
#3851=VERTEX_POINT('',#13280);
#3852=VERTEX_POINT('',#13282);
#3853=VERTEX_POINT('',#13284);
#3854=VERTEX_POINT('',#13286);
#3855=VERTEX_POINT('',#13288);
#3856=VERTEX_POINT('',#13290);
#3857=VERTEX_POINT('',#13292);
#3858=VERTEX_POINT('',#13294);
#3859=VERTEX_POINT('',#13297);
#3860=VERTEX_POINT('',#13299);
#3861=VERTEX_POINT('',#13303);
#3862=VERTEX_POINT('',#13305);
#3863=VERTEX_POINT('',#13307);
#3864=VERTEX_POINT('',#13309);
#3865=VERTEX_POINT('',#13313);
#3866=VERTEX_POINT('',#13315);
#3867=VERTEX_POINT('',#13317);
#3868=VERTEX_POINT('',#13319);
#3869=VERTEX_POINT('',#13321);
#3870=VERTEX_POINT('',#13324);
#3871=VERTEX_POINT('',#13326);
#3872=VERTEX_POINT('',#13328);
#3873=VERTEX_POINT('',#13330);
#3874=VERTEX_POINT('',#13332);
#3875=VERTEX_POINT('',#13335);
#3876=VERTEX_POINT('',#13337);
#3877=VERTEX_POINT('',#13340);
#3878=VERTEX_POINT('',#13341);
#3879=VERTEX_POINT('',#13348);
#3880=VERTEX_POINT('',#13355);
#3881=VERTEX_POINT('',#13360);
#3882=VERTEX_POINT('',#13365);
#3883=VERTEX_POINT('',#13376);
#3884=VERTEX_POINT('',#13377);
#3885=VERTEX_POINT('',#13382);
#3886=VERTEX_POINT('',#13384);
#3887=VERTEX_POINT('',#13386);
#3888=VERTEX_POINT('',#13388);
#3889=VERTEX_POINT('',#13390);
#3890=VERTEX_POINT('',#13392);
#3891=VERTEX_POINT('',#13397);
#3892=VERTEX_POINT('',#13406);
#3893=VERTEX_POINT('',#13407);
#3894=VERTEX_POINT('',#13409);
#3895=VERTEX_POINT('',#13411);
#3896=VERTEX_POINT('',#13413);
#3897=VERTEX_POINT('',#13415);
#3898=VERTEX_POINT('',#13417);
#3899=VERTEX_POINT('',#13422);
#3900=VERTEX_POINT('',#13427);
#3901=VERTEX_POINT('',#13436);
#3902=VERTEX_POINT('',#13437);
#3903=VERTEX_POINT('',#13439);
#3904=VERTEX_POINT('',#13441);
#3905=VERTEX_POINT('',#13443);
#3906=VERTEX_POINT('',#13445);
#3907=VERTEX_POINT('',#13447);
#3908=VERTEX_POINT('',#13449);
#3909=VERTEX_POINT('',#13452);
#3910=VERTEX_POINT('',#13453);
#3911=VERTEX_POINT('',#13460);
#3912=VERTEX_POINT('',#13467);
#3913=VERTEX_POINT('',#13472);
#3914=VERTEX_POINT('',#13477);
#3915=VERTEX_POINT('',#13488);
#3916=VERTEX_POINT('',#13489);
#3917=VERTEX_POINT('',#13491);
#3918=VERTEX_POINT('',#13493);
#3919=VERTEX_POINT('',#13495);
#3920=VERTEX_POINT('',#13497);
#3921=VERTEX_POINT('',#13499);
#3922=VERTEX_POINT('',#13501);
#3923=VERTEX_POINT('',#13504);
#3924=VERTEX_POINT('',#13505);
#3925=VERTEX_POINT('',#13507);
#3926=VERTEX_POINT('',#13509);
#3927=VERTEX_POINT('',#13511);
#3928=VERTEX_POINT('',#13513);
#3929=VERTEX_POINT('',#13515);
#3930=VERTEX_POINT('',#13518);
#3931=VERTEX_POINT('',#13519);
#3932=VERTEX_POINT('',#13521);
#3933=VERTEX_POINT('',#13523);
#3934=VERTEX_POINT('',#13525);
#3935=VERTEX_POINT('',#13527);
#3936=VERTEX_POINT('',#13529);
#3937=VERTEX_POINT('',#13532);
#3938=VERTEX_POINT('',#13533);
#3939=VERTEX_POINT('',#13535);
#3940=VERTEX_POINT('',#13537);
#3941=VERTEX_POINT('',#13541);
#3942=VERTEX_POINT('',#13552);
#3943=VERTEX_POINT('',#13565);
#3944=VERTEX_POINT('',#13566);
#3945=VERTEX_POINT('',#13568);
#3946=VERTEX_POINT('',#13570);
#3947=VERTEX_POINT('',#13572);
#3948=VERTEX_POINT('',#13574);
#3949=VERTEX_POINT('',#13576);
#3950=VERTEX_POINT('',#13578);
#3951=VERTEX_POINT('',#13581);
#3952=VERTEX_POINT('',#13583);
#3953=VERTEX_POINT('',#13585);
#3954=VERTEX_POINT('',#13587);
#3955=VERTEX_POINT('',#13591);
#3956=VERTEX_POINT('',#13592);
#3957=VERTEX_POINT('',#13594);
#3958=VERTEX_POINT('',#13606);
#3959=VERTEX_POINT('',#13607);
#3960=VERTEX_POINT('',#13609);
#3961=VERTEX_POINT('',#13611);
#3962=VERTEX_POINT('',#13613);
#3963=VERTEX_POINT('',#13615);
#3964=VERTEX_POINT('',#13617);
#3965=VERTEX_POINT('',#13619);
#3966=VERTEX_POINT('',#13621);
#3967=VERTEX_POINT('',#13624);
#3968=VERTEX_POINT('',#13626);
#3969=VERTEX_POINT('',#13628);
#3970=VERTEX_POINT('',#13630);
#3971=VERTEX_POINT('',#13633);
#3972=VERTEX_POINT('',#13635);
#3973=VERTEX_POINT('',#13637);
#3974=VERTEX_POINT('',#13639);
#3975=VERTEX_POINT('',#13641);
#3976=VERTEX_POINT('',#13643);
#3977=VERTEX_POINT('',#13645);
#3978=VERTEX_POINT('',#13647);
#3979=VERTEX_POINT('',#13649);
#3980=VERTEX_POINT('',#13651);
#3981=VERTEX_POINT('',#13653);
#3982=VERTEX_POINT('',#13655);
#3983=VERTEX_POINT('',#13657);
#3984=VERTEX_POINT('',#13659);
#3985=VERTEX_POINT('',#13661);
#3986=VERTEX_POINT('',#13663);
#3987=VERTEX_POINT('',#13665);
#3988=VERTEX_POINT('',#13667);
#3989=VERTEX_POINT('',#13670);
#3990=VERTEX_POINT('',#13671);
#3991=VERTEX_POINT('',#13676);
#3992=VERTEX_POINT('',#13681);
#3993=VERTEX_POINT('',#13690);
#3994=VERTEX_POINT('',#13691);
#3995=VERTEX_POINT('',#13693);
#3996=VERTEX_POINT('',#13695);
#3997=VERTEX_POINT('',#13697);
#3998=VERTEX_POINT('',#13699);
#3999=VERTEX_POINT('',#13701);
#4000=VERTEX_POINT('',#13703);
#4001=VERTEX_POINT('',#13705);
#4002=VERTEX_POINT('',#13707);
#4003=VERTEX_POINT('',#13709);
#4004=VERTEX_POINT('',#13711);
#4005=VERTEX_POINT('',#13713);
#4006=VERTEX_POINT('',#13716);
#4007=VERTEX_POINT('',#13717);
#4008=VERTEX_POINT('',#13719);
#4009=VERTEX_POINT('',#13721);
#4010=VERTEX_POINT('',#13723);
#4011=VERTEX_POINT('',#13725);
#4012=VERTEX_POINT('',#13727);
#4013=VERTEX_POINT('',#13729);
#4014=VERTEX_POINT('',#13731);
#4015=VERTEX_POINT('',#13733);
#4016=VERTEX_POINT('',#13735);
#4017=VERTEX_POINT('',#13737);
#4018=VERTEX_POINT('',#13740);
#4019=VERTEX_POINT('',#13741);
#4020=VERTEX_POINT('',#13743);
#4021=VERTEX_POINT('',#13745);
#4022=VERTEX_POINT('',#13747);
#4023=VERTEX_POINT('',#13749);
#4024=VERTEX_POINT('',#13751);
#4025=VERTEX_POINT('',#13756);
#4026=VERTEX_POINT('',#13758);
#4027=VERTEX_POINT('',#13760);
#4028=VERTEX_POINT('',#13762);
#4029=VERTEX_POINT('',#13766);
#4030=VERTEX_POINT('',#13768);
#4031=VERTEX_POINT('',#13772);
#4032=VERTEX_POINT('',#13774);
#4033=VERTEX_POINT('',#13776);
#4034=VERTEX_POINT('',#13780);
#4035=VERTEX_POINT('',#13782);
#4036=VERTEX_POINT('',#13784);
#4037=VERTEX_POINT('',#13786);
#4038=VERTEX_POINT('',#13788);
#4039=VERTEX_POINT('',#13790);
#4040=VERTEX_POINT('',#13792);
#4041=VERTEX_POINT('',#13794);
#4042=VERTEX_POINT('',#13796);
#4043=VERTEX_POINT('',#13798);
#4044=VERTEX_POINT('',#13800);
#4045=VERTEX_POINT('',#13802);
#4046=VERTEX_POINT('',#13804);
#4047=VERTEX_POINT('',#13806);
#4048=VERTEX_POINT('',#13808);
#4049=VERTEX_POINT('',#13812);
#4050=VERTEX_POINT('',#13816);
#4051=VERTEX_POINT('',#13818);
#4052=VERTEX_POINT('',#13820);
#4053=VERTEX_POINT('',#13823);
#4054=VERTEX_POINT('',#13825);
#4055=VERTEX_POINT('',#13827);
#4056=VERTEX_POINT('',#13829);
#4057=VERTEX_POINT('',#13831);
#4058=VERTEX_POINT('',#13833);
#4059=VERTEX_POINT('',#13837);
#4060=VERTEX_POINT('',#13848);
#4061=VERTEX_POINT('',#13852);
#4062=VERTEX_POINT('',#13856);
#4063=VERTEX_POINT('',#13858);
#4064=VERTEX_POINT('',#13862);
#4065=VERTEX_POINT('',#13864);
#4066=VERTEX_POINT('',#13870);
#4067=VERTEX_POINT('',#13872);
#4068=VERTEX_POINT('',#13876);
#4069=VERTEX_POINT('',#13880);
#4070=VERTEX_POINT('',#13886);
#4071=VERTEX_POINT('',#13893);
#4072=VERTEX_POINT('',#13905);
#4073=VERTEX_POINT('',#13909);
#4074=VERTEX_POINT('',#13911);
#4075=VERTEX_POINT('',#13933);
#4076=VERTEX_POINT('',#13935);
#4077=VERTEX_POINT('',#13938);
#4078=VERTEX_POINT('',#13939);
#4079=VERTEX_POINT('',#13941);
#4080=VERTEX_POINT('',#13943);
#4081=VERTEX_POINT('',#13947);
#4082=VERTEX_POINT('',#14038);
#4083=VERTEX_POINT('',#14040);
#4084=VERTEX_POINT('',#14044);
#4085=VERTEX_POINT('',#14045);
#4086=VERTEX_POINT('',#14047);
#4087=VERTEX_POINT('',#14049);
#4088=VERTEX_POINT('',#14051);
#4089=VERTEX_POINT('',#14053);
#4090=VERTEX_POINT('',#14055);
#4091=VERTEX_POINT('',#14057);
#4092=VERTEX_POINT('',#14062);
#4093=VERTEX_POINT('',#14063);
#4094=VERTEX_POINT('',#14097);
#4095=VERTEX_POINT('',#14114);
#4096=VERTEX_POINT('',#14116);
#4097=VERTEX_POINT('',#14181);
#4098=VERTEX_POINT('',#14183);
#4099=VERTEX_POINT('',#14185);
#4100=VERTEX_POINT('',#14187);
#4101=VERTEX_POINT('',#14200);
#4102=VERTEX_POINT('',#14202);
#4103=VERTEX_POINT('',#14204);
#4104=VERTEX_POINT('',#14208);
#4105=VERTEX_POINT('',#14212);
#4106=VERTEX_POINT('',#14216);
#4107=VERTEX_POINT('',#14218);
#4108=VERTEX_POINT('',#14224);
#4109=VERTEX_POINT('',#14230);
#4110=VERTEX_POINT('',#14232);
#4111=VERTEX_POINT('',#14236);
#4112=VERTEX_POINT('',#14240);
#4113=VERTEX_POINT('',#14244);
#4114=VERTEX_POINT('',#14250);
#4115=VERTEX_POINT('',#14253);
#4116=VERTEX_POINT('',#14295);
#4117=VERTEX_POINT('',#14297);
#4118=VERTEX_POINT('',#14299);
#4119=VERTEX_POINT('',#14301);
#4120=VERTEX_POINT('',#14318);
#4121=VERTEX_POINT('',#14320);
#4122=VERTEX_POINT('',#14331);
#4123=VERTEX_POINT('',#14333);
#4124=VERTEX_POINT('',#14335);
#4125=VERTEX_POINT('',#14337);
#4126=VERTEX_POINT('',#14339);
#4127=VERTEX_POINT('',#14343);
#4128=VERTEX_POINT('',#14347);
#4129=VERTEX_POINT('',#14351);
#4130=VERTEX_POINT('',#14353);
#4131=VERTEX_POINT('',#14357);
#4132=VERTEX_POINT('',#14358);
#4133=VERTEX_POINT('',#14361);
#4134=VERTEX_POINT('',#14363);
#4135=VERTEX_POINT('',#14365);
#4136=VERTEX_POINT('',#14367);
#4137=VERTEX_POINT('',#14369);
#4138=VERTEX_POINT('',#14371);
#4139=VERTEX_POINT('',#14373);
#4140=VERTEX_POINT('',#14377);
#4141=VERTEX_POINT('',#14379);
#4142=VERTEX_POINT('',#14383);
#4143=VERTEX_POINT('',#14389);
#4144=VERTEX_POINT('',#14391);
#4145=VERTEX_POINT('',#14393);
#4146=VERTEX_POINT('',#14404);
#4147=VERTEX_POINT('',#14406);
#4148=VERTEX_POINT('',#14423);
#4149=VERTEX_POINT('',#14425);
#4150=VERTEX_POINT('',#14427);
#4151=VERTEX_POINT('',#14429);
#4152=VERTEX_POINT('',#14431);
#4153=VERTEX_POINT('',#14435);
#4154=VERTEX_POINT('',#14439);
#4155=VERTEX_POINT('',#14443);
#4156=VERTEX_POINT('',#14445);
#4157=VERTEX_POINT('',#14449);
#4158=VERTEX_POINT('',#14450);
#4159=VERTEX_POINT('',#14452);
#4160=VERTEX_POINT('',#14455);
#4161=VERTEX_POINT('',#14457);
#4162=VERTEX_POINT('',#14459);
#4163=VERTEX_POINT('',#14461);
#4164=VERTEX_POINT('',#14463);
#4165=VERTEX_POINT('',#14474);
#4166=VERTEX_POINT('',#14487);
#4167=VERTEX_POINT('',#14489);
#4168=VERTEX_POINT('',#14517);
#4169=VERTEX_POINT('',#14521);
#4170=VERTEX_POINT('',#14523);
#4171=VERTEX_POINT('',#14527);
#4172=VERTEX_POINT('',#14531);
#4173=VERTEX_POINT('',#14533);
#4174=VERTEX_POINT('',#14537);
#4175=VERTEX_POINT('',#14541);
#4176=VERTEX_POINT('',#14569);
#4177=VERTEX_POINT('',#14588);
#4178=VERTEX_POINT('',#14589);
#4179=VERTEX_POINT('',#14594);
#4180=VERTEX_POINT('',#14598);
#4181=VERTEX_POINT('',#14600);
#4182=VERTEX_POINT('',#14604);
#4183=VERTEX_POINT('',#14606);
#4184=VERTEX_POINT('',#14610);
#4185=VERTEX_POINT('',#14616);
#4186=VERTEX_POINT('',#14644);
#4187=VERTEX_POINT('',#14660);
#4188=VERTEX_POINT('',#14661);
#4189=VERTEX_POINT('',#14663);
#4190=VERTEX_POINT('',#14668);
#4191=VERTEX_POINT('',#14670);
#4192=VERTEX_POINT('',#14686);
#4193=VERTEX_POINT('',#14687);
#4194=VERTEX_POINT('',#14734);
#4195=VERTEX_POINT('',#14738);
#4196=VERTEX_POINT('',#14740);
#4197=VERTEX_POINT('',#14742);
#4198=VERTEX_POINT('',#14759);
#4199=VERTEX_POINT('',#14762);
#4200=VERTEX_POINT('',#14777);
#4201=VERTEX_POINT('',#14779);
#4202=VERTEX_POINT('',#14781);
#4203=VERTEX_POINT('',#14798);
#4204=VERTEX_POINT('',#14800);
#4205=VERTEX_POINT('',#14802);
#4206=VERTEX_POINT('',#14816);
#4207=VERTEX_POINT('',#14819);
#4208=VERTEX_POINT('',#14821);
#4209=VERTEX_POINT('',#14840);
#4210=VERTEX_POINT('',#14844);
#4211=VERTEX_POINT('',#14848);
#4212=VERTEX_POINT('',#14849);
#4213=VERTEX_POINT('',#14854);
#4214=VERTEX_POINT('',#14856);
#4215=VERTEX_POINT('',#14887);
#4216=VERTEX_POINT('',#14893);
#4217=VERTEX_POINT('',#14897);
#4218=VERTEX_POINT('',#14957);
#4219=VERTEX_POINT('',#14959);
#4220=VERTEX_POINT('',#14977);
#4221=VERTEX_POINT('',#14981);
#4222=VERTEX_POINT('',#14985);
#4223=VERTEX_POINT('',#14986);
#4224=VERTEX_POINT('',#14991);
#4225=VERTEX_POINT('',#14995);
#4226=VERTEX_POINT('',#14996);
#4227=VERTEX_POINT('',#15025);
#4228=VERTEX_POINT('',#15027);
#4229=VERTEX_POINT('',#15043);
#4230=VERTEX_POINT('',#15044);
#4231=VERTEX_POINT('',#15046);
#4232=VERTEX_POINT('',#15048);
#4233=VERTEX_POINT('',#15065);
#4234=VERTEX_POINT('',#15068);
#4235=VERTEX_POINT('',#15075);
#4236=VERTEX_POINT('',#15079);
#4237=VERTEX_POINT('',#15107);
#4238=VERTEX_POINT('',#15111);
#4239=VERTEX_POINT('',#15119);
#4240=VERTEX_POINT('',#15123);
#4241=VERTEX_POINT('',#15129);
#4242=VERTEX_POINT('',#15133);
#4243=VERTEX_POINT('',#15135);
#4244=VERTEX_POINT('',#15143);
#4245=VERTEX_POINT('',#15168);
#4246=VERTEX_POINT('',#15174);
#4247=VERTEX_POINT('',#15206);
#4248=VERTEX_POINT('',#15210);
#4249=VERTEX_POINT('',#15211);
#4250=VERTEX_POINT('',#15242);
#4251=VERTEX_POINT('',#15270);
#4252=VERTEX_POINT('',#15274);
#4253=VERTEX_POINT('',#15278);
#4254=VERTEX_POINT('',#15282);
#4255=VERTEX_POINT('',#15310);
#4256=VERTEX_POINT('',#15312);
#4257=VERTEX_POINT('',#15335);
#4258=VERTEX_POINT('',#15341);
#4259=VERTEX_POINT('',#15374);
#4260=VERTEX_POINT('',#15376);
#4261=VERTEX_POINT('',#15422);
#4262=VERTEX_POINT('',#15426);
#4263=VERTEX_POINT('',#15430);
#4264=VERTEX_POINT('',#15434);
#4265=VERTEX_POINT('',#15438);
#4266=VERTEX_POINT('',#15442);
#4267=VERTEX_POINT('',#15446);
#4268=VERTEX_POINT('',#15452);
#4269=VERTEX_POINT('',#15456);
#4270=VERTEX_POINT('',#15458);
#4271=VERTEX_POINT('',#15464);
#4272=VERTEX_POINT('',#15468);
#4273=VERTEX_POINT('',#15472);
#4274=VERTEX_POINT('',#15476);
#4275=VERTEX_POINT('',#15478);
#4276=VERTEX_POINT('',#15483);
#4277=VERTEX_POINT('',#15485);
#4278=VERTEX_POINT('',#15507);
#4279=VERTEX_POINT('',#15511);
#4280=VERTEX_POINT('',#15515);
#4281=VERTEX_POINT('',#15528);
#4282=VERTEX_POINT('',#15530);
#4283=VERTEX_POINT('',#15534);
#4284=VERTEX_POINT('',#15572);
#4285=VERTEX_POINT('',#15578);
#4286=VERTEX_POINT('',#15580);
#4287=VERTEX_POINT('',#15622);
#4288=VERTEX_POINT('',#15623);
#4289=VERTEX_POINT('',#15625);
#4290=VERTEX_POINT('',#15630);
#4291=VERTEX_POINT('',#15632);
#4292=VERTEX_POINT('',#15636);
#4293=VERTEX_POINT('',#15644);
#4294=VERTEX_POINT('',#15645);
#4295=VERTEX_POINT('',#15647);
#4296=VERTEX_POINT('',#15649);
#4297=VERTEX_POINT('',#15651);
#4298=VERTEX_POINT('',#15653);
#4299=VERTEX_POINT('',#15657);
#4300=VERTEX_POINT('',#15658);
#4301=VERTEX_POINT('',#15666);
#4302=VERTEX_POINT('',#15670);
#4303=VERTEX_POINT('',#15674);
#4304=VERTEX_POINT('',#15684);
#4305=VERTEX_POINT('',#15693);
#4306=VERTEX_POINT('',#15697);
#4307=VERTEX_POINT('',#15701);
#4308=VERTEX_POINT('',#15705);
#4309=VERTEX_POINT('',#15707);
#4310=VERTEX_POINT('',#15709);
#4311=VERTEX_POINT('',#15713);
#4312=VERTEX_POINT('',#15717);
#4313=VERTEX_POINT('',#15723);
#4314=VERTEX_POINT('',#15727);
#4315=VERTEX_POINT('',#15733);
#4316=VERTEX_POINT('',#15739);
#4317=VERTEX_POINT('',#15755);
#4318=VERTEX_POINT('',#15756);
#4319=VERTEX_POINT('',#15764);
#4320=VERTEX_POINT('',#15769);
#4321=VERTEX_POINT('',#15778);
#4322=VERTEX_POINT('',#15779);
#4323=VERTEX_POINT('',#15784);
#4324=VERTEX_POINT('',#15789);
#4325=VERTEX_POINT('',#15794);
#4326=VERTEX_POINT('',#15799);
#4327=VERTEX_POINT('',#15804);
#4328=VERTEX_POINT('',#15809);
#4329=VERTEX_POINT('',#15852);
#4330=VERTEX_POINT('',#15854);
#4331=VERTEX_POINT('',#15868);
#4332=VERTEX_POINT('',#15882);
#4333=VERTEX_POINT('',#15896);
#4334=VERTEX_POINT('',#15910);
#4335=VERTEX_POINT('',#15924);
#4336=VERTEX_POINT('',#15938);
#4337=VERTEX_POINT('',#15958);
#4338=VERTEX_POINT('',#15959);
#4339=VERTEX_POINT('',#15964);
#4340=VERTEX_POINT('',#15966);
#4341=VERTEX_POINT('',#15968);
#4342=VERTEX_POINT('',#15970);
#4343=VERTEX_POINT('',#15972);
#4344=VERTEX_POINT('',#15974);
#4345=VERTEX_POINT('',#15976);
#4346=VERTEX_POINT('',#15978);
#4347=VERTEX_POINT('',#15980);
#4348=VERTEX_POINT('',#15982);
#4349=VERTEX_POINT('',#15984);
#4350=VERTEX_POINT('',#16011);
#4351=VERTEX_POINT('',#16012);
#4352=VERTEX_POINT('',#16017);
#4353=VERTEX_POINT('',#16019);
#4354=VERTEX_POINT('',#16021);
#4355=VERTEX_POINT('',#16023);
#4356=VERTEX_POINT('',#16025);
#4357=VERTEX_POINT('',#16027);
#4358=VERTEX_POINT('',#16029);
#4359=VERTEX_POINT('',#16031);
#4360=VERTEX_POINT('',#16033);
#4361=VERTEX_POINT('',#16035);
#4362=VERTEX_POINT('',#16060);
#4363=VERTEX_POINT('',#16061);
#4364=VERTEX_POINT('',#16066);
#4365=VERTEX_POINT('',#16068);
#4366=VERTEX_POINT('',#16070);
#4367=VERTEX_POINT('',#16072);
#4368=VERTEX_POINT('',#16074);
#4369=VERTEX_POINT('',#16076);
#4370=VERTEX_POINT('',#16081);
#4371=VERTEX_POINT('',#16083);
#4372=VERTEX_POINT('',#16085);
#4373=VERTEX_POINT('',#16115);
#4374=VERTEX_POINT('',#16117);
#4375=VERTEX_POINT('',#16119);
#4376=VERTEX_POINT('',#16123);
#4377=VERTEX_POINT('',#16125);
#4378=VERTEX_POINT('',#16129);
#4379=VERTEX_POINT('',#16136);
#4380=VERTEX_POINT('',#16152);
#4381=VERTEX_POINT('',#16154);
#4382=VERTEX_POINT('',#16156);
#4383=VERTEX_POINT('',#16160);
#4384=VERTEX_POINT('',#16162);
#4385=VERTEX_POINT('',#16166);
#4386=VERTEX_POINT('',#16173);
#4387=VERTEX_POINT('',#16200);
#4388=VERTEX_POINT('',#16201);
#4389=VERTEX_POINT('',#16211);
#4390=VERTEX_POINT('',#16212);
#4391=VERTEX_POINT('',#16217);
#4392=VERTEX_POINT('',#16228);
#4393=VERTEX_POINT('',#16239);
#4394=VERTEX_POINT('',#16240);
#4395=VERTEX_POINT('',#16245);
#4396=VERTEX_POINT('',#16250);
#4397=VERTEX_POINT('',#16319);
#4398=VERTEX_POINT('',#16321);
#4399=VERTEX_POINT('',#16335);
#4400=VERTEX_POINT('',#16349);
#4401=VERTEX_POINT('',#16376);
#4402=VERTEX_POINT('',#16377);
#4403=VERTEX_POINT('',#16385);
#4404=VERTEX_POINT('',#16386);
#4405=VERTEX_POINT('',#16388);
#4406=VERTEX_POINT('',#16390);
#4407=VERTEX_POINT('',#16392);
#4408=VERTEX_POINT('',#16395);
#4409=VERTEX_POINT('',#16400);
#4410=VERTEX_POINT('',#16409);
#4411=VERTEX_POINT('',#16410);
#4412=VERTEX_POINT('',#16412);
#4413=VERTEX_POINT('',#16417);
#4414=VERTEX_POINT('',#16422);
#4415=VERTEX_POINT('',#16430);
#4416=VERTEX_POINT('',#16470);
#4417=VERTEX_POINT('',#16472);
#4418=VERTEX_POINT('',#16483);
#4419=VERTEX_POINT('',#16497);
#4420=VERTEX_POINT('',#16517);
#4421=VERTEX_POINT('',#16527);
#4422=VERTEX_POINT('',#16534);
#4423=VERTEX_POINT('',#16535);
#4424=VERTEX_POINT('',#16540);
#4425=VERTEX_POINT('',#16541);
#4426=VERTEX_POINT('',#16543);
#4427=VERTEX_POINT('',#16545);
#4428=VERTEX_POINT('',#16548);
#4429=VERTEX_POINT('',#16553);
#4430=VERTEX_POINT('',#16558);
#4431=VERTEX_POINT('',#16567);
#4432=VERTEX_POINT('',#16568);
#4433=VERTEX_POINT('',#16570);
#4434=VERTEX_POINT('',#16575);
#4435=VERTEX_POINT('',#16580);
#4436=VERTEX_POINT('',#16588);
#4437=VERTEX_POINT('',#16635);
#4438=VERTEX_POINT('',#16637);
#4439=VERTEX_POINT('',#16648);
#4440=VERTEX_POINT('',#16662);
#4441=VERTEX_POINT('',#16682);
#4442=VERTEX_POINT('',#16692);
#4443=VERTEX_POINT('',#16699);
#4444=VERTEX_POINT('',#16700);
#4445=VERTEX_POINT('',#16705);
#4446=VERTEX_POINT('',#16706);
#4447=VERTEX_POINT('',#16708);
#4448=VERTEX_POINT('',#16710);
#4449=VERTEX_POINT('',#16712);
#4450=VERTEX_POINT('',#16715);
#4451=VERTEX_POINT('',#16743);
#4452=VERTEX_POINT('',#16744);
#4453=VERTEX_POINT('',#16754);
#4454=VERTEX_POINT('',#16755);
#4455=VERTEX_POINT('',#16760);
#4456=VERTEX_POINT('',#16771);
#4457=VERTEX_POINT('',#16782);
#4458=VERTEX_POINT('',#16783);
#4459=VERTEX_POINT('',#16788);
#4460=VERTEX_POINT('',#16793);
#4461=VERTEX_POINT('',#16862);
#4462=VERTEX_POINT('',#16864);
#4463=VERTEX_POINT('',#16878);
#4464=VERTEX_POINT('',#16892);
#4465=VERTEX_POINT('',#16912);
#4466=VERTEX_POINT('',#16913);
#4467=VERTEX_POINT('',#16918);
#4468=VERTEX_POINT('',#16919);
#4469=VERTEX_POINT('',#16921);
#4470=VERTEX_POINT('',#16923);
#4471=VERTEX_POINT('',#16925);
#4472=VERTEX_POINT('',#16928);
#4473=VERTEX_POINT('',#16945);
#4474=VERTEX_POINT('',#16946);
#4475=VERTEX_POINT('',#16951);
#4476=VERTEX_POINT('',#16953);
#4477=VERTEX_POINT('',#16955);
#4478=VERTEX_POINT('',#16957);
#4479=VERTEX_POINT('',#16959);
#4480=VERTEX_POINT('',#16974);
#4481=VERTEX_POINT('',#16975);
#4482=VERTEX_POINT('',#16980);
#4483=VERTEX_POINT('',#16982);
#4484=VERTEX_POINT('',#16984);
#4485=VERTEX_POINT('',#16986);
#4486=VERTEX_POINT('',#16988);
#4487=VERTEX_POINT('',#17004);
#4488=VERTEX_POINT('',#17005);
#4489=VERTEX_POINT('',#17007);
#4490=VERTEX_POINT('',#17009);
#4491=VERTEX_POINT('',#17011);
#4492=VERTEX_POINT('',#17013);
#4493=VERTEX_POINT('',#17015);
#4494=VERTEX_POINT('',#17017);
#4495=VERTEX_POINT('',#17019);
#4496=VERTEX_POINT('',#17021);
#4497=VERTEX_POINT('',#17023);
#4498=VERTEX_POINT('',#17025);
#4499=VERTEX_POINT('',#17027);
#4500=VERTEX_POINT('',#17029);
#4501=VERTEX_POINT('',#17033);
#4502=VERTEX_POINT('',#17035);
#4503=VERTEX_POINT('',#17039);
#4504=VERTEX_POINT('',#17043);
#4505=VERTEX_POINT('',#17045);
#4506=VERTEX_POINT('',#17047);
#4507=VERTEX_POINT('',#17051);
#4508=VERTEX_POINT('',#17053);
#4509=VERTEX_POINT('',#17055);
#4510=VERTEX_POINT('',#17057);
#4511=VERTEX_POINT('',#17059);
#4512=VERTEX_POINT('',#17063);
#4513=VERTEX_POINT('',#17065);
#4514=VERTEX_POINT('',#17067);
#4515=VERTEX_POINT('',#17071);
#4516=VERTEX_POINT('',#17074);
#4517=VERTEX_POINT('',#17075);
#4518=VERTEX_POINT('',#17077);
#4519=VERTEX_POINT('',#17079);
#4520=VERTEX_POINT('',#17083);
#4521=VERTEX_POINT('',#17087);
#4522=VERTEX_POINT('',#17090);
#4523=VERTEX_POINT('',#17091);
#4524=VERTEX_POINT('',#17093);
#4525=VERTEX_POINT('',#17095);
#4526=VERTEX_POINT('',#17098);
#4527=VERTEX_POINT('',#17099);
#4528=VERTEX_POINT('',#17101);
#4529=VERTEX_POINT('',#17103);
#4530=VERTEX_POINT('',#17107);
#4531=VERTEX_POINT('',#17109);
#4532=VERTEX_POINT('',#17111);
#4533=VERTEX_POINT('',#17113);
#4534=VERTEX_POINT('',#17117);
#4535=VERTEX_POINT('',#17121);
#4536=VERTEX_POINT('',#17123);
#4537=VERTEX_POINT('',#17125);
#4538=VERTEX_POINT('',#17127);
#4539=VERTEX_POINT('',#17129);
#4540=VERTEX_POINT('',#17131);
#4541=VERTEX_POINT('',#17134);
#4542=VERTEX_POINT('',#17136);
#4543=VERTEX_POINT('',#17138);
#4544=VERTEX_POINT('',#17140);
#4545=VERTEX_POINT('',#17142);
#4546=VERTEX_POINT('',#17144);
#4547=VERTEX_POINT('',#17146);
#4548=VERTEX_POINT('',#17148);
#4549=VERTEX_POINT('',#17150);
#4550=VERTEX_POINT('',#17152);
#4551=VERTEX_POINT('',#17154);
#4552=VERTEX_POINT('',#17158);
#4553=VERTEX_POINT('',#17164);
#4554=VERTEX_POINT('',#17168);
#4555=VERTEX_POINT('',#17169);
#4556=VERTEX_POINT('',#17171);
#4557=VERTEX_POINT('',#17173);
#4558=VERTEX_POINT('',#17175);
#4559=VERTEX_POINT('',#17177);
#4560=VERTEX_POINT('',#17179);
#4561=VERTEX_POINT('',#17181);
#4562=VERTEX_POINT('',#17183);
#4563=VERTEX_POINT('',#17222);
#4564=VERTEX_POINT('',#17224);
#4565=VERTEX_POINT('',#17228);
#4566=VERTEX_POINT('',#17232);
#4567=VERTEX_POINT('',#17248);
#4568=VERTEX_POINT('',#17249);
#4569=VERTEX_POINT('',#17251);
#4570=VERTEX_POINT('',#17253);
#4571=VERTEX_POINT('',#17255);
#4572=VERTEX_POINT('',#17257);
#4573=VERTEX_POINT('',#17259);
#4574=VERTEX_POINT('',#17261);
#4575=VERTEX_POINT('',#17265);
#4576=VERTEX_POINT('',#17267);
#4577=VERTEX_POINT('',#17269);
#4578=VERTEX_POINT('',#17271);
#4579=VERTEX_POINT('',#17273);
#4580=VERTEX_POINT('',#17275);
#4581=VERTEX_POINT('',#17277);
#4582=VERTEX_POINT('',#17279);
#4583=VERTEX_POINT('',#17281);
#4584=VERTEX_POINT('',#17283);
#4585=VERTEX_POINT('',#17287);
#4586=VERTEX_POINT('',#17289);
#4587=VERTEX_POINT('',#17291);
#4588=VERTEX_POINT('',#17293);
#4589=VERTEX_POINT('',#17297);
#4590=VERTEX_POINT('',#17301);
#4591=VERTEX_POINT('',#17303);
#4592=VERTEX_POINT('',#17305);
#4593=VERTEX_POINT('',#17307);
#4594=VERTEX_POINT('',#17309);
#4595=VERTEX_POINT('',#17311);
#4596=VERTEX_POINT('',#17314);
#4597=VERTEX_POINT('',#17318);
#4598=VERTEX_POINT('',#17322);
#4599=VERTEX_POINT('',#17324);
#4600=VERTEX_POINT('',#17326);
#4601=VERTEX_POINT('',#17330);
#4602=VERTEX_POINT('',#17342);
#4603=VERTEX_POINT('',#17344);
#4604=VERTEX_POINT('',#17346);
#4605=VERTEX_POINT('',#17350);
#4606=VERTEX_POINT('',#17351);
#4607=VERTEX_POINT('',#17355);
#4608=VERTEX_POINT('',#17359);
#4609=VERTEX_POINT('',#17361);
#4610=VERTEX_POINT('',#17363);
#4611=VERTEX_POINT('',#17365);
#4612=VERTEX_POINT('',#17367);
#4613=VERTEX_POINT('',#17369);
#4614=VERTEX_POINT('',#17377);
#4615=VERTEX_POINT('',#17379);
#4616=VERTEX_POINT('',#17381);
#4617=VERTEX_POINT('',#17383);
#4618=VERTEX_POINT('',#17385);
#4619=VERTEX_POINT('',#17387);
#4620=VERTEX_POINT('',#17389);
#4621=VERTEX_POINT('',#17391);
#4622=VERTEX_POINT('',#17393);
#4623=VERTEX_POINT('',#17395);
#4624=VERTEX_POINT('',#17397);
#4625=VERTEX_POINT('',#17401);
#4626=VERTEX_POINT('',#17405);
#4627=VERTEX_POINT('',#17406);
#4628=VERTEX_POINT('',#17408);
#4629=VERTEX_POINT('',#17410);
#4630=VERTEX_POINT('',#17412);
#4631=VERTEX_POINT('',#17415);
#4632=VERTEX_POINT('',#17417);
#4633=VERTEX_POINT('',#17419);
#4634=VERTEX_POINT('',#17421);
#4635=VERTEX_POINT('',#17423);
#4636=VERTEX_POINT('',#17425);
#4637=VERTEX_POINT('',#17429);
#4638=VERTEX_POINT('',#17431);
#4639=VERTEX_POINT('',#17435);
#4640=VERTEX_POINT('',#17437);
#4641=VERTEX_POINT('',#17439);
#4642=VERTEX_POINT('',#17443);
#4643=VERTEX_POINT('',#17447);
#4644=VERTEX_POINT('',#17451);
#4645=VERTEX_POINT('',#17455);
#4646=VERTEX_POINT('',#17461);
#4647=VERTEX_POINT('',#17463);
#4648=VERTEX_POINT('',#17467);
#4649=VERTEX_POINT('',#17469);
#4650=VERTEX_POINT('',#17475);
#4651=VERTEX_POINT('',#17477);
#4652=VERTEX_POINT('',#17479);
#4653=VERTEX_POINT('',#17481);
#4654=VERTEX_POINT('',#17483);
#4655=VERTEX_POINT('',#17485);
#4656=VERTEX_POINT('',#17487);
#4657=VERTEX_POINT('',#17489);
#4658=VERTEX_POINT('',#17491);
#4659=VERTEX_POINT('',#17493);
#4660=VERTEX_POINT('',#17495);
#4661=VERTEX_POINT('',#17497);
#4662=VERTEX_POINT('',#17501);
#4663=VERTEX_POINT('',#17505);
#4664=VERTEX_POINT('',#17507);
#4665=VERTEX_POINT('',#17509);
#4666=VERTEX_POINT('',#17511);
#4667=VERTEX_POINT('',#17513);
#4668=VERTEX_POINT('',#17515);
#4669=VERTEX_POINT('',#17517);
#4670=VERTEX_POINT('',#17519);
#4671=VERTEX_POINT('',#17521);
#4672=VERTEX_POINT('',#17523);
#4673=VERTEX_POINT('',#17525);
#4674=VERTEX_POINT('',#17530);
#4675=VERTEX_POINT('',#17539);
#4676=VERTEX_POINT('',#17540);
#4677=VERTEX_POINT('',#17542);
#4678=VERTEX_POINT('',#17545);
#4679=VERTEX_POINT('',#17549);
#4680=VERTEX_POINT('',#17551);
#4681=VERTEX_POINT('',#17553);
#4682=VERTEX_POINT('',#17556);
#4683=VERTEX_POINT('',#17558);
#4684=VERTEX_POINT('',#17562);
#4685=VERTEX_POINT('',#17564);
#4686=VERTEX_POINT('',#17568);
#4687=VERTEX_POINT('',#17572);
#4688=VERTEX_POINT('',#17575);
#4689=VERTEX_POINT('',#17576);
#4690=VERTEX_POINT('',#17578);
#4691=VERTEX_POINT('',#17580);
#4692=VERTEX_POINT('',#17595);
#4693=VERTEX_POINT('',#17597);
#4694=VERTEX_POINT('',#17601);
#4695=VERTEX_POINT('',#17605);
#4696=VERTEX_POINT('',#17606);
#4697=VERTEX_POINT('',#17614);
#4698=VERTEX_POINT('',#17616);
#4699=VERTEX_POINT('',#17618);
#4700=VERTEX_POINT('',#17620);
#4701=VERTEX_POINT('',#17622);
#4702=VERTEX_POINT('',#17624);
#4703=VERTEX_POINT('',#17627);
#4704=VERTEX_POINT('',#17628);
#4705=VERTEX_POINT('',#17630);
#4706=VERTEX_POINT('',#17632);
#4707=VERTEX_POINT('',#17634);
#4708=VERTEX_POINT('',#17636);
#4709=VERTEX_POINT('',#17638);
#4710=VERTEX_POINT('',#17640);
#4711=VERTEX_POINT('',#17645);
#4712=VERTEX_POINT('',#17649);
#4713=VERTEX_POINT('',#17651);
#4714=VERTEX_POINT('',#17653);
#4715=VERTEX_POINT('',#17655);
#4716=VERTEX_POINT('',#17657);
#4717=VERTEX_POINT('',#17660);
#4718=VERTEX_POINT('',#17661);
#4719=VERTEX_POINT('',#17663);
#4720=VERTEX_POINT('',#17665);
#4721=VERTEX_POINT('',#17667);
#4722=VERTEX_POINT('',#17669);
#4723=VERTEX_POINT('',#17671);
#4724=VERTEX_POINT('',#17673);
#4725=VERTEX_POINT('',#17689);
#4726=VERTEX_POINT('',#17712);
#4727=VERTEX_POINT('',#17742);
#4728=VERTEX_POINT('',#17744);
#4729=VERTEX_POINT('',#17748);
#4730=VERTEX_POINT('',#17752);
#4731=EDGE_CURVE('',#3843,#3844,#1979,.T.);
#4732=EDGE_CURVE('',#3844,#3845,#1980,.T.);
#4733=EDGE_CURVE('',#3846,#3845,#1981,.T.);
#4734=EDGE_CURVE('',#3847,#3846,#1982,.T.);
#4735=EDGE_CURVE('',#3847,#3848,#1670,.T.);
#4736=EDGE_CURVE('',#3848,#3843,#1983,.T.);
#4737=EDGE_CURVE('',#3849,#3850,#1984,.T.);
#4738=EDGE_CURVE('',#3849,#3851,#1985,.T.);
#4739=EDGE_CURVE('',#3851,#3852,#1671,.T.);
#4740=EDGE_CURVE('',#3852,#3853,#1986,.T.);
#4741=EDGE_CURVE('',#3854,#3853,#1987,.T.);
#4742=EDGE_CURVE('',#3854,#3855,#1988,.T.);
#4743=EDGE_CURVE('',#3855,#3856,#1672,.T.);
#4744=EDGE_CURVE('',#3856,#3857,#1989,.T.);
#4745=EDGE_CURVE('',#3858,#3857,#1990,.T.);
#4746=EDGE_CURVE('',#3844,#3858,#1991,.T.);
#4747=EDGE_CURVE('',#3843,#3859,#1992,.T.);
#4748=EDGE_CURVE('',#3860,#3859,#1993,.T.);
#4749=EDGE_CURVE('',#3850,#3860,#1994,.T.);
#4750=EDGE_CURVE('',#3850,#3861,#1995,.T.);
#4751=EDGE_CURVE('',#3862,#3861,#1996,.T.);
#4752=EDGE_CURVE('',#3863,#3862,#1997,.T.);
#4753=EDGE_CURVE('',#3863,#3864,#1673,.T.);
#4754=EDGE_CURVE('',#3864,#3849,#1998,.T.);
#4755=EDGE_CURVE('',#3865,#3864,#1999,.T.);
#4756=EDGE_CURVE('',#3866,#3865,#2000,.T.);
#4757=EDGE_CURVE('',#3867,#3866,#2001,.T.);
#4758=EDGE_CURVE('',#3868,#3867,#2002,.T.);
#4759=EDGE_CURVE('',#3869,#3868,#2003,.T.);
#4760=EDGE_CURVE('',#3859,#3869,#2004,.T.);
#4761=EDGE_CURVE('',#3870,#3848,#2005,.T.);
#4762=EDGE_CURVE('',#3871,#3870,#2006,.T.);
#4763=EDGE_CURVE('',#3872,#3871,#2007,.T.);
#4764=EDGE_CURVE('',#3873,#3872,#2008,.T.);
#4765=EDGE_CURVE('',#3874,#3873,#2009,.T.);
#4766=EDGE_CURVE('',#3857,#3874,#2010,.T.);
#4767=EDGE_CURVE('',#3875,#3856,#2011,.T.);
#4768=EDGE_CURVE('',#3876,#3875,#2012,.T.);
#4769=EDGE_CURVE('',#3851,#3876,#2013,.T.);
#4770=EDGE_CURVE('',#3877,#3878,#395,.T.);
#4771=EDGE_CURVE('',#3878,#3879,#396,.T.);
#4772=EDGE_CURVE('',#3879,#3880,#397,.T.);
#4773=EDGE_CURVE('',#3880,#3881,#398,.T.);
#4774=EDGE_CURVE('',#3881,#3882,#399,.T.);
#4775=EDGE_CURVE('',#3882,#3877,#400,.T.);
#4776=EDGE_CURVE('',#3883,#3884,#401,.T.);
#4777=EDGE_CURVE('',#3885,#3884,#2014,.T.);
#4778=EDGE_CURVE('',#3886,#3885,#2015,.T.);
#4779=EDGE_CURVE('',#3887,#3886,#2016,.T.);
#4780=EDGE_CURVE('',#3888,#3887,#2017,.T.);
#4781=EDGE_CURVE('',#3889,#3888,#2018,.T.);
#4782=EDGE_CURVE('',#3889,#3890,#402,.T.);
#4783=EDGE_CURVE('',#3890,#3891,#403,.T.);
#4784=EDGE_CURVE('',#3891,#3883,#404,.T.);
#4785=EDGE_CURVE('',#3892,#3893,#2019,.T.);
#4786=EDGE_CURVE('',#3894,#3892,#2020,.T.);
#4787=EDGE_CURVE('',#3895,#3894,#2021,.T.);
#4788=EDGE_CURVE('',#3896,#3895,#2022,.T.);
#4789=EDGE_CURVE('',#3897,#3896,#2023,.T.);
#4790=EDGE_CURVE('',#3897,#3898,#405,.T.);
#4791=EDGE_CURVE('',#3898,#3899,#406,.T.);
#4792=EDGE_CURVE('',#3899,#3900,#407,.T.);
#4793=EDGE_CURVE('',#3900,#3893,#408,.T.);
#4794=EDGE_CURVE('',#3901,#3902,#2024,.T.);
#4795=EDGE_CURVE('',#3903,#3901,#2025,.T.);
#4796=EDGE_CURVE('',#3904,#3903,#2026,.T.);
#4797=EDGE_CURVE('',#3905,#3904,#2027,.T.);
#4798=EDGE_CURVE('',#3906,#3905,#2028,.T.);
#4799=EDGE_CURVE('',#3907,#3906,#2029,.T.);
#4800=EDGE_CURVE('',#3908,#3907,#2030,.T.);
#4801=EDGE_CURVE('',#3902,#3908,#2031,.T.);
#4802=EDGE_CURVE('',#3909,#3910,#409,.T.);
#4803=EDGE_CURVE('',#3910,#3911,#410,.T.);
#4804=EDGE_CURVE('',#3911,#3912,#411,.T.);
#4805=EDGE_CURVE('',#3912,#3913,#412,.T.);
#4806=EDGE_CURVE('',#3913,#3914,#413,.T.);
#4807=EDGE_CURVE('',#3914,#3909,#414,.T.);
#4808=EDGE_CURVE('',#3915,#3916,#2032,.T.);
#4809=EDGE_CURVE('',#3917,#3915,#2033,.T.);
#4810=EDGE_CURVE('',#3918,#3917,#2034,.T.);
#4811=EDGE_CURVE('',#3919,#3918,#2035,.T.);
#4812=EDGE_CURVE('',#3920,#3919,#2036,.T.);
#4813=EDGE_CURVE('',#3921,#3920,#2037,.T.);
#4814=EDGE_CURVE('',#3922,#3921,#2038,.T.);
#4815=EDGE_CURVE('',#3916,#3922,#2039,.T.);
#4816=EDGE_CURVE('',#3923,#3924,#2040,.T.);
#4817=EDGE_CURVE('',#3923,#3925,#2041,.T.);
#4818=EDGE_CURVE('',#3925,#3926,#2042,.T.);
#4819=EDGE_CURVE('',#3927,#3926,#2043,.T.);
#4820=EDGE_CURVE('',#3928,#3927,#2044,.T.);
#4821=EDGE_CURVE('',#3929,#3928,#2045,.T.);
#4822=EDGE_CURVE('',#3924,#3929,#2046,.T.);
#4823=EDGE_CURVE('',#3930,#3931,#2047,.T.);
#4824=EDGE_CURVE('',#3930,#3932,#2048,.T.);
#4825=EDGE_CURVE('',#3932,#3933,#2049,.T.);
#4826=EDGE_CURVE('',#3934,#3933,#2050,.T.);
#4827=EDGE_CURVE('',#3935,#3934,#2051,.T.);
#4828=EDGE_CURVE('',#3936,#3935,#2052,.T.);
#4829=EDGE_CURVE('',#3931,#3936,#2053,.T.);
#4830=EDGE_CURVE('',#3937,#3938,#2054,.T.);
#4831=EDGE_CURVE('',#3937,#3939,#1674,.T.);
#4832=EDGE_CURVE('',#3940,#3939,#2055,.T.);
#4833=EDGE_CURVE('',#3938,#3940,#1675,.T.);
#4834=EDGE_CURVE('',#3876,#3941,#415,.T.);
#4835=EDGE_CURVE('',#3941,#3942,#416,.T.);
#4836=EDGE_CURVE('',#3942,#3852,#2056,.T.);
#4837=EDGE_CURVE('',#3943,#3944,#2057,.T.);
#4838=EDGE_CURVE('',#3945,#3943,#2058,.T.);
#4839=EDGE_CURVE('',#3946,#3945,#1676,.T.);
#4840=EDGE_CURVE('',#3947,#3946,#2059,.T.);
#4841=EDGE_CURVE('',#3947,#3948,#1677,.T.);
#4842=EDGE_CURVE('',#3949,#3948,#2060,.T.);
#4843=EDGE_CURVE('',#3949,#3950,#1678,.T.);
#4844=EDGE_CURVE('',#3853,#3950,#2061,.T.);
#4845=EDGE_CURVE('',#3942,#3951,#2062,.T.);
#4846=EDGE_CURVE('',#3952,#3951,#2063,.T.);
#4847=EDGE_CURVE('',#3952,#3953,#2064,.T.);
#4848=EDGE_CURVE('',#3954,#3953,#2065,.T.);
#4849=EDGE_CURVE('',#3954,#3944,#2066,.T.);
#4850=EDGE_CURVE('',#3955,#3956,#2067,.T.);
#4851=EDGE_CURVE('',#3957,#3955,#417,.T.);
#4852=EDGE_CURVE('',#3943,#3957,#1679,.T.);
#4853=EDGE_CURVE('',#3944,#3956,#158,.T.);
#4854=EDGE_CURVE('',#3958,#3959,#2068,.T.);
#4855=EDGE_CURVE('',#3959,#3960,#2069,.T.);
#4856=EDGE_CURVE('',#3960,#3961,#2070,.T.);
#4857=EDGE_CURVE('',#3962,#3961,#2071,.T.);
#4858=EDGE_CURVE('',#3962,#3963,#1680,.T.);
#4859=EDGE_CURVE('',#3964,#3963,#2072,.T.);
#4860=EDGE_CURVE('',#3964,#3965,#1681,.T.);
#4861=EDGE_CURVE('',#3966,#3965,#2073,.T.);
#4862=EDGE_CURVE('',#3966,#3854,#2074,.T.);
#4863=EDGE_CURVE('',#3967,#3950,#2075,.T.);
#4864=EDGE_CURVE('',#3967,#3968,#1682,.T.);
#4865=EDGE_CURVE('',#3969,#3968,#2076,.T.);
#4866=EDGE_CURVE('',#3969,#3970,#1683,.T.);
#4867=EDGE_CURVE('',#3955,#3970,#2077,.T.);
#4868=EDGE_CURVE('',#3956,#3971,#2078,.T.);
#4869=EDGE_CURVE('',#3971,#3972,#2079,.T.);
#4870=EDGE_CURVE('',#3973,#3972,#1684,.T.);
#4871=EDGE_CURVE('',#3974,#3973,#2080,.T.);
#4872=EDGE_CURVE('',#3975,#3974,#1685,.T.);
#4873=EDGE_CURVE('',#3976,#3975,#2081,.T.);
#4874=EDGE_CURVE('',#3977,#3976,#1686,.T.);
#4875=EDGE_CURVE('',#3978,#3977,#2082,.T.);
#4876=EDGE_CURVE('',#3979,#3978,#2083,.T.);
#4877=EDGE_CURVE('',#3979,#3980,#1687,.T.);
#4878=EDGE_CURVE('',#3981,#3980,#2084,.T.);
#4879=EDGE_CURVE('',#3981,#3982,#1688,.T.);
#4880=EDGE_CURVE('',#3983,#3982,#2085,.T.);
#4881=EDGE_CURVE('',#3983,#3984,#2086,.T.);
#4882=EDGE_CURVE('',#3984,#3985,#1689,.T.);
#4883=EDGE_CURVE('',#3985,#3986,#2087,.T.);
#4884=EDGE_CURVE('',#3986,#3987,#1690,.T.);
#4885=EDGE_CURVE('',#3987,#3988,#2088,.T.);
#4886=EDGE_CURVE('',#3988,#3958,#1691,.T.);
#4887=EDGE_CURVE('',#3989,#3990,#418,.T.);
#4888=EDGE_CURVE('',#3990,#3991,#419,.T.);
#4889=EDGE_CURVE('',#3991,#3992,#420,.T.);
#4890=EDGE_CURVE('',#3992,#3989,#421,.T.);
#4891=EDGE_CURVE('',#3993,#3994,#2089,.T.);
#4892=EDGE_CURVE('',#3993,#3995,#2090,.T.);
#4893=EDGE_CURVE('',#3996,#3995,#2091,.T.);
#4894=EDGE_CURVE('',#3996,#3997,#2092,.T.);
#4895=EDGE_CURVE('',#3998,#3997,#2093,.T.);
#4896=EDGE_CURVE('',#3999,#3998,#2094,.T.);
#4897=EDGE_CURVE('',#4000,#3999,#2095,.T.);
#4898=EDGE_CURVE('',#4001,#4000,#2096,.T.);
#4899=EDGE_CURVE('',#4001,#4002,#2097,.T.);
#4900=EDGE_CURVE('',#4002,#4003,#2098,.T.);
#4901=EDGE_CURVE('',#4004,#4003,#2099,.T.);
#4902=EDGE_CURVE('',#4005,#4004,#2100,.T.);
#4903=EDGE_CURVE('',#3994,#4005,#2101,.T.);
#4904=EDGE_CURVE('',#4006,#4007,#2102,.T.);
#4905=EDGE_CURVE('',#4008,#4006,#2103,.T.);
#4906=EDGE_CURVE('',#4009,#4008,#2104,.T.);
#4907=EDGE_CURVE('',#4010,#4009,#2105,.T.);
#4908=EDGE_CURVE('',#4011,#4010,#2106,.T.);
#4909=EDGE_CURVE('',#4012,#4011,#2107,.T.);
#4910=EDGE_CURVE('',#4013,#4012,#2108,.T.);
#4911=EDGE_CURVE('',#4014,#4013,#2109,.T.);
#4912=EDGE_CURVE('',#4015,#4014,#2110,.T.);
#4913=EDGE_CURVE('',#4016,#4015,#2111,.T.);
#4914=EDGE_CURVE('',#4017,#4016,#2112,.T.);
#4915=EDGE_CURVE('',#4007,#4017,#2113,.T.);
#4916=EDGE_CURVE('',#4018,#4019,#2114,.T.);
#4917=EDGE_CURVE('',#4020,#4018,#2115,.T.);
#4918=EDGE_CURVE('',#4021,#4020,#2116,.T.);
#4919=EDGE_CURVE('',#4022,#4021,#2117,.T.);
#4920=EDGE_CURVE('',#4023,#4022,#2118,.T.);
#4921=EDGE_CURVE('',#4023,#4024,#422,.T.);
#4922=EDGE_CURVE('',#4025,#4024,#2119,.T.);
#4923=EDGE_CURVE('',#4026,#4025,#2120,.T.);
#4924=EDGE_CURVE('',#4027,#4026,#2121,.T.);
#4925=EDGE_CURVE('',#4028,#4027,#2122,.T.);
#4926=EDGE_CURVE('',#4019,#4028,#2123,.T.);
#4927=EDGE_CURVE('',#4029,#3958,#2124,.T.);
#4928=EDGE_CURVE('',#4030,#4029,#2125,.T.);
#4929=EDGE_CURVE('',#3959,#4030,#2126,.T.);
#4930=EDGE_CURVE('',#4031,#4030,#2127,.T.);
#4931=EDGE_CURVE('',#4032,#4031,#159,.T.);
#4932=EDGE_CURVE('',#4033,#4032,#2128,.T.);
#4933=EDGE_CURVE('',#3960,#4033,#160,.T.);
#4934=EDGE_CURVE('',#4034,#4029,#1692,.T.);
#4935=EDGE_CURVE('',#4035,#4034,#2129,.T.);
#4936=EDGE_CURVE('',#4036,#4035,#1693,.T.);
#4937=EDGE_CURVE('',#4037,#4036,#2130,.T.);
#4938=EDGE_CURVE('',#4038,#4037,#1694,.T.);
#4939=EDGE_CURVE('',#4039,#4038,#2131,.T.);
#4940=EDGE_CURVE('',#4039,#4040,#1695,.T.);
#4941=EDGE_CURVE('',#4040,#4041,#2132,.T.);
#4942=EDGE_CURVE('',#4041,#4042,#1696,.T.);
#4943=EDGE_CURVE('',#4042,#4043,#2133,.T.);
#4944=EDGE_CURVE('',#4043,#4044,#1697,.T.);
#4945=EDGE_CURVE('',#4044,#4045,#2134,.T.);
#4946=EDGE_CURVE('',#4046,#4045,#2135,.T.);
#4947=EDGE_CURVE('',#4046,#4047,#2136,.T.);
#4948=EDGE_CURVE('',#4048,#4047,#2137,.T.);
#4949=EDGE_CURVE('',#4031,#4048,#2138,.T.);
#4950=EDGE_CURVE('',#4049,#4048,#1698,.T.);
#4951=EDGE_CURVE('',#4032,#4049,#2139,.T.);
#4952=EDGE_CURVE('',#4049,#4050,#2140,.T.);
#4953=EDGE_CURVE('',#4051,#4050,#2141,.T.);
#4954=EDGE_CURVE('',#4051,#4052,#2142,.T.);
#4955=EDGE_CURVE('',#3855,#4052,#2143,.T.);
#4956=EDGE_CURVE('',#4053,#3966,#1699,.T.);
#4957=EDGE_CURVE('',#4054,#4053,#2144,.T.);
#4958=EDGE_CURVE('',#4055,#4054,#1700,.T.);
#4959=EDGE_CURVE('',#4056,#4055,#2145,.T.);
#4960=EDGE_CURVE('',#4056,#4057,#1701,.T.);
#4961=EDGE_CURVE('',#4058,#4057,#2146,.T.);
#4962=EDGE_CURVE('',#4033,#4058,#2147,.T.);
#4963=EDGE_CURVE('',#4059,#4058,#1702,.T.);
#4964=EDGE_CURVE('',#3961,#4059,#423,.T.);
#4965=EDGE_CURVE('',#4059,#4060,#2148,.T.);
#4966=EDGE_CURVE('',#3962,#4060,#1703,.T.);
#4967=EDGE_CURVE('',#4061,#4057,#2149,.T.);
#4968=EDGE_CURVE('',#4060,#4061,#2150,.T.);
#4969=EDGE_CURVE('',#4062,#4061,#1704,.T.);
#4970=EDGE_CURVE('',#4062,#4063,#2151,.T.);
#4971=EDGE_CURVE('',#4060,#4063,#1705,.T.);
#4972=EDGE_CURVE('',#4061,#4064,#1706,.T.);
#4973=EDGE_CURVE('',#4065,#4064,#1707,.T.);
#4974=EDGE_CURVE('',#4065,#4062,#1708,.T.);
#4975=EDGE_CURVE('',#4056,#4064,#2152,.T.);
#4976=EDGE_CURVE('',#4066,#4055,#2153,.T.);
#4977=EDGE_CURVE('',#4066,#4067,#1709,.T.);
#4978=EDGE_CURVE('',#4065,#4067,#2154,.T.);
#4979=EDGE_CURVE('',#4054,#4068,#2155,.T.);
#4980=EDGE_CURVE('',#4066,#4068,#1710,.T.);
#4981=EDGE_CURVE('',#4068,#4069,#1711,.T.);
#4982=EDGE_CURVE('',#4069,#4067,#1712,.T.);
#4983=EDGE_CURVE('',#4069,#4062,#2156,.T.);
#4984=EDGE_CURVE('',#4070,#4069,#2157,.T.);
#4985=EDGE_CURVE('',#4063,#4070,#2158,.T.);
#4986=EDGE_CURVE('',#3964,#4070,#1713,.T.);
#4987=EDGE_CURVE('',#4063,#3963,#1714,.T.);
#4988=EDGE_CURVE('',#4071,#3965,#1715,.T.);
#4989=EDGE_CURVE('',#4070,#4071,#1716,.T.);
#4990=EDGE_CURVE('',#4071,#4053,#2159,.T.);
#4991=EDGE_CURVE('',#4068,#4071,#2160,.T.);
#4992=EDGE_CURVE('',#3875,#4052,#1717,.T.);
#4993=EDGE_CURVE('',#4052,#4072,#1718,.T.);
#4994=EDGE_CURVE('',#4072,#3875,#1719,.T.);
#4995=EDGE_CURVE('',#4073,#4072,#2161,.T.);
#4996=EDGE_CURVE('',#4073,#4074,#424,.T.);
#4997=EDGE_CURVE('',#4074,#3876,#425,.T.);
#4998=EDGE_CURVE('',#4072,#4075,#2162,.T.);
#4999=EDGE_CURVE('',#4076,#4075,#2163,.T.);
#5000=EDGE_CURVE('',#4076,#4073,#2164,.T.);
#5001=EDGE_CURVE('',#4077,#4078,#2165,.T.);
#5002=EDGE_CURVE('',#4079,#4077,#2166,.T.);
#5003=EDGE_CURVE('',#4080,#4079,#2167,.T.);
#5004=EDGE_CURVE('',#4078,#4080,#2168,.T.);
#5005=EDGE_CURVE('',#4081,#4073,#426,.T.);
#5006=EDGE_CURVE('',#3951,#4076,#161,.T.);
#5007=EDGE_CURVE('',#3942,#4081,#427,.T.);
#5008=EDGE_CURVE('',#4074,#4081,#428,.T.);
#5009=EDGE_CURVE('',#4081,#3941,#429,.T.);
#5010=EDGE_CURVE('',#4074,#3941,#430,.T.);
#5011=EDGE_CURVE('',#4050,#4082,#162,.T.);
#5012=EDGE_CURVE('',#4082,#4083,#2169,.T.);
#5013=EDGE_CURVE('',#4083,#3952,#163,.T.);
#5014=EDGE_CURVE('',#4075,#4051,#164,.T.);
#5015=EDGE_CURVE('',#4084,#4085,#2170,.T.);
#5016=EDGE_CURVE('',#4084,#4086,#1720,.T.);
#5017=EDGE_CURVE('',#4087,#4086,#2171,.T.);
#5018=EDGE_CURVE('',#4087,#4088,#1721,.T.);
#5019=EDGE_CURVE('',#4089,#4088,#2172,.T.);
#5020=EDGE_CURVE('',#4089,#4090,#1722,.T.);
#5021=EDGE_CURVE('',#4091,#4090,#2173,.T.);
#5022=EDGE_CURVE('',#4091,#4085,#1723,.T.);
#5023=EDGE_CURVE('',#4092,#4093,#431,.T.);
#5024=EDGE_CURVE('',#4093,#3953,#432,.T.);
#5025=EDGE_CURVE('',#4092,#4083,#2174,.T.);
#5026=EDGE_CURVE('',#4093,#4094,#433,.T.);
#5027=EDGE_CURVE('',#4094,#4092,#434,.T.);
#5028=EDGE_CURVE('',#4094,#4095,#165,.T.);
#5029=EDGE_CURVE('',#4095,#4096,#166,.T.);
#5030=EDGE_CURVE('',#4096,#4093,#435,.T.);
#5031=EDGE_CURVE('',#3953,#4096,#436,.T.);
#5032=EDGE_CURVE('',#4096,#4047,#437,.T.);
#5033=EDGE_CURVE('',#4046,#3954,#167,.T.);
#5034=EDGE_CURVE('',#4045,#3971,#2175,.T.);
#5035=EDGE_CURVE('',#4044,#3972,#2176,.T.);
#5036=EDGE_CURVE('',#4043,#3973,#2177,.T.);
#5037=EDGE_CURVE('',#3974,#4042,#2178,.T.);
#5038=EDGE_CURVE('',#4041,#3975,#2179,.T.);
#5039=EDGE_CURVE('',#4040,#3976,#2180,.T.);
#5040=EDGE_CURVE('',#4039,#3977,#2181,.T.);
#5041=EDGE_CURVE('',#4038,#3984,#2182,.T.);
#5042=EDGE_CURVE('',#4097,#3983,#2183,.T.);
#5043=EDGE_CURVE('',#4097,#4098,#1724,.T.);
#5044=EDGE_CURVE('',#4099,#4098,#2184,.T.);
#5045=EDGE_CURVE('',#4099,#4100,#1725,.T.);
#5046=EDGE_CURVE('',#3978,#4100,#2185,.T.);
#5047=EDGE_CURVE('',#4037,#3985,#2186,.T.);
#5048=EDGE_CURVE('',#4036,#3986,#2187,.T.);
#5049=EDGE_CURVE('',#3987,#4035,#2188,.T.);
#5050=EDGE_CURVE('',#4034,#3988,#2189,.T.);
#5051=EDGE_CURVE('',#4101,#4100,#2190,.T.);
#5052=EDGE_CURVE('',#4101,#4102,#2191,.T.);
#5053=EDGE_CURVE('',#4103,#4102,#2192,.T.);
#5054=EDGE_CURVE('',#3979,#4103,#2193,.T.);
#5055=EDGE_CURVE('',#4104,#4103,#1726,.T.);
#5056=EDGE_CURVE('',#4104,#3980,#2194,.T.);
#5057=EDGE_CURVE('',#4105,#4104,#1727,.T.);
#5058=EDGE_CURVE('',#4103,#4105,#1728,.T.);
#5059=EDGE_CURVE('',#4105,#4106,#2195,.T.);
#5060=EDGE_CURVE('',#4107,#4106,#1729,.T.);
#5061=EDGE_CURVE('',#4107,#4104,#2196,.T.);
#5062=EDGE_CURVE('',#3981,#4107,#2197,.T.);
#5063=EDGE_CURVE('',#4108,#4107,#1730,.T.);
#5064=EDGE_CURVE('',#4108,#3982,#2198,.T.);
#5065=EDGE_CURVE('',#4106,#4108,#1731,.T.);
#5066=EDGE_CURVE('',#4106,#4109,#2199,.T.);
#5067=EDGE_CURVE('',#4109,#4110,#1732,.T.);
#5068=EDGE_CURVE('',#4110,#4108,#2200,.T.);
#5069=EDGE_CURVE('',#4110,#4111,#2201,.T.);
#5070=EDGE_CURVE('',#4097,#4111,#2202,.T.);
#5071=EDGE_CURVE('',#4111,#4112,#1733,.T.);
#5072=EDGE_CURVE('',#4112,#4098,#2203,.T.);
#5073=EDGE_CURVE('',#4112,#4113,#2204,.T.);
#5074=EDGE_CURVE('',#4099,#4113,#2205,.T.);
#5075=EDGE_CURVE('',#4101,#4113,#1734,.T.);
#5076=EDGE_CURVE('',#4114,#4092,#2206,.T.);
#5077=EDGE_CURVE('',#4082,#4114,#2207,.T.);
#5078=EDGE_CURVE('',#4115,#4109,#2208,.T.);
#5079=EDGE_CURVE('',#4102,#4115,#1735,.T.);
#5080=EDGE_CURVE('',#4048,#4114,#1736,.T.);
#5081=EDGE_CURVE('',#4047,#4094,#438,.T.);
#5082=EDGE_CURVE('',#4114,#4049,#1737,.T.);
#5083=EDGE_CURVE('',#4115,#4105,#2209,.T.);
#5084=EDGE_CURVE('',#4116,#4085,#2210,.T.);
#5085=EDGE_CURVE('',#4117,#4116,#2211,.T.);
#5086=EDGE_CURVE('',#4117,#4118,#2212,.T.);
#5087=EDGE_CURVE('',#4118,#4119,#439,.T.);
#5088=EDGE_CURVE('',#4119,#4120,#2213,.T.);
#5089=EDGE_CURVE('',#4120,#4121,#440,.T.);
#5090=EDGE_CURVE('',#4121,#4122,#2214,.T.);
#5091=EDGE_CURVE('',#4123,#4122,#2215,.T.);
#5092=EDGE_CURVE('',#4123,#4124,#2216,.T.);
#5093=EDGE_CURVE('',#4124,#4125,#1738,.T.);
#5094=EDGE_CURVE('',#4126,#4125,#2217,.T.);
#5095=EDGE_CURVE('',#4084,#4126,#2218,.T.);
#5096=EDGE_CURVE('',#4127,#4126,#1739,.T.);
#5097=EDGE_CURVE('',#4127,#4086,#2219,.T.);
#5098=EDGE_CURVE('',#4128,#4127,#1740,.T.);
#5099=EDGE_CURVE('',#4126,#4128,#1741,.T.);
#5100=EDGE_CURVE('',#4128,#4129,#2220,.T.);
#5101=EDGE_CURVE('',#4130,#4129,#1742,.T.);
#5102=EDGE_CURVE('',#4130,#4127,#2221,.T.);
#5103=EDGE_CURVE('',#4131,#4132,#2222,.T.);
#5104=EDGE_CURVE('',#4087,#4131,#2223,.T.);
#5105=EDGE_CURVE('',#4130,#4133,#1743,.T.);
#5106=EDGE_CURVE('',#4133,#4134,#2224,.T.);
#5107=EDGE_CURVE('',#4135,#4134,#2225,.T.);
#5108=EDGE_CURVE('',#4135,#4136,#2226,.T.);
#5109=EDGE_CURVE('',#4136,#4137,#1744,.T.);
#5110=EDGE_CURVE('',#4138,#4137,#2227,.T.);
#5111=EDGE_CURVE('',#4138,#4139,#1745,.T.);
#5112=EDGE_CURVE('',#4139,#4132,#2228,.T.);
#5113=EDGE_CURVE('',#4131,#4140,#1746,.T.);
#5114=EDGE_CURVE('',#4132,#4141,#168,.T.);
#5115=EDGE_CURVE('',#4141,#4140,#2229,.T.);
#5116=EDGE_CURVE('',#4140,#4142,#1747,.T.);
#5117=EDGE_CURVE('',#4142,#4131,#1748,.T.);
#5118=EDGE_CURVE('',#4142,#4088,#2230,.T.);
#5119=EDGE_CURVE('',#4143,#4142,#2231,.T.);
#5120=EDGE_CURVE('',#4143,#4144,#2232,.T.);
#5121=EDGE_CURVE('',#4144,#4145,#441,.T.);
#5122=EDGE_CURVE('',#4145,#4146,#2233,.T.);
#5123=EDGE_CURVE('',#4146,#4147,#442,.T.);
#5124=EDGE_CURVE('',#4147,#4148,#2234,.T.);
#5125=EDGE_CURVE('',#4149,#4148,#2235,.T.);
#5126=EDGE_CURVE('',#4149,#4150,#2236,.T.);
#5127=EDGE_CURVE('',#4150,#4151,#1749,.T.);
#5128=EDGE_CURVE('',#4152,#4151,#2237,.T.);
#5129=EDGE_CURVE('',#4089,#4152,#2238,.T.);
#5130=EDGE_CURVE('',#4153,#4152,#1750,.T.);
#5131=EDGE_CURVE('',#4153,#4090,#2239,.T.);
#5132=EDGE_CURVE('',#4154,#4153,#1751,.T.);
#5133=EDGE_CURVE('',#4152,#4154,#1752,.T.);
#5134=EDGE_CURVE('',#4154,#4155,#2240,.T.);
#5135=EDGE_CURVE('',#4156,#4155,#1753,.T.);
#5136=EDGE_CURVE('',#4156,#4153,#2241,.T.);
#5137=EDGE_CURVE('',#4157,#4158,#2242,.T.);
#5138=EDGE_CURVE('',#4159,#4158,#2243,.T.);
#5139=EDGE_CURVE('',#4091,#4159,#2244,.T.);
#5140=EDGE_CURVE('',#4156,#4160,#1754,.T.);
#5141=EDGE_CURVE('',#4160,#4161,#2245,.T.);
#5142=EDGE_CURVE('',#4162,#4161,#2246,.T.);
#5143=EDGE_CURVE('',#4162,#4163,#2247,.T.);
#5144=EDGE_CURVE('',#4163,#4164,#443,.T.);
#5145=EDGE_CURVE('',#4164,#4165,#2248,.T.);
#5146=EDGE_CURVE('',#4165,#4157,#444,.T.);
#5147=EDGE_CURVE('',#4166,#4157,#1755,.T.);
#5148=EDGE_CURVE('',#4166,#4167,#2249,.T.);
#5149=EDGE_CURVE('',#4158,#4167,#1756,.T.);
#5150=EDGE_CURVE('',#4168,#4165,#1757,.T.);
#5151=EDGE_CURVE('',#4168,#4166,#1758,.T.);
#5152=EDGE_CURVE('',#4168,#4169,#2250,.T.);
#5153=EDGE_CURVE('',#4170,#4169,#1759,.F.);
#5154=EDGE_CURVE('',#4170,#4166,#2251,.T.);
#5155=EDGE_CURVE('',#4170,#4171,#2252,.T.);
#5156=EDGE_CURVE('',#4167,#4171,#2253,.T.);
#5157=EDGE_CURVE('',#4172,#4171,#1760,.T.);
#5158=EDGE_CURVE('',#4172,#4173,#2254,.T.);
#5159=EDGE_CURVE('',#4167,#4173,#1761,.T.);
#5160=EDGE_CURVE('',#4171,#4174,#1762,.T.);
#5161=EDGE_CURVE('',#4174,#4172,#1763,.T.);
#5162=EDGE_CURVE('',#4175,#4170,#1764,.T.);
#5163=EDGE_CURVE('',#4174,#4175,#2255,.T.);
#5164=EDGE_CURVE('',#4176,#4169,#445,.T.);
#5165=EDGE_CURVE('',#4176,#4175,#1765,.T.);
#5166=EDGE_CURVE('',#4177,#4178,#1766,.T.);
#5167=EDGE_CURVE('',#4177,#4175,#2256,.T.);
#5168=EDGE_CURVE('',#4176,#4178,#2257,.T.);
#5169=EDGE_CURVE('',#4178,#4179,#1767,.T.);
#5170=EDGE_CURVE('',#4179,#4177,#1768,.T.);
#5171=EDGE_CURVE('',#4180,#4178,#2258,.T.);
#5172=EDGE_CURVE('',#4181,#4180,#1769,.F.);
#5173=EDGE_CURVE('',#4181,#4179,#2259,.T.);
#5174=EDGE_CURVE('',#4181,#4182,#2260,.T.);
#5175=EDGE_CURVE('',#4183,#4182,#2261,.T.);
#5176=EDGE_CURVE('',#4183,#4179,#2262,.T.);
#5177=EDGE_CURVE('',#4184,#4183,#1770,.T.);
#5178=EDGE_CURVE('',#4177,#4184,#2263,.T.);
#5179=EDGE_CURVE('',#4174,#4184,#2264,.T.);
#5180=EDGE_CURVE('',#4185,#4184,#1771,.F.);
#5181=EDGE_CURVE('',#4185,#4172,#2265,.T.);
#5182=EDGE_CURVE('',#4183,#4186,#1772,.T.);
#5183=EDGE_CURVE('',#4185,#4186,#446,.T.);
#5184=EDGE_CURVE('',#4187,#4188,#2266,.T.);
#5185=EDGE_CURVE('',#4189,#4187,#2267,.T.);
#5186=EDGE_CURVE('',#4173,#4189,#2268,.T.);
#5187=EDGE_CURVE('',#4186,#4188,#2269,.T.);
#5188=EDGE_CURVE('',#4187,#4190,#1773,.T.);
#5189=EDGE_CURVE('',#4191,#4188,#1774,.T.);
#5190=EDGE_CURVE('',#4191,#4190,#2270,.T.);
#5191=EDGE_CURVE('',#4117,#4187,#1775,.T.);
#5192=EDGE_CURVE('',#4190,#4117,#1776,.T.);
#5193=EDGE_CURVE('',#4189,#4116,#1777,.T.);
#5194=EDGE_CURVE('',#4159,#4189,#1778,.T.);
#5195=EDGE_CURVE('',#4116,#4159,#1779,.T.);
#5196=EDGE_CURVE('',#4173,#4158,#1780,.T.);
#5197=EDGE_CURVE('',#4192,#4193,#447,.T.);
#5198=EDGE_CURVE('',#4193,#4118,#448,.T.);
#5199=EDGE_CURVE('',#4190,#4192,#2271,.T.);
#5200=EDGE_CURVE('',#4192,#4194,#1781,.T.);
#5201=EDGE_CURVE('',#4119,#4194,#169,.T.);
#5202=EDGE_CURVE('',#4138,#4195,#2272,.T.);
#5203=EDGE_CURVE('',#4196,#4137,#2273,.T.);
#5204=EDGE_CURVE('',#4196,#4197,#449,.T.);
#5205=EDGE_CURVE('',#4198,#4197,#2274,.T.);
#5206=EDGE_CURVE('',#4198,#4120,#1782,.T.);
#5207=EDGE_CURVE('',#4199,#4194,#2275,.T.);
#5208=EDGE_CURVE('',#4199,#4180,#450,.T.);
#5209=EDGE_CURVE('',#4164,#4200,#1783,.T.);
#5210=EDGE_CURVE('',#4201,#4200,#2276,.T.);
#5211=EDGE_CURVE('',#4201,#4202,#451,.T.);
#5212=EDGE_CURVE('',#4203,#4202,#2277,.T.);
#5213=EDGE_CURVE('',#4203,#4204,#2278,.T.);
#5214=EDGE_CURVE('',#4204,#4205,#452,.T.);
#5215=EDGE_CURVE('',#4206,#4205,#2279,.T.);
#5216=EDGE_CURVE('',#4206,#4146,#170,.T.);
#5217=EDGE_CURVE('',#4145,#4207,#1784,.T.);
#5218=EDGE_CURVE('',#4208,#4207,#2280,.T.);
#5219=EDGE_CURVE('',#4208,#4195,#453,.T.);
#5220=EDGE_CURVE('',#4209,#4139,#2281,.T.);
#5221=EDGE_CURVE('',#4209,#4195,#1785,.F.);
#5222=EDGE_CURVE('',#4209,#4210,#2282,.T.);
#5223=EDGE_CURVE('',#4132,#4210,#2283,.T.);
#5224=EDGE_CURVE('',#4211,#4212,#2284,.T.);
#5225=EDGE_CURVE('',#4210,#4211,#1786,.T.);
#5226=EDGE_CURVE('',#4209,#4212,#171,.T.);
#5227=EDGE_CURVE('',#4213,#4212,#2285,.T.);
#5228=EDGE_CURVE('',#4214,#4213,#2286,.T.);
#5229=EDGE_CURVE('',#4211,#4214,#2287,.T.);
#5230=EDGE_CURVE('',#4213,#4207,#1787,.F.);
#5231=EDGE_CURVE('',#4208,#4212,#1788,.F.);
#5232=EDGE_CURVE('',#4215,#4144,#172,.T.);
#5233=EDGE_CURVE('',#4213,#4215,#173,.T.);
#5234=EDGE_CURVE('',#4214,#4143,#1789,.T.);
#5235=EDGE_CURVE('',#4143,#4216,#1790,.T.);
#5236=EDGE_CURVE('',#4216,#4214,#1791,.T.);
#5237=EDGE_CURVE('',#4216,#4217,#2288,.T.);
#5238=EDGE_CURVE('',#4211,#4217,#1792,.T.);
#5239=EDGE_CURVE('',#4217,#4210,#1793,.T.);
#5240=EDGE_CURVE('',#4217,#4141,#2289,.T.);
#5241=EDGE_CURVE('',#4140,#4216,#2290,.T.);
#5242=EDGE_CURVE('',#4206,#4218,#1794,.T.);
#5243=EDGE_CURVE('',#4219,#4218,#454,.T.);
#5244=EDGE_CURVE('',#4147,#4219,#455,.T.);
#5245=EDGE_CURVE('',#4218,#4220,#2291,.T.);
#5246=EDGE_CURVE('',#4148,#4220,#1795,.T.);
#5247=EDGE_CURVE('',#4220,#4221,#1796,.T.);
#5248=EDGE_CURVE('',#4221,#4148,#1797,.T.);
#5249=EDGE_CURVE('',#4222,#4223,#1798,.T.);
#5250=EDGE_CURVE('',#4222,#4221,#2292,.T.);
#5251=EDGE_CURVE('',#4220,#4223,#2293,.T.);
#5252=EDGE_CURVE('',#4224,#4222,#1799,.T.);
#5253=EDGE_CURVE('',#4223,#4224,#1800,.T.);
#5254=EDGE_CURVE('',#4225,#4226,#1801,.F.);
#5255=EDGE_CURVE('',#4222,#4225,#2294,.T.);
#5256=EDGE_CURVE('',#4224,#4226,#2295,.T.);
#5257=EDGE_CURVE('',#4226,#4227,#1802,.T.);
#5258=EDGE_CURVE('',#4227,#4228,#1803,.T.);
#5259=EDGE_CURVE('',#4225,#4228,#456,.T.);
#5260=EDGE_CURVE('',#4229,#4230,#2296,.T.);
#5261=EDGE_CURVE('',#4231,#4229,#2297,.T.);
#5262=EDGE_CURVE('',#4231,#4232,#457,.T.);
#5263=EDGE_CURVE('',#4233,#4232,#2298,.T.);
#5264=EDGE_CURVE('',#4221,#4233,#2299,.T.);
#5265=EDGE_CURVE('',#4234,#4228,#2300,.T.);
#5266=EDGE_CURVE('',#4230,#4234,#2301,.T.);
#5267=EDGE_CURVE('',#4229,#4161,#1804,.T.);
#5268=EDGE_CURVE('',#4162,#4230,#1805,.T.);
#5269=EDGE_CURVE('',#4161,#4235,#1806,.T.);
#5270=EDGE_CURVE('',#4235,#4229,#1807,.T.);
#5271=EDGE_CURVE('',#4235,#4236,#2302,.T.);
#5272=EDGE_CURVE('',#4231,#4236,#1808,.F.);
#5273=EDGE_CURVE('',#4237,#4232,#1809,.T.);
#5274=EDGE_CURVE('',#4236,#4237,#1810,.T.);
#5275=EDGE_CURVE('',#4233,#4238,#1811,.T.);
#5276=EDGE_CURVE('',#4237,#4238,#2303,.T.);
#5277=EDGE_CURVE('',#4149,#4233,#1812,.T.);
#5278=EDGE_CURVE('',#4238,#4149,#1813,.T.);
#5279=EDGE_CURVE('',#4238,#4239,#2304,.T.);
#5280=EDGE_CURVE('',#4150,#4239,#1814,.T.);
#5281=EDGE_CURVE('',#4240,#4151,#1815,.T.);
#5282=EDGE_CURVE('',#4239,#4240,#1816,.T.);
#5283=EDGE_CURVE('',#4240,#4154,#2305,.T.);
#5284=EDGE_CURVE('',#4241,#4240,#2306,.T.);
#5285=EDGE_CURVE('',#4155,#4241,#2307,.T.);
#5286=EDGE_CURVE('',#4155,#4242,#1817,.T.);
#5287=EDGE_CURVE('',#4243,#4241,#1818,.F.);
#5288=EDGE_CURVE('',#4243,#4242,#2308,.T.);
#5289=EDGE_CURVE('',#4242,#4160,#1819,.T.);
#5290=EDGE_CURVE('',#4242,#4235,#2309,.T.);
#5291=EDGE_CURVE('',#4243,#4244,#458,.T.);
#5292=EDGE_CURVE('',#4244,#4236,#2310,.T.);
#5293=EDGE_CURVE('',#4245,#4244,#1820,.F.);
#5294=EDGE_CURVE('',#4237,#4245,#2311,.T.);
#5295=EDGE_CURVE('',#4239,#4245,#2312,.T.);
#5296=EDGE_CURVE('',#4245,#4246,#459,.T.);
#5297=EDGE_CURVE('',#4246,#4241,#1821,.T.);
#5298=EDGE_CURVE('',#4230,#4247,#1822,.T.);
#5299=EDGE_CURVE('',#4247,#4162,#1823,.T.);
#5300=EDGE_CURVE('',#4248,#4249,#1824,.T.);
#5301=EDGE_CURVE('',#4249,#4163,#174,.T.);
#5302=EDGE_CURVE('',#4247,#4248,#2313,.T.);
#5303=EDGE_CURVE('',#4248,#4200,#1825,.T.);
#5304=EDGE_CURVE('',#4248,#4250,#2314,.T.);
#5305=EDGE_CURVE('',#4201,#4250,#1826,.F.);
#5306=EDGE_CURVE('',#4251,#4202,#1827,.T.);
#5307=EDGE_CURVE('',#4250,#4251,#1828,.T.);
#5308=EDGE_CURVE('',#4203,#4252,#1829,.T.);
#5309=EDGE_CURVE('',#4251,#4252,#2315,.T.);
#5310=EDGE_CURVE('',#4252,#4253,#1830,.T.);
#5311=EDGE_CURVE('',#4253,#4203,#1831,.T.);
#5312=EDGE_CURVE('',#4204,#4254,#1832,.F.);
#5313=EDGE_CURVE('',#4253,#4254,#2316,.T.);
#5314=EDGE_CURVE('',#4255,#4205,#1833,.T.);
#5315=EDGE_CURVE('',#4256,#4254,#460,.T.);
#5316=EDGE_CURVE('',#4255,#4256,#175,.T.);
#5317=EDGE_CURVE('',#4255,#4218,#2317,.T.);
#5318=EDGE_CURVE('',#4255,#4223,#2318,.T.);
#5319=EDGE_CURVE('',#4224,#4254,#2319,.T.);
#5320=EDGE_CURVE('',#4253,#4226,#2320,.T.);
#5321=EDGE_CURVE('',#4227,#4252,#2321,.T.);
#5322=EDGE_CURVE('',#4251,#4257,#2322,.T.);
#5323=EDGE_CURVE('',#4227,#4257,#2323,.T.);
#5324=EDGE_CURVE('',#4234,#4257,#1834,.T.);
#5325=EDGE_CURVE('',#4258,#4234,#1835,.T.);
#5326=EDGE_CURVE('',#4257,#4258,#1836,.T.);
#5327=EDGE_CURVE('',#4258,#4247,#2324,.T.);
#5328=EDGE_CURVE('',#4258,#4250,#2325,.T.);
#5329=EDGE_CURVE('',#4199,#4259,#1837,.T.);
#5330=EDGE_CURVE('',#4260,#4259,#461,.T.);
#5331=EDGE_CURVE('',#4181,#4260,#176,.T.);
#5332=EDGE_CURVE('',#4191,#4259,#2326,.T.);
#5333=EDGE_CURVE('',#4182,#4191,#1838,.T.);
#5334=EDGE_CURVE('',#4188,#4182,#1839,.T.);
#5335=EDGE_CURVE('',#4192,#4259,#2327,.T.);
#5336=EDGE_CURVE('',#4198,#4261,#1840,.T.);
#5337=EDGE_CURVE('',#4261,#4121,#1841,.T.);
#5338=EDGE_CURVE('',#4261,#4262,#2328,.T.);
#5339=EDGE_CURVE('',#4122,#4262,#1842,.T.);
#5340=EDGE_CURVE('',#4262,#4263,#1843,.T.);
#5341=EDGE_CURVE('',#4263,#4122,#1844,.T.);
#5342=EDGE_CURVE('',#4123,#4264,#1845,.T.);
#5343=EDGE_CURVE('',#4263,#4264,#2329,.T.);
#5344=EDGE_CURVE('',#4264,#4265,#1846,.T.);
#5345=EDGE_CURVE('',#4265,#4123,#1847,.T.);
#5346=EDGE_CURVE('',#4265,#4266,#2330,.T.);
#5347=EDGE_CURVE('',#4124,#4266,#1848,.T.);
#5348=EDGE_CURVE('',#4267,#4125,#1849,.T.);
#5349=EDGE_CURVE('',#4266,#4267,#1850,.T.);
#5350=EDGE_CURVE('',#4267,#4128,#2331,.T.);
#5351=EDGE_CURVE('',#4268,#4267,#2332,.T.);
#5352=EDGE_CURVE('',#4129,#4268,#2333,.T.);
#5353=EDGE_CURVE('',#4129,#4269,#1851,.T.);
#5354=EDGE_CURVE('',#4270,#4268,#1852,.F.);
#5355=EDGE_CURVE('',#4270,#4269,#2334,.T.);
#5356=EDGE_CURVE('',#4269,#4133,#1853,.T.);
#5357=EDGE_CURVE('',#4134,#4271,#1854,.T.);
#5358=EDGE_CURVE('',#4269,#4271,#2335,.T.);
#5359=EDGE_CURVE('',#4272,#4134,#1855,.T.);
#5360=EDGE_CURVE('',#4271,#4272,#1856,.T.);
#5361=EDGE_CURVE('',#4272,#4273,#2336,.T.);
#5362=EDGE_CURVE('',#4135,#4273,#177,.T.);
#5363=EDGE_CURVE('',#4273,#4274,#2337,.T.);
#5364=EDGE_CURVE('',#4275,#4274,#1857,.T.);
#5365=EDGE_CURVE('',#4275,#4135,#2338,.T.);
#5366=EDGE_CURVE('',#4274,#4263,#2339,.T.);
#5367=EDGE_CURVE('',#4276,#4272,#2340,.T.);
#5368=EDGE_CURVE('',#4276,#4277,#462,.T.);
#5369=EDGE_CURVE('',#4264,#4277,#2341,.T.);
#5370=EDGE_CURVE('',#4278,#4277,#1858,.F.);
#5371=EDGE_CURVE('',#4278,#4265,#2342,.T.);
#5372=EDGE_CURVE('',#4278,#4279,#2343,.T.);
#5373=EDGE_CURVE('',#4266,#4279,#2344,.T.);
#5374=EDGE_CURVE('',#4279,#4280,#463,.T.);
#5375=EDGE_CURVE('',#4280,#4268,#1859,.T.);
#5376=EDGE_CURVE('',#4279,#4281,#1860,.T.);
#5377=EDGE_CURVE('',#4281,#4282,#1861,.T.);
#5378=EDGE_CURVE('',#4270,#4282,#1862,.T.);
#5379=EDGE_CURVE('',#4282,#4283,#2345,.T.);
#5380=EDGE_CURVE('',#4271,#4283,#2346,.T.);
#5381=EDGE_CURVE('',#4276,#4283,#1863,.F.);
#5382=EDGE_CURVE('',#4283,#4278,#1864,.T.);
#5383=EDGE_CURVE('',#4274,#4284,#1865,.T.);
#5384=EDGE_CURVE('',#4262,#4284,#2347,.T.);
#5385=EDGE_CURVE('',#4284,#4275,#1866,.T.);
#5386=EDGE_CURVE('',#4275,#4285,#2348,.T.);
#5387=EDGE_CURVE('',#4286,#4284,#2349,.T.);
#5388=EDGE_CURVE('',#4285,#4286,#464,.T.);
#5389=EDGE_CURVE('',#4136,#4285,#2350,.T.);
#5390=EDGE_CURVE('',#4196,#4285,#1867,.F.);
#5391=EDGE_CURVE('',#4286,#4197,#1868,.T.);
#5392=EDGE_CURVE('',#4286,#4261,#2351,.T.);
#5393=EDGE_CURVE('',#4287,#4288,#2352,.T.);
#5394=EDGE_CURVE('',#4287,#4289,#2353,.T.);
#5395=EDGE_CURVE('',#4077,#4289,#2354,.T.);
#5396=EDGE_CURVE('',#4288,#4078,#2355,.T.);
#5397=EDGE_CURVE('',#4287,#4290,#2356,.T.);
#5398=EDGE_CURVE('',#4288,#4291,#2357,.T.);
#5399=EDGE_CURVE('',#4291,#4290,#2358,.T.);
#5400=EDGE_CURVE('',#4292,#4289,#2359,.T.);
#5401=EDGE_CURVE('',#4292,#4290,#2360,.T.);
#5402=EDGE_CURVE('',#4292,#4079,#2361,.T.);
#5403=EDGE_CURVE('',#4291,#4080,#2362,.T.);
#5404=EDGE_CURVE('',#4293,#4294,#1869,.T.);
#5405=EDGE_CURVE('',#4294,#4295,#1870,.T.);
#5406=EDGE_CURVE('',#4295,#4296,#1871,.T.);
#5407=EDGE_CURVE('',#4297,#4296,#2363,.T.);
#5408=EDGE_CURVE('',#4297,#4298,#1872,.T.);
#5409=EDGE_CURVE('',#4293,#4298,#2364,.T.);
#5410=EDGE_CURVE('',#4299,#4300,#1873,.T.);
#5411=EDGE_CURVE('',#4294,#4299,#2365,.T.);
#5412=EDGE_CURVE('',#4293,#4300,#2366,.T.);
#5413=EDGE_CURVE('',#3938,#4299,#1874,.T.);
#5414=EDGE_CURVE('',#4300,#3938,#1875,.T.);
#5415=EDGE_CURVE('',#4301,#3940,#1876,.T.);
#5416=EDGE_CURVE('',#4301,#4299,#1877,.T.);
#5417=EDGE_CURVE('',#3940,#4302,#1878,.T.);
#5418=EDGE_CURVE('',#4302,#4301,#1879,.T.);
#5419=EDGE_CURVE('',#4303,#3939,#1880,.T.);
#5420=EDGE_CURVE('',#4303,#4302,#2367,.T.);
#5421=EDGE_CURVE('',#4297,#4303,#2368,.T.);
#5422=EDGE_CURVE('',#4302,#4296,#2369,.T.);
#5423=EDGE_CURVE('',#4301,#4295,#2370,.T.);
#5424=EDGE_CURVE('',#4304,#4303,#1881,.T.);
#5425=EDGE_CURVE('',#4304,#4298,#2371,.T.);
#5426=EDGE_CURVE('',#3937,#4304,#1882,.T.);
#5427=EDGE_CURVE('',#4300,#4304,#2372,.T.);
#5428=EDGE_CURVE('',#4305,#3970,#1883,.T.);
#5429=EDGE_CURVE('',#4305,#3957,#2373,.T.);
#5430=EDGE_CURVE('',#4306,#4305,#2374,.T.);
#5431=EDGE_CURVE('',#3945,#4306,#2375,.T.);
#5432=EDGE_CURVE('',#4307,#4306,#1884,.T.);
#5433=EDGE_CURVE('',#4307,#3946,#2376,.T.);
#5434=EDGE_CURVE('',#4307,#4308,#1885,.T.);
#5435=EDGE_CURVE('',#4309,#4308,#2377,.T.);
#5436=EDGE_CURVE('',#4309,#4310,#1886,.T.);
#5437=EDGE_CURVE('',#3947,#4310,#2378,.T.);
#5438=EDGE_CURVE('',#4311,#4310,#1887,.T.);
#5439=EDGE_CURVE('',#4311,#3948,#2379,.T.);
#5440=EDGE_CURVE('',#4312,#4311,#2380,.T.);
#5441=EDGE_CURVE('',#3949,#4312,#2381,.T.);
#5442=EDGE_CURVE('',#3967,#4312,#1888,.T.);
#5443=EDGE_CURVE('',#4312,#4313,#1889,.T.);
#5444=EDGE_CURVE('',#4313,#3968,#1890,.T.);
#5445=EDGE_CURVE('',#4313,#4314,#2382,.T.);
#5446=EDGE_CURVE('',#3969,#4314,#1891,.T.);
#5447=EDGE_CURVE('',#4314,#4305,#1892,.T.);
#5448=EDGE_CURVE('',#4314,#4315,#2383,.T.);
#5449=EDGE_CURVE('',#4306,#4315,#1893,.T.);
#5450=EDGE_CURVE('',#4315,#4308,#1894,.T.);
#5451=EDGE_CURVE('',#4315,#4316,#2384,.T.);
#5452=EDGE_CURVE('',#4309,#4316,#1895,.T.);
#5453=EDGE_CURVE('',#4316,#4311,#1896,.T.);
#5454=EDGE_CURVE('',#4316,#4313,#2385,.T.);
#5455=EDGE_CURVE('',#4317,#4318,#465,.T.);
#5456=EDGE_CURVE('',#4317,#3990,#2386,.T.);
#5457=EDGE_CURVE('',#4318,#3989,#2387,.T.);
#5458=EDGE_CURVE('',#4318,#4319,#466,.T.);
#5459=EDGE_CURVE('',#4319,#4320,#467,.T.);
#5460=EDGE_CURVE('',#4320,#4317,#468,.T.);
#5461=EDGE_CURVE('',#4321,#4322,#469,.T.);
#5462=EDGE_CURVE('',#4322,#4323,#470,.T.);
#5463=EDGE_CURVE('',#4323,#4324,#471,.T.);
#5464=EDGE_CURVE('',#4324,#4325,#472,.T.);
#5465=EDGE_CURVE('',#4325,#4326,#473,.T.);
#5466=EDGE_CURVE('',#4326,#4327,#474,.T.);
#5467=EDGE_CURVE('',#4327,#4328,#475,.T.);
#5468=EDGE_CURVE('',#4328,#4321,#476,.T.);
#5469=EDGE_CURVE('',#4320,#3991,#2388,.T.);
#5470=EDGE_CURVE('',#4319,#3992,#2389,.T.);
#5471=EDGE_CURVE('',#4321,#4329,#2390,.T.);
#5472=EDGE_CURVE('',#4330,#4329,#477,.T.);
#5473=EDGE_CURVE('',#4322,#4330,#2391,.T.);
#5474=EDGE_CURVE('',#4331,#4330,#478,.T.);
#5475=EDGE_CURVE('',#4323,#4331,#2392,.T.);
#5476=EDGE_CURVE('',#4332,#4331,#479,.T.);
#5477=EDGE_CURVE('',#4324,#4332,#2393,.T.);
#5478=EDGE_CURVE('',#4333,#4332,#480,.T.);
#5479=EDGE_CURVE('',#4325,#4333,#2394,.T.);
#5480=EDGE_CURVE('',#4334,#4333,#481,.T.);
#5481=EDGE_CURVE('',#4326,#4334,#2395,.T.);
#5482=EDGE_CURVE('',#4335,#4334,#482,.T.);
#5483=EDGE_CURVE('',#4327,#4335,#2396,.T.);
#5484=EDGE_CURVE('',#4336,#4335,#483,.T.);
#5485=EDGE_CURVE('',#4328,#4336,#2397,.T.);
#5486=EDGE_CURVE('',#4329,#4336,#484,.T.);
#5487=EDGE_CURVE('',#4337,#4338,#2398,.T.);
#5488=EDGE_CURVE('',#4337,#3993,#2399,.T.);
#5489=EDGE_CURVE('',#4338,#3994,#2400,.T.);
#5490=EDGE_CURVE('',#4338,#4339,#2401,.T.);
#5491=EDGE_CURVE('',#4339,#4340,#2402,.T.);
#5492=EDGE_CURVE('',#4340,#4341,#2403,.T.);
#5493=EDGE_CURVE('',#4341,#4342,#2404,.T.);
#5494=EDGE_CURVE('',#4342,#4343,#2405,.T.);
#5495=EDGE_CURVE('',#4343,#4344,#2406,.T.);
#5496=EDGE_CURVE('',#4344,#4345,#2407,.T.);
#5497=EDGE_CURVE('',#4345,#4346,#2408,.T.);
#5498=EDGE_CURVE('',#4346,#4347,#2409,.T.);
#5499=EDGE_CURVE('',#4347,#4348,#2410,.T.);
#5500=EDGE_CURVE('',#4348,#4349,#2411,.T.);
#5501=EDGE_CURVE('',#4349,#4337,#2412,.T.);
#5502=EDGE_CURVE('',#4349,#3995,#2413,.T.);
#5503=EDGE_CURVE('',#4348,#3996,#2414,.T.);
#5504=EDGE_CURVE('',#4347,#3997,#2415,.T.);
#5505=EDGE_CURVE('',#4346,#3998,#2416,.T.);
#5506=EDGE_CURVE('',#4345,#3999,#2417,.T.);
#5507=EDGE_CURVE('',#4344,#4000,#2418,.T.);
#5508=EDGE_CURVE('',#4343,#4001,#2419,.T.);
#5509=EDGE_CURVE('',#4342,#4002,#2420,.T.);
#5510=EDGE_CURVE('',#4341,#4003,#2421,.T.);
#5511=EDGE_CURVE('',#4340,#4004,#2422,.T.);
#5512=EDGE_CURVE('',#4339,#4005,#2423,.T.);
#5513=EDGE_CURVE('',#4350,#4351,#2424,.T.);
#5514=EDGE_CURVE('',#4350,#4006,#2425,.T.);
#5515=EDGE_CURVE('',#4351,#4007,#2426,.T.);
#5516=EDGE_CURVE('',#4351,#4352,#2427,.T.);
#5517=EDGE_CURVE('',#4352,#4353,#2428,.T.);
#5518=EDGE_CURVE('',#4353,#4354,#2429,.T.);
#5519=EDGE_CURVE('',#4354,#4355,#2430,.T.);
#5520=EDGE_CURVE('',#4355,#4356,#2431,.T.);
#5521=EDGE_CURVE('',#4356,#4357,#2432,.T.);
#5522=EDGE_CURVE('',#4357,#4358,#2433,.T.);
#5523=EDGE_CURVE('',#4358,#4359,#2434,.T.);
#5524=EDGE_CURVE('',#4359,#4360,#2435,.T.);
#5525=EDGE_CURVE('',#4360,#4361,#2436,.T.);
#5526=EDGE_CURVE('',#4361,#4350,#2437,.T.);
#5527=EDGE_CURVE('',#4361,#4008,#2438,.T.);
#5528=EDGE_CURVE('',#4360,#4009,#2439,.T.);
#5529=EDGE_CURVE('',#4359,#4010,#2440,.T.);
#5530=EDGE_CURVE('',#4358,#4011,#2441,.T.);
#5531=EDGE_CURVE('',#4357,#4012,#2442,.T.);
#5532=EDGE_CURVE('',#4356,#4013,#2443,.T.);
#5533=EDGE_CURVE('',#4355,#4014,#2444,.T.);
#5534=EDGE_CURVE('',#4354,#4015,#2445,.T.);
#5535=EDGE_CURVE('',#4353,#4016,#2446,.T.);
#5536=EDGE_CURVE('',#4352,#4017,#2447,.T.);
#5537=EDGE_CURVE('',#4362,#4363,#2448,.T.);
#5538=EDGE_CURVE('',#4362,#4018,#2449,.T.);
#5539=EDGE_CURVE('',#4363,#4019,#2450,.T.);
#5540=EDGE_CURVE('',#4363,#4364,#2451,.T.);
#5541=EDGE_CURVE('',#4364,#4365,#2452,.T.);
#5542=EDGE_CURVE('',#4365,#4366,#2453,.T.);
#5543=EDGE_CURVE('',#4366,#4367,#2454,.T.);
#5544=EDGE_CURVE('',#4367,#4368,#2455,.T.);
#5545=EDGE_CURVE('',#4368,#4369,#485,.T.);
#5546=EDGE_CURVE('',#4369,#4370,#2456,.T.);
#5547=EDGE_CURVE('',#4370,#4371,#2457,.T.);
#5548=EDGE_CURVE('',#4371,#4372,#2458,.T.);
#5549=EDGE_CURVE('',#4372,#4362,#2459,.T.);
#5550=EDGE_CURVE('',#4372,#4020,#2460,.T.);
#5551=EDGE_CURVE('',#4371,#4021,#2461,.T.);
#5552=EDGE_CURVE('',#4370,#4022,#2462,.T.);
#5553=EDGE_CURVE('',#4023,#4369,#2463,.T.);
#5554=EDGE_CURVE('',#4368,#4024,#2464,.T.);
#5555=EDGE_CURVE('',#4367,#4025,#2465,.T.);
#5556=EDGE_CURVE('',#4366,#4026,#2466,.T.);
#5557=EDGE_CURVE('',#4365,#4027,#2467,.T.);
#5558=EDGE_CURVE('',#4364,#4028,#2468,.T.);
#5559=EDGE_CURVE('',#3874,#4373,#1897,.T.);
#5560=EDGE_CURVE('',#4374,#4373,#2469,.T.);
#5561=EDGE_CURVE('',#4375,#4374,#2470,.T.);
#5562=EDGE_CURVE('',#4375,#3858,#2471,.T.);
#5563=EDGE_CURVE('',#4376,#3845,#178,.T.);
#5564=EDGE_CURVE('',#4375,#4377,#179,.T.);
#5565=EDGE_CURVE('',#4377,#4376,#2472,.T.);
#5566=EDGE_CURVE('',#4376,#4378,#2473,.T.);
#5567=EDGE_CURVE('',#3846,#4378,#1898,.T.);
#5568=EDGE_CURVE('',#4378,#3871,#1899,.T.);
#5569=EDGE_CURVE('',#3871,#3846,#1900,.T.);
#5570=EDGE_CURVE('',#4378,#4379,#2474,.T.);
#5571=EDGE_CURVE('',#3872,#4379,#1901,.T.);
#5572=EDGE_CURVE('',#4374,#3872,#1902,.T.);
#5573=EDGE_CURVE('',#4379,#4374,#1903,.T.);
#5574=EDGE_CURVE('',#4373,#3873,#180,.T.);
#5575=EDGE_CURVE('',#4379,#4377,#2475,.T.);
#5576=EDGE_CURVE('',#3847,#3870,#181,.F.);
#5577=EDGE_CURVE('',#3869,#4380,#1904,.T.);
#5578=EDGE_CURVE('',#4381,#4380,#2476,.T.);
#5579=EDGE_CURVE('',#4382,#4381,#2477,.T.);
#5580=EDGE_CURVE('',#4382,#3860,#2478,.T.);
#5581=EDGE_CURVE('',#4383,#3861,#182,.T.);
#5582=EDGE_CURVE('',#4382,#4384,#183,.T.);
#5583=EDGE_CURVE('',#4384,#4383,#2479,.T.);
#5584=EDGE_CURVE('',#4383,#4385,#2480,.T.);
#5585=EDGE_CURVE('',#3862,#4385,#1905,.T.);
#5586=EDGE_CURVE('',#4385,#3866,#1906,.T.);
#5587=EDGE_CURVE('',#3866,#3862,#1907,.T.);
#5588=EDGE_CURVE('',#3867,#4386,#1908,.T.);
#5589=EDGE_CURVE('',#4385,#4386,#2481,.T.);
#5590=EDGE_CURVE('',#4381,#3867,#1909,.T.);
#5591=EDGE_CURVE('',#4386,#4381,#1910,.T.);
#5592=EDGE_CURVE('',#4380,#3868,#184,.T.);
#5593=EDGE_CURVE('',#4386,#4384,#2482,.T.);
#5594=EDGE_CURVE('',#3863,#3865,#185,.F.);
#5595=EDGE_CURVE('',#4387,#4388,#486,.T.);
#5596=EDGE_CURVE('',#4387,#3878,#2483,.T.);
#5597=EDGE_CURVE('',#4388,#3877,#2484,.T.);
#5598=EDGE_CURVE('',#4389,#4390,#487,.T.);
#5599=EDGE_CURVE('',#4390,#4391,#488,.T.);
#5600=EDGE_CURVE('',#4391,#4387,#489,.T.);
#5601=EDGE_CURVE('',#4388,#4392,#490,.T.);
#5602=EDGE_CURVE('',#4392,#4389,#491,.T.);
#5603=EDGE_CURVE('',#4393,#4394,#492,.T.);
#5604=EDGE_CURVE('',#4394,#4395,#493,.T.);
#5605=EDGE_CURVE('',#4395,#4396,#494,.T.);
#5606=EDGE_CURVE('',#4396,#4393,#495,.T.);
#5607=EDGE_CURVE('',#4389,#3881,#2485,.T.);
#5608=EDGE_CURVE('',#4390,#3880,#2486,.T.);
#5609=EDGE_CURVE('',#4391,#3879,#2487,.T.);
#5610=EDGE_CURVE('',#4392,#3882,#2488,.T.);
#5611=EDGE_CURVE('',#4393,#4397,#2489,.T.);
#5612=EDGE_CURVE('',#4398,#4397,#496,.T.);
#5613=EDGE_CURVE('',#4394,#4398,#2490,.T.);
#5614=EDGE_CURVE('',#4399,#4398,#497,.T.);
#5615=EDGE_CURVE('',#4395,#4399,#2491,.T.);
#5616=EDGE_CURVE('',#4400,#4399,#498,.T.);
#5617=EDGE_CURVE('',#4396,#4400,#2492,.T.);
#5618=EDGE_CURVE('',#4397,#4400,#499,.T.);
#5619=EDGE_CURVE('',#4401,#4402,#500,.T.);
#5620=EDGE_CURVE('',#4401,#3884,#2493,.T.);
#5621=EDGE_CURVE('',#4402,#3883,#2494,.T.);
#5622=EDGE_CURVE('',#4403,#4404,#2495,.T.);
#5623=EDGE_CURVE('',#4404,#4405,#2496,.T.);
#5624=EDGE_CURVE('',#4405,#4406,#2497,.T.);
#5625=EDGE_CURVE('',#4406,#4407,#2498,.T.);
#5626=EDGE_CURVE('',#4407,#4401,#2499,.T.);
#5627=EDGE_CURVE('',#4402,#4408,#501,.T.);
#5628=EDGE_CURVE('',#4408,#4409,#502,.T.);
#5629=EDGE_CURVE('',#4409,#4403,#503,.T.);
#5630=EDGE_CURVE('',#4410,#4411,#2500,.T.);
#5631=EDGE_CURVE('',#4411,#4412,#504,.T.);
#5632=EDGE_CURVE('',#4412,#4413,#505,.T.);
#5633=EDGE_CURVE('',#4413,#4414,#506,.T.);
#5634=EDGE_CURVE('',#4414,#4415,#2501,.T.);
#5635=EDGE_CURVE('',#4415,#4410,#2502,.T.);
#5636=EDGE_CURVE('',#3889,#4403,#2503,.T.);
#5637=EDGE_CURVE('',#4404,#3888,#2504,.T.);
#5638=EDGE_CURVE('',#4405,#3887,#2505,.T.);
#5639=EDGE_CURVE('',#4406,#3886,#2506,.T.);
#5640=EDGE_CURVE('',#4407,#3885,#2507,.T.);
#5641=EDGE_CURVE('',#4409,#3890,#2508,.T.);
#5642=EDGE_CURVE('',#4408,#3891,#2509,.T.);
#5643=EDGE_CURVE('',#4410,#4416,#2510,.T.);
#5644=EDGE_CURVE('',#4416,#4417,#2511,.T.);
#5645=EDGE_CURVE('',#4411,#4417,#2512,.T.);
#5646=EDGE_CURVE('',#4418,#4417,#507,.T.);
#5647=EDGE_CURVE('',#4412,#4418,#2513,.T.);
#5648=EDGE_CURVE('',#4419,#4418,#508,.T.);
#5649=EDGE_CURVE('',#4413,#4419,#2514,.T.);
#5650=EDGE_CURVE('',#4420,#4419,#509,.T.);
#5651=EDGE_CURVE('',#4420,#4414,#2515,.T.);
#5652=EDGE_CURVE('',#4420,#4421,#2516,.T.);
#5653=EDGE_CURVE('',#4415,#4421,#2517,.T.);
#5654=EDGE_CURVE('',#4421,#4416,#2518,.T.);
#5655=EDGE_CURVE('',#4422,#4423,#2519,.T.);
#5656=EDGE_CURVE('',#4422,#3892,#2520,.T.);
#5657=EDGE_CURVE('',#4423,#3893,#2521,.T.);
#5658=EDGE_CURVE('',#4424,#4425,#2522,.T.);
#5659=EDGE_CURVE('',#4425,#4426,#2523,.T.);
#5660=EDGE_CURVE('',#4426,#4427,#2524,.T.);
#5661=EDGE_CURVE('',#4427,#4422,#2525,.T.);
#5662=EDGE_CURVE('',#4423,#4428,#510,.T.);
#5663=EDGE_CURVE('',#4428,#4429,#511,.T.);
#5664=EDGE_CURVE('',#4429,#4430,#512,.T.);
#5665=EDGE_CURVE('',#4430,#4424,#513,.T.);
#5666=EDGE_CURVE('',#4431,#4432,#2526,.T.);
#5667=EDGE_CURVE('',#4432,#4433,#514,.T.);
#5668=EDGE_CURVE('',#4433,#4434,#515,.T.);
#5669=EDGE_CURVE('',#4434,#4435,#516,.T.);
#5670=EDGE_CURVE('',#4435,#4436,#2527,.T.);
#5671=EDGE_CURVE('',#4436,#4431,#2528,.T.);
#5672=EDGE_CURVE('',#3897,#4424,#2529,.T.);
#5673=EDGE_CURVE('',#4425,#3896,#2530,.T.);
#5674=EDGE_CURVE('',#4426,#3895,#2531,.T.);
#5675=EDGE_CURVE('',#4427,#3894,#2532,.T.);
#5676=EDGE_CURVE('',#4430,#3898,#2533,.T.);
#5677=EDGE_CURVE('',#4429,#3899,#2534,.T.);
#5678=EDGE_CURVE('',#4428,#3900,#2535,.T.);
#5679=EDGE_CURVE('',#4431,#4437,#2536,.T.);
#5680=EDGE_CURVE('',#4437,#4438,#2537,.T.);
#5681=EDGE_CURVE('',#4432,#4438,#2538,.T.);
#5682=EDGE_CURVE('',#4439,#4438,#517,.T.);
#5683=EDGE_CURVE('',#4433,#4439,#2539,.T.);
#5684=EDGE_CURVE('',#4440,#4439,#518,.T.);
#5685=EDGE_CURVE('',#4434,#4440,#2540,.T.);
#5686=EDGE_CURVE('',#4441,#4440,#519,.T.);
#5687=EDGE_CURVE('',#4441,#4435,#2541,.T.);
#5688=EDGE_CURVE('',#4441,#4442,#2542,.T.);
#5689=EDGE_CURVE('',#4436,#4442,#2543,.T.);
#5690=EDGE_CURVE('',#4442,#4437,#2544,.T.);
#5691=EDGE_CURVE('',#4443,#4444,#2545,.T.);
#5692=EDGE_CURVE('',#4443,#3901,#2546,.T.);
#5693=EDGE_CURVE('',#4444,#3902,#2547,.T.);
#5694=EDGE_CURVE('',#4445,#4446,#2548,.T.);
#5695=EDGE_CURVE('',#4446,#4447,#2549,.T.);
#5696=EDGE_CURVE('',#4447,#4448,#2550,.T.);
#5697=EDGE_CURVE('',#4448,#4449,#2551,.T.);
#5698=EDGE_CURVE('',#4449,#4443,#2552,.T.);
#5699=EDGE_CURVE('',#4444,#4450,#2553,.T.);
#5700=EDGE_CURVE('',#4450,#4445,#2554,.T.);
#5701=EDGE_CURVE('',#4445,#3907,#2555,.T.);
#5702=EDGE_CURVE('',#4446,#3906,#2556,.T.);
#5703=EDGE_CURVE('',#4447,#3905,#2557,.T.);
#5704=EDGE_CURVE('',#4448,#3904,#2558,.T.);
#5705=EDGE_CURVE('',#4449,#3903,#2559,.T.);
#5706=EDGE_CURVE('',#4450,#3908,#2560,.T.);
#5707=EDGE_CURVE('',#4451,#4452,#520,.T.);
#5708=EDGE_CURVE('',#4451,#3910,#2561,.T.);
#5709=EDGE_CURVE('',#4452,#3909,#2562,.T.);
#5710=EDGE_CURVE('',#4453,#4454,#521,.T.);
#5711=EDGE_CURVE('',#4454,#4455,#522,.T.);
#5712=EDGE_CURVE('',#4455,#4451,#523,.T.);
#5713=EDGE_CURVE('',#4452,#4456,#524,.T.);
#5714=EDGE_CURVE('',#4456,#4453,#525,.T.);
#5715=EDGE_CURVE('',#4457,#4458,#526,.T.);
#5716=EDGE_CURVE('',#4458,#4459,#527,.T.);
#5717=EDGE_CURVE('',#4459,#4460,#528,.T.);
#5718=EDGE_CURVE('',#4460,#4457,#529,.T.);
#5719=EDGE_CURVE('',#4453,#3913,#2563,.T.);
#5720=EDGE_CURVE('',#4454,#3912,#2564,.T.);
#5721=EDGE_CURVE('',#4455,#3911,#2565,.T.);
#5722=EDGE_CURVE('',#4456,#3914,#2566,.T.);
#5723=EDGE_CURVE('',#4457,#4461,#2567,.T.);
#5724=EDGE_CURVE('',#4462,#4461,#530,.T.);
#5725=EDGE_CURVE('',#4458,#4462,#2568,.T.);
#5726=EDGE_CURVE('',#4463,#4462,#531,.T.);
#5727=EDGE_CURVE('',#4459,#4463,#2569,.T.);
#5728=EDGE_CURVE('',#4464,#4463,#532,.T.);
#5729=EDGE_CURVE('',#4460,#4464,#2570,.T.);
#5730=EDGE_CURVE('',#4461,#4464,#533,.T.);
#5731=EDGE_CURVE('',#4465,#4466,#2571,.T.);
#5732=EDGE_CURVE('',#4465,#3915,#2572,.T.);
#5733=EDGE_CURVE('',#4466,#3916,#2573,.T.);
#5734=EDGE_CURVE('',#4467,#4468,#2574,.T.);
#5735=EDGE_CURVE('',#4468,#4469,#2575,.T.);
#5736=EDGE_CURVE('',#4469,#4470,#2576,.T.);
#5737=EDGE_CURVE('',#4470,#4471,#2577,.T.);
#5738=EDGE_CURVE('',#4471,#4465,#2578,.T.);
#5739=EDGE_CURVE('',#4466,#4472,#2579,.T.);
#5740=EDGE_CURVE('',#4472,#4467,#2580,.T.);
#5741=EDGE_CURVE('',#4467,#3921,#2581,.T.);
#5742=EDGE_CURVE('',#4468,#3920,#2582,.T.);
#5743=EDGE_CURVE('',#4469,#3919,#2583,.T.);
#5744=EDGE_CURVE('',#4470,#3918,#2584,.T.);
#5745=EDGE_CURVE('',#4471,#3917,#2585,.T.);
#5746=EDGE_CURVE('',#4472,#3922,#2586,.T.);
#5747=EDGE_CURVE('',#4473,#4474,#2587,.T.);
#5748=EDGE_CURVE('',#4473,#3923,#2588,.T.);
#5749=EDGE_CURVE('',#4474,#3924,#2589,.T.);
#5750=EDGE_CURVE('',#4474,#4475,#2590,.T.);
#5751=EDGE_CURVE('',#4475,#4476,#2591,.T.);
#5752=EDGE_CURVE('',#4476,#4477,#2592,.T.);
#5753=EDGE_CURVE('',#4477,#4478,#2593,.T.);
#5754=EDGE_CURVE('',#4478,#4479,#2594,.T.);
#5755=EDGE_CURVE('',#4479,#4473,#2595,.T.);
#5756=EDGE_CURVE('',#4479,#3925,#2596,.T.);
#5757=EDGE_CURVE('',#4478,#3926,#2597,.T.);
#5758=EDGE_CURVE('',#4477,#3927,#2598,.T.);
#5759=EDGE_CURVE('',#4476,#3928,#2599,.T.);
#5760=EDGE_CURVE('',#4475,#3929,#2600,.T.);
#5761=EDGE_CURVE('',#4480,#4481,#2601,.T.);
#5762=EDGE_CURVE('',#4480,#3930,#2602,.T.);
#5763=EDGE_CURVE('',#4481,#3931,#2603,.T.);
#5764=EDGE_CURVE('',#4481,#4482,#2604,.T.);
#5765=EDGE_CURVE('',#4482,#4483,#2605,.T.);
#5766=EDGE_CURVE('',#4483,#4484,#2606,.T.);
#5767=EDGE_CURVE('',#4484,#4485,#2607,.T.);
#5768=EDGE_CURVE('',#4485,#4486,#2608,.T.);
#5769=EDGE_CURVE('',#4486,#4480,#2609,.T.);
#5770=EDGE_CURVE('',#4486,#3932,#2610,.T.);
#5771=EDGE_CURVE('',#4485,#3933,#2611,.T.);
#5772=EDGE_CURVE('',#4484,#3934,#2612,.T.);
#5773=EDGE_CURVE('',#4483,#3935,#2613,.T.);
#5774=EDGE_CURVE('',#4482,#3936,#2614,.T.);
#5775=EDGE_CURVE('',#4487,#4488,#1911,.T.);
#5776=EDGE_CURVE('',#4488,#4489,#1912,.T.);
#5777=EDGE_CURVE('',#4490,#4489,#2615,.T.);
#5778=EDGE_CURVE('',#4490,#4491,#2616,.T.);
#5779=EDGE_CURVE('',#4491,#4492,#2617,.T.);
#5780=EDGE_CURVE('',#4493,#4492,#2618,.T.);
#5781=EDGE_CURVE('',#4493,#4494,#1913,.T.);
#5782=EDGE_CURVE('',#4495,#4494,#2619,.T.);
#5783=EDGE_CURVE('',#4495,#4496,#1914,.T.);
#5784=EDGE_CURVE('',#4497,#4496,#2620,.T.);
#5785=EDGE_CURVE('',#4497,#4498,#1915,.T.);
#5786=EDGE_CURVE('',#4498,#4499,#1916,.T.);
#5787=EDGE_CURVE('',#4499,#4500,#1917,.T.);
#5788=EDGE_CURVE('',#4500,#4487,#1918,.T.);
#5789=EDGE_CURVE('',#4501,#4487,#2621,.T.);
#5790=EDGE_CURVE('',#4502,#4501,#1919,.T.);
#5791=EDGE_CURVE('',#4488,#4502,#2622,.T.);
#5792=EDGE_CURVE('',#4503,#4502,#1920,.T.);
#5793=EDGE_CURVE('',#4503,#4489,#2623,.T.);
#5794=EDGE_CURVE('',#4503,#4504,#2624,.T.);
#5795=EDGE_CURVE('',#4504,#4505,#2625,.T.);
#5796=EDGE_CURVE('',#4505,#4506,#2626,.T.);
#5797=EDGE_CURVE('',#4506,#4490,#2627,.T.);
#5798=EDGE_CURVE('',#4507,#4506,#2628,.T.);
#5799=EDGE_CURVE('',#4507,#4508,#2629,.T.);
#5800=EDGE_CURVE('',#4508,#4509,#2630,.T.);
#5801=EDGE_CURVE('',#4509,#4510,#2631,.T.);
#5802=EDGE_CURVE('',#4510,#4511,#2632,.T.);
#5803=EDGE_CURVE('',#4491,#4511,#2633,.T.);
#5804=EDGE_CURVE('',#4511,#4512,#2634,.T.);
#5805=EDGE_CURVE('',#4512,#4513,#2635,.T.);
#5806=EDGE_CURVE('',#4513,#4514,#2636,.T.);
#5807=EDGE_CURVE('',#4492,#4514,#2637,.T.);
#5808=EDGE_CURVE('',#4515,#4510,#2638,.T.);
#5809=EDGE_CURVE('',#4512,#4515,#2639,.T.);
#5810=EDGE_CURVE('',#4516,#4517,#2640,.T.);
#5811=EDGE_CURVE('',#4518,#4516,#2641,.T.);
#5812=EDGE_CURVE('',#4519,#4518,#2642,.T.);
#5813=EDGE_CURVE('',#4517,#4519,#2643,.T.);
#5814=EDGE_CURVE('',#4520,#4515,#2644,.T.);
#5815=EDGE_CURVE('',#4513,#4520,#2645,.T.);
#5816=EDGE_CURVE('',#4514,#4521,#2646,.T.);
#5817=EDGE_CURVE('',#4520,#4521,#2647,.T.);
#5818=EDGE_CURVE('',#4522,#4523,#2648,.T.);
#5819=EDGE_CURVE('',#4522,#4524,#2649,.T.);
#5820=EDGE_CURVE('',#4525,#4524,#2650,.T.);
#5821=EDGE_CURVE('',#4525,#4523,#2651,.T.);
#5822=EDGE_CURVE('',#4526,#4527,#2652,.T.);
#5823=EDGE_CURVE('',#4528,#4526,#2653,.T.);
#5824=EDGE_CURVE('',#4529,#4528,#2654,.T.);
#5825=EDGE_CURVE('',#4529,#4527,#2655,.T.);
#5826=EDGE_CURVE('',#4521,#4530,#2656,.T.);
#5827=EDGE_CURVE('',#4531,#4530,#2657,.T.);
#5828=EDGE_CURVE('',#4532,#4531,#2658,.T.);
#5829=EDGE_CURVE('',#4532,#4533,#2659,.T.);
#5830=EDGE_CURVE('',#4493,#4533,#2660,.T.);
#5831=EDGE_CURVE('',#4534,#4533,#1921,.T.);
#5832=EDGE_CURVE('',#4534,#4494,#2661,.T.);
#5833=EDGE_CURVE('',#4501,#4535,#1922,.T.);
#5834=EDGE_CURVE('',#4535,#4536,#1923,.T.);
#5835=EDGE_CURVE('',#4536,#4537,#1924,.T.);
#5836=EDGE_CURVE('',#4537,#4538,#1925,.T.);
#5837=EDGE_CURVE('',#4538,#4539,#2662,.T.);
#5838=EDGE_CURVE('',#4539,#4540,#1926,.T.);
#5839=EDGE_CURVE('',#4534,#4540,#2663,.T.);
#5840=EDGE_CURVE('',#4532,#4541,#1927,.T.);
#5841=EDGE_CURVE('',#4542,#4541,#2664,.T.);
#5842=EDGE_CURVE('',#4542,#4543,#1928,.T.);
#5843=EDGE_CURVE('',#4544,#4543,#2665,.T.);
#5844=EDGE_CURVE('',#4544,#4545,#1929,.T.);
#5845=EDGE_CURVE('',#4545,#4546,#1930,.T.);
#5846=EDGE_CURVE('',#4546,#4547,#1931,.T.);
#5847=EDGE_CURVE('',#4547,#4548,#1932,.T.);
#5848=EDGE_CURVE('',#4548,#4549,#1933,.T.);
#5849=EDGE_CURVE('',#4549,#4550,#1934,.T.);
#5850=EDGE_CURVE('',#4551,#4550,#2666,.T.);
#5851=EDGE_CURVE('',#4504,#4551,#2667,.T.);
#5852=EDGE_CURVE('',#4552,#4551,#2668,.T.);
#5853=EDGE_CURVE('',#4552,#4505,#2669,.T.);
#5854=EDGE_CURVE('',#4507,#4552,#2670,.T.);
#5855=EDGE_CURVE('',#4553,#4508,#2671,.T.);
#5856=EDGE_CURVE('',#4553,#4550,#2672,.T.);
#5857=EDGE_CURVE('',#4554,#4555,#1935,.T.);
#5858=EDGE_CURVE('',#4555,#4556,#1936,.T.);
#5859=EDGE_CURVE('',#4556,#4557,#1937,.T.);
#5860=EDGE_CURVE('',#4557,#4558,#1938,.T.);
#5861=EDGE_CURVE('',#4558,#4559,#1939,.T.);
#5862=EDGE_CURVE('',#4559,#4560,#2673,.T.);
#5863=EDGE_CURVE('',#4560,#4561,#1940,.T.);
#5864=EDGE_CURVE('',#4562,#4561,#2674,.T.);
#5865=EDGE_CURVE('',#4562,#4531,#1941,.T.);
#5866=EDGE_CURVE('',#4530,#4509,#2675,.T.);
#5867=EDGE_CURVE('',#4553,#4554,#1942,.T.);
#5868=EDGE_CURVE('',#4555,#4548,#2676,.T.);
#5869=EDGE_CURVE('',#4554,#4549,#2677,.T.);
#5870=EDGE_CURVE('',#4556,#4547,#2678,.T.);
#5871=EDGE_CURVE('',#4557,#4546,#2679,.T.);
#5872=EDGE_CURVE('',#4545,#4558,#2680,.T.);
#5873=EDGE_CURVE('',#4544,#4559,#2681,.T.);
#5874=EDGE_CURVE('',#4560,#4543,#2682,.T.);
#5875=EDGE_CURVE('',#4542,#4561,#2683,.T.);
#5876=EDGE_CURVE('',#4562,#4541,#2684,.T.);
#5877=EDGE_CURVE('',#4495,#4540,#2685,.T.);
#5878=EDGE_CURVE('',#4539,#4496,#2686,.T.);
#5879=EDGE_CURVE('',#4497,#4538,#2687,.T.);
#5880=EDGE_CURVE('',#4498,#4537,#2688,.T.);
#5881=EDGE_CURVE('',#4536,#4499,#2689,.T.);
#5882=EDGE_CURVE('',#4535,#4500,#2690,.T.);
#5883=EDGE_CURVE('',#4563,#4523,#2691,.T.);
#5884=EDGE_CURVE('',#4564,#4563,#2692,.T.);
#5885=EDGE_CURVE('',#4522,#4564,#2693,.T.);
#5886=EDGE_CURVE('',#4565,#4564,#2694,.T.);
#5887=EDGE_CURVE('',#4524,#4565,#2695,.T.);
#5888=EDGE_CURVE('',#4566,#4565,#2696,.T.);
#5889=EDGE_CURVE('',#4566,#4525,#2697,.T.);
#5890=EDGE_CURVE('',#4563,#4566,#2698,.T.);
#5891=EDGE_CURVE('',#4527,#4516,#2699,.T.);
#5892=EDGE_CURVE('',#4517,#4526,#2700,.T.);
#5893=EDGE_CURVE('',#4519,#4528,#2701,.T.);
#5894=EDGE_CURVE('',#4529,#4518,#2702,.T.);
#5895=EDGE_CURVE('',#4567,#4568,#2703,.T.);
#5896=EDGE_CURVE('',#4569,#4568,#2704,.T.);
#5897=EDGE_CURVE('',#4570,#4569,#2705,.T.);
#5898=EDGE_CURVE('',#4570,#4571,#2706,.T.);
#5899=EDGE_CURVE('',#4571,#4572,#2707,.T.);
#5900=EDGE_CURVE('',#4572,#4573,#2708,.T.);
#5901=EDGE_CURVE('',#4574,#4573,#2709,.T.);
#5902=EDGE_CURVE('',#4567,#4574,#2710,.T.);
#5903=EDGE_CURVE('',#4575,#4567,#2711,.T.);
#5904=EDGE_CURVE('',#4576,#4575,#2712,.T.);
#5905=EDGE_CURVE('',#4577,#4576,#2713,.T.);
#5906=EDGE_CURVE('',#4577,#4578,#2714,.T.);
#5907=EDGE_CURVE('',#4578,#4579,#1943,.T.);
#5908=EDGE_CURVE('',#4579,#4580,#2715,.T.);
#5909=EDGE_CURVE('',#4580,#4581,#1944,.T.);
#5910=EDGE_CURVE('',#4581,#4582,#2716,.T.);
#5911=EDGE_CURVE('',#4583,#4582,#2717,.T.);
#5912=EDGE_CURVE('',#4584,#4583,#2718,.T.);
#5913=EDGE_CURVE('',#4568,#4584,#2719,.T.);
#5914=EDGE_CURVE('',#4585,#4584,#2720,.T.);
#5915=EDGE_CURVE('',#4586,#4585,#2721,.T.);
#5916=EDGE_CURVE('',#4586,#4587,#2722,.T.);
#5917=EDGE_CURVE('',#4588,#4587,#2723,.T.);
#5918=EDGE_CURVE('',#4569,#4588,#2724,.T.);
#5919=EDGE_CURVE('',#4588,#4589,#2725,.T.);
#5920=EDGE_CURVE('',#4589,#4570,#2726,.T.);
#5921=EDGE_CURVE('',#4590,#4579,#2727,.T.);
#5922=EDGE_CURVE('',#4590,#4591,#2728,.T.);
#5923=EDGE_CURVE('',#4592,#4591,#2729,.T.);
#5924=EDGE_CURVE('',#4593,#4592,#2730,.T.);
#5925=EDGE_CURVE('',#4593,#4594,#2731,.T.);
#5926=EDGE_CURVE('',#4595,#4594,#2732,.T.);
#5927=EDGE_CURVE('',#4595,#4589,#2733,.T.);
#5928=EDGE_CURVE('',#4587,#4596,#2734,.T.);
#5929=EDGE_CURVE('',#4580,#4596,#2735,.T.);
#5930=EDGE_CURVE('',#4590,#4597,#1945,.T.);
#5931=EDGE_CURVE('',#4578,#4597,#2736,.T.);
#5932=EDGE_CURVE('',#4598,#4597,#2737,.T.);
#5933=EDGE_CURVE('',#4598,#4599,#1946,.T.);
#5934=EDGE_CURVE('',#4600,#4599,#2738,.T.);
#5935=EDGE_CURVE('',#4591,#4600,#2739,.T.);
#5936=EDGE_CURVE('',#4601,#4600,#2740,.T.);
#5937=EDGE_CURVE('',#4601,#4575,#2741,.T.);
#5938=EDGE_CURVE('',#4574,#4592,#2742,.T.);
#5939=EDGE_CURVE('',#4593,#4573,#2743,.T.);
#5940=EDGE_CURVE('',#4572,#4594,#2744,.T.);
#5941=EDGE_CURVE('',#4571,#4595,#2745,.T.);
#5942=EDGE_CURVE('',#4602,#4601,#2746,.T.);
#5943=EDGE_CURVE('',#4602,#4603,#2747,.T.);
#5944=EDGE_CURVE('',#4604,#4603,#2748,.T.);
#5945=EDGE_CURVE('',#4604,#4575,#2749,.T.);
#5946=EDGE_CURVE('',#4605,#4606,#2750,.T.);
#5947=EDGE_CURVE('',#4605,#4602,#2751,.T.);
#5948=EDGE_CURVE('',#4586,#4600,#2752,.T.);
#5949=EDGE_CURVE('',#4585,#4607,#2753,.T.);
#5950=EDGE_CURVE('',#4606,#4607,#2754,.T.);
#5951=EDGE_CURVE('',#4606,#4608,#2755,.T.);
#5952=EDGE_CURVE('',#4609,#4608,#2756,.T.);
#5953=EDGE_CURVE('',#4609,#4610,#2757,.T.);
#5954=EDGE_CURVE('',#4610,#4611,#2758,.T.);
#5955=EDGE_CURVE('',#4612,#4611,#2759,.T.);
#5956=EDGE_CURVE('',#4612,#4613,#2760,.T.);
#5957=EDGE_CURVE('',#4605,#4613,#2761,.T.);
#5958=EDGE_CURVE('',#4613,#4603,#2762,.T.);
#5959=EDGE_CURVE('',#4612,#4604,#2763,.T.);
#5960=EDGE_CURVE('',#4614,#4611,#2764,.T.);
#5961=EDGE_CURVE('',#4615,#4614,#2765,.T.);
#5962=EDGE_CURVE('',#4615,#4616,#2766,.T.);
#5963=EDGE_CURVE('',#4617,#4616,#2767,.T.);
#5964=EDGE_CURVE('',#4617,#4618,#2768,.T.);
#5965=EDGE_CURVE('',#4619,#4618,#186,.T.);
#5966=EDGE_CURVE('',#4619,#4620,#2769,.T.);
#5967=EDGE_CURVE('',#4621,#4620,#187,.T.);
#5968=EDGE_CURVE('',#4621,#4622,#2770,.T.);
#5969=EDGE_CURVE('',#4623,#4622,#188,.T.);
#5970=EDGE_CURVE('',#4623,#4624,#2771,.T.);
#5971=EDGE_CURVE('',#4576,#4624,#189,.T.);
#5972=EDGE_CURVE('',#4577,#4625,#1947,.T.);
#5973=EDGE_CURVE('',#4624,#4625,#2772,.T.);
#5974=EDGE_CURVE('',#4626,#4627,#2773,.T.);
#5975=EDGE_CURVE('',#4628,#4626,#2774,.T.);
#5976=EDGE_CURVE('',#4629,#4628,#2775,.T.);
#5977=EDGE_CURVE('',#4630,#4629,#2776,.T.);
#5978=EDGE_CURVE('',#4598,#4630,#2777,.T.);
#5979=EDGE_CURVE('',#4631,#4625,#2778,.T.);
#5980=EDGE_CURVE('',#4631,#4632,#1948,.T.);
#5981=EDGE_CURVE('',#4633,#4632,#2779,.T.);
#5982=EDGE_CURVE('',#4633,#4634,#1949,.T.);
#5983=EDGE_CURVE('',#4634,#4635,#2780,.T.);
#5984=EDGE_CURVE('',#4635,#4636,#1950,.T.);
#5985=EDGE_CURVE('',#4627,#4636,#2781,.T.);
#5986=EDGE_CURVE('',#4626,#4637,#1951,.T.);
#5987=EDGE_CURVE('',#4638,#4627,#1952,.T.);
#5988=EDGE_CURVE('',#4638,#4637,#2782,.T.);
#5989=EDGE_CURVE('',#4639,#4637,#2783,.T.);
#5990=EDGE_CURVE('',#4640,#4639,#2784,.T.);
#5991=EDGE_CURVE('',#4641,#4640,#2785,.T.);
#5992=EDGE_CURVE('',#4641,#4628,#1953,.T.);
#5993=EDGE_CURVE('',#4629,#4642,#1954,.T.);
#5994=EDGE_CURVE('',#4641,#4642,#2786,.T.);
#5995=EDGE_CURVE('',#4643,#4629,#1955,.T.);
#5996=EDGE_CURVE('',#4642,#4643,#1956,.T.);
#5997=EDGE_CURVE('',#4643,#4644,#2787,.T.);
#5998=EDGE_CURVE('',#4630,#4644,#1957,.T.);
#5999=EDGE_CURVE('',#4645,#4630,#1958,.T.);
#6000=EDGE_CURVE('',#4644,#4645,#1959,.T.);
#6001=EDGE_CURVE('',#4645,#4599,#2788,.T.);
#6002=EDGE_CURVE('',#4646,#4645,#2789,.T.);
#6003=EDGE_CURVE('',#4647,#4646,#2790,.T.);
#6004=EDGE_CURVE('',#4647,#4586,#2791,.T.);
#6005=EDGE_CURVE('',#4648,#4596,#1960,.T.);
#6006=EDGE_CURVE('',#4647,#4649,#1961,.T.);
#6007=EDGE_CURVE('',#4649,#4648,#2792,.T.);
#6008=EDGE_CURVE('',#4648,#4581,#2793,.T.);
#6009=EDGE_CURVE('',#4650,#4649,#2794,.T.);
#6010=EDGE_CURVE('',#4651,#4650,#2795,.T.);
#6011=EDGE_CURVE('',#4652,#4651,#2796,.T.);
#6012=EDGE_CURVE('',#4652,#4653,#2797,.T.);
#6013=EDGE_CURVE('',#4654,#4653,#2798,.T.);
#6014=EDGE_CURVE('',#4655,#4654,#2799,.T.);
#6015=EDGE_CURVE('',#4655,#4656,#1962,.T.);
#6016=EDGE_CURVE('',#4656,#4657,#2800,.T.);
#6017=EDGE_CURVE('',#4657,#4658,#1963,.T.);
#6018=EDGE_CURVE('',#4658,#4659,#2801,.T.);
#6019=EDGE_CURVE('',#4659,#4660,#1964,.T.);
#6020=EDGE_CURVE('',#4660,#4661,#2802,.T.);
#6021=EDGE_CURVE('',#4661,#4582,#1965,.T.);
#6022=EDGE_CURVE('',#4662,#4583,#190,.T.);
#6023=EDGE_CURVE('',#4661,#4662,#2803,.T.);
#6024=EDGE_CURVE('',#4584,#4663,#2804,.T.);
#6025=EDGE_CURVE('',#4664,#4662,#2805,.T.);
#6026=EDGE_CURVE('',#4665,#4664,#191,.T.);
#6027=EDGE_CURVE('',#4666,#4665,#2806,.T.);
#6028=EDGE_CURVE('',#4667,#4666,#192,.T.);
#6029=EDGE_CURVE('',#4668,#4667,#2807,.T.);
#6030=EDGE_CURVE('',#4669,#4668,#193,.T.);
#6031=EDGE_CURVE('',#4669,#4670,#2808,.T.);
#6032=EDGE_CURVE('',#4671,#4670,#2809,.T.);
#6033=EDGE_CURVE('',#4672,#4671,#2810,.T.);
#6034=EDGE_CURVE('',#4672,#4673,#2811,.T.);
#6035=EDGE_CURVE('',#4610,#4673,#2812,.T.);
#6036=EDGE_CURVE('',#4609,#4663,#2813,.T.);
#6037=EDGE_CURVE('',#4663,#4674,#2814,.T.);
#6038=EDGE_CURVE('',#4674,#4607,#2815,.T.);
#6039=EDGE_CURVE('',#4608,#4674,#2816,.T.);
#6040=EDGE_CURVE('',#4614,#4673,#2817,.T.);
#6041=EDGE_CURVE('',#4675,#4676,#2818,.T.);
#6042=EDGE_CURVE('',#4675,#4677,#2819,.T.);
#6043=EDGE_CURVE('',#4615,#4677,#2820,.T.);
#6044=EDGE_CURVE('',#4672,#4678,#2821,.T.);
#6045=EDGE_CURVE('',#4676,#4678,#2822,.T.);
#6046=EDGE_CURVE('',#4679,#4640,#2823,.T.);
#6047=EDGE_CURVE('',#4640,#4680,#2824,.T.);
#6048=EDGE_CURVE('',#4680,#4681,#2825,.T.);
#6049=EDGE_CURVE('',#4675,#4681,#2826,.T.);
#6050=EDGE_CURVE('',#4676,#4682,#2827,.T.);
#6051=EDGE_CURVE('',#4682,#4683,#2828,.T.);
#6052=EDGE_CURVE('',#4683,#4679,#2829,.T.);
#6053=EDGE_CURVE('',#4679,#4684,#2830,.T.);
#6054=EDGE_CURVE('',#4685,#4684,#2831,.T.);
#6055=EDGE_CURVE('',#4642,#4685,#2832,.T.);
#6056=EDGE_CURVE('',#4686,#4685,#1966,.T.);
#6057=EDGE_CURVE('',#4686,#4643,#2833,.T.);
#6058=EDGE_CURVE('',#4687,#4686,#2834,.T.);
#6059=EDGE_CURVE('',#4644,#4687,#2835,.T.);
#6060=EDGE_CURVE('',#4688,#4689,#2836,.T.);
#6061=EDGE_CURVE('',#4689,#4690,#2837,.T.);
#6062=EDGE_CURVE('',#4690,#4691,#2838,.T.);
#6063=EDGE_CURVE('',#4691,#4688,#2839,.T.);
#6064=EDGE_CURVE('',#4646,#4687,#1967,.T.);
#6065=EDGE_CURVE('',#4687,#4650,#1968,.T.);
#6066=EDGE_CURVE('',#4650,#4646,#1969,.T.);
#6067=EDGE_CURVE('',#4651,#4686,#1970,.T.);
#6068=EDGE_CURVE('',#4685,#4651,#1971,.T.);
#6069=EDGE_CURVE('',#4652,#4684,#1972,.T.);
#6070=EDGE_CURVE('',#4692,#4653,#1973,.T.);
#6071=EDGE_CURVE('',#4693,#4679,#2840,.T.);
#6072=EDGE_CURVE('',#4692,#4693,#2841,.T.);
#6073=EDGE_CURVE('',#4654,#4694,#1974,.T.);
#6074=EDGE_CURVE('',#4692,#4694,#2842,.T.);
#6075=EDGE_CURVE('',#4695,#4696,#2843,.T.);
#6076=EDGE_CURVE('',#4670,#4696,#2844,.T.);
#6077=EDGE_CURVE('',#4655,#4669,#2845,.T.);
#6078=EDGE_CURVE('',#4694,#4638,#2846,.T.);
#6079=EDGE_CURVE('',#4618,#4636,#2847,.T.);
#6080=EDGE_CURVE('',#4695,#4617,#2848,.T.);
#6081=EDGE_CURVE('',#4697,#4695,#2849,.T.);
#6082=EDGE_CURVE('',#4698,#4697,#2850,.T.);
#6083=EDGE_CURVE('',#4699,#4698,#2851,.T.);
#6084=EDGE_CURVE('',#4700,#4699,#2852,.T.);
#6085=EDGE_CURVE('',#4701,#4700,#2853,.T.);
#6086=EDGE_CURVE('',#4702,#4701,#2854,.T.);
#6087=EDGE_CURVE('',#4696,#4702,#2855,.T.);
#6088=EDGE_CURVE('',#4703,#4704,#2856,.T.);
#6089=EDGE_CURVE('',#4705,#4703,#194,.T.);
#6090=EDGE_CURVE('',#4706,#4705,#2857,.T.);
#6091=EDGE_CURVE('',#4707,#4706,#195,.T.);
#6092=EDGE_CURVE('',#4708,#4707,#2858,.T.);
#6093=EDGE_CURVE('',#4708,#4709,#196,.T.);
#6094=EDGE_CURVE('',#4710,#4709,#2859,.T.);
#6095=EDGE_CURVE('',#4710,#4704,#197,.T.);
#6096=EDGE_CURVE('',#4683,#4670,#2860,.T.);
#6097=EDGE_CURVE('',#4702,#4711,#2861,.T.);
#6098=EDGE_CURVE('',#4711,#4693,#2862,.T.);
#6099=EDGE_CURVE('',#4711,#4712,#2863,.T.);
#6100=EDGE_CURVE('',#4712,#4713,#2864,.T.);
#6101=EDGE_CURVE('',#4713,#4714,#2865,.T.);
#6102=EDGE_CURVE('',#4714,#4715,#2866,.T.);
#6103=EDGE_CURVE('',#4715,#4716,#2867,.T.);
#6104=EDGE_CURVE('',#4716,#4639,#2868,.T.);
#6105=EDGE_CURVE('',#4717,#4718,#2869,.T.);
#6106=EDGE_CURVE('',#4718,#4719,#1975,.T.);
#6107=EDGE_CURVE('',#4719,#4720,#2870,.T.);
#6108=EDGE_CURVE('',#4720,#4721,#1976,.T.);
#6109=EDGE_CURVE('',#4721,#4722,#2871,.T.);
#6110=EDGE_CURVE('',#4722,#4723,#1977,.T.);
#6111=EDGE_CURVE('',#4723,#4724,#2872,.T.);
#6112=EDGE_CURVE('',#4724,#4717,#1978,.T.);
#6113=EDGE_CURVE('',#4680,#4617,#2873,.T.);
#6114=EDGE_CURVE('',#4697,#4716,#2874,.T.);
#6115=EDGE_CURVE('',#4715,#4698,#2875,.T.);
#6116=EDGE_CURVE('',#4699,#4714,#2876,.T.);
#6117=EDGE_CURVE('',#4700,#4713,#2877,.T.);
#6118=EDGE_CURVE('',#4712,#4701,#2878,.T.);
#6119=EDGE_CURVE('',#4616,#4725,#2879,.T.);
#6120=EDGE_CURVE('',#4725,#4681,#2880,.T.);
#6121=EDGE_CURVE('',#4677,#4725,#2881,.T.);
#6122=EDGE_CURVE('',#4703,#4717,#2882,.T.);
#6123=EDGE_CURVE('',#4718,#4704,#2883,.T.);
#6124=EDGE_CURVE('',#4724,#4705,#2884,.T.);
#6125=EDGE_CURVE('',#4706,#4723,#2885,.T.);
#6126=EDGE_CURVE('',#4722,#4707,#2886,.T.);
#6127=EDGE_CURVE('',#4708,#4721,#2887,.T.);
#6128=EDGE_CURVE('',#4720,#4709,#2888,.T.);
#6129=EDGE_CURVE('',#4710,#4719,#2889,.T.);
#6130=EDGE_CURVE('',#4682,#4726,#2890,.T.);
#6131=EDGE_CURVE('',#4671,#4726,#2891,.T.);
#6132=EDGE_CURVE('',#4678,#4726,#2892,.T.);
#6133=EDGE_CURVE('',#4635,#4619,#2893,.T.);
#6134=EDGE_CURVE('',#4620,#4634,#2894,.T.);
#6135=EDGE_CURVE('',#4633,#4621,#2895,.T.);
#6136=EDGE_CURVE('',#4622,#4632,#2896,.T.);
#6137=EDGE_CURVE('',#4631,#4623,#2897,.T.);
#6138=EDGE_CURVE('',#4668,#4656,#2898,.T.);
#6139=EDGE_CURVE('',#4657,#4667,#2899,.T.);
#6140=EDGE_CURVE('',#4666,#4658,#2900,.T.);
#6141=EDGE_CURVE('',#4659,#4665,#2901,.T.);
#6142=EDGE_CURVE('',#4664,#4660,#2902,.T.);
#6143=EDGE_CURVE('',#4727,#4688,#2903,.T.);
#6144=EDGE_CURVE('',#4727,#4728,#2904,.T.);
#6145=EDGE_CURVE('',#4728,#4689,#2905,.T.);
#6146=EDGE_CURVE('',#4728,#4729,#2906,.T.);
#6147=EDGE_CURVE('',#4729,#4690,#2907,.T.);
#6148=EDGE_CURVE('',#4729,#4730,#2908,.T.);
#6149=EDGE_CURVE('',#4730,#4691,#2909,.T.);
#6150=EDGE_CURVE('',#4730,#4727,#2910,.T.);
#6151=ORIENTED_EDGE('',*,*,#4731,.T.);
#6152=ORIENTED_EDGE('',*,*,#4732,.T.);
#6153=ORIENTED_EDGE('',*,*,#4733,.F.);
#6154=ORIENTED_EDGE('',*,*,#4734,.F.);
#6155=ORIENTED_EDGE('',*,*,#4735,.T.);
#6156=ORIENTED_EDGE('',*,*,#4736,.T.);
#6157=ORIENTED_EDGE('',*,*,#4737,.F.);
#6158=ORIENTED_EDGE('',*,*,#4738,.T.);
#6159=ORIENTED_EDGE('',*,*,#4739,.T.);
#6160=ORIENTED_EDGE('',*,*,#4740,.T.);
#6161=ORIENTED_EDGE('',*,*,#4741,.F.);
#6162=ORIENTED_EDGE('',*,*,#4742,.T.);
#6163=ORIENTED_EDGE('',*,*,#4743,.T.);
#6164=ORIENTED_EDGE('',*,*,#4744,.T.);
#6165=ORIENTED_EDGE('',*,*,#4745,.F.);
#6166=ORIENTED_EDGE('',*,*,#4746,.F.);
#6167=ORIENTED_EDGE('',*,*,#4731,.F.);
#6168=ORIENTED_EDGE('',*,*,#4747,.T.);
#6169=ORIENTED_EDGE('',*,*,#4748,.F.);
#6170=ORIENTED_EDGE('',*,*,#4749,.F.);
#6171=ORIENTED_EDGE('',*,*,#4737,.T.);
#6172=ORIENTED_EDGE('',*,*,#4750,.T.);
#6173=ORIENTED_EDGE('',*,*,#4751,.F.);
#6174=ORIENTED_EDGE('',*,*,#4752,.F.);
#6175=ORIENTED_EDGE('',*,*,#4753,.T.);
#6176=ORIENTED_EDGE('',*,*,#4754,.T.);
#6177=ORIENTED_EDGE('',*,*,#4754,.F.);
#6178=ORIENTED_EDGE('',*,*,#4755,.F.);
#6179=ORIENTED_EDGE('',*,*,#4756,.F.);
#6180=ORIENTED_EDGE('',*,*,#4757,.F.);
#6181=ORIENTED_EDGE('',*,*,#4758,.F.);
#6182=ORIENTED_EDGE('',*,*,#4759,.F.);
#6183=ORIENTED_EDGE('',*,*,#4760,.F.);
#6184=ORIENTED_EDGE('',*,*,#4747,.F.);
#6185=ORIENTED_EDGE('',*,*,#4736,.F.);
#6186=ORIENTED_EDGE('',*,*,#4761,.F.);
#6187=ORIENTED_EDGE('',*,*,#4762,.F.);
#6188=ORIENTED_EDGE('',*,*,#4763,.F.);
#6189=ORIENTED_EDGE('',*,*,#4764,.F.);
#6190=ORIENTED_EDGE('',*,*,#4765,.F.);
#6191=ORIENTED_EDGE('',*,*,#4766,.F.);
#6192=ORIENTED_EDGE('',*,*,#4744,.F.);
#6193=ORIENTED_EDGE('',*,*,#4767,.F.);
#6194=ORIENTED_EDGE('',*,*,#4768,.F.);
#6195=ORIENTED_EDGE('',*,*,#4769,.F.);
#6196=ORIENTED_EDGE('',*,*,#4738,.F.);
#6197=ORIENTED_EDGE('',*,*,#4770,.T.);
#6198=ORIENTED_EDGE('',*,*,#4771,.T.);
#6199=ORIENTED_EDGE('',*,*,#4772,.T.);
#6200=ORIENTED_EDGE('',*,*,#4773,.T.);
#6201=ORIENTED_EDGE('',*,*,#4774,.T.);
#6202=ORIENTED_EDGE('',*,*,#4775,.T.);
#6203=ORIENTED_EDGE('',*,*,#4776,.T.);
#6204=ORIENTED_EDGE('',*,*,#4777,.F.);
#6205=ORIENTED_EDGE('',*,*,#4778,.F.);
#6206=ORIENTED_EDGE('',*,*,#4779,.F.);
#6207=ORIENTED_EDGE('',*,*,#4780,.F.);
#6208=ORIENTED_EDGE('',*,*,#4781,.F.);
#6209=ORIENTED_EDGE('',*,*,#4782,.T.);
#6210=ORIENTED_EDGE('',*,*,#4783,.T.);
#6211=ORIENTED_EDGE('',*,*,#4784,.T.);
#6212=ORIENTED_EDGE('',*,*,#4785,.F.);
#6213=ORIENTED_EDGE('',*,*,#4786,.F.);
#6214=ORIENTED_EDGE('',*,*,#4787,.F.);
#6215=ORIENTED_EDGE('',*,*,#4788,.F.);
#6216=ORIENTED_EDGE('',*,*,#4789,.F.);
#6217=ORIENTED_EDGE('',*,*,#4790,.T.);
#6218=ORIENTED_EDGE('',*,*,#4791,.T.);
#6219=ORIENTED_EDGE('',*,*,#4792,.T.);
#6220=ORIENTED_EDGE('',*,*,#4793,.T.);
#6221=ORIENTED_EDGE('',*,*,#4794,.F.);
#6222=ORIENTED_EDGE('',*,*,#4795,.F.);
#6223=ORIENTED_EDGE('',*,*,#4796,.F.);
#6224=ORIENTED_EDGE('',*,*,#4797,.F.);
#6225=ORIENTED_EDGE('',*,*,#4798,.F.);
#6226=ORIENTED_EDGE('',*,*,#4799,.F.);
#6227=ORIENTED_EDGE('',*,*,#4800,.F.);
#6228=ORIENTED_EDGE('',*,*,#4801,.F.);
#6229=ORIENTED_EDGE('',*,*,#4802,.T.);
#6230=ORIENTED_EDGE('',*,*,#4803,.T.);
#6231=ORIENTED_EDGE('',*,*,#4804,.T.);
#6232=ORIENTED_EDGE('',*,*,#4805,.T.);
#6233=ORIENTED_EDGE('',*,*,#4806,.T.);
#6234=ORIENTED_EDGE('',*,*,#4807,.T.);
#6235=ORIENTED_EDGE('',*,*,#4808,.F.);
#6236=ORIENTED_EDGE('',*,*,#4809,.F.);
#6237=ORIENTED_EDGE('',*,*,#4810,.F.);
#6238=ORIENTED_EDGE('',*,*,#4811,.F.);
#6239=ORIENTED_EDGE('',*,*,#4812,.F.);
#6240=ORIENTED_EDGE('',*,*,#4813,.F.);
#6241=ORIENTED_EDGE('',*,*,#4814,.F.);
#6242=ORIENTED_EDGE('',*,*,#4815,.F.);
#6243=ORIENTED_EDGE('',*,*,#4816,.F.);
#6244=ORIENTED_EDGE('',*,*,#4817,.T.);
#6245=ORIENTED_EDGE('',*,*,#4818,.T.);
#6246=ORIENTED_EDGE('',*,*,#4819,.F.);
#6247=ORIENTED_EDGE('',*,*,#4820,.F.);
#6248=ORIENTED_EDGE('',*,*,#4821,.F.);
#6249=ORIENTED_EDGE('',*,*,#4822,.F.);
#6250=ORIENTED_EDGE('',*,*,#4823,.F.);
#6251=ORIENTED_EDGE('',*,*,#4824,.T.);
#6252=ORIENTED_EDGE('',*,*,#4825,.T.);
#6253=ORIENTED_EDGE('',*,*,#4826,.F.);
#6254=ORIENTED_EDGE('',*,*,#4827,.F.);
#6255=ORIENTED_EDGE('',*,*,#4828,.F.);
#6256=ORIENTED_EDGE('',*,*,#4829,.F.);
#6257=ORIENTED_EDGE('',*,*,#4830,.F.);
#6258=ORIENTED_EDGE('',*,*,#4831,.T.);
#6259=ORIENTED_EDGE('',*,*,#4832,.F.);
#6260=ORIENTED_EDGE('',*,*,#4833,.F.);
#6261=ORIENTED_EDGE('',*,*,#4739,.F.);
#6262=ORIENTED_EDGE('',*,*,#4769,.T.);
#6263=ORIENTED_EDGE('',*,*,#4834,.T.);
#6264=ORIENTED_EDGE('',*,*,#4835,.T.);
#6265=ORIENTED_EDGE('',*,*,#4836,.T.);
#6266=ORIENTED_EDGE('',*,*,#4837,.F.);
#6267=ORIENTED_EDGE('',*,*,#4838,.F.);
#6268=ORIENTED_EDGE('',*,*,#4839,.F.);
#6269=ORIENTED_EDGE('',*,*,#4840,.F.);
#6270=ORIENTED_EDGE('',*,*,#4841,.T.);
#6271=ORIENTED_EDGE('',*,*,#4842,.F.);
#6272=ORIENTED_EDGE('',*,*,#4843,.T.);
#6273=ORIENTED_EDGE('',*,*,#4844,.F.);
#6274=ORIENTED_EDGE('',*,*,#4740,.F.);
#6275=ORIENTED_EDGE('',*,*,#4836,.F.);
#6276=ORIENTED_EDGE('',*,*,#4845,.T.);
#6277=ORIENTED_EDGE('',*,*,#4846,.F.);
#6278=ORIENTED_EDGE('',*,*,#4847,.T.);
#6279=ORIENTED_EDGE('',*,*,#4848,.F.);
#6280=ORIENTED_EDGE('',*,*,#4849,.T.);
#6281=ORIENTED_EDGE('',*,*,#4850,.F.);
#6282=ORIENTED_EDGE('',*,*,#4851,.F.);
#6283=ORIENTED_EDGE('',*,*,#4852,.F.);
#6284=ORIENTED_EDGE('',*,*,#4837,.T.);
#6285=ORIENTED_EDGE('',*,*,#4853,.T.);
#6286=ORIENTED_EDGE('',*,*,#4854,.T.);
#6287=ORIENTED_EDGE('',*,*,#4855,.T.);
#6288=ORIENTED_EDGE('',*,*,#4856,.T.);
#6289=ORIENTED_EDGE('',*,*,#4857,.F.);
#6290=ORIENTED_EDGE('',*,*,#4858,.T.);
#6291=ORIENTED_EDGE('',*,*,#4859,.F.);
#6292=ORIENTED_EDGE('',*,*,#4860,.T.);
#6293=ORIENTED_EDGE('',*,*,#4861,.F.);
#6294=ORIENTED_EDGE('',*,*,#4862,.T.);
#6295=ORIENTED_EDGE('',*,*,#4741,.T.);
#6296=ORIENTED_EDGE('',*,*,#4844,.T.);
#6297=ORIENTED_EDGE('',*,*,#4863,.F.);
#6298=ORIENTED_EDGE('',*,*,#4864,.T.);
#6299=ORIENTED_EDGE('',*,*,#4865,.F.);
#6300=ORIENTED_EDGE('',*,*,#4866,.T.);
#6301=ORIENTED_EDGE('',*,*,#4867,.F.);
#6302=ORIENTED_EDGE('',*,*,#4850,.T.);
#6303=ORIENTED_EDGE('',*,*,#4868,.T.);
#6304=ORIENTED_EDGE('',*,*,#4869,.T.);
#6305=ORIENTED_EDGE('',*,*,#4870,.F.);
#6306=ORIENTED_EDGE('',*,*,#4871,.F.);
#6307=ORIENTED_EDGE('',*,*,#4872,.F.);
#6308=ORIENTED_EDGE('',*,*,#4873,.F.);
#6309=ORIENTED_EDGE('',*,*,#4874,.F.);
#6310=ORIENTED_EDGE('',*,*,#4875,.F.);
#6311=ORIENTED_EDGE('',*,*,#4876,.F.);
#6312=ORIENTED_EDGE('',*,*,#4877,.T.);
#6313=ORIENTED_EDGE('',*,*,#4878,.F.);
#6314=ORIENTED_EDGE('',*,*,#4879,.T.);
#6315=ORIENTED_EDGE('',*,*,#4880,.F.);
#6316=ORIENTED_EDGE('',*,*,#4881,.T.);
#6317=ORIENTED_EDGE('',*,*,#4882,.T.);
#6318=ORIENTED_EDGE('',*,*,#4883,.T.);
#6319=ORIENTED_EDGE('',*,*,#4884,.T.);
#6320=ORIENTED_EDGE('',*,*,#4885,.T.);
#6321=ORIENTED_EDGE('',*,*,#4886,.T.);
#6322=ORIENTED_EDGE('',*,*,#4887,.T.);
#6323=ORIENTED_EDGE('',*,*,#4888,.T.);
#6324=ORIENTED_EDGE('',*,*,#4889,.T.);
#6325=ORIENTED_EDGE('',*,*,#4890,.T.);
#6326=ORIENTED_EDGE('',*,*,#4891,.F.);
#6327=ORIENTED_EDGE('',*,*,#4892,.T.);
#6328=ORIENTED_EDGE('',*,*,#4893,.F.);
#6329=ORIENTED_EDGE('',*,*,#4894,.T.);
#6330=ORIENTED_EDGE('',*,*,#4895,.F.);
#6331=ORIENTED_EDGE('',*,*,#4896,.F.);
#6332=ORIENTED_EDGE('',*,*,#4897,.F.);
#6333=ORIENTED_EDGE('',*,*,#4898,.F.);
#6334=ORIENTED_EDGE('',*,*,#4899,.T.);
#6335=ORIENTED_EDGE('',*,*,#4900,.T.);
#6336=ORIENTED_EDGE('',*,*,#4901,.F.);
#6337=ORIENTED_EDGE('',*,*,#4902,.F.);
#6338=ORIENTED_EDGE('',*,*,#4903,.F.);
#6339=ORIENTED_EDGE('',*,*,#4904,.F.);
#6340=ORIENTED_EDGE('',*,*,#4905,.F.);
#6341=ORIENTED_EDGE('',*,*,#4906,.F.);
#6342=ORIENTED_EDGE('',*,*,#4907,.F.);
#6343=ORIENTED_EDGE('',*,*,#4908,.F.);
#6344=ORIENTED_EDGE('',*,*,#4909,.F.);
#6345=ORIENTED_EDGE('',*,*,#4910,.F.);
#6346=ORIENTED_EDGE('',*,*,#4911,.F.);
#6347=ORIENTED_EDGE('',*,*,#4912,.F.);
#6348=ORIENTED_EDGE('',*,*,#4913,.F.);
#6349=ORIENTED_EDGE('',*,*,#4914,.F.);
#6350=ORIENTED_EDGE('',*,*,#4915,.F.);
#6351=ORIENTED_EDGE('',*,*,#4916,.F.);
#6352=ORIENTED_EDGE('',*,*,#4917,.F.);
#6353=ORIENTED_EDGE('',*,*,#4918,.F.);
#6354=ORIENTED_EDGE('',*,*,#4919,.F.);
#6355=ORIENTED_EDGE('',*,*,#4920,.F.);
#6356=ORIENTED_EDGE('',*,*,#4921,.T.);
#6357=ORIENTED_EDGE('',*,*,#4922,.F.);
#6358=ORIENTED_EDGE('',*,*,#4923,.F.);
#6359=ORIENTED_EDGE('',*,*,#4924,.F.);
#6360=ORIENTED_EDGE('',*,*,#4925,.F.);
#6361=ORIENTED_EDGE('',*,*,#4926,.F.);
#6362=ORIENTED_EDGE('',*,*,#4854,.F.);
#6363=ORIENTED_EDGE('',*,*,#4927,.F.);
#6364=ORIENTED_EDGE('',*,*,#4928,.F.);
#6365=ORIENTED_EDGE('',*,*,#4929,.F.);
#6366=ORIENTED_EDGE('',*,*,#4930,.F.);
#6367=ORIENTED_EDGE('',*,*,#4931,.F.);
#6368=ORIENTED_EDGE('',*,*,#4932,.F.);
#6369=ORIENTED_EDGE('',*,*,#4933,.F.);
#6370=ORIENTED_EDGE('',*,*,#4855,.F.);
#6371=ORIENTED_EDGE('',*,*,#4929,.T.);
#6372=ORIENTED_EDGE('',*,*,#4928,.T.);
#6373=ORIENTED_EDGE('',*,*,#4934,.F.);
#6374=ORIENTED_EDGE('',*,*,#4935,.F.);
#6375=ORIENTED_EDGE('',*,*,#4936,.F.);
#6376=ORIENTED_EDGE('',*,*,#4937,.F.);
#6377=ORIENTED_EDGE('',*,*,#4938,.F.);
#6378=ORIENTED_EDGE('',*,*,#4939,.F.);
#6379=ORIENTED_EDGE('',*,*,#4940,.T.);
#6380=ORIENTED_EDGE('',*,*,#4941,.T.);
#6381=ORIENTED_EDGE('',*,*,#4942,.T.);
#6382=ORIENTED_EDGE('',*,*,#4943,.T.);
#6383=ORIENTED_EDGE('',*,*,#4944,.T.);
#6384=ORIENTED_EDGE('',*,*,#4945,.T.);
#6385=ORIENTED_EDGE('',*,*,#4946,.F.);
#6386=ORIENTED_EDGE('',*,*,#4947,.T.);
#6387=ORIENTED_EDGE('',*,*,#4948,.F.);
#6388=ORIENTED_EDGE('',*,*,#4949,.F.);
#6389=ORIENTED_EDGE('',*,*,#4930,.T.);
#6390=ORIENTED_EDGE('',*,*,#4949,.T.);
#6391=ORIENTED_EDGE('',*,*,#4950,.F.);
#6392=ORIENTED_EDGE('',*,*,#4951,.F.);
#6393=ORIENTED_EDGE('',*,*,#4931,.T.);
#6394=ORIENTED_EDGE('',*,*,#4951,.T.);
#6395=ORIENTED_EDGE('',*,*,#4952,.T.);
#6396=ORIENTED_EDGE('',*,*,#4953,.F.);
#6397=ORIENTED_EDGE('',*,*,#4954,.T.);
#6398=ORIENTED_EDGE('',*,*,#4955,.F.);
#6399=ORIENTED_EDGE('',*,*,#4742,.F.);
#6400=ORIENTED_EDGE('',*,*,#4862,.F.);
#6401=ORIENTED_EDGE('',*,*,#4956,.F.);
#6402=ORIENTED_EDGE('',*,*,#4957,.F.);
#6403=ORIENTED_EDGE('',*,*,#4958,.F.);
#6404=ORIENTED_EDGE('',*,*,#4959,.F.);
#6405=ORIENTED_EDGE('',*,*,#4960,.T.);
#6406=ORIENTED_EDGE('',*,*,#4961,.F.);
#6407=ORIENTED_EDGE('',*,*,#4962,.F.);
#6408=ORIENTED_EDGE('',*,*,#4932,.T.);
#6409=ORIENTED_EDGE('',*,*,#4962,.T.);
#6410=ORIENTED_EDGE('',*,*,#4963,.F.);
#6411=ORIENTED_EDGE('',*,*,#4964,.F.);
#6412=ORIENTED_EDGE('',*,*,#4856,.F.);
#6413=ORIENTED_EDGE('',*,*,#4933,.T.);
#6414=ORIENTED_EDGE('',*,*,#4965,.T.);
#6415=ORIENTED_EDGE('',*,*,#4966,.F.);
#6416=ORIENTED_EDGE('',*,*,#4857,.T.);
#6417=ORIENTED_EDGE('',*,*,#4964,.T.);
#6418=ORIENTED_EDGE('',*,*,#4961,.T.);
#6419=ORIENTED_EDGE('',*,*,#4967,.F.);
#6420=ORIENTED_EDGE('',*,*,#4968,.F.);
#6421=ORIENTED_EDGE('',*,*,#4965,.F.);
#6422=ORIENTED_EDGE('',*,*,#4963,.T.);
#6423=ORIENTED_EDGE('',*,*,#4969,.F.);
#6424=ORIENTED_EDGE('',*,*,#4970,.T.);
#6425=ORIENTED_EDGE('',*,*,#4971,.F.);
#6426=ORIENTED_EDGE('',*,*,#4968,.T.);
#6427=ORIENTED_EDGE('',*,*,#4972,.T.);
#6428=ORIENTED_EDGE('',*,*,#4973,.F.);
#6429=ORIENTED_EDGE('',*,*,#4974,.T.);
#6430=ORIENTED_EDGE('',*,*,#4969,.T.);
#6431=ORIENTED_EDGE('',*,*,#4960,.F.);
#6432=ORIENTED_EDGE('',*,*,#4975,.T.);
#6433=ORIENTED_EDGE('',*,*,#4972,.F.);
#6434=ORIENTED_EDGE('',*,*,#4967,.T.);
#6435=ORIENTED_EDGE('',*,*,#4976,.F.);
#6436=ORIENTED_EDGE('',*,*,#4977,.T.);
#6437=ORIENTED_EDGE('',*,*,#4978,.F.);
#6438=ORIENTED_EDGE('',*,*,#4973,.T.);
#6439=ORIENTED_EDGE('',*,*,#4975,.F.);
#6440=ORIENTED_EDGE('',*,*,#4959,.T.);
#6441=ORIENTED_EDGE('',*,*,#4958,.T.);
#6442=ORIENTED_EDGE('',*,*,#4979,.T.);
#6443=ORIENTED_EDGE('',*,*,#4980,.F.);
#6444=ORIENTED_EDGE('',*,*,#4976,.T.);
#6445=ORIENTED_EDGE('',*,*,#4980,.T.);
#6446=ORIENTED_EDGE('',*,*,#4981,.T.);
#6447=ORIENTED_EDGE('',*,*,#4982,.T.);
#6448=ORIENTED_EDGE('',*,*,#4977,.F.);
#6449=ORIENTED_EDGE('',*,*,#4982,.F.);
#6450=ORIENTED_EDGE('',*,*,#4983,.T.);
#6451=ORIENTED_EDGE('',*,*,#4974,.F.);
#6452=ORIENTED_EDGE('',*,*,#4978,.T.);
#6453=ORIENTED_EDGE('',*,*,#4983,.F.);
#6454=ORIENTED_EDGE('',*,*,#4984,.F.);
#6455=ORIENTED_EDGE('',*,*,#4985,.F.);
#6456=ORIENTED_EDGE('',*,*,#4970,.F.);
#6457=ORIENTED_EDGE('',*,*,#4986,.F.);
#6458=ORIENTED_EDGE('',*,*,#4859,.T.);
#6459=ORIENTED_EDGE('',*,*,#4987,.F.);
#6460=ORIENTED_EDGE('',*,*,#4985,.T.);
#6461=ORIENTED_EDGE('',*,*,#4988,.T.);
#6462=ORIENTED_EDGE('',*,*,#4860,.F.);
#6463=ORIENTED_EDGE('',*,*,#4986,.T.);
#6464=ORIENTED_EDGE('',*,*,#4989,.T.);
#6465=ORIENTED_EDGE('',*,*,#4956,.T.);
#6466=ORIENTED_EDGE('',*,*,#4861,.T.);
#6467=ORIENTED_EDGE('',*,*,#4988,.F.);
#6468=ORIENTED_EDGE('',*,*,#4990,.T.);
#6469=ORIENTED_EDGE('',*,*,#4957,.T.);
#6470=ORIENTED_EDGE('',*,*,#4990,.F.);
#6471=ORIENTED_EDGE('',*,*,#4991,.F.);
#6472=ORIENTED_EDGE('',*,*,#4979,.F.);
#6473=ORIENTED_EDGE('',*,*,#4981,.F.);
#6474=ORIENTED_EDGE('',*,*,#4991,.T.);
#6475=ORIENTED_EDGE('',*,*,#4989,.F.);
#6476=ORIENTED_EDGE('',*,*,#4984,.T.);
#6477=ORIENTED_EDGE('',*,*,#4987,.T.);
#6478=ORIENTED_EDGE('',*,*,#4858,.F.);
#6479=ORIENTED_EDGE('',*,*,#4966,.T.);
#6480=ORIENTED_EDGE('',*,*,#4971,.T.);
#6481=ORIENTED_EDGE('',*,*,#4743,.F.);
#6482=ORIENTED_EDGE('',*,*,#4955,.T.);
#6483=ORIENTED_EDGE('',*,*,#4992,.F.);
#6484=ORIENTED_EDGE('',*,*,#4767,.T.);
#6485=ORIENTED_EDGE('',*,*,#4992,.T.);
#6486=ORIENTED_EDGE('',*,*,#4993,.T.);
#6487=ORIENTED_EDGE('',*,*,#4994,.T.);
#6488=ORIENTED_EDGE('',*,*,#4995,.F.);
#6489=ORIENTED_EDGE('',*,*,#4996,.T.);
#6490=ORIENTED_EDGE('',*,*,#4997,.T.);
#6491=ORIENTED_EDGE('',*,*,#4768,.T.);
#6492=ORIENTED_EDGE('',*,*,#4994,.F.);
#6493=ORIENTED_EDGE('',*,*,#4995,.T.);
#6494=ORIENTED_EDGE('',*,*,#4998,.T.);
#6495=ORIENTED_EDGE('',*,*,#4999,.F.);
#6496=ORIENTED_EDGE('',*,*,#5000,.T.);
#6497=ORIENTED_EDGE('',*,*,#5001,.F.);
#6498=ORIENTED_EDGE('',*,*,#5002,.F.);
#6499=ORIENTED_EDGE('',*,*,#5003,.F.);
#6500=ORIENTED_EDGE('',*,*,#5004,.F.);
#6501=ORIENTED_EDGE('',*,*,#5005,.T.);
#6502=ORIENTED_EDGE('',*,*,#5000,.F.);
#6503=ORIENTED_EDGE('',*,*,#5006,.F.);
#6504=ORIENTED_EDGE('',*,*,#4845,.F.);
#6505=ORIENTED_EDGE('',*,*,#5007,.T.);
#6506=ORIENTED_EDGE('',*,*,#5008,.F.);
#6507=ORIENTED_EDGE('',*,*,#4996,.F.);
#6508=ORIENTED_EDGE('',*,*,#5005,.F.);
#6509=ORIENTED_EDGE('',*,*,#5008,.T.);
#6510=ORIENTED_EDGE('',*,*,#5009,.T.);
#6511=ORIENTED_EDGE('',*,*,#5010,.F.);
#6512=ORIENTED_EDGE('',*,*,#5010,.T.);
#6513=ORIENTED_EDGE('',*,*,#4834,.F.);
#6514=ORIENTED_EDGE('',*,*,#4997,.F.);
#6515=ORIENTED_EDGE('',*,*,#5009,.F.);
#6516=ORIENTED_EDGE('',*,*,#5007,.F.);
#6517=ORIENTED_EDGE('',*,*,#4835,.F.);
#6518=ORIENTED_EDGE('',*,*,#4953,.T.);
#6519=ORIENTED_EDGE('',*,*,#5011,.T.);
#6520=ORIENTED_EDGE('',*,*,#5012,.T.);
#6521=ORIENTED_EDGE('',*,*,#5013,.T.);
#6522=ORIENTED_EDGE('',*,*,#4846,.T.);
#6523=ORIENTED_EDGE('',*,*,#5006,.T.);
#6524=ORIENTED_EDGE('',*,*,#4999,.T.);
#6525=ORIENTED_EDGE('',*,*,#5014,.T.);
#6526=ORIENTED_EDGE('',*,*,#5015,.F.);
#6527=ORIENTED_EDGE('',*,*,#5016,.T.);
#6528=ORIENTED_EDGE('',*,*,#5017,.F.);
#6529=ORIENTED_EDGE('',*,*,#5018,.T.);
#6530=ORIENTED_EDGE('',*,*,#5019,.F.);
#6531=ORIENTED_EDGE('',*,*,#5020,.T.);
#6532=ORIENTED_EDGE('',*,*,#5021,.F.);
#6533=ORIENTED_EDGE('',*,*,#5022,.T.);
#6534=ORIENTED_EDGE('',*,*,#4993,.F.);
#6535=ORIENTED_EDGE('',*,*,#4954,.F.);
#6536=ORIENTED_EDGE('',*,*,#5014,.F.);
#6537=ORIENTED_EDGE('',*,*,#4998,.F.);
#6538=ORIENTED_EDGE('',*,*,#5023,.T.);
#6539=ORIENTED_EDGE('',*,*,#5024,.T.);
#6540=ORIENTED_EDGE('',*,*,#4847,.F.);
#6541=ORIENTED_EDGE('',*,*,#5013,.F.);
#6542=ORIENTED_EDGE('',*,*,#5025,.F.);
#6543=ORIENTED_EDGE('',*,*,#5026,.F.);
#6544=ORIENTED_EDGE('',*,*,#5023,.F.);
#6545=ORIENTED_EDGE('',*,*,#5027,.F.);
#6546=ORIENTED_EDGE('',*,*,#5026,.T.);
#6547=ORIENTED_EDGE('',*,*,#5028,.T.);
#6548=ORIENTED_EDGE('',*,*,#5029,.T.);
#6549=ORIENTED_EDGE('',*,*,#5030,.T.);
#6550=ORIENTED_EDGE('',*,*,#5030,.F.);
#6551=ORIENTED_EDGE('',*,*,#5031,.F.);
#6552=ORIENTED_EDGE('',*,*,#5024,.F.);
#6553=ORIENTED_EDGE('',*,*,#4848,.T.);
#6554=ORIENTED_EDGE('',*,*,#5031,.T.);
#6555=ORIENTED_EDGE('',*,*,#5032,.T.);
#6556=ORIENTED_EDGE('',*,*,#4947,.F.);
#6557=ORIENTED_EDGE('',*,*,#5033,.T.);
#6558=ORIENTED_EDGE('',*,*,#4868,.F.);
#6559=ORIENTED_EDGE('',*,*,#4853,.F.);
#6560=ORIENTED_EDGE('',*,*,#4849,.F.);
#6561=ORIENTED_EDGE('',*,*,#5033,.F.);
#6562=ORIENTED_EDGE('',*,*,#4946,.T.);
#6563=ORIENTED_EDGE('',*,*,#5034,.T.);
#6564=ORIENTED_EDGE('',*,*,#4945,.F.);
#6565=ORIENTED_EDGE('',*,*,#5035,.T.);
#6566=ORIENTED_EDGE('',*,*,#4869,.F.);
#6567=ORIENTED_EDGE('',*,*,#5034,.F.);
#6568=ORIENTED_EDGE('',*,*,#5035,.F.);
#6569=ORIENTED_EDGE('',*,*,#4944,.F.);
#6570=ORIENTED_EDGE('',*,*,#5036,.T.);
#6571=ORIENTED_EDGE('',*,*,#4870,.T.);
#6572=ORIENTED_EDGE('',*,*,#5036,.F.);
#6573=ORIENTED_EDGE('',*,*,#4943,.F.);
#6574=ORIENTED_EDGE('',*,*,#5037,.F.);
#6575=ORIENTED_EDGE('',*,*,#4871,.T.);
#6576=ORIENTED_EDGE('',*,*,#5037,.T.);
#6577=ORIENTED_EDGE('',*,*,#4942,.F.);
#6578=ORIENTED_EDGE('',*,*,#5038,.T.);
#6579=ORIENTED_EDGE('',*,*,#4872,.T.);
#6580=ORIENTED_EDGE('',*,*,#5038,.F.);
#6581=ORIENTED_EDGE('',*,*,#4941,.F.);
#6582=ORIENTED_EDGE('',*,*,#5039,.T.);
#6583=ORIENTED_EDGE('',*,*,#4873,.T.);
#6584=ORIENTED_EDGE('',*,*,#5039,.F.);
#6585=ORIENTED_EDGE('',*,*,#4940,.F.);
#6586=ORIENTED_EDGE('',*,*,#5040,.T.);
#6587=ORIENTED_EDGE('',*,*,#4874,.T.);
#6588=ORIENTED_EDGE('',*,*,#5041,.T.);
#6589=ORIENTED_EDGE('',*,*,#4881,.F.);
#6590=ORIENTED_EDGE('',*,*,#5042,.F.);
#6591=ORIENTED_EDGE('',*,*,#5043,.T.);
#6592=ORIENTED_EDGE('',*,*,#5044,.F.);
#6593=ORIENTED_EDGE('',*,*,#5045,.T.);
#6594=ORIENTED_EDGE('',*,*,#5046,.F.);
#6595=ORIENTED_EDGE('',*,*,#4875,.T.);
#6596=ORIENTED_EDGE('',*,*,#5040,.F.);
#6597=ORIENTED_EDGE('',*,*,#4939,.T.);
#6598=ORIENTED_EDGE('',*,*,#5047,.T.);
#6599=ORIENTED_EDGE('',*,*,#4882,.F.);
#6600=ORIENTED_EDGE('',*,*,#5041,.F.);
#6601=ORIENTED_EDGE('',*,*,#4938,.T.);
#6602=ORIENTED_EDGE('',*,*,#5048,.T.);
#6603=ORIENTED_EDGE('',*,*,#4883,.F.);
#6604=ORIENTED_EDGE('',*,*,#5047,.F.);
#6605=ORIENTED_EDGE('',*,*,#4937,.T.);
#6606=ORIENTED_EDGE('',*,*,#5049,.F.);
#6607=ORIENTED_EDGE('',*,*,#4884,.F.);
#6608=ORIENTED_EDGE('',*,*,#5048,.F.);
#6609=ORIENTED_EDGE('',*,*,#4936,.T.);
#6610=ORIENTED_EDGE('',*,*,#5049,.T.);
#6611=ORIENTED_EDGE('',*,*,#4935,.T.);
#6612=ORIENTED_EDGE('',*,*,#5050,.T.);
#6613=ORIENTED_EDGE('',*,*,#4885,.F.);
#6614=ORIENTED_EDGE('',*,*,#4927,.T.);
#6615=ORIENTED_EDGE('',*,*,#4886,.F.);
#6616=ORIENTED_EDGE('',*,*,#5050,.F.);
#6617=ORIENTED_EDGE('',*,*,#4934,.T.);
#6618=ORIENTED_EDGE('',*,*,#5046,.T.);
#6619=ORIENTED_EDGE('',*,*,#5051,.F.);
#6620=ORIENTED_EDGE('',*,*,#5052,.T.);
#6621=ORIENTED_EDGE('',*,*,#5053,.F.);
#6622=ORIENTED_EDGE('',*,*,#5054,.F.);
#6623=ORIENTED_EDGE('',*,*,#4876,.T.);
#6624=ORIENTED_EDGE('',*,*,#5055,.F.);
#6625=ORIENTED_EDGE('',*,*,#5056,.T.);
#6626=ORIENTED_EDGE('',*,*,#4877,.F.);
#6627=ORIENTED_EDGE('',*,*,#5054,.T.);
#6628=ORIENTED_EDGE('',*,*,#5057,.T.);
#6629=ORIENTED_EDGE('',*,*,#5055,.T.);
#6630=ORIENTED_EDGE('',*,*,#5058,.T.);
#6631=ORIENTED_EDGE('',*,*,#5057,.F.);
#6632=ORIENTED_EDGE('',*,*,#5059,.T.);
#6633=ORIENTED_EDGE('',*,*,#5060,.F.);
#6634=ORIENTED_EDGE('',*,*,#5061,.T.);
#6635=ORIENTED_EDGE('',*,*,#5056,.F.);
#6636=ORIENTED_EDGE('',*,*,#5061,.F.);
#6637=ORIENTED_EDGE('',*,*,#5062,.F.);
#6638=ORIENTED_EDGE('',*,*,#4878,.T.);
#6639=ORIENTED_EDGE('',*,*,#5063,.F.);
#6640=ORIENTED_EDGE('',*,*,#5064,.T.);
#6641=ORIENTED_EDGE('',*,*,#4879,.F.);
#6642=ORIENTED_EDGE('',*,*,#5062,.T.);
#6643=ORIENTED_EDGE('',*,*,#5063,.T.);
#6644=ORIENTED_EDGE('',*,*,#5060,.T.);
#6645=ORIENTED_EDGE('',*,*,#5065,.T.);
#6646=ORIENTED_EDGE('',*,*,#5065,.F.);
#6647=ORIENTED_EDGE('',*,*,#5066,.T.);
#6648=ORIENTED_EDGE('',*,*,#5067,.T.);
#6649=ORIENTED_EDGE('',*,*,#5068,.T.);
#6650=ORIENTED_EDGE('',*,*,#4880,.T.);
#6651=ORIENTED_EDGE('',*,*,#5064,.F.);
#6652=ORIENTED_EDGE('',*,*,#5068,.F.);
#6653=ORIENTED_EDGE('',*,*,#5069,.T.);
#6654=ORIENTED_EDGE('',*,*,#5070,.F.);
#6655=ORIENTED_EDGE('',*,*,#5042,.T.);
#6656=ORIENTED_EDGE('',*,*,#5043,.F.);
#6657=ORIENTED_EDGE('',*,*,#5070,.T.);
#6658=ORIENTED_EDGE('',*,*,#5071,.T.);
#6659=ORIENTED_EDGE('',*,*,#5072,.T.);
#6660=ORIENTED_EDGE('',*,*,#5072,.F.);
#6661=ORIENTED_EDGE('',*,*,#5073,.T.);
#6662=ORIENTED_EDGE('',*,*,#5074,.F.);
#6663=ORIENTED_EDGE('',*,*,#5044,.T.);
#6664=ORIENTED_EDGE('',*,*,#5045,.F.);
#6665=ORIENTED_EDGE('',*,*,#5074,.T.);
#6666=ORIENTED_EDGE('',*,*,#5075,.F.);
#6667=ORIENTED_EDGE('',*,*,#5051,.T.);
#6668=ORIENTED_EDGE('',*,*,#5076,.T.);
#6669=ORIENTED_EDGE('',*,*,#5025,.T.);
#6670=ORIENTED_EDGE('',*,*,#5012,.F.);
#6671=ORIENTED_EDGE('',*,*,#5077,.T.);
#6672=ORIENTED_EDGE('',*,*,#5067,.F.);
#6673=ORIENTED_EDGE('',*,*,#5078,.F.);
#6674=ORIENTED_EDGE('',*,*,#5079,.F.);
#6675=ORIENTED_EDGE('',*,*,#5052,.F.);
#6676=ORIENTED_EDGE('',*,*,#5075,.T.);
#6677=ORIENTED_EDGE('',*,*,#5073,.F.);
#6678=ORIENTED_EDGE('',*,*,#5071,.F.);
#6679=ORIENTED_EDGE('',*,*,#5069,.F.);
#6680=ORIENTED_EDGE('',*,*,#5076,.F.);
#6681=ORIENTED_EDGE('',*,*,#5080,.F.);
#6682=ORIENTED_EDGE('',*,*,#4948,.T.);
#6683=ORIENTED_EDGE('',*,*,#5081,.T.);
#6684=ORIENTED_EDGE('',*,*,#5027,.T.);
#6685=ORIENTED_EDGE('',*,*,#5029,.F.);
#6686=ORIENTED_EDGE('',*,*,#5028,.F.);
#6687=ORIENTED_EDGE('',*,*,#5081,.F.);
#6688=ORIENTED_EDGE('',*,*,#5032,.F.);
#6689=ORIENTED_EDGE('',*,*,#5080,.T.);
#6690=ORIENTED_EDGE('',*,*,#5082,.T.);
#6691=ORIENTED_EDGE('',*,*,#4950,.T.);
#6692=ORIENTED_EDGE('',*,*,#5082,.F.);
#6693=ORIENTED_EDGE('',*,*,#5077,.F.);
#6694=ORIENTED_EDGE('',*,*,#5011,.F.);
#6695=ORIENTED_EDGE('',*,*,#4952,.F.);
#6696=ORIENTED_EDGE('',*,*,#5058,.F.);
#6697=ORIENTED_EDGE('',*,*,#5053,.T.);
#6698=ORIENTED_EDGE('',*,*,#5079,.T.);
#6699=ORIENTED_EDGE('',*,*,#5083,.T.);
#6700=ORIENTED_EDGE('',*,*,#5059,.F.);
#6701=ORIENTED_EDGE('',*,*,#5083,.F.);
#6702=ORIENTED_EDGE('',*,*,#5078,.T.);
#6703=ORIENTED_EDGE('',*,*,#5066,.F.);
#6704=ORIENTED_EDGE('',*,*,#5015,.T.);
#6705=ORIENTED_EDGE('',*,*,#5084,.F.);
#6706=ORIENTED_EDGE('',*,*,#5085,.F.);
#6707=ORIENTED_EDGE('',*,*,#5086,.T.);
#6708=ORIENTED_EDGE('',*,*,#5087,.T.);
#6709=ORIENTED_EDGE('',*,*,#5088,.T.);
#6710=ORIENTED_EDGE('',*,*,#5089,.T.);
#6711=ORIENTED_EDGE('',*,*,#5090,.T.);
#6712=ORIENTED_EDGE('',*,*,#5091,.F.);
#6713=ORIENTED_EDGE('',*,*,#5092,.T.);
#6714=ORIENTED_EDGE('',*,*,#5093,.T.);
#6715=ORIENTED_EDGE('',*,*,#5094,.F.);
#6716=ORIENTED_EDGE('',*,*,#5095,.F.);
#6717=ORIENTED_EDGE('',*,*,#5096,.F.);
#6718=ORIENTED_EDGE('',*,*,#5097,.T.);
#6719=ORIENTED_EDGE('',*,*,#5016,.F.);
#6720=ORIENTED_EDGE('',*,*,#5095,.T.);
#6721=ORIENTED_EDGE('',*,*,#5098,.T.);
#6722=ORIENTED_EDGE('',*,*,#5096,.T.);
#6723=ORIENTED_EDGE('',*,*,#5099,.T.);
#6724=ORIENTED_EDGE('',*,*,#5098,.F.);
#6725=ORIENTED_EDGE('',*,*,#5100,.T.);
#6726=ORIENTED_EDGE('',*,*,#5101,.F.);
#6727=ORIENTED_EDGE('',*,*,#5102,.T.);
#6728=ORIENTED_EDGE('',*,*,#5103,.F.);
#6729=ORIENTED_EDGE('',*,*,#5104,.F.);
#6730=ORIENTED_EDGE('',*,*,#5017,.T.);
#6731=ORIENTED_EDGE('',*,*,#5097,.F.);
#6732=ORIENTED_EDGE('',*,*,#5102,.F.);
#6733=ORIENTED_EDGE('',*,*,#5105,.T.);
#6734=ORIENTED_EDGE('',*,*,#5106,.T.);
#6735=ORIENTED_EDGE('',*,*,#5107,.F.);
#6736=ORIENTED_EDGE('',*,*,#5108,.T.);
#6737=ORIENTED_EDGE('',*,*,#5109,.T.);
#6738=ORIENTED_EDGE('',*,*,#5110,.F.);
#6739=ORIENTED_EDGE('',*,*,#5111,.T.);
#6740=ORIENTED_EDGE('',*,*,#5112,.T.);
#6741=ORIENTED_EDGE('',*,*,#5113,.F.);
#6742=ORIENTED_EDGE('',*,*,#5103,.T.);
#6743=ORIENTED_EDGE('',*,*,#5114,.T.);
#6744=ORIENTED_EDGE('',*,*,#5115,.T.);
#6745=ORIENTED_EDGE('',*,*,#5113,.T.);
#6746=ORIENTED_EDGE('',*,*,#5116,.T.);
#6747=ORIENTED_EDGE('',*,*,#5117,.T.);
#6748=ORIENTED_EDGE('',*,*,#5117,.F.);
#6749=ORIENTED_EDGE('',*,*,#5118,.T.);
#6750=ORIENTED_EDGE('',*,*,#5018,.F.);
#6751=ORIENTED_EDGE('',*,*,#5104,.T.);
#6752=ORIENTED_EDGE('',*,*,#5019,.T.);
#6753=ORIENTED_EDGE('',*,*,#5118,.F.);
#6754=ORIENTED_EDGE('',*,*,#5119,.F.);
#6755=ORIENTED_EDGE('',*,*,#5120,.T.);
#6756=ORIENTED_EDGE('',*,*,#5121,.T.);
#6757=ORIENTED_EDGE('',*,*,#5122,.T.);
#6758=ORIENTED_EDGE('',*,*,#5123,.T.);
#6759=ORIENTED_EDGE('',*,*,#5124,.T.);
#6760=ORIENTED_EDGE('',*,*,#5125,.F.);
#6761=ORIENTED_EDGE('',*,*,#5126,.T.);
#6762=ORIENTED_EDGE('',*,*,#5127,.T.);
#6763=ORIENTED_EDGE('',*,*,#5128,.F.);
#6764=ORIENTED_EDGE('',*,*,#5129,.F.);
#6765=ORIENTED_EDGE('',*,*,#5130,.F.);
#6766=ORIENTED_EDGE('',*,*,#5131,.T.);
#6767=ORIENTED_EDGE('',*,*,#5020,.F.);
#6768=ORIENTED_EDGE('',*,*,#5129,.T.);
#6769=ORIENTED_EDGE('',*,*,#5132,.T.);
#6770=ORIENTED_EDGE('',*,*,#5130,.T.);
#6771=ORIENTED_EDGE('',*,*,#5133,.T.);
#6772=ORIENTED_EDGE('',*,*,#5132,.F.);
#6773=ORIENTED_EDGE('',*,*,#5134,.T.);
#6774=ORIENTED_EDGE('',*,*,#5135,.F.);
#6775=ORIENTED_EDGE('',*,*,#5136,.T.);
#6776=ORIENTED_EDGE('',*,*,#5137,.T.);
#6777=ORIENTED_EDGE('',*,*,#5138,.F.);
#6778=ORIENTED_EDGE('',*,*,#5139,.F.);
#6779=ORIENTED_EDGE('',*,*,#5021,.T.);
#6780=ORIENTED_EDGE('',*,*,#5131,.F.);
#6781=ORIENTED_EDGE('',*,*,#5136,.F.);
#6782=ORIENTED_EDGE('',*,*,#5140,.T.);
#6783=ORIENTED_EDGE('',*,*,#5141,.T.);
#6784=ORIENTED_EDGE('',*,*,#5142,.F.);
#6785=ORIENTED_EDGE('',*,*,#5143,.T.);
#6786=ORIENTED_EDGE('',*,*,#5144,.T.);
#6787=ORIENTED_EDGE('',*,*,#5145,.T.);
#6788=ORIENTED_EDGE('',*,*,#5146,.T.);
#6789=ORIENTED_EDGE('',*,*,#5147,.F.);
#6790=ORIENTED_EDGE('',*,*,#5148,.T.);
#6791=ORIENTED_EDGE('',*,*,#5149,.F.);
#6792=ORIENTED_EDGE('',*,*,#5137,.F.);
#6793=ORIENTED_EDGE('',*,*,#5146,.F.);
#6794=ORIENTED_EDGE('',*,*,#5150,.F.);
#6795=ORIENTED_EDGE('',*,*,#5151,.T.);
#6796=ORIENTED_EDGE('',*,*,#5147,.T.);
#6797=ORIENTED_EDGE('',*,*,#5151,.F.);
#6798=ORIENTED_EDGE('',*,*,#5152,.T.);
#6799=ORIENTED_EDGE('',*,*,#5153,.F.);
#6800=ORIENTED_EDGE('',*,*,#5154,.T.);
#6801=ORIENTED_EDGE('',*,*,#5154,.F.);
#6802=ORIENTED_EDGE('',*,*,#5155,.T.);
#6803=ORIENTED_EDGE('',*,*,#5156,.F.);
#6804=ORIENTED_EDGE('',*,*,#5148,.F.);
#6805=ORIENTED_EDGE('',*,*,#5157,.F.);
#6806=ORIENTED_EDGE('',*,*,#5158,.T.);
#6807=ORIENTED_EDGE('',*,*,#5159,.F.);
#6808=ORIENTED_EDGE('',*,*,#5156,.T.);
#6809=ORIENTED_EDGE('',*,*,#5160,.T.);
#6810=ORIENTED_EDGE('',*,*,#5161,.T.);
#6811=ORIENTED_EDGE('',*,*,#5157,.T.);
#6812=ORIENTED_EDGE('',*,*,#5162,.F.);
#6813=ORIENTED_EDGE('',*,*,#5163,.F.);
#6814=ORIENTED_EDGE('',*,*,#5160,.F.);
#6815=ORIENTED_EDGE('',*,*,#5155,.F.);
#6816=ORIENTED_EDGE('',*,*,#5153,.T.);
#6817=ORIENTED_EDGE('',*,*,#5164,.F.);
#6818=ORIENTED_EDGE('',*,*,#5165,.T.);
#6819=ORIENTED_EDGE('',*,*,#5162,.T.);
#6820=ORIENTED_EDGE('',*,*,#5166,.F.);
#6821=ORIENTED_EDGE('',*,*,#5167,.T.);
#6822=ORIENTED_EDGE('',*,*,#5165,.F.);
#6823=ORIENTED_EDGE('',*,*,#5168,.T.);
#6824=ORIENTED_EDGE('',*,*,#5169,.T.);
#6825=ORIENTED_EDGE('',*,*,#5170,.T.);
#6826=ORIENTED_EDGE('',*,*,#5166,.T.);
#6827=ORIENTED_EDGE('',*,*,#5169,.F.);
#6828=ORIENTED_EDGE('',*,*,#5171,.F.);
#6829=ORIENTED_EDGE('',*,*,#5172,.F.);
#6830=ORIENTED_EDGE('',*,*,#5173,.T.);
#6831=ORIENTED_EDGE('',*,*,#5173,.F.);
#6832=ORIENTED_EDGE('',*,*,#5174,.T.);
#6833=ORIENTED_EDGE('',*,*,#5175,.F.);
#6834=ORIENTED_EDGE('',*,*,#5176,.T.);
#6835=ORIENTED_EDGE('',*,*,#5170,.F.);
#6836=ORIENTED_EDGE('',*,*,#5176,.F.);
#6837=ORIENTED_EDGE('',*,*,#5177,.F.);
#6838=ORIENTED_EDGE('',*,*,#5178,.F.);
#6839=ORIENTED_EDGE('',*,*,#5167,.F.);
#6840=ORIENTED_EDGE('',*,*,#5178,.T.);
#6841=ORIENTED_EDGE('',*,*,#5179,.F.);
#6842=ORIENTED_EDGE('',*,*,#5163,.T.);
#6843=ORIENTED_EDGE('',*,*,#5180,.F.);
#6844=ORIENTED_EDGE('',*,*,#5181,.T.);
#6845=ORIENTED_EDGE('',*,*,#5161,.F.);
#6846=ORIENTED_EDGE('',*,*,#5179,.T.);
#6847=ORIENTED_EDGE('',*,*,#5180,.T.);
#6848=ORIENTED_EDGE('',*,*,#5177,.T.);
#6849=ORIENTED_EDGE('',*,*,#5182,.T.);
#6850=ORIENTED_EDGE('',*,*,#5183,.F.);
#6851=ORIENTED_EDGE('',*,*,#5184,.F.);
#6852=ORIENTED_EDGE('',*,*,#5185,.F.);
#6853=ORIENTED_EDGE('',*,*,#5186,.F.);
#6854=ORIENTED_EDGE('',*,*,#5158,.F.);
#6855=ORIENTED_EDGE('',*,*,#5181,.F.);
#6856=ORIENTED_EDGE('',*,*,#5183,.T.);
#6857=ORIENTED_EDGE('',*,*,#5187,.T.);
#6858=ORIENTED_EDGE('',*,*,#5188,.F.);
#6859=ORIENTED_EDGE('',*,*,#5184,.T.);
#6860=ORIENTED_EDGE('',*,*,#5189,.F.);
#6861=ORIENTED_EDGE('',*,*,#5190,.T.);
#6862=ORIENTED_EDGE('',*,*,#5191,.T.);
#6863=ORIENTED_EDGE('',*,*,#5188,.T.);
#6864=ORIENTED_EDGE('',*,*,#5192,.T.);
#6865=ORIENTED_EDGE('',*,*,#5193,.F.);
#6866=ORIENTED_EDGE('',*,*,#5185,.T.);
#6867=ORIENTED_EDGE('',*,*,#5191,.F.);
#6868=ORIENTED_EDGE('',*,*,#5085,.T.);
#6869=ORIENTED_EDGE('',*,*,#5194,.T.);
#6870=ORIENTED_EDGE('',*,*,#5193,.T.);
#6871=ORIENTED_EDGE('',*,*,#5195,.T.);
#6872=ORIENTED_EDGE('',*,*,#5194,.F.);
#6873=ORIENTED_EDGE('',*,*,#5138,.T.);
#6874=ORIENTED_EDGE('',*,*,#5196,.F.);
#6875=ORIENTED_EDGE('',*,*,#5186,.T.);
#6876=ORIENTED_EDGE('',*,*,#5149,.T.);
#6877=ORIENTED_EDGE('',*,*,#5159,.T.);
#6878=ORIENTED_EDGE('',*,*,#5196,.T.);
#6879=ORIENTED_EDGE('',*,*,#5195,.F.);
#6880=ORIENTED_EDGE('',*,*,#5084,.T.);
#6881=ORIENTED_EDGE('',*,*,#5022,.F.);
#6882=ORIENTED_EDGE('',*,*,#5139,.T.);
#6883=ORIENTED_EDGE('',*,*,#5197,.T.);
#6884=ORIENTED_EDGE('',*,*,#5198,.T.);
#6885=ORIENTED_EDGE('',*,*,#5086,.F.);
#6886=ORIENTED_EDGE('',*,*,#5192,.F.);
#6887=ORIENTED_EDGE('',*,*,#5199,.T.);
#6888=ORIENTED_EDGE('',*,*,#5087,.F.);
#6889=ORIENTED_EDGE('',*,*,#5198,.F.);
#6890=ORIENTED_EDGE('',*,*,#5197,.F.);
#6891=ORIENTED_EDGE('',*,*,#5200,.T.);
#6892=ORIENTED_EDGE('',*,*,#5201,.F.);
#6893=ORIENTED_EDGE('',*,*,#5202,.F.);
#6894=ORIENTED_EDGE('',*,*,#5110,.T.);
#6895=ORIENTED_EDGE('',*,*,#5203,.F.);
#6896=ORIENTED_EDGE('',*,*,#5204,.T.);
#6897=ORIENTED_EDGE('',*,*,#5205,.F.);
#6898=ORIENTED_EDGE('',*,*,#5206,.T.);
#6899=ORIENTED_EDGE('',*,*,#5088,.F.);
#6900=ORIENTED_EDGE('',*,*,#5201,.T.);
#6901=ORIENTED_EDGE('',*,*,#5207,.F.);
#6902=ORIENTED_EDGE('',*,*,#5208,.T.);
#6903=ORIENTED_EDGE('',*,*,#5171,.T.);
#6904=ORIENTED_EDGE('',*,*,#5168,.F.);
#6905=ORIENTED_EDGE('',*,*,#5164,.T.);
#6906=ORIENTED_EDGE('',*,*,#5152,.F.);
#6907=ORIENTED_EDGE('',*,*,#5150,.T.);
#6908=ORIENTED_EDGE('',*,*,#5145,.F.);
#6909=ORIENTED_EDGE('',*,*,#5209,.T.);
#6910=ORIENTED_EDGE('',*,*,#5210,.F.);
#6911=ORIENTED_EDGE('',*,*,#5211,.T.);
#6912=ORIENTED_EDGE('',*,*,#5212,.F.);
#6913=ORIENTED_EDGE('',*,*,#5213,.T.);
#6914=ORIENTED_EDGE('',*,*,#5214,.T.);
#6915=ORIENTED_EDGE('',*,*,#5215,.F.);
#6916=ORIENTED_EDGE('',*,*,#5216,.T.);
#6917=ORIENTED_EDGE('',*,*,#5122,.F.);
#6918=ORIENTED_EDGE('',*,*,#5217,.T.);
#6919=ORIENTED_EDGE('',*,*,#5218,.F.);
#6920=ORIENTED_EDGE('',*,*,#5219,.T.);
#6921=ORIENTED_EDGE('',*,*,#5220,.T.);
#6922=ORIENTED_EDGE('',*,*,#5111,.F.);
#6923=ORIENTED_EDGE('',*,*,#5202,.T.);
#6924=ORIENTED_EDGE('',*,*,#5221,.F.);
#6925=ORIENTED_EDGE('',*,*,#5222,.T.);
#6926=ORIENTED_EDGE('',*,*,#5223,.F.);
#6927=ORIENTED_EDGE('',*,*,#5112,.F.);
#6928=ORIENTED_EDGE('',*,*,#5220,.F.);
#6929=ORIENTED_EDGE('',*,*,#5224,.F.);
#6930=ORIENTED_EDGE('',*,*,#5225,.F.);
#6931=ORIENTED_EDGE('',*,*,#5222,.F.);
#6932=ORIENTED_EDGE('',*,*,#5226,.T.);
#6933=ORIENTED_EDGE('',*,*,#5227,.F.);
#6934=ORIENTED_EDGE('',*,*,#5228,.F.);
#6935=ORIENTED_EDGE('',*,*,#5229,.F.);
#6936=ORIENTED_EDGE('',*,*,#5224,.T.);
#6937=ORIENTED_EDGE('',*,*,#5230,.F.);
#6938=ORIENTED_EDGE('',*,*,#5227,.T.);
#6939=ORIENTED_EDGE('',*,*,#5231,.F.);
#6940=ORIENTED_EDGE('',*,*,#5218,.T.);
#6941=ORIENTED_EDGE('',*,*,#5121,.F.);
#6942=ORIENTED_EDGE('',*,*,#5232,.F.);
#6943=ORIENTED_EDGE('',*,*,#5233,.F.);
#6944=ORIENTED_EDGE('',*,*,#5230,.T.);
#6945=ORIENTED_EDGE('',*,*,#5217,.F.);
#6946=ORIENTED_EDGE('',*,*,#5233,.T.);
#6947=ORIENTED_EDGE('',*,*,#5232,.T.);
#6948=ORIENTED_EDGE('',*,*,#5120,.F.);
#6949=ORIENTED_EDGE('',*,*,#5234,.F.);
#6950=ORIENTED_EDGE('',*,*,#5228,.T.);
#6951=ORIENTED_EDGE('',*,*,#5234,.T.);
#6952=ORIENTED_EDGE('',*,*,#5235,.T.);
#6953=ORIENTED_EDGE('',*,*,#5236,.T.);
#6954=ORIENTED_EDGE('',*,*,#5236,.F.);
#6955=ORIENTED_EDGE('',*,*,#5237,.T.);
#6956=ORIENTED_EDGE('',*,*,#5238,.F.);
#6957=ORIENTED_EDGE('',*,*,#5229,.T.);
#6958=ORIENTED_EDGE('',*,*,#5225,.T.);
#6959=ORIENTED_EDGE('',*,*,#5238,.T.);
#6960=ORIENTED_EDGE('',*,*,#5239,.T.);
#6961=ORIENTED_EDGE('',*,*,#5223,.T.);
#6962=ORIENTED_EDGE('',*,*,#5239,.F.);
#6963=ORIENTED_EDGE('',*,*,#5240,.T.);
#6964=ORIENTED_EDGE('',*,*,#5114,.F.);
#6965=ORIENTED_EDGE('',*,*,#5241,.F.);
#6966=ORIENTED_EDGE('',*,*,#5115,.F.);
#6967=ORIENTED_EDGE('',*,*,#5240,.F.);
#6968=ORIENTED_EDGE('',*,*,#5237,.F.);
#6969=ORIENTED_EDGE('',*,*,#5116,.F.);
#6970=ORIENTED_EDGE('',*,*,#5241,.T.);
#6971=ORIENTED_EDGE('',*,*,#5235,.F.);
#6972=ORIENTED_EDGE('',*,*,#5119,.T.);
#6973=ORIENTED_EDGE('',*,*,#5221,.T.);
#6974=ORIENTED_EDGE('',*,*,#5219,.F.);
#6975=ORIENTED_EDGE('',*,*,#5231,.T.);
#6976=ORIENTED_EDGE('',*,*,#5226,.F.);
#6977=ORIENTED_EDGE('',*,*,#5123,.F.);
#6978=ORIENTED_EDGE('',*,*,#5216,.F.);
#6979=ORIENTED_EDGE('',*,*,#5242,.T.);
#6980=ORIENTED_EDGE('',*,*,#5243,.F.);
#6981=ORIENTED_EDGE('',*,*,#5244,.F.);
#6982=ORIENTED_EDGE('',*,*,#5244,.T.);
#6983=ORIENTED_EDGE('',*,*,#5243,.T.);
#6984=ORIENTED_EDGE('',*,*,#5245,.T.);
#6985=ORIENTED_EDGE('',*,*,#5246,.F.);
#6986=ORIENTED_EDGE('',*,*,#5124,.F.);
#6987=ORIENTED_EDGE('',*,*,#5247,.T.);
#6988=ORIENTED_EDGE('',*,*,#5248,.T.);
#6989=ORIENTED_EDGE('',*,*,#5246,.T.);
#6990=ORIENTED_EDGE('',*,*,#5249,.F.);
#6991=ORIENTED_EDGE('',*,*,#5250,.T.);
#6992=ORIENTED_EDGE('',*,*,#5247,.F.);
#6993=ORIENTED_EDGE('',*,*,#5251,.T.);
#6994=ORIENTED_EDGE('',*,*,#5252,.T.);
#6995=ORIENTED_EDGE('',*,*,#5249,.T.);
#6996=ORIENTED_EDGE('',*,*,#5253,.T.);
#6997=ORIENTED_EDGE('',*,*,#5254,.F.);
#6998=ORIENTED_EDGE('',*,*,#5255,.F.);
#6999=ORIENTED_EDGE('',*,*,#5252,.F.);
#7000=ORIENTED_EDGE('',*,*,#5256,.T.);
#7001=ORIENTED_EDGE('',*,*,#5254,.T.);
#7002=ORIENTED_EDGE('',*,*,#5257,.T.);
#7003=ORIENTED_EDGE('',*,*,#5258,.T.);
#7004=ORIENTED_EDGE('',*,*,#5259,.F.);
#7005=ORIENTED_EDGE('',*,*,#5260,.F.);
#7006=ORIENTED_EDGE('',*,*,#5261,.F.);
#7007=ORIENTED_EDGE('',*,*,#5262,.T.);
#7008=ORIENTED_EDGE('',*,*,#5263,.F.);
#7009=ORIENTED_EDGE('',*,*,#5264,.F.);
#7010=ORIENTED_EDGE('',*,*,#5250,.F.);
#7011=ORIENTED_EDGE('',*,*,#5255,.T.);
#7012=ORIENTED_EDGE('',*,*,#5259,.T.);
#7013=ORIENTED_EDGE('',*,*,#5265,.F.);
#7014=ORIENTED_EDGE('',*,*,#5266,.F.);
#7015=ORIENTED_EDGE('',*,*,#5267,.F.);
#7016=ORIENTED_EDGE('',*,*,#5260,.T.);
#7017=ORIENTED_EDGE('',*,*,#5268,.F.);
#7018=ORIENTED_EDGE('',*,*,#5142,.T.);
#7019=ORIENTED_EDGE('',*,*,#5267,.T.);
#7020=ORIENTED_EDGE('',*,*,#5269,.T.);
#7021=ORIENTED_EDGE('',*,*,#5270,.T.);
#7022=ORIENTED_EDGE('',*,*,#5270,.F.);
#7023=ORIENTED_EDGE('',*,*,#5271,.T.);
#7024=ORIENTED_EDGE('',*,*,#5272,.F.);
#7025=ORIENTED_EDGE('',*,*,#5261,.T.);
#7026=ORIENTED_EDGE('',*,*,#5273,.T.);
#7027=ORIENTED_EDGE('',*,*,#5262,.F.);
#7028=ORIENTED_EDGE('',*,*,#5272,.T.);
#7029=ORIENTED_EDGE('',*,*,#5274,.T.);
#7030=ORIENTED_EDGE('',*,*,#5275,.F.);
#7031=ORIENTED_EDGE('',*,*,#5263,.T.);
#7032=ORIENTED_EDGE('',*,*,#5273,.F.);
#7033=ORIENTED_EDGE('',*,*,#5276,.T.);
#7034=ORIENTED_EDGE('',*,*,#5277,.T.);
#7035=ORIENTED_EDGE('',*,*,#5275,.T.);
#7036=ORIENTED_EDGE('',*,*,#5278,.T.);
#7037=ORIENTED_EDGE('',*,*,#5277,.F.);
#7038=ORIENTED_EDGE('',*,*,#5125,.T.);
#7039=ORIENTED_EDGE('',*,*,#5248,.F.);
#7040=ORIENTED_EDGE('',*,*,#5264,.T.);
#7041=ORIENTED_EDGE('',*,*,#5278,.F.);
#7042=ORIENTED_EDGE('',*,*,#5279,.T.);
#7043=ORIENTED_EDGE('',*,*,#5280,.F.);
#7044=ORIENTED_EDGE('',*,*,#5126,.F.);
#7045=ORIENTED_EDGE('',*,*,#5281,.T.);
#7046=ORIENTED_EDGE('',*,*,#5127,.F.);
#7047=ORIENTED_EDGE('',*,*,#5280,.T.);
#7048=ORIENTED_EDGE('',*,*,#5282,.T.);
#7049=ORIENTED_EDGE('',*,*,#5133,.F.);
#7050=ORIENTED_EDGE('',*,*,#5128,.T.);
#7051=ORIENTED_EDGE('',*,*,#5281,.F.);
#7052=ORIENTED_EDGE('',*,*,#5283,.T.);
#7053=ORIENTED_EDGE('',*,*,#5283,.F.);
#7054=ORIENTED_EDGE('',*,*,#5284,.F.);
#7055=ORIENTED_EDGE('',*,*,#5285,.F.);
#7056=ORIENTED_EDGE('',*,*,#5134,.F.);
#7057=ORIENTED_EDGE('',*,*,#5286,.F.);
#7058=ORIENTED_EDGE('',*,*,#5285,.T.);
#7059=ORIENTED_EDGE('',*,*,#5287,.F.);
#7060=ORIENTED_EDGE('',*,*,#5288,.T.);
#7061=ORIENTED_EDGE('',*,*,#5135,.T.);
#7062=ORIENTED_EDGE('',*,*,#5286,.T.);
#7063=ORIENTED_EDGE('',*,*,#5289,.T.);
#7064=ORIENTED_EDGE('',*,*,#5140,.F.);
#7065=ORIENTED_EDGE('',*,*,#5269,.F.);
#7066=ORIENTED_EDGE('',*,*,#5141,.F.);
#7067=ORIENTED_EDGE('',*,*,#5289,.F.);
#7068=ORIENTED_EDGE('',*,*,#5290,.T.);
#7069=ORIENTED_EDGE('',*,*,#5271,.F.);
#7070=ORIENTED_EDGE('',*,*,#5290,.F.);
#7071=ORIENTED_EDGE('',*,*,#5288,.F.);
#7072=ORIENTED_EDGE('',*,*,#5291,.T.);
#7073=ORIENTED_EDGE('',*,*,#5292,.T.);
#7074=ORIENTED_EDGE('',*,*,#5274,.F.);
#7075=ORIENTED_EDGE('',*,*,#5292,.F.);
#7076=ORIENTED_EDGE('',*,*,#5293,.F.);
#7077=ORIENTED_EDGE('',*,*,#5294,.F.);
#7078=ORIENTED_EDGE('',*,*,#5279,.F.);
#7079=ORIENTED_EDGE('',*,*,#5276,.F.);
#7080=ORIENTED_EDGE('',*,*,#5294,.T.);
#7081=ORIENTED_EDGE('',*,*,#5295,.F.);
#7082=ORIENTED_EDGE('',*,*,#5282,.F.);
#7083=ORIENTED_EDGE('',*,*,#5295,.T.);
#7084=ORIENTED_EDGE('',*,*,#5296,.T.);
#7085=ORIENTED_EDGE('',*,*,#5297,.T.);
#7086=ORIENTED_EDGE('',*,*,#5284,.T.);
#7087=ORIENTED_EDGE('',*,*,#5287,.T.);
#7088=ORIENTED_EDGE('',*,*,#5297,.F.);
#7089=ORIENTED_EDGE('',*,*,#5296,.F.);
#7090=ORIENTED_EDGE('',*,*,#5293,.T.);
#7091=ORIENTED_EDGE('',*,*,#5291,.F.);
#7092=ORIENTED_EDGE('',*,*,#5268,.T.);
#7093=ORIENTED_EDGE('',*,*,#5298,.T.);
#7094=ORIENTED_EDGE('',*,*,#5299,.T.);
#7095=ORIENTED_EDGE('',*,*,#5300,.T.);
#7096=ORIENTED_EDGE('',*,*,#5301,.T.);
#7097=ORIENTED_EDGE('',*,*,#5143,.F.);
#7098=ORIENTED_EDGE('',*,*,#5299,.F.);
#7099=ORIENTED_EDGE('',*,*,#5302,.T.);
#7100=ORIENTED_EDGE('',*,*,#5144,.F.);
#7101=ORIENTED_EDGE('',*,*,#5301,.F.);
#7102=ORIENTED_EDGE('',*,*,#5300,.F.);
#7103=ORIENTED_EDGE('',*,*,#5303,.T.);
#7104=ORIENTED_EDGE('',*,*,#5209,.F.);
#7105=ORIENTED_EDGE('',*,*,#5303,.F.);
#7106=ORIENTED_EDGE('',*,*,#5304,.T.);
#7107=ORIENTED_EDGE('',*,*,#5305,.F.);
#7108=ORIENTED_EDGE('',*,*,#5210,.T.);
#7109=ORIENTED_EDGE('',*,*,#5306,.T.);
#7110=ORIENTED_EDGE('',*,*,#5211,.F.);
#7111=ORIENTED_EDGE('',*,*,#5305,.T.);
#7112=ORIENTED_EDGE('',*,*,#5307,.T.);
#7113=ORIENTED_EDGE('',*,*,#5308,.F.);
#7114=ORIENTED_EDGE('',*,*,#5212,.T.);
#7115=ORIENTED_EDGE('',*,*,#5306,.F.);
#7116=ORIENTED_EDGE('',*,*,#5309,.T.);
#7117=ORIENTED_EDGE('',*,*,#5308,.T.);
#7118=ORIENTED_EDGE('',*,*,#5310,.T.);
#7119=ORIENTED_EDGE('',*,*,#5311,.T.);
#7120=ORIENTED_EDGE('',*,*,#5312,.F.);
#7121=ORIENTED_EDGE('',*,*,#5213,.F.);
#7122=ORIENTED_EDGE('',*,*,#5311,.F.);
#7123=ORIENTED_EDGE('',*,*,#5313,.T.);
#7124=ORIENTED_EDGE('',*,*,#5314,.T.);
#7125=ORIENTED_EDGE('',*,*,#5214,.F.);
#7126=ORIENTED_EDGE('',*,*,#5312,.T.);
#7127=ORIENTED_EDGE('',*,*,#5315,.F.);
#7128=ORIENTED_EDGE('',*,*,#5316,.F.);
#7129=ORIENTED_EDGE('',*,*,#5242,.F.);
#7130=ORIENTED_EDGE('',*,*,#5215,.T.);
#7131=ORIENTED_EDGE('',*,*,#5314,.F.);
#7132=ORIENTED_EDGE('',*,*,#5317,.T.);
#7133=ORIENTED_EDGE('',*,*,#5317,.F.);
#7134=ORIENTED_EDGE('',*,*,#5318,.T.);
#7135=ORIENTED_EDGE('',*,*,#5251,.F.);
#7136=ORIENTED_EDGE('',*,*,#5245,.F.);
#7137=ORIENTED_EDGE('',*,*,#5316,.T.);
#7138=ORIENTED_EDGE('',*,*,#5315,.T.);
#7139=ORIENTED_EDGE('',*,*,#5319,.F.);
#7140=ORIENTED_EDGE('',*,*,#5253,.F.);
#7141=ORIENTED_EDGE('',*,*,#5318,.F.);
#7142=ORIENTED_EDGE('',*,*,#5313,.F.);
#7143=ORIENTED_EDGE('',*,*,#5320,.T.);
#7144=ORIENTED_EDGE('',*,*,#5256,.F.);
#7145=ORIENTED_EDGE('',*,*,#5319,.T.);
#7146=ORIENTED_EDGE('',*,*,#5310,.F.);
#7147=ORIENTED_EDGE('',*,*,#5321,.F.);
#7148=ORIENTED_EDGE('',*,*,#5257,.F.);
#7149=ORIENTED_EDGE('',*,*,#5320,.F.);
#7150=ORIENTED_EDGE('',*,*,#5309,.F.);
#7151=ORIENTED_EDGE('',*,*,#5322,.T.);
#7152=ORIENTED_EDGE('',*,*,#5323,.F.);
#7153=ORIENTED_EDGE('',*,*,#5321,.T.);
#7154=ORIENTED_EDGE('',*,*,#5324,.F.);
#7155=ORIENTED_EDGE('',*,*,#5265,.T.);
#7156=ORIENTED_EDGE('',*,*,#5258,.F.);
#7157=ORIENTED_EDGE('',*,*,#5323,.T.);
#7158=ORIENTED_EDGE('',*,*,#5325,.T.);
#7159=ORIENTED_EDGE('',*,*,#5324,.T.);
#7160=ORIENTED_EDGE('',*,*,#5326,.T.);
#7161=ORIENTED_EDGE('',*,*,#5298,.F.);
#7162=ORIENTED_EDGE('',*,*,#5266,.T.);
#7163=ORIENTED_EDGE('',*,*,#5325,.F.);
#7164=ORIENTED_EDGE('',*,*,#5327,.T.);
#7165=ORIENTED_EDGE('',*,*,#5304,.F.);
#7166=ORIENTED_EDGE('',*,*,#5302,.F.);
#7167=ORIENTED_EDGE('',*,*,#5327,.F.);
#7168=ORIENTED_EDGE('',*,*,#5328,.T.);
#7169=ORIENTED_EDGE('',*,*,#5307,.F.);
#7170=ORIENTED_EDGE('',*,*,#5328,.F.);
#7171=ORIENTED_EDGE('',*,*,#5326,.F.);
#7172=ORIENTED_EDGE('',*,*,#5322,.F.);
#7173=ORIENTED_EDGE('',*,*,#5172,.T.);
#7174=ORIENTED_EDGE('',*,*,#5208,.F.);
#7175=ORIENTED_EDGE('',*,*,#5329,.T.);
#7176=ORIENTED_EDGE('',*,*,#5330,.F.);
#7177=ORIENTED_EDGE('',*,*,#5331,.F.);
#7178=ORIENTED_EDGE('',*,*,#5331,.T.);
#7179=ORIENTED_EDGE('',*,*,#5330,.T.);
#7180=ORIENTED_EDGE('',*,*,#5332,.F.);
#7181=ORIENTED_EDGE('',*,*,#5333,.F.);
#7182=ORIENTED_EDGE('',*,*,#5174,.F.);
#7183=ORIENTED_EDGE('',*,*,#5334,.T.);
#7184=ORIENTED_EDGE('',*,*,#5333,.T.);
#7185=ORIENTED_EDGE('',*,*,#5189,.T.);
#7186=ORIENTED_EDGE('',*,*,#5334,.F.);
#7187=ORIENTED_EDGE('',*,*,#5187,.F.);
#7188=ORIENTED_EDGE('',*,*,#5182,.F.);
#7189=ORIENTED_EDGE('',*,*,#5175,.T.);
#7190=ORIENTED_EDGE('',*,*,#5335,.F.);
#7191=ORIENTED_EDGE('',*,*,#5199,.F.);
#7192=ORIENTED_EDGE('',*,*,#5190,.F.);
#7193=ORIENTED_EDGE('',*,*,#5332,.T.);
#7194=ORIENTED_EDGE('',*,*,#5200,.F.);
#7195=ORIENTED_EDGE('',*,*,#5335,.T.);
#7196=ORIENTED_EDGE('',*,*,#5329,.F.);
#7197=ORIENTED_EDGE('',*,*,#5207,.T.);
#7198=ORIENTED_EDGE('',*,*,#5089,.F.);
#7199=ORIENTED_EDGE('',*,*,#5206,.F.);
#7200=ORIENTED_EDGE('',*,*,#5336,.T.);
#7201=ORIENTED_EDGE('',*,*,#5337,.T.);
#7202=ORIENTED_EDGE('',*,*,#5090,.F.);
#7203=ORIENTED_EDGE('',*,*,#5337,.F.);
#7204=ORIENTED_EDGE('',*,*,#5338,.T.);
#7205=ORIENTED_EDGE('',*,*,#5339,.F.);
#7206=ORIENTED_EDGE('',*,*,#5339,.T.);
#7207=ORIENTED_EDGE('',*,*,#5340,.T.);
#7208=ORIENTED_EDGE('',*,*,#5341,.T.);
#7209=ORIENTED_EDGE('',*,*,#5342,.F.);
#7210=ORIENTED_EDGE('',*,*,#5091,.T.);
#7211=ORIENTED_EDGE('',*,*,#5341,.F.);
#7212=ORIENTED_EDGE('',*,*,#5343,.T.);
#7213=ORIENTED_EDGE('',*,*,#5342,.T.);
#7214=ORIENTED_EDGE('',*,*,#5344,.T.);
#7215=ORIENTED_EDGE('',*,*,#5345,.T.);
#7216=ORIENTED_EDGE('',*,*,#5345,.F.);
#7217=ORIENTED_EDGE('',*,*,#5346,.T.);
#7218=ORIENTED_EDGE('',*,*,#5347,.F.);
#7219=ORIENTED_EDGE('',*,*,#5092,.F.);
#7220=ORIENTED_EDGE('',*,*,#5348,.T.);
#7221=ORIENTED_EDGE('',*,*,#5093,.F.);
#7222=ORIENTED_EDGE('',*,*,#5347,.T.);
#7223=ORIENTED_EDGE('',*,*,#5349,.T.);
#7224=ORIENTED_EDGE('',*,*,#5099,.F.);
#7225=ORIENTED_EDGE('',*,*,#5094,.T.);
#7226=ORIENTED_EDGE('',*,*,#5348,.F.);
#7227=ORIENTED_EDGE('',*,*,#5350,.T.);
#7228=ORIENTED_EDGE('',*,*,#5350,.F.);
#7229=ORIENTED_EDGE('',*,*,#5351,.F.);
#7230=ORIENTED_EDGE('',*,*,#5352,.F.);
#7231=ORIENTED_EDGE('',*,*,#5100,.F.);
#7232=ORIENTED_EDGE('',*,*,#5353,.F.);
#7233=ORIENTED_EDGE('',*,*,#5352,.T.);
#7234=ORIENTED_EDGE('',*,*,#5354,.F.);
#7235=ORIENTED_EDGE('',*,*,#5355,.T.);
#7236=ORIENTED_EDGE('',*,*,#5101,.T.);
#7237=ORIENTED_EDGE('',*,*,#5353,.T.);
#7238=ORIENTED_EDGE('',*,*,#5356,.T.);
#7239=ORIENTED_EDGE('',*,*,#5105,.F.);
#7240=ORIENTED_EDGE('',*,*,#5357,.F.);
#7241=ORIENTED_EDGE('',*,*,#5106,.F.);
#7242=ORIENTED_EDGE('',*,*,#5356,.F.);
#7243=ORIENTED_EDGE('',*,*,#5358,.T.);
#7244=ORIENTED_EDGE('',*,*,#5359,.T.);
#7245=ORIENTED_EDGE('',*,*,#5357,.T.);
#7246=ORIENTED_EDGE('',*,*,#5360,.T.);
#7247=ORIENTED_EDGE('',*,*,#5107,.T.);
#7248=ORIENTED_EDGE('',*,*,#5359,.F.);
#7249=ORIENTED_EDGE('',*,*,#5361,.T.);
#7250=ORIENTED_EDGE('',*,*,#5362,.F.);
#7251=ORIENTED_EDGE('',*,*,#5363,.T.);
#7252=ORIENTED_EDGE('',*,*,#5364,.F.);
#7253=ORIENTED_EDGE('',*,*,#5365,.T.);
#7254=ORIENTED_EDGE('',*,*,#5362,.T.);
#7255=ORIENTED_EDGE('',*,*,#5343,.F.);
#7256=ORIENTED_EDGE('',*,*,#5366,.F.);
#7257=ORIENTED_EDGE('',*,*,#5363,.F.);
#7258=ORIENTED_EDGE('',*,*,#5361,.F.);
#7259=ORIENTED_EDGE('',*,*,#5367,.F.);
#7260=ORIENTED_EDGE('',*,*,#5368,.T.);
#7261=ORIENTED_EDGE('',*,*,#5369,.F.);
#7262=ORIENTED_EDGE('',*,*,#5344,.F.);
#7263=ORIENTED_EDGE('',*,*,#5369,.T.);
#7264=ORIENTED_EDGE('',*,*,#5370,.F.);
#7265=ORIENTED_EDGE('',*,*,#5371,.T.);
#7266=ORIENTED_EDGE('',*,*,#5346,.F.);
#7267=ORIENTED_EDGE('',*,*,#5371,.F.);
#7268=ORIENTED_EDGE('',*,*,#5372,.T.);
#7269=ORIENTED_EDGE('',*,*,#5373,.F.);
#7270=ORIENTED_EDGE('',*,*,#5349,.F.);
#7271=ORIENTED_EDGE('',*,*,#5373,.T.);
#7272=ORIENTED_EDGE('',*,*,#5374,.T.);
#7273=ORIENTED_EDGE('',*,*,#5375,.T.);
#7274=ORIENTED_EDGE('',*,*,#5351,.T.);
#7275=ORIENTED_EDGE('',*,*,#5354,.T.);
#7276=ORIENTED_EDGE('',*,*,#5375,.F.);
#7277=ORIENTED_EDGE('',*,*,#5374,.F.);
#7278=ORIENTED_EDGE('',*,*,#5376,.T.);
#7279=ORIENTED_EDGE('',*,*,#5377,.T.);
#7280=ORIENTED_EDGE('',*,*,#5378,.F.);
#7281=ORIENTED_EDGE('',*,*,#5358,.F.);
#7282=ORIENTED_EDGE('',*,*,#5355,.F.);
#7283=ORIENTED_EDGE('',*,*,#5378,.T.);
#7284=ORIENTED_EDGE('',*,*,#5379,.T.);
#7285=ORIENTED_EDGE('',*,*,#5380,.F.);
#7286=ORIENTED_EDGE('',*,*,#5360,.F.);
#7287=ORIENTED_EDGE('',*,*,#5380,.T.);
#7288=ORIENTED_EDGE('',*,*,#5381,.F.);
#7289=ORIENTED_EDGE('',*,*,#5367,.T.);
#7290=ORIENTED_EDGE('',*,*,#5370,.T.);
#7291=ORIENTED_EDGE('',*,*,#5368,.F.);
#7292=ORIENTED_EDGE('',*,*,#5381,.T.);
#7293=ORIENTED_EDGE('',*,*,#5382,.T.);
#7294=ORIENTED_EDGE('',*,*,#5382,.F.);
#7295=ORIENTED_EDGE('',*,*,#5379,.F.);
#7296=ORIENTED_EDGE('',*,*,#5377,.F.);
#7297=ORIENTED_EDGE('',*,*,#5376,.F.);
#7298=ORIENTED_EDGE('',*,*,#5372,.F.);
#7299=ORIENTED_EDGE('',*,*,#5383,.F.);
#7300=ORIENTED_EDGE('',*,*,#5366,.T.);
#7301=ORIENTED_EDGE('',*,*,#5340,.F.);
#7302=ORIENTED_EDGE('',*,*,#5384,.T.);
#7303=ORIENTED_EDGE('',*,*,#5385,.T.);
#7304=ORIENTED_EDGE('',*,*,#5364,.T.);
#7305=ORIENTED_EDGE('',*,*,#5383,.T.);
#7306=ORIENTED_EDGE('',*,*,#5386,.F.);
#7307=ORIENTED_EDGE('',*,*,#5385,.F.);
#7308=ORIENTED_EDGE('',*,*,#5387,.F.);
#7309=ORIENTED_EDGE('',*,*,#5388,.F.);
#7310=ORIENTED_EDGE('',*,*,#5389,.F.);
#7311=ORIENTED_EDGE('',*,*,#5108,.F.);
#7312=ORIENTED_EDGE('',*,*,#5365,.F.);
#7313=ORIENTED_EDGE('',*,*,#5386,.T.);
#7314=ORIENTED_EDGE('',*,*,#5203,.T.);
#7315=ORIENTED_EDGE('',*,*,#5109,.F.);
#7316=ORIENTED_EDGE('',*,*,#5389,.T.);
#7317=ORIENTED_EDGE('',*,*,#5390,.F.);
#7318=ORIENTED_EDGE('',*,*,#5390,.T.);
#7319=ORIENTED_EDGE('',*,*,#5388,.T.);
#7320=ORIENTED_EDGE('',*,*,#5391,.T.);
#7321=ORIENTED_EDGE('',*,*,#5204,.F.);
#7322=ORIENTED_EDGE('',*,*,#5391,.F.);
#7323=ORIENTED_EDGE('',*,*,#5392,.T.);
#7324=ORIENTED_EDGE('',*,*,#5336,.F.);
#7325=ORIENTED_EDGE('',*,*,#5205,.T.);
#7326=ORIENTED_EDGE('',*,*,#5387,.T.);
#7327=ORIENTED_EDGE('',*,*,#5384,.F.);
#7328=ORIENTED_EDGE('',*,*,#5338,.F.);
#7329=ORIENTED_EDGE('',*,*,#5392,.F.);
#7330=ORIENTED_EDGE('',*,*,#5393,.F.);
#7331=ORIENTED_EDGE('',*,*,#5394,.T.);
#7332=ORIENTED_EDGE('',*,*,#5395,.F.);
#7333=ORIENTED_EDGE('',*,*,#5001,.T.);
#7334=ORIENTED_EDGE('',*,*,#5396,.F.);
#7335=ORIENTED_EDGE('',*,*,#5397,.F.);
#7336=ORIENTED_EDGE('',*,*,#5393,.T.);
#7337=ORIENTED_EDGE('',*,*,#5398,.T.);
#7338=ORIENTED_EDGE('',*,*,#5399,.T.);
#7339=ORIENTED_EDGE('',*,*,#5400,.T.);
#7340=ORIENTED_EDGE('',*,*,#5394,.F.);
#7341=ORIENTED_EDGE('',*,*,#5397,.T.);
#7342=ORIENTED_EDGE('',*,*,#5401,.F.);
#7343=ORIENTED_EDGE('',*,*,#5400,.F.);
#7344=ORIENTED_EDGE('',*,*,#5402,.T.);
#7345=ORIENTED_EDGE('',*,*,#5002,.T.);
#7346=ORIENTED_EDGE('',*,*,#5395,.T.);
#7347=ORIENTED_EDGE('',*,*,#5399,.F.);
#7348=ORIENTED_EDGE('',*,*,#5403,.T.);
#7349=ORIENTED_EDGE('',*,*,#5003,.T.);
#7350=ORIENTED_EDGE('',*,*,#5402,.F.);
#7351=ORIENTED_EDGE('',*,*,#5401,.T.);
#7352=ORIENTED_EDGE('',*,*,#5403,.F.);
#7353=ORIENTED_EDGE('',*,*,#5398,.F.);
#7354=ORIENTED_EDGE('',*,*,#5396,.T.);
#7355=ORIENTED_EDGE('',*,*,#5004,.T.);
#7356=ORIENTED_EDGE('',*,*,#5404,.T.);
#7357=ORIENTED_EDGE('',*,*,#5405,.T.);
#7358=ORIENTED_EDGE('',*,*,#5406,.T.);
#7359=ORIENTED_EDGE('',*,*,#5407,.F.);
#7360=ORIENTED_EDGE('',*,*,#5408,.T.);
#7361=ORIENTED_EDGE('',*,*,#5409,.F.);
#7362=ORIENTED_EDGE('',*,*,#5410,.F.);
#7363=ORIENTED_EDGE('',*,*,#5411,.F.);
#7364=ORIENTED_EDGE('',*,*,#5404,.F.);
#7365=ORIENTED_EDGE('',*,*,#5412,.T.);
#7366=ORIENTED_EDGE('',*,*,#5413,.T.);
#7367=ORIENTED_EDGE('',*,*,#5410,.T.);
#7368=ORIENTED_EDGE('',*,*,#5414,.T.);
#7369=ORIENTED_EDGE('',*,*,#5415,.F.);
#7370=ORIENTED_EDGE('',*,*,#5416,.T.);
#7371=ORIENTED_EDGE('',*,*,#5413,.F.);
#7372=ORIENTED_EDGE('',*,*,#4833,.T.);
#7373=ORIENTED_EDGE('',*,*,#5417,.T.);
#7374=ORIENTED_EDGE('',*,*,#5418,.T.);
#7375=ORIENTED_EDGE('',*,*,#5415,.T.);
#7376=ORIENTED_EDGE('',*,*,#5417,.F.);
#7377=ORIENTED_EDGE('',*,*,#4832,.T.);
#7378=ORIENTED_EDGE('',*,*,#5419,.F.);
#7379=ORIENTED_EDGE('',*,*,#5420,.T.);
#7380=ORIENTED_EDGE('',*,*,#5420,.F.);
#7381=ORIENTED_EDGE('',*,*,#5421,.F.);
#7382=ORIENTED_EDGE('',*,*,#5407,.T.);
#7383=ORIENTED_EDGE('',*,*,#5422,.F.);
#7384=ORIENTED_EDGE('',*,*,#5418,.F.);
#7385=ORIENTED_EDGE('',*,*,#5422,.T.);
#7386=ORIENTED_EDGE('',*,*,#5406,.F.);
#7387=ORIENTED_EDGE('',*,*,#5423,.F.);
#7388=ORIENTED_EDGE('',*,*,#5416,.F.);
#7389=ORIENTED_EDGE('',*,*,#5423,.T.);
#7390=ORIENTED_EDGE('',*,*,#5405,.F.);
#7391=ORIENTED_EDGE('',*,*,#5411,.T.);
#7392=ORIENTED_EDGE('',*,*,#5424,.F.);
#7393=ORIENTED_EDGE('',*,*,#5425,.T.);
#7394=ORIENTED_EDGE('',*,*,#5408,.F.);
#7395=ORIENTED_EDGE('',*,*,#5421,.T.);
#7396=ORIENTED_EDGE('',*,*,#5419,.T.);
#7397=ORIENTED_EDGE('',*,*,#4831,.F.);
#7398=ORIENTED_EDGE('',*,*,#5426,.T.);
#7399=ORIENTED_EDGE('',*,*,#5424,.T.);
#7400=ORIENTED_EDGE('',*,*,#5414,.F.);
#7401=ORIENTED_EDGE('',*,*,#5427,.T.);
#7402=ORIENTED_EDGE('',*,*,#5426,.F.);
#7403=ORIENTED_EDGE('',*,*,#4830,.T.);
#7404=ORIENTED_EDGE('',*,*,#5427,.F.);
#7405=ORIENTED_EDGE('',*,*,#5412,.F.);
#7406=ORIENTED_EDGE('',*,*,#5409,.T.);
#7407=ORIENTED_EDGE('',*,*,#5425,.F.);
#7408=ORIENTED_EDGE('',*,*,#4867,.T.);
#7409=ORIENTED_EDGE('',*,*,#5428,.F.);
#7410=ORIENTED_EDGE('',*,*,#5429,.T.);
#7411=ORIENTED_EDGE('',*,*,#4851,.T.);
#7412=ORIENTED_EDGE('',*,*,#4852,.T.);
#7413=ORIENTED_EDGE('',*,*,#5429,.F.);
#7414=ORIENTED_EDGE('',*,*,#5430,.F.);
#7415=ORIENTED_EDGE('',*,*,#5431,.F.);
#7416=ORIENTED_EDGE('',*,*,#4838,.T.);
#7417=ORIENTED_EDGE('',*,*,#4839,.T.);
#7418=ORIENTED_EDGE('',*,*,#5431,.T.);
#7419=ORIENTED_EDGE('',*,*,#5432,.F.);
#7420=ORIENTED_EDGE('',*,*,#5433,.T.);
#7421=ORIENTED_EDGE('',*,*,#5433,.F.);
#7422=ORIENTED_EDGE('',*,*,#5434,.T.);
#7423=ORIENTED_EDGE('',*,*,#5435,.F.);
#7424=ORIENTED_EDGE('',*,*,#5436,.T.);
#7425=ORIENTED_EDGE('',*,*,#5437,.F.);
#7426=ORIENTED_EDGE('',*,*,#4840,.T.);
#7427=ORIENTED_EDGE('',*,*,#4841,.F.);
#7428=ORIENTED_EDGE('',*,*,#5437,.T.);
#7429=ORIENTED_EDGE('',*,*,#5438,.F.);
#7430=ORIENTED_EDGE('',*,*,#5439,.T.);
#7431=ORIENTED_EDGE('',*,*,#4842,.T.);
#7432=ORIENTED_EDGE('',*,*,#5439,.F.);
#7433=ORIENTED_EDGE('',*,*,#5440,.F.);
#7434=ORIENTED_EDGE('',*,*,#5441,.F.);
#7435=ORIENTED_EDGE('',*,*,#4843,.F.);
#7436=ORIENTED_EDGE('',*,*,#5441,.T.);
#7437=ORIENTED_EDGE('',*,*,#5442,.F.);
#7438=ORIENTED_EDGE('',*,*,#4863,.T.);
#7439=ORIENTED_EDGE('',*,*,#5442,.T.);
#7440=ORIENTED_EDGE('',*,*,#5443,.T.);
#7441=ORIENTED_EDGE('',*,*,#5444,.T.);
#7442=ORIENTED_EDGE('',*,*,#4864,.F.);
#7443=ORIENTED_EDGE('',*,*,#5444,.F.);
#7444=ORIENTED_EDGE('',*,*,#5445,.T.);
#7445=ORIENTED_EDGE('',*,*,#5446,.F.);
#7446=ORIENTED_EDGE('',*,*,#4865,.T.);
#7447=ORIENTED_EDGE('',*,*,#5446,.T.);
#7448=ORIENTED_EDGE('',*,*,#5447,.T.);
#7449=ORIENTED_EDGE('',*,*,#5428,.T.);
#7450=ORIENTED_EDGE('',*,*,#4866,.F.);
#7451=ORIENTED_EDGE('',*,*,#5447,.F.);
#7452=ORIENTED_EDGE('',*,*,#5448,.T.);
#7453=ORIENTED_EDGE('',*,*,#5449,.F.);
#7454=ORIENTED_EDGE('',*,*,#5430,.T.);
#7455=ORIENTED_EDGE('',*,*,#5432,.T.);
#7456=ORIENTED_EDGE('',*,*,#5449,.T.);
#7457=ORIENTED_EDGE('',*,*,#5450,.T.);
#7458=ORIENTED_EDGE('',*,*,#5434,.F.);
#7459=ORIENTED_EDGE('',*,*,#5450,.F.);
#7460=ORIENTED_EDGE('',*,*,#5451,.T.);
#7461=ORIENTED_EDGE('',*,*,#5452,.F.);
#7462=ORIENTED_EDGE('',*,*,#5435,.T.);
#7463=ORIENTED_EDGE('',*,*,#5438,.T.);
#7464=ORIENTED_EDGE('',*,*,#5436,.F.);
#7465=ORIENTED_EDGE('',*,*,#5452,.T.);
#7466=ORIENTED_EDGE('',*,*,#5453,.T.);
#7467=ORIENTED_EDGE('',*,*,#5443,.F.);
#7468=ORIENTED_EDGE('',*,*,#5440,.T.);
#7469=ORIENTED_EDGE('',*,*,#5453,.F.);
#7470=ORIENTED_EDGE('',*,*,#5454,.T.);
#7471=ORIENTED_EDGE('',*,*,#5445,.F.);
#7472=ORIENTED_EDGE('',*,*,#5454,.F.);
#7473=ORIENTED_EDGE('',*,*,#5451,.F.);
#7474=ORIENTED_EDGE('',*,*,#5448,.F.);
#7475=ORIENTED_EDGE('',*,*,#5455,.F.);
#7476=ORIENTED_EDGE('',*,*,#5456,.T.);
#7477=ORIENTED_EDGE('',*,*,#4887,.F.);
#7478=ORIENTED_EDGE('',*,*,#5457,.F.);
#7479=ORIENTED_EDGE('',*,*,#5455,.T.);
#7480=ORIENTED_EDGE('',*,*,#5458,.T.);
#7481=ORIENTED_EDGE('',*,*,#5459,.T.);
#7482=ORIENTED_EDGE('',*,*,#5460,.T.);
#7483=ORIENTED_EDGE('',*,*,#5461,.T.);
#7484=ORIENTED_EDGE('',*,*,#5462,.T.);
#7485=ORIENTED_EDGE('',*,*,#5463,.T.);
#7486=ORIENTED_EDGE('',*,*,#5464,.T.);
#7487=ORIENTED_EDGE('',*,*,#5465,.T.);
#7488=ORIENTED_EDGE('',*,*,#5466,.T.);
#7489=ORIENTED_EDGE('',*,*,#5467,.T.);
#7490=ORIENTED_EDGE('',*,*,#5468,.T.);
#7491=ORIENTED_EDGE('',*,*,#5460,.F.);
#7492=ORIENTED_EDGE('',*,*,#5469,.T.);
#7493=ORIENTED_EDGE('',*,*,#4888,.F.);
#7494=ORIENTED_EDGE('',*,*,#5456,.F.);
#7495=ORIENTED_EDGE('',*,*,#5459,.F.);
#7496=ORIENTED_EDGE('',*,*,#5470,.T.);
#7497=ORIENTED_EDGE('',*,*,#4889,.F.);
#7498=ORIENTED_EDGE('',*,*,#5469,.F.);
#7499=ORIENTED_EDGE('',*,*,#5458,.F.);
#7500=ORIENTED_EDGE('',*,*,#5457,.T.);
#7501=ORIENTED_EDGE('',*,*,#4890,.F.);
#7502=ORIENTED_EDGE('',*,*,#5470,.F.);
#7503=ORIENTED_EDGE('',*,*,#5461,.F.);
#7504=ORIENTED_EDGE('',*,*,#5471,.T.);
#7505=ORIENTED_EDGE('',*,*,#5472,.F.);
#7506=ORIENTED_EDGE('',*,*,#5473,.F.);
#7507=ORIENTED_EDGE('',*,*,#5462,.F.);
#7508=ORIENTED_EDGE('',*,*,#5473,.T.);
#7509=ORIENTED_EDGE('',*,*,#5474,.F.);
#7510=ORIENTED_EDGE('',*,*,#5475,.F.);
#7511=ORIENTED_EDGE('',*,*,#5463,.F.);
#7512=ORIENTED_EDGE('',*,*,#5475,.T.);
#7513=ORIENTED_EDGE('',*,*,#5476,.F.);
#7514=ORIENTED_EDGE('',*,*,#5477,.F.);
#7515=ORIENTED_EDGE('',*,*,#5464,.F.);
#7516=ORIENTED_EDGE('',*,*,#5477,.T.);
#7517=ORIENTED_EDGE('',*,*,#5478,.F.);
#7518=ORIENTED_EDGE('',*,*,#5479,.F.);
#7519=ORIENTED_EDGE('',*,*,#5465,.F.);
#7520=ORIENTED_EDGE('',*,*,#5479,.T.);
#7521=ORIENTED_EDGE('',*,*,#5480,.F.);
#7522=ORIENTED_EDGE('',*,*,#5481,.F.);
#7523=ORIENTED_EDGE('',*,*,#5466,.F.);
#7524=ORIENTED_EDGE('',*,*,#5481,.T.);
#7525=ORIENTED_EDGE('',*,*,#5482,.F.);
#7526=ORIENTED_EDGE('',*,*,#5483,.F.);
#7527=ORIENTED_EDGE('',*,*,#5467,.F.);
#7528=ORIENTED_EDGE('',*,*,#5483,.T.);
#7529=ORIENTED_EDGE('',*,*,#5484,.F.);
#7530=ORIENTED_EDGE('',*,*,#5485,.F.);
#7531=ORIENTED_EDGE('',*,*,#5468,.F.);
#7532=ORIENTED_EDGE('',*,*,#5485,.T.);
#7533=ORIENTED_EDGE('',*,*,#5486,.F.);
#7534=ORIENTED_EDGE('',*,*,#5471,.F.);
#7535=ORIENTED_EDGE('',*,*,#5472,.T.);
#7536=ORIENTED_EDGE('',*,*,#5486,.T.);
#7537=ORIENTED_EDGE('',*,*,#5484,.T.);
#7538=ORIENTED_EDGE('',*,*,#5482,.T.);
#7539=ORIENTED_EDGE('',*,*,#5480,.T.);
#7540=ORIENTED_EDGE('',*,*,#5478,.T.);
#7541=ORIENTED_EDGE('',*,*,#5476,.T.);
#7542=ORIENTED_EDGE('',*,*,#5474,.T.);
#7543=ORIENTED_EDGE('',*,*,#5487,.F.);
#7544=ORIENTED_EDGE('',*,*,#5488,.T.);
#7545=ORIENTED_EDGE('',*,*,#4891,.T.);
#7546=ORIENTED_EDGE('',*,*,#5489,.F.);
#7547=ORIENTED_EDGE('',*,*,#5487,.T.);
#7548=ORIENTED_EDGE('',*,*,#5490,.T.);
#7549=ORIENTED_EDGE('',*,*,#5491,.T.);
#7550=ORIENTED_EDGE('',*,*,#5492,.T.);
#7551=ORIENTED_EDGE('',*,*,#5493,.T.);
#7552=ORIENTED_EDGE('',*,*,#5494,.T.);
#7553=ORIENTED_EDGE('',*,*,#5495,.T.);
#7554=ORIENTED_EDGE('',*,*,#5496,.T.);
#7555=ORIENTED_EDGE('',*,*,#5497,.T.);
#7556=ORIENTED_EDGE('',*,*,#5498,.T.);
#7557=ORIENTED_EDGE('',*,*,#5499,.T.);
#7558=ORIENTED_EDGE('',*,*,#5500,.T.);
#7559=ORIENTED_EDGE('',*,*,#5501,.T.);
#7560=ORIENTED_EDGE('',*,*,#5501,.F.);
#7561=ORIENTED_EDGE('',*,*,#5502,.T.);
#7562=ORIENTED_EDGE('',*,*,#4892,.F.);
#7563=ORIENTED_EDGE('',*,*,#5488,.F.);
#7564=ORIENTED_EDGE('',*,*,#5500,.F.);
#7565=ORIENTED_EDGE('',*,*,#5503,.T.);
#7566=ORIENTED_EDGE('',*,*,#4893,.T.);
#7567=ORIENTED_EDGE('',*,*,#5502,.F.);
#7568=ORIENTED_EDGE('',*,*,#5499,.F.);
#7569=ORIENTED_EDGE('',*,*,#5504,.T.);
#7570=ORIENTED_EDGE('',*,*,#4894,.F.);
#7571=ORIENTED_EDGE('',*,*,#5503,.F.);
#7572=ORIENTED_EDGE('',*,*,#5498,.F.);
#7573=ORIENTED_EDGE('',*,*,#5505,.T.);
#7574=ORIENTED_EDGE('',*,*,#4895,.T.);
#7575=ORIENTED_EDGE('',*,*,#5504,.F.);
#7576=ORIENTED_EDGE('',*,*,#5497,.F.);
#7577=ORIENTED_EDGE('',*,*,#5506,.T.);
#7578=ORIENTED_EDGE('',*,*,#4896,.T.);
#7579=ORIENTED_EDGE('',*,*,#5505,.F.);
#7580=ORIENTED_EDGE('',*,*,#5496,.F.);
#7581=ORIENTED_EDGE('',*,*,#5507,.T.);
#7582=ORIENTED_EDGE('',*,*,#4897,.T.);
#7583=ORIENTED_EDGE('',*,*,#5506,.F.);
#7584=ORIENTED_EDGE('',*,*,#5495,.F.);
#7585=ORIENTED_EDGE('',*,*,#5508,.T.);
#7586=ORIENTED_EDGE('',*,*,#4898,.T.);
#7587=ORIENTED_EDGE('',*,*,#5507,.F.);
#7588=ORIENTED_EDGE('',*,*,#5494,.F.);
#7589=ORIENTED_EDGE('',*,*,#5509,.T.);
#7590=ORIENTED_EDGE('',*,*,#4899,.F.);
#7591=ORIENTED_EDGE('',*,*,#5508,.F.);
#7592=ORIENTED_EDGE('',*,*,#5493,.F.);
#7593=ORIENTED_EDGE('',*,*,#5510,.T.);
#7594=ORIENTED_EDGE('',*,*,#4900,.F.);
#7595=ORIENTED_EDGE('',*,*,#5509,.F.);
#7596=ORIENTED_EDGE('',*,*,#5492,.F.);
#7597=ORIENTED_EDGE('',*,*,#5511,.T.);
#7598=ORIENTED_EDGE('',*,*,#4901,.T.);
#7599=ORIENTED_EDGE('',*,*,#5510,.F.);
#7600=ORIENTED_EDGE('',*,*,#5491,.F.);
#7601=ORIENTED_EDGE('',*,*,#5512,.T.);
#7602=ORIENTED_EDGE('',*,*,#4902,.T.);
#7603=ORIENTED_EDGE('',*,*,#5511,.F.);
#7604=ORIENTED_EDGE('',*,*,#5490,.F.);
#7605=ORIENTED_EDGE('',*,*,#5489,.T.);
#7606=ORIENTED_EDGE('',*,*,#4903,.T.);
#7607=ORIENTED_EDGE('',*,*,#5512,.F.);
#7608=ORIENTED_EDGE('',*,*,#5513,.F.);
#7609=ORIENTED_EDGE('',*,*,#5514,.T.);
#7610=ORIENTED_EDGE('',*,*,#4904,.T.);
#7611=ORIENTED_EDGE('',*,*,#5515,.F.);
#7612=ORIENTED_EDGE('',*,*,#5513,.T.);
#7613=ORIENTED_EDGE('',*,*,#5516,.T.);
#7614=ORIENTED_EDGE('',*,*,#5517,.T.);
#7615=ORIENTED_EDGE('',*,*,#5518,.T.);
#7616=ORIENTED_EDGE('',*,*,#5519,.T.);
#7617=ORIENTED_EDGE('',*,*,#5520,.T.);
#7618=ORIENTED_EDGE('',*,*,#5521,.T.);
#7619=ORIENTED_EDGE('',*,*,#5522,.T.);
#7620=ORIENTED_EDGE('',*,*,#5523,.T.);
#7621=ORIENTED_EDGE('',*,*,#5524,.T.);
#7622=ORIENTED_EDGE('',*,*,#5525,.T.);
#7623=ORIENTED_EDGE('',*,*,#5526,.T.);
#7624=ORIENTED_EDGE('',*,*,#5526,.F.);
#7625=ORIENTED_EDGE('',*,*,#5527,.T.);
#7626=ORIENTED_EDGE('',*,*,#4905,.T.);
#7627=ORIENTED_EDGE('',*,*,#5514,.F.);
#7628=ORIENTED_EDGE('',*,*,#5525,.F.);
#7629=ORIENTED_EDGE('',*,*,#5528,.T.);
#7630=ORIENTED_EDGE('',*,*,#4906,.T.);
#7631=ORIENTED_EDGE('',*,*,#5527,.F.);
#7632=ORIENTED_EDGE('',*,*,#5524,.F.);
#7633=ORIENTED_EDGE('',*,*,#5529,.T.);
#7634=ORIENTED_EDGE('',*,*,#4907,.T.);
#7635=ORIENTED_EDGE('',*,*,#5528,.F.);
#7636=ORIENTED_EDGE('',*,*,#5523,.F.);
#7637=ORIENTED_EDGE('',*,*,#5530,.T.);
#7638=ORIENTED_EDGE('',*,*,#4908,.T.);
#7639=ORIENTED_EDGE('',*,*,#5529,.F.);
#7640=ORIENTED_EDGE('',*,*,#5522,.F.);
#7641=ORIENTED_EDGE('',*,*,#5531,.T.);
#7642=ORIENTED_EDGE('',*,*,#4909,.T.);
#7643=ORIENTED_EDGE('',*,*,#5530,.F.);
#7644=ORIENTED_EDGE('',*,*,#5521,.F.);
#7645=ORIENTED_EDGE('',*,*,#5532,.T.);
#7646=ORIENTED_EDGE('',*,*,#4910,.T.);
#7647=ORIENTED_EDGE('',*,*,#5531,.F.);
#7648=ORIENTED_EDGE('',*,*,#5520,.F.);
#7649=ORIENTED_EDGE('',*,*,#5533,.T.);
#7650=ORIENTED_EDGE('',*,*,#4911,.T.);
#7651=ORIENTED_EDGE('',*,*,#5532,.F.);
#7652=ORIENTED_EDGE('',*,*,#5519,.F.);
#7653=ORIENTED_EDGE('',*,*,#5534,.T.);
#7654=ORIENTED_EDGE('',*,*,#4912,.T.);
#7655=ORIENTED_EDGE('',*,*,#5533,.F.);
#7656=ORIENTED_EDGE('',*,*,#5518,.F.);
#7657=ORIENTED_EDGE('',*,*,#5535,.T.);
#7658=ORIENTED_EDGE('',*,*,#4913,.T.);
#7659=ORIENTED_EDGE('',*,*,#5534,.F.);
#7660=ORIENTED_EDGE('',*,*,#5517,.F.);
#7661=ORIENTED_EDGE('',*,*,#5536,.T.);
#7662=ORIENTED_EDGE('',*,*,#4914,.T.);
#7663=ORIENTED_EDGE('',*,*,#5535,.F.);
#7664=ORIENTED_EDGE('',*,*,#5516,.F.);
#7665=ORIENTED_EDGE('',*,*,#5515,.T.);
#7666=ORIENTED_EDGE('',*,*,#4915,.T.);
#7667=ORIENTED_EDGE('',*,*,#5536,.F.);
#7668=ORIENTED_EDGE('',*,*,#5537,.F.);
#7669=ORIENTED_EDGE('',*,*,#5538,.T.);
#7670=ORIENTED_EDGE('',*,*,#4916,.T.);
#7671=ORIENTED_EDGE('',*,*,#5539,.F.);
#7672=ORIENTED_EDGE('',*,*,#5537,.T.);
#7673=ORIENTED_EDGE('',*,*,#5540,.T.);
#7674=ORIENTED_EDGE('',*,*,#5541,.T.);
#7675=ORIENTED_EDGE('',*,*,#5542,.T.);
#7676=ORIENTED_EDGE('',*,*,#5543,.T.);
#7677=ORIENTED_EDGE('',*,*,#5544,.T.);
#7678=ORIENTED_EDGE('',*,*,#5545,.T.);
#7679=ORIENTED_EDGE('',*,*,#5546,.T.);
#7680=ORIENTED_EDGE('',*,*,#5547,.T.);
#7681=ORIENTED_EDGE('',*,*,#5548,.T.);
#7682=ORIENTED_EDGE('',*,*,#5549,.T.);
#7683=ORIENTED_EDGE('',*,*,#5549,.F.);
#7684=ORIENTED_EDGE('',*,*,#5550,.T.);
#7685=ORIENTED_EDGE('',*,*,#4917,.T.);
#7686=ORIENTED_EDGE('',*,*,#5538,.F.);
#7687=ORIENTED_EDGE('',*,*,#5548,.F.);
#7688=ORIENTED_EDGE('',*,*,#5551,.T.);
#7689=ORIENTED_EDGE('',*,*,#4918,.T.);
#7690=ORIENTED_EDGE('',*,*,#5550,.F.);
#7691=ORIENTED_EDGE('',*,*,#5547,.F.);
#7692=ORIENTED_EDGE('',*,*,#5552,.T.);
#7693=ORIENTED_EDGE('',*,*,#4919,.T.);
#7694=ORIENTED_EDGE('',*,*,#5551,.F.);
#7695=ORIENTED_EDGE('',*,*,#5546,.F.);
#7696=ORIENTED_EDGE('',*,*,#5553,.F.);
#7697=ORIENTED_EDGE('',*,*,#4920,.T.);
#7698=ORIENTED_EDGE('',*,*,#5552,.F.);
#7699=ORIENTED_EDGE('',*,*,#5545,.F.);
#7700=ORIENTED_EDGE('',*,*,#5554,.T.);
#7701=ORIENTED_EDGE('',*,*,#4921,.F.);
#7702=ORIENTED_EDGE('',*,*,#5553,.T.);
#7703=ORIENTED_EDGE('',*,*,#5544,.F.);
#7704=ORIENTED_EDGE('',*,*,#5555,.T.);
#7705=ORIENTED_EDGE('',*,*,#4922,.T.);
#7706=ORIENTED_EDGE('',*,*,#5554,.F.);
#7707=ORIENTED_EDGE('',*,*,#5543,.F.);
#7708=ORIENTED_EDGE('',*,*,#5556,.T.);
#7709=ORIENTED_EDGE('',*,*,#4923,.T.);
#7710=ORIENTED_EDGE('',*,*,#5555,.F.);
#7711=ORIENTED_EDGE('',*,*,#5542,.F.);
#7712=ORIENTED_EDGE('',*,*,#5557,.T.);
#7713=ORIENTED_EDGE('',*,*,#4924,.T.);
#7714=ORIENTED_EDGE('',*,*,#5556,.F.);
#7715=ORIENTED_EDGE('',*,*,#5541,.F.);
#7716=ORIENTED_EDGE('',*,*,#5558,.T.);
#7717=ORIENTED_EDGE('',*,*,#4925,.T.);
#7718=ORIENTED_EDGE('',*,*,#5557,.F.);
#7719=ORIENTED_EDGE('',*,*,#5540,.F.);
#7720=ORIENTED_EDGE('',*,*,#5539,.T.);
#7721=ORIENTED_EDGE('',*,*,#4926,.T.);
#7722=ORIENTED_EDGE('',*,*,#5558,.F.);
#7723=ORIENTED_EDGE('',*,*,#4745,.T.);
#7724=ORIENTED_EDGE('',*,*,#4766,.T.);
#7725=ORIENTED_EDGE('',*,*,#5559,.T.);
#7726=ORIENTED_EDGE('',*,*,#5560,.F.);
#7727=ORIENTED_EDGE('',*,*,#5561,.F.);
#7728=ORIENTED_EDGE('',*,*,#5562,.T.);
#7729=ORIENTED_EDGE('',*,*,#5563,.T.);
#7730=ORIENTED_EDGE('',*,*,#4732,.F.);
#7731=ORIENTED_EDGE('',*,*,#4746,.T.);
#7732=ORIENTED_EDGE('',*,*,#5562,.F.);
#7733=ORIENTED_EDGE('',*,*,#5564,.T.);
#7734=ORIENTED_EDGE('',*,*,#5565,.T.);
#7735=ORIENTED_EDGE('',*,*,#5563,.F.);
#7736=ORIENTED_EDGE('',*,*,#5566,.T.);
#7737=ORIENTED_EDGE('',*,*,#5567,.F.);
#7738=ORIENTED_EDGE('',*,*,#4733,.T.);
#7739=ORIENTED_EDGE('',*,*,#5568,.T.);
#7740=ORIENTED_EDGE('',*,*,#5569,.T.);
#7741=ORIENTED_EDGE('',*,*,#5567,.T.);
#7742=ORIENTED_EDGE('',*,*,#5568,.F.);
#7743=ORIENTED_EDGE('',*,*,#5570,.T.);
#7744=ORIENTED_EDGE('',*,*,#5571,.F.);
#7745=ORIENTED_EDGE('',*,*,#4763,.T.);
#7746=ORIENTED_EDGE('',*,*,#5572,.T.);
#7747=ORIENTED_EDGE('',*,*,#5571,.T.);
#7748=ORIENTED_EDGE('',*,*,#5573,.T.);
#7749=ORIENTED_EDGE('',*,*,#4764,.T.);
#7750=ORIENTED_EDGE('',*,*,#5572,.F.);
#7751=ORIENTED_EDGE('',*,*,#5560,.T.);
#7752=ORIENTED_EDGE('',*,*,#5574,.T.);
#7753=ORIENTED_EDGE('',*,*,#5559,.F.);
#7754=ORIENTED_EDGE('',*,*,#4765,.T.);
#7755=ORIENTED_EDGE('',*,*,#5574,.F.);
#7756=ORIENTED_EDGE('',*,*,#5564,.F.);
#7757=ORIENTED_EDGE('',*,*,#5561,.T.);
#7758=ORIENTED_EDGE('',*,*,#5573,.F.);
#7759=ORIENTED_EDGE('',*,*,#5575,.T.);
#7760=ORIENTED_EDGE('',*,*,#5566,.F.);
#7761=ORIENTED_EDGE('',*,*,#5565,.F.);
#7762=ORIENTED_EDGE('',*,*,#5575,.F.);
#7763=ORIENTED_EDGE('',*,*,#5570,.F.);
#7764=ORIENTED_EDGE('',*,*,#4734,.T.);
#7765=ORIENTED_EDGE('',*,*,#5569,.F.);
#7766=ORIENTED_EDGE('',*,*,#4762,.T.);
#7767=ORIENTED_EDGE('',*,*,#5576,.F.);
#7768=ORIENTED_EDGE('',*,*,#4735,.F.);
#7769=ORIENTED_EDGE('',*,*,#5576,.T.);
#7770=ORIENTED_EDGE('',*,*,#4761,.T.);
#7771=ORIENTED_EDGE('',*,*,#4748,.T.);
#7772=ORIENTED_EDGE('',*,*,#4760,.T.);
#7773=ORIENTED_EDGE('',*,*,#5577,.T.);
#7774=ORIENTED_EDGE('',*,*,#5578,.F.);
#7775=ORIENTED_EDGE('',*,*,#5579,.F.);
#7776=ORIENTED_EDGE('',*,*,#5580,.T.);
#7777=ORIENTED_EDGE('',*,*,#5581,.T.);
#7778=ORIENTED_EDGE('',*,*,#4750,.F.);
#7779=ORIENTED_EDGE('',*,*,#4749,.T.);
#7780=ORIENTED_EDGE('',*,*,#5580,.F.);
#7781=ORIENTED_EDGE('',*,*,#5582,.T.);
#7782=ORIENTED_EDGE('',*,*,#5583,.T.);
#7783=ORIENTED_EDGE('',*,*,#5581,.F.);
#7784=ORIENTED_EDGE('',*,*,#5584,.T.);
#7785=ORIENTED_EDGE('',*,*,#5585,.F.);
#7786=ORIENTED_EDGE('',*,*,#4751,.T.);
#7787=ORIENTED_EDGE('',*,*,#5586,.T.);
#7788=ORIENTED_EDGE('',*,*,#5587,.T.);
#7789=ORIENTED_EDGE('',*,*,#5585,.T.);
#7790=ORIENTED_EDGE('',*,*,#5588,.F.);
#7791=ORIENTED_EDGE('',*,*,#4757,.T.);
#7792=ORIENTED_EDGE('',*,*,#5586,.F.);
#7793=ORIENTED_EDGE('',*,*,#5589,.T.);
#7794=ORIENTED_EDGE('',*,*,#5590,.T.);
#7795=ORIENTED_EDGE('',*,*,#5588,.T.);
#7796=ORIENTED_EDGE('',*,*,#5591,.T.);
#7797=ORIENTED_EDGE('',*,*,#4758,.T.);
#7798=ORIENTED_EDGE('',*,*,#5590,.F.);
#7799=ORIENTED_EDGE('',*,*,#5578,.T.);
#7800=ORIENTED_EDGE('',*,*,#5592,.T.);
#7801=ORIENTED_EDGE('',*,*,#5577,.F.);
#7802=ORIENTED_EDGE('',*,*,#4759,.T.);
#7803=ORIENTED_EDGE('',*,*,#5592,.F.);
#7804=ORIENTED_EDGE('',*,*,#5582,.F.);
#7805=ORIENTED_EDGE('',*,*,#5579,.T.);
#7806=ORIENTED_EDGE('',*,*,#5591,.F.);
#7807=ORIENTED_EDGE('',*,*,#5593,.T.);
#7808=ORIENTED_EDGE('',*,*,#5584,.F.);
#7809=ORIENTED_EDGE('',*,*,#5583,.F.);
#7810=ORIENTED_EDGE('',*,*,#5593,.F.);
#7811=ORIENTED_EDGE('',*,*,#5589,.F.);
#7812=ORIENTED_EDGE('',*,*,#4752,.T.);
#7813=ORIENTED_EDGE('',*,*,#5587,.F.);
#7814=ORIENTED_EDGE('',*,*,#4756,.T.);
#7815=ORIENTED_EDGE('',*,*,#5594,.F.);
#7816=ORIENTED_EDGE('',*,*,#4753,.F.);
#7817=ORIENTED_EDGE('',*,*,#5594,.T.);
#7818=ORIENTED_EDGE('',*,*,#4755,.T.);
#7819=ORIENTED_EDGE('',*,*,#5595,.F.);
#7820=ORIENTED_EDGE('',*,*,#5596,.T.);
#7821=ORIENTED_EDGE('',*,*,#4770,.F.);
#7822=ORIENTED_EDGE('',*,*,#5597,.F.);
#7823=ORIENTED_EDGE('',*,*,#5598,.T.);
#7824=ORIENTED_EDGE('',*,*,#5599,.T.);
#7825=ORIENTED_EDGE('',*,*,#5600,.T.);
#7826=ORIENTED_EDGE('',*,*,#5595,.T.);
#7827=ORIENTED_EDGE('',*,*,#5601,.T.);
#7828=ORIENTED_EDGE('',*,*,#5602,.T.);
#7829=ORIENTED_EDGE('',*,*,#5603,.T.);
#7830=ORIENTED_EDGE('',*,*,#5604,.T.);
#7831=ORIENTED_EDGE('',*,*,#5605,.T.);
#7832=ORIENTED_EDGE('',*,*,#5606,.T.);
#7833=ORIENTED_EDGE('',*,*,#5598,.F.);
#7834=ORIENTED_EDGE('',*,*,#5607,.T.);
#7835=ORIENTED_EDGE('',*,*,#4773,.F.);
#7836=ORIENTED_EDGE('',*,*,#5608,.F.);
#7837=ORIENTED_EDGE('',*,*,#5599,.F.);
#7838=ORIENTED_EDGE('',*,*,#5608,.T.);
#7839=ORIENTED_EDGE('',*,*,#4772,.F.);
#7840=ORIENTED_EDGE('',*,*,#5609,.F.);
#7841=ORIENTED_EDGE('',*,*,#5600,.F.);
#7842=ORIENTED_EDGE('',*,*,#5609,.T.);
#7843=ORIENTED_EDGE('',*,*,#4771,.F.);
#7844=ORIENTED_EDGE('',*,*,#5596,.F.);
#7845=ORIENTED_EDGE('',*,*,#5602,.F.);
#7846=ORIENTED_EDGE('',*,*,#5610,.T.);
#7847=ORIENTED_EDGE('',*,*,#4774,.F.);
#7848=ORIENTED_EDGE('',*,*,#5607,.F.);
#7849=ORIENTED_EDGE('',*,*,#5601,.F.);
#7850=ORIENTED_EDGE('',*,*,#5597,.T.);
#7851=ORIENTED_EDGE('',*,*,#4775,.F.);
#7852=ORIENTED_EDGE('',*,*,#5610,.F.);
#7853=ORIENTED_EDGE('',*,*,#5603,.F.);
#7854=ORIENTED_EDGE('',*,*,#5611,.T.);
#7855=ORIENTED_EDGE('',*,*,#5612,.F.);
#7856=ORIENTED_EDGE('',*,*,#5613,.F.);
#7857=ORIENTED_EDGE('',*,*,#5604,.F.);
#7858=ORIENTED_EDGE('',*,*,#5613,.T.);
#7859=ORIENTED_EDGE('',*,*,#5614,.F.);
#7860=ORIENTED_EDGE('',*,*,#5615,.F.);
#7861=ORIENTED_EDGE('',*,*,#5605,.F.);
#7862=ORIENTED_EDGE('',*,*,#5615,.T.);
#7863=ORIENTED_EDGE('',*,*,#5616,.F.);
#7864=ORIENTED_EDGE('',*,*,#5617,.F.);
#7865=ORIENTED_EDGE('',*,*,#5606,.F.);
#7866=ORIENTED_EDGE('',*,*,#5617,.T.);
#7867=ORIENTED_EDGE('',*,*,#5618,.F.);
#7868=ORIENTED_EDGE('',*,*,#5611,.F.);
#7869=ORIENTED_EDGE('',*,*,#5616,.T.);
#7870=ORIENTED_EDGE('',*,*,#5614,.T.);
#7871=ORIENTED_EDGE('',*,*,#5612,.T.);
#7872=ORIENTED_EDGE('',*,*,#5618,.T.);
#7873=ORIENTED_EDGE('',*,*,#5619,.F.);
#7874=ORIENTED_EDGE('',*,*,#5620,.T.);
#7875=ORIENTED_EDGE('',*,*,#4776,.F.);
#7876=ORIENTED_EDGE('',*,*,#5621,.F.);
#7877=ORIENTED_EDGE('',*,*,#5622,.T.);
#7878=ORIENTED_EDGE('',*,*,#5623,.T.);
#7879=ORIENTED_EDGE('',*,*,#5624,.T.);
#7880=ORIENTED_EDGE('',*,*,#5625,.T.);
#7881=ORIENTED_EDGE('',*,*,#5626,.T.);
#7882=ORIENTED_EDGE('',*,*,#5619,.T.);
#7883=ORIENTED_EDGE('',*,*,#5627,.T.);
#7884=ORIENTED_EDGE('',*,*,#5628,.T.);
#7885=ORIENTED_EDGE('',*,*,#5629,.T.);
#7886=ORIENTED_EDGE('',*,*,#5630,.T.);
#7887=ORIENTED_EDGE('',*,*,#5631,.T.);
#7888=ORIENTED_EDGE('',*,*,#5632,.T.);
#7889=ORIENTED_EDGE('',*,*,#5633,.T.);
#7890=ORIENTED_EDGE('',*,*,#5634,.T.);
#7891=ORIENTED_EDGE('',*,*,#5635,.T.);
#7892=ORIENTED_EDGE('',*,*,#5622,.F.);
#7893=ORIENTED_EDGE('',*,*,#5636,.F.);
#7894=ORIENTED_EDGE('',*,*,#4781,.T.);
#7895=ORIENTED_EDGE('',*,*,#5637,.F.);
#7896=ORIENTED_EDGE('',*,*,#5623,.F.);
#7897=ORIENTED_EDGE('',*,*,#5637,.T.);
#7898=ORIENTED_EDGE('',*,*,#4780,.T.);
#7899=ORIENTED_EDGE('',*,*,#5638,.F.);
#7900=ORIENTED_EDGE('',*,*,#5624,.F.);
#7901=ORIENTED_EDGE('',*,*,#5638,.T.);
#7902=ORIENTED_EDGE('',*,*,#4779,.T.);
#7903=ORIENTED_EDGE('',*,*,#5639,.F.);
#7904=ORIENTED_EDGE('',*,*,#5625,.F.);
#7905=ORIENTED_EDGE('',*,*,#5639,.T.);
#7906=ORIENTED_EDGE('',*,*,#4778,.T.);
#7907=ORIENTED_EDGE('',*,*,#5640,.F.);
#7908=ORIENTED_EDGE('',*,*,#5626,.F.);
#7909=ORIENTED_EDGE('',*,*,#5640,.T.);
#7910=ORIENTED_EDGE('',*,*,#4777,.T.);
#7911=ORIENTED_EDGE('',*,*,#5620,.F.);
#7912=ORIENTED_EDGE('',*,*,#5629,.F.);
#7913=ORIENTED_EDGE('',*,*,#5641,.T.);
#7914=ORIENTED_EDGE('',*,*,#4782,.F.);
#7915=ORIENTED_EDGE('',*,*,#5636,.T.);
#7916=ORIENTED_EDGE('',*,*,#5628,.F.);
#7917=ORIENTED_EDGE('',*,*,#5642,.T.);
#7918=ORIENTED_EDGE('',*,*,#4783,.F.);
#7919=ORIENTED_EDGE('',*,*,#5641,.F.);
#7920=ORIENTED_EDGE('',*,*,#5627,.F.);
#7921=ORIENTED_EDGE('',*,*,#5621,.T.);
#7922=ORIENTED_EDGE('',*,*,#4784,.F.);
#7923=ORIENTED_EDGE('',*,*,#5642,.F.);
#7924=ORIENTED_EDGE('',*,*,#5630,.F.);
#7925=ORIENTED_EDGE('',*,*,#5643,.T.);
#7926=ORIENTED_EDGE('',*,*,#5644,.T.);
#7927=ORIENTED_EDGE('',*,*,#5645,.F.);
#7928=ORIENTED_EDGE('',*,*,#5631,.F.);
#7929=ORIENTED_EDGE('',*,*,#5645,.T.);
#7930=ORIENTED_EDGE('',*,*,#5646,.F.);
#7931=ORIENTED_EDGE('',*,*,#5647,.F.);
#7932=ORIENTED_EDGE('',*,*,#5632,.F.);
#7933=ORIENTED_EDGE('',*,*,#5647,.T.);
#7934=ORIENTED_EDGE('',*,*,#5648,.F.);
#7935=ORIENTED_EDGE('',*,*,#5649,.F.);
#7936=ORIENTED_EDGE('',*,*,#5633,.F.);
#7937=ORIENTED_EDGE('',*,*,#5649,.T.);
#7938=ORIENTED_EDGE('',*,*,#5650,.F.);
#7939=ORIENTED_EDGE('',*,*,#5651,.T.);
#7940=ORIENTED_EDGE('',*,*,#5634,.F.);
#7941=ORIENTED_EDGE('',*,*,#5651,.F.);
#7942=ORIENTED_EDGE('',*,*,#5652,.T.);
#7943=ORIENTED_EDGE('',*,*,#5653,.F.);
#7944=ORIENTED_EDGE('',*,*,#5635,.F.);
#7945=ORIENTED_EDGE('',*,*,#5653,.T.);
#7946=ORIENTED_EDGE('',*,*,#5654,.T.);
#7947=ORIENTED_EDGE('',*,*,#5643,.F.);
#7948=ORIENTED_EDGE('',*,*,#5654,.F.);
#7949=ORIENTED_EDGE('',*,*,#5652,.F.);
#7950=ORIENTED_EDGE('',*,*,#5650,.T.);
#7951=ORIENTED_EDGE('',*,*,#5648,.T.);
#7952=ORIENTED_EDGE('',*,*,#5646,.T.);
#7953=ORIENTED_EDGE('',*,*,#5644,.F.);
#7954=ORIENTED_EDGE('',*,*,#5655,.F.);
#7955=ORIENTED_EDGE('',*,*,#5656,.T.);
#7956=ORIENTED_EDGE('',*,*,#4785,.T.);
#7957=ORIENTED_EDGE('',*,*,#5657,.F.);
#7958=ORIENTED_EDGE('',*,*,#5658,.T.);
#7959=ORIENTED_EDGE('',*,*,#5659,.T.);
#7960=ORIENTED_EDGE('',*,*,#5660,.T.);
#7961=ORIENTED_EDGE('',*,*,#5661,.T.);
#7962=ORIENTED_EDGE('',*,*,#5655,.T.);
#7963=ORIENTED_EDGE('',*,*,#5662,.T.);
#7964=ORIENTED_EDGE('',*,*,#5663,.T.);
#7965=ORIENTED_EDGE('',*,*,#5664,.T.);
#7966=ORIENTED_EDGE('',*,*,#5665,.T.);
#7967=ORIENTED_EDGE('',*,*,#5666,.T.);
#7968=ORIENTED_EDGE('',*,*,#5667,.T.);
#7969=ORIENTED_EDGE('',*,*,#5668,.T.);
#7970=ORIENTED_EDGE('',*,*,#5669,.T.);
#7971=ORIENTED_EDGE('',*,*,#5670,.T.);
#7972=ORIENTED_EDGE('',*,*,#5671,.T.);
#7973=ORIENTED_EDGE('',*,*,#5658,.F.);
#7974=ORIENTED_EDGE('',*,*,#5672,.F.);
#7975=ORIENTED_EDGE('',*,*,#4789,.T.);
#7976=ORIENTED_EDGE('',*,*,#5673,.F.);
#7977=ORIENTED_EDGE('',*,*,#5659,.F.);
#7978=ORIENTED_EDGE('',*,*,#5673,.T.);
#7979=ORIENTED_EDGE('',*,*,#4788,.T.);
#7980=ORIENTED_EDGE('',*,*,#5674,.F.);
#7981=ORIENTED_EDGE('',*,*,#5660,.F.);
#7982=ORIENTED_EDGE('',*,*,#5674,.T.);
#7983=ORIENTED_EDGE('',*,*,#4787,.T.);
#7984=ORIENTED_EDGE('',*,*,#5675,.F.);
#7985=ORIENTED_EDGE('',*,*,#5661,.F.);
#7986=ORIENTED_EDGE('',*,*,#5675,.T.);
#7987=ORIENTED_EDGE('',*,*,#4786,.T.);
#7988=ORIENTED_EDGE('',*,*,#5656,.F.);
#7989=ORIENTED_EDGE('',*,*,#5665,.F.);
#7990=ORIENTED_EDGE('',*,*,#5676,.T.);
#7991=ORIENTED_EDGE('',*,*,#4790,.F.);
#7992=ORIENTED_EDGE('',*,*,#5672,.T.);
#7993=ORIENTED_EDGE('',*,*,#5664,.F.);
#7994=ORIENTED_EDGE('',*,*,#5677,.T.);
#7995=ORIENTED_EDGE('',*,*,#4791,.F.);
#7996=ORIENTED_EDGE('',*,*,#5676,.F.);
#7997=ORIENTED_EDGE('',*,*,#5663,.F.);
#7998=ORIENTED_EDGE('',*,*,#5678,.T.);
#7999=ORIENTED_EDGE('',*,*,#4792,.F.);
#8000=ORIENTED_EDGE('',*,*,#5677,.F.);
#8001=ORIENTED_EDGE('',*,*,#5662,.F.);
#8002=ORIENTED_EDGE('',*,*,#5657,.T.);
#8003=ORIENTED_EDGE('',*,*,#4793,.F.);
#8004=ORIENTED_EDGE('',*,*,#5678,.F.);
#8005=ORIENTED_EDGE('',*,*,#5666,.F.);
#8006=ORIENTED_EDGE('',*,*,#5679,.T.);
#8007=ORIENTED_EDGE('',*,*,#5680,.T.);
#8008=ORIENTED_EDGE('',*,*,#5681,.F.);
#8009=ORIENTED_EDGE('',*,*,#5667,.F.);
#8010=ORIENTED_EDGE('',*,*,#5681,.T.);
#8011=ORIENTED_EDGE('',*,*,#5682,.F.);
#8012=ORIENTED_EDGE('',*,*,#5683,.F.);
#8013=ORIENTED_EDGE('',*,*,#5668,.F.);
#8014=ORIENTED_EDGE('',*,*,#5683,.T.);
#8015=ORIENTED_EDGE('',*,*,#5684,.F.);
#8016=ORIENTED_EDGE('',*,*,#5685,.F.);
#8017=ORIENTED_EDGE('',*,*,#5669,.F.);
#8018=ORIENTED_EDGE('',*,*,#5685,.T.);
#8019=ORIENTED_EDGE('',*,*,#5686,.F.);
#8020=ORIENTED_EDGE('',*,*,#5687,.T.);
#8021=ORIENTED_EDGE('',*,*,#5670,.F.);
#8022=ORIENTED_EDGE('',*,*,#5687,.F.);
#8023=ORIENTED_EDGE('',*,*,#5688,.T.);
#8024=ORIENTED_EDGE('',*,*,#5689,.F.);
#8025=ORIENTED_EDGE('',*,*,#5671,.F.);
#8026=ORIENTED_EDGE('',*,*,#5689,.T.);
#8027=ORIENTED_EDGE('',*,*,#5690,.T.);
#8028=ORIENTED_EDGE('',*,*,#5679,.F.);
#8029=ORIENTED_EDGE('',*,*,#5686,.T.);
#8030=ORIENTED_EDGE('',*,*,#5684,.T.);
#8031=ORIENTED_EDGE('',*,*,#5682,.T.);
#8032=ORIENTED_EDGE('',*,*,#5680,.F.);
#8033=ORIENTED_EDGE('',*,*,#5690,.F.);
#8034=ORIENTED_EDGE('',*,*,#5688,.F.);
#8035=ORIENTED_EDGE('',*,*,#5691,.F.);
#8036=ORIENTED_EDGE('',*,*,#5692,.T.);
#8037=ORIENTED_EDGE('',*,*,#4794,.T.);
#8038=ORIENTED_EDGE('',*,*,#5693,.F.);
#8039=ORIENTED_EDGE('',*,*,#5694,.T.);
#8040=ORIENTED_EDGE('',*,*,#5695,.T.);
#8041=ORIENTED_EDGE('',*,*,#5696,.T.);
#8042=ORIENTED_EDGE('',*,*,#5697,.T.);
#8043=ORIENTED_EDGE('',*,*,#5698,.T.);
#8044=ORIENTED_EDGE('',*,*,#5691,.T.);
#8045=ORIENTED_EDGE('',*,*,#5699,.T.);
#8046=ORIENTED_EDGE('',*,*,#5700,.T.);
#8047=ORIENTED_EDGE('',*,*,#5694,.F.);
#8048=ORIENTED_EDGE('',*,*,#5701,.T.);
#8049=ORIENTED_EDGE('',*,*,#4799,.T.);
#8050=ORIENTED_EDGE('',*,*,#5702,.F.);
#8051=ORIENTED_EDGE('',*,*,#5695,.F.);
#8052=ORIENTED_EDGE('',*,*,#5702,.T.);
#8053=ORIENTED_EDGE('',*,*,#4798,.T.);
#8054=ORIENTED_EDGE('',*,*,#5703,.F.);
#8055=ORIENTED_EDGE('',*,*,#5696,.F.);
#8056=ORIENTED_EDGE('',*,*,#5703,.T.);
#8057=ORIENTED_EDGE('',*,*,#4797,.T.);
#8058=ORIENTED_EDGE('',*,*,#5704,.F.);
#8059=ORIENTED_EDGE('',*,*,#5697,.F.);
#8060=ORIENTED_EDGE('',*,*,#5704,.T.);
#8061=ORIENTED_EDGE('',*,*,#4796,.T.);
#8062=ORIENTED_EDGE('',*,*,#5705,.F.);
#8063=ORIENTED_EDGE('',*,*,#5698,.F.);
#8064=ORIENTED_EDGE('',*,*,#5705,.T.);
#8065=ORIENTED_EDGE('',*,*,#4795,.T.);
#8066=ORIENTED_EDGE('',*,*,#5692,.F.);
#8067=ORIENTED_EDGE('',*,*,#5700,.F.);
#8068=ORIENTED_EDGE('',*,*,#5706,.T.);
#8069=ORIENTED_EDGE('',*,*,#4800,.T.);
#8070=ORIENTED_EDGE('',*,*,#5701,.F.);
#8071=ORIENTED_EDGE('',*,*,#5699,.F.);
#8072=ORIENTED_EDGE('',*,*,#5693,.T.);
#8073=ORIENTED_EDGE('',*,*,#4801,.T.);
#8074=ORIENTED_EDGE('',*,*,#5706,.F.);
#8075=ORIENTED_EDGE('',*,*,#5707,.F.);
#8076=ORIENTED_EDGE('',*,*,#5708,.T.);
#8077=ORIENTED_EDGE('',*,*,#4802,.F.);
#8078=ORIENTED_EDGE('',*,*,#5709,.F.);
#8079=ORIENTED_EDGE('',*,*,#5710,.T.);
#8080=ORIENTED_EDGE('',*,*,#5711,.T.);
#8081=ORIENTED_EDGE('',*,*,#5712,.T.);
#8082=ORIENTED_EDGE('',*,*,#5707,.T.);
#8083=ORIENTED_EDGE('',*,*,#5713,.T.);
#8084=ORIENTED_EDGE('',*,*,#5714,.T.);
#8085=ORIENTED_EDGE('',*,*,#5715,.T.);
#8086=ORIENTED_EDGE('',*,*,#5716,.T.);
#8087=ORIENTED_EDGE('',*,*,#5717,.T.);
#8088=ORIENTED_EDGE('',*,*,#5718,.T.);
#8089=ORIENTED_EDGE('',*,*,#5710,.F.);
#8090=ORIENTED_EDGE('',*,*,#5719,.T.);
#8091=ORIENTED_EDGE('',*,*,#4805,.F.);
#8092=ORIENTED_EDGE('',*,*,#5720,.F.);
#8093=ORIENTED_EDGE('',*,*,#5711,.F.);
#8094=ORIENTED_EDGE('',*,*,#5720,.T.);
#8095=ORIENTED_EDGE('',*,*,#4804,.F.);
#8096=ORIENTED_EDGE('',*,*,#5721,.F.);
#8097=ORIENTED_EDGE('',*,*,#5712,.F.);
#8098=ORIENTED_EDGE('',*,*,#5721,.T.);
#8099=ORIENTED_EDGE('',*,*,#4803,.F.);
#8100=ORIENTED_EDGE('',*,*,#5708,.F.);
#8101=ORIENTED_EDGE('',*,*,#5714,.F.);
#8102=ORIENTED_EDGE('',*,*,#5722,.T.);
#8103=ORIENTED_EDGE('',*,*,#4806,.F.);
#8104=ORIENTED_EDGE('',*,*,#5719,.F.);
#8105=ORIENTED_EDGE('',*,*,#5713,.F.);
#8106=ORIENTED_EDGE('',*,*,#5709,.T.);
#8107=ORIENTED_EDGE('',*,*,#4807,.F.);
#8108=ORIENTED_EDGE('',*,*,#5722,.F.);
#8109=ORIENTED_EDGE('',*,*,#5715,.F.);
#8110=ORIENTED_EDGE('',*,*,#5723,.T.);
#8111=ORIENTED_EDGE('',*,*,#5724,.F.);
#8112=ORIENTED_EDGE('',*,*,#5725,.F.);
#8113=ORIENTED_EDGE('',*,*,#5716,.F.);
#8114=ORIENTED_EDGE('',*,*,#5725,.T.);
#8115=ORIENTED_EDGE('',*,*,#5726,.F.);
#8116=ORIENTED_EDGE('',*,*,#5727,.F.);
#8117=ORIENTED_EDGE('',*,*,#5717,.F.);
#8118=ORIENTED_EDGE('',*,*,#5727,.T.);
#8119=ORIENTED_EDGE('',*,*,#5728,.F.);
#8120=ORIENTED_EDGE('',*,*,#5729,.F.);
#8121=ORIENTED_EDGE('',*,*,#5718,.F.);
#8122=ORIENTED_EDGE('',*,*,#5729,.T.);
#8123=ORIENTED_EDGE('',*,*,#5730,.F.);
#8124=ORIENTED_EDGE('',*,*,#5723,.F.);
#8125=ORIENTED_EDGE('',*,*,#5728,.T.);
#8126=ORIENTED_EDGE('',*,*,#5726,.T.);
#8127=ORIENTED_EDGE('',*,*,#5724,.T.);
#8128=ORIENTED_EDGE('',*,*,#5730,.T.);
#8129=ORIENTED_EDGE('',*,*,#5731,.F.);
#8130=ORIENTED_EDGE('',*,*,#5732,.T.);
#8131=ORIENTED_EDGE('',*,*,#4808,.T.);
#8132=ORIENTED_EDGE('',*,*,#5733,.F.);
#8133=ORIENTED_EDGE('',*,*,#5734,.T.);
#8134=ORIENTED_EDGE('',*,*,#5735,.T.);
#8135=ORIENTED_EDGE('',*,*,#5736,.T.);
#8136=ORIENTED_EDGE('',*,*,#5737,.T.);
#8137=ORIENTED_EDGE('',*,*,#5738,.T.);
#8138=ORIENTED_EDGE('',*,*,#5731,.T.);
#8139=ORIENTED_EDGE('',*,*,#5739,.T.);
#8140=ORIENTED_EDGE('',*,*,#5740,.T.);
#8141=ORIENTED_EDGE('',*,*,#5734,.F.);
#8142=ORIENTED_EDGE('',*,*,#5741,.T.);
#8143=ORIENTED_EDGE('',*,*,#4813,.T.);
#8144=ORIENTED_EDGE('',*,*,#5742,.F.);
#8145=ORIENTED_EDGE('',*,*,#5735,.F.);
#8146=ORIENTED_EDGE('',*,*,#5742,.T.);
#8147=ORIENTED_EDGE('',*,*,#4812,.T.);
#8148=ORIENTED_EDGE('',*,*,#5743,.F.);
#8149=ORIENTED_EDGE('',*,*,#5736,.F.);
#8150=ORIENTED_EDGE('',*,*,#5743,.T.);
#8151=ORIENTED_EDGE('',*,*,#4811,.T.);
#8152=ORIENTED_EDGE('',*,*,#5744,.F.);
#8153=ORIENTED_EDGE('',*,*,#5737,.F.);
#8154=ORIENTED_EDGE('',*,*,#5744,.T.);
#8155=ORIENTED_EDGE('',*,*,#4810,.T.);
#8156=ORIENTED_EDGE('',*,*,#5745,.F.);
#8157=ORIENTED_EDGE('',*,*,#5738,.F.);
#8158=ORIENTED_EDGE('',*,*,#5745,.T.);
#8159=ORIENTED_EDGE('',*,*,#4809,.T.);
#8160=ORIENTED_EDGE('',*,*,#5732,.F.);
#8161=ORIENTED_EDGE('',*,*,#5740,.F.);
#8162=ORIENTED_EDGE('',*,*,#5746,.T.);
#8163=ORIENTED_EDGE('',*,*,#4814,.T.);
#8164=ORIENTED_EDGE('',*,*,#5741,.F.);
#8165=ORIENTED_EDGE('',*,*,#5739,.F.);
#8166=ORIENTED_EDGE('',*,*,#5733,.T.);
#8167=ORIENTED_EDGE('',*,*,#4815,.T.);
#8168=ORIENTED_EDGE('',*,*,#5746,.F.);
#8169=ORIENTED_EDGE('',*,*,#5747,.F.);
#8170=ORIENTED_EDGE('',*,*,#5748,.T.);
#8171=ORIENTED_EDGE('',*,*,#4816,.T.);
#8172=ORIENTED_EDGE('',*,*,#5749,.F.);
#8173=ORIENTED_EDGE('',*,*,#5747,.T.);
#8174=ORIENTED_EDGE('',*,*,#5750,.T.);
#8175=ORIENTED_EDGE('',*,*,#5751,.T.);
#8176=ORIENTED_EDGE('',*,*,#5752,.T.);
#8177=ORIENTED_EDGE('',*,*,#5753,.T.);
#8178=ORIENTED_EDGE('',*,*,#5754,.T.);
#8179=ORIENTED_EDGE('',*,*,#5755,.T.);
#8180=ORIENTED_EDGE('',*,*,#5755,.F.);
#8181=ORIENTED_EDGE('',*,*,#5756,.T.);
#8182=ORIENTED_EDGE('',*,*,#4817,.F.);
#8183=ORIENTED_EDGE('',*,*,#5748,.F.);
#8184=ORIENTED_EDGE('',*,*,#5754,.F.);
#8185=ORIENTED_EDGE('',*,*,#5757,.T.);
#8186=ORIENTED_EDGE('',*,*,#4818,.F.);
#8187=ORIENTED_EDGE('',*,*,#5756,.F.);
#8188=ORIENTED_EDGE('',*,*,#5753,.F.);
#8189=ORIENTED_EDGE('',*,*,#5758,.T.);
#8190=ORIENTED_EDGE('',*,*,#4819,.T.);
#8191=ORIENTED_EDGE('',*,*,#5757,.F.);
#8192=ORIENTED_EDGE('',*,*,#5752,.F.);
#8193=ORIENTED_EDGE('',*,*,#5759,.T.);
#8194=ORIENTED_EDGE('',*,*,#4820,.T.);
#8195=ORIENTED_EDGE('',*,*,#5758,.F.);
#8196=ORIENTED_EDGE('',*,*,#5751,.F.);
#8197=ORIENTED_EDGE('',*,*,#5760,.T.);
#8198=ORIENTED_EDGE('',*,*,#4821,.T.);
#8199=ORIENTED_EDGE('',*,*,#5759,.F.);
#8200=ORIENTED_EDGE('',*,*,#5750,.F.);
#8201=ORIENTED_EDGE('',*,*,#5749,.T.);
#8202=ORIENTED_EDGE('',*,*,#4822,.T.);
#8203=ORIENTED_EDGE('',*,*,#5760,.F.);
#8204=ORIENTED_EDGE('',*,*,#5761,.F.);
#8205=ORIENTED_EDGE('',*,*,#5762,.T.);
#8206=ORIENTED_EDGE('',*,*,#4823,.T.);
#8207=ORIENTED_EDGE('',*,*,#5763,.F.);
#8208=ORIENTED_EDGE('',*,*,#5761,.T.);
#8209=ORIENTED_EDGE('',*,*,#5764,.T.);
#8210=ORIENTED_EDGE('',*,*,#5765,.T.);
#8211=ORIENTED_EDGE('',*,*,#5766,.T.);
#8212=ORIENTED_EDGE('',*,*,#5767,.T.);
#8213=ORIENTED_EDGE('',*,*,#5768,.T.);
#8214=ORIENTED_EDGE('',*,*,#5769,.T.);
#8215=ORIENTED_EDGE('',*,*,#5769,.F.);
#8216=ORIENTED_EDGE('',*,*,#5770,.T.);
#8217=ORIENTED_EDGE('',*,*,#4824,.F.);
#8218=ORIENTED_EDGE('',*,*,#5762,.F.);
#8219=ORIENTED_EDGE('',*,*,#5768,.F.);
#8220=ORIENTED_EDGE('',*,*,#5771,.T.);
#8221=ORIENTED_EDGE('',*,*,#4825,.F.);
#8222=ORIENTED_EDGE('',*,*,#5770,.F.);
#8223=ORIENTED_EDGE('',*,*,#5767,.F.);
#8224=ORIENTED_EDGE('',*,*,#5772,.T.);
#8225=ORIENTED_EDGE('',*,*,#4826,.T.);
#8226=ORIENTED_EDGE('',*,*,#5771,.F.);
#8227=ORIENTED_EDGE('',*,*,#5766,.F.);
#8228=ORIENTED_EDGE('',*,*,#5773,.T.);
#8229=ORIENTED_EDGE('',*,*,#4827,.T.);
#8230=ORIENTED_EDGE('',*,*,#5772,.F.);
#8231=ORIENTED_EDGE('',*,*,#5765,.F.);
#8232=ORIENTED_EDGE('',*,*,#5774,.T.);
#8233=ORIENTED_EDGE('',*,*,#4828,.T.);
#8234=ORIENTED_EDGE('',*,*,#5773,.F.);
#8235=ORIENTED_EDGE('',*,*,#5764,.F.);
#8236=ORIENTED_EDGE('',*,*,#5763,.T.);
#8237=ORIENTED_EDGE('',*,*,#4829,.T.);
#8238=ORIENTED_EDGE('',*,*,#5774,.F.);
#8239=ORIENTED_EDGE('',*,*,#5775,.T.);
#8240=ORIENTED_EDGE('',*,*,#5776,.T.);
#8241=ORIENTED_EDGE('',*,*,#5777,.F.);
#8242=ORIENTED_EDGE('',*,*,#5778,.T.);
#8243=ORIENTED_EDGE('',*,*,#5779,.T.);
#8244=ORIENTED_EDGE('',*,*,#5780,.F.);
#8245=ORIENTED_EDGE('',*,*,#5781,.T.);
#8246=ORIENTED_EDGE('',*,*,#5782,.F.);
#8247=ORIENTED_EDGE('',*,*,#5783,.T.);
#8248=ORIENTED_EDGE('',*,*,#5784,.F.);
#8249=ORIENTED_EDGE('',*,*,#5785,.T.);
#8250=ORIENTED_EDGE('',*,*,#5786,.T.);
#8251=ORIENTED_EDGE('',*,*,#5787,.T.);
#8252=ORIENTED_EDGE('',*,*,#5788,.T.);
#8253=ORIENTED_EDGE('',*,*,#5775,.F.);
#8254=ORIENTED_EDGE('',*,*,#5789,.F.);
#8255=ORIENTED_EDGE('',*,*,#5790,.F.);
#8256=ORIENTED_EDGE('',*,*,#5791,.F.);
#8257=ORIENTED_EDGE('',*,*,#5776,.F.);
#8258=ORIENTED_EDGE('',*,*,#5791,.T.);
#8259=ORIENTED_EDGE('',*,*,#5792,.F.);
#8260=ORIENTED_EDGE('',*,*,#5793,.T.);
#8261=ORIENTED_EDGE('',*,*,#5777,.T.);
#8262=ORIENTED_EDGE('',*,*,#5793,.F.);
#8263=ORIENTED_EDGE('',*,*,#5794,.T.);
#8264=ORIENTED_EDGE('',*,*,#5795,.T.);
#8265=ORIENTED_EDGE('',*,*,#5796,.T.);
#8266=ORIENTED_EDGE('',*,*,#5797,.T.);
#8267=ORIENTED_EDGE('',*,*,#5797,.F.);
#8268=ORIENTED_EDGE('',*,*,#5798,.F.);
#8269=ORIENTED_EDGE('',*,*,#5799,.T.);
#8270=ORIENTED_EDGE('',*,*,#5800,.T.);
#8271=ORIENTED_EDGE('',*,*,#5801,.T.);
#8272=ORIENTED_EDGE('',*,*,#5802,.T.);
#8273=ORIENTED_EDGE('',*,*,#5803,.F.);
#8274=ORIENTED_EDGE('',*,*,#5778,.F.);
#8275=ORIENTED_EDGE('',*,*,#5804,.T.);
#8276=ORIENTED_EDGE('',*,*,#5805,.T.);
#8277=ORIENTED_EDGE('',*,*,#5806,.T.);
#8278=ORIENTED_EDGE('',*,*,#5807,.F.);
#8279=ORIENTED_EDGE('',*,*,#5779,.F.);
#8280=ORIENTED_EDGE('',*,*,#5803,.T.);
#8281=ORIENTED_EDGE('',*,*,#5802,.F.);
#8282=ORIENTED_EDGE('',*,*,#5808,.F.);
#8283=ORIENTED_EDGE('',*,*,#5809,.F.);
#8284=ORIENTED_EDGE('',*,*,#5804,.F.);
#8285=ORIENTED_EDGE('',*,*,#5810,.F.);
#8286=ORIENTED_EDGE('',*,*,#5811,.F.);
#8287=ORIENTED_EDGE('',*,*,#5812,.F.);
#8288=ORIENTED_EDGE('',*,*,#5813,.F.);
#8289=ORIENTED_EDGE('',*,*,#5809,.T.);
#8290=ORIENTED_EDGE('',*,*,#5814,.F.);
#8291=ORIENTED_EDGE('',*,*,#5815,.F.);
#8292=ORIENTED_EDGE('',*,*,#5805,.F.);
#8293=ORIENTED_EDGE('',*,*,#5816,.F.);
#8294=ORIENTED_EDGE('',*,*,#5806,.F.);
#8295=ORIENTED_EDGE('',*,*,#5815,.T.);
#8296=ORIENTED_EDGE('',*,*,#5817,.T.);
#8297=ORIENTED_EDGE('',*,*,#5818,.F.);
#8298=ORIENTED_EDGE('',*,*,#5819,.T.);
#8299=ORIENTED_EDGE('',*,*,#5820,.F.);
#8300=ORIENTED_EDGE('',*,*,#5821,.T.);
#8301=ORIENTED_EDGE('',*,*,#5822,.F.);
#8302=ORIENTED_EDGE('',*,*,#5823,.F.);
#8303=ORIENTED_EDGE('',*,*,#5824,.F.);
#8304=ORIENTED_EDGE('',*,*,#5825,.T.);
#8305=ORIENTED_EDGE('',*,*,#5816,.T.);
#8306=ORIENTED_EDGE('',*,*,#5826,.T.);
#8307=ORIENTED_EDGE('',*,*,#5827,.F.);
#8308=ORIENTED_EDGE('',*,*,#5828,.F.);
#8309=ORIENTED_EDGE('',*,*,#5829,.T.);
#8310=ORIENTED_EDGE('',*,*,#5830,.F.);
#8311=ORIENTED_EDGE('',*,*,#5780,.T.);
#8312=ORIENTED_EDGE('',*,*,#5807,.T.);
#8313=ORIENTED_EDGE('',*,*,#5831,.F.);
#8314=ORIENTED_EDGE('',*,*,#5832,.T.);
#8315=ORIENTED_EDGE('',*,*,#5781,.F.);
#8316=ORIENTED_EDGE('',*,*,#5830,.T.);
#8317=ORIENTED_EDGE('',*,*,#5790,.T.);
#8318=ORIENTED_EDGE('',*,*,#5833,.T.);
#8319=ORIENTED_EDGE('',*,*,#5834,.T.);
#8320=ORIENTED_EDGE('',*,*,#5835,.T.);
#8321=ORIENTED_EDGE('',*,*,#5836,.T.);
#8322=ORIENTED_EDGE('',*,*,#5837,.T.);
#8323=ORIENTED_EDGE('',*,*,#5838,.T.);
#8324=ORIENTED_EDGE('',*,*,#5839,.F.);
#8325=ORIENTED_EDGE('',*,*,#5831,.T.);
#8326=ORIENTED_EDGE('',*,*,#5829,.F.);
#8327=ORIENTED_EDGE('',*,*,#5840,.T.);
#8328=ORIENTED_EDGE('',*,*,#5841,.F.);
#8329=ORIENTED_EDGE('',*,*,#5842,.T.);
#8330=ORIENTED_EDGE('',*,*,#5843,.F.);
#8331=ORIENTED_EDGE('',*,*,#5844,.T.);
#8332=ORIENTED_EDGE('',*,*,#5845,.T.);
#8333=ORIENTED_EDGE('',*,*,#5846,.T.);
#8334=ORIENTED_EDGE('',*,*,#5847,.T.);
#8335=ORIENTED_EDGE('',*,*,#5848,.T.);
#8336=ORIENTED_EDGE('',*,*,#5849,.T.);
#8337=ORIENTED_EDGE('',*,*,#5850,.F.);
#8338=ORIENTED_EDGE('',*,*,#5851,.F.);
#8339=ORIENTED_EDGE('',*,*,#5794,.F.);
#8340=ORIENTED_EDGE('',*,*,#5792,.T.);
#8341=ORIENTED_EDGE('',*,*,#5795,.F.);
#8342=ORIENTED_EDGE('',*,*,#5851,.T.);
#8343=ORIENTED_EDGE('',*,*,#5852,.F.);
#8344=ORIENTED_EDGE('',*,*,#5853,.T.);
#8345=ORIENTED_EDGE('',*,*,#5796,.F.);
#8346=ORIENTED_EDGE('',*,*,#5853,.F.);
#8347=ORIENTED_EDGE('',*,*,#5854,.F.);
#8348=ORIENTED_EDGE('',*,*,#5798,.T.);
#8349=ORIENTED_EDGE('',*,*,#5855,.T.);
#8350=ORIENTED_EDGE('',*,*,#5799,.F.);
#8351=ORIENTED_EDGE('',*,*,#5854,.T.);
#8352=ORIENTED_EDGE('',*,*,#5852,.T.);
#8353=ORIENTED_EDGE('',*,*,#5850,.T.);
#8354=ORIENTED_EDGE('',*,*,#5856,.F.);
#8355=ORIENTED_EDGE('',*,*,#5857,.T.);
#8356=ORIENTED_EDGE('',*,*,#5858,.T.);
#8357=ORIENTED_EDGE('',*,*,#5859,.T.);
#8358=ORIENTED_EDGE('',*,*,#5860,.T.);
#8359=ORIENTED_EDGE('',*,*,#5861,.T.);
#8360=ORIENTED_EDGE('',*,*,#5862,.T.);
#8361=ORIENTED_EDGE('',*,*,#5863,.T.);
#8362=ORIENTED_EDGE('',*,*,#5864,.F.);
#8363=ORIENTED_EDGE('',*,*,#5865,.T.);
#8364=ORIENTED_EDGE('',*,*,#5827,.T.);
#8365=ORIENTED_EDGE('',*,*,#5866,.T.);
#8366=ORIENTED_EDGE('',*,*,#5800,.F.);
#8367=ORIENTED_EDGE('',*,*,#5855,.F.);
#8368=ORIENTED_EDGE('',*,*,#5867,.T.);
#8369=ORIENTED_EDGE('',*,*,#5848,.F.);
#8370=ORIENTED_EDGE('',*,*,#5868,.F.);
#8371=ORIENTED_EDGE('',*,*,#5857,.F.);
#8372=ORIENTED_EDGE('',*,*,#5869,.T.);
#8373=ORIENTED_EDGE('',*,*,#5867,.F.);
#8374=ORIENTED_EDGE('',*,*,#5856,.T.);
#8375=ORIENTED_EDGE('',*,*,#5849,.F.);
#8376=ORIENTED_EDGE('',*,*,#5869,.F.);
#8377=ORIENTED_EDGE('',*,*,#5847,.F.);
#8378=ORIENTED_EDGE('',*,*,#5870,.F.);
#8379=ORIENTED_EDGE('',*,*,#5858,.F.);
#8380=ORIENTED_EDGE('',*,*,#5868,.T.);
#8381=ORIENTED_EDGE('',*,*,#5870,.T.);
#8382=ORIENTED_EDGE('',*,*,#5846,.F.);
#8383=ORIENTED_EDGE('',*,*,#5871,.F.);
#8384=ORIENTED_EDGE('',*,*,#5859,.F.);
#8385=ORIENTED_EDGE('',*,*,#5860,.F.);
#8386=ORIENTED_EDGE('',*,*,#5871,.T.);
#8387=ORIENTED_EDGE('',*,*,#5845,.F.);
#8388=ORIENTED_EDGE('',*,*,#5872,.T.);
#8389=ORIENTED_EDGE('',*,*,#5844,.F.);
#8390=ORIENTED_EDGE('',*,*,#5873,.T.);
#8391=ORIENTED_EDGE('',*,*,#5861,.F.);
#8392=ORIENTED_EDGE('',*,*,#5872,.F.);
#8393=ORIENTED_EDGE('',*,*,#5873,.F.);
#8394=ORIENTED_EDGE('',*,*,#5843,.T.);
#8395=ORIENTED_EDGE('',*,*,#5874,.F.);
#8396=ORIENTED_EDGE('',*,*,#5862,.F.);
#8397=ORIENTED_EDGE('',*,*,#5863,.F.);
#8398=ORIENTED_EDGE('',*,*,#5874,.T.);
#8399=ORIENTED_EDGE('',*,*,#5842,.F.);
#8400=ORIENTED_EDGE('',*,*,#5875,.T.);
#8401=ORIENTED_EDGE('',*,*,#5876,.F.);
#8402=ORIENTED_EDGE('',*,*,#5864,.T.);
#8403=ORIENTED_EDGE('',*,*,#5875,.F.);
#8404=ORIENTED_EDGE('',*,*,#5841,.T.);
#8405=ORIENTED_EDGE('',*,*,#5865,.F.);
#8406=ORIENTED_EDGE('',*,*,#5876,.T.);
#8407=ORIENTED_EDGE('',*,*,#5840,.F.);
#8408=ORIENTED_EDGE('',*,*,#5828,.T.);
#8409=ORIENTED_EDGE('',*,*,#5826,.F.);
#8410=ORIENTED_EDGE('',*,*,#5817,.F.);
#8411=ORIENTED_EDGE('',*,*,#5814,.T.);
#8412=ORIENTED_EDGE('',*,*,#5808,.T.);
#8413=ORIENTED_EDGE('',*,*,#5801,.F.);
#8414=ORIENTED_EDGE('',*,*,#5866,.F.);
#8415=ORIENTED_EDGE('',*,*,#5832,.F.);
#8416=ORIENTED_EDGE('',*,*,#5839,.T.);
#8417=ORIENTED_EDGE('',*,*,#5877,.F.);
#8418=ORIENTED_EDGE('',*,*,#5782,.T.);
#8419=ORIENTED_EDGE('',*,*,#5838,.F.);
#8420=ORIENTED_EDGE('',*,*,#5878,.T.);
#8421=ORIENTED_EDGE('',*,*,#5783,.F.);
#8422=ORIENTED_EDGE('',*,*,#5877,.T.);
#8423=ORIENTED_EDGE('',*,*,#5879,.F.);
#8424=ORIENTED_EDGE('',*,*,#5784,.T.);
#8425=ORIENTED_EDGE('',*,*,#5878,.F.);
#8426=ORIENTED_EDGE('',*,*,#5837,.F.);
#8427=ORIENTED_EDGE('',*,*,#5836,.F.);
#8428=ORIENTED_EDGE('',*,*,#5880,.F.);
#8429=ORIENTED_EDGE('',*,*,#5785,.F.);
#8430=ORIENTED_EDGE('',*,*,#5879,.T.);
#8431=ORIENTED_EDGE('',*,*,#5786,.F.);
#8432=ORIENTED_EDGE('',*,*,#5880,.T.);
#8433=ORIENTED_EDGE('',*,*,#5835,.F.);
#8434=ORIENTED_EDGE('',*,*,#5881,.T.);
#8435=ORIENTED_EDGE('',*,*,#5882,.T.);
#8436=ORIENTED_EDGE('',*,*,#5787,.F.);
#8437=ORIENTED_EDGE('',*,*,#5881,.F.);
#8438=ORIENTED_EDGE('',*,*,#5834,.F.);
#8439=ORIENTED_EDGE('',*,*,#5788,.F.);
#8440=ORIENTED_EDGE('',*,*,#5882,.F.);
#8441=ORIENTED_EDGE('',*,*,#5833,.F.);
#8442=ORIENTED_EDGE('',*,*,#5789,.T.);
#8443=ORIENTED_EDGE('',*,*,#5818,.T.);
#8444=ORIENTED_EDGE('',*,*,#5883,.F.);
#8445=ORIENTED_EDGE('',*,*,#5884,.F.);
#8446=ORIENTED_EDGE('',*,*,#5885,.F.);
#8447=ORIENTED_EDGE('',*,*,#5885,.T.);
#8448=ORIENTED_EDGE('',*,*,#5886,.F.);
#8449=ORIENTED_EDGE('',*,*,#5887,.F.);
#8450=ORIENTED_EDGE('',*,*,#5819,.F.);
#8451=ORIENTED_EDGE('',*,*,#5888,.F.);
#8452=ORIENTED_EDGE('',*,*,#5889,.T.);
#8453=ORIENTED_EDGE('',*,*,#5820,.T.);
#8454=ORIENTED_EDGE('',*,*,#5887,.T.);
#8455=ORIENTED_EDGE('',*,*,#5890,.T.);
#8456=ORIENTED_EDGE('',*,*,#5888,.T.);
#8457=ORIENTED_EDGE('',*,*,#5886,.T.);
#8458=ORIENTED_EDGE('',*,*,#5884,.T.);
#8459=ORIENTED_EDGE('',*,*,#5883,.T.);
#8460=ORIENTED_EDGE('',*,*,#5821,.F.);
#8461=ORIENTED_EDGE('',*,*,#5889,.F.);
#8462=ORIENTED_EDGE('',*,*,#5890,.F.);
#8463=ORIENTED_EDGE('',*,*,#5822,.T.);
#8464=ORIENTED_EDGE('',*,*,#5891,.T.);
#8465=ORIENTED_EDGE('',*,*,#5810,.T.);
#8466=ORIENTED_EDGE('',*,*,#5892,.T.);
#8467=ORIENTED_EDGE('',*,*,#5893,.T.);
#8468=ORIENTED_EDGE('',*,*,#5823,.T.);
#8469=ORIENTED_EDGE('',*,*,#5892,.F.);
#8470=ORIENTED_EDGE('',*,*,#5813,.T.);
#8471=ORIENTED_EDGE('',*,*,#5812,.T.);
#8472=ORIENTED_EDGE('',*,*,#5894,.F.);
#8473=ORIENTED_EDGE('',*,*,#5824,.T.);
#8474=ORIENTED_EDGE('',*,*,#5893,.F.);
#8475=ORIENTED_EDGE('',*,*,#5894,.T.);
#8476=ORIENTED_EDGE('',*,*,#5811,.T.);
#8477=ORIENTED_EDGE('',*,*,#5891,.F.);
#8478=ORIENTED_EDGE('',*,*,#5825,.F.);
#8479=ORIENTED_EDGE('',*,*,#5895,.T.);
#8480=ORIENTED_EDGE('',*,*,#5896,.F.);
#8481=ORIENTED_EDGE('',*,*,#5897,.F.);
#8482=ORIENTED_EDGE('',*,*,#5898,.T.);
#8483=ORIENTED_EDGE('',*,*,#5899,.T.);
#8484=ORIENTED_EDGE('',*,*,#5900,.T.);
#8485=ORIENTED_EDGE('',*,*,#5901,.F.);
#8486=ORIENTED_EDGE('',*,*,#5902,.F.);
#8487=ORIENTED_EDGE('',*,*,#5895,.F.);
#8488=ORIENTED_EDGE('',*,*,#5903,.F.);
#8489=ORIENTED_EDGE('',*,*,#5904,.F.);
#8490=ORIENTED_EDGE('',*,*,#5905,.F.);
#8491=ORIENTED_EDGE('',*,*,#5906,.T.);
#8492=ORIENTED_EDGE('',*,*,#5907,.T.);
#8493=ORIENTED_EDGE('',*,*,#5908,.T.);
#8494=ORIENTED_EDGE('',*,*,#5909,.T.);
#8495=ORIENTED_EDGE('',*,*,#5910,.T.);
#8496=ORIENTED_EDGE('',*,*,#5911,.F.);
#8497=ORIENTED_EDGE('',*,*,#5912,.F.);
#8498=ORIENTED_EDGE('',*,*,#5913,.F.);
#8499=ORIENTED_EDGE('',*,*,#5896,.T.);
#8500=ORIENTED_EDGE('',*,*,#5913,.T.);
#8501=ORIENTED_EDGE('',*,*,#5914,.F.);
#8502=ORIENTED_EDGE('',*,*,#5915,.F.);
#8503=ORIENTED_EDGE('',*,*,#5916,.T.);
#8504=ORIENTED_EDGE('',*,*,#5917,.F.);
#8505=ORIENTED_EDGE('',*,*,#5918,.F.);
#8506=ORIENTED_EDGE('',*,*,#5919,.T.);
#8507=ORIENTED_EDGE('',*,*,#5920,.T.);
#8508=ORIENTED_EDGE('',*,*,#5897,.T.);
#8509=ORIENTED_EDGE('',*,*,#5918,.T.);
#8510=ORIENTED_EDGE('',*,*,#5921,.F.);
#8511=ORIENTED_EDGE('',*,*,#5922,.T.);
#8512=ORIENTED_EDGE('',*,*,#5923,.F.);
#8513=ORIENTED_EDGE('',*,*,#5924,.F.);
#8514=ORIENTED_EDGE('',*,*,#5925,.T.);
#8515=ORIENTED_EDGE('',*,*,#5926,.F.);
#8516=ORIENTED_EDGE('',*,*,#5927,.T.);
#8517=ORIENTED_EDGE('',*,*,#5919,.F.);
#8518=ORIENTED_EDGE('',*,*,#5917,.T.);
#8519=ORIENTED_EDGE('',*,*,#5928,.T.);
#8520=ORIENTED_EDGE('',*,*,#5929,.F.);
#8521=ORIENTED_EDGE('',*,*,#5908,.F.);
#8522=ORIENTED_EDGE('',*,*,#5930,.F.);
#8523=ORIENTED_EDGE('',*,*,#5921,.T.);
#8524=ORIENTED_EDGE('',*,*,#5907,.F.);
#8525=ORIENTED_EDGE('',*,*,#5931,.T.);
#8526=ORIENTED_EDGE('',*,*,#5930,.T.);
#8527=ORIENTED_EDGE('',*,*,#5932,.F.);
#8528=ORIENTED_EDGE('',*,*,#5933,.T.);
#8529=ORIENTED_EDGE('',*,*,#5934,.F.);
#8530=ORIENTED_EDGE('',*,*,#5935,.F.);
#8531=ORIENTED_EDGE('',*,*,#5922,.F.);
#8532=ORIENTED_EDGE('',*,*,#5935,.T.);
#8533=ORIENTED_EDGE('',*,*,#5936,.F.);
#8534=ORIENTED_EDGE('',*,*,#5937,.T.);
#8535=ORIENTED_EDGE('',*,*,#5903,.T.);
#8536=ORIENTED_EDGE('',*,*,#5902,.T.);
#8537=ORIENTED_EDGE('',*,*,#5938,.T.);
#8538=ORIENTED_EDGE('',*,*,#5923,.T.);
#8539=ORIENTED_EDGE('',*,*,#5924,.T.);
#8540=ORIENTED_EDGE('',*,*,#5938,.F.);
#8541=ORIENTED_EDGE('',*,*,#5901,.T.);
#8542=ORIENTED_EDGE('',*,*,#5939,.F.);
#8543=ORIENTED_EDGE('',*,*,#5939,.T.);
#8544=ORIENTED_EDGE('',*,*,#5900,.F.);
#8545=ORIENTED_EDGE('',*,*,#5940,.T.);
#8546=ORIENTED_EDGE('',*,*,#5925,.F.);
#8547=ORIENTED_EDGE('',*,*,#5926,.T.);
#8548=ORIENTED_EDGE('',*,*,#5940,.F.);
#8549=ORIENTED_EDGE('',*,*,#5899,.F.);
#8550=ORIENTED_EDGE('',*,*,#5941,.T.);
#8551=ORIENTED_EDGE('',*,*,#5920,.F.);
#8552=ORIENTED_EDGE('',*,*,#5927,.F.);
#8553=ORIENTED_EDGE('',*,*,#5941,.F.);
#8554=ORIENTED_EDGE('',*,*,#5898,.F.);
#8555=ORIENTED_EDGE('',*,*,#5942,.F.);
#8556=ORIENTED_EDGE('',*,*,#5943,.T.);
#8557=ORIENTED_EDGE('',*,*,#5944,.F.);
#8558=ORIENTED_EDGE('',*,*,#5945,.T.);
#8559=ORIENTED_EDGE('',*,*,#5937,.F.);
#8560=ORIENTED_EDGE('',*,*,#5946,.F.);
#8561=ORIENTED_EDGE('',*,*,#5947,.T.);
#8562=ORIENTED_EDGE('',*,*,#5942,.T.);
#8563=ORIENTED_EDGE('',*,*,#5936,.T.);
#8564=ORIENTED_EDGE('',*,*,#5948,.F.);
#8565=ORIENTED_EDGE('',*,*,#5915,.T.);
#8566=ORIENTED_EDGE('',*,*,#5949,.T.);
#8567=ORIENTED_EDGE('',*,*,#5950,.F.);
#8568=ORIENTED_EDGE('',*,*,#5946,.T.);
#8569=ORIENTED_EDGE('',*,*,#5951,.T.);
#8570=ORIENTED_EDGE('',*,*,#5952,.F.);
#8571=ORIENTED_EDGE('',*,*,#5953,.T.);
#8572=ORIENTED_EDGE('',*,*,#5954,.T.);
#8573=ORIENTED_EDGE('',*,*,#5955,.F.);
#8574=ORIENTED_EDGE('',*,*,#5956,.T.);
#8575=ORIENTED_EDGE('',*,*,#5957,.F.);
#8576=ORIENTED_EDGE('',*,*,#5947,.F.);
#8577=ORIENTED_EDGE('',*,*,#5957,.T.);
#8578=ORIENTED_EDGE('',*,*,#5958,.T.);
#8579=ORIENTED_EDGE('',*,*,#5943,.F.);
#8580=ORIENTED_EDGE('',*,*,#5959,.T.);
#8581=ORIENTED_EDGE('',*,*,#5944,.T.);
#8582=ORIENTED_EDGE('',*,*,#5958,.F.);
#8583=ORIENTED_EDGE('',*,*,#5956,.F.);
#8584=ORIENTED_EDGE('',*,*,#5945,.F.);
#8585=ORIENTED_EDGE('',*,*,#5959,.F.);
#8586=ORIENTED_EDGE('',*,*,#5955,.T.);
#8587=ORIENTED_EDGE('',*,*,#5960,.F.);
#8588=ORIENTED_EDGE('',*,*,#5961,.F.);
#8589=ORIENTED_EDGE('',*,*,#5962,.T.);
#8590=ORIENTED_EDGE('',*,*,#5963,.F.);
#8591=ORIENTED_EDGE('',*,*,#5964,.T.);
#8592=ORIENTED_EDGE('',*,*,#5965,.F.);
#8593=ORIENTED_EDGE('',*,*,#5966,.T.);
#8594=ORIENTED_EDGE('',*,*,#5967,.F.);
#8595=ORIENTED_EDGE('',*,*,#5968,.T.);
#8596=ORIENTED_EDGE('',*,*,#5969,.F.);
#8597=ORIENTED_EDGE('',*,*,#5970,.T.);
#8598=ORIENTED_EDGE('',*,*,#5971,.F.);
#8599=ORIENTED_EDGE('',*,*,#5904,.T.);
#8600=ORIENTED_EDGE('',*,*,#5972,.F.);
#8601=ORIENTED_EDGE('',*,*,#5905,.T.);
#8602=ORIENTED_EDGE('',*,*,#5971,.T.);
#8603=ORIENTED_EDGE('',*,*,#5973,.T.);
#8604=ORIENTED_EDGE('',*,*,#5974,.F.);
#8605=ORIENTED_EDGE('',*,*,#5975,.F.);
#8606=ORIENTED_EDGE('',*,*,#5976,.F.);
#8607=ORIENTED_EDGE('',*,*,#5977,.F.);
#8608=ORIENTED_EDGE('',*,*,#5978,.F.);
#8609=ORIENTED_EDGE('',*,*,#5932,.T.);
#8610=ORIENTED_EDGE('',*,*,#5931,.F.);
#8611=ORIENTED_EDGE('',*,*,#5906,.F.);
#8612=ORIENTED_EDGE('',*,*,#5972,.T.);
#8613=ORIENTED_EDGE('',*,*,#5979,.F.);
#8614=ORIENTED_EDGE('',*,*,#5980,.T.);
#8615=ORIENTED_EDGE('',*,*,#5981,.F.);
#8616=ORIENTED_EDGE('',*,*,#5982,.T.);
#8617=ORIENTED_EDGE('',*,*,#5983,.T.);
#8618=ORIENTED_EDGE('',*,*,#5984,.T.);
#8619=ORIENTED_EDGE('',*,*,#5985,.F.);
#8620=ORIENTED_EDGE('',*,*,#5986,.F.);
#8621=ORIENTED_EDGE('',*,*,#5974,.T.);
#8622=ORIENTED_EDGE('',*,*,#5987,.F.);
#8623=ORIENTED_EDGE('',*,*,#5988,.T.);
#8624=ORIENTED_EDGE('',*,*,#5986,.T.);
#8625=ORIENTED_EDGE('',*,*,#5989,.F.);
#8626=ORIENTED_EDGE('',*,*,#5990,.F.);
#8627=ORIENTED_EDGE('',*,*,#5991,.F.);
#8628=ORIENTED_EDGE('',*,*,#5992,.T.);
#8629=ORIENTED_EDGE('',*,*,#5975,.T.);
#8630=ORIENTED_EDGE('',*,*,#5993,.F.);
#8631=ORIENTED_EDGE('',*,*,#5976,.T.);
#8632=ORIENTED_EDGE('',*,*,#5992,.F.);
#8633=ORIENTED_EDGE('',*,*,#5994,.T.);
#8634=ORIENTED_EDGE('',*,*,#5995,.T.);
#8635=ORIENTED_EDGE('',*,*,#5993,.T.);
#8636=ORIENTED_EDGE('',*,*,#5996,.T.);
#8637=ORIENTED_EDGE('',*,*,#5995,.F.);
#8638=ORIENTED_EDGE('',*,*,#5997,.T.);
#8639=ORIENTED_EDGE('',*,*,#5998,.F.);
#8640=ORIENTED_EDGE('',*,*,#5977,.T.);
#8641=ORIENTED_EDGE('',*,*,#5999,.T.);
#8642=ORIENTED_EDGE('',*,*,#5998,.T.);
#8643=ORIENTED_EDGE('',*,*,#6000,.T.);
#8644=ORIENTED_EDGE('',*,*,#5999,.F.);
#8645=ORIENTED_EDGE('',*,*,#6001,.T.);
#8646=ORIENTED_EDGE('',*,*,#5933,.F.);
#8647=ORIENTED_EDGE('',*,*,#5978,.T.);
#8648=ORIENTED_EDGE('',*,*,#5948,.T.);
#8649=ORIENTED_EDGE('',*,*,#5934,.T.);
#8650=ORIENTED_EDGE('',*,*,#6001,.F.);
#8651=ORIENTED_EDGE('',*,*,#6002,.F.);
#8652=ORIENTED_EDGE('',*,*,#6003,.F.);
#8653=ORIENTED_EDGE('',*,*,#6004,.T.);
#8654=ORIENTED_EDGE('',*,*,#6005,.T.);
#8655=ORIENTED_EDGE('',*,*,#5928,.F.);
#8656=ORIENTED_EDGE('',*,*,#5916,.F.);
#8657=ORIENTED_EDGE('',*,*,#6004,.F.);
#8658=ORIENTED_EDGE('',*,*,#6006,.T.);
#8659=ORIENTED_EDGE('',*,*,#6007,.T.);
#8660=ORIENTED_EDGE('',*,*,#6005,.F.);
#8661=ORIENTED_EDGE('',*,*,#6008,.T.);
#8662=ORIENTED_EDGE('',*,*,#5909,.F.);
#8663=ORIENTED_EDGE('',*,*,#5929,.T.);
#8664=ORIENTED_EDGE('',*,*,#6008,.F.);
#8665=ORIENTED_EDGE('',*,*,#6007,.F.);
#8666=ORIENTED_EDGE('',*,*,#6009,.F.);
#8667=ORIENTED_EDGE('',*,*,#6010,.F.);
#8668=ORIENTED_EDGE('',*,*,#6011,.F.);
#8669=ORIENTED_EDGE('',*,*,#6012,.T.);
#8670=ORIENTED_EDGE('',*,*,#6013,.F.);
#8671=ORIENTED_EDGE('',*,*,#6014,.F.);
#8672=ORIENTED_EDGE('',*,*,#6015,.T.);
#8673=ORIENTED_EDGE('',*,*,#6016,.T.);
#8674=ORIENTED_EDGE('',*,*,#6017,.T.);
#8675=ORIENTED_EDGE('',*,*,#6018,.T.);
#8676=ORIENTED_EDGE('',*,*,#6019,.T.);
#8677=ORIENTED_EDGE('',*,*,#6020,.T.);
#8678=ORIENTED_EDGE('',*,*,#6021,.T.);
#8679=ORIENTED_EDGE('',*,*,#5910,.F.);
#8680=ORIENTED_EDGE('',*,*,#6022,.T.);
#8681=ORIENTED_EDGE('',*,*,#5911,.T.);
#8682=ORIENTED_EDGE('',*,*,#6021,.F.);
#8683=ORIENTED_EDGE('',*,*,#6023,.T.);
#8684=ORIENTED_EDGE('',*,*,#6024,.F.);
#8685=ORIENTED_EDGE('',*,*,#5912,.T.);
#8686=ORIENTED_EDGE('',*,*,#6022,.F.);
#8687=ORIENTED_EDGE('',*,*,#6025,.F.);
#8688=ORIENTED_EDGE('',*,*,#6026,.F.);
#8689=ORIENTED_EDGE('',*,*,#6027,.F.);
#8690=ORIENTED_EDGE('',*,*,#6028,.F.);
#8691=ORIENTED_EDGE('',*,*,#6029,.F.);
#8692=ORIENTED_EDGE('',*,*,#6030,.F.);
#8693=ORIENTED_EDGE('',*,*,#6031,.T.);
#8694=ORIENTED_EDGE('',*,*,#6032,.F.);
#8695=ORIENTED_EDGE('',*,*,#6033,.F.);
#8696=ORIENTED_EDGE('',*,*,#6034,.T.);
#8697=ORIENTED_EDGE('',*,*,#6035,.F.);
#8698=ORIENTED_EDGE('',*,*,#5953,.F.);
#8699=ORIENTED_EDGE('',*,*,#6036,.T.);
#8700=ORIENTED_EDGE('',*,*,#5949,.F.);
#8701=ORIENTED_EDGE('',*,*,#5914,.T.);
#8702=ORIENTED_EDGE('',*,*,#6024,.T.);
#8703=ORIENTED_EDGE('',*,*,#6037,.T.);
#8704=ORIENTED_EDGE('',*,*,#6038,.T.);
#8705=ORIENTED_EDGE('',*,*,#5950,.T.);
#8706=ORIENTED_EDGE('',*,*,#6038,.F.);
#8707=ORIENTED_EDGE('',*,*,#6039,.F.);
#8708=ORIENTED_EDGE('',*,*,#5951,.F.);
#8709=ORIENTED_EDGE('',*,*,#6036,.F.);
#8710=ORIENTED_EDGE('',*,*,#5952,.T.);
#8711=ORIENTED_EDGE('',*,*,#6039,.T.);
#8712=ORIENTED_EDGE('',*,*,#6037,.F.);
#8713=ORIENTED_EDGE('',*,*,#5954,.F.);
#8714=ORIENTED_EDGE('',*,*,#6035,.T.);
#8715=ORIENTED_EDGE('',*,*,#6040,.F.);
#8716=ORIENTED_EDGE('',*,*,#5960,.T.);
#8717=ORIENTED_EDGE('',*,*,#6041,.F.);
#8718=ORIENTED_EDGE('',*,*,#6042,.T.);
#8719=ORIENTED_EDGE('',*,*,#6043,.F.);
#8720=ORIENTED_EDGE('',*,*,#5961,.T.);
#8721=ORIENTED_EDGE('',*,*,#6040,.T.);
#8722=ORIENTED_EDGE('',*,*,#6034,.F.);
#8723=ORIENTED_EDGE('',*,*,#6044,.T.);
#8724=ORIENTED_EDGE('',*,*,#6045,.F.);
#8725=ORIENTED_EDGE('',*,*,#6046,.T.);
#8726=ORIENTED_EDGE('',*,*,#6047,.T.);
#8727=ORIENTED_EDGE('',*,*,#6048,.T.);
#8728=ORIENTED_EDGE('',*,*,#6049,.F.);
#8729=ORIENTED_EDGE('',*,*,#6041,.T.);
#8730=ORIENTED_EDGE('',*,*,#6050,.T.);
#8731=ORIENTED_EDGE('',*,*,#6051,.T.);
#8732=ORIENTED_EDGE('',*,*,#6052,.T.);
#8733=ORIENTED_EDGE('',*,*,#6046,.F.);
#8734=ORIENTED_EDGE('',*,*,#6053,.T.);
#8735=ORIENTED_EDGE('',*,*,#6054,.F.);
#8736=ORIENTED_EDGE('',*,*,#6055,.F.);
#8737=ORIENTED_EDGE('',*,*,#5994,.F.);
#8738=ORIENTED_EDGE('',*,*,#5991,.T.);
#8739=ORIENTED_EDGE('',*,*,#6055,.T.);
#8740=ORIENTED_EDGE('',*,*,#6056,.F.);
#8741=ORIENTED_EDGE('',*,*,#6057,.T.);
#8742=ORIENTED_EDGE('',*,*,#5996,.F.);
#8743=ORIENTED_EDGE('',*,*,#5997,.F.);
#8744=ORIENTED_EDGE('',*,*,#6057,.F.);
#8745=ORIENTED_EDGE('',*,*,#6058,.F.);
#8746=ORIENTED_EDGE('',*,*,#6059,.F.);
#8747=ORIENTED_EDGE('',*,*,#6060,.T.);
#8748=ORIENTED_EDGE('',*,*,#6061,.T.);
#8749=ORIENTED_EDGE('',*,*,#6062,.T.);
#8750=ORIENTED_EDGE('',*,*,#6063,.T.);
#8751=ORIENTED_EDGE('',*,*,#6002,.T.);
#8752=ORIENTED_EDGE('',*,*,#6000,.F.);
#8753=ORIENTED_EDGE('',*,*,#6059,.T.);
#8754=ORIENTED_EDGE('',*,*,#6064,.F.);
#8755=ORIENTED_EDGE('',*,*,#6065,.T.);
#8756=ORIENTED_EDGE('',*,*,#6066,.T.);
#8757=ORIENTED_EDGE('',*,*,#6064,.T.);
#8758=ORIENTED_EDGE('',*,*,#6065,.F.);
#8759=ORIENTED_EDGE('',*,*,#6058,.T.);
#8760=ORIENTED_EDGE('',*,*,#6067,.F.);
#8761=ORIENTED_EDGE('',*,*,#6010,.T.);
#8762=ORIENTED_EDGE('',*,*,#6068,.T.);
#8763=ORIENTED_EDGE('',*,*,#6067,.T.);
#8764=ORIENTED_EDGE('',*,*,#6056,.T.);
#8765=ORIENTED_EDGE('',*,*,#6068,.F.);
#8766=ORIENTED_EDGE('',*,*,#6054,.T.);
#8767=ORIENTED_EDGE('',*,*,#6069,.F.);
#8768=ORIENTED_EDGE('',*,*,#6011,.T.);
#8769=ORIENTED_EDGE('',*,*,#6070,.T.);
#8770=ORIENTED_EDGE('',*,*,#6012,.F.);
#8771=ORIENTED_EDGE('',*,*,#6069,.T.);
#8772=ORIENTED_EDGE('',*,*,#6053,.F.);
#8773=ORIENTED_EDGE('',*,*,#6071,.F.);
#8774=ORIENTED_EDGE('',*,*,#6072,.F.);
#8775=ORIENTED_EDGE('',*,*,#6073,.F.);
#8776=ORIENTED_EDGE('',*,*,#6013,.T.);
#8777=ORIENTED_EDGE('',*,*,#6070,.F.);
#8778=ORIENTED_EDGE('',*,*,#6074,.T.);
#8779=ORIENTED_EDGE('',*,*,#6075,.T.);
#8780=ORIENTED_EDGE('',*,*,#6076,.F.);
#8781=ORIENTED_EDGE('',*,*,#6031,.F.);
#8782=ORIENTED_EDGE('',*,*,#6077,.F.);
#8783=ORIENTED_EDGE('',*,*,#6014,.T.);
#8784=ORIENTED_EDGE('',*,*,#6073,.T.);
#8785=ORIENTED_EDGE('',*,*,#6078,.T.);
#8786=ORIENTED_EDGE('',*,*,#5987,.T.);
#8787=ORIENTED_EDGE('',*,*,#5985,.T.);
#8788=ORIENTED_EDGE('',*,*,#6079,.F.);
#8789=ORIENTED_EDGE('',*,*,#5964,.F.);
#8790=ORIENTED_EDGE('',*,*,#6080,.F.);
#8791=ORIENTED_EDGE('',*,*,#6075,.F.);
#8792=ORIENTED_EDGE('',*,*,#6081,.F.);
#8793=ORIENTED_EDGE('',*,*,#6082,.F.);
#8794=ORIENTED_EDGE('',*,*,#6083,.F.);
#8795=ORIENTED_EDGE('',*,*,#6084,.F.);
#8796=ORIENTED_EDGE('',*,*,#6085,.F.);
#8797=ORIENTED_EDGE('',*,*,#6086,.F.);
#8798=ORIENTED_EDGE('',*,*,#6087,.F.);
#8799=ORIENTED_EDGE('',*,*,#6088,.F.);
#8800=ORIENTED_EDGE('',*,*,#6089,.F.);
#8801=ORIENTED_EDGE('',*,*,#6090,.F.);
#8802=ORIENTED_EDGE('',*,*,#6091,.F.);
#8803=ORIENTED_EDGE('',*,*,#6092,.F.);
#8804=ORIENTED_EDGE('',*,*,#6093,.T.);
#8805=ORIENTED_EDGE('',*,*,#6094,.F.);
#8806=ORIENTED_EDGE('',*,*,#6095,.T.);
#8807=ORIENTED_EDGE('',*,*,#6071,.T.);
#8808=ORIENTED_EDGE('',*,*,#6052,.F.);
#8809=ORIENTED_EDGE('',*,*,#6096,.T.);
#8810=ORIENTED_EDGE('',*,*,#6076,.T.);
#8811=ORIENTED_EDGE('',*,*,#6087,.T.);
#8812=ORIENTED_EDGE('',*,*,#6097,.T.);
#8813=ORIENTED_EDGE('',*,*,#6098,.T.);
#8814=ORIENTED_EDGE('',*,*,#5988,.F.);
#8815=ORIENTED_EDGE('',*,*,#6078,.F.);
#8816=ORIENTED_EDGE('',*,*,#6074,.F.);
#8817=ORIENTED_EDGE('',*,*,#6072,.T.);
#8818=ORIENTED_EDGE('',*,*,#6098,.F.);
#8819=ORIENTED_EDGE('',*,*,#6099,.T.);
#8820=ORIENTED_EDGE('',*,*,#6100,.T.);
#8821=ORIENTED_EDGE('',*,*,#6101,.T.);
#8822=ORIENTED_EDGE('',*,*,#6102,.T.);
#8823=ORIENTED_EDGE('',*,*,#6103,.T.);
#8824=ORIENTED_EDGE('',*,*,#6104,.T.);
#8825=ORIENTED_EDGE('',*,*,#5989,.T.);
#8826=ORIENTED_EDGE('',*,*,#6105,.T.);
#8827=ORIENTED_EDGE('',*,*,#6106,.T.);
#8828=ORIENTED_EDGE('',*,*,#6107,.T.);
#8829=ORIENTED_EDGE('',*,*,#6108,.T.);
#8830=ORIENTED_EDGE('',*,*,#6109,.T.);
#8831=ORIENTED_EDGE('',*,*,#6110,.T.);
#8832=ORIENTED_EDGE('',*,*,#6111,.T.);
#8833=ORIENTED_EDGE('',*,*,#6112,.T.);
#8834=ORIENTED_EDGE('',*,*,#6081,.T.);
#8835=ORIENTED_EDGE('',*,*,#6080,.T.);
#8836=ORIENTED_EDGE('',*,*,#6113,.F.);
#8837=ORIENTED_EDGE('',*,*,#6047,.F.);
#8838=ORIENTED_EDGE('',*,*,#5990,.T.);
#8839=ORIENTED_EDGE('',*,*,#6104,.F.);
#8840=ORIENTED_EDGE('',*,*,#6114,.F.);
#8841=ORIENTED_EDGE('',*,*,#6103,.F.);
#8842=ORIENTED_EDGE('',*,*,#6115,.T.);
#8843=ORIENTED_EDGE('',*,*,#6082,.T.);
#8844=ORIENTED_EDGE('',*,*,#6114,.T.);
#8845=ORIENTED_EDGE('',*,*,#6115,.F.);
#8846=ORIENTED_EDGE('',*,*,#6102,.F.);
#8847=ORIENTED_EDGE('',*,*,#6116,.F.);
#8848=ORIENTED_EDGE('',*,*,#6083,.T.);
#8849=ORIENTED_EDGE('',*,*,#6101,.F.);
#8850=ORIENTED_EDGE('',*,*,#6117,.F.);
#8851=ORIENTED_EDGE('',*,*,#6084,.T.);
#8852=ORIENTED_EDGE('',*,*,#6116,.T.);
#8853=ORIENTED_EDGE('',*,*,#6118,.T.);
#8854=ORIENTED_EDGE('',*,*,#6085,.T.);
#8855=ORIENTED_EDGE('',*,*,#6117,.T.);
#8856=ORIENTED_EDGE('',*,*,#6100,.F.);
#8857=ORIENTED_EDGE('',*,*,#6099,.F.);
#8858=ORIENTED_EDGE('',*,*,#6097,.F.);
#8859=ORIENTED_EDGE('',*,*,#6086,.T.);
#8860=ORIENTED_EDGE('',*,*,#6118,.F.);
#8861=ORIENTED_EDGE('',*,*,#6119,.T.);
#8862=ORIENTED_EDGE('',*,*,#6120,.T.);
#8863=ORIENTED_EDGE('',*,*,#6048,.F.);
#8864=ORIENTED_EDGE('',*,*,#6113,.T.);
#8865=ORIENTED_EDGE('',*,*,#5963,.T.);
#8866=ORIENTED_EDGE('',*,*,#5962,.F.);
#8867=ORIENTED_EDGE('',*,*,#6043,.T.);
#8868=ORIENTED_EDGE('',*,*,#6121,.T.);
#8869=ORIENTED_EDGE('',*,*,#6119,.F.);
#8870=ORIENTED_EDGE('',*,*,#6049,.T.);
#8871=ORIENTED_EDGE('',*,*,#6120,.F.);
#8872=ORIENTED_EDGE('',*,*,#6121,.F.);
#8873=ORIENTED_EDGE('',*,*,#6042,.F.);
#8874=ORIENTED_EDGE('',*,*,#6122,.F.);
#8875=ORIENTED_EDGE('',*,*,#6088,.T.);
#8876=ORIENTED_EDGE('',*,*,#6123,.F.);
#8877=ORIENTED_EDGE('',*,*,#6105,.F.);
#8878=ORIENTED_EDGE('',*,*,#6112,.F.);
#8879=ORIENTED_EDGE('',*,*,#6124,.T.);
#8880=ORIENTED_EDGE('',*,*,#6089,.T.);
#8881=ORIENTED_EDGE('',*,*,#6122,.T.);
#8882=ORIENTED_EDGE('',*,*,#6124,.F.);
#8883=ORIENTED_EDGE('',*,*,#6111,.F.);
#8884=ORIENTED_EDGE('',*,*,#6125,.F.);
#8885=ORIENTED_EDGE('',*,*,#6090,.T.);
#8886=ORIENTED_EDGE('',*,*,#6110,.F.);
#8887=ORIENTED_EDGE('',*,*,#6126,.T.);
#8888=ORIENTED_EDGE('',*,*,#6091,.T.);
#8889=ORIENTED_EDGE('',*,*,#6125,.T.);
#8890=ORIENTED_EDGE('',*,*,#6126,.F.);
#8891=ORIENTED_EDGE('',*,*,#6109,.F.);
#8892=ORIENTED_EDGE('',*,*,#6127,.F.);
#8893=ORIENTED_EDGE('',*,*,#6092,.T.);
#8894=ORIENTED_EDGE('',*,*,#6108,.F.);
#8895=ORIENTED_EDGE('',*,*,#6128,.T.);
#8896=ORIENTED_EDGE('',*,*,#6093,.F.);
#8897=ORIENTED_EDGE('',*,*,#6127,.T.);
#8898=ORIENTED_EDGE('',*,*,#6107,.F.);
#8899=ORIENTED_EDGE('',*,*,#6129,.F.);
#8900=ORIENTED_EDGE('',*,*,#6094,.T.);
#8901=ORIENTED_EDGE('',*,*,#6128,.F.);
#8902=ORIENTED_EDGE('',*,*,#6106,.F.);
#8903=ORIENTED_EDGE('',*,*,#6123,.T.);
#8904=ORIENTED_EDGE('',*,*,#6095,.F.);
#8905=ORIENTED_EDGE('',*,*,#6129,.T.);
#8906=ORIENTED_EDGE('',*,*,#6032,.T.);
#8907=ORIENTED_EDGE('',*,*,#6096,.F.);
#8908=ORIENTED_EDGE('',*,*,#6051,.F.);
#8909=ORIENTED_EDGE('',*,*,#6130,.T.);
#8910=ORIENTED_EDGE('',*,*,#6131,.F.);
#8911=ORIENTED_EDGE('',*,*,#6033,.T.);
#8912=ORIENTED_EDGE('',*,*,#6131,.T.);
#8913=ORIENTED_EDGE('',*,*,#6132,.F.);
#8914=ORIENTED_EDGE('',*,*,#6044,.F.);
#8915=ORIENTED_EDGE('',*,*,#6050,.F.);
#8916=ORIENTED_EDGE('',*,*,#6045,.T.);
#8917=ORIENTED_EDGE('',*,*,#6132,.T.);
#8918=ORIENTED_EDGE('',*,*,#6130,.F.);
#8919=ORIENTED_EDGE('',*,*,#5965,.T.);
#8920=ORIENTED_EDGE('',*,*,#6079,.T.);
#8921=ORIENTED_EDGE('',*,*,#5984,.F.);
#8922=ORIENTED_EDGE('',*,*,#6133,.T.);
#8923=ORIENTED_EDGE('',*,*,#6133,.F.);
#8924=ORIENTED_EDGE('',*,*,#5983,.F.);
#8925=ORIENTED_EDGE('',*,*,#6134,.F.);
#8926=ORIENTED_EDGE('',*,*,#5966,.F.);
#8927=ORIENTED_EDGE('',*,*,#6134,.T.);
#8928=ORIENTED_EDGE('',*,*,#5982,.F.);
#8929=ORIENTED_EDGE('',*,*,#6135,.T.);
#8930=ORIENTED_EDGE('',*,*,#5967,.T.);
#8931=ORIENTED_EDGE('',*,*,#6136,.F.);
#8932=ORIENTED_EDGE('',*,*,#5968,.F.);
#8933=ORIENTED_EDGE('',*,*,#6135,.F.);
#8934=ORIENTED_EDGE('',*,*,#5981,.T.);
#8935=ORIENTED_EDGE('',*,*,#6136,.T.);
#8936=ORIENTED_EDGE('',*,*,#5980,.F.);
#8937=ORIENTED_EDGE('',*,*,#6137,.T.);
#8938=ORIENTED_EDGE('',*,*,#5969,.T.);
#8939=ORIENTED_EDGE('',*,*,#5973,.F.);
#8940=ORIENTED_EDGE('',*,*,#5970,.F.);
#8941=ORIENTED_EDGE('',*,*,#6137,.F.);
#8942=ORIENTED_EDGE('',*,*,#5979,.T.);
#8943=ORIENTED_EDGE('',*,*,#6015,.F.);
#8944=ORIENTED_EDGE('',*,*,#6077,.T.);
#8945=ORIENTED_EDGE('',*,*,#6030,.T.);
#8946=ORIENTED_EDGE('',*,*,#6138,.T.);
#8947=ORIENTED_EDGE('',*,*,#6138,.F.);
#8948=ORIENTED_EDGE('',*,*,#6029,.T.);
#8949=ORIENTED_EDGE('',*,*,#6139,.F.);
#8950=ORIENTED_EDGE('',*,*,#6016,.F.);
#8951=ORIENTED_EDGE('',*,*,#6139,.T.);
#8952=ORIENTED_EDGE('',*,*,#6028,.T.);
#8953=ORIENTED_EDGE('',*,*,#6140,.T.);
#8954=ORIENTED_EDGE('',*,*,#6017,.F.);
#8955=ORIENTED_EDGE('',*,*,#6141,.F.);
#8956=ORIENTED_EDGE('',*,*,#6018,.F.);
#8957=ORIENTED_EDGE('',*,*,#6140,.F.);
#8958=ORIENTED_EDGE('',*,*,#6027,.T.);
#8959=ORIENTED_EDGE('',*,*,#6141,.T.);
#8960=ORIENTED_EDGE('',*,*,#6026,.T.);
#8961=ORIENTED_EDGE('',*,*,#6142,.T.);
#8962=ORIENTED_EDGE('',*,*,#6019,.F.);
#8963=ORIENTED_EDGE('',*,*,#6023,.F.);
#8964=ORIENTED_EDGE('',*,*,#6020,.F.);
#8965=ORIENTED_EDGE('',*,*,#6142,.F.);
#8966=ORIENTED_EDGE('',*,*,#6025,.T.);
#8967=ORIENTED_EDGE('',*,*,#6066,.F.);
#8968=ORIENTED_EDGE('',*,*,#6009,.T.);
#8969=ORIENTED_EDGE('',*,*,#6006,.F.);
#8970=ORIENTED_EDGE('',*,*,#6003,.T.);
#8971=ORIENTED_EDGE('',*,*,#6060,.F.);
#8972=ORIENTED_EDGE('',*,*,#6143,.F.);
#8973=ORIENTED_EDGE('',*,*,#6144,.T.);
#8974=ORIENTED_EDGE('',*,*,#6145,.T.);
#8975=ORIENTED_EDGE('',*,*,#6061,.F.);
#8976=ORIENTED_EDGE('',*,*,#6145,.F.);
#8977=ORIENTED_EDGE('',*,*,#6146,.T.);
#8978=ORIENTED_EDGE('',*,*,#6147,.T.);
#8979=ORIENTED_EDGE('',*,*,#6062,.F.);
#8980=ORIENTED_EDGE('',*,*,#6147,.F.);
#8981=ORIENTED_EDGE('',*,*,#6148,.T.);
#8982=ORIENTED_EDGE('',*,*,#6149,.T.);
#8983=ORIENTED_EDGE('',*,*,#6063,.F.);
#8984=ORIENTED_EDGE('',*,*,#6149,.F.);
#8985=ORIENTED_EDGE('',*,*,#6150,.T.);
#8986=ORIENTED_EDGE('',*,*,#6143,.T.);
#8987=ORIENTED_EDGE('',*,*,#6144,.F.);
#8988=ORIENTED_EDGE('',*,*,#6150,.F.);
#8989=ORIENTED_EDGE('',*,*,#6148,.F.);
#8990=ORIENTED_EDGE('',*,*,#6146,.F.);
#8991=PLANE('',#9811);
#8992=PLANE('',#9813);
#8993=PLANE('',#9816);
#8994=PLANE('',#9818);
#8995=PLANE('',#9822);
#8996=PLANE('',#9829);
#8997=PLANE('',#9842);
#8998=PLANE('',#9843);
#8999=PLANE('',#9846);
#9000=PLANE('',#9855);
#9001=PLANE('',#9863);
#9002=PLANE('',#9872);
#9003=PLANE('',#9880);
#9004=PLANE('',#9888);
#9005=PLANE('',#9897);
#9006=PLANE('',#9901);
#9007=PLANE('',#9916);
#9008=PLANE('',#9917);
#9009=PLANE('',#9919);
#9010=PLANE('',#9921);
#9011=PLANE('',#9923);
#9012=PLANE('',#9927);
#9013=PLANE('',#9929);
#9014=PLANE('',#9931);
#9015=PLANE('',#9939);
#9016=PLANE('',#9946);
#9017=PLANE('',#9949);
#9018=PLANE('',#9952);
#9019=PLANE('',#9960);
#9020=PLANE('',#9961);
#9021=PLANE('',#9970);
#9022=PLANE('',#9981);
#9023=PLANE('',#9990);
#9024=PLANE('',#9999);
#9025=PLANE('',#10016);
#9026=PLANE('',#10019);
#9027=PLANE('',#10023);
#9028=PLANE('',#10042);
#9029=PLANE('',#10049);
#9030=PLANE('',#10053);
#9031=PLANE('',#10069);
#9032=PLANE('',#10086);
#9033=PLANE('',#10109);
#9034=PLANE('',#10116);
#9035=PLANE('',#10119);
#9036=PLANE('',#10143);
#9037=PLANE('',#10145);
#9038=PLANE('',#10147);
#9039=PLANE('',#10154);
#9040=PLANE('',#10163);
#9041=PLANE('',#10183);
#9042=PLANE('',#10198);
#9043=PLANE('',#10201);
#9044=PLANE('',#10208);
#9045=PLANE('',#10218);
#9046=PLANE('',#10223);
#9047=PLANE('',#10224);
#9048=PLANE('',#10225);
#9049=PLANE('',#10226);
#9050=PLANE('',#10227);
#9051=PLANE('',#10228);
#9052=PLANE('',#10229);
#9053=PLANE('',#10247);
#9054=PLANE('',#10255);
#9055=PLANE('',#10258);
#9056=PLANE('',#10261);
#9057=PLANE('',#10266);
#9058=PLANE('',#10285);
#9059=PLANE('',#10286);
#9060=PLANE('',#10287);
#9061=PLANE('',#10288);
#9062=PLANE('',#10289);
#9063=PLANE('',#10290);
#9064=PLANE('',#10291);
#9065=PLANE('',#10292);
#9066=PLANE('',#10293);
#9067=PLANE('',#10294);
#9068=PLANE('',#10295);
#9069=PLANE('',#10296);
#9070=PLANE('',#10297);
#9071=PLANE('',#10298);
#9072=PLANE('',#10299);
#9073=PLANE('',#10300);
#9074=PLANE('',#10301);
#9075=PLANE('',#10302);
#9076=PLANE('',#10303);
#9077=PLANE('',#10304);
#9078=PLANE('',#10305);
#9079=PLANE('',#10306);
#9080=PLANE('',#10307);
#9081=PLANE('',#10308);
#9082=PLANE('',#10309);
#9083=PLANE('',#10310);
#9084=PLANE('',#10311);
#9085=PLANE('',#10312);
#9086=PLANE('',#10313);
#9087=PLANE('',#10314);
#9088=PLANE('',#10315);
#9089=PLANE('',#10316);
#9090=PLANE('',#10317);
#9091=PLANE('',#10318);
#9092=PLANE('',#10319);
#9093=PLANE('',#10320);
#9094=PLANE('',#10321);
#9095=PLANE('',#10322);
#9096=PLANE('',#10323);
#9097=PLANE('',#10324);
#9098=PLANE('',#10325);
#9099=PLANE('',#10326);
#9100=PLANE('',#10328);
#9101=PLANE('',#10345);
#9102=PLANE('',#10349);
#9103=PLANE('',#10351);
#9104=PLANE('',#10368);
#9105=PLANE('',#10372);
#9106=PLANE('',#10373);
#9107=PLANE('',#10374);
#9108=PLANE('',#10375);
#9109=PLANE('',#10376);
#9110=PLANE('',#10377);
#9111=PLANE('',#10378);
#9112=PLANE('',#10379);
#9113=PLANE('',#10380);
#9114=PLANE('',#10381);
#9115=PLANE('',#10382);
#9116=PLANE('',#10383);
#9117=PLANE('',#10384);
#9118=PLANE('',#10385);
#9119=PLANE('',#10386);
#9120=PLANE('',#10387);
#9121=PLANE('',#10388);
#9122=PLANE('',#10389);
#9123=PLANE('',#10390);
#9124=PLANE('',#10391);
#9125=PLANE('',#10392);
#9126=PLANE('',#10393);
#9127=PLANE('',#10394);
#9128=PLANE('',#10395);
#9129=PLANE('',#10396);
#9130=PLANE('',#10397);
#9131=PLANE('',#10398);
#9132=PLANE('',#10399);
#9133=PLANE('',#10400);
#9134=PLANE('',#10401);
#9135=PLANE('',#10402);
#9136=PLANE('',#10403);
#9137=PLANE('',#10404);
#9138=PLANE('',#10405);
#9139=PLANE('',#10406);
#9140=PLANE('',#10407);
#9141=PLANE('',#10408);
#9142=PLANE('',#10409);
#9143=PLANE('',#10410);
#9144=PLANE('',#10411);
#9145=PLANE('',#10412);
#9146=PLANE('',#10413);
#9147=PLANE('',#10414);
#9148=PLANE('',#10415);
#9149=PLANE('',#10416);
#9150=PLANE('',#10417);
#9151=PLANE('',#10418);
#9152=PLANE('',#10419);
#9153=PLANE('',#10420);
#9154=PLANE('',#10421);
#9155=PLANE('',#10422);
#9156=PLANE('',#10423);
#9157=PLANE('',#10424);
#9158=PLANE('',#10425);
#9159=PLANE('',#10426);
#9160=PLANE('',#10427);
#9161=PLANE('',#10428);
#9162=PLANE('',#10429);
#9163=PLANE('',#10431);
#9164=PLANE('',#10444);
#9165=PLANE('',#10445);
#9166=PLANE('',#10446);
#9167=PLANE('',#10447);
#9168=PLANE('',#10448);
#9169=PLANE('',#10449);
#9170=PLANE('',#10450);
#9171=PLANE('',#10453);
#9172=PLANE('',#10467);
#9173=PLANE('',#10468);
#9174=PLANE('',#10469);
#9175=PLANE('',#10470);
#9176=PLANE('',#10485);
#9177=PLANE('',#10487);
#9178=PLANE('',#10489);
#9179=PLANE('',#10490);
#9180=PLANE('',#10492);
#9181=PLANE('',#10497);
#9182=PLANE('',#10498);
#9183=PLANE('',#10499);
#9184=PLANE('',#10500);
#9185=PLANE('',#10501);
#9186=PLANE('',#10502);
#9187=PLANE('',#10503);
#9188=PLANE('',#10504);
#9189=PLANE('',#10505);
#9190=PLANE('',#10507);
#9191=PLANE('',#10508);
#9192=PLANE('',#10511);
#9193=PLANE('',#10512);
#9194=PLANE('',#10513);
#9195=PLANE('',#10516);
#9196=PLANE('',#10518);
#9197=PLANE('',#10519);
#9198=PLANE('',#10520);
#9199=PLANE('',#10521);
#9200=PLANE('',#10522);
#9201=PLANE('',#10523);
#9202=PLANE('',#10524);
#9203=PLANE('',#10525);
#9204=PLANE('',#10526);
#9205=PLANE('',#10527);
#9206=PLANE('',#10528);
#9207=PLANE('',#10535);
#9208=PLANE('',#10542);
#9209=PLANE('',#10555);
#9210=PLANE('',#10556);
#9211=PLANE('',#10560);
#9212=PLANE('',#10567);
#9213=PLANE('',#10571);
#9214=PLANE('',#10572);
#9215=PLANE('',#10573);
#9216=PLANE('',#10574);
#9217=PLANE('',#10575);
#9218=PLANE('',#10576);
#9219=PLANE('',#10577);
#9220=PLANE('',#10580);
#9221=PLANE('',#10592);
#9222=PLANE('',#10596);
#9223=PLANE('',#10597);
#9224=PLANE('',#10602);
#9225=PLANE('',#10603);
#9226=PLANE('',#10608);
#9227=PLANE('',#10609);
#9228=PLANE('',#10610);
#9229=PLANE('',#10611);
#9230=PLANE('',#10612);
#9231=PLANE('',#10613);
#9232=PLANE('',#10614);
#9233=PLANE('',#10615);
#9234=PLANE('',#10616);
#9235=PLANE('',#10617);
#9236=PLANE('',#10619);
#9237=PLANE('',#10621);
#9238=PLANE('',#10623);
#9239=PLANE('',#10625);
#9240=PLANE('',#10626);
#9241=PLANE('',#10627);
#9242=PLANE('',#10629);
#9243=PLANE('',#10631);
#9244=PLANE('',#10633);
#9245=PLANE('',#10635);
#9246=PLANE('',#10637);
#9247=PLANE('',#10639);
#9248=PLANE('',#10641);
#9249=PLANE('',#10642);
#9250=PLANE('',#10643);
#9251=PLANE('',#10644);
#9252=PLANE('',#10645);
#9253=ADVANCED_FACE('',(#534),#8991,.T.);
#9254=ADVANCED_FACE('',(#535),#8992,.F.);
#9255=ADVANCED_FACE('',(#536),#8993,.T.);
#9256=ADVANCED_FACE('',(#537,#367,#368,#369,#370,#371,#372,#373,#374,#375),
#8994,.T.);
#9257=ADVANCED_FACE('',(#538),#198,.T.);
#9258=ADVANCED_FACE('',(#539),#8995,.T.);
#9259=ADVANCED_FACE('',(#540),#199,.T.);
#9260=ADVANCED_FACE('',(#541,#376,#377,#378,#379),#8996,.F.);
#9261=ADVANCED_FACE('',(#542),#8997,.T.);
#9262=ADVANCED_FACE('',(#543),#8998,.T.);
#9263=ADVANCED_FACE('',(#544),#8999,.T.);
#9264=ADVANCED_FACE('',(#545),#200,.T.);
#9265=ADVANCED_FACE('',(#546),#9000,.T.);
#9266=ADVANCED_FACE('',(#547),#201,.T.);
#9267=ADVANCED_FACE('',(#548),#202,.T.);
#9268=ADVANCED_FACE('',(#549),#9001,.T.);
#9269=ADVANCED_FACE('',(#550),#203,.T.);
#9270=ADVANCED_FACE('',(#551),#143,.T.);
#9271=ADVANCED_FACE('',(#552),#204,.T.);
#9272=ADVANCED_FACE('',(#553),#9002,.T.);
#9273=ADVANCED_FACE('',(#554),#205,.T.);
#9274=ADVANCED_FACE('',(#555),#144,.T.);
#9275=ADVANCED_FACE('',(#556),#206,.T.);
#9276=ADVANCED_FACE('',(#557),#9003,.T.);
#9277=ADVANCED_FACE('',(#558),#207,.T.);
#9278=ADVANCED_FACE('',(#559),#145,.T.);
#9279=ADVANCED_FACE('',(#560),#208,.T.);
#9280=ADVANCED_FACE('',(#561),#9004,.T.);
#9281=ADVANCED_FACE('',(#562),#209,.T.);
#9282=ADVANCED_FACE('',(#563),#146,.T.);
#9283=ADVANCED_FACE('',(#564),#210,.T.);
#9284=ADVANCED_FACE('',(#565),#105,.T.);
#9285=ADVANCED_FACE('',(#566),#211,.T.);
#9286=ADVANCED_FACE('',(#567,#380),#9005,.T.);
#9287=ADVANCED_FACE('',(#568),#212,.T.);
#9288=ADVANCED_FACE('',(#569),#35,.F.);
#9289=ADVANCED_FACE('',(#570),#106,.T.);
#9290=ADVANCED_FACE('',(#571),#36,.F.);
#9291=ADVANCED_FACE('',(#572),#37,.F.);
#9292=ADVANCED_FACE('',(#573,#381),#9006,.F.);
#9293=ADVANCED_FACE('',(#574),#213,.T.);
#9294=ADVANCED_FACE('',(#575),#214,.T.);
#9295=ADVANCED_FACE('',(#576),#38,.F.);
#9296=ADVANCED_FACE('',(#577),#107,.T.);
#9297=ADVANCED_FACE('',(#578),#39,.F.);
#9298=ADVANCED_FACE('',(#579),#215,.T.);
#9299=ADVANCED_FACE('',(#580),#9007,.T.);
#9300=ADVANCED_FACE('',(#581),#9008,.T.);
#9301=ADVANCED_FACE('',(#582),#216,.F.);
#9302=ADVANCED_FACE('',(#583),#9009,.F.);
#9303=ADVANCED_FACE('',(#584),#217,.F.);
#9304=ADVANCED_FACE('',(#585),#9010,.T.);
#9305=ADVANCED_FACE('',(#586),#218,.T.);
#9306=ADVANCED_FACE('',(#587),#9011,.T.);
#9307=ADVANCED_FACE('',(#588),#219,.T.);
#9308=ADVANCED_FACE('',(#589),#9012,.T.);
#9309=ADVANCED_FACE('',(#590),#220,.F.);
#9310=ADVANCED_FACE('',(#591),#9013,.F.);
#9311=ADVANCED_FACE('',(#592),#221,.F.);
#9312=ADVANCED_FACE('',(#593),#9014,.F.);
#9313=ADVANCED_FACE('',(#594),#222,.F.);
#9314=ADVANCED_FACE('',(#595),#108,.F.);
#9315=ADVANCED_FACE('',(#596),#223,.F.);
#9316=ADVANCED_FACE('',(#597),#9015,.F.);
#9317=ADVANCED_FACE('',(#598),#224,.F.);
#9318=ADVANCED_FACE('',(#599),#109,.F.);
#9319=ADVANCED_FACE('',(#600),#225,.F.);
#9320=ADVANCED_FACE('',(#601),#9016,.F.);
#9321=ADVANCED_FACE('',(#602),#226,.F.);
#9322=ADVANCED_FACE('',(#603),#9017,.F.);
#9323=ADVANCED_FACE('',(#604),#227,.F.);
#9324=ADVANCED_FACE('',(#605,#382),#9018,.T.);
#9325=ADVANCED_FACE('',(#606),#228,.T.);
#9326=ADVANCED_FACE('',(#607),#40,.F.);
#9327=ADVANCED_FACE('',(#608),#110,.T.);
#9328=ADVANCED_FACE('',(#609),#229,.T.);
#9329=ADVANCED_FACE('',(#610),#230,.F.);
#9330=ADVANCED_FACE('',(#611),#9019,.F.);
#9331=ADVANCED_FACE('',(#612),#9020,.F.);
#9332=ADVANCED_FACE('',(#613),#231,.F.);
#9333=ADVANCED_FACE('',(#614),#111,.F.);
#9334=ADVANCED_FACE('',(#615),#232,.F.);
#9335=ADVANCED_FACE('',(#616),#9021,.F.);
#9336=ADVANCED_FACE('',(#617),#233,.F.);
#9337=ADVANCED_FACE('',(#618),#112,.F.);
#9338=ADVANCED_FACE('',(#619),#234,.F.);
#9339=ADVANCED_FACE('',(#620),#9022,.F.);
#9340=ADVANCED_FACE('',(#621),#235,.F.);
#9341=ADVANCED_FACE('',(#622),#113,.F.);
#9342=ADVANCED_FACE('',(#623),#236,.F.);
#9343=ADVANCED_FACE('',(#624),#9023,.F.);
#9344=ADVANCED_FACE('',(#625),#237,.F.);
#9345=ADVANCED_FACE('',(#626),#41,.F.);
#9346=ADVANCED_FACE('',(#627),#238,.T.);
#9347=ADVANCED_FACE('',(#628),#9024,.F.);
#9348=ADVANCED_FACE('',(#629),#239,.F.);
#9349=ADVANCED_FACE('',(#630),#114,.F.);
#9350=ADVANCED_FACE('',(#631),#240,.F.);
#9351=ADVANCED_FACE('',(#632),#42,.F.);
#9352=ADVANCED_FACE('',(#633),#241,.T.);
#9353=ADVANCED_FACE('',(#634),#115,.T.);
#9354=ADVANCED_FACE('',(#635),#242,.T.);
#9355=ADVANCED_FACE('',(#636),#9025,.F.);
#9356=ADVANCED_FACE('',(#637),#243,.T.);
#9357=ADVANCED_FACE('',(#638),#9026,.F.);
#9358=ADVANCED_FACE('',(#639),#244,.F.);
#9359=ADVANCED_FACE('',(#640),#43,.T.);
#9360=ADVANCED_FACE('',(#641),#9027,.F.);
#9361=ADVANCED_FACE('',(#642),#245,.F.);
#9362=ADVANCED_FACE('',(#643),#116,.F.);
#9363=ADVANCED_FACE('',(#644),#246,.F.);
#9364=ADVANCED_FACE('',(#645),#117,.F.);
#9365=ADVANCED_FACE('',(#646),#247,.F.);
#9366=ADVANCED_FACE('',(#647),#118,.F.);
#9367=ADVANCED_FACE('',(#648),#248,.F.);
#9368=ADVANCED_FACE('',(#649),#249,.F.);
#9369=ADVANCED_FACE('',(#650),#44,.F.);
#9370=ADVANCED_FACE('',(#651),#9028,.F.);
#9371=ADVANCED_FACE('',(#652),#250,.T.);
#9372=ADVANCED_FACE('',(#653),#9029,.T.);
#9373=ADVANCED_FACE('',(#654),#251,.F.);
#9374=ADVANCED_FACE('',(#655),#9030,.F.);
#9375=ADVANCED_FACE('',(#656),#252,.T.);
#9376=ADVANCED_FACE('',(#657),#45,.F.);
#9377=ADVANCED_FACE('',(#658),#253,.F.);
#9378=ADVANCED_FACE('',(#659),#119,.F.);
#9379=ADVANCED_FACE('',(#660),#254,.F.);
#9380=ADVANCED_FACE('',(#661),#120,.F.);
#9381=ADVANCED_FACE('',(#662),#255,.F.);
#9382=ADVANCED_FACE('',(#663),#9031,.F.);
#9383=ADVANCED_FACE('',(#664),#256,.F.);
#9384=ADVANCED_FACE('',(#665),#46,.F.);
#9385=ADVANCED_FACE('',(#666),#47,.F.);
#9386=ADVANCED_FACE('',(#667),#257,.F.);
#9387=ADVANCED_FACE('',(#668),#121,.F.);
#9388=ADVANCED_FACE('',(#669),#258,.F.);
#9389=ADVANCED_FACE('',(#670),#122,.F.);
#9390=ADVANCED_FACE('',(#671),#259,.F.);
#9391=ADVANCED_FACE('',(#672),#48,.T.);
#9392=ADVANCED_FACE('',(#673),#9032,.F.);
#9393=ADVANCED_FACE('',(#674),#260,.F.);
#9394=ADVANCED_FACE('',(#675),#123,.F.);
#9395=ADVANCED_FACE('',(#676),#261,.F.);
#9396=ADVANCED_FACE('',(#677),#49,.T.);
#9397=ADVANCED_FACE('',(#678),#262,.F.);
#9398=ADVANCED_FACE('',(#679),#124,.F.);
#9399=ADVANCED_FACE('',(#680),#263,.F.);
#9400=ADVANCED_FACE('',(#681),#264,.F.);
#9401=ADVANCED_FACE('',(#682),#147,.F.);
#9402=ADVANCED_FACE('',(#683),#265,.F.);
#9403=ADVANCED_FACE('',(#684),#9033,.F.);
#9404=ADVANCED_FACE('',(#685),#266,.T.);
#9405=ADVANCED_FACE('',(#686),#148,.F.);
#9406=ADVANCED_FACE('',(#687),#267,.F.);
#9407=ADVANCED_FACE('',(#688),#9034,.T.);
#9408=ADVANCED_FACE('',(#689),#268,.T.);
#9409=ADVANCED_FACE('',(#690),#9035,.T.);
#9410=ADVANCED_FACE('',(#691),#269,.T.);
#9411=ADVANCED_FACE('',(#692),#50,.F.);
#9412=ADVANCED_FACE('',(#693),#125,.F.);
#9413=ADVANCED_FACE('',(#694),#270,.F.);
#9414=ADVANCED_FACE('',(#695),#51,.F.);
#9415=ADVANCED_FACE('',(#696),#271,.T.);
#9416=ADVANCED_FACE('',(#697),#52,.F.);
#9417=ADVANCED_FACE('',(#698),#272,.T.);
#9418=ADVANCED_FACE('',(#699),#126,.T.);
#9419=ADVANCED_FACE('',(#700),#273,.T.);
#9420=ADVANCED_FACE('',(#701),#53,.F.);
#9421=ADVANCED_FACE('',(#702),#274,.T.);
#9422=ADVANCED_FACE('',(#703),#9036,.T.);
#9423=ADVANCED_FACE('',(#704),#275,.F.);
#9424=ADVANCED_FACE('',(#705),#9037,.F.);
#9425=ADVANCED_FACE('',(#706),#276,.T.);
#9426=ADVANCED_FACE('',(#707),#9038,.F.);
#9427=ADVANCED_FACE('',(#708),#277,.F.);
#9428=ADVANCED_FACE('',(#709),#127,.F.);
#9429=ADVANCED_FACE('',(#710),#278,.F.);
#9430=ADVANCED_FACE('',(#711),#9039,.F.);
#9431=ADVANCED_FACE('',(#712),#279,.F.);
#9432=ADVANCED_FACE('',(#713),#54,.F.);
#9433=ADVANCED_FACE('',(#714),#280,.F.);
#9434=ADVANCED_FACE('',(#715),#128,.F.);
#9435=ADVANCED_FACE('',(#716),#281,.F.);
#9436=ADVANCED_FACE('',(#717),#9040,.T.);
#9437=ADVANCED_FACE('',(#718),#282,.T.);
#9438=ADVANCED_FACE('',(#719),#55,.F.);
#9439=ADVANCED_FACE('',(#720),#283,.F.);
#9440=ADVANCED_FACE('',(#721),#129,.F.);
#9441=ADVANCED_FACE('',(#722),#284,.F.);
#9442=ADVANCED_FACE('',(#723),#130,.F.);
#9443=ADVANCED_FACE('',(#724),#285,.F.);
#9444=ADVANCED_FACE('',(#725),#149,.F.);
#9445=ADVANCED_FACE('',(#726),#286,.F.);
#9446=ADVANCED_FACE('',(#727),#9041,.F.);
#9447=ADVANCED_FACE('',(#728),#287,.T.);
#9448=ADVANCED_FACE('',(#729),#150,.F.);
#9449=ADVANCED_FACE('',(#730),#288,.F.);
#9450=ADVANCED_FACE('',(#731),#131,.F.);
#9451=ADVANCED_FACE('',(#732),#289,.F.);
#9452=ADVANCED_FACE('',(#733),#290,.F.);
#9453=ADVANCED_FACE('',(#734),#9042,.F.);
#9454=ADVANCED_FACE('',(#735),#291,.F.);
#9455=ADVANCED_FACE('',(#736),#9043,.T.);
#9456=ADVANCED_FACE('',(#737),#292,.T.);
#9457=ADVANCED_FACE('',(#738),#151,.T.);
#9458=ADVANCED_FACE('',(#739),#9044,.T.);
#9459=ADVANCED_FACE('',(#740),#293,.F.);
#9460=ADVANCED_FACE('',(#741),#56,.T.);
#9461=ADVANCED_FACE('',(#742),#294,.T.);
#9462=ADVANCED_FACE('',(#743),#295,.F.);
#9463=ADVANCED_FACE('',(#744),#132,.F.);
#9464=ADVANCED_FACE('',(#745),#296,.F.);
#9465=ADVANCED_FACE('',(#746),#9045,.T.);
#9466=ADVANCED_FACE('',(#747),#297,.T.);
#9467=ADVANCED_FACE('',(#748),#57,.F.);
#9468=ADVANCED_FACE('',(#749),#298,.T.);
#9469=ADVANCED_FACE('',(#750),#9046,.F.);
#9470=ADVANCED_FACE('',(#751),#9047,.F.);
#9471=ADVANCED_FACE('',(#752),#9048,.T.);
#9472=ADVANCED_FACE('',(#753),#9049,.T.);
#9473=ADVANCED_FACE('',(#754),#9050,.F.);
#9474=ADVANCED_FACE('',(#755),#9051,.F.);
#9475=ADVANCED_FACE('',(#756,#383),#9052,.F.);
#9476=ADVANCED_FACE('',(#757),#299,.T.);
#9477=ADVANCED_FACE('',(#758),#133,.T.);
#9478=ADVANCED_FACE('',(#759),#152,.T.);
#9479=ADVANCED_FACE('',(#760),#134,.T.);
#9480=ADVANCED_FACE('',(#761),#300,.T.);
#9481=ADVANCED_FACE('',(#762),#9053,.F.);
#9482=ADVANCED_FACE('',(#763),#301,.T.);
#9483=ADVANCED_FACE('',(#764),#302,.F.);
#9484=ADVANCED_FACE('',(#765),#303,.F.);
#9485=ADVANCED_FACE('',(#766),#153,.T.);
#9486=ADVANCED_FACE('',(#767),#304,.T.);
#9487=ADVANCED_FACE('',(#768),#9054,.F.);
#9488=ADVANCED_FACE('',(#769),#305,.T.);
#9489=ADVANCED_FACE('',(#770),#9055,.T.);
#9490=ADVANCED_FACE('',(#771),#306,.T.);
#9491=ADVANCED_FACE('',(#772),#9056,.T.);
#9492=ADVANCED_FACE('',(#773),#307,.T.);
#9493=ADVANCED_FACE('',(#774),#9057,.T.);
#9494=ADVANCED_FACE('',(#775),#308,.T.);
#9495=ADVANCED_FACE('',(#776),#154,.T.);
#9496=ADVANCED_FACE('',(#777),#309,.T.);
#9497=ADVANCED_FACE('',(#778),#155,.T.);
#9498=ADVANCED_FACE('',(#779),#310,.T.);
#9499=ADVANCED_FACE('',(#780),#156,.T.);
#9500=ADVANCED_FACE('',(#781),#311,.T.);
#9501=ADVANCED_FACE('',(#782),#157,.T.);
#9502=ADVANCED_FACE('',(#783),#312,.T.);
#9503=ADVANCED_FACE('',(#784),#9058,.F.);
#9504=ADVANCED_FACE('',(#785),#58,.T.);
#9505=ADVANCED_FACE('',(#786,#384),#9059,.T.);
#9506=ADVANCED_FACE('',(#787),#59,.T.);
#9507=ADVANCED_FACE('',(#788),#60,.T.);
#9508=ADVANCED_FACE('',(#789),#61,.T.);
#9509=ADVANCED_FACE('',(#790),#62,.F.);
#9510=ADVANCED_FACE('',(#791),#63,.F.);
#9511=ADVANCED_FACE('',(#792),#64,.F.);
#9512=ADVANCED_FACE('',(#793),#65,.F.);
#9513=ADVANCED_FACE('',(#794),#66,.F.);
#9514=ADVANCED_FACE('',(#795),#67,.F.);
#9515=ADVANCED_FACE('',(#796),#68,.F.);
#9516=ADVANCED_FACE('',(#797),#69,.F.);
#9517=ADVANCED_FACE('',(#798),#9060,.F.);
#9518=ADVANCED_FACE('',(#799),#9061,.T.);
#9519=ADVANCED_FACE('',(#800),#9062,.T.);
#9520=ADVANCED_FACE('',(#801),#9063,.T.);
#9521=ADVANCED_FACE('',(#802),#9064,.T.);
#9522=ADVANCED_FACE('',(#803),#9065,.T.);
#9523=ADVANCED_FACE('',(#804),#9066,.T.);
#9524=ADVANCED_FACE('',(#805),#9067,.T.);
#9525=ADVANCED_FACE('',(#806),#9068,.T.);
#9526=ADVANCED_FACE('',(#807),#9069,.T.);
#9527=ADVANCED_FACE('',(#808),#9070,.T.);
#9528=ADVANCED_FACE('',(#809),#9071,.T.);
#9529=ADVANCED_FACE('',(#810),#9072,.T.);
#9530=ADVANCED_FACE('',(#811),#9073,.T.);
#9531=ADVANCED_FACE('',(#812),#9074,.T.);
#9532=ADVANCED_FACE('',(#813),#9075,.T.);
#9533=ADVANCED_FACE('',(#814),#9076,.T.);
#9534=ADVANCED_FACE('',(#815),#9077,.T.);
#9535=ADVANCED_FACE('',(#816),#9078,.T.);
#9536=ADVANCED_FACE('',(#817),#9079,.T.);
#9537=ADVANCED_FACE('',(#818),#9080,.T.);
#9538=ADVANCED_FACE('',(#819),#9081,.T.);
#9539=ADVANCED_FACE('',(#820),#9082,.T.);
#9540=ADVANCED_FACE('',(#821),#9083,.T.);
#9541=ADVANCED_FACE('',(#822),#9084,.T.);
#9542=ADVANCED_FACE('',(#823),#9085,.T.);
#9543=ADVANCED_FACE('',(#824),#9086,.T.);
#9544=ADVANCED_FACE('',(#825),#9087,.T.);
#9545=ADVANCED_FACE('',(#826),#9088,.T.);
#9546=ADVANCED_FACE('',(#827),#9089,.T.);
#9547=ADVANCED_FACE('',(#828),#9090,.T.);
#9548=ADVANCED_FACE('',(#829),#9091,.T.);
#9549=ADVANCED_FACE('',(#830),#9092,.T.);
#9550=ADVANCED_FACE('',(#831),#9093,.T.);
#9551=ADVANCED_FACE('',(#832),#70,.T.);
#9552=ADVANCED_FACE('',(#833),#9094,.T.);
#9553=ADVANCED_FACE('',(#834),#9095,.T.);
#9554=ADVANCED_FACE('',(#835),#9096,.T.);
#9555=ADVANCED_FACE('',(#836),#9097,.T.);
#9556=ADVANCED_FACE('',(#837),#9098,.T.);
#9557=ADVANCED_FACE('',(#838),#9099,.T.);
#9558=ADVANCED_FACE('',(#839),#9100,.F.);
#9559=ADVANCED_FACE('',(#840),#313,.T.);
#9560=ADVANCED_FACE('',(#841),#135,.T.);
#9561=ADVANCED_FACE('',(#842),#314,.T.);
#9562=ADVANCED_FACE('',(#843),#136,.T.);
#9563=ADVANCED_FACE('',(#844),#315,.T.);
#9564=ADVANCED_FACE('',(#845),#316,.T.);
#9565=ADVANCED_FACE('',(#846),#317,.T.);
#9566=ADVANCED_FACE('',(#847),#9101,.T.);
#9567=ADVANCED_FACE('',(#848),#318,.T.);
#9568=ADVANCED_FACE('',(#849),#319,.T.);
#9569=ADVANCED_FACE('',(#850),#9102,.T.);
#9570=ADVANCED_FACE('',(#851),#9103,.F.);
#9571=ADVANCED_FACE('',(#852),#320,.T.);
#9572=ADVANCED_FACE('',(#853),#137,.T.);
#9573=ADVANCED_FACE('',(#854),#321,.T.);
#9574=ADVANCED_FACE('',(#855),#138,.T.);
#9575=ADVANCED_FACE('',(#856),#322,.T.);
#9576=ADVANCED_FACE('',(#857),#323,.T.);
#9577=ADVANCED_FACE('',(#858),#324,.T.);
#9578=ADVANCED_FACE('',(#859),#9104,.T.);
#9579=ADVANCED_FACE('',(#860),#325,.T.);
#9580=ADVANCED_FACE('',(#861),#326,.T.);
#9581=ADVANCED_FACE('',(#862),#71,.T.);
#9582=ADVANCED_FACE('',(#863,#385),#9105,.T.);
#9583=ADVANCED_FACE('',(#864),#72,.T.);
#9584=ADVANCED_FACE('',(#865),#73,.T.);
#9585=ADVANCED_FACE('',(#866),#74,.T.);
#9586=ADVANCED_FACE('',(#867),#75,.T.);
#9587=ADVANCED_FACE('',(#868),#76,.T.);
#9588=ADVANCED_FACE('',(#869),#77,.F.);
#9589=ADVANCED_FACE('',(#870),#78,.F.);
#9590=ADVANCED_FACE('',(#871),#79,.F.);
#9591=ADVANCED_FACE('',(#872),#80,.F.);
#9592=ADVANCED_FACE('',(#873),#9106,.T.);
#9593=ADVANCED_FACE('',(#874),#81,.T.);
#9594=ADVANCED_FACE('',(#875,#386),#9107,.T.);
#9595=ADVANCED_FACE('',(#876),#9108,.T.);
#9596=ADVANCED_FACE('',(#877),#9109,.T.);
#9597=ADVANCED_FACE('',(#878),#9110,.T.);
#9598=ADVANCED_FACE('',(#879),#9111,.T.);
#9599=ADVANCED_FACE('',(#880),#9112,.T.);
#9600=ADVANCED_FACE('',(#881),#82,.T.);
#9601=ADVANCED_FACE('',(#882),#83,.T.);
#9602=ADVANCED_FACE('',(#883),#84,.T.);
#9603=ADVANCED_FACE('',(#884),#9113,.F.);
#9604=ADVANCED_FACE('',(#885),#85,.F.);
#9605=ADVANCED_FACE('',(#886),#86,.F.);
#9606=ADVANCED_FACE('',(#887),#87,.F.);
#9607=ADVANCED_FACE('',(#888),#9114,.F.);
#9608=ADVANCED_FACE('',(#889),#9115,.F.);
#9609=ADVANCED_FACE('',(#890),#9116,.T.);
#9610=ADVANCED_FACE('',(#891),#9117,.T.);
#9611=ADVANCED_FACE('',(#892,#387),#9118,.T.);
#9612=ADVANCED_FACE('',(#893),#9119,.T.);
#9613=ADVANCED_FACE('',(#894),#9120,.T.);
#9614=ADVANCED_FACE('',(#895),#9121,.T.);
#9615=ADVANCED_FACE('',(#896),#9122,.T.);
#9616=ADVANCED_FACE('',(#897),#88,.T.);
#9617=ADVANCED_FACE('',(#898),#89,.T.);
#9618=ADVANCED_FACE('',(#899),#90,.T.);
#9619=ADVANCED_FACE('',(#900),#91,.T.);
#9620=ADVANCED_FACE('',(#901),#9123,.F.);
#9621=ADVANCED_FACE('',(#902),#92,.F.);
#9622=ADVANCED_FACE('',(#903),#93,.F.);
#9623=ADVANCED_FACE('',(#904),#94,.F.);
#9624=ADVANCED_FACE('',(#905),#9124,.F.);
#9625=ADVANCED_FACE('',(#906),#9125,.F.);
#9626=ADVANCED_FACE('',(#907),#9126,.T.);
#9627=ADVANCED_FACE('',(#908),#9127,.T.);
#9628=ADVANCED_FACE('',(#909),#9128,.T.);
#9629=ADVANCED_FACE('',(#910),#9129,.T.);
#9630=ADVANCED_FACE('',(#911),#9130,.T.);
#9631=ADVANCED_FACE('',(#912),#9131,.T.);
#9632=ADVANCED_FACE('',(#913),#9132,.T.);
#9633=ADVANCED_FACE('',(#914),#9133,.T.);
#9634=ADVANCED_FACE('',(#915),#9134,.T.);
#9635=ADVANCED_FACE('',(#916),#9135,.T.);
#9636=ADVANCED_FACE('',(#917),#95,.T.);
#9637=ADVANCED_FACE('',(#918,#388),#9136,.T.);
#9638=ADVANCED_FACE('',(#919),#96,.T.);
#9639=ADVANCED_FACE('',(#920),#97,.T.);
#9640=ADVANCED_FACE('',(#921),#98,.T.);
#9641=ADVANCED_FACE('',(#922),#99,.T.);
#9642=ADVANCED_FACE('',(#923),#100,.T.);
#9643=ADVANCED_FACE('',(#924),#101,.F.);
#9644=ADVANCED_FACE('',(#925),#102,.F.);
#9645=ADVANCED_FACE('',(#926),#103,.F.);
#9646=ADVANCED_FACE('',(#927),#104,.F.);
#9647=ADVANCED_FACE('',(#928),#9137,.T.);
#9648=ADVANCED_FACE('',(#929),#9138,.T.);
#9649=ADVANCED_FACE('',(#930),#9139,.T.);
#9650=ADVANCED_FACE('',(#931),#9140,.T.);
#9651=ADVANCED_FACE('',(#932),#9141,.T.);
#9652=ADVANCED_FACE('',(#933),#9142,.T.);
#9653=ADVANCED_FACE('',(#934),#9143,.T.);
#9654=ADVANCED_FACE('',(#935),#9144,.T.);
#9655=ADVANCED_FACE('',(#936),#9145,.T.);
#9656=ADVANCED_FACE('',(#937),#9146,.T.);
#9657=ADVANCED_FACE('',(#938),#9147,.T.);
#9658=ADVANCED_FACE('',(#939),#9148,.T.);
#9659=ADVANCED_FACE('',(#940),#9149,.T.);
#9660=ADVANCED_FACE('',(#941),#9150,.T.);
#9661=ADVANCED_FACE('',(#942),#9151,.T.);
#9662=ADVANCED_FACE('',(#943),#9152,.T.);
#9663=ADVANCED_FACE('',(#944),#9153,.T.);
#9664=ADVANCED_FACE('',(#945),#9154,.T.);
#9665=ADVANCED_FACE('',(#946),#9155,.T.);
#9666=ADVANCED_FACE('',(#947),#9156,.T.);
#9667=ADVANCED_FACE('',(#948),#9157,.T.);
#9668=ADVANCED_FACE('',(#949),#9158,.T.);
#9669=ADVANCED_FACE('',(#950),#9159,.T.);
#9670=ADVANCED_FACE('',(#951),#9160,.T.);
#9671=ADVANCED_FACE('',(#952),#9161,.T.);
#9672=ADVANCED_FACE('',(#953),#9162,.T.);
#9673=ADVANCED_FACE('',(#954),#9163,.T.);
#9674=ADVANCED_FACE('',(#955),#327,.T.);
#9675=ADVANCED_FACE('',(#956),#328,.F.);
#9676=ADVANCED_FACE('',(#957),#9164,.T.);
#9677=ADVANCED_FACE('',(#958),#9165,.T.);
#9678=ADVANCED_FACE('',(#959),#9166,.T.);
#9679=ADVANCED_FACE('',(#960,#389),#9167,.T.);
#9680=ADVANCED_FACE('',(#961),#9168,.F.);
#9681=ADVANCED_FACE('',(#962,#390,#391),#9169,.T.);
#9682=ADVANCED_FACE('',(#963),#9170,.T.);
#9683=ADVANCED_FACE('',(#964),#329,.F.);
#9684=ADVANCED_FACE('',(#965),#9171,.T.);
#9685=ADVANCED_FACE('',(#966),#9172,.F.);
#9686=ADVANCED_FACE('',(#967),#9173,.F.);
#9687=ADVANCED_FACE('',(#968),#9174,.F.);
#9688=ADVANCED_FACE('',(#969),#9175,.T.);
#9689=ADVANCED_FACE('',(#970),#330,.T.);
#9690=ADVANCED_FACE('',(#971),#331,.F.);
#9691=ADVANCED_FACE('',(#972),#332,.T.);
#9692=ADVANCED_FACE('',(#973),#333,.T.);
#9693=ADVANCED_FACE('',(#974),#334,.F.);
#9694=ADVANCED_FACE('',(#975),#335,.T.);
#9695=ADVANCED_FACE('',(#976),#9176,.T.);
#9696=ADVANCED_FACE('',(#977),#336,.T.);
#9697=ADVANCED_FACE('',(#978),#9177,.T.);
#9698=ADVANCED_FACE('',(#979),#337,.F.);
#9699=ADVANCED_FACE('',(#980),#9178,.F.);
#9700=ADVANCED_FACE('',(#981),#9179,.F.);
#9701=ADVANCED_FACE('',(#982),#338,.T.);
#9702=ADVANCED_FACE('',(#983),#9180,.T.);
#9703=ADVANCED_FACE('',(#984),#339,.T.);
#9704=ADVANCED_FACE('',(#985),#340,.F.);
#9705=ADVANCED_FACE('',(#986),#341,.T.);
#9706=ADVANCED_FACE('',(#987),#342,.T.);
#9707=ADVANCED_FACE('',(#988),#9181,.T.);
#9708=ADVANCED_FACE('',(#989),#9182,.F.);
#9709=ADVANCED_FACE('',(#990),#9183,.F.);
#9710=ADVANCED_FACE('',(#991),#9184,.T.);
#9711=ADVANCED_FACE('',(#992),#9185,.F.);
#9712=ADVANCED_FACE('',(#993),#9186,.F.);
#9713=ADVANCED_FACE('',(#994),#9187,.F.);
#9714=ADVANCED_FACE('',(#995),#9188,.F.);
#9715=ADVANCED_FACE('',(#996),#9189,.F.);
#9716=ADVANCED_FACE('',(#997),#9190,.F.);
#9717=ADVANCED_FACE('',(#998),#9191,.F.);
#9718=ADVANCED_FACE('',(#999),#9192,.F.);
#9719=ADVANCED_FACE('',(#1000),#9193,.T.);
#9720=ADVANCED_FACE('',(#1001),#9194,.T.);
#9721=ADVANCED_FACE('',(#1002),#343,.T.);
#9722=ADVANCED_FACE('',(#1003),#9195,.F.);
#9723=ADVANCED_FACE('',(#1004),#9196,.F.);
#9724=ADVANCED_FACE('',(#1005),#9197,.T.);
#9725=ADVANCED_FACE('',(#1006),#9198,.T.);
#9726=ADVANCED_FACE('',(#1007),#9199,.T.);
#9727=ADVANCED_FACE('',(#1008),#9200,.T.);
#9728=ADVANCED_FACE('',(#1009),#9201,.F.);
#9729=ADVANCED_FACE('',(#1010),#9202,.T.);
#9730=ADVANCED_FACE('',(#1011),#9203,.T.);
#9731=ADVANCED_FACE('',(#1012),#9204,.T.);
#9732=ADVANCED_FACE('',(#1013),#9205,.F.);
#9733=ADVANCED_FACE('',(#1014),#9206,.F.);
#9734=ADVANCED_FACE('',(#1015),#344,.T.);
#9735=ADVANCED_FACE('',(#1016),#9207,.T.);
#9736=ADVANCED_FACE('',(#1017),#345,.T.);
#9737=ADVANCED_FACE('',(#1018),#9208,.F.);
#9738=ADVANCED_FACE('',(#1019),#346,.T.);
#9739=ADVANCED_FACE('',(#1020),#139,.T.);
#9740=ADVANCED_FACE('',(#1021),#347,.T.);
#9741=ADVANCED_FACE('',(#1022),#140,.T.);
#9742=ADVANCED_FACE('',(#1023),#348,.T.);
#9743=ADVANCED_FACE('',(#1024),#9209,.F.);
#9744=ADVANCED_FACE('',(#1025),#9210,.F.);
#9745=ADVANCED_FACE('',(#1026),#349,.T.);
#9746=ADVANCED_FACE('',(#1027),#9211,.T.);
#9747=ADVANCED_FACE('',(#1028),#350,.T.);
#9748=ADVANCED_FACE('',(#1029),#9212,.F.);
#9749=ADVANCED_FACE('',(#1030),#9213,.F.);
#9750=ADVANCED_FACE('',(#1031),#9214,.F.);
#9751=ADVANCED_FACE('',(#1032),#9215,.T.);
#9752=ADVANCED_FACE('',(#1033),#9216,.F.);
#9753=ADVANCED_FACE('',(#1034),#9217,.T.);
#9754=ADVANCED_FACE('',(#1035),#9218,.T.);
#9755=ADVANCED_FACE('',(#1036),#9219,.F.);
#9756=ADVANCED_FACE('',(#1037),#351,.T.);
#9757=ADVANCED_FACE('',(#1038,#392),#9220,.T.);
#9758=ADVANCED_FACE('',(#1039),#352,.T.);
#9759=ADVANCED_FACE('',(#1040),#141,.T.);
#9760=ADVANCED_FACE('',(#1041),#353,.T.);
#9761=ADVANCED_FACE('',(#1042),#142,.T.);
#9762=ADVANCED_FACE('',(#1043),#354,.T.);
#9763=ADVANCED_FACE('',(#1044),#9221,.F.);
#9764=ADVANCED_FACE('',(#1045),#355,.T.);
#9765=ADVANCED_FACE('',(#1046),#9222,.F.);
#9766=ADVANCED_FACE('',(#1047,#393),#9223,.F.);
#9767=ADVANCED_FACE('',(#1048),#9224,.F.);
#9768=ADVANCED_FACE('',(#1049,#394),#9225,.T.);
#9769=ADVANCED_FACE('',(#1050),#9226,.F.);
#9770=ADVANCED_FACE('',(#1051),#9227,.F.);
#9771=ADVANCED_FACE('',(#1052),#9228,.F.);
#9772=ADVANCED_FACE('',(#1053),#9229,.F.);
#9773=ADVANCED_FACE('',(#1054),#9230,.F.);
#9774=ADVANCED_FACE('',(#1055),#9231,.F.);
#9775=ADVANCED_FACE('',(#1056),#9232,.T.);
#9776=ADVANCED_FACE('',(#1057),#9233,.T.);
#9777=ADVANCED_FACE('',(#1058),#9234,.F.);
#9778=ADVANCED_FACE('',(#1059),#9235,.F.);
#9779=ADVANCED_FACE('',(#1060),#356,.F.);
#9780=ADVANCED_FACE('',(#1061),#9236,.F.);
#9781=ADVANCED_FACE('',(#1062),#357,.F.);
#9782=ADVANCED_FACE('',(#1063),#9237,.F.);
#9783=ADVANCED_FACE('',(#1064),#358,.F.);
#9784=ADVANCED_FACE('',(#1065),#9238,.F.);
#9785=ADVANCED_FACE('',(#1066),#359,.F.);
#9786=ADVANCED_FACE('',(#1067),#9239,.T.);
#9787=ADVANCED_FACE('',(#1068),#9240,.F.);
#9788=ADVANCED_FACE('',(#1069),#9241,.T.);
#9789=ADVANCED_FACE('',(#1070),#360,.T.);
#9790=ADVANCED_FACE('',(#1071),#9242,.F.);
#9791=ADVANCED_FACE('',(#1072),#361,.F.);
#9792=ADVANCED_FACE('',(#1073),#9243,.F.);
#9793=ADVANCED_FACE('',(#1074),#362,.F.);
#9794=ADVANCED_FACE('',(#1075),#9244,.F.);
#9795=ADVANCED_FACE('',(#1076),#363,.T.);
#9796=ADVANCED_FACE('',(#1077),#9245,.F.);
#9797=ADVANCED_FACE('',(#1078),#364,.F.);
#9798=ADVANCED_FACE('',(#1079),#9246,.F.);
#9799=ADVANCED_FACE('',(#1080),#365,.F.);
#9800=ADVANCED_FACE('',(#1081),#9247,.F.);
#9801=ADVANCED_FACE('',(#1082),#366,.T.);
#9802=ADVANCED_FACE('',(#1083),#9248,.F.);
#9803=ADVANCED_FACE('',(#1084),#9249,.F.);
#9804=ADVANCED_FACE('',(#1085),#9250,.F.);
#9805=ADVANCED_FACE('',(#1086),#9251,.F.);
#9806=ADVANCED_FACE('',(#1087),#9252,.T.);
#9807=CLOSED_SHELL('',(#9253,#9254,#9255,#9256,#9257,#9258,#9259,#9260,
#9261,#9262,#9263,#9264,#9265,#9266,#9267,#9268,#9269,#9270,#9271,#9272,
#9273,#9274,#9275,#9276,#9277,#9278,#9279,#9280,#9281,#9282,#9283,#9284,
#9285,#9286,#9287,#9288,#9289,#9290,#9291,#9292,#9293,#9294,#9295,#9296,
#9297,#9298,#9299,#9300,#9301,#9302,#9303,#9304,#9305,#9306,#9307,#9308,
#9309,#9310,#9311,#9312,#9313,#9314,#9315,#9316,#9317,#9318,#9319,#9320,
#9321,#9322,#9323,#9324,#9325,#9326,#9327,#9328,#9329,#9330,#9331,#9332,
#9333,#9334,#9335,#9336,#9337,#9338,#9339,#9340,#9341,#9342,#9343,#9344,
#9345,#9346,#9347,#9348,#9349,#9350,#9351,#9352,#9353,#9354,#9355,#9356,
#9357,#9358,#9359,#9360,#9361,#9362,#9363,#9364,#9365,#9366,#9367,#9368,
#9369,#9370,#9371,#9372,#9373,#9374,#9375,#9376,#9377,#9378,#9379,#9380,
#9381,#9382,#9383,#9384,#9385,#9386,#9387,#9388,#9389,#9390,#9391,#9392,
#9393,#9394,#9395,#9396,#9397,#9398,#9399,#9400,#9401,#9402,#9403,#9404,
#9405,#9406,#9407,#9408,#9409,#9410,#9411,#9412,#9413,#9414,#9415,#9416,
#9417,#9418,#9419,#9420,#9421,#9422,#9423,#9424,#9425,#9426,#9427,#9428,
#9429,#9430,#9431,#9432,#9433,#9434,#9435,#9436,#9437,#9438,#9439,#9440,
#9441,#9442,#9443,#9444,#9445,#9446,#9447,#9448,#9449,#9450,#9451,#9452,
#9453,#9454,#9455,#9456,#9457,#9458,#9459,#9460,#9461,#9462,#9463,#9464,
#9465,#9466,#9467,#9468,#9469,#9470,#9471,#9472,#9473,#9474,#9475,#9476,
#9477,#9478,#9479,#9480,#9481,#9482,#9483,#9484,#9485,#9486,#9487,#9488,
#9489,#9490,#9491,#9492,#9493,#9494,#9495,#9496,#9497,#9498,#9499,#9500,
#9501,#9502,#9503,#9504,#9505,#9506,#9507,#9508,#9509,#9510,#9511,#9512,
#9513,#9514,#9515,#9516,#9517,#9518,#9519,#9520,#9521,#9522,#9523,#9524,
#9525,#9526,#9527,#9528,#9529,#9530,#9531,#9532,#9533,#9534,#9535,#9536,
#9537,#9538,#9539,#9540,#9541,#9542,#9543,#9544,#9545,#9546,#9547,#9548,
#9549,#9550,#9551,#9552,#9553,#9554,#9555,#9556,#9557,#9558,#9559,#9560,
#9561,#9562,#9563,#9564,#9565,#9566,#9567,#9568,#9569,#9570,#9571,#9572,
#9573,#9574,#9575,#9576,#9577,#9578,#9579,#9580,#9581,#9582,#9583,#9584,
#9585,#9586,#9587,#9588,#9589,#9590,#9591,#9592,#9593,#9594,#9595,#9596,
#9597,#9598,#9599,#9600,#9601,#9602,#9603,#9604,#9605,#9606,#9607,#9608,
#9609,#9610,#9611,#9612,#9613,#9614,#9615,#9616,#9617,#9618,#9619,#9620,
#9621,#9622,#9623,#9624,#9625,#9626,#9627,#9628,#9629,#9630,#9631,#9632,
#9633,#9634,#9635,#9636,#9637,#9638,#9639,#9640,#9641,#9642,#9643,#9644,
#9645,#9646,#9647,#9648,#9649,#9650,#9651,#9652,#9653,#9654,#9655,#9656,
#9657,#9658,#9659,#9660,#9661,#9662,#9663,#9664,#9665,#9666,#9667,#9668,
#9669,#9670,#9671,#9672));
#9808=CLOSED_SHELL('',(#9673,#9674,#9675,#9676,#9677,#9678,#9679,#9680,
#9681,#9682,#9683,#9684,#9685,#9686,#9687,#9688,#9689,#9690,#9691,#9692,
#9693,#9694,#9695,#9696,#9697,#9698,#9699,#9700,#9701,#9702,#9703,#9704,
#9705,#9706,#9707,#9708,#9709,#9710,#9711,#9712,#9713,#9714,#9715));
#9809=CLOSED_SHELL('',(#9716,#9717,#9718,#9719,#9720,#9721,#9722,#9723,
#9724,#9725,#9726,#9727,#9728,#9729,#9730,#9731,#9732,#9733,#9734,#9735,
#9736,#9737,#9738,#9739,#9740,#9741,#9742,#9743,#9744,#9745,#9746,#9747,
#9748,#9749,#9750,#9751,#9752,#9753,#9754,#9755,#9756,#9757,#9758,#9759,
#9760,#9761,#9762,#9763,#9764,#9765,#9766,#9767,#9768,#9769,#9770,#9771,
#9772,#9773,#9774,#9775,#9776,#9777,#9778,#9779,#9780,#9781,#9782,#9783,
#9784,#9785,#9786,#9787,#9788,#9789,#9790,#9791,#9792,#9793,#9794,#9795,
#9796,#9797,#9798,#9799,#9800,#9801,#9802,#9803,#9804,#9805,#9806));
#9810=AXIS2_PLACEMENT_3D('placement',#13262,#10650,#10651);
#9811=AXIS2_PLACEMENT_3D('',#13263,#10652,#10653);
#9812=AXIS2_PLACEMENT_3D('',#13274,#10658,#10659);
#9813=AXIS2_PLACEMENT_3D('',#13276,#10661,#10662);
#9814=AXIS2_PLACEMENT_3D('',#13283,#10665,#10666);
#9815=AXIS2_PLACEMENT_3D('',#13291,#10670,#10671);
#9816=AXIS2_PLACEMENT_3D('',#13302,#10678,#10679);
#9817=AXIS2_PLACEMENT_3D('',#13310,#10683,#10684);
#9818=AXIS2_PLACEMENT_3D('',#13312,#10686,#10687);
#9819=AXIS2_PLACEMENT_3D('',#13536,#10744,#10745);
#9820=AXIS2_PLACEMENT_3D('',#13539,#10747,#10748);
#9821=AXIS2_PLACEMENT_3D('',#13540,#10749,#10750);
#9822=AXIS2_PLACEMENT_3D('',#13564,#10752,#10753);
#9823=AXIS2_PLACEMENT_3D('',#13571,#10756,#10757);
#9824=AXIS2_PLACEMENT_3D('',#13575,#10759,#10760);
#9825=AXIS2_PLACEMENT_3D('',#13579,#10762,#10763);
#9826=AXIS2_PLACEMENT_3D('',#13590,#10770,#10771);
#9827=AXIS2_PLACEMENT_3D('',#13603,#10773,#10774);
#9828=AXIS2_PLACEMENT_3D('',#13604,#10775,#10776);
#9829=AXIS2_PLACEMENT_3D('',#13605,#10777,#10778);
#9830=AXIS2_PLACEMENT_3D('',#13616,#10783,#10784);
#9831=AXIS2_PLACEMENT_3D('',#13620,#10786,#10787);
#9832=AXIS2_PLACEMENT_3D('',#13627,#10791,#10792);
#9833=AXIS2_PLACEMENT_3D('',#13631,#10794,#10795);
#9834=AXIS2_PLACEMENT_3D('',#13638,#10799,#10800);
#9835=AXIS2_PLACEMENT_3D('',#13642,#10802,#10803);
#9836=AXIS2_PLACEMENT_3D('',#13646,#10805,#10806);
#9837=AXIS2_PLACEMENT_3D('',#13652,#10809,#10810);
#9838=AXIS2_PLACEMENT_3D('',#13656,#10812,#10813);
#9839=AXIS2_PLACEMENT_3D('',#13662,#10816,#10817);
#9840=AXIS2_PLACEMENT_3D('',#13666,#10819,#10820);
#9841=AXIS2_PLACEMENT_3D('',#13669,#10822,#10823);
#9842=AXIS2_PLACEMENT_3D('',#13765,#10859,#10860);
#9843=AXIS2_PLACEMENT_3D('',#13771,#10864,#10865);
#9844=AXIS2_PLACEMENT_3D('',#13775,#10867,#10868);
#9845=AXIS2_PLACEMENT_3D('',#13778,#10870,#10871);
#9846=AXIS2_PLACEMENT_3D('',#13779,#10872,#10873);
#9847=AXIS2_PLACEMENT_3D('',#13781,#10874,#10875);
#9848=AXIS2_PLACEMENT_3D('',#13785,#10877,#10878);
#9849=AXIS2_PLACEMENT_3D('',#13789,#10880,#10881);
#9850=AXIS2_PLACEMENT_3D('',#13793,#10883,#10884);
#9851=AXIS2_PLACEMENT_3D('',#13797,#10886,#10887);
#9852=AXIS2_PLACEMENT_3D('',#13801,#10889,#10890);
#9853=AXIS2_PLACEMENT_3D('',#13811,#10896,#10897);
#9854=AXIS2_PLACEMENT_3D('',#13813,#10898,#10899);
#9855=AXIS2_PLACEMENT_3D('',#13815,#10901,#10902);
#9856=AXIS2_PLACEMENT_3D('',#13824,#10907,#10908);
#9857=AXIS2_PLACEMENT_3D('',#13828,#10910,#10911);
#9858=AXIS2_PLACEMENT_3D('',#13832,#10913,#10914);
#9859=AXIS2_PLACEMENT_3D('',#13836,#10917,#10918);
#9860=AXIS2_PLACEMENT_3D('',#13838,#10919,#10920);
#9861=AXIS2_PLACEMENT_3D('',#13847,#10921,#10922);
#9862=AXIS2_PLACEMENT_3D('',#13850,#10924,#10925);
#9863=AXIS2_PLACEMENT_3D('',#13851,#10926,#10927);
#9864=AXIS2_PLACEMENT_3D('',#13855,#10930,#10931);
#9865=AXIS2_PLACEMENT_3D('',#13857,#10932,#10933);
#9866=AXIS2_PLACEMENT_3D('',#13860,#10935,#10936);
#9867=AXIS2_PLACEMENT_3D('',#13861,#10937,#10938);
#9868=AXIS2_PLACEMENT_3D('',#13863,#10939,#10940);
#9869=AXIS2_PLACEMENT_3D('',#13865,#10941,#10942);
#9870=AXIS2_PLACEMENT_3D('',#13866,#10943,#10944);
#9871=AXIS2_PLACEMENT_3D('',#13867,#10945,#10946);
#9872=AXIS2_PLACEMENT_3D('',#13869,#10948,#10949);
#9873=AXIS2_PLACEMENT_3D('',#13873,#10951,#10952);
#9874=AXIS2_PLACEMENT_3D('',#13875,#10954,#10955);
#9875=AXIS2_PLACEMENT_3D('',#13878,#10957,#10958);
#9876=AXIS2_PLACEMENT_3D('',#13879,#10959,#10960);
#9877=AXIS2_PLACEMENT_3D('',#13881,#10961,#10962);
#9878=AXIS2_PLACEMENT_3D('',#13882,#10963,#10964);
#9879=AXIS2_PLACEMENT_3D('',#13883,#10965,#10966);
#9880=AXIS2_PLACEMENT_3D('',#13885,#10968,#10969);
#9881=AXIS2_PLACEMENT_3D('',#13889,#10972,#10973);
#9882=AXIS2_PLACEMENT_3D('',#13890,#10974,#10975);
#9883=AXIS2_PLACEMENT_3D('',#13891,#10976,#10977);
#9884=AXIS2_PLACEMENT_3D('',#13892,#10978,#10979);
#9885=AXIS2_PLACEMENT_3D('',#13894,#10980,#10981);
#9886=AXIS2_PLACEMENT_3D('',#13895,#10982,#10983);
#9887=AXIS2_PLACEMENT_3D('',#13896,#10984,#10985);
#9888=AXIS2_PLACEMENT_3D('',#13898,#10987,#10988);
#9889=AXIS2_PLACEMENT_3D('',#13900,#10990,#10991);
#9890=AXIS2_PLACEMENT_3D('',#13901,#10992,#10993);
#9891=AXIS2_PLACEMENT_3D('',#13902,#10994,#10995);
#9892=AXIS2_PLACEMENT_3D('',#13903,#10996,#10997);
#9893=AXIS2_PLACEMENT_3D('',#13904,#10998,#10999);
#9894=AXIS2_PLACEMENT_3D('',#13906,#11000,#11001);
#9895=AXIS2_PLACEMENT_3D('',#13907,#11002,#11003);
#9896=AXIS2_PLACEMENT_3D('',#13908,#11004,#11005);
#9897=AXIS2_PLACEMENT_3D('',#13932,#11007,#11008);
#9898=AXIS2_PLACEMENT_3D('',#13946,#11016,#11017);
#9899=AXIS2_PLACEMENT_3D('',#13954,#11018,#11019);
#9900=AXIS2_PLACEMENT_3D('',#13986,#11020,#11021);
#9901=AXIS2_PLACEMENT_3D('',#14037,#11022,#11023);
#9902=AXIS2_PLACEMENT_3D('',#14039,#11024,#11025);
#9903=AXIS2_PLACEMENT_3D('',#14042,#11027,#11028);
#9904=AXIS2_PLACEMENT_3D('',#14043,#11029,#11030);
#9905=AXIS2_PLACEMENT_3D('',#14048,#11032,#11033);
#9906=AXIS2_PLACEMENT_3D('',#14052,#11035,#11036);
#9907=AXIS2_PLACEMENT_3D('',#14056,#11038,#11039);
#9908=AXIS2_PLACEMENT_3D('',#14059,#11041,#11042);
#9909=AXIS2_PLACEMENT_3D('',#14060,#11043,#11044);
#9910=AXIS2_PLACEMENT_3D('',#14061,#11045,#11046);
#9911=AXIS2_PLACEMENT_3D('',#14113,#11048,#11049);
#9912=AXIS2_PLACEMENT_3D('',#14115,#11050,#11051);
#9913=AXIS2_PLACEMENT_3D('',#14117,#11052,#11053);
#9914=AXIS2_PLACEMENT_3D('',#14153,#11054,#11055);
#9915=AXIS2_PLACEMENT_3D('',#14164,#11056,#11057);
#9916=AXIS2_PLACEMENT_3D('',#14165,#11058,#11059);
#9917=AXIS2_PLACEMENT_3D('',#14167,#11061,#11062);
#9918=AXIS2_PLACEMENT_3D('',#14169,#11064,#11065);
#9919=AXIS2_PLACEMENT_3D('',#14171,#11067,#11068);
#9920=AXIS2_PLACEMENT_3D('',#14173,#11070,#11071);
#9921=AXIS2_PLACEMENT_3D('',#14175,#11073,#11074);
#9922=AXIS2_PLACEMENT_3D('',#14177,#11076,#11077);
#9923=AXIS2_PLACEMENT_3D('',#14179,#11079,#11080);
#9924=AXIS2_PLACEMENT_3D('',#14184,#11083,#11084);
#9925=AXIS2_PLACEMENT_3D('',#14188,#11086,#11087);
#9926=AXIS2_PLACEMENT_3D('',#14190,#11089,#11090);
#9927=AXIS2_PLACEMENT_3D('',#14192,#11092,#11093);
#9928=AXIS2_PLACEMENT_3D('',#14194,#11095,#11096);
#9929=AXIS2_PLACEMENT_3D('',#14196,#11098,#11099);
#9930=AXIS2_PLACEMENT_3D('',#14198,#11101,#11102);
#9931=AXIS2_PLACEMENT_3D('',#14199,#11103,#11104);
#9932=AXIS2_PLACEMENT_3D('',#14207,#11109,#11110);
#9933=AXIS2_PLACEMENT_3D('',#14209,#11111,#11112);
#9934=AXIS2_PLACEMENT_3D('',#14211,#11114,#11115);
#9935=AXIS2_PLACEMENT_3D('',#14213,#11116,#11117);
#9936=AXIS2_PLACEMENT_3D('',#14214,#11118,#11119);
#9937=AXIS2_PLACEMENT_3D('',#14215,#11120,#11121);
#9938=AXIS2_PLACEMENT_3D('',#14219,#11123,#11124);
#9939=AXIS2_PLACEMENT_3D('',#14221,#11126,#11127);
#9940=AXIS2_PLACEMENT_3D('',#14223,#11129,#11130);
#9941=AXIS2_PLACEMENT_3D('',#14225,#11131,#11132);
#9942=AXIS2_PLACEMENT_3D('',#14227,#11134,#11135);
#9943=AXIS2_PLACEMENT_3D('',#14228,#11136,#11137);
#9944=AXIS2_PLACEMENT_3D('',#14229,#11138,#11139);
#9945=AXIS2_PLACEMENT_3D('',#14233,#11141,#11142);
#9946=AXIS2_PLACEMENT_3D('',#14235,#11144,#11145);
#9947=AXIS2_PLACEMENT_3D('',#14239,#11148,#11149);
#9948=AXIS2_PLACEMENT_3D('',#14241,#11150,#11151);
#9949=AXIS2_PLACEMENT_3D('',#14243,#11153,#11154);
#9950=AXIS2_PLACEMENT_3D('',#14247,#11157,#11158);
#9951=AXIS2_PLACEMENT_3D('',#14248,#11159,#11160);
#9952=AXIS2_PLACEMENT_3D('',#14249,#11161,#11162);
#9953=AXIS2_PLACEMENT_3D('',#14255,#11166,#11167);
#9954=AXIS2_PLACEMENT_3D('',#14256,#11168,#11169);
#9955=AXIS2_PLACEMENT_3D('',#14257,#11170,#11171);
#9956=AXIS2_PLACEMENT_3D('',#14288,#11172,#11173);
#9957=AXIS2_PLACEMENT_3D('',#14289,#11174,#11175);
#9958=AXIS2_PLACEMENT_3D('',#14290,#11176,#11177);
#9959=AXIS2_PLACEMENT_3D('',#14291,#11178,#11179);
#9960=AXIS2_PLACEMENT_3D('',#14293,#11181,#11182);
#9961=AXIS2_PLACEMENT_3D('',#14294,#11183,#11184);
#9962=AXIS2_PLACEMENT_3D('',#14338,#11192,#11193);
#9963=AXIS2_PLACEMENT_3D('',#14342,#11196,#11197);
#9964=AXIS2_PLACEMENT_3D('',#14344,#11198,#11199);
#9965=AXIS2_PLACEMENT_3D('',#14346,#11201,#11202);
#9966=AXIS2_PLACEMENT_3D('',#14348,#11203,#11204);
#9967=AXIS2_PLACEMENT_3D('',#14349,#11205,#11206);
#9968=AXIS2_PLACEMENT_3D('',#14350,#11207,#11208);
#9969=AXIS2_PLACEMENT_3D('',#14354,#11210,#11211);
#9970=AXIS2_PLACEMENT_3D('',#14356,#11213,#11214);
#9971=AXIS2_PLACEMENT_3D('',#14362,#11217,#11218);
#9972=AXIS2_PLACEMENT_3D('',#14370,#11222,#11223);
#9973=AXIS2_PLACEMENT_3D('',#14374,#11225,#11226);
#9974=AXIS2_PLACEMENT_3D('',#14376,#11228,#11229);
#9975=AXIS2_PLACEMENT_3D('',#14378,#11230,#11231);
#9976=AXIS2_PLACEMENT_3D('',#14380,#11232,#11233);
#9977=AXIS2_PLACEMENT_3D('',#14382,#11235,#11236);
#9978=AXIS2_PLACEMENT_3D('',#14384,#11237,#11238);
#9979=AXIS2_PLACEMENT_3D('',#14385,#11239,#11240);
#9980=AXIS2_PLACEMENT_3D('',#14386,#11241,#11242);
#9981=AXIS2_PLACEMENT_3D('',#14388,#11244,#11245);
#9982=AXIS2_PLACEMENT_3D('',#14430,#11252,#11253);
#9983=AXIS2_PLACEMENT_3D('',#14434,#11256,#11257);
#9984=AXIS2_PLACEMENT_3D('',#14436,#11258,#11259);
#9985=AXIS2_PLACEMENT_3D('',#14438,#11261,#11262);
#9986=AXIS2_PLACEMENT_3D('',#14440,#11263,#11264);
#9987=AXIS2_PLACEMENT_3D('',#14441,#11265,#11266);
#9988=AXIS2_PLACEMENT_3D('',#14442,#11267,#11268);
#9989=AXIS2_PLACEMENT_3D('',#14446,#11270,#11271);
#9990=AXIS2_PLACEMENT_3D('',#14448,#11273,#11274);
#9991=AXIS2_PLACEMENT_3D('',#14456,#11278,#11279);
#9992=AXIS2_PLACEMENT_3D('',#14486,#11284,#11285);
#9993=AXIS2_PLACEMENT_3D('',#14488,#11286,#11287);
#9994=AXIS2_PLACEMENT_3D('',#14491,#11289,#11290);
#9995=AXIS2_PLACEMENT_3D('',#14518,#11291,#11292);
#9996=AXIS2_PLACEMENT_3D('',#14519,#11293,#11294);
#9997=AXIS2_PLACEMENT_3D('',#14520,#11295,#11296);
#9998=AXIS2_PLACEMENT_3D('',#14524,#11298,#11299);
#9999=AXIS2_PLACEMENT_3D('',#14526,#11301,#11302);
#10000=AXIS2_PLACEMENT_3D('',#14530,#11305,#11306);
#10001=AXIS2_PLACEMENT_3D('',#14532,#11307,#11308);
#10002=AXIS2_PLACEMENT_3D('',#14535,#11310,#11311);
#10003=AXIS2_PLACEMENT_3D('',#14536,#11312,#11313);
#10004=AXIS2_PLACEMENT_3D('',#14538,#11314,#11315);
#10005=AXIS2_PLACEMENT_3D('',#14539,#11316,#11317);
#10006=AXIS2_PLACEMENT_3D('',#14540,#11318,#11319);
#10007=AXIS2_PLACEMENT_3D('',#14542,#11320,#11321);
#10008=AXIS2_PLACEMENT_3D('',#14586,#11323,#11324);
#10009=AXIS2_PLACEMENT_3D('',#14587,#11325,#11326);
#10010=AXIS2_PLACEMENT_3D('',#14590,#11327,#11328);
#10011=AXIS2_PLACEMENT_3D('',#14593,#11331,#11332);
#10012=AXIS2_PLACEMENT_3D('',#14595,#11333,#11334);
#10013=AXIS2_PLACEMENT_3D('',#14596,#11335,#11336);
#10014=AXIS2_PLACEMENT_3D('',#14597,#11337,#11338);
#10015=AXIS2_PLACEMENT_3D('',#14601,#11340,#11341);
#10016=AXIS2_PLACEMENT_3D('',#14603,#11343,#11344);
#10017=AXIS2_PLACEMENT_3D('',#14609,#11348,#11349);
#10018=AXIS2_PLACEMENT_3D('',#14611,#11350,#11351);
#10019=AXIS2_PLACEMENT_3D('',#14613,#11353,#11354);
#10020=AXIS2_PLACEMENT_3D('',#14615,#11356,#11357);
#10021=AXIS2_PLACEMENT_3D('',#14617,#11358,#11359);
#10022=AXIS2_PLACEMENT_3D('',#14645,#11361,#11362);
#10023=AXIS2_PLACEMENT_3D('',#14659,#11363,#11364);
#10024=AXIS2_PLACEMENT_3D('',#14667,#11369,#11370);
#10025=AXIS2_PLACEMENT_3D('',#14669,#11371,#11372);
#10026=AXIS2_PLACEMENT_3D('',#14671,#11373,#11374);
#10027=AXIS2_PLACEMENT_3D('',#14673,#11376,#11377);
#10028=AXIS2_PLACEMENT_3D('',#14674,#11378,#11379);
#10029=AXIS2_PLACEMENT_3D('',#14675,#11380,#11381);
#10030=AXIS2_PLACEMENT_3D('',#14676,#11382,#11383);
#10031=AXIS2_PLACEMENT_3D('',#14677,#11384,#11385);
#10032=AXIS2_PLACEMENT_3D('',#14678,#11386,#11387);
#10033=AXIS2_PLACEMENT_3D('',#14679,#11388,#11389);
#10034=AXIS2_PLACEMENT_3D('',#14680,#11390,#11391);
#10035=AXIS2_PLACEMENT_3D('',#14681,#11392,#11393);
#10036=AXIS2_PLACEMENT_3D('',#14682,#11394,#11395);
#10037=AXIS2_PLACEMENT_3D('',#14683,#11396,#11397);
#10038=AXIS2_PLACEMENT_3D('',#14684,#11398,#11399);
#10039=AXIS2_PLACEMENT_3D('',#14685,#11400,#11401);
#10040=AXIS2_PLACEMENT_3D('',#14735,#11403,#11404);
#10041=AXIS2_PLACEMENT_3D('',#14736,#11405,#11406);
#10042=AXIS2_PLACEMENT_3D('',#14737,#11407,#11408);
#10043=AXIS2_PLACEMENT_3D('',#14761,#11412,#11413);
#10044=AXIS2_PLACEMENT_3D('',#14778,#11415,#11416);
#10045=AXIS2_PLACEMENT_3D('',#14818,#11421,#11422);
#10046=AXIS2_PLACEMENT_3D('',#14820,#11423,#11424);
#10047=AXIS2_PLACEMENT_3D('',#14839,#11426,#11427);
#10048=AXIS2_PLACEMENT_3D('',#14842,#11429,#11430);
#10049=AXIS2_PLACEMENT_3D('',#14843,#11431,#11432);
#10050=AXIS2_PLACEMENT_3D('',#14847,#11435,#11436);
#10051=AXIS2_PLACEMENT_3D('',#14851,#11438,#11439);
#10052=AXIS2_PLACEMENT_3D('',#14852,#11440,#11441);
#10053=AXIS2_PLACEMENT_3D('',#14853,#11442,#11443);
#10054=AXIS2_PLACEMENT_3D('',#14859,#11447,#11448);
#10055=AXIS2_PLACEMENT_3D('',#14860,#11449,#11450);
#10056=AXIS2_PLACEMENT_3D('',#14861,#11451,#11452);
#10057=AXIS2_PLACEMENT_3D('',#14888,#11453,#11454);
#10058=AXIS2_PLACEMENT_3D('',#14889,#11455,#11456);
#10059=AXIS2_PLACEMENT_3D('',#14890,#11457,#11458);
#10060=AXIS2_PLACEMENT_3D('',#14891,#11459,#11460);
#10061=AXIS2_PLACEMENT_3D('',#14892,#11461,#11462);
#10062=AXIS2_PLACEMENT_3D('',#14894,#11463,#11464);
#10063=AXIS2_PLACEMENT_3D('',#14895,#11465,#11466);
#10064=AXIS2_PLACEMENT_3D('',#14896,#11467,#11468);
#10065=AXIS2_PLACEMENT_3D('',#14899,#11470,#11471);
#10066=AXIS2_PLACEMENT_3D('',#14900,#11472,#11473);
#10067=AXIS2_PLACEMENT_3D('',#14901,#11474,#11475);
#10068=AXIS2_PLACEMENT_3D('',#14902,#11476,#11477);
#10069=AXIS2_PLACEMENT_3D('',#14904,#11479,#11480);
#10070=AXIS2_PLACEMENT_3D('',#14906,#11482,#11483);
#10071=AXIS2_PLACEMENT_3D('',#14958,#11484,#11485);
#10072=AXIS2_PLACEMENT_3D('',#14976,#11486,#11487);
#10073=AXIS2_PLACEMENT_3D('',#14979,#11489,#11490);
#10074=AXIS2_PLACEMENT_3D('',#14980,#11491,#11492);
#10075=AXIS2_PLACEMENT_3D('',#14982,#11493,#11494);
#10076=AXIS2_PLACEMENT_3D('',#14983,#11495,#11496);
#10077=AXIS2_PLACEMENT_3D('',#14984,#11497,#11498);
#10078=AXIS2_PLACEMENT_3D('',#14987,#11499,#11500);
#10079=AXIS2_PLACEMENT_3D('',#14990,#11503,#11504);
#10080=AXIS2_PLACEMENT_3D('',#14992,#11505,#11506);
#10081=AXIS2_PLACEMENT_3D('',#14993,#11507,#11508);
#10082=AXIS2_PLACEMENT_3D('',#14994,#11509,#11510);
#10083=AXIS2_PLACEMENT_3D('',#14997,#11511,#11512);
#10084=AXIS2_PLACEMENT_3D('',#15026,#11515,#11516);
#10085=AXIS2_PLACEMENT_3D('',#15028,#11517,#11518);
#10086=AXIS2_PLACEMENT_3D('',#15042,#11519,#11520);
#10087=AXIS2_PLACEMENT_3D('',#15071,#11527,#11528);
#10088=AXIS2_PLACEMENT_3D('',#15072,#11529,#11530);
#10089=AXIS2_PLACEMENT_3D('',#15073,#11531,#11532);
#10090=AXIS2_PLACEMENT_3D('',#15074,#11533,#11534);
#10091=AXIS2_PLACEMENT_3D('',#15076,#11535,#11536);
#10092=AXIS2_PLACEMENT_3D('',#15077,#11537,#11538);
#10093=AXIS2_PLACEMENT_3D('',#15078,#11539,#11540);
#10094=AXIS2_PLACEMENT_3D('',#15081,#11542,#11543);
#10095=AXIS2_PLACEMENT_3D('',#15108,#11544,#11545);
#10096=AXIS2_PLACEMENT_3D('',#15109,#11546,#11547);
#10097=AXIS2_PLACEMENT_3D('',#15110,#11548,#11549);
#10098=AXIS2_PLACEMENT_3D('',#15112,#11550,#11551);
#10099=AXIS2_PLACEMENT_3D('',#15114,#11553,#11554);
#10100=AXIS2_PLACEMENT_3D('',#15115,#11555,#11556);
#10101=AXIS2_PLACEMENT_3D('',#15116,#11557,#11558);
#10102=AXIS2_PLACEMENT_3D('',#15117,#11559,#11560);
#10103=AXIS2_PLACEMENT_3D('',#15118,#11561,#11562);
#10104=AXIS2_PLACEMENT_3D('',#15121,#11564,#11565);
#10105=AXIS2_PLACEMENT_3D('',#15122,#11566,#11567);
#10106=AXIS2_PLACEMENT_3D('',#15124,#11568,#11569);
#10107=AXIS2_PLACEMENT_3D('',#15125,#11570,#11571);
#10108=AXIS2_PLACEMENT_3D('',#15126,#11572,#11573);
#10109=AXIS2_PLACEMENT_3D('',#15128,#11575,#11576);
#10110=AXIS2_PLACEMENT_3D('',#15132,#11579,#11580);
#10111=AXIS2_PLACEMENT_3D('',#15134,#11581,#11582);
#10112=AXIS2_PLACEMENT_3D('',#15136,#11583,#11584);
#10113=AXIS2_PLACEMENT_3D('',#15138,#11586,#11587);
#10114=AXIS2_PLACEMENT_3D('',#15139,#11588,#11589);
#10115=AXIS2_PLACEMENT_3D('',#15140,#11590,#11591);
#10116=AXIS2_PLACEMENT_3D('',#15142,#11593,#11594);
#10117=AXIS2_PLACEMENT_3D('',#15167,#11596,#11597);
#10118=AXIS2_PLACEMENT_3D('',#15169,#11598,#11599);
#10119=AXIS2_PLACEMENT_3D('',#15171,#11601,#11602);
#10120=AXIS2_PLACEMENT_3D('',#15173,#11604,#11605);
#10121=AXIS2_PLACEMENT_3D('',#15179,#11606,#11607);
#10122=AXIS2_PLACEMENT_3D('',#15205,#11608,#11609);
#10123=AXIS2_PLACEMENT_3D('',#15207,#11610,#11611);
#10124=AXIS2_PLACEMENT_3D('',#15208,#11612,#11613);
#10125=AXIS2_PLACEMENT_3D('',#15209,#11614,#11615);
#10126=AXIS2_PLACEMENT_3D('',#15212,#11616,#11617);
#10127=AXIS2_PLACEMENT_3D('',#15213,#11618,#11619);
#10128=AXIS2_PLACEMENT_3D('',#15240,#11621,#11622);
#10129=AXIS2_PLACEMENT_3D('',#15241,#11623,#11624);
#10130=AXIS2_PLACEMENT_3D('',#15244,#11626,#11627);
#10131=AXIS2_PLACEMENT_3D('',#15271,#11628,#11629);
#10132=AXIS2_PLACEMENT_3D('',#15272,#11630,#11631);
#10133=AXIS2_PLACEMENT_3D('',#15273,#11632,#11633);
#10134=AXIS2_PLACEMENT_3D('',#15275,#11634,#11635);
#10135=AXIS2_PLACEMENT_3D('',#15277,#11637,#11638);
#10136=AXIS2_PLACEMENT_3D('',#15279,#11639,#11640);
#10137=AXIS2_PLACEMENT_3D('',#15280,#11641,#11642);
#10138=AXIS2_PLACEMENT_3D('',#15281,#11643,#11644);
#10139=AXIS2_PLACEMENT_3D('',#15283,#11645,#11646);
#10140=AXIS2_PLACEMENT_3D('',#15311,#11648,#11649);
#10141=AXIS2_PLACEMENT_3D('',#15323,#11650,#11651);
#10142=AXIS2_PLACEMENT_3D('',#15324,#11652,#11653);
#10143=AXIS2_PLACEMENT_3D('',#15326,#11655,#11656);
#10144=AXIS2_PLACEMENT_3D('',#15328,#11658,#11659);
#10145=AXIS2_PLACEMENT_3D('',#15330,#11661,#11662);
#10146=AXIS2_PLACEMENT_3D('',#15332,#11664,#11665);
#10147=AXIS2_PLACEMENT_3D('',#15334,#11667,#11668);
#10148=AXIS2_PLACEMENT_3D('',#15338,#11671,#11672);
#10149=AXIS2_PLACEMENT_3D('',#15339,#11673,#11674);
#10150=AXIS2_PLACEMENT_3D('',#15340,#11675,#11676);
#10151=AXIS2_PLACEMENT_3D('',#15342,#11677,#11678);
#10152=AXIS2_PLACEMENT_3D('',#15343,#11679,#11680);
#10153=AXIS2_PLACEMENT_3D('',#15344,#11681,#11682);
#10154=AXIS2_PLACEMENT_3D('',#15346,#11684,#11685);
#10155=AXIS2_PLACEMENT_3D('',#15348,#11687,#11688);
#10156=AXIS2_PLACEMENT_3D('',#15375,#11689,#11690);
#10157=AXIS2_PLACEMENT_3D('',#15387,#11691,#11692);
#10158=AXIS2_PLACEMENT_3D('',#15388,#11693,#11694);
#10159=AXIS2_PLACEMENT_3D('',#15390,#11696,#11697);
#10160=AXIS2_PLACEMENT_3D('',#15391,#11698,#11699);
#10161=AXIS2_PLACEMENT_3D('',#15392,#11700,#11701);
#10162=AXIS2_PLACEMENT_3D('',#15393,#11702,#11703);
#10163=AXIS2_PLACEMENT_3D('',#15394,#11704,#11705);
#10164=AXIS2_PLACEMENT_3D('',#15396,#11707,#11708);
#10165=AXIS2_PLACEMENT_3D('',#15423,#11709,#11710);
#10166=AXIS2_PLACEMENT_3D('',#15424,#11711,#11712);
#10167=AXIS2_PLACEMENT_3D('',#15425,#11713,#11714);
#10168=AXIS2_PLACEMENT_3D('',#15428,#11716,#11717);
#10169=AXIS2_PLACEMENT_3D('',#15429,#11718,#11719);
#10170=AXIS2_PLACEMENT_3D('',#15431,#11720,#11721);
#10171=AXIS2_PLACEMENT_3D('',#15432,#11722,#11723);
#10172=AXIS2_PLACEMENT_3D('',#15433,#11724,#11725);
#10173=AXIS2_PLACEMENT_3D('',#15435,#11726,#11727);
#10174=AXIS2_PLACEMENT_3D('',#15437,#11729,#11730);
#10175=AXIS2_PLACEMENT_3D('',#15439,#11731,#11732);
#10176=AXIS2_PLACEMENT_3D('',#15440,#11733,#11734);
#10177=AXIS2_PLACEMENT_3D('',#15441,#11735,#11736);
#10178=AXIS2_PLACEMENT_3D('',#15444,#11738,#11739);
#10179=AXIS2_PLACEMENT_3D('',#15445,#11740,#11741);
#10180=AXIS2_PLACEMENT_3D('',#15447,#11742,#11743);
#10181=AXIS2_PLACEMENT_3D('',#15448,#11744,#11745);
#10182=AXIS2_PLACEMENT_3D('',#15449,#11746,#11747);
#10183=AXIS2_PLACEMENT_3D('',#15451,#11749,#11750);
#10184=AXIS2_PLACEMENT_3D('',#15455,#11753,#11754);
#10185=AXIS2_PLACEMENT_3D('',#15457,#11755,#11756);
#10186=AXIS2_PLACEMENT_3D('',#15459,#11757,#11758);
#10187=AXIS2_PLACEMENT_3D('',#15461,#11760,#11761);
#10188=AXIS2_PLACEMENT_3D('',#15462,#11762,#11763);
#10189=AXIS2_PLACEMENT_3D('',#15463,#11764,#11765);
#10190=AXIS2_PLACEMENT_3D('',#15465,#11766,#11767);
#10191=AXIS2_PLACEMENT_3D('',#15467,#11769,#11770);
#10192=AXIS2_PLACEMENT_3D('',#15469,#11771,#11772);
#10193=AXIS2_PLACEMENT_3D('',#15470,#11773,#11774);
#10194=AXIS2_PLACEMENT_3D('',#15471,#11775,#11776);
#10195=AXIS2_PLACEMENT_3D('',#15474,#11778,#11779);
#10196=AXIS2_PLACEMENT_3D('',#15475,#11780,#11781);
#10197=AXIS2_PLACEMENT_3D('',#15479,#11783,#11784);
#10198=AXIS2_PLACEMENT_3D('',#15481,#11786,#11787);
#10199=AXIS2_PLACEMENT_3D('',#15506,#11791,#11792);
#10200=AXIS2_PLACEMENT_3D('',#15508,#11793,#11794);
#10201=AXIS2_PLACEMENT_3D('',#15510,#11796,#11797);
#10202=AXIS2_PLACEMENT_3D('',#15514,#11800,#11801);
#10203=AXIS2_PLACEMENT_3D('',#15526,#11802,#11803);
#10204=AXIS2_PLACEMENT_3D('',#15527,#11804,#11805);
#10205=AXIS2_PLACEMENT_3D('',#15529,#11806,#11807);
#10206=AXIS2_PLACEMENT_3D('',#15531,#11808,#11809);
#10207=AXIS2_PLACEMENT_3D('',#15532,#11810,#11811);
#10208=AXIS2_PLACEMENT_3D('',#15533,#11812,#11813);
#10209=AXIS2_PLACEMENT_3D('',#15537,#11816,#11817);
#10210=AXIS2_PLACEMENT_3D('',#15538,#11818,#11819);
#10211=AXIS2_PLACEMENT_3D('',#15569,#11820,#11821);
#10212=AXIS2_PLACEMENT_3D('',#15570,#11822,#11823);
#10213=AXIS2_PLACEMENT_3D('',#15571,#11824,#11825);
#10214=AXIS2_PLACEMENT_3D('',#15573,#11826,#11827);
#10215=AXIS2_PLACEMENT_3D('',#15575,#11829,#11830);
#10216=AXIS2_PLACEMENT_3D('',#15576,#11831,#11832);
#10217=AXIS2_PLACEMENT_3D('',#15577,#11833,#11834);
#10218=AXIS2_PLACEMENT_3D('',#15588,#11837,#11838);
#10219=AXIS2_PLACEMENT_3D('',#15590,#11840,#11841);
#10220=AXIS2_PLACEMENT_3D('',#15591,#11842,#11843);
#10221=AXIS2_PLACEMENT_3D('',#15617,#11844,#11845);
#10222=AXIS2_PLACEMENT_3D('',#15618,#11846,#11847);
#10223=AXIS2_PLACEMENT_3D('',#15620,#11849,#11850);
#10224=AXIS2_PLACEMENT_3D('',#15621,#11851,#11852);
#10225=AXIS2_PLACEMENT_3D('',#15629,#11857,#11858);
#10226=AXIS2_PLACEMENT_3D('',#15635,#11862,#11863);
#10227=AXIS2_PLACEMENT_3D('',#15639,#11866,#11867);
#10228=AXIS2_PLACEMENT_3D('',#15641,#11869,#11870);
#10229=AXIS2_PLACEMENT_3D('',#15643,#11872,#11873);
#10230=AXIS2_PLACEMENT_3D('',#15646,#11874,#11875);
#10231=AXIS2_PLACEMENT_3D('',#15648,#11876,#11877);
#10232=AXIS2_PLACEMENT_3D('',#15650,#11878,#11879);
#10233=AXIS2_PLACEMENT_3D('',#15654,#11881,#11882);
#10234=AXIS2_PLACEMENT_3D('',#15656,#11884,#11885);
#10235=AXIS2_PLACEMENT_3D('',#15659,#11886,#11887);
#10236=AXIS2_PLACEMENT_3D('',#15662,#11890,#11891);
#10237=AXIS2_PLACEMENT_3D('',#15663,#11892,#11893);
#10238=AXIS2_PLACEMENT_3D('',#15664,#11894,#11895);
#10239=AXIS2_PLACEMENT_3D('',#15665,#11896,#11897);
#10240=AXIS2_PLACEMENT_3D('',#15667,#11898,#11899);
#10241=AXIS2_PLACEMENT_3D('',#15668,#11900,#11901);
#10242=AXIS2_PLACEMENT_3D('',#15669,#11902,#11903);
#10243=AXIS2_PLACEMENT_3D('',#15671,#11904,#11905);
#10244=AXIS2_PLACEMENT_3D('',#15672,#11906,#11907);
#10245=AXIS2_PLACEMENT_3D('',#15673,#11908,#11909);
#10246=AXIS2_PLACEMENT_3D('',#15675,#11910,#11911);
#10247=AXIS2_PLACEMENT_3D('',#15677,#11913,#11914);
#10248=AXIS2_PLACEMENT_3D('',#15680,#11917,#11918);
#10249=AXIS2_PLACEMENT_3D('',#15682,#11920,#11921);
#10250=AXIS2_PLACEMENT_3D('',#15683,#11922,#11923);
#10251=AXIS2_PLACEMENT_3D('',#15685,#11924,#11925);
#10252=AXIS2_PLACEMENT_3D('',#15687,#11927,#11928);
#10253=AXIS2_PLACEMENT_3D('',#15688,#11929,#11930);
#10254=AXIS2_PLACEMENT_3D('',#15689,#11931,#11932);
#10255=AXIS2_PLACEMENT_3D('',#15691,#11934,#11935);
#10256=AXIS2_PLACEMENT_3D('',#15692,#11936,#11937);
#10257=AXIS2_PLACEMENT_3D('',#15694,#11938,#11939);
#10258=AXIS2_PLACEMENT_3D('',#15696,#11941,#11942);
#10259=AXIS2_PLACEMENT_3D('',#15700,#11945,#11946);
#10260=AXIS2_PLACEMENT_3D('',#15702,#11947,#11948);
#10261=AXIS2_PLACEMENT_3D('',#15704,#11950,#11951);
#10262=AXIS2_PLACEMENT_3D('',#15706,#11952,#11953);
#10263=AXIS2_PLACEMENT_3D('',#15710,#11955,#11956);
#10264=AXIS2_PLACEMENT_3D('',#15712,#11958,#11959);
#10265=AXIS2_PLACEMENT_3D('',#15714,#11960,#11961);
#10266=AXIS2_PLACEMENT_3D('',#15716,#11963,#11964);
#10267=AXIS2_PLACEMENT_3D('',#15720,#11967,#11968);
#10268=AXIS2_PLACEMENT_3D('',#15721,#11969,#11970);
#10269=AXIS2_PLACEMENT_3D('',#15722,#11971,#11972);
#10270=AXIS2_PLACEMENT_3D('',#15724,#11973,#11974);
#10271=AXIS2_PLACEMENT_3D('',#15725,#11975,#11976);
#10272=AXIS2_PLACEMENT_3D('',#15726,#11977,#11978);
#10273=AXIS2_PLACEMENT_3D('',#15729,#11980,#11981);
#10274=AXIS2_PLACEMENT_3D('',#15730,#11982,#11983);
#10275=AXIS2_PLACEMENT_3D('',#15731,#11984,#11985);
#10276=AXIS2_PLACEMENT_3D('',#15732,#11986,#11987);
#10277=AXIS2_PLACEMENT_3D('',#15735,#11989,#11990);
#10278=AXIS2_PLACEMENT_3D('',#15736,#11991,#11992);
#10279=AXIS2_PLACEMENT_3D('',#15737,#11993,#11994);
#10280=AXIS2_PLACEMENT_3D('',#15738,#11995,#11996);
#10281=AXIS2_PLACEMENT_3D('',#15741,#11998,#11999);
#10282=AXIS2_PLACEMENT_3D('',#15742,#12000,#12001);
#10283=AXIS2_PLACEMENT_3D('',#15743,#12002,#12003);
#10284=AXIS2_PLACEMENT_3D('',#15744,#12004,#12005);
#10285=AXIS2_PLACEMENT_3D('',#15746,#12007,#12008);
#10286=AXIS2_PLACEMENT_3D('',#15763,#12011,#12012);
#10287=AXIS2_PLACEMENT_3D('',#15956,#12023,#12024);
#10288=AXIS2_PLACEMENT_3D('',#15957,#12025,#12026);
#10289=AXIS2_PLACEMENT_3D('',#15963,#12030,#12031);
#10290=AXIS2_PLACEMENT_3D('',#15987,#12044,#12045);
#10291=AXIS2_PLACEMENT_3D('',#15989,#12047,#12048);
#10292=AXIS2_PLACEMENT_3D('',#15991,#12050,#12051);
#10293=AXIS2_PLACEMENT_3D('',#15993,#12053,#12054);
#10294=AXIS2_PLACEMENT_3D('',#15995,#12056,#12057);
#10295=AXIS2_PLACEMENT_3D('',#15997,#12059,#12060);
#10296=AXIS2_PLACEMENT_3D('',#15999,#12062,#12063);
#10297=AXIS2_PLACEMENT_3D('',#16001,#12065,#12066);
#10298=AXIS2_PLACEMENT_3D('',#16003,#12068,#12069);
#10299=AXIS2_PLACEMENT_3D('',#16005,#12071,#12072);
#10300=AXIS2_PLACEMENT_3D('',#16007,#12074,#12075);
#10301=AXIS2_PLACEMENT_3D('',#16009,#12077,#12078);
#10302=AXIS2_PLACEMENT_3D('',#16010,#12079,#12080);
#10303=AXIS2_PLACEMENT_3D('',#16016,#12084,#12085);
#10304=AXIS2_PLACEMENT_3D('',#16038,#12097,#12098);
#10305=AXIS2_PLACEMENT_3D('',#16040,#12100,#12101);
#10306=AXIS2_PLACEMENT_3D('',#16042,#12103,#12104);
#10307=AXIS2_PLACEMENT_3D('',#16044,#12106,#12107);
#10308=AXIS2_PLACEMENT_3D('',#16046,#12109,#12110);
#10309=AXIS2_PLACEMENT_3D('',#16048,#12112,#12113);
#10310=AXIS2_PLACEMENT_3D('',#16050,#12115,#12116);
#10311=AXIS2_PLACEMENT_3D('',#16052,#12118,#12119);
#10312=AXIS2_PLACEMENT_3D('',#16054,#12121,#12122);
#10313=AXIS2_PLACEMENT_3D('',#16056,#12124,#12125);
#10314=AXIS2_PLACEMENT_3D('',#16058,#12127,#12128);
#10315=AXIS2_PLACEMENT_3D('',#16059,#12129,#12130);
#10316=AXIS2_PLACEMENT_3D('',#16065,#12134,#12135);
#10317=AXIS2_PLACEMENT_3D('',#16088,#12145,#12146);
#10318=AXIS2_PLACEMENT_3D('',#16090,#12148,#12149);
#10319=AXIS2_PLACEMENT_3D('',#16092,#12151,#12152);
#10320=AXIS2_PLACEMENT_3D('',#16094,#12154,#12155);
#10321=AXIS2_PLACEMENT_3D('',#16105,#12158,#12159);
#10322=AXIS2_PLACEMENT_3D('',#16107,#12161,#12162);
#10323=AXIS2_PLACEMENT_3D('',#16109,#12164,#12165);
#10324=AXIS2_PLACEMENT_3D('',#16111,#12167,#12168);
#10325=AXIS2_PLACEMENT_3D('',#16113,#12170,#12171);
#10326=AXIS2_PLACEMENT_3D('',#16114,#12172,#12173);
#10327=AXIS2_PLACEMENT_3D('',#16116,#12174,#12175);
#10328=AXIS2_PLACEMENT_3D('',#16122,#12179,#12180);
#10329=AXIS2_PLACEMENT_3D('',#16124,#12181,#12182);
#10330=AXIS2_PLACEMENT_3D('',#16126,#12183,#12184);
#10331=AXIS2_PLACEMENT_3D('',#16128,#12186,#12187);
#10332=AXIS2_PLACEMENT_3D('',#16131,#12189,#12190);
#10333=AXIS2_PLACEMENT_3D('',#16132,#12191,#12192);
#10334=AXIS2_PLACEMENT_3D('',#16133,#12193,#12194);
#10335=AXIS2_PLACEMENT_3D('',#16134,#12195,#12196);
#10336=AXIS2_PLACEMENT_3D('',#16135,#12197,#12198);
#10337=AXIS2_PLACEMENT_3D('',#16138,#12200,#12201);
#10338=AXIS2_PLACEMENT_3D('',#16139,#12202,#12203);
#10339=AXIS2_PLACEMENT_3D('',#16140,#12204,#12205);
#10340=AXIS2_PLACEMENT_3D('',#16141,#12206,#12207);
#10341=AXIS2_PLACEMENT_3D('',#16142,#12208,#12209);
#10342=AXIS2_PLACEMENT_3D('',#16143,#12210,#12211);
#10343=AXIS2_PLACEMENT_3D('',#16144,#12212,#12213);
#10344=AXIS2_PLACEMENT_3D('',#16145,#12214,#12215);
#10345=AXIS2_PLACEMENT_3D('',#16147,#12217,#12218);
#10346=AXIS2_PLACEMENT_3D('',#16148,#12219,#12220);
#10347=AXIS2_PLACEMENT_3D('',#16149,#12221,#12222);
#10348=AXIS2_PLACEMENT_3D('',#16150,#12223,#12224);
#10349=AXIS2_PLACEMENT_3D('',#16151,#12225,#12226);
#10350=AXIS2_PLACEMENT_3D('',#16153,#12227,#12228);
#10351=AXIS2_PLACEMENT_3D('',#16159,#12232,#12233);
#10352=AXIS2_PLACEMENT_3D('',#16161,#12234,#12235);
#10353=AXIS2_PLACEMENT_3D('',#16163,#12236,#12237);
#10354=AXIS2_PLACEMENT_3D('',#16165,#12239,#12240);
#10355=AXIS2_PLACEMENT_3D('',#16168,#12242,#12243);
#10356=AXIS2_PLACEMENT_3D('',#16169,#12244,#12245);
#10357=AXIS2_PLACEMENT_3D('',#16170,#12246,#12247);
#10358=AXIS2_PLACEMENT_3D('',#16171,#12248,#12249);
#10359=AXIS2_PLACEMENT_3D('',#16172,#12250,#12251);
#10360=AXIS2_PLACEMENT_3D('',#16174,#12252,#12253);
#10361=AXIS2_PLACEMENT_3D('',#16176,#12255,#12256);
#10362=AXIS2_PLACEMENT_3D('',#16177,#12257,#12258);
#10363=AXIS2_PLACEMENT_3D('',#16178,#12259,#12260);
#10364=AXIS2_PLACEMENT_3D('',#16179,#12261,#12262);
#10365=AXIS2_PLACEMENT_3D('',#16180,#12263,#12264);
#10366=AXIS2_PLACEMENT_3D('',#16181,#12265,#12266);
#10367=AXIS2_PLACEMENT_3D('',#16182,#12267,#12268);
#10368=AXIS2_PLACEMENT_3D('',#16184,#12270,#12271);
#10369=AXIS2_PLACEMENT_3D('',#16185,#12272,#12273);
#10370=AXIS2_PLACEMENT_3D('',#16186,#12274,#12275);
#10371=AXIS2_PLACEMENT_3D('',#16187,#12276,#12277);
#10372=AXIS2_PLACEMENT_3D('',#16210,#12280,#12281);
#10373=AXIS2_PLACEMENT_3D('',#16367,#12290,#12291);
#10374=AXIS2_PLACEMENT_3D('',#16384,#12294,#12295);
#10375=AXIS2_PLACEMENT_3D('',#16433,#12304,#12305);
#10376=AXIS2_PLACEMENT_3D('',#16436,#12308,#12309);
#10377=AXIS2_PLACEMENT_3D('',#16438,#12311,#12312);
#10378=AXIS2_PLACEMENT_3D('',#16440,#12314,#12315);
#10379=AXIS2_PLACEMENT_3D('',#16442,#12317,#12318);
#10380=AXIS2_PLACEMENT_3D('',#16469,#12321,#12322);
#10381=AXIS2_PLACEMENT_3D('',#16526,#12329,#12330);
#10382=AXIS2_PLACEMENT_3D('',#16530,#12333,#12334);
#10383=AXIS2_PLACEMENT_3D('',#16532,#12336,#12337);
#10384=AXIS2_PLACEMENT_3D('',#16533,#12338,#12339);
#10385=AXIS2_PLACEMENT_3D('',#16539,#12343,#12344);
#10386=AXIS2_PLACEMENT_3D('',#16591,#12352,#12353);
#10387=AXIS2_PLACEMENT_3D('',#16594,#12356,#12357);
#10388=AXIS2_PLACEMENT_3D('',#16596,#12359,#12360);
#10389=AXIS2_PLACEMENT_3D('',#16598,#12362,#12363);
#10390=AXIS2_PLACEMENT_3D('',#16634,#12367,#12368);
#10391=AXIS2_PLACEMENT_3D('',#16691,#12375,#12376);
#10392=AXIS2_PLACEMENT_3D('',#16695,#12379,#12380);
#10393=AXIS2_PLACEMENT_3D('',#16697,#12382,#12383);
#10394=AXIS2_PLACEMENT_3D('',#16698,#12384,#12385);
#10395=AXIS2_PLACEMENT_3D('',#16704,#12389,#12390);
#10396=AXIS2_PLACEMENT_3D('',#16718,#12398,#12399);
#10397=AXIS2_PLACEMENT_3D('',#16721,#12402,#12403);
#10398=AXIS2_PLACEMENT_3D('',#16723,#12405,#12406);
#10399=AXIS2_PLACEMENT_3D('',#16725,#12408,#12409);
#10400=AXIS2_PLACEMENT_3D('',#16727,#12411,#12412);
#10401=AXIS2_PLACEMENT_3D('',#16728,#12413,#12414);
#10402=AXIS2_PLACEMENT_3D('',#16730,#12416,#12417);
#10403=AXIS2_PLACEMENT_3D('',#16753,#12420,#12421);
#10404=AXIS2_PLACEMENT_3D('',#16910,#12430,#12431);
#10405=AXIS2_PLACEMENT_3D('',#16911,#12432,#12433);
#10406=AXIS2_PLACEMENT_3D('',#16917,#12437,#12438);
#10407=AXIS2_PLACEMENT_3D('',#16931,#12446,#12447);
#10408=AXIS2_PLACEMENT_3D('',#16934,#12450,#12451);
#10409=AXIS2_PLACEMENT_3D('',#16936,#12453,#12454);
#10410=AXIS2_PLACEMENT_3D('',#16938,#12456,#12457);
#10411=AXIS2_PLACEMENT_3D('',#16940,#12459,#12460);
#10412=AXIS2_PLACEMENT_3D('',#16941,#12461,#12462);
#10413=AXIS2_PLACEMENT_3D('',#16943,#12464,#12465);
#10414=AXIS2_PLACEMENT_3D('',#16944,#12466,#12467);
#10415=AXIS2_PLACEMENT_3D('',#16950,#12471,#12472);
#10416=AXIS2_PLACEMENT_3D('',#16962,#12479,#12480);
#10417=AXIS2_PLACEMENT_3D('',#16964,#12482,#12483);
#10418=AXIS2_PLACEMENT_3D('',#16966,#12485,#12486);
#10419=AXIS2_PLACEMENT_3D('',#16968,#12488,#12489);
#10420=AXIS2_PLACEMENT_3D('',#16970,#12491,#12492);
#10421=AXIS2_PLACEMENT_3D('',#16972,#12494,#12495);
#10422=AXIS2_PLACEMENT_3D('',#16973,#12496,#12497);
#10423=AXIS2_PLACEMENT_3D('',#16979,#12501,#12502);
#10424=AXIS2_PLACEMENT_3D('',#16991,#12509,#12510);
#10425=AXIS2_PLACEMENT_3D('',#16993,#12512,#12513);
#10426=AXIS2_PLACEMENT_3D('',#16995,#12515,#12516);
#10427=AXIS2_PLACEMENT_3D('',#16997,#12518,#12519);
#10428=AXIS2_PLACEMENT_3D('',#16999,#12521,#12522);
#10429=AXIS2_PLACEMENT_3D('',#17001,#12524,#12525);
#10430=AXIS2_PLACEMENT_3D('placement',#17002,#12526,#12527);
#10431=AXIS2_PLACEMENT_3D('',#17003,#12528,#12529);
#10432=AXIS2_PLACEMENT_3D('',#17006,#12530,#12531);
#10433=AXIS2_PLACEMENT_3D('',#17008,#12532,#12533);
#10434=AXIS2_PLACEMENT_3D('',#17018,#12538,#12539);
#10435=AXIS2_PLACEMENT_3D('',#17022,#12541,#12542);
#10436=AXIS2_PLACEMENT_3D('',#17026,#12544,#12545);
#10437=AXIS2_PLACEMENT_3D('',#17028,#12546,#12547);
#10438=AXIS2_PLACEMENT_3D('',#17030,#12548,#12549);
#10439=AXIS2_PLACEMENT_3D('',#17031,#12550,#12551);
#10440=AXIS2_PLACEMENT_3D('',#17032,#12552,#12553);
#10441=AXIS2_PLACEMENT_3D('',#17036,#12555,#12556);
#10442=AXIS2_PLACEMENT_3D('',#17038,#12558,#12559);
#10443=AXIS2_PLACEMENT_3D('',#17040,#12560,#12561);
#10444=AXIS2_PLACEMENT_3D('',#17042,#12563,#12564);
#10445=AXIS2_PLACEMENT_3D('',#17050,#12569,#12570);
#10446=AXIS2_PLACEMENT_3D('',#17062,#12577,#12578);
#10447=AXIS2_PLACEMENT_3D('',#17070,#12583,#12584);
#10448=AXIS2_PLACEMENT_3D('',#17082,#12591,#12592);
#10449=AXIS2_PLACEMENT_3D('',#17086,#12595,#12596);
#10450=AXIS2_PLACEMENT_3D('',#17106,#12607,#12608);
#10451=AXIS2_PLACEMENT_3D('',#17116,#12614,#12615);
#10452=AXIS2_PLACEMENT_3D('',#17118,#12616,#12617);
#10453=AXIS2_PLACEMENT_3D('',#17120,#12619,#12620);
#10454=AXIS2_PLACEMENT_3D('',#17122,#12621,#12622);
#10455=AXIS2_PLACEMENT_3D('',#17124,#12623,#12624);
#10456=AXIS2_PLACEMENT_3D('',#17126,#12625,#12626);
#10457=AXIS2_PLACEMENT_3D('',#17128,#12627,#12628);
#10458=AXIS2_PLACEMENT_3D('',#17132,#12630,#12631);
#10459=AXIS2_PLACEMENT_3D('',#17135,#12633,#12634);
#10460=AXIS2_PLACEMENT_3D('',#17139,#12636,#12637);
#10461=AXIS2_PLACEMENT_3D('',#17143,#12639,#12640);
#10462=AXIS2_PLACEMENT_3D('',#17145,#12641,#12642);
#10463=AXIS2_PLACEMENT_3D('',#17147,#12643,#12644);
#10464=AXIS2_PLACEMENT_3D('',#17149,#12645,#12646);
#10465=AXIS2_PLACEMENT_3D('',#17151,#12647,#12648);
#10466=AXIS2_PLACEMENT_3D('',#17153,#12649,#12650);
#10467=AXIS2_PLACEMENT_3D('',#17157,#12653,#12654);
#10468=AXIS2_PLACEMENT_3D('',#17161,#12657,#12658);
#10469=AXIS2_PLACEMENT_3D('',#17163,#12660,#12661);
#10470=AXIS2_PLACEMENT_3D('',#17167,#12664,#12665);
#10471=AXIS2_PLACEMENT_3D('',#17170,#12666,#12667);
#10472=AXIS2_PLACEMENT_3D('',#17172,#12668,#12669);
#10473=AXIS2_PLACEMENT_3D('',#17174,#12670,#12671);
#10474=AXIS2_PLACEMENT_3D('',#17176,#12672,#12673);
#10475=AXIS2_PLACEMENT_3D('',#17178,#12674,#12675);
#10476=AXIS2_PLACEMENT_3D('',#17182,#12677,#12678);
#10477=AXIS2_PLACEMENT_3D('',#17185,#12680,#12681);
#10478=AXIS2_PLACEMENT_3D('',#17187,#12683,#12684);
#10479=AXIS2_PLACEMENT_3D('',#17188,#12685,#12686);
#10480=AXIS2_PLACEMENT_3D('',#17191,#12689,#12690);
#10481=AXIS2_PLACEMENT_3D('',#17192,#12691,#12692);
#10482=AXIS2_PLACEMENT_3D('',#17194,#12694,#12695);
#10483=AXIS2_PLACEMENT_3D('',#17196,#12697,#12698);
#10484=AXIS2_PLACEMENT_3D('',#17198,#12700,#12701);
#10485=AXIS2_PLACEMENT_3D('',#17200,#12703,#12704);
#10486=AXIS2_PLACEMENT_3D('',#17202,#12706,#12707);
#10487=AXIS2_PLACEMENT_3D('',#17204,#12709,#12710);
#10488=AXIS2_PLACEMENT_3D('',#17206,#12712,#12713);
#10489=AXIS2_PLACEMENT_3D('',#17207,#12714,#12715);
#10490=AXIS2_PLACEMENT_3D('',#17208,#12716,#12717);
#10491=AXIS2_PLACEMENT_3D('',#17210,#12719,#12720);
#10492=AXIS2_PLACEMENT_3D('',#17212,#12722,#12723);
#10493=AXIS2_PLACEMENT_3D('',#17214,#12725,#12726);
#10494=AXIS2_PLACEMENT_3D('',#17216,#12728,#12729);
#10495=AXIS2_PLACEMENT_3D('',#17218,#12731,#12732);
#10496=AXIS2_PLACEMENT_3D('',#17220,#12734,#12735);
#10497=AXIS2_PLACEMENT_3D('',#17221,#12736,#12737);
#10498=AXIS2_PLACEMENT_3D('',#17227,#12741,#12742);
#10499=AXIS2_PLACEMENT_3D('',#17231,#12745,#12746);
#10500=AXIS2_PLACEMENT_3D('',#17235,#12749,#12750);
#10501=AXIS2_PLACEMENT_3D('',#17237,#12752,#12753);
#10502=AXIS2_PLACEMENT_3D('',#17238,#12754,#12755);
#10503=AXIS2_PLACEMENT_3D('',#17241,#12758,#12759);
#10504=AXIS2_PLACEMENT_3D('',#17243,#12761,#12762);
#10505=AXIS2_PLACEMENT_3D('',#17245,#12764,#12765);
#10506=AXIS2_PLACEMENT_3D('placement',#17246,#12766,#12767);
#10507=AXIS2_PLACEMENT_3D('',#17247,#12768,#12769);
#10508=AXIS2_PLACEMENT_3D('',#17264,#12778,#12779);
#10509=AXIS2_PLACEMENT_3D('',#17274,#12784,#12785);
#10510=AXIS2_PLACEMENT_3D('',#17278,#12787,#12788);
#10511=AXIS2_PLACEMENT_3D('',#17286,#12793,#12794);
#10512=AXIS2_PLACEMENT_3D('',#17296,#12800,#12801);
#10513=AXIS2_PLACEMENT_3D('',#17300,#12804,#12805);
#10514=AXIS2_PLACEMENT_3D('',#17317,#12815,#12816);
#10515=AXIS2_PLACEMENT_3D('',#17319,#12817,#12818);
#10516=AXIS2_PLACEMENT_3D('',#17321,#12820,#12821);
#10517=AXIS2_PLACEMENT_3D('',#17325,#12823,#12824);
#10518=AXIS2_PLACEMENT_3D('',#17329,#12827,#12828);
#10519=AXIS2_PLACEMENT_3D('',#17334,#12832,#12833);
#10520=AXIS2_PLACEMENT_3D('',#17336,#12835,#12836);
#10521=AXIS2_PLACEMENT_3D('',#17338,#12838,#12839);
#10522=AXIS2_PLACEMENT_3D('',#17340,#12841,#12842);
#10523=AXIS2_PLACEMENT_3D('',#17341,#12843,#12844);
#10524=AXIS2_PLACEMENT_3D('',#17349,#12849,#12850);
#10525=AXIS2_PLACEMENT_3D('',#17358,#12856,#12857);
#10526=AXIS2_PLACEMENT_3D('',#17372,#12865,#12866);
#10527=AXIS2_PLACEMENT_3D('',#17374,#12868,#12869);
#10528=AXIS2_PLACEMENT_3D('',#17376,#12871,#12872);
#10529=AXIS2_PLACEMENT_3D('',#17388,#12878,#12879);
#10530=AXIS2_PLACEMENT_3D('',#17392,#12881,#12882);
#10531=AXIS2_PLACEMENT_3D('',#17396,#12884,#12885);
#10532=AXIS2_PLACEMENT_3D('',#17399,#12887,#12888);
#10533=AXIS2_PLACEMENT_3D('',#17400,#12889,#12890);
#10534=AXIS2_PLACEMENT_3D('',#17402,#12891,#12892);
#10535=AXIS2_PLACEMENT_3D('',#17404,#12894,#12895);
#10536=AXIS2_PLACEMENT_3D('',#17418,#12902,#12903);
#10537=AXIS2_PLACEMENT_3D('',#17422,#12905,#12906);
#10538=AXIS2_PLACEMENT_3D('',#17426,#12908,#12909);
#10539=AXIS2_PLACEMENT_3D('',#17428,#12911,#12912);
#10540=AXIS2_PLACEMENT_3D('',#17430,#12913,#12914);
#10541=AXIS2_PLACEMENT_3D('',#17432,#12915,#12916);
#10542=AXIS2_PLACEMENT_3D('',#17434,#12918,#12919);
#10543=AXIS2_PLACEMENT_3D('',#17441,#12923,#12924);
#10544=AXIS2_PLACEMENT_3D('',#17442,#12925,#12926);
#10545=AXIS2_PLACEMENT_3D('',#17444,#12927,#12928);
#10546=AXIS2_PLACEMENT_3D('',#17446,#12930,#12931);
#10547=AXIS2_PLACEMENT_3D('',#17448,#12932,#12933);
#10548=AXIS2_PLACEMENT_3D('',#17449,#12934,#12935);
#10549=AXIS2_PLACEMENT_3D('',#17450,#12936,#12937);
#10550=AXIS2_PLACEMENT_3D('',#17453,#12939,#12940);
#10551=AXIS2_PLACEMENT_3D('',#17454,#12941,#12942);
#10552=AXIS2_PLACEMENT_3D('',#17456,#12943,#12944);
#10553=AXIS2_PLACEMENT_3D('',#17457,#12945,#12946);
#10554=AXIS2_PLACEMENT_3D('',#17458,#12947,#12948);
#10555=AXIS2_PLACEMENT_3D('',#17460,#12950,#12951);
#10556=AXIS2_PLACEMENT_3D('',#17466,#12955,#12956);
#10557=AXIS2_PLACEMENT_3D('',#17468,#12957,#12958);
#10558=AXIS2_PLACEMENT_3D('',#17470,#12959,#12960);
#10559=AXIS2_PLACEMENT_3D('',#17472,#12962,#12963);
#10560=AXIS2_PLACEMENT_3D('',#17474,#12965,#12966);
#10561=AXIS2_PLACEMENT_3D('',#17488,#12973,#12974);
#10562=AXIS2_PLACEMENT_3D('',#17492,#12976,#12977);
#10563=AXIS2_PLACEMENT_3D('',#17496,#12979,#12980);
#10564=AXIS2_PLACEMENT_3D('',#17499,#12982,#12983);
#10565=AXIS2_PLACEMENT_3D('',#17500,#12984,#12985);
#10566=AXIS2_PLACEMENT_3D('',#17502,#12986,#12987);
#10567=AXIS2_PLACEMENT_3D('',#17504,#12989,#12990);
#10568=AXIS2_PLACEMENT_3D('',#17510,#12993,#12994);
#10569=AXIS2_PLACEMENT_3D('',#17514,#12996,#12997);
#10570=AXIS2_PLACEMENT_3D('',#17518,#12999,#13000);
#10571=AXIS2_PLACEMENT_3D('',#17529,#13007,#13008);
#10572=AXIS2_PLACEMENT_3D('',#17533,#13011,#13012);
#10573=AXIS2_PLACEMENT_3D('',#17535,#13014,#13015);
#10574=AXIS2_PLACEMENT_3D('',#17536,#13016,#13017);
#10575=AXIS2_PLACEMENT_3D('',#17538,#13019,#13020);
#10576=AXIS2_PLACEMENT_3D('',#17548,#13026,#13027);
#10577=AXIS2_PLACEMENT_3D('',#17561,#13035,#13036);
#10578=AXIS2_PLACEMENT_3D('',#17567,#13040,#13041);
#10579=AXIS2_PLACEMENT_3D('',#17569,#13042,#13043);
#10580=AXIS2_PLACEMENT_3D('',#17571,#13045,#13046);
#10581=AXIS2_PLACEMENT_3D('',#17583,#13053,#13054);
#10582=AXIS2_PLACEMENT_3D('',#17584,#13055,#13056);
#10583=AXIS2_PLACEMENT_3D('',#17585,#13057,#13058);
#10584=AXIS2_PLACEMENT_3D('',#17586,#13059,#13060);
#10585=AXIS2_PLACEMENT_3D('',#17587,#13061,#13062);
#10586=AXIS2_PLACEMENT_3D('',#17588,#13063,#13064);
#10587=AXIS2_PLACEMENT_3D('',#17589,#13065,#13066);
#10588=AXIS2_PLACEMENT_3D('',#17590,#13067,#13068);
#10589=AXIS2_PLACEMENT_3D('',#17591,#13069,#13070);
#10590=AXIS2_PLACEMENT_3D('',#17592,#13071,#13072);
#10591=AXIS2_PLACEMENT_3D('',#17593,#13073,#13074);
#10592=AXIS2_PLACEMENT_3D('',#17594,#13075,#13076);
#10593=AXIS2_PLACEMENT_3D('',#17596,#13077,#13078);
#10594=AXIS2_PLACEMENT_3D('',#17600,#13081,#13082);
#10595=AXIS2_PLACEMENT_3D('',#17602,#13083,#13084);
#10596=AXIS2_PLACEMENT_3D('',#17604,#13086,#13087);
#10597=AXIS2_PLACEMENT_3D('',#17613,#13094,#13095);
#10598=AXIS2_PLACEMENT_3D('',#17631,#13104,#13105);
#10599=AXIS2_PLACEMENT_3D('',#17635,#13107,#13108);
#10600=AXIS2_PLACEMENT_3D('',#17639,#13110,#13111);
#10601=AXIS2_PLACEMENT_3D('',#17642,#13113,#13114);
#10602=AXIS2_PLACEMENT_3D('',#17643,#13115,#13116);
#10603=AXIS2_PLACEMENT_3D('',#17648,#13120,#13121);
#10604=AXIS2_PLACEMENT_3D('',#17664,#13129,#13130);
#10605=AXIS2_PLACEMENT_3D('',#17668,#13132,#13133);
#10606=AXIS2_PLACEMENT_3D('',#17672,#13135,#13136);
#10607=AXIS2_PLACEMENT_3D('',#17675,#13138,#13139);
#10608=AXIS2_PLACEMENT_3D('',#17676,#13140,#13141);
#10609=AXIS2_PLACEMENT_3D('',#17679,#13144,#13145);
#10610=AXIS2_PLACEMENT_3D('',#17681,#13147,#13148);
#10611=AXIS2_PLACEMENT_3D('',#17683,#13150,#13151);
#10612=AXIS2_PLACEMENT_3D('',#17685,#13153,#13154);
#10613=AXIS2_PLACEMENT_3D('',#17687,#13156,#13157);
#10614=AXIS2_PLACEMENT_3D('',#17688,#13158,#13159);
#10615=AXIS2_PLACEMENT_3D('',#17692,#13162,#13163);
#10616=AXIS2_PLACEMENT_3D('',#17694,#13165,#13166);
#10617=AXIS2_PLACEMENT_3D('',#17695,#13167,#13168);
#10618=AXIS2_PLACEMENT_3D('',#17698,#13171,#13172);
#10619=AXIS2_PLACEMENT_3D('',#17700,#13174,#13175);
#10620=AXIS2_PLACEMENT_3D('',#17702,#13177,#13178);
#10621=AXIS2_PLACEMENT_3D('',#17704,#13180,#13181);
#10622=AXIS2_PLACEMENT_3D('',#17706,#13183,#13184);
#10623=AXIS2_PLACEMENT_3D('',#17708,#13186,#13187);
#10624=AXIS2_PLACEMENT_3D('',#17710,#13189,#13190);
#10625=AXIS2_PLACEMENT_3D('',#17711,#13191,#13192);
#10626=AXIS2_PLACEMENT_3D('',#17715,#13195,#13196);
#10627=AXIS2_PLACEMENT_3D('',#17717,#13198,#13199);
#10628=AXIS2_PLACEMENT_3D('',#17718,#13200,#13201);
#10629=AXIS2_PLACEMENT_3D('',#17720,#13203,#13204);
#10630=AXIS2_PLACEMENT_3D('',#17722,#13206,#13207);
#10631=AXIS2_PLACEMENT_3D('',#17724,#13209,#13210);
#10632=AXIS2_PLACEMENT_3D('',#17726,#13212,#13213);
#10633=AXIS2_PLACEMENT_3D('',#17728,#13215,#13216);
#10634=AXIS2_PLACEMENT_3D('',#17729,#13217,#13218);
#10635=AXIS2_PLACEMENT_3D('',#17731,#13220,#13221);
#10636=AXIS2_PLACEMENT_3D('',#17733,#13223,#13224);
#10637=AXIS2_PLACEMENT_3D('',#17735,#13226,#13227);
#10638=AXIS2_PLACEMENT_3D('',#17737,#13229,#13230);
#10639=AXIS2_PLACEMENT_3D('',#17739,#13232,#13233);
#10640=AXIS2_PLACEMENT_3D('',#17740,#13234,#13235);
#10641=AXIS2_PLACEMENT_3D('',#17741,#13236,#13237);
#10642=AXIS2_PLACEMENT_3D('',#17747,#13241,#13242);
#10643=AXIS2_PLACEMENT_3D('',#17751,#13245,#13246);
#10644=AXIS2_PLACEMENT_3D('',#17755,#13249,#13250);
#10645=AXIS2_PLACEMENT_3D('',#17757,#13252,#13253);
#10646=AXIS2_PLACEMENT_3D('placement',#17758,#13254,#13255);
#10647=AXIS2_PLACEMENT_3D('',#17759,#13256,#13257);
#10648=AXIS2_PLACEMENT_3D('',#17760,#13258,#13259);
#10649=AXIS2_PLACEMENT_3D('',#17761,#13260,#13261);
#10650=DIRECTION('axis',(0.,0.,1.));
#10651=DIRECTION('refdir',(1.,0.,0.));
#10652=DIRECTION('center_axis',(-1.,0.,0.));
#10653=DIRECTION('ref_axis',(0.,0.,1.));
#10654=DIRECTION('',(0.,0.,-1.));
#10655=DIRECTION('',(0.,-0.819152044289016,0.573576436351011));
#10656=DIRECTION('',(0.,0.,-1.));
#10657=DIRECTION('',(0.,-1.,0.));
#10658=DIRECTION('center_axis',(-1.,0.,0.));
#10659=DIRECTION('ref_axis',(0.,-1.,-1.7763568394E-14));
#10660=DIRECTION('',(0.,1.,0.));
#10661=DIRECTION('center_axis',(0.,1.,0.));
#10662=DIRECTION('ref_axis',(0.,0.,1.));
#10663=DIRECTION('',(0.,0.,-1.));
#10664=DIRECTION('',(-1.,0.,0.));
#10665=DIRECTION('center_axis',(0.,-1.,0.));
#10666=DIRECTION('ref_axis',(-7.016609515631E-14,0.,1.));
#10667=DIRECTION('',(0.00872653549837375,0.,-0.999961923064171));
#10668=DIRECTION('',(-1.,0.,0.));
#10669=DIRECTION('',(0.00872653549837175,0.,0.999961923064171));
#10670=DIRECTION('center_axis',(0.,-1.,0.));
#10671=DIRECTION('ref_axis',(0.999961923064172,0.,-0.00872653549836075));
#10672=DIRECTION('',(-1.,0.,0.));
#10673=DIRECTION('',(0.,0.,1.));
#10674=DIRECTION('',(1.,0.,0.));
#10675=DIRECTION('',(-1.,0.,0.));
#10676=DIRECTION('',(0.,0.,1.));
#10677=DIRECTION('',(1.,0.,0.));
#10678=DIRECTION('center_axis',(-1.,0.,0.));
#10679=DIRECTION('ref_axis',(0.,0.,1.));
#10680=DIRECTION('',(0.,-0.819152044289016,0.573576436351011));
#10681=DIRECTION('',(0.,-1.119495473993E-14,-1.));
#10682=DIRECTION('',(0.,-1.,0.));
#10683=DIRECTION('center_axis',(-1.,0.,0.));
#10684=DIRECTION('ref_axis',(0.,-1.,-1.7763568394E-14));
#10685=DIRECTION('',(0.,1.,0.));
#10686=DIRECTION('center_axis',(0.,0.,1.));
#10687=DIRECTION('ref_axis',(1.,0.,0.));
#10688=DIRECTION('',(-1.,0.,0.));
#10689=DIRECTION('',(0.,1.,0.));
#10690=DIRECTION('',(-1.,0.,0.));
#10691=DIRECTION('',(0.,-1.,0.));
#10692=DIRECTION('',(-1.,0.,0.));
#10693=DIRECTION('',(0.,-1.,0.));
#10694=DIRECTION('',(-1.,0.,0.));
#10695=DIRECTION('',(0.,1.,0.));
#10696=DIRECTION('',(-1.,0.,0.));
#10697=DIRECTION('',(0.,-1.,0.));
#10698=DIRECTION('',(-1.,0.,0.));
#10699=DIRECTION('',(0.,-1.,0.));
#10700=DIRECTION('',(0.,-1.,0.));
#10701=DIRECTION('',(1.,0.,0.));
#10702=DIRECTION('',(0.,1.,0.));
#10703=DIRECTION('',(1.,0.,0.));
#10704=DIRECTION('',(0.,1.,0.));
#10705=DIRECTION('',(1.,0.,0.));
#10706=DIRECTION('',(0.,-1.,0.));
#10707=DIRECTION('',(-1.,0.,0.));
#10708=DIRECTION('',(1.,0.,0.));
#10709=DIRECTION('',(0.,1.,0.));
#10710=DIRECTION('',(1.,0.,0.));
#10711=DIRECTION('',(0.,-1.,0.));
#10712=DIRECTION('',(-1.,0.,0.));
#10713=DIRECTION('',(0.,1.,0.));
#10714=DIRECTION('',(1.,0.,0.));
#10715=DIRECTION('',(0.,1.,0.));
#10716=DIRECTION('',(1.,0.,0.));
#10717=DIRECTION('',(0.,-1.,0.));
#10718=DIRECTION('',(1.,0.,0.));
#10719=DIRECTION('',(0.,-1.,0.));
#10720=DIRECTION('',(-1.,0.,0.));
#10721=DIRECTION('',(0.,1.,0.));
#10722=DIRECTION('',(1.,0.,0.));
#10723=DIRECTION('',(0.,1.,0.));
#10724=DIRECTION('',(1.,0.,0.));
#10725=DIRECTION('',(0.,-1.,0.));
#10726=DIRECTION('',(1.,0.,0.));
#10727=DIRECTION('',(0.,-1.,0.));
#10728=DIRECTION('',(-1.,0.,0.));
#10729=DIRECTION('',(1.,0.,0.));
#10730=DIRECTION('',(0.351123441588414,0.936329177569036,0.));
#10731=DIRECTION('',(0.351123441588414,-0.936329177569036,0.));
#10732=DIRECTION('',(1.,0.,0.));
#10733=DIRECTION('',(0.,1.,0.));
#10734=DIRECTION('',(1.,0.,0.));
#10735=DIRECTION('',(0.,-1.,0.));
#10736=DIRECTION('',(1.,0.,0.));
#10737=DIRECTION('',(0.351123441588414,0.936329177569036,0.));
#10738=DIRECTION('',(0.351123441588414,-0.936329177569036,0.));
#10739=DIRECTION('',(1.,0.,0.));
#10740=DIRECTION('',(0.,1.,0.));
#10741=DIRECTION('',(1.,0.,0.));
#10742=DIRECTION('',(0.,-1.,0.));
#10743=DIRECTION('',(0.,-1.,0.));
#10744=DIRECTION('center_axis',(0.,0.,-1.));
#10745=DIRECTION('ref_axis',(-1.,-1.263187085796E-14,0.));
#10746=DIRECTION('',(0.,1.,0.));
#10747=DIRECTION('center_axis',(0.,0.,1.));
#10748=DIRECTION('ref_axis',(-0.529411764705907,0.848365005991511,0.));
#10749=DIRECTION('center_axis',(0.,1.,0.));
#10750=DIRECTION('ref_axis',(-0.710185375623277,0.,0.704014724455977));
#10751=DIRECTION('',(0.,-1.,0.));
#10752=DIRECTION('center_axis',(-0.999961923064171,0.,-0.00872653549837375));
#10753=DIRECTION('ref_axis',(-0.00872653549837375,0.,0.999961923064171));
#10754=DIRECTION('',(0.,-1.,0.));
#10755=DIRECTION('',(-0.00872653549837475,0.,0.999961923064171));
#10756=DIRECTION('center_axis',(-0.999961923064173,3.33383137552256E-13,
-0.00872653549813277));
#10757=DIRECTION('ref_axis',(-1.6613888952448E-7,-0.999999999818771,1.90375928830149E-5));
#10758=DIRECTION('',(0.,-1.,0.));
#10759=DIRECTION('center_axis',(0.999961923064173,2.28964632130008E-13,
0.00872653549814273));
#10760=DIRECTION('ref_axis',(-1.66138785609754E-7,0.999999999818771,1.90375929385258E-5));
#10761=DIRECTION('',(0.00872653549837375,0.,-0.999961923064171));
#10762=DIRECTION('center_axis',(0.999961923064175,-3.34919324026629E-13,
0.00872653549795625));
#10763=DIRECTION('ref_axis',(-0.00872653549637456,1.90393429497599E-5,0.999961922882934));
#10764=DIRECTION('',(0.,-1.,0.));
#10765=DIRECTION('',(0.00872620324394475,-0.00872620324393975,-0.99992385047757));
#10766=DIRECTION('',(0.,1.,0.));
#10767=DIRECTION('',(-0.00872620324394374,-0.00872620324394174,0.99992385047757));
#10768=DIRECTION('',(0.,-1.,0.));
#10769=DIRECTION('',(0.00842920751166117,0.258809850193405,-0.96589151042112));
#10770=DIRECTION('center_axis',(0.,1.,0.));
#10771=DIRECTION('ref_axis',(-0.710185375623277,0.,0.704014724455977));
#10772=DIRECTION('',(0.,-1.,0.));
#10773=DIRECTION('center_axis',(0.,1.,0.));
#10774=DIRECTION('ref_axis',(-0.999961923064173,0.,-0.00872653549817277));
#10775=DIRECTION('center_axis',(0.,0.965925826289076,0.258819045102493));
#10776=DIRECTION('ref_axis',(1.47454050208604E-15,-0.258819045102493,0.965925826289076));
#10777=DIRECTION('center_axis',(0.,0.,-1.));
#10778=DIRECTION('ref_axis',(-1.,0.,0.));
#10779=DIRECTION('',(0.262008733624498,0.965065502183394,0.));
#10780=DIRECTION('',(1.,0.,0.));
#10781=DIRECTION('',(0.,1.,0.));
#10782=DIRECTION('',(-1.,0.,0.));
#10783=DIRECTION('center_axis',(0.,0.,1.));
#10784=DIRECTION('ref_axis',(-7.894919286223E-14,-1.,0.));
#10785=DIRECTION('',(0.,-1.,0.));
#10786=DIRECTION('center_axis',(0.,0.,1.));
#10787=DIRECTION('ref_axis',(1.,1.026339507209E-13,0.));
#10788=DIRECTION('',(1.,0.,0.));
#10789=DIRECTION('',(0.,1.,0.));
#10790=DIRECTION('',(1.,-4.385732272835E-14,1.461910757612E-14));
#10791=DIRECTION('center_axis',(0.,0.,1.));
#10792=DIRECTION('ref_axis',(0.,1.,0.));
#10793=DIRECTION('',(0.,1.,0.));
#10794=DIRECTION('center_axis',(0.,0.,1.));
#10795=DIRECTION('ref_axis',(-1.,0.,0.));
#10796=DIRECTION('',(-1.,0.,0.));
#10797=DIRECTION('',(1.,0.,0.));
#10798=DIRECTION('',(0.262008733624498,-0.965065502183394,0.));
#10799=DIRECTION('center_axis',(0.,0.,-1.));
#10800=DIRECTION('ref_axis',(2.13162820728E-14,-1.,0.));
#10801=DIRECTION('',(-1.,0.,0.));
#10802=DIRECTION('center_axis',(0.,0.,-1.));
#10803=DIRECTION('ref_axis',(1.,-3.552713678801E-14,0.));
#10804=DIRECTION('',(0.,-1.,0.));
#10805=DIRECTION('center_axis',(0.,0.,1.));
#10806=DIRECTION('ref_axis',(1.42108547152E-14,1.,0.));
#10807=DIRECTION('',(-1.,0.,0.));
#10808=DIRECTION('',(0.,-1.,0.));
#10809=DIRECTION('center_axis',(0.,0.,-1.));
#10810=DIRECTION('ref_axis',(-1.,-3.19744231092E-12,0.));
#10811=DIRECTION('',(-1.,0.,0.));
#10812=DIRECTION('center_axis',(0.,0.,-1.));
#10813=DIRECTION('ref_axis',(-7.105427357601E-13,1.,0.));
#10814=DIRECTION('',(0.,1.,0.));
#10815=DIRECTION('',(1.,0.,0.));
#10816=DIRECTION('center_axis',(0.,0.,-1.));
#10817=DIRECTION('ref_axis',(0.,1.,0.));
#10818=DIRECTION('',(0.,-1.,0.));
#10819=DIRECTION('center_axis',(0.,0.,1.));
#10820=DIRECTION('ref_axis',(-1.,1.752672081542E-13,0.));
#10821=DIRECTION('',(1.,0.,0.));
#10822=DIRECTION('center_axis',(0.,0.,1.));
#10823=DIRECTION('ref_axis',(-1.894780628694E-14,-1.,0.));
#10824=DIRECTION('',(0.,-1.,0.));
#10825=DIRECTION('',(-0.406841728378493,-0.913498663408984,0.));
#10826=DIRECTION('',(1.,0.,0.));
#10827=DIRECTION('',(-0.40367136096488,0.914904056356054,0.));
#10828=DIRECTION('',(0.,1.,0.));
#10829=DIRECTION('',(1.,0.,0.));
#10830=DIRECTION('',(0.,-1.,0.));
#10831=DIRECTION('',(-1.,0.,0.));
#10832=DIRECTION('',(0.409094040958196,-0.912492227721691,0.));
#10833=DIRECTION('',(0.397944692264713,0.917409408006231,0.));
#10834=DIRECTION('',(-1.,0.,0.));
#10835=DIRECTION('',(0.,1.,0.));
#10836=DIRECTION('',(1.,0.,0.));
#10837=DIRECTION('',(0.,-1.,0.));
#10838=DIRECTION('',(-1.,-1.595650138053E-14,0.));
#10839=DIRECTION('',(0.,-1.,0.));
#10840=DIRECTION('',(1.,0.,0.));
#10841=DIRECTION('',(0.,-1.,0.));
#10842=DIRECTION('',(-1.,0.,0.));
#10843=DIRECTION('',(0.,1.,0.));
#10844=DIRECTION('',(1.,0.,0.));
#10845=DIRECTION('',(0.,1.,0.));
#10846=DIRECTION('',(-1.,0.,0.));
#10847=DIRECTION('',(0.,1.,0.));
#10848=DIRECTION('',(1.,0.,0.));
#10849=DIRECTION('',(0.,-1.,0.));
#10850=DIRECTION('',(-1.,0.,0.));
#10851=DIRECTION('',(0.,-1.,0.));
#10852=DIRECTION('',(1.,0.,0.));
#10853=DIRECTION('',(0.,-1.,0.));
#10854=DIRECTION('',(-1.,0.,0.));
#10855=DIRECTION('',(0.,1.,0.));
#10856=DIRECTION('',(-1.,0.,0.));
#10857=DIRECTION('',(0.,1.,0.));
#10858=DIRECTION('',(1.,0.,0.));
#10859=DIRECTION('center_axis',(-0.965065502183394,0.262008733624498,0.));
#10860=DIRECTION('ref_axis',(0.,0.,1.));
#10861=DIRECTION('',(0.,0.,-1.));
#10862=DIRECTION('',(-0.262008733624498,-0.965065502183394,0.));
#10863=DIRECTION('',(-0.0700947793330292,-0.258182437209997,0.963549973289689));
#10864=DIRECTION('center_axis',(0.,0.965925826289076,0.258819045102493));
#10865=DIRECTION('ref_axis',(0.,-0.258819045102495,0.965925826289075));
#10866=DIRECTION('',(-1.,0.,0.));
#10867=DIRECTION('center_axis',(0.,-0.965925826289076,-0.258819045102493));
#10868=DIRECTION('ref_axis',(-1.47454050208604E-15,-0.258819045102493,0.965925826289076));
#10869=DIRECTION('',(0.00842920751166517,-0.258809850193405,0.96589151042112));
#10870=DIRECTION('center_axis',(0.,0.965925826289076,0.258819045102493));
#10871=DIRECTION('ref_axis',(-1.47454050208604E-15,-0.258819045102493,0.965925826289076));
#10872=DIRECTION('center_axis',(0.,0.,1.));
#10873=DIRECTION('ref_axis',(1.,0.,0.));
#10874=DIRECTION('center_axis',(0.,0.,1.));
#10875=DIRECTION('ref_axis',(-3.789561257387E-14,-1.,0.));
#10876=DIRECTION('',(1.,0.,0.));
#10877=DIRECTION('center_axis',(0.,0.,1.));
#10878=DIRECTION('ref_axis',(-1.,1.728987323683E-13,0.));
#10879=DIRECTION('',(0.,-1.,0.));
#10880=DIRECTION('center_axis',(0.,0.,-1.));
#10881=DIRECTION('ref_axis',(1.42108547152E-14,1.,0.));
#10882=DIRECTION('',(1.,0.,0.));
#10883=DIRECTION('center_axis',(0.,0.,1.));
#10884=DIRECTION('ref_axis',(2.84217094304E-14,1.,0.));
#10885=DIRECTION('',(0.,-1.,0.));
#10886=DIRECTION('center_axis',(0.,0.,-1.));
#10887=DIRECTION('ref_axis',(1.,-4.973799150321E-14,0.));
#10888=DIRECTION('',(-1.,0.,0.));
#10889=DIRECTION('center_axis',(0.,0.,-1.));
#10890=DIRECTION('ref_axis',(3.789561257387E-14,-1.,0.));
#10891=DIRECTION('',(-0.262008733624498,0.965065502183394,0.));
#10892=DIRECTION('',(1.,0.,0.));
#10893=DIRECTION('',(0.,-1.,0.));
#10894=DIRECTION('',(-1.,0.,0.));
#10895=DIRECTION('',(0.,-1.,0.));
#10896=DIRECTION('center_axis',(0.,-1.,0.));
#10897=DIRECTION('ref_axis',(0.710185375623277,0.,0.704014724455977));
#10898=DIRECTION('center_axis',(0.,-1.,0.));
#10899=DIRECTION('ref_axis',(0.999961923064172,0.,-0.00872653549836075));
#10900=DIRECTION('',(0.,-1.,0.));
#10901=DIRECTION('center_axis',(0.999961923064171,0.,-0.00872653549837375));
#10902=DIRECTION('ref_axis',(-0.00872653549836855,0.,-0.999961923064171));
#10903=DIRECTION('',(-0.00872620324394574,0.00872620324394174,-0.99992385047757));
#10904=DIRECTION('',(0.,-1.,0.));
#10905=DIRECTION('',(0.00872620324394574,0.00872620324394474,0.99992385047757));
#10906=DIRECTION('',(0.,1.,0.));
#10907=DIRECTION('center_axis',(0.999961923064392,3.45113365452966E-11,
-0.00872653547306284));
#10908=DIRECTION('ref_axis',(0.00872653547148073,1.90393432162036E-5,0.999961922883151));
#10909=DIRECTION('',(0.00872653549838075,0.,0.999961923064171));
#10910=DIRECTION('center_axis',(0.999961923063865,2.59541605966538E-11,
-0.00872653553352373));
#10911=DIRECTION('ref_axis',(1.66112580618309E-7,0.999999999818771,1.9037593371508E-5));
#10912=DIRECTION('',(0.,1.,0.));
#10913=DIRECTION('center_axis',(-0.999961923063865,2.59539267180163E-11,
0.0087265355335235));
#10914=DIRECTION('ref_axis',(1.66112580618294E-7,-0.999999999818771,1.90375933159962E-5));
#10915=DIRECTION('',(-0.00872653549836175,0.,-0.999961923064171));
#10916=DIRECTION('',(0.,1.,1.643132979501E-14));
#10917=DIRECTION('center_axis',(0.,-1.,0.));
#10918=DIRECTION('ref_axis',(0.710185375623277,0.,0.704014724455977));
#10919=DIRECTION('center_axis',(0.,1.,0.));
#10920=DIRECTION('ref_axis',(0.8,0.,0.6));
#10921=DIRECTION('center_axis',(1.,0.,0.));
#10922=DIRECTION('ref_axis',(0.,-0.707106781186498,0.707106781186598));
#10923=DIRECTION('',(1.,0.,-1.518174025686E-13));
#10924=DIRECTION('center_axis',(1.,0.,0.));
#10925=DIRECTION('ref_axis',(0.,-0.707106781186598,0.707106781186498));
#10926=DIRECTION('center_axis',(0.,-1.,0.));
#10927=DIRECTION('ref_axis',(0.,0.,-1.));
#10928=DIRECTION('',(-1.,-3.558925332972E-14,0.));
#10929=DIRECTION('',(0.,0.,-1.));
#10930=DIRECTION('center_axis',(0.,0.,1.));
#10931=DIRECTION('ref_axis',(0.707106781186498,-0.707106781186598,0.));
#10932=DIRECTION('center_axis',(0.,0.,-1.));
#10933=DIRECTION('ref_axis',(1.,-1.06581410364E-14,0.));
#10934=DIRECTION('',(0.,0.,1.));
#10935=DIRECTION('center_axis',(0.,0.,1.));
#10936=DIRECTION('ref_axis',(0.,-1.,0.));
#10937=DIRECTION('center_axis',(0.,0.,1.));
#10938=DIRECTION('ref_axis',(1.,0.,0.));
#10939=DIRECTION('center_axis',(1.,0.,0.));
#10940=DIRECTION('ref_axis',(0.,-1.,0.));
#10941=DIRECTION('center_axis',(0.,0.,-1.));
#10942=DIRECTION('ref_axis',(1.,-1.026339507209E-13,0.));
#10943=DIRECTION('center_axis',(0.,-1.,0.));
#10944=DIRECTION('ref_axis',(-1.42108547152E-13,0.,-1.));
#10945=DIRECTION('center_axis',(1.,0.,0.));
#10946=DIRECTION('ref_axis',(0.,-0.707106781186498,-0.707106781186598));
#10947=DIRECTION('',(1.,2.13162820728E-14,0.));
#10948=DIRECTION('center_axis',(0.,0.,-1.));
#10949=DIRECTION('ref_axis',(-1.,0.,0.));
#10950=DIRECTION('',(-1.,0.,0.));
#10951=DIRECTION('center_axis',(0.,0.,-1.));
#10952=DIRECTION('ref_axis',(-4.736951571734E-14,1.,0.));
#10953=DIRECTION('',(0.,1.,0.));
#10954=DIRECTION('center_axis',(1.,0.,0.));
#10955=DIRECTION('ref_axis',(0.,0.707106781186498,-0.707106781186598));
#10956=DIRECTION('',(1.,1.423570133189E-14,0.));
#10957=DIRECTION('center_axis',(1.,0.,0.));
#10958=DIRECTION('ref_axis',(0.,0.707106781186598,-0.707106781186498));
#10959=DIRECTION('center_axis',(0.,0.,1.));
#10960=DIRECTION('ref_axis',(1.,0.,0.));
#10961=DIRECTION('center_axis',(0.,0.,-1.));
#10962=DIRECTION('ref_axis',(0.,1.,0.));
#10963=DIRECTION('center_axis',(0.,1.,0.));
#10964=DIRECTION('ref_axis',(1.,0.,0.));
#10965=DIRECTION('center_axis',(0.,-1.,0.));
#10966=DIRECTION('ref_axis',(0.707106781186498,0.,-0.707106781186598));
#10967=DIRECTION('',(0.,-1.,0.));
#10968=DIRECTION('center_axis',(1.,0.,0.));
#10969=DIRECTION('ref_axis',(0.,0.,-1.));
#10970=DIRECTION('',(0.,1.015061051086E-14,-1.));
#10971=DIRECTION('',(0.,1.,0.));
#10972=DIRECTION('center_axis',(0.,1.,0.));
#10973=DIRECTION('ref_axis',(0.707106781186498,0.,0.707106781186598));
#10974=DIRECTION('center_axis',(0.,1.,0.));
#10975=DIRECTION('ref_axis',(0.707106781186498,0.,0.707106781186598));
#10976=DIRECTION('center_axis',(0.,-1.,0.));
#10977=DIRECTION('ref_axis',(0.707106781186498,0.,0.707106781186598));
#10978=DIRECTION('center_axis',(0.,0.,-1.));
#10979=DIRECTION('ref_axis',(-1.,0.,0.));
#10980=DIRECTION('center_axis',(1.,0.,0.));
#10981=DIRECTION('ref_axis',(0.,1.,-2.6645352591E-14));
#10982=DIRECTION('center_axis',(0.,0.,1.));
#10983=DIRECTION('ref_axis',(1.,0.,0.));
#10984=DIRECTION('center_axis',(1.,0.,0.));
#10985=DIRECTION('ref_axis',(0.,0.707106781186598,0.707106781186498));
#10986=DIRECTION('',(-1.,0.,-4.013049093306E-14));
#10987=DIRECTION('center_axis',(0.,1.,0.));
#10988=DIRECTION('ref_axis',(0.,0.,1.));
#10989=DIRECTION('',(0.,0.,1.));
#10990=DIRECTION('center_axis',(0.,0.,-1.));
#10991=DIRECTION('ref_axis',(0.707106781186498,0.707106781186598,0.));
#10992=DIRECTION('center_axis',(0.,0.,-1.));
#10993=DIRECTION('ref_axis',(-1.,0.,0.));
#10994=DIRECTION('center_axis',(0.,-1.,0.));
#10995=DIRECTION('ref_axis',(0.710185375623277,0.,0.704014724455977));
#10996=DIRECTION('center_axis',(0.,1.,0.));
#10997=DIRECTION('ref_axis',(0.710185375623277,0.,0.704014724455977));
#10998=DIRECTION('center_axis',(0.,0.,1.));
#10999=DIRECTION('ref_axis',(1.,0.,0.));
#11000=DIRECTION('center_axis',(0.00872620324394374,0.00872620324394374,
0.99992385047757));
#11001=DIRECTION('ref_axis',(0.999961923064171,-5.68190920745612E-14,-0.00872653549837297));
#11002=DIRECTION('center_axis',(1.,0.,0.));
#11003=DIRECTION('ref_axis',(0.,0.999961923064171,-0.00872653549838975));
#11004=DIRECTION('center_axis',(1.,0.,0.));
#11005=DIRECTION('ref_axis',(0.,0.710185375623277,0.704014724455977));
#11006=DIRECTION('',(1.,0.,0.));
#11007=DIRECTION('center_axis',(0.,0.999961923064171,-0.00872653549837375));
#11008=DIRECTION('ref_axis',(0.,0.00872653549836855,0.999961923064171));
#11009=DIRECTION('',(-0.00872620324394674,-0.00872620324394274,-0.99992385047757));
#11010=DIRECTION('',(1.,0.,0.));
#11011=DIRECTION('',(-0.00872620324394274,0.00872620324394574,0.99992385047757));
#11012=DIRECTION('',(0.,0.00872653549837075,0.999961923064171));
#11013=DIRECTION('',(-1.,0.,0.));
#11014=DIRECTION('',(0.,-0.00872653549837075,-0.999961923064171));
#11015=DIRECTION('',(1.,0.,0.));
#11016=DIRECTION('center_axis',(-0.00872620324394374,0.00872620324394374,
0.99992385047757));
#11017=DIRECTION('ref_axis',(-0.707052935342904,0.707052935342804,-0.0123407149756093));
#11018=DIRECTION('center_axis',(0.,0.,-1.));
#11019=DIRECTION('ref_axis',(-0.707106781186598,0.707106781186498,0.));
#11020=DIRECTION('center_axis',(0.,0.,1.));
#11021=DIRECTION('ref_axis',(1.,0.,0.));
#11022=DIRECTION('center_axis',(0.,0.,1.));
#11023=DIRECTION('ref_axis',(1.,0.,0.));
#11024=DIRECTION('center_axis',(0.,0.,-1.));
#11025=DIRECTION('ref_axis',(0.707106781186598,-0.707106781186498,0.));
#11026=DIRECTION('',(-1.,0.,0.));
#11027=DIRECTION('center_axis',(0.,0.,-1.));
#11028=DIRECTION('ref_axis',(-0.707106781186498,-0.707106781186598,0.));
#11029=DIRECTION('center_axis',(0.,0.,-1.));
#11030=DIRECTION('ref_axis',(0.707106781186498,0.707106781186598,0.));
#11031=DIRECTION('',(0.,-1.,0.));
#11032=DIRECTION('center_axis',(0.,0.,1.));
#11033=DIRECTION('ref_axis',(1.,0.,0.));
#11034=DIRECTION('',(1.,0.,0.));
#11035=DIRECTION('center_axis',(0.,0.,1.));
#11036=DIRECTION('ref_axis',(1.33226762955E-14,1.,0.));
#11037=DIRECTION('',(0.,1.,0.));
#11038=DIRECTION('center_axis',(0.,0.,1.));
#11039=DIRECTION('ref_axis',(-1.,1.378896996584E-12,0.));
#11040=DIRECTION('',(-1.,0.,0.));
#11041=DIRECTION('center_axis',(0.,0.,1.));
#11042=DIRECTION('ref_axis',(0.,-1.,0.));
#11043=DIRECTION('center_axis',(0.00872620324394374,0.00872620324394374,
0.99992385047757));
#11044=DIRECTION('ref_axis',(0.707052935342804,0.707052935342904,-0.0123407149756093));
#11045=DIRECTION('center_axis',(-0.00872620324394374,-0.00872620324394374,
0.99992385047757));
#11046=DIRECTION('ref_axis',(-0.707052935342804,-0.707052935342904,-0.0123407149756093));
#11047=DIRECTION('',(0.00872620324394374,0.00872620324394374,-0.99992385047757));
#11048=DIRECTION('center_axis',(0.,0.,1.));
#11049=DIRECTION('ref_axis',(1.,0.,0.));
#11050=DIRECTION('center_axis',(-0.57386487669125,-0.574006824967037,-0.584119224295347));
#11051=DIRECTION('ref_axis',(0.77981944605763,-0.600846369452676,-0.175685149816111));
#11052=DIRECTION('center_axis',(-0.573921115392649,-0.573833461004602,-0.584234295756367));
#11053=DIRECTION('ref_axis',(-0.543891309401467,0.800451690782074,-0.251911361954312));
#11054=DIRECTION('center_axis',(0.,1.,0.));
#11055=DIRECTION('ref_axis',(-0.710185375623277,0.,0.704014724455977));
#11056=DIRECTION('center_axis',(0.,-0.965925826289076,-0.258819045102493));
#11057=DIRECTION('ref_axis',(1.47454050208604E-15,-0.258819045102493,0.965925826289076));
#11058=DIRECTION('center_axis',(0.,0.965925826289076,0.258819045102493));
#11059=DIRECTION('ref_axis',(0.,-0.258819045102495,0.965925826289075));
#11060=DIRECTION('',(-0.0700947793330292,0.258182437209997,-0.963549973289689));
#11061=DIRECTION('center_axis',(0.965065502183394,0.262008733624498,0.));
#11062=DIRECTION('ref_axis',(0.,0.,-1.));
#11063=DIRECTION('',(0.,0.,-1.));
#11064=DIRECTION('center_axis',(0.,0.,1.));
#11065=DIRECTION('ref_axis',(-0.607450107570797,-0.794357832977196,0.));
#11066=DIRECTION('',(0.,0.,-1.));
#11067=DIRECTION('center_axis',(0.,-1.,0.));
#11068=DIRECTION('ref_axis',(0.,0.,-1.));
#11069=DIRECTION('',(0.,0.,1.));
#11070=DIRECTION('center_axis',(0.,0.,-1.));
#11071=DIRECTION('ref_axis',(0.707106781186498,-0.707106781186597,0.));
#11072=DIRECTION('',(0.,0.,-1.));
#11073=DIRECTION('center_axis',(-1.,0.,0.));
#11074=DIRECTION('ref_axis',(0.,0.,1.));
#11075=DIRECTION('',(0.,0.,-1.));
#11076=DIRECTION('center_axis',(0.,0.,1.));
#11077=DIRECTION('ref_axis',(-0.707106781186498,0.707106781186598,0.));
#11078=DIRECTION('',(0.,0.,-1.));
#11079=DIRECTION('center_axis',(0.,1.,0.));
#11080=DIRECTION('ref_axis',(0.,0.,1.));
#11081=DIRECTION('',(0.,0.,-1.));
#11082=DIRECTION('',(0.,0.,-1.));
#11083=DIRECTION('center_axis',(0.,-1.,0.));
#11084=DIRECTION('ref_axis',(1.,0.,2.6645352591E-13));
#11085=DIRECTION('',(1.,0.,0.));
#11086=DIRECTION('center_axis',(0.,-1.,0.));
#11087=DIRECTION('ref_axis',(0.,0.,1.));
#11088=DIRECTION('',(0.,0.,1.));
#11089=DIRECTION('center_axis',(0.,0.,1.));
#11090=DIRECTION('ref_axis',(0.707106781186598,0.707106781186498,0.));
#11091=DIRECTION('',(0.,0.,-1.));
#11092=DIRECTION('center_axis',(1.,0.,0.));
#11093=DIRECTION('ref_axis',(0.,0.,-1.));
#11094=DIRECTION('',(0.,0.,-1.));
#11095=DIRECTION('center_axis',(0.,0.,1.));
#11096=DIRECTION('ref_axis',(-0.707106781186597,-0.707106781186498,0.));
#11097=DIRECTION('',(0.,0.,1.));
#11098=DIRECTION('center_axis',(0.,-1.,0.));
#11099=DIRECTION('ref_axis',(0.,0.,-1.));
#11100=DIRECTION('',(0.,0.,-1.));
#11101=DIRECTION('center_axis',(0.,0.,-1.));
#11102=DIRECTION('ref_axis',(0.607450107570797,-0.794357832977196,0.));
#11103=DIRECTION('center_axis',(-1.,0.,0.));
#11104=DIRECTION('ref_axis',(0.,0.,1.));
#11105=DIRECTION('',(0.,1.,0.));
#11106=DIRECTION('',(0.,0.00872653549837375,-0.999961923064171));
#11107=DIRECTION('',(0.,-1.,0.));
#11108=DIRECTION('',(3.739698609264E-14,1.047115610594E-13,-1.));
#11109=DIRECTION('center_axis',(0.,0.,-1.));
#11110=DIRECTION('ref_axis',(-0.707106781186598,0.707106781186498,0.));
#11111=DIRECTION('center_axis',(0.,0.,1.));
#11112=DIRECTION('ref_axis',(-0.707106781186598,0.707106781186498,0.));
#11113=DIRECTION('',(0.,0.,1.));
#11114=DIRECTION('center_axis',(0.,0.,1.));
#11115=DIRECTION('ref_axis',(1.,0.,0.));
#11116=DIRECTION('center_axis',(1.,0.,0.));
#11117=DIRECTION('ref_axis',(0.,1.42108547152E-13,-1.));
#11118=DIRECTION('center_axis',(0.,-1.,0.));
#11119=DIRECTION('ref_axis',(-1.,0.,0.));
#11120=DIRECTION('center_axis',(1.,0.,0.));
#11121=DIRECTION('ref_axis',(0.,0.707106781186498,-0.707106781186598));
#11122=DIRECTION('',(1.,0.,0.));
#11123=DIRECTION('center_axis',(-1.,0.,0.));
#11124=DIRECTION('ref_axis',(0.,0.707106781186498,-0.707106781186598));
#11125=DIRECTION('',(-1.,0.,0.));
#11126=DIRECTION('center_axis',(0.,1.,0.));
#11127=DIRECTION('ref_axis',(0.,0.,1.));
#11128=DIRECTION('',(2.243819165558E-14,0.,-1.));
#11129=DIRECTION('center_axis',(0.,0.,1.));
#11130=DIRECTION('ref_axis',(0.707106781186548,0.707106781186548,0.));
#11131=DIRECTION('center_axis',(0.,0.,1.));
#11132=DIRECTION('ref_axis',(0.707106781186548,0.707106781186548,0.));
#11133=DIRECTION('',(0.,1.495879443705E-14,1.));
#11134=DIRECTION('center_axis',(0.,0.,1.));
#11135=DIRECTION('ref_axis',(1.,0.,0.));
#11136=DIRECTION('center_axis',(0.,-1.,0.));
#11137=DIRECTION('ref_axis',(7.815970093361E-13,0.,-1.));
#11138=DIRECTION('center_axis',(0.,1.,0.));
#11139=DIRECTION('ref_axis',(0.707106781186498,0.,-0.707106781186598));
#11140=DIRECTION('',(0.,-1.,0.));
#11141=DIRECTION('center_axis',(-2.12360526742885E-13,-0.999961923064174,
-0.008726535498101));
#11142=DIRECTION('ref_axis',(0.999999999818771,-1.66138768546084E-7,1.90375928830149E-5));
#11143=DIRECTION('',(0.,1.,0.));
#11144=DIRECTION('center_axis',(1.,0.,0.));
#11145=DIRECTION('ref_axis',(0.,0.,-1.));
#11146=DIRECTION('',(0.,-0.00872653549837375,0.999961923064171));
#11147=DIRECTION('',(0.,-1.,0.));
#11148=DIRECTION('center_axis',(0.,-1.,0.));
#11149=DIRECTION('ref_axis',(0.707106781186498,0.,0.707106781186598));
#11150=DIRECTION('center_axis',(2.03044999944329E-13,-0.999961923064173,
-0.00872653549819912));
#11151=DIRECTION('ref_axis',(1.90393429941669E-5,-0.00872653549661743,0.999961922882932));
#11152=DIRECTION('',(0.,1.,0.));
#11153=DIRECTION('center_axis',(0.,0.,1.));
#11154=DIRECTION('ref_axis',(1.,0.,0.));
#11155=DIRECTION('',(-1.,0.,0.));
#11156=DIRECTION('',(0.,-1.,0.));
#11157=DIRECTION('center_axis',(0.,-1.,0.));
#11158=DIRECTION('ref_axis',(-0.707106781186498,0.,0.707106781186598));
#11159=DIRECTION('center_axis',(2.03277600558583E-13,0.999961923064173,
0.00872653549819889));
#11160=DIRECTION('ref_axis',(-1.90393429497592E-5,-0.00872653549661721,
0.999961922882932));
#11161=DIRECTION('center_axis',(0.,-0.999961923064171,-0.00872653549837375));
#11162=DIRECTION('ref_axis',(0.,0.00872653549837375,-0.999961923064171));
#11163=DIRECTION('',(-1.,0.,0.));
#11164=DIRECTION('',(0.00872620324394674,-0.00872620324394374,0.99992385047757));
#11165=DIRECTION('',(1.,0.,0.));
#11166=DIRECTION('center_axis',(2.12594405382492E-13,-0.999961923064174,
-0.00872653549810077));
#11167=DIRECTION('ref_axis',(-1.90393429497594E-5,0.00872653549651914,-0.999961922882932));
#11168=DIRECTION('center_axis',(-1.,0.,0.));
#11169=DIRECTION('ref_axis',(0.,-0.710185375623277,0.704014724455977));
#11170=DIRECTION('center_axis',(1.,0.,0.));
#11171=DIRECTION('ref_axis',(0.,0.,1.));
#11172=DIRECTION('center_axis',(0.,0.,1.));
#11173=DIRECTION('ref_axis',(1.,0.,0.));
#11174=DIRECTION('center_axis',(0.00872620324394374,-0.00872620324394374,
0.99992385047757));
#11175=DIRECTION('ref_axis',(2.0003530082357E-17,-0.999961923064171,-0.00872653549837346));
#11176=DIRECTION('center_axis',(0.00872620324394374,-0.00872620324394374,
0.99992385047757));
#11177=DIRECTION('ref_axis',(0.707052935342904,-0.707052935342804,-0.0123407149756093));
#11178=DIRECTION('center_axis',(0.,1.,0.));
#11179=DIRECTION('ref_axis',(-0.707106781186498,0.,-0.707106781186598));
#11180=DIRECTION('',(0.,1.,0.));
#11181=DIRECTION('center_axis',(0.,0.,-1.));
#11182=DIRECTION('ref_axis',(-1.,0.,0.));
#11183=DIRECTION('center_axis',(1.,0.,0.));
#11184=DIRECTION('ref_axis',(0.,0.,-1.));
#11185=DIRECTION('',(0.,0.,-1.));
#11186=DIRECTION('',(0.,-1.,0.));
#11187=DIRECTION('',(-1.75592901428009E-9,0.258819045102214,-0.96592582628915));
#11188=DIRECTION('',(-3.149765237639E-9,1.,7.009849780217E-9));
#11189=DIRECTION('',(1.13145674805497E-11,0.00872653549837275,0.999961923064171));
#11190=DIRECTION('',(0.,-1.,0.));
#11191=DIRECTION('',(-1.17521915804497E-14,0.00872653549836975,-0.999961923064171));
#11192=DIRECTION('center_axis',(1.,0.,0.));
#11193=DIRECTION('ref_axis',(0.,-0.999961923064171,-0.00872653549837375));
#11194=DIRECTION('',(-1.175724871428E-14,-1.,0.));
#11195=DIRECTION('',(0.,0.,1.));
#11196=DIRECTION('center_axis',(0.,0.,1.));
#11197=DIRECTION('ref_axis',(0.707106781186598,0.707106781186498,0.));
#11198=DIRECTION('center_axis',(0.,0.,-1.));
#11199=DIRECTION('ref_axis',(0.,1.,0.));
#11200=DIRECTION('',(0.,0.,-1.));
#11201=DIRECTION('center_axis',(0.,0.,1.));
#11202=DIRECTION('ref_axis',(1.,0.,0.));
#11203=DIRECTION('center_axis',(-1.,0.,0.));
#11204=DIRECTION('ref_axis',(0.,0.,1.));
#11205=DIRECTION('center_axis',(0.,-1.,0.));
#11206=DIRECTION('ref_axis',(1.,0.,0.));
#11207=DIRECTION('center_axis',(-1.,0.,0.));
#11208=DIRECTION('ref_axis',(0.,0.707106781186498,0.707106781186598));
#11209=DIRECTION('',(-1.,0.,0.));
#11210=DIRECTION('center_axis',(1.,0.,0.));
#11211=DIRECTION('ref_axis',(0.,0.707106781186448,0.707106781186647));
#11212=DIRECTION('',(1.,0.,0.));
#11213=DIRECTION('center_axis',(0.,1.,0.));
#11214=DIRECTION('ref_axis',(0.,0.,1.));
#11215=DIRECTION('',(0.999999996699135,-5.37318765692119E-6,8.10731694590628E-5));
#11216=DIRECTION('',(0.,0.,1.));
#11217=DIRECTION('center_axis',(0.,1.,0.));
#11218=DIRECTION('ref_axis',(-3.5527136788E-14,0.,-1.));
#11219=DIRECTION('',(-0.00872653549837675,0.,0.999961923064171));
#11220=DIRECTION('',(0.999999994819258,6.72897136176672E-6,-0.000101568718729996));
#11221=DIRECTION('',(-0.0436193873653382,0.,-0.999048221581858));
#11222=DIRECTION('center_axis',(0.,1.,0.));
#11223=DIRECTION('ref_axis',(0.999048221581858,0.,-0.0436193873653282));
#11224=DIRECTION('',(1.,0.,0.));
#11225=DIRECTION('center_axis',(0.,1.,0.));
#11226=DIRECTION('ref_axis',(7.105427357601E-14,0.,-1.));
#11227=DIRECTION('',(-0.0436193873653382,0.,0.999048221581858));
#11228=DIRECTION('center_axis',(1.,0.,0.));
#11229=DIRECTION('ref_axis',(0.,0.707106781186498,0.707106781186598));
#11230=DIRECTION('center_axis',(1.,0.,0.));
#11231=DIRECTION('ref_axis',(0.,0.707106781186448,0.707106781186647));
#11232=DIRECTION('center_axis',(0.707106781186548,-0.707106781186548,0.));
#11233=DIRECTION('ref_axis',(0.707106781186547,0.707106781186547,6.1331736667335E-17));
#11234=DIRECTION('',(-1.,0.,0.));
#11235=DIRECTION('center_axis',(0.,0.,1.));
#11236=DIRECTION('ref_axis',(1.,0.,0.));
#11237=DIRECTION('center_axis',(0.,-1.,0.));
#11238=DIRECTION('ref_axis',(-4.884981308351E-14,0.,1.));
#11239=DIRECTION('center_axis',(0.,0.,-1.));
#11240=DIRECTION('ref_axis',(-1.,-1.42108547152E-13,0.));
#11241=DIRECTION('center_axis',(0.,0.,1.));
#11242=DIRECTION('ref_axis',(-0.707106781186598,0.707106781186498,0.));
#11243=DIRECTION('',(0.,0.,-1.));
#11244=DIRECTION('center_axis',(-1.,0.,0.));
#11245=DIRECTION('ref_axis',(0.,0.,1.));
#11246=DIRECTION('',(0.,1.,0.));
#11247=DIRECTION('',(2.05903003477194E-11,-0.00872653549837375,-0.999961923064171));
#11248=DIRECTION('',(-3.062809051992E-9,-1.,6.367021885584E-11));
#11249=DIRECTION('',(-1.72993382442405E-9,-0.258819045102307,0.965925826289125));
#11250=DIRECTION('',(0.,1.,0.));
#11251=DIRECTION('',(0.,-0.00872653549837375,-0.999961923064171));
#11252=DIRECTION('center_axis',(-1.,0.,0.));
#11253=DIRECTION('ref_axis',(0.,0.999961923064171,-0.00872653549836875));
#11254=DIRECTION('',(0.,1.,0.));
#11255=DIRECTION('',(0.,-1.115638746696E-14,1.));
#11256=DIRECTION('center_axis',(0.,0.,1.));
#11257=DIRECTION('ref_axis',(-0.707106781186498,-0.707106781186598,0.));
#11258=DIRECTION('center_axis',(0.,0.,-1.));
#11259=DIRECTION('ref_axis',(0.,-1.,0.));
#11260=DIRECTION('',(0.,0.,-1.));
#11261=DIRECTION('center_axis',(0.,0.,1.));
#11262=DIRECTION('ref_axis',(1.,0.,0.));
#11263=DIRECTION('center_axis',(1.,0.,0.));
#11264=DIRECTION('ref_axis',(0.,-1.33226762955E-14,1.));
#11265=DIRECTION('center_axis',(0.,1.,0.));
#11266=DIRECTION('ref_axis',(-1.,0.,0.));
#11267=DIRECTION('center_axis',(1.,0.,0.));
#11268=DIRECTION('ref_axis',(0.,-0.707106781186548,0.707106781186548));
#11269=DIRECTION('',(1.,0.,0.));
#11270=DIRECTION('center_axis',(-1.,0.,0.));
#11271=DIRECTION('ref_axis',(0.,-0.707106781186697,0.707106781186398));
#11272=DIRECTION('',(-1.,0.,0.));
#11273=DIRECTION('center_axis',(0.,-1.,0.));
#11274=DIRECTION('ref_axis',(0.,0.,-1.));
#11275=DIRECTION('',(0.00872653549837275,-2.04878676704494E-11,0.999961923064171));
#11276=DIRECTION('',(-1.,0.,0.));
#11277=DIRECTION('',(0.,0.,1.));
#11278=DIRECTION('center_axis',(0.,-1.,0.));
#11279=DIRECTION('ref_axis',(1.7763568394E-14,0.,-1.));
#11280=DIRECTION('',(0.00872653549837375,0.,0.999961923064171));
#11281=DIRECTION('',(-1.,0.,0.));
#11282=DIRECTION('',(0.00872653549837275,2.03888888888494E-11,-0.999961923064171));
#11283=DIRECTION('',(1.,3.468707285457E-10,-3.28991489305E-11));
#11284=DIRECTION('center_axis',(0.00872653549837375,0.,0.999961923064171));
#11285=DIRECTION('ref_axis',(-0.707079856726982,-0.707106781186582,0.00617059242716491));
#11286=DIRECTION('center_axis',(-0.00873485104372981,-9.64627201215952E-6,
0.999961850414401));
#11287=DIRECTION('ref_axis',(7.63452454089962E-5,-0.999999997045384,-8.97975021166784E-6));
#11288=DIRECTION('',(0.00872653549837475,0.,0.999961923064171));
#11289=DIRECTION('center_axis',(-0.00872653549837375,0.,-0.999961923064171));
#11290=DIRECTION('ref_axis',(0.,-1.,0.));
#11291=DIRECTION('center_axis',(4.097871149831E-6,1.10232374513097E-6,0.999999999990996));
#11292=DIRECTION('ref_axis',(-0.866133893500387,-0.499812043185284,4.10025977831319E-6));
#11293=DIRECTION('center_axis',(0.,-1.,0.));
#11294=DIRECTION('ref_axis',(0.99996192306416,0.,-0.00872653549962661));
#11295=DIRECTION('center_axis',(0.,-1.,0.));
#11296=DIRECTION('ref_axis',(0.704014724455927,0.,-0.710185375623327));
#11297=DIRECTION('',(-1.594403555106E-13,1.,0.));
#11298=DIRECTION('center_axis',(0.,-1.,0.));
#11299=DIRECTION('ref_axis',(0.99996192306416,0.,-0.00872653549962106));
#11300=DIRECTION('',(0.,-1.,3.504477612836E-14));
#11301=DIRECTION('center_axis',(-0.999961923064171,0.,0.00872653549837375));
#11302=DIRECTION('ref_axis',(0.00872653549837565,0.,0.999961923064171));
#11303=DIRECTION('',(0.00872620324394517,-0.00872620324984017,0.999923850477519));
#11304=DIRECTION('',(0.,1.,0.));
#11305=DIRECTION('center_axis',(0.,1.,0.));
#11306=DIRECTION('ref_axis',(-0.704014724455977,0.,0.710185375623277));
#11307=DIRECTION('center_axis',(0.,-1.,0.));
#11308=DIRECTION('ref_axis',(-7.105427357601E-14,0.,1.));
#11309=DIRECTION('',(0.,-1.,0.));
#11310=DIRECTION('center_axis',(0.,1.,0.));
#11311=DIRECTION('ref_axis',(-0.704014724455977,0.,0.710185375623277));
#11312=DIRECTION('center_axis',(0.,0.,1.));
#11313=DIRECTION('ref_axis',(1.,0.,0.));
#11314=DIRECTION('center_axis',(-0.00872620324394374,0.00872620324394374,
-0.99992385047757));
#11315=DIRECTION('ref_axis',(-0.999961923064171,1.77734752913531E-14,0.00872653549837361));
#11316=DIRECTION('center_axis',(1.,0.,0.));
#11317=DIRECTION('ref_axis',(0.,0.999961923064172,0.00872653549835775));
#11318=DIRECTION('center_axis',(0.00872620324394374,-0.00872620324394374,
0.99992385047757));
#11319=DIRECTION('ref_axis',(-0.707052935342903,0.707052935342803,0.0123407149756093));
#11320=DIRECTION('center_axis',(-0.00875359343886785,0.00875359343746382,
0.999923371665969));
#11321=DIRECTION('ref_axis',(-0.999961676808239,-0.000216330734141701,-0.00875203495578946));
#11322=DIRECTION('',(-0.00872620325388486,0.00872620324394386,-0.999923850477484));
#11323=DIRECTION('center_axis',(-1.,0.,0.));
#11324=DIRECTION('ref_axis',(0.,-0.999961923064157,-0.00872653550004194));
#11325=DIRECTION('center_axis',(-1.,0.,0.));
#11326=DIRECTION('ref_axis',(0.,-0.704014724455977,-0.710185375623277));
#11327=DIRECTION('center_axis',(1.,0.,0.));
#11328=DIRECTION('ref_axis',(0.,-0.704014724455977,-0.710185375623277));
#11329=DIRECTION('',(-1.,0.,-6.207267792459E-14));
#11330=DIRECTION('',(1.,-2.516842066119E-14,0.));
#11331=DIRECTION('center_axis',(0.,0.,1.));
#11332=DIRECTION('ref_axis',(1.,0.,0.));
#11333=DIRECTION('center_axis',(-0.262008733624405,-0.965065502183419,0.));
#11334=DIRECTION('ref_axis',(0.,0.,-1.));
#11335=DIRECTION('center_axis',(-0.00667308444679384,0.0087263411996538,
-0.999939658636076));
#11336=DIRECTION('ref_axis',(0.965028755446238,-0.26199875713461,-0.00872653549837325));
#11337=DIRECTION('center_axis',(-0.262008733624498,-0.965065502183394,0.));
#11338=DIRECTION('ref_axis',(0.679420323601593,-0.184458006407706,-0.710185375623295));
#11339=DIRECTION('',(-0.262008733624498,-0.965065502183394,0.));
#11340=DIRECTION('center_axis',(-0.262008733624495,-0.965065502183395,-2.47425538464863E-14));
#11341=DIRECTION('ref_axis',(0.965028755446181,-0.261998757134754,-0.00872653550040854));
#11342=DIRECTION('',(-0.262008735573506,-0.965065501654224,-2.31425093189606E-7));
#11343=DIRECTION('center_axis',(-0.965028755446213,0.261998757134703,0.00872653549837412));
#11344=DIRECTION('ref_axis',(0.00842167836305663,-0.00228642851485716,0.999961923064171));
#11345=DIRECTION('',(-0.0614168043193111,-0.258330445642004,0.964102358155817));
#11346=DIRECTION('',(0.262008733624498,0.965065502183394,-1.50859514015999E-14));
#11347=DIRECTION('',(-0.00667308444479417,0.00872634120700922,-0.999939658636026));
#11348=DIRECTION('center_axis',(0.00667308444679384,-0.0087263411996538,
0.999939658636076));
#11349=DIRECTION('ref_axis',(0.607413453202802,-0.794309900342102,-0.0109854033502105));
#11350=DIRECTION('center_axis',(-0.00668563180031698,0.00874274927621571,
0.99993943149699));
#11351=DIRECTION('ref_axis',(0.965067135799452,-0.261856833987724,0.00874196166589355));
#11352=DIRECTION('',(0.00667308445441317,-0.00872634119965322,0.999939658636026));
#11353=DIRECTION('center_axis',(0.,0.999961923064171,0.00872653549837375));
#11354=DIRECTION('ref_axis',(0.,-0.00872653549837388,0.999961923064171));
#11355=DIRECTION('',(1.,0.,3.68170411438E-14));
#11356=DIRECTION('center_axis',(1.,0.,0.));
#11357=DIRECTION('ref_axis',(0.,0.704014724455977,0.710185375623277));
#11358=DIRECTION('center_axis',(1.,0.,0.));
#11359=DIRECTION('ref_axis',(0.,1.11022302462514E-14,1.));
#11360=DIRECTION('',(-1.,0.,0.));
#11361=DIRECTION('center_axis',(0.262008733624515,0.96506550218339,-9.67284403731481E-15));
#11362=DIRECTION('ref_axis',(0.,2.22044604925024E-14,1.));
#11363=DIRECTION('center_axis',(0.,0.,1.));
#11364=DIRECTION('ref_axis',(1.,0.,0.));
#11365=DIRECTION('',(-1.,0.,0.));
#11366=DIRECTION('',(0.,1.,0.));
#11367=DIRECTION('',(1.,0.,0.));
#11368=DIRECTION('',(0.262008733624405,0.965065502183419,0.));
#11369=DIRECTION('center_axis',(1.,0.,0.));
#11370=DIRECTION('ref_axis',(0.,0.608761429008725,0.793353340291232));
#11371=DIRECTION('center_axis',(-1.,0.,0.));
#11372=DIRECTION('ref_axis',(0.,0.608761429008725,0.793353340291232));
#11373=DIRECTION('center_axis',(1.,0.,0.));
#11374=DIRECTION('ref_axis',(0.,0.965925826289076,0.258819045102493));
#11375=DIRECTION('',(1.,0.,0.));
#11376=DIRECTION('center_axis',(-1.,0.,0.));
#11377=DIRECTION('ref_axis',(0.,0.,1.));
#11378=DIRECTION('center_axis',(0.,-1.,0.));
#11379=DIRECTION('ref_axis',(1.,0.,1.7763568394E-14));
#11380=DIRECTION('center_axis',(0.,0.258819045102587,-0.965925826289051));
#11381=DIRECTION('ref_axis',(0.,0.965925826289051,0.258819045102587));
#11382=DIRECTION('center_axis',(0.,-1.,0.));
#11383=DIRECTION('ref_axis',(0.707106781186498,0.,0.707106781186598));
#11384=DIRECTION('center_axis',(0.,1.,0.));
#11385=DIRECTION('ref_axis',(0.707106781186498,0.,0.707106781186598));
#11386=DIRECTION('center_axis',(0.,0.,1.));
#11387=DIRECTION('ref_axis',(1.,0.,0.));
#11388=DIRECTION('center_axis',(-1.,0.,0.));
#11389=DIRECTION('ref_axis',(0.,-1.,0.));
#11390=DIRECTION('center_axis',(0.,0.,-1.));
#11391=DIRECTION('ref_axis',(1.,0.,0.));
#11392=DIRECTION('center_axis',(-1.,0.,0.));
#11393=DIRECTION('ref_axis',(0.,-0.707106781186548,0.707106781186548));
#11394=DIRECTION('center_axis',(1.,0.,0.));
#11395=DIRECTION('ref_axis',(0.,0.,1.));
#11396=DIRECTION('center_axis',(0.,0.,1.));
#11397=DIRECTION('ref_axis',(1.,0.,0.));
#11398=DIRECTION('center_axis',(0.,0.,1.));
#11399=DIRECTION('ref_axis',(0.707106781186548,-0.707106781186548,0.));
#11400=DIRECTION('center_axis',(0.,-0.258819045102493,0.965925826289076));
#11401=DIRECTION('ref_axis',(0.707106781186536,0.683012701892236,0.183012701892203));
#11402=DIRECTION('',(0.,0.258819045102493,-0.965925826289076));
#11403=DIRECTION('center_axis',(1.,0.,0.));
#11404=DIRECTION('ref_axis',(0.,0.,-1.));
#11405=DIRECTION('center_axis',(-9.46423956008658E-7,-3.5526633599726E-6,
0.999999999993241));
#11406=DIRECTION('ref_axis',(0.833503805501707,-0.55251371585943,-1.17404726527285E-6));
#11407=DIRECTION('center_axis',(0.,0.,1.));
#11408=DIRECTION('ref_axis',(1.,0.,0.));
#11409=DIRECTION('',(0.,-1.,0.));
#11410=DIRECTION('',(5.456068481941E-14,1.,0.));
#11411=DIRECTION('',(-1.,-3.579318904693E-14,0.));
#11412=DIRECTION('center_axis',(3.81553855033529E-6,-2.411463725114E-5,
0.999999999701963));
#11413=DIRECTION('ref_axis',(0.499857638816813,-0.866107580152117,-2.27930962133744E-5));
#11414=DIRECTION('',(1.,5.566499848022E-14,0.));
#11415=DIRECTION('center_axis',(-3.64660727044536E-6,9.95095900921573E-7,
0.999999999992856));
#11416=DIRECTION('ref_axis',(0.999999977910573,-0.000210156021483683,3.64681631460758E-6));
#11417=DIRECTION('',(-2.300649425152E-14,-1.,0.));
#11418=DIRECTION('',(1.,1.651500861363E-13,0.));
#11419=DIRECTION('',(-0.262008733623703,0.96506550218361,0.));
#11420=DIRECTION('',(1.,0.,0.));
#11421=DIRECTION('center_axis',(8.64407122700938E-7,-2.85476391743113E-6,
0.999999999995552));
#11422=DIRECTION('ref_axis',(0.846997457405224,0.531596940499537,7.85433129267694E-7));
#11423=DIRECTION('center_axis',(1.21075920119189E-6,4.51887645177312E-6,
0.999999999989057));
#11424=DIRECTION('ref_axis',(-0.000202427043099302,-0.999999979501435,4.5191214484459E-6));
#11425=DIRECTION('',(-1.,1.958097989038E-13,0.));
#11426=DIRECTION('center_axis',(0.,1.,0.));
#11427=DIRECTION('ref_axis',(-0.691513055782263,0.,-0.722363962059762));
#11428=DIRECTION('',(0.,1.,0.));
#11429=DIRECTION('center_axis',(0.,1.,0.));
#11430=DIRECTION('ref_axis',(-0.999048221581691,0.,-0.0436193873691598));
#11431=DIRECTION('center_axis',(-0.999048221581858,0.,-0.0436193873653382));
#11432=DIRECTION('ref_axis',(-0.0436193873653394,0.,0.999048221581858));
#11433=DIRECTION('',(-0.0436177296326412,0.00871823040701525,0.999010253260828));
#11434=DIRECTION('',(-3.13862752741715E-6,-0.999999995400147,9.58637327877145E-5));
#11435=DIRECTION('center_axis',(0.0436177296326389,-0.00871823040181977,
-0.999010253260874));
#11436=DIRECTION('ref_axis',(0.706299359942729,-0.706945321527229,0.0370071143870398));
#11437=DIRECTION('',(0.0436177296824999,-0.00871823040180097,-0.999010253258697));
#11438=DIRECTION('center_axis',(0.0436177296326389,-0.00871823040181977,
-0.999010253260874));
#11439=DIRECTION('ref_axis',(0.999048221581858,4.80301562411058E-17,0.0436193873653337));
#11440=DIRECTION('center_axis',(-0.0434445499280273,0.00868259944792733,
-0.999018109719928));
#11441=DIRECTION('ref_axis',(0.976321801889457,-0.211739093795023,-0.0442978025886878));
#11442=DIRECTION('center_axis',(0.,-0.999961923064171,0.00872653549837375));
#11443=DIRECTION('ref_axis',(0.,-0.00872653549837565,-0.999961923064171));
#11444=DIRECTION('',(1.,0.,-3.658274468885E-13));
#11445=DIRECTION('',(0.,-0.00872653549837375,-0.999961923064171));
#11446=DIRECTION('',(-1.,0.,0.));
#11447=DIRECTION('center_axis',(1.,0.,0.));
#11448=DIRECTION('ref_axis',(0.,0.704014724455977,-0.710185375623277));
#11449=DIRECTION('center_axis',(1.,0.,0.));
#11450=DIRECTION('ref_axis',(0.,0.99996192306416,-0.00872653549964249));
#11451=DIRECTION('center_axis',(-1.,0.,0.));
#11452=DIRECTION('ref_axis',(0.,0.,-1.));
#11453=DIRECTION('center_axis',(-1.16689549441982E-6,0.00872797108669619,
-0.99996191053427));
#11454=DIRECTION('ref_axis',(-0.441463954284277,0.897244803707997,0.00783194016116737));
#11455=DIRECTION('center_axis',(-2.55235419634811E-6,0.00870338914577447,
-0.999962124788165));
#11456=DIRECTION('ref_axis',(0.95190572410774,-0.306379451782786,-0.00266907028730662));
#11457=DIRECTION('center_axis',(0.,0.00872653549837375,0.999961923064171));
#11458=DIRECTION('ref_axis',(-0.707106781186482,-0.707079856727082,0.00617059242716578));
#11459=DIRECTION('center_axis',(0.,-0.00872653549837375,-0.999961923064171));
#11460=DIRECTION('ref_axis',(-2.66453525909992E-14,-0.999961923064171,0.00872653549837375));
#11461=DIRECTION('center_axis',(0.,0.,1.));
#11462=DIRECTION('ref_axis',(1.,0.,0.));
#11463=DIRECTION('center_axis',(0.,1.,0.));
#11464=DIRECTION('ref_axis',(-1.,0.,1.7763568394E-14));
#11465=DIRECTION('center_axis',(1.,4.333704554543E-14,0.));
#11466=DIRECTION('ref_axis',(-3.07928229016099E-27,7.105427357601E-14,1.));
#11467=DIRECTION('center_axis',(-1.,0.,0.));
#11468=DIRECTION('ref_axis',(0.,-0.704014724455927,0.710185375623327));
#11469=DIRECTION('',(1.,0.,0.));
#11470=DIRECTION('center_axis',(-1.,0.,0.));
#11471=DIRECTION('ref_axis',(0.,-0.704014724455877,0.710185375623376));
#11472=DIRECTION('center_axis',(0.,0.,1.));
#11473=DIRECTION('ref_axis',(1.,0.,0.));
#11474=DIRECTION('center_axis',(0.,1.,0.));
#11475=DIRECTION('ref_axis',(3.552713678801E-14,0.,1.));
#11476=DIRECTION('center_axis',(0.,-1.,0.));
#11477=DIRECTION('ref_axis',(0.691513055782263,0.,0.722363962059762));
#11478=DIRECTION('',(0.,1.,0.));
#11479=DIRECTION('center_axis',(0.,0.,1.));
#11480=DIRECTION('ref_axis',(1.,0.,0.));
#11481=DIRECTION('',(0.,-1.,0.));
#11482=DIRECTION('center_axis',(0.,1.,0.));
#11483=DIRECTION('ref_axis',(-0.707106781186548,0.,0.707106781186548));
#11484=DIRECTION('center_axis',(-1.,0.,0.));
#11485=DIRECTION('ref_axis',(0.,-0.965925826290458,-0.258819045097335));
#11486=DIRECTION('center_axis',(0.,0.258819045102493,-0.965925826289076));
#11487=DIRECTION('ref_axis',(-0.707106781186536,0.683012701892236,0.183012701892203));
#11488=DIRECTION('',(0.,-0.258819045102493,0.965925826289076));
#11489=DIRECTION('center_axis',(0.,0.258819045102493,-0.965925826289076));
#11490=DIRECTION('ref_axis',(-1.,-7.07354318686426E-14,-1.89535018454673E-14));
#11491=DIRECTION('center_axis',(1.,0.,0.));
#11492=DIRECTION('ref_axis',(0.,0.,-1.));
#11493=DIRECTION('center_axis',(1.,0.,0.));
#11494=DIRECTION('ref_axis',(0.,0.965925826289076,0.258819045102493));
#11495=DIRECTION('center_axis',(0.,-1.,-7.7149057834E-14));
#11496=DIRECTION('ref_axis',(-5.995204332976E-14,-7.7149057834E-14,1.));
#11497=DIRECTION('center_axis',(1.,0.,0.));
#11498=DIRECTION('ref_axis',(0.,0.608761429008725,0.793353340291232));
#11499=DIRECTION('center_axis',(-1.,0.,0.));
#11500=DIRECTION('ref_axis',(0.,0.608761429008788,0.793353340291184));
#11501=DIRECTION('',(-1.,0.,0.));
#11502=DIRECTION('',(1.,0.,0.));
#11503=DIRECTION('center_axis',(-1.,0.,0.));
#11504=DIRECTION('ref_axis',(0.,0.,1.));
#11505=DIRECTION('center_axis',(0.262008733624498,-0.965065502183394,0.));
#11506=DIRECTION('ref_axis',(0.965028755446197,0.261998757134762,0.00872653549839311));
#11507=DIRECTION('center_axis',(-0.0614168049931874,0.258330448100789,-0.964102357454059));
#11508=DIRECTION('ref_axis',(7.44404538011148E-14,0.965925826289061,0.258819045102547));
#11509=DIRECTION('center_axis',(0.262008733624498,-0.965065502183394,0.));
#11510=DIRECTION('ref_axis',(0.679420323601593,0.184458006407706,0.710185375623295));
#11511=DIRECTION('center_axis',(0.262008733624491,-0.965065502183396,-1.51527385133885E-14));
#11512=DIRECTION('ref_axis',(-4.44089209850082E-14,-2.22044604925041E-14,
1.));
#11513=DIRECTION('',(0.262008733624405,-0.965065502183419,0.));
#11514=DIRECTION('',(0.262008733624498,-0.965065502183394,1.49855825957499E-14));
#11515=DIRECTION('center_axis',(0.00668642350329145,0.00874378458158573,
0.999939417150822));
#11516=DIRECTION('ref_axis',(0.000147045456477803,-0.999961768461813,0.00874299676071453));
#11517=DIRECTION('center_axis',(1.,0.,0.));
#11518=DIRECTION('ref_axis',(0.,0.,1.));
#11519=DIRECTION('center_axis',(0.,0.,1.));
#11520=DIRECTION('ref_axis',(1.,0.,0.));
#11521=DIRECTION('',(1.,0.,0.));
#11522=DIRECTION('',(0.,-1.,0.));
#11523=DIRECTION('',(1.,0.,0.));
#11524=DIRECTION('',(0.,-1.,0.));
#11525=DIRECTION('',(-1.,0.,0.));
#11526=DIRECTION('',(0.,1.,0.));
#11527=DIRECTION('center_axis',(-1.,0.,0.));
#11528=DIRECTION('ref_axis',(0.,-0.707106781186548,0.707106781186548));
#11529=DIRECTION('center_axis',(1.,0.,0.));
#11530=DIRECTION('ref_axis',(0.,-0.707106781186548,0.707106781186548));
#11531=DIRECTION('center_axis',(-1.,-1.090622486032E-13,0.));
#11532=DIRECTION('ref_axis',(1.090622486032E-13,-1.,0.));
#11533=DIRECTION('center_axis',(0.,0.,1.));
#11534=DIRECTION('ref_axis',(1.,0.,0.));
#11535=DIRECTION('center_axis',(-0.00872653549837375,0.,-0.999961923064171));
#11536=DIRECTION('ref_axis',(0.,-1.,0.));
#11537=DIRECTION('center_axis',(0.,1.,0.));
#11538=DIRECTION('ref_axis',(-0.999961923064171,0.,0.00872653549837575));
#11539=DIRECTION('center_axis',(0.,1.,0.));
#11540=DIRECTION('ref_axis',(-0.704014724455977,0.,0.710185375623277));
#11541=DIRECTION('',(0.,1.,8.737638462344E-13));
#11542=DIRECTION('center_axis',(0.,1.,0.));
#11543=DIRECTION('ref_axis',(1.11022302462517E-14,0.,1.));
#11544=DIRECTION('center_axis',(-1.,0.,0.));
#11545=DIRECTION('ref_axis',(0.,-1.11022302462513E-14,1.));
#11546=DIRECTION('center_axis',(-0.00875553267341319,-0.00875553266684029,
0.999923337709109));
#11547=DIRECTION('ref_axis',(-0.000216393129303318,0.999961659826522,0.00875397344074182));
#11548=DIRECTION('center_axis',(-1.,0.,0.));
#11549=DIRECTION('ref_axis',(0.,-0.704014724455977,0.710185375623277));
#11550=DIRECTION('center_axis',(1.,0.,0.));
#11551=DIRECTION('ref_axis',(0.,0.,1.));
#11552=DIRECTION('',(-1.,0.,-4.708947362754E-13));
#11553=DIRECTION('center_axis',(0.,0.,1.));
#11554=DIRECTION('ref_axis',(1.,0.,0.));
#11555=DIRECTION('center_axis',(0.,1.,0.));
#11556=DIRECTION('ref_axis',(-1.,0.,0.));
#11557=DIRECTION('center_axis',(0.,-0.00872653549837375,-0.999961923064171));
#11558=DIRECTION('ref_axis',(0.,-0.999961923064171,0.00872653549837375));
#11559=DIRECTION('center_axis',(0.,1.,0.));
#11560=DIRECTION('ref_axis',(-0.707106781186498,0.,0.707106781186598));
#11561=DIRECTION('center_axis',(0.,-0.00872653549837375,-0.999961923064171));
#11562=DIRECTION('ref_axis',(-0.707106781186532,-0.707079856727032,0.00617059242716534));
#11563=DIRECTION('',(0.,-0.00872653549837375,-0.999961923064171));
#11564=DIRECTION('center_axis',(0.,0.00872653549837475,0.999961923064171));
#11565=DIRECTION('ref_axis',(-0.707106781186582,-0.707079856726982,0.00617059242716562));
#11566=DIRECTION('center_axis',(1.,0.,0.));
#11567=DIRECTION('ref_axis',(0.,0.,-1.));
#11568=DIRECTION('center_axis',(0.,-1.,0.));
#11569=DIRECTION('ref_axis',(0.,0.,1.));
#11570=DIRECTION('center_axis',(-1.,0.,0.));
#11571=DIRECTION('ref_axis',(0.,0.999961923064171,-0.00872653549837475));
#11572=DIRECTION('center_axis',(0.,-1.,0.));
#11573=DIRECTION('ref_axis',(-0.707106781186548,0.,0.707106781186548));
#11574=DIRECTION('',(0.,-1.,0.));
#11575=DIRECTION('center_axis',(0.,0.,1.));
#11576=DIRECTION('ref_axis',(1.,0.,0.));
#11577=DIRECTION('',(-1.,0.,-1.721306291483E-13));
#11578=DIRECTION('',(-8.58916516595597E-8,0.999999999999996,3.70353334499999E-13));
#11579=DIRECTION('center_axis',(0.,1.,0.));
#11580=DIRECTION('ref_axis',(0.704014724455977,0.,-0.710185375623277));
#11581=DIRECTION('center_axis',(0.,-1.,0.));
#11582=DIRECTION('ref_axis',(-2.6645352591E-14,0.,-1.));
#11583=DIRECTION('center_axis',(0.,-1.,0.));
#11584=DIRECTION('ref_axis',(0.999961923064157,0.,-0.00872653549996969));
#11585=DIRECTION('',(0.,-1.,0.));
#11586=DIRECTION('center_axis',(0.,1.,0.));
#11587=DIRECTION('ref_axis',(0.,0.,1.));
#11588=DIRECTION('center_axis',(0.00872653549837275,0.,0.999961923064171));
#11589=DIRECTION('ref_axis',(-0.999961923064171,-3.08642000845791E-13,0.00872653549837275));
#11590=DIRECTION('center_axis',(0.00872653549837375,0.,0.999961923064171));
#11591=DIRECTION('ref_axis',(-0.707079856727032,-0.707106781186532,0.00617059242716534));
#11592=DIRECTION('',(0.00872653549837375,0.,0.999961923064171));
#11593=DIRECTION('center_axis',(0.999961923064171,0.,-0.00872653549837375));
#11594=DIRECTION('ref_axis',(-0.00872653549837388,0.,-0.999961923064171));
#11595=DIRECTION('',(0.00872620324393008,0.00872620342282609,0.99992385047601));
#11596=DIRECTION('center_axis',(-0.00872620324394374,-0.00872620324394374,
-0.99992385047757));
#11597=DIRECTION('ref_axis',(0.707052935342853,0.707052935342853,-0.0123407149756093));
#11598=DIRECTION('center_axis',(0.00872620324395675,0.00872620324395192,
0.99992385047757));
#11599=DIRECTION('ref_axis',(-1.84240497524968E-5,0.999961924297478,-0.00872637472489891));
#11600=DIRECTION('',(-0.00872696515353942,-0.00872620321501442,-0.999923843828448));
#11601=DIRECTION('center_axis',(0.,0.999961923064171,-0.00872653549837375));
#11602=DIRECTION('ref_axis',(0.,0.00872653549837388,0.999961923064171));
#11603=DIRECTION('',(1.,1.342679693486E-11,3.087036037638E-9));
#11604=DIRECTION('center_axis',(-1.,0.,0.));
#11605=DIRECTION('ref_axis',(0.,0.704014724455977,-0.710185375623277));
#11606=DIRECTION('center_axis',(-0.999965954396422,1.53207787987535E-5,
0.00825165518712702));
#11607=DIRECTION('ref_axis',(-0.00825165514321565,2.92714232208554E-6,-0.999965954509867));
#11608=DIRECTION('center_axis',(0.,0.,1.));
#11609=DIRECTION('ref_axis',(1.,0.,0.));
#11610=DIRECTION('center_axis',(0.,1.,0.));
#11611=DIRECTION('ref_axis',(1.06581410364E-13,0.,1.));
#11612=DIRECTION('center_axis',(0.00872653549837375,0.,-0.999961923064171));
#11613=DIRECTION('ref_axis',(0.999961923064171,1.55431223447496E-14,0.00872653549837375));
#11614=DIRECTION('center_axis',(-0.00872653549837375,0.,0.999961923064171));
#11615=DIRECTION('ref_axis',(0.707079856727032,-0.707106781186532,0.00617059242716534));
#11616=DIRECTION('center_axis',(-0.00867217670155226,-2.20800424333386E-5,
-0.999962395724824));
#11617=DIRECTION('ref_axis',(0.707014007111118,-0.707173096708916,-0.00611596597462179));
#11618=DIRECTION('center_axis',(-0.00872716175232912,-8.30601626308711E-7,
-0.999961917598395));
#11619=DIRECTION('ref_axis',(0.897686926859008,0.44056417843829,-0.00783492331966931));
#11620=DIRECTION('',(0.00872653549837275,0.,-0.999961923064171));
#11621=DIRECTION('center_axis',(0.,-1.,0.));
#11622=DIRECTION('ref_axis',(0.,0.,-1.));
#11623=DIRECTION('center_axis',(0.,1.,0.));
#11624=DIRECTION('ref_axis',(-0.704014724455977,0.,-0.710185375623277));
#11625=DIRECTION('',(0.,1.,-5.8987581193E-14));
#11626=DIRECTION('center_axis',(0.,-1.,0.));
#11627=DIRECTION('ref_axis',(0.,0.,-1.));
#11628=DIRECTION('center_axis',(1.,0.,0.));
#11629=DIRECTION('ref_axis',(0.,1.00031094518726E-11,-1.));
#11630=DIRECTION('center_axis',(0.00875464120405584,0.00875464120616072,
0.999923353320013));
#11631=DIRECTION('ref_axis',(-0.000216365846610371,0.999961667633268,-0.00875308230938632));
#11632=DIRECTION('center_axis',(-1.,0.,0.));
#11633=DIRECTION('ref_axis',(0.,-0.704014724455977,-0.710185375623277));
#11634=DIRECTION('center_axis',(-1.,0.,0.));
#11635=DIRECTION('ref_axis',(0.,-0.704014724455977,-0.710185375623277));
#11636=DIRECTION('',(-1.,0.,3.549030104583E-14));
#11637=DIRECTION('center_axis',(0.,0.,1.));
#11638=DIRECTION('ref_axis',(1.,0.,0.));
#11639=DIRECTION('center_axis',(0.00667308444679384,0.0087263411996538,
-0.999939658636076));
#11640=DIRECTION('ref_axis',(-3.55357900765931E-14,-0.999961923064171,-0.00872653549837445));
#11641=DIRECTION('center_axis',(0.262008733624498,-0.965065502183394,0.));
#11642=DIRECTION('ref_axis',(-0.965028755446196,-0.261998757134762,-0.00872653549841111));
#11643=DIRECTION('center_axis',(0.262008733624498,-0.965065502183394,0.));
#11644=DIRECTION('ref_axis',(-0.679420323601593,-0.184458006407706,-0.710185375623295));
#11645=DIRECTION('center_axis',(0.262008733624516,-0.965065502183389,3.29001240244981E-14));
#11646=DIRECTION('ref_axis',(1.36646249870866E-10,3.70814490224808E-11,
-1.));
#11647=DIRECTION('',(-0.262008735328605,0.965065501720719,2.02379076526904E-7));
#11648=DIRECTION('center_axis',(1.,0.,0.));
#11649=DIRECTION('ref_axis',(0.,0.,-1.));
#11650=DIRECTION('center_axis',(0.0538494715470089,-0.225915926869585,-0.972657302651229));
#11651=DIRECTION('ref_axis',(0.735584796009687,-0.649760213407352,0.191642043800987));
#11652=DIRECTION('center_axis',(1.,0.,0.));
#11653=DIRECTION('ref_axis',(0.,-0.608761429008725,-0.793353340291232));
#11654=DIRECTION('',(-1.,-4.269639174308E-14,1.636495127343E-13));
#11655=DIRECTION('center_axis',(0.,-0.965925826289076,-0.258819045102493));
#11656=DIRECTION('ref_axis',(0.,0.258819045102495,-0.965925826289075));
#11657=DIRECTION('',(0.0614168050018475,-0.258330448100589,0.964102357453561));
#11658=DIRECTION('center_axis',(0.0614168049931874,-0.258330448100789,0.964102357454059));
#11659=DIRECTION('ref_axis',(0.609040691262308,0.774957256854597,0.168851077684239));
#11660=DIRECTION('',(-0.0614167977217389,0.258330421574095,-0.964102365025083));
#11661=DIRECTION('center_axis',(0.965028755446213,0.261998757134703,0.00872653549837412));
#11662=DIRECTION('ref_axis',(0.00842167836306018,0.00228642851485716,-0.999961923064171));
#11663=DIRECTION('',(-0.00667308444480117,-0.00872634120699323,0.999939658636026));
#11664=DIRECTION('center_axis',(-0.00667308444679384,-0.0087263411996538,
0.999939658636076));
#11665=DIRECTION('ref_axis',(-0.607413453202802,-0.794309900342102,-0.0109854033502105));
#11666=DIRECTION('',(0.00667308445439817,0.00872634119965322,-0.999939658636026));
#11667=DIRECTION('center_axis',(0.,0.999961923064171,0.00872653549837375));
#11668=DIRECTION('ref_axis',(0.,-0.00872653549837388,0.999961923064171));
#11669=DIRECTION('',(-0.00872620324960618,-0.00872620324394318,0.999923850477521));
#11670=DIRECTION('',(1.,0.,-3.68170411438E-14));
#11671=DIRECTION('center_axis',(1.,0.,0.));
#11672=DIRECTION('ref_axis',(0.,0.704014724455977,0.710185375623277));
#11673=DIRECTION('center_axis',(-1.,-3.901861812685E-14,0.));
#11674=DIRECTION('ref_axis',(-2.74696816892273E-14,0.704014724455977,0.710185375623277));
#11675=DIRECTION('center_axis',(0.,0.,1.));
#11676=DIRECTION('ref_axis',(1.,0.,0.));
#11677=DIRECTION('center_axis',(0.,-1.,0.));
#11678=DIRECTION('ref_axis',(0.999961923064171,0.,0.00872653549837575));
#11679=DIRECTION('center_axis',(0.00872620324394374,0.00872620324394374,
-0.99992385047757));
#11680=DIRECTION('ref_axis',(2.0003530082357E-17,0.999961923064171,0.00872653549837346));
#11681=DIRECTION('center_axis',(0.,-1.,0.));
#11682=DIRECTION('ref_axis',(0.704014724455977,0.,0.710185375623277));
#11683=DIRECTION('',(0.,-1.,0.));
#11684=DIRECTION('center_axis',(0.999961923064171,0.,0.00872653549837375));
#11685=DIRECTION('ref_axis',(0.0087265354983721,0.,-0.999961923064171));
#11686=DIRECTION('',(0.00872620324394286,0.00872620325388186,-0.999923850477484));
#11687=DIRECTION('center_axis',(-0.00872620324394374,-0.00872620324394374,
0.99992385047757));
#11688=DIRECTION('ref_axis',(0.707052935342803,0.707052935342903,0.0123407149756093));
#11689=DIRECTION('center_axis',(-1.,0.,0.));
#11690=DIRECTION('ref_axis',(0.,-0.965925826290429,-0.258819045097442));
#11691=DIRECTION('center_axis',(-0.0543123680150371,-0.226072013050283,
-0.972595296922616));
#11692=DIRECTION('ref_axis',(0.370133538351533,0.900085104131321,-0.229886861539067));
#11693=DIRECTION('center_axis',(0.0614168049931874,0.258330448100789,-0.964102357454059));
#11694=DIRECTION('ref_axis',(-0.609040691262308,0.774957256854597,0.168851077684239));
#11695=DIRECTION('',(0.0614168050083084,0.258330448100493,-0.964102357453175));
#11696=DIRECTION('center_axis',(0.0614168049931874,0.258330448100789,-0.964102357454059));
#11697=DIRECTION('ref_axis',(-0.609040691262308,0.774957256854597,0.168851077684239));
#11698=DIRECTION('center_axis',(1.,0.,0.));
#11699=DIRECTION('ref_axis',(0.,0.,-1.));
#11700=DIRECTION('center_axis',(-0.262008733624498,-0.965065502183394,0.));
#11701=DIRECTION('ref_axis',(0.,0.,1.));
#11702=DIRECTION('center_axis',(0.262008733624498,0.965065502183394,0.));
#11703=DIRECTION('ref_axis',(-0.679420323601593,0.184458006407706,0.710185375623295));
#11704=DIRECTION('center_axis',(0.,-0.965925826289076,-0.258819045102493));
#11705=DIRECTION('ref_axis',(0.,0.258819045102495,-0.965925826289075));
#11706=DIRECTION('',(-1.,7.533969621727E-14,-2.800645235975E-13));
#11707=DIRECTION('center_axis',(1.,0.,0.));
#11708=DIRECTION('ref_axis',(0.,-0.608761429008725,-0.793353340291232));
#11709=DIRECTION('center_axis',(1.,0.,0.));
#11710=DIRECTION('ref_axis',(0.,0.99996192306416,-0.0087265354997091));
#11711=DIRECTION('center_axis',(1.80380380532234E-5,-0.00874324121015441,
0.999961776973385));
#11712=DIRECTION('ref_axis',(0.999999996921858,7.65152075630876E-5,-1.73697110068944E-5));
#11713=DIRECTION('center_axis',(0.,0.00872653549837375,0.999961923064171));
#11714=DIRECTION('ref_axis',(0.707106781186532,-0.707079856727032,0.00617059242716534));
#11715=DIRECTION('',(0.,0.00872653549837675,0.999961923064171));
#11716=DIRECTION('center_axis',(0.,-0.00872653549837375,-0.999961923064171));
#11717=DIRECTION('ref_axis',(1.,-1.42097725241975E-13,1.24006806155426E-15));
#11718=DIRECTION('center_axis',(0.,0.,1.));
#11719=DIRECTION('ref_axis',(1.,0.,0.));
#11720=DIRECTION('center_axis',(-1.,0.,0.));
#11721=DIRECTION('ref_axis',(0.,-0.999961923064171,0.00872653549839275));
#11722=DIRECTION('center_axis',(0.,1.,0.));
#11723=DIRECTION('ref_axis',(0.,0.,1.));
#11724=DIRECTION('center_axis',(0.,-1.,0.));
#11725=DIRECTION('ref_axis',(0.707106781186498,0.,0.707106781186598));
#11726=DIRECTION('center_axis',(0.,-1.,0.));
#11727=DIRECTION('ref_axis',(0.707106781186598,0.,0.707106781186498));
#11728=DIRECTION('',(0.,1.,0.));
#11729=DIRECTION('center_axis',(0.,0.,1.));
#11730=DIRECTION('ref_axis',(1.,0.,0.));
#11731=DIRECTION('center_axis',(-1.,0.,0.));
#11732=DIRECTION('ref_axis',(0.,0.,1.));
#11733=DIRECTION('center_axis',(0.,0.00872653549837375,-0.999961923064171));
#11734=DIRECTION('ref_axis',(0.,0.999961923064171,0.00872653549837375));
#11735=DIRECTION('center_axis',(0.,0.00872653549837375,-0.999961923064171));
#11736=DIRECTION('ref_axis',(0.707106781186482,0.707079856727082,0.00617059242716578));
#11737=DIRECTION('',(-2.35043831608993E-14,0.00872653549836975,-0.999961923064171));
#11738=DIRECTION('center_axis',(0.,-0.00872653549837375,0.999961923064171));
#11739=DIRECTION('ref_axis',(0.707106781186732,0.707079856726832,0.0061705924271636));
#11740=DIRECTION('center_axis',(-1.,0.,0.));
#11741=DIRECTION('ref_axis',(0.,0.,1.));
#11742=DIRECTION('center_axis',(0.,1.,0.));
#11743=DIRECTION('ref_axis',(5.684341886081E-13,0.,1.));
#11744=DIRECTION('center_axis',(1.,0.,0.));
#11745=DIRECTION('ref_axis',(0.,-0.999961923064171,-0.00872653549836875));
#11746=DIRECTION('center_axis',(0.,1.,0.));
#11747=DIRECTION('ref_axis',(0.707106781186498,0.,0.707106781186598));
#11748=DIRECTION('',(1.763587307143E-14,1.,0.));
#11749=DIRECTION('center_axis',(0.,0.,1.));
#11750=DIRECTION('ref_axis',(1.,0.,0.));
#11751=DIRECTION('',(0.99999999572565,5.12071071704574E-9,-9.24591771362454E-5));
#11752=DIRECTION('',(-8.8738366607234E-7,-0.999999980290745,0.000198538968452209));
#11753=DIRECTION('center_axis',(0.,-1.,0.));
#11754=DIRECTION('ref_axis',(-0.704014724455977,0.,-0.710185375623277));
#11755=DIRECTION('center_axis',(0.,1.,0.));
#11756=DIRECTION('ref_axis',(0.,0.,-1.));
#11757=DIRECTION('center_axis',(5.51653570949776E-5,0.999999997170932,5.11362788585994E-5));
#11758=DIRECTION('ref_axis',(-0.999607639955002,5.65760423543568E-5,-0.0280100507450947));
#11759=DIRECTION('',(5.76244416135905E-5,0.999999998338408,1.61469705423001E-6));
#11760=DIRECTION('center_axis',(0.,-1.,0.));
#11761=DIRECTION('ref_axis',(0.,0.,-1.));
#11762=DIRECTION('center_axis',(-0.00872653549836775,0.,0.999961923064171));
#11763=DIRECTION('ref_axis',(0.999961923064171,-1.42108547151996E-13,0.00872653549836775));
#11764=DIRECTION('center_axis',(-0.00872653549837375,0.,0.999961923064171));
#11765=DIRECTION('ref_axis',(0.707079856727032,0.707106781186532,0.00617059242716534));
#11766=DIRECTION('center_axis',(0.00872653549837375,0.,-0.999961923064171));
#11767=DIRECTION('ref_axis',(0.,1.,0.));
#11768=DIRECTION('',(-0.00872653549837375,0.,0.999961923064171));
#11769=DIRECTION('center_axis',(0.,0.,1.));
#11770=DIRECTION('ref_axis',(1.,0.,0.));
#11771=DIRECTION('center_axis',(-1.,0.,0.));
#11772=DIRECTION('ref_axis',(0.,0.,1.));
#11773=DIRECTION('center_axis',(0.,-1.,0.));
#11774=DIRECTION('ref_axis',(0.999961923064171,0.,0.00872653549841075));
#11775=DIRECTION('center_axis',(1.,0.,0.));
#11776=DIRECTION('ref_axis',(0.,0.707106781186498,0.707106781186598));
#11777=DIRECTION('',(-1.,0.,0.));
#11778=DIRECTION('center_axis',(0.707106781186532,0.707106781186563,0.));
#11779=DIRECTION('ref_axis',(-0.707106781186563,0.707106781186532,1.22663473334667E-16));
#11780=DIRECTION('center_axis',(0.,1.,0.));
#11781=DIRECTION('ref_axis',(-0.691513055782263,0.,0.722363962059762));
#11782=DIRECTION('',(0.,-1.,0.));
#11783=DIRECTION('center_axis',(0.,1.,0.));
#11784=DIRECTION('ref_axis',(-0.691513055782211,0.,0.722363962059812));
#11785=DIRECTION('',(-3.13862751916515E-6,0.999999995400147,-9.58637325548245E-5));
#11786=DIRECTION('center_axis',(0.,0.,1.));
#11787=DIRECTION('ref_axis',(1.,0.,0.));
#11788=DIRECTION('',(1.,0.,0.));
#11789=DIRECTION('',(0.,1.,0.));
#11790=DIRECTION('',(-1.,0.,0.));
#11791=DIRECTION('center_axis',(1.,0.,0.));
#11792=DIRECTION('ref_axis',(0.,0.704014724456077,0.710185375623177));
#11793=DIRECTION('center_axis',(-1.,0.,0.));
#11794=DIRECTION('ref_axis',(0.,0.999961923064157,0.00872653550000096));
#11795=DIRECTION('',(1.,0.,-5.459796833968E-13));
#11796=DIRECTION('center_axis',(0.,-0.999961923064171,-0.00872653549837375));
#11797=DIRECTION('ref_axis',(0.,0.00872653549836855,-0.999961923064171));
#11798=DIRECTION('',(0.0087270179304177,0.00891685258749269,-0.999922161419565));
#11799=DIRECTION('',(-0.99999999607947,8.85463952835974E-5,7.71310454543277E-7));
#11800=DIRECTION('center_axis',(1.,0.,0.));
#11801=DIRECTION('ref_axis',(0.,-0.704014724455977,-0.710185375623277));
#11802=DIRECTION('center_axis',(0.999965686782935,-4.0858697735609E-6,0.00828403525098704));
#11803=DIRECTION('ref_axis',(0.00828403546454532,5.53595798645238E-5,-0.999965685257119));
#11804=DIRECTION('center_axis',(0.999966392061119,-6.32152870296712E-5,
0.00819821639721816));
#11805=DIRECTION('ref_axis',(8.05891462771505E-6,-0.999962210413685,-0.00869354240984791));
#11806=DIRECTION('center_axis',(0.00819845622123915,0.00868503639156816,
-0.999928675185618));
#11807=DIRECTION('ref_axis',(-0.00427352096503395,-0.999952845711386,-0.00872028510211417));
#11808=DIRECTION('center_axis',(0.00819845611326438,0.0086984554942644,
-0.999928558542746));
#11809=DIRECTION('ref_axis',(-0.700103941582702,-0.713940928336403,-0.0119508086136399));
#11810=DIRECTION('center_axis',(-0.999966392061119,6.32152870296712E-5,
-0.00819821639721816));
#11811=DIRECTION('ref_axis',(0.00819821986219211,5.47493607274282E-5,-0.999966392532068));
#11812=DIRECTION('center_axis',(-0.999961923064171,0.,-0.00872653549837375));
#11813=DIRECTION('ref_axis',(-0.00872653549837565,0.,0.999961923064171));
#11814=DIRECTION('',(-0.00878881883569238,-0.00872735136670738,0.999923292058744));
#11815=DIRECTION('',(0.,-1.,1.014204801822E-12));
#11816=DIRECTION('center_axis',(0.,-1.,0.));
#11817=DIRECTION('ref_axis',(0.704014724455977,0.,0.710185375623277));
#11818=DIRECTION('center_axis',(0.,-1.,0.));
#11819=DIRECTION('ref_axis',(8.88178419700065E-14,0.,1.));
#11820=DIRECTION('center_axis',(0.00873463409843452,0.00873463410416724,
0.99992370325652));
#11821=DIRECTION('ref_axis',(0.000215693371350416,-0.999961842639831,0.00873308311670994));
#11822=DIRECTION('center_axis',(0.00872620324394374,0.00872620324394374,
-0.99992385047757));
#11823=DIRECTION('ref_axis',(-0.707052935342704,-0.707052935343004,-0.0123407149756093));
#11824=DIRECTION('center_axis',(-1.,0.,0.));
#11825=DIRECTION('ref_axis',(0.,-0.704014724455927,0.710185375623327));
#11826=DIRECTION('center_axis',(1.,0.,0.));
#11827=DIRECTION('ref_axis',(0.,7.105427357601E-14,1.));
#11828=DIRECTION('',(-1.,0.,0.));
#11829=DIRECTION('center_axis',(0.,0.,1.));
#11830=DIRECTION('ref_axis',(1.,0.,0.));
#11831=DIRECTION('center_axis',(-0.0436177296326389,-0.00871823040181977,
-0.999010253260874));
#11832=DIRECTION('ref_axis',(-4.98732999343318E-17,-0.999961923064171,0.00872653549837361));
#11833=DIRECTION('center_axis',(0.0436177296326389,0.00871823040181977,
0.999010253260874));
#11834=DIRECTION('ref_axis',(-0.706299359942829,-0.706945321527128,0.0370071143870433));
#11835=DIRECTION('',(-0.0436177296326401,-0.00871823041008301,-0.999010253260801));
#11836=DIRECTION('',(0.0436177296826196,0.00871823040179893,0.999010253258692));
#11837=DIRECTION('center_axis',(0.999048221581858,0.,-0.0436193873653382));
#11838=DIRECTION('ref_axis',(-0.0436193873653394,0.,-0.999048221581858));
#11839=DIRECTION('',(0.,-1.,-1.441960955956E-14));
#11840=DIRECTION('center_axis',(0.,-1.,0.));
#11841=DIRECTION('ref_axis',(0.691513055782263,0.,-0.722363962059762));
#11842=DIRECTION('center_axis',(0.,1.,0.));
#11843=DIRECTION('ref_axis',(4.44089209850055E-14,0.,-1.));
#11844=DIRECTION('center_axis',(-1.,0.,0.));
#11845=DIRECTION('ref_axis',(0.,-3.1974423109202E-12,-1.));
#11846=DIRECTION('center_axis',(1.,0.,0.));
#11847=DIRECTION('ref_axis',(0.,0.704014724455977,-0.710185375623277));
#11848=DIRECTION('',(1.,0.,3.654984653716E-13));
#11849=DIRECTION('center_axis',(0.,-0.999961923064171,0.00872653549837375));
#11850=DIRECTION('ref_axis',(0.,-0.00872653549837565,-0.999961923064171));
#11851=DIRECTION('center_axis',(-1.,0.,0.));
#11852=DIRECTION('ref_axis',(0.,0.,1.));
#11853=DIRECTION('',(0.,-0.999961923064171,0.00872653549837375));
#11854=DIRECTION('',(0.,-0.00872653549837175,-0.999961923064171));
#11855=DIRECTION('',(0.,-1.,0.));
#11856=DIRECTION('',(0.,1.,0.));
#11857=DIRECTION('center_axis',(0.,0.00872653549837375,0.999961923064171));
#11858=DIRECTION('ref_axis',(1.,0.,0.));
#11859=DIRECTION('',(1.,0.,0.));
#11860=DIRECTION('',(1.,0.,0.));
#11861=DIRECTION('',(0.,0.999961923064171,-0.00872653549837275));
#11862=DIRECTION('center_axis',(0.,0.999961923064171,-0.00872653549837575));
#11863=DIRECTION('ref_axis',(0.,0.00872653549838276,0.999961923064171));
#11864=DIRECTION('',(-1.,0.,0.));
#11865=DIRECTION('',(0.,0.00872653549837175,0.999961923064171));
#11866=DIRECTION('center_axis',(0.,0.,-1.));
#11867=DIRECTION('ref_axis',(-1.,0.,0.));
#11868=DIRECTION('',(0.,1.,0.));
#11869=DIRECTION('center_axis',(1.,0.,0.));
#11870=DIRECTION('ref_axis',(0.,0.,-1.));
#11871=DIRECTION('',(0.,1.,0.));
#11872=DIRECTION('center_axis',(0.,0.,1.));
#11873=DIRECTION('ref_axis',(1.,0.,0.));
#11874=DIRECTION('center_axis',(0.,0.,-1.));
#11875=DIRECTION('ref_axis',(1.,0.,0.));
#11876=DIRECTION('center_axis',(0.,0.,1.));
#11877=DIRECTION('ref_axis',(-0.529411764705907,0.848365005991512,0.));
#11878=DIRECTION('center_axis',(0.,0.,-1.));
#11879=DIRECTION('ref_axis',(-0.529411764705529,-0.848365005991747,0.));
#11880=DIRECTION('',(0.,-1.,0.));
#11881=DIRECTION('center_axis',(0.,0.,1.));
#11882=DIRECTION('ref_axis',(1.,0.,0.));
#11883=DIRECTION('',(0.,1.,0.));
#11884=DIRECTION('center_axis',(0.,0.,-1.));
#11885=DIRECTION('ref_axis',(0.87447463219519,-0.485071250072695,0.));
#11886=DIRECTION('center_axis',(0.,0.,1.));
#11887=DIRECTION('ref_axis',(0.529411764705907,-0.848365005991512,0.));
#11888=DIRECTION('',(4.736951571734E-14,5.263279524149E-14,1.));
#11889=DIRECTION('',(0.,1.05265590483E-14,1.));
#11890=DIRECTION('center_axis',(0.,0.,1.));
#11891=DIRECTION('ref_axis',(1.,0.,0.));
#11892=DIRECTION('center_axis',(0.848365005991511,0.529411764705907,0.));
#11893=DIRECTION('ref_axis',(0.,0.,1.));
#11894=DIRECTION('center_axis',(0.,-1.,0.));
#11895=DIRECTION('ref_axis',(1.,0.,0.));
#11896=DIRECTION('center_axis',(0.,0.,-1.));
#11897=DIRECTION('ref_axis',(-1.,0.,0.));
#11898=DIRECTION('center_axis',(-0.848365005991511,0.529411764705907,0.));
#11899=DIRECTION('ref_axis',(-0.529411764705907,-0.848365005991512,0.));
#11900=DIRECTION('center_axis',(0.,0.,-1.));
#11901=DIRECTION('ref_axis',(0.529411764705907,0.848365005991512,0.));
#11902=DIRECTION('center_axis',(0.,0.,1.));
#11903=DIRECTION('ref_axis',(1.,0.,0.));
#11904=DIRECTION('center_axis',(0.,-1.,0.));
#11905=DIRECTION('ref_axis',(0.,0.,1.));
#11906=DIRECTION('center_axis',(0.,0.,1.));
#11907=DIRECTION('ref_axis',(-1.,0.,0.));
#11908=DIRECTION('center_axis',(0.,-1.,0.));
#11909=DIRECTION('ref_axis',(-0.707106781186498,0.,0.707106781186598));
#11910=DIRECTION('center_axis',(0.,1.,0.));
#11911=DIRECTION('ref_axis',(-0.707106781186598,0.,0.707106781186498));
#11912=DIRECTION('',(0.,-1.,0.));
#11913=DIRECTION('center_axis',(1.,0.,0.));
#11914=DIRECTION('ref_axis',(0.,0.,-1.));
#11915=DIRECTION('',(0.,1.05265590483E-14,1.));
#11916=DIRECTION('',(0.,-1.05265590483E-14,-1.));
#11917=DIRECTION('center_axis',(0.,0.,-1.));
#11918=DIRECTION('ref_axis',(-0.87447463219519,-0.485071250072695,0.));
#11919=DIRECTION('',(2.10531180966E-14,-3.157967714489E-14,-1.));
#11920=DIRECTION('center_axis',(0.,0.,-1.));
#11921=DIRECTION('ref_axis',(0.500000000000017,-0.866025403784429,0.));
#11922=DIRECTION('center_axis',(0.,0.,-1.));
#11923=DIRECTION('ref_axis',(-1.,0.,0.));
#11924=DIRECTION('center_axis',(0.,0.,-1.));
#11925=DIRECTION('ref_axis',(-1.,0.,0.));
#11926=DIRECTION('',(0.,-2.10531180966E-14,-1.));
#11927=DIRECTION('center_axis',(0.,0.,-1.));
#11928=DIRECTION('ref_axis',(-1.,0.,0.));
#11929=DIRECTION('center_axis',(0.,1.,0.));
#11930=DIRECTION('ref_axis',(-1.42108547152E-14,0.,1.));
#11931=DIRECTION('center_axis',(0.,1.,0.));
#11932=DIRECTION('ref_axis',(0.707106781186498,0.,0.707106781186598));
#11933=DIRECTION('',(0.,1.,0.));
#11934=DIRECTION('center_axis',(-1.,0.,0.));
#11935=DIRECTION('ref_axis',(0.,0.,1.));
#11936=DIRECTION('center_axis',(-1.,0.,0.));
#11937=DIRECTION('ref_axis',(0.,-0.707106781186498,0.707106781186598));
#11938=DIRECTION('center_axis',(-1.,0.,0.));
#11939=DIRECTION('ref_axis',(0.,-0.707106781186498,0.707106781186598));
#11940=DIRECTION('',(1.,0.,-2.640302653368E-14));
#11941=DIRECTION('center_axis',(0.,-1.,0.));
#11942=DIRECTION('ref_axis',(0.,0.,-1.));
#11943=DIRECTION('',(0.,0.,1.));
#11944=DIRECTION('',(-1.,0.,1.957408933135E-14));
#11945=DIRECTION('center_axis',(-1.,0.,0.));
#11946=DIRECTION('ref_axis',(0.,-0.707106781186498,-0.707106781186598));
#11947=DIRECTION('center_axis',(-1.,0.,0.));
#11948=DIRECTION('ref_axis',(0.,-0.707106781186498,-0.707106781186598));
#11949=DIRECTION('',(1.,0.,0.));
#11950=DIRECTION('center_axis',(0.,0.,-1.));
#11951=DIRECTION('ref_axis',(-1.,0.,0.));
#11952=DIRECTION('center_axis',(0.,0.,-1.));
#11953=DIRECTION('ref_axis',(0.,-1.,0.));
#11954=DIRECTION('',(0.,-1.,0.));
#11955=DIRECTION('center_axis',(0.,0.,-1.));
#11956=DIRECTION('ref_axis',(-1.,0.,0.));
#11957=DIRECTION('',(-1.,0.,0.));
#11958=DIRECTION('center_axis',(-1.,0.,0.));
#11959=DIRECTION('ref_axis',(0.,0.707106781186498,-0.707106781186598));
#11960=DIRECTION('center_axis',(-1.,0.,0.));
#11961=DIRECTION('ref_axis',(0.,0.707106781186498,-0.707106781186598));
#11962=DIRECTION('',(1.,-2.847140266378E-14,-1.779462666486E-14));
#11963=DIRECTION('center_axis',(0.,1.,0.));
#11964=DIRECTION('ref_axis',(0.,0.,1.));
#11965=DIRECTION('',(0.,0.,-1.));
#11966=DIRECTION('',(-1.,5.837162317536E-14,-2.188935869076E-14));
#11967=DIRECTION('center_axis',(-1.,0.,0.));
#11968=DIRECTION('ref_axis',(0.,0.707106781186498,0.707106781186598));
#11969=DIRECTION('center_axis',(-1.,0.,0.));
#11970=DIRECTION('ref_axis',(0.,0.707106781186498,0.707106781186598));
#11971=DIRECTION('center_axis',(0.,0.,-1.));
#11972=DIRECTION('ref_axis',(-1.,0.,0.));
#11973=DIRECTION('center_axis',(0.,0.,1.));
#11974=DIRECTION('ref_axis',(0.,1.,0.));
#11975=DIRECTION('center_axis',(0.,1.,0.));
#11976=DIRECTION('ref_axis',(-1.,0.,0.));
#11977=DIRECTION('center_axis',(0.,-1.,0.));
#11978=DIRECTION('ref_axis',(-0.707106781186548,0.,0.707106781186548));
#11979=DIRECTION('',(0.,-1.,0.));
#11980=DIRECTION('center_axis',(0.,-1.,0.));
#11981=DIRECTION('ref_axis',(-0.707106781186548,0.,0.707106781186548));
#11982=DIRECTION('center_axis',(0.,0.,-1.));
#11983=DIRECTION('ref_axis',(-1.,0.,0.));
#11984=DIRECTION('center_axis',(0.,0.,1.));
#11985=DIRECTION('ref_axis',(-1.,0.,0.));
#11986=DIRECTION('center_axis',(0.,0.,-1.));
#11987=DIRECTION('ref_axis',(-0.707106781186548,-0.707106781186548,0.));
#11988=DIRECTION('',(0.,0.,-1.));
#11989=DIRECTION('center_axis',(0.,0.,-1.));
#11990=DIRECTION('ref_axis',(0.,-1.,0.));
#11991=DIRECTION('center_axis',(0.,0.,1.));
#11992=DIRECTION('ref_axis',(1.,0.,0.));
#11993=DIRECTION('center_axis',(0.,-1.,0.));
#11994=DIRECTION('ref_axis',(-1.,0.,0.));
#11995=DIRECTION('center_axis',(0.,1.,0.));
#11996=DIRECTION('ref_axis',(-0.707106781186548,0.,-0.707106781186548));
#11997=DIRECTION('',(0.,1.,0.));
#11998=DIRECTION('center_axis',(0.,1.,0.));
#11999=DIRECTION('ref_axis',(-0.707106781186548,0.,-0.707106781186548));
#12000=DIRECTION('center_axis',(0.,0.,1.));
#12001=DIRECTION('ref_axis',(1.,0.,0.));
#12002=DIRECTION('center_axis',(0.,0.,-1.));
#12003=DIRECTION('ref_axis',(-1.,0.,0.));
#12004=DIRECTION('center_axis',(0.,0.,1.));
#12005=DIRECTION('ref_axis',(-0.707106781186548,0.707106781186548,0.));
#12006=DIRECTION('',(0.,1.015061051086E-14,1.));
#12007=DIRECTION('center_axis',(1.,0.,0.));
#12008=DIRECTION('ref_axis',(0.,0.,-1.));
#12009=DIRECTION('',(0.,0.,-1.));
#12010=DIRECTION('',(0.,0.,-1.));
#12011=DIRECTION('center_axis',(0.,0.,1.));
#12012=DIRECTION('ref_axis',(1.,0.,0.));
#12013=DIRECTION('',(0.,0.,-1.));
#12014=DIRECTION('',(0.,0.,-1.));
#12015=DIRECTION('',(0.,0.,-1.));
#12016=DIRECTION('',(0.,0.,-1.));
#12017=DIRECTION('',(0.,0.,-1.));
#12018=DIRECTION('',(0.,0.,-1.));
#12019=DIRECTION('',(0.,0.,-1.));
#12020=DIRECTION('',(0.,0.,-1.));
#12021=DIRECTION('',(0.,0.,-1.));
#12022=DIRECTION('',(0.,0.,-1.));
#12023=DIRECTION('center_axis',(0.,0.,-1.));
#12024=DIRECTION('ref_axis',(-1.,0.,0.));
#12025=DIRECTION('center_axis',(-1.,0.,0.));
#12026=DIRECTION('ref_axis',(0.,0.,1.));
#12027=DIRECTION('',(0.,-1.,0.));
#12028=DIRECTION('',(0.,0.,-1.));
#12029=DIRECTION('',(0.,0.,-1.));
#12030=DIRECTION('center_axis',(0.,0.,1.));
#12031=DIRECTION('ref_axis',(1.,0.,0.));
#12032=DIRECTION('',(1.,0.,0.));
#12033=DIRECTION('',(0.,1.,0.));
#12034=DIRECTION('',(-1.,0.,0.));
#12035=DIRECTION('',(-0.397944692264713,-0.917409408006231,0.));
#12036=DIRECTION('',(-0.409094040958196,0.912492227721691,0.));
#12037=DIRECTION('',(-1.,0.,0.));
#12038=DIRECTION('',(0.,-1.,0.));
#12039=DIRECTION('',(1.,0.,0.));
#12040=DIRECTION('',(0.,1.,0.));
#12041=DIRECTION('',(0.40367136096488,-0.914904056356054,0.));
#12042=DIRECTION('',(1.,0.,0.));
#12043=DIRECTION('',(0.406841728378493,0.913498663408984,0.));
#12044=DIRECTION('center_axis',(0.913498663408984,-0.406841728378493,0.));
#12045=DIRECTION('ref_axis',(0.,0.,-1.));
#12046=DIRECTION('',(0.,0.,-1.));
#12047=DIRECTION('center_axis',(0.,-1.,0.));
#12048=DIRECTION('ref_axis',(0.,0.,-1.));
#12049=DIRECTION('',(0.,0.,-1.));
#12050=DIRECTION('center_axis',(-0.914904056356054,-0.40367136096488,0.));
#12051=DIRECTION('ref_axis',(0.,0.,1.));
#12052=DIRECTION('',(0.,2.368475785867E-14,-1.));
#12053=DIRECTION('center_axis',(1.,0.,0.));
#12054=DIRECTION('ref_axis',(0.,0.,-1.));
#12055=DIRECTION('',(0.,0.,-1.));
#12056=DIRECTION('center_axis',(0.,-1.,0.));
#12057=DIRECTION('ref_axis',(0.,0.,-1.));
#12058=DIRECTION('',(0.,0.,-1.));
#12059=DIRECTION('center_axis',(-1.,0.,0.));
#12060=DIRECTION('ref_axis',(0.,0.,1.));
#12061=DIRECTION('',(0.,0.,-1.));
#12062=DIRECTION('center_axis',(0.,1.,0.));
#12063=DIRECTION('ref_axis',(0.,0.,1.));
#12064=DIRECTION('',(0.,0.,-1.));
#12065=DIRECTION('center_axis',(0.912492227721691,0.409094040958196,0.));
#12066=DIRECTION('ref_axis',(0.,0.,-1.));
#12067=DIRECTION('',(-1.184237892933E-14,0.,-1.));
#12068=DIRECTION('center_axis',(-0.917409408006231,0.397944692264713,0.));
#12069=DIRECTION('ref_axis',(0.,0.,1.));
#12070=DIRECTION('',(0.,0.,-1.));
#12071=DIRECTION('center_axis',(0.,1.,0.));
#12072=DIRECTION('ref_axis',(0.,0.,1.));
#12073=DIRECTION('',(0.,0.,-1.));
#12074=DIRECTION('center_axis',(1.,0.,0.));
#12075=DIRECTION('ref_axis',(0.,0.,-1.));
#12076=DIRECTION('',(0.,0.,-1.));
#12077=DIRECTION('center_axis',(0.,-1.,0.));
#12078=DIRECTION('ref_axis',(0.,0.,-1.));
#12079=DIRECTION('center_axis',(-1.,0.,0.));
#12080=DIRECTION('ref_axis',(0.,0.,1.));
#12081=DIRECTION('',(0.,-1.,0.));
#12082=DIRECTION('',(0.,0.,-1.));
#12083=DIRECTION('',(0.,0.,-1.));
#12084=DIRECTION('center_axis',(0.,0.,1.));
#12085=DIRECTION('ref_axis',(1.,0.,0.));
#12086=DIRECTION('',(1.,0.,0.));
#12087=DIRECTION('',(0.,1.,0.));
#12088=DIRECTION('',(-1.,0.,0.));
#12089=DIRECTION('',(0.,1.,0.));
#12090=DIRECTION('',(1.,0.,0.));
#12091=DIRECTION('',(0.,1.,0.));
#12092=DIRECTION('',(-1.,0.,0.));
#12093=DIRECTION('',(0.,-1.,0.));
#12094=DIRECTION('',(1.,0.,0.));
#12095=DIRECTION('',(0.,-1.,0.));
#12096=DIRECTION('',(-1.,0.,0.));
#12097=DIRECTION('center_axis',(0.,1.,0.));
#12098=DIRECTION('ref_axis',(0.,0.,1.));
#12099=DIRECTION('',(0.,0.,-1.));
#12100=DIRECTION('center_axis',(-1.,0.,0.));
#12101=DIRECTION('ref_axis',(0.,0.,1.));
#12102=DIRECTION('',(0.,0.,-1.));
#12103=DIRECTION('center_axis',(0.,-1.,0.));
#12104=DIRECTION('ref_axis',(0.,0.,-1.));
#12105=DIRECTION('',(0.,0.,-1.));
#12106=DIRECTION('center_axis',(-1.,0.,0.));
#12107=DIRECTION('ref_axis',(0.,0.,1.));
#12108=DIRECTION('',(0.,0.,-1.));
#12109=DIRECTION('center_axis',(0.,1.,0.));
#12110=DIRECTION('ref_axis',(0.,0.,1.));
#12111=DIRECTION('',(0.,0.,-1.));
#12112=DIRECTION('center_axis',(1.,0.,0.));
#12113=DIRECTION('ref_axis',(0.,0.,-1.));
#12114=DIRECTION('',(0.,0.,-1.));
#12115=DIRECTION('center_axis',(0.,-1.,0.));
#12116=DIRECTION('ref_axis',(0.,0.,-1.));
#12117=DIRECTION('',(0.,0.,-1.));
#12118=DIRECTION('center_axis',(1.,0.,0.));
#12119=DIRECTION('ref_axis',(0.,0.,-1.));
#12120=DIRECTION('',(0.,0.,-1.));
#12121=DIRECTION('center_axis',(0.,1.,0.));
#12122=DIRECTION('ref_axis',(0.,0.,1.));
#12123=DIRECTION('',(0.,0.,-1.));
#12124=DIRECTION('center_axis',(1.,0.,0.));
#12125=DIRECTION('ref_axis',(0.,0.,-1.));
#12126=DIRECTION('',(0.,0.,-1.));
#12127=DIRECTION('center_axis',(0.,-1.,0.));
#12128=DIRECTION('ref_axis',(0.,0.,-1.));
#12129=DIRECTION('center_axis',(-1.,0.,0.));
#12130=DIRECTION('ref_axis',(0.,0.,1.));
#12131=DIRECTION('',(0.,-1.,0.));
#12132=DIRECTION('',(0.,0.,-1.));
#12133=DIRECTION('',(0.,0.,-1.));
#12134=DIRECTION('center_axis',(0.,0.,1.));
#12135=DIRECTION('ref_axis',(1.,0.,0.));
#12136=DIRECTION('',(1.,0.,0.));
#12137=DIRECTION('',(0.,1.,0.));
#12138=DIRECTION('',(-1.,0.,0.));
#12139=DIRECTION('',(0.,1.,0.));
#12140=DIRECTION('',(-1.,-3.914329244911E-14,0.));
#12141=DIRECTION('',(0.,-1.,0.));
#12142=DIRECTION('',(1.,0.,0.));
#12143=DIRECTION('',(0.,-1.,0.));
#12144=DIRECTION('',(-1.,0.,0.));
#12145=DIRECTION('center_axis',(0.,1.,0.));
#12146=DIRECTION('ref_axis',(0.,0.,1.));
#12147=DIRECTION('',(0.,0.,-1.));
#12148=DIRECTION('center_axis',(-1.,0.,0.));
#12149=DIRECTION('ref_axis',(0.,0.,1.));
#12150=DIRECTION('',(-1.7763568394E-14,0.,-1.));
#12151=DIRECTION('center_axis',(0.,-1.,0.));
#12152=DIRECTION('ref_axis',(0.,0.,-1.));
#12153=DIRECTION('',(0.,0.,-1.));
#12154=DIRECTION('center_axis',(-1.,0.,0.));
#12155=DIRECTION('ref_axis',(0.,0.,1.));
#12156=DIRECTION('',(0.,0.,1.));
#12157=DIRECTION('',(0.,0.,-1.));
#12158=DIRECTION('center_axis',(0.,1.,0.));
#12159=DIRECTION('ref_axis',(0.,0.,1.));
#12160=DIRECTION('',(0.,0.,-1.));
#12161=DIRECTION('center_axis',(1.,0.,0.));
#12162=DIRECTION('ref_axis',(0.,0.,-1.));
#12163=DIRECTION('',(-1.184237892933E-14,0.,-1.));
#12164=DIRECTION('center_axis',(0.,1.,0.));
#12165=DIRECTION('ref_axis',(0.,0.,1.));
#12166=DIRECTION('',(0.,0.,-1.));
#12167=DIRECTION('center_axis',(1.,0.,0.));
#12168=DIRECTION('ref_axis',(0.,0.,-1.));
#12169=DIRECTION('',(0.,0.,-1.));
#12170=DIRECTION('center_axis',(0.,-1.,0.));
#12171=DIRECTION('ref_axis',(0.,0.,-1.));
#12172=DIRECTION('center_axis',(1.,0.,0.));
#12173=DIRECTION('ref_axis',(0.,0.,-1.));
#12174=DIRECTION('center_axis',(1.,0.,0.));
#12175=DIRECTION('ref_axis',(0.,7.105427357601E-14,1.));
#12176=DIRECTION('',(0.,1.,0.));
#12177=DIRECTION('',(0.,0.,1.));
#12178=DIRECTION('',(0.,0.819152044289016,-0.573576436351011));
#12179=DIRECTION('center_axis',(0.,0.573576436351011,0.819152044289016));
#12180=DIRECTION('ref_axis',(1.,0.,0.));
#12181=DIRECTION('center_axis',(0.,-0.573576436351011,-0.819152044289016));
#12182=DIRECTION('ref_axis',(-7.10501140811275E-17,-0.819152044289016,0.573576436351011));
#12183=DIRECTION('center_axis',(0.,-0.573576436351011,-0.819152044289016));
#12184=DIRECTION('ref_axis',(7.10501140811275E-17,-0.819152044289016,0.573576436351011));
#12185=DIRECTION('',(-1.,0.,0.));
#12186=DIRECTION('center_axis',(0.,0.,-1.));
#12187=DIRECTION('ref_axis',(-0.707106781186548,-0.707106781186548,0.));
#12188=DIRECTION('',(1.184852648427E-14,-1.777278972641E-14,1.));
#12189=DIRECTION('center_axis',(0.,0.,1.));
#12190=DIRECTION('ref_axis',(-1.,0.,0.));
#12191=DIRECTION('center_axis',(0.,0.,1.));
#12192=DIRECTION('ref_axis',(1.,0.,0.));
#12193=DIRECTION('center_axis',(-1.,0.,0.));
#12194=DIRECTION('ref_axis',(0.,-1.,0.));
#12195=DIRECTION('center_axis',(0.,-1.,0.));
#12196=DIRECTION('ref_axis',(0.,0.,1.));
#12197=DIRECTION('center_axis',(-1.,0.,0.));
#12198=DIRECTION('ref_axis',(0.,-0.707106781186548,0.707106781186548));
#12199=DIRECTION('',(1.,0.,0.));
#12200=DIRECTION('center_axis',(1.,0.,0.));
#12201=DIRECTION('ref_axis',(0.,-0.707106781186598,0.707106781186498));
#12202=DIRECTION('center_axis',(0.,0.,1.));
#12203=DIRECTION('ref_axis',(1.,0.,0.));
#12204=DIRECTION('center_axis',(0.,-1.,0.));
#12205=DIRECTION('ref_axis',(1.,0.,0.));
#12206=DIRECTION('center_axis',(0.,0.,1.));
#12207=DIRECTION('ref_axis',(-7.105427357601E-14,-1.,0.));
#12208=DIRECTION('center_axis',(0.,-1.,0.));
#12209=DIRECTION('ref_axis',(0.707106781186548,0.,0.707106781186548));
#12210=DIRECTION('center_axis',(-0.707106781186548,-0.707106781186548,0.));
#12211=DIRECTION('ref_axis',(0.707106781186548,-0.707106781186548,6.1331736667335E-17));
#12212=DIRECTION('center_axis',(1.,0.,0.));
#12213=DIRECTION('ref_axis',(0.,-0.707106781186548,0.707106781186548));
#12214=DIRECTION('center_axis',(0.,0.,-1.));
#12215=DIRECTION('ref_axis',(0.707106781186548,-0.707106781186548,0.));
#12216=DIRECTION('',(0.,1.184852648427E-14,-1.));
#12217=DIRECTION('center_axis',(0.,-1.,0.));
#12218=DIRECTION('ref_axis',(0.,0.,-1.));
#12219=DIRECTION('center_axis',(0.,1.,0.));
#12220=DIRECTION('ref_axis',(-0.707106781186548,0.,0.707106781186548));
#12221=DIRECTION('center_axis',(0.707106781186548,-0.707106781186548,0.));
#12222=DIRECTION('ref_axis',(-0.707106781186548,-0.707106781186548,6.1331736667335E-17));
#12223=DIRECTION('center_axis',(1.,0.,0.));
#12224=DIRECTION('ref_axis',(0.,-0.707106781186548,0.707106781186548));
#12225=DIRECTION('center_axis',(1.,0.,0.));
#12226=DIRECTION('ref_axis',(0.,0.,-1.));
#12227=DIRECTION('center_axis',(1.,0.,0.));
#12228=DIRECTION('ref_axis',(0.,7.105427357601E-14,1.));
#12229=DIRECTION('',(0.,1.,0.));
#12230=DIRECTION('',(0.,0.,1.));
#12231=DIRECTION('',(0.,0.819152044289016,-0.573576436351011));
#12232=DIRECTION('center_axis',(0.,0.573576436351011,0.819152044289016));
#12233=DIRECTION('ref_axis',(1.,0.,0.));
#12234=DIRECTION('center_axis',(0.,-0.573576436351011,-0.819152044289016));
#12235=DIRECTION('ref_axis',(-7.10501140811275E-17,-0.819152044289016,0.573576436351011));
#12236=DIRECTION('center_axis',(0.,-0.573576436351011,-0.819152044289016));
#12237=DIRECTION('ref_axis',(7.10501140811275E-17,-0.819152044289016,0.573576436351011));
#12238=DIRECTION('',(-1.,0.,0.));
#12239=DIRECTION('center_axis',(0.,0.,-1.));
#12240=DIRECTION('ref_axis',(-0.707106781186548,-0.707106781186548,0.));
#12241=DIRECTION('',(1.481065810534E-14,0.,1.));
#12242=DIRECTION('center_axis',(0.,0.,1.));
#12243=DIRECTION('ref_axis',(-1.,0.,0.));
#12244=DIRECTION('center_axis',(0.,0.,1.));
#12245=DIRECTION('ref_axis',(1.,0.,0.));
#12246=DIRECTION('center_axis',(-1.,0.,0.));
#12247=DIRECTION('ref_axis',(0.,-1.,0.));
#12248=DIRECTION('center_axis',(0.,-1.,0.));
#12249=DIRECTION('ref_axis',(3.552713678801E-14,0.,1.));
#12250=DIRECTION('center_axis',(1.,0.,0.));
#12251=DIRECTION('ref_axis',(0.,-0.707106781186548,0.707106781186548));
#12252=DIRECTION('center_axis',(1.,0.,0.));
#12253=DIRECTION('ref_axis',(0.,-0.707106781186598,0.707106781186498));
#12254=DIRECTION('',(1.,0.,0.));
#12255=DIRECTION('center_axis',(0.,0.,1.));
#12256=DIRECTION('ref_axis',(1.,0.,0.));
#12257=DIRECTION('center_axis',(0.,-1.,0.));
#12258=DIRECTION('ref_axis',(1.,0.,3.552713678801E-14));
#12259=DIRECTION('center_axis',(0.,0.,1.));
#12260=DIRECTION('ref_axis',(0.,-1.,0.));
#12261=DIRECTION('center_axis',(0.,1.,0.));
#12262=DIRECTION('ref_axis',(0.707106781186548,0.,0.707106781186548));
#12263=DIRECTION('center_axis',(-0.707106781186548,-0.707106781186548,0.));
#12264=DIRECTION('ref_axis',(0.707106781186548,-0.707106781186548,6.1331736667335E-17));
#12265=DIRECTION('center_axis',(1.,0.,0.));
#12266=DIRECTION('ref_axis',(0.,-0.707106781186548,0.707106781186548));
#12267=DIRECTION('center_axis',(0.,0.,-1.));
#12268=DIRECTION('ref_axis',(0.707106781186548,-0.707106781186548,0.));
#12269=DIRECTION('',(0.,0.,-1.));
#12270=DIRECTION('center_axis',(0.,-1.,0.));
#12271=DIRECTION('ref_axis',(0.,0.,-1.));
#12272=DIRECTION('center_axis',(0.,-1.,0.));
#12273=DIRECTION('ref_axis',(-0.707106781186548,0.,0.707106781186548));
#12274=DIRECTION('center_axis',(0.707106781186563,-0.707106781186532,0.));
#12275=DIRECTION('ref_axis',(-0.707106781186532,-0.707106781186563,6.13317366673336E-17));
#12276=DIRECTION('center_axis',(1.,0.,0.));
#12277=DIRECTION('ref_axis',(0.,-0.707106781186548,0.707106781186548));
#12278=DIRECTION('',(0.,0.,-1.));
#12279=DIRECTION('',(0.,0.,-1.));
#12280=DIRECTION('center_axis',(0.,0.,1.));
#12281=DIRECTION('ref_axis',(1.,0.,0.));
#12282=DIRECTION('',(0.,0.,-1.));
#12283=DIRECTION('',(0.,0.,-1.));
#12284=DIRECTION('',(0.,-4.736951571734E-14,-1.));
#12285=DIRECTION('',(0.,0.,-1.));
#12286=DIRECTION('',(0.,0.,-1.));
#12287=DIRECTION('',(0.,0.,-1.));
#12288=DIRECTION('',(0.,0.,-1.));
#12289=DIRECTION('',(0.,0.,-1.));
#12290=DIRECTION('center_axis',(0.,0.,1.));
#12291=DIRECTION('ref_axis',(1.,0.,0.));
#12292=DIRECTION('',(0.,0.,-1.));
#12293=DIRECTION('',(0.,0.,-1.));
#12294=DIRECTION('center_axis',(0.,0.,1.));
#12295=DIRECTION('ref_axis',(1.,0.,0.));
#12296=DIRECTION('',(-1.,0.,0.));
#12297=DIRECTION('',(0.,-1.,0.));
#12298=DIRECTION('',(1.,0.,0.));
#12299=DIRECTION('',(-1.076169795317E-14,1.,0.));
#12300=DIRECTION('',(1.,0.,0.));
#12301=DIRECTION('',(1.,0.,0.));
#12302=DIRECTION('',(-1.,0.,0.));
#12303=DIRECTION('',(-1.428160988423E-14,1.,0.));
#12304=DIRECTION('center_axis',(0.,1.,0.));
#12305=DIRECTION('ref_axis',(0.,0.,1.));
#12306=DIRECTION('',(2.936909974475E-12,0.,1.));
#12307=DIRECTION('',(0.,0.,-1.));
#12308=DIRECTION('center_axis',(-1.,0.,0.));
#12309=DIRECTION('ref_axis',(0.,0.,1.));
#12310=DIRECTION('',(0.,0.,-1.));
#12311=DIRECTION('center_axis',(0.,-1.,0.));
#12312=DIRECTION('ref_axis',(0.,0.,-1.));
#12313=DIRECTION('',(0.,0.,-1.));
#12314=DIRECTION('center_axis',(1.,0.,0.));
#12315=DIRECTION('ref_axis',(0.,0.,-1.));
#12316=DIRECTION('',(0.,0.,-1.));
#12317=DIRECTION('center_axis',(0.,-1.,0.));
#12318=DIRECTION('ref_axis',(0.,0.,-1.));
#12319=DIRECTION('',(0.,0.,-1.));
#12320=DIRECTION('',(0.,0.,-1.));
#12321=DIRECTION('center_axis',(0.,1.,0.));
#12322=DIRECTION('ref_axis',(0.,0.,1.));
#12323=DIRECTION('',(0.,0.,-1.));
#12324=DIRECTION('',(1.,0.,1.040437595082E-14));
#12325=DIRECTION('',(0.,0.,-1.));
#12326=DIRECTION('',(4.736951571734E-14,0.,-1.));
#12327=DIRECTION('',(0.,0.,-1.));
#12328=DIRECTION('',(0.,0.,1.));
#12329=DIRECTION('center_axis',(0.,-1.,0.));
#12330=DIRECTION('ref_axis',(0.,0.,-1.));
#12331=DIRECTION('',(-1.,0.,0.));
#12332=DIRECTION('',(0.,0.,-1.));
#12333=DIRECTION('center_axis',(-1.,0.,0.));
#12334=DIRECTION('ref_axis',(0.,0.,1.));
#12335=DIRECTION('',(0.,1.,0.));
#12336=DIRECTION('center_axis',(0.,0.,1.));
#12337=DIRECTION('ref_axis',(1.,0.,0.));
#12338=DIRECTION('center_axis',(0.,-1.,0.));
#12339=DIRECTION('ref_axis',(0.,0.,-1.));
#12340=DIRECTION('',(1.,0.,0.));
#12341=DIRECTION('',(2.368475785867E-14,0.,-1.));
#12342=DIRECTION('',(-1.184237892934E-14,0.,-1.));
#12343=DIRECTION('center_axis',(0.,0.,1.));
#12344=DIRECTION('ref_axis',(1.,0.,0.));
#12345=DIRECTION('',(-1.,0.,0.));
#12346=DIRECTION('',(0.,-1.,0.));
#12347=DIRECTION('',(1.,0.,0.));
#12348=DIRECTION('',(0.,1.,0.));
#12349=DIRECTION('',(1.,-4.161750380326E-14,0.));
#12350=DIRECTION('',(-1.,0.,0.));
#12351=DIRECTION('',(0.,1.,0.));
#12352=DIRECTION('center_axis',(0.,1.,0.));
#12353=DIRECTION('ref_axis',(0.,0.,1.));
#12354=DIRECTION('',(0.,0.,1.));
#12355=DIRECTION('',(1.184237892934E-14,0.,-1.));
#12356=DIRECTION('center_axis',(-1.,0.,0.));
#12357=DIRECTION('ref_axis',(0.,0.,1.));
#12358=DIRECTION('',(1.184237892934E-14,0.,-1.));
#12359=DIRECTION('center_axis',(0.,-1.,0.));
#12360=DIRECTION('ref_axis',(0.,0.,-1.));
#12361=DIRECTION('',(2.368475785867E-14,0.,-1.));
#12362=DIRECTION('center_axis',(1.,0.,0.));
#12363=DIRECTION('ref_axis',(0.,0.,-1.));
#12364=DIRECTION('',(2.368475785867E-14,0.,-1.));
#12365=DIRECTION('',(0.,0.,-1.));
#12366=DIRECTION('',(0.,0.,-1.));
#12367=DIRECTION('center_axis',(0.,1.,0.));
#12368=DIRECTION('ref_axis',(0.,0.,1.));
#12369=DIRECTION('',(2.368475785867E-14,0.,-1.));
#12370=DIRECTION('',(1.,-4.161750380326E-14,1.040437595082E-14));
#12371=DIRECTION('',(0.,0.,-1.));
#12372=DIRECTION('',(3.552713678801E-14,0.,-1.));
#12373=DIRECTION('',(0.,0.,-1.));
#12374=DIRECTION('',(0.,0.,1.));
#12375=DIRECTION('center_axis',(0.,-1.,0.));
#12376=DIRECTION('ref_axis',(0.,0.,-1.));
#12377=DIRECTION('',(-1.,0.,0.));
#12378=DIRECTION('',(2.368475785867E-14,0.,-1.));
#12379=DIRECTION('center_axis',(-1.,0.,0.));
#12380=DIRECTION('ref_axis',(0.,0.,1.));
#12381=DIRECTION('',(0.,1.,0.));
#12382=DIRECTION('center_axis',(0.,0.,1.));
#12383=DIRECTION('ref_axis',(1.,0.,0.));
#12384=DIRECTION('center_axis',(1.,0.,0.));
#12385=DIRECTION('ref_axis',(0.,0.,-1.));
#12386=DIRECTION('',(0.,1.,0.));
#12387=DIRECTION('',(0.,0.,-1.));
#12388=DIRECTION('',(0.,0.,-1.));
#12389=DIRECTION('center_axis',(0.,0.,1.));
#12390=DIRECTION('ref_axis',(1.,0.,0.));
#12391=DIRECTION('',(1.,0.,0.));
#12392=DIRECTION('',(0.,-1.,0.));
#12393=DIRECTION('',(1.,0.,0.));
#12394=DIRECTION('',(0.,1.,0.));
#12395=DIRECTION('',(1.,0.,0.));
#12396=DIRECTION('',(-1.,0.,0.));
#12397=DIRECTION('',(0.,-1.,0.));
#12398=DIRECTION('center_axis',(0.,-1.,0.));
#12399=DIRECTION('ref_axis',(0.,0.,-1.));
#12400=DIRECTION('',(0.,0.,-1.));
#12401=DIRECTION('',(0.,0.,-1.));
#12402=DIRECTION('center_axis',(-1.,0.,0.));
#12403=DIRECTION('ref_axis',(0.,0.,1.));
#12404=DIRECTION('',(0.,0.,-1.));
#12405=DIRECTION('center_axis',(0.,-1.,0.));
#12406=DIRECTION('ref_axis',(0.,0.,-1.));
#12407=DIRECTION('',(0.,0.,-1.));
#12408=DIRECTION('center_axis',(1.,0.,0.));
#12409=DIRECTION('ref_axis',(0.,0.,-1.));
#12410=DIRECTION('',(0.,0.,-1.));
#12411=DIRECTION('center_axis',(0.,-1.,0.));
#12412=DIRECTION('ref_axis',(0.,0.,-1.));
#12413=DIRECTION('center_axis',(-1.,0.,0.));
#12414=DIRECTION('ref_axis',(0.,0.,1.));
#12415=DIRECTION('',(0.,0.,-1.));
#12416=DIRECTION('center_axis',(0.,1.,0.));
#12417=DIRECTION('ref_axis',(0.,0.,1.));
#12418=DIRECTION('',(0.,0.,-1.));
#12419=DIRECTION('',(0.,0.,-1.));
#12420=DIRECTION('center_axis',(0.,0.,1.));
#12421=DIRECTION('ref_axis',(1.,0.,0.));
#12422=DIRECTION('',(-1.184237892934E-14,0.,-1.));
#12423=DIRECTION('',(-1.184237892934E-14,0.,-1.));
#12424=DIRECTION('',(0.,0.,-1.));
#12425=DIRECTION('',(0.,0.,-1.));
#12426=DIRECTION('',(0.,0.,-1.));
#12427=DIRECTION('',(0.,0.,-1.));
#12428=DIRECTION('',(0.,0.,-1.));
#12429=DIRECTION('',(0.,0.,-1.));
#12430=DIRECTION('center_axis',(0.,0.,1.));
#12431=DIRECTION('ref_axis',(1.,0.,0.));
#12432=DIRECTION('center_axis',(1.,0.,0.));
#12433=DIRECTION('ref_axis',(0.,0.,-1.));
#12434=DIRECTION('',(0.,1.,0.));
#12435=DIRECTION('',(0.,0.,-1.));
#12436=DIRECTION('',(0.,0.,-1.));
#12437=DIRECTION('center_axis',(0.,0.,1.));
#12438=DIRECTION('ref_axis',(1.,0.,0.));
#12439=DIRECTION('',(1.,0.,0.));
#12440=DIRECTION('',(0.,-1.,0.));
#12441=DIRECTION('',(1.,0.,0.));
#12442=DIRECTION('',(0.,1.,0.));
#12443=DIRECTION('',(1.,0.,0.));
#12444=DIRECTION('',(-1.,0.,0.));
#12445=DIRECTION('',(0.,-1.,0.));
#12446=DIRECTION('center_axis',(0.,-1.,0.));
#12447=DIRECTION('ref_axis',(0.,0.,-1.));
#12448=DIRECTION('',(0.,0.,-1.));
#12449=DIRECTION('',(0.,0.,-1.));
#12450=DIRECTION('center_axis',(-1.,0.,0.));
#12451=DIRECTION('ref_axis',(0.,0.,1.));
#12452=DIRECTION('',(0.,0.,-1.));
#12453=DIRECTION('center_axis',(0.,-1.,0.));
#12454=DIRECTION('ref_axis',(0.,0.,-1.));
#12455=DIRECTION('',(0.,0.,-1.));
#12456=DIRECTION('center_axis',(1.,0.,0.));
#12457=DIRECTION('ref_axis',(0.,0.,-1.));
#12458=DIRECTION('',(0.,0.,-1.));
#12459=DIRECTION('center_axis',(0.,-1.,0.));
#12460=DIRECTION('ref_axis',(0.,0.,-1.));
#12461=DIRECTION('center_axis',(-1.,0.,0.));
#12462=DIRECTION('ref_axis',(0.,0.,1.));
#12463=DIRECTION('',(0.,0.,-1.));
#12464=DIRECTION('center_axis',(0.,1.,0.));
#12465=DIRECTION('ref_axis',(0.,0.,1.));
#12466=DIRECTION('center_axis',(0.,-1.,0.));
#12467=DIRECTION('ref_axis',(0.,0.,-1.));
#12468=DIRECTION('',(1.,0.,0.));
#12469=DIRECTION('',(0.,0.,-1.));
#12470=DIRECTION('',(0.,0.,-1.));
#12471=DIRECTION('center_axis',(0.,0.,1.));
#12472=DIRECTION('ref_axis',(1.,0.,0.));
#12473=DIRECTION('',(0.,-1.,0.));
#12474=DIRECTION('',(1.,0.,0.));
#12475=DIRECTION('',(0.,1.,0.));
#12476=DIRECTION('',(1.,0.,0.));
#12477=DIRECTION('',(-0.351123441588414,0.936329177569036,0.));
#12478=DIRECTION('',(-0.351123441588414,-0.936329177569036,0.));
#12479=DIRECTION('center_axis',(-0.936329177569036,0.351123441588414,0.));
#12480=DIRECTION('ref_axis',(0.,0.,1.));
#12481=DIRECTION('',(0.,0.,-1.));
#12482=DIRECTION('center_axis',(0.936329177569036,0.351123441588414,0.));
#12483=DIRECTION('ref_axis',(0.,0.,-1.));
#12484=DIRECTION('',(0.,0.,-1.));
#12485=DIRECTION('center_axis',(0.,-1.,0.));
#12486=DIRECTION('ref_axis',(0.,0.,-1.));
#12487=DIRECTION('',(0.,0.,-1.));
#12488=DIRECTION('center_axis',(1.,0.,0.));
#12489=DIRECTION('ref_axis',(0.,0.,-1.));
#12490=DIRECTION('',(0.,0.,-1.));
#12491=DIRECTION('center_axis',(0.,-1.,0.));
#12492=DIRECTION('ref_axis',(0.,0.,-1.));
#12493=DIRECTION('',(0.,0.,-1.));
#12494=DIRECTION('center_axis',(-1.,0.,0.));
#12495=DIRECTION('ref_axis',(0.,0.,1.));
#12496=DIRECTION('center_axis',(0.,-1.,0.));
#12497=DIRECTION('ref_axis',(0.,0.,-1.));
#12498=DIRECTION('',(1.,0.,0.));
#12499=DIRECTION('',(0.,0.,-1.));
#12500=DIRECTION('',(0.,0.,-1.));
#12501=DIRECTION('center_axis',(0.,0.,1.));
#12502=DIRECTION('ref_axis',(1.,0.,0.));
#12503=DIRECTION('',(0.,-1.,0.));
#12504=DIRECTION('',(1.,0.,0.));
#12505=DIRECTION('',(0.,1.,0.));
#12506=DIRECTION('',(1.,0.,0.));
#12507=DIRECTION('',(-0.351123441588414,0.936329177569036,0.));
#12508=DIRECTION('',(-0.351123441588414,-0.936329177569036,0.));
#12509=DIRECTION('center_axis',(-0.936329177569036,0.351123441588414,0.));
#12510=DIRECTION('ref_axis',(0.,0.,1.));
#12511=DIRECTION('',(0.,0.,-1.));
#12512=DIRECTION('center_axis',(0.936329177569036,0.351123441588414,0.));
#12513=DIRECTION('ref_axis',(0.,0.,-1.));
#12514=DIRECTION('',(0.,0.,-1.));
#12515=DIRECTION('center_axis',(0.,-1.,0.));
#12516=DIRECTION('ref_axis',(0.,0.,-1.));
#12517=DIRECTION('',(2.368475785867E-14,0.,-1.));
#12518=DIRECTION('center_axis',(1.,0.,0.));
#12519=DIRECTION('ref_axis',(0.,0.,-1.));
#12520=DIRECTION('',(2.368475785867E-14,0.,-1.));
#12521=DIRECTION('center_axis',(0.,-1.,0.));
#12522=DIRECTION('ref_axis',(0.,0.,-1.));
#12523=DIRECTION('',(0.,0.,-1.));
#12524=DIRECTION('center_axis',(-1.,0.,0.));
#12525=DIRECTION('ref_axis',(0.,0.,1.));
#12526=DIRECTION('axis',(0.,0.,1.));
#12527=DIRECTION('refdir',(1.,0.,0.));
#12528=DIRECTION('center_axis',(0.,-1.,0.));
#12529=DIRECTION('ref_axis',(0.,0.,-1.));
#12530=DIRECTION('center_axis',(0.,-1.,0.));
#12531=DIRECTION('ref_axis',(-0.515376232126393,0.,-0.856964024541989));
#12532=DIRECTION('center_axis',(0.,1.,0.));
#12533=DIRECTION('ref_axis',(0.134676894864095,0.,0.990889567000161));
#12534=DIRECTION('',(1.,0.,0.));
#12535=DIRECTION('',(0.,0.,-1.));
#12536=DIRECTION('',(1.,0.,0.));
#12537=DIRECTION('',(0.,0.,-1.));
#12538=DIRECTION('center_axis',(0.,1.,0.));
#12539=DIRECTION('ref_axis',(-1.,0.,0.));
#12540=DIRECTION('',(-1.,0.,0.));
#12541=DIRECTION('center_axis',(0.,-1.,0.));
#12542=DIRECTION('ref_axis',(0.,0.,-1.));
#12543=DIRECTION('',(0.,0.,-1.));
#12544=DIRECTION('center_axis',(0.,-1.,0.));
#12545=DIRECTION('ref_axis',(1.,0.,0.));
#12546=DIRECTION('center_axis',(0.,1.,0.));
#12547=DIRECTION('ref_axis',(-0.116774141908204,0.,-0.993158496807837));
#12548=DIRECTION('center_axis',(0.,-1.,0.));
#12549=DIRECTION('ref_axis',(0.500715489943111,0.,0.865611921204318));
#12550=DIRECTION('center_axis',(0.,-1.,0.));
#12551=DIRECTION('ref_axis',(-0.859969702283387,0.,0.510345090262092));
#12552=DIRECTION('center_axis',(0.,1.,0.));
#12553=DIRECTION('ref_axis',(-0.456093632718378,0.,-0.889931794124557));
#12554=DIRECTION('',(0.,-1.,0.));
#12555=DIRECTION('center_axis',(0.,1.,0.));
#12556=DIRECTION('ref_axis',(-0.134676894863099,0.,-0.990889567000296));
#12557=DIRECTION('',(0.,1.,0.));
#12558=DIRECTION('center_axis',(0.,1.,0.));
#12559=DIRECTION('ref_axis',(0.,0.,1.));
#12560=DIRECTION('center_axis',(0.,-1.,0.));
#12561=DIRECTION('ref_axis',(-1.59872115546E-13,0.,-1.));
#12562=DIRECTION('',(0.,-1.,0.));
#12563=DIRECTION('center_axis',(0.,0.,1.));
#12564=DIRECTION('ref_axis',(1.,0.,0.));
#12565=DIRECTION('',(-1.,0.,0.));
#12566=DIRECTION('',(-0.707106781186548,-0.707106781186548,0.));
#12567=DIRECTION('',(0.965925826289076,-0.258819045102493,0.));
#12568=DIRECTION('',(0.,-1.,0.));
#12569=DIRECTION('center_axis',(-1.,0.,0.));
#12570=DIRECTION('ref_axis',(0.,0.,1.));
#12571=DIRECTION('',(0.,0.,1.));
#12572=DIRECTION('',(0.,-1.,0.));
#12573=DIRECTION('',(0.,0.,1.));
#12574=DIRECTION('',(0.,-1.,0.));
#12575=DIRECTION('',(0.,0.,1.));
#12576=DIRECTION('',(0.,-1.,0.));
#12577=DIRECTION('center_axis',(0.,0.,1.));
#12578=DIRECTION('ref_axis',(1.,0.,0.));
#12579=DIRECTION('',(1.,0.,0.));
#12580=DIRECTION('',(0.554699215611382,0.832050948079573,0.));
#12581=DIRECTION('',(-1.,0.,0.));
#12582=DIRECTION('',(0.,1.,0.));
#12583=DIRECTION('center_axis',(0.,-1.,0.));
#12584=DIRECTION('ref_axis',(0.,0.,-1.));
#12585=DIRECTION('',(-1.,0.,0.));
#12586=DIRECTION('',(0.,0.,-1.));
#12587=DIRECTION('',(0.,0.,1.));
#12588=DIRECTION('',(1.,0.,0.));
#12589=DIRECTION('',(0.,0.,-1.));
#12590=DIRECTION('',(-1.,0.,0.));
#12591=DIRECTION('center_axis',(-0.832050948079574,0.554699215611382,0.));
#12592=DIRECTION('ref_axis',(0.,0.,1.));
#12593=DIRECTION('',(-0.554699215611382,-0.832050948079573,0.));
#12594=DIRECTION('',(0.,0.,-1.));
#12595=DIRECTION('center_axis',(0.,1.,0.));
#12596=DIRECTION('ref_axis',(0.,0.,1.));
#12597=DIRECTION('',(0.,0.,-1.));
#12598=DIRECTION('',(-1.,0.,0.));
#12599=DIRECTION('',(0.,0.,-1.));
#12600=DIRECTION('',(-1.,0.,0.));
#12601=DIRECTION('',(0.,0.,1.));
#12602=DIRECTION('',(1.,0.,0.));
#12603=DIRECTION('',(0.,0.,-1.));
#12604=DIRECTION('',(1.,0.,0.));
#12605=DIRECTION('',(0.,0.,1.));
#12606=DIRECTION('',(1.,0.,0.));
#12607=DIRECTION('center_axis',(1.,0.,0.));
#12608=DIRECTION('ref_axis',(0.,0.,-1.));
#12609=DIRECTION('',(0.,-1.,0.));
#12610=DIRECTION('',(0.,0.,1.));
#12611=DIRECTION('',(0.,-1.,0.));
#12612=DIRECTION('',(0.,0.,1.));
#12613=DIRECTION('',(0.,1.,0.));
#12614=DIRECTION('center_axis',(0.,-1.,0.));
#12615=DIRECTION('ref_axis',(-0.707106781186598,0.,0.707106781186498));
#12616=DIRECTION('center_axis',(0.,-1.,0.));
#12617=DIRECTION('ref_axis',(0.,0.,1.));
#12618=DIRECTION('',(0.,-1.,0.));
#12619=DIRECTION('center_axis',(0.,1.,0.));
#12620=DIRECTION('ref_axis',(0.,0.,1.));
#12621=DIRECTION('center_axis',(0.,1.,0.));
#12622=DIRECTION('ref_axis',(-0.459610011171122,0.,-0.888120846299242));
#12623=DIRECTION('center_axis',(0.,1.,0.));
#12624=DIRECTION('ref_axis',(-0.859969702283501,0.,0.5103450902619));
#12625=DIRECTION('center_axis',(0.,-1.,0.));
#12626=DIRECTION('ref_axis',(-0.500715489942917,0.,-0.86561192120443));
#12627=DIRECTION('center_axis',(0.,1.,0.));
#12628=DIRECTION('ref_axis',(0.116774141907996,0.,0.993158496807862));
#12629=DIRECTION('',(0.,0.,-1.));
#12630=DIRECTION('center_axis',(0.,1.,0.));
#12631=DIRECTION('ref_axis',(1.,0.,0.));
#12632=DIRECTION('',(1.,0.,0.));
#12633=DIRECTION('center_axis',(0.,-1.,0.));
#12634=DIRECTION('ref_axis',(-1.,0.,0.));
#12635=DIRECTION('',(-1.,0.,0.));
#12636=DIRECTION('center_axis',(0.,1.,0.));
#12637=DIRECTION('ref_axis',(0.,0.,1.));
#12638=DIRECTION('',(0.,0.,1.));
#12639=DIRECTION('center_axis',(0.,1.,0.));
#12640=DIRECTION('ref_axis',(1.,0.,0.));
#12641=DIRECTION('center_axis',(0.,-1.,0.));
#12642=DIRECTION('ref_axis',(-0.116774141908303,0.,0.993158496807825));
#12643=DIRECTION('center_axis',(0.,1.,0.));
#12644=DIRECTION('ref_axis',(0.500715489943111,0.,-0.865611921204318));
#12645=DIRECTION('center_axis',(0.,1.,0.));
#12646=DIRECTION('ref_axis',(-0.859969702283685,0.,-0.510345090261591));
#12647=DIRECTION('center_axis',(0.,1.,0.));
#12648=DIRECTION('ref_axis',(-0.515376232126393,0.,0.856964024541989));
#12649=DIRECTION('center_axis',(0.,-1.,0.));
#12650=DIRECTION('ref_axis',(0.134676894864206,0.,-0.990889567000146));
#12651=DIRECTION('',(1.,0.,0.));
#12652=DIRECTION('',(0.,0.,-1.));
#12653=DIRECTION('center_axis',(0.707106781186548,-0.707106781186548,0.));
#12654=DIRECTION('ref_axis',(0.,0.,-1.));
#12655=DIRECTION('',(0.707106781186548,0.707106781186548,0.));
#12656=DIRECTION('',(0.,0.,1.));
#12657=DIRECTION('center_axis',(0.258819045102493,0.965925826289076,0.));
#12658=DIRECTION('ref_axis',(0.,0.,1.));
#12659=DIRECTION('',(-0.965925826289076,0.258819045102493,0.));
#12660=DIRECTION('center_axis',(0.,0.,1.));
#12661=DIRECTION('ref_axis',(1.,0.,0.));
#12662=DIRECTION('',(-1.,0.,0.));
#12663=DIRECTION('',(0.,1.,0.));
#12664=DIRECTION('center_axis',(0.,-1.,0.));
#12665=DIRECTION('ref_axis',(0.,0.,-1.));
#12666=DIRECTION('center_axis',(0.,-1.,0.));
#12667=DIRECTION('ref_axis',(-0.134676894863099,0.,0.990889567000296));
#12668=DIRECTION('center_axis',(0.,-1.,0.));
#12669=DIRECTION('ref_axis',(-0.459610011170605,0.,0.888120846299509));
#12670=DIRECTION('center_axis',(0.,-1.,0.));
#12671=DIRECTION('ref_axis',(-0.859969702283685,0.,-0.510345090261591));
#12672=DIRECTION('center_axis',(0.,1.,0.));
#12673=DIRECTION('ref_axis',(-0.500715489942992,0.,0.865611921204387));
#12674=DIRECTION('center_axis',(0.,-1.,0.));
#12675=DIRECTION('ref_axis',(0.116774141907996,0.,-0.993158496807862));
#12676=DIRECTION('',(0.,0.,1.));
#12677=DIRECTION('center_axis',(0.,-1.,0.));
#12678=DIRECTION('ref_axis',(1.,0.,0.));
#12679=DIRECTION('',(1.,0.,0.));
#12680=DIRECTION('center_axis',(0.,1.,0.));
#12681=DIRECTION('ref_axis',(1.7763568394E-14,0.,-1.));
#12682=DIRECTION('',(-1.,0.,0.));
#12683=DIRECTION('center_axis',(0.,1.,0.));
#12684=DIRECTION('ref_axis',(-8.881784197001E-14,0.,1.));
#12685=DIRECTION('center_axis',(0.,-1.,0.));
#12686=DIRECTION('ref_axis',(-0.456093632718378,0.,0.889931794124557));
#12687=DIRECTION('',(0.,1.,0.));
#12688=DIRECTION('',(0.,1.,0.));
#12689=DIRECTION('center_axis',(0.,-1.,0.));
#12690=DIRECTION('ref_axis',(0.,0.,-1.));
#12691=DIRECTION('center_axis',(0.,1.,0.));
#12692=DIRECTION('ref_axis',(-0.965379506480493,0.,0.260849398058498));
#12693=DIRECTION('',(0.,1.,0.));
#12694=DIRECTION('center_axis',(0.,1.,0.));
#12695=DIRECTION('ref_axis',(-0.49964212695538,0.,-0.866231923315866));
#12696=DIRECTION('',(0.,1.,0.));
#12697=DIRECTION('center_axis',(0.,1.,0.));
#12698=DIRECTION('ref_axis',(0.0667802254125092,0.,-0.997767709185788));
#12699=DIRECTION('',(0.,-1.,0.));
#12700=DIRECTION('center_axis',(0.,1.,0.));
#12701=DIRECTION('ref_axis',(0.747253016691211,0.,-0.664539636926109));
#12702=DIRECTION('',(0.,-1.,0.));
#12703=DIRECTION('center_axis',(1.,0.,0.));
#12704=DIRECTION('ref_axis',(0.,0.,-1.));
#12705=DIRECTION('',(0.,1.,0.));
#12706=DIRECTION('center_axis',(0.,-1.,0.));
#12707=DIRECTION('ref_axis',(0.707106781186547,0.,0.707106781186547));
#12708=DIRECTION('',(0.,-1.,0.));
#12709=DIRECTION('center_axis',(0.,0.,1.));
#12710=DIRECTION('ref_axis',(1.,0.,0.));
#12711=DIRECTION('',(0.,1.,0.));
#12712=DIRECTION('center_axis',(0.,1.,0.));
#12713=DIRECTION('ref_axis',(-0.707106781186548,0.,-0.707106781186548));
#12714=DIRECTION('center_axis',(0.,0.,1.));
#12715=DIRECTION('ref_axis',(1.,0.,0.));
#12716=DIRECTION('center_axis',(0.,0.,1.));
#12717=DIRECTION('ref_axis',(1.,0.,0.));
#12718=DIRECTION('',(0.,1.,0.));
#12719=DIRECTION('center_axis',(0.,1.,0.));
#12720=DIRECTION('ref_axis',(0.707106781186547,0.,-0.707106781186547));
#12721=DIRECTION('',(0.,-1.,0.));
#12722=DIRECTION('center_axis',(1.,0.,0.));
#12723=DIRECTION('ref_axis',(0.,0.,-1.));
#12724=DIRECTION('',(0.,1.,0.));
#12725=DIRECTION('center_axis',(0.,1.,0.));
#12726=DIRECTION('ref_axis',(0.747253016691211,0.,0.664539636926109));
#12727=DIRECTION('',(0.,1.,0.));
#12728=DIRECTION('center_axis',(0.,1.,0.));
#12729=DIRECTION('ref_axis',(0.557346263148298,0.,0.830280159316497));
#12730=DIRECTION('',(0.,-1.,0.));
#12731=DIRECTION('center_axis',(0.,1.,0.));
#12732=DIRECTION('ref_axis',(-0.499642126955424,0.,0.866231923315841));
#12733=DIRECTION('',(0.,-1.,0.));
#12734=DIRECTION('center_axis',(0.,-1.,0.));
#12735=DIRECTION('ref_axis',(-0.965379506480543,0.,-0.260849398058312));
#12736=DIRECTION('center_axis',(0.448923618919695,0.89357013399959,0.));
#12737=DIRECTION('ref_axis',(0.89357013399959,-0.448923618919695,0.));
#12738=DIRECTION('',(0.89357013399959,-0.448923618919695,0.));
#12739=DIRECTION('',(0.,0.,-1.));
#12740=DIRECTION('',(-0.89357013399959,0.448923618919695,0.));
#12741=DIRECTION('center_axis',(0.,0.,-1.));
#12742=DIRECTION('ref_axis',(-1.,0.,0.));
#12743=DIRECTION('',(1.,0.,0.));
#12744=DIRECTION('',(0.,1.,0.));
#12745=DIRECTION('center_axis',(1.,0.,0.));
#12746=DIRECTION('ref_axis',(0.,0.,-1.));
#12747=DIRECTION('',(0.,0.,1.));
#12748=DIRECTION('',(0.,-1.,0.));
#12749=DIRECTION('center_axis',(0.,1.,0.));
#12750=DIRECTION('ref_axis',(1.,0.,0.));
#12751=DIRECTION('',(-1.,0.,0.));
#12752=DIRECTION('center_axis',(0.,0.,1.));
#12753=DIRECTION('ref_axis',(1.,0.,0.));
#12754=DIRECTION('center_axis',(1.,0.,0.));
#12755=DIRECTION('ref_axis',(0.,0.,-1.));
#12756=DIRECTION('',(0.,-1.,0.));
#12757=DIRECTION('',(0.,1.,0.));
#12758=DIRECTION('center_axis',(0.,0.,1.));
#12759=DIRECTION('ref_axis',(1.,0.,0.));
#12760=DIRECTION('',(0.,1.,0.));
#12761=DIRECTION('center_axis',(-1.,0.,0.));
#12762=DIRECTION('ref_axis',(0.,0.,1.));
#12763=DIRECTION('',(0.,-1.,0.));
#12764=DIRECTION('center_axis',(0.,0.,-1.));
#12765=DIRECTION('ref_axis',(-1.,0.,0.));
#12766=DIRECTION('axis',(0.,0.,1.));
#12767=DIRECTION('refdir',(1.,0.,0.));
#12768=DIRECTION('center_axis',(0.,0.00698126029796196,-0.999975630705395));
#12769=DIRECTION('ref_axis',(-1.,0.,0.));
#12770=DIRECTION('',(1.,0.,0.));
#12771=DIRECTION('',(0.,-0.999975630705394,-0.00698126029801096));
#12772=DIRECTION('',(1.,-3.591225395815E-13,7.374837866405E-14));
#12773=DIRECTION('',(-0.00558488847196337,-0.999960035474215,-0.00698115142094044));
#12774=DIRECTION('',(-1.,0.,2.201039433402E-14));
#12775=DIRECTION('',(-0.00558488847196337,0.999960035474215,0.00698115142094044));
#12776=DIRECTION('',(1.,3.703451189432E-13,5.64335419342E-13));
#12777=DIRECTION('',(0.,0.999975630705394,0.00698126029801096));
#12778=DIRECTION('center_axis',(0.,1.,0.));
#12779=DIRECTION('ref_axis',(0.,0.,1.));
#12780=DIRECTION('',(0.,0.,-1.));
#12781=DIRECTION('',(0.,0.,-1.));
#12782=DIRECTION('',(1.,0.,0.));
#12783=DIRECTION('',(0.,0.,-1.));
#12784=DIRECTION('center_axis',(0.,-1.,0.));
#12785=DIRECTION('ref_axis',(-1.,0.,0.));
#12786=DIRECTION('',(1.,0.,0.));
#12787=DIRECTION('center_axis',(0.,-1.,0.));
#12788=DIRECTION('ref_axis',(5.684341886081E-14,0.,-1.));
#12789=DIRECTION('',(0.,0.,1.));
#12790=DIRECTION('',(1.,0.,0.));
#12791=DIRECTION('',(0.,0.,1.));
#12792=DIRECTION('',(0.,0.,1.));
#12793=DIRECTION('center_axis',(1.,0.,0.));
#12794=DIRECTION('ref_axis',(0.,0.,-1.));
#12795=DIRECTION('',(0.,-1.,0.));
#12796=DIRECTION('',(0.,0.,1.));
#12797=DIRECTION('',(0.,0.,-1.));
#12798=DIRECTION('',(7.37471997739E-14,1.,0.));
#12799=DIRECTION('',(0.,-0.0139621803397099,-0.999902524009296));
#12800=DIRECTION('center_axis',(0.,0.999902524009304,-0.0139621803391401));
#12801=DIRECTION('ref_axis',(0.,0.0139621803391385,0.999902524009304));
#12802=DIRECTION('',(-1.,3.639195948166E-13,0.));
#12803=DIRECTION('',(7.79803362296077E-5,0.0139621802966885,0.999902520969134));
#12804=DIRECTION('center_axis',(0.,0.,-1.));
#12805=DIRECTION('ref_axis',(-1.,0.,0.));
#12806=DIRECTION('',(0.,-1.,0.));
#12807=DIRECTION('',(1.,0.,0.));
#12808=DIRECTION('',(0.,1.,0.));
#12809=DIRECTION('',(-1.,-3.639195948163E-13,0.));
#12810=DIRECTION('',(0.00558502457082727,-0.999984403628648,0.));
#12811=DIRECTION('',(-1.,0.,0.));
#12812=DIRECTION('',(0.00558502457082727,0.999984403628648,0.));
#12813=DIRECTION('',(1.,0.,0.));
#12814=DIRECTION('',(0.,1.,0.));
#12815=DIRECTION('center_axis',(0.,1.,0.));
#12816=DIRECTION('ref_axis',(-0.707106781186498,0.,-0.707106781186598));
#12817=DIRECTION('center_axis',(0.,1.,0.));
#12818=DIRECTION('ref_axis',(-5.684341886081E-14,0.,-1.));
#12819=DIRECTION('',(0.,1.,0.));
#12820=DIRECTION('center_axis',(0.,-1.,0.));
#12821=DIRECTION('ref_axis',(0.,0.,-1.));
#12822=DIRECTION('',(0.,0.,-1.));
#12823=DIRECTION('center_axis',(0.,-1.,0.));
#12824=DIRECTION('ref_axis',(-1.,0.,-7.105427357601E-14));
#12825=DIRECTION('',(-1.,0.,0.));
#12826=DIRECTION('',(0.,0.,1.));
#12827=DIRECTION('center_axis',(-1.,0.,0.));
#12828=DIRECTION('ref_axis',(0.,0.,1.));
#12829=DIRECTION('',(0.,0.,-1.));
#12830=DIRECTION('',(0.,-1.,0.));
#12831=DIRECTION('',(0.,-0.0139621803397099,-0.999902524009296));
#12832=DIRECTION('center_axis',(0.,0.999902524009304,-0.0139621803391401));
#12833=DIRECTION('ref_axis',(0.,0.0139621803391385,0.999902524009304));
#12834=DIRECTION('',(-7.79803362296077E-5,0.0139621802966885,0.999902520969134));
#12835=DIRECTION('center_axis',(0.999984403628648,0.00558502457082727,0.));
#12836=DIRECTION('ref_axis',(0.,0.,-1.));
#12837=DIRECTION('',(-6.157107683773E-14,0.,-1.));
#12838=DIRECTION('center_axis',(0.,1.,0.));
#12839=DIRECTION('ref_axis',(0.,0.,1.));
#12840=DIRECTION('',(0.,0.,-1.));
#12841=DIRECTION('center_axis',(-0.999984403628648,0.00558502457082727,
0.));
#12842=DIRECTION('ref_axis',(0.,0.,1.));
#12843=DIRECTION('center_axis',(0.,0.,1.));
#12844=DIRECTION('ref_axis',(1.,0.,0.));
#12845=DIRECTION('',(-1.,0.,0.));
#12846=DIRECTION('',(-0.00698126029795696,-0.999975630705395,0.));
#12847=DIRECTION('',(1.,0.,0.));
#12848=DIRECTION('',(-0.00698126029786297,-0.999975630705396,0.));
#12849=DIRECTION('center_axis',(0.,-1.,0.));
#12850=DIRECTION('ref_axis',(0.,0.,-1.));
#12851=DIRECTION('',(1.,0.,0.));
#12852=DIRECTION('',(-4.848680465148E-13,0.,-1.));
#12853=DIRECTION('',(-1.,0.,0.));
#12854=DIRECTION('',(-1.,0.,0.));
#12855=DIRECTION('',(4.848680465148E-13,0.,-1.));
#12856=DIRECTION('center_axis',(0.,-0.00698126029796196,0.999975630705395));
#12857=DIRECTION('ref_axis',(1.,0.,0.));
#12858=DIRECTION('',(0.00698109017785893,-0.99995126319229,-0.00698109017786393));
#12859=DIRECTION('',(-1.,0.,0.));
#12860=DIRECTION('',(-0.00698109017792993,0.99995126319229,0.00698109017786393));
#12861=DIRECTION('',(-1.,0.,0.));
#12862=DIRECTION('',(0.00698109017792993,0.99995126319229,0.00698109017786393));
#12863=DIRECTION('',(1.,0.,0.));
#12864=DIRECTION('',(-0.00698109017785993,-0.99995126319229,-0.00698109017786393));
#12865=DIRECTION('center_axis',(0.999975630705395,-0.00698126029796096,
0.));
#12866=DIRECTION('ref_axis',(0.,0.,-1.));
#12867=DIRECTION('',(-5.3700351129E-13,0.,-1.));
#12868=DIRECTION('center_axis',(0.,1.,0.));
#12869=DIRECTION('ref_axis',(0.,0.,1.));
#12870=DIRECTION('',(0.,0.,-1.));
#12871=DIRECTION('center_axis',(-0.999975630705395,0.00698126029796196,
0.));
#12872=DIRECTION('ref_axis',(0.,0.,1.));
#12873=DIRECTION('',(0.,0.,-1.));
#12874=DIRECTION('',(0.00698109017792993,0.99995126319229,-0.00698109017786393));
#12875=DIRECTION('',(-1.627283367545E-14,0.,1.));
#12876=DIRECTION('',(0.00698126029786397,0.999975630705396,0.));
#12877=DIRECTION('',(0.,0.,-1.));
#12878=DIRECTION('center_axis',(-0.999975630705395,0.00698126029796196,
0.));
#12879=DIRECTION('ref_axis',(-0.00698126029796197,-0.999975630705395,0.));
#12880=DIRECTION('',(0.00674339062985405,0.965903864113507,-0.258813160355902));
#12881=DIRECTION('center_axis',(0.999975630705395,-0.00698126029796196,
0.));
#12882=DIRECTION('ref_axis',(0.00698126029796197,0.999975630705395,3.83896514541592E-13));
#12883=DIRECTION('',(0.,0.,-1.));
#12884=DIRECTION('center_axis',(0.999975630705395,-0.00698126029796196,
0.));
#12885=DIRECTION('ref_axis',(0.00698126029796197,0.999975630705395,0.));
#12886=DIRECTION('',(-0.00698126029796496,-0.999975630705395,0.));
#12887=DIRECTION('center_axis',(-0.999975630705395,0.00698126029796196,
0.));
#12888=DIRECTION('ref_axis',(-0.00698126029796197,-0.999975630705395,0.));
#12889=DIRECTION('center_axis',(-1.,0.,0.));
#12890=DIRECTION('ref_axis',(0.,-1.,0.));
#12891=DIRECTION('center_axis',(-1.,0.,0.));
#12892=DIRECTION('ref_axis',(0.,-1.,0.));
#12893=DIRECTION('',(-1.,0.,0.));
#12894=DIRECTION('center_axis',(-1.,0.,0.));
#12895=DIRECTION('ref_axis',(0.,0.,1.));
#12896=DIRECTION('',(0.,-1.,0.));
#12897=DIRECTION('',(0.,0.,1.));
#12898=DIRECTION('',(0.,-1.,0.));
#12899=DIRECTION('',(0.,0.,1.));
#12900=DIRECTION('',(0.,1.,0.));
#12901=DIRECTION('',(0.,-1.,0.));
#12902=DIRECTION('center_axis',(1.,0.,0.));
#12903=DIRECTION('ref_axis',(0.,0.,-1.));
#12904=DIRECTION('',(0.,0.,-1.));
#12905=DIRECTION('center_axis',(1.,0.,0.));
#12906=DIRECTION('ref_axis',(0.,1.,0.));
#12907=DIRECTION('',(0.,-0.965925826288937,0.25881904510301));
#12908=DIRECTION('center_axis',(-1.,0.,0.));
#12909=DIRECTION('ref_axis',(0.,-0.258819045102307,-0.965925826289126));
#12910=DIRECTION('',(0.,0.,-1.));
#12911=DIRECTION('center_axis',(0.,1.,0.));
#12912=DIRECTION('ref_axis',(-0.707106781186498,0.,0.707106781186598));
#12913=DIRECTION('center_axis',(0.,1.,0.));
#12914=DIRECTION('ref_axis',(-1.,0.,2.84217094304E-14));
#12915=DIRECTION('center_axis',(0.,-1.,0.));
#12916=DIRECTION('ref_axis',(-5.684341886081E-14,0.,1.));
#12917=DIRECTION('',(0.,1.,0.));
#12918=DIRECTION('center_axis',(0.,-1.,0.));
#12919=DIRECTION('ref_axis',(0.,0.,-1.));
#12920=DIRECTION('',(-1.,0.,0.));
#12921=DIRECTION('',(0.,0.,1.));
#12922=DIRECTION('',(1.,0.,0.));
#12923=DIRECTION('center_axis',(0.,-1.,0.));
#12924=DIRECTION('ref_axis',(1.42108547152E-14,0.,1.));
#12925=DIRECTION('center_axis',(0.,1.,0.));
#12926=DIRECTION('ref_axis',(-0.707106781186498,0.,0.707106781186598));
#12927=DIRECTION('center_axis',(0.,1.,0.));
#12928=DIRECTION('ref_axis',(-0.707106781186498,0.,0.707106781186598));
#12929=DIRECTION('',(0.,1.,0.));
#12930=DIRECTION('center_axis',(-0.816496580927693,-0.408248290463896,-0.408248290463896));
#12931=DIRECTION('ref_axis',(-0.577350269189678,0.5773502691896,0.5773502691896));
#12932=DIRECTION('center_axis',(0.,0.,1.));
#12933=DIRECTION('ref_axis',(0.,1.,0.));
#12934=DIRECTION('center_axis',(-1.,0.,0.));
#12935=DIRECTION('ref_axis',(0.,0.,1.));
#12936=DIRECTION('center_axis',(0.,0.,-1.));
#12937=DIRECTION('ref_axis',(-0.707106781186548,0.707106781186548,0.));
#12938=DIRECTION('',(0.,0.,-1.));
#12939=DIRECTION('center_axis',(0.,0.,-1.));
#12940=DIRECTION('ref_axis',(-0.707106781186548,0.707106781186548,0.));
#12941=DIRECTION('center_axis',(-0.816496580927693,-0.408248290463896,0.408248290463896));
#12942=DIRECTION('ref_axis',(-0.577350269189678,0.5773502691896,-0.5773502691896));
#12943=DIRECTION('center_axis',(0.,1.,0.));
#12944=DIRECTION('ref_axis',(0.,0.,-1.));
#12945=DIRECTION('center_axis',(-1.,0.,0.));
#12946=DIRECTION('ref_axis',(0.,1.,0.));
#12947=DIRECTION('center_axis',(0.,-1.,0.));
#12948=DIRECTION('ref_axis',(-0.707106781186498,0.,-0.707106781186598));
#12949=DIRECTION('',(0.,-1.,0.));
#12950=DIRECTION('center_axis',(0.,0.,1.));
#12951=DIRECTION('ref_axis',(1.,0.,0.));
#12952=DIRECTION('',(-1.,0.,0.));
#12953=DIRECTION('',(0.,1.,0.));
#12954=DIRECTION('',(-1.,0.,0.));
#12955=DIRECTION('center_axis',(0.,-1.,0.));
#12956=DIRECTION('ref_axis',(0.,0.,-1.));
#12957=DIRECTION('center_axis',(0.,1.,0.));
#12958=DIRECTION('ref_axis',(1.,0.,-2.84217094304E-14));
#12959=DIRECTION('center_axis',(0.,-1.,0.));
#12960=DIRECTION('ref_axis',(-2.84217094304E-14,0.,-1.));
#12961=DIRECTION('',(0.,0.,-1.));
#12962=DIRECTION('center_axis',(0.,1.,0.));
#12963=DIRECTION('ref_axis',(0.707106781186498,0.,-0.707106781186598));
#12964=DIRECTION('',(0.,-1.,0.));
#12965=DIRECTION('center_axis',(1.,0.,0.));
#12966=DIRECTION('ref_axis',(0.,0.,-1.));
#12967=DIRECTION('',(0.,-1.,0.));
#12968=DIRECTION('',(0.,0.,-1.));
#12969=DIRECTION('',(0.,1.,0.));
#12970=DIRECTION('',(0.,0.,1.));
#12971=DIRECTION('',(0.,1.,0.));
#12972=DIRECTION('',(0.,0.,1.));
#12973=DIRECTION('center_axis',(1.,0.,0.));
#12974=DIRECTION('ref_axis',(0.,-1.,0.));
#12975=DIRECTION('',(0.,0.965925826288937,-0.25881904510301));
#12976=DIRECTION('center_axis',(-1.,0.,0.));
#12977=DIRECTION('ref_axis',(0.,0.258819045072105,0.965925826297218));
#12978=DIRECTION('',(0.,0.,-1.));
#12979=DIRECTION('center_axis',(-1.,0.,0.));
#12980=DIRECTION('ref_axis',(0.,1.,0.));
#12981=DIRECTION('',(0.,-1.,0.));
#12982=DIRECTION('center_axis',(1.,0.,0.));
#12983=DIRECTION('ref_axis',(0.,0.,1.));
#12984=DIRECTION('center_axis',(-1.,0.,0.));
#12985=DIRECTION('ref_axis',(0.,-1.,0.));
#12986=DIRECTION('center_axis',(0.999975630705395,0.00698126029796196,0.));
#12987=DIRECTION('ref_axis',(0.00698126029796197,-0.999975630705395,0.));
#12988=DIRECTION('',(-1.,0.,0.));
#12989=DIRECTION('center_axis',(0.999975630705395,0.00698126029796196,0.));
#12990=DIRECTION('ref_axis',(0.,0.,-1.));
#12991=DIRECTION('',(-0.00698126029786397,0.999975630705396,0.));
#12992=DIRECTION('',(0.00698126029795996,-0.999975630705395,0.));
#12993=DIRECTION('center_axis',(-0.999975630705395,-0.00698126029796196,
0.));
#12994=DIRECTION('ref_axis',(-0.00698126029796197,0.999975630705395,0.));
#12995=DIRECTION('',(0.,0.,-1.));
#12996=DIRECTION('center_axis',(-0.999975630705395,-0.00698126029796196,
0.));
#12997=DIRECTION('ref_axis',(-0.00698126029796197,0.999975630705395,3.83896514541592E-13));
#12998=DIRECTION('',(-0.00674339062985605,0.965903864113507,-0.258813160355902));
#12999=DIRECTION('center_axis',(0.999975630705395,0.00698126029796196,0.));
#13000=DIRECTION('ref_axis',(0.00698126029796197,-0.999975630705395,0.));
#13001=DIRECTION('',(0.,0.,1.));
#13002=DIRECTION('',(0.00698126029786297,-0.999975630705396,0.));
#13003=DIRECTION('',(0.,0.,1.));
#13004=DIRECTION('',(-0.00698109017792993,0.99995126319229,-0.00698109017786393));
#13005=DIRECTION('',(0.,0.,1.));
#13006=DIRECTION('',(0.,0.,-1.));
#13007=DIRECTION('center_axis',(0.,0.,1.));
#13008=DIRECTION('ref_axis',(1.,0.,0.));
#13009=DIRECTION('',(-1.,0.,0.));
#13010=DIRECTION('',(-0.00698126029795696,0.999975630705395,0.));
#13011=DIRECTION('center_axis',(0.999975630705395,0.00698126029796096,0.));
#13012=DIRECTION('ref_axis',(0.,0.,-1.));
#13013=DIRECTION('',(5.3700351129E-13,0.,-1.));
#13014=DIRECTION('center_axis',(0.,-1.,0.));
#13015=DIRECTION('ref_axis',(0.,0.,-1.));
#13016=DIRECTION('center_axis',(0.,1.,0.));
#13017=DIRECTION('ref_axis',(0.,0.,1.));
#13018=DIRECTION('',(1.,0.,0.));
#13019=DIRECTION('center_axis',(0.,-0.00698126029796196,-0.999975630705395));
#13020=DIRECTION('ref_axis',(-1.,0.,0.));
#13021=DIRECTION('',(1.,0.,0.));
#13022=DIRECTION('',(-0.00698109017785993,-0.99995126319229,0.00698109017786393));
#13023=DIRECTION('',(1.,0.,0.));
#13024=DIRECTION('',(-1.,0.,0.));
#13025=DIRECTION('',(0.00698109017785993,-0.99995126319229,0.00698109017786393));
#13026=DIRECTION('center_axis',(0.,-1.,0.));
#13027=DIRECTION('ref_axis',(0.,0.,-1.));
#13028=DIRECTION('',(-1.,0.,0.));
#13029=DIRECTION('',(0.,0.,-1.));
#13030=DIRECTION('',(1.,0.,0.));
#13031=DIRECTION('',(-4.848680465148E-13,0.,1.));
#13032=DIRECTION('',(4.848680465148E-13,0.,1.));
#13033=DIRECTION('',(1.,0.,0.));
#13034=DIRECTION('',(0.,0.,1.));
#13035=DIRECTION('center_axis',(0.,0.,-1.));
#13036=DIRECTION('ref_axis',(-1.,0.,0.));
#13037=DIRECTION('',(1.,0.,0.));
#13038=DIRECTION('',(0.,-1.,0.));
#13039=DIRECTION('',(1.,0.,0.));
#13040=DIRECTION('center_axis',(1.,0.,0.));
#13041=DIRECTION('ref_axis',(0.,1.,0.));
#13042=DIRECTION('center_axis',(1.,0.,0.));
#13043=DIRECTION('ref_axis',(0.,1.,0.));
#13044=DIRECTION('',(-1.,0.,0.));
#13045=DIRECTION('center_axis',(0.,1.,0.));
#13046=DIRECTION('ref_axis',(0.,0.,1.));
#13047=DIRECTION('',(0.,0.,1.));
#13048=DIRECTION('',(1.,0.,0.));
#13049=DIRECTION('',(0.,0.,-1.));
#13050=DIRECTION('',(1.,0.,0.));
#13051=DIRECTION('',(0.,0.,1.));
#13052=DIRECTION('',(-1.,0.,0.));
#13053=DIRECTION('center_axis',(-1.,0.,0.));
#13054=DIRECTION('ref_axis',(0.,1.,0.));
#13055=DIRECTION('center_axis',(1.,0.,0.));
#13056=DIRECTION('ref_axis',(0.,0.707106781186598,-0.707106781186498));
#13057=DIRECTION('center_axis',(-0.816496580927693,0.408248290463896,-0.408248290463896));
#13058=DIRECTION('ref_axis',(0.577350269189678,0.5773502691896,-0.5773502691896));
#13059=DIRECTION('center_axis',(0.,0.,-1.));
#13060=DIRECTION('ref_axis',(0.,1.,0.));
#13061=DIRECTION('center_axis',(0.,1.,0.));
#13062=DIRECTION('ref_axis',(1.,0.,0.));
#13063=DIRECTION('center_axis',(0.,0.,1.));
#13064=DIRECTION('ref_axis',(0.707106781186548,0.707106781186548,0.));
#13065=DIRECTION('center_axis',(0.,0.,1.));
#13066=DIRECTION('ref_axis',(0.707106781186548,0.707106781186548,0.));
#13067=DIRECTION('center_axis',(0.408248290463902,0.408248290463895,-0.816496580927691));
#13068=DIRECTION('ref_axis',(0.577350269189607,0.5773502691896,0.577350269189671));
#13069=DIRECTION('center_axis',(0.,1.,0.));
#13070=DIRECTION('ref_axis',(0.,0.,1.));
#13071=DIRECTION('center_axis',(0.,-1.,0.));
#13072=DIRECTION('ref_axis',(0.707106781186498,0.,0.707106781186598));
#13073=DIRECTION('center_axis',(0.,-1.,0.));
#13074=DIRECTION('ref_axis',(1.,0.,1.492139745096E-13));
#13075=DIRECTION('center_axis',(0.,-1.,0.));
#13076=DIRECTION('ref_axis',(0.,0.,-1.));
#13077=DIRECTION('center_axis',(0.,1.,0.));
#13078=DIRECTION('ref_axis',(-1.42108547152E-14,0.,1.));
#13079=DIRECTION('',(0.,0.,-1.));
#13080=DIRECTION('',(-1.,0.,0.));
#13081=DIRECTION('center_axis',(0.,-1.,0.));
#13082=DIRECTION('ref_axis',(0.707106781186498,0.,0.707106781186598));
#13083=DIRECTION('center_axis',(0.,-1.,0.));
#13084=DIRECTION('ref_axis',(1.,0.,0.));
#13085=DIRECTION('',(0.,-1.,0.));
#13086=DIRECTION('center_axis',(0.,1.,0.));
#13087=DIRECTION('ref_axis',(0.,0.,1.));
#13088=DIRECTION('',(1.,0.,0.));
#13089=DIRECTION('',(0.,0.,1.));
#13090=DIRECTION('',(-1.,0.,0.));
#13091=DIRECTION('',(-1.,0.,0.));
#13092=DIRECTION('',(-1.,0.,0.));
#13093=DIRECTION('',(0.,0.,-1.));
#13094=DIRECTION('center_axis',(0.,0.00698126029796196,0.999975630705395));
#13095=DIRECTION('ref_axis',(1.,0.,0.));
#13096=DIRECTION('',(0.,-0.999975630705394,0.00698126029801096));
#13097=DIRECTION('',(-1.,-3.6874189332E-13,5.64335419342E-13));
#13098=DIRECTION('',(-0.00558488847196337,0.999960035474215,-0.00698115142094044));
#13099=DIRECTION('',(-1.,0.,-2.201039433402E-14));
#13100=DIRECTION('',(-0.00558488847196337,-0.999960035474215,0.00698115142094044));
#13101=DIRECTION('',(-1.,3.591225395815E-13,7.695482991032E-14));
#13102=DIRECTION('',(0.,0.999975630705394,-0.00698126029801096));
#13103=DIRECTION('',(0.,-0.999975630705395,0.00698126029796096));
#13104=DIRECTION('center_axis',(0.,-0.00698126029796196,-0.999975630705395));
#13105=DIRECTION('ref_axis',(6.93872480795745E-17,0.999975630705395,-0.00698126029796197));
#13106=DIRECTION('',(1.,0.,0.));
#13107=DIRECTION('center_axis',(0.,-0.00698126029796196,-0.999975630705395));
#13108=DIRECTION('ref_axis',(-6.93872480795745E-17,0.999975630705395,-0.00698126029796197));
#13109=DIRECTION('',(0.,0.999975630705395,-0.00698126029796396));
#13110=DIRECTION('center_axis',(0.,0.00698126029796196,0.999975630705395));
#13111=DIRECTION('ref_axis',(0.,-0.999975630705395,0.00698126029796197));
#13112=DIRECTION('',(-1.,0.,0.));
#13113=DIRECTION('center_axis',(0.,0.00698126029796196,0.999975630705395));
#13114=DIRECTION('ref_axis',(0.,-0.999975630705395,0.00698126029796197));
#13115=DIRECTION('center_axis',(1.,0.,0.));
#13116=DIRECTION('ref_axis',(0.,0.,-1.));
#13117=DIRECTION('',(0.,-1.,0.));
#13118=DIRECTION('',(0.,-0.0139621803397099,0.999902524009296));
#13119=DIRECTION('',(7.37471997739E-14,1.,0.));
#13120=DIRECTION('center_axis',(0.,0.,1.));
#13121=DIRECTION('ref_axis',(1.,0.,0.));
#13122=DIRECTION('',(-1.,3.639195948166E-13,0.));
#13123=DIRECTION('',(-0.00558502457082727,-0.999984403628648,0.));
#13124=DIRECTION('',(-1.,0.,0.));
#13125=DIRECTION('',(-0.00558502457082727,0.999984403628648,0.));
#13126=DIRECTION('',(-1.,-3.639195948163E-13,0.));
#13127=DIRECTION('',(0.,1.,0.));
#13128=DIRECTION('',(0.,-1.,0.));
#13129=DIRECTION('center_axis',(0.,0.,-1.));
#13130=DIRECTION('ref_axis',(1.,0.,0.));
#13131=DIRECTION('',(-1.,0.,0.));
#13132=DIRECTION('center_axis',(0.,0.,-1.));
#13133=DIRECTION('ref_axis',(0.,-1.,0.));
#13134=DIRECTION('',(0.,1.,0.));
#13135=DIRECTION('center_axis',(0.,0.,-1.));
#13136=DIRECTION('ref_axis',(-1.,0.,0.));
#13137=DIRECTION('',(1.,0.,0.));
#13138=DIRECTION('center_axis',(0.,0.,-1.));
#13139=DIRECTION('ref_axis',(-1.42108547152E-14,1.,0.));
#13140=DIRECTION('center_axis',(-1.,0.,0.));
#13141=DIRECTION('ref_axis',(0.,0.,1.));
#13142=DIRECTION('',(0.,-1.,0.));
#13143=DIRECTION('',(0.,-0.0139621803397099,0.999902524009296));
#13144=DIRECTION('center_axis',(0.,-0.999902524009304,-0.0139621803391401));
#13145=DIRECTION('ref_axis',(0.,0.0139621803391385,-0.999902524009304));
#13146=DIRECTION('',(-7.79803362296077E-5,0.0139621802966885,-0.999902520969134));
#13147=DIRECTION('center_axis',(-0.999984403628648,-0.00558502457082727,
0.));
#13148=DIRECTION('ref_axis',(0.,0.,1.));
#13149=DIRECTION('',(-6.413653837263E-14,0.,1.));
#13150=DIRECTION('center_axis',(0.,-1.,0.));
#13151=DIRECTION('ref_axis',(0.,0.,-1.));
#13152=DIRECTION('',(0.,0.,1.));
#13153=DIRECTION('center_axis',(0.999984403628648,-0.00558502457082727,
0.));
#13154=DIRECTION('ref_axis',(0.,0.,-1.));
#13155=DIRECTION('',(7.79803362296077E-5,0.0139621802966885,-0.999902520969134));
#13156=DIRECTION('center_axis',(0.,-0.999902524009304,-0.0139621803391401));
#13157=DIRECTION('ref_axis',(0.,0.0139621803391385,-0.999902524009304));
#13158=DIRECTION('center_axis',(0.,0.,1.));
#13159=DIRECTION('ref_axis',(1.,0.,0.));
#13160=DIRECTION('',(1.,0.,0.));
#13161=DIRECTION('',(0.00698126029795696,0.999975630705395,0.));
#13162=DIRECTION('center_axis',(0.,-1.,0.));
#13163=DIRECTION('ref_axis',(0.,0.,-1.));
#13164=DIRECTION('',(-5.3700351129E-13,0.,1.));
#13165=DIRECTION('center_axis',(-0.999975630705395,0.00698126029796096,
0.));
#13166=DIRECTION('ref_axis',(0.,0.,1.));
#13167=DIRECTION('center_axis',(1.,0.,0.));
#13168=DIRECTION('ref_axis',(0.,0.,-1.));
#13169=DIRECTION('',(0.,0.,1.));
#13170=DIRECTION('',(0.,0.,-1.));
#13171=DIRECTION('center_axis',(0.,0.,-1.));
#13172=DIRECTION('ref_axis',(0.707106781186548,0.707106781186548,0.));
#13173=DIRECTION('',(0.,0.,-1.));
#13174=DIRECTION('center_axis',(0.,1.,0.));
#13175=DIRECTION('ref_axis',(0.,0.,1.));
#13176=DIRECTION('',(0.,0.,1.));
#13177=DIRECTION('center_axis',(0.,0.,-1.));
#13178=DIRECTION('ref_axis',(-0.707106781186548,0.707106781186548,0.));
#13179=DIRECTION('',(0.,0.,-1.));
#13180=DIRECTION('center_axis',(-1.,0.,0.));
#13181=DIRECTION('ref_axis',(0.,0.,1.));
#13182=DIRECTION('',(0.,0.,1.));
#13183=DIRECTION('center_axis',(0.,0.,-1.));
#13184=DIRECTION('ref_axis',(0.,-1.,0.));
#13185=DIRECTION('',(-1.083829830327E-14,0.,-1.));
#13186=DIRECTION('center_axis',(0.,-1.,0.));
#13187=DIRECTION('ref_axis',(0.,0.,-1.));
#13188=DIRECTION('',(-1.083829830327E-14,0.,1.));
#13189=DIRECTION('center_axis',(0.,0.,-1.));
#13190=DIRECTION('ref_axis',(1.,0.,0.));
#13191=DIRECTION('center_axis',(0.,0.,1.));
#13192=DIRECTION('ref_axis',(1.,0.,0.));
#13193=DIRECTION('',(0.00698126029795696,-0.999975630705395,0.));
#13194=DIRECTION('',(-1.,0.,0.));
#13195=DIRECTION('center_axis',(0.,1.,0.));
#13196=DIRECTION('ref_axis',(0.,0.,1.));
#13197=DIRECTION('',(5.3700351129E-13,0.,1.));
#13198=DIRECTION('center_axis',(-0.999975630705395,-0.00698126029796096,
0.));
#13199=DIRECTION('ref_axis',(0.,0.,1.));
#13200=DIRECTION('center_axis',(1.,0.,0.));
#13201=DIRECTION('ref_axis',(0.,-1.,0.));
#13202=DIRECTION('',(1.,-7.776372773861E-14,8.149910330684E-14));
#13203=DIRECTION('center_axis',(0.,0.258819045102493,0.965925826289076));
#13204=DIRECTION('ref_axis',(1.,0.,0.));
#13205=DIRECTION('',(-1.,1.864065337401E-14,0.));
#13206=DIRECTION('center_axis',(-1.,0.,0.));
#13207=DIRECTION('ref_axis',(0.,0.258819045102493,0.965925826289076));
#13208=DIRECTION('',(1.,0.,1.826807732171E-13));
#13209=DIRECTION('center_axis',(0.,1.,0.));
#13210=DIRECTION('ref_axis',(0.,0.,1.));
#13211=DIRECTION('',(-1.,0.,3.177056925514E-14));
#13212=DIRECTION('center_axis',(-1.,0.,0.));
#13213=DIRECTION('ref_axis',(0.,1.,0.));
#13214=DIRECTION('',(1.,0.,0.));
#13215=DIRECTION('center_axis',(0.,0.,-1.));
#13216=DIRECTION('ref_axis',(-1.,0.,0.));
#13217=DIRECTION('center_axis',(1.,0.,0.));
#13218=DIRECTION('ref_axis',(0.,-1.,0.));
#13219=DIRECTION('',(1.,4.232859677999E-13,-1.738647537213E-13));
#13220=DIRECTION('center_axis',(0.,0.258819045102493,0.965925826289076));
#13221=DIRECTION('ref_axis',(1.,0.,0.));
#13222=DIRECTION('',(-1.,-3.568353645882E-13,9.320326687004E-14));
#13223=DIRECTION('center_axis',(-1.,0.,0.));
#13224=DIRECTION('ref_axis',(0.,0.258819045102493,0.965925826289076));
#13225=DIRECTION('',(1.,0.,-1.85328320655E-13));
#13226=DIRECTION('center_axis',(0.,1.,0.));
#13227=DIRECTION('ref_axis',(0.,0.,1.));
#13228=DIRECTION('',(-1.,0.,-3.177056925514E-14));
#13229=DIRECTION('center_axis',(-1.,0.,0.));
#13230=DIRECTION('ref_axis',(0.,1.,0.));
#13231=DIRECTION('',(1.,0.,0.));
#13232=DIRECTION('center_axis',(0.,0.,-1.));
#13233=DIRECTION('ref_axis',(-1.,0.,0.));
#13234=DIRECTION('center_axis',(0.,1.,0.));
#13235=DIRECTION('ref_axis',(0.707106781186498,0.,-0.707106781186598));
#13236=DIRECTION('center_axis',(-1.,0.,0.));
#13237=DIRECTION('ref_axis',(0.,0.,1.));
#13238=DIRECTION('',(0.,1.,0.));
#13239=DIRECTION('',(0.,0.,-1.));
#13240=DIRECTION('',(0.,1.,0.));
#13241=DIRECTION('center_axis',(0.,0.,-1.));
#13242=DIRECTION('ref_axis',(-1.,0.,0.));
#13243=DIRECTION('',(1.,0.,0.));
#13244=DIRECTION('',(0.,1.,0.));
#13245=DIRECTION('center_axis',(1.,0.,0.));
#13246=DIRECTION('ref_axis',(0.,0.,-1.));
#13247=DIRECTION('',(0.,0.,1.));
#13248=DIRECTION('',(0.,1.,0.));
#13249=DIRECTION('center_axis',(0.,0.,1.));
#13250=DIRECTION('ref_axis',(1.,0.,0.));
#13251=DIRECTION('',(-1.,0.,0.));
#13252=DIRECTION('center_axis',(0.,1.,0.));
#13253=DIRECTION('ref_axis',(0.,0.,1.));
#13254=DIRECTION('axis',(0.,0.,1.));
#13255=DIRECTION('refdir',(1.,0.,0.));
#13256=DIRECTION('',(0.,-1.,0.));
#13257=DIRECTION('',(-1.,0.,0.));
#13258=DIRECTION('',(1.,0.,0.));
#13259=DIRECTION('',(0.,0.,1.));
#13260=DIRECTION('',(0.,0.,1.));
#13261=DIRECTION('',(1.,0.,0.));
#13262=CARTESIAN_POINT('',(0.,0.,0.));
#13263=CARTESIAN_POINT('Origin',(44.222,61.05,10.3));
#13264=CARTESIAN_POINT('',(44.222,61.55,10.3));
#13265=CARTESIAN_POINT('',(44.222,61.55,6.549896230895));
#13266=CARTESIAN_POINT('',(44.222,61.55,10.3));
#13267=CARTESIAN_POINT('',(44.222,58.15,8.930601860808));
#13268=CARTESIAN_POINT('',(44.222,61.55,6.549896230895));
#13269=CARTESIAN_POINT('',(44.222,58.15,10.2));
#13270=CARTESIAN_POINT('',(44.222,58.15,10.2));
#13271=CARTESIAN_POINT('',(44.222,61.05,10.2));
#13272=CARTESIAN_POINT('',(44.222,61.05,10.2));
#13273=CARTESIAN_POINT('',(44.222,61.15,10.3));
#13274=CARTESIAN_POINT('Origin',(44.222,61.15,10.2));
#13275=CARTESIAN_POINT('',(44.222,61.15,10.3));
#13276=CARTESIAN_POINT('Origin',(34.14020865603,61.55,13.66173946296));
#13277=CARTESIAN_POINT('',(19.972,61.55,10.3));
#13278=CARTESIAN_POINT('',(19.972,61.55,6.549896230895));
#13279=CARTESIAN_POINT('',(19.972,61.55,10.3));
#13280=CARTESIAN_POINT('',(0.2007027165786,61.55,10.3));
#13281=CARTESIAN_POINT('',(19.972,61.55,10.3));
#13282=CARTESIAN_POINT('',(-0.04928776418742,61.55,10.04781836613));
#13283=CARTESIAN_POINT('Origin',(0.2007027165786,61.55,10.05));
#13284=CARTESIAN_POINT('',(-0.01396298846524,61.55,6.));
#13285=CARTESIAN_POINT('',(-0.04928776418742,61.55,10.04781836613));
#13286=CARTESIAN_POINT('',(68.20796298847,61.55,6.));
#13287=CARTESIAN_POINT('',(68.20796298847,61.55,6.));
#13288=CARTESIAN_POINT('',(68.24328776419,61.55,10.04781836613));
#13289=CARTESIAN_POINT('',(68.20796298847,61.55,6.));
#13290=CARTESIAN_POINT('',(67.99329728342,61.55,10.3));
#13291=CARTESIAN_POINT('Origin',(67.99329728342,61.55,10.05));
#13292=CARTESIAN_POINT('',(48.222,61.55,10.3));
#13293=CARTESIAN_POINT('',(67.99329728342,61.55,10.3));
#13294=CARTESIAN_POINT('',(48.222,61.55,6.549896230895));
#13295=CARTESIAN_POINT('',(48.222,61.55,6.549896230895));
#13296=CARTESIAN_POINT('',(44.222,61.55,6.549896230895));
#13297=CARTESIAN_POINT('',(23.972,61.55,10.3));
#13298=CARTESIAN_POINT('',(44.222,61.55,10.3));
#13299=CARTESIAN_POINT('',(23.972,61.55,6.549896230895));
#13300=CARTESIAN_POINT('',(23.972,61.55,6.549896230895));
#13301=CARTESIAN_POINT('',(19.972,61.55,6.549896230895));
#13302=CARTESIAN_POINT('Origin',(19.972,61.05,10.3));
#13303=CARTESIAN_POINT('',(19.972,58.15,8.930601860808));
#13304=CARTESIAN_POINT('',(19.972,61.55,6.549896230895));
#13305=CARTESIAN_POINT('',(19.972,58.15,10.2));
#13306=CARTESIAN_POINT('',(19.972,58.15,10.2));
#13307=CARTESIAN_POINT('',(19.972,61.05,10.2));
#13308=CARTESIAN_POINT('',(19.972,61.05,10.2));
#13309=CARTESIAN_POINT('',(19.972,61.15,10.3));
#13310=CARTESIAN_POINT('Origin',(19.972,61.15,10.2));
#13311=CARTESIAN_POINT('',(19.972,61.15,10.3));
#13312=CARTESIAN_POINT('Origin',(34.097,43.55,10.3));
#13313=CARTESIAN_POINT('',(20.072,61.15,10.3));
#13314=CARTESIAN_POINT('',(20.072,61.15,10.3));
#13315=CARTESIAN_POINT('',(20.072,58.15,10.3));
#13316=CARTESIAN_POINT('',(20.072,58.15,10.3));
#13317=CARTESIAN_POINT('',(23.872,58.15,10.3));
#13318=CARTESIAN_POINT('',(23.872,58.15,10.3));
#13319=CARTESIAN_POINT('',(23.872,61.15,10.3));
#13320=CARTESIAN_POINT('',(23.872,61.15,10.3));
#13321=CARTESIAN_POINT('',(23.972,61.15,10.3));
#13322=CARTESIAN_POINT('',(23.972,61.15,10.3));
#13323=CARTESIAN_POINT('',(23.972,61.55,10.3));
#13324=CARTESIAN_POINT('',(44.322,61.15,10.3));
#13325=CARTESIAN_POINT('',(44.322,61.15,10.3));
#13326=CARTESIAN_POINT('',(44.322,58.15,10.3));
#13327=CARTESIAN_POINT('',(44.322,58.15,10.3));
#13328=CARTESIAN_POINT('',(48.122,58.15,10.3));
#13329=CARTESIAN_POINT('',(48.122,58.15,10.3));
#13330=CARTESIAN_POINT('',(48.122,61.15,10.3));
#13331=CARTESIAN_POINT('',(48.122,61.15,10.3));
#13332=CARTESIAN_POINT('',(48.222,61.15,10.3));
#13333=CARTESIAN_POINT('',(48.222,61.15,10.3));
#13334=CARTESIAN_POINT('',(48.222,61.55,10.3));
#13335=CARTESIAN_POINT('',(67.99329728342,86.84780876346,10.3));
#13336=CARTESIAN_POINT('',(67.99329728342,86.84780876346,10.3));
#13337=CARTESIAN_POINT('',(0.2007027165786,86.84780876346,10.3));
#13338=CARTESIAN_POINT('',(0.2007027165786,86.84780876346,10.3));
#13339=CARTESIAN_POINT('',(0.2007027165786,61.55,10.3));
#13340=CARTESIAN_POINT('',(48.28993090629,70.94247335113,10.3));
#13341=CARTESIAN_POINT('',(46.59595227661,69.1391197233,10.3));
#13342=CARTESIAN_POINT('Ctrl Pts',(48.28993090629,70.94247335113,10.3));
#13343=CARTESIAN_POINT('Ctrl Pts',(48.28993090629,70.51964561443,10.3));
#13344=CARTESIAN_POINT('Ctrl Pts',(48.11586459828,69.81080541669,10.3));
#13345=CARTESIAN_POINT('Ctrl Pts',(47.42760241488,69.23642287138,10.3));
#13346=CARTESIAN_POINT('Ctrl Pts',(46.85293906085,69.1391197233,10.3));
#13347=CARTESIAN_POINT('Ctrl Pts',(46.59595227661,69.1391197233,10.3));
#13348=CARTESIAN_POINT('',(44.89397059827,70.92646725384,10.3));
#13349=CARTESIAN_POINT('Ctrl Pts',(46.59595227661,69.1391197233,10.3));
#13350=CARTESIAN_POINT('Ctrl Pts',(46.20647057592,69.1391197233,10.3));
#13351=CARTESIAN_POINT('Ctrl Pts',(45.54560479369,69.31845997017,10.3));
#13352=CARTESIAN_POINT('Ctrl Pts',(44.98695923731,70.02964316569,10.3));
#13353=CARTESIAN_POINT('Ctrl Pts',(44.89397059827,70.64813900655,10.3));
#13354=CARTESIAN_POINT('Ctrl Pts',(44.89397059827,70.92646725384,10.3));
#13355=CARTESIAN_POINT('',(45.05403157116,71.82280870199,10.3));
#13356=CARTESIAN_POINT('Ctrl Pts',(44.89397059827,70.92646725384,10.3));
#13357=CARTESIAN_POINT('Ctrl Pts',(44.89397059827,71.28215830469,10.3));
#13358=CARTESIAN_POINT('Ctrl Pts',(44.9473242559,71.58093878741,10.3));
#13359=CARTESIAN_POINT('Ctrl Pts',(45.05403157116,71.82280870199,10.3));
#13360=CARTESIAN_POINT('',(45.83299497253,72.61777820065,10.3));
#13361=CARTESIAN_POINT('Ctrl Pts',(45.05403157116,71.82280870199,10.3));
#13362=CARTESIAN_POINT('Ctrl Pts',(45.21409254404,72.17849975284,10.3));
#13363=CARTESIAN_POINT('Ctrl Pts',(45.50575920574,72.48261560132,10.3));
#13364=CARTESIAN_POINT('Ctrl Pts',(45.83299497253,72.61777820065,10.3));
#13365=CARTESIAN_POINT('',(46.58794922796,72.75649771048,10.3));
#13366=CARTESIAN_POINT('Ctrl Pts',(45.83299497253,72.61777820065,10.3));
#13367=CARTESIAN_POINT('Ctrl Pts',(46.04996651355,72.71025787387,10.3));
#13368=CARTESIAN_POINT('Ctrl Pts',(46.30161793202,72.75649771048,10.3));
#13369=CARTESIAN_POINT('Ctrl Pts',(46.58794922796,72.75649771048,10.3));
#13370=CARTESIAN_POINT('Ctrl Pts',(46.58794922796,72.75649771048,10.3));
#13371=CARTESIAN_POINT('Ctrl Pts',(46.97476324576,72.75649771048,10.3));
#13372=CARTESIAN_POINT('Ctrl Pts',(47.63336500765,72.57572709417,10.3));
#13373=CARTESIAN_POINT('Ctrl Pts',(48.19662050726,71.85826080344,10.3));
#13374=CARTESIAN_POINT('Ctrl Pts',(48.28993090629,71.22702619181,10.3));
#13375=CARTESIAN_POINT('Ctrl Pts',(48.28993090629,70.94247335113,10.3));
#13376=CARTESIAN_POINT('',(50.7415314743,70.56899774773,10.3));
#13377=CARTESIAN_POINT('',(50.0105863648,70.51831177298,10.3));
#13378=CARTESIAN_POINT('Ctrl Pts',(50.7415314743,70.56899774773,10.3));
#13379=CARTESIAN_POINT('Ctrl Pts',(50.5743566804,70.5352070979,10.3));
#13380=CARTESIAN_POINT('Ctrl Pts',(50.33070831056,70.51831177298,10.3));
#13381=CARTESIAN_POINT('Ctrl Pts',(50.0105863648,70.51831177298,10.3));
#13382=CARTESIAN_POINT('',(49.54907722631,70.51831177298,10.3));
#13383=CARTESIAN_POINT('',(49.54907722631,70.51831177298,10.3));
#13384=CARTESIAN_POINT('',(49.54907722631,69.19780874669,10.3));
#13385=CARTESIAN_POINT('',(49.54907722631,69.19780874669,10.3));
#13386=CARTESIAN_POINT('',(48.84214126274,69.19780874669,10.3));
#13387=CARTESIAN_POINT('',(48.84214126274,69.19780874669,10.3));
#13388=CARTESIAN_POINT('',(48.84214126274,72.69780868709,10.3));
#13389=CARTESIAN_POINT('',(48.84214126274,72.69780868709,10.3));
#13390=CARTESIAN_POINT('',(49.97590648734,72.69780868709,10.3));
#13391=CARTESIAN_POINT('',(49.97590648734,72.69780868709,10.3));
#13392=CARTESIAN_POINT('',(50.81622659498,72.64445502946,10.3));
#13393=CARTESIAN_POINT('Ctrl Pts',(49.97590648734,72.69780868709,10.3));
#13394=CARTESIAN_POINT('Ctrl Pts',(50.40629265887,72.69780868709,10.3));
#13395=CARTESIAN_POINT('Ctrl Pts',(50.68639936142,72.68002413454,10.3));
#13396=CARTESIAN_POINT('Ctrl Pts',(50.81622659498,72.64445502946,10.3));
#13397=CARTESIAN_POINT('',(51.52316255855,71.620064803,10.3));
#13398=CARTESIAN_POINT('Ctrl Pts',(50.81622659498,72.64445502946,10.3));
#13399=CARTESIAN_POINT('Ctrl Pts',(51.21815748244,72.54130462471,10.3));
#13400=CARTESIAN_POINT('Ctrl Pts',(51.52316255855,72.17849975284,10.3));
#13401=CARTESIAN_POINT('Ctrl Pts',(51.52316255855,71.620064803,10.3));
#13402=CARTESIAN_POINT('Ctrl Pts',(51.52316255855,71.620064803,10.3));
#13403=CARTESIAN_POINT('Ctrl Pts',(51.52316255855,70.97982091147,10.3));
#13404=CARTESIAN_POINT('Ctrl Pts',(51.1150070777,70.64902823417,10.3));
#13405=CARTESIAN_POINT('Ctrl Pts',(50.7415314743,70.56899774773,10.3));
#13406=CARTESIAN_POINT('',(24.30307722631,70.51831177298,10.3));
#13407=CARTESIAN_POINT('',(24.7645863648,70.51831177298,10.3));
#13408=CARTESIAN_POINT('',(24.30307722631,70.51831177298,10.3));
#13409=CARTESIAN_POINT('',(24.30307722631,69.19780874669,10.3));
#13410=CARTESIAN_POINT('',(24.30307722631,69.19780874669,10.3));
#13411=CARTESIAN_POINT('',(23.59614126274,69.19780874669,10.3));
#13412=CARTESIAN_POINT('',(23.59614126274,69.19780874669,10.3));
#13413=CARTESIAN_POINT('',(23.59614126274,72.69780868709,10.3));
#13414=CARTESIAN_POINT('',(23.59614126274,72.69780868709,10.3));
#13415=CARTESIAN_POINT('',(24.72990648734,72.69780868709,10.3));
#13416=CARTESIAN_POINT('',(24.72990648734,72.69780868709,10.3));
#13417=CARTESIAN_POINT('',(25.57022659498,72.64445502946,10.3));
#13418=CARTESIAN_POINT('Ctrl Pts',(24.72990648734,72.69780868709,10.3));
#13419=CARTESIAN_POINT('Ctrl Pts',(25.16029265887,72.69780868709,10.3));
#13420=CARTESIAN_POINT('Ctrl Pts',(25.44039936142,72.68002413454,10.3));
#13421=CARTESIAN_POINT('Ctrl Pts',(25.57022659498,72.64445502946,10.3));
#13422=CARTESIAN_POINT('',(26.27716255855,71.620064803,10.3));
#13423=CARTESIAN_POINT('Ctrl Pts',(25.57022659498,72.64445502946,10.3));
#13424=CARTESIAN_POINT('Ctrl Pts',(25.97215748244,72.54130462471,10.3));
#13425=CARTESIAN_POINT('Ctrl Pts',(26.27716255855,72.17849975284,10.3));
#13426=CARTESIAN_POINT('Ctrl Pts',(26.27716255855,71.620064803,10.3));
#13427=CARTESIAN_POINT('',(25.4955314743,70.56899774773,10.3));
#13428=CARTESIAN_POINT('Ctrl Pts',(26.27716255855,71.620064803,10.3));
#13429=CARTESIAN_POINT('Ctrl Pts',(26.27716255855,70.97982091147,10.3));
#13430=CARTESIAN_POINT('Ctrl Pts',(25.8690070777,70.64902823417,10.3));
#13431=CARTESIAN_POINT('Ctrl Pts',(25.4955314743,70.56899774773,10.3));
#13432=CARTESIAN_POINT('Ctrl Pts',(25.4955314743,70.56899774773,10.3));
#13433=CARTESIAN_POINT('Ctrl Pts',(25.3283566804,70.5352070979,10.3));
#13434=CARTESIAN_POINT('Ctrl Pts',(25.08470831056,70.51831177298,10.3));
#13435=CARTESIAN_POINT('Ctrl Pts',(24.7645863648,70.51831177298,10.3));
#13436=CARTESIAN_POINT('',(19.33318401827,72.10558308742,10.3));
#13437=CARTESIAN_POINT('',(19.33318401827,72.69780868709,10.3));
#13438=CARTESIAN_POINT('',(19.33318401827,72.10558308742,10.3));
#13439=CARTESIAN_POINT('',(18.29812306029,72.10558308742,10.3));
#13440=CARTESIAN_POINT('',(18.29812306029,72.10558308742,10.3));
#13441=CARTESIAN_POINT('',(18.29812306029,69.19780874669,10.3));
#13442=CARTESIAN_POINT('',(18.29812306029,69.19780874669,10.3));
#13443=CARTESIAN_POINT('',(17.59118709671,69.19780874669,10.3));
#13444=CARTESIAN_POINT('',(17.59118709671,69.19780874669,10.3));
#13445=CARTESIAN_POINT('',(17.59118709671,72.10558308742,10.3));
#13446=CARTESIAN_POINT('',(17.59118709671,72.10558308742,10.3));
#13447=CARTESIAN_POINT('',(16.55345845585,72.10558308742,10.3));
#13448=CARTESIAN_POINT('',(16.55345845585,72.10558308742,10.3));
#13449=CARTESIAN_POINT('',(16.55345845585,72.69780868709,10.3));
#13450=CARTESIAN_POINT('',(16.55345845585,72.69780868709,10.3));
#13451=CARTESIAN_POINT('',(19.33318401827,72.69780868709,10.3));
#13452=CARTESIAN_POINT('',(23.04393090629,70.94247335113,10.3));
#13453=CARTESIAN_POINT('',(21.34995227661,69.1391197233,10.3));
#13454=CARTESIAN_POINT('Ctrl Pts',(23.04393090629,70.94247335113,10.3));
#13455=CARTESIAN_POINT('Ctrl Pts',(23.04393090629,70.51964561443,10.3));
#13456=CARTESIAN_POINT('Ctrl Pts',(22.86986459828,69.81080541669,10.3));
#13457=CARTESIAN_POINT('Ctrl Pts',(22.18160241488,69.23642287138,10.3));
#13458=CARTESIAN_POINT('Ctrl Pts',(21.60693906085,69.1391197233,10.3));
#13459=CARTESIAN_POINT('Ctrl Pts',(21.34995227661,69.1391197233,10.3));
#13460=CARTESIAN_POINT('',(19.64797059827,70.92646725384,10.3));
#13461=CARTESIAN_POINT('Ctrl Pts',(21.34995227661,69.1391197233,10.3));
#13462=CARTESIAN_POINT('Ctrl Pts',(20.96047057592,69.1391197233,10.3));
#13463=CARTESIAN_POINT('Ctrl Pts',(20.29960479369,69.31845997017,10.3));
#13464=CARTESIAN_POINT('Ctrl Pts',(19.74095923731,70.02964316569,10.3));
#13465=CARTESIAN_POINT('Ctrl Pts',(19.64797059827,70.64813900655,10.3));
#13466=CARTESIAN_POINT('Ctrl Pts',(19.64797059827,70.92646725384,10.3));
#13467=CARTESIAN_POINT('',(19.80803157116,71.82280870199,10.3));
#13468=CARTESIAN_POINT('Ctrl Pts',(19.64797059827,70.92646725384,10.3));
#13469=CARTESIAN_POINT('Ctrl Pts',(19.64797059827,71.28215830469,10.3));
#13470=CARTESIAN_POINT('Ctrl Pts',(19.7013242559,71.58093878741,10.3));
#13471=CARTESIAN_POINT('Ctrl Pts',(19.80803157116,71.82280870199,10.3));
#13472=CARTESIAN_POINT('',(20.58699497253,72.61777820065,10.3));
#13473=CARTESIAN_POINT('Ctrl Pts',(19.80803157116,71.82280870199,10.3));
#13474=CARTESIAN_POINT('Ctrl Pts',(19.96809254404,72.17849975284,10.3));
#13475=CARTESIAN_POINT('Ctrl Pts',(20.25975920574,72.48261560132,10.3));
#13476=CARTESIAN_POINT('Ctrl Pts',(20.58699497253,72.61777820065,10.3));
#13477=CARTESIAN_POINT('',(21.34194922796,72.75649771048,10.3));
#13478=CARTESIAN_POINT('Ctrl Pts',(20.58699497253,72.61777820065,10.3));
#13479=CARTESIAN_POINT('Ctrl Pts',(20.80396651355,72.71025787387,10.3));
#13480=CARTESIAN_POINT('Ctrl Pts',(21.05561793202,72.75649771048,10.3));
#13481=CARTESIAN_POINT('Ctrl Pts',(21.34194922796,72.75649771048,10.3));
#13482=CARTESIAN_POINT('Ctrl Pts',(21.34194922796,72.75649771048,10.3));
#13483=CARTESIAN_POINT('Ctrl Pts',(21.72876324576,72.75649771048,10.3));
#13484=CARTESIAN_POINT('Ctrl Pts',(22.38736500765,72.57572709417,10.3));
#13485=CARTESIAN_POINT('Ctrl Pts',(22.95062050726,71.85826080344,10.3));
#13486=CARTESIAN_POINT('Ctrl Pts',(23.04393090629,71.22702619181,10.3));
#13487=CARTESIAN_POINT('Ctrl Pts',(23.04393090629,70.94247335113,10.3));
#13488=CARTESIAN_POINT('',(44.57918401827,72.10558308742,10.3));
#13489=CARTESIAN_POINT('',(44.57918401827,72.69780868709,10.3));
#13490=CARTESIAN_POINT('',(44.57918401827,72.10558308742,10.3));
#13491=CARTESIAN_POINT('',(43.54412306029,72.10558308742,10.3));
#13492=CARTESIAN_POINT('',(43.54412306029,72.10558308742,10.3));
#13493=CARTESIAN_POINT('',(43.54412306029,69.19780874669,10.3));
#13494=CARTESIAN_POINT('',(43.54412306029,69.19780874669,10.3));
#13495=CARTESIAN_POINT('',(42.83718709671,69.19780874669,10.3));
#13496=CARTESIAN_POINT('',(42.83718709671,69.19780874669,10.3));
#13497=CARTESIAN_POINT('',(42.83718709671,72.10558308742,10.3));
#13498=CARTESIAN_POINT('',(42.83718709671,72.10558308742,10.3));
#13499=CARTESIAN_POINT('',(41.79945845585,72.10558308742,10.3));
#13500=CARTESIAN_POINT('',(41.79945845585,72.10558308742,10.3));
#13501=CARTESIAN_POINT('',(41.79945845585,72.69780868709,10.3));
#13502=CARTESIAN_POINT('',(41.79945845585,72.69780868709,10.3));
#13503=CARTESIAN_POINT('',(44.57918401827,72.69780868709,10.3));
#13504=CARTESIAN_POINT('',(45.22,79.54780876346,10.3));
#13505=CARTESIAN_POINT('',(46.22,79.54780876346,10.3));
#13506=CARTESIAN_POINT('',(45.22,79.54780876346,10.3));
#13507=CARTESIAN_POINT('',(46.72,83.54780876346,10.3));
#13508=CARTESIAN_POINT('',(45.22,79.54780876346,10.3));
#13509=CARTESIAN_POINT('',(48.22,79.54780876346,10.3));
#13510=CARTESIAN_POINT('',(46.72,83.54780876346,10.3));
#13511=CARTESIAN_POINT('',(47.22,79.54780876346,10.3));
#13512=CARTESIAN_POINT('',(47.22,79.54780876346,10.3));
#13513=CARTESIAN_POINT('',(47.22,74.54780876346,10.3));
#13514=CARTESIAN_POINT('',(47.22,74.54780876346,10.3));
#13515=CARTESIAN_POINT('',(46.22,74.54780876346,10.3));
#13516=CARTESIAN_POINT('',(46.22,74.54780876346,10.3));
#13517=CARTESIAN_POINT('',(46.22,79.54780876346,10.3));
#13518=CARTESIAN_POINT('',(19.974,79.54780876346,10.3));
#13519=CARTESIAN_POINT('',(20.974,79.54780876346,10.3));
#13520=CARTESIAN_POINT('',(19.974,79.54780876346,10.3));
#13521=CARTESIAN_POINT('',(21.474,83.54780876346,10.3));
#13522=CARTESIAN_POINT('',(19.974,79.54780876346,10.3));
#13523=CARTESIAN_POINT('',(22.974,79.54780876346,10.3));
#13524=CARTESIAN_POINT('',(21.474,83.54780876346,10.3));
#13525=CARTESIAN_POINT('',(21.974,79.54780876346,10.3));
#13526=CARTESIAN_POINT('',(21.974,79.54780876346,10.3));
#13527=CARTESIAN_POINT('',(21.974,74.54780876346,10.3));
#13528=CARTESIAN_POINT('',(21.974,74.54780876346,10.3));
#13529=CARTESIAN_POINT('',(20.974,74.54780876346,10.3));
#13530=CARTESIAN_POINT('',(20.974,74.54780876346,10.3));
#13531=CARTESIAN_POINT('',(20.974,79.54780876346,10.3));
#13532=CARTESIAN_POINT('',(31.847,78.725,10.3));
#13533=CARTESIAN_POINT('',(31.847,72.83055127546,10.3));
#13534=CARTESIAN_POINT('',(31.847,78.725,10.3));
#13535=CARTESIAN_POINT('',(36.347,78.725,10.3));
#13536=CARTESIAN_POINT('Origin',(34.097,78.725,10.3));
#13537=CARTESIAN_POINT('',(36.347,72.83055127546,10.3));
#13538=CARTESIAN_POINT('',(36.347,72.83055127546,10.3));
#13539=CARTESIAN_POINT('Origin',(34.097,69.225,10.3));
#13540=CARTESIAN_POINT('Origin',(0.2007027165786,21.775,10.05));
#13541=CARTESIAN_POINT('',(0.0223905229131096,86.8834756912394,10.2252277408662));
#13542=CARTESIAN_POINT('Ctrl Pts',(0.2007027165786,86.84780876346,10.3));
#13543=CARTESIAN_POINT('Ctrl Pts',(0.178679100731027,86.8523116913011,10.3));
#13544=CARTESIAN_POINT('Ctrl Pts',(0.156776481531848,86.8565487769996,10.2969504291059));
#13545=CARTESIAN_POINT('Ctrl Pts',(0.135625382591467,86.8609586160733,10.2911778825841));
#13546=CARTESIAN_POINT('Ctrl Pts',(0.114474283651081,86.865368455147,10.2854053360622));
#13547=CARTESIAN_POINT('Ctrl Pts',(0.0942751330048887,86.8701270049797,
10.2769922090571));
#13548=CARTESIAN_POINT('Ctrl Pts',(0.0753686397843818,86.8734371693092,
10.2660889823328));
#13549=CARTESIAN_POINT('Ctrl Pts',(0.0564621465638806,86.8767473336387,
10.2551857556085));
#13550=CARTESIAN_POINT('Ctrl Pts',(0.0392630583473876,86.8800954761411,
10.2423965457401));
#13551=CARTESIAN_POINT('Ctrl Pts',(0.0223938239684119,86.88347484229,10.2252311010791));
#13552=CARTESIAN_POINT('',(-0.04928776418742,86.84780876346,10.04781836613));
#13553=CARTESIAN_POINT('Ctrl Pts',(0.0223833785495027,86.8834727162293,
10.2252204716461));
#13554=CARTESIAN_POINT('Ctrl Pts',(0.00597584429652603,86.880132800382,
10.2085227613957));
#13555=CARTESIAN_POINT('Ctrl Pts',(-0.00628564910824514,86.8768306902249,
10.1916164903722));
#13556=CARTESIAN_POINT('Ctrl Pts',(-0.0168366008107818,86.8735108754792,
10.1728202865831));
#13557=CARTESIAN_POINT('Ctrl Pts',(-0.0273875525133216,86.8701910607335,
10.154024082794));
#13558=CARTESIAN_POINT('Ctrl Pts',(-0.0355996007770536,86.865420790438,
10.1337462783367));
#13559=CARTESIAN_POINT('Ctrl Pts',(-0.0411323488515866,86.8609965524133,
10.1126200793618));
#13560=CARTESIAN_POINT('Ctrl Pts',(-0.046665096926118,86.8565723143886,
10.091493880387));
#13561=CARTESIAN_POINT('Ctrl Pts',(-0.0494788849107756,86.8523248192511,
10.0697186318298));
#13562=CARTESIAN_POINT('Ctrl Pts',(-0.04928776418742,86.84780876346,10.04781836613));
#13563=CARTESIAN_POINT('',(-0.04928776418742,86.84780876346,10.04781836613));
#13564=CARTESIAN_POINT('Origin',(0.03839675619285,0.,0.000167538517646));
#13565=CARTESIAN_POINT('',(-0.01176223268714,28.55,5.747818366125));
#13566=CARTESIAN_POINT('',(-0.01176223268714,26.11757186514,5.747818366125));
#13567=CARTESIAN_POINT('',(-0.01176223268714,28.55,5.747818366125));
#13568=CARTESIAN_POINT('',(-0.000872686779085,28.55,4.5));
#13569=CARTESIAN_POINT('',(-0.000872686779085,28.55,4.5));
#13570=CARTESIAN_POINT('',(0.,28.65,4.4));
#13571=CARTESIAN_POINT('Origin',(-0.000872670164879821,28.6500019039706,
4.49999809620446));
#13572=CARTESIAN_POINT('',(-1.517812342155E-14,58.45,4.4));
#13573=CARTESIAN_POINT('',(-1.517812342155E-14,58.45,4.4));
#13574=CARTESIAN_POINT('',(-0.000872686779094,58.55,4.5));
#13575=CARTESIAN_POINT('Origin',(-0.000872670164899413,58.4499980960295,
4.49999809620446));
#13576=CARTESIAN_POINT('',(-0.01309030168616,58.55,5.9));
#13577=CARTESIAN_POINT('',(-0.01309030168616,58.55,5.9));
#13578=CARTESIAN_POINT('',(-0.01396298846523,58.45,6.));
#13579=CARTESIAN_POINT('Origin',(-0.013090318300366,58.4499980960295,5.90000190379554));
#13580=CARTESIAN_POINT('',(-0.01396298846523,61.55,6.));
#13581=CARTESIAN_POINT('',(0.03839821827932,86.76012278099,0.));
#13582=CARTESIAN_POINT('',(-0.04928776418742,86.84780876346,10.04781836613));
#13583=CARTESIAN_POINT('',(0.03839821827934,0.3398772190108,0.));
#13584=CARTESIAN_POINT('',(0.03839821827934,0.3398772190108,0.));
#13585=CARTESIAN_POINT('',(-0.0492877641874,0.2521912365441,10.04781836613));
#13586=CARTESIAN_POINT('',(0.03839821827934,0.3398772190108,0.));
#13587=CARTESIAN_POINT('',(-0.0492877641874,24.96539033769,10.04781836613));
#13588=CARTESIAN_POINT('',(-0.0492877641874,24.96539033769,10.04781836613));
#13589=CARTESIAN_POINT('',(-0.0492877641874,24.96539033769,10.04781836613));
#13590=CARTESIAN_POINT('Origin',(0.2382282480789,13.025,5.75));
#13591=CARTESIAN_POINT('',(0.2382282480789,28.65,6.));
#13592=CARTESIAN_POINT('',(0.2382282480789,26.05,6.));
#13593=CARTESIAN_POINT('',(0.2382282480789,28.65,6.));
#13594=CARTESIAN_POINT('',(0.03822824807889,28.55,5.9));
#13595=CARTESIAN_POINT('Ctrl Pts',(0.0382282480789001,28.55,5.9));
#13596=CARTESIAN_POINT('Ctrl Pts',(0.050861934930911,28.55,5.91684491580268));
#13597=CARTESIAN_POINT('Ctrl Pts',(0.0650366244147386,28.554039959421,5.93138946403609));
#13598=CARTESIAN_POINT('Ctrl Pts',(0.0958557023029502,28.5662817971814,
5.95644977838253));
#13599=CARTESIAN_POINT('Ctrl Pts',(0.112473652962748,28.5746204149608,5.96693105563621));
#13600=CARTESIAN_POINT('Ctrl Pts',(0.164705823854376,28.6033645619593,5.99204797863235));
#13601=CARTESIAN_POINT('Ctrl Pts',(0.202636867425949,28.6274900344133,6.));
#13602=CARTESIAN_POINT('Ctrl Pts',(0.2382282480789,28.65,6.));
#13603=CARTESIAN_POINT('Origin',(0.2382282480789,28.55,5.75));
#13604=CARTESIAN_POINT('Origin',(0.2382282480789,26.1169872981046,5.75));
#13605=CARTESIAN_POINT('Origin',(68.194,26.05,6.));
#13606=CARTESIAN_POINT('',(46.34753942975,11.10698689956,6.));
#13607=CARTESIAN_POINT('',(50.40446606335,26.05,6.));
#13608=CARTESIAN_POINT('',(46.34753942975,11.10698689956,6.));
#13609=CARTESIAN_POINT('',(67.95577175192,26.05,6.));
#13610=CARTESIAN_POINT('',(50.40446606335,26.05,6.));
#13611=CARTESIAN_POINT('',(67.95577175192,28.65,6.));
#13612=CARTESIAN_POINT('',(67.95577175192,26.05,6.));
#13613=CARTESIAN_POINT('',(68.694,28.65,6.));
#13614=CARTESIAN_POINT('',(68.694,28.65,6.));
#13615=CARTESIAN_POINT('',(69.594,29.55,6.));
#13616=CARTESIAN_POINT('Origin',(68.694,29.55,6.));
#13617=CARTESIAN_POINT('',(69.594,57.55,6.));
#13618=CARTESIAN_POINT('',(69.594,57.55,6.));
#13619=CARTESIAN_POINT('',(68.694,58.45,6.));
#13620=CARTESIAN_POINT('Origin',(68.694,57.55,6.));
#13621=CARTESIAN_POINT('',(68.20796298847,58.45,6.));
#13622=CARTESIAN_POINT('',(68.20796298847,58.45,6.));
#13623=CARTESIAN_POINT('',(68.20796298847,58.45,6.));
#13624=CARTESIAN_POINT('',(-0.5,58.45,6.));
#13625=CARTESIAN_POINT('',(-0.5,58.45,6.));
#13626=CARTESIAN_POINT('',(-1.4,57.55,6.));
#13627=CARTESIAN_POINT('Origin',(-0.5,57.55,6.));
#13628=CARTESIAN_POINT('',(-1.4,29.55,6.));
#13629=CARTESIAN_POINT('',(-1.4,29.55,6.));
#13630=CARTESIAN_POINT('',(-0.5,28.65,6.));
#13631=CARTESIAN_POINT('Origin',(-0.5,29.55,6.));
#13632=CARTESIAN_POINT('',(0.2382282480789,28.65,6.));
#13633=CARTESIAN_POINT('',(17.78953393665,26.05,6.));
#13634=CARTESIAN_POINT('',(0.2382282480789,26.05,6.));
#13635=CARTESIAN_POINT('',(21.84646057025,11.10698689956,6.));
#13636=CARTESIAN_POINT('',(17.78953393665,26.05,6.));
#13637=CARTESIAN_POINT('',(23.29405882353,10.,6.));
#13638=CARTESIAN_POINT('Origin',(23.29405882353,11.5,6.));
#13639=CARTESIAN_POINT('',(25.597,10.,6.));
#13640=CARTESIAN_POINT('',(25.597,10.,6.));
#13641=CARTESIAN_POINT('',(27.097,11.5,6.));
#13642=CARTESIAN_POINT('Origin',(25.597,11.5,6.));
#13643=CARTESIAN_POINT('',(27.097,19.25,6.));
#13644=CARTESIAN_POINT('',(27.097,19.25,6.));
#13645=CARTESIAN_POINT('',(27.597,19.75,6.));
#13646=CARTESIAN_POINT('Origin',(27.597,19.25,6.));
#13647=CARTESIAN_POINT('',(28.972,19.75,6.));
#13648=CARTESIAN_POINT('',(28.972,19.75,6.));
#13649=CARTESIAN_POINT('',(28.972,59.65,6.));
#13650=CARTESIAN_POINT('',(28.972,59.65,6.));
#13651=CARTESIAN_POINT('',(29.072,59.75,6.));
#13652=CARTESIAN_POINT('Origin',(29.072,59.65,6.));
#13653=CARTESIAN_POINT('',(39.122,59.75,6.));
#13654=CARTESIAN_POINT('',(39.122,59.75,6.));
#13655=CARTESIAN_POINT('',(39.222,59.65,6.));
#13656=CARTESIAN_POINT('Origin',(39.122,59.65,6.));
#13657=CARTESIAN_POINT('',(39.222,19.75,6.));
#13658=CARTESIAN_POINT('',(39.222,19.75,6.));
#13659=CARTESIAN_POINT('',(40.597,19.75,6.));
#13660=CARTESIAN_POINT('',(39.222,19.75,6.));
#13661=CARTESIAN_POINT('',(41.097,19.25,6.));
#13662=CARTESIAN_POINT('Origin',(40.597,19.25,6.));
#13663=CARTESIAN_POINT('',(41.097,11.5,6.));
#13664=CARTESIAN_POINT('',(41.097,19.25,6.));
#13665=CARTESIAN_POINT('',(42.597,10.,6.));
#13666=CARTESIAN_POINT('Origin',(42.597,11.5,6.));
#13667=CARTESIAN_POINT('',(44.89994117647,10.,6.));
#13668=CARTESIAN_POINT('',(42.597,10.,6.));
#13669=CARTESIAN_POINT('Origin',(44.89994117647,11.5,6.));
#13670=CARTESIAN_POINT('',(10.62290347642,44.47603396666,6.));
#13671=CARTESIAN_POINT('',(9.502563138931,46.29694155315,6.));
#13672=CARTESIAN_POINT('Ctrl Pts',(10.62290347642,44.47603396666,6.));
#13673=CARTESIAN_POINT('Ctrl Pts',(9.85142861111,44.47603396666,6.));
#13674=CARTESIAN_POINT('Ctrl Pts',(9.502563138931,45.06787620401,6.));
#13675=CARTESIAN_POINT('Ctrl Pts',(9.502563138931,46.29694155315,6.));
#13676=CARTESIAN_POINT('',(10.62290347642,48.1206854443,6.));
#13677=CARTESIAN_POINT('Ctrl Pts',(9.502563138931,46.29694155315,6.));
#13678=CARTESIAN_POINT('Ctrl Pts',(9.502563138931,47.56004255812,6.));
#13679=CARTESIAN_POINT('Ctrl Pts',(9.858992090181,48.1206854443,6.));
#13680=CARTESIAN_POINT('Ctrl Pts',(10.62290347642,48.1206854443,6.));
#13681=CARTESIAN_POINT('',(11.74040750925,46.29977785781,6.));
#13682=CARTESIAN_POINT('Ctrl Pts',(10.62290347642,48.1206854443,6.));
#13683=CARTESIAN_POINT('Ctrl Pts',(11.39059660219,48.1206854443,6.));
#13684=CARTESIAN_POINT('Ctrl Pts',(11.74040750925,47.51749798834,6.));
#13685=CARTESIAN_POINT('Ctrl Pts',(11.74040750925,46.29977785781,6.));
#13686=CARTESIAN_POINT('Ctrl Pts',(11.74040750925,46.29977785781,6.));
#13687=CARTESIAN_POINT('Ctrl Pts',(11.74040750925,45.04424033192,6.));
#13688=CARTESIAN_POINT('Ctrl Pts',(11.38303312311,44.47603396666,6.));
#13689=CARTESIAN_POINT('Ctrl Pts',(10.62290347642,44.47603396666,6.));
#13690=CARTESIAN_POINT('',(8.487166073565,47.56476973253,6.));
#13691=CARTESIAN_POINT('',(8.487166073565,44.54977788761,6.));
#13692=CARTESIAN_POINT('',(8.487166073565,47.56476973253,6.));
#13693=CARTESIAN_POINT('',(7.573875975666,45.51412146924,6.));
#13694=CARTESIAN_POINT('',(8.487166073565,47.56476973253,6.));
#13695=CARTESIAN_POINT('',(7.29024551048,45.51412146924,6.));
#13696=CARTESIAN_POINT('',(7.29024551048,45.51412146924,6.));
#13697=CARTESIAN_POINT('',(6.385464326537,47.56476973253,6.));
#13698=CARTESIAN_POINT('',(7.29024551048,45.51412146924,6.));
#13699=CARTESIAN_POINT('',(6.385464326537,44.54977788761,6.));
#13700=CARTESIAN_POINT('',(6.385464326537,44.54977788761,6.));
#13701=CARTESIAN_POINT('',(5.951509714802,44.54977788761,6.));
#13702=CARTESIAN_POINT('',(5.951509714802,44.54977788761,6.));
#13703=CARTESIAN_POINT('',(5.951509714802,48.049777828,6.));
#13704=CARTESIAN_POINT('',(5.951509714802,48.049777828,6.));
#13705=CARTESIAN_POINT('',(6.586841956819,48.049777828,6.));
#13706=CARTESIAN_POINT('',(6.586841956819,48.049777828,6.));
#13707=CARTESIAN_POINT('',(7.460423789592,46.10123653218,6.));
#13708=CARTESIAN_POINT('',(6.586841956819,48.049777828,6.));
#13709=CARTESIAN_POINT('',(8.305642575846,48.049777828,6.));
#13710=CARTESIAN_POINT('',(7.460423789592,46.10123653218,6.));
#13711=CARTESIAN_POINT('',(8.95232003647,48.049777828,6.));
#13712=CARTESIAN_POINT('',(8.95232003647,48.049777828,6.));
#13713=CARTESIAN_POINT('',(8.95232003647,44.54977788761,6.));
#13714=CARTESIAN_POINT('',(8.95232003647,44.54977788761,6.));
#13715=CARTESIAN_POINT('',(8.487166073565,44.54977788761,6.));
#13716=CARTESIAN_POINT('',(4.019986246885,44.90715227374,6.));
#13717=CARTESIAN_POINT('',(4.019986246885,44.54977788761,6.));
#13718=CARTESIAN_POINT('',(4.019986246885,44.90715227374,6.));
#13719=CARTESIAN_POINT('',(4.465286077227,44.90715227374,6.));
#13720=CARTESIAN_POINT('',(4.465286077227,44.90715227374,6.));
#13721=CARTESIAN_POINT('',(4.465286077227,47.69240344187,6.));
#13722=CARTESIAN_POINT('',(4.465286077227,47.69240344187,6.));
#13723=CARTESIAN_POINT('',(4.019986246885,47.69240344187,6.));
#13724=CARTESIAN_POINT('',(4.019986246885,47.69240344187,6.));
#13725=CARTESIAN_POINT('',(4.019986246885,48.049777828,6.));
#13726=CARTESIAN_POINT('',(4.019986246885,48.049777828,6.));
#13727=CARTESIAN_POINT('',(5.375739870474,48.049777828,6.));
#13728=CARTESIAN_POINT('',(5.375739870474,48.049777828,6.));
#13729=CARTESIAN_POINT('',(5.375739870474,47.69240344187,6.));
#13730=CARTESIAN_POINT('',(5.375739870474,47.69240344187,6.));
#13731=CARTESIAN_POINT('',(4.930440040132,47.69240344187,6.));
#13732=CARTESIAN_POINT('',(4.930440040132,47.69240344187,6.));
#13733=CARTESIAN_POINT('',(4.930440040132,44.90715227374,6.));
#13734=CARTESIAN_POINT('',(4.930440040132,44.90715227374,6.));
#13735=CARTESIAN_POINT('',(5.375739870474,44.90715227374,6.));
#13736=CARTESIAN_POINT('',(5.375739870474,44.90715227374,6.));
#13737=CARTESIAN_POINT('',(5.375739870474,44.54977788761,6.));
#13738=CARTESIAN_POINT('',(5.375739870474,44.54977788761,6.));
#13739=CARTESIAN_POINT('',(4.019986246885,44.54977788761,6.));
#13740=CARTESIAN_POINT('',(12.46366519547,44.90715227374,6.));
#13741=CARTESIAN_POINT('',(12.46366519547,44.54977788761,6.));
#13742=CARTESIAN_POINT('',(12.46366519547,44.90715227374,6.));
#13743=CARTESIAN_POINT('',(13.09899743749,44.90715227374,6.));
#13744=CARTESIAN_POINT('',(13.09899743749,44.90715227374,6.));
#13745=CARTESIAN_POINT('',(13.09899743749,47.25277622083,6.));
#13746=CARTESIAN_POINT('',(13.09899743749,47.25277622083,6.));
#13747=CARTESIAN_POINT('',(12.46366519547,47.25277622083,6.));
#13748=CARTESIAN_POINT('',(12.46366519547,47.25277622083,6.));
#13749=CARTESIAN_POINT('',(12.46366519547,47.57327864649,6.));
#13750=CARTESIAN_POINT('',(12.46366519547,47.57327864649,6.));
#13751=CARTESIAN_POINT('',(13.1869228817,48.06112304661,6.));
#13752=CARTESIAN_POINT('Ctrl Pts',(12.46366519547,47.57327864649,6.));
#13753=CARTESIAN_POINT('Ctrl Pts',(12.94394611652,47.57327864649,6.));
#13754=CARTESIAN_POINT('Ctrl Pts',(13.15666896541,47.68294909303,6.));
#13755=CARTESIAN_POINT('Ctrl Pts',(13.1869228817,48.06112304661,6.));
#13756=CARTESIAN_POINT('',(13.54996987714,48.06112304661,6.));
#13757=CARTESIAN_POINT('',(13.54996987714,48.06112304661,6.));
#13758=CARTESIAN_POINT('',(13.54996987714,44.90715227374,6.));
#13759=CARTESIAN_POINT('',(13.54996987714,44.90715227374,6.));
#13760=CARTESIAN_POINT('',(14.17112059589,44.90715227374,6.));
#13761=CARTESIAN_POINT('',(14.17112059589,44.90715227374,6.));
#13762=CARTESIAN_POINT('',(14.17112059589,44.54977788761,6.));
#13763=CARTESIAN_POINT('',(14.17112059589,44.54977788761,6.));
#13764=CARTESIAN_POINT('',(12.46366519547,44.54977788761,6.));
#13765=CARTESIAN_POINT('Origin',(46.047,10.,6.));
#13766=CARTESIAN_POINT('',(46.34753942975,11.10698689956,10.3));
#13767=CARTESIAN_POINT('',(46.34753942975,11.10698689956,10.3));
#13768=CARTESIAN_POINT('',(50.09165659888,24.89781847255,10.3));
#13769=CARTESIAN_POINT('',(50.09165659888,24.89781847255,10.3));
#13770=CARTESIAN_POINT('',(50.40446606335,26.05,6.));
#13771=CARTESIAN_POINT('Origin',(51.1455,25.47390923627,8.15));
#13772=CARTESIAN_POINT('',(67.99329728342,24.89781847255,10.3));
#13773=CARTESIAN_POINT('',(67.99329728342,24.89781847255,10.3));
#13774=CARTESIAN_POINT('',(68.24328776419,24.96539033769,10.04781836613));
#13775=CARTESIAN_POINT('Origin',(67.99329728342,24.9648057706509,10.05));
#13776=CARTESIAN_POINT('',(68.20576223269,26.11757186514,5.747818366125));
#13777=CARTESIAN_POINT('',(68.20576223269,26.11757186514,5.747818366125));
#13778=CARTESIAN_POINT('Origin',(67.95577175192,26.1169872981046,5.75));
#13779=CARTESIAN_POINT('Origin',(34.097,43.55,10.3));
#13780=CARTESIAN_POINT('',(44.89994117647,10.,10.3));
#13781=CARTESIAN_POINT('Origin',(44.89994117647,11.5,10.3));
#13782=CARTESIAN_POINT('',(42.597,10.,10.3));
#13783=CARTESIAN_POINT('',(42.597,10.,10.3));
#13784=CARTESIAN_POINT('',(41.097,11.5,10.3));
#13785=CARTESIAN_POINT('Origin',(42.597,11.5,10.3));
#13786=CARTESIAN_POINT('',(41.097,19.25,10.3));
#13787=CARTESIAN_POINT('',(41.097,19.25,10.3));
#13788=CARTESIAN_POINT('',(40.597,19.75,10.3));
#13789=CARTESIAN_POINT('Origin',(40.597,19.25,10.3));
#13790=CARTESIAN_POINT('',(27.597,19.75,10.3));
#13791=CARTESIAN_POINT('',(27.597,19.75,10.3));
#13792=CARTESIAN_POINT('',(27.097,19.25,10.3));
#13793=CARTESIAN_POINT('Origin',(27.597,19.25,10.3));
#13794=CARTESIAN_POINT('',(27.097,11.5,10.3));
#13795=CARTESIAN_POINT('',(27.097,19.25,10.3));
#13796=CARTESIAN_POINT('',(25.597,10.,10.3));
#13797=CARTESIAN_POINT('Origin',(25.597,11.5,10.3));
#13798=CARTESIAN_POINT('',(23.29405882353,10.,10.3));
#13799=CARTESIAN_POINT('',(25.597,10.,10.3));
#13800=CARTESIAN_POINT('',(21.84646057025,11.10698689956,10.3));
#13801=CARTESIAN_POINT('Origin',(23.29405882353,11.5,10.3));
#13802=CARTESIAN_POINT('',(18.10234340112,24.89781847255,10.3));
#13803=CARTESIAN_POINT('',(21.84646057025,11.10698689956,10.3));
#13804=CARTESIAN_POINT('',(0.2007027165785,24.89781847255,10.3));
#13805=CARTESIAN_POINT('',(0.2007027165786,24.89781847255,10.3));
#13806=CARTESIAN_POINT('',(0.2007027165786,0.2521912365441,10.3));
#13807=CARTESIAN_POINT('',(0.2007027165786,24.89781847255,10.3));
#13808=CARTESIAN_POINT('',(67.99329728342,0.2521912365441,10.3));
#13809=CARTESIAN_POINT('',(67.99329728342,0.2521912365441,10.3));
#13810=CARTESIAN_POINT('',(67.99329728342,24.89781847255,10.3));
#13811=CARTESIAN_POINT('Origin',(67.99329728342,65.325,10.05));
#13812=CARTESIAN_POINT('',(68.24328776419,0.2521912365441,10.04781836613));
#13813=CARTESIAN_POINT('Origin',(67.99329728342,0.2521912365441,10.05));
#13814=CARTESIAN_POINT('',(68.24328776419,24.96539033769,10.04781836613));
#13815=CARTESIAN_POINT('Origin',(68.15560324381,87.1,0.000167538517647));
#13816=CARTESIAN_POINT('',(68.15560178172,0.3398772190108,0.));
#13817=CARTESIAN_POINT('',(68.24328776419,0.2521912365441,10.04781836613));
#13818=CARTESIAN_POINT('',(68.15560178172,86.76012278099,0.));
#13819=CARTESIAN_POINT('',(68.15560178172,86.76012278099,0.));
#13820=CARTESIAN_POINT('',(68.24328776419,86.84780876346,10.04781836613));
#13821=CARTESIAN_POINT('',(68.15560178172,86.76012278099,0.));
#13822=CARTESIAN_POINT('',(68.24328776419,61.55,10.04781836613));
#13823=CARTESIAN_POINT('',(68.20709030169,58.55,5.9));
#13824=CARTESIAN_POINT('Origin',(68.2070903183076,58.4499980960294,5.90000190379549));
#13825=CARTESIAN_POINT('',(68.19487268678,58.55,4.5));
#13826=CARTESIAN_POINT('',(68.19487268678,58.55,4.5));
#13827=CARTESIAN_POINT('',(68.194,58.45,4.4));
#13828=CARTESIAN_POINT('Origin',(68.1948726701684,58.4499980960295,4.49999809620442));
#13829=CARTESIAN_POINT('',(68.194,28.65,4.4));
#13830=CARTESIAN_POINT('',(68.194,28.65,4.4));
#13831=CARTESIAN_POINT('',(68.19487268678,28.55,4.5));
#13832=CARTESIAN_POINT('Origin',(68.1948726701684,28.6500019039705,4.49999809620442));
#13833=CARTESIAN_POINT('',(68.20576223269,28.55,5.747818366125));
#13834=CARTESIAN_POINT('',(68.20576223269,28.55,5.747818366125));
#13835=CARTESIAN_POINT('',(68.20576223269,26.11757186514,5.747818366125));
#13836=CARTESIAN_POINT('Origin',(67.95577175192,56.575,5.75));
#13837=CARTESIAN_POINT('',(68.15577175192,28.55,5.9));
#13838=CARTESIAN_POINT('Origin',(67.95577175192,28.55,5.75));
#13839=CARTESIAN_POINT('Ctrl Pts',(67.95577175192,28.65,6.));
#13840=CARTESIAN_POINT('Ctrl Pts',(67.9913631325729,28.6274900344133,6.));
#13841=CARTESIAN_POINT('Ctrl Pts',(68.0292941761445,28.6033645619593,5.99204797863235));
#13842=CARTESIAN_POINT('Ctrl Pts',(68.0815263470361,28.5746204149608,5.96693105563621));
#13843=CARTESIAN_POINT('Ctrl Pts',(68.0981442976959,28.5662817971814,5.95644977838254));
#13844=CARTESIAN_POINT('Ctrl Pts',(68.1289633755841,28.5540399594209,5.9313894640361));
#13845=CARTESIAN_POINT('Ctrl Pts',(68.143138065068,28.55,5.91684491580268));
#13846=CARTESIAN_POINT('Ctrl Pts',(68.15577175192,28.55,5.9));
#13847=CARTESIAN_POINT('Origin',(68.194,28.65,5.9));
#13848=CARTESIAN_POINT('',(68.694,28.55,5.9));
#13849=CARTESIAN_POINT('',(68.15577175192,28.55,5.9));
#13850=CARTESIAN_POINT('Origin',(68.694,28.65,5.9));
#13851=CARTESIAN_POINT('Origin',(68.194,28.55,4.4));
#13852=CARTESIAN_POINT('',(68.694,28.55,4.5));
#13853=CARTESIAN_POINT('',(68.694,28.55,4.5));
#13854=CARTESIAN_POINT('',(68.694,28.55,5.9));
#13855=CARTESIAN_POINT('Origin',(68.694,29.55,4.8));
#13856=CARTESIAN_POINT('',(69.694,29.55,4.5));
#13857=CARTESIAN_POINT('Origin',(68.694,29.55,4.5));
#13858=CARTESIAN_POINT('',(69.694,29.55,5.9));
#13859=CARTESIAN_POINT('',(69.694,29.55,4.5));
#13860=CARTESIAN_POINT('Origin',(68.694,29.55,5.9));
#13861=CARTESIAN_POINT('Origin',(68.694,29.55,4.5));
#13862=CARTESIAN_POINT('',(68.694,28.65,4.4));
#13863=CARTESIAN_POINT('Origin',(68.694,28.65,4.5));
#13864=CARTESIAN_POINT('',(69.594,29.55,4.4));
#13865=CARTESIAN_POINT('Origin',(68.694,29.55,4.4));
#13866=CARTESIAN_POINT('Origin',(69.594,29.55,4.5));
#13867=CARTESIAN_POINT('Origin',(68.194,28.65,4.5));
#13868=CARTESIAN_POINT('',(68.194,28.65,4.4));
#13869=CARTESIAN_POINT('Origin',(68.194,58.55,4.4));
#13870=CARTESIAN_POINT('',(68.694,58.45,4.4));
#13871=CARTESIAN_POINT('',(68.694,58.45,4.4));
#13872=CARTESIAN_POINT('',(69.594,57.55,4.4));
#13873=CARTESIAN_POINT('Origin',(68.694,57.55,4.4));
#13874=CARTESIAN_POINT('',(69.594,29.55,4.4));
#13875=CARTESIAN_POINT('Origin',(68.194,58.45,4.5));
#13876=CARTESIAN_POINT('',(68.694,58.55,4.5));
#13877=CARTESIAN_POINT('',(68.19487268678,58.55,4.5));
#13878=CARTESIAN_POINT('Origin',(68.694,58.45,4.5));
#13879=CARTESIAN_POINT('Origin',(68.694,57.55,4.5));
#13880=CARTESIAN_POINT('',(69.694,57.55,4.5));
#13881=CARTESIAN_POINT('Origin',(68.694,57.55,4.5));
#13882=CARTESIAN_POINT('Origin',(69.594,57.55,4.5));
#13883=CARTESIAN_POINT('Origin',(69.594,51.05,4.5));
#13884=CARTESIAN_POINT('',(69.694,57.55,4.5));
#13885=CARTESIAN_POINT('Origin',(69.694,43.55,5.2));
#13886=CARTESIAN_POINT('',(69.694,57.55,5.9));
#13887=CARTESIAN_POINT('',(69.694,57.55,5.9));
#13888=CARTESIAN_POINT('',(69.694,29.55,5.9));
#13889=CARTESIAN_POINT('Origin',(69.594,34.8,5.9));
#13890=CARTESIAN_POINT('Origin',(69.594,57.55,5.9));
#13891=CARTESIAN_POINT('Origin',(69.594,29.55,5.9));
#13892=CARTESIAN_POINT('Origin',(68.694,57.55,5.9));
#13893=CARTESIAN_POINT('',(68.694,58.55,5.9));
#13894=CARTESIAN_POINT('Origin',(68.694,58.45,5.9));
#13895=CARTESIAN_POINT('Origin',(68.694,57.55,5.9));
#13896=CARTESIAN_POINT('Origin',(68.194,58.45,5.9));
#13897=CARTESIAN_POINT('',(68.694,58.55,5.9));
#13898=CARTESIAN_POINT('Origin',(68.194,58.55,6.));
#13899=CARTESIAN_POINT('',(68.694,58.55,4.5));
#13900=CARTESIAN_POINT('Origin',(68.694,57.55,5.6));
#13901=CARTESIAN_POINT('Origin',(68.694,29.55,5.9));
#13902=CARTESIAN_POINT('Origin',(67.99329728342,65.325,10.05));
#13903=CARTESIAN_POINT('Origin',(67.99329728342,86.84780876346,10.05));
#13904=CARTESIAN_POINT('Origin',(67.99329728342,86.84780876346,10.05));
#13905=CARTESIAN_POINT('',(67.99329728342,87.09779924422,10.04781836613));
#13906=CARTESIAN_POINT('Origin',(67.99329728342,86.84780876346,10.05));
#13907=CARTESIAN_POINT('Origin',(67.99329728342,86.84780876346,10.05));
#13908=CARTESIAN_POINT('Origin',(17.0485,86.84780876346,10.05));
#13909=CARTESIAN_POINT('',(0.2007027165786,87.09779924422,10.04781836613));
#13910=CARTESIAN_POINT('',(0.2007027165786,87.09779924422,10.04781836613));
#13911=CARTESIAN_POINT('',(0.165036634325,87.02611765336,10.22523110201));
#13912=CARTESIAN_POINT('Ctrl Pts',(0.2007027165786,87.09779924422,10.04781836613));
#13913=CARTESIAN_POINT('Ctrl Pts',(0.196186568136313,87.0979903689501,10.0697190909998));
#13914=CARTESIAN_POINT('Ctrl Pts',(0.191939010579048,87.0951764587785,10.0914946439161));
#13915=CARTESIAN_POINT('Ctrl Pts',(0.187514750877375,87.0896435950111,10.112620971229));
#13916=CARTESIAN_POINT('Ctrl Pts',(0.1830904911757,87.0841107312437,10.1337472985418));
#13917=CARTESIAN_POINT('Ctrl Pts',(0.178320243432742,87.0758985735563,10.1540250619681));
#13918=CARTESIAN_POINT('Ctrl Pts',(0.175000453066542,87.0653476238763,10.1728211009055));
#13919=CARTESIAN_POINT('Ctrl Pts',(0.171680662700344,87.0547966741964,10.1916171398429));
#13920=CARTESIAN_POINT('Ctrl Pts',(0.168378607929419,87.0425352813701,10.2085231217647));
#13921=CARTESIAN_POINT('Ctrl Pts',(0.165038761032955,87.0261281028695,10.2252204702379));
#13922=CARTESIAN_POINT('Ctrl Pts',(0.165036634325002,87.0261176543171,10.2252311029506));
#13923=CARTESIAN_POINT('Ctrl Pts',(0.1682763626088,87.0104365603618,10.2411876222187));
#13924=CARTESIAN_POINT('Ctrl Pts',(0.171754522955598,86.9926518600854,10.2549564531939));
#13925=CARTESIAN_POINT('Ctrl Pts',(0.175546434068365,86.9735866081233,10.2660553951927));
#13926=CARTESIAN_POINT('Ctrl Pts',(0.179338345181133,86.9545213561612,10.2771543371914));
#13927=CARTESIAN_POINT('Ctrl Pts',(0.183444007059868,86.9342005117692,10.28562130474));
#13928=CARTESIAN_POINT('Ctrl Pts',(0.187659390700861,86.9130297564781,10.2913425409449));
#13929=CARTESIAN_POINT('Ctrl Pts',(0.19187477434185,86.891859001187,10.2970637771497));
#13930=CARTESIAN_POINT('Ctrl Pts',(0.196199879745101,86.86983192426,10.3));
#13931=CARTESIAN_POINT('Ctrl Pts',(0.2007027165786,86.84780876346,10.3));
#13932=CARTESIAN_POINT('Origin',(-2.66658E-14,87.01011668437,0.000392192439037));
#13933=CARTESIAN_POINT('',(67.90561130095,87.01011326176,0.));
#13934=CARTESIAN_POINT('',(67.99329728342,87.09779924422,10.04781836613));
#13935=CARTESIAN_POINT('',(0.2883886990454,87.01011326176,0.));
#13936=CARTESIAN_POINT('',(0.2883886990454,87.01011326176,0.));
#13937=CARTESIAN_POINT('',(0.2883886990454,87.01011326176,0.));
#13938=CARTESIAN_POINT('',(29.597,87.05898372138,5.6));
#13939=CARTESIAN_POINT('',(29.597,87.08603701153,8.7));
#13940=CARTESIAN_POINT('',(29.597,87.05898372138,5.6));
#13941=CARTESIAN_POINT('',(38.597,87.05898372138,5.6));
#13942=CARTESIAN_POINT('',(38.597,87.05898372138,5.6));
#13943=CARTESIAN_POINT('',(38.597,87.08603701153,8.7));
#13944=CARTESIAN_POINT('',(38.597,87.08603701153,8.7));
#13945=CARTESIAN_POINT('',(29.597,87.08603701153,8.7));
#13946=CARTESIAN_POINT('Origin',(0.2916785221523,86.75683295788,-0.3747947551158));
#13947=CARTESIAN_POINT('',(0.0236282726868583,87.0248832073503,10.082575961485));
#13948=CARTESIAN_POINT('Ctrl Pts',(0.02362827268463,87.02488320735,10.08257596176));
#13949=CARTESIAN_POINT('Ctrl Pts',(0.03902092823078,87.0402203567,10.07939577192));
#13950=CARTESIAN_POINT('Ctrl Pts',(0.07388042229268,87.06690186566,10.07257817141));
#13951=CARTESIAN_POINT('Ctrl Pts',(0.1349478823831,87.09212079724,10.06048042389));
#13952=CARTESIAN_POINT('Ctrl Pts',(0.178763042792,87.09783698448,10.05214297185));
#13953=CARTESIAN_POINT('Ctrl Pts',(0.2007027165786,87.09779924422,10.04781836613));
#13954=CARTESIAN_POINT('Origin',(0.288407737875735,86.7601037421566,0.));
#13955=CARTESIAN_POINT('Ctrl Pts',(-0.04928776418742,86.84780876346,10.04781836613));
#13956=CARTESIAN_POINT('Ctrl Pts',(-0.04932550522336,86.86974889723,10.05214306049));
#13957=CARTESIAN_POINT('Ctrl Pts',(-0.04360907666759,86.9135646604,10.06048063251));
#13958=CARTESIAN_POINT('Ctrl Pts',(-0.01838980308625,86.97463198843,10.07257835049));
#13959=CARTESIAN_POINT('Ctrl Pts',(0.008291450246861,87.00949088008,10.07939584979));
#13960=CARTESIAN_POINT('Ctrl Pts',(0.02362827268463,87.02488320735,10.08257596176));
#13961=CARTESIAN_POINT('Ctrl Pts',(0.2007027165786,87.09779924422,10.04781836613));
#13962=CARTESIAN_POINT('Ctrl Pts',(0.1351433157289,87.09790948178,10.06045033863));
#13963=CARTESIAN_POINT('Ctrl Pts',(0.06998754155974,87.07107951953,10.07323963807));
#13964=CARTESIAN_POINT('Ctrl Pts',(0.02362827809923,87.02488321276,10.08257596121));
#13965=CARTESIAN_POINT('Ctrl Pts',(0.2007027165786,87.09779924422,10.04781836613));
#13966=CARTESIAN_POINT('Ctrl Pts',(0.1451157621385,87.0979972694258,10.0705098066099));
#13967=CARTESIAN_POINT('Ctrl Pts',(0.08879568260824,87.08140177406,10.09359306895));
#13968=CARTESIAN_POINT('Ctrl Pts',(0.03980303933625,87.04162747579,10.11520524149));
#13969=CARTESIAN_POINT('Ctrl Pts',(0.2007027165786,87.09779924422,10.04781836613));
#13970=CARTESIAN_POINT('Ctrl Pts',(0.1625675433553,87.0981508978057,10.08811387556));
#13971=CARTESIAN_POINT('Ctrl Pts',(0.123551685533,87.08956324149,10.12951487038));
#13972=CARTESIAN_POINT('Ctrl Pts',(0.08343498314301,87.05547580556,10.17244818662));
#13973=CARTESIAN_POINT('Ctrl Pts',(0.2007027165786,87.09779924422,10.04781836613));
#13974=CARTESIAN_POINT('Ctrl Pts',(0.1800193245721,87.0983045261857,10.10571794452));
#13975=CARTESIAN_POINT('Ctrl Pts',(0.1591170659635,87.07955212267,10.16428908531));
#13976=CARTESIAN_POINT('Ctrl Pts',(0.1405650369569,87.03836401663,10.21276816479));
#13977=CARTESIAN_POINT('Ctrl Pts',(0.2007027165786,87.09779924422,10.04781836613));
#13978=CARTESIAN_POINT('Ctrl Pts',(0.1874986593793,87.09837036692,10.1132625455));
#13979=CARTESIAN_POINT('Ctrl Pts',(0.1743758950182,87.07199845231,10.17853890521));
#13980=CARTESIAN_POINT('Ctrl Pts',(0.1650388608398,87.02612805297,10.22522052102));
#13981=CARTESIAN_POINT('Ctrl Pts',(0.165033844577857,87.0261190481043,10.2252296825572));
#13982=CARTESIAN_POINT('Ctrl Pts',(0.140560949938422,87.0383541748681,10.2127774320484));
#13983=CARTESIAN_POINT('Ctrl Pts',(0.0834357589835111,87.0554825150488,
10.1724402003825));
#13984=CARTESIAN_POINT('Ctrl Pts',(0.03980303392165,87.04162747038,10.11520524204));
#13985=CARTESIAN_POINT('Ctrl Pts',(0.02362827268463,87.02488320735,10.08257596176));
#13986=CARTESIAN_POINT('Origin',(0.1650388597483,86.88347262029,10.0850441053));
#13987=CARTESIAN_POINT('Ctrl Pts',(0.02362827268463,87.02488320735,10.08257596176));
#13988=CARTESIAN_POINT('Ctrl Pts',(0.006884009650759,87.00870844611,10.11520524204));
#13989=CARTESIAN_POINT('Ctrl Pts',(-0.00697104781624685,86.9650757295406,
10.172440209148));
#13990=CARTESIAN_POINT('Ctrl Pts',(0.0101573034024972,86.907950526563,10.2127774302972));
#13991=CARTESIAN_POINT('Ctrl Pts',(0.0223924302222863,86.8834776318706,
10.225229680812));
#13992=CARTESIAN_POINT('Ctrl Pts',(0.165036634325,87.02611765336,10.22523110201));
#13993=CARTESIAN_POINT('Ctrl Pts',(0.1320533584715,87.00991520304,10.24172031844));
#13994=CARTESIAN_POINT('Ctrl Pts',(0.07446006971121,86.96595757083,10.25508106577));
#13995=CARTESIAN_POINT('Ctrl Pts',(0.03454568981604,86.90821235536,10.23759804097));
#13996=CARTESIAN_POINT('Ctrl Pts',(0.02239382488326,86.88347484229,10.22523110018));
#13997=CARTESIAN_POINT('Ctrl Pts',(0.2007027165786,86.84780876346,10.3));
#13998=CARTESIAN_POINT('Ctrl Pts',(0.18747049565747,86.9139957961112,10.3));
#13999=CARTESIAN_POINT('Ctrl Pts',(0.174323585053505,86.9797565351067,10.2724188907085));
#14000=CARTESIAN_POINT('Ctrl Pts',(0.165051954313654,87.0261401847512,10.2252081729971));
#14001=CARTESIAN_POINT('Ctrl Pts',(0.2007027165786,86.84780876346,10.3));
#14002=CARTESIAN_POINT('Ctrl Pts',(0.177384070629022,86.9039093710808,10.3));
#14003=CARTESIAN_POINT('Ctrl Pts',(0.153788199336366,86.9607945900121,10.2827578529207));
#14004=CARTESIAN_POINT('Ctrl Pts',(0.132062761094467,87.0099382686614,10.2417027430298));
#14005=CARTESIAN_POINT('Ctrl Pts',(0.2007027165786,86.84780876346,10.3));
#14006=CARTESIAN_POINT('Ctrl Pts',(0.159733841511251,86.8862591419621,10.3));
#14007=CARTESIAN_POINT('Ctrl Pts',(0.117647842917726,86.9256638232134,10.290764942707));
#14008=CARTESIAN_POINT('Ctrl Pts',(0.0744644059468387,86.9659644915339,
10.2550897731307));
#14009=CARTESIAN_POINT('Ctrl Pts',(0.2007027165786,86.84780876346,10.3));
#14010=CARTESIAN_POINT('Ctrl Pts',(0.14208361239348,86.8686089128435,10.3));
#14011=CARTESIAN_POINT('Ctrl Pts',(0.082924642433773,86.8896475028688,10.2802445322254));
#14012=CARTESIAN_POINT('Ctrl Pts',(0.0345295603874669,86.9082115694667,
10.2375823677015));
#14013=CARTESIAN_POINT('Ctrl Pts',(0.2007027165786,86.84780876346,10.3));
#14014=CARTESIAN_POINT('Ctrl Pts',(0.134519808304157,86.8610451087552,10.3));
#14015=CARTESIAN_POINT('Ctrl Pts',(0.0687627001164814,86.874196290645,10.2724231162247));
#14016=CARTESIAN_POINT('Ctrl Pts',(0.0223779208086982,86.8834730151392,
10.2252149171978));
#14017=CARTESIAN_POINT('Ctrl Pts',(0.02362826727993,87.02488320194,10.08257596121));
#14018=CARTESIAN_POINT('Ctrl Pts',(-0.02256803949601,86.97852393848,10.07323963807));
#14019=CARTESIAN_POINT('Ctrl Pts',(-0.04939800174142,86.91336816431,10.06045033863));
#14020=CARTESIAN_POINT('Ctrl Pts',(-0.04928776418742,86.84780876346,10.04781836613));
#14021=CARTESIAN_POINT('Ctrl Pts',(0.006884004246068,87.0087084407,10.11520524149));
#14022=CARTESIAN_POINT('Ctrl Pts',(-0.03289029402862,86.95971579743,10.09359306895));
#14023=CARTESIAN_POINT('Ctrl Pts',(-0.0494857893885225,86.9033957179,10.07050980661));
#14024=CARTESIAN_POINT('Ctrl Pts',(-0.04928776418742,86.84780876346,10.04781836613));
#14025=CARTESIAN_POINT('Ctrl Pts',(-0.00696433951886,86.96507650315,10.17244819411));
#14026=CARTESIAN_POINT('Ctrl Pts',(-0.04105177544561,86.92495980076,10.12951487787));
#14027=CARTESIAN_POINT('Ctrl Pts',(-0.049639417770821,86.88594393668,10.08811387556));
#14028=CARTESIAN_POINT('Ctrl Pts',(-0.04928776418742,86.84780876346,10.04781836613));
#14029=CARTESIAN_POINT('Ctrl Pts',(0.01014746340971,86.90794644308,10.21276816479));
#14030=CARTESIAN_POINT('Ctrl Pts',(-0.03104064263249,86.88939441407,10.16428908531));
#14031=CARTESIAN_POINT('Ctrl Pts',(-0.0497930461532068,86.86849215546,10.10571794452));
#14032=CARTESIAN_POINT('Ctrl Pts',(-0.04928776418742,86.84780876346,10.04781836613));
#14033=CARTESIAN_POINT('Ctrl Pts',(0.02238342706538,86.88347261919,10.22522052102));
#14034=CARTESIAN_POINT('Ctrl Pts',(-0.02348697227882,86.87413558502,10.17853890521));
#14035=CARTESIAN_POINT('Ctrl Pts',(-0.04985888688849,86.86101282066,10.1132625455));
#14036=CARTESIAN_POINT('Ctrl Pts',(-0.04928776418742,86.84780876346,10.04781836613));
#14037=CARTESIAN_POINT('Origin',(34.097,43.55,0.));
#14038=CARTESIAN_POINT('',(67.90561130095,0.08988673824482,0.));
#14039=CARTESIAN_POINT('Origin',(67.9055922621266,0.339896257841235,0.));
#14040=CARTESIAN_POINT('',(0.2883886990454,0.08988673824482,0.));
#14041=CARTESIAN_POINT('',(67.90561130095,0.08988673824482,0.));
#14042=CARTESIAN_POINT('Origin',(0.288407737875771,0.339896257841271,0.));
#14043=CARTESIAN_POINT('Origin',(67.9055922621288,86.7601037421588,0.));
#14044=CARTESIAN_POINT('',(66.594,85.4,0.));
#14045=CARTESIAN_POINT('',(66.594,1.7,0.));
#14046=CARTESIAN_POINT('',(66.594,85.4,0.));
#14047=CARTESIAN_POINT('',(66.494,85.5,0.));
#14048=CARTESIAN_POINT('Origin',(66.494,85.4,0.));
#14049=CARTESIAN_POINT('',(1.7,85.5,0.));
#14050=CARTESIAN_POINT('',(1.7,85.5,0.));
#14051=CARTESIAN_POINT('',(1.6,85.4,0.));
#14052=CARTESIAN_POINT('Origin',(1.7,85.4,0.));
#14053=CARTESIAN_POINT('',(1.6,1.7,0.));
#14054=CARTESIAN_POINT('',(1.6,1.7,0.));
#14055=CARTESIAN_POINT('',(1.7,1.6,0.));
#14056=CARTESIAN_POINT('Origin',(1.7,1.7,0.));
#14057=CARTESIAN_POINT('',(66.494,1.6,0.));
#14058=CARTESIAN_POINT('',(66.494,1.6,0.));
#14059=CARTESIAN_POINT('Origin',(66.494,1.7,0.));
#14060=CARTESIAN_POINT('Origin',(67.90304129188,86.75755277191,-0.2923122373334));
#14061=CARTESIAN_POINT('Origin',(0.2909587081246,0.3424472280901,-0.2923122373334));
#14062=CARTESIAN_POINT('',(0.2007027165786,0.00220075577808,10.04781836613));
#14063=CARTESIAN_POINT('',(0.0236282726857286,0.0751167926511886,10.08257596162));
#14064=CARTESIAN_POINT('Ctrl Pts',(0.2007027165786,0.00220075577808,10.04781836613));
#14065=CARTESIAN_POINT('Ctrl Pts',(0.1787625828065,0.002163014742146,10.05214306049));
#14066=CARTESIAN_POINT('Ctrl Pts',(0.1349468196328,0.007879443297782,10.06048063252));
#14067=CARTESIAN_POINT('Ctrl Pts',(0.07387949160538,0.03309871687969,10.07257835045));
#14068=CARTESIAN_POINT('Ctrl Pts',(0.03902059995495,0.05977997021142,10.07939584988));
#14069=CARTESIAN_POINT('Ctrl Pts',(0.02362827268374,0.0751167926492,10.08257596185));
#14070=CARTESIAN_POINT('Ctrl Pts',(0.02362827268374,0.0751167926492,10.08257596185));
#14071=CARTESIAN_POINT('Ctrl Pts',(0.008291123330145,0.09050944819534,10.07939577201));
#14072=CARTESIAN_POINT('Ctrl Pts',(-0.0183903856297,0.1253689422586,10.07257817137));
#14073=CARTESIAN_POINT('Ctrl Pts',(-0.04360931720942,0.1864364023485,10.0604804239));
#14074=CARTESIAN_POINT('Ctrl Pts',(-0.04932550444983,0.2302515627575,10.05214297185));
#14075=CARTESIAN_POINT('Ctrl Pts',(-0.0492877641874,0.2521912365441,10.04781836613));
#14076=CARTESIAN_POINT('',(0.2007027165786,0.00220075577808,10.04781836613));
#14077=CARTESIAN_POINT('Ctrl Pts',(0.02362827720867,0.07511678813226,10.08257596139));
#14078=CARTESIAN_POINT('Ctrl Pts',(0.06998754072531,0.02892048081285,10.07323963823));
#14079=CARTESIAN_POINT('Ctrl Pts',(0.1351433153091,0.00209051822338,10.06045033871));
#14080=CARTESIAN_POINT('Ctrl Pts',(0.2007027165786,0.002200755778081,10.04781836613));
#14081=CARTESIAN_POINT('Ctrl Pts',(0.0398030383951,0.05837252497511,10.11520524191));
#14082=CARTESIAN_POINT('Ctrl Pts',(0.08879568188696,0.01859822614926,10.09359306925));
#14083=CARTESIAN_POINT('Ctrl Pts',(0.1451157617825,0.00200273057575733,
10.07050980675));
#14084=CARTESIAN_POINT('Ctrl Pts',(0.2007027165786,0.002200755778081,10.04781836613));
#14085=CARTESIAN_POINT('Ctrl Pts',(0.08342546247161,0.04450290771028,10.17245958427));
#14086=CARTESIAN_POINT('Ctrl Pts',(0.1235421651332,0.01041547124043,10.12952626774));
#14087=CARTESIAN_POINT('Ctrl Pts',(0.1625675431111,0.00184910219241768,
10.08811387582));
#14088=CARTESIAN_POINT('Ctrl Pts',(0.2007027165786,0.002200755778081,10.04781836613));
#14089=CARTESIAN_POINT('Ctrl Pts',(0.1405650366006,0.06163598416589,10.21276816572));
#14090=CARTESIAN_POINT('Ctrl Pts',(0.1591170656959,0.02044787757299,10.16428908606));
#14091=CARTESIAN_POINT('Ctrl Pts',(0.1800193244396,0.00169547380907801,
10.10571794489));
#14092=CARTESIAN_POINT('Ctrl Pts',(0.2007027165786,0.002200755778081,10.04781836613));
#14093=CARTESIAN_POINT('Ctrl Pts',(0.1650388606605,0.07387194791145,10.22522052192));
#14094=CARTESIAN_POINT('Ctrl Pts',(0.1743758948502,0.02800154802417,10.17853890605));
#14095=CARTESIAN_POINT('Ctrl Pts',(0.1874986592947,0.001629633073361,10.11326254592));
#14096=CARTESIAN_POINT('Ctrl Pts',(0.2007027165786,0.002200755778081,10.04781836613));
#14097=CARTESIAN_POINT('',(0.165037425184913,0.0738792135280274,10.225227914516));
#14098=CARTESIAN_POINT('Ctrl Pts',(0.02362827268374,0.0751167926492,10.08257596185));
#14099=CARTESIAN_POINT('Ctrl Pts',(0.03980303387016,0.05837252949205,10.11520524237));
#14100=CARTESIAN_POINT('Ctrl Pts',(0.0834265433539498,0.0444961013835689,
10.1724519984465));
#14101=CARTESIAN_POINT('Ctrl Pts',(0.140561749953035,0.0616460659540741,
10.2127779986913));
#14102=CARTESIAN_POINT('Ctrl Pts',(0.165035044575227,0.0738815531146736,
10.2252302944289));
#14103=CARTESIAN_POINT('Ctrl Pts',(0.165038761334411,0.0738718982522809,
10.2252204713826));
#14104=CARTESIAN_POINT('Ctrl Pts',(0.168378832565456,0.0574636145305737,
10.2085219983656));
#14105=CARTESIAN_POINT('Ctrl Pts',(0.171680795076752,0.0452026364614174,
10.1916161238857));
#14106=CARTESIAN_POINT('Ctrl Pts',(0.175000222946167,0.0346517494427856,
10.1728200032817));
#14107=CARTESIAN_POINT('Ctrl Pts',(0.178319650815584,0.0241008624241507,
10.1540238826778));
#14108=CARTESIAN_POINT('Ctrl Pts',(0.18309044894782,0.0158888815319051,
10.1337461969372));
#14109=CARTESIAN_POINT('Ctrl Pts',(0.187514834775129,0.0103561454109678,
10.1126199945106));
#14110=CARTESIAN_POINT('Ctrl Pts',(0.191939220602436,0.00482340929003203,
10.0914937920841));
#14111=CARTESIAN_POINT('Ctrl Pts',(0.196186660784613,0.00200963505473045,
10.0697186318298));
#14112=CARTESIAN_POINT('Ctrl Pts',(0.2007027165786,0.00220075577808099,
10.04781836613));
#14113=CARTESIAN_POINT('Origin',(0.1650388597483,0.2165273797138,10.0850441053));
#14114=CARTESIAN_POINT('',(0.0824370835100897,0.133925617527,10.24737681302));
#14115=CARTESIAN_POINT('Origin',(0.152554025746719,0.188826270110293,10.1245405893448));
#14116=CARTESIAN_POINT('',(0.0223906910362863,0.216525947637341,10.2252279120319));
#14117=CARTESIAN_POINT('Origin',(0.134775000638144,0.207950671788112,10.1232555668181));
#14118=CARTESIAN_POINT('Ctrl Pts',(0.0223930295364841,0.21652356817918,
10.2252302907491));
#14119=CARTESIAN_POINT('Ctrl Pts',(0.0101575421461136,0.192050273301419,
10.2127779949925));
#14120=CARTESIAN_POINT('Ctrl Pts',(-0.00699241597992961,0.134915061600414,
10.1724520014128));
#14121=CARTESIAN_POINT('Ctrl Pts',(0.00688400952658201,0.09129155383563,
10.11520524237));
#14122=CARTESIAN_POINT('Ctrl Pts',(0.02362827268374,0.0751167926492,10.08257596185));
#14123=CARTESIAN_POINT('Ctrl Pts',(-0.0492877641874,0.2521912365441,10.04781836613));
#14124=CARTESIAN_POINT('Ctrl Pts',(-0.04939800174211,0.1866318352746,10.06045033871));
#14125=CARTESIAN_POINT('Ctrl Pts',(-0.02256803915263,0.1214760606908,10.07323963823));
#14126=CARTESIAN_POINT('Ctrl Pts',(0.0236282681668,0.07511679717413,10.08257596139));
#14127=CARTESIAN_POINT('Ctrl Pts',(-0.0492877641874,0.2521912365441,10.04781836613));
#14128=CARTESIAN_POINT('Ctrl Pts',(-0.0494857893897329,0.196604281748,10.07050980675));
#14129=CARTESIAN_POINT('Ctrl Pts',(-0.03289029381622,0.1402842018524,10.09359306925));
#14130=CARTESIAN_POINT('Ctrl Pts',(0.006884005009648,0.09129155836056,10.11520524191));
#14131=CARTESIAN_POINT('Ctrl Pts',(-0.0492877641874,0.2521912365441,10.04781836613));
#14132=CARTESIAN_POINT('Ctrl Pts',(-0.0496394177730728,0.2140560630766,
10.08811387582));
#14133=CARTESIAN_POINT('Ctrl Pts',(-0.04107304872505,0.1750306850987,10.12952626774));
#14134=CARTESIAN_POINT('Ctrl Pts',(-0.006985612255186,0.1349139824371,10.17245958427));
#14135=CARTESIAN_POINT('Ctrl Pts',(-0.0492877641874,0.2521912365441,10.04781836613));
#14136=CARTESIAN_POINT('Ctrl Pts',(-0.0497930461564128,0.2315078444051,
10.10571794489));
#14137=CARTESIAN_POINT('Ctrl Pts',(-0.03104064239249,0.2106055856614,10.16428908606));
#14138=CARTESIAN_POINT('Ctrl Pts',(0.01014746420043,0.1920535565661,10.21276816572));
#14139=CARTESIAN_POINT('Ctrl Pts',(-0.0492877641874,0.2521912365441,10.04781836613));
#14140=CARTESIAN_POINT('Ctrl Pts',(-0.04985888689213,0.2389871792602,10.11326254592));
#14141=CARTESIAN_POINT('Ctrl Pts',(-0.0234869719413,0.2258644148157,10.17853890605));
#14142=CARTESIAN_POINT('Ctrl Pts',(0.02238342794598,0.216527380626,10.22522052192));
#14143=CARTESIAN_POINT('Ctrl Pts',(-0.0492877641874,0.2521912365441,10.04781836613));
#14144=CARTESIAN_POINT('Ctrl Pts',(-0.0494788889178737,0.247675088104087,
10.0697190910002));
#14145=CARTESIAN_POINT('Ctrl Pts',(-0.0466649926685751,0.243427585721693,
10.0914945548827));
#14146=CARTESIAN_POINT('Ctrl Pts',(-0.0411321407354799,0.239003177799968,
10.1126208862019));
#14147=CARTESIAN_POINT('Ctrl Pts',(-0.035599288802383,0.234578769878242,
10.1337472175212));
#14148=CARTESIAN_POINT('Ctrl Pts',(-0.0273871975366164,0.229807992841322,
10.1540248636179));
#14149=CARTESIAN_POINT('Ctrl Pts',(-0.016836313910776,0.226488590617476,
10.1728208170067));
#14150=CARTESIAN_POINT('Ctrl Pts',(-0.00628543028493882,0.223169188393631,
10.1916167703955));
#14151=CARTESIAN_POINT('Ctrl Pts',(0.00597543981925911,0.219867281975753,
10.2085223499049));
#14152=CARTESIAN_POINT('Ctrl Pts',(0.0223833792205288,0.216527283167493,
10.2252204723328));
#14153=CARTESIAN_POINT('Origin',(0.2007027165786,21.775,10.05));
#14154=CARTESIAN_POINT('Ctrl Pts',(0.0223938231609977,0.216525157407276,
10.2252311002652));
#14155=CARTESIAN_POINT('Ctrl Pts',(0.0392641541673363,0.219904743070087,
10.2423976609737));
#14156=CARTESIAN_POINT('Ctrl Pts',(0.0564631513925806,0.223252794150877,
10.255186455753));
#14157=CARTESIAN_POINT('Ctrl Pts',(0.0753697258556719,0.226562588371266,
10.2660896199715));
#14158=CARTESIAN_POINT('Ctrl Pts',(0.0942763003187689,0.229872382591657,
10.2769927841899));
#14159=CARTESIAN_POINT('Ctrl Pts',(0.114475372856618,0.234631493647712,
10.28540573248));
#14160=CARTESIAN_POINT('Ctrl Pts',(0.135626349587942,0.239041462367189,
10.2911781504787));
#14161=CARTESIAN_POINT('Ctrl Pts',(0.156777326319261,0.243451431086664,
10.2969505684774));
#14162=CARTESIAN_POINT('Ctrl Pts',(0.178679555778074,0.247688399711707,
10.3));
#14163=CARTESIAN_POINT('Ctrl Pts',(0.2007027165786,0.2521912365441,10.3));
#14164=CARTESIAN_POINT('Origin',(0.2007027165786,24.9648057706509,10.05));
#14165=CARTESIAN_POINT('Origin',(51.1455,25.47390923627,8.15));
#14166=CARTESIAN_POINT('',(18.10234340112,24.89781847255,10.3));
#14167=CARTESIAN_POINT('Origin',(19.147,21.05,6.));
#14168=CARTESIAN_POINT('',(21.84646057025,11.10698689956,10.3));
#14169=CARTESIAN_POINT('Origin',(23.29405882353,11.5,8.15));
#14170=CARTESIAN_POINT('',(23.29405882353,10.,10.3));
#14171=CARTESIAN_POINT('Origin',(19.147,10.,10.3));
#14172=CARTESIAN_POINT('',(25.597,10.,6.));
#14173=CARTESIAN_POINT('Origin',(25.597,11.5,8.15));
#14174=CARTESIAN_POINT('',(27.097,11.5,10.3));
#14175=CARTESIAN_POINT('Origin',(27.097,10.,6.));
#14176=CARTESIAN_POINT('',(27.097,19.25,10.3));
#14177=CARTESIAN_POINT('Origin',(27.597,19.25,6.));
#14178=CARTESIAN_POINT('',(27.597,19.75,10.3));
#14179=CARTESIAN_POINT('Origin',(27.097,19.75,6.));
#14180=CARTESIAN_POINT('',(40.597,19.75,10.3));
#14181=CARTESIAN_POINT('',(39.222,19.75,8.55));
#14182=CARTESIAN_POINT('',(39.222,19.75,8.55));
#14183=CARTESIAN_POINT('',(39.122,19.75,8.65));
#14184=CARTESIAN_POINT('Origin',(39.122,19.75,8.55));
#14185=CARTESIAN_POINT('',(29.072,19.75,8.65));
#14186=CARTESIAN_POINT('',(29.072,19.75,8.65));
#14187=CARTESIAN_POINT('',(28.972,19.75,8.55));
#14188=CARTESIAN_POINT('Origin',(29.072,19.75,8.55));
#14189=CARTESIAN_POINT('',(28.972,19.75,6.));
#14190=CARTESIAN_POINT('Origin',(40.597,19.25,6.));
#14191=CARTESIAN_POINT('',(41.097,19.25,10.3));
#14192=CARTESIAN_POINT('Origin',(41.097,19.75,6.));
#14193=CARTESIAN_POINT('',(41.097,11.5,10.3));
#14194=CARTESIAN_POINT('Origin',(42.597,11.5,8.15));
#14195=CARTESIAN_POINT('',(42.597,10.,6.));
#14196=CARTESIAN_POINT('Origin',(19.147,10.,10.3));
#14197=CARTESIAN_POINT('',(44.89994117647,10.,10.3));
#14198=CARTESIAN_POINT('Origin',(44.89994117647,11.5,8.15));
#14199=CARTESIAN_POINT('Origin',(28.972,19.75,4.95));
#14200=CARTESIAN_POINT('',(28.972,0.01527201863381,8.55));
#14201=CARTESIAN_POINT('',(28.972,0.01527201863381,8.55));
#14202=CARTESIAN_POINT('',(28.972,0.04581605590147,5.05));
#14203=CARTESIAN_POINT('',(28.972,0.01527201863381,8.55));
#14204=CARTESIAN_POINT('',(28.972,59.65,5.05));
#14205=CARTESIAN_POINT('',(28.972,59.65,5.05));
#14206=CARTESIAN_POINT('',(28.972,59.65,6.));
#14207=CARTESIAN_POINT('Origin',(29.072,59.65,5.2125));
#14208=CARTESIAN_POINT('',(29.072,59.75,5.05));
#14209=CARTESIAN_POINT('Origin',(29.072,59.65,5.05));
#14210=CARTESIAN_POINT('',(29.072,59.75,5.05));
#14211=CARTESIAN_POINT('Origin',(29.072,59.65,5.05));
#14212=CARTESIAN_POINT('',(29.072,59.65,4.95));
#14213=CARTESIAN_POINT('Origin',(29.072,59.65,5.05));
#14214=CARTESIAN_POINT('Origin',(29.072,59.65,5.05));
#14215=CARTESIAN_POINT('Origin',(36.6595,59.65,5.05));
#14216=CARTESIAN_POINT('',(39.122,59.65,4.95));
#14217=CARTESIAN_POINT('',(29.072,59.65,4.95));
#14218=CARTESIAN_POINT('',(39.122,59.75,5.05));
#14219=CARTESIAN_POINT('Origin',(39.122,59.65,5.05));
#14220=CARTESIAN_POINT('',(39.122,59.75,5.05));
#14221=CARTESIAN_POINT('Origin',(34.097,59.75,5.475));
#14222=CARTESIAN_POINT('',(39.122,59.75,6.));
#14223=CARTESIAN_POINT('Origin',(39.122,59.65,7.0625));
#14224=CARTESIAN_POINT('',(39.222,59.65,5.05));
#14225=CARTESIAN_POINT('Origin',(39.122,59.65,5.05));
#14226=CARTESIAN_POINT('',(39.222,59.65,5.05));
#14227=CARTESIAN_POINT('Origin',(39.122,59.65,5.05));
#14228=CARTESIAN_POINT('Origin',(39.122,59.65,5.05));
#14229=CARTESIAN_POINT('Origin',(39.122,19.75,5.05));
#14230=CARTESIAN_POINT('',(39.122,0.04668874268055,4.95));
#14231=CARTESIAN_POINT('',(39.122,59.65,4.95));
#14232=CARTESIAN_POINT('',(39.222,0.04581605590148,5.05));
#14233=CARTESIAN_POINT('Origin',(39.1219980960295,0.045816072515684,5.04999809620446));
#14234=CARTESIAN_POINT('',(39.222,0.04581605590148,5.05));
#14235=CARTESIAN_POINT('Origin',(39.222,19.75,8.65));
#14236=CARTESIAN_POINT('',(39.222,0.01527201863382,8.55));
#14237=CARTESIAN_POINT('',(39.222,0.04581605590148,5.05));
#14238=CARTESIAN_POINT('',(39.222,19.75,8.55));
#14239=CARTESIAN_POINT('Origin',(39.122,19.75,8.55));
#14240=CARTESIAN_POINT('',(39.122,0.01439933185474,8.65));
#14241=CARTESIAN_POINT('Origin',(39.1219980960295,0.0152720020196373,8.55000190379554));
#14242=CARTESIAN_POINT('',(39.122,0.01439933185474,8.65));
#14243=CARTESIAN_POINT('Origin',(28.972,19.75,8.65));
#14244=CARTESIAN_POINT('',(29.072,0.01439933185475,8.65));
#14245=CARTESIAN_POINT('',(39.122,0.01439933185474,8.65));
#14246=CARTESIAN_POINT('',(29.072,19.75,8.65));
#14247=CARTESIAN_POINT('Origin',(29.072,19.75,8.55));
#14248=CARTESIAN_POINT('Origin',(29.0720019039705,0.0152720020196373,8.55000190379554));
#14249=CARTESIAN_POINT('Origin',(68.194,0.08988331563325,0.000392192439036));
#14250=CARTESIAN_POINT('',(67.99329728342,0.002200755778081,10.04781836613));
#14251=CARTESIAN_POINT('',(67.99329728342,0.002200755778081,10.04781836613));
#14252=CARTESIAN_POINT('',(67.90561130095,0.08988673824482,0.));
#14253=CARTESIAN_POINT('',(29.072,0.04668874268055,4.95));
#14254=CARTESIAN_POINT('',(29.072,0.04668874268055,4.95));
#14255=CARTESIAN_POINT('Origin',(29.0720019039705,0.0458160725156841,5.04999809620446));
#14256=CARTESIAN_POINT('Origin',(51.1455,0.2521912365441,10.05));
#14257=CARTESIAN_POINT('Origin',(67.99329728342,0.2521912365441,10.05));
#14258=CARTESIAN_POINT('Ctrl Pts',(0.200702716578602,0.2521912365441,10.3));
#14259=CARTESIAN_POINT('Ctrl Pts',(0.196199788732299,0.2301676206963,10.3));
#14260=CARTESIAN_POINT('Ctrl Pts',(0.191874622862354,0.208140245813923,
10.2970636564998));
#14261=CARTESIAN_POINT('Ctrl Pts',(0.187659214548486,0.186969363391359,
10.2913423030934));
#14262=CARTESIAN_POINT('Ctrl Pts',(0.183443806234601,0.165798480968789,
10.2856209496871));
#14263=CARTESIAN_POINT('Ctrl Pts',(0.179338155476801,0.145477679620591,
10.2771538694464));
#14264=CARTESIAN_POINT('Ctrl Pts',(0.175546275536229,0.126412599783551,
10.2660549340669));
#14265=CARTESIAN_POINT('Ctrl Pts',(0.17175439559565,0.107347519946516,10.2549559986874));
#14266=CARTESIAN_POINT('Ctrl Pts',(0.168276286472299,0.0895631196445326,
10.2411872963459));
#14267=CARTESIAN_POINT('Ctrl Pts',(0.165036634570299,0.0738823470844686,
10.2252311043727));
#14268=CARTESIAN_POINT('Ctrl Pts',(0.16505195161305,0.0738598222479033,
10.2252081801297));
#14269=CARTESIAN_POINT('Ctrl Pts',(0.174323583705821,0.120243471926484,
10.2724188939243));
#14270=CARTESIAN_POINT('Ctrl Pts',(0.187470495007571,0.186004207488378,
10.3));
#14271=CARTESIAN_POINT('Ctrl Pts',(0.2007027165786,0.2521912365441,10.3));
#14272=CARTESIAN_POINT('Ctrl Pts',(0.132062762959752,0.0900617402819754,
10.2417027447427));
#14273=CARTESIAN_POINT('Ctrl Pts',(0.153788201458962,0.139205417304145,
10.2827578510994));
#14274=CARTESIAN_POINT('Ctrl Pts',(0.177384070734275,0.196090631761673,
10.3));
#14275=CARTESIAN_POINT('Ctrl Pts',(0.2007027165786,0.2521912365441,10.3));
#14276=CARTESIAN_POINT('Ctrl Pts',(0.0744525979228401,0.134025872681423,
10.2551108574181));
#14277=CARTESIAN_POINT('Ctrl Pts',(0.117636032438726,0.174326538248263,
10.290786025436));
#14278=CARTESIAN_POINT('Ctrl Pts',(0.159733842653149,0.213740859842799,
10.3));
#14279=CARTESIAN_POINT('Ctrl Pts',(0.2007027165786,0.2521912365441,10.3));
#14280=CARTESIAN_POINT('Ctrl Pts',(0.0345295658706624,0.191788432666318,
10.2375823722979));
#14281=CARTESIAN_POINT('Ctrl Pts',(0.082924646918661,0.210352498768169,
10.2802445335354));
#14282=CARTESIAN_POINT('Ctrl Pts',(0.142083614571924,0.231391087924025,
10.3));
#14283=CARTESIAN_POINT('Ctrl Pts',(0.2007027165786,0.2521912365441,10.3));
#14284=CARTESIAN_POINT('Ctrl Pts',(0.0223779259801225,0.216526985893368,
10.2252149224687));
#14285=CARTESIAN_POINT('Ctrl Pts',(0.0687627050044644,0.225803710328184,
10.2724231182768));
#14286=CARTESIAN_POINT('Ctrl Pts',(0.134519810763994,0.238954891731954,
10.3));
#14287=CARTESIAN_POINT('Ctrl Pts',(0.2007027165786,0.2521912365441,10.3));
#14288=CARTESIAN_POINT('Origin',(67.99329728342,0.2521912365441,10.05));
#14289=CARTESIAN_POINT('Origin',(67.99329728342,0.2521912365441,10.05));
#14290=CARTESIAN_POINT('Origin',(67.90232147785,0.3431670421178,-0.3747947551158));
#14291=CARTESIAN_POINT('Origin',(29.072,19.75,5.05));
#14292=CARTESIAN_POINT('',(29.072,0.04668874268055,4.95));
#14293=CARTESIAN_POINT('Origin',(39.222,19.75,4.95));
#14294=CARTESIAN_POINT('Origin',(66.594,85.5,0.));
#14295=CARTESIAN_POINT('',(66.594,1.7,8.6));
#14296=CARTESIAN_POINT('',(66.594,1.7,8.6));
#14297=CARTESIAN_POINT('',(66.594,23.22108577375,8.6));
#14298=CARTESIAN_POINT('',(66.594,23.22108577375,8.6));
#14299=CARTESIAN_POINT('',(66.5939999890932,24.4268571396886,4.09999999999965));
#14300=CARTESIAN_POINT('',(66.594,23.22108577375,8.6));
#14301=CARTESIAN_POINT('',(66.5939999999996,24.6061722341193,3.99999999695995));
#14302=CARTESIAN_POINT('Ctrl Pts',(66.59399997546,24.4268571396873,4.0999999999993));
#14303=CARTESIAN_POINT('Ctrl Pts',(66.5939969394389,24.4456750059632,4.08207130328346));
#14304=CARTESIAN_POINT('Ctrl Pts',(66.5937425306737,24.4639368657726,4.06542580221178));
#14305=CARTESIAN_POINT('Ctrl Pts',(66.5936052938168,24.4838761650377,4.04996283775229));
#14306=CARTESIAN_POINT('Ctrl Pts',(66.5935450471486,24.4926294720957,4.04317463149978));
#14307=CARTESIAN_POINT('Ctrl Pts',(66.5936236758342,24.5016618287281,4.03660041050908));
#14308=CARTESIAN_POINT('Ctrl Pts',(66.5937238885452,24.5109261641311,4.03076151947375));
#14309=CARTESIAN_POINT('Ctrl Pts',(66.5938519519842,24.5227652076986,4.02329990648731));
#14310=CARTESIAN_POINT('Ctrl Pts',(66.5939446616691,24.5349977143742,4.01706292075366));
#14311=CARTESIAN_POINT('Ctrl Pts',(66.5940165057496,24.5466752503275,4.0123683426609));
#14312=CARTESIAN_POINT('Ctrl Pts',(66.5940410264176,24.5506608393939,4.0107660646467));
#14313=CARTESIAN_POINT('Ctrl Pts',(66.5940472988177,24.5545979290837,4.00933718976188));
#14314=CARTESIAN_POINT('Ctrl Pts',(66.5940448260963,24.5584905024758,4.00806627269937));
#14315=CARTESIAN_POINT('Ctrl Pts',(66.5940343845658,24.5749276250235,4.00269958660251));
#14316=CARTESIAN_POINT('Ctrl Pts',(66.5939999998122,24.5905451763994,4.00000560209453));
#14317=CARTESIAN_POINT('Ctrl Pts',(66.5939999999995,24.6061722341191,3.99999999609143));
#14318=CARTESIAN_POINT('',(66.5939999471789,62.5366470249692,4.00000044018054));
#14319=CARTESIAN_POINT('',(66.594,24.60617223412,3.999999998697));
#14320=CARTESIAN_POINT('',(66.5939999999287,62.7098604710108,4.09999974494673));
#14321=CARTESIAN_POINT('Ctrl Pts',(66.594,62.5366470262233,4.00000079131992));
#14322=CARTESIAN_POINT('Ctrl Pts',(66.594,62.553502453542,3.99994059065731));
#14323=CARTESIAN_POINT('Ctrl Pts',(66.594,62.5703023333886,4.00330213431878));
#14324=CARTESIAN_POINT('Ctrl Pts',(66.594,62.6019790178766,4.01445867935708));
#14325=CARTESIAN_POINT('Ctrl Pts',(66.594,62.6168953681761,4.02218116278457));
#14326=CARTESIAN_POINT('Ctrl Pts',(66.594,62.6605187855853,4.05049222360918));
#14327=CARTESIAN_POINT('Ctrl Pts',(66.594,62.6849234580541,4.07506697154778));
#14328=CARTESIAN_POINT('Ctrl Pts',(66.594,62.7095138581651,4.0996526284011));
#14329=CARTESIAN_POINT('Ctrl Pts',(66.5939999998557,62.7096014696515,4.09974026513989));
#14330=CARTESIAN_POINT('Ctrl Pts',(66.5939999998555,62.7098607311128,4.09999948480277));
#14331=CARTESIAN_POINT('',(66.594,62.74913112106,8.6));
#14332=CARTESIAN_POINT('',(66.59399999995,62.709860216,4.1));
#14333=CARTESIAN_POINT('',(66.594,80.86159797388,8.6));
#14334=CARTESIAN_POINT('',(66.594,80.86159797388,8.6));
#14335=CARTESIAN_POINT('',(66.594,80.88270238276,6.181674275453));
#14336=CARTESIAN_POINT('',(66.594,80.86159797388,8.6));
#14337=CARTESIAN_POINT('',(66.594,82.98262242119,4.1));
#14338=CARTESIAN_POINT('Origin',(66.594,82.98262242119,6.2));
#14339=CARTESIAN_POINT('',(66.594,85.4,4.1));
#14340=CARTESIAN_POINT('',(66.594,85.4,4.1));
#14341=CARTESIAN_POINT('',(66.594,85.4,0.));
#14342=CARTESIAN_POINT('Origin',(66.494,85.4,0.));
#14343=CARTESIAN_POINT('',(66.494,85.5,4.1));
#14344=CARTESIAN_POINT('Origin',(66.494,85.4,4.1));
#14345=CARTESIAN_POINT('',(66.494,85.5,4.1));
#14346=CARTESIAN_POINT('Origin',(66.494,85.4,4.1));
#14347=CARTESIAN_POINT('',(66.494,85.4,4.2));
#14348=CARTESIAN_POINT('Origin',(66.494,85.4,4.1));
#14349=CARTESIAN_POINT('Origin',(66.494,85.4,4.1));
#14350=CARTESIAN_POINT('Origin',(32.8745,85.4,4.1));
#14351=CARTESIAN_POINT('',(61.30313112106,85.4,4.2));
#14352=CARTESIAN_POINT('',(66.494,85.4,4.2));
#14353=CARTESIAN_POINT('',(61.30313112106,85.5,4.1));
#14354=CARTESIAN_POINT('Origin',(61.30313112106,85.4,4.1));
#14355=CARTESIAN_POINT('',(61.30313112106,85.5,4.1));
#14356=CARTESIAN_POINT('Origin',(1.6,85.5,0.));
#14357=CARTESIAN_POINT('',(1.7,85.5,8.6));
#14358=CARTESIAN_POINT('',(28.6012472117511,85.4998564150426,8.60218098062929));
#14359=CARTESIAN_POINT('',(1.7,85.5,8.6));
#14360=CARTESIAN_POINT('',(1.7,85.5,0.));
#14361=CARTESIAN_POINT('',(61.10313873645,85.5,4.2982546929));
#14362=CARTESIAN_POINT('Origin',(61.30313112106,85.5,4.3));
#14363=CARTESIAN_POINT('',(61.06559797388,85.5,8.6));
#14364=CARTESIAN_POINT('',(61.10313873645,85.5,4.2982546929));
#14365=CARTESIAN_POINT('',(39.5927527881306,85.499856470684,8.60218098063547));
#14366=CARTESIAN_POINT('',(39.59275294602,85.49985550984,8.602180969368));
#14367=CARTESIAN_POINT('',(39.39596921626,85.5,4.095638061263));
#14368=CARTESIAN_POINT('',(39.2687831850604,85.5,1.18259902163728));
#14369=CARTESIAN_POINT('',(39.2960643941,85.5,4.));
#14370=CARTESIAN_POINT('Origin',(39.2960643941,85.5,4.1));
#14371=CARTESIAN_POINT('',(28.8979356059,85.5,4.));
#14372=CARTESIAN_POINT('',(28.8979356059,85.5,4.));
#14373=CARTESIAN_POINT('',(28.79803078374,85.5,4.095638061263));
#14374=CARTESIAN_POINT('Origin',(28.8979356059,85.5,4.1));
#14375=CARTESIAN_POINT('',(28.8633863668833,85.5,2.59874910767268));
#14376=CARTESIAN_POINT('Origin',(17.8485,85.4,8.6));
#14377=CARTESIAN_POINT('',(1.7,85.4,8.7));
#14378=CARTESIAN_POINT('Origin',(1.7,85.4,8.6));
#14379=CARTESIAN_POINT('',(28.50127082577,85.4,8.7));
#14380=CARTESIAN_POINT('Origin',(28.50127082577,85.4,8.6));
#14381=CARTESIAN_POINT('',(28.50127082577,85.4,8.7));
#14382=CARTESIAN_POINT('Origin',(1.7,85.4,8.6));
#14383=CARTESIAN_POINT('',(1.6,85.4,8.6));
#14384=CARTESIAN_POINT('Origin',(1.7,85.4,8.6));
#14385=CARTESIAN_POINT('Origin',(1.7,85.4,8.6));
#14386=CARTESIAN_POINT('Origin',(1.7,85.4,0.));
#14387=CARTESIAN_POINT('',(1.6,85.4,8.6));
#14388=CARTESIAN_POINT('Origin',(1.6,1.6,0.));
#14389=CARTESIAN_POINT('',(1.6,62.74913112106,8.6));
#14390=CARTESIAN_POINT('',(1.6,62.74913112106,8.6));
#14391=CARTESIAN_POINT('',(1.600000000208,62.7098606743978,4.09999954848836));
#14392=CARTESIAN_POINT('',(1.6,62.74913112106,8.6));
#14393=CARTESIAN_POINT('',(1.60000005865701,62.536647028637,3.99999999999673));
#14394=CARTESIAN_POINT('Ctrl Pts',(1.60000000026019,62.7098611410629,4.09999908862167));
#14395=CARTESIAN_POINT('Ctrl Pts',(1.60000000025959,62.7096040741626,4.0997382213637));
#14396=CARTESIAN_POINT('Ctrl Pts',(1.6,62.7095176057624,4.09965040737846));
#14397=CARTESIAN_POINT('Ctrl Pts',(1.6,62.6853865297214,4.07516449177267));
#14398=CARTESIAN_POINT('Ctrl Pts',(1.6,62.66051667202,4.04964150370585));
#14399=CARTESIAN_POINT('Ctrl Pts',(1.6,62.6151683237761,4.02122974365614));
#14400=CARTESIAN_POINT('Ctrl Pts',(1.6,62.6003606793389,4.01384401105453));
#14401=CARTESIAN_POINT('Ctrl Pts',(1.6,62.5693893578673,4.00322589721992));
#14402=CARTESIAN_POINT('Ctrl Pts',(1.6,62.5530600385321,3.99999990329991));
#14403=CARTESIAN_POINT('Ctrl Pts',(1.6,62.536647028637,3.99999999999525));
#14404=CARTESIAN_POINT('',(1.59999999999856,24.5907180435814,4.00000000563816));
#14405=CARTESIAN_POINT('',(1.600000116221,62.53664700723,4.));
#14406=CARTESIAN_POINT('',(1.60000001074567,24.4114029491491,4.09999999999976));
#14407=CARTESIAN_POINT('Ctrl Pts',(1.5999999999979,24.5907180435819,4.00000000724924));
#14408=CARTESIAN_POINT('Ctrl Pts',(1.599999999651,24.5751193266507,4.00000598242159));
#14409=CARTESIAN_POINT('Ctrl Pts',(1.59996504469305,24.5595083216714,4.00269122272364));
#14410=CARTESIAN_POINT('Ctrl Pts',(1.59995353684717,24.5430387415516,4.00807132948733));
#14411=CARTESIAN_POINT('Ctrl Pts',(1.59995086339074,24.539212594993,4.00932121423422));
#14412=CARTESIAN_POINT('Ctrl Pts',(1.59995675033722,24.5353416099982,4.01072438369682));
#14413=CARTESIAN_POINT('Ctrl Pts',(1.59998038615263,24.5314220289676,4.01229589312618));
#14414=CARTESIAN_POINT('Ctrl Pts',(1.60005105683559,24.5197025488686,4.01699467938379));
#14415=CARTESIAN_POINT('Ctrl Pts',(1.60014202155874,24.5074068722927,4.02325345304564));
#14416=CARTESIAN_POINT('Ctrl Pts',(1.60027013280375,24.4955028987871,4.03075339584724));
#14417=CARTESIAN_POINT('Ctrl Pts',(1.60036930173486,24.4862882172156,4.03655898544206));
#14418=CARTESIAN_POINT('Ctrl Pts',(1.60044741608348,24.4772987472879,4.0430933830511));
#14419=CARTESIAN_POINT('Ctrl Pts',(1.60038856237276,24.4685817214727,4.04984439978297));
#14420=CARTESIAN_POINT('Ctrl Pts',(1.60025367857812,24.4486036180449,4.06531670804169));
#14421=CARTESIAN_POINT('Ctrl Pts',(1.60000302538809,24.4302934924044,4.08200489354836));
#14422=CARTESIAN_POINT('Ctrl Pts',(1.600000024178,24.4114029491473,4.09999999999928));
#14423=CARTESIAN_POINT('',(1.6,23.20563158321,8.6));
#14424=CARTESIAN_POINT('',(1.600000008059,24.41140294915,4.1));
#14425=CARTESIAN_POINT('',(1.6,6.238402026118,8.6));
#14426=CARTESIAN_POINT('',(1.6,6.238402026118,8.6));
#14427=CARTESIAN_POINT('',(1.6,6.217297617245,6.181674275453));
#14428=CARTESIAN_POINT('',(1.6,6.238402026118,8.6));
#14429=CARTESIAN_POINT('',(1.6,4.11737757881,4.1));
#14430=CARTESIAN_POINT('Origin',(1.6,4.11737757881,6.2));
#14431=CARTESIAN_POINT('',(1.6,1.7,4.1));
#14432=CARTESIAN_POINT('',(1.6,1.7,4.1));
#14433=CARTESIAN_POINT('',(1.6,1.7,0.));
#14434=CARTESIAN_POINT('Origin',(1.7,1.7,0.));
#14435=CARTESIAN_POINT('',(1.7,1.6,4.1));
#14436=CARTESIAN_POINT('Origin',(1.7,1.7,4.1));
#14437=CARTESIAN_POINT('',(1.7,1.6,4.1));
#14438=CARTESIAN_POINT('Origin',(1.7,1.7,4.1));
#14439=CARTESIAN_POINT('',(1.7,1.7,4.2));
#14440=CARTESIAN_POINT('Origin',(1.7,1.7,4.1));
#14441=CARTESIAN_POINT('Origin',(1.7,1.7,4.1));
#14442=CARTESIAN_POINT('Origin',(35.3195,1.7,4.1));
#14443=CARTESIAN_POINT('',(6.89086887894,1.7,4.2));
#14444=CARTESIAN_POINT('',(1.7,1.7,4.2));
#14445=CARTESIAN_POINT('',(6.89086887894,1.6,4.1));
#14446=CARTESIAN_POINT('Origin',(6.89086887894,1.7,4.1));
#14447=CARTESIAN_POINT('',(6.89086887894,1.6,4.1));
#14448=CARTESIAN_POINT('Origin',(66.594,1.6,0.));
#14449=CARTESIAN_POINT('',(40.8818606722625,1.60000000012895,4.09999955059144));
#14450=CARTESIAN_POINT('',(40.92113112106,1.6,8.6));
#14451=CARTESIAN_POINT('',(40.881860216,1.600000000092,4.1));
#14452=CARTESIAN_POINT('',(66.494,1.6,8.6));
#14453=CARTESIAN_POINT('',(66.494,1.6,8.6));
#14454=CARTESIAN_POINT('',(66.494,1.6,0.));
#14455=CARTESIAN_POINT('',(7.090861263553,1.6,4.2982546929));
#14456=CARTESIAN_POINT('Origin',(6.89086887894,1.6,4.3));
#14457=CARTESIAN_POINT('',(7.128402026118,1.6,8.6));
#14458=CARTESIAN_POINT('',(7.090861263553,1.6,4.2982546929));
#14459=CARTESIAN_POINT('',(27.27286887894,1.6,8.6));
#14460=CARTESIAN_POINT('',(27.27286887894,1.6,8.6));
#14461=CARTESIAN_POINT('',(27.3121393297908,1.60000000020565,4.09999955262548));
#14462=CARTESIAN_POINT('',(27.27286887894,1.6,8.6));
#14463=CARTESIAN_POINT('',(27.4853529714414,1.60000005874519,4.00000000138427));
#14464=CARTESIAN_POINT('Ctrl Pts',(27.3121388673903,1.60000000025753,4.09999909697264));
#14465=CARTESIAN_POINT('Ctrl Pts',(27.3123959246766,1.60000000025693,4.09973823299433));
#14466=CARTESIAN_POINT('Ctrl Pts',(27.3124823987539,1.6,4.0996504124394));
#14467=CARTESIAN_POINT('Ctrl Pts',(27.3366575937712,1.6,4.07511930726654));
#14468=CARTESIAN_POINT('Ctrl Pts',(27.3615150602346,1.6,4.0496244007255));
#14469=CARTESIAN_POINT('Ctrl Pts',(27.4068344978087,1.6,4.02123451109015));
#14470=CARTESIAN_POINT('Ctrl Pts',(27.421644027894,1.6,4.01384897129848));
#14471=CARTESIAN_POINT('Ctrl Pts',(27.452613789714,1.6,4.00323054772375));
#14472=CARTESIAN_POINT('Ctrl Pts',(27.4689417144243,1.6,4.00000278790432));
#14473=CARTESIAN_POINT('Ctrl Pts',(27.4853529714415,1.6,4.00000000179356));
#14474=CARTESIAN_POINT('',(40.7086470267639,1.60000006106018,4.0000000003282));
#14475=CARTESIAN_POINT('',(27.48535299288,1.600000116396,4.000000000559));
#14476=CARTESIAN_POINT('Ctrl Pts',(40.7086470267639,1.6,4.00000000042863));
#14477=CARTESIAN_POINT('Ctrl Pts',(40.7254796225897,1.6,4.0000014033512));
#14478=CARTESIAN_POINT('Ctrl Pts',(40.7422249750532,1.6,4.00339587332849));
#14479=CARTESIAN_POINT('Ctrl Pts',(40.7738813830509,1.6,4.01449583292198));
#14480=CARTESIAN_POINT('Ctrl Pts',(40.7889907582996,1.6,4.02219699484595));
#14481=CARTESIAN_POINT('Ctrl Pts',(40.8335834395941,1.6,4.05074567961211));
#14482=CARTESIAN_POINT('Ctrl Pts',(40.8579880884617,1.6,4.07577495679615));
#14483=CARTESIAN_POINT('Ctrl Pts',(40.8815176017801,1.6,4.09965041185647));
#14484=CARTESIAN_POINT('Ctrl Pts',(40.8816040734336,1.60000000025876,4.0997382287399));
#14485=CARTESIAN_POINT('Ctrl Pts',(40.881861136758,1.60000000025936,4.09999909286363));
#14486=CARTESIAN_POINT('Origin',(40.86451114999,1.7,2.11199394496));
#14487=CARTESIAN_POINT('',(40.78184879263,1.7,4.09912734645));
#14488=CARTESIAN_POINT('Origin',(40.881852580895,1.70000760350429,4.1000008980433));
#14489=CARTESIAN_POINT('',(40.82113492875,1.7,8.60087265355));
#14490=CARTESIAN_POINT('',(40.78184879263,1.7,4.09912734645));
#14491=CARTESIAN_POINT('Origin',(40.92113112106,1.7,8.6));
#14492=CARTESIAN_POINT('Ctrl Pts',(40.8818638519896,1.49990012982161,4.00000005330485));
#14493=CARTESIAN_POINT('Ctrl Pts',(40.8219990072649,1.49990029940717,4.00000004627003));
#14494=CARTESIAN_POINT('Ctrl Pts',(40.7183013864158,1.55012104504281,4.00000005196175));
#14495=CARTESIAN_POINT('Ctrl Pts',(40.6817470925675,1.65510735949322,4.00000005268539));
#14496=CARTESIAN_POINT('Ctrl Pts',(40.681753286334,1.70002662146753,4.00000005268527));
#14497=CARTESIAN_POINT('Ctrl Pts',(40.881863342468,1.52985405770669,3.99996807438954));
#14498=CARTESIAN_POINT('Ctrl Pts',(40.8309981976992,1.52980338070623,3.99997023755695));
#14499=CARTESIAN_POINT('Ctrl Pts',(40.7426930867009,1.57245876818484,3.9999686299446));
#14500=CARTESIAN_POINT('Ctrl Pts',(40.7115355063186,1.66181892058393,3.99996844755627));
#14501=CARTESIAN_POINT('Ctrl Pts',(40.7115407856644,1.70002264149561,3.99996844758719));
#14502=CARTESIAN_POINT('Ctrl Pts',(40.881862352645,1.58170323892136,4.02508386182732));
#14503=CARTESIAN_POINT('Ctrl Pts',(40.8464544756087,1.58157152067928,4.02499487266565));
#14504=CARTESIAN_POINT('Ctrl Pts',(40.7849061572445,1.61106043793885,4.02484268703254));
#14505=CARTESIAN_POINT('Ctrl Pts',(40.7631103582678,1.67335081964391,4.02478915992277));
#14506=CARTESIAN_POINT('Ctrl Pts',(40.7631140513501,1.70001580304055,4.02478916899242));
#14507=CARTESIAN_POINT('Ctrl Pts',(40.8818620549496,1.60000000333512,4.07756006558902));
#14508=CARTESIAN_POINT('Ctrl Pts',(40.8519666447636,1.59994088490987,4.07733576034877));
#14509=CARTESIAN_POINT('Ctrl Pts',(40.8000060848568,1.624968889284,4.07694910309639));
#14510=CARTESIAN_POINT('Ctrl Pts',(40.7816509483646,1.67753900743527,4.07681289192419));
#14511=CARTESIAN_POINT('Ctrl Pts',(40.7816540584616,1.70001331943663,4.07681291500384));
#14512=CARTESIAN_POINT('Ctrl Pts',(40.8818620332846,1.60000000025937,4.10000001585679));
#14513=CARTESIAN_POINT('Ctrl Pts',(40.8519423356561,1.60000000029417,4.09973895037545));
#14514=CARTESIAN_POINT('Ctrl Pts',(40.8001152393095,1.62509776104189,4.09928673103844));
#14515=CARTESIAN_POINT('Ctrl Pts',(40.7818456979527,1.67756486830986,4.09912731944727));
#14516=CARTESIAN_POINT('Ctrl Pts',(40.7818487935473,1.70001330409892,4.099127346458));
#14517=CARTESIAN_POINT('',(40.68185260032,1.7,4.));
#14518=CARTESIAN_POINT('Origin',(40.8820108675077,1.70004163563171,3.99999917973166));
#14519=CARTESIAN_POINT('Origin',(40.68185260032,1.7,4.09999999999999));
#14520=CARTESIAN_POINT('Origin',(40.68185260032,22.575,4.1));
#14521=CARTESIAN_POINT('',(40.68185260032,8.340155015286,4.));
#14522=CARTESIAN_POINT('',(40.68185260032,1.7,4.));
#14523=CARTESIAN_POINT('',(40.78184879263,8.340155015063,4.09912734645));
#14524=CARTESIAN_POINT('Origin',(40.68185260032,8.340155015063,4.09999999999999));
#14525=CARTESIAN_POINT('',(40.78184879263,8.34015501509,4.09912734645));
#14526=CARTESIAN_POINT('Origin',(40.78098528316,1.6,4.000178961598));
#14527=CARTESIAN_POINT('',(40.82113492875,8.30086887894,8.60087265355));
#14528=CARTESIAN_POINT('',(40.78184879263,8.34015501509,4.09912734645));
#14529=CARTESIAN_POINT('',(40.82113492875,1.7,8.60087265355));
#14530=CARTESIAN_POINT('Origin',(40.92113112106,6.269182232578,8.6));
#14531=CARTESIAN_POINT('',(40.92113112106,8.30086887894,8.7));
#14532=CARTESIAN_POINT('Origin',(40.92113112106,8.30086887894,8.6));
#14533=CARTESIAN_POINT('',(40.92113112106,1.7,8.7));
#14534=CARTESIAN_POINT('',(40.92113112106,8.30086887894,8.7));
#14535=CARTESIAN_POINT('Origin',(40.92113112106,1.7,8.6));
#14536=CARTESIAN_POINT('Origin',(40.92113112106,8.30086887894,8.6));
#14537=CARTESIAN_POINT('',(40.92113112106,8.400865071247,8.60087265355));
#14538=CARTESIAN_POINT('Origin',(40.92113112106,8.30086887894,8.6));
#14539=CARTESIAN_POINT('Origin',(40.92113112106,8.30086887894,8.6));
#14540=CARTESIAN_POINT('Origin',(40.88123588274,8.340764117258,4.028458494641));
#14541=CARTESIAN_POINT('',(40.88184498489,8.44015120737,4.09912734645));
#14542=CARTESIAN_POINT('Origin',(40.8818233565083,8.34017664348967,4.10000236086113));
#14543=CARTESIAN_POINT('',(40.92113112106,8.400865071247,8.60087265355));
#14544=CARTESIAN_POINT('Ctrl Pts',(40.68148194977,8.340155015254,4.000000734092));
#14545=CARTESIAN_POINT('Ctrl Pts',(40.68148258265,8.400105618879,4.000000706175));
#14546=CARTESIAN_POINT('Ctrl Pts',(40.73177895526,8.503914662011,4.000000707764));
#14547=CARTESIAN_POINT('Ctrl Pts',(40.83688203193,8.540517575534,4.000000713154));
#14548=CARTESIAN_POINT('Ctrl Pts',(40.88184498458,8.540518050229,4.000000734092));
#14549=CARTESIAN_POINT('Ctrl Pts',(40.711361651,8.340155015225,3.999882351662));
#14550=CARTESIAN_POINT('Ctrl Pts',(40.71131125374,8.391127629882,3.999884798624));
#14551=CARTESIAN_POINT('Ctrl Pts',(40.75411485669,8.479570651797,3.999884856548));
#14552=CARTESIAN_POINT('Ctrl Pts',(40.8436155237,8.510676146915,3.999884186883));
#14553=CARTESIAN_POINT('Ctrl Pts',(40.88184498463,8.510638349,3.999882351662));
#14554=CARTESIAN_POINT('Ctrl Pts',(40.76307960418,8.340155015176,4.024700770644));
#14555=CARTESIAN_POINT('Ctrl Pts',(40.76294764368,8.375706050639,4.024612616023));
#14556=CARTESIAN_POINT('Ctrl Pts',(40.79270052757,8.437444322776,4.024534801519));
#14557=CARTESIAN_POINT('Ctrl Pts',(40.85518170817,8.459019366174,4.024634654678));
#14558=CARTESIAN_POINT('Ctrl Pts',(40.88184498472,8.458920395823,4.024700770643));
#14559=CARTESIAN_POINT('Ctrl Pts',(40.78165405754,8.340155015159,4.076812914996));
#14560=CARTESIAN_POINT('Ctrl Pts',(40.78159330186,8.370111407262,4.076589133781));
#14561=CARTESIAN_POINT('Ctrl Pts',(40.80673664978,8.422139437495,4.076390211955));
#14562=CARTESIAN_POINT('Ctrl Pts',(40.85937769071,8.440391509205,4.076645079085));
#14563=CARTESIAN_POINT('Ctrl Pts',(40.88184498476,8.440345942463,4.076812914996));
#14564=CARTESIAN_POINT('Ctrl Pts',(40.78184879263,8.340155015158,4.099127346449));
#14565=CARTESIAN_POINT('Ctrl Pts',(40.78184651438,8.370076912076,4.098866281658));
#14566=CARTESIAN_POINT('Ctrl Pts',(40.8069461928,8.421888159832,4.098633244315));
#14567=CARTESIAN_POINT('Ctrl Pts',(40.8594035621,8.440152916036,4.098931547855));
#14568=CARTESIAN_POINT('Ctrl Pts',(40.88184498476,8.44015120737,4.099127346449));
#14569=CARTESIAN_POINT('',(40.88184498471,8.540147399676,4.));
#14570=CARTESIAN_POINT('Ctrl Pts',(40.8818449845806,8.540147399676,4.00000000000004));
#14571=CARTESIAN_POINT('Ctrl Pts',(40.8539958726303,8.53959551298433,3.99999999999983));
#14572=CARTESIAN_POINT('Ctrl Pts',(40.8285022494849,8.53457478170646,4.0000000229898));
#14573=CARTESIAN_POINT('Ctrl Pts',(40.8047177600249,8.52467483055299,4.00000001496608));
#14574=CARTESIAN_POINT('Ctrl Pts',(40.7877485721258,8.51761165050877,4.0000000092415));
#14575=CARTESIAN_POINT('Ctrl Pts',(40.7716006304917,8.50810229092874,4.00000000407502));
#14576=CARTESIAN_POINT('Ctrl Pts',(40.7570974868828,8.49650250633843,4.00000000112812));
#14577=CARTESIAN_POINT('Ctrl Pts',(40.75127261784,8.49184370766797,3.99999999994456));
#14578=CARTESIAN_POINT('Ctrl Pts',(40.7457109481203,8.48684866459977,3.99999998861689));
#14579=CARTESIAN_POINT('Ctrl Pts',(40.7404307577795,8.48156844324459,4.00000002027851));
#14580=CARTESIAN_POINT('Ctrl Pts',(40.7220036008318,8.46314117806081,4.00000013077331));
#14581=CARTESIAN_POINT('Ctrl Pts',(40.7073121757972,8.44102236695474,4.00000069576503));
#14582=CARTESIAN_POINT('Ctrl Pts',(40.6973698321291,8.41726262418323,4.0000005323421));
#14583=CARTESIAN_POINT('Ctrl Pts',(40.687427488461,8.39350288141172,4.00000036891917));
#14584=CARTESIAN_POINT('Ctrl Pts',(40.68240440245,8.368003740199,3.99999999999997));
#14585=CARTESIAN_POINT('Ctrl Pts',(40.68185260032,8.340155015286,4.00000000000004));
#14586=CARTESIAN_POINT('Origin',(40.88184498494,8.540147399676,4.1));
#14587=CARTESIAN_POINT('Origin',(37.4595,8.540147399676,4.1));
#14588=CARTESIAN_POINT('',(47.16335787084,8.44015120737,4.09912734645));
#14589=CARTESIAN_POINT('',(47.16335787084,8.540147399676,4.));
#14590=CARTESIAN_POINT('Origin',(47.16335787084,8.540147399676,4.1));
#14591=CARTESIAN_POINT('',(47.16335787084,8.44015120737,4.09912734645));
#14592=CARTESIAN_POINT('',(40.88184498471,8.540147399676,4.));
#14593=CARTESIAN_POINT('Origin',(47.16335787084,8.540147399676,4.1));
#14594=CARTESIAN_POINT('',(47.25986074638,8.513947523963,4.09912734645));
#14595=CARTESIAN_POINT('Origin',(47.16335787084,8.540147399676,4.1));
#14596=CARTESIAN_POINT('Origin',(47.16335787084,8.540147399676,4.1));
#14597=CARTESIAN_POINT('Origin',(51.12704296621,23.1397208343,4.1));
#14598=CARTESIAN_POINT('',(51.4908448794277,24.4797245479733,3.99999999999997));
#14599=CARTESIAN_POINT('',(51.49084488013,24.47972455056,4.));
#14600=CARTESIAN_POINT('',(51.5873477540946,24.4535246690265,4.09912734644995));
#14601=CARTESIAN_POINT('Origin',(51.49084487855,24.47972454474,4.09999999999999));
#14602=CARTESIAN_POINT('',(51.58734750724,24.45352363248,4.0991311688));
#14603=CARTESIAN_POINT('Origin',(47.23094752346,8.41074621402,4.000178961598));
#14604=CARTESIAN_POINT('',(51.30057030612,23.24728564946,8.60087265355));
#14605=CARTESIAN_POINT('',(51.58734750724,24.45352363248,4.0991311688));
#14606=CARTESIAN_POINT('',(47.28990308576,8.474661387807,8.60087265355));
#14607=CARTESIAN_POINT('',(47.28990308576,8.474661387807,8.60087265355));
#14608=CARTESIAN_POINT('',(47.28990308576,8.474661387807,8.60087265355));
#14609=CARTESIAN_POINT('Origin',(47.16255876513,8.541192384056,3.980256650545));
#14610=CARTESIAN_POINT('',(47.19340021026,8.400865071247,8.60087265355));
#14611=CARTESIAN_POINT('Origin',(47.1934149095413,8.50084204136427,8.59999862530227));
#14612=CARTESIAN_POINT('',(47.16335787084,8.44015120737,4.09912734645));
#14613=CARTESIAN_POINT('Origin',(40.822,8.441014716842,4.000178961598));
#14614=CARTESIAN_POINT('',(40.92113112106,8.400865071247,8.60087265355));
#14615=CARTESIAN_POINT('Origin',(48.03973143765,8.30086887894,8.6));
#14616=CARTESIAN_POINT('',(47.19340021022,8.30086887894,8.7));
#14617=CARTESIAN_POINT('Origin',(47.19340021022,8.30086887894,8.6));
#14618=CARTESIAN_POINT('',(47.19340021046,8.30086887894,8.7));
#14619=CARTESIAN_POINT('Ctrl Pts',(47.19340021048,8.300692288997,8.699999833392));
#14620=CARTESIAN_POINT('Ctrl Pts',(47.23073797692,8.300692432757,8.699999839402));
#14621=CARTESIAN_POINT('Ctrl Pts',(47.31794268601,8.325652898955,8.699999842916));
#14622=CARTESIAN_POINT('Ctrl Pts',(47.3735324359,8.400370773523,8.699999841406));
#14623=CARTESIAN_POINT('Ctrl Pts',(47.3865763821,8.448415243754,8.699999833392));
#14624=CARTESIAN_POINT('Ctrl Pts',(47.19340021044,8.330506074529,8.700056096161));
#14625=CARTESIAN_POINT('Ctrl Pts',(47.22515331606,8.330481951668,8.70005503668));
#14626=CARTESIAN_POINT('Ctrl Pts',(47.29940315298,8.351703226819,8.700054375845));
#14627=CARTESIAN_POINT('Ctrl Pts',(47.3467423784,8.415359853008,8.70005468352));
#14628=CARTESIAN_POINT('Ctrl Pts',(47.35780412621,8.456226715985,8.700056096161));
#14629=CARTESIAN_POINT('Ctrl Pts',(47.19340021037,8.38211610097,8.675232287833));
#14630=CARTESIAN_POINT('Ctrl Pts',(47.21555846393,8.382053231633,8.675274395181));
#14631=CARTESIAN_POINT('Ctrl Pts',(47.26738286123,8.396777633341,8.675335577956));
#14632=CARTESIAN_POINT('Ctrl Pts',(47.3003370929,8.441214809167,8.675288430964));
#14633=CARTESIAN_POINT('Ctrl Pts',(47.30799707014,8.469748993723,8.675232287833));
#14634=CARTESIAN_POINT('Ctrl Pts',(47.19340021035,8.400670336154,8.623187085004));
#14635=CARTESIAN_POINT('Ctrl Pts',(47.21207489067,8.400641371237,8.623293771428));
#14636=CARTESIAN_POINT('Ctrl Pts',(47.25576471895,8.413103684109,8.623449339836));
#14637=CARTESIAN_POINT('Ctrl Pts',(47.28360438278,8.450570527008,8.623329333569));
#14638=CARTESIAN_POINT('Ctrl Pts',(47.29009101785,8.474610365412,8.623187085004));
#14639=CARTESIAN_POINT('Ctrl Pts',(47.19340021035,8.400865071247,8.600872653551));
#14640=CARTESIAN_POINT('Ctrl Pts',(47.21205338516,8.400863985115,8.600997114708));
#14641=CARTESIAN_POINT('Ctrl Pts',(47.25561858703,8.413331557051,8.601178999765));
#14642=CARTESIAN_POINT('Ctrl Pts',(47.28338809036,8.450658960907,8.601038601761));
#14643=CARTESIAN_POINT('Ctrl Pts',(47.28990308573,8.474661387707,8.600872653551));
#14644=CARTESIAN_POINT('',(47.38640596131,8.448461512126,8.7));
#14645=CARTESIAN_POINT('Origin',(47.38640596131,8.448461512126,8.6));
#14646=CARTESIAN_POINT('Ctrl Pts',(47.1934002104798,8.30086887894,8.69999999999969));
#14647=CARTESIAN_POINT('Ctrl Pts',(47.22428452817,8.30154239834412,8.69999999999962));
#14648=CARTESIAN_POINT('Ctrl Pts',(47.2520658677645,8.30749095034245,8.70000000832022));
#14649=CARTESIAN_POINT('Ctrl Pts',(47.2779169333158,8.31960945688372,8.6999999997019));
#14650=CARTESIAN_POINT('Ctrl Pts',(47.2853087845416,8.32307462149188,8.69999999723758));
#14651=CARTESIAN_POINT('Ctrl Pts',(47.2925637237768,8.3270077783135,8.69999999145645));
#14652=CARTESIAN_POINT('Ctrl Pts',(47.2995689638906,8.33140020660226,8.69999999430891));
#14653=CARTESIAN_POINT('Ctrl Pts',(47.3170627181225,8.34236914695498,8.70000000143218));
#14654=CARTESIAN_POINT('Ctrl Pts',(47.3329634109349,8.35625505564539,8.69999996400457));
#14655=CARTESIAN_POINT('Ctrl Pts',(47.3461243041779,8.37182126660762,8.69999991779332));
#14656=CARTESIAN_POINT('Ctrl Pts',(47.3645553764834,8.39362084772051,8.69999985307713));
#14657=CARTESIAN_POINT('Ctrl Pts',(47.3776576225837,8.41882256263003,8.70000000000006));
#14658=CARTESIAN_POINT('Ctrl Pts',(47.3864059612424,8.44846151186039,8.69999999999969));
#14659=CARTESIAN_POINT('Origin',(55.25746287529,10.93836446516,8.7));
#14660=CARTESIAN_POINT('',(66.494,23.22108577375,8.7));
#14661=CARTESIAN_POINT('',(51.39707318166,23.22108577375,8.7));
#14662=CARTESIAN_POINT('',(66.494,23.22108577375,8.7));
#14663=CARTESIAN_POINT('',(66.494,1.7,8.7));
#14664=CARTESIAN_POINT('',(66.494,1.7,8.7));
#14665=CARTESIAN_POINT('',(40.92113112106,1.7,8.7));
#14666=CARTESIAN_POINT('',(47.38640596127,8.448461511962,8.7));
#14667=CARTESIAN_POINT('Origin',(48.98177794031,23.22108577375,8.6));
#14668=CARTESIAN_POINT('',(66.494,23.31767835638,8.62588190451));
#14669=CARTESIAN_POINT('Origin',(66.494,23.22108577375,8.6));
#14670=CARTESIAN_POINT('',(51.39707318166,23.31767835638,8.62588190451));
#14671=CARTESIAN_POINT('Origin',(51.39707318166,23.22108577375,8.6));
#14672=CARTESIAN_POINT('',(51.39707318166,23.31767835638,8.62588190451));
#14673=CARTESIAN_POINT('Origin',(66.494,23.22108577375,8.6));
#14674=CARTESIAN_POINT('Origin',(66.494,23.22108577375,8.6));
#14675=CARTESIAN_POINT('Origin',(66.494,23.22108577375,8.6));
#14676=CARTESIAN_POINT('Origin',(66.494,48.21918223258,8.6));
#14677=CARTESIAN_POINT('Origin',(66.494,1.7,8.6));
#14678=CARTESIAN_POINT('Origin',(66.494,1.7,8.6));
#14679=CARTESIAN_POINT('Origin',(66.494,1.7,8.6));
#14680=CARTESIAN_POINT('Origin',(66.494,1.7,8.6));
#14681=CARTESIAN_POINT('Origin',(60.92573143765,1.7,8.6));
#14682=CARTESIAN_POINT('Origin',(40.92113112106,1.7,8.6));
#14683=CARTESIAN_POINT('Origin',(40.92113112106,1.7,8.6));
#14684=CARTESIAN_POINT('Origin',(66.494,1.7,0.));
#14685=CARTESIAN_POINT('Origin',(66.494,26.68694422949,-4.334759848673));
#14686=CARTESIAN_POINT('',(66.494,24.53731979314,4.07411809549));
#14687=CARTESIAN_POINT('',(66.5647105822324,24.5049661267134,4.08169874312565));
#14688=CARTESIAN_POINT('Ctrl Pts',(66.494,24.5373197931408,4.07411809549023));
#14689=CARTESIAN_POINT('Ctrl Pts',(66.5024853194601,24.5373204935616,4.07411548148443));
#14690=CARTESIAN_POINT('Ctrl Pts',(66.5110529859649,24.5361216947091,4.07439499000862));
#14691=CARTESIAN_POINT('Ctrl Pts',(66.519420985843,24.5336910314412,4.07496819868891));
#14692=CARTESIAN_POINT('Ctrl Pts',(66.5277889857211,24.5312603681733,4.07554140736919));
#14693=CARTESIAN_POINT('Ctrl Pts',(66.5359551992718,24.5275951307139,4.07640759012322));
#14694=CARTESIAN_POINT('Ctrl Pts',(66.5436014999671,24.5227732682257,4.0775268838492));
#14695=CARTESIAN_POINT('Ctrl Pts',(66.5512478006624,24.5179514057375,4.07864617757517));
#14696=CARTESIAN_POINT('Ctrl Pts',(66.558378092366,24.5119722319328,4.08001839815399));
#14697=CARTESIAN_POINT('Ctrl Pts',(66.5647105822324,24.5049661267134,4.08169874312565));
#14698=CARTESIAN_POINT('Ctrl Pts',(66.5647105826801,24.504966126218,4.08169874324445));
#14699=CARTESIAN_POINT('Ctrl Pts',(66.5707833625446,24.4982375584812,4.08334674360356));
#14700=CARTESIAN_POINT('Ctrl Pts',(66.5761019981909,24.4906413350995,4.08506819877689));
#14701=CARTESIAN_POINT('Ctrl Pts',(66.5804633122962,24.4823536151664,4.08699825014193));
#14702=CARTESIAN_POINT('Ctrl Pts',(66.5848246264014,24.4740658952333,4.08892830150697));
#14703=CARTESIAN_POINT('Ctrl Pts',(66.5882288213906,24.4650828745634,4.09106592973529));
#14704=CARTESIAN_POINT('Ctrl Pts',(66.5905225559659,24.4557337195327,4.09323547939159));
#14705=CARTESIAN_POINT('Ctrl Pts',(66.5928162905412,24.446384564502,4.09540502904789));
#14706=CARTESIAN_POINT('Ctrl Pts',(66.5939999999998,24.43667073437,4.09760689113958));
#14707=CARTESIAN_POINT('Ctrl Pts',(66.594,24.42685713969,4.1));
#14708=CARTESIAN_POINT('',(66.494,23.31767835638,8.62588190451));
#14709=CARTESIAN_POINT('Ctrl Pts',(66.4939670579509,24.6340222240324,4.00000006330012));
#14710=CARTESIAN_POINT('Ctrl Pts',(66.5389599276921,24.6340301781982,4.00000006331692));
#14711=CARTESIAN_POINT('Ctrl Pts',(66.6439285787891,24.5960937900459,3.9999999832015));
#14712=CARTESIAN_POINT('Ctrl Pts',(66.6941142013927,24.4887630983477,3.99999981458636));
#14713=CARTESIAN_POINT('Ctrl Pts',(66.6941317721602,24.4268571411477,4.00000009052064));
#14714=CARTESIAN_POINT('Ctrl Pts',(66.4939713224066,24.6090519568649,3.99997128429256));
#14715=CARTESIAN_POINT('Ctrl Pts',(66.5331397124709,24.6090591158224,3.99997128071102));
#14716=CARTESIAN_POINT('Ctrl Pts',(66.6245764470523,24.5749152804234,3.99998836312251));
#14717=CARTESIAN_POINT('Ctrl Pts',(66.6656569705126,24.480077706703,4.00002319641775));
#14718=CARTESIAN_POINT('Ctrl Pts',(66.6641672447156,24.4268568075943,3.99995839168485));
#14719=CARTESIAN_POINT('Ctrl Pts',(66.4939787164686,24.5655972239102,4.01708556417654));
#14720=CARTESIAN_POINT('Ctrl Pts',(66.523048161611,24.565602984558,4.01708529212705));
#14721=CARTESIAN_POINT('Ctrl Pts',(66.5908861777573,24.5381280531847,4.0183827771972));
#14722=CARTESIAN_POINT('Ctrl Pts',(66.6162022123116,24.4651614619276,4.02244639904025));
#14723=CARTESIAN_POINT('Ctrl Pts',(66.6123103605617,24.4268572505719,4.02508139574441));
#14724=CARTESIAN_POINT('Ctrl Pts',(66.4939827198807,24.542159696273,4.05605532506764));
#14725=CARTESIAN_POINT('Ctrl Pts',(66.5175842283754,24.5421643318916,4.0560545311452));
#14726=CARTESIAN_POINT('Ctrl Pts',(66.5726768438076,24.5200552125887,4.05984102490062));
#14727=CARTESIAN_POINT('Ctrl Pts',(66.59574438982,24.45984078052,4.070915649841));
#14728=CARTESIAN_POINT('Ctrl Pts',(66.59400011288,24.42685693496,4.077559911643));
#14729=CARTESIAN_POINT('Ctrl Pts',(66.4939835383556,24.5373197915872,4.07411809585382));
#14730=CARTESIAN_POINT('Ctrl Pts',(66.516467161543,24.5373240332178,4.0741171020204));
#14731=CARTESIAN_POINT('Ctrl Pts',(66.5689217216545,24.5170941122851,4.07885706494525));
#14732=CARTESIAN_POINT('Ctrl Pts',(66.59399450518,24.45986319136,4.092266531259));
#14733=CARTESIAN_POINT('Ctrl Pts',(66.59399997546,24.42685713968,4.100000000001));
#14734=CARTESIAN_POINT('',(66.494,24.63391237577,4.));
#14735=CARTESIAN_POINT('Origin',(66.494,24.63391237577,4.1));
#14736=CARTESIAN_POINT('Origin',(66.4999253751669,24.4476604960157,3.9999993439181));
#14737=CARTESIAN_POINT('Origin',(34.097,43.55,4.));
#14738=CARTESIAN_POINT('',(28.8979356059,62.70978408369,4.));
#14739=CARTESIAN_POINT('',(28.8979356059,85.5,4.));
#14740=CARTESIAN_POINT('',(39.2960643941,62.70978408388,4.));
#14741=CARTESIAN_POINT('',(39.2960643941,62.70978408362,4.));
#14742=CARTESIAN_POINT('',(39.4961787286126,62.5098526003197,3.99999999999996));
#14743=CARTESIAN_POINT('Ctrl Pts',(39.2960643941,62.7097840836005,3.99999999999955));
#14744=CARTESIAN_POINT('Ctrl Pts',(39.2966150577529,62.6819510059301,3.99999999999957));
#14745=CARTESIAN_POINT('Ctrl Pts',(39.3016384912873,62.656464504876,4.00000037001744));
#14746=CARTESIAN_POINT('Ctrl Pts',(39.3115825943081,62.6327176072921,4.00000052887852));
#14747=CARTESIAN_POINT('Ctrl Pts',(39.3215266973288,62.6089707097081,4.00000068773961));
#14748=CARTESIAN_POINT('Ctrl Pts',(39.3362144592981,62.5868609754745,4.00000013514933));
#14749=CARTESIAN_POINT('Ctrl Pts',(39.354646253961,62.5684383260392,4.00000001915813));
#14750=CARTESIAN_POINT('Ctrl Pts',(39.3599376719291,62.5631495334921,3.99999998585926));
#14751=CARTESIAN_POINT('Ctrl Pts',(39.3655121539743,62.5581466475167,3.99999999680496));
#14752=CARTESIAN_POINT('Ctrl Pts',(39.3713512072469,62.5534808959164,3.99999999800998));
#14753=CARTESIAN_POINT('Ctrl Pts',(39.3858515472322,62.5418942599786,4.00000000100243));
#14754=CARTESIAN_POINT('Ctrl Pts',(39.4019964618863,62.5323923200899,4.00000000368861));
#14755=CARTESIAN_POINT('Ctrl Pts',(39.418966542433,62.5253331781266,4.00000000749304));
#14756=CARTESIAN_POINT('Ctrl Pts',(39.4427702009822,62.5154314334365,4.00000001282945));
#14757=CARTESIAN_POINT('Ctrl Pts',(39.4682926828914,62.5104086979904,3.99999999999988));
#14758=CARTESIAN_POINT('Ctrl Pts',(39.4961787276534,62.50985260032,3.99999999999988));
#14759=CARTESIAN_POINT('',(66.494,62.50985260032,4.));
#14760=CARTESIAN_POINT('',(66.494,62.50985260032,4.));
#14761=CARTESIAN_POINT('Origin',(66.4939688993224,62.7099715385987,4.00000482591427));
#14762=CARTESIAN_POINT('',(51.6870369894,24.63391237577,4.));
#14763=CARTESIAN_POINT('',(51.6870369894,24.63391237577,4.));
#14764=CARTESIAN_POINT('Ctrl Pts',(51.6870369894,24.63391237577,3.99999999999958));
#14765=CARTESIAN_POINT('Ctrl Pts',(51.65636882242,24.63389549121,3.99999999999992));
#14766=CARTESIAN_POINT('Ctrl Pts',(51.6286590005659,24.6271067441279,3.99999999203985));
#14767=CARTESIAN_POINT('Ctrl Pts',(51.6025921010309,24.6146080085795,3.99999998753197));
#14768=CARTESIAN_POINT('Ctrl Pts',(51.5835951749287,24.6054992323223,3.99999998424674));
#14769=CARTESIAN_POINT('Ctrl Pts',(51.5654827901279,24.5931393345159,4.00000041832051));
#14770=CARTESIAN_POINT('Ctrl Pts',(51.5496853842427,24.5782441082969,4.00000035641678));
#14771=CARTESIAN_POINT('Ctrl Pts',(51.5438061572921,24.5727006402074,4.00000033337844));
#14772=CARTESIAN_POINT('Ctrl Pts',(51.5382423988155,24.5668117053797,4.00000021980201));
#14773=CARTESIAN_POINT('Ctrl Pts',(51.5330235531675,24.5606589915934,4.00000008944669));
#14774=CARTESIAN_POINT('Ctrl Pts',(51.5137817375534,24.5379740163732,3.99999960882837));
#14775=CARTESIAN_POINT('Ctrl Pts',(51.49935891786,24.51147482095,3.99999999999982));
#14776=CARTESIAN_POINT('Ctrl Pts',(51.49084488013,24.47972455056,3.99999999999991));
#14777=CARTESIAN_POINT('',(27.51214739968,1.7,4.));
#14778=CARTESIAN_POINT('Origin',(27.311987530729,1.70004206480265,3.99999927005417));
#14779=CARTESIAN_POINT('',(27.51214739968,8.340155015287,4.));
#14780=CARTESIAN_POINT('',(27.51214739968,8.340155015287,4.));
#14781=CARTESIAN_POINT('',(27.31215501529,8.540147399677,4.));
#14782=CARTESIAN_POINT('Ctrl Pts',(27.51214739968,8.34015501542134,4.00000000000012));
#14783=CARTESIAN_POINT('Ctrl Pts',(27.5115955129806,8.36800412736774,3.99999999999999));
#14784=CARTESIAN_POINT('Ctrl Pts',(27.5065747817078,8.3934977505133,4.00000002082368));
#14785=CARTESIAN_POINT('Ctrl Pts',(27.4966748305542,8.41728223997317,4.00000001225797));
#14786=CARTESIAN_POINT('Ctrl Pts',(27.4896116295759,8.43425147816585,4.00000000614669));
#14787=CARTESIAN_POINT('Ctrl Pts',(27.4801023261192,8.45039964384346,4.00000000761808));
#14788=CARTESIAN_POINT('Ctrl Pts',(27.4685024572548,8.46490273907881,4.00000000310309));
#14789=CARTESIAN_POINT('Ctrl Pts',(27.4638436729252,8.47072752844522,4.00000000128977));
#14790=CARTESIAN_POINT('Ctrl Pts',(27.4588486256297,8.47628909084007,3.99999998763501));
#14791=CARTESIAN_POINT('Ctrl Pts',(27.4535684432459,8.48156924222212,4.00000001469741));
#14792=CARTESIAN_POINT('Ctrl Pts',(27.4351411780825,8.49999639919247,4.00000010914227));
#14793=CARTESIAN_POINT('Ctrl Pts',(27.4130233343703,8.51468977184502,4.00000068173595));
#14794=CARTESIAN_POINT('Ctrl Pts',(27.3892630435232,8.52463116862737,4.00000052326173));
#14795=CARTESIAN_POINT('Ctrl Pts',(27.3655027526761,8.53457256540972,4.0000003647875));
#14796=CARTESIAN_POINT('Ctrl Pts',(27.3400037402,8.539595597545,4.00000000000017));
#14797=CARTESIAN_POINT('Ctrl Pts',(27.31215501529,8.540147399677,4.00000000000012));
#14798=CARTESIAN_POINT('',(21.03064212916,8.540147399676,4.));
#14799=CARTESIAN_POINT('',(21.03064212916,8.540147399676,4.));
#14800=CARTESIAN_POINT('',(16.7073508280781,24.4642703587179,4.00000000000015));
#14801=CARTESIAN_POINT('',(21.03064212916,8.540147399676,4.));
#14802=CARTESIAN_POINT('',(16.51115871843,24.61845818523,4.));
#14803=CARTESIAN_POINT('Ctrl Pts',(16.7073508270053,24.4642703626757,4.00000000000046));
#14804=CARTESIAN_POINT('Ctrl Pts',(16.6988859044378,24.4958375839523,4.00000000000041));
#14805=CARTESIAN_POINT('Ctrl Pts',(16.6844280056958,24.5221121294959,3.99999983077569));
#14806=CARTESIAN_POINT('Ctrl Pts',(16.6652652204653,24.5449099276629,3.99999999246534));
#14807=CARTESIAN_POINT('Ctrl Pts',(16.6518360437274,24.5608865018997,4.00000010577658));
#14808=CARTESIAN_POINT('Ctrl Pts',(16.6358568689285,24.5750886828633,4.00000041578998));
#14809=CARTESIAN_POINT('Ctrl Pts',(16.6184509796888,24.5863798181605,4.00000030254482));
#14810=CARTESIAN_POINT('Ctrl Pts',(16.6110195074314,24.5912005864396,4.00000025419462));
#14811=CARTESIAN_POINT('Ctrl Pts',(16.6033330205186,24.5954996890239,4.00000012816551));
#14812=CARTESIAN_POINT('Ctrl Pts',(16.5955199161079,24.5992723781487,4.00000004741592));
#14813=CARTESIAN_POINT('Ctrl Pts',(16.5694070690242,24.6118814063956,3.99999977753578));
#14814=CARTESIAN_POINT('Ctrl Pts',(16.54171884716,24.61844135607,3.99999999999994));
#14815=CARTESIAN_POINT('Ctrl Pts',(16.51115871843,24.61845818523,3.99999999999951));
#14816=CARTESIAN_POINT('',(1.7,24.61845818523,4.));
#14817=CARTESIAN_POINT('',(1.7,24.61845818523,4.));
#14818=CARTESIAN_POINT('Origin',(1.69378379937039,24.4332768881686,3.99999947672452));
#14819=CARTESIAN_POINT('',(1.7,62.50985260032,4.));
#14820=CARTESIAN_POINT('Origin',(1.7000405166016,62.7100066911421,3.99999909547916));
#14821=CARTESIAN_POINT('',(28.6978212715622,62.50985260032,4.00000000000014));
#14822=CARTESIAN_POINT('',(28.69782127172,62.50985260032,4.));
#14823=CARTESIAN_POINT('Ctrl Pts',(28.6978212723467,62.50985260032,4.00000000000043));
#14824=CARTESIAN_POINT('Ctrl Pts',(28.7257040065761,62.5104069265631,4.00000000000011));
#14825=CARTESIAN_POINT('Ctrl Pts',(28.7512305640137,62.51543182914,4.00000032835094));
#14826=CARTESIAN_POINT('Ctrl Pts',(28.7750096860878,62.525378876083,4.0000004877291));
#14827=CARTESIAN_POINT('Ctrl Pts',(28.798788808162,62.535325923026,4.00000064710726));
#14828=CARTESIAN_POINT('Ctrl Pts',(28.8209238284009,62.5500164722532,4.00000013606971));
#14829=CARTESIAN_POINT('Ctrl Pts',(28.8393577407143,62.5684423187775,4.00000002166648));
#14830=CARTESIAN_POINT('Ctrl Pts',(28.8446289708912,62.5737112425189,3.99999998895255));
#14831=CARTESIAN_POINT('Ctrl Pts',(28.8496155813034,62.5792601984703,3.99999999845143));
#14832=CARTESIAN_POINT('Ctrl Pts',(28.8542669970063,62.5850708658055,3.99999999921527));
#14833=CARTESIAN_POINT('Ctrl Pts',(28.8658819529706,62.5995805655466,4.00000000112265));
#14834=CARTESIAN_POINT('Ctrl Pts',(28.8754007357261,62.6157351082254,4.00000001231898));
#14835=CARTESIAN_POINT('Ctrl Pts',(28.8824690717637,62.632709797406,4.00000001808962));
#14836=CARTESIAN_POINT('Ctrl Pts',(28.8923680486871,62.6564823027859,4.00000002617123));
#14837=CARTESIAN_POINT('Ctrl Pts',(28.89738756068,62.68195818689,3.99999999999969));
#14838=CARTESIAN_POINT('Ctrl Pts',(28.8979356059,62.70978408369,3.9999999999999));
#14839=CARTESIAN_POINT('Origin',(28.8979356059,53.1,4.1));
#14840=CARTESIAN_POINT('',(28.79803078374,62.70978408388,4.095638061263));
#14841=CARTESIAN_POINT('',(28.79803078374,62.70978408385,4.095638061263));
#14842=CARTESIAN_POINT('Origin',(28.8979356059,62.70978408388,4.1));
#14843=CARTESIAN_POINT('Origin',(28.80201112062,62.65,4.004473358565));
#14844=CARTESIAN_POINT('',(28.60117564793,62.74913112106,8.604361938737));
#14845=CARTESIAN_POINT('',(28.79803078374,62.70978408385,4.095638061263));
#14846=CARTESIAN_POINT('',(28.60124705398,85.49985545455,8.602180969368));
#14847=CARTESIAN_POINT('Origin',(28.73817984072,62.70177818926,3.173891465366));
#14848=CARTESIAN_POINT('',(28.50127082577,62.64913492875,8.60087265355));
#14849=CARTESIAN_POINT('',(28.69782127084,62.60984879263,4.09912734644));
#14850=CARTESIAN_POINT('',(28.50127082577,62.64913492875,8.60087265355));
#14851=CARTESIAN_POINT('Origin',(28.50127082577,62.74913112106,8.6));
#14852=CARTESIAN_POINT('Origin',(28.6977297523248,62.70987705217,4.10000068525464));
#14853=CARTESIAN_POINT('Origin',(66.594,62.60898528316,4.000178961598));
#14854=CARTESIAN_POINT('',(1.7,62.60984879263,4.09912734645));
#14855=CARTESIAN_POINT('',(1.7,62.60984879263,4.09912734645));
#14856=CARTESIAN_POINT('',(1.7,62.64913492875,8.60087265355));
#14857=CARTESIAN_POINT('',(1.7,62.64913492875,8.60087265355));
#14858=CARTESIAN_POINT('',(28.50127082577,62.64913492875,8.60087265355));
#14859=CARTESIAN_POINT('Origin',(50.3455,62.50985260032,4.1));
#14860=CARTESIAN_POINT('Origin',(1.7,62.50985260032,4.1));
#14861=CARTESIAN_POINT('Origin',(28.69782127062,62.50985260032,4.1));
#14862=CARTESIAN_POINT('Ctrl Pts',(1.70002590589524,62.509749111731,4.00000005721842));
#14863=CARTESIAN_POINT('Ctrl Pts',(1.65510593793628,62.5097430813259,4.00000005721866));
#14864=CARTESIAN_POINT('Ctrl Pts',(1.55013376794876,62.5463173793986,4.00000005575835));
#14865=CARTESIAN_POINT('Ctrl Pts',(1.49989610870321,62.649997763818,4.00000005055238));
#14866=CARTESIAN_POINT('Ctrl Pts',(1.49989593199877,62.7098638690524,4.00000005789238));
#14867=CARTESIAN_POINT('Ctrl Pts',(1.70002203279725,62.5395380386264,3.99996711533125));
#14868=CARTESIAN_POINT('Ctrl Pts',(1.66181789424893,62.539532897907,3.99996711526789));
#14869=CARTESIAN_POINT('Ctrl Pts',(1.57247618056379,62.5707112723717,3.9999674994977));
#14870=CARTESIAN_POINT('Ctrl Pts',(1.52980062558126,62.6589973885417,3.99996889437812));
#14871=CARTESIAN_POINT('Ctrl Pts',(1.52985129623522,62.7098633569499,3.9999667262709));
#14872=CARTESIAN_POINT('Ctrl Pts',(1.70001537800447,62.5911077037638,4.02479270625649));
#14873=CARTESIAN_POINT('Ctrl Pts',(1.67335042323806,62.5911041081546,4.02479269743224));
#14874=CARTESIAN_POINT('Ctrl Pts',(1.61106451496073,62.6129114243653,4.02484621632165));
#14875=CARTESIAN_POINT('Ctrl Pts',(1.58156502821854,62.6744543386286,4.02499847727447));
#14876=CARTESIAN_POINT('Ctrl Pts',(1.58169674805357,62.7098623644108,4.02508746285896));
#14877=CARTESIAN_POINT('Ctrl Pts',(1.70001296114524,62.6096540584133,4.07681291500348));
#14878=CARTESIAN_POINT('Ctrl Pts',(1.67753876596387,62.6096510300082,4.07681289254181));
#14879=CARTESIAN_POINT('Ctrl Pts',(1.62498066036392,62.6280182569137,4.0769491220993));
#14880=CARTESIAN_POINT('Ctrl Pts',(1.59994088622225,62.6799666544689,4.07733576039613));
#14881=CARTESIAN_POINT('Ctrl Pts',(1.60000000335365,62.7098620634418,4.07756006565266));
#14882=CARTESIAN_POINT('Ctrl Pts',(1.70001294621987,62.6098487934991,4.09912734645758));
#14883=CARTESIAN_POINT('Ctrl Pts',(1.67756462794142,62.6098457796125,4.0991273201598));
#14884=CARTESIAN_POINT('Ctrl Pts',(1.62510569398969,62.6281249474661,4.09928681574713));
#14885=CARTESIAN_POINT('Ctrl Pts',(1.60000000029519,62.6799423445142,4.09973895045338));
#14886=CARTESIAN_POINT('Ctrl Pts',(1.6000000002602,62.7098620417738,4.10000001593086));
#14887=CARTESIAN_POINT('',(1.62931051698504,62.6391623225025,4.09938277827216));
#14888=CARTESIAN_POINT('Origin',(1.67729933095721,62.6986396780807,4.09990197353545));
#14889=CARTESIAN_POINT('Origin',(1.692096563944,62.6853758702404,4.09978473306851));
#14890=CARTESIAN_POINT('Origin',(1.7,62.68920529721,1.733180737035));
#14891=CARTESIAN_POINT('Origin',(1.7,62.74913112106,8.6));
#14892=CARTESIAN_POINT('Origin',(1.7,62.74913112106,8.6));
#14893=CARTESIAN_POINT('',(1.7,62.74913112106,8.7));
#14894=CARTESIAN_POINT('Origin',(1.7,62.74913112106,8.6));
#14895=CARTESIAN_POINT('Origin',(1.7,62.74913112106,8.6));
#14896=CARTESIAN_POINT('Origin',(50.3455,62.74913112106,8.6));
#14897=CARTESIAN_POINT('',(28.50127082577,62.74913112106,8.7));
#14898=CARTESIAN_POINT('',(1.7,62.74913112106,8.7));
#14899=CARTESIAN_POINT('Origin',(28.50127082577,62.74913112106,8.6));
#14900=CARTESIAN_POINT('Origin',(28.50127082577,62.74913112106,8.6));
#14901=CARTESIAN_POINT('Origin',(28.50127082577,62.74913112106,8.6));
#14902=CARTESIAN_POINT('Origin',(28.50127082577,68.3625,8.6));
#14903=CARTESIAN_POINT('',(28.50127082577,62.74913112106,8.7));
#14904=CARTESIAN_POINT('Origin',(34.097,74.075,8.7));
#14905=CARTESIAN_POINT('',(1.7,85.4,8.7));
#14906=CARTESIAN_POINT('Origin',(1.7,37.8375,8.6));
#14907=CARTESIAN_POINT('Ctrl Pts',(28.89830814856,62.70978408369,4.000000739818));
#14908=CARTESIAN_POINT('Ctrl Pts',(28.89830766201,62.66482937824,4.000000719499));
#14909=CARTESIAN_POINT('Ctrl Pts',(28.86166126892,62.55977861091,4.000000680552));
#14910=CARTESIAN_POINT('Ctrl Pts',(28.75781798847,62.50947479282,4.000000632274));
#14911=CARTESIAN_POINT('Ctrl Pts',(28.69782127235,62.50947154092,4.000000776109));
#14912=CARTESIAN_POINT('Ctrl Pts',(28.86909288313,62.70978408372,3.99988467955));
#14913=CARTESIAN_POINT('Ctrl Pts',(28.869130561,62.67141544529,3.999886420469));
#14914=CARTESIAN_POINT('Ctrl Pts',(28.83770894161,62.58164112079,3.999889188385));
#14915=CARTESIAN_POINT('Ctrl Pts',(28.74884886496,62.53910300592,3.999891310321));
#14916=CARTESIAN_POINT('Ctrl Pts',(28.69782127209,62.53935481226,3.999879021415));
#14917=CARTESIAN_POINT('Ctrl Pts',(28.8184885253,62.70978408376,4.023547518203));
#14918=CARTESIAN_POINT('Ctrl Pts',(28.81858769671,62.6827455345,4.023483278444));
#14919=CARTESIAN_POINT('Ctrl Pts',(28.79625818188,62.61943077234,4.023592667731));
#14920=CARTESIAN_POINT('Ctrl Pts',(28.73344268602,62.59041132509,4.024263151698));
#14921=CARTESIAN_POINT('Ctrl Pts',(28.69782127164,62.59107082229,4.024703660098));
#14922=CARTESIAN_POINT('Ctrl Pts',(28.79898241115,62.70978408378,4.073842210197));
#14923=CARTESIAN_POINT('Ctrl Pts',(28.7990327395,62.68714957468,4.073676237908));
#14924=CARTESIAN_POINT('Ctrl Pts',(28.78041824955,62.63415846085,4.073962918));
#14925=CARTESIAN_POINT('Ctrl Pts',(28.72785386628,62.60935043063,4.07569456647));
#14926=CARTESIAN_POINT('Ctrl Pts',(28.69782127148,62.60965405753,4.076812914965));
#14927=CARTESIAN_POINT('Ctrl Pts',(28.79803078374,62.70978408378,4.095638061263));
#14928=CARTESIAN_POINT('Ctrl Pts',(28.7980393152,62.68734701619,4.095442658197));
#14929=CARTESIAN_POINT('Ctrl Pts',(28.77973457168,62.63492200255,4.095783004964));
#14930=CARTESIAN_POINT('Ctrl Pts',(28.72781940929,62.60983740719,4.097822672935));
#14931=CARTESIAN_POINT('Ctrl Pts',(28.69782127148,62.60984879263,4.099127346412));
#14932=CARTESIAN_POINT('Ctrl Pts',(1.49988261959508,24.411402950439,4.00000007155628));
#14933=CARTESIAN_POINT('Ctrl Pts',(1.49989930392567,24.4733049373637,3.99999982700262));
#14934=CARTESIAN_POINT('Ctrl Pts',(1.55003300713724,24.5806892321755,4.00000005116821));
#14935=CARTESIAN_POINT('Ctrl Pts',(1.65504376924431,24.6185643026493,4.00000005020493));
#14936=CARTESIAN_POINT('Ctrl Pts',(1.70003427395319,24.6185560396221,4.00000005020514));
#14937=CARTESIAN_POINT('Ctrl Pts',(1.52984222112168,24.411402617272,3.99996301466048));
#14938=CARTESIAN_POINT('Ctrl Pts',(1.52835190479972,24.4646210048602,4.00002726232948));
#14939=CARTESIAN_POINT('Ctrl Pts',(1.5693853989164,24.5595195215266,3.99997321401815));
#14940=CARTESIAN_POINT('Ctrl Pts',(1.66086292098267,24.5935972565763,3.99997443166544));
#14941=CARTESIAN_POINT('Ctrl Pts',(1.70002983752448,24.5935898220165,3.99997443140048));
#14942=CARTESIAN_POINT('Ctrl Pts',(1.58170993977682,24.4114031080622,4.02507068973214));
#14943=CARTESIAN_POINT('Ctrl Pts',(1.57781806789041,24.4497069435306,4.0224353526952));
#14944=CARTESIAN_POINT('Ctrl Pts',(1.60307022404045,24.52270534397,4.01837894726247));
#14945=CARTESIAN_POINT('Ctrl Pts',(1.67095292430206,24.5501388583355,4.01707986815914));
#14946=CARTESIAN_POINT('Ctrl Pts',(1.70002214505574,24.5501328733507,4.0170801515776));
#14947=CARTESIAN_POINT('Ctrl Pts',(1.59999988665,24.41140274458,4.077559911722));
#14948=CARTESIAN_POINT('Ctrl Pts',(1.598255497932,24.44438673219,4.070915645905));
#14949=CARTESIAN_POINT('Ctrl Pts',(1.62129027388437,24.5046431910841,4.05983980638693));
#14950=CARTESIAN_POINT('Ctrl Pts',(1.67641624645783,24.5267103198512,4.0560544992647));
#14951=CARTESIAN_POINT('Ctrl Pts',(1.70001797990163,24.5267055055963,4.05605532509156));
#14952=CARTESIAN_POINT('Ctrl Pts',(1.600000024178,24.41140294914,4.100000000001));
#14953=CARTESIAN_POINT('Ctrl Pts',(1.60000541325,24.44440910824,4.092266506089));
#14954=CARTESIAN_POINT('Ctrl Pts',(1.6250544303645,24.5016718384973,4.07884958670351));
#14955=CARTESIAN_POINT('Ctrl Pts',(1.67753328893247,24.5218700074617,4.07411706341078));
#14956=CARTESIAN_POINT('Ctrl Pts',(1.70001712828213,24.5218656009216,4.07411809588327));
#14957=CARTESIAN_POINT('',(1.7,24.5218656026,4.07411809549));
#14958=CARTESIAN_POINT('Origin',(1.7,24.61845818523,4.09999999999999));
#14959=CARTESIAN_POINT('',(1.62928937704667,24.4895118964535,4.08169873401597));
#14960=CARTESIAN_POINT('Ctrl Pts',(1.629298317785,24.48950326035,4.081696419979));
#14961=CARTESIAN_POINT('Ctrl Pts',(1.635591732177,24.49646728371,4.080022216954));
#14962=CARTESIAN_POINT('Ctrl Pts',(1.649769509749,24.50840601997,4.07729543807));
#14963=CARTESIAN_POINT('Ctrl Pts',(1.674247863624,24.51943643603,4.074680177444));
#14964=CARTESIAN_POINT('Ctrl Pts',(1.691457976378,24.52186480077,4.074121087972));
#14965=CARTESIAN_POINT('Ctrl Pts',(1.7,24.5218656026,4.07411809549));
#14966=CARTESIAN_POINT('Ctrl Pts',(1.6,24.41140294915,4.1));
#14967=CARTESIAN_POINT('Ctrl Pts',(1.60000000000048,24.4213001443056,4.09758719306438));
#14968=CARTESIAN_POINT('Ctrl Pts',(1.60120389570272,24.4310691956784,4.09537211262226));
#14969=CARTESIAN_POINT('Ctrl Pts',(1.60351753771391,24.4404427565516,4.0931965459903));
#14970=CARTESIAN_POINT('Ctrl Pts',(1.60583117972511,24.4498163174247,4.09102097935835));
#14971=CARTESIAN_POINT('Ctrl Pts',(1.60925521825887,24.4587935440596,4.08888470045752));
#14972=CARTESIAN_POINT('Ctrl Pts',(1.61361608981874,24.4670507013101,4.08696069676198));
#14973=CARTESIAN_POINT('Ctrl Pts',(1.61797696137861,24.4753078585606,4.08503669306643));
#14974=CARTESIAN_POINT('Ctrl Pts',(1.62327354278994,24.482847897236,4.08332575524314));
#14975=CARTESIAN_POINT('Ctrl Pts',(1.62928937704667,24.4895118964535,4.08169873401597));
#14976=CARTESIAN_POINT('Origin',(1.7,23.86189050056,6.150808377509));
#14977=CARTESIAN_POINT('',(1.7,23.30222416584,8.62588190451));
#14978=CARTESIAN_POINT('',(1.7,24.5218656026,4.07411809549));
#14979=CARTESIAN_POINT('Origin',(1.7,23.20563158321,8.6));
#14980=CARTESIAN_POINT('Origin',(1.7,23.20563158321,8.6));
#14981=CARTESIAN_POINT('',(1.7,23.20563158321,8.7));
#14982=CARTESIAN_POINT('Origin',(1.7,23.20563158321,8.6));
#14983=CARTESIAN_POINT('Origin',(1.7,23.20563158321,8.6));
#14984=CARTESIAN_POINT('Origin',(15.39322191518,23.20563158321,8.6));
#14985=CARTESIAN_POINT('',(16.80112252618,23.20563158321,8.7));
#14986=CARTESIAN_POINT('',(16.80112252618,23.30222416584,8.62588190451));
#14987=CARTESIAN_POINT('Origin',(16.80112252618,23.20563158321,8.6));
#14988=CARTESIAN_POINT('',(16.80112252618,23.20563158321,8.7));
#14989=CARTESIAN_POINT('',(1.7,23.30222416584,8.62588190451));
#14990=CARTESIAN_POINT('Origin',(16.80112252618,23.20563158321,8.6));
#14991=CARTESIAN_POINT('',(16.89762540172,23.23183145892,8.60087265355));
#14992=CARTESIAN_POINT('Origin',(16.80112252618,23.20563158321,8.6));
#14993=CARTESIAN_POINT('Origin',(16.80112252618,23.20563158321,8.6));
#14994=CARTESIAN_POINT('Origin',(18.21334732285,18.00393691548,8.6));
#14995=CARTESIAN_POINT('',(20.80759403869,8.448461512126,8.7));
#14996=CARTESIAN_POINT('',(20.90409691424,8.474661387807,8.60087265355));
#14997=CARTESIAN_POINT('Origin',(20.80759403869,8.448461512126,8.60000000000001));
#14998=CARTESIAN_POINT('',(16.80112252618,23.20563158321,8.7));
#14999=CARTESIAN_POINT('',(16.89762540172,23.23183145892,8.60087265355));
#15000=CARTESIAN_POINT('Ctrl Pts',(20.8074283815,8.448416537063,8.699999842624));
#15001=CARTESIAN_POINT('Ctrl Pts',(20.82047199953,8.400373255154,8.699999850402));
#15002=CARTESIAN_POINT('Ctrl Pts',(20.87605200359,8.32564436878,8.699999849502));
#15003=CARTESIAN_POINT('Ctrl Pts',(20.96326294766,8.300697364796,8.699999848458));
#15004=CARTESIAN_POINT('Ctrl Pts',(21.0005997895,8.300697225049,8.699999842624));
#15005=CARTESIAN_POINT('Ctrl Pts',(20.83619899919,8.456227564528,8.700054512927));
#15006=CARTESIAN_POINT('Ctrl Pts',(20.84726053227,8.415361480028,8.700053103919));
#15007=CARTESIAN_POINT('Ctrl Pts',(20.89458669693,8.351691429697,8.70005320809));
#15008=CARTESIAN_POINT('Ctrl Pts',(20.96884728959,8.330485187767,8.700053456171));
#15009=CARTESIAN_POINT('Ctrl Pts',(21.00059978954,8.330509313071,8.700054512927));
#15010=CARTESIAN_POINT('Ctrl Pts',(20.88601195706,8.469751444561,8.675238026533));
#15011=CARTESIAN_POINT('Ctrl Pts',(20.89367189727,8.441217401851,8.675294172382));
#15012=CARTESIAN_POINT('Ctrl Pts',(20.92661813961,8.396778820407,8.675341225414));
#15013=CARTESIAN_POINT('Ctrl Pts',(20.97844164601,8.38206258669,8.67528013592));
#15014=CARTESIAN_POINT('Ctrl Pts',(21.00059978961,8.382125454954,8.675238026533));
#15015=CARTESIAN_POINT('Ctrl Pts',(20.90390898214,8.474610365422,8.623187085004));
#15016=CARTESIAN_POINT('Ctrl Pts',(20.91039561721,8.450570527014,8.623329333569));
#15017=CARTESIAN_POINT('Ctrl Pts',(20.93822789078,8.413094870597,8.623449306407));
#15018=CARTESIAN_POINT('Ctrl Pts',(20.98192510933,8.400641371239,8.623293771428));
#15019=CARTESIAN_POINT('Ctrl Pts',(21.00059978964,8.400670336154,8.623187085004));
#15020=CARTESIAN_POINT('Ctrl Pts',(20.90409691426,8.474661387717,8.600872653551));
#15021=CARTESIAN_POINT('Ctrl Pts',(20.91061190963,8.450658960913,8.601038601761));
#15022=CARTESIAN_POINT('Ctrl Pts',(20.93837721164,8.41332512965,8.601179083874));
#15023=CARTESIAN_POINT('Ctrl Pts',(20.98194661483,8.400863985117,8.600997114708));
#15024=CARTESIAN_POINT('Ctrl Pts',(21.00059978964,8.400865071247,8.600872653551));
#15025=CARTESIAN_POINT('',(21.00059978974,8.400865071247,8.60087265355));
#15026=CARTESIAN_POINT('Origin',(21.0005850880192,8.50084203818232,8.59999852183254));
#15027=CARTESIAN_POINT('',(21.00059978978,8.30086887894,8.7));
#15028=CARTESIAN_POINT('Origin',(21.00059978978,8.30086887894,8.6));
#15029=CARTESIAN_POINT('Ctrl Pts',(20.8075940387555,8.44846151188372,8.70000000000019));
#15030=CARTESIAN_POINT('Ctrl Pts',(20.8163359900633,8.418832590283,8.69999999999978));
#15031=CARTESIAN_POINT('Ctrl Pts',(20.8294362593372,8.39363917515418,8.69999986232153));
#15032=CARTESIAN_POINT('Ctrl Pts',(20.8478620430289,8.37183965485612,8.6999999255404));
#15033=CARTESIAN_POINT('Ctrl Pts',(20.8610243986744,8.35626728931293,8.69999997070045));
#15034=CARTESIAN_POINT('Ctrl Pts',(20.8769293780237,8.34237380897429,8.70000000005982));
#15035=CARTESIAN_POINT('Ctrl Pts',(20.8944307410117,8.33140000621181,8.69999999175148));
#15036=CARTESIAN_POINT('Ctrl Pts',(20.9014292728304,8.3270117475454,8.6999999884291));
#15037=CARTESIAN_POINT('Ctrl Pts',(20.9086773163524,8.32308189976912,8.69999999481393));
#15038=CARTESIAN_POINT('Ctrl Pts',(20.9160623502224,8.31961912696353,8.69999999900689));
#15039=CARTESIAN_POINT('Ctrl Pts',(20.9419152801863,8.30749693166979,8.70000001368528));
#15040=CARTESIAN_POINT('Ctrl Pts',(20.9697041209403,8.30154593522778,8.70000000000024));
#15041=CARTESIAN_POINT('Ctrl Pts',(21.0005997895002,8.30086887894,8.70000000000019));
#15042=CARTESIAN_POINT('Origin',(12.93794383036,10.93209567072,8.7));
#15043=CARTESIAN_POINT('',(7.128402026118,1.7,8.7));
#15044=CARTESIAN_POINT('',(27.27286887894,1.7,8.7));
#15045=CARTESIAN_POINT('',(7.128402026118,1.7,8.7));
#15046=CARTESIAN_POINT('',(7.128402026118,6.038409641505,8.7));
#15047=CARTESIAN_POINT('',(7.128402026118,6.038409641502,8.7));
#15048=CARTESIAN_POINT('',(6.928409641505,6.238402026118,8.7));
#15049=CARTESIAN_POINT('Ctrl Pts',(7.128402026118,6.038409641505,8.70000000000017));
#15050=CARTESIAN_POINT('Ctrl Pts',(7.12840335098058,6.066264221395,8.70000000000031));
#15051=CARTESIAN_POINT('Ctrl Pts',(7.12297748907995,6.09174396322923,8.69999918959828));
#15052=CARTESIAN_POINT('Ctrl Pts',(7.11292945478348,6.11553686548484,8.69999934709888));
#15053=CARTESIAN_POINT('Ctrl Pts',(7.10288142048701,6.13932976774046,8.69999950459948));
#15054=CARTESIAN_POINT('Ctrl Pts',(7.08821121009673,6.1614358301458,8.69999993324365));
#15055=CARTESIAN_POINT('Ctrl Pts',(7.06982306969426,6.17982386866795,8.69999999382323));
#15056=CARTESIAN_POINT('Ctrl Pts',(7.06454606581221,6.18510084331252,8.70000001120827));
#15057=CARTESIAN_POINT('Ctrl Pts',(7.05897796962424,6.19008783250167,8.69999999036821));
#15058=CARTESIAN_POINT('Ctrl Pts',(7.05314328049886,6.1947386689813,8.69999997745636));
#15059=CARTESIAN_POINT('Ctrl Pts',(7.03864653056521,6.2062940427088,8.69999994537586));
#15060=CARTESIAN_POINT('Ctrl Pts',(7.02250084166019,6.21576544429744,8.70000003703831));
#15061=CARTESIAN_POINT('Ctrl Pts',(7.00553608592178,6.22292978355556,8.6999999921166));
#15062=CARTESIAN_POINT('Ctrl Pts',(6.9817433117465,6.2329776444686,8.6999999291147));
#15063=CARTESIAN_POINT('Ctrl Pts',(6.956263832629,6.23840335096258,8.70000000000032));
#15064=CARTESIAN_POINT('Ctrl Pts',(6.928409641505,6.238402026118,8.70000000000017));
#15065=CARTESIAN_POINT('',(1.7,6.238402026118,8.7));
#15066=CARTESIAN_POINT('',(1.7,6.238402026118,8.7));
#15067=CARTESIAN_POINT('',(1.7,23.20563158321,8.7));
#15068=CARTESIAN_POINT('',(27.27286887894,8.30086887894,8.7));
#15069=CARTESIAN_POINT('',(27.27286887894,8.30086887894,8.7));
#15070=CARTESIAN_POINT('',(27.27286887894,1.7,8.7));
#15071=CARTESIAN_POINT('Origin',(39.76597191518,1.7,8.6));
#15072=CARTESIAN_POINT('Origin',(7.128402026118,1.7,8.6));
#15073=CARTESIAN_POINT('Origin',(27.27286887894,1.7,8.6));
#15074=CARTESIAN_POINT('Origin',(7.128402026118,1.7,8.6));
#15075=CARTESIAN_POINT('',(7.028405833811,1.7,8.60087265355));
#15076=CARTESIAN_POINT('Origin',(7.128402026118,1.7,8.6));
#15077=CARTESIAN_POINT('Origin',(7.128402026118,1.7,8.6));
#15078=CARTESIAN_POINT('Origin',(7.128402026118,6.26604783536,8.6));
#15079=CARTESIAN_POINT('',(7.028405833811,6.038409641938,8.600872653554));
#15080=CARTESIAN_POINT('',(7.028405833811,1.7,8.60087265355));
#15081=CARTESIAN_POINT('Origin',(7.128402026118,6.038409641505,8.6));
#15082=CARTESIAN_POINT('Ctrl Pts',(6.928409641446,6.138405833811,8.600872653549));
#15083=CARTESIAN_POINT('Ctrl Pts',(6.950851064179,6.138407542534,8.601068452144));
#15084=CARTESIAN_POINT('Ctrl Pts',(7.003328904879,6.120167347622,8.601367148559));
#15085=CARTESIAN_POINT('Ctrl Pts',(7.028408112117,6.068331538398,8.601133718342));
#15086=CARTESIAN_POINT('Ctrl Pts',(7.028405833811,6.038409641417,8.600872653549));
#15087=CARTESIAN_POINT('Ctrl Pts',(6.928409641446,6.138665480602,8.63062522882));
#15088=CARTESIAN_POINT('Ctrl Pts',(6.950839389606,6.138726879775,8.630783030587));
#15089=CARTESIAN_POINT('Ctrl Pts',(7.003604097933,6.120517346578,8.631023811339));
#15090=CARTESIAN_POINT('Ctrl Pts',(7.028747346176,6.0683159723,8.630835631176));
#15091=CARTESIAN_POINT('Ctrl Pts',(7.028665480602,6.038409641417,8.63062522882));
#15092=CARTESIAN_POINT('Ctrl Pts',(6.928409641431,6.163996507945,8.682091285834));
#15093=CARTESIAN_POINT('Ctrl Pts',(6.956615936162,6.164089704844,8.682138343008));
#15094=CARTESIAN_POINT('Ctrl Pts',(7.022678433449,6.141288767582,8.682209472367));
#15095=CARTESIAN_POINT('Ctrl Pts',(7.054120770489,6.076018034374,8.682154028733));
#15096=CARTESIAN_POINT('Ctrl Pts',(7.053996507945,6.038409641395,8.682091285834));
#15097=CARTESIAN_POINT('Ctrl Pts',(6.928409641401,6.216390116389,8.700104660627));
#15098=CARTESIAN_POINT('Ctrl Pts',(6.968359835091,6.216417469367,8.700103889421));
#15099=CARTESIAN_POINT('Ctrl Pts',(7.0618034595,6.183979719996,8.700103849343));
#15100=CARTESIAN_POINT('Ctrl Pts',(7.106426587044,6.091676566276,8.700103632352));
#15101=CARTESIAN_POINT('Ctrl Pts',(7.106390116388,6.038409641349,8.700104660627));
#15102=CARTESIAN_POINT('Ctrl Pts',(6.928409641388,6.238855910369,8.699998932241));
#15103=CARTESIAN_POINT('Ctrl Pts',(6.97339071062,6.23885534634,8.69999894518));
#15104=CARTESIAN_POINT('Ctrl Pts',(7.078578448605,6.202286276535,8.699998941753));
#15105=CARTESIAN_POINT('Ctrl Pts',(7.12885515835,6.098384400314,8.699998949493));
#15106=CARTESIAN_POINT('Ctrl Pts',(7.128855910369,6.038409641329,8.699998932241));
#15107=CARTESIAN_POINT('',(6.928409641505,6.138405833811,8.60087265355));
#15108=CARTESIAN_POINT('Origin',(6.928409641505,6.238402026118,8.6));
#15109=CARTESIAN_POINT('Origin',(6.9284312764228,6.0384312764228,8.59999744537624));
#15110=CARTESIAN_POINT('Origin',(9.963971915181,6.238402026118,8.6));
#15111=CARTESIAN_POINT('',(1.7,6.138405833811,8.60087265355));
#15112=CARTESIAN_POINT('Origin',(1.7,6.238402026118,8.6));
#15113=CARTESIAN_POINT('',(6.928409641786,6.138405833812,8.600872653552));
#15114=CARTESIAN_POINT('Origin',(1.7,6.238402026118,8.6));
#15115=CARTESIAN_POINT('Origin',(1.7,6.238402026118,8.6));
#15116=CARTESIAN_POINT('Origin',(1.7,6.238402026118,8.6));
#15117=CARTESIAN_POINT('Origin',(1.7,6.26604783536,8.6));
#15118=CARTESIAN_POINT('Origin',(1.7,6.20113452747,4.329567636188));
#15119=CARTESIAN_POINT('',(1.7,6.117301424938,6.182546929003));
#15120=CARTESIAN_POINT('',(1.7,6.138405833811,8.60087265355));
#15121=CARTESIAN_POINT('Origin',(1.7,6.217297617245,6.181674275453));
#15122=CARTESIAN_POINT('Origin',(1.7,4.11737757881,6.2));
#15123=CARTESIAN_POINT('',(1.7,4.11737757881,4.2));
#15124=CARTESIAN_POINT('Origin',(1.7,4.11737757881,4.1));
#15125=CARTESIAN_POINT('Origin',(1.7,4.11737757881,6.2));
#15126=CARTESIAN_POINT('Origin',(1.7,2.6,4.1));
#15127=CARTESIAN_POINT('',(1.7,4.11737757881,4.2));
#15128=CARTESIAN_POINT('Origin',(4.045,3.6,4.2));
#15129=CARTESIAN_POINT('',(6.89086867211879,4.11737757881005,4.20000000000053));
#15130=CARTESIAN_POINT('',(6.890868671308,4.11737757881,4.200000000001));
#15131=CARTESIAN_POINT('',(6.89086887894,1.7,4.2));
#15132=CARTESIAN_POINT('Origin',(6.89086887894,2.6,4.3));
#15133=CARTESIAN_POINT('',(6.990865071247,1.7,4.29912734645));
#15134=CARTESIAN_POINT('Origin',(6.89086887894,1.7,4.3));
#15135=CARTESIAN_POINT('',(6.990865071247,4.11737757881,4.29912734645));
#15136=CARTESIAN_POINT('Origin',(6.89086887894,4.11737757881,4.3));
#15137=CARTESIAN_POINT('',(6.990865071247,4.11737757881,4.29912734645));
#15138=CARTESIAN_POINT('Origin',(6.89086887894,1.7,4.3));
#15139=CARTESIAN_POINT('Origin',(7.090861263553,1.7,4.2982546929));
#15140=CARTESIAN_POINT('Origin',(7.093575364893,1.7,4.609259901752));
#15141=CARTESIAN_POINT('',(6.990865071247,1.7,4.29912734645));
#15142=CARTESIAN_POINT('Origin',(7.029269409743,1.6,8.699828653789));
#15143=CARTESIAN_POINT('',(7.007301424938,6.017305232632,6.182546928995));
#15144=CARTESIAN_POINT('Ctrl Pts',(6.99086507124668,4.11737757881,4.29912734645));
#15145=CARTESIAN_POINT('Ctrl Pts',(6.99086812103222,4.286597858999,4.29947681725791));
#15146=CARTESIAN_POINT('Ctrl Pts',(6.99105508168242,4.44926506088199,4.3211428770432));
#15147=CARTESIAN_POINT('Ctrl Pts',(6.99142457521169,4.60773967618321,4.36349846716813));
#15148=CARTESIAN_POINT('Ctrl Pts',(6.99179406874096,4.76621429148433,4.40585405729304));
#15149=CARTESIAN_POINT('Ctrl Pts',(6.9923512323534,4.92048092157049,4.46940002350533));
#15150=CARTESIAN_POINT('Ctrl Pts',(6.99306548705857,5.06360606024676,4.55128047307727));
#15151=CARTESIAN_POINT('Ctrl Pts',(6.99347340154639,5.14534555347679,4.59804281346945));
#15152=CARTESIAN_POINT('Ctrl Pts',(6.99393377931495,5.22349685282867,4.65081322177294));
#15153=CARTESIAN_POINT('Ctrl Pts',(6.99444317979161,5.29710039123278,4.70915583091804));
#15154=CARTESIAN_POINT('Ctrl Pts',(6.99482573510012,5.3523760056699,4.75297062078119));
#15155=CARTESIAN_POINT('Ctrl Pts',(6.99523611697136,5.4050884410863,4.79992825943263));
#15156=CARTESIAN_POINT('Ctrl Pts',(6.99566766131856,5.4550958507417,4.84961254371738));
#15157=CARTESIAN_POINT('Ctrl Pts',(6.99667383864372,5.57169179739562,4.965455099849));
#15158=CARTESIAN_POINT('Ctrl Pts',(6.99778090116199,5.67337959690058,5.09629632635115));
#15159=CARTESIAN_POINT('Ctrl Pts',(6.99900877114712,5.75668326016523,5.23858552767559));
#15160=CARTESIAN_POINT('Ctrl Pts',(7.00023664113226,5.83998692342983,5.38087472899994));
#15161=CARTESIAN_POINT('Ctrl Pts',(7.00159629689806,5.90489630585699,5.53459986446158));
#15162=CARTESIAN_POINT('Ctrl Pts',(7.00299834783079,5.94864139848427,5.69271012576713));
#15163=CARTESIAN_POINT('Ctrl Pts',(7.00440039876352,5.99238649111157,5.85082038707277));
#15164=CARTESIAN_POINT('Ctrl Pts',(7.00582452930755,6.01547690411766,6.01331145231207));
#15165=CARTESIAN_POINT('Ctrl Pts',(7.00730142493792,6.01730523263198,6.1825469289928));
#15166=CARTESIAN_POINT('',(7.007301424938,6.017305232632,6.182546928995));
#15167=CARTESIAN_POINT('Origin',(6.929106511674,6.039106511674,8.68159871905));
#15168=CARTESIAN_POINT('',(6.907303390227,6.117301425008,6.182546945078));
#15169=CARTESIAN_POINT('Origin',(6.907305232632,6.017305232632,6.183419582553));
#15170=CARTESIAN_POINT('',(6.928409641786,6.138405833812,8.600872653552));
#15171=CARTESIAN_POINT('Origin',(6.99,6.139269409743,8.699828653789));
#15172=CARTESIAN_POINT('',(1.7,6.117301424938,6.182546929003));
#15173=CARTESIAN_POINT('Origin',(5.5175,4.11737757881,6.2));
#15174=CARTESIAN_POINT('',(6.8956732999635,5.5253438093817,4.77969113577234));
#15175=CARTESIAN_POINT('Ctrl Pts',(6.907303390227,6.117301425008,6.182546945078));
#15176=CARTESIAN_POINT('Ctrl Pts',(6.902987399859,6.112758283088,5.661952508824));
#15177=CARTESIAN_POINT('Ctrl Pts',(6.898722527726,5.891575804321,5.147551608704));
#15178=CARTESIAN_POINT('Ctrl Pts',(6.895673301123,5.525281675232,4.779754097563));
#15179=CARTESIAN_POINT('Origin',(6.90737169631633,4.11737172462655,6.19989733796934));
#15180=CARTESIAN_POINT('Ctrl Pts',(7.007300791837,6.016953812823,6.182550001312));
#15181=CARTESIAN_POINT('Ctrl Pts',(7.002368445574,6.012022033853,5.617356074453));
#15182=CARTESIAN_POINT('Ctrl Pts',(6.993856493479,5.532652414162,4.641985641576));
#15183=CARTESIAN_POINT('Ctrl Pts',(6.99086746897,4.541289593469,4.299476836255));
#15184=CARTESIAN_POINT('Ctrl Pts',(6.99086746897,4.11737757881,4.299476836255));
#15185=CARTESIAN_POINT('Ctrl Pts',(7.007411328316,6.046990573564,6.182286909835));
#15186=CARTESIAN_POINT('Ctrl Pts',(7.002398187395,6.041929707889,5.608117799235));
#15187=CARTESIAN_POINT('Ctrl Pts',(6.993754532837,5.554918961177,4.617464952026));
#15188=CARTESIAN_POINT('Ctrl Pts',(6.990718295957,4.547984623357,4.269604576908));
#15189=CARTESIAN_POINT('Ctrl Pts',(6.990718295957,4.11737757881,4.269604576908));
#15190=CARTESIAN_POINT('Ctrl Pts',(6.982314075171,6.098994472803,6.182052099092));
#15191=CARTESIAN_POINT('Ctrl Pts',(6.977257162969,6.093718149982,5.592470340787));
#15192=CARTESIAN_POINT('Ctrl Pts',(6.968529712537,5.593449995278,4.575206846563));
#15193=CARTESIAN_POINT('Ctrl Pts',(6.965466026579,4.559485564326,4.218092370076));
#15194=CARTESIAN_POINT('Ctrl Pts',(6.965466026579,4.11737757881,4.218092370076));
#15195=CARTESIAN_POINT('Ctrl Pts',(6.92973810531,6.117301503518,6.182351159593));
#15196=CARTESIAN_POINT('Ctrl Pts',(6.924768060933,6.112049558806,5.587276283877));
#15197=CARTESIAN_POINT('Ctrl Pts',(6.91619070637,5.607278211632,4.560521632741));
#15198=CARTESIAN_POINT('Ctrl Pts',(6.913179055686,4.56365787927,4.199998233496));
#15199=CARTESIAN_POINT('Ctrl Pts',(6.913179055686,4.11737757881,4.199998233496));
#15200=CARTESIAN_POINT('Ctrl Pts',(6.907297548388,6.117301425217,6.182546996049));
#15201=CARTESIAN_POINT('Ctrl Pts',(6.902364271953,6.112108509609,5.587495498553));
#15202=CARTESIAN_POINT('Ctrl Pts',(6.893850804625,5.607414831931,4.560601518225));
#15203=CARTESIAN_POINT('Ctrl Pts',(6.890861236726,4.563683210563,4.200000000302));
#15204=CARTESIAN_POINT('Ctrl Pts',(6.890861236726,4.11737757881,4.200000000302));
#15205=CARTESIAN_POINT('Origin',(27.27286887894,1.7,8.6));
#15206=CARTESIAN_POINT('',(27.37286507125,1.7,8.60087265355));
#15207=CARTESIAN_POINT('Origin',(27.27286887894,1.7,8.6));
#15208=CARTESIAN_POINT('Origin',(27.27286887894,1.7,8.6));
#15209=CARTESIAN_POINT('Origin',(27.33196357526,1.7,1.828418518963));
#15210=CARTESIAN_POINT('',(27.41215120737,1.7,4.09912734645));
#15211=CARTESIAN_POINT('',(27.38284883965,1.629299148614,4.099382862796));
#15212=CARTESIAN_POINT('Origin',(27.3121625945095,1.70000130114658,4.09999449794874));
#15213=CARTESIAN_POINT('Origin',(27.3233655157175,1.67724747455207,4.09990196332816));
#15214=CARTESIAN_POINT('',(27.37286507125,1.7,8.60087265355));
#15215=CARTESIAN_POINT('Ctrl Pts',(27.5122422204224,1.70002845937988,4.00000004801564));
#15216=CARTESIAN_POINT('Ctrl Pts',(27.5122488385375,1.65510960269395,4.00000004801565));
#15217=CARTESIAN_POINT('Ctrl Pts',(27.4757141098917,1.55010924428016,4.000000047952));
#15218=CARTESIAN_POINT('Ctrl Pts',(27.3719996525098,1.49990480982421,4.00000004187225));
#15219=CARTESIAN_POINT('Ctrl Pts',(27.3121361645385,1.49990464790347,4.00000004857973));
#15220=CARTESIAN_POINT('Ctrl Pts',(27.482456257109,1.7000242047607,3.99996988107758));
#15221=CARTESIAN_POINT('Ctrl Pts',(27.4824618975009,1.6618206322447,3.99996988107987));
#15222=CARTESIAN_POINT('Ctrl Pts',(27.451324601783,1.57244228477887,3.99996986833016));
#15223=CARTESIAN_POINT('Ctrl Pts',(27.3630009296486,1.52980634674526,3.99997168280351));
#15224=CARTESIAN_POINT('Ctrl Pts',(27.3121366715682,1.5298570303579,3.99996952494339));
#15225=CARTESIAN_POINT('Ctrl Pts',(27.4308789832845,1.70001689436752,4.02478524955024));
#15226=CARTESIAN_POINT('Ctrl Pts',(27.4308829295037,1.67335166929234,4.02478523985213));
#15227=CARTESIAN_POINT('Ctrl Pts',(27.409098156919,1.61105762178096,4.02483877744126));
#15228=CARTESIAN_POINT('Ctrl Pts',(27.3475453757626,1.58157864540974,4.02499087901364));
#15229=CARTESIAN_POINT('Ctrl Pts',(27.3121376589684,1.58171036183225,4.02507987202529));
#15230=CARTESIAN_POINT('Ctrl Pts',(27.4123459414074,1.70001423931437,4.07681291500482));
#15231=CARTESIAN_POINT('Ctrl Pts',(27.4123492642327,1.67753962445695,4.07681289033403));
#15232=CARTESIAN_POINT('Ctrl Pts',(27.3940058915231,1.62495758165877,4.07694908328698));
#15233=CARTESIAN_POINT('Ctrl Pts',(27.3420333646381,1.59994088363812,4.07733576030169));
#15234=CARTESIAN_POINT('Ctrl Pts',(27.3121379532686,1.60000000331711,4.07756006552735));
#15235=CARTESIAN_POINT('Ctrl Pts',(27.4121512063222,1.70001422291776,4.09912734645915));
#15236=CARTESIAN_POINT('Ctrl Pts',(27.4121545140753,1.67756548345451,4.09912731759722));
#15237=CARTESIAN_POINT('Ctrl Pts',(27.393894350602,1.62509017041443,4.09928664736088));
#15238=CARTESIAN_POINT('Ctrl Pts',(27.3420576729165,1.60000000029217,4.09973895030097));
#15239=CARTESIAN_POINT('Ctrl Pts',(27.3121379749402,1.60000000025753,4.10000001578502));
#15240=CARTESIAN_POINT('Origin',(27.51214739968,1.7,4.1));
#15241=CARTESIAN_POINT('Origin',(27.51214739968,25.975,4.1));
#15242=CARTESIAN_POINT('',(27.41215120737,8.340155015108,4.09912734645));
#15243=CARTESIAN_POINT('',(27.41215120737,1.7,4.09912734645));
#15244=CARTESIAN_POINT('Origin',(27.51214739968,8.340155015063,4.1));
#15245=CARTESIAN_POINT('Ctrl Pts',(27.31215501524,8.54051384692,4.000000717411));
#15246=CARTESIAN_POINT('Ctrl Pts',(27.37210435594,8.540513221225,4.000000689842));
#15247=CARTESIAN_POINT('Ctrl Pts',(27.47592665101,8.490230720893,4.000000696632));
#15248=CARTESIAN_POINT('Ctrl Pts',(27.51251337761,8.385117020874,4.000000696734));
#15249=CARTESIAN_POINT('Ctrl Pts',(27.51251384692,8.340155015422,4.000000717411));
#15250=CARTESIAN_POINT('Ctrl Pts',(27.31215501522,8.510635596291,3.999883703948));
#15251=CARTESIAN_POINT('Ctrl Pts',(27.363126802,8.510685997934,3.999886146046));
#15252=CARTESIAN_POINT('Ctrl Pts',(27.45158453877,8.467898821252,3.999885778535));
#15253=CARTESIAN_POINT('Ctrl Pts',(27.48267339749,8.378383855392,3.999885535521));
#15254=CARTESIAN_POINT('Ctrl Pts',(27.48263559629,8.340155015368,3.999883703948));
#15255=CARTESIAN_POINT('Ctrl Pts',(27.31215501517,8.458914852161,4.024697922388));
#15256=CARTESIAN_POINT('Ctrl Pts',(27.34770590047,8.459046810749,4.024609764127));
#15257=CARTESIAN_POINT('Ctrl Pts',(27.40944832352,8.429302294857,4.024532037554));
#15258=CARTESIAN_POINT('Ctrl Pts',(27.43101382108,8.366818179204,4.024631803692));
#15259=CARTESIAN_POINT('Ctrl Pts',(27.43091485216,8.340155015276,4.024697922387));
#15260=CARTESIAN_POINT('Ctrl Pts',(27.31215501515,8.440345942463,4.076812914997));
#15261=CARTESIAN_POINT('Ctrl Pts',(27.34211140726,8.440406698145,4.076589133781));
#15262=CARTESIAN_POINT('Ctrl Pts',(27.39414910584,8.415272832324,4.076390214793));
#15263=CARTESIAN_POINT('Ctrl Pts',(27.4123915092,8.362622309285,4.076645079085));
#15264=CARTESIAN_POINT('Ctrl Pts',(27.41234594246,8.340155015242,4.076812914996));
#15265=CARTESIAN_POINT('Ctrl Pts',(27.31215501515,8.44015120737,4.099127346449));
#15266=CARTESIAN_POINT('Ctrl Pts',(27.34207691207,8.440153485619,4.098866281658));
#15267=CARTESIAN_POINT('Ctrl Pts',(27.39389587196,8.415060235068,4.098633120954));
#15268=CARTESIAN_POINT('Ctrl Pts',(27.41215291604,8.362596437896,4.098931547855));
#15269=CARTESIAN_POINT('Ctrl Pts',(27.41215120737,8.340155015242,4.099127346449));
#15270=CARTESIAN_POINT('',(27.31215501506,8.44015120737,4.09912734645));
#15271=CARTESIAN_POINT('Origin',(27.31215501506,8.540147399676,4.1));
#15272=CARTESIAN_POINT('Origin',(27.3121766469996,8.3401766469966,4.10000246555117));
#15273=CARTESIAN_POINT('Origin',(27.51023529412,8.540147399676,4.1));
#15274=CARTESIAN_POINT('',(21.03064212916,8.44015120737,4.09912734645));
#15275=CARTESIAN_POINT('Origin',(21.03064212916,8.540147399676,4.1));
#15276=CARTESIAN_POINT('',(27.31215501509,8.44015120737,4.09912734645));
#15277=CARTESIAN_POINT('Origin',(21.03064212916,8.540147399676,4.1));
#15278=CARTESIAN_POINT('',(20.93413925362,8.513947523963,4.09912734645));
#15279=CARTESIAN_POINT('Origin',(21.03064212916,8.540147399676,4.1));
#15280=CARTESIAN_POINT('Origin',(21.03064212916,8.540147399676,4.1));
#15281=CARTESIAN_POINT('Origin',(15.04672658827,30.5809029753,4.1));
#15282=CARTESIAN_POINT('',(16.6108479537454,24.4380704784865,4.09912734644995));
#15283=CARTESIAN_POINT('Origin',(16.70735082929,24.4642703542,4.1));
#15284=CARTESIAN_POINT('',(20.93413925362,8.513947523963,4.09912734645));
#15285=CARTESIAN_POINT('Ctrl Pts',(16.51115871759,24.61861756655,4.000000133217));
#15286=CARTESIAN_POINT('Ctrl Pts',(16.54876366465,24.61861898381,4.000000170378));
#15287=CARTESIAN_POINT('Ctrl Pts',(16.63701811578,24.59251325862,4.000000107581));
#15288=CARTESIAN_POINT('Ctrl Pts',(16.69392553463,24.51441460528,3.999999846811));
#15289=CARTESIAN_POINT('Ctrl Pts',(16.70753437972,24.464320196,4.00000019324));
#15290=CARTESIAN_POINT('Ctrl Pts',(16.51115871775,24.59363063974,3.999958359415));
#15291=CARTESIAN_POINT('Ctrl Pts',(16.54391191878,24.59340988748,3.999952166738));
#15292=CARTESIAN_POINT('Ctrl Pts',(16.62067840071,24.5694340139,3.999959979154));
#15293=CARTESIAN_POINT('Ctrl Pts',(16.66828894379,24.49997430789,3.999996478853));
#15294=CARTESIAN_POINT('Ctrl Pts',(16.67875767311,24.45650751421,3.999939595733));
#15295=CARTESIAN_POINT('Ctrl Pts',(16.51115871803,24.5501473527,4.017065740041));
#15296=CARTESIAN_POINT('Ctrl Pts',(16.53550056994,24.54955480681,4.017381064956));
#15297=CARTESIAN_POINT('Ctrl Pts',(16.59224885838,24.52934040107,4.019022914908));
#15298=CARTESIAN_POINT('Ctrl Pts',(16.62371285708,24.47502097808,4.022513972254));
#15299=CARTESIAN_POINT('Ctrl Pts',(16.62893810828,24.44298183832,4.024758484408));
#15300=CARTESIAN_POINT('Ctrl Pts',(16.51115871818,24.52670550744,4.056055324747));
#15301=CARTESIAN_POINT('Ctrl Pts',(16.53094715428,24.52624054599,4.056953939431));
#15302=CARTESIAN_POINT('Ctrl Pts',(16.57735882124,24.50998797302,4.061672660604));
#15303=CARTESIAN_POINT('Ctrl Pts',(16.60524584769,24.46534171429,4.071125285925));
#15304=CARTESIAN_POINT('Ctrl Pts',(16.61103588489,24.43812150539,4.076812914035));
#15305=CARTESIAN_POINT('Ctrl Pts',(16.51115871821,24.52186560261,4.074118095453));
#15306=CARTESIAN_POINT('Ctrl Pts',(16.53001658323,24.52156753138,4.075230512891));
#15307=CARTESIAN_POINT('Ctrl Pts',(16.57448046766,24.50695130343,4.081090423431));
#15308=CARTESIAN_POINT('Ctrl Pts',(16.60363085585,24.46487445472,4.092492117037));
#15309=CARTESIAN_POINT('Ctrl Pts',(16.61084795253,24.43807048303,4.099127345328));
#15310=CARTESIAN_POINT('',(16.51115871883,24.5218656026,4.07411809549));
#15311=CARTESIAN_POINT('Origin',(16.51115871883,24.61845818523,4.1));
#15312=CARTESIAN_POINT('',(16.573203097782,24.49793991653,4.08311326016161));
#15313=CARTESIAN_POINT('Ctrl Pts',(16.5732090171978,24.497947397874,4.08311489552269));
#15314=CARTESIAN_POINT('Ctrl Pts',(16.5793856944357,24.4927433442443,4.08472029821799));
#15315=CARTESIAN_POINT('Ctrl Pts',(16.5850074188945,24.4868925590031,4.08634172111567));
#15316=CARTESIAN_POINT('Ctrl Pts',(16.5901334735746,24.4802120136875,4.08817799477869));
#15317=CARTESIAN_POINT('Ctrl Pts',(16.5952595282547,24.4735314683719,4.09001426844171));
#15318=CARTESIAN_POINT('Ctrl Pts',(16.5998174953221,24.4659510971873,4.09205123207474));
#15319=CARTESIAN_POINT('Ctrl Pts',(16.6032481614505,24.4587187384607,4.09390390621373));
#15320=CARTESIAN_POINT('Ctrl Pts',(16.6066788275789,24.4514863797341,4.09575658035272));
#15321=CARTESIAN_POINT('Ctrl Pts',(16.6090786100457,24.4446437838205,4.09742909492623));
#15322=CARTESIAN_POINT('Ctrl Pts',(16.6108477398191,24.4380711700145,4.0991302407316));
#15323=CARTESIAN_POINT('Origin',(16.5200453332074,24.4379456632935,4.09410189688232));
#15324=CARTESIAN_POINT('Origin',(25.97275,24.61845818523,4.1));
#15325=CARTESIAN_POINT('',(16.51115871879,24.5218656026,4.074118095487));
#15326=CARTESIAN_POINT('Origin',(17.8485,23.91204488422,6.35));
#15327=CARTESIAN_POINT('',(16.51115871879,24.5218656026,4.074118095487));
#15328=CARTESIAN_POINT('Origin',(16.59423300712,24.07584718903,5.35231114554));
#15329=CARTESIAN_POINT('',(16.89762540172,23.23183145892,8.60087265355));
#15330=CARTESIAN_POINT('Origin',(16.9225915855,23.29311049603,4.000178961598));
#15331=CARTESIAN_POINT('',(20.93413925362,8.513947523963,4.09912734645));
#15332=CARTESIAN_POINT('Origin',(21.03164100923,8.541453627458,3.95032112174));
#15333=CARTESIAN_POINT('',(21.00059978974,8.400865071247,8.60087265355));
#15334=CARTESIAN_POINT('Origin',(20.92347058824,8.441014716842,4.000178961598));
#15335=CARTESIAN_POINT('',(27.27286887894,8.400865071247,8.60087265355));
#15336=CARTESIAN_POINT('',(27.31215501509,8.44015120737,4.09912734645));
#15337=CARTESIAN_POINT('',(21.00059978974,8.400865071247,8.60087265355));
#15338=CARTESIAN_POINT('Origin',(16.9307072093,8.30086887894,8.6));
#15339=CARTESIAN_POINT('Origin',(27.27286887894,8.30086887894,8.6));
#15340=CARTESIAN_POINT('Origin',(27.27286887894,8.30086887894,8.6));
#15341=CARTESIAN_POINT('',(27.37286507125,8.30086887894,8.60087265355));
#15342=CARTESIAN_POINT('Origin',(27.27286887894,8.30086887894,8.6));
#15343=CARTESIAN_POINT('Origin',(27.27286887894,8.30086887894,8.6));
#15344=CARTESIAN_POINT('Origin',(27.27286887894,9.66604783536,8.6));
#15345=CARTESIAN_POINT('',(27.37286507125,8.30086887894,8.60087265355));
#15346=CARTESIAN_POINT('Origin',(27.41301471684,8.4,4.000178961598));
#15347=CARTESIAN_POINT('',(27.37286507125,8.30086887894,8.60087265355));
#15348=CARTESIAN_POINT('Origin',(27.31277749891,8.340777498907,4.026925109523));
#15349=CARTESIAN_POINT('Ctrl Pts',(51.49063679326,24.4797810438,4.000000248427));
#15350=CARTESIAN_POINT('Ctrl Pts',(51.50084543439,24.51735608927,3.999999951762));
#15351=CARTESIAN_POINT('Ctrl Pts',(51.54902965866,24.59843428992,3.99999987614));
#15352=CARTESIAN_POINT('Ctrl Pts',(51.63689154575,24.63409520214,4.000000227945));
#15353=CARTESIAN_POINT('Ctrl Pts',(51.68703699023,24.63409305991,4.000000171254));
#15354=CARTESIAN_POINT('Ctrl Pts',(51.51942186019,24.47196609277,3.999931508835));
#15355=CARTESIAN_POINT('Ctrl Pts',(51.52727468519,24.50456897489,3.999974732259));
#15356=CARTESIAN_POINT('Ctrl Pts',(51.56706725098,24.57621183656,3.999990171475));
#15357=CARTESIAN_POINT('Ctrl Pts',(51.64336240954,24.60880478091,3.999944391005));
#15358=CARTESIAN_POINT('Ctrl Pts',(51.68703699007,24.60909895609,3.999952787256));
#15359=CARTESIAN_POINT('Ctrl Pts',(51.56924659054,24.45843901538,4.024757088178));
#15360=CARTESIAN_POINT('Ctrl Pts',(51.57316545967,24.482468958,4.023074123764));
#15361=CARTESIAN_POINT('Ctrl Pts',(51.59852498075,24.53766156663,4.01944820966));
#15362=CARTESIAN_POINT('Ctrl Pts',(51.65458020052,24.56481897551,4.017483867619));
#15363=CARTESIAN_POINT('Ctrl Pts',(51.6870369898,24.56560906434,4.017063560811));
#15364=CARTESIAN_POINT('Ctrl Pts',(51.58715982254,24.45357569402,4.076812914435));
#15365=CARTESIAN_POINT('Ctrl Pts',(51.59150235013,24.47399085101,4.072547193287));
#15366=CARTESIAN_POINT('Ctrl Pts',(51.61459267735,24.51971664252,4.062913900842));
#15367=CARTESIAN_POINT('Ctrl Pts',(51.66065240825,24.54153974938,4.057253477656));
#15368=CARTESIAN_POINT('Ctrl Pts',(51.68703698965,24.54215969798,4.056055324748));
#15369=CARTESIAN_POINT('Ctrl Pts',(51.5873477548,24.45352467168,4.099127345795));
#15370=CARTESIAN_POINT('Ctrl Pts',(51.59276057704,24.47362765081,4.094150924509));
#15371=CARTESIAN_POINT('Ctrl Pts',(51.61755576511,24.51721749227,4.082638123753));
#15372=CARTESIAN_POINT('Ctrl Pts',(51.66189316966,24.53692236485,4.075601318701));
#15373=CARTESIAN_POINT('Ctrl Pts',(51.68703698962,24.53731979315,4.074118095454));
#15374=CARTESIAN_POINT('',(51.687036989,24.53731979314,4.07411809549));
#15375=CARTESIAN_POINT('Origin',(51.687036989,24.63391237577,4.1));
#15376=CARTESIAN_POINT('',(51.6250007296097,24.5133835399997,4.08311098510113));
#15377=CARTESIAN_POINT('Ctrl Pts',(51.6250007296096,24.5133835399997,4.08311098510113));
#15378=CARTESIAN_POINT('Ctrl Pts',(51.6311072748908,24.5184875153433,4.08154656644641));
#15379=CARTESIAN_POINT('Ctrl Pts',(51.6376523347816,24.5228053381304,4.08018871967693));
#15380=CARTESIAN_POINT('Ctrl Pts',(51.6444565146983,24.5263142524817,4.07899787283615));
#15381=CARTESIAN_POINT('Ctrl Pts',(51.6512606946151,24.5298231668329,4.07780702599537));
#15382=CARTESIAN_POINT('Ctrl Pts',(51.6583286817918,24.5325242318604,4.07678375715199));
#15383=CARTESIAN_POINT('Ctrl Pts',(51.6654819759492,24.534369435935,4.07596968568908));
#15384=CARTESIAN_POINT('Ctrl Pts',(51.6726352701067,24.5362146400096,4.07515561422618));
#15385=CARTESIAN_POINT('Ctrl Pts',(51.6798757577101,24.5372066012203,4.07454053349074));
#15386=CARTESIAN_POINT('Ctrl Pts',(51.687036989,24.5373197931402,4.07411809549057));
#15387=CARTESIAN_POINT('Origin',(51.6626175156704,24.4399614670169,4.09807673617923));
#15388=CARTESIAN_POINT('Origin',(51.46373537054,23.50147927723,7.553557198909));
#15389=CARTESIAN_POINT('',(51.39707318166,23.31767835638,8.62588190451));
#15390=CARTESIAN_POINT('Origin',(51.39707318166,23.22108577375,8.6));
#15391=CARTESIAN_POINT('Origin',(51.39707318166,23.22108577375,8.6));
#15392=CARTESIAN_POINT('Origin',(51.39707318166,23.22108577375,8.6));
#15393=CARTESIAN_POINT('Origin',(47.96126306566,10.56585184648,8.6));
#15394=CARTESIAN_POINT('Origin',(42.70609300532,23.92749907476,6.35));
#15395=CARTESIAN_POINT('',(66.494,24.53731979314,4.07411809549));
#15396=CARTESIAN_POINT('Origin',(38.40154650266,24.63391237577,4.1));
#15397=CARTESIAN_POINT('Ctrl Pts',(66.6943992594045,62.7098622851526,4.00000085267105));
#15398=CARTESIAN_POINT('Ctrl Pts',(66.6943987509775,62.6649008306655,4.00000082976916));
#15399=CARTESIAN_POINT('Ctrl Pts',(66.6577602214708,62.5598051159094,4.00000081735983));
#15400=CARTESIAN_POINT('Ctrl Pts',(66.55397004305,62.50945555916,4.000000842676));
#15401=CARTESIAN_POINT('Ctrl Pts',(66.494,62.50945555916,4.000000842676));
#15402=CARTESIAN_POINT('Ctrl Pts',(66.6643435074305,62.7098620110694,3.99987244452433));
#15403=CARTESIAN_POINT('Ctrl Pts',(66.6643812835512,62.6716729145556,3.99987432729962));
#15404=CARTESIAN_POINT('Ctrl Pts',(66.63330946607,62.582277449041,3.99987564927423));
#15405=CARTESIAN_POINT('Ctrl Pts',(66.54498691618,62.53934427173,3.999873941924));
#15406=CARTESIAN_POINT('Ctrl Pts',(66.494,62.53934427173,3.999873941924));
#15407=CARTESIAN_POINT('Ctrl Pts',(66.6123447736546,62.7098614283503,4.02499487885303));
#15408=CARTESIAN_POINT('Ctrl Pts',(66.6124436607668,62.6833003846286,4.02492833705313));
#15409=CARTESIAN_POINT('Ctrl Pts',(66.591035324285,62.6210424741887,4.02477394060831));
#15410=CARTESIAN_POINT('Ctrl Pts',(66.52955694776,62.59106590658,4.024700883863));
#15411=CARTESIAN_POINT('Ctrl Pts',(66.494,62.59106590658,4.024700883863));
#15412=CARTESIAN_POINT('Ctrl Pts',(66.5939999983246,62.7098612711459,4.07756005970807));
#15413=CARTESIAN_POINT('Ctrl Pts',(66.5940443366303,62.6874420323664,4.07739184808076));
#15414=CARTESIAN_POINT('Ctrl Pts',(66.5758534836807,62.6349174785925,4.07699981612477));
#15415=CARTESIAN_POINT('Ctrl Pts',(66.52395986204,62.60965405754,4.076812914997));
#15416=CARTESIAN_POINT('Ctrl Pts',(66.494,62.60965405754,4.076812914997));
#15417=CARTESIAN_POINT('Ctrl Pts',(66.5939999998555,62.7098612488344,4.10000000901204));
#15418=CARTESIAN_POINT('Ctrl Pts',(66.5939999998426,62.6874237934641,4.09980423012534));
#15419=CARTESIAN_POINT('Ctrl Pts',(66.575717709645,62.6349762227784,4.09934659681545));
#15420=CARTESIAN_POINT('Ctrl Pts',(66.52392535761,62.60984879263,4.09912734645));
#15421=CARTESIAN_POINT('Ctrl Pts',(66.494,62.60984879263,4.09912734645));
#15422=CARTESIAN_POINT('',(66.494,62.60984879263,4.09912734645));
#15423=CARTESIAN_POINT('Origin',(66.494,62.50985260032,4.1));
#15424=CARTESIAN_POINT('Origin',(66.4939924061706,62.7098525638982,4.10000173710301));
#15425=CARTESIAN_POINT('Origin',(66.494,62.6923998913,2.099244962057));
#15426=CARTESIAN_POINT('',(66.494,62.64913492875,8.60087265355));
#15427=CARTESIAN_POINT('',(66.494,62.60984879263,4.09912734645));
#15428=CARTESIAN_POINT('Origin',(66.494,62.74913112106,8.6));
#15429=CARTESIAN_POINT('Origin',(66.494,62.74913112106,8.6));
#15430=CARTESIAN_POINT('',(66.494,62.74913112106,8.7));
#15431=CARTESIAN_POINT('Origin',(66.494,62.74913112106,8.6));
#15432=CARTESIAN_POINT('Origin',(66.494,62.74913112106,8.6));
#15433=CARTESIAN_POINT('Origin',(66.494,79.7875,8.6));
#15434=CARTESIAN_POINT('',(66.494,80.86159797388,8.7));
#15435=CARTESIAN_POINT('Origin',(66.494,80.86159797388,8.6));
#15436=CARTESIAN_POINT('',(66.494,62.74913112106,8.7));
#15437=CARTESIAN_POINT('Origin',(66.494,80.86159797388,8.6));
#15438=CARTESIAN_POINT('',(66.494,80.96159416619,8.60087265355));
#15439=CARTESIAN_POINT('Origin',(66.494,80.86159797388,8.6));
#15440=CARTESIAN_POINT('Origin',(66.494,80.86159797388,8.6));
#15441=CARTESIAN_POINT('Origin',(66.494,80.89886547253,4.329567636188));
#15442=CARTESIAN_POINT('',(66.494,80.98269857506,6.182546929003));
#15443=CARTESIAN_POINT('',(66.494,80.96159416619,8.60087265355));
#15444=CARTESIAN_POINT('Origin',(66.494,80.88270238276,6.181674275453));
#15445=CARTESIAN_POINT('Origin',(66.494,82.98262242119,6.2));
#15446=CARTESIAN_POINT('',(66.494,82.98262242119,4.2));
#15447=CARTESIAN_POINT('Origin',(66.494,82.98262242119,4.1));
#15448=CARTESIAN_POINT('Origin',(66.494,82.98262242119,6.2));
#15449=CARTESIAN_POINT('Origin',(66.494,84.5,4.1));
#15450=CARTESIAN_POINT('',(66.494,82.98262242119,4.2));
#15451=CARTESIAN_POINT('Origin',(64.149,83.5,4.2));
#15452=CARTESIAN_POINT('',(61.3031225404956,82.9826216768173,4.20191977330338));
#15453=CARTESIAN_POINT('',(61.30312897592,82.98262239461,4.200479943666));
#15454=CARTESIAN_POINT('',(61.30313112106,85.4,4.2));
#15455=CARTESIAN_POINT('Origin',(61.30313112106,84.75,4.3));
#15456=CARTESIAN_POINT('',(61.20313492875,85.4,4.29912734645));
#15457=CARTESIAN_POINT('Origin',(61.30313112106,85.4,4.3));
#15458=CARTESIAN_POINT('',(61.2027143221431,82.9826209603633,4.29921394809341));
#15459=CARTESIAN_POINT('Origin',(61.3026755977536,82.9826153080615,4.30191657994587));
#15460=CARTESIAN_POINT('',(61.20299562872,82.98262243015,4.299123443118));
#15461=CARTESIAN_POINT('Origin',(61.30313112106,85.4,4.3));
#15462=CARTESIAN_POINT('Origin',(61.10313873645,85.4,4.2982546929));
#15463=CARTESIAN_POINT('Origin',(61.10042463511,85.4,4.609259901752));
#15464=CARTESIAN_POINT('',(61.16559416619,85.4,8.60087265355));
#15465=CARTESIAN_POINT('Origin',(61.06559797388,85.4,8.6));
#15466=CARTESIAN_POINT('',(61.20313492875,85.4,4.29912734645));
#15467=CARTESIAN_POINT('Origin',(61.06559797388,85.4,8.6));
#15468=CARTESIAN_POINT('',(61.06559797388,85.4,8.7));
#15469=CARTESIAN_POINT('Origin',(61.06559797388,85.4,8.6));
#15470=CARTESIAN_POINT('Origin',(61.06559797388,85.4,8.6));
#15471=CARTESIAN_POINT('Origin',(17.8485,85.4,8.6));
#15472=CARTESIAN_POINT('',(39.69272917423,85.4,8.7));
#15473=CARTESIAN_POINT('',(61.06559797388,85.4,8.7));
#15474=CARTESIAN_POINT('Origin',(39.69272917423,85.4,8.6));
#15475=CARTESIAN_POINT('Origin',(39.69272917423,79.7875,8.6));
#15476=CARTESIAN_POINT('',(39.69272917423,62.74913112106,8.7));
#15477=CARTESIAN_POINT('',(39.69272917423,85.4,8.7));
#15478=CARTESIAN_POINT('',(39.59282435207,62.74913112106,8.604361938737));
#15479=CARTESIAN_POINT('Origin',(39.69272917423,62.74913112106,8.6));
#15480=CARTESIAN_POINT('',(39.59282435207,62.74913112106,8.604361938737));
#15481=CARTESIAN_POINT('Origin',(34.097,74.075,8.7));
#15482=CARTESIAN_POINT('',(39.69272917423,62.74913112106,8.7));
#15483=CARTESIAN_POINT('',(61.06559797388,81.06159035849,8.7));
#15484=CARTESIAN_POINT('',(61.06559797388,81.06159035849,8.7));
#15485=CARTESIAN_POINT('',(61.26559035849,80.86159797388,8.7));
#15486=CARTESIAN_POINT('Ctrl Pts',(61.06559797388,81.06159035849,8.69999999999964));
#15487=CARTESIAN_POINT('Ctrl Pts',(61.06559665121,81.0337357786,8.70000000000001));
#15488=CARTESIAN_POINT('Ctrl Pts',(61.0710954342515,81.0082811162191,8.69999987138025));
#15489=CARTESIAN_POINT('Ctrl Pts',(61.0811060394413,80.9844779649367,8.69999994730511));
#15490=CARTESIAN_POINT('Ctrl Pts',(61.0882392189601,80.9675167375189,8.70000000140631));
#15491=CARTESIAN_POINT('Ctrl Pts',(61.0977008631759,80.9513921230365,8.69999999689864));
#15492=CARTESIAN_POINT('Ctrl Pts',(61.1092427775419,80.9368939598204,8.69999999761405));
#15493=CARTESIAN_POINT('Ctrl Pts',(61.1138986256948,80.9310456018886,8.69999999790264));
#15494=CARTESIAN_POINT('Ctrl Pts',(61.1188914848469,80.9254615474896,8.69999999755362));
#15495=CARTESIAN_POINT('Ctrl Pts',(61.1241769303075,80.9201761313275,8.69999999606381));
#15496=CARTESIAN_POINT('Ctrl Pts',(61.1400647625373,80.9042883871677,8.69999999158553));
#15497=CARTESIAN_POINT('Ctrl Pts',(61.1587313201434,80.8911581662298,8.70000000016106));
#15498=CARTESIAN_POINT('Ctrl Pts',(61.1788575450361,80.8814186363865,8.70000000003672));
#15499=CARTESIAN_POINT('Ctrl Pts',(61.1820248599679,80.8798859019336,8.70000000001716));
#15500=CARTESIAN_POINT('Ctrl Pts',(61.1852287162823,80.8784364638342,8.69999999959898));
#15501=CARTESIAN_POINT('Ctrl Pts',(61.1884639140806,80.8770702164388,8.69999999533602));
#15502=CARTESIAN_POINT('Ctrl Pts',(61.2122566882061,80.8670223560899,8.69999996398476));
#15503=CARTESIAN_POINT('Ctrl Pts',(61.23773616737,80.86159665122,8.70000000000031));
#15504=CARTESIAN_POINT('Ctrl Pts',(61.26559035849,80.86159797388,8.69999999999964));
#15505=CARTESIAN_POINT('',(66.494,80.86159797388,8.7));
#15506=CARTESIAN_POINT('Origin',(47.6505,80.86159797388,8.6));
#15507=CARTESIAN_POINT('',(61.26559035849,80.96159416619,8.60087265355));
#15508=CARTESIAN_POINT('Origin',(61.26559035849,80.86159797388,8.59999999999997));
#15509=CARTESIAN_POINT('',(61.26559035817,80.96159416619,8.600872653553));
#15510=CARTESIAN_POINT('Origin',(61.204,80.96073059026,8.699828653789));
#15511=CARTESIAN_POINT('',(61.2867028116889,80.9845430982393,6.18254324589062));
#15512=CARTESIAN_POINT('',(61.26559035817,80.96159416619,8.600872653553));
#15513=CARTESIAN_POINT('',(66.494,80.98269857506,6.182546929003));
#15514=CARTESIAN_POINT('Origin',(62.6765,82.98262242119,6.2));
#15515=CARTESIAN_POINT('',(61.2983200302576,81.5758849302178,4.78093683064695));
#15516=CARTESIAN_POINT('Ctrl Pts',(61.2867027054022,80.9845429838015,6.18255642479494));
#15517=CARTESIAN_POINT('Ctrl Pts',(61.2881713811805,80.986048062058,6.00911853634727));
#15518=CARTESIAN_POINT('Ctrl Pts',(61.2895816659055,81.0102544586068,5.83597049000223));
#15519=CARTESIAN_POINT('Ctrl Pts',(61.2909608431996,81.0563473633057,5.66881006877447));
#15520=CARTESIAN_POINT('Ctrl Pts',(61.2923400204938,81.1024402680046,5.50164964754666));
#15521=CARTESIAN_POINT('Ctrl Pts',(61.2936881304438,81.1704456904336,5.34047798833237));
#15522=CARTESIAN_POINT('Ctrl Pts',(61.2949232632128,81.2579949991255,5.19085993390225));
#15523=CARTESIAN_POINT('Ctrl Pts',(61.2961583959818,81.3455443078174,5.04124187947218));
#15524=CARTESIAN_POINT('Ctrl Pts',(61.297281152623,81.4526759898934,4.90306653929998));
#15525=CARTESIAN_POINT('Ctrl Pts',(61.2983200302576,81.5758849302178,4.78093683064695));
#15526=CARTESIAN_POINT('Origin',(61.2865706732044,82.9825117039902,6.19989520452798));
#15527=CARTESIAN_POINT('Origin',(61.28711498705,82.98251210255,6.199900296592));
#15528=CARTESIAN_POINT('',(61.217121289496,81.0131436537444,6.18222115871969));
#15529=CARTESIAN_POINT('Origin',(61.2871301544,81.08453618725,6.183415255254));
#15530=CARTESIAN_POINT('',(61.1871536931693,81.0826597928305,6.18255035622699));
#15531=CARTESIAN_POINT('Origin',(61.28713036322,81.08453640863,6.183389786015));
#15532=CARTESIAN_POINT('Origin',(61.18713827393,82.98251842282,6.199080638316));
#15533=CARTESIAN_POINT('Origin',(61.16473059026,86.,8.699828653789));
#15534=CARTESIAN_POINT('',(61.16559416619,81.06159035799,8.600872653554));
#15535=CARTESIAN_POINT('',(61.18685001223,81.08269754435,6.182548194805));
#15536=CARTESIAN_POINT('',(61.16559416619,85.4,8.60087265355));
#15537=CARTESIAN_POINT('Origin',(61.06559797388,80.0375,8.6));
#15538=CARTESIAN_POINT('Origin',(61.06559797388,81.06159035849,8.59999999999999));
#15539=CARTESIAN_POINT('Ctrl Pts',(61.26559035855,80.96159416619,8.600872653549));
#15540=CARTESIAN_POINT('Ctrl Pts',(61.25062941006,80.96159302704,8.601003185946));
#15541=CARTESIAN_POINT('Ctrl Pts',(61.22076375661,80.96843490631,8.601204050189));
#15542=CARTESIAN_POINT('Ctrl Pts',(61.17870686653,81.00188678681,8.601279122101));
#15543=CARTESIAN_POINT('Ctrl Pts',(61.16559245746,81.03914893584,8.601068452144));
#15544=CARTESIAN_POINT('Ctrl Pts',(61.16559416619,81.06159035858,8.600872653549));
#15545=CARTESIAN_POINT('Ctrl Pts',(61.26559035855,80.9613345194,8.63062522882));
#15546=CARTESIAN_POINT('Ctrl Pts',(61.25063719311,80.96129358662,8.630730429998));
#15547=CARTESIAN_POINT('Ctrl Pts',(61.22062530738,80.96817871046,8.630892219572));
#15548=CARTESIAN_POINT('Ctrl Pts',(61.17849480199,81.00165269199,8.630952642118));
#15549=CARTESIAN_POINT('Ctrl Pts',(61.16527312022,81.03916061041,8.630783030587));
#15550=CARTESIAN_POINT('Ctrl Pts',(61.1653345194,81.06159035858,8.63062522882));
#15551=CARTESIAN_POINT('Ctrl Pts',(61.26559035856,80.93602378889,8.68197005092));
#15552=CARTESIAN_POINT('Ctrl Pts',(61.24679300035,80.93596169527,8.682001553469));
#15553=CARTESIAN_POINT('Ctrl Pts',(61.20924266971,80.94444252719,8.68204992188));
#15554=CARTESIAN_POINT('Ctrl Pts',(61.15629026132,80.98651311351,8.68206796799));
#15555=CARTESIAN_POINT('Ctrl Pts',(61.13993064845,81.03339432129,8.682017304744));
#15556=CARTESIAN_POINT('Ctrl Pts',(61.14002378889,81.06159035861,8.68197005092));
#15557=CARTESIAN_POINT('Ctrl Pts',(61.26559035859,80.88379592463,8.700040649537));
#15558=CARTESIAN_POINT('Ctrl Pts',(61.23898468846,80.88377753363,8.70004024877));
#15559=CARTESIAN_POINT('Ctrl Pts',(61.18587386836,80.89590609011,8.700039775542));
#15560=CARTESIAN_POINT('Ctrl Pts',(61.11104744377,80.95541061938,8.700039611167));
#15561=CARTESIAN_POINT('Ctrl Pts',(61.08776833811,81.02168185345,8.700040048387));
#15562=CARTESIAN_POINT('Ctrl Pts',(61.08779592463,81.06159035865,8.700040649537));
#15563=CARTESIAN_POINT('Ctrl Pts',(61.26559035861,80.86142226613,8.699999839769));
#15564=CARTESIAN_POINT('Ctrl Pts',(61.23564450825,80.86142241169,8.69999984265));
#15565=CARTESIAN_POINT('Ctrl Pts',(61.17586433058,80.87512201383,8.699999845951));
#15566=CARTESIAN_POINT('Ctrl Pts',(61.09167835685,80.94208566426,8.699999847087));
#15567=CARTESIAN_POINT('Ctrl Pts',(61.06542248445,81.01667158314,8.69999984409));
#15568=CARTESIAN_POINT('Ctrl Pts',(61.06542226613,81.06159035867,8.699999839769));
#15569=CARTESIAN_POINT('Origin',(61.2655687934827,81.0615687934827,8.59999953350727));
#15570=CARTESIAN_POINT('Origin',(61.26491252498,81.06091252498,8.679417334364));
#15571=CARTESIAN_POINT('Origin',(50.3455,62.74913112106,8.6));
#15572=CARTESIAN_POINT('',(39.69272917423,62.64913492875,8.60087265355));
#15573=CARTESIAN_POINT('Origin',(39.69272917423,62.74913112106,8.6));
#15574=CARTESIAN_POINT('',(66.494,62.64913492875,8.60087265355));
#15575=CARTESIAN_POINT('Origin',(39.69272917423,62.74913112106,8.6));
#15576=CARTESIAN_POINT('Origin',(39.69272917423,62.74913112106,8.6));
#15577=CARTESIAN_POINT('Origin',(39.52199048584,62.71500419065,4.689441111157));
#15578=CARTESIAN_POINT('',(39.39596921626,62.70978408388,4.095638061263));
#15579=CARTESIAN_POINT('',(39.59282435207,62.74913112106,8.604361938737));
#15580=CARTESIAN_POINT('',(39.49617872938,62.60984879263,4.09912734645));
#15581=CARTESIAN_POINT('',(39.49617872916,62.60984879263,4.09912734644));
#15582=CARTESIAN_POINT('Ctrl Pts',(39.39596921626,62.70978408384,4.095638061263));
#15583=CARTESIAN_POINT('Ctrl Pts',(39.39596373319,62.69236313631,4.095512478165));
#15584=CARTESIAN_POINT('Ctrl Pts',(39.40528973243,62.65753395772,4.095561725132));
#15585=CARTESIAN_POINT('Ctrl Pts',(39.44361986436,62.61922624395,4.096980267441));
#15586=CARTESIAN_POINT('Ctrl Pts',(39.47862940947,62.60984112897,4.098249177511));
#15587=CARTESIAN_POINT('Ctrl Pts',(39.49617872916,62.60984879263,4.09912734644));
#15588=CARTESIAN_POINT('Origin',(39.39198887938,85.5,4.004473358565));
#15589=CARTESIAN_POINT('',(39.39596921626,85.5,4.095638061263));
#15590=CARTESIAN_POINT('Origin',(39.2960643941,64.525,4.1));
#15591=CARTESIAN_POINT('Origin',(39.2960643941,62.70978408388,4.1));
#15592=CARTESIAN_POINT('Ctrl Pts',(39.4961931509947,62.5094656898337,4.00000080019317));
#15593=CARTESIAN_POINT('Ctrl Pts',(39.4511895030207,62.5094648124424,4.000000690459));
#15594=CARTESIAN_POINT('Ctrl Pts',(39.3460305368306,62.5460908838957,4.00000063582795));
#15595=CARTESIAN_POINT('Ctrl Pts',(39.2956821795882,62.6498522584063,4.0000007351991));
#15596=CARTESIAN_POINT('Ctrl Pts',(39.2956861317958,62.7097984932219,4.00000076274862));
#15597=CARTESIAN_POINT('Ctrl Pts',(39.4961909949693,62.5393510140342,3.99987715919344));
#15598=CARTESIAN_POINT('Ctrl Pts',(39.4579153965845,62.5391593007416,3.99988640366563));
#15599=CARTESIAN_POINT('Ctrl Pts',(39.3680754416636,62.5699581866053,3.9998923487539));
#15600=CARTESIAN_POINT('Ctrl Pts',(39.3248491508483,62.6586328901379,3.99988523451457));
#15601=CARTESIAN_POINT('Ctrl Pts',(39.3249033527821,62.7097963821047,3.99988290680844));
#15602=CARTESIAN_POINT('Ctrl Pts',(39.4961872913386,62.5910729538842,4.02470447772549));
#15603=CARTESIAN_POINT('Ctrl Pts',(39.4694691381429,62.5905762432041,4.024374049704));
#15604=CARTESIAN_POINT('Ctrl Pts',(39.4061488642462,62.6112914390128,4.02366920099131));
#15605=CARTESIAN_POINT('Ctrl Pts',(39.3753783805355,62.6737392673071,4.02346248759985));
#15606=CARTESIAN_POINT('Ctrl Pts',(39.3755134672623,62.7097927500939,4.02354818137918));
#15607=CARTESIAN_POINT('Ctrl Pts',(39.4961859480025,62.6096567968447,4.07682065982715));
#15608=CARTESIAN_POINT('Ctrl Pts',(39.4736597438324,62.6094274059979,4.0759817225309));
#15609=CARTESIAN_POINT('Ctrl Pts',(39.4205850680675,62.627289454195,4.07417019001871));
#15610=CARTESIAN_POINT('Ctrl Pts',(39.3949509448159,62.6796103716639,4.07362806036926));
#15611=CARTESIAN_POINT('Ctrl Pts',(39.3950204037282,62.7097913385138,4.07384947907429));
#15612=CARTESIAN_POINT('Ctrl Pts',(39.4961859399243,62.6098488929673,4.09913889228268));
#15613=CARTESIAN_POINT('Ctrl Pts',(39.4736849521771,62.6098387893808,4.09816019802132));
#15614=CARTESIAN_POINT('Ctrl Pts',(39.4211119913932,62.6280957352458,4.09603240278777));
#15615=CARTESIAN_POINT('Ctrl Pts',(39.3959560438355,62.6798728671432,4.0953884163151));
#15616=CARTESIAN_POINT('Ctrl Pts',(39.3959696976527,62.7097912754001,4.09564909510816));
#15617=CARTESIAN_POINT('Origin',(39.49617872938,62.50985260032,4.10000000000001));
#15618=CARTESIAN_POINT('Origin',(50.3455,62.50985260032,4.1));
#15619=CARTESIAN_POINT('',(39.49617872916,62.60984879263,4.09912734644));
#15620=CARTESIAN_POINT('Origin',(66.594,62.60898528316,4.000178961598));
#15621=CARTESIAN_POINT('Origin',(29.597,87.1,5.6));
#15622=CARTESIAN_POINT('',(29.597,65.22490195189,8.677529171092));
#15623=CARTESIAN_POINT('',(29.597,62.65,8.7));
#15624=CARTESIAN_POINT('',(29.597,65.22490195189,8.677529171092));
#15625=CARTESIAN_POINT('',(29.597,65.19804476169,5.6));
#15626=CARTESIAN_POINT('',(29.597,65.22490195189,8.677529171092));
#15627=CARTESIAN_POINT('',(29.597,87.05898372138,5.6));
#15628=CARTESIAN_POINT('',(29.597,62.65,8.7));
#15629=CARTESIAN_POINT('Origin',(38.597,62.65,8.7));
#15630=CARTESIAN_POINT('',(38.597,65.22490195189,8.677529171092));
#15631=CARTESIAN_POINT('',(29.597,65.22490195189,8.677529171092));
#15632=CARTESIAN_POINT('',(38.597,62.65,8.7));
#15633=CARTESIAN_POINT('',(29.597,62.65,8.7));
#15634=CARTESIAN_POINT('',(38.597,62.65,8.7));
#15635=CARTESIAN_POINT('Origin',(34.097,65.2113763369,7.127647207345));
#15636=CARTESIAN_POINT('',(38.597,65.19804476169,5.6));
#15637=CARTESIAN_POINT('',(38.597,65.19804476169,5.6));
#15638=CARTESIAN_POINT('',(38.597,65.19804476169,5.6));
#15639=CARTESIAN_POINT('Origin',(38.597,87.1,5.6));
#15640=CARTESIAN_POINT('',(38.597,65.19804476169,5.6));
#15641=CARTESIAN_POINT('Origin',(38.597,87.1,8.7));
#15642=CARTESIAN_POINT('',(38.597,62.65,8.7));
#15643=CARTESIAN_POINT('Origin',(34.097,74.075,8.7));
#15644=CARTESIAN_POINT('',(32.097,72.83055127546,8.7));
#15645=CARTESIAN_POINT('',(31.97935294118,72.61846002397,8.7));
#15646=CARTESIAN_POINT('Origin',(31.847,72.83055127546,8.7));
#15647=CARTESIAN_POINT('',(36.21464705882,72.61846002397,8.7));
#15648=CARTESIAN_POINT('Origin',(34.097,69.225,8.7));
#15649=CARTESIAN_POINT('',(36.097,72.83055127546,8.7));
#15650=CARTESIAN_POINT('Origin',(36.347,72.83055127546,8.7));
#15651=CARTESIAN_POINT('',(36.097,78.725,8.7));
#15652=CARTESIAN_POINT('',(36.097,78.725,8.7));
#15653=CARTESIAN_POINT('',(32.097,78.725,8.7));
#15654=CARTESIAN_POINT('Origin',(34.097,78.725,8.7));
#15655=CARTESIAN_POINT('',(32.097,72.83055127546,8.7));
#15656=CARTESIAN_POINT('Origin',(31.847,72.83055127546,10.3));
#15657=CARTESIAN_POINT('',(31.97935294118,72.61846002397,10.05));
#15658=CARTESIAN_POINT('',(32.097,72.83055127546,10.05));
#15659=CARTESIAN_POINT('Origin',(31.847,72.83055127546,10.05));
#15660=CARTESIAN_POINT('',(31.97935294118,72.61846002397,8.7));
#15661=CARTESIAN_POINT('',(32.097,72.83055127546,8.7));
#15662=CARTESIAN_POINT('Origin',(31.847,72.83055127546,10.05));
#15663=CARTESIAN_POINT('Origin',(31.847,72.83055127546,10.05));
#15664=CARTESIAN_POINT('Origin',(31.847,72.83055127546,10.05));
#15665=CARTESIAN_POINT('Origin',(34.097,69.225,10.05));
#15666=CARTESIAN_POINT('',(36.21464705882,72.61846002397,10.05));
#15667=CARTESIAN_POINT('Origin',(36.347,72.83055127546,10.05));
#15668=CARTESIAN_POINT('Origin',(34.097,69.225,10.05));
#15669=CARTESIAN_POINT('Origin',(36.347,72.83055127546,10.05));
#15670=CARTESIAN_POINT('',(36.097,72.83055127546,10.05));
#15671=CARTESIAN_POINT('Origin',(36.347,72.83055127546,10.05));
#15672=CARTESIAN_POINT('Origin',(36.347,72.83055127546,10.05));
#15673=CARTESIAN_POINT('Origin',(36.347,58.11955080757,10.05));
#15674=CARTESIAN_POINT('',(36.097,78.725,10.05));
#15675=CARTESIAN_POINT('Origin',(36.347,78.725,10.05));
#15676=CARTESIAN_POINT('',(36.097,78.725,10.05));
#15677=CARTESIAN_POINT('Origin',(36.097,72.68910161514,10.3));
#15678=CARTESIAN_POINT('',(36.097,78.725,8.7));
#15679=CARTESIAN_POINT('',(36.097,72.83055127546,10.05));
#15680=CARTESIAN_POINT('Origin',(36.347,72.83055127546,10.3));
#15681=CARTESIAN_POINT('',(36.21464705882,72.61846002397,10.05));
#15682=CARTESIAN_POINT('Origin',(34.097,69.225,10.3));
#15683=CARTESIAN_POINT('Origin',(34.097,78.725,10.3));
#15684=CARTESIAN_POINT('',(32.097,78.725,10.05));
#15685=CARTESIAN_POINT('Origin',(34.097,78.725,10.05));
#15686=CARTESIAN_POINT('',(32.097,78.725,10.05));
#15687=CARTESIAN_POINT('Origin',(34.097,78.725,10.05));
#15688=CARTESIAN_POINT('Origin',(31.847,78.725,10.05));
#15689=CARTESIAN_POINT('Origin',(31.847,61.1375,10.05));
#15690=CARTESIAN_POINT('',(32.097,72.83055127546,10.05));
#15691=CARTESIAN_POINT('Origin',(32.097,78.725,10.3));
#15692=CARTESIAN_POINT('Origin',(34.097,28.65,5.9));
#15693=CARTESIAN_POINT('',(-0.5,28.55,5.9));
#15694=CARTESIAN_POINT('Origin',(-0.5,28.65,5.9));
#15695=CARTESIAN_POINT('',(-0.5,28.55,5.9));
#15696=CARTESIAN_POINT('Origin',(0.,28.55,6.));
#15697=CARTESIAN_POINT('',(-0.5,28.55,4.5));
#15698=CARTESIAN_POINT('',(-0.5,28.55,4.5));
#15699=CARTESIAN_POINT('',(-0.000872686779085,28.55,4.5));
#15700=CARTESIAN_POINT('Origin',(0.,28.65,4.5));
#15701=CARTESIAN_POINT('',(-0.5,28.65,4.4));
#15702=CARTESIAN_POINT('Origin',(-0.5,28.65,4.5));
#15703=CARTESIAN_POINT('',(-0.5,28.65,4.4));
#15704=CARTESIAN_POINT('Origin',(0.,28.55,4.4));
#15705=CARTESIAN_POINT('',(-1.4,29.55,4.4));
#15706=CARTESIAN_POINT('Origin',(-0.5,29.55,4.4));
#15707=CARTESIAN_POINT('',(-1.4,57.55,4.4));
#15708=CARTESIAN_POINT('',(-1.4,57.55,4.4));
#15709=CARTESIAN_POINT('',(-0.5,58.45,4.4));
#15710=CARTESIAN_POINT('Origin',(-0.5,57.55,4.4));
#15711=CARTESIAN_POINT('',(-1.517812342155E-14,58.45,4.4));
#15712=CARTESIAN_POINT('Origin',(-1.33329E-14,58.45,4.5));
#15713=CARTESIAN_POINT('',(-0.5,58.55,4.5));
#15714=CARTESIAN_POINT('Origin',(-0.5,58.45,4.5));
#15715=CARTESIAN_POINT('',(-0.5,58.55,4.5));
#15716=CARTESIAN_POINT('Origin',(-1.792518E-14,58.55,4.4));
#15717=CARTESIAN_POINT('',(-0.5,58.55,5.9));
#15718=CARTESIAN_POINT('',(-0.5,58.55,5.9));
#15719=CARTESIAN_POINT('',(-0.01309030168616,58.55,5.9));
#15720=CARTESIAN_POINT('Origin',(34.097,58.45,5.9));
#15721=CARTESIAN_POINT('Origin',(-0.5,58.45,5.9));
#15722=CARTESIAN_POINT('Origin',(-0.5,57.55,5.9));
#15723=CARTESIAN_POINT('',(-1.5,57.55,5.9));
#15724=CARTESIAN_POINT('Origin',(-0.5,57.55,5.9));
#15725=CARTESIAN_POINT('Origin',(-1.4,57.55,5.9));
#15726=CARTESIAN_POINT('Origin',(-1.4,34.8,5.9));
#15727=CARTESIAN_POINT('',(-1.5,29.55,5.9));
#15728=CARTESIAN_POINT('',(-1.5,57.55,5.9));
#15729=CARTESIAN_POINT('Origin',(-1.4,29.55,5.9));
#15730=CARTESIAN_POINT('Origin',(-0.5,29.55,5.9));
#15731=CARTESIAN_POINT('Origin',(-0.5,29.55,5.9));
#15732=CARTESIAN_POINT('Origin',(-0.5,29.55,5.6));
#15733=CARTESIAN_POINT('',(-1.5,29.55,4.5));
#15734=CARTESIAN_POINT('',(-1.5,29.55,5.9));
#15735=CARTESIAN_POINT('Origin',(-0.5,29.55,4.5));
#15736=CARTESIAN_POINT('Origin',(-0.5,29.55,4.5));
#15737=CARTESIAN_POINT('Origin',(-1.4,29.55,4.5));
#15738=CARTESIAN_POINT('Origin',(-1.4,36.05,4.5));
#15739=CARTESIAN_POINT('',(-1.5,57.55,4.5));
#15740=CARTESIAN_POINT('',(-1.5,29.55,4.5));
#15741=CARTESIAN_POINT('Origin',(-1.4,57.55,4.5));
#15742=CARTESIAN_POINT('Origin',(-0.5,57.55,4.5));
#15743=CARTESIAN_POINT('Origin',(-0.5,57.55,4.5));
#15744=CARTESIAN_POINT('Origin',(-0.5,57.55,4.8));
#15745=CARTESIAN_POINT('',(-1.5,57.55,4.5));
#15746=CARTESIAN_POINT('Origin',(-1.5,43.55,5.2));
#15747=CARTESIAN_POINT('Ctrl Pts',(9.502563138931,46.29694155315,-9994.));
#15748=CARTESIAN_POINT('Ctrl Pts',(9.502563138931,46.29694155315,10006.));
#15749=CARTESIAN_POINT('Ctrl Pts',(9.502563138931,45.06787620401,-9994.));
#15750=CARTESIAN_POINT('Ctrl Pts',(9.502563138931,45.06787620401,10006.));
#15751=CARTESIAN_POINT('Ctrl Pts',(9.85142861111,44.47603396666,-9994.));
#15752=CARTESIAN_POINT('Ctrl Pts',(9.85142861111,44.47603396666,10006.));
#15753=CARTESIAN_POINT('Ctrl Pts',(10.62290347642,44.47603396666,-9994.));
#15754=CARTESIAN_POINT('Ctrl Pts',(10.62290347642,44.47603396666,10006.));
#15755=CARTESIAN_POINT('',(9.502563138931,46.29694155315,6.3));
#15756=CARTESIAN_POINT('',(10.62290347642,44.47603396666,6.3));
#15757=CARTESIAN_POINT('Ctrl Pts',(9.502563138931,46.29694155315,6.3));
#15758=CARTESIAN_POINT('Ctrl Pts',(9.502563138931,45.06787620401,6.3));
#15759=CARTESIAN_POINT('Ctrl Pts',(9.85142861111,44.47603396666,6.3));
#15760=CARTESIAN_POINT('Ctrl Pts',(10.62290347642,44.47603396666,6.3));
#15761=CARTESIAN_POINT('',(9.502563138931,46.29694155315,6.3));
#15762=CARTESIAN_POINT('',(10.62290347642,44.47603396666,6.3));
#15763=CARTESIAN_POINT('Origin',(10.62114727945,46.29808266012,6.3));
#15764=CARTESIAN_POINT('',(11.74040750925,46.29977785781,6.3));
#15765=CARTESIAN_POINT('Ctrl Pts',(10.62290347642,44.47603396666,6.3));
#15766=CARTESIAN_POINT('Ctrl Pts',(11.38303312311,44.47603396666,6.3));
#15767=CARTESIAN_POINT('Ctrl Pts',(11.74040750925,45.04424033192,6.3));
#15768=CARTESIAN_POINT('Ctrl Pts',(11.74040750925,46.29977785781,6.3));
#15769=CARTESIAN_POINT('',(10.62290347642,48.1206854443,6.3));
#15770=CARTESIAN_POINT('Ctrl Pts',(11.74040750925,46.29977785781,6.3));
#15771=CARTESIAN_POINT('Ctrl Pts',(11.74040750925,47.51749798834,6.3));
#15772=CARTESIAN_POINT('Ctrl Pts',(11.39059660219,48.1206854443,6.3));
#15773=CARTESIAN_POINT('Ctrl Pts',(10.62290347642,48.1206854443,6.3));
#15774=CARTESIAN_POINT('Ctrl Pts',(10.62290347642,48.1206854443,6.3));
#15775=CARTESIAN_POINT('Ctrl Pts',(9.858992090181,48.1206854443,6.3));
#15776=CARTESIAN_POINT('Ctrl Pts',(9.502563138931,47.56004255812,6.3));
#15777=CARTESIAN_POINT('Ctrl Pts',(9.502563138931,46.29694155315,6.3));
#15778=CARTESIAN_POINT('',(11.13911092305,45.23332730871,6.3));
#15779=CARTESIAN_POINT('',(10.62290347642,44.86460770396,6.3));
#15780=CARTESIAN_POINT('Ctrl Pts',(11.13911092305,45.23332730871,6.3));
#15781=CARTESIAN_POINT('Ctrl Pts',(11.04456743466,44.98751423888,6.3));
#15782=CARTESIAN_POINT('Ctrl Pts',(10.88006176485,44.86460770396,6.3));
#15783=CARTESIAN_POINT('Ctrl Pts',(10.62290347642,44.86460770396,6.3));
#15784=CARTESIAN_POINT('',(10.09818711582,45.24183622266,6.3));
#15785=CARTESIAN_POINT('Ctrl Pts',(10.62290347642,44.86460770396,6.3));
#15786=CARTESIAN_POINT('Ctrl Pts',(10.35061822984,44.86460770396,6.3));
#15787=CARTESIAN_POINT('Ctrl Pts',(10.18894886468,44.99980489237,6.3));
#15788=CARTESIAN_POINT('Ctrl Pts',(10.09818711582,45.24183622266,6.3));
#15789=CARTESIAN_POINT('',(9.979062320443,46.29694155315,6.3));
#15790=CARTESIAN_POINT('Ctrl Pts',(10.09818711582,45.24183622266,6.3));
#15791=CARTESIAN_POINT('Ctrl Pts',(9.99986188789,45.4989945111,6.3));
#15792=CARTESIAN_POINT('Ctrl Pts',(9.979062320443,45.8053154135,6.3));
#15793=CARTESIAN_POINT('Ctrl Pts',(9.979062320443,46.29694155315,6.3));
#15794=CARTESIAN_POINT('',(10.10102342047,47.36339210225,6.3));
#15795=CARTESIAN_POINT('Ctrl Pts',(9.979062320443,46.29694155315,6.3));
#15796=CARTESIAN_POINT('Ctrl Pts',(9.979062320443,46.75453203699,6.3));
#15797=CARTESIAN_POINT('Ctrl Pts',(10.00647993208,47.1251425115,6.3));
#15798=CARTESIAN_POINT('Ctrl Pts',(10.10102342047,47.36339210225,6.3));
#15799=CARTESIAN_POINT('',(10.62290347642,47.73211170699,6.3));
#15800=CARTESIAN_POINT('Ctrl Pts',(10.10102342047,47.36339210225,6.3));
#15801=CARTESIAN_POINT('Ctrl Pts',(10.1993486484,47.60920517208,6.3));
#15802=CARTESIAN_POINT('Ctrl Pts',(10.36196344844,47.73211170699,6.3));
#15803=CARTESIAN_POINT('Ctrl Pts',(10.62290347642,47.73211170699,6.3));
#15804=CARTESIAN_POINT('',(11.1362746184,47.36906471156,6.3));
#15805=CARTESIAN_POINT('Ctrl Pts',(10.62290347642,47.73211170699,6.3));
#15806=CARTESIAN_POINT('Ctrl Pts',(10.88384350439,47.73211170699,6.3));
#15807=CARTESIAN_POINT('Ctrl Pts',(11.04173113001,47.60731430231,6.3));
#15808=CARTESIAN_POINT('Ctrl Pts',(11.1362746184,47.36906471156,6.3));
#15809=CARTESIAN_POINT('',(11.26390832774,46.29977785781,6.3));
#15810=CARTESIAN_POINT('Ctrl Pts',(11.1362746184,47.36906471156,6.3));
#15811=CARTESIAN_POINT('Ctrl Pts',(11.2308181068,47.1308151208,6.3));
#15812=CARTESIAN_POINT('Ctrl Pts',(11.26390832774,46.78005877885,6.3));
#15813=CARTESIAN_POINT('Ctrl Pts',(11.26390832774,46.29977785781,6.3));
#15814=CARTESIAN_POINT('Ctrl Pts',(11.26390832774,46.29977785781,6.3));
#15815=CARTESIAN_POINT('Ctrl Pts',(11.26390832774,45.81949693676,6.3));
#15816=CARTESIAN_POINT('Ctrl Pts',(11.22987267191,45.46401342039,6.3));
#15817=CARTESIAN_POINT('Ctrl Pts',(11.13911092305,45.23332730871,6.3));
#15818=CARTESIAN_POINT('Ctrl Pts',(10.62290347642,48.1206854443,-9994.));
#15819=CARTESIAN_POINT('Ctrl Pts',(10.62290347642,48.1206854443,10006.));
#15820=CARTESIAN_POINT('Ctrl Pts',(9.858992090181,48.1206854443,-9994.));
#15821=CARTESIAN_POINT('Ctrl Pts',(9.858992090181,48.1206854443,10006.));
#15822=CARTESIAN_POINT('Ctrl Pts',(9.502563138931,47.56004255812,-9994.));
#15823=CARTESIAN_POINT('Ctrl Pts',(9.502563138931,47.56004255812,10006.));
#15824=CARTESIAN_POINT('Ctrl Pts',(9.502563138931,46.29694155315,-9994.));
#15825=CARTESIAN_POINT('Ctrl Pts',(9.502563138931,46.29694155315,10006.));
#15826=CARTESIAN_POINT('',(10.62290347642,48.1206854443,6.3));
#15827=CARTESIAN_POINT('Ctrl Pts',(11.74040750925,46.29977785781,-9994.));
#15828=CARTESIAN_POINT('Ctrl Pts',(11.74040750925,46.29977785781,10006.));
#15829=CARTESIAN_POINT('Ctrl Pts',(11.74040750925,47.51749798834,-9994.));
#15830=CARTESIAN_POINT('Ctrl Pts',(11.74040750925,47.51749798834,10006.));
#15831=CARTESIAN_POINT('Ctrl Pts',(11.39059660219,48.1206854443,-9994.));
#15832=CARTESIAN_POINT('Ctrl Pts',(11.39059660219,48.1206854443,10006.));
#15833=CARTESIAN_POINT('Ctrl Pts',(10.62290347642,48.1206854443,-9994.));
#15834=CARTESIAN_POINT('Ctrl Pts',(10.62290347642,48.1206854443,10006.));
#15835=CARTESIAN_POINT('',(11.74040750925,46.29977785781,6.3));
#15836=CARTESIAN_POINT('Ctrl Pts',(10.62290347642,44.47603396666,-9994.));
#15837=CARTESIAN_POINT('Ctrl Pts',(10.62290347642,44.47603396666,10006.));
#15838=CARTESIAN_POINT('Ctrl Pts',(11.38303312311,44.47603396666,-9994.));
#15839=CARTESIAN_POINT('Ctrl Pts',(11.38303312311,44.47603396666,10006.));
#15840=CARTESIAN_POINT('Ctrl Pts',(11.74040750925,45.04424033192,-9994.));
#15841=CARTESIAN_POINT('Ctrl Pts',(11.74040750925,45.04424033192,10006.));
#15842=CARTESIAN_POINT('Ctrl Pts',(11.74040750925,46.29977785781,-9994.));
#15843=CARTESIAN_POINT('Ctrl Pts',(11.74040750925,46.29977785781,10006.));
#15844=CARTESIAN_POINT('Ctrl Pts',(10.62290347642,44.86460770396,-9994.));
#15845=CARTESIAN_POINT('Ctrl Pts',(10.62290347642,44.86460770396,10006.));
#15846=CARTESIAN_POINT('Ctrl Pts',(10.88006176485,44.86460770396,-9994.));
#15847=CARTESIAN_POINT('Ctrl Pts',(10.88006176485,44.86460770396,10006.));
#15848=CARTESIAN_POINT('Ctrl Pts',(11.04456743466,44.98751423888,-9994.));
#15849=CARTESIAN_POINT('Ctrl Pts',(11.04456743466,44.98751423888,10006.));
#15850=CARTESIAN_POINT('Ctrl Pts',(11.13911092305,45.23332730871,-9994.));
#15851=CARTESIAN_POINT('Ctrl Pts',(11.13911092305,45.23332730871,10006.));
#15852=CARTESIAN_POINT('',(11.13911092305,45.23332730871,6.));
#15853=CARTESIAN_POINT('',(11.13911092305,45.23332730871,6.3));
#15854=CARTESIAN_POINT('',(10.62290347642,44.86460770396,6.));
#15855=CARTESIAN_POINT('Ctrl Pts',(10.62290347642,44.86460770396,6.));
#15856=CARTESIAN_POINT('Ctrl Pts',(10.88006176485,44.86460770396,6.));
#15857=CARTESIAN_POINT('Ctrl Pts',(11.04456743466,44.98751423888,6.));
#15858=CARTESIAN_POINT('Ctrl Pts',(11.13911092305,45.23332730871,6.));
#15859=CARTESIAN_POINT('',(10.62290347642,44.86460770396,6.3));
#15860=CARTESIAN_POINT('Ctrl Pts',(10.09818711582,45.24183622266,-9994.));
#15861=CARTESIAN_POINT('Ctrl Pts',(10.09818711582,45.24183622266,10006.));
#15862=CARTESIAN_POINT('Ctrl Pts',(10.18894886468,44.99980489237,-9994.));
#15863=CARTESIAN_POINT('Ctrl Pts',(10.18894886468,44.99980489237,10006.));
#15864=CARTESIAN_POINT('Ctrl Pts',(10.35061822984,44.86460770396,-9994.));
#15865=CARTESIAN_POINT('Ctrl Pts',(10.35061822984,44.86460770396,10006.));
#15866=CARTESIAN_POINT('Ctrl Pts',(10.62290347642,44.86460770396,-9994.));
#15867=CARTESIAN_POINT('Ctrl Pts',(10.62290347642,44.86460770396,10006.));
#15868=CARTESIAN_POINT('',(10.09818711582,45.24183622266,6.));
#15869=CARTESIAN_POINT('Ctrl Pts',(10.09818711582,45.24183622266,6.));
#15870=CARTESIAN_POINT('Ctrl Pts',(10.18894886468,44.99980489237,6.));
#15871=CARTESIAN_POINT('Ctrl Pts',(10.35061822984,44.86460770396,6.));
#15872=CARTESIAN_POINT('Ctrl Pts',(10.62290347642,44.86460770396,6.));
#15873=CARTESIAN_POINT('',(10.09818711582,45.24183622266,6.3));
#15874=CARTESIAN_POINT('Ctrl Pts',(9.979062320443,46.29694155315,-9994.));
#15875=CARTESIAN_POINT('Ctrl Pts',(9.979062320443,46.29694155315,10006.));
#15876=CARTESIAN_POINT('Ctrl Pts',(9.979062320443,45.8053154135,-9994.));
#15877=CARTESIAN_POINT('Ctrl Pts',(9.979062320443,45.8053154135,10006.));
#15878=CARTESIAN_POINT('Ctrl Pts',(9.99986188789,45.4989945111,-9994.));
#15879=CARTESIAN_POINT('Ctrl Pts',(9.99986188789,45.4989945111,10006.));
#15880=CARTESIAN_POINT('Ctrl Pts',(10.09818711582,45.24183622266,-9994.));
#15881=CARTESIAN_POINT('Ctrl Pts',(10.09818711582,45.24183622266,10006.));
#15882=CARTESIAN_POINT('',(9.979062320443,46.29694155315,6.));
#15883=CARTESIAN_POINT('Ctrl Pts',(9.979062320443,46.29694155315,6.));
#15884=CARTESIAN_POINT('Ctrl Pts',(9.979062320443,45.8053154135,6.));
#15885=CARTESIAN_POINT('Ctrl Pts',(9.99986188789,45.4989945111,6.));
#15886=CARTESIAN_POINT('Ctrl Pts',(10.09818711582,45.24183622266,6.));
#15887=CARTESIAN_POINT('',(9.979062320443,46.29694155315,6.3));
#15888=CARTESIAN_POINT('Ctrl Pts',(10.10102342047,47.36339210225,-9994.));
#15889=CARTESIAN_POINT('Ctrl Pts',(10.10102342047,47.36339210225,10006.));
#15890=CARTESIAN_POINT('Ctrl Pts',(10.00647993208,47.1251425115,-9994.));
#15891=CARTESIAN_POINT('Ctrl Pts',(10.00647993208,47.1251425115,10006.));
#15892=CARTESIAN_POINT('Ctrl Pts',(9.979062320443,46.75453203699,-9994.));
#15893=CARTESIAN_POINT('Ctrl Pts',(9.979062320443,46.75453203699,10006.));
#15894=CARTESIAN_POINT('Ctrl Pts',(9.979062320443,46.29694155315,-9994.));
#15895=CARTESIAN_POINT('Ctrl Pts',(9.979062320443,46.29694155315,10006.));
#15896=CARTESIAN_POINT('',(10.10102342047,47.36339210225,6.));
#15897=CARTESIAN_POINT('Ctrl Pts',(10.10102342047,47.36339210225,6.));
#15898=CARTESIAN_POINT('Ctrl Pts',(10.00647993208,47.1251425115,6.));
#15899=CARTESIAN_POINT('Ctrl Pts',(9.979062320443,46.75453203699,6.));
#15900=CARTESIAN_POINT('Ctrl Pts',(9.979062320443,46.29694155315,6.));
#15901=CARTESIAN_POINT('',(10.10102342047,47.36339210225,6.3));
#15902=CARTESIAN_POINT('Ctrl Pts',(10.62290347642,47.73211170699,-9994.));
#15903=CARTESIAN_POINT('Ctrl Pts',(10.62290347642,47.73211170699,10006.));
#15904=CARTESIAN_POINT('Ctrl Pts',(10.36196344844,47.73211170699,-9994.));
#15905=CARTESIAN_POINT('Ctrl Pts',(10.36196344844,47.73211170699,10006.));
#15906=CARTESIAN_POINT('Ctrl Pts',(10.1993486484,47.60920517208,-9994.));
#15907=CARTESIAN_POINT('Ctrl Pts',(10.1993486484,47.60920517208,10006.));
#15908=CARTESIAN_POINT('Ctrl Pts',(10.10102342047,47.36339210225,-9994.));
#15909=CARTESIAN_POINT('Ctrl Pts',(10.10102342047,47.36339210225,10006.));
#15910=CARTESIAN_POINT('',(10.62290347642,47.73211170699,6.));
#15911=CARTESIAN_POINT('Ctrl Pts',(10.62290347642,47.73211170699,6.));
#15912=CARTESIAN_POINT('Ctrl Pts',(10.36196344844,47.73211170699,6.));
#15913=CARTESIAN_POINT('Ctrl Pts',(10.1993486484,47.60920517208,6.));
#15914=CARTESIAN_POINT('Ctrl Pts',(10.10102342047,47.36339210225,6.));
#15915=CARTESIAN_POINT('',(10.62290347642,47.73211170699,6.3));
#15916=CARTESIAN_POINT('Ctrl Pts',(11.1362746184,47.36906471156,-9994.));
#15917=CARTESIAN_POINT('Ctrl Pts',(11.1362746184,47.36906471156,10006.));
#15918=CARTESIAN_POINT('Ctrl Pts',(11.04173113001,47.60731430231,-9994.));
#15919=CARTESIAN_POINT('Ctrl Pts',(11.04173113001,47.60731430231,10006.));
#15920=CARTESIAN_POINT('Ctrl Pts',(10.88384350439,47.73211170699,-9994.));
#15921=CARTESIAN_POINT('Ctrl Pts',(10.88384350439,47.73211170699,10006.));
#15922=CARTESIAN_POINT('Ctrl Pts',(10.62290347642,47.73211170699,-9994.));
#15923=CARTESIAN_POINT('Ctrl Pts',(10.62290347642,47.73211170699,10006.));
#15924=CARTESIAN_POINT('',(11.1362746184,47.36906471156,6.));
#15925=CARTESIAN_POINT('Ctrl Pts',(11.1362746184,47.36906471156,6.));
#15926=CARTESIAN_POINT('Ctrl Pts',(11.04173113001,47.60731430231,6.));
#15927=CARTESIAN_POINT('Ctrl Pts',(10.88384350439,47.73211170699,6.));
#15928=CARTESIAN_POINT('Ctrl Pts',(10.62290347642,47.73211170699,6.));
#15929=CARTESIAN_POINT('',(11.1362746184,47.36906471156,6.3));
#15930=CARTESIAN_POINT('Ctrl Pts',(11.26390832774,46.29977785781,-9994.));
#15931=CARTESIAN_POINT('Ctrl Pts',(11.26390832774,46.29977785781,10006.));
#15932=CARTESIAN_POINT('Ctrl Pts',(11.26390832774,46.78005877885,-9994.));
#15933=CARTESIAN_POINT('Ctrl Pts',(11.26390832774,46.78005877885,10006.));
#15934=CARTESIAN_POINT('Ctrl Pts',(11.2308181068,47.1308151208,-9994.));
#15935=CARTESIAN_POINT('Ctrl Pts',(11.2308181068,47.1308151208,10006.));
#15936=CARTESIAN_POINT('Ctrl Pts',(11.1362746184,47.36906471156,-9994.));
#15937=CARTESIAN_POINT('Ctrl Pts',(11.1362746184,47.36906471156,10006.));
#15938=CARTESIAN_POINT('',(11.26390832774,46.29977785781,6.));
#15939=CARTESIAN_POINT('Ctrl Pts',(11.26390832774,46.29977785781,6.));
#15940=CARTESIAN_POINT('Ctrl Pts',(11.26390832774,46.78005877885,6.));
#15941=CARTESIAN_POINT('Ctrl Pts',(11.2308181068,47.1308151208,6.));
#15942=CARTESIAN_POINT('Ctrl Pts',(11.1362746184,47.36906471156,6.));
#15943=CARTESIAN_POINT('',(11.26390832774,46.29977785781,6.3));
#15944=CARTESIAN_POINT('Ctrl Pts',(11.13911092305,45.23332730871,-9994.));
#15945=CARTESIAN_POINT('Ctrl Pts',(11.13911092305,45.23332730871,10006.));
#15946=CARTESIAN_POINT('Ctrl Pts',(11.22987267191,45.46401342039,-9994.));
#15947=CARTESIAN_POINT('Ctrl Pts',(11.22987267191,45.46401342039,10006.));
#15948=CARTESIAN_POINT('Ctrl Pts',(11.26390832774,45.81949693676,-9994.));
#15949=CARTESIAN_POINT('Ctrl Pts',(11.26390832774,45.81949693676,10006.));
#15950=CARTESIAN_POINT('Ctrl Pts',(11.26390832774,46.29977785781,-9994.));
#15951=CARTESIAN_POINT('Ctrl Pts',(11.26390832774,46.29977785781,10006.));
#15952=CARTESIAN_POINT('Ctrl Pts',(11.13911092305,45.23332730871,6.));
#15953=CARTESIAN_POINT('Ctrl Pts',(11.22987267191,45.46401342039,6.));
#15954=CARTESIAN_POINT('Ctrl Pts',(11.26390832774,45.81949693676,6.));
#15955=CARTESIAN_POINT('Ctrl Pts',(11.26390832774,46.29977785781,6.));
#15956=CARTESIAN_POINT('Origin',(68.194,26.05,6.));
#15957=CARTESIAN_POINT('Origin',(8.487166073565,44.54977788761,6.));
#15958=CARTESIAN_POINT('',(8.487166073565,47.56476973254,6.3));
#15959=CARTESIAN_POINT('',(8.487166073565,44.54977788761,6.3));
#15960=CARTESIAN_POINT('',(8.487166073565,47.56476973254,6.3));
#15961=CARTESIAN_POINT('',(8.487166073565,47.56476973253,6.3));
#15962=CARTESIAN_POINT('',(8.487166073565,44.54977788761,6.3));
#15963=CARTESIAN_POINT('Origin',(7.446407147254,46.43856571876,6.3));
#15964=CARTESIAN_POINT('',(8.95232003647,44.54977788761,6.3));
#15965=CARTESIAN_POINT('',(8.487166073565,44.54977788761,6.3));
#15966=CARTESIAN_POINT('',(8.95232003647,48.049777828,6.3));
#15967=CARTESIAN_POINT('',(8.95232003647,44.54977788761,6.3));
#15968=CARTESIAN_POINT('',(8.305642575846,48.049777828,6.3));
#15969=CARTESIAN_POINT('',(8.95232003647,48.049777828,6.3));
#15970=CARTESIAN_POINT('',(7.460423789592,46.10123653218,6.3));
#15971=CARTESIAN_POINT('',(8.305642575846,48.049777828,6.3));
#15972=CARTESIAN_POINT('',(6.586841956819,48.049777828,6.3));
#15973=CARTESIAN_POINT('',(7.460423789592,46.10123653218,6.3));
#15974=CARTESIAN_POINT('',(5.951509714802,48.049777828,6.3));
#15975=CARTESIAN_POINT('',(6.586841956819,48.049777828,6.3));
#15976=CARTESIAN_POINT('',(5.951509714802,44.54977788761,6.3));
#15977=CARTESIAN_POINT('',(5.951509714802,48.049777828,6.3));
#15978=CARTESIAN_POINT('',(6.385464326537,44.54977788761,6.3));
#15979=CARTESIAN_POINT('',(5.951509714802,44.54977788761,6.3));
#15980=CARTESIAN_POINT('',(6.385464326537,47.56476973253,6.3));
#15981=CARTESIAN_POINT('',(6.385464326537,44.54977788761,6.3));
#15982=CARTESIAN_POINT('',(7.29024551048,45.51412146924,6.3));
#15983=CARTESIAN_POINT('',(6.385464326537,47.56476973253,6.3));
#15984=CARTESIAN_POINT('',(7.573875975666,45.51412146924,6.3));
#15985=CARTESIAN_POINT('',(7.29024551048,45.51412146924,6.3));
#15986=CARTESIAN_POINT('',(7.573875975666,45.51412146924,6.3));
#15987=CARTESIAN_POINT('Origin',(8.487166073565,47.56476973253,6.));
#15988=CARTESIAN_POINT('',(7.573875975666,45.51412146924,6.3));
#15989=CARTESIAN_POINT('Origin',(7.573875975666,45.51412146924,6.));
#15990=CARTESIAN_POINT('',(7.29024551048,45.51412146924,6.3));
#15991=CARTESIAN_POINT('Origin',(7.29024551048,45.51412146924,6.));
#15992=CARTESIAN_POINT('',(6.385464326537,47.56476973253,6.3));
#15993=CARTESIAN_POINT('Origin',(6.385464326537,47.56476973253,6.));
#15994=CARTESIAN_POINT('',(6.385464326537,44.54977788761,6.3));
#15995=CARTESIAN_POINT('Origin',(6.385464326537,44.54977788761,6.));
#15996=CARTESIAN_POINT('',(5.951509714802,44.54977788761,6.3));
#15997=CARTESIAN_POINT('Origin',(5.951509714802,44.54977788761,6.));
#15998=CARTESIAN_POINT('',(5.951509714802,48.049777828,6.3));
#15999=CARTESIAN_POINT('Origin',(5.951509714802,48.049777828,6.));
#16000=CARTESIAN_POINT('',(6.586841956819,48.049777828,6.3));
#16001=CARTESIAN_POINT('Origin',(6.586841956819,48.049777828,6.));
#16002=CARTESIAN_POINT('',(7.460423789592,46.10123653218,6.3));
#16003=CARTESIAN_POINT('Origin',(7.460423789592,46.10123653218,6.));
#16004=CARTESIAN_POINT('',(8.305642575846,48.049777828,6.3));
#16005=CARTESIAN_POINT('Origin',(8.305642575846,48.049777828,6.));
#16006=CARTESIAN_POINT('',(8.95232003647,48.049777828,6.3));
#16007=CARTESIAN_POINT('Origin',(8.95232003647,48.049777828,6.));
#16008=CARTESIAN_POINT('',(8.95232003647,44.54977788761,6.3));
#16009=CARTESIAN_POINT('Origin',(8.95232003647,44.54977788761,6.));
#16010=CARTESIAN_POINT('Origin',(4.019986246885,44.54977788761,6.));
#16011=CARTESIAN_POINT('',(4.019986246885,44.90715227374,6.3));
#16012=CARTESIAN_POINT('',(4.019986246885,44.54977788761,6.3));
#16013=CARTESIAN_POINT('',(4.019986246885,44.90715227374,6.3));
#16014=CARTESIAN_POINT('',(4.019986246885,44.90715227374,6.3));
#16015=CARTESIAN_POINT('',(4.019986246885,44.54977788761,6.3));
#16016=CARTESIAN_POINT('Origin',(4.69786305868,46.29977785781,6.3));
#16017=CARTESIAN_POINT('',(5.375739870474,44.54977788761,6.3));
#16018=CARTESIAN_POINT('',(4.019986246885,44.54977788761,6.3));
#16019=CARTESIAN_POINT('',(5.375739870474,44.90715227374,6.3));
#16020=CARTESIAN_POINT('',(5.375739870474,44.54977788761,6.3));
#16021=CARTESIAN_POINT('',(4.930440040132,44.90715227374,6.3));
#16022=CARTESIAN_POINT('',(5.375739870474,44.90715227374,6.3));
#16023=CARTESIAN_POINT('',(4.930440040132,47.69240344187,6.3));
#16024=CARTESIAN_POINT('',(4.930440040132,44.90715227374,6.3));
#16025=CARTESIAN_POINT('',(5.375739870474,47.69240344187,6.3));
#16026=CARTESIAN_POINT('',(4.930440040132,47.69240344187,6.3));
#16027=CARTESIAN_POINT('',(5.375739870474,48.049777828,6.3));
#16028=CARTESIAN_POINT('',(5.375739870474,47.69240344187,6.3));
#16029=CARTESIAN_POINT('',(4.019986246885,48.049777828,6.3));
#16030=CARTESIAN_POINT('',(5.375739870474,48.049777828,6.3));
#16031=CARTESIAN_POINT('',(4.019986246885,47.69240344187,6.3));
#16032=CARTESIAN_POINT('',(4.019986246885,48.049777828,6.3));
#16033=CARTESIAN_POINT('',(4.465286077227,47.69240344187,6.3));
#16034=CARTESIAN_POINT('',(4.019986246885,47.69240344187,6.3));
#16035=CARTESIAN_POINT('',(4.465286077227,44.90715227374,6.3));
#16036=CARTESIAN_POINT('',(4.465286077227,47.69240344187,6.3));
#16037=CARTESIAN_POINT('',(4.465286077227,44.90715227374,6.3));
#16038=CARTESIAN_POINT('Origin',(4.019986246885,44.90715227374,6.));
#16039=CARTESIAN_POINT('',(4.465286077227,44.90715227374,6.3));
#16040=CARTESIAN_POINT('Origin',(4.465286077227,44.90715227374,6.));
#16041=CARTESIAN_POINT('',(4.465286077227,47.69240344187,6.3));
#16042=CARTESIAN_POINT('Origin',(4.465286077227,47.69240344187,6.));
#16043=CARTESIAN_POINT('',(4.019986246885,47.69240344187,6.3));
#16044=CARTESIAN_POINT('Origin',(4.019986246885,47.69240344187,6.));
#16045=CARTESIAN_POINT('',(4.019986246885,48.049777828,6.3));
#16046=CARTESIAN_POINT('Origin',(4.019986246885,48.049777828,6.));
#16047=CARTESIAN_POINT('',(5.375739870474,48.049777828,6.3));
#16048=CARTESIAN_POINT('Origin',(5.375739870474,48.049777828,6.));
#16049=CARTESIAN_POINT('',(5.375739870474,47.69240344187,6.3));
#16050=CARTESIAN_POINT('Origin',(5.375739870474,47.69240344187,6.));
#16051=CARTESIAN_POINT('',(4.930440040132,47.69240344187,6.3));
#16052=CARTESIAN_POINT('Origin',(4.930440040132,47.69240344187,6.));
#16053=CARTESIAN_POINT('',(4.930440040132,44.90715227374,6.3));
#16054=CARTESIAN_POINT('Origin',(4.930440040132,44.90715227374,6.));
#16055=CARTESIAN_POINT('',(5.375739870474,44.90715227374,6.3));
#16056=CARTESIAN_POINT('Origin',(5.375739870474,44.90715227374,6.));
#16057=CARTESIAN_POINT('',(5.375739870474,44.54977788761,6.3));
#16058=CARTESIAN_POINT('Origin',(5.375739870474,44.54977788761,6.));
#16059=CARTESIAN_POINT('Origin',(12.46366519547,44.54977788761,6.));
#16060=CARTESIAN_POINT('',(12.46366519547,44.90715227374,6.3));
#16061=CARTESIAN_POINT('',(12.46366519547,44.54977788761,6.3));
#16062=CARTESIAN_POINT('',(12.46366519547,44.90715227374,6.3));
#16063=CARTESIAN_POINT('',(12.46366519547,44.90715227374,6.3));
#16064=CARTESIAN_POINT('',(12.46366519547,44.54977788761,6.3));
#16065=CARTESIAN_POINT('Origin',(13.25070306765,46.0588686528,6.3));
#16066=CARTESIAN_POINT('',(14.17112059589,44.54977788761,6.3));
#16067=CARTESIAN_POINT('',(12.46366519547,44.54977788761,6.3));
#16068=CARTESIAN_POINT('',(14.17112059589,44.90715227374,6.3));
#16069=CARTESIAN_POINT('',(14.17112059589,44.54977788761,6.3));
#16070=CARTESIAN_POINT('',(13.54996987714,44.90715227374,6.3));
#16071=CARTESIAN_POINT('',(14.17112059589,44.90715227374,6.3));
#16072=CARTESIAN_POINT('',(13.54996987714,48.06112304661,6.3));
#16073=CARTESIAN_POINT('',(13.54996987714,44.90715227374,6.3));
#16074=CARTESIAN_POINT('',(13.1869228817,48.06112304661,6.3));
#16075=CARTESIAN_POINT('',(13.54996987714,48.06112304661,6.3));
#16076=CARTESIAN_POINT('',(12.46366519547,47.57327864649,6.3));
#16077=CARTESIAN_POINT('Ctrl Pts',(13.1869228817,48.06112304661,6.3));
#16078=CARTESIAN_POINT('Ctrl Pts',(13.15666896541,47.68294909303,6.3));
#16079=CARTESIAN_POINT('Ctrl Pts',(12.94394611652,47.57327864649,6.3));
#16080=CARTESIAN_POINT('Ctrl Pts',(12.46366519547,47.57327864649,6.3));
#16081=CARTESIAN_POINT('',(12.46366519547,47.25277622083,6.3));
#16082=CARTESIAN_POINT('',(12.46366519547,47.57327864649,6.3));
#16083=CARTESIAN_POINT('',(13.09899743749,47.25277622083,6.3));
#16084=CARTESIAN_POINT('',(12.46366519547,47.25277622083,6.3));
#16085=CARTESIAN_POINT('',(13.09899743749,44.90715227374,6.3));
#16086=CARTESIAN_POINT('',(13.09899743749,47.25277622083,6.3));
#16087=CARTESIAN_POINT('',(13.09899743749,44.90715227374,6.3));
#16088=CARTESIAN_POINT('Origin',(12.46366519547,44.90715227374,6.));
#16089=CARTESIAN_POINT('',(13.09899743749,44.90715227374,6.3));
#16090=CARTESIAN_POINT('Origin',(13.09899743749,44.90715227374,6.));
#16091=CARTESIAN_POINT('',(13.09899743749,47.25277622083,6.3));
#16092=CARTESIAN_POINT('Origin',(13.09899743749,47.25277622083,6.));
#16093=CARTESIAN_POINT('',(12.46366519547,47.25277622083,6.3));
#16094=CARTESIAN_POINT('Origin',(12.46366519547,47.25277622083,6.));
#16095=CARTESIAN_POINT('',(12.46366519547,47.57327864649,6.));
#16096=CARTESIAN_POINT('Ctrl Pts',(13.1869228817,48.06112304661,-9994.));
#16097=CARTESIAN_POINT('Ctrl Pts',(13.1869228817,48.06112304661,10006.));
#16098=CARTESIAN_POINT('Ctrl Pts',(13.15666896541,47.68294909303,-9994.));
#16099=CARTESIAN_POINT('Ctrl Pts',(13.15666896541,47.68294909303,10006.));
#16100=CARTESIAN_POINT('Ctrl Pts',(12.94394611652,47.57327864649,-9994.));
#16101=CARTESIAN_POINT('Ctrl Pts',(12.94394611652,47.57327864649,10006.));
#16102=CARTESIAN_POINT('Ctrl Pts',(12.46366519547,47.57327864649,-9994.));
#16103=CARTESIAN_POINT('Ctrl Pts',(12.46366519547,47.57327864649,10006.));
#16104=CARTESIAN_POINT('',(13.1869228817,48.06112304661,6.3));
#16105=CARTESIAN_POINT('Origin',(13.1869228817,48.06112304661,6.));
#16106=CARTESIAN_POINT('',(13.54996987714,48.06112304661,6.3));
#16107=CARTESIAN_POINT('Origin',(13.54996987714,48.06112304661,6.));
#16108=CARTESIAN_POINT('',(13.54996987714,44.90715227374,6.3));
#16109=CARTESIAN_POINT('Origin',(13.54996987714,44.90715227374,6.));
#16110=CARTESIAN_POINT('',(14.17112059589,44.90715227374,6.3));
#16111=CARTESIAN_POINT('Origin',(14.17112059589,44.90715227374,6.));
#16112=CARTESIAN_POINT('',(14.17112059589,44.54977788761,6.3));
#16113=CARTESIAN_POINT('Origin',(14.17112059589,44.54977788761,6.));
#16114=CARTESIAN_POINT('Origin',(48.222,58.05,10.3));
#16115=CARTESIAN_POINT('',(48.222,61.05,10.2));
#16116=CARTESIAN_POINT('Origin',(48.222,61.15,10.2));
#16117=CARTESIAN_POINT('',(48.222,58.15,10.2));
#16118=CARTESIAN_POINT('',(48.222,58.15,10.2));
#16119=CARTESIAN_POINT('',(48.222,58.15,8.930601860808));
#16120=CARTESIAN_POINT('',(48.222,58.15,8.930601860808));
#16121=CARTESIAN_POINT('',(48.222,58.15,8.930601860808));
#16122=CARTESIAN_POINT('Origin',(48.222,61.05,6.9));
#16123=CARTESIAN_POINT('',(44.322,58.05,9.000622614629));
#16124=CARTESIAN_POINT('Origin',(44.322,58.15,8.93060186080798));
#16125=CARTESIAN_POINT('',(48.122,58.05,9.000622614629));
#16126=CARTESIAN_POINT('Origin',(48.122,58.15,8.93060186080798));
#16127=CARTESIAN_POINT('',(48.122,58.05,9.000622614629));
#16128=CARTESIAN_POINT('Origin',(44.322,58.15,10.3));
#16129=CARTESIAN_POINT('',(44.322,58.05,10.2));
#16130=CARTESIAN_POINT('',(44.322,58.05,9.000622614629));
#16131=CARTESIAN_POINT('Origin',(44.322,58.15,10.2));
#16132=CARTESIAN_POINT('Origin',(44.322,58.15,10.2));
#16133=CARTESIAN_POINT('Origin',(44.322,58.15,10.2));
#16134=CARTESIAN_POINT('Origin',(44.322,58.15,10.2));
#16135=CARTESIAN_POINT('Origin',(39.1595,58.15,10.2));
#16136=CARTESIAN_POINT('',(48.122,58.05,10.2));
#16137=CARTESIAN_POINT('',(44.322,58.05,10.2));
#16138=CARTESIAN_POINT('Origin',(48.122,58.15,10.2));
#16139=CARTESIAN_POINT('Origin',(48.122,58.15,10.2));
#16140=CARTESIAN_POINT('Origin',(48.122,58.15,10.2));
#16141=CARTESIAN_POINT('Origin',(48.122,58.15,10.2));
#16142=CARTESIAN_POINT('Origin',(48.122,50.8,10.2));
#16143=CARTESIAN_POINT('Origin',(48.122,61.15,10.2));
#16144=CARTESIAN_POINT('Origin',(51.1455,61.15,10.2));
#16145=CARTESIAN_POINT('Origin',(48.122,58.15,10.3));
#16146=CARTESIAN_POINT('',(48.122,58.05,10.2));
#16147=CARTESIAN_POINT('Origin',(44.222,58.05,10.3));
#16148=CARTESIAN_POINT('Origin',(44.322,52.3,10.2));
#16149=CARTESIAN_POINT('Origin',(44.322,61.15,10.2));
#16150=CARTESIAN_POINT('Origin',(51.1455,61.15,10.2));
#16151=CARTESIAN_POINT('Origin',(23.972,58.05,10.3));
#16152=CARTESIAN_POINT('',(23.972,61.05,10.2));
#16153=CARTESIAN_POINT('Origin',(23.972,61.15,10.2));
#16154=CARTESIAN_POINT('',(23.972,58.15,10.2));
#16155=CARTESIAN_POINT('',(23.972,58.15,10.2));
#16156=CARTESIAN_POINT('',(23.972,58.15,8.930601860808));
#16157=CARTESIAN_POINT('',(23.972,58.15,8.930601860808));
#16158=CARTESIAN_POINT('',(23.972,58.15,8.930601860808));
#16159=CARTESIAN_POINT('Origin',(48.222,61.05,6.9));
#16160=CARTESIAN_POINT('',(20.072,58.05,9.000622614629));
#16161=CARTESIAN_POINT('Origin',(20.072,58.15,8.93060186080798));
#16162=CARTESIAN_POINT('',(23.872,58.05,9.000622614629));
#16163=CARTESIAN_POINT('Origin',(23.872,58.15,8.93060186080798));
#16164=CARTESIAN_POINT('',(23.872,58.05,9.000622614629));
#16165=CARTESIAN_POINT('Origin',(20.072,58.15,10.3));
#16166=CARTESIAN_POINT('',(20.072,58.05,10.2));
#16167=CARTESIAN_POINT('',(20.072,58.05,9.000622614629));
#16168=CARTESIAN_POINT('Origin',(20.072,58.15,10.2));
#16169=CARTESIAN_POINT('Origin',(20.072,58.15,10.2));
#16170=CARTESIAN_POINT('Origin',(20.072,58.15,10.2));
#16171=CARTESIAN_POINT('Origin',(20.072,58.15,10.2));
#16172=CARTESIAN_POINT('Origin',(27.0345,58.15,10.2));
#16173=CARTESIAN_POINT('',(23.872,58.05,10.2));
#16174=CARTESIAN_POINT('Origin',(23.872,58.15,10.2));
#16175=CARTESIAN_POINT('',(20.072,58.05,10.2));
#16176=CARTESIAN_POINT('Origin',(23.872,58.15,10.2));
#16177=CARTESIAN_POINT('Origin',(23.872,58.15,10.2));
#16178=CARTESIAN_POINT('Origin',(23.872,58.15,10.2));
#16179=CARTESIAN_POINT('Origin',(23.872,50.8,10.2));
#16180=CARTESIAN_POINT('Origin',(23.872,61.15,10.2));
#16181=CARTESIAN_POINT('Origin',(51.1455,61.15,10.2));
#16182=CARTESIAN_POINT('Origin',(23.872,58.15,10.3));
#16183=CARTESIAN_POINT('',(23.872,58.05,10.2));
#16184=CARTESIAN_POINT('Origin',(19.972,58.05,10.3));
#16185=CARTESIAN_POINT('Origin',(20.072,52.3,10.2));
#16186=CARTESIAN_POINT('Origin',(20.072,61.15,10.2));
#16187=CARTESIAN_POINT('Origin',(51.1455,61.15,10.2));
#16188=CARTESIAN_POINT('Ctrl Pts',(46.59595227661,69.1391197233,-9989.7));
#16189=CARTESIAN_POINT('Ctrl Pts',(46.59595227661,69.1391197233,10010.3));
#16190=CARTESIAN_POINT('Ctrl Pts',(46.85293906085,69.1391197233,-9989.7));
#16191=CARTESIAN_POINT('Ctrl Pts',(46.85293906085,69.1391197233,10010.3));
#16192=CARTESIAN_POINT('Ctrl Pts',(47.42760241488,69.23642287138,-9989.7));
#16193=CARTESIAN_POINT('Ctrl Pts',(47.42760241488,69.23642287138,10010.3));
#16194=CARTESIAN_POINT('Ctrl Pts',(48.11586459828,69.81080541669,-9989.7));
#16195=CARTESIAN_POINT('Ctrl Pts',(48.11586459828,69.81080541669,10010.3));
#16196=CARTESIAN_POINT('Ctrl Pts',(48.28993090629,70.51964561443,-9989.7));
#16197=CARTESIAN_POINT('Ctrl Pts',(48.28993090629,70.51964561443,10010.3));
#16198=CARTESIAN_POINT('Ctrl Pts',(48.28993090629,70.94247335113,-9989.7));
#16199=CARTESIAN_POINT('Ctrl Pts',(48.28993090629,70.94247335113,10010.3));
#16200=CARTESIAN_POINT('',(46.59595227661,69.1391197233,10.6));
#16201=CARTESIAN_POINT('',(48.28993090629,70.94247335113,10.6));
#16202=CARTESIAN_POINT('Ctrl Pts',(46.59595227661,69.1391197233,10.6));
#16203=CARTESIAN_POINT('Ctrl Pts',(46.85293906085,69.1391197233,10.6));
#16204=CARTESIAN_POINT('Ctrl Pts',(47.42760241488,69.23642287138,10.6));
#16205=CARTESIAN_POINT('Ctrl Pts',(48.11586459828,69.81080541669,10.6));
#16206=CARTESIAN_POINT('Ctrl Pts',(48.28993090629,70.51964561443,10.6));
#16207=CARTESIAN_POINT('Ctrl Pts',(48.28993090629,70.94247335113,10.6));
#16208=CARTESIAN_POINT('',(46.59595227661,69.1391197233,10.6));
#16209=CARTESIAN_POINT('',(48.28993090629,70.94247335113,10.6));
#16210=CARTESIAN_POINT('Origin',(34.0383105072,70.94780871689,10.6));
#16211=CARTESIAN_POINT('',(45.83299497253,72.61777820065,10.6));
#16212=CARTESIAN_POINT('',(45.05403157116,71.82280870199,10.6));
#16213=CARTESIAN_POINT('Ctrl Pts',(45.83299497253,72.61777820065,10.6));
#16214=CARTESIAN_POINT('Ctrl Pts',(45.50575920574,72.48261560132,10.6));
#16215=CARTESIAN_POINT('Ctrl Pts',(45.21409254404,72.17849975284,10.6));
#16216=CARTESIAN_POINT('Ctrl Pts',(45.05403157116,71.82280870199,10.6));
#16217=CARTESIAN_POINT('',(44.89397059827,70.92646725384,10.6));
#16218=CARTESIAN_POINT('Ctrl Pts',(45.05403157116,71.82280870199,10.6));
#16219=CARTESIAN_POINT('Ctrl Pts',(44.9473242559,71.58093878741,10.6));
#16220=CARTESIAN_POINT('Ctrl Pts',(44.89397059827,71.28215830469,10.6));
#16221=CARTESIAN_POINT('Ctrl Pts',(44.89397059827,70.92646725384,10.6));
#16222=CARTESIAN_POINT('Ctrl Pts',(44.89397059827,70.92646725384,10.6));
#16223=CARTESIAN_POINT('Ctrl Pts',(44.89397059827,70.64813900655,10.6));
#16224=CARTESIAN_POINT('Ctrl Pts',(44.98695923731,70.02964316569,10.6));
#16225=CARTESIAN_POINT('Ctrl Pts',(45.54560479369,69.31845997017,10.6));
#16226=CARTESIAN_POINT('Ctrl Pts',(46.20647057592,69.1391197233,10.6));
#16227=CARTESIAN_POINT('Ctrl Pts',(46.59595227661,69.1391197233,10.6));
#16228=CARTESIAN_POINT('',(46.58794922796,72.75649771048,10.6));
#16229=CARTESIAN_POINT('Ctrl Pts',(48.28993090629,70.94247335113,10.6));
#16230=CARTESIAN_POINT('Ctrl Pts',(48.28993090629,71.22702619181,10.6));
#16231=CARTESIAN_POINT('Ctrl Pts',(48.19662050726,71.85826080344,10.6));
#16232=CARTESIAN_POINT('Ctrl Pts',(47.63336500765,72.57572709417,10.6));
#16233=CARTESIAN_POINT('Ctrl Pts',(46.97476324576,72.75649771048,10.6));
#16234=CARTESIAN_POINT('Ctrl Pts',(46.58794922796,72.75649771048,10.6));
#16235=CARTESIAN_POINT('Ctrl Pts',(46.58794922796,72.75649771048,10.6));
#16236=CARTESIAN_POINT('Ctrl Pts',(46.30161793202,72.75649771048,10.6));
#16237=CARTESIAN_POINT('Ctrl Pts',(46.04996651355,72.71025787387,10.6));
#16238=CARTESIAN_POINT('Ctrl Pts',(45.83299497253,72.61777820065,10.6));
#16239=CARTESIAN_POINT('',(45.6222480249,70.95047639977,10.6));
#16240=CARTESIAN_POINT('',(46.59595227661,72.15360137928,10.6));
#16241=CARTESIAN_POINT('Ctrl Pts',(45.6222480249,70.95047639977,10.6));
#16242=CARTESIAN_POINT('Ctrl Pts',(45.6222480249,71.7543381747,10.6));
#16243=CARTESIAN_POINT('Ctrl Pts',(46.01261895321,72.15360137928,10.6));
#16244=CARTESIAN_POINT('Ctrl Pts',(46.59595227661,72.15360137928,10.6));
#16245=CARTESIAN_POINT('',(47.56165347967,70.95847944842,10.6));
#16246=CARTESIAN_POINT('Ctrl Pts',(46.59595227661,72.15360137928,10.6));
#16247=CARTESIAN_POINT('Ctrl Pts',(47.1792856,72.15360137928,10.6));
#16248=CARTESIAN_POINT('Ctrl Pts',(47.56165347967,71.76234122334,10.6));
#16249=CARTESIAN_POINT('Ctrl Pts',(47.56165347967,70.95847944842,10.6));
#16250=CARTESIAN_POINT('',(46.59595227661,69.7420160545,10.6));
#16251=CARTESIAN_POINT('Ctrl Pts',(47.56165347967,70.95847944842,10.6));
#16252=CARTESIAN_POINT('Ctrl Pts',(47.56165347967,70.14750385247,10.6));
#16253=CARTESIAN_POINT('Ctrl Pts',(47.16150104746,69.7420160545,10.6));
#16254=CARTESIAN_POINT('Ctrl Pts',(46.59595227661,69.7420160545,10.6));
#16255=CARTESIAN_POINT('Ctrl Pts',(46.59595227661,69.7420160545,10.6));
#16256=CARTESIAN_POINT('Ctrl Pts',(46.03040350575,69.7420160545,10.6));
#16257=CARTESIAN_POINT('Ctrl Pts',(45.6222480249,70.15728535637,10.6));
#16258=CARTESIAN_POINT('Ctrl Pts',(45.6222480249,70.95047639977,10.6));
#16259=CARTESIAN_POINT('Ctrl Pts',(45.83299497253,72.61777820065,-9989.7));
#16260=CARTESIAN_POINT('Ctrl Pts',(45.83299497253,72.61777820065,10010.3));
#16261=CARTESIAN_POINT('Ctrl Pts',(45.50575920574,72.48261560132,-9989.7));
#16262=CARTESIAN_POINT('Ctrl Pts',(45.50575920574,72.48261560132,10010.3));
#16263=CARTESIAN_POINT('Ctrl Pts',(45.21409254404,72.17849975284,-9989.7));
#16264=CARTESIAN_POINT('Ctrl Pts',(45.21409254404,72.17849975284,10010.3));
#16265=CARTESIAN_POINT('Ctrl Pts',(45.05403157116,71.82280870199,-9989.7));
#16266=CARTESIAN_POINT('Ctrl Pts',(45.05403157116,71.82280870199,10010.3));
#16267=CARTESIAN_POINT('',(45.83299497253,72.61777820065,10.6));
#16268=CARTESIAN_POINT('',(45.05403157116,71.82280870199,10.6));
#16269=CARTESIAN_POINT('Ctrl Pts',(45.05403157116,71.82280870199,-9989.7));
#16270=CARTESIAN_POINT('Ctrl Pts',(45.05403157116,71.82280870199,10010.3));
#16271=CARTESIAN_POINT('Ctrl Pts',(44.9473242559,71.58093878741,-9989.7));
#16272=CARTESIAN_POINT('Ctrl Pts',(44.9473242559,71.58093878741,10010.3));
#16273=CARTESIAN_POINT('Ctrl Pts',(44.89397059827,71.28215830469,-9989.7));
#16274=CARTESIAN_POINT('Ctrl Pts',(44.89397059827,71.28215830469,10010.3));
#16275=CARTESIAN_POINT('Ctrl Pts',(44.89397059827,70.92646725384,-9989.7));
#16276=CARTESIAN_POINT('Ctrl Pts',(44.89397059827,70.92646725384,10010.3));
#16277=CARTESIAN_POINT('',(44.89397059827,70.92646725384,10.6));
#16278=CARTESIAN_POINT('Ctrl Pts',(44.89397059827,70.92646725384,-9989.7));
#16279=CARTESIAN_POINT('Ctrl Pts',(44.89397059827,70.92646725384,10010.3));
#16280=CARTESIAN_POINT('Ctrl Pts',(44.89397059827,70.64813900655,-9989.7));
#16281=CARTESIAN_POINT('Ctrl Pts',(44.89397059827,70.64813900655,10010.3));
#16282=CARTESIAN_POINT('Ctrl Pts',(44.98695923731,70.02964316569,-9989.7));
#16283=CARTESIAN_POINT('Ctrl Pts',(44.98695923731,70.02964316569,10010.3));
#16284=CARTESIAN_POINT('Ctrl Pts',(45.54560479369,69.31845997017,-9989.7));
#16285=CARTESIAN_POINT('Ctrl Pts',(45.54560479369,69.31845997017,10010.3));
#16286=CARTESIAN_POINT('Ctrl Pts',(46.20647057592,69.1391197233,-9989.7));
#16287=CARTESIAN_POINT('Ctrl Pts',(46.20647057592,69.1391197233,10010.3));
#16288=CARTESIAN_POINT('Ctrl Pts',(46.59595227661,69.1391197233,-9989.7));
#16289=CARTESIAN_POINT('Ctrl Pts',(46.59595227661,69.1391197233,10010.3));
#16290=CARTESIAN_POINT('Ctrl Pts',(46.58794922796,72.75649771048,-9989.7));
#16291=CARTESIAN_POINT('Ctrl Pts',(46.58794922796,72.75649771048,10010.3));
#16292=CARTESIAN_POINT('Ctrl Pts',(46.30161793202,72.75649771048,-9989.7));
#16293=CARTESIAN_POINT('Ctrl Pts',(46.30161793202,72.75649771048,10010.3));
#16294=CARTESIAN_POINT('Ctrl Pts',(46.04996651355,72.71025787387,-9989.7));
#16295=CARTESIAN_POINT('Ctrl Pts',(46.04996651355,72.71025787387,10010.3));
#16296=CARTESIAN_POINT('Ctrl Pts',(45.83299497253,72.61777820065,-9989.7));
#16297=CARTESIAN_POINT('Ctrl Pts',(45.83299497253,72.61777820065,10010.3));
#16298=CARTESIAN_POINT('',(46.58794922796,72.75649771048,10.6));
#16299=CARTESIAN_POINT('Ctrl Pts',(48.28993090629,70.94247335113,-9989.7));
#16300=CARTESIAN_POINT('Ctrl Pts',(48.28993090629,70.94247335113,10010.3));
#16301=CARTESIAN_POINT('Ctrl Pts',(48.28993090629,71.22702619181,-9989.7));
#16302=CARTESIAN_POINT('Ctrl Pts',(48.28993090629,71.22702619181,10010.3));
#16303=CARTESIAN_POINT('Ctrl Pts',(48.19662050726,71.85826080344,-9989.7));
#16304=CARTESIAN_POINT('Ctrl Pts',(48.19662050726,71.85826080344,10010.3));
#16305=CARTESIAN_POINT('Ctrl Pts',(47.63336500765,72.57572709417,-9989.7));
#16306=CARTESIAN_POINT('Ctrl Pts',(47.63336500765,72.57572709417,10010.3));
#16307=CARTESIAN_POINT('Ctrl Pts',(46.97476324576,72.75649771048,-9989.7));
#16308=CARTESIAN_POINT('Ctrl Pts',(46.97476324576,72.75649771048,10010.3));
#16309=CARTESIAN_POINT('Ctrl Pts',(46.58794922796,72.75649771048,-9989.7));
#16310=CARTESIAN_POINT('Ctrl Pts',(46.58794922796,72.75649771048,10010.3));
#16311=CARTESIAN_POINT('Ctrl Pts',(46.59595227661,72.15360137928,-9989.7));
#16312=CARTESIAN_POINT('Ctrl Pts',(46.59595227661,72.15360137928,10010.3));
#16313=CARTESIAN_POINT('Ctrl Pts',(46.01261895321,72.15360137928,-9989.7));
#16314=CARTESIAN_POINT('Ctrl Pts',(46.01261895321,72.15360137928,10010.3));
#16315=CARTESIAN_POINT('Ctrl Pts',(45.6222480249,71.7543381747,-9989.7));
#16316=CARTESIAN_POINT('Ctrl Pts',(45.6222480249,71.7543381747,10010.3));
#16317=CARTESIAN_POINT('Ctrl Pts',(45.6222480249,70.95047639977,-9989.7));
#16318=CARTESIAN_POINT('Ctrl Pts',(45.6222480249,70.95047639977,10010.3));
#16319=CARTESIAN_POINT('',(45.6222480249,70.95047639977,10.3));
#16320=CARTESIAN_POINT('',(45.6222480249,70.95047639977,10.6));
#16321=CARTESIAN_POINT('',(46.59595227661,72.15360137928,10.3));
#16322=CARTESIAN_POINT('Ctrl Pts',(46.59595227661,72.15360137928,10.3));
#16323=CARTESIAN_POINT('Ctrl Pts',(46.01261895321,72.15360137928,10.3));
#16324=CARTESIAN_POINT('Ctrl Pts',(45.6222480249,71.7543381747,10.3));
#16325=CARTESIAN_POINT('Ctrl Pts',(45.6222480249,70.95047639977,10.3));
#16326=CARTESIAN_POINT('',(46.59595227661,72.15360137928,10.6));
#16327=CARTESIAN_POINT('Ctrl Pts',(47.56165347967,70.95847944842,-9989.7));
#16328=CARTESIAN_POINT('Ctrl Pts',(47.56165347967,70.95847944842,10010.3));
#16329=CARTESIAN_POINT('Ctrl Pts',(47.56165347967,71.76234122334,-9989.7));
#16330=CARTESIAN_POINT('Ctrl Pts',(47.56165347967,71.76234122334,10010.3));
#16331=CARTESIAN_POINT('Ctrl Pts',(47.1792856,72.15360137928,-9989.7));
#16332=CARTESIAN_POINT('Ctrl Pts',(47.1792856,72.15360137928,10010.3));
#16333=CARTESIAN_POINT('Ctrl Pts',(46.59595227661,72.15360137928,-9989.7));
#16334=CARTESIAN_POINT('Ctrl Pts',(46.59595227661,72.15360137928,10010.3));
#16335=CARTESIAN_POINT('',(47.56165347967,70.95847944842,10.3));
#16336=CARTESIAN_POINT('Ctrl Pts',(47.56165347967,70.95847944842,10.3));
#16337=CARTESIAN_POINT('Ctrl Pts',(47.56165347967,71.76234122334,10.3));
#16338=CARTESIAN_POINT('Ctrl Pts',(47.1792856,72.15360137928,10.3));
#16339=CARTESIAN_POINT('Ctrl Pts',(46.59595227661,72.15360137928,10.3));
#16340=CARTESIAN_POINT('',(47.56165347967,70.95847944842,10.6));
#16341=CARTESIAN_POINT('Ctrl Pts',(46.59595227661,69.7420160545,-9989.7));
#16342=CARTESIAN_POINT('Ctrl Pts',(46.59595227661,69.7420160545,10010.3));
#16343=CARTESIAN_POINT('Ctrl Pts',(47.16150104746,69.7420160545,-9989.7));
#16344=CARTESIAN_POINT('Ctrl Pts',(47.16150104746,69.7420160545,10010.3));
#16345=CARTESIAN_POINT('Ctrl Pts',(47.56165347967,70.14750385247,-9989.7));
#16346=CARTESIAN_POINT('Ctrl Pts',(47.56165347967,70.14750385247,10010.3));
#16347=CARTESIAN_POINT('Ctrl Pts',(47.56165347967,70.95847944842,-9989.7));
#16348=CARTESIAN_POINT('Ctrl Pts',(47.56165347967,70.95847944842,10010.3));
#16349=CARTESIAN_POINT('',(46.59595227661,69.7420160545,10.3));
#16350=CARTESIAN_POINT('Ctrl Pts',(46.59595227661,69.7420160545,10.3));
#16351=CARTESIAN_POINT('Ctrl Pts',(47.16150104746,69.7420160545,10.3));
#16352=CARTESIAN_POINT('Ctrl Pts',(47.56165347967,70.14750385247,10.3));
#16353=CARTESIAN_POINT('Ctrl Pts',(47.56165347967,70.95847944842,10.3));
#16354=CARTESIAN_POINT('',(46.59595227661,69.7420160545,10.6));
#16355=CARTESIAN_POINT('Ctrl Pts',(45.6222480249,70.95047639977,-9989.7));
#16356=CARTESIAN_POINT('Ctrl Pts',(45.6222480249,70.95047639977,10010.3));
#16357=CARTESIAN_POINT('Ctrl Pts',(45.6222480249,70.15728535637,-9989.7));
#16358=CARTESIAN_POINT('Ctrl Pts',(45.6222480249,70.15728535637,10010.3));
#16359=CARTESIAN_POINT('Ctrl Pts',(46.03040350575,69.7420160545,-9989.7));
#16360=CARTESIAN_POINT('Ctrl Pts',(46.03040350575,69.7420160545,10010.3));
#16361=CARTESIAN_POINT('Ctrl Pts',(46.59595227661,69.7420160545,-9989.7));
#16362=CARTESIAN_POINT('Ctrl Pts',(46.59595227661,69.7420160545,10010.3));
#16363=CARTESIAN_POINT('Ctrl Pts',(45.6222480249,70.95047639977,10.3));
#16364=CARTESIAN_POINT('Ctrl Pts',(45.6222480249,70.15728535637,10.3));
#16365=CARTESIAN_POINT('Ctrl Pts',(46.03040350575,69.7420160545,10.3));
#16366=CARTESIAN_POINT('Ctrl Pts',(46.59595227661,69.7420160545,10.3));
#16367=CARTESIAN_POINT('Origin',(34.097,43.55,10.3));
#16368=CARTESIAN_POINT('Ctrl Pts',(50.0105863648,70.51831177298,-9989.7));
#16369=CARTESIAN_POINT('Ctrl Pts',(50.0105863648,70.51831177298,10010.3));
#16370=CARTESIAN_POINT('Ctrl Pts',(50.33070831056,70.51831177298,-9989.7));
#16371=CARTESIAN_POINT('Ctrl Pts',(50.33070831056,70.51831177298,10010.3));
#16372=CARTESIAN_POINT('Ctrl Pts',(50.5743566804,70.5352070979,-9989.7));
#16373=CARTESIAN_POINT('Ctrl Pts',(50.5743566804,70.5352070979,10010.3));
#16374=CARTESIAN_POINT('Ctrl Pts',(50.7415314743,70.56899774773,-9989.7));
#16375=CARTESIAN_POINT('Ctrl Pts',(50.7415314743,70.56899774773,10010.3));
#16376=CARTESIAN_POINT('',(50.0105863648,70.51831177298,10.6));
#16377=CARTESIAN_POINT('',(50.7415314743,70.56899774773,10.6));
#16378=CARTESIAN_POINT('Ctrl Pts',(50.0105863648,70.51831177298,10.6));
#16379=CARTESIAN_POINT('Ctrl Pts',(50.33070831056,70.51831177298,10.6));
#16380=CARTESIAN_POINT('Ctrl Pts',(50.5743566804,70.5352070979,10.6));
#16381=CARTESIAN_POINT('Ctrl Pts',(50.7415314743,70.56899774773,10.6));
#16382=CARTESIAN_POINT('',(50.0105863648,70.51831177298,10.6));
#16383=CARTESIAN_POINT('',(50.7415314743,70.56899774773,10.6));
#16384=CARTESIAN_POINT('Origin',(34.0383105072,70.94780871689,10.6));
#16385=CARTESIAN_POINT('',(49.97590648734,72.69780868709,10.6));
#16386=CARTESIAN_POINT('',(48.84214126274,72.69780868709,10.6));
#16387=CARTESIAN_POINT('',(49.97590648734,72.69780868709,10.6));
#16388=CARTESIAN_POINT('',(48.84214126274,69.19780874669,10.6));
#16389=CARTESIAN_POINT('',(48.84214126274,72.69780868709,10.6));
#16390=CARTESIAN_POINT('',(49.54907722631,69.19780874669,10.6));
#16391=CARTESIAN_POINT('',(48.84214126274,69.19780874669,10.6));
#16392=CARTESIAN_POINT('',(49.54907722631,70.51831177298,10.6));
#16393=CARTESIAN_POINT('',(49.54907722631,69.19780874669,10.6));
#16394=CARTESIAN_POINT('',(49.54907722631,70.51831177298,10.6));
#16395=CARTESIAN_POINT('',(51.52316255855,71.620064803,10.6));
#16396=CARTESIAN_POINT('Ctrl Pts',(50.7415314743,70.56899774773,10.6));
#16397=CARTESIAN_POINT('Ctrl Pts',(51.1150070777,70.64902823417,10.6));
#16398=CARTESIAN_POINT('Ctrl Pts',(51.52316255855,70.97982091147,10.6));
#16399=CARTESIAN_POINT('Ctrl Pts',(51.52316255855,71.620064803,10.6));
#16400=CARTESIAN_POINT('',(50.81622659498,72.64445502946,10.6));
#16401=CARTESIAN_POINT('Ctrl Pts',(51.52316255855,71.620064803,10.6));
#16402=CARTESIAN_POINT('Ctrl Pts',(51.52316255855,72.17849975284,10.6));
#16403=CARTESIAN_POINT('Ctrl Pts',(51.21815748244,72.54130462471,10.6));
#16404=CARTESIAN_POINT('Ctrl Pts',(50.81622659498,72.64445502946,10.6));
#16405=CARTESIAN_POINT('Ctrl Pts',(50.81622659498,72.64445502946,10.6));
#16406=CARTESIAN_POINT('Ctrl Pts',(50.68639936142,72.68002413454,10.6));
#16407=CARTESIAN_POINT('Ctrl Pts',(50.40629265887,72.69780868709,10.6));
#16408=CARTESIAN_POINT('Ctrl Pts',(49.97590648734,72.69780868709,10.6));
#16409=CARTESIAN_POINT('',(49.54907722631,72.10558308742,10.6));
#16410=CARTESIAN_POINT('',(49.89054063513,72.10558308742,10.6));
#16411=CARTESIAN_POINT('',(49.54907722631,72.10558308742,10.6));
#16412=CARTESIAN_POINT('',(50.3974003826,72.08157394148,10.6));
#16413=CARTESIAN_POINT('Ctrl Pts',(49.89054063513,72.10558308742,10.6));
#16414=CARTESIAN_POINT('Ctrl Pts',(50.14485973649,72.10558308742,10.6));
#16415=CARTESIAN_POINT('Ctrl Pts',(50.31381298565,72.09758003877,10.6));
#16416=CARTESIAN_POINT('Ctrl Pts',(50.3974003826,72.08157394148,10.6));
#16417=CARTESIAN_POINT('',(50.79488513193,71.60939407148,10.6));
#16418=CARTESIAN_POINT('Ctrl Pts',(50.3974003826,72.08157394148,10.6));
#16419=CARTESIAN_POINT('Ctrl Pts',(50.62859956565,72.03889101538,10.6));
#16420=CARTESIAN_POINT('Ctrl Pts',(50.79488513193,71.86549162809,10.6));
#16421=CARTESIAN_POINT('Ctrl Pts',(50.79488513193,71.60939407148,10.6));
#16422=CARTESIAN_POINT('',(49.93589124412,71.11053737266,10.6));
#16423=CARTESIAN_POINT('Ctrl Pts',(50.79488513193,71.60939407148,10.6));
#16424=CARTESIAN_POINT('Ctrl Pts',(50.79488513193,71.45466846436,10.6));
#16425=CARTESIAN_POINT('Ctrl Pts',(50.7129066245,71.28832958979,10.6));
#16426=CARTESIAN_POINT('Ctrl Pts',(50.53221789582,71.17695808282,10.6));
#16427=CARTESIAN_POINT('Ctrl Pts',(50.38478588341,71.12605603937,10.6));
#16428=CARTESIAN_POINT('Ctrl Pts',(50.14530435031,71.11053737266,10.6));
#16429=CARTESIAN_POINT('Ctrl Pts',(49.93589124412,71.11053737266,10.6));
#16430=CARTESIAN_POINT('',(49.54907722631,71.11053737266,10.6));
#16431=CARTESIAN_POINT('',(49.93589124412,71.11053737266,10.6));
#16432=CARTESIAN_POINT('',(49.54907722631,71.11053737266,10.6));
#16433=CARTESIAN_POINT('Origin',(48.84214126274,72.69780868709,10.3));
#16434=CARTESIAN_POINT('',(49.97590648734,72.69780868709,10.3));
#16435=CARTESIAN_POINT('',(48.84214126274,72.69780868709,10.6));
#16436=CARTESIAN_POINT('Origin',(48.84214126274,69.19780874669,10.3));
#16437=CARTESIAN_POINT('',(48.84214126274,69.19780874669,10.6));
#16438=CARTESIAN_POINT('Origin',(49.54907722631,69.19780874669,10.3));
#16439=CARTESIAN_POINT('',(49.54907722631,69.19780874669,10.6));
#16440=CARTESIAN_POINT('Origin',(49.54907722631,70.51831177298,10.3));
#16441=CARTESIAN_POINT('',(49.54907722631,70.51831177298,10.6));
#16442=CARTESIAN_POINT('Origin',(50.0105863648,70.51831177298,10.3));
#16443=CARTESIAN_POINT('Ctrl Pts',(50.81622659498,72.64445502946,-9989.7));
#16444=CARTESIAN_POINT('Ctrl Pts',(50.81622659498,72.64445502946,10010.3));
#16445=CARTESIAN_POINT('Ctrl Pts',(50.68639936142,72.68002413454,-9989.7));
#16446=CARTESIAN_POINT('Ctrl Pts',(50.68639936142,72.68002413454,10010.3));
#16447=CARTESIAN_POINT('Ctrl Pts',(50.40629265887,72.69780868709,-9989.7));
#16448=CARTESIAN_POINT('Ctrl Pts',(50.40629265887,72.69780868709,10010.3));
#16449=CARTESIAN_POINT('Ctrl Pts',(49.97590648734,72.69780868709,-9989.7));
#16450=CARTESIAN_POINT('Ctrl Pts',(49.97590648734,72.69780868709,10010.3));
#16451=CARTESIAN_POINT('',(50.81622659498,72.64445502946,10.6));
#16452=CARTESIAN_POINT('Ctrl Pts',(51.52316255855,71.620064803,-9989.7));
#16453=CARTESIAN_POINT('Ctrl Pts',(51.52316255855,71.620064803,10010.3));
#16454=CARTESIAN_POINT('Ctrl Pts',(51.52316255855,72.17849975284,-9989.7));
#16455=CARTESIAN_POINT('Ctrl Pts',(51.52316255855,72.17849975284,10010.3));
#16456=CARTESIAN_POINT('Ctrl Pts',(51.21815748244,72.54130462471,-9989.7));
#16457=CARTESIAN_POINT('Ctrl Pts',(51.21815748244,72.54130462471,10010.3));
#16458=CARTESIAN_POINT('Ctrl Pts',(50.81622659498,72.64445502946,-9989.7));
#16459=CARTESIAN_POINT('Ctrl Pts',(50.81622659498,72.64445502946,10010.3));
#16460=CARTESIAN_POINT('',(51.52316255855,71.620064803,10.6));
#16461=CARTESIAN_POINT('Ctrl Pts',(50.7415314743,70.56899774773,-9989.7));
#16462=CARTESIAN_POINT('Ctrl Pts',(50.7415314743,70.56899774773,10010.3));
#16463=CARTESIAN_POINT('Ctrl Pts',(51.1150070777,70.64902823417,-9989.7));
#16464=CARTESIAN_POINT('Ctrl Pts',(51.1150070777,70.64902823417,10010.3));
#16465=CARTESIAN_POINT('Ctrl Pts',(51.52316255855,70.97982091147,-9989.7));
#16466=CARTESIAN_POINT('Ctrl Pts',(51.52316255855,70.97982091147,10010.3));
#16467=CARTESIAN_POINT('Ctrl Pts',(51.52316255855,71.620064803,-9989.7));
#16468=CARTESIAN_POINT('Ctrl Pts',(51.52316255855,71.620064803,10010.3));
#16469=CARTESIAN_POINT('Origin',(49.54907722631,72.10558308742,10.3));
#16470=CARTESIAN_POINT('',(49.54907722631,72.10558308742,10.3));
#16471=CARTESIAN_POINT('',(49.54907722631,72.10558308742,10.6));
#16472=CARTESIAN_POINT('',(49.89054063513,72.10558308742,10.3));
#16473=CARTESIAN_POINT('',(49.54907722631,72.10558308742,10.3));
#16474=CARTESIAN_POINT('',(49.89054063513,72.10558308742,10.6));
#16475=CARTESIAN_POINT('Ctrl Pts',(50.3974003826,72.08157394148,-9989.7));
#16476=CARTESIAN_POINT('Ctrl Pts',(50.3974003826,72.08157394148,10010.3));
#16477=CARTESIAN_POINT('Ctrl Pts',(50.31381298565,72.09758003877,-9989.7));
#16478=CARTESIAN_POINT('Ctrl Pts',(50.31381298565,72.09758003877,10010.3));
#16479=CARTESIAN_POINT('Ctrl Pts',(50.14485973649,72.10558308742,-9989.7));
#16480=CARTESIAN_POINT('Ctrl Pts',(50.14485973649,72.10558308742,10010.3));
#16481=CARTESIAN_POINT('Ctrl Pts',(49.89054063513,72.10558308742,-9989.7));
#16482=CARTESIAN_POINT('Ctrl Pts',(49.89054063513,72.10558308742,10010.3));
#16483=CARTESIAN_POINT('',(50.3974003826,72.08157394148,10.3));
#16484=CARTESIAN_POINT('Ctrl Pts',(50.3974003826,72.08157394148,10.3));
#16485=CARTESIAN_POINT('Ctrl Pts',(50.31381298565,72.09758003877,10.3));
#16486=CARTESIAN_POINT('Ctrl Pts',(50.14485973649,72.10558308742,10.3));
#16487=CARTESIAN_POINT('Ctrl Pts',(49.89054063513,72.10558308742,10.3));
#16488=CARTESIAN_POINT('',(50.3974003826,72.08157394148,10.6));
#16489=CARTESIAN_POINT('Ctrl Pts',(50.79488513193,71.60939407148,-9989.7));
#16490=CARTESIAN_POINT('Ctrl Pts',(50.79488513193,71.60939407148,10010.3));
#16491=CARTESIAN_POINT('Ctrl Pts',(50.79488513193,71.86549162809,-9989.7));
#16492=CARTESIAN_POINT('Ctrl Pts',(50.79488513193,71.86549162809,10010.3));
#16493=CARTESIAN_POINT('Ctrl Pts',(50.62859956565,72.03889101538,-9989.7));
#16494=CARTESIAN_POINT('Ctrl Pts',(50.62859956565,72.03889101538,10010.3));
#16495=CARTESIAN_POINT('Ctrl Pts',(50.3974003826,72.08157394148,-9989.7));
#16496=CARTESIAN_POINT('Ctrl Pts',(50.3974003826,72.08157394148,10010.3));
#16497=CARTESIAN_POINT('',(50.79488513193,71.60939407148,10.3));
#16498=CARTESIAN_POINT('Ctrl Pts',(50.79488513193,71.60939407148,10.3));
#16499=CARTESIAN_POINT('Ctrl Pts',(50.79488513193,71.86549162809,10.3));
#16500=CARTESIAN_POINT('Ctrl Pts',(50.62859956565,72.03889101538,10.3));
#16501=CARTESIAN_POINT('Ctrl Pts',(50.3974003826,72.08157394148,10.3));
#16502=CARTESIAN_POINT('',(50.79488513193,71.60939407148,10.6));
#16503=CARTESIAN_POINT('Ctrl Pts',(49.93589124412,71.11053737266,-9989.7));
#16504=CARTESIAN_POINT('Ctrl Pts',(49.93589124412,71.11053737266,10010.3));
#16505=CARTESIAN_POINT('Ctrl Pts',(50.14530435031,71.11053737266,-9989.7));
#16506=CARTESIAN_POINT('Ctrl Pts',(50.14530435031,71.11053737266,10010.3));
#16507=CARTESIAN_POINT('Ctrl Pts',(50.38478588341,71.12605603937,-9989.7));
#16508=CARTESIAN_POINT('Ctrl Pts',(50.38478588341,71.12605603937,10010.3));
#16509=CARTESIAN_POINT('Ctrl Pts',(50.53221789582,71.17695808282,-9989.7));
#16510=CARTESIAN_POINT('Ctrl Pts',(50.53221789582,71.17695808282,10010.3));
#16511=CARTESIAN_POINT('Ctrl Pts',(50.7129066245,71.28832958979,-9989.7));
#16512=CARTESIAN_POINT('Ctrl Pts',(50.7129066245,71.28832958979,10010.3));
#16513=CARTESIAN_POINT('Ctrl Pts',(50.79488513193,71.45466846436,-9989.7));
#16514=CARTESIAN_POINT('Ctrl Pts',(50.79488513193,71.45466846436,10010.3));
#16515=CARTESIAN_POINT('Ctrl Pts',(50.79488513193,71.60939407148,-9989.7));
#16516=CARTESIAN_POINT('Ctrl Pts',(50.79488513193,71.60939407148,10010.3));
#16517=CARTESIAN_POINT('',(49.93589124412,71.11053737266,10.3));
#16518=CARTESIAN_POINT('Ctrl Pts',(49.93589124412,71.11053737266,10.3));
#16519=CARTESIAN_POINT('Ctrl Pts',(50.14530435031,71.11053737266,10.3));
#16520=CARTESIAN_POINT('Ctrl Pts',(50.38478588341,71.12605603937,10.3));
#16521=CARTESIAN_POINT('Ctrl Pts',(50.53221789582,71.17695808282,10.3));
#16522=CARTESIAN_POINT('Ctrl Pts',(50.7129066245,71.28832958979,10.3));
#16523=CARTESIAN_POINT('Ctrl Pts',(50.79488513193,71.45466846436,10.3));
#16524=CARTESIAN_POINT('Ctrl Pts',(50.79488513193,71.60939407148,10.3));
#16525=CARTESIAN_POINT('',(49.93589124412,71.11053737266,10.3));
#16526=CARTESIAN_POINT('Origin',(49.93589124412,71.11053737266,10.3));
#16527=CARTESIAN_POINT('',(49.54907722631,71.11053737266,10.3));
#16528=CARTESIAN_POINT('',(49.93589124412,71.11053737266,10.3));
#16529=CARTESIAN_POINT('',(49.54907722631,71.11053737266,10.6));
#16530=CARTESIAN_POINT('Origin',(49.54907722631,71.11053737266,10.3));
#16531=CARTESIAN_POINT('',(49.54907722631,71.11053737266,10.3));
#16532=CARTESIAN_POINT('Origin',(34.097,43.55,10.3));
#16533=CARTESIAN_POINT('Origin',(24.7645863648,70.51831177298,10.3));
#16534=CARTESIAN_POINT('',(24.30307722631,70.51831177298,10.6));
#16535=CARTESIAN_POINT('',(24.7645863648,70.51831177298,10.6));
#16536=CARTESIAN_POINT('',(24.30307722631,70.51831177298,10.6));
#16537=CARTESIAN_POINT('',(24.30307722631,70.51831177298,10.6));
#16538=CARTESIAN_POINT('',(24.7645863648,70.51831177298,10.6));
#16539=CARTESIAN_POINT('Origin',(34.0383105072,70.94780871689,10.6));
#16540=CARTESIAN_POINT('',(24.72990648734,72.69780868709,10.6));
#16541=CARTESIAN_POINT('',(23.59614126274,72.69780868709,10.6));
#16542=CARTESIAN_POINT('',(24.72990648734,72.69780868709,10.6));
#16543=CARTESIAN_POINT('',(23.59614126274,69.19780874669,10.6));
#16544=CARTESIAN_POINT('',(23.59614126274,72.69780868709,10.6));
#16545=CARTESIAN_POINT('',(24.30307722631,69.19780874669,10.6));
#16546=CARTESIAN_POINT('',(23.59614126274,69.19780874669,10.6));
#16547=CARTESIAN_POINT('',(24.30307722631,69.19780874669,10.6));
#16548=CARTESIAN_POINT('',(25.4955314743,70.56899774773,10.6));
#16549=CARTESIAN_POINT('Ctrl Pts',(24.7645863648,70.51831177298,10.6));
#16550=CARTESIAN_POINT('Ctrl Pts',(25.08470831056,70.51831177298,10.6));
#16551=CARTESIAN_POINT('Ctrl Pts',(25.3283566804,70.5352070979,10.6));
#16552=CARTESIAN_POINT('Ctrl Pts',(25.4955314743,70.56899774773,10.6));
#16553=CARTESIAN_POINT('',(26.27716255855,71.620064803,10.6));
#16554=CARTESIAN_POINT('Ctrl Pts',(25.4955314743,70.56899774773,10.6));
#16555=CARTESIAN_POINT('Ctrl Pts',(25.8690070777,70.64902823417,10.6));
#16556=CARTESIAN_POINT('Ctrl Pts',(26.27716255855,70.97982091147,10.6));
#16557=CARTESIAN_POINT('Ctrl Pts',(26.27716255855,71.620064803,10.6));
#16558=CARTESIAN_POINT('',(25.57022659498,72.64445502946,10.6));
#16559=CARTESIAN_POINT('Ctrl Pts',(26.27716255855,71.620064803,10.6));
#16560=CARTESIAN_POINT('Ctrl Pts',(26.27716255855,72.17849975284,10.6));
#16561=CARTESIAN_POINT('Ctrl Pts',(25.97215748244,72.54130462471,10.6));
#16562=CARTESIAN_POINT('Ctrl Pts',(25.57022659498,72.64445502946,10.6));
#16563=CARTESIAN_POINT('Ctrl Pts',(25.57022659498,72.64445502946,10.6));
#16564=CARTESIAN_POINT('Ctrl Pts',(25.44039936142,72.68002413454,10.6));
#16565=CARTESIAN_POINT('Ctrl Pts',(25.16029265887,72.69780868709,10.6));
#16566=CARTESIAN_POINT('Ctrl Pts',(24.72990648734,72.69780868709,10.6));
#16567=CARTESIAN_POINT('',(24.30307722631,72.10558308742,10.6));
#16568=CARTESIAN_POINT('',(24.64454063513,72.10558308742,10.6));
#16569=CARTESIAN_POINT('',(24.30307722631,72.10558308742,10.6));
#16570=CARTESIAN_POINT('',(25.1514003826,72.08157394148,10.6));
#16571=CARTESIAN_POINT('Ctrl Pts',(24.64454063513,72.10558308742,10.6));
#16572=CARTESIAN_POINT('Ctrl Pts',(24.89885973649,72.10558308742,10.6));
#16573=CARTESIAN_POINT('Ctrl Pts',(25.06781298565,72.09758003877,10.6));
#16574=CARTESIAN_POINT('Ctrl Pts',(25.1514003826,72.08157394148,10.6));
#16575=CARTESIAN_POINT('',(25.54888513193,71.60939407148,10.6));
#16576=CARTESIAN_POINT('Ctrl Pts',(25.1514003826,72.08157394148,10.6));
#16577=CARTESIAN_POINT('Ctrl Pts',(25.38259956565,72.03889101538,10.6));
#16578=CARTESIAN_POINT('Ctrl Pts',(25.54888513193,71.86549162809,10.6));
#16579=CARTESIAN_POINT('Ctrl Pts',(25.54888513193,71.60939407148,10.6));
#16580=CARTESIAN_POINT('',(24.68989124412,71.11053737266,10.6));
#16581=CARTESIAN_POINT('Ctrl Pts',(25.54888513193,71.60939407148,10.6));
#16582=CARTESIAN_POINT('Ctrl Pts',(25.54888513193,71.45466846436,10.6));
#16583=CARTESIAN_POINT('Ctrl Pts',(25.4669066245,71.28832958979,10.6));
#16584=CARTESIAN_POINT('Ctrl Pts',(25.28621789582,71.17695808282,10.6));
#16585=CARTESIAN_POINT('Ctrl Pts',(25.13878588341,71.12605603937,10.6));
#16586=CARTESIAN_POINT('Ctrl Pts',(24.89930435031,71.11053737266,10.6));
#16587=CARTESIAN_POINT('Ctrl Pts',(24.68989124412,71.11053737266,10.6));
#16588=CARTESIAN_POINT('',(24.30307722631,71.11053737266,10.6));
#16589=CARTESIAN_POINT('',(24.68989124412,71.11053737266,10.6));
#16590=CARTESIAN_POINT('',(24.30307722631,71.11053737266,10.6));
#16591=CARTESIAN_POINT('Origin',(23.59614126274,72.69780868709,10.3));
#16592=CARTESIAN_POINT('',(24.72990648734,72.69780868709,10.3));
#16593=CARTESIAN_POINT('',(23.59614126274,72.69780868709,10.6));
#16594=CARTESIAN_POINT('Origin',(23.59614126274,69.19780874669,10.3));
#16595=CARTESIAN_POINT('',(23.59614126274,69.19780874669,10.6));
#16596=CARTESIAN_POINT('Origin',(24.30307722631,69.19780874669,10.3));
#16597=CARTESIAN_POINT('',(24.30307722631,69.19780874669,10.6));
#16598=CARTESIAN_POINT('Origin',(24.30307722631,70.51831177298,10.3));
#16599=CARTESIAN_POINT('Ctrl Pts',(25.57022659498,72.64445502946,-9989.7));
#16600=CARTESIAN_POINT('Ctrl Pts',(25.57022659498,72.64445502946,10010.3));
#16601=CARTESIAN_POINT('Ctrl Pts',(25.44039936142,72.68002413454,-9989.7));
#16602=CARTESIAN_POINT('Ctrl Pts',(25.44039936142,72.68002413454,10010.3));
#16603=CARTESIAN_POINT('Ctrl Pts',(25.16029265887,72.69780868709,-9989.7));
#16604=CARTESIAN_POINT('Ctrl Pts',(25.16029265887,72.69780868709,10010.3));
#16605=CARTESIAN_POINT('Ctrl Pts',(24.72990648734,72.69780868709,-9989.7));
#16606=CARTESIAN_POINT('Ctrl Pts',(24.72990648734,72.69780868709,10010.3));
#16607=CARTESIAN_POINT('',(25.57022659498,72.64445502946,10.6));
#16608=CARTESIAN_POINT('Ctrl Pts',(26.27716255855,71.620064803,-9989.7));
#16609=CARTESIAN_POINT('Ctrl Pts',(26.27716255855,71.620064803,10010.3));
#16610=CARTESIAN_POINT('Ctrl Pts',(26.27716255855,72.17849975284,-9989.7));
#16611=CARTESIAN_POINT('Ctrl Pts',(26.27716255855,72.17849975284,10010.3));
#16612=CARTESIAN_POINT('Ctrl Pts',(25.97215748244,72.54130462471,-9989.7));
#16613=CARTESIAN_POINT('Ctrl Pts',(25.97215748244,72.54130462471,10010.3));
#16614=CARTESIAN_POINT('Ctrl Pts',(25.57022659498,72.64445502946,-9989.7));
#16615=CARTESIAN_POINT('Ctrl Pts',(25.57022659498,72.64445502946,10010.3));
#16616=CARTESIAN_POINT('',(26.27716255855,71.620064803,10.6));
#16617=CARTESIAN_POINT('Ctrl Pts',(25.4955314743,70.56899774773,-9989.7));
#16618=CARTESIAN_POINT('Ctrl Pts',(25.4955314743,70.56899774773,10010.3));
#16619=CARTESIAN_POINT('Ctrl Pts',(25.8690070777,70.64902823417,-9989.7));
#16620=CARTESIAN_POINT('Ctrl Pts',(25.8690070777,70.64902823417,10010.3));
#16621=CARTESIAN_POINT('Ctrl Pts',(26.27716255855,70.97982091147,-9989.7));
#16622=CARTESIAN_POINT('Ctrl Pts',(26.27716255855,70.97982091147,10010.3));
#16623=CARTESIAN_POINT('Ctrl Pts',(26.27716255855,71.620064803,-9989.7));
#16624=CARTESIAN_POINT('Ctrl Pts',(26.27716255855,71.620064803,10010.3));
#16625=CARTESIAN_POINT('',(25.4955314743,70.56899774773,10.6));
#16626=CARTESIAN_POINT('Ctrl Pts',(24.7645863648,70.51831177298,-9989.7));
#16627=CARTESIAN_POINT('Ctrl Pts',(24.7645863648,70.51831177298,10010.3));
#16628=CARTESIAN_POINT('Ctrl Pts',(25.08470831056,70.51831177298,-9989.7));
#16629=CARTESIAN_POINT('Ctrl Pts',(25.08470831056,70.51831177298,10010.3));
#16630=CARTESIAN_POINT('Ctrl Pts',(25.3283566804,70.5352070979,-9989.7));
#16631=CARTESIAN_POINT('Ctrl Pts',(25.3283566804,70.5352070979,10010.3));
#16632=CARTESIAN_POINT('Ctrl Pts',(25.4955314743,70.56899774773,-9989.7));
#16633=CARTESIAN_POINT('Ctrl Pts',(25.4955314743,70.56899774773,10010.3));
#16634=CARTESIAN_POINT('Origin',(24.30307722631,72.10558308742,10.3));
#16635=CARTESIAN_POINT('',(24.30307722631,72.10558308742,10.3));
#16636=CARTESIAN_POINT('',(24.30307722631,72.10558308742,10.6));
#16637=CARTESIAN_POINT('',(24.64454063513,72.10558308742,10.3));
#16638=CARTESIAN_POINT('',(24.30307722631,72.10558308742,10.3));
#16639=CARTESIAN_POINT('',(24.64454063513,72.10558308742,10.6));
#16640=CARTESIAN_POINT('Ctrl Pts',(25.1514003826,72.08157394148,-9989.7));
#16641=CARTESIAN_POINT('Ctrl Pts',(25.1514003826,72.08157394148,10010.3));
#16642=CARTESIAN_POINT('Ctrl Pts',(25.06781298565,72.09758003877,-9989.7));
#16643=CARTESIAN_POINT('Ctrl Pts',(25.06781298565,72.09758003877,10010.3));
#16644=CARTESIAN_POINT('Ctrl Pts',(24.89885973649,72.10558308742,-9989.7));
#16645=CARTESIAN_POINT('Ctrl Pts',(24.89885973649,72.10558308742,10010.3));
#16646=CARTESIAN_POINT('Ctrl Pts',(24.64454063513,72.10558308742,-9989.7));
#16647=CARTESIAN_POINT('Ctrl Pts',(24.64454063513,72.10558308742,10010.3));
#16648=CARTESIAN_POINT('',(25.1514003826,72.08157394148,10.3));
#16649=CARTESIAN_POINT('Ctrl Pts',(25.1514003826,72.08157394148,10.3));
#16650=CARTESIAN_POINT('Ctrl Pts',(25.06781298565,72.09758003877,10.3));
#16651=CARTESIAN_POINT('Ctrl Pts',(24.89885973649,72.10558308742,10.3));
#16652=CARTESIAN_POINT('Ctrl Pts',(24.64454063513,72.10558308742,10.3));
#16653=CARTESIAN_POINT('',(25.1514003826,72.08157394148,10.6));
#16654=CARTESIAN_POINT('Ctrl Pts',(25.54888513193,71.60939407148,-9989.7));
#16655=CARTESIAN_POINT('Ctrl Pts',(25.54888513193,71.60939407148,10010.3));
#16656=CARTESIAN_POINT('Ctrl Pts',(25.54888513193,71.86549162809,-9989.7));
#16657=CARTESIAN_POINT('Ctrl Pts',(25.54888513193,71.86549162809,10010.3));
#16658=CARTESIAN_POINT('Ctrl Pts',(25.38259956565,72.03889101538,-9989.7));
#16659=CARTESIAN_POINT('Ctrl Pts',(25.38259956565,72.03889101538,10010.3));
#16660=CARTESIAN_POINT('Ctrl Pts',(25.1514003826,72.08157394148,-9989.7));
#16661=CARTESIAN_POINT('Ctrl Pts',(25.1514003826,72.08157394148,10010.3));
#16662=CARTESIAN_POINT('',(25.54888513193,71.60939407148,10.3));
#16663=CARTESIAN_POINT('Ctrl Pts',(25.54888513193,71.60939407148,10.3));
#16664=CARTESIAN_POINT('Ctrl Pts',(25.54888513193,71.86549162809,10.3));
#16665=CARTESIAN_POINT('Ctrl Pts',(25.38259956565,72.03889101538,10.3));
#16666=CARTESIAN_POINT('Ctrl Pts',(25.1514003826,72.08157394148,10.3));
#16667=CARTESIAN_POINT('',(25.54888513193,71.60939407148,10.6));
#16668=CARTESIAN_POINT('Ctrl Pts',(24.68989124412,71.11053737266,-9989.7));
#16669=CARTESIAN_POINT('Ctrl Pts',(24.68989124412,71.11053737266,10010.3));
#16670=CARTESIAN_POINT('Ctrl Pts',(24.89930435031,71.11053737266,-9989.7));
#16671=CARTESIAN_POINT('Ctrl Pts',(24.89930435031,71.11053737266,10010.3));
#16672=CARTESIAN_POINT('Ctrl Pts',(25.13878588341,71.12605603937,-9989.7));
#16673=CARTESIAN_POINT('Ctrl Pts',(25.13878588341,71.12605603937,10010.3));
#16674=CARTESIAN_POINT('Ctrl Pts',(25.28621789582,71.17695808282,-9989.7));
#16675=CARTESIAN_POINT('Ctrl Pts',(25.28621789582,71.17695808282,10010.3));
#16676=CARTESIAN_POINT('Ctrl Pts',(25.4669066245,71.28832958979,-9989.7));
#16677=CARTESIAN_POINT('Ctrl Pts',(25.4669066245,71.28832958979,10010.3));
#16678=CARTESIAN_POINT('Ctrl Pts',(25.54888513193,71.45466846436,-9989.7));
#16679=CARTESIAN_POINT('Ctrl Pts',(25.54888513193,71.45466846436,10010.3));
#16680=CARTESIAN_POINT('Ctrl Pts',(25.54888513193,71.60939407148,-9989.7));
#16681=CARTESIAN_POINT('Ctrl Pts',(25.54888513193,71.60939407148,10010.3));
#16682=CARTESIAN_POINT('',(24.68989124412,71.11053737266,10.3));
#16683=CARTESIAN_POINT('Ctrl Pts',(24.68989124412,71.11053737266,10.3));
#16684=CARTESIAN_POINT('Ctrl Pts',(24.89930435031,71.11053737266,10.3));
#16685=CARTESIAN_POINT('Ctrl Pts',(25.13878588341,71.12605603937,10.3));
#16686=CARTESIAN_POINT('Ctrl Pts',(25.28621789582,71.17695808282,10.3));
#16687=CARTESIAN_POINT('Ctrl Pts',(25.4669066245,71.28832958979,10.3));
#16688=CARTESIAN_POINT('Ctrl Pts',(25.54888513193,71.45466846436,10.3));
#16689=CARTESIAN_POINT('Ctrl Pts',(25.54888513193,71.60939407148,10.3));
#16690=CARTESIAN_POINT('',(24.68989124412,71.11053737266,10.3));
#16691=CARTESIAN_POINT('Origin',(24.68989124412,71.11053737266,10.3));
#16692=CARTESIAN_POINT('',(24.30307722631,71.11053737266,10.3));
#16693=CARTESIAN_POINT('',(24.68989124412,71.11053737266,10.3));
#16694=CARTESIAN_POINT('',(24.30307722631,71.11053737266,10.6));
#16695=CARTESIAN_POINT('Origin',(24.30307722631,71.11053737266,10.3));
#16696=CARTESIAN_POINT('',(24.30307722631,71.11053737266,10.3));
#16697=CARTESIAN_POINT('Origin',(34.097,43.55,10.3));
#16698=CARTESIAN_POINT('Origin',(19.33318401827,72.69780868709,10.3));
#16699=CARTESIAN_POINT('',(19.33318401827,72.10558308742,10.6));
#16700=CARTESIAN_POINT('',(19.33318401827,72.69780868709,10.6));
#16701=CARTESIAN_POINT('',(19.33318401827,72.10558308742,10.6));
#16702=CARTESIAN_POINT('',(19.33318401827,72.10558308742,10.6));
#16703=CARTESIAN_POINT('',(19.33318401827,72.69780868709,10.6));
#16704=CARTESIAN_POINT('Origin',(34.0383105072,70.94780871689,10.6));
#16705=CARTESIAN_POINT('',(16.55345845585,72.10558308742,10.6));
#16706=CARTESIAN_POINT('',(17.59118709671,72.10558308742,10.6));
#16707=CARTESIAN_POINT('',(16.55345845585,72.10558308742,10.6));
#16708=CARTESIAN_POINT('',(17.59118709671,69.19780874669,10.6));
#16709=CARTESIAN_POINT('',(17.59118709671,72.10558308742,10.6));
#16710=CARTESIAN_POINT('',(18.29812306029,69.19780874669,10.6));
#16711=CARTESIAN_POINT('',(17.59118709671,69.19780874669,10.6));
#16712=CARTESIAN_POINT('',(18.29812306029,72.10558308742,10.6));
#16713=CARTESIAN_POINT('',(18.29812306029,69.19780874669,10.6));
#16714=CARTESIAN_POINT('',(18.29812306029,72.10558308742,10.6));
#16715=CARTESIAN_POINT('',(16.55345845585,72.69780868709,10.6));
#16716=CARTESIAN_POINT('',(19.33318401827,72.69780868709,10.6));
#16717=CARTESIAN_POINT('',(16.55345845585,72.69780868709,10.6));
#16718=CARTESIAN_POINT('Origin',(17.59118709671,72.10558308742,10.3));
#16719=CARTESIAN_POINT('',(16.55345845585,72.10558308742,10.6));
#16720=CARTESIAN_POINT('',(17.59118709671,72.10558308742,10.6));
#16721=CARTESIAN_POINT('Origin',(17.59118709671,69.19780874669,10.3));
#16722=CARTESIAN_POINT('',(17.59118709671,69.19780874669,10.6));
#16723=CARTESIAN_POINT('Origin',(18.29812306029,69.19780874669,10.3));
#16724=CARTESIAN_POINT('',(18.29812306029,69.19780874669,10.6));
#16725=CARTESIAN_POINT('Origin',(18.29812306029,72.10558308742,10.3));
#16726=CARTESIAN_POINT('',(18.29812306029,72.10558308742,10.6));
#16727=CARTESIAN_POINT('Origin',(19.33318401827,72.10558308742,10.3));
#16728=CARTESIAN_POINT('Origin',(16.55345845585,72.10558308742,10.3));
#16729=CARTESIAN_POINT('',(16.55345845585,72.69780868709,10.6));
#16730=CARTESIAN_POINT('Origin',(16.55345845585,72.69780868709,10.3));
#16731=CARTESIAN_POINT('Ctrl Pts',(21.34995227661,69.1391197233,-9989.7));
#16732=CARTESIAN_POINT('Ctrl Pts',(21.34995227661,69.1391197233,10010.3));
#16733=CARTESIAN_POINT('Ctrl Pts',(21.60693906085,69.1391197233,-9989.7));
#16734=CARTESIAN_POINT('Ctrl Pts',(21.60693906085,69.1391197233,10010.3));
#16735=CARTESIAN_POINT('Ctrl Pts',(22.18160241488,69.23642287138,-9989.7));
#16736=CARTESIAN_POINT('Ctrl Pts',(22.18160241488,69.23642287138,10010.3));
#16737=CARTESIAN_POINT('Ctrl Pts',(22.86986459828,69.81080541669,-9989.7));
#16738=CARTESIAN_POINT('Ctrl Pts',(22.86986459828,69.81080541669,10010.3));
#16739=CARTESIAN_POINT('Ctrl Pts',(23.04393090629,70.51964561443,-9989.7));
#16740=CARTESIAN_POINT('Ctrl Pts',(23.04393090629,70.51964561443,10010.3));
#16741=CARTESIAN_POINT('Ctrl Pts',(23.04393090629,70.94247335113,-9989.7));
#16742=CARTESIAN_POINT('Ctrl Pts',(23.04393090629,70.94247335113,10010.3));
#16743=CARTESIAN_POINT('',(21.34995227661,69.1391197233,10.6));
#16744=CARTESIAN_POINT('',(23.04393090629,70.94247335113,10.6));
#16745=CARTESIAN_POINT('Ctrl Pts',(21.34995227661,69.1391197233,10.6));
#16746=CARTESIAN_POINT('Ctrl Pts',(21.60693906085,69.1391197233,10.6));
#16747=CARTESIAN_POINT('Ctrl Pts',(22.18160241488,69.23642287138,10.6));
#16748=CARTESIAN_POINT('Ctrl Pts',(22.86986459828,69.81080541669,10.6));
#16749=CARTESIAN_POINT('Ctrl Pts',(23.04393090629,70.51964561443,10.6));
#16750=CARTESIAN_POINT('Ctrl Pts',(23.04393090629,70.94247335113,10.6));
#16751=CARTESIAN_POINT('',(21.34995227661,69.1391197233,10.6));
#16752=CARTESIAN_POINT('',(23.04393090629,70.94247335113,10.6));
#16753=CARTESIAN_POINT('Origin',(34.0383105072,70.94780871689,10.6));
#16754=CARTESIAN_POINT('',(20.58699497253,72.61777820065,10.6));
#16755=CARTESIAN_POINT('',(19.80803157116,71.82280870199,10.6));
#16756=CARTESIAN_POINT('Ctrl Pts',(20.58699497253,72.61777820065,10.6));
#16757=CARTESIAN_POINT('Ctrl Pts',(20.25975920574,72.48261560132,10.6));
#16758=CARTESIAN_POINT('Ctrl Pts',(19.96809254404,72.17849975284,10.6));
#16759=CARTESIAN_POINT('Ctrl Pts',(19.80803157116,71.82280870199,10.6));
#16760=CARTESIAN_POINT('',(19.64797059827,70.92646725384,10.6));
#16761=CARTESIAN_POINT('Ctrl Pts',(19.80803157116,71.82280870199,10.6));
#16762=CARTESIAN_POINT('Ctrl Pts',(19.7013242559,71.58093878741,10.6));
#16763=CARTESIAN_POINT('Ctrl Pts',(19.64797059827,71.28215830469,10.6));
#16764=CARTESIAN_POINT('Ctrl Pts',(19.64797059827,70.92646725384,10.6));
#16765=CARTESIAN_POINT('Ctrl Pts',(19.64797059827,70.92646725384,10.6));
#16766=CARTESIAN_POINT('Ctrl Pts',(19.64797059827,70.64813900655,10.6));
#16767=CARTESIAN_POINT('Ctrl Pts',(19.74095923731,70.02964316569,10.6));
#16768=CARTESIAN_POINT('Ctrl Pts',(20.29960479369,69.31845997017,10.6));
#16769=CARTESIAN_POINT('Ctrl Pts',(20.96047057592,69.1391197233,10.6));
#16770=CARTESIAN_POINT('Ctrl Pts',(21.34995227661,69.1391197233,10.6));
#16771=CARTESIAN_POINT('',(21.34194922796,72.75649771048,10.6));
#16772=CARTESIAN_POINT('Ctrl Pts',(23.04393090629,70.94247335113,10.6));
#16773=CARTESIAN_POINT('Ctrl Pts',(23.04393090629,71.22702619181,10.6));
#16774=CARTESIAN_POINT('Ctrl Pts',(22.95062050726,71.85826080344,10.6));
#16775=CARTESIAN_POINT('Ctrl Pts',(22.38736500765,72.57572709417,10.6));
#16776=CARTESIAN_POINT('Ctrl Pts',(21.72876324576,72.75649771048,10.6));
#16777=CARTESIAN_POINT('Ctrl Pts',(21.34194922796,72.75649771048,10.6));
#16778=CARTESIAN_POINT('Ctrl Pts',(21.34194922796,72.75649771048,10.6));
#16779=CARTESIAN_POINT('Ctrl Pts',(21.05561793202,72.75649771048,10.6));
#16780=CARTESIAN_POINT('Ctrl Pts',(20.80396651355,72.71025787387,10.6));
#16781=CARTESIAN_POINT('Ctrl Pts',(20.58699497253,72.61777820065,10.6));
#16782=CARTESIAN_POINT('',(20.3762480249,70.95047639977,10.6));
#16783=CARTESIAN_POINT('',(21.34995227661,72.15360137928,10.6));
#16784=CARTESIAN_POINT('Ctrl Pts',(20.3762480249,70.95047639977,10.6));
#16785=CARTESIAN_POINT('Ctrl Pts',(20.3762480249,71.7543381747,10.6));
#16786=CARTESIAN_POINT('Ctrl Pts',(20.76661895321,72.15360137928,10.6));
#16787=CARTESIAN_POINT('Ctrl Pts',(21.34995227661,72.15360137928,10.6));
#16788=CARTESIAN_POINT('',(22.31565347967,70.95847944842,10.6));
#16789=CARTESIAN_POINT('Ctrl Pts',(21.34995227661,72.15360137928,10.6));
#16790=CARTESIAN_POINT('Ctrl Pts',(21.9332856,72.15360137928,10.6));
#16791=CARTESIAN_POINT('Ctrl Pts',(22.31565347967,71.76234122334,10.6));
#16792=CARTESIAN_POINT('Ctrl Pts',(22.31565347967,70.95847944842,10.6));
#16793=CARTESIAN_POINT('',(21.34995227661,69.7420160545,10.6));
#16794=CARTESIAN_POINT('Ctrl Pts',(22.31565347967,70.95847944842,10.6));
#16795=CARTESIAN_POINT('Ctrl Pts',(22.31565347967,70.14750385247,10.6));
#16796=CARTESIAN_POINT('Ctrl Pts',(21.91550104746,69.7420160545,10.6));
#16797=CARTESIAN_POINT('Ctrl Pts',(21.34995227661,69.7420160545,10.6));
#16798=CARTESIAN_POINT('Ctrl Pts',(21.34995227661,69.7420160545,10.6));
#16799=CARTESIAN_POINT('Ctrl Pts',(20.78440350575,69.7420160545,10.6));
#16800=CARTESIAN_POINT('Ctrl Pts',(20.3762480249,70.15728535637,10.6));
#16801=CARTESIAN_POINT('Ctrl Pts',(20.3762480249,70.95047639977,10.6));
#16802=CARTESIAN_POINT('Ctrl Pts',(20.58699497253,72.61777820065,-9989.7));
#16803=CARTESIAN_POINT('Ctrl Pts',(20.58699497253,72.61777820065,10010.3));
#16804=CARTESIAN_POINT('Ctrl Pts',(20.25975920574,72.48261560132,-9989.7));
#16805=CARTESIAN_POINT('Ctrl Pts',(20.25975920574,72.48261560132,10010.3));
#16806=CARTESIAN_POINT('Ctrl Pts',(19.96809254404,72.17849975284,-9989.7));
#16807=CARTESIAN_POINT('Ctrl Pts',(19.96809254404,72.17849975284,10010.3));
#16808=CARTESIAN_POINT('Ctrl Pts',(19.80803157116,71.82280870199,-9989.7));
#16809=CARTESIAN_POINT('Ctrl Pts',(19.80803157116,71.82280870199,10010.3));
#16810=CARTESIAN_POINT('',(20.58699497253,72.61777820065,10.6));
#16811=CARTESIAN_POINT('',(19.80803157116,71.82280870199,10.6));
#16812=CARTESIAN_POINT('Ctrl Pts',(19.80803157116,71.82280870199,-9989.7));
#16813=CARTESIAN_POINT('Ctrl Pts',(19.80803157116,71.82280870199,10010.3));
#16814=CARTESIAN_POINT('Ctrl Pts',(19.7013242559,71.58093878741,-9989.7));
#16815=CARTESIAN_POINT('Ctrl Pts',(19.7013242559,71.58093878741,10010.3));
#16816=CARTESIAN_POINT('Ctrl Pts',(19.64797059827,71.28215830469,-9989.7));
#16817=CARTESIAN_POINT('Ctrl Pts',(19.64797059827,71.28215830469,10010.3));
#16818=CARTESIAN_POINT('Ctrl Pts',(19.64797059827,70.92646725384,-9989.7));
#16819=CARTESIAN_POINT('Ctrl Pts',(19.64797059827,70.92646725384,10010.3));
#16820=CARTESIAN_POINT('',(19.64797059827,70.92646725384,10.6));
#16821=CARTESIAN_POINT('Ctrl Pts',(19.64797059827,70.92646725384,-9989.7));
#16822=CARTESIAN_POINT('Ctrl Pts',(19.64797059827,70.92646725384,10010.3));
#16823=CARTESIAN_POINT('Ctrl Pts',(19.64797059827,70.64813900655,-9989.7));
#16824=CARTESIAN_POINT('Ctrl Pts',(19.64797059827,70.64813900655,10010.3));
#16825=CARTESIAN_POINT('Ctrl Pts',(19.74095923731,70.02964316569,-9989.7));
#16826=CARTESIAN_POINT('Ctrl Pts',(19.74095923731,70.02964316569,10010.3));
#16827=CARTESIAN_POINT('Ctrl Pts',(20.29960479369,69.31845997017,-9989.7));
#16828=CARTESIAN_POINT('Ctrl Pts',(20.29960479369,69.31845997017,10010.3));
#16829=CARTESIAN_POINT('Ctrl Pts',(20.96047057592,69.1391197233,-9989.7));
#16830=CARTESIAN_POINT('Ctrl Pts',(20.96047057592,69.1391197233,10010.3));
#16831=CARTESIAN_POINT('Ctrl Pts',(21.34995227661,69.1391197233,-9989.7));
#16832=CARTESIAN_POINT('Ctrl Pts',(21.34995227661,69.1391197233,10010.3));
#16833=CARTESIAN_POINT('Ctrl Pts',(21.34194922796,72.75649771048,-9989.7));
#16834=CARTESIAN_POINT('Ctrl Pts',(21.34194922796,72.75649771048,10010.3));
#16835=CARTESIAN_POINT('Ctrl Pts',(21.05561793202,72.75649771048,-9989.7));
#16836=CARTESIAN_POINT('Ctrl Pts',(21.05561793202,72.75649771048,10010.3));
#16837=CARTESIAN_POINT('Ctrl Pts',(20.80396651355,72.71025787387,-9989.7));
#16838=CARTESIAN_POINT('Ctrl Pts',(20.80396651355,72.71025787387,10010.3));
#16839=CARTESIAN_POINT('Ctrl Pts',(20.58699497253,72.61777820065,-9989.7));
#16840=CARTESIAN_POINT('Ctrl Pts',(20.58699497253,72.61777820065,10010.3));
#16841=CARTESIAN_POINT('',(21.34194922796,72.75649771048,10.6));
#16842=CARTESIAN_POINT('Ctrl Pts',(23.04393090629,70.94247335113,-9989.7));
#16843=CARTESIAN_POINT('Ctrl Pts',(23.04393090629,70.94247335113,10010.3));
#16844=CARTESIAN_POINT('Ctrl Pts',(23.04393090629,71.22702619181,-9989.7));
#16845=CARTESIAN_POINT('Ctrl Pts',(23.04393090629,71.22702619181,10010.3));
#16846=CARTESIAN_POINT('Ctrl Pts',(22.95062050726,71.85826080344,-9989.7));
#16847=CARTESIAN_POINT('Ctrl Pts',(22.95062050726,71.85826080344,10010.3));
#16848=CARTESIAN_POINT('Ctrl Pts',(22.38736500765,72.57572709417,-9989.7));
#16849=CARTESIAN_POINT('Ctrl Pts',(22.38736500765,72.57572709417,10010.3));
#16850=CARTESIAN_POINT('Ctrl Pts',(21.72876324576,72.75649771048,-9989.7));
#16851=CARTESIAN_POINT('Ctrl Pts',(21.72876324576,72.75649771048,10010.3));
#16852=CARTESIAN_POINT('Ctrl Pts',(21.34194922796,72.75649771048,-9989.7));
#16853=CARTESIAN_POINT('Ctrl Pts',(21.34194922796,72.75649771048,10010.3));
#16854=CARTESIAN_POINT('Ctrl Pts',(21.34995227661,72.15360137928,-9989.7));
#16855=CARTESIAN_POINT('Ctrl Pts',(21.34995227661,72.15360137928,10010.3));
#16856=CARTESIAN_POINT('Ctrl Pts',(20.76661895321,72.15360137928,-9989.7));
#16857=CARTESIAN_POINT('Ctrl Pts',(20.76661895321,72.15360137928,10010.3));
#16858=CARTESIAN_POINT('Ctrl Pts',(20.3762480249,71.7543381747,-9989.7));
#16859=CARTESIAN_POINT('Ctrl Pts',(20.3762480249,71.7543381747,10010.3));
#16860=CARTESIAN_POINT('Ctrl Pts',(20.3762480249,70.95047639977,-9989.7));
#16861=CARTESIAN_POINT('Ctrl Pts',(20.3762480249,70.95047639977,10010.3));
#16862=CARTESIAN_POINT('',(20.3762480249,70.95047639977,10.3));
#16863=CARTESIAN_POINT('',(20.3762480249,70.95047639977,10.6));
#16864=CARTESIAN_POINT('',(21.34995227661,72.15360137928,10.3));
#16865=CARTESIAN_POINT('Ctrl Pts',(21.34995227661,72.15360137928,10.3));
#16866=CARTESIAN_POINT('Ctrl Pts',(20.76661895321,72.15360137928,10.3));
#16867=CARTESIAN_POINT('Ctrl Pts',(20.3762480249,71.7543381747,10.3));
#16868=CARTESIAN_POINT('Ctrl Pts',(20.3762480249,70.95047639977,10.3));
#16869=CARTESIAN_POINT('',(21.34995227661,72.15360137928,10.6));
#16870=CARTESIAN_POINT('Ctrl Pts',(22.31565347967,70.95847944842,-9989.7));
#16871=CARTESIAN_POINT('Ctrl Pts',(22.31565347967,70.95847944842,10010.3));
#16872=CARTESIAN_POINT('Ctrl Pts',(22.31565347967,71.76234122334,-9989.7));
#16873=CARTESIAN_POINT('Ctrl Pts',(22.31565347967,71.76234122334,10010.3));
#16874=CARTESIAN_POINT('Ctrl Pts',(21.9332856,72.15360137928,-9989.7));
#16875=CARTESIAN_POINT('Ctrl Pts',(21.9332856,72.15360137928,10010.3));
#16876=CARTESIAN_POINT('Ctrl Pts',(21.34995227661,72.15360137928,-9989.7));
#16877=CARTESIAN_POINT('Ctrl Pts',(21.34995227661,72.15360137928,10010.3));
#16878=CARTESIAN_POINT('',(22.31565347967,70.95847944842,10.3));
#16879=CARTESIAN_POINT('Ctrl Pts',(22.31565347967,70.95847944842,10.3));
#16880=CARTESIAN_POINT('Ctrl Pts',(22.31565347967,71.76234122334,10.3));
#16881=CARTESIAN_POINT('Ctrl Pts',(21.9332856,72.15360137928,10.3));
#16882=CARTESIAN_POINT('Ctrl Pts',(21.34995227661,72.15360137928,10.3));
#16883=CARTESIAN_POINT('',(22.31565347967,70.95847944842,10.6));
#16884=CARTESIAN_POINT('Ctrl Pts',(21.34995227661,69.7420160545,-9989.7));
#16885=CARTESIAN_POINT('Ctrl Pts',(21.34995227661,69.7420160545,10010.3));
#16886=CARTESIAN_POINT('Ctrl Pts',(21.91550104746,69.7420160545,-9989.7));
#16887=CARTESIAN_POINT('Ctrl Pts',(21.91550104746,69.7420160545,10010.3));
#16888=CARTESIAN_POINT('Ctrl Pts',(22.31565347967,70.14750385247,-9989.7));
#16889=CARTESIAN_POINT('Ctrl Pts',(22.31565347967,70.14750385247,10010.3));
#16890=CARTESIAN_POINT('Ctrl Pts',(22.31565347967,70.95847944842,-9989.7));
#16891=CARTESIAN_POINT('Ctrl Pts',(22.31565347967,70.95847944842,10010.3));
#16892=CARTESIAN_POINT('',(21.34995227661,69.7420160545,10.3));
#16893=CARTESIAN_POINT('Ctrl Pts',(21.34995227661,69.7420160545,10.3));
#16894=CARTESIAN_POINT('Ctrl Pts',(21.91550104746,69.7420160545,10.3));
#16895=CARTESIAN_POINT('Ctrl Pts',(22.31565347967,70.14750385247,10.3));
#16896=CARTESIAN_POINT('Ctrl Pts',(22.31565347967,70.95847944842,10.3));
#16897=CARTESIAN_POINT('',(21.34995227661,69.7420160545,10.6));
#16898=CARTESIAN_POINT('Ctrl Pts',(20.3762480249,70.95047639977,-9989.7));
#16899=CARTESIAN_POINT('Ctrl Pts',(20.3762480249,70.95047639977,10010.3));
#16900=CARTESIAN_POINT('Ctrl Pts',(20.3762480249,70.15728535637,-9989.7));
#16901=CARTESIAN_POINT('Ctrl Pts',(20.3762480249,70.15728535637,10010.3));
#16902=CARTESIAN_POINT('Ctrl Pts',(20.78440350575,69.7420160545,-9989.7));
#16903=CARTESIAN_POINT('Ctrl Pts',(20.78440350575,69.7420160545,10010.3));
#16904=CARTESIAN_POINT('Ctrl Pts',(21.34995227661,69.7420160545,-9989.7));
#16905=CARTESIAN_POINT('Ctrl Pts',(21.34995227661,69.7420160545,10010.3));
#16906=CARTESIAN_POINT('Ctrl Pts',(20.3762480249,70.95047639977,10.3));
#16907=CARTESIAN_POINT('Ctrl Pts',(20.3762480249,70.15728535637,10.3));
#16908=CARTESIAN_POINT('Ctrl Pts',(20.78440350575,69.7420160545,10.3));
#16909=CARTESIAN_POINT('Ctrl Pts',(21.34995227661,69.7420160545,10.3));
#16910=CARTESIAN_POINT('Origin',(34.097,43.55,10.3));
#16911=CARTESIAN_POINT('Origin',(44.57918401827,72.69780868709,10.3));
#16912=CARTESIAN_POINT('',(44.57918401827,72.10558308742,10.6));
#16913=CARTESIAN_POINT('',(44.57918401827,72.69780868709,10.6));
#16914=CARTESIAN_POINT('',(44.57918401827,72.10558308742,10.6));
#16915=CARTESIAN_POINT('',(44.57918401827,72.10558308742,10.6));
#16916=CARTESIAN_POINT('',(44.57918401827,72.69780868709,10.6));
#16917=CARTESIAN_POINT('Origin',(34.0383105072,70.94780871689,10.6));
#16918=CARTESIAN_POINT('',(41.79945845585,72.10558308742,10.6));
#16919=CARTESIAN_POINT('',(42.83718709671,72.10558308742,10.6));
#16920=CARTESIAN_POINT('',(41.79945845585,72.10558308742,10.6));
#16921=CARTESIAN_POINT('',(42.83718709671,69.19780874669,10.6));
#16922=CARTESIAN_POINT('',(42.83718709671,72.10558308742,10.6));
#16923=CARTESIAN_POINT('',(43.54412306029,69.19780874669,10.6));
#16924=CARTESIAN_POINT('',(42.83718709671,69.19780874669,10.6));
#16925=CARTESIAN_POINT('',(43.54412306029,72.10558308742,10.6));
#16926=CARTESIAN_POINT('',(43.54412306029,69.19780874669,10.6));
#16927=CARTESIAN_POINT('',(43.54412306029,72.10558308742,10.6));
#16928=CARTESIAN_POINT('',(41.79945845585,72.69780868709,10.6));
#16929=CARTESIAN_POINT('',(44.57918401827,72.69780868709,10.6));
#16930=CARTESIAN_POINT('',(41.79945845585,72.69780868709,10.6));
#16931=CARTESIAN_POINT('Origin',(42.83718709671,72.10558308742,10.3));
#16932=CARTESIAN_POINT('',(41.79945845585,72.10558308742,10.6));
#16933=CARTESIAN_POINT('',(42.83718709671,72.10558308742,10.6));
#16934=CARTESIAN_POINT('Origin',(42.83718709671,69.19780874669,10.3));
#16935=CARTESIAN_POINT('',(42.83718709671,69.19780874669,10.6));
#16936=CARTESIAN_POINT('Origin',(43.54412306029,69.19780874669,10.3));
#16937=CARTESIAN_POINT('',(43.54412306029,69.19780874669,10.6));
#16938=CARTESIAN_POINT('Origin',(43.54412306029,72.10558308742,10.3));
#16939=CARTESIAN_POINT('',(43.54412306029,72.10558308742,10.6));
#16940=CARTESIAN_POINT('Origin',(44.57918401827,72.10558308742,10.3));
#16941=CARTESIAN_POINT('Origin',(41.79945845585,72.10558308742,10.3));
#16942=CARTESIAN_POINT('',(41.79945845585,72.69780868709,10.6));
#16943=CARTESIAN_POINT('Origin',(41.79945845585,72.69780868709,10.3));
#16944=CARTESIAN_POINT('Origin',(46.22,79.54780876346,10.3));
#16945=CARTESIAN_POINT('',(45.22,79.54780876346,10.6));
#16946=CARTESIAN_POINT('',(46.22,79.54780876346,10.6));
#16947=CARTESIAN_POINT('',(45.22,79.54780876346,10.6));
#16948=CARTESIAN_POINT('',(45.22,79.54780876346,10.6));
#16949=CARTESIAN_POINT('',(46.22,79.54780876346,10.6));
#16950=CARTESIAN_POINT('Origin',(46.72,78.94847761489,10.6));
#16951=CARTESIAN_POINT('',(46.22,74.54780876346,10.6));
#16952=CARTESIAN_POINT('',(46.22,79.54780876346,10.6));
#16953=CARTESIAN_POINT('',(47.22,74.54780876346,10.6));
#16954=CARTESIAN_POINT('',(46.22,74.54780876346,10.6));
#16955=CARTESIAN_POINT('',(47.22,79.54780876346,10.6));
#16956=CARTESIAN_POINT('',(47.22,74.54780876346,10.6));
#16957=CARTESIAN_POINT('',(48.22,79.54780876346,10.6));
#16958=CARTESIAN_POINT('',(47.22,79.54780876346,10.6));
#16959=CARTESIAN_POINT('',(46.72,83.54780876346,10.6));
#16960=CARTESIAN_POINT('',(48.22,79.54780876346,10.6));
#16961=CARTESIAN_POINT('',(46.72,83.54780876346,10.6));
#16962=CARTESIAN_POINT('Origin',(45.22,79.54780876346,10.3));
#16963=CARTESIAN_POINT('',(46.72,83.54780876346,10.6));
#16964=CARTESIAN_POINT('Origin',(46.72,83.54780876346,10.3));
#16965=CARTESIAN_POINT('',(48.22,79.54780876346,10.6));
#16966=CARTESIAN_POINT('Origin',(48.22,79.54780876346,10.3));
#16967=CARTESIAN_POINT('',(47.22,79.54780876346,10.6));
#16968=CARTESIAN_POINT('Origin',(47.22,79.54780876346,10.3));
#16969=CARTESIAN_POINT('',(47.22,74.54780876346,10.6));
#16970=CARTESIAN_POINT('Origin',(47.22,74.54780876346,10.3));
#16971=CARTESIAN_POINT('',(46.22,74.54780876346,10.6));
#16972=CARTESIAN_POINT('Origin',(46.22,74.54780876346,10.3));
#16973=CARTESIAN_POINT('Origin',(20.974,79.54780876346,10.3));
#16974=CARTESIAN_POINT('',(19.974,79.54780876346,10.6));
#16975=CARTESIAN_POINT('',(20.974,79.54780876346,10.6));
#16976=CARTESIAN_POINT('',(19.974,79.54780876346,10.6));
#16977=CARTESIAN_POINT('',(19.974,79.54780876346,10.6));
#16978=CARTESIAN_POINT('',(20.974,79.54780876346,10.6));
#16979=CARTESIAN_POINT('Origin',(21.474,78.94847761489,10.6));
#16980=CARTESIAN_POINT('',(20.974,74.54780876346,10.6));
#16981=CARTESIAN_POINT('',(20.974,79.54780876346,10.6));
#16982=CARTESIAN_POINT('',(21.974,74.54780876346,10.6));
#16983=CARTESIAN_POINT('',(20.974,74.54780876346,10.6));
#16984=CARTESIAN_POINT('',(21.974,79.54780876346,10.6));
#16985=CARTESIAN_POINT('',(21.974,74.54780876346,10.6));
#16986=CARTESIAN_POINT('',(22.974,79.54780876346,10.6));
#16987=CARTESIAN_POINT('',(21.974,79.54780876346,10.6));
#16988=CARTESIAN_POINT('',(21.474,83.54780876346,10.6));
#16989=CARTESIAN_POINT('',(22.974,79.54780876346,10.6));
#16990=CARTESIAN_POINT('',(21.474,83.54780876346,10.6));
#16991=CARTESIAN_POINT('Origin',(19.974,79.54780876346,10.3));
#16992=CARTESIAN_POINT('',(21.474,83.54780876346,10.6));
#16993=CARTESIAN_POINT('Origin',(21.474,83.54780876346,10.3));
#16994=CARTESIAN_POINT('',(22.974,79.54780876346,10.6));
#16995=CARTESIAN_POINT('Origin',(22.974,79.54780876346,10.3));
#16996=CARTESIAN_POINT('',(21.974,79.54780876346,10.6));
#16997=CARTESIAN_POINT('Origin',(21.974,79.54780876346,10.3));
#16998=CARTESIAN_POINT('',(21.974,74.54780876346,10.6));
#16999=CARTESIAN_POINT('Origin',(21.974,74.54780876346,10.3));
#17000=CARTESIAN_POINT('',(20.974,74.54780876346,10.6));
#17001=CARTESIAN_POINT('Origin',(20.974,74.54780876346,10.3));
#17002=CARTESIAN_POINT('',(0.,0.,0.));
#17003=CARTESIAN_POINT('Origin',(0.,0.9788154678155,0.));
#17004=CARTESIAN_POINT('',(1.340210143273,0.9788154678155,17.89872644137));
#17005=CARTESIAN_POINT('',(11.99900217941,0.9788154678155,14.1490889567));
#17006=CARTESIAN_POINT('Origin',(15.76967597343,0.9788154678155,41.89194215251));
#17007=CARTESIAN_POINT('',(11.98553448993,0.9788154678155,13.95));
#17008=CARTESIAN_POINT('Origin',(11.98553448993,0.9788154678155,14.05));
#17009=CARTESIAN_POINT('',(0.,0.9788154678155,13.95));
#17010=CARTESIAN_POINT('',(0.,0.9788154678155,13.95));
#17011=CARTESIAN_POINT('',(0.,0.9788154678155,9.5));
#17012=CARTESIAN_POINT('',(0.,0.9788154678155,13.95));
#17013=CARTESIAN_POINT('',(3.8,0.9788154678155,9.5));
#17014=CARTESIAN_POINT('',(0.,0.9788154678155,9.5));
#17015=CARTESIAN_POINT('',(3.8,0.9788154678155,11.85));
#17016=CARTESIAN_POINT('',(3.8,0.9788154678155,11.85));
#17017=CARTESIAN_POINT('',(3.9,0.9788154678155,11.95));
#17018=CARTESIAN_POINT('Origin',(3.9,0.9788154678155,11.85));
#17019=CARTESIAN_POINT('',(12.5,0.9788154678155,11.95));
#17020=CARTESIAN_POINT('',(12.5,0.9788154678155,11.95));
#17021=CARTESIAN_POINT('',(14.,0.9788154678155,13.45));
#17022=CARTESIAN_POINT('Origin',(12.5,0.9788154678155,13.45));
#17023=CARTESIAN_POINT('',(14.,0.9788154678155,14.08350424189));
#17024=CARTESIAN_POINT('',(14.,0.9788154678155,14.08350424189));
#17025=CARTESIAN_POINT('',(12.67516121286,0.9788154678155,15.5732419871));
#17026=CARTESIAN_POINT('Origin',(12.5,0.9788154678155,14.08350424189));
#17027=CARTESIAN_POINT('',(2.500715489943,0.9788154678155,18.95322624059));
#17028=CARTESIAN_POINT('Origin',(15.76967597343,0.9788154678155,41.89194215251));
#17029=CARTESIAN_POINT('',(1.140030297717,0.9788154678155,18.59795940965));
#17030=CARTESIAN_POINT('Origin',(2.,0.9788154678155,18.08761431939));
#17031=CARTESIAN_POINT('Origin',(1.570015148858,0.9788154678155,18.34278686452));
#17032=CARTESIAN_POINT('Origin',(15.76967597343,5.078815467815,41.89194215251));
#17033=CARTESIAN_POINT('',(1.340210143273,5.078815467815,17.89872644137));
#17034=CARTESIAN_POINT('',(1.340210143273,5.078815467815,17.89872644137));
#17035=CARTESIAN_POINT('',(11.99900217941,5.078815467815,14.1490889567));
#17036=CARTESIAN_POINT('Origin',(15.76967597343,5.078815467815,41.89194215251));
#17037=CARTESIAN_POINT('',(11.99900217941,0.9788154678155,14.1490889567));
#17038=CARTESIAN_POINT('Origin',(11.98553448993,5.078815467815,14.05));
#17039=CARTESIAN_POINT('',(11.98553448993,5.078815467815,13.95));
#17040=CARTESIAN_POINT('Origin',(11.98553448993,5.078815467815,14.05));
#17041=CARTESIAN_POINT('',(11.98553448993,5.078815467815,13.95));
#17042=CARTESIAN_POINT('Origin',(1.35871930236,2.954081637536,13.95));
#17043=CARTESIAN_POINT('',(0.9712812921102,5.078815467815,13.95));
#17044=CARTESIAN_POINT('',(11.98553448993,5.078815467815,13.95));
#17045=CARTESIAN_POINT('',(-1.6,2.507534175705,13.95));
#17046=CARTESIAN_POINT('',(0.9712812921102,5.078815467815,13.95));
#17047=CARTESIAN_POINT('',(0.,2.078815467815,13.95));
#17048=CARTESIAN_POINT('',(-1.6,2.507534175705,13.95));
#17049=CARTESIAN_POINT('',(0.,2.078815467815,13.95));
#17050=CARTESIAN_POINT('Origin',(0.,-0.1211845321845,0.));
#17051=CARTESIAN_POINT('',(0.,2.078815467815,-4.45));
#17052=CARTESIAN_POINT('',(0.,2.078815467815,-4.45));
#17053=CARTESIAN_POINT('',(0.,0.9788154678155,-4.45));
#17054=CARTESIAN_POINT('',(0.,2.078815467815,-4.45));
#17055=CARTESIAN_POINT('',(0.,0.9788154678155,0.));
#17056=CARTESIAN_POINT('',(0.,0.9788154678155,-4.45));
#17057=CARTESIAN_POINT('',(0.,-0.1211845321845,0.));
#17058=CARTESIAN_POINT('',(0.,0.9788154678155,0.));
#17059=CARTESIAN_POINT('',(0.,-0.1211845321845,9.5));
#17060=CARTESIAN_POINT('',(0.,-0.1211845321845,0.));
#17061=CARTESIAN_POINT('',(0.,0.9788154678155,9.5));
#17062=CARTESIAN_POINT('Origin',(17.57552358372,1.784128277334,9.5));
#17063=CARTESIAN_POINT('',(32.79557985835,-0.1211845321845,9.5));
#17064=CARTESIAN_POINT('',(0.,-0.1211845321845,9.5));
#17065=CARTESIAN_POINT('',(35.06224073703,3.278815467815,9.5));
#17066=CARTESIAN_POINT('',(32.79557985835,-0.1211845321845,9.5));
#17067=CARTESIAN_POINT('',(3.8,3.278815467815,9.5));
#17068=CARTESIAN_POINT('',(35.06224073703,3.278815467815,9.5));
#17069=CARTESIAN_POINT('',(3.8,0.9788154678155,9.5));
#17070=CARTESIAN_POINT('Origin',(37.6,-0.1211845321845,0.));
#17071=CARTESIAN_POINT('',(32.79557985835,-0.1211845321845,0.));
#17072=CARTESIAN_POINT('',(32.79557985835,-0.1211845321845,0.));
#17073=CARTESIAN_POINT('',(32.79557985835,-0.1211845321845,9.5));
#17074=CARTESIAN_POINT('',(31.48854295504,-0.1211845321845,1.8));
#17075=CARTESIAN_POINT('',(31.48854295504,-0.1211845321845,7.7));
#17076=CARTESIAN_POINT('',(31.48854295504,-0.1211845321845,1.8));
#17077=CARTESIAN_POINT('',(28.48854295504,-0.1211845321845,1.8));
#17078=CARTESIAN_POINT('',(28.48854295504,-0.1211845321845,1.8));
#17079=CARTESIAN_POINT('',(28.48854295504,-0.1211845321845,7.7));
#17080=CARTESIAN_POINT('',(28.48854295504,-0.1211845321845,7.7));
#17081=CARTESIAN_POINT('',(31.48854295504,-0.1211845321845,7.7));
#17082=CARTESIAN_POINT('Origin',(35.06224073703,3.278815467815,9.5));
#17083=CARTESIAN_POINT('',(35.06224073703,3.278815467815,0.));
#17084=CARTESIAN_POINT('',(35.06224073703,3.278815467815,0.));
#17085=CARTESIAN_POINT('',(35.06224073703,3.278815467815,9.5));
#17086=CARTESIAN_POINT('Origin',(31.16014282138,3.278815467815,4.75));
#17087=CARTESIAN_POINT('',(3.8,3.278815467815,0.));
#17088=CARTESIAN_POINT('',(3.8,3.278815467815,9.5));
#17089=CARTESIAN_POINT('',(35.06224073703,3.278815467815,0.));
#17090=CARTESIAN_POINT('',(18.68285056391,3.278815467815,6.7));
#17091=CARTESIAN_POINT('',(18.68285056391,3.278815467815,2.8));
#17092=CARTESIAN_POINT('',(18.68285056391,3.278815467815,6.7));
#17093=CARTESIAN_POINT('',(12.25,3.278815467815,6.7));
#17094=CARTESIAN_POINT('',(18.68285056391,3.278815467815,6.7));
#17095=CARTESIAN_POINT('',(12.25,3.278815467815,2.8));
#17096=CARTESIAN_POINT('',(12.25,3.278815467815,2.8));
#17097=CARTESIAN_POINT('',(12.25,3.278815467815,2.8));
#17098=CARTESIAN_POINT('',(31.48854295504,3.278815467815,7.7));
#17099=CARTESIAN_POINT('',(31.48854295504,3.278815467815,1.8));
#17100=CARTESIAN_POINT('',(31.48854295504,3.278815467815,7.7));
#17101=CARTESIAN_POINT('',(28.48854295504,3.278815467815,7.7));
#17102=CARTESIAN_POINT('',(28.48854295504,3.278815467815,7.7));
#17103=CARTESIAN_POINT('',(28.48854295504,3.278815467815,1.8));
#17104=CARTESIAN_POINT('',(28.48854295504,3.278815467815,1.8));
#17105=CARTESIAN_POINT('',(28.48854295504,3.278815467815,1.8));
#17106=CARTESIAN_POINT('Origin',(3.8,5.078815467815,0.));
#17107=CARTESIAN_POINT('',(3.8,0.9788154678155,0.));
#17108=CARTESIAN_POINT('',(3.8,3.278815467815,0.));
#17109=CARTESIAN_POINT('',(3.8,0.9788154678155,-2.35));
#17110=CARTESIAN_POINT('',(3.8,0.9788154678155,-2.35));
#17111=CARTESIAN_POINT('',(3.8,5.078815467815,-2.35));
#17112=CARTESIAN_POINT('',(3.8,5.078815467815,-2.35));
#17113=CARTESIAN_POINT('',(3.8,5.078815467815,11.85));
#17114=CARTESIAN_POINT('',(3.8,5.078815467815,-2.35));
#17115=CARTESIAN_POINT('',(3.8,0.9788154678155,11.85));
#17116=CARTESIAN_POINT('Origin',(3.9,4.016448552676,11.85));
#17117=CARTESIAN_POINT('',(3.9,5.078815467815,11.95));
#17118=CARTESIAN_POINT('Origin',(3.9,5.078815467815,11.85));
#17119=CARTESIAN_POINT('',(3.9,5.078815467815,11.95));
#17120=CARTESIAN_POINT('Origin',(0.,5.078815467815,0.));
#17121=CARTESIAN_POINT('',(1.140030297717,5.078815467815,18.59795940965));
#17122=CARTESIAN_POINT('Origin',(1.570015148858,5.078815467815,18.34278686452));
#17123=CARTESIAN_POINT('',(2.500715489943,5.078815467815,18.95322624059));
#17124=CARTESIAN_POINT('Origin',(2.,5.078815467815,18.08761431939));
#17125=CARTESIAN_POINT('',(12.67516121286,5.078815467815,15.5732419871));
#17126=CARTESIAN_POINT('Origin',(15.76967597343,5.078815467815,41.89194215251));
#17127=CARTESIAN_POINT('',(14.,5.078815467815,14.08350424189));
#17128=CARTESIAN_POINT('Origin',(12.5,5.078815467815,14.08350424189));
#17129=CARTESIAN_POINT('',(14.,5.078815467815,13.45));
#17130=CARTESIAN_POINT('',(14.,5.078815467815,14.08350424189));
#17131=CARTESIAN_POINT('',(12.5,5.078815467815,11.95));
#17132=CARTESIAN_POINT('Origin',(12.5,5.078815467815,13.45));
#17133=CARTESIAN_POINT('',(3.9,5.078815467815,11.95));
#17134=CARTESIAN_POINT('',(3.9,5.078815467815,-2.45));
#17135=CARTESIAN_POINT('Origin',(3.9,5.078815467815,-2.35));
#17136=CARTESIAN_POINT('',(12.5,5.078815467815,-2.45));
#17137=CARTESIAN_POINT('',(12.5,5.078815467815,-2.45));
#17138=CARTESIAN_POINT('',(14.,5.078815467815,-3.95));
#17139=CARTESIAN_POINT('Origin',(12.5,5.078815467815,-3.95));
#17140=CARTESIAN_POINT('',(14.,5.078815467815,-4.583504241888));
#17141=CARTESIAN_POINT('',(14.,5.078815467815,-4.583504241888));
#17142=CARTESIAN_POINT('',(12.67516121286,5.078815467815,-6.0732419871));
#17143=CARTESIAN_POINT('Origin',(12.5,5.078815467815,-4.583504241888));
#17144=CARTESIAN_POINT('',(2.500715489943,5.078815467815,-9.453226240591));
#17145=CARTESIAN_POINT('Origin',(15.76967597343,5.078815467815,-32.39194215251));
#17146=CARTESIAN_POINT('',(1.140030297716,5.078815467815,-9.097959409648));
#17147=CARTESIAN_POINT('Origin',(2.,5.078815467815,-8.587614319386));
#17148=CARTESIAN_POINT('',(1.340210143273,5.078815467815,-8.398726441367));
#17149=CARTESIAN_POINT('Origin',(1.570015148858,5.078815467815,-8.842786864517));
#17150=CARTESIAN_POINT('',(11.99900217941,5.078815467815,-4.6490889567));
#17151=CARTESIAN_POINT('Origin',(15.76967597343,5.078815467815,-32.39194215251));
#17152=CARTESIAN_POINT('',(11.98553448993,5.078815467815,-4.45));
#17153=CARTESIAN_POINT('Origin',(11.98553448993,5.078815467815,-4.55));
#17154=CARTESIAN_POINT('',(0.9712812921102,5.078815467815,-4.45));
#17155=CARTESIAN_POINT('',(0.9712812921102,5.078815467815,-4.45));
#17156=CARTESIAN_POINT('',(0.9712812921102,5.078815467815,13.95));
#17157=CARTESIAN_POINT('Origin',(1.57128129211,5.678815467815,4.75));
#17158=CARTESIAN_POINT('',(-1.6,2.507534175705,-4.45));
#17159=CARTESIAN_POINT('',(-1.6,2.507534175705,-4.45));
#17160=CARTESIAN_POINT('',(-1.6,2.507534175705,-4.45));
#17161=CARTESIAN_POINT('Origin',(-3.425578356977,2.996696422177,0.));
#17162=CARTESIAN_POINT('',(0.,2.078815467815,-4.45));
#17163=CARTESIAN_POINT('Origin',(1.35871930236,2.954081637536,-4.45));
#17164=CARTESIAN_POINT('',(11.98553448993,0.9788154678155,-4.45));
#17165=CARTESIAN_POINT('',(11.98553448993,0.9788154678155,-4.45));
#17166=CARTESIAN_POINT('',(11.98553448993,0.9788154678155,-4.45));
#17167=CARTESIAN_POINT('Origin',(0.,0.9788154678155,0.));
#17168=CARTESIAN_POINT('',(11.99900217941,0.9788154678155,-4.6490889567));
#17169=CARTESIAN_POINT('',(1.340210143273,0.9788154678155,-8.398726441367));
#17170=CARTESIAN_POINT('Origin',(15.76967597343,0.9788154678155,-32.39194215251));
#17171=CARTESIAN_POINT('',(1.140030297716,0.9788154678155,-9.097959409648));
#17172=CARTESIAN_POINT('Origin',(1.570015148858,0.9788154678155,-8.842786864517));
#17173=CARTESIAN_POINT('',(2.500715489943,0.9788154678155,-9.453226240591));
#17174=CARTESIAN_POINT('Origin',(2.,0.9788154678155,-8.587614319386));
#17175=CARTESIAN_POINT('',(12.67516121286,0.9788154678155,-6.0732419871));
#17176=CARTESIAN_POINT('Origin',(15.76967597343,0.9788154678155,-32.39194215251));
#17177=CARTESIAN_POINT('',(14.,0.9788154678155,-4.583504241888));
#17178=CARTESIAN_POINT('Origin',(12.5,0.9788154678155,-4.583504241888));
#17179=CARTESIAN_POINT('',(14.,0.9788154678155,-3.95));
#17180=CARTESIAN_POINT('',(14.,0.9788154678155,-4.583504241888));
#17181=CARTESIAN_POINT('',(12.5,0.9788154678155,-2.45));
#17182=CARTESIAN_POINT('Origin',(12.5,0.9788154678155,-3.95));
#17183=CARTESIAN_POINT('',(3.9,0.9788154678155,-2.45));
#17184=CARTESIAN_POINT('',(3.9,0.9788154678155,-2.45));
#17185=CARTESIAN_POINT('Origin',(3.9,0.9788154678155,-2.35));
#17186=CARTESIAN_POINT('',(3.8,0.9788154678155,0.));
#17187=CARTESIAN_POINT('Origin',(11.98553448993,0.9788154678155,-4.55));
#17188=CARTESIAN_POINT('Origin',(15.76967597343,5.078815467815,-32.39194215251));
#17189=CARTESIAN_POINT('',(1.340210143273,0.9788154678155,-8.398726441367));
#17190=CARTESIAN_POINT('',(11.99900217941,0.9788154678155,-4.6490889567));
#17191=CARTESIAN_POINT('Origin',(11.98553448993,5.078815467815,-4.55));
#17192=CARTESIAN_POINT('Origin',(1.570015148858,0.9788154678155,-8.842786864517));
#17193=CARTESIAN_POINT('',(1.140030297716,0.9788154678155,-9.097959409648));
#17194=CARTESIAN_POINT('Origin',(2.,0.9788154678155,-8.587614319386));
#17195=CARTESIAN_POINT('',(2.500715489943,0.9788154678155,-9.453226240591));
#17196=CARTESIAN_POINT('Origin',(15.76967597343,0.9788154678155,-32.39194215251));
#17197=CARTESIAN_POINT('',(12.67516121286,5.078815467815,-6.0732419871));
#17198=CARTESIAN_POINT('Origin',(12.5,0.9788154678155,-4.583504241888));
#17199=CARTESIAN_POINT('',(14.,5.078815467815,-4.583504241888));
#17200=CARTESIAN_POINT('Origin',(14.,0.9788154678155,-2.45));
#17201=CARTESIAN_POINT('',(14.,0.9788154678155,-3.95));
#17202=CARTESIAN_POINT('Origin',(12.5,1.966448552676,-3.95));
#17203=CARTESIAN_POINT('',(12.5,5.078815467815,-2.45));
#17204=CARTESIAN_POINT('Origin',(1.35871930236,2.954081637536,-2.45));
#17205=CARTESIAN_POINT('',(3.9,0.9788154678155,-2.45));
#17206=CARTESIAN_POINT('Origin',(3.9,4.016448552676,-2.35));
#17207=CARTESIAN_POINT('Origin',(17.57552358372,1.784128277334,0.));
#17208=CARTESIAN_POINT('Origin',(1.35871930236,2.954081637536,11.95));
#17209=CARTESIAN_POINT('',(12.5,0.9788154678155,11.95));
#17210=CARTESIAN_POINT('Origin',(12.5,4.016448552676,13.45));
#17211=CARTESIAN_POINT('',(14.,5.078815467815,13.45));
#17212=CARTESIAN_POINT('Origin',(14.,5.078815467815,11.95));
#17213=CARTESIAN_POINT('',(14.,0.9788154678155,14.08350424189));
#17214=CARTESIAN_POINT('Origin',(12.5,0.9788154678155,14.08350424189));
#17215=CARTESIAN_POINT('',(12.67516121286,0.9788154678155,15.5732419871));
#17216=CARTESIAN_POINT('Origin',(15.76967597343,0.9788154678155,41.89194215251));
#17217=CARTESIAN_POINT('',(2.500715489943,5.078815467815,18.95322624059));
#17218=CARTESIAN_POINT('Origin',(2.,0.9788154678155,18.08761431939));
#17219=CARTESIAN_POINT('',(1.140030297717,5.078815467815,18.59795940965));
#17220=CARTESIAN_POINT('Origin',(1.570015148858,0.9788154678155,18.34278686452));
#17221=CARTESIAN_POINT('Origin',(15.1,5.078815467815,4.75));
#17222=CARTESIAN_POINT('',(15.19952362678,5.028815467815,2.8));
#17223=CARTESIAN_POINT('',(15.19952362678,5.028815467815,2.8));
#17224=CARTESIAN_POINT('',(15.19952362678,5.028815467815,6.7));
#17225=CARTESIAN_POINT('',(15.19952362678,5.028815467815,6.7));
#17226=CARTESIAN_POINT('',(18.68285056391,3.278815467815,6.7));
#17227=CARTESIAN_POINT('Origin',(18.7,3.278815467815,6.7));
#17228=CARTESIAN_POINT('',(12.25,5.028815467815,6.7));
#17229=CARTESIAN_POINT('',(12.25,5.028815467815,6.7));
#17230=CARTESIAN_POINT('',(12.25,3.278815467815,6.7));
#17231=CARTESIAN_POINT('Origin',(12.25,4.178815467815,4.75));
#17232=CARTESIAN_POINT('',(12.25,5.028815467815,2.8));
#17233=CARTESIAN_POINT('',(12.25,5.028815467815,2.8));
#17234=CARTESIAN_POINT('',(12.25,5.028815467815,2.8));
#17235=CARTESIAN_POINT('Origin',(12.5,5.028815467815,4.75));
#17236=CARTESIAN_POINT('',(15.19952362678,5.028815467815,2.8));
#17237=CARTESIAN_POINT('Origin',(3.8,3.278815467815,2.8));
#17238=CARTESIAN_POINT('Origin',(31.48854295504,-0.1211845321845,1.8));
#17239=CARTESIAN_POINT('',(31.48854295504,3.278815467815,1.8));
#17240=CARTESIAN_POINT('',(31.48854295504,-0.1211845321845,7.7));
#17241=CARTESIAN_POINT('Origin',(31.48854295504,-0.1211845321845,7.7));
#17242=CARTESIAN_POINT('',(28.48854295504,-0.1211845321845,7.7));
#17243=CARTESIAN_POINT('Origin',(28.48854295504,-0.1211845321845,7.7));
#17244=CARTESIAN_POINT('',(28.48854295504,3.278815467815,1.8));
#17245=CARTESIAN_POINT('Origin',(28.48854295504,-0.1211845321845,1.8));
#17246=CARTESIAN_POINT('',(0.,0.,0.));
#17247=CARTESIAN_POINT('Origin',(36.64260763896,0.,-43.7));
#17248=CARTESIAN_POINT('',(-34.25,0.,-43.7));
#17249=CARTESIAN_POINT('',(34.25,0.,-43.7));
#17250=CARTESIAN_POINT('',(-34.25,0.,-43.7));
#17251=CARTESIAN_POINT('',(34.25,25.52794433613,-43.52177843258));
#17252=CARTESIAN_POINT('',(34.25,25.52794433613,-43.52177843258));
#17253=CARTESIAN_POINT('',(32.0340406089184,25.5279443360851,-43.5217784325874));
#17254=CARTESIAN_POINT('',(32.03402139565,25.52794433613,-43.52177843258));
#17255=CARTESIAN_POINT('',(31.95932329642,12.15,-43.61517562027));
#17256=CARTESIAN_POINT('',(31.9253671538209,6.07023928015499,-43.6576210467691));
#17257=CARTESIAN_POINT('',(-31.95932329642,12.15,-43.61517562027));
#17258=CARTESIAN_POINT('',(31.95932329642,12.15,-43.61517562027));
#17259=CARTESIAN_POINT('',(-32.0340406089174,25.5279443360855,-43.5217784325868));
#17260=CARTESIAN_POINT('',(-31.9620615224802,12.6402723920857,-43.6117528176721));
#17261=CARTESIAN_POINT('',(-34.25,25.52794433613,-43.52177843258));
#17262=CARTESIAN_POINT('',(-34.25,25.52794433613,-43.52177843258));
#17263=CARTESIAN_POINT('',(-34.25,0.,-43.7));
#17264=CARTESIAN_POINT('Origin',(0.,0.,0.));
#17265=CARTESIAN_POINT('',(-34.25,0.,-30.6));
#17266=CARTESIAN_POINT('',(-34.25,0.,-30.6));
#17267=CARTESIAN_POINT('',(-34.25,0.,-20.));
#17268=CARTESIAN_POINT('',(-34.25,0.,-20.));
#17269=CARTESIAN_POINT('',(-35.55,0.,-20.));
#17270=CARTESIAN_POINT('',(-35.55,0.,-20.));
#17271=CARTESIAN_POINT('',(-35.55,0.,-44.5));
#17272=CARTESIAN_POINT('',(-35.55,0.,-20.));
#17273=CARTESIAN_POINT('',(-35.05,0.,-45.));
#17274=CARTESIAN_POINT('Origin',(-35.05,0.,-44.5));
#17275=CARTESIAN_POINT('',(35.05,0.,-45.));
#17276=CARTESIAN_POINT('',(-35.05,0.,-45.));
#17277=CARTESIAN_POINT('',(35.55,0.,-44.5));
#17278=CARTESIAN_POINT('Origin',(35.05,0.,-44.5));
#17279=CARTESIAN_POINT('',(35.55,0.,-20.));
#17280=CARTESIAN_POINT('',(35.55,0.,-44.5));
#17281=CARTESIAN_POINT('',(34.25,0.,-20.));
#17282=CARTESIAN_POINT('',(34.25,0.,-20.));
#17283=CARTESIAN_POINT('',(34.25,0.,-30.6));
#17284=CARTESIAN_POINT('',(34.25,0.,-30.6));
#17285=CARTESIAN_POINT('',(34.25,0.,-43.7));
#17286=CARTESIAN_POINT('Origin',(34.25,0.,-30.6));
#17287=CARTESIAN_POINT('',(34.25,25.7,-30.6));
#17288=CARTESIAN_POINT('',(34.25,25.7,-30.6));
#17289=CARTESIAN_POINT('',(34.25,25.7,-31.2));
#17290=CARTESIAN_POINT('',(34.25,25.7,-31.2));
#17291=CARTESIAN_POINT('',(34.25,25.7,-45.));
#17292=CARTESIAN_POINT('',(34.25,25.7,-31.2));
#17293=CARTESIAN_POINT('',(34.25,25.507303128,-45.));
#17294=CARTESIAN_POINT('',(34.25,25.507303128,-45.));
#17295=CARTESIAN_POINT('',(34.25,25.52794433613,-43.52177843258));
#17296=CARTESIAN_POINT('Origin',(-34.2,25.50451041971,-45.2));
#17297=CARTESIAN_POINT('',(32.0339253267531,25.5073031280435,-44.9999999999965));
#17298=CARTESIAN_POINT('',(34.25,25.507303128,-45.));
#17299=CARTESIAN_POINT('',(32.0337658042911,25.4787411533212,-47.0454678193612));
#17300=CARTESIAN_POINT('Origin',(34.2,0.,-45.));
#17301=CARTESIAN_POINT('',(-35.05,25.7,-45.));
#17302=CARTESIAN_POINT('',(-35.05,25.7,-45.));
#17303=CARTESIAN_POINT('',(-34.25,25.7,-45.));
#17304=CARTESIAN_POINT('',(-35.05,25.7,-45.));
#17305=CARTESIAN_POINT('',(-34.25,25.507303128,-45.));
#17306=CARTESIAN_POINT('',(-34.25,25.507303128,-45.));
#17307=CARTESIAN_POINT('',(-32.0339253267521,25.5073031280432,-44.9999999999965));
#17308=CARTESIAN_POINT('',(-32.03394454002,25.507303128,-45.));
#17309=CARTESIAN_POINT('',(-31.95932329642,12.15,-45.));
#17310=CARTESIAN_POINT('',(-31.9622005359627,12.6651624015452,-45.));
#17311=CARTESIAN_POINT('',(31.95932329642,12.15,-45.));
#17312=CARTESIAN_POINT('',(31.95932329642,12.15,-45.));
#17313=CARTESIAN_POINT('',(31.9254281878246,6.08116726283827,-45.));
#17314=CARTESIAN_POINT('',(35.05,25.7,-45.));
#17315=CARTESIAN_POINT('',(34.25,25.7,-45.));
#17316=CARTESIAN_POINT('',(35.05,0.,-45.));
#17317=CARTESIAN_POINT('Origin',(-35.05,0.,-44.5));
#17318=CARTESIAN_POINT('',(-35.55,25.7,-44.5));
#17319=CARTESIAN_POINT('Origin',(-35.05,25.7,-44.5));
#17320=CARTESIAN_POINT('',(-35.55,0.,-44.5));
#17321=CARTESIAN_POINT('Origin',(-47.86800187159,25.7,-31.2));
#17322=CARTESIAN_POINT('',(-35.55,25.7,-30.7));
#17323=CARTESIAN_POINT('',(-35.55,25.7,-30.7));
#17324=CARTESIAN_POINT('',(-35.05,25.7,-31.2));
#17325=CARTESIAN_POINT('Origin',(-35.05,25.7,-30.7));
#17326=CARTESIAN_POINT('',(-34.25,25.7,-31.2));
#17327=CARTESIAN_POINT('',(-34.25,25.7,-31.2));
#17328=CARTESIAN_POINT('',(-34.25,25.7,-45.));
#17329=CARTESIAN_POINT('Origin',(-34.25,0.,-43.7));
#17330=CARTESIAN_POINT('',(-34.25,25.7,-30.6));
#17331=CARTESIAN_POINT('',(-34.25,25.7,-30.6));
#17332=CARTESIAN_POINT('',(-34.25,25.7,-30.6));
#17333=CARTESIAN_POINT('',(-34.25,25.52794433613,-43.52177843258));
#17334=CARTESIAN_POINT('Origin',(-34.2,25.50451041971,-45.2));
#17335=CARTESIAN_POINT('',(-32.0337733889422,25.4800991659349,-46.9482136508102));
#17336=CARTESIAN_POINT('Origin',(-32.03499844036,25.69944149754,-48.7));
#17337=CARTESIAN_POINT('',(-31.95932329642,12.15,-43.61517562027));
#17338=CARTESIAN_POINT('Origin',(-31.85932173676,12.15,-48.7));
#17339=CARTESIAN_POINT('',(31.95932329642,12.15,-43.61517562027));
#17340=CARTESIAN_POINT('Origin',(31.95932017712,12.14944149754,-48.7));
#17341=CARTESIAN_POINT('Origin',(0.,30.9,-30.6));
#17342=CARTESIAN_POINT('',(-32.12057723794,25.7,-30.6));
#17343=CARTESIAN_POINT('',(-32.12057723794,25.7,-30.6));
#17344=CARTESIAN_POINT('',(-32.21447747723,12.25,-30.6));
#17345=CARTESIAN_POINT('',(-32.12057723794,25.7,-30.6));
#17346=CARTESIAN_POINT('',(-34.16447747723,12.25,-30.6));
#17347=CARTESIAN_POINT('',(-34.16447747723,12.25,-30.6));
#17348=CARTESIAN_POINT('',(-34.16447747723,12.25,-30.6));
#17349=CARTESIAN_POINT('Origin',(-47.86800187159,25.7,-29.9));
#17350=CARTESIAN_POINT('',(-32.12057723794,25.7,-29.63281272302));
#17351=CARTESIAN_POINT('',(32.12057723794,25.7,-29.63281272302));
#17352=CARTESIAN_POINT('',(-32.12057723794,25.7,-29.63281272302));
#17353=CARTESIAN_POINT('',(-32.12057723794,25.7,-29.63281272302));
#17354=CARTESIAN_POINT('',(34.25,25.7,-31.2));
#17355=CARTESIAN_POINT('',(32.12057723794,25.7,-30.6));
#17356=CARTESIAN_POINT('',(34.25,25.7,-30.6));
#17357=CARTESIAN_POINT('',(32.12057723794,25.7,-29.63281272302));
#17358=CARTESIAN_POINT('Origin',(-47.86800187159,31.69996831992,-29.59092436161));
#17359=CARTESIAN_POINT('',(32.21447747723,12.25,-29.72671296231));
#17360=CARTESIAN_POINT('',(32.12057723794,25.7,-29.63281272302));
#17361=CARTESIAN_POINT('',(34.16447747723,12.25,-29.72671296231));
#17362=CARTESIAN_POINT('',(34.16447747723,12.25,-29.72671296231));
#17363=CARTESIAN_POINT('',(34.03776451491,30.4,-29.6));
#17364=CARTESIAN_POINT('',(34.16447747723,12.25,-29.72671296231));
#17365=CARTESIAN_POINT('',(-34.03776451491,30.4,-29.6));
#17366=CARTESIAN_POINT('',(34.03776451491,30.4,-29.6));
#17367=CARTESIAN_POINT('',(-34.16447747723,12.25,-29.72671296231));
#17368=CARTESIAN_POINT('',(-34.16447747723,12.25,-29.72671296231));
#17369=CARTESIAN_POINT('',(-32.21447747723,12.25,-29.72671296231));
#17370=CARTESIAN_POINT('',(-34.16447747723,12.25,-29.72671296231));
#17371=CARTESIAN_POINT('',(-32.12057723794,25.7,-29.63281272302));
#17372=CARTESIAN_POINT('Origin',(-32.0842737997,30.9,0.));
#17373=CARTESIAN_POINT('',(-32.21447747723,12.25,-29.72671296231));
#17374=CARTESIAN_POINT('Origin',(0.,12.25,-30.6));
#17375=CARTESIAN_POINT('',(-34.16447747723,12.25,-29.72671296231));
#17376=CARTESIAN_POINT('Origin',(-34.25,0.,-46.14260763896));
#17377=CARTESIAN_POINT('',(-34.03776451491,30.4,29.6));
#17378=CARTESIAN_POINT('',(-34.03776451491,30.4,29.6));
#17379=CARTESIAN_POINT('',(-34.16447747723,12.25,29.72671296231));
#17380=CARTESIAN_POINT('',(-34.16447747723,12.25,29.72671296231));
#17381=CARTESIAN_POINT('',(-34.16447747723,12.25,30.6));
#17382=CARTESIAN_POINT('',(-34.16447747723,12.25,29.72671296231));
#17383=CARTESIAN_POINT('',(-34.25,0.,30.6));
#17384=CARTESIAN_POINT('',(-34.25,0.,30.6));
#17385=CARTESIAN_POINT('',(-34.25,0.,20.31868563656));
#17386=CARTESIAN_POINT('',(-34.25,0.,30.6));
#17387=CARTESIAN_POINT('',(-34.24223824509,1.111771432346,18.86979689713));
#17388=CARTESIAN_POINT('Origin',(-34.2395278543543,1.5,20.31868563656));
#17389=CARTESIAN_POINT('',(-34.21587317233,4.888228567638,17.85789825747));
#17390=CARTESIAN_POINT('',(-34.24223824509,1.111771432347,18.86979689712));
#17391=CARTESIAN_POINT('',(-34.20811141742,6.,16.40900951803));
#17392=CARTESIAN_POINT('Origin',(-34.2185835630628,4.5,16.40900951803));
#17393=CARTESIAN_POINT('',(-34.20811141742,6.,-17.));
#17394=CARTESIAN_POINT('',(-34.20811141742,6.,16.40900951803));
#17395=CARTESIAN_POINT('',(-34.21858356306,4.5,-18.5));
#17396=CARTESIAN_POINT('Origin',(-34.2185835630628,4.5,-17.));
#17397=CARTESIAN_POINT('',(-34.23952785435,1.5,-18.5));
#17398=CARTESIAN_POINT('',(-34.21858356306,4.5,-18.5));
#17399=CARTESIAN_POINT('Origin',(-34.2395278543543,1.5,-20.));
#17400=CARTESIAN_POINT('Origin',(128.0556,1.5,-20.));
#17401=CARTESIAN_POINT('',(-35.55,1.5,-18.5));
#17402=CARTESIAN_POINT('Origin',(-35.55,1.5,-20.));
#17403=CARTESIAN_POINT('',(-34.23952785435,1.5,-18.5));
#17404=CARTESIAN_POINT('Origin',(-35.55,0.,-43.7));
#17405=CARTESIAN_POINT('',(-35.55,25.7,44.5));
#17406=CARTESIAN_POINT('',(-35.55,0.,44.5));
#17407=CARTESIAN_POINT('',(-35.55,25.7,44.5));
#17408=CARTESIAN_POINT('',(-35.55,25.7,30.7));
#17409=CARTESIAN_POINT('',(-35.55,25.7,30.7));
#17410=CARTESIAN_POINT('',(-35.55,31.7,30.7));
#17411=CARTESIAN_POINT('',(-35.55,31.7,30.7));
#17412=CARTESIAN_POINT('',(-35.55,31.7,-30.7));
#17413=CARTESIAN_POINT('',(-35.55,31.7,-30.7));
#17414=CARTESIAN_POINT('',(-35.55,25.7,-30.7));
#17415=CARTESIAN_POINT('',(-35.55,4.5,-18.5));
#17416=CARTESIAN_POINT('',(-35.55,4.5,-18.5));
#17417=CARTESIAN_POINT('',(-35.55,6.,-17.));
#17418=CARTESIAN_POINT('Origin',(-35.55,4.5,-17.));
#17419=CARTESIAN_POINT('',(-35.55,6.,16.40900951803));
#17420=CARTESIAN_POINT('',(-35.55,6.,16.40900951803));
#17421=CARTESIAN_POINT('',(-35.55,4.888228567607,17.85789825748));
#17422=CARTESIAN_POINT('Origin',(-35.55,4.5,16.40900951803));
#17423=CARTESIAN_POINT('',(-35.55,1.111771432347,18.86979689712));
#17424=CARTESIAN_POINT('',(-35.55,4.888228567638,17.85789825747));
#17425=CARTESIAN_POINT('',(-35.55,0.,20.31868563656));
#17426=CARTESIAN_POINT('Origin',(-35.55,1.5,20.31868563656));
#17427=CARTESIAN_POINT('',(-35.55,0.,44.5));
#17428=CARTESIAN_POINT('Origin',(-35.05,0.,44.5));
#17429=CARTESIAN_POINT('',(-35.05,25.7,45.));
#17430=CARTESIAN_POINT('Origin',(-35.05,25.7,44.5));
#17431=CARTESIAN_POINT('',(-35.05,0.,45.));
#17432=CARTESIAN_POINT('Origin',(-35.05,0.,44.5));
#17433=CARTESIAN_POINT('',(-35.05,0.,45.));
#17434=CARTESIAN_POINT('Origin',(-47.86800187159,25.7,-31.2));
#17435=CARTESIAN_POINT('',(-34.25,25.7,45.));
#17436=CARTESIAN_POINT('',(-34.25,25.7,45.));
#17437=CARTESIAN_POINT('',(-34.25,25.7,31.2));
#17438=CARTESIAN_POINT('',(-34.25,25.7,31.2));
#17439=CARTESIAN_POINT('',(-35.05,25.7,31.2));
#17440=CARTESIAN_POINT('',(-35.05,25.7,31.2));
#17441=CARTESIAN_POINT('Origin',(-35.05,25.7,30.7));
#17442=CARTESIAN_POINT('Origin',(-35.05,12.85,30.7));
#17443=CARTESIAN_POINT('',(-35.05,31.7,31.2));
#17444=CARTESIAN_POINT('Origin',(-35.05,31.7,30.7));
#17445=CARTESIAN_POINT('',(-35.05,25.7,31.2));
#17446=CARTESIAN_POINT('Origin',(-35.05,31.7,30.7));
#17447=CARTESIAN_POINT('',(-35.05,32.2,30.7));
#17448=CARTESIAN_POINT('Origin',(-35.05,31.7,30.7));
#17449=CARTESIAN_POINT('Origin',(-35.05,31.7,30.7));
#17450=CARTESIAN_POINT('Origin',(-35.05,31.7,-21.85));
#17451=CARTESIAN_POINT('',(-35.05,32.2,-30.7));
#17452=CARTESIAN_POINT('',(-35.05,32.2,30.7));
#17453=CARTESIAN_POINT('Origin',(-35.05,31.7,-30.7));
#17454=CARTESIAN_POINT('Origin',(-35.05,31.7,-30.7));
#17455=CARTESIAN_POINT('',(-35.05,31.7,-31.2));
#17456=CARTESIAN_POINT('Origin',(-35.05,31.7,-30.7));
#17457=CARTESIAN_POINT('Origin',(-35.05,31.7,-30.7));
#17458=CARTESIAN_POINT('Origin',(-35.05,16.1,-30.7));
#17459=CARTESIAN_POINT('',(-35.05,31.7,-31.2));
#17460=CARTESIAN_POINT('Origin',(-47.86800187159,32.2,-31.2));
#17461=CARTESIAN_POINT('',(35.05,31.7,-31.2));
#17462=CARTESIAN_POINT('',(35.05,31.7,-31.2));
#17463=CARTESIAN_POINT('',(35.05,25.7,-31.2));
#17464=CARTESIAN_POINT('',(35.05,25.7,-31.2));
#17465=CARTESIAN_POINT('',(35.05,25.7,-31.2));
#17466=CARTESIAN_POINT('Origin',(-47.86800187159,25.7,-31.2));
#17467=CARTESIAN_POINT('',(35.55,25.7,-44.5));
#17468=CARTESIAN_POINT('Origin',(35.05,25.7,-44.5));
#17469=CARTESIAN_POINT('',(35.55,25.7,-30.7));
#17470=CARTESIAN_POINT('Origin',(35.05,25.7,-30.7));
#17471=CARTESIAN_POINT('',(35.55,25.7,-30.7));
#17472=CARTESIAN_POINT('Origin',(35.05,0.,-44.5));
#17473=CARTESIAN_POINT('',(35.55,25.7,-44.5));
#17474=CARTESIAN_POINT('Origin',(35.55,0.,43.7));
#17475=CARTESIAN_POINT('',(35.55,31.7,-30.7));
#17476=CARTESIAN_POINT('',(35.55,31.7,-30.7));
#17477=CARTESIAN_POINT('',(35.55,31.7,30.7));
#17478=CARTESIAN_POINT('',(35.55,31.7,30.7));
#17479=CARTESIAN_POINT('',(35.55,25.7,30.7));
#17480=CARTESIAN_POINT('',(35.55,25.7,30.7));
#17481=CARTESIAN_POINT('',(35.55,25.7,44.5));
#17482=CARTESIAN_POINT('',(35.55,25.7,30.7));
#17483=CARTESIAN_POINT('',(35.55,0.,44.5));
#17484=CARTESIAN_POINT('',(35.55,0.,44.5));
#17485=CARTESIAN_POINT('',(35.55,0.,20.31868563656));
#17486=CARTESIAN_POINT('',(35.55,0.,20.31868563656));
#17487=CARTESIAN_POINT('',(35.55,1.111771432348,18.86979689713));
#17488=CARTESIAN_POINT('Origin',(35.55,1.5,20.31868563656));
#17489=CARTESIAN_POINT('',(35.55,4.888228567639,17.85789825747));
#17490=CARTESIAN_POINT('',(35.55,1.111771432347,18.86979689712));
#17491=CARTESIAN_POINT('',(35.55,6.,16.40900951803));
#17492=CARTESIAN_POINT('Origin',(35.55,4.5,16.40900951803));
#17493=CARTESIAN_POINT('',(35.55,6.,-17.));
#17494=CARTESIAN_POINT('',(35.55,6.,16.40900951803));
#17495=CARTESIAN_POINT('',(35.55,4.5,-18.5));
#17496=CARTESIAN_POINT('Origin',(35.55,4.5,-17.));
#17497=CARTESIAN_POINT('',(35.55,1.5,-18.5));
#17498=CARTESIAN_POINT('',(35.55,4.5,-18.5));
#17499=CARTESIAN_POINT('Origin',(35.55,1.5,-20.));
#17500=CARTESIAN_POINT('Origin',(128.0556,1.5,-20.));
#17501=CARTESIAN_POINT('',(34.23952785435,1.5,-18.5));
#17502=CARTESIAN_POINT('Origin',(34.2395278543543,1.5,-20.));
#17503=CARTESIAN_POINT('',(35.55,1.5,-18.5));
#17504=CARTESIAN_POINT('Origin',(34.25,0.,46.14260763896));
#17505=CARTESIAN_POINT('',(34.16447747723,12.25,-30.6));
#17506=CARTESIAN_POINT('',(34.25,0.,-30.6));
#17507=CARTESIAN_POINT('',(34.21858356306,4.5,-18.5));
#17508=CARTESIAN_POINT('',(34.21858356306,4.5,-18.5));
#17509=CARTESIAN_POINT('',(34.20811141742,6.,-17.));
#17510=CARTESIAN_POINT('Origin',(34.2185835630628,4.5,-17.));
#17511=CARTESIAN_POINT('',(34.20811141742,6.,16.40900951803));
#17512=CARTESIAN_POINT('',(34.20811141742,6.,16.40900951803));
#17513=CARTESIAN_POINT('',(34.21587317233,4.888228567607,17.85789825748));
#17514=CARTESIAN_POINT('Origin',(34.2185835630628,4.5,16.40900951803));
#17515=CARTESIAN_POINT('',(34.24223824509,1.111771432347,18.86979689712));
#17516=CARTESIAN_POINT('',(34.24223824509,1.111771432347,18.86979689712));
#17517=CARTESIAN_POINT('',(34.25,0.,20.31868563656));
#17518=CARTESIAN_POINT('Origin',(34.2395278543543,1.5,20.31868563656));
#17519=CARTESIAN_POINT('',(34.25,0.,30.6));
#17520=CARTESIAN_POINT('',(34.25,0.,20.31868563656));
#17521=CARTESIAN_POINT('',(34.16447747723,12.25,30.6));
#17522=CARTESIAN_POINT('',(34.16447747723,12.25,30.6));
#17523=CARTESIAN_POINT('',(34.16447747723,12.25,29.72671296231));
#17524=CARTESIAN_POINT('',(34.16447747723,12.25,29.72671296231));
#17525=CARTESIAN_POINT('',(34.03776451491,30.4,29.6));
#17526=CARTESIAN_POINT('',(34.16447747723,12.25,29.72671296231));
#17527=CARTESIAN_POINT('',(34.03776451491,30.4,-29.6));
#17528=CARTESIAN_POINT('',(34.16447747723,12.25,-29.72671296231));
#17529=CARTESIAN_POINT('Origin',(0.,30.9,-30.6));
#17530=CARTESIAN_POINT('',(32.21447747723,12.25,-30.6));
#17531=CARTESIAN_POINT('',(34.16447747723,12.25,-30.6));
#17532=CARTESIAN_POINT('',(32.21447747723,12.25,-30.6));
#17533=CARTESIAN_POINT('Origin',(32.0842737997,30.9,0.));
#17534=CARTESIAN_POINT('',(32.21447747723,12.25,-29.72671296231));
#17535=CARTESIAN_POINT('Origin',(0.,12.25,-30.6));
#17536=CARTESIAN_POINT('Origin',(0.,30.4,0.));
#17537=CARTESIAN_POINT('',(-34.03776451491,30.4,29.6));
#17538=CARTESIAN_POINT('Origin',(-47.86800187159,25.70011453568,29.6328119234));
#17539=CARTESIAN_POINT('',(-32.12057723794,25.7,29.63281272302));
#17540=CARTESIAN_POINT('',(32.12057723794,25.7,29.63281272302));
#17541=CARTESIAN_POINT('',(-32.12057723794,25.7,29.63281272302));
#17542=CARTESIAN_POINT('',(-32.21447747723,12.25,29.72671296231));
#17543=CARTESIAN_POINT('',(-32.12057723794,25.7,29.63281272302));
#17544=CARTESIAN_POINT('',(-34.16447747723,12.25,29.72671296231));
#17545=CARTESIAN_POINT('',(32.21447747723,12.25,29.72671296231));
#17546=CARTESIAN_POINT('',(34.16447747723,12.25,29.72671296231));
#17547=CARTESIAN_POINT('',(32.12057723794,25.7,29.63281272302));
#17548=CARTESIAN_POINT('Origin',(-47.86800187159,25.7,31.2));
#17549=CARTESIAN_POINT('',(34.25,25.7,31.2));
#17550=CARTESIAN_POINT('',(34.25,25.7,31.2));
#17551=CARTESIAN_POINT('',(-34.25,25.7,30.6));
#17552=CARTESIAN_POINT('',(-34.25,25.7,31.2));
#17553=CARTESIAN_POINT('',(-32.12057723794,25.7,30.6));
#17554=CARTESIAN_POINT('',(-34.25,25.7,30.6));
#17555=CARTESIAN_POINT('',(-32.12057723794,25.7,29.63281272302));
#17556=CARTESIAN_POINT('',(32.12057723794,25.7,30.6));
#17557=CARTESIAN_POINT('',(32.12057723794,25.7,29.63281272302));
#17558=CARTESIAN_POINT('',(34.25,25.7,30.6));
#17559=CARTESIAN_POINT('',(32.12057723794,25.7,30.6));
#17560=CARTESIAN_POINT('',(34.25,25.7,30.6));
#17561=CARTESIAN_POINT('Origin',(-47.86800187159,25.7,31.2));
#17562=CARTESIAN_POINT('',(35.05,25.7,31.2));
#17563=CARTESIAN_POINT('',(34.25,25.7,31.2));
#17564=CARTESIAN_POINT('',(35.05,31.7,31.2));
#17565=CARTESIAN_POINT('',(35.05,31.7,31.2));
#17566=CARTESIAN_POINT('',(-35.05,31.7,31.2));
#17567=CARTESIAN_POINT('Origin',(-35.20992037516,31.7,30.7));
#17568=CARTESIAN_POINT('',(35.05,32.2,30.7));
#17569=CARTESIAN_POINT('Origin',(35.05,31.7,30.7));
#17570=CARTESIAN_POINT('',(35.05,32.2,30.7));
#17571=CARTESIAN_POINT('Origin',(0.,32.2,0.));
#17572=CARTESIAN_POINT('',(35.05,32.2,-30.7));
#17573=CARTESIAN_POINT('',(35.05,32.2,-30.7));
#17574=CARTESIAN_POINT('',(-35.05,32.2,-30.7));
#17575=CARTESIAN_POINT('',(-34.55,32.2,30.2));
#17576=CARTESIAN_POINT('',(-34.55,32.2,-30.2));
#17577=CARTESIAN_POINT('',(-34.55,32.2,30.2));
#17578=CARTESIAN_POINT('',(34.55,32.2,-30.2));
#17579=CARTESIAN_POINT('',(-34.55,32.2,-30.2));
#17580=CARTESIAN_POINT('',(34.55,32.2,30.2));
#17581=CARTESIAN_POINT('',(34.55,32.2,-30.2));
#17582=CARTESIAN_POINT('',(34.55,32.2,30.2));
#17583=CARTESIAN_POINT('Origin',(35.19255724705,31.7,-30.7));
#17584=CARTESIAN_POINT('Origin',(35.05,31.7,-30.7));
#17585=CARTESIAN_POINT('Origin',(35.05,31.7,-30.7));
#17586=CARTESIAN_POINT('Origin',(35.05,31.7,-30.7));
#17587=CARTESIAN_POINT('Origin',(35.05,31.7,-30.7));
#17588=CARTESIAN_POINT('Origin',(35.05,31.7,21.85));
#17589=CARTESIAN_POINT('Origin',(35.05,31.7,30.7));
#17590=CARTESIAN_POINT('Origin',(35.05,31.7,30.7));
#17591=CARTESIAN_POINT('Origin',(35.05,31.7,30.7));
#17592=CARTESIAN_POINT('Origin',(35.05,12.85,30.7));
#17593=CARTESIAN_POINT('Origin',(35.05,25.7,30.7));
#17594=CARTESIAN_POINT('Origin',(-47.86800187159,25.7,-31.2));
#17595=CARTESIAN_POINT('',(35.05,25.7,45.));
#17596=CARTESIAN_POINT('Origin',(35.05,25.7,44.5));
#17597=CARTESIAN_POINT('',(34.25,25.7,45.));
#17598=CARTESIAN_POINT('',(34.25,25.7,45.));
#17599=CARTESIAN_POINT('',(35.05,25.7,45.));
#17600=CARTESIAN_POINT('Origin',(35.05,0.,44.5));
#17601=CARTESIAN_POINT('',(35.05,0.,45.));
#17602=CARTESIAN_POINT('Origin',(35.05,0.,44.5));
#17603=CARTESIAN_POINT('',(35.05,25.7,45.));
#17604=CARTESIAN_POINT('Origin',(0.,0.,0.));
#17605=CARTESIAN_POINT('',(-34.25,0.,43.7));
#17606=CARTESIAN_POINT('',(34.25,0.,43.7));
#17607=CARTESIAN_POINT('',(-34.25,0.,43.7));
#17608=CARTESIAN_POINT('',(34.25,0.,30.6));
#17609=CARTESIAN_POINT('',(35.55,0.,20.31868563656));
#17610=CARTESIAN_POINT('',(35.05,0.,45.));
#17611=CARTESIAN_POINT('',(-34.25,0.,20.31868563656));
#17612=CARTESIAN_POINT('',(-34.25,0.,43.7));
#17613=CARTESIAN_POINT('Origin',(-36.64260763896,0.,43.7));
#17614=CARTESIAN_POINT('',(-34.25,25.52794433613,43.52177843258));
#17615=CARTESIAN_POINT('',(-34.25,25.52794433613,43.52177843258));
#17616=CARTESIAN_POINT('',(-32.0340406089174,25.5279443360851,43.5217784325874));
#17617=CARTESIAN_POINT('',(-32.03402139565,25.52794433613,43.52177843258));
#17618=CARTESIAN_POINT('',(-31.95932329642,12.15,43.61517562027));
#17619=CARTESIAN_POINT('',(-31.9632044412945,12.8449090905358,43.6103241607984));
#17620=CARTESIAN_POINT('',(31.95932329642,12.15,43.61517562027));
#17621=CARTESIAN_POINT('',(31.95932329642,12.15,43.61517562027));
#17622=CARTESIAN_POINT('',(32.0340406089184,25.5279443360855,43.5217784325875));
#17623=CARTESIAN_POINT('',(31.9242242350066,5.86560258170495,43.6590497036429));
#17624=CARTESIAN_POINT('',(34.25,25.52794433613,43.52177843258));
#17625=CARTESIAN_POINT('',(34.25,25.52794433613,43.52177843258));
#17626=CARTESIAN_POINT('',(34.25,0.,43.7));
#17627=CARTESIAN_POINT('',(5.25,5.2,43.66369656176));
#17628=CARTESIAN_POINT('',(5.25,2.1,43.6853389961));
#17629=CARTESIAN_POINT('',(5.25,5.2,43.66369656176));
#17630=CARTESIAN_POINT('',(4.75,5.7,43.66020584655));
#17631=CARTESIAN_POINT('Origin',(4.75,5.2,43.6636965617614));
#17632=CARTESIAN_POINT('',(-4.75,5.7,43.66020584655));
#17633=CARTESIAN_POINT('',(-4.75,5.7,43.66020584655));
#17634=CARTESIAN_POINT('',(-5.25,5.2,43.66369656176));
#17635=CARTESIAN_POINT('Origin',(-4.75,5.2,43.6636965617614));
#17636=CARTESIAN_POINT('',(-5.25,2.1,43.6853389961));
#17637=CARTESIAN_POINT('',(-5.25,2.1,43.6853389961));
#17638=CARTESIAN_POINT('',(-4.75,1.6,43.68882971131));
#17639=CARTESIAN_POINT('Origin',(-4.75,2.1,43.685338996096));
#17640=CARTESIAN_POINT('',(4.75,1.6,43.68882971131));
#17641=CARTESIAN_POINT('',(4.75,1.6,43.68882971131));
#17642=CARTESIAN_POINT('Origin',(4.75,2.1,43.685338996096));
#17643=CARTESIAN_POINT('Origin',(34.25,0.,43.7));
#17644=CARTESIAN_POINT('',(34.25,25.7,30.6));
#17645=CARTESIAN_POINT('',(34.25,25.507303128,45.));
#17646=CARTESIAN_POINT('',(34.25,25.52794433613,43.52177843258));
#17647=CARTESIAN_POINT('',(34.25,25.507303128,45.));
#17648=CARTESIAN_POINT('Origin',(-34.2,0.,45.));
#17649=CARTESIAN_POINT('',(32.0339253267531,25.5073031280435,44.9999999999965));
#17650=CARTESIAN_POINT('',(34.25,25.507303128,45.));
#17651=CARTESIAN_POINT('',(31.95932329642,12.15,45.));
#17652=CARTESIAN_POINT('',(31.9243614043432,5.89016240154518,45.));
#17653=CARTESIAN_POINT('',(-31.95932329642,12.15,45.));
#17654=CARTESIAN_POINT('',(31.95932329642,12.15,45.));
#17655=CARTESIAN_POINT('',(-32.0339253267521,25.5073031280432,44.9999999999965));
#17656=CARTESIAN_POINT('',(-31.9632673194441,12.8561672628383,45.));
#17657=CARTESIAN_POINT('',(-34.25,25.507303128,45.));
#17658=CARTESIAN_POINT('',(-32.03394454002,25.507303128,45.));
#17659=CARTESIAN_POINT('',(-34.25,25.507303128,45.));
#17660=CARTESIAN_POINT('',(5.25,5.2,45.));
#17661=CARTESIAN_POINT('',(5.25,2.1,45.));
#17662=CARTESIAN_POINT('',(5.25,5.2,45.));
#17663=CARTESIAN_POINT('',(4.75,1.6,45.));
#17664=CARTESIAN_POINT('Origin',(4.75,2.1,45.));
#17665=CARTESIAN_POINT('',(-4.75,1.6,45.));
#17666=CARTESIAN_POINT('',(4.75,1.6,45.));
#17667=CARTESIAN_POINT('',(-5.25,2.1,45.));
#17668=CARTESIAN_POINT('Origin',(-4.75,2.1,45.));
#17669=CARTESIAN_POINT('',(-5.25,5.2,45.));
#17670=CARTESIAN_POINT('',(-5.25,2.1,45.));
#17671=CARTESIAN_POINT('',(-4.75,5.7,45.));
#17672=CARTESIAN_POINT('Origin',(-4.75,5.2,45.));
#17673=CARTESIAN_POINT('',(4.75,5.7,45.));
#17674=CARTESIAN_POINT('',(-4.75,5.7,45.));
#17675=CARTESIAN_POINT('Origin',(4.75,5.2,45.));
#17676=CARTESIAN_POINT('Origin',(-34.25,0.,30.6));
#17677=CARTESIAN_POINT('',(-34.25,25.7,30.6));
#17678=CARTESIAN_POINT('',(-34.25,25.52794433613,43.52177843258));
#17679=CARTESIAN_POINT('Origin',(-34.2,25.50451041971,45.2));
#17680=CARTESIAN_POINT('',(-32.0337733889422,25.4800991659349,46.9482136508102));
#17681=CARTESIAN_POINT('Origin',(-32.03499844036,25.69944149754,48.7));
#17682=CARTESIAN_POINT('',(-31.95932329642,12.15,43.61517562027));
#17683=CARTESIAN_POINT('Origin',(-31.85932173676,12.15,48.7));
#17684=CARTESIAN_POINT('',(31.95932329642,12.15,43.61517562027));
#17685=CARTESIAN_POINT('Origin',(31.95932017712,12.14944149754,48.7));
#17686=CARTESIAN_POINT('',(32.0337658042911,25.4787411533212,47.0454678193612));
#17687=CARTESIAN_POINT('Origin',(-34.2,25.50451041971,45.2));
#17688=CARTESIAN_POINT('Origin',(0.,30.9,30.6));
#17689=CARTESIAN_POINT('',(-32.21447747723,12.25,30.6));
#17690=CARTESIAN_POINT('',(-34.16447747723,12.25,30.6));
#17691=CARTESIAN_POINT('',(-32.21447747723,12.25,30.6));
#17692=CARTESIAN_POINT('Origin',(0.,12.25,30.6));
#17693=CARTESIAN_POINT('',(-32.21447747723,12.25,29.72671296231));
#17694=CARTESIAN_POINT('Origin',(-32.0842737997,30.9,0.));
#17695=CARTESIAN_POINT('Origin',(5.25,1.6,0.));
#17696=CARTESIAN_POINT('',(5.25,5.2,43.66369656176));
#17697=CARTESIAN_POINT('',(5.25,2.1,45.));
#17698=CARTESIAN_POINT('Origin',(4.75,5.2,0.));
#17699=CARTESIAN_POINT('',(4.75,5.7,45.));
#17700=CARTESIAN_POINT('Origin',(5.25,5.7,0.));
#17701=CARTESIAN_POINT('',(-4.75,5.7,43.66020584655));
#17702=CARTESIAN_POINT('Origin',(-4.75,5.2,0.));
#17703=CARTESIAN_POINT('',(-5.25,5.2,45.));
#17704=CARTESIAN_POINT('Origin',(-5.25,5.5,0.));
#17705=CARTESIAN_POINT('',(-5.25,2.1,43.6853389961));
#17706=CARTESIAN_POINT('Origin',(-4.75,2.1,138.839504159));
#17707=CARTESIAN_POINT('',(-4.75,1.6,45.));
#17708=CARTESIAN_POINT('Origin',(-5.25,1.6,0.));
#17709=CARTESIAN_POINT('',(4.75,1.6,43.68882971131));
#17710=CARTESIAN_POINT('Origin',(4.75,2.1,138.839504159));
#17711=CARTESIAN_POINT('Origin',(0.,30.9,30.6));
#17712=CARTESIAN_POINT('',(32.21447747723,12.25,30.6));
#17713=CARTESIAN_POINT('',(32.12057723794,25.7,30.6));
#17714=CARTESIAN_POINT('',(34.16447747723,12.25,30.6));
#17715=CARTESIAN_POINT('Origin',(0.,12.25,30.6));
#17716=CARTESIAN_POINT('',(32.21447747723,12.25,29.72671296231));
#17717=CARTESIAN_POINT('Origin',(32.0842737997,30.9,0.));
#17718=CARTESIAN_POINT('Origin',(-128.0556,1.5,20.31868563656));
#17719=CARTESIAN_POINT('',(-35.55,1.111771432347,18.86979689712));
#17720=CARTESIAN_POINT('Origin',(-42.6,6.,17.56));
#17721=CARTESIAN_POINT('',(-34.21587317233,4.888228567638,17.85789825747));
#17722=CARTESIAN_POINT('Origin',(128.0556,4.5,16.40900951803));
#17723=CARTESIAN_POINT('',(-35.55,6.,16.40900951803));
#17724=CARTESIAN_POINT('Origin',(-42.6,6.,-18.5));
#17725=CARTESIAN_POINT('',(-34.20811141742,6.,-17.));
#17726=CARTESIAN_POINT('Origin',(128.0556,4.5,-17.));
#17727=CARTESIAN_POINT('',(-35.55,4.5,-18.5));
#17728=CARTESIAN_POINT('Origin',(-42.6,0.,-18.5));
#17729=CARTESIAN_POINT('Origin',(-128.0556,1.5,20.31868563656));
#17730=CARTESIAN_POINT('',(34.24223824509,1.111771432347,18.86979689712));
#17731=CARTESIAN_POINT('Origin',(-42.6,6.,17.56));
#17732=CARTESIAN_POINT('',(35.55,4.888228567639,17.85789825747));
#17733=CARTESIAN_POINT('Origin',(128.0556,4.5,16.40900951803));
#17734=CARTESIAN_POINT('',(34.20811141742,6.,16.40900951803));
#17735=CARTESIAN_POINT('Origin',(-42.6,6.,-18.5));
#17736=CARTESIAN_POINT('',(35.55,6.,-17.));
#17737=CARTESIAN_POINT('Origin',(128.0556,4.5,-17.));
#17738=CARTESIAN_POINT('',(34.21858356306,4.5,-18.5));
#17739=CARTESIAN_POINT('Origin',(-42.6,0.,-18.5));
#17740=CARTESIAN_POINT('Origin',(35.05,16.1,-30.7));
#17741=CARTESIAN_POINT('Origin',(-34.55,32.2,-30.2));
#17742=CARTESIAN_POINT('',(-34.55,31.9,30.2));
#17743=CARTESIAN_POINT('',(-34.55,31.9,30.2));
#17744=CARTESIAN_POINT('',(-34.55,31.9,-30.2));
#17745=CARTESIAN_POINT('',(-34.55,31.9,30.2));
#17746=CARTESIAN_POINT('',(-34.55,31.9,-30.2));
#17747=CARTESIAN_POINT('Origin',(34.5,32.2,-30.2));
#17748=CARTESIAN_POINT('',(34.55,31.9,-30.2));
#17749=CARTESIAN_POINT('',(-34.55,31.9,-30.2));
#17750=CARTESIAN_POINT('',(34.55,31.9,-30.2));
#17751=CARTESIAN_POINT('Origin',(34.55,32.2,30.2));
#17752=CARTESIAN_POINT('',(34.55,31.9,30.2));
#17753=CARTESIAN_POINT('',(34.55,31.9,-30.2));
#17754=CARTESIAN_POINT('',(34.55,31.9,30.2));
#17755=CARTESIAN_POINT('Origin',(-34.5,32.2,30.2));
#17756=CARTESIAN_POINT('',(34.55,31.9,30.2));
#17757=CARTESIAN_POINT('Origin',(0.,31.9,0.));
#17758=CARTESIAN_POINT('',(0.,0.,0.));
#17759=CARTESIAN_POINT('',(34.097,10.3,43.55));
#17760=CARTESIAN_POINT('',(-4.75,5.128815467815,17.15));
#17761=CARTESIAN_POINT('',(0.,0.,0.));
#17762=UNCERTAINTY_MEASURE_WITH_UNIT(LENGTH_MEASURE(0.01),#17772,
'DISTANCE_ACCURACY_VALUE',
'Maximum model space distance between geometric entities at asserted c
onnectivities');
#17763=UNCERTAINTY_MEASURE_WITH_UNIT(LENGTH_MEASURE(0.01),#17772,
'DISTANCE_ACCURACY_VALUE',
'Maximum model space distance between geometric entities at asserted c
onnectivities');
#17764=UNCERTAINTY_MEASURE_WITH_UNIT(LENGTH_MEASURE(0.01),#17772,
'DISTANCE_ACCURACY_VALUE',
'Maximum model space distance between geometric entities at asserted c
onnectivities');
#17765=UNCERTAINTY_MEASURE_WITH_UNIT(LENGTH_MEASURE(0.01),#17772,
'DISTANCE_ACCURACY_VALUE',
'Maximum model space distance between geometric entities at asserted c
onnectivities');
#17766=UNCERTAINTY_MEASURE_WITH_UNIT(LENGTH_MEASURE(1.E-6),#17772,
'DISTANCE_ACCURACY_VALUE',
'Maximum model space distance between geometric entities at asserted c
onnectivities');
#17767=(
GEOMETRIC_REPRESENTATION_CONTEXT(3)
GLOBAL_UNCERTAINTY_ASSIGNED_CONTEXT((#17762))
GLOBAL_UNIT_ASSIGNED_CONTEXT((#17772,#17775,#17773))
REPRESENTATION_CONTEXT('','3D')
);
#17768=(
GEOMETRIC_REPRESENTATION_CONTEXT(3)
GLOBAL_UNCERTAINTY_ASSIGNED_CONTEXT((#17763))
GLOBAL_UNIT_ASSIGNED_CONTEXT((#17772,#17775,#17773))
REPRESENTATION_CONTEXT('','3D')
);
#17769=(
GEOMETRIC_REPRESENTATION_CONTEXT(3)
GLOBAL_UNCERTAINTY_ASSIGNED_CONTEXT((#17764))
GLOBAL_UNIT_ASSIGNED_CONTEXT((#17772,#17775,#17773))
REPRESENTATION_CONTEXT('','3D')
);
#17770=(
GEOMETRIC_REPRESENTATION_CONTEXT(3)
GLOBAL_UNCERTAINTY_ASSIGNED_CONTEXT((#17765))
GLOBAL_UNIT_ASSIGNED_CONTEXT((#17772,#17775,#17773))
REPRESENTATION_CONTEXT('','3D')
);
#17771=(
GEOMETRIC_REPRESENTATION_CONTEXT(3)
GLOBAL_UNCERTAINTY_ASSIGNED_CONTEXT((#17766))
GLOBAL_UNIT_ASSIGNED_CONTEXT((#17772,#17775,#17773))
REPRESENTATION_CONTEXT('','3D')
);
#17772=(
LENGTH_UNIT()
NAMED_UNIT(*)
SI_UNIT(.MILLI.,.METRE.)
);
#17773=(
NAMED_UNIT(*)
SI_UNIT($,.STERADIAN.)
SOLID_ANGLE_UNIT()
);
#17774=DIMENSIONAL_EXPONENTS(0.,0.,0.,0.,0.,0.,0.);
#17775=(
CONVERSION_BASED_UNIT('degree',#17777)
NAMED_UNIT(#17774)
PLANE_ANGLE_UNIT()
);
#17776=(
NAMED_UNIT(*)
PLANE_ANGLE_UNIT()
SI_UNIT($,.RADIAN.)
);
#17777=PLANE_ANGLE_MEASURE_WITH_UNIT(PLANE_ANGLE_MEASURE(0.01745329252),
#17776);
#17778=SHAPE_DEFINITION_REPRESENTATION(#17782,#17789);
#17779=SHAPE_DEFINITION_REPRESENTATION(#17783,#17790);
#17780=SHAPE_DEFINITION_REPRESENTATION(#17784,#17791);
#17781=SHAPE_DEFINITION_REPRESENTATION(#17785,#17792);
#17782=PRODUCT_DEFINITION_SHAPE('',$,#17794);
#17783=PRODUCT_DEFINITION_SHAPE('',$,#17795);
#17784=PRODUCT_DEFINITION_SHAPE('',$,#17796);
#17785=PRODUCT_DEFINITION_SHAPE('',$,#17797);
#17786=PRODUCT_DEFINITION_SHAPE($,$,#20);
#17787=PRODUCT_DEFINITION_SHAPE($,$,#21);
#17788=PRODUCT_DEFINITION_SHAPE($,$,#22);
#17789=SHAPE_REPRESENTATION('',(#9810),#17767);
#17790=SHAPE_REPRESENTATION('',(#10430),#17768);
#17791=SHAPE_REPRESENTATION('',(#10506),#17769);
#17792=SHAPE_REPRESENTATION('',(#10646,#10647,#10648,#10649),#17770);
#17793=PRODUCT_DEFINITION_CONTEXT('part definition',#17807,'design');
#17794=PRODUCT_DEFINITION('BASE_4M-XT','BASE_4M-XT',#17798,#17793);
#17795=PRODUCT_DEFINITION('AGGANCIO_LUNGO','AGGANCIO_LUNGO',#17799,#17793);
#17796=PRODUCT_DEFINITION('4MHC33-A_XTS','4MHC33-A_XTS',#17800,#17793);
#17797=PRODUCT_DEFINITION('35-0407000-BL','35-0407000-BL',#17801,#17793);
#17798=PRODUCT_DEFINITION_FORMATION('',$,#17809);
#17799=PRODUCT_DEFINITION_FORMATION('',$,#17810);
#17800=PRODUCT_DEFINITION_FORMATION('',$,#17811);
#17801=PRODUCT_DEFINITION_FORMATION('',$,#17812);
#17802=PRODUCT_RELATED_PRODUCT_CATEGORY('BASE_4M-XT','BASE_4M-XT',(#17809));
#17803=PRODUCT_RELATED_PRODUCT_CATEGORY('AGGANCIO_LUNGO',
'AGGANCIO_LUNGO',(#17810));
#17804=PRODUCT_RELATED_PRODUCT_CATEGORY('4MHC33-A_XTS','4MHC33-A_XTS',(#17811));
#17805=PRODUCT_RELATED_PRODUCT_CATEGORY('35-0407000-BL','35-0407000-BL',
(#17812));
#17806=APPLICATION_PROTOCOL_DEFINITION('international standard',
'automotive_design',2009,#17807);
#17807=APPLICATION_CONTEXT(
'Core Data for Automotive Mechanical Design Process');
#17808=PRODUCT_CONTEXT('part definition',#17807,'mechanical');
#17809=PRODUCT('BASE_4M-XT','BASE_4M-XT',$,(#17808));
#17810=PRODUCT('AGGANCIO_LUNGO','AGGANCIO_LUNGO',$,(#17808));
#17811=PRODUCT('4MHC33-A_XTS','4MHC33-A_XTS',$,(#17808));
#17812=PRODUCT('35-0407000-BL','35-0407000-BL',$,(#17808));
#17813=PRESENTATION_STYLE_ASSIGNMENT((#17816));
#17814=PRESENTATION_STYLE_ASSIGNMENT((#17817));
#17815=PRESENTATION_STYLE_ASSIGNMENT((#17818));
#17816=SURFACE_STYLE_USAGE(.BOTH.,#17819);
#17817=SURFACE_STYLE_USAGE(.BOTH.,#17820);
#17818=SURFACE_STYLE_USAGE(.BOTH.,#17821);
#17819=SURFACE_SIDE_STYLE($,(#17822));
#17820=SURFACE_SIDE_STYLE($,(#17823));
#17821=SURFACE_SIDE_STYLE($,(#17824));
#17822=SURFACE_STYLE_FILL_AREA(#17825);
#17823=SURFACE_STYLE_FILL_AREA(#17826);
#17824=SURFACE_STYLE_FILL_AREA(#17827);
#17825=FILL_AREA_STYLE($,(#17828));
#17826=FILL_AREA_STYLE($,(#17829));
#17827=FILL_AREA_STYLE($,(#17830));
#17828=FILL_AREA_STYLE_COLOUR($,#17831);
#17829=FILL_AREA_STYLE_COLOUR($,#17832);
#17830=FILL_AREA_STYLE_COLOUR($,#17833);
#17831=COLOUR_RGB('',0.749019607843137,0.749019607843137,0.749019607843137);
#17832=COLOUR_RGB('',0.917647058823529,0.92156862745098,0.933333333333333);
#17833=COLOUR_RGB('',0.282352941176471,0.27843137254902,0.23921568627451);
ENDSEC;
END-ISO-10303-21;
