ISO-10303-21;
HEADER;
FILE_DESCRIPTION (( 'STEP AP214' ),
    '1' );
FILE_NAME ('B2BAFB6C-A686-4CB1-A6ED-A6DD3DF9F299.STEP',
    '2025-05-09T21:10:24',
    ( '' ),
    ( '' ),
    'SwSTEP 2.0',
    'SolidWorks 2022',
    '' );
FILE_SCHEMA (( 'AUTOMOTIVE_DESIGN' ));
ENDSEC;

DATA;
#1 = CARTESIAN_POINT ( 'NONE',  ( 3.149310191193160247, 0.0000000000000000000, 2.162426299549990105 ) ) ;
#2 = CARTESIAN_POINT ( 'NONE',  ( 4.999999888241290158, 0.0000000000000000000, 0.1000000000000000056 ) ) ;
#3 = CARTESIAN_POINT ( 'NONE',  ( 5.092714244315409644, -0.1494103022447779983, 0.01308868717700670085 ) ) ;
#4 = CARTESIAN_POINT ( 'NONE',  ( -6.097898578653870416, 0.5769165723992200068, 0.08504003498298269570 ) ) ;
#5 = CARTESIAN_POINT ( 'NONE',  ( 5.080608587031330003, 0.2004869246277179995, 0.09999999998820710556 ) ) ;
#6 = LINE ( 'NONE', #2498, #1832 ) ;
#7 = CARTESIAN_POINT ( 'NONE',  ( 6.277637809224639653, 0.09626896456128301860, -6.220355027640040043E-16 ) ) ;
#8 = CARTESIAN_POINT ( 'NONE',  ( -5.099995960107629678, 0.001298760135646070046, -3.642877924202269854E-16 ) ) ;
#9 = CARTESIAN_POINT ( 'NONE',  ( 6.154394346619359801, -0.5549432578001319838, 0.05516503352022150003 ) ) ;
#10 = EDGE_CURVE ( 'NONE', #2066, #4395, #6, .T. ) ;
#11 = CARTESIAN_POINT ( 'NONE',  ( -5.092529253286990354, -0.2156683561325490051, 0.07756005246300722022 ) ) ;
#12 = ORIENTED_EDGE ( 'NONE', *, *, #4161, .F. ) ;
#13 = CARTESIAN_POINT ( 'NONE',  ( 3.380581965863680427, -0.8318110400136661253, 2.131811070476940184 ) ) ;
#14 = CARTESIAN_POINT ( 'NONE',  ( -5.154988905482530193, -0.1331397544319909976, 5.865732594513809778E-17 ) ) ;
#15 = CARTESIAN_POINT ( 'NONE',  ( -6.134532201760549697, 0.4868200111743670733, -7.434723809010610798E-16 ) ) ;
#16 = EDGE_CURVE ( 'NONE', #3400, #4606, #5225, .T. ) ;
#17 = CARTESIAN_POINT ( 'NONE',  ( -2.218867265165349600, -0.9002847350042212371, 0.3997152954590529883 ) ) ;
#18 = CARTESIAN_POINT ( 'NONE',  ( 2.561655826735730113, 0.8667525124322019714, 0.4332475180310719209 ) ) ;
#19 = CARTESIAN_POINT ( 'NONE',  ( -6.279919930034229658, -7.548844887834470261E-08, -8.500145032286349832E-16 ) ) ;
#20 = CARTESIAN_POINT ( 'NONE',  ( -5.076895689549470347, -0.1652066683576610129, 0.02507684311766539970 ) ) ;
#21 = CARTESIAN_POINT ( 'NONE',  ( 6.213616970357841218, -0.5281006757949060493, 0.08504003498300269359 ) ) ;
#22 = CARTESIAN_POINT ( 'NONE',  ( 5.580310518175299883, -0.4663281045017810267, -2.357165563174250175E-16 ) ) ;
#23 = CARTESIAN_POINT ( 'NONE',  ( 3.113135215446409809, 0.8598146433977199576, 2.159814673860989576 ) ) ;
#24 = B_SPLINE_CURVE_WITH_KNOTS ( 'NONE', 3,
 ( #4026, #1477, #1115, #1909, #2697, #349 ),
 .UNSPECIFIED., .F., .F.,
 ( 4, 2, 4 ),
 ( 0.0000000000000000000, 0.5000000000000000000, 1.000000000000000000 ),
 .UNSPECIFIED. ) ;
#25 = CARTESIAN_POINT ( 'NONE',  ( 3.333637229839510052, 0.0000000000000000000, 2.150390142441719998 ) ) ;
#26 = CARTESIAN_POINT ( 'NONE',  ( -3.380581965863679983, 0.0000000000000000000, 0.4681889904496079891 ) ) ;
#27 = CARTESIAN_POINT ( 'NONE',  ( -5.117337817016239576, -0.1326637382359250050, 6.980550025026719800E-17 ) ) ;
#28 = CARTESIAN_POINT ( 'NONE',  ( 2.967264452589999824, -3.725497897929131138E-15, 0.4529163876579629378 ) ) ;
#29 = CARTESIAN_POINT ( 'NONE',  ( 5.040285483560330348, -0.004247246655698280922, 0.01308868717840330070 ) ) ;
#30 = CARTESIAN_POINT ( 'NONE',  ( 2.722375865889810065, -0.8471463196214710223, 1.300000030463270173 ) ) ;
#31 = CARTESIAN_POINT ( 'NONE',  ( -5.407652235179510214, 0.4976415274400370348, 0.08504003498190139398 ) ) ;
#32 = CARTESIAN_POINT ( 'NONE',  ( 6.143177358410319755, -0.5659589371648391376, 0.1000000000000890038 ) ) ;
#33 = CARTESIAN_POINT ( 'NONE',  ( 5.067761938863199589, 0.1835456402066180104, 0.09999999998764699805 ) ) ;
#34 = CARTESIAN_POINT ( 'NONE',  ( -3.500000000000000444, 0.1572778885507130908, 0.6838390046346921602 ) ) ;
#35 = PLANE ( 'NONE',  #2194 ) ;
#36 = CARTESIAN_POINT ( 'NONE',  ( 6.332578396340510452, -0.1981442952595610096, 0.05516503352019420936 ) ) ;
#37 = DIRECTION ( 'NONE',  ( -1.000000000000000000, 0.0000000000000000000, 0.0000000000000000000 ) ) ;
#38 = CARTESIAN_POINT ( 'NONE',  ( -5.060159486420180208, -0.1732058887278900006, 0.07756005246191620406 ) ) ;
#39 = CARTESIAN_POINT ( 'NONE',  ( 5.781774221511960299, 0.6009055440956270200, 0.07756005247364730626 ) ) ;
#40 = EDGE_LOOP ( 'NONE', ( #761, #3993, #3594, #4450 ) ) ;
#41 = CARTESIAN_POINT ( 'NONE',  ( 3.498961390185070464, -0.6600389711792969960, 1.960039001642570167 ) ) ;
#42 = CARTESIAN_POINT ( 'NONE',  ( -5.125992035279010040, -0.09323033812682079979, 8.257741079081789726E-17 ) ) ;
#43 = DIRECTION ( 'NONE',  ( 1.387778831187769972E-15, 0.0000000000000000000, -1.000000000000000000 ) ) ;
#44 = CARTESIAN_POINT ( 'NONE',  ( -6.126299754173699874, 0.4898404102143409933, -7.338333787975601456E-16 ) ) ;
#45 = CARTESIAN_POINT ( 'NONE',  ( -2.475120692249380028, 0.8791444960728619362, 0.4208555343904120671 ) ) ;
#46 = CARTESIAN_POINT ( 'NONE',  ( 5.330393555722359622, 0.4250721767317030553, 0.02507684312022500153 ) ) ;
#47 = CARTESIAN_POINT ( 'NONE',  ( 2.475120692249380028, 0.0000000000000000000, 2.179144526536139992 ) ) ;
#48 = CARTESIAN_POINT ( 'NONE',  ( 5.494938181979860836, 0.5433329124702379609, 0.09999999999999939493 ) ) ;
#49 = CARTESIAN_POINT ( 'NONE',  ( -6.349842627973710130, -0.03298344102882919820, 0.07756005247435231176 ) ) ;
#50 = CARTESIAN_POINT ( 'NONE',  ( 6.231005880542920039, -0.5079800541854090357, 0.08504003498300589936 ) ) ;
#51 = CARTESIAN_POINT ( 'NONE',  ( 5.106557237460069842, -0.05720623638747929923, -2.493098172090350012E-16 ) ) ;
#52 = CARTESIAN_POINT ( 'NONE',  ( 3.046257705760219814, 0.0000000000000000000, 2.154153724081920185 ) ) ;
#53 = CARTESIAN_POINT ( 'NONE',  ( -6.041583615378450567, 0.5448821106423069605, 0.01308868717843049943 ) ) ;
#54 = CARTESIAN_POINT ( 'NONE',  ( -5.982101057793539844, 0.5919109406925260330, 0.2000000000000000111 ) ) ;
#55 = CARTESIAN_POINT ( 'NONE',  ( -3.456526291164410125, -0.7681146123552400340, 1.300000030463270173 ) ) ;
#56 = CARTESIAN_POINT ( 'NONE',  ( -5.123964441185309582, -0.1416684532854619871, 6.449527751708709712E-17 ) ) ;
#57 = LINE ( 'NONE', #2, #3559 ) ;
#58 = CARTESIAN_POINT ( 'NONE',  ( 6.126299754173699874, -0.4898404102143409933, -5.349502255804129941E-16 ) ) ;
#59 = CARTESIAN_POINT ( 'NONE',  ( -5.060147815117470138, 0.1731093064064309905, 0.08504003497890280650 ) ) ;
#60 = CARTESIAN_POINT ( 'NONE',  ( 6.243906277957980144, -0.4898849362556780274, 0.1000000000000989958 ) ) ;
#61 = CARTESIAN_POINT ( 'NONE',  ( 5.128374475751609651, 0.2589302027705729925, 0.09999999999004581530 ) ) ;
#62 = CARTESIAN_POINT ( 'NONE',  ( 2.218867265165350044, -0.9002847350042210151, 1.300000030463270173 ) ) ;
#63 = CARTESIAN_POINT ( 'NONE',  ( -5.024698807116640076, -0.1207599828996299973, 0.2000000000000008993 ) ) ;
#64 = CARTESIAN_POINT ( 'NONE',  ( 6.002196454162739947, -0.5830942278692800018, 0.05516503352018280182 ) ) ;
#65 = CARTESIAN_POINT ( 'NONE',  ( 6.349999999999999645, 0.0000000000000000000, 0.1000000000000000056 ) ) ;
#66 = CARTESIAN_POINT ( 'NONE',  ( -4.999995011508049814, -0.002063728091416080351, 0.07756005247433460370 ) ) ;
#67 = CARTESIAN_POINT ( 'NONE',  ( 5.816240447523740364, 0.6014036292719550092, 0.07756005247373730371 ) ) ;
#68 = EDGE_LOOP ( 'NONE', ( #1414, #4843, #1292, #1058 ) ) ;
#69 = CARTESIAN_POINT ( 'NONE',  ( 3.494287647928739915, -0.6887312085821259977, 1.988731239045400390 ) ) ;
#70 = CARTESIAN_POINT ( 'NONE',  ( -6.196684372893270343, -0.4328645358680410782, -7.825118850279180090E-16 ) ) ;
#71 = CARTESIAN_POINT ( 'NONE',  ( 3.500000000000000000, 0.0000000000000000000, 1.930858434857039896 ) ) ;
#72 = CARTESIAN_POINT ( 'NONE',  ( -5.131750249025330390, 0.1395902394146660008, -1.180991928779399895E-16 ) ) ;
#73 = CARTESIAN_POINT ( 'NONE',  ( 5.100000498881283484, -4.267943533372609183E-09, -8.466168675820259406E-17 ) ) ;
#74 = CARTESIAN_POINT ( 'NONE',  ( 2.385652428381599854, 0.0000000000000000000, 0.4095381078660910168 ) ) ;
#75 = CARTESIAN_POINT ( 'NONE',  ( -5.938877072330189577, 0.5957456569946210090, 0.1999999999999987621 ) ) ;
#76 = CARTESIAN_POINT ( 'NONE',  ( -5.239732479482561267, -0.3740642166730109852, 0.07756005246861390201 ) ) ;
#77 = CARTESIAN_POINT ( 'NONE',  ( 6.233261102213400129, -0.5050532479960040400, 0.08504003498300580222 ) ) ;
#78 = CARTESIAN_POINT ( 'NONE',  ( 6.202749433582759764, -0.5385241188777200039, 0.1999999999999987621 ) ) ;
#79 = EDGE_CURVE ( 'NONE', #2039, #547, #787, .T. ) ;
#80 = CARTESIAN_POINT ( 'NONE',  ( -6.142815204980530019, 0.5235574535232030424, 0.01308868717844620215 ) ) ;
#81 = CARTESIAN_POINT ( 'NONE',  ( 5.004801479821759713, -0.06614013873328339344, 0.0000000000000000000 ) ) ;
#82 = CARTESIAN_POINT ( 'NONE',  ( 5.735417144718598870, 0.4977501790622970157, -3.087520660357531293E-16 ) ) ;
#83 = CARTESIAN_POINT ( 'NONE',  ( 6.141754209794360264, -0.4836784199748609958, -5.931050564823149912E-16 ) ) ;
#84 = CARTESIAN_POINT ( 'NONE',  ( 2.722375865889810065, -0.8471463196214711333, 0.4528537108418029811 ) ) ;
#85 = CARTESIAN_POINT ( 'NONE',  ( -3.284326568066440633, 0.0000000000000000000, 2.160725125137390012 ) ) ;
#86 = CARTESIAN_POINT ( 'NONE',  ( -5.061330850321030361, 0.1747362620311020132, 0.08504003497890409713 ) ) ;
#87 = CARTESIAN_POINT ( 'NONE',  ( 6.148059193132450417, -0.5643996145928441566, 0.1000000000000890038 ) ) ;
#88 = CARTESIAN_POINT ( 'NONE',  ( -5.022036008900499837, -0.1135669339204520012, 0.09999999999597650180 ) ) ;
#89 = CARTESIAN_POINT ( 'NONE',  ( 5.062386067925730870, 0.1762619409935780312, 0.09999999998757129471 ) ) ;
#90 = CARTESIAN_POINT ( 'NONE',  ( -3.500000000000001332, 0.5791656985831484805, 1.550950109750588668 ) ) ;
#91 = CARTESIAN_POINT ( 'NONE',  ( 5.066072911424041258, -0.1696506420439999885, 0.05516503351816560291 ) ) ;
#92 = CARTESIAN_POINT ( 'NONE',  ( -6.263886745226850294, 0.4551746258560140368, 0.1000000000000939998 ) ) ;
#93 = B_SPLINE_CURVE_WITH_KNOTS ( 'NONE', 5,
 ( #4493, #3243, #815, #464, #1261, #2446, #2033, #3704, #3678, #840, #2471, #2894, #2085, #3732, #4980, #1288, #4202, #1708, #3789, #1785, #2601, #973, #1757, #3762, #5033, #5007, #2578, #4284, #3395, #4599, #3865, #4232, #591, #2168, #2221, #3814, #4625, #1733, #189, #1334 ),
 .UNSPECIFIED., .F., .F.,
 ( 6, 1, 1, 1, 1, 1, 1, 1, 1, 1, 1, 1, 1, 1, 1, 1, 1, 1, 1, 1, 1, 1, 1, 1, 1, 1, 1, 1, 1, 1, 1, 1, 1, 1, 1, 6 ),
 ( 0.0000000000000000000, 0.02857142857142859829, 0.05714285714285709944, 0.08571428571428570120, 0.1142857142857140046, 0.1428571428571429880, 0.1714285714285710138, 0.2000000000000000111, 0.2285714285714290084, 0.2571428571428570065, 0.2857142857142859760, 0.3142857142857140018, 0.3428571428571430268, 0.3714285714285709972, 0.4000000000000000222, 0.4285714285714289917, 0.4571428571428570176, 0.4857142857142859871, 0.5142857142857140129, 0.5428571428571430380, 0.5714285714285719520, 0.5999999999999999778, 0.6285714285714290028, 0.6571428571428570287, 0.6857142857142860537, 0.7142857142857139685, 0.7428571428571429935, 0.7714285714285720186, 0.8000000000000000444, 0.8285714285714289584, 0.8571428571428569843, 0.8857142857142860093, 0.9142857142857140351, 0.9428571428571429491, 0.9714285714285719742, 1.000000000000000000 ),
 .UNSPECIFIED. ) ;
#94 = CARTESIAN_POINT ( 'NONE',  ( -6.046617174190309640, -0.5848470383838810793, 0.09999999999978839704 ) ) ;
#95 = EDGE_LOOP ( 'NONE', ( #4791, #4728, #3271, #3162 ) ) ;
#96 = CARTESIAN_POINT ( 'NONE',  ( 3.481874671466670179, -0.7257874573880770397, 1.300000030463270173 ) ) ;
#97 = CARTESIAN_POINT ( 'NONE',  ( -6.250971560259140247, -0.2894586469802850059, -8.256413586361190472E-16 ) ) ;
#98 = CARTESIAN_POINT ( 'NONE',  ( -6.209592888501790142, 0.3292285322298909578, -8.142052052603640808E-16 ) ) ;
#99 = CARTESIAN_POINT ( 'NONE',  ( -6.129855229371229619, 0.4885786734137100296, -7.428598709205700382E-16 ) ) ;
#100 = CARTESIAN_POINT ( 'NONE',  ( -2.199999969536730049, 0.9003661125554340838, 1.300000030463270173 ) ) ;
#101 = CARTESIAN_POINT ( 'NONE',  ( 5.344220633341119964, 0.4351366651539190222, 0.02507684312026720042 ) ) ;
#102 = CARTESIAN_POINT ( 'NONE',  ( 5.004801479821759713, 0.06614013873328339344, 0.09999999999999939493 ) ) ;
#103 = CARTESIAN_POINT ( 'NONE',  ( -6.311273665842979774, -0.3355018932830090006, 0.07756005247429199889 ) ) ;
#104 = CARTESIAN_POINT ( 'NONE',  ( 6.226584322837699581, -0.5133959843100049936, 0.08504003498300610753 ) ) ;
#105 = CARTESIAN_POINT ( 'NONE',  ( 5.327753741663210363, -0.4490264278117330199, 0.1999999999999987621 ) ) ;
#106 = CARTESIAN_POINT ( 'NONE',  ( -5.101068806660429722, 0.1607531704659100336, 0.01308868717701710052 ) ) ;
#107 = CARTESIAN_POINT ( 'NONE',  ( 5.121930140671279830, -0.2530289083352100232, 0.0000000000000000000 ) ) ;
#108 = CARTESIAN_POINT ( 'NONE',  ( -5.084681044624730362, -0.08203142036602030507, 9.461206312067410508E-17 ) ) ;
#109 = CARTESIAN_POINT ( 'NONE',  ( 5.717326478163837322, 0.4958122102104952633, -2.978089951563427503E-16 ) ) ;
#110 = CARTESIAN_POINT ( 'NONE',  ( 6.150962132395600079, -0.4786442622669759839, -5.893877365046389870E-16 ) ) ;
#111 = CARTESIAN_POINT ( 'NONE',  ( -3.333637229839510052, 0.8503901119784420537, 1.300000030463270173 ) ) ;
#112 = CARTESIAN_POINT ( 'NONE',  ( -5.550887989944479628, 0.5547955480076169898, 0.05516503351982850883 ) ) ;
#113 = CARTESIAN_POINT ( 'NONE',  ( 6.002891883292679864, -0.5898992491315709907, 0.1000000000000129952 ) ) ;
#114 = CARTESIAN_POINT ( 'NONE',  ( 5.000000029057260598, 0.0000000000000000000, 0.1999999999999999833 ) ) ;
#115 = CARTESIAN_POINT ( 'NONE',  ( 5.000449008239789883, 0.02346898662567640029, 0.09999999999961239894 ) ) ;
#116 = CARTESIAN_POINT ( 'NONE',  ( -2.917476980842439893, -0.8436923278882220156, 0.4563077025750520432 ) ) ;
#117 = CARTESIAN_POINT ( 'NONE',  ( 5.111432195740720275, 0.06857868225671580331, 6.416755752769109978E-17 ) ) ;
#118 = DIRECTION ( 'NONE',  ( -0.9999999861530574075, 0.0000000000000000000, 0.0001664147979258818718 ) ) ;
#119 = FACE_OUTER_BOUND ( 'NONE', #68, .T. ) ;
#120 = CARTESIAN_POINT ( 'NONE',  ( -5.606250933884689758, -0.5775513253636169742, 0.09999999999866650280 ) ) ;
#121 = CARTESIAN_POINT ( 'NONE',  ( 5.063715722340240255, 0.1780761082618990132, 0.07756005246195771252 ) ) ;
#122 = VERTEX_POINT ( 'NONE', #4894 ) ;
#123 = CARTESIAN_POINT ( 'NONE',  ( 3.481874671466670179, 0.0000000000000000000, 0.5742125730751970192 ) ) ;
#124 = CARTESIAN_POINT ( 'NONE',  ( -6.016342215290999995, 0.4880725638569500258, -6.543973186410528198E-16 ) ) ;
#125 = CARTESIAN_POINT ( 'NONE',  ( -5.123166861140579620, 0.1279593723508480052, -1.124989377166230021E-16 ) ) ;
#126 = CARTESIAN_POINT ( 'NONE',  ( -2.199999969536729605, 0.9003661125554339728, 0.3996339179078400305 ) ) ;
#127 = CARTESIAN_POINT ( 'NONE',  ( 5.713646056684910768, 0.5779534232179099895, 0.02507684312111990027 ) ) ;
#128 = CARTESIAN_POINT ( 'NONE',  ( 2.561655826735730113, 0.0000000000000000000, 2.166752542895479916 ) ) ;
#129 = CARTESIAN_POINT ( 'NONE',  ( -6.320777426967040036, 0.3056012506868709955, 0.1999999999999987621 ) ) ;
#130 = CARTESIAN_POINT ( 'NONE',  ( -6.287059163247260329, -0.4053309385163110234, 0.07756005247426700500 ) ) ;
#131 = CARTESIAN_POINT ( 'NONE',  ( 4.999996570748869829, -0.0009492921481764910602, 0.1000000000000000056 ) ) ;
#132 = CARTESIAN_POINT ( 'NONE',  ( 6.349239909091269674, -0.07678747668518980107, 0.1999999999999987621 ) ) ;
#133 = CARTESIAN_POINT ( 'NONE',  ( -6.268511065197120757, 0.1275510627506520056, -1.115704072015310076E-15 ) ) ;
#134 = CARTESIAN_POINT ( 'NONE',  ( 4.999974409514909901, -0.007290673741145800232, 0.0000000000000000000 ) ) ;
#135 = CARTESIAN_POINT ( 'NONE',  ( -3.481874671466670179, -0.7257874573880770397, 1.300000030463270173 ) ) ;
#136 = CARTESIAN_POINT ( 'NONE',  ( 5.192293751512019995, -0.2142775909575979909, -1.478636367665719921E-16 ) ) ;
#137 = CARTESIAN_POINT ( 'NONE',  ( -6.111940901441870189, 0.5670735029566490448, 0.05516503352021880774 ) ) ;
#138 = CARTESIAN_POINT ( 'NONE',  ( 5.067290825882539984, -0.1828326199078819936, 0.09999999999602229850 ) ) ;
#139 = CARTESIAN_POINT ( 'NONE',  ( -4.999995011508049814, -0.002063728091416080351, 0.09999999999997599698 ) ) ;
#140 = CARTESIAN_POINT ( 'NONE',  ( 5.024698807116640076, -0.1207599828996299973, 0.1000000000000000333 ) ) ;
#141 = CARTESIAN_POINT ( 'NONE',  ( -2.859815149085939812, 0.0000000000000000000, 0.4581871574554849946 ) ) ;
#142 = CARTESIAN_POINT ( 'NONE',  ( -5.450000029057262552, 0.4500000000000000111, 0.7999999709427360051 ) ) ;
#143 = CARTESIAN_POINT ( 'NONE',  ( -5.664615825474060173, 0.5899636667404040136, 0.09999999999969359787 ) ) ;
#144 = VECTOR ( 'NONE', #307, 1000.000000000000000 ) ;
#145 = CARTESIAN_POINT ( 'NONE',  ( -6.203466551796940287, -0.5361490133351549670, 0.09999999999987189969 ) ) ;
#146 = ORIENTED_EDGE ( 'NONE', *, *, #3048, .T. ) ;
#147 = CARTESIAN_POINT ( 'NONE',  ( 3.500000000000000000, -0.6308584043937629504, 1.300000030463270173 ) ) ;
#148 = CARTESIAN_POINT ( 'NONE',  ( -5.144966112811109937, -0.1197535744049980089, 6.697220329282869507E-17 ) ) ;
#149 = CARTESIAN_POINT ( 'NONE',  ( -6.150243718938050108, 0.4488866247939419796, -8.209266990473420995E-16 ) ) ;
#150 = CIRCLE ( 'NONE', #1080, 0.2250000000000003664 ) ;
#151 = CARTESIAN_POINT ( 'NONE',  ( -2.917476980842439893, 0.8436923278882220156, 0.4563077025750520432 ) ) ;
#152 = CARTESIAN_POINT ( 'NONE',  ( 5.112625049594980098, 0.2115800218114239906, 0.02507684311801569935 ) ) ;
#153 = CARTESIAN_POINT ( 'NONE',  ( 2.794526764258590479, -0.8426655970424190567, 1.300000030463270173 ) ) ;
#154 = CARTESIAN_POINT ( 'NONE',  ( 5.044608523403979916, 0.1523449825903360200, 0.09999999999999939493 ) ) ;
#155 = CARTESIAN_POINT ( 'NONE',  ( -5.981201720432710367, -0.5919183555421529963, 0.07756005247406599912 ) ) ;
#156 = CARTESIAN_POINT ( 'NONE',  ( 5.319386934916940035, -0.4397768668583399987, 0.08504003498145600026 ) ) ;
#157 = CARTESIAN_POINT ( 'NONE',  ( 5.789270952678809756, -0.6017536333715920449, 0.1999999999999987621 ) ) ;
#158 = CARTESIAN_POINT ( 'NONE',  ( -6.182701422477889786, 0.4416107217578020272, -8.497792920913469814E-16 ) ) ;
#159 = CARTESIAN_POINT ( 'NONE',  ( 5.121871588440449763, 0.1388474170559260146, 4.624039198456620155E-17 ) ) ;
#160 = CARTESIAN_POINT ( 'NONE',  ( 5.001436930307090023, -0.04162226416585160238, 0.2000000000000000111 ) ) ;
#161 = CARTESIAN_POINT ( 'NONE',  ( 5.225000029057260242, 0.0000000000000000000, 0.1999999999999999833 ) ) ;
#162 = CARTESIAN_POINT ( 'NONE',  ( 5.573223928988150000, -0.4876402066589590190, -2.343425058219090202E-16 ) ) ;
#163 = CARTESIAN_POINT ( 'NONE',  ( -3.380581965863680427, 0.8318110400136661253, 2.131811070476940184 ) ) ;
#164 = CARTESIAN_POINT ( 'NONE',  ( -6.189574716245820341, 0.5383116821863090928, 0.05516503352022419926 ) ) ;
#165 = CARTESIAN_POINT ( 'NONE',  ( 5.068783620773060328, -0.1848332312955789924, 0.09999999999602569856 ) ) ;
#166 = CARTESIAN_POINT ( 'NONE',  ( -5.060551604073950216, -0.1737458805132890138, 0.09999999998755890185 ) ) ;
#167 = CARTESIAN_POINT ( 'NONE',  ( 5.726241842797760384, -0.5985893008589749931, 0.1000000000000000333 ) ) ;
#168 = CARTESIAN_POINT ( 'NONE',  ( -2.859815149085939812, 0.0000000000000000000, 2.141812903471060014 ) ) ;
#169 = CARTESIAN_POINT ( 'NONE',  ( -5.450000029057262552, 0.0000000000000000000, 0.7999999709427360051 ) ) ;
#170 = CARTESIAN_POINT ( 'NONE',  ( 5.023271854758849742, -0.09956085952976069520, 0.05516503351923750936 ) ) ;
#171 = CARTESIAN_POINT ( 'NONE',  ( -5.239709557780599880, 0.3739925363962369742, 0.09999999999793859895 ) ) ;
#172 = CARTESIAN_POINT ( 'NONE',  ( -5.503987370455839745, -0.5444512755025799899, 0.09999999999813000140 ) ) ;
#173 = CARTESIAN_POINT ( 'NONE',  ( 5.062173353286410382, 0.1759710120390449994, 0.07756005246192930469 ) ) ;
#174 = EDGE_LOOP ( 'NONE', ( #5092, #3300 ) ) ;
#175 = CARTESIAN_POINT ( 'NONE',  ( 3.499999995479639914, 0.0000000000000000000, 1.940631787673050113 ) ) ;
#176 = CARTESIAN_POINT ( 'NONE',  ( 6.249850372972979962, 0.03147822361989020129, -6.240403442266790792E-16 ) ) ;
#177 = CARTESIAN_POINT ( 'NONE',  ( -6.250000000000060396, 1.077174279580079993E-07, -1.214306433183760036E-15 ) ) ;
#178 = CARTESIAN_POINT ( 'NONE',  ( 6.202749433582759764, 0.5385241188777200039, 0.2000000000000000111 ) ) ;
#179 = CARTESIAN_POINT ( 'NONE',  ( 5.076582413157391116, 0.1647779594440759998, 0.02507684311766519847 ) ) ;
#180 = CARTESIAN_POINT ( 'NONE',  ( 2.794526764258589591, -0.8426655970424189457, 0.4573344334208550022 ) ) ;
#181 = EDGE_CURVE ( 'NONE', #1925, #2787, #93, .T. ) ;
#182 = CARTESIAN_POINT ( 'NONE',  ( -3.079716191379540557, 0.0000000000000000000, 2.157083300382910185 ) ) ;
#183 = CARTESIAN_POINT ( 'NONE',  ( 5.263514430799980381, 0.3003180523434529903, -3.709353054211370189E-17 ) ) ;
#184 = CARTESIAN_POINT ( 'NONE',  ( -5.071290513137640232, -0.03149384480512740225, 1.031975505525179960E-16 ) ) ;
#185 = CARTESIAN_POINT ( 'NONE',  ( 6.157047411059680009, -0.4399354189032059770, -6.291045641050859889E-16 ) ) ;
#186 = CARTESIAN_POINT ( 'NONE',  ( -3.380581965863680427, 0.8318110400136661253, 0.4681889904496080446 ) ) ;
#187 = CARTESIAN_POINT ( 'NONE',  ( -6.161247564848899572, 0.5523739791829540557, 0.05516503352022179840 ) ) ;
#188 = DIRECTION ( 'NONE',  ( 1.000000000000000000, 0.0000000000000000000, -5.874195897487600417E-17 ) ) ;
#189 = CARTESIAN_POINT ( 'NONE',  ( -4.999974409514909901, -0.007290673741145800232, 0.09999999999999920064 ) ) ;
#190 = CARTESIAN_POINT ( 'NONE',  ( -2.794526764258590479, 0.0000000000000000000, 2.142665627505690118 ) ) ;
#191 = FACE_OUTER_BOUND ( 'NONE', #1714, .T. ) ;
#192 = CARTESIAN_POINT ( 'NONE',  ( 5.082992709395849573, -0.1922977202031860011, 0.05516503351820729872 ) ) ;
#193 = CARTESIAN_POINT ( 'NONE',  ( -5.781773815151850293, 0.6009063338049089875, 0.09999999999982550625 ) ) ;
#194 = CARTESIAN_POINT ( 'NONE',  ( 5.138460716023140584, 0.2705028622279799788, 0.07756005246463459901 ) ) ;
#195 = ORIENTED_EDGE ( 'NONE', *, *, #3911, .T. ) ;
#196 = CARTESIAN_POINT ( 'NONE',  ( 5.121930140671279830, 0.2530289083352100232, 0.2000000000000008993 ) ) ;
#197 = CARTESIAN_POINT ( 'NONE',  ( -5.077556884132370385, 0.001275497363850900149, -3.629137419247109881E-16 ) ) ;
#198 = CARTESIAN_POINT ( 'NONE',  ( -2.859815149085939812, 0.8418128730077889532, 2.141812903471060014 ) ) ;
#199 = CARTESIAN_POINT ( 'NONE',  ( 2.917476980842439893, 0.0000000000000000000, 2.143692358351500182 ) ) ;
#200 = CARTESIAN_POINT ( 'NONE',  ( 0.0000000000000000000, 0.0000000000000000000, 1.300000030463270173 ) ) ;
#201 = CARTESIAN_POINT ( 'NONE',  ( 3.190112246994439626, -3.802145537596573219E-15, 0.4354886602505709803 ) ) ;
#202 = DIRECTION ( 'NONE',  ( 0.0000000000000000000, 0.0000000000000000000, -1.000000000000000000 ) ) ;
#203 = CARTESIAN_POINT ( 'NONE',  ( 3.380581965863679983, -0.8318110400136660143, 1.300000030463270173 ) ) ;
#204 = CARTESIAN_POINT ( 'NONE',  ( 5.117115758111319579, 0.1323581629528439996, 4.901519619355869865E-17 ) ) ;
#205 = CARTESIAN_POINT ( 'NONE',  ( 5.762776910872926095, -0.4998112534582812572, -3.253020289331735615E-16 ) ) ;
#206 = CARTESIAN_POINT ( 'NONE',  ( 6.320777426967040036, -0.3056012506868709955, 0.0000000000000000000 ) ) ;
#207 = CYLINDRICAL_SURFACE ( 'NONE', #1586, 0.2250000000000003664 ) ;
#208 = CARTESIAN_POINT ( 'NONE',  ( -5.362966682643500071, -0.4482459980010419787, 0.02507684312030949991 ) ) ;
#209 = CARTESIAN_POINT ( 'NONE',  ( 6.163505955501920042, -0.4299810319261990199, -6.424369495855389880E-16 ) ) ;
#210 = CARTESIAN_POINT ( 'NONE',  ( -2.256433125465450384, -0.8995863759936900683, 0.4004136544695839905 ) ) ;
#211 = CARTESIAN_POINT ( 'NONE',  ( -5.327753741663210363, 0.4490264278117330199, 0.2000000000000000111 ) ) ;
#212 = CARTESIAN_POINT ( 'NONE',  ( -2.644399860962149962, 0.8554816188591789494, 2.155481649322450011 ) ) ;
#213 = CARTESIAN_POINT ( 'NONE',  ( -6.202749433582759764, -0.5385241188777200039, 0.2000000000000000111 ) ) ;
#214 = CARTESIAN_POINT ( 'NONE',  ( 6.090471137061300055, -0.5373056847571010541, 0.01308868717844200238 ) ) ;
#215 = CARTESIAN_POINT ( 'NONE',  ( -6.151595199284700222, 0.5631998647927419777, 0.1000000000000890038 ) ) ;
#216 = CARTESIAN_POINT ( 'NONE',  ( 5.060119611329811029, 0.1731509327738720017, 0.07756005246191580160 ) ) ;
#217 = ORIENTED_EDGE ( 'NONE', *, *, #3048, .F. ) ;
#218 = CARTESIAN_POINT ( 'NONE',  ( 5.076590656699489834, 0.1964923183600499890, 0.2000000000000008993 ) ) ;
#219 = CARTESIAN_POINT ( 'NONE',  ( -5.099922195264446678, 0.02240638525662299804, 1.034326243176827912E-16 ) ) ;
#220 = CARTESIAN_POINT ( 'NONE',  ( -5.107407601030089950, 0.1058433215589690002, -1.822935404920030098E-16 ) ) ;
#221 = CARTESIAN_POINT ( 'NONE',  ( 6.224514148947720038, 0.5179580399670840052, 0.0000000000000000000 ) ) ;
#222 = CARTESIAN_POINT ( 'NONE',  ( -2.967264452589999824, 0.0000000000000000000, 0.4529163876579629933 ) ) ;
#223 = CLOSED_SHELL ( 'NONE', ( #3086, #5107, #2793, #4420, #4642, #2305, #2850, #2297, #1375, #3404 ) ) ;
#224 = CARTESIAN_POINT ( 'NONE',  ( 5.078410488144579737, 0.1672741389138530099, 0.02507684311767389984 ) ) ;
#225 = CARTESIAN_POINT ( 'NONE',  ( 3.079716191379540557, 0.0000000000000000000, 2.157083300382910185 ) ) ;
#226 = DIRECTION ( 'NONE',  ( 1.000000000000000000, 0.0000000000000000000, 0.0000000000000000000 ) ) ;
#227 = AXIS2_PLACEMENT_3D ( 'NONE', #4374, #285, #1373 ) ;
#228 = CARTESIAN_POINT ( 'NONE',  ( 5.104156906907902247, 0.04846015186368025918, 7.309818280972602130E-17 ) ) ;
#229 = CARTESIAN_POINT ( 'NONE',  ( 3.481874671466670179, 0.7257874573880770397, 0.5742125730751970192 ) ) ;
#230 = CARTESIAN_POINT ( 'NONE',  ( 5.152962885147400307, 0.1790015816902570389, 2.806408896226980207E-17 ) ) ;
#231 = CARTESIAN_POINT ( 'NONE',  ( 6.115614236969650896, -0.4701275532465723495, -5.387338478598254687E-16 ) ) ;
#232 = CARTESIAN_POINT ( 'NONE',  ( 5.249864402188619827, -0.3858697217414899794, 0.2000000000000000111 ) ) ;
#233 = CARTESIAN_POINT ( 'NONE',  ( -5.316797427567050427, -0.4147889890089569986, 0.02507684312017750480 ) ) ;
#234 = CARTESIAN_POINT ( 'NONE',  ( 5.077628983460829915, -0.009622200617125020380, -3.911307443713030245E-16 ) ) ;
#235 = CARTESIAN_POINT ( 'NONE',  ( 2.967264452589999824, 0.0000000000000000000, 2.147083673268579851 ) ) ;
#236 = CARTESIAN_POINT ( 'NONE',  ( -3.494287647928739915, 0.6887312085821259977, 1.988731239045400390 ) ) ;
#237 = CARTESIAN_POINT ( 'NONE',  ( -5.296183654249490225, 0.4132600136567620153, 0.05516503351932749988 ) ) ;
#238 = CARTESIAN_POINT ( 'NONE',  ( -2.385652428381599854, 0.0000000000000000000, 2.190461953060459876 ) ) ;
#239 = CARTESIAN_POINT ( 'NONE',  ( -4.999974409514909901, 0.007290673741145800232, 0.0000000000000000000 ) ) ;
#240 = CARTESIAN_POINT ( 'NONE',  ( -3.046257705760219814, 0.8541536936186510109, 1.300000030463270173 ) ) ;
#241 = EDGE_CURVE ( 'NONE', #1537, #1957, #1229, .T. ) ;
#242 = CARTESIAN_POINT ( 'NONE',  ( -5.655253982674430802, -0.5895555966763510458, 0.0000000000000000000 ) ) ;
#243 = CARTESIAN_POINT ( 'NONE',  ( 5.457379294109509615, -0.4787890203910070142, 0.01308868717808280013 ) ) ;
#244 = CARTESIAN_POINT ( 'NONE',  ( -5.319386934916940035, 0.4397768668583399987, 0.09999999999855020694 ) ) ;
#245 = CARTESIAN_POINT ( 'NONE',  ( -5.151921746232630106, -0.2856381698136389868, 0.09999999999042549770 ) ) ;
#246 = CARTESIAN_POINT ( 'NONE',  ( 6.329542933208760047, 0.2577334885221250760, 0.09999999999994939326 ) ) ;
#247 = ORIENTED_EDGE ( 'NONE', *, *, #3813, .T. ) ;
#248 = CARTESIAN_POINT ( 'NONE',  ( 4.999974409514909901, 0.007290673741145800232, 0.2000000000000008993 ) ) ;
#249 = CARTESIAN_POINT ( 'NONE',  ( -5.133791688313591450, 0.1042575485459356077, 7.542437981781989665E-17 ) ) ;
#250 = CARTESIAN_POINT ( 'NONE',  ( -5.992823688399200321, 0.4903832806289240009, -6.290858448414350052E-16 ) ) ;
#251 = CARTESIAN_POINT ( 'NONE',  ( 5.060373784720360035, -0.1734205666461559880, 0.08504003497890280650 ) ) ;
#252 = CARTESIAN_POINT ( 'NONE',  ( -2.917476980842439893, -0.8436923278882220156, 2.143692358351500626 ) ) ;
#253 = CARTESIAN_POINT ( 'NONE',  ( 3.046257705760219814, 0.0000000000000000000, 0.4458463368446229924 ) ) ;
#254 = CARTESIAN_POINT ( 'NONE',  ( -6.170330847562950360, -0.4186258027924830150, -7.825118850279180090E-16 ) ) ;
#255 = CARTESIAN_POINT ( 'NONE',  ( 6.102523128534707908, 0.4741733188235353613, -5.308150170605300517E-16 ) ) ;
#256 = CARTESIAN_POINT ( 'NONE',  ( -3.009674527917810316, 0.0000000000000000000, 2.150811637497710205 ) ) ;
#257 = CARTESIAN_POINT ( 'NONE',  ( 3.456526291164410125, 0.0000000000000000000, 2.068114642818509985 ) ) ;
#258 = CARTESIAN_POINT ( 'NONE',  ( 5.117337817016239576, 0.1326637382359250050, 4.888548098955029781E-17 ) ) ;
#259 = CARTESIAN_POINT ( 'NONE',  ( 6.179126166610718229, -0.4013689576118203428, -5.771523077682274984E-16 ) ) ;
#260 = CARTESIAN_POINT ( 'NONE',  ( 6.176453577985229870, -0.5545352631851150349, 0.0000000000000000000 ) ) ;
#261 = DIRECTION ( 'NONE',  ( 0.0000000000000000000, 0.0000000000000000000, 1.000000000000000000 ) ) ;
#262 = CARTESIAN_POINT ( 'NONE',  ( -6.122287796443639962, -0.5528698945405809972, 0.02507684312135440019 ) ) ;
#263 = CARTESIAN_POINT ( 'NONE',  ( 5.077555863110929657, -0.004044914811177650373, -3.946100497021709961E-16 ) ) ;
#264 = PRESENTATION_STYLE_ASSIGNMENT (( #4355 ) ) ;
#265 = CARTESIAN_POINT ( 'NONE',  ( -5.008621739031809739, 0.04102926678864299986, 0.05516503351976440039 ) ) ;
#266 = CARTESIAN_POINT ( 'NONE',  ( -2.312275712915440096, -0.8969320013308089701, 2.196932031794080586 ) ) ;
#267 = CARTESIAN_POINT ( 'NONE',  ( 6.243669523396249588, -0.4921029752861800777, 0.1000000000000000333 ) ) ;
#268 = CARTESIAN_POINT ( 'NONE',  ( -3.046257705760219814, -0.8541536936186510109, 0.4458463368446229924 ) ) ;
#269 = CARTESIAN_POINT ( 'NONE',  ( -5.186674510612070854, -0.2191815467699480269, 1.361813170857110014E-17 ) ) ;
#270 = CARTESIAN_POINT ( 'NONE',  ( 5.974551874276749608, 0.5221427075076909841, -4.522453299562630421E-16 ) ) ;
#271 = CARTESIAN_POINT ( 'NONE',  ( -5.121930140671279830, -0.2530289083352100232, 0.2000000000000000111 ) ) ;
#272 = CARTESIAN_POINT ( 'NONE',  ( 6.239259854912759806, -0.4135070875245669964, 0.01308868717844670175 ) ) ;
#273 = CARTESIAN_POINT ( 'NONE',  ( 2.312275712915440096, 0.8969320013308089701, 2.196932031794080586 ) ) ;
#274 = CARTESIAN_POINT ( 'NONE',  ( -5.069637152770639865, 0.1859737234890320168, 0.09999999999602690592 ) ) ;
#275 = ADVANCED_FACE ( 'NONE', ( #616 ), #661, .T. ) ;
#276 = CARTESIAN_POINT ( 'NONE',  ( 5.746870166009830250, 0.5991851006367510113, 0.09999999999918790516 ) ) ;
#277 = ORIENTED_EDGE ( 'NONE', *, *, #3976, .T. ) ;
#278 = CARTESIAN_POINT ( 'NONE',  ( 5.541423521098420402, 0.4516818998487679981, -1.926630936324629978E-16 ) ) ;
#279 = CARTESIAN_POINT ( 'NONE',  ( -5.753656473926639592, 0.4993917295982240323, -4.496106020332291417E-16 ) ) ;
#280 = CARTESIAN_POINT ( 'NONE',  ( 5.101450747855119872, -0.2267304425552039981, 0.08504003497922280053 ) ) ;
#281 = CARTESIAN_POINT ( 'NONE',  ( -3.009674527917810316, 0.8508116070344400317, 1.300000030463270173 ) ) ;
#282 = B_SPLINE_SURFACE_WITH_KNOTS ( 'NONE', 3, 3, ( 
 ( #2177, #3429, #176, #1792, #5120, #1416, #1839, #651, #3057, #3502, #4704, #1027, #2658, #625, #2257, #3476, #3898, #1439, #3403, #3082, #4730, #3925, #1048, #2684, #5169, #1464, #4761, #3004, #1073, #2713, #4368, #1766, #4658, #982, #2341, #1985, #3982, #1898, #1160, #2739, #763, #1527, #2816, #2766, #1556, #278, #2367, #2393, #4044, #337, #3625, #1186, #1495, #1208, #1106, #1604, #5284, #1579, #3220, #4793, #2008, #4397, #4473, #4896, #678, #3953, #4819, #704, #2842, #3532, #5200, #2421, #3137, #308, #4867, #3596, #5229, #1129, #4424, #734, #789, #5254, #4013, #3651, #3193, #5312, #4545, #3346, #868, #3293, #4518, #923, #4096, #1233, #4151, #4953, #2087, #898, #5009, #438, #4601, #4923, #3734, #2060, #2527, #1710, #3370, #414, #117, #1682, #1314, #3319, #3764, #4204, #4982, #2144, #2949, #3706, #5035, #3791 ),
 ( #1735, #4495, #817, #3680, #7, #2867, #842, #2277, #5113, #3891, #2171, #1888, #1950, #755, #2306, #3155, #330, #2385, #3554, #2705, #1518, #4361, #4812, #299, #2758, #1097, #4035, #669, #3526, #4754, #3944, #270, #1977, #1457, #3128, #5191, #1486, #358, #1122, #4388, #4783, #2333, #3587, #3972, #1918, #4416, #5246, #725, #2359, #4005, #1548, #3183, #4837, #1151, #3616, #5276, #5153, #183, #965, #559, #3092, #2265, #5079, #2186, #4713, #3858, #2213, #990, #2595, #1776, #230, #1424, #1446, #3015, #3835, #1376, #1850, #1036, #3513, #3438, #2694, #4249, #1011, #1474, #610, #2668, #159, #2619, #5102, #3415, #659, #4741, #4277, #2644, #4321, #4349, #1400, #258, #3040, #204, #4688, #2240, #3881, #1820, #3461, #2294, #5322, #4433, #287, #3635, #375, #2723, #1114, #3201, #4076, #745, #5294, #1138, #398, #1505 ),
 ( #1939, #2433, #2377, #2402, #2020, #1906, #3664, #1589, #801, #1083, #712, #3144, #2747, #5238, #3575, #4460, #3230, #4828, #2825, #4406, #1536, #4023, #346, #1967, #2798, #3606, #5263, #687, #1168, #772, #4877, #4052, #1616, #4376, #2324, #3542, #4105, #2905, #2071, #127, #4555, #3276, #2156, #1242, #907, #2876, #827, #3330, #2482, #1297, #4135, #101, #46, #4163, #2851, #879, #2934, #2538, #2509, #502, #3776, #2043, #4905, #2129, #528, #1719, #2959, #4611, #1216, #2456, #152, #2259, #4344, #3380, #1346, #580, #2180, #2288, #2984, #2588, #3480, #4242, #3826, #604, #3034, #3408, #3008, #1369, #2209, #224, #4683, #2613, #5147, #179, #3087, #3432, #4735, #5096, #2233, #3456, #1052, #4707, #1030, #2662, #2688, #3930, #1961, #4455, #3536, #1990, #681, #4823, #1500, #5258, #1164, #794, #3111, #2426, #2345, #2794 ),
 ( #3630, #3196, #4797, #3507, #1110, #3226, #4428, #767, #4873, #2717, #5174, #2397, #1584, #2319, #4401, #3957, #5202, #708, #3987, #5289, #312, #1932, #3569, #2371, #2038, #846, #444, #1634, #2092, #4128, #2065, #5317, #3270, #4927, #3769, #3711, #67, #39, #3299, #4959, #4900, #4155, #4985, #4070, #2927, #4579, #2952, #3350, #5014, #1318, #1610, #2013, #3658, #4677, #5068, #4701, #4655, #3426, #2149, #573, #1001, #3029, #2201, #194, #3054, #3374, #3079, #2976, #3473, #597, #1390, #2633, #1341, #3895, #546, #1024, #5142, #2557, #4209, #3001, #3820, #1436, #522, #1739, #4309, #3793, #5041, #4289, #3850, #121, #978, #2607, #173, #2655, #1789, #5091, #622, #2227, #2254, #3871, #1413, #1810, #3451, #5118, #216, #4727, #3105, #3135, #5197, #2736, #1126, #5251, #4365, #1157, #1461, #3979, #2313, #2764, #1956, #5281 ),
 ( #305, #1553, #4394, #365, #4759, #4422, #4041, #675, #2390, #246, #3216, #3950, #5226, #3593, #3190, #4336, #648, #4842, #2786, #4449, #760, #1492, #3161, #1982, #1070, #2363, #3623, #2710, #1924, #731, #1576, #701, #3922, #3561, #1865, #1524, #1103, #4010, #276, #1895, #4790, #335, #786, #2419, #1184, #491, #1707, #2814, #4177, #2117, #2057, #3242, #387, #4148, #2084, #814, #463, #1260, #4865, #2005, #1287, #3731, #2864, #3677, #865, #61, #5309, #436, #4893, #1680, #4092, #1205, #2839, #4979, #2497, #2445, #411, #3290, #2032, #5, #1629, #3264, #4920, #2921, #33, #4572, #1230, #4515, #839, #4541, #1653, #89, #2470, #895, #4121, #3703, #4949, #2893, #2525, #288, #2142, #947, #5006, #3118, #2295, #688, #5129, #1448, #3906, #2645, #4377, #3882, #2669, #3788, #115, #921, #3065, #2325, #4714, #3962 ) ),
 .UNSPECIFIED., .F., .F., .F.,
 ( 4, 1, 4 ),
 ( 4, 1, 1, 1, 1, 1, 1, 1, 1, 1, 1, 1, 1, 1, 1, 1, 1, 1, 1, 1, 1, 1, 1, 1, 1, 1, 1, 1, 1, 1, 1, 1, 1, 1, 1, 1, 1, 1, 1, 1, 1, 1, 1, 1, 1, 1, 1, 1, 1, 1, 1, 1, 1, 1, 1, 1, 1, 1, 1, 1, 1, 1, 1, 1, 1, 1, 1, 1, 1, 1, 1, 1, 1, 1, 1, 1, 1, 1, 1, 1, 1, 1, 1, 1, 1, 1, 1, 1, 1, 1, 1, 1, 1, 1, 1, 1, 1, 1, 1, 1, 1, 1, 1, 1, 1, 1, 1, 1, 1, 1, 1, 1, 1, 1, 1, 1, 1, 4 ),
 ( 0.0000000000000000000, 0.5714285714285709528, 1.000000000000000000 ),
 ( 0.0000000000000000000, 0.003117033131534880167, 0.006234066263069769874, 0.009351099394604649173, 0.01246813252613949985, 0.01558516565767440083, 0.01870219878920929835, 0.02181923192074420106, 0.02493626505227910031, 0.02571552333516280084, 0.02649478161804650136, 0.02805329818381399956, 0.03117033131534880167, 0.03428736444688369744, 0.03740439757841859669, 0.04052143070995350288, 0.04363846384148840213, 0.04519698040725580318, 0.04675549697302330138, 0.04753475525590700190, 0.04792438439734889727, 0.04831401353879070243, 0.04987253010455820063, 0.05143104667032560168, 0.05221030495320930220, 0.05298956323609300273, 0.05454807980186050093, 0.05610659636762790198, 0.05922362949916280123, 0.06234066263069770047, 0.06545769576223260666, 0.06857472889376750591, 0.07169176202530229414, 0.07480879515683719339, 0.07792582828837210651, 0.08104286141990700576, 0.08415989455144190501, 0.08727692768297680426, 0.09039396081451170351, 0.09351099394604650561, 0.09662802707758140486, 0.09974506020911630411, 0.1028620933406509952, 0.1059791264721860055, 0.1090961596037210019, 0.1122131927352559982, 0.1153302258667909946, 0.1184472589983260049, 0.1215642921298610013, 0.1246813252613949985, 0.1262398418271629963, 0.1277983583929299949, 0.1293568749586979927, 0.1309153915244649913, 0.1340324246559999877, 0.1371494577875350118, 0.1402664909190700082, 0.1433835240506050046, 0.1465005571821400010, 0.1496175903136739982, 0.1498124048843950118, 0.1500072194551159976, 0.1503968485965579971, 0.1511761068794419960, 0.1519553651623259949, 0.1527346234452089946, 0.1542931400109769924, 0.1558516565767439910, 0.1560464711474650046, 0.1562412857181859904, 0.1566309148596279899, 0.1568257294303490035, 0.1570205440010699893, 0.1572153585717910029, 0.1573127658571510101, 0.1574101731425119888, 0.1577998022839539882, 0.1581894314253949885, 0.1589686897082789874, 0.1597479479911629863, 0.1605272062740470129, 0.1606246135594069924, 0.1607220208447669996, 0.1609168354154880132, 0.1611116499862089990, 0.1613064645569300126, 0.1613551681996109877, 0.1614038718422909913, 0.1615012791276509985, 0.1616960936983720121, 0.1617447973410519879, 0.1617691491623929889, 0.1617935009837329907, 0.1618909082690929979, 0.1619396119117730015, 0.1619883155544540043, 0.1620004914651239913, 0.1620126673757940061, 0.1620370191971340079, 0.1620613710184740097, 0.1620735469291439967, 0.1620765909068110078, 0.1620796348844789903, 0.1620826788621470005, 0.1620857228398140115, 0.1652027559713490079, 0.1667612725371160065, 0.1675405308200000054, 0.1683197891028840043, 0.1698783056686510029, 0.1702679348100930024, 0.1706575639515350018, 0.1714368222344190007, 0.1729953388001859993, 0.1737745970830699982, 0.1741642262245119976, 0.1743590407952330112, 0.1745538553659539971 ),
 .UNSPECIFIED. ) ;
#283 = CARTESIAN_POINT ( 'NONE',  ( 3.190112246994440071, 0.8645113702127029676, 1.300000030463270173 ) ) ;
#284 = CARTESIAN_POINT ( 'NONE',  ( -3.500000000000000000, 0.0000000000000000000, 1.930858434857039896 ) ) ;
#285 = DIRECTION ( 'NONE',  ( -1.387778831187769972E-15, -0.0000000000000000000, 1.000000000000000000 ) ) ;
#286 = CARTESIAN_POINT ( 'NONE',  ( 3.494287647928739915, 0.6887312085821259977, 0.6112688218811480612 ) ) ;
#287 = CARTESIAN_POINT ( 'NONE',  ( 5.084681044624730362, 0.08203142036602030507, 6.416755752769109978E-17 ) ) ;
#288 = CARTESIAN_POINT ( 'NONE',  ( 5.060418682401169654, 0.1735629326573059905, 0.09999999998755840225 ) ) ;
#289 = CARTESIAN_POINT ( 'NONE',  ( 5.577444020907750044, -0.5719321550693790002, 0.2000000000000000111 ) ) ;
#290 = DIRECTION ( 'NONE',  ( -1.000000000000000000, 0.0000000000000000000, 0.0000000000000000000 ) ) ;
#291 = CARTESIAN_POINT ( 'NONE',  ( -6.109519152008109799, -0.5559215422840240173, 0.02507684312135369936 ) ) ;
#292 = CARTESIAN_POINT ( 'NONE',  ( 6.122090232206249816, -0.4675249018875259899, -5.446649556121290978E-16 ) ) ;
#293 = CARTESIAN_POINT ( 'NONE',  ( -3.500000000000000000, 0.6308584043937629504, 1.300000030463270173 ) ) ;
#294 = CARTESIAN_POINT ( 'NONE',  ( -5.018035335637140548, 0.08691012248506180260, 0.05516503351926230203 ) ) ;
#295 = CARTESIAN_POINT ( 'NONE',  ( -2.199999969536730049, 0.0000000000000000000, 2.200366143018710030 ) ) ;
#296 = CARTESIAN_POINT ( 'NONE',  ( -5.076590656699489834, 0.1964923183600499890, 0.2000000000000000111 ) ) ;
#297 = CARTESIAN_POINT ( 'NONE',  ( -3.149310191193160247, 0.8624262690867171566, 1.300000030463270173 ) ) ;
#298 = CARTESIAN_POINT ( 'NONE',  ( -5.158818792915000451, -0.1862225039804900062, 3.628934619877009795E-17 ) ) ;
#299 = CARTESIAN_POINT ( 'NONE',  ( 6.135587831979480988, 0.4947668433286380174, -5.451134543694689669E-16 ) ) ;
#300 = CARTESIAN_POINT ( 'NONE',  ( -6.281565084905249563, -0.4197854674473779912, 0.0000000000000000000 ) ) ;
#301 = CARTESIAN_POINT ( 'NONE',  ( 6.140198831387279732, -0.5244930580651719909, 0.01308868717844629929 ) ) ;
#302 = CARTESIAN_POINT ( 'NONE',  ( 2.385652428381599854, 0.0000000000000000000, 0.4095381078660910168 ) ) ;
#303 = CARTESIAN_POINT ( 'NONE',  ( -6.345877990925609780, 0.1332513682524570087, 0.08504003498292610208 ) ) ;
#304 = CARTESIAN_POINT ( 'NONE',  ( 5.121930140671279830, 0.2530289083352100232, 0.2000000000000000111 ) ) ;
#305 = CARTESIAN_POINT ( 'NONE',  ( 6.349999999999999645, 0.0000000000000000000, 0.09999999999999939493 ) ) ;
#306 = EDGE_LOOP ( 'NONE', ( #2314, #2282 ) ) ;
#307 = DIRECTION ( 'NONE',  ( -0.9999999861530574075, 2.037993496106848213E-20, -0.0001664147979258818718 ) ) ;
#308 = CARTESIAN_POINT ( 'NONE',  ( 5.171774166665429995, 0.1546383023354880037, 3.075976922094920051E-17 ) ) ;
#309 = CARTESIAN_POINT ( 'NONE',  ( -5.146024615554719794, 0.1211882182954539949, -1.176018264399980310E-16 ) ) ;
#310 = CARTESIAN_POINT ( 'NONE',  ( 5.022962009660740357, -0.1151863945220060054, 0.08504003498098930414 ) ) ;
#311 = CARTESIAN_POINT ( 'NONE',  ( -3.149310191193160247, -0.8624262690867171566, 1.300000030463270173 ) ) ;
#312 = CARTESIAN_POINT ( 'NONE',  ( 6.215643329946310303, 0.5256492051274279653, 0.07756005247423120030 ) ) ;
#313 = CARTESIAN_POINT ( 'NONE',  ( 3.284326568066440633, -0.8607250946741169528, 1.300000030463270173 ) ) ;
#314 = CARTESIAN_POINT ( 'NONE',  ( -5.163721250275661312, -0.1444485987708259978, 5.141130868603330147E-17 ) ) ;
#315 = COLOUR_RGB ( '',0.2666666666666666630, 0.5843137254901961120, 0.2823529411764705843 ) ;
#316 = CARTESIAN_POINT ( 'NONE',  ( -3.499999999999999556, -0.3099656298113791508, 1.850023037411260951 ) ) ;
#317 = CARTESIAN_POINT ( 'NONE',  ( -6.146732839885678423, -0.4531038380885045735, -7.622233344848355490E-16 ) ) ;
#318 = CARTESIAN_POINT ( 'NONE',  ( 3.422270755428200140, -0.8041145948577490543, 2.104114625321020338 ) ) ;
#319 = EDGE_LOOP ( 'NONE', ( #470, #1104, #4183, #574 ) ) ;
#320 = CARTESIAN_POINT ( 'NONE',  ( 5.462544783695079786, -0.4149212510765659112, -1.436911724156310893E-16 ) ) ;
#321 = CARTESIAN_POINT ( 'NONE',  ( 6.107600309797909688, -0.5756272280106610184, 0.0000000000000000000 ) ) ;
#322 = CARTESIAN_POINT ( 'NONE',  ( 4.724999999999999645, 0.0000000000000000000, 1.300000000000000044 ) ) ;
#323 = CARTESIAN_POINT ( 'NONE',  ( -6.094523067172699982, -0.5589731701158410226, 0.02507684312135069829 ) ) ;
#324 = CARTESIAN_POINT ( 'NONE',  ( 5.116363510904180956, -0.07776464830394060057, -2.201447016787710028E-16 ) ) ;
#325 = FILL_AREA_STYLE ('',( #4748 ) ) ;
#326 = CARTESIAN_POINT ( 'NONE',  ( -5.351705467759649615, 0.4544639479793520231, 0.05516503351952310036 ) ) ;
#327 = CARTESIAN_POINT ( 'NONE',  ( -2.256433125465449940, 0.0000000000000000000, 2.199586406456960130 ) ) ;
#328 = CARTESIAN_POINT ( 'NONE',  ( -5.012385225038310743, 0.09377143883761659970, 0.2000000000000000111 ) ) ;
#329 = CARTESIAN_POINT ( 'NONE',  ( -3.046257705760219814, 0.0000000000000000000, 2.154153724081920185 ) ) ;
#330 = CARTESIAN_POINT ( 'NONE',  ( 6.209026581648790177, 0.4086009309127209832, -5.797148555656540142E-16 ) ) ;
#331 = CARTESIAN_POINT ( 'NONE',  ( -6.281565084905249563, -0.4197854674473779912, 0.2000000000000000111 ) ) ;
#332 = CARTESIAN_POINT ( 'NONE',  ( 5.115378278921570043, -0.1795240217138920347, 0.01308868717704330005 ) ) ;
#333 = CARTESIAN_POINT ( 'NONE',  ( -6.236071521687260422, 0.5012775156002110544, 0.08504003498300551078 ) ) ;
#334 = CARTESIAN_POINT ( 'NONE',  ( 5.024698807116640076, 0.1207599828996299973, 0.2000000000000000111 ) ) ;
#335 = CARTESIAN_POINT ( 'NONE',  ( 5.641189903040619846, 0.5853329418436199472, 0.09999999999883101010 ) ) ;
#336 = ORIENTED_EDGE ( 'NONE', *, *, #3411, .F. ) ;
#337 = CARTESIAN_POINT ( 'NONE',  ( 5.430476161601260010, 0.3947505135780989827, -1.255879923147079893E-16 ) ) ;
#338 = CARTESIAN_POINT ( 'NONE',  ( -5.188983877048349846, 0.1757928466779090093, -1.359162697501870082E-16 ) ) ;
#339 = CARTESIAN_POINT ( 'NONE',  ( 5.065586522890730414, -0.1805345421053579924, 0.08504003497891429730 ) ) ;
#340 = CARTESIAN_POINT ( 'NONE',  ( -3.009674527917809872, -0.8508116070344399207, 0.4491884234288340827 ) ) ;
#341 = CARTESIAN_POINT ( 'NONE',  ( 3.149310191193160247, -0.8624262690867171566, 1.300000030463270173 ) ) ;
#342 = CARTESIAN_POINT ( 'NONE',  ( -5.366701839922740191, -0.3500125213943319769, -1.166071496608970031E-16 ) ) ;
#343 = CARTESIAN_POINT ( 'NONE',  ( -3.500000000000000000, 3.862893628280142098E-17, 0.6691416260695089990 ) ) ;
#344 = CARTESIAN_POINT ( 'NONE',  ( -5.628872754580784843, -0.4810963102410834025, -3.339809670867021924E-16 ) ) ;
#345 = CARTESIAN_POINT ( 'NONE',  ( -6.345877990925609780, 0.1332513682524570087, 0.1000000000000200034 ) ) ;
#346 = CARTESIAN_POINT ( 'NONE',  ( 6.174726830975200365, 0.5341767717802360371, 0.02507684312135950028 ) ) ;
#347 = EDGE_CURVE ( 'NONE', #2364, #1940, #3671, .T. ) ;
#348 = CARTESIAN_POINT ( 'NONE',  ( 6.281565084905250451, 0.4197854674473779912, 0.09999999999999939493 ) ) ;
#349 = CARTESIAN_POINT ( 'NONE',  ( -4.999999960734370141, 2.299150617883967936E-11, 0.09999999999999951983 ) ) ;
#350 = CARTESIAN_POINT ( 'NONE',  ( -5.025036912380469900, -0.06966563010822519886, 0.02507684312075990005 ) ) ;
#351 = CARTESIAN_POINT ( 'NONE',  ( 5.284272246558470165, -0.2787638361214679894, -1.389144254736489890E-16 ) ) ;
#352 = CARTESIAN_POINT ( 'NONE',  ( 3.079716191379540557, -0.8570832699196331284, 0.4429167605436410415 ) ) ;
#353 = SHAPE_DEFINITION_REPRESENTATION ( #3568, #2818 ) ;
#354 = CARTESIAN_POINT ( 'NONE',  ( -5.067815548083189903, 0.1720409430445569987, 0.05516503351816710171 ) ) ;
#355 = CARTESIAN_POINT ( 'NONE',  ( -6.320777426967040036, 0.3056012506868709955, 0.2000000000000000111 ) ) ;
#356 = CARTESIAN_POINT ( 'NONE',  ( -3.235639616665010543, -0.8646691662700989323, 0.4353308641931750711 ) ) ;
#357 = CARTESIAN_POINT ( 'NONE',  ( -5.686927876131369963, -0.5221905166911570140, -3.853651639626859931E-16 ) ) ;
#358 = CARTESIAN_POINT ( 'NONE',  ( 5.783954302454319851, 0.5308411314134769965, -3.394192635850260471E-16 ) ) ;
#359 = CARTESIAN_POINT ( 'NONE',  ( -5.000212412783009874, -0.02148594358049080166, 0.0000000000000000000 ) ) ;
#360 = CARTESIAN_POINT ( 'NONE',  ( 5.064937559725500194, -0.1081275745949020067, 0.01308868717765799931 ) ) ;
#361 = CARTESIAN_POINT ( 'NONE',  ( 2.475120692249380028, 0.8791444960728619362, 2.179144526536139992 ) ) ;
#362 = CARTESIAN_POINT ( 'NONE',  ( -5.000001109512579589, -0.0003494637194912870223, 0.1000000000000000056 ) ) ;
#363 = CARTESIAN_POINT ( 'NONE',  ( 5.024698807116640076, 0.1207599828996299973, 0.0000000000000000000 ) ) ;
#364 = CARTESIAN_POINT ( 'NONE',  ( -5.088394892614520160, -0.2104519239731799940, 0.09999999998856959338 ) ) ;
#365 = CARTESIAN_POINT ( 'NONE',  ( 6.349046932142099919, 0.06651369435755599691, 0.09999999999998930578 ) ) ;
#366 = VERTEX_POINT ( 'NONE', #2214 ) ;
#367 = CARTESIAN_POINT ( 'NONE',  ( -5.938877072330189577, 0.5957456569946210090, 0.1000000000000000333 ) ) ;
#368 = CARTESIAN_POINT ( 'NONE',  ( 6.145913715294430091, -0.5578993663303000172, 0.05516503352022140982 ) ) ;
#369 = CARTESIAN_POINT ( 'NONE',  ( -3.149310191193159802, -0.8624262690867170456, 0.4375737613765569578 ) ) ;
#370 = CARTESIAN_POINT ( 'NONE',  ( -5.007286067358699633, -0.07396672265262910217, 0.07756005247223199395 ) ) ;
#371 = CARTESIAN_POINT ( 'NONE',  ( 3.235639616665010543, -0.8646691662700989323, 0.4353308641931750711 ) ) ;
#372 = CARTESIAN_POINT ( 'NONE',  ( -5.408744599499420325, -0.3804812920376620111, -1.513871292703060093E-16 ) ) ;
#373 = CARTESIAN_POINT ( 'NONE',  ( -3.499999999999999556, -0.5696963962657771718, 1.028028424467667845 ) ) ;
#374 = CARTESIAN_POINT ( 'NONE',  ( -5.125353545927230137, -0.09190463249643375521, 8.240226858453117784E-17 ) ) ;
#375 = CARTESIAN_POINT ( 'NONE',  ( 5.075439384976730750, 0.05732449812075020301, 6.752592074189240278E-17 ) ) ;
#376 = PLANE ( 'NONE',  #4771 ) ;
#377 = CARTESIAN_POINT ( 'NONE',  ( 6.176453577985230758, 0.5545352631851150349, 0.09999999999999939493 ) ) ;
#378 = CARTESIAN_POINT ( 'NONE',  ( -5.104647479699999657, -0.2016020767552479942, 0.02507684311798569904 ) ) ;
#379 = CARTESIAN_POINT ( 'NONE',  ( 5.209207384607429603, -0.1995296238196609950, -1.492376872620870033E-16 ) ) ;
#380 = CARTESIAN_POINT ( 'NONE',  ( 3.113135215446409809, -0.8598146433977199576, 0.4401853870655539902 ) ) ;
#381 = CARTESIAN_POINT ( 'NONE',  ( -5.398702685026729675, 0.4453075614970209983, 0.01308868717800910041 ) ) ;
#382 = CARTESIAN_POINT ( 'NONE',  ( -6.350000028353020021, 0.02632166237988979932, 0.0000000000000000000 ) ) ;
#383 = CARTESIAN_POINT ( 'NONE',  ( 2.218867265165349600, -3.959477811055763117E-15, 0.3997152954590519336 ) ) ;
#384 = CARTESIAN_POINT ( 'NONE',  ( 6.262389408874530439, -0.1892575394707350089, -8.119186508291870151E-16 ) ) ;
#385 = CARTESIAN_POINT ( 'NONE',  ( -5.000430390515130163, 0.02338736143942889839, 0.09999999999977329801 ) ) ;
#386 = CARTESIAN_POINT ( 'NONE',  ( 5.938877072330189577, 0.5957456569946210090, 0.2000000000000000111 ) ) ;
#387 = CARTESIAN_POINT ( 'NONE',  ( 5.319524954015859564, 0.4397181801399990264, 0.09999999999609310297 ) ) ;
#388 = CARTESIAN_POINT ( 'NONE',  ( -3.009674527917809428, -3.741893590393671462E-15, 0.4491884234288339717 ) ) ;
#389 = CARTESIAN_POINT ( 'NONE',  ( -6.301578169905729609, 0.3693503180003809838, 0.1000000000000000333 ) ) ;
#390 = CARTESIAN_POINT ( 'NONE',  ( -6.281565084905249563, -0.4197854674473779912, 0.2000000000000008993 ) ) ;
#391 = CARTESIAN_POINT ( 'NONE',  ( 5.665740069733930184, -0.5832171485315049697, 0.05516503352002270072 ) ) ;
#392 = CARTESIAN_POINT ( 'NONE',  ( -3.235639616665010543, -0.8646691662700989323, 0.4353308641931750711 ) ) ;
#393 = CARTESIAN_POINT ( 'NONE',  ( -5.084926600252041240, -0.2060371108906819959, 0.07756005246287030197 ) ) ;
#394 = CARTESIAN_POINT ( 'NONE',  ( 3.380581965863679983, 0.0000000000000000000, 2.131811070476940184 ) ) ;
#395 = CARTESIAN_POINT ( 'NONE',  ( -5.722464993485970375, -0.4966408865006090578, -4.110229470311760029E-16 ) ) ;
#396 = CARTESIAN_POINT ( 'NONE',  ( -5.879319783451700587, 0.5219814268306189886, -5.301294463959070218E-16 ) ) ;
#397 = CARTESIAN_POINT ( 'NONE',  ( -3.500000000000000000, -0.2118935174773333430, 0.7053706738557953271 ) ) ;
#398 = CARTESIAN_POINT ( 'NONE',  ( 5.070078052373050426, 0.0005623607798121289629, 6.939031179150949849E-17 ) ) ;
#399 = CARTESIAN_POINT ( 'NONE',  ( -5.118705879624320332, -0.2190782199281980092, 0.02507684311803649868 ) ) ;
#400 = CARTESIAN_POINT ( 'NONE',  ( 5.141203706081980407, -0.1146077490730160187, -1.351835407771590049E-16 ) ) ;
#401 = CARTESIAN_POINT ( 'NONE',  ( 3.113135215446409809, -0.8598146433977199576, 2.159814673860989576 ) ) ;
#402 = CARTESIAN_POINT ( 'NONE',  ( -5.153548725696730060, 0.2263706104533030339, 0.01308868717720489995 ) ) ;
#403 = CARTESIAN_POINT ( 'NONE',  ( 2.917476980842439893, 0.0000000000000000000, 2.143692358351500182 ) ) ;
#404 = EDGE_CURVE ( 'NONE', #2228, #366, #997, .T. ) ;
#405 = CARTESIAN_POINT ( 'NONE',  ( -3.456526291164410125, 0.7681146123552400340, 1.300000030463270173 ) ) ;
#406 = CARTESIAN_POINT ( 'NONE',  ( -5.124963909575329879, -0.1430078796883799963, 6.369170437871400087E-17 ) ) ;
#407 = AXIS2_PLACEMENT_3D ( 'NONE', #583, #5178, #202 ) ;
#408 = CARTESIAN_POINT ( 'NONE',  ( -4.999974409514909901, -0.007290673741145800232, 0.0000000000000000000 ) ) ;
#409 = CARTESIAN_POINT ( 'NONE',  ( 5.092981793993230255, -0.1497788630104809893, 0.01308868717700690035 ) ) ;
#410 = CARTESIAN_POINT ( 'NONE',  ( -6.002891883292679864, 0.5898992491315709907, 0.08504003498291821950 ) ) ;
#411 = CARTESIAN_POINT ( 'NONE',  ( 5.090351156260649823, 0.2129260958719499941, 0.09999999998863721984 ) ) ;
#412 = CARTESIAN_POINT ( 'NONE',  ( -3.494287647928740359, -3.029059398802047336E-15, 0.6112688218811468399 ) ) ;
#413 = DIRECTION ( 'NONE',  ( 0.0000000000000000000, 0.0000000000000000000, 1.000000000000000000 ) ) ;
#414 = CARTESIAN_POINT ( 'NONE',  ( 5.116369034276040395, 0.07776413039145689543, 6.146875760726180463E-17 ) ) ;
#415 = CARTESIAN_POINT ( 'NONE',  ( -5.726241842797760384, -0.5985893008589749931, 0.2000000000000008993 ) ) ;
#416 = CARTESIAN_POINT ( 'NONE',  ( 5.473933108880819631, -0.5240393556806099973, 0.05516503351974799685 ) ) ;
#417 = B_SPLINE_SURFACE_WITH_KNOTS ( 'NONE', 3, 3, ( 
 ( #2664, #1846, #656, #2719, #1420, #5204, #2640, #3482, #4709, #2290, #3113, #2744, #5098, #3855, #4317, #4767, #5149, #254, #1797, #630, #1396, #1873, #2261, #3036, #3089, #4685, #4737, #1469, #4372, #4295, #1054, #683, #606, #2690, #3509, #5176, #1134, #2796, #3198, #395, #4500, #4457, #4102, #4430, #2373, #769, #2399, #740, #4072, #4049, #372, #1934, #4019, #342, #823, #1992, #2429, #1963, #3632, #5291, #1532, #1192, #4849, #2873, #4478, #3602, #4930, #796, #2015, #3660, #3571, #5319, #1612, #3250, #4902, #2847, #1213, #2453, #314, #2040, #14, #1637, #3273, #1239, #2347, #3169, #3989, #5234, #148, #2560, #3353, #1321, #3302, #549, #2901, #5044, #1765, #4525, #848, #3326, #4961, #3402, #2479, #3714, #954, #4131, #42, #5018, #4184, #447, #472, #1661, #4988, #1343, #499, #1268, #2583, #2930, #2979, #4581 ),
 ( #2955, #2095, #3823, #902, #3772, #4551, #875, #2505, #2534, #5071, #2126, #1366, #97, #4158, #3377, #1742, #3742, #70, #4608, #1689, #1715, #4632, #929, #4212, #525, #2152, #2176, #3796, #4238, #2204, #5274, #2704, #4782, #1887, #1150, #2757, #981, #2781, #754, #4034, #357, #3525, #5220, #1976, #1456, #4415, #3003, #3495, #2332, #724, #2610, #4386, #576, #695, #5162, #3971, #3127, #3552, #2304, #4266, #4753, #4360, #668, #3943, #269, #5190, #1485, #1096, #298, #1917, #1517, #3154, #4811, #2358, #1949, #4004, #2492, #4143, #3210, #5303, #1281, #3726, #4914, #406, #56, #1674, #1179, #2466, #2808, #2914, #2440, #2413, #1598, #483, #2110, #3238, #4887, #27, #4086, #2029, #2860, #3756, #4510, #834, #1648, #4114, #2137, #4999, #108, #5080, #562, #2244, #2572, #184, #3338, #3389, #1306, #5058, #3838, #4591 ),
 ( #4645, #4279, #1779, #1378, #1726, #1802, #3363, #4668, #586, #3441, #5105, #1403, #3043, #1853, #3996, #4325, #5183, #3094, #3965, #1116, #2776, #5132, #1143, #2296, #2750, #262, #291, #323, #1880, #3581, #1910, #4745, #4436, #3517, #1541, #4774, #3147, #716, #3068, #1087, #5240, #3176, #3885, #690, #2268, #637, #3545, #5210, #1510, #747, #208, #1823, #3907, #233, #3464, #1426, #3488, #4717, #1037, #2671, #3610, #4055, #4462, #2485, #2434, #4108, #2802, #3667, #399, #3204, #4079, #4880, #4558, #2022, #776, #1274, #378, #3690, #1997, #5267, #2853, #2406, #4504, #3232, #4529, #4482, #3255, #1969, #5325, #828, #2459, #1618, #20, #2880, #4854, #2908, #3637, #3306, #426, #1219, #2046, #1173, #3720, #5296, #855, #4967, #2380, #4027, #1196, #1592, #350, #1565, #2828, #4138, #802, #4908, #1641, #3280, #4936, #1246 ),
 ( #452, #2074, #49, #1668, #3359, #2591, #1326, #3777, #2937, #3830, #4165, #4993, #1722, #103, #5023, #130, #4245, #909, #2183, #3332, #4615, #2541, #1747, #960, #4663, #477, #3011, #2961, #555, #935, #3384, #155, #2565, #1773, #5053, #504, #988, #2132, #5076, #4218, #2987, #3412, #3750, #531, #1372, #2616, #882, #4191, #4585, #1300, #2159, #3803, #1350, #2512, #4638, #2103, #76, #1695, #2450, #2037, #2425, #3710, #820, #4099, #1583, #2012, #4069, #469, #418, #2064, #793, #1633, #3684, #1190, #11, #2845, #2531, #3269, #393, #4578, #3657, #1659, #5316, #3225, #845, #1609, #2477, #1211, #2503, #4926, #1236, #5288, #2870, #4127, #443, #4522, #3298, #872, #2821, #900, #3248, #1291, #38, #4958, #1266, #4476, #1686, #4899, #2091, #2926, #370, #3629, #4498, #2899, #4872, #4548, #3739, #66, #3323, #4984 ),
 ( #4235, #4700, #3819, #2606, #1023, #4605, #1738, #2123, #3870, #1389, #1412, #545, #3849, #4654, #3373, #3450, #4629, #3399, #927, #2556, #1713, #145, #5117, #1762, #3768, #5067, #5013, #3028, #5090, #94, #4208, #4263, #3053, #1365, #4676, #3000, #1317, #521, #572, #1809, #2148, #3792, #120, #5040, #1340, #172, #3425, #1000, #2632, #596, #2226, #3160, #2763, #1955, #674, #1102, #3592, #3921, #3978, #4421, #245, #1491, #1923, #3189, #2312, #5141, #3949, #1864, #2735, #4393, #700, #3560, #4841, #5224, #730, #2654, #621, #364, #3622, #4948, #1259, #462, #2892, #4540, #1706, #894, #4256, #2192, #920, #565, #1360, #4978, #2116, #1383, #3843, #4623, #3787, #972, #166, #2920, #542, #4571, #1784, #515, #2524, #4176, #5085, #2600, #88, #490, #5062, #2551, #2141, #5005, #1805, #1312, #3022, #139, #4671, #4597 ) ),
 .UNSPECIFIED., .F., .F., .F.,
 ( 4, 1, 4 ),
 ( 4, 1, 1, 1, 1, 1, 1, 1, 1, 1, 1, 1, 1, 1, 1, 1, 1, 1, 1, 1, 1, 1, 1, 1, 1, 1, 1, 1, 1, 1, 1, 1, 1, 1, 1, 1, 1, 1, 1, 1, 1, 1, 1, 1, 1, 1, 1, 1, 1, 1, 1, 1, 1, 1, 1, 1, 1, 1, 1, 1, 1, 1, 1, 1, 1, 1, 1, 1, 1, 1, 1, 1, 1, 1, 1, 1, 1, 1, 1, 1, 1, 1, 1, 1, 1, 1, 1, 1, 1, 1, 1, 1, 1, 1, 1, 1, 1, 1, 1, 1, 1, 1, 1, 1, 1, 1, 1, 1, 1, 1, 1, 1, 1, 1, 1, 1, 1, 4 ),
 ( 0.0000000000000000000, 0.5714285714285709528, 1.000000000000000000 ),
 ( 0.0000000000000000000, 0.003117033131534880167, 0.006234066263069769874, 0.009351099394604649173, 0.01246813252613949985, 0.01558516565767440083, 0.01870219878920929835, 0.02181923192074420106, 0.02493626505227910031, 0.02571552333516280084, 0.02649478161804650136, 0.02805329818381399956, 0.03117033131534880167, 0.03428736444688369744, 0.03740439757841859669, 0.04052143070995350288, 0.04363846384148840213, 0.04519698040725580318, 0.04675549697302330138, 0.04753475525590700190, 0.04792438439734889727, 0.04831401353879070243, 0.04987253010455820063, 0.05143104667032560168, 0.05221030495320930220, 0.05298956323609300273, 0.05454807980186050093, 0.05610659636762790198, 0.05922362949916280123, 0.06234066263069770047, 0.06545769576223260666, 0.06857472889376750591, 0.07169176202530229414, 0.07480879515683719339, 0.07792582828837210651, 0.08104286141990700576, 0.08415989455144190501, 0.08727692768297680426, 0.09039396081451170351, 0.09351099394604650561, 0.09662802707758140486, 0.09974506020911630411, 0.1028620933406509952, 0.1059791264721860055, 0.1090961596037210019, 0.1122131927352559982, 0.1153302258667909946, 0.1184472589983260049, 0.1215642921298610013, 0.1246813252613949985, 0.1262398418271629963, 0.1277983583929299949, 0.1293568749586979927, 0.1309153915244649913, 0.1340324246559999877, 0.1371494577875350118, 0.1402664909190700082, 0.1433835240506050046, 0.1465005571821400010, 0.1496175903136739982, 0.1498124048843950118, 0.1500072194551159976, 0.1503968485965579971, 0.1511761068794419960, 0.1519553651623259949, 0.1527346234452089946, 0.1542931400109769924, 0.1558516565767439910, 0.1560464711474650046, 0.1562412857181859904, 0.1566309148596279899, 0.1568257294303490035, 0.1570205440010699893, 0.1572153585717910029, 0.1573127658571510101, 0.1574101731425119888, 0.1577998022839539882, 0.1581894314253949885, 0.1589686897082789874, 0.1597479479911629863, 0.1605272062740470129, 0.1606246135594069924, 0.1607220208447669996, 0.1609168354154880132, 0.1611116499862089990, 0.1613064645569300126, 0.1613551681996109877, 0.1614038718422909913, 0.1615012791276509985, 0.1616960936983720121, 0.1617447973410519879, 0.1617691491623929889, 0.1617935009837329907, 0.1618909082690929979, 0.1619396119117730015, 0.1619883155544540043, 0.1620004914651239913, 0.1620126673757940061, 0.1620370191971340079, 0.1620613710184740097, 0.1620735469291439967, 0.1620765909068110078, 0.1620796348844789903, 0.1620826788621470005, 0.1620857228398140115, 0.1652027559713490079, 0.1667612725371160065, 0.1675405308200000054, 0.1683197891028840043, 0.1698783056686510029, 0.1702679348100930024, 0.1706575639515350018, 0.1714368222344190007, 0.1729953388001859993, 0.1737745970830699982, 0.1741642262245119976, 0.1743590407952330112, 0.1745538553659539971 ),
 .UNSPECIFIED. ) ;
#418 = CARTESIAN_POINT ( 'NONE',  ( -5.104594820404329880, -0.2306325404665350021, 0.07756005246316480251 ) ) ;
#419 = VERTEX_POINT ( 'NONE', #4169 ) ;
#420 = CARTESIAN_POINT ( 'NONE',  ( 3.456526291164410125, 0.0000000000000000000, 2.068114642818509985 ) ) ;
#421 = CARTESIAN_POINT ( 'NONE',  ( -5.365651641763870217, 0.3775377500673299802, -1.915527521317420037E-16 ) ) ;
#422 = CARTESIAN_POINT ( 'NONE',  ( 6.349239909091269674, 0.07678747668518980107, 0.2000000000000000111 ) ) ;
#423 = CARTESIAN_POINT ( 'NONE',  ( -2.312275712915440096, 0.8969320013308089701, 2.196932031794080586 ) ) ;
#424 = CARTESIAN_POINT ( 'NONE',  ( 2.644399860962149962, 0.0000000000000000000, 2.155481649322450011 ) ) ;
#425 = DIRECTION ( 'NONE',  ( 1.000000000000000000, 0.0000000000000000000, -5.874195897487600417E-17 ) ) ;
#426 = CARTESIAN_POINT ( 'NONE',  ( -5.075303787021629986, -0.1630224872136820102, 0.02507684311766179841 ) ) ;
#427 = CARTESIAN_POINT ( 'NONE',  ( 5.030245788540510077, -0.1286367653321099924, 0.09999999999784789373 ) ) ;
#428 = CARTESIAN_POINT ( 'NONE',  ( 5.188983877048349846, -0.1757928466779090093, -1.465981209651779973E-16 ) ) ;
#429 = CARTESIAN_POINT ( 'NONE',  ( 3.046257705760219814, 0.8541536936186510109, 0.4458463368446229924 ) ) ;
#430 = CARTESIAN_POINT ( 'NONE',  ( -6.171313638799709622, 0.5101032781278509454, 0.01308868717844809994 ) ) ;
#431 = CARTESIAN_POINT ( 'NONE',  ( 2.385652428381599854, 0.0000000000000000000, 2.190461953060459876 ) ) ;
#432 = CARTESIAN_POINT ( 'NONE',  ( -5.012385225038310743, -0.09377143883761659970, 0.2000000000000000111 ) ) ;
#433 = CARTESIAN_POINT ( 'NONE',  ( 5.044768618446240360, -0.05807608465007280119, 0.01308868717797979919 ) ) ;
#434 = CARTESIAN_POINT ( 'NONE',  ( -5.063883682605509584, 0.1782239970365069870, 0.08504003497891060581 ) ) ;
#435 = CARTESIAN_POINT ( 'NONE',  ( 6.163834496138529850, -0.5587153004343790030, 0.1000000000000910161 ) ) ;
#436 = CARTESIAN_POINT ( 'NONE',  ( 5.112130260764129908, 0.2397911835506799927, 0.09999999998938141621 ) ) ;
#437 = CARTESIAN_POINT ( 'NONE',  ( -3.500000000000000444, 0.4151379960591184415, 0.8230222992249757175 ) ) ;
#438 = CARTESIAN_POINT ( 'NONE',  ( 5.141323834876031285, 0.1147748979453109969, 4.901519619355869865E-17 ) ) ;
#439 = CARTESIAN_POINT ( 'NONE',  ( -6.320777426967040036, -0.3056012506868709955, 0.2000000000000008993 ) ) ;
#440 = CARTESIAN_POINT ( 'NONE',  ( 5.005131274932780094, -0.06589125179157340195, 0.08504003498166870512 ) ) ;
#441 = CARTESIAN_POINT ( 'NONE',  ( 3.498961390185070464, 0.6600389711792969960, 1.960039001642570167 ) ) ;
#442 = EDGE_CURVE ( 'NONE', #3530, #2364, #560, .T. ) ;
#443 = CARTESIAN_POINT ( 'NONE',  ( -5.061482077262819956, -0.1750243111489270254, 0.07756005246192100577 ) ) ;
#444 = CARTESIAN_POINT ( 'NONE',  ( 6.113412935379169966, 0.5737445108614149802, 0.07756005247421120241 ) ) ;
#445 = VERTEX_POINT ( 'NONE', #481 ) ;
#446 = CARTESIAN_POINT ( 'NONE',  ( 3.422270755428200140, -0.8041145948577490543, 1.300000030463270173 ) ) ;
#447 = CARTESIAN_POINT ( 'NONE',  ( -5.107109327664270282, -0.05908502990606499805, 9.819797871814480294E-17 ) ) ;
#448 = CARTESIAN_POINT ( 'NONE',  ( -5.225675843400931164, 0.2189755770141075808, -5.588620221329194561E-19 ) ) ;
#449 = CARTESIAN_POINT ( 'NONE',  ( -6.107726533585569939, 0.4953446296161130302, -7.162421008054340794E-16 ) ) ;
#450 = CARTESIAN_POINT ( 'NONE',  ( -2.385652428381600298, 0.8904619225971831531, 2.190461953060459876 ) ) ;
#451 = CARTESIAN_POINT ( 'NONE',  ( 5.726241842797760384, 0.5985893008589749931, 0.09999999999999939493 ) ) ;
#452 = CARTESIAN_POINT ( 'NONE',  ( -6.349999999999999645, -1.480091852613629987E-24, 0.07756005247435779348 ) ) ;
#453 = CARTESIAN_POINT ( 'NONE',  ( 5.060240867539709697, -0.1732375215740130092, 0.09999999999599669398 ) ) ;
#454 = CARTESIAN_POINT ( 'NONE',  ( 5.100338880989229828, -0.01828796996854370471, -3.789863734922620175E-16 ) ) ;
#455 = CARTESIAN_POINT ( 'NONE',  ( -5.266825500258390136, 0.3442007795741390264, 0.01308868717769000149 ) ) ;
#456 = CARTESIAN_POINT ( 'NONE',  ( -6.067120671245721297, 0.5823399928957599947, 0.0000000000000000000 ) ) ;
#457 = CARTESIAN_POINT ( 'NONE',  ( -3.284326568066441077, -0.8607250946741169528, 0.4392749357891569950 ) ) ;
#458 = FACE_OUTER_BOUND ( 'NONE', #174, .T. ) ;
#459 = CARTESIAN_POINT ( 'NONE',  ( 5.161669738081320347, -0.1779125974799130039, -1.414427381572440109E-16 ) ) ;
#460 = CARTESIAN_POINT ( 'NONE',  ( -5.711678804347130267, 0.5960859470857140519, 0.08504003498265369498 ) ) ;
#461 = CARTESIAN_POINT ( 'NONE',  ( 6.228982215558739988, -0.5105102698070109746, 0.1000000000000999950 ) ) ;
#462 = CARTESIAN_POINT ( 'NONE',  ( -5.071816391128919577, -0.1889616956819319959, 0.09999999998770089937 ) ) ;
#463 = CARTESIAN_POINT ( 'NONE',  ( 5.239732479482561267, 0.3740642166730109852, 0.09999999999425542019 ) ) ;
#464 = CARTESIAN_POINT ( 'NONE',  ( -6.345819140479379783, -0.1459536405944240056, 0.09999999999999920064 ) ) ;
#465 = CARTESIAN_POINT ( 'NONE',  ( 2.199999969536730049, 0.0000000000000000000, 0.3996339179078399750 ) ) ;
#466 = CARTESIAN_POINT ( 'NONE',  ( -5.938877072330189577, -0.5957456569946210090, 0.2000000000000008993 ) ) ;
#467 = CARTESIAN_POINT ( 'NONE',  ( 5.016963407929459606, -0.1021805313999780002, 0.08504003498103640535 ) ) ;
#468 = FACE_OUTER_BOUND ( 'NONE', #1139, .T. ) ;
#469 = CARTESIAN_POINT ( 'NONE',  ( -5.112130260764129908, -0.2397911835506799927, 0.07756005246373999518 ) ) ;
#470 = ORIENTED_EDGE ( 'NONE', *, *, #79, .F. ) ;
#471 = CARTESIAN_POINT ( 'NONE',  ( 3.481874671466670179, -0.7257874573880770397, 2.025787487851350654 ) ) ;
#472 = CARTESIAN_POINT ( 'NONE',  ( -5.104587906978199641, -0.05031716002133680005, 1.003043667765160043E-16 ) ) ;
#473 = CARTESIAN_POINT ( 'NONE',  ( -5.136339388031670339, 0.1456802013681030017, -1.213615742878370097E-16 ) ) ;
#474 = CARTESIAN_POINT ( 'NONE',  ( -2.561655826735730113, 0.0000000000000000000, 2.166752542895479916 ) ) ;
#475 = CARTESIAN_POINT ( 'NONE',  ( 2.312275712915440096, -0.8969320013308089701, 0.4030680291324649778 ) ) ;
#476 = CARTESIAN_POINT ( 'NONE',  ( -6.107600309797909688, 0.5756272280106610184, 0.1999999999999987621 ) ) ;
#477 = CARTESIAN_POINT ( 'NONE',  ( -6.126757070586619669, -0.5705552780508300614, 0.07756005247421350612 ) ) ;
#478 = CARTESIAN_POINT ( 'NONE',  ( 6.256162751552410306, -0.4695502945003580120, 0.08504003498300299890 ) ) ;
#479 = CARTESIAN_POINT ( 'NONE',  ( -5.674987218933959632, 0.0000000000000000000, 0.2000000000000000111 ) ) ;
#480 = CARTESIAN_POINT ( 'NONE',  ( -6.135480670831809924, 0.5261125869006270106, 0.01308868717844599919 ) ) ;
#481 = CARTESIAN_POINT ( 'NONE',  ( -5.000000029057259709, 2.755455298081540772E-17, 0.1999999999999999833 ) ) ;
#482 = CARTESIAN_POINT ( 'NONE',  ( -3.284326568066441077, 0.8607250946741169528, 0.4392749357891569950 ) ) ;
#483 = CARTESIAN_POINT ( 'NONE',  ( -5.118449343556119580, -0.1341895245287610394, 6.891658526554639957E-17 ) ) ;
#484 = CARTESIAN_POINT ( 'NONE',  ( 6.166607548120949467, 0.4246556212888895065, -5.695797769810857372E-16 ) ) ;
#485 = CARTESIAN_POINT ( 'NONE',  ( 5.474436616580961257, -0.4456518395805599830, -1.735906197929290052E-16 ) ) ;
#486 = VECTOR ( 'NONE', #5310, 1000.000000000000000 ) ;
#487 = CARTESIAN_POINT ( 'NONE',  ( -3.456526291164410125, 0.0000000000000000000, 0.5318854181080340249 ) ) ;
#488 = CARTESIAN_POINT ( 'NONE',  ( -5.190802839516660327, 0.3269060040435989856, 0.08504003498022159879 ) ) ;
#489 = CARTESIAN_POINT ( 'NONE',  ( 6.263886745226850294, -0.4551746258560140368, 0.1000000000000939998 ) ) ;
#490 = CARTESIAN_POINT ( 'NONE',  ( -5.012911511916099627, -0.09371904835071391549, 0.09999999999620619306 ) ) ;
#491 = CARTESIAN_POINT ( 'NONE',  ( 5.503987370455839745, 0.5444512755025799899, 0.09999999999813009854 ) ) ;
#492 = CARTESIAN_POINT ( 'NONE',  ( -3.235639616665009655, -3.802839529134626064E-15, 0.4353308641931740719 ) ) ;
#493 = AXIS2_PLACEMENT_3D ( 'NONE', #479, #1034, #1056 ) ;
#494 = CARTESIAN_POINT ( 'NONE',  ( -4.999974409514909901, -0.007290673741145800232, 0.2000000000000008993 ) ) ;
#495 = CARTESIAN_POINT ( 'NONE',  ( 5.080004822833870115, -0.1883900144166960056, 0.05516503351820299661 ) ) ;
#496 = CARTESIAN_POINT ( 'NONE',  ( -6.275885315690699962, 0.4302580762770459866, 0.1000000000000900030 ) ) ;
#497 = ORIENTED_EDGE ( 'NONE', *, *, #4806, .T. ) ;
#498 = CARTESIAN_POINT ( 'NONE',  ( 3.499999995479639914, 0.6406317572097729451, 0.6593682732535010027 ) ) ;
#499 = CARTESIAN_POINT ( 'NONE',  ( -5.100340900595650595, -0.01828521081694869932, 1.038057443662119975E-16 ) ) ;
#500 = CARTESIAN_POINT ( 'NONE',  ( -6.167907986705830403, 0.4627438831274149900, -8.195009352789450950E-16 ) ) ;
#501 = CARTESIAN_POINT ( 'NONE',  ( -2.385652428381600298, -0.8904619225971831531, 2.190461953060459876 ) ) ;
#502 = CARTESIAN_POINT ( 'NONE',  ( 5.180810212701040030, 0.2902144627939610144, 0.02507684311886999862 ) ) ;
#503 = CARTESIAN_POINT ( 'NONE',  ( 5.024698807116640076, 0.1207599828996299973, 0.09999999999999939493 ) ) ;
#504 = CARTESIAN_POINT ( 'NONE',  ( -5.850173067712449715, -0.6008501200056599600, 0.07756005247381769774 ) ) ;
#505 = CARTESIAN_POINT ( 'NONE',  ( 6.350000023411399575, -0.02173408720314199891, 0.08504003498290499397 ) ) ;
#506 = CARTESIAN_POINT ( 'NONE',  ( 6.107600309797909688, -0.5756272280106610184, 0.1999999999999987621 ) ) ;
#507 = CARTESIAN_POINT ( 'NONE',  ( -6.271824430787219740, 0.06415662166739910521, -1.137512291533659985E-15 ) ) ;
#508 = APPLICATION_CONTEXT ( 'automotive_design' ) ;
#509 = CARTESIAN_POINT ( 'NONE',  ( 4.724999999999999645, -2.755455298081544470E-17, 0.7999999709427350059 ) ) ;
#510 = CARTESIAN_POINT ( 'NONE',  ( 5.102346974644620836, 0.03936339460860757700, 7.419301350510463101E-17 ) ) ;
#511 = CARTESIAN_POINT ( 'NONE',  ( 6.200884506112860350, -0.4076967645034380028, -6.355394407439259791E-16 ) ) ;
#512 = CARTESIAN_POINT ( 'NONE',  ( -3.333637229839510052, -0.8503901119784420537, 1.300000030463270173 ) ) ;
#513 = CARTESIAN_POINT ( 'NONE',  ( -6.222232022634940130, 0.5079669242985840327, 0.05516503352022669726 ) ) ;
#514 = CARTESIAN_POINT ( 'NONE',  ( 5.347837077290600760, -0.4600946371921539879, 0.09999999999869929601 ) ) ;
#515 = CARTESIAN_POINT ( 'NONE',  ( -5.060139547242280322, -0.1731784102289760097, 0.09999999998755780550 ) ) ;
#516 = CARTESIAN_POINT ( 'NONE',  ( 6.170871400283622243, -0.4170558862804606415, -5.721589874426908304E-16 ) ) ;
#517 = CARTESIAN_POINT ( 'NONE',  ( -2.722375865889810065, 0.0000000000000000000, 0.4528537108418029811 ) ) ;
#518 = CARTESIAN_POINT ( 'NONE',  ( -4.724999999999999645, 0.0000000000000000000, 1.524999999999999023 ) ) ;
#519 = CARTESIAN_POINT ( 'NONE',  ( 5.066864909482560186, -0.1707391457626709907, 0.05516503351816629680 ) ) ;
#520 = CARTESIAN_POINT ( 'NONE',  ( 3.498961390185070464, -0.6600389711792969960, 1.960039001642570167 ) ) ;
#521 = CARTESIAN_POINT ( 'NONE',  ( -5.781774221511960299, -0.6009055440956270200, 0.09999999999928850525 ) ) ;
#522 = CARTESIAN_POINT ( 'NONE',  ( 5.069681707232850165, 0.1861149830487760226, 0.07756005246203269421 ) ) ;
#523 = ORIENTED_EDGE ( 'NONE', *, *, #963, .F. ) ;
#524 = CARTESIAN_POINT ( 'NONE',  ( 3.422270755428200140, -0.8041145948577490543, 2.104114625321020338 ) ) ;
#525 = CARTESIAN_POINT ( 'NONE',  ( -6.121001335508900354, -0.4995230093106100000, -7.345584531233990375E-16 ) ) ;
#526 = CARTESIAN_POINT ( 'NONE',  ( -5.866370067058573667, 0.5005923016118271063, -5.303784385896481818E-16 ) ) ;
#527 = CARTESIAN_POINT ( 'NONE',  ( -5.078954837428280911, 0.03360926116796320029, -2.956184883523569956E-16 ) ) ;
#528 = CARTESIAN_POINT ( 'NONE',  ( 5.147603042823010178, 0.2532680076425919968, 0.02507684311844449870 ) ) ;
#529 = CARTESIAN_POINT ( 'NONE',  ( 2.561655826735730113, -0.8667525124322019714, 1.300000030463270173 ) ) ;
#530 = CARTESIAN_POINT ( 'NONE',  ( -5.655253982674430802, 0.5895555966763510458, 0.1999999999999987621 ) ) ;
#531 = CARTESIAN_POINT ( 'NONE',  ( -5.571669617665360619, -0.5681346885902990307, 0.07756005247285820137 ) ) ;
#532 = CARTESIAN_POINT ( 'NONE',  ( 5.016963407929459606, -0.1021805313999780002, 0.09999999999813059814 ) ) ;
#533 = DIRECTION ( 'NONE',  ( 1.000000000000000000, 0.0000000000000000000, 0.0000000000000000000 ) ) ;
#534 = CARTESIAN_POINT ( 'NONE',  ( -5.092765225565820231, 0.1494805546583060085, 0.01308868717700699923 ) ) ;
#535 = CYLINDRICAL_SURFACE ( 'NONE', #741, 0.2250000000000003664 ) ;
#536 = CARTESIAN_POINT ( 'NONE',  ( -3.494287647928739915, 0.6887312085821259977, 0.6112688218811480612 ) ) ;
#537 = EDGE_CURVE ( 'NONE', #5042, #1537, #852, .T. ) ;
#538 = CARTESIAN_POINT ( 'NONE',  ( 6.096832745676110221, -0.4979451601832309837, -5.213507090178830150E-16 ) ) ;
#539 = CARTESIAN_POINT ( 'NONE',  ( -3.422270755428200140, 0.8041145948577490543, 2.104114625321020338 ) ) ;
#540 = CARTESIAN_POINT ( 'NONE',  ( -6.145913715294430091, 0.5578993663303000172, 0.05516503352022120166 ) ) ;
#541 = CARTESIAN_POINT ( 'NONE',  ( 5.190802839516660327, -0.3269060040435989856, 0.09999999999731601363 ) ) ;
#542 = CARTESIAN_POINT ( 'NONE',  ( -5.060285761585300079, -0.1733798782390169879, 0.09999999998755780550 ) ) ;
#543 = CARTESIAN_POINT ( 'NONE',  ( -2.794526764258590479, 0.0000000000000000000, 0.4573344334208550022 ) ) ;
#544 = CARTESIAN_POINT ( 'NONE',  ( -5.000000029057263262, 0.4500000000000001221, 0.7999999709427360051 ) ) ;
#545 = CARTESIAN_POINT ( 'NONE',  ( -6.323615281261189658, -0.2862428628047969936, 0.09999999999994739486 ) ) ;
#546 = CARTESIAN_POINT ( 'NONE',  ( 5.092529253286990354, 0.2156683561325490051, 0.07756005246300722022 ) ) ;
#547 = VERTEX_POINT ( 'NONE', #3807 ) ;
#548 =( BOUNDED_SURFACE ( )  B_SPLINE_SURFACE ( 5, 2, ( 
 ( #4527, #1296, #100, #126, #1692, #3275, #3329, #4932, #2933 ),
 ( #906, #4964, #1744, #1241, #4134, #17, #2875, #2042, #2983 ),
 ( #3687, #4635, #957, #4582, #2481, #1639, #5020, #2958, #1664 ),
 ( #3775, #423, #851, #2155, #932, #3746, #4554, #1718, #2562 ),
 ( #2537, #450, #4215, #1271, #2070, #4187, #3717, #501, #3356 ),
 ( #1323, #3304, #2904, #45, #2587, #2508, #3800, #4162, #3379 ),
 ( #474, #2098, #3901, #4706, #5172, #1394, #4343, #552, #4293 ),
 ( #2232, #1029, #1076, #3007, #1794, #2179, #3929, #1441, #1467 ),
 ( #2258, #2661, #3431, #3506, #4681, #3455, #4660, #984, #1769 ),
 ( #3085, #3479, #5095, #3877, #3407, #4734, #5146, #3825, #4270 ),
 ( #3110, #198, #1051, #603, #4764, #2612, #4314, #1871, #2208 ),
 ( #4241, #1815, #1844, #151, #5073, #1368, #2687, #252, #579 ),
 ( #3033, #1007, #2638, #5123, #222, #654, #1418, #2287, #3059 ),
 ( #627, #2370, #281, #4017, #1901, #340, #2769, #3195, #1930 ),
 ( #3535, #1109, #2318, #1498, #680, #3655, #4975, #3956, #2011 ),
 ( #5257, #4796, #3139, #1988, #5286, #3985, #3628, #4454, #2716 ),
 ( #792, #1582, #737, #1530, #4047, #3223, #2742, #3599, #4400 ),
 ( #3567, #707, #1559, #2344, #1163, #369, #311, #2791, #5232 ),
 ( #3166, #4822, #1132, #4870, #4427, #1189, #766, #5315, #4847 ),
 ( #2396, #1607, #2820, #2424, #4068, #392, #3314, #4621, #3392 ),
 ( #85, #4198, #2917, #994, #3840, #3862, #2968, #4647, #2994 ),
 ( #3341, #5029, #111, #943, #970, #4253, #512, #3784, #891 ),
 ( #1728, #163, #1781, #186, #2521, #2218, #2574, #3419, #4227 ),
 ( #3019, #539, #2625, #5082, #1380, #1803, #4281, #588, #3443 ),
 ( #1284, #2114, #4568, #4173, #487, #3759, #1703, #5002, #1309 ),
 ( #2944, #4594, #3547, #3490, #3149, #3466, #1428, #1856, #1451 ),
 ( #3122, #236, #5157, #1015, #3072, #1827, #5214, #3097, #1480 ),
 ( #2648, #3045, #719, #1945, #4692, #4410, #2354, #2299, #5133 ),
 ( #4381, #2328, #2674, #692, #4778, #5108, #2246, #1512, #3967 ),
 ( #3912, #1091, #293, #4302, #664, #613, #1912, #4328, #3887 ) ),
 .UNSPECIFIED., .F., .T., .F. ) 
 B_SPLINE_SURFACE_WITH_KNOTS ( ( 6, 1, 1, 1, 1, 1, 1, 1, 1, 1, 1, 1, 1, 1, 1, 1, 1, 1, 1, 1, 1, 1, 1, 1, 1, 6 ),
 ( 3, 2, 2, 2, 3 ),
 ( 0.0000000000000000000, 0.04000000000000000083, 0.08000000000000000167, 0.1199999999999999956, 0.1600000000000000033, 0.2000000000000000111, 0.2399999999999999911, 0.2800000000000000266, 0.3200000000000000067, 0.3599999999999999867, 0.4000000000000000222, 0.4400000000000000022, 0.4799999999999999822, 0.5200000000000000178, 0.5600000000000000533, 0.5999999999999999778, 0.6400000000000000133, 0.6800000000000000488, 0.7199999999999999734, 0.7600000000000000089, 0.8000000000000000444, 0.8399999999999999689, 0.8800000000000000044, 0.9200000000000000400, 0.9599999999999999645, 1.000000000000000000 ),
 ( 0.0000000000000000000, 1.570796326794900111, 3.141592653589790007, 4.712388980384689674, 6.283185307179589785 ),
 .UNSPECIFIED. ) 
 GEOMETRIC_REPRESENTATION_ITEM ( )  RATIONAL_B_SPLINE_SURFACE ( (
 ( 1.000000000000000000, 0.7071067811865480168, 1.000000000000000000, 0.7071067811865480168, 1.000000000000000000, 0.7071067811865480168, 1.000000000000000000, 0.7071067811865480168, 1.000000000000000000),
 ( 1.000000000000000000, 0.7071067811865480168, 1.000000000000000000, 0.7071067811865480168, 1.000000000000000000, 0.7071067811865480168, 1.000000000000000000, 0.7071067811865480168, 1.000000000000000000),
 ( 1.000000000000000000, 0.7071067811865480168, 1.000000000000000000, 0.7071067811865480168, 1.000000000000000000, 0.7071067811865480168, 1.000000000000000000, 0.7071067811865480168, 1.000000000000000000),
 ( 1.000000000000000000, 0.7071067811865480168, 1.000000000000000000, 0.7071067811865480168, 1.000000000000000000, 0.7071067811865480168, 1.000000000000000000, 0.7071067811865480168, 1.000000000000000000),
 ( 1.000000000000000000, 0.7071067811865480168, 1.000000000000000000, 0.7071067811865480168, 1.000000000000000000, 0.7071067811865480168, 1.000000000000000000, 0.7071067811865480168, 1.000000000000000000),
 ( 1.000000000000000000, 0.7071067811865480168, 1.000000000000000000, 0.7071067811865480168, 1.000000000000000000, 0.7071067811865480168, 1.000000000000000000, 0.7071067811865480168, 1.000000000000000000),
 ( 1.000000000000000000, 0.7071067811865480168, 1.000000000000000000, 0.7071067811865480168, 1.000000000000000000, 0.7071067811865480168, 1.000000000000000000, 0.7071067811865480168, 1.000000000000000000),
 ( 1.000000000000000000, 0.7071067811865480168, 1.000000000000000000, 0.7071067811865480168, 1.000000000000000000, 0.7071067811865480168, 1.000000000000000000, 0.7071067811865480168, 1.000000000000000000),
 ( 1.000000000000000000, 0.7071067811865480168, 1.000000000000000000, 0.7071067811865480168, 1.000000000000000000, 0.7071067811865480168, 1.000000000000000000, 0.7071067811865480168, 1.000000000000000000),
 ( 1.000000000000000000, 0.7071067811865480168, 1.000000000000000000, 0.7071067811865480168, 1.000000000000000000, 0.7071067811865480168, 1.000000000000000000, 0.7071067811865480168, 1.000000000000000000),
 ( 1.000000000000000000, 0.7071067811865480168, 1.000000000000000000, 0.7071067811865480168, 1.000000000000000000, 0.7071067811865480168, 1.000000000000000000, 0.7071067811865480168, 1.000000000000000000),
 ( 1.000000000000000000, 0.7071067811865480168, 1.000000000000000000, 0.7071067811865480168, 1.000000000000000000, 0.7071067811865480168, 1.000000000000000000, 0.7071067811865480168, 1.000000000000000000),
 ( 1.000000000000000000, 0.7071067811865480168, 1.000000000000000000, 0.7071067811865480168, 1.000000000000000000, 0.7071067811865480168, 1.000000000000000000, 0.7071067811865480168, 1.000000000000000000),
 ( 1.000000000000000000, 0.7071067811865480168, 1.000000000000000000, 0.7071067811865480168, 1.000000000000000000, 0.7071067811865480168, 1.000000000000000000, 0.7071067811865480168, 1.000000000000000000),
 ( 1.000000000000000000, 0.7071067811865480168, 1.000000000000000000, 0.7071067811865480168, 1.000000000000000000, 0.7071067811865480168, 1.000000000000000000, 0.7071067811865480168, 1.000000000000000000),
 ( 1.000000000000000000, 0.7071067811865480168, 1.000000000000000000, 0.7071067811865480168, 1.000000000000000000, 0.7071067811865480168, 1.000000000000000000, 0.7071067811865480168, 1.000000000000000000),
 ( 1.000000000000000000, 0.7071067811865480168, 1.000000000000000000, 0.7071067811865480168, 1.000000000000000000, 0.7071067811865480168, 1.000000000000000000, 0.7071067811865480168, 1.000000000000000000),
 ( 1.000000000000000000, 0.7071067811865480168, 1.000000000000000000, 0.7071067811865480168, 1.000000000000000000, 0.7071067811865480168, 1.000000000000000000, 0.7071067811865480168, 1.000000000000000000),
 ( 1.000000000000000000, 0.7071067811865480168, 1.000000000000000000, 0.7071067811865480168, 1.000000000000000000, 0.7071067811865480168, 1.000000000000000000, 0.7071067811865480168, 1.000000000000000000),
 ( 1.000000000000000000, 0.7071067811865480168, 1.000000000000000000, 0.7071067811865480168, 1.000000000000000000, 0.7071067811865480168, 1.000000000000000000, 0.7071067811865480168, 1.000000000000000000),
 ( 1.000000000000000000, 0.7071067811865480168, 1.000000000000000000, 0.7071067811865480168, 1.000000000000000000, 0.7071067811865480168, 1.000000000000000000, 0.7071067811865480168, 1.000000000000000000),
 ( 1.000000000000000000, 0.7071067811865480168, 1.000000000000000000, 0.7071067811865480168, 1.000000000000000000, 0.7071067811865480168, 1.000000000000000000, 0.7071067811865480168, 1.000000000000000000),
 ( 1.000000000000000000, 0.7071067811865480168, 1.000000000000000000, 0.7071067811865480168, 1.000000000000000000, 0.7071067811865480168, 1.000000000000000000, 0.7071067811865480168, 1.000000000000000000),
 ( 1.000000000000000000, 0.7071067811865480168, 1.000000000000000000, 0.7071067811865480168, 1.000000000000000000, 0.7071067811865480168, 1.000000000000000000, 0.7071067811865480168, 1.000000000000000000),
 ( 1.000000000000000000, 0.7071067811865480168, 1.000000000000000000, 0.7071067811865480168, 1.000000000000000000, 0.7071067811865480168, 1.000000000000000000, 0.7071067811865480168, 1.000000000000000000),
 ( 1.000000000000000000, 0.7071067811865480168, 1.000000000000000000, 0.7071067811865480168, 1.000000000000000000, 0.7071067811865480168, 1.000000000000000000, 0.7071067811865480168, 1.000000000000000000),
 ( 1.000000000000000000, 0.7071067811865480168, 1.000000000000000000, 0.7071067811865480168, 1.000000000000000000, 0.7071067811865480168, 1.000000000000000000, 0.7071067811865480168, 1.000000000000000000),
 ( 1.000000000000000000, 0.7071067811865480168, 1.000000000000000000, 0.7071067811865480168, 1.000000000000000000, 0.7071067811865480168, 1.000000000000000000, 0.7071067811865480168, 1.000000000000000000),
 ( 1.000000000000000000, 0.7071067811865480168, 1.000000000000000000, 0.7071067811865480168, 1.000000000000000000, 0.7071067811865480168, 1.000000000000000000, 0.7071067811865480168, 1.000000000000000000),
 ( 1.000000000000000000, 0.7071067811865480168, 1.000000000000000000, 0.7071067811865480168, 1.000000000000000000, 0.7071067811865480168, 1.000000000000000000, 0.7071067811865480168, 1.000000000000000000) ) ) 
 REPRESENTATION_ITEM ( '' )  SURFACE ( )  );
#549 = CARTESIAN_POINT ( 'NONE',  ( -5.142613855881360330, -0.1165464321985200113, 6.891658526554639957E-17 ) ) ;
#550 = CARTESIAN_POINT ( 'NONE',  ( -5.680468774040360991, 0.4941120328833425446, -3.766480931091280347E-16 ) ) ;
#551 = CARTESIAN_POINT ( 'NONE',  ( -5.077555863110929657, 0.004044914811177650373, -3.599530214300989759E-16 ) ) ;
#552 = CARTESIAN_POINT ( 'NONE',  ( -2.561655826735730113, -0.8667525124322019714, 2.166752542895479472 ) ) ;
#553 = CARTESIAN_POINT ( 'NONE',  ( 2.722375865889810065, 0.8471463196214711333, 0.4528537108418029811 ) ) ;
#554 = CARTESIAN_POINT ( 'NONE',  ( 5.012385225038310743, 0.09377143883761661358, 0.09999999999999939493 ) ) ;
#555 = CARTESIAN_POINT ( 'NONE',  ( -6.074475007666480408, -0.5809532561304180387, 0.07756005247419109350 ) ) ;
#556 = CARTESIAN_POINT ( 'NONE',  ( 5.265371907128339579, -0.3966371584922600002, 0.08504003498111850634 ) ) ;
#557 = CARTESIAN_POINT ( 'NONE',  ( 5.410603633123799661, -0.5023060787889991330, 0.1999999999999987621 ) ) ;
#558 = CARTESIAN_POINT ( 'NONE',  ( -5.044768618446240360, 0.05807608465007309956, 0.01308868717797989981 ) ) ;
#559 = CARTESIAN_POINT ( 'NONE',  ( 5.218660565886629854, 0.2547709505479410219, -1.074548140181269961E-17 ) ) ;
#560 = LINE ( 'NONE', #5057, #2276 ) ;
#561 = CARTESIAN_POINT ( 'NONE',  ( -5.225000029057260242, 0.0000000000000000000, 0.7999999709427361161 ) ) ;
#562 = CARTESIAN_POINT ( 'NONE',  ( -5.075439384976730750, -0.05732449812075020301, 1.003043667765160043E-16 ) ) ;
#563 = CARTESIAN_POINT ( 'NONE',  ( 6.182701422477889786, -0.4416107217578020272, -6.410628990900240754E-16 ) ) ;
#564 = CARTESIAN_POINT ( 'NONE',  ( 5.061330850321030361, -0.1747362620311020132, 0.09999999999599830380 ) ) ;
#565 = CARTESIAN_POINT ( 'NONE',  ( -5.063715722340240255, -0.1780761082618990132, 0.09999999998759910580 ) ) ;
#566 = EDGE_CURVE ( 'NONE', #4395, #419, #1409, .T. ) ;
#567 = CARTESIAN_POINT ( 'NONE',  ( 5.494938181979860836, -0.5433329124702379609, 0.1000000000000000333 ) ) ;
#568 = CARTESIAN_POINT ( 'NONE',  ( -2.794526764258590479, -0.8426655970424190567, 1.300000030463270173 ) ) ;
#569 = CARTESIAN_POINT ( 'NONE',  ( -6.349999999999999645, 0.0000000000000000000, 0.0000000000000000000 ) ) ;
#570 = CARTESIAN_POINT ( 'NONE',  ( 5.351705467759649615, -0.4544639479793520231, 0.05516503351952310036 ) ) ;
#571 = PRESENTATION_LAYER_ASSIGNMENT (  '', '', ( #2017 ) ) ;
#572 = CARTESIAN_POINT ( 'NONE',  ( -5.746870166009830250, -0.5991851006367510113, 0.09999999999918780802 ) ) ;
#573 = CARTESIAN_POINT ( 'NONE',  ( 5.167495148856939835, 0.3026798618759050652, 0.07756005246594040170 ) ) ;
#574 = ORIENTED_EDGE ( 'NONE', *, *, #1795, .T. ) ;
#575 = CARTESIAN_POINT ( 'NONE',  ( 5.726241842797760384, 0.5985893008589749931, 0.2000000000000008993 ) ) ;
#576 = CARTESIAN_POINT ( 'NONE',  ( -5.361289100185319789, -0.3834331032465009836, -1.268844425527170023E-16 ) ) ;
#577 = CARTESIAN_POINT ( 'NONE',  ( -5.136608191708085691, 0.1082511509137281530, 7.309528337716051576E-17 ) ) ;
#578 = CARTESIAN_POINT ( 'NONE',  ( -5.126405861753159598, 0.1323919318503319897, -1.145667588574009942E-16 ) ) ;
#579 = CARTESIAN_POINT ( 'NONE',  ( -2.917476980842439893, 0.0000000000000000000, 2.143692358351500182 ) ) ;
#580 = CARTESIAN_POINT ( 'NONE',  ( 5.105936583677539886, 0.2032261012794049915, 0.02507684311798780152 ) ) ;
#581 = CARTESIAN_POINT ( 'NONE',  ( 2.967264452589999824, 0.0000000000000000000, 0.4529163876579629933 ) ) ;
#582 = CARTESIAN_POINT ( 'NONE',  ( -5.004801479821759713, 0.06614013873328339344, 0.1999999999999987621 ) ) ;
#583 = CARTESIAN_POINT ( 'NONE',  ( 2.199999969434429659, 0.0000000000000000000, 1.300000030463270173 ) ) ;
#584 = CARTESIAN_POINT ( 'NONE',  ( -5.093134693357050047, 0.1499893100068939999, 0.01308868717700690035 ) ) ;
#585 = CARTESIAN_POINT ( 'NONE',  ( -3.494287647928739915, -0.6887312085821259977, 1.988731239045400390 ) ) ;
#586 = CARTESIAN_POINT ( 'NONE',  ( -6.316060682004130733, -0.2295168154229600133, 0.02507684312138519847 ) ) ;
#587 = CARTESIAN_POINT ( 'NONE',  ( 6.168829999515449636, -0.4209013446986419882, -6.386602260190540350E-16 ) ) ;
#588 = CARTESIAN_POINT ( 'NONE',  ( -3.422270755428200140, -0.8041145948577490543, 2.104114625321020338 ) ) ;
#589 = CARTESIAN_POINT ( 'NONE',  ( -6.274601296359721303, 0.4164503673874300205, 0.05516503352022120166 ) ) ;
#590 = DIRECTION ( 'NONE',  ( 0.0000000000000000000, 0.0000000000000000000, 1.000000000000000000 ) ) ;
#591 = CARTESIAN_POINT ( 'NONE',  ( -5.044608523403979916, -0.1523449825903359922, 0.09999999999999920064 ) ) ;
#592 = CARTESIAN_POINT ( 'NONE',  ( -3.009674527917810316, 0.0000000000000000000, 0.4491884234288340272 ) ) ;
#593 = CARTESIAN_POINT ( 'NONE',  ( -5.450000029057262552, -0.4500000000000000111, 0.7999999709427360051 ) ) ;
#594 = CARTESIAN_POINT ( 'NONE',  ( 5.018035335637140548, -0.08691012248506170546, 0.05516503351926219795 ) ) ;
#595 = CARTESIAN_POINT ( 'NONE',  ( -6.156781515351379852, 0.5613600095017999836, 0.1000000000000890038 ) ) ;
#596 = CARTESIAN_POINT ( 'NONE',  ( -5.377279509026039683, -0.4794636745473330186, 0.09999999999682360197 ) ) ;
#597 = CARTESIAN_POINT ( 'NONE',  ( 5.100192935273279993, 0.2252093438807450110, 0.07756005246310060386 ) ) ;
#598 = ORIENTED_EDGE ( 'NONE', *, *, #4379, .F. ) ;
#599 = CARTESIAN_POINT ( 'NONE',  ( 5.893733830988099776, 0.5990531213409430178, 0.2000000000000008993 ) ) ;
#600 = CARTESIAN_POINT ( 'NONE',  ( -6.119000596450520746, 0.4686205664476389976, -7.352074292930760443E-16 ) ) ;
#601 = CARTESIAN_POINT ( 'NONE',  ( 6.243669523396249588, 0.4921029752861800777, 0.2000000000000000111 ) ) ;
#602 = ADVANCED_FACE ( 'NONE', ( #4223 ), #535, .T. ) ;
#603 = CARTESIAN_POINT ( 'NONE',  ( -2.859815149085939812, 0.8418128730077889532, 0.4581871574554849391 ) ) ;
#604 = CARTESIAN_POINT ( 'NONE',  ( 5.083436776909380228, 0.1740562798740599992, 0.02507684311769540347 ) ) ;
#605 = CARTESIAN_POINT ( 'NONE',  ( 2.859815149085939812, -0.8418128730077889532, 1.300000030463270173 ) ) ;
#606 = CARTESIAN_POINT ( 'NONE',  ( -5.940248929650640441, -0.4951789150192810185, -5.916910149482991124E-16 ) ) ;
#607 = CARTESIAN_POINT ( 'NONE',  ( 5.107389719770154990, 0.05963348319619390242, 7.114264954153765787E-17 ) ) ;
#608 = CARTESIAN_POINT ( 'NONE',  ( -2.644399860962149962, 0.0000000000000000000, 2.155481649322450011 ) ) ;
#609 = CARTESIAN_POINT ( 'NONE',  ( 3.284326568066441077, -0.8607250946741169528, 0.4392749357891569950 ) ) ;
#610 = CARTESIAN_POINT ( 'NONE',  ( 5.123964441185309582, 0.1416684532854619871, 4.501947087391400131E-17 ) ) ;
#611 = CARTESIAN_POINT ( 'NONE',  ( 5.806842804565588878, -0.5012267060871479218, -3.519575530170272773E-16 ) ) ;
#612 = CARTESIAN_POINT ( 'NONE',  ( 5.180316525110471026, -0.3182787896309660081, 0.0000000000000000000 ) ) ;
#613 = CARTESIAN_POINT ( 'NONE',  ( -3.500000000000000000, -0.6308584043937628394, 0.6691416260695111085 ) ) ;
#614 = CARTESIAN_POINT ( 'NONE',  ( -5.000086222721890294, 0.01117913285724519978, 0.08504003498283159435 ) ) ;
#615 = CARTESIAN_POINT ( 'NONE',  ( -2.256433125465449940, -0.8995863759936900683, 1.300000030463270173 ) ) ;
#616 = FACE_OUTER_BOUND ( 'NONE', #3740, .T. ) ;
#617 = CARTESIAN_POINT ( 'NONE',  ( -2.859815149085939812, -0.8418128730077889532, 0.4581871574554849391 ) ) ;
#618 = CARTESIAN_POINT ( 'NONE',  ( -5.000000029057262374, 2.755455298081544778E-17, 0.9610912583114851193 ) ) ;
#619 = CARTESIAN_POINT ( 'NONE',  ( 6.041583615378450567, -0.5448821106423069605, 0.01308868717843070066 ) ) ;
#620 = CARTESIAN_POINT ( 'NONE',  ( -6.236071521687260422, 0.5012775156002110544, 0.1000000000000999950 ) ) ;
#621 = CARTESIAN_POINT ( 'NONE',  ( -5.090351156260649823, -0.2129260958719499941, 0.09999999998863709494 ) ) ;
#622 = CARTESIAN_POINT ( 'NONE',  ( 5.060817448666210083, 0.1741115543030050117, 0.07756005246191789715 ) ) ;
#623 = ORIENTED_EDGE ( 'NONE', *, *, #3976, .F. ) ;
#624 = CARTESIAN_POINT ( 'NONE',  ( 6.144552829628690205, 0.5666394410174280249, 0.2000000000000008993 ) ) ;
#625 = CARTESIAN_POINT ( 'NONE',  ( 6.215205673508389594, 0.3076344715545389907, -6.003514159681131028E-16 ) ) ;
#626 = CARTESIAN_POINT ( 'NONE',  ( -5.123313675579679760, 0.1281614454123470026, -1.126095867142130096E-16 ) ) ;
#627 = CARTESIAN_POINT ( 'NONE',  ( -3.009674527917810316, 0.0000000000000000000, 2.150811637497710205 ) ) ;
#628 = ADVANCED_FACE ( 'NONE', ( #4666 ), #1086, .T. ) ;
#629 = CARTESIAN_POINT ( 'NONE',  ( 3.046257705760219814, -0.8541536936186510109, 1.300000030463270173 ) ) ;
#630 = CARTESIAN_POINT ( 'NONE',  ( -6.151754564992979901, -0.4474593727215340211, -7.671411380027520692E-16 ) ) ;
#631 = CARTESIAN_POINT ( 'NONE',  ( 3.235639616665009655, -3.802839529134626064E-15, 0.4353308641931740719 ) ) ;
#632 = CARTESIAN_POINT ( 'NONE',  ( -3.499999995479639914, 0.0000000000000000000, 1.940631787673050113 ) ) ;
#633 = CARTESIAN_POINT ( 'NONE',  ( 3.456526291164410125, -0.7681146123552400340, 1.300000030463270173 ) ) ;
#634 = CARTESIAN_POINT ( 'NONE',  ( 6.209592887969146879, -0.3287340503331962482, -5.955816724508007186E-16 ) ) ;
#635 = CARTESIAN_POINT ( 'NONE',  ( 6.224514148947720038, -0.5179580399670840052, 0.0000000000000000000 ) ) ;
#636 = SURFACE_STYLE_USAGE ( .BOTH. , #5182 ) ;
#637 = CARTESIAN_POINT ( 'NONE',  ( -5.510814802379280231, -0.5275334031164780058, 0.02507684312083670319 ) ) ;
#638 = CARTESIAN_POINT ( 'NONE',  ( 5.129565830699520212, -0.1366659571315760047, -1.370451123783530097E-16 ) ) ;
#639 = CARTESIAN_POINT ( 'NONE',  ( 2.967264452589999824, 0.0000000000000000000, 0.4529163876579629933 ) ) ;
#640 = LINE ( 'NONE', #2271, #3390 ) ;
#641 = CARTESIAN_POINT ( 'NONE',  ( -5.065914510208320287, 0.1694326189163989915, 0.05516503351816560291 ) ) ;
#642 = CARTESIAN_POINT ( 'NONE',  ( -4.999999888241290158, 0.0000000000000000000, 0.0000000000000000000 ) ) ;
#643 = CARTESIAN_POINT ( 'NONE',  ( -3.113135215446409809, 0.0000000000000000000, 2.159814673860990020 ) ) ;
#644 = CARTESIAN_POINT ( 'NONE',  ( -5.726241842797760384, -0.5985893008589749931, 0.2000000000000000111 ) ) ;
#645 = CARTESIAN_POINT ( 'NONE',  ( 6.124777531755150051, -0.5293865131238419952, 0.01308868717844579969 ) ) ;
#646 = CARTESIAN_POINT ( 'NONE',  ( 2.256433125465449940, 0.0000000000000000000, 2.199586406456960130 ) ) ;
#647 = CARTESIAN_POINT ( 'NONE',  ( -5.471082007783450329, 0.5302496006701600262, 0.09999999999914679916 ) ) ;
#648 = CARTESIAN_POINT ( 'NONE',  ( 6.272351829803679557, 0.4385995219404080214, 0.09999999999989460375 ) ) ;
#649 = ORIENTED_EDGE ( 'NONE', *, *, #4120, .F. ) ;
#650 = CARTESIAN_POINT ( 'NONE',  ( 6.024851973780100067, 0.5875604833422150008, 0.2000000000000008993 ) ) ;
#651 = CARTESIAN_POINT ( 'NONE',  ( 6.239670714355960435, 0.1864076570577050118, -6.157855299845009635E-16 ) ) ;
#652 = CARTESIAN_POINT ( 'NONE',  ( -5.222965533573850294, 0.2151252729305979938, -1.529886552181130073E-16 ) ) ;
#653 = CARTESIAN_POINT ( 'NONE',  ( 5.377266882922089763, -0.4794244969882980323, 0.08504003498175169429 ) ) ;
#654 = CARTESIAN_POINT ( 'NONE',  ( -2.967264452590000268, -0.8470836428053101219, 0.4529163876579629933 ) ) ;
#655 = CARTESIAN_POINT ( 'NONE',  ( 2.859815149085939812, 0.8418128730077889532, 2.141812903471060014 ) ) ;
#656 = CARTESIAN_POINT ( 'NONE',  ( -6.249850372972979962, -0.03147822361989020129, -8.497951962706040615E-16 ) ) ;
#657 = CARTESIAN_POINT ( 'NONE',  ( 5.149695184300856710, 0.0000000000000000000, 1.524999999999997913 ) ) ;
#658 = CARTESIAN_POINT ( 'NONE',  ( 3.456526291164410125, 0.0000000000000000000, 2.068114642818509985 ) ) ;
#659 = CARTESIAN_POINT ( 'NONE',  ( 5.119488644765099572, 0.1356105780678550088, 4.762978790512199977E-17 ) ) ;
#660 = CARTESIAN_POINT ( 'NONE',  ( 5.893733830988099776, -0.5990531213409430178, 0.2000000000000000111 ) ) ;
#661 = B_SPLINE_SURFACE_WITH_KNOTS ( 'NONE', 5, 1, ( 
 ( #642, #4384 ),
 ( #239, #1947 ),
 ( #2249, #1859 ),
 ( #4751, #2755 ),
 ( #3890, #4413 ),
 ( #722, #328 ),
 ( #694, #1546 ),
 ( #3550, #2357 ),
 ( #5188, #296 ),
 ( #3523, #3469 ),
 ( #5136, #1483 ),
 ( #5160, #3585 ),
 ( #3493, #211 ),
 ( #3075, #3180 ),
 ( #4722, #5244 ),
 ( #3125, #1454 ),
 ( #5217, #3152 ),
 ( #1515, #3969 ),
 ( #1065, #4002 ),
 ( #4781, #2702 ),
 ( #4810, #4358 ),
 ( #1148, #5272 ),
 ( #4858, #54 ),
 ( #4912, #1223 ),
 ( #456, #2806 ),
 ( #1279, #1569 ),
 ( #2858, #1646 ),
 ( #4032, #1177 ),
 ( #4508, #3310 ),
 ( #4534, #752 ),
 ( #4971, #2438 ),
 ( #3208, #2490 ),
 ( #1252, #4486 ),
 ( #808, #1596 ),
 ( #2079, #355 ),
 ( #1200, #3236 ),
 ( #832, #3286 ),
 ( #3724, #4466 ),
 ( #382, #2464 ),
 ( #2383, #780 ) ),
 .UNSPECIFIED., .F., .F., .F.,
 ( 6, 1, 1, 1, 1, 1, 1, 1, 1, 1, 1, 1, 1, 1, 1, 1, 1, 1, 1, 1, 1, 1, 1, 1, 1, 1, 1, 1, 1, 1, 1, 1, 1, 1, 1, 6 ),
 ( 2, 2 ),
 ( -1.000000000000000000, -0.9714285714285719742, -0.9428571428571429491, -0.9142857142857140351, -0.8857142857142860093, -0.8571428571428569843, -0.8285714285714289584, -0.8000000000000000444, -0.7714285714285720186, -0.7428571428571429935, -0.7142857142857139685, -0.6857142857142860537, -0.6571428571428570287, -0.6285714285714290028, -0.5999999999999999778, -0.5714285714285719520, -0.5428571428571430380, -0.5142857142857140129, -0.4857142857142859871, -0.4571428571428570176, -0.4285714285714289917, -0.4000000000000000222, -0.3714285714285709972, -0.3428571428571430268, -0.3142857142857140018, -0.2857142857142859760, -0.2571428571428570065, -0.2285714285714290084, -0.2000000000000000111, -0.1714285714285710138, -0.1428571428571429880, -0.1142857142857140046, -0.08571428571428570120, -0.05714285714285709944, -0.02857142857142859829, 0.0000000000000000000 ),
 ( 0.0000000000000000000, 0.02000000000000000042 ),
 .UNSPECIFIED. ) ;
#662 = CARTESIAN_POINT ( 'NONE',  ( 6.250000022383980003, -0.02078032849269730031, -9.886397496889892938E-16 ) ) ;
#663 = EDGE_CURVE ( 'NONE', #2066, #2039, #3829, .T. ) ;
#664 = CARTESIAN_POINT ( 'NONE',  ( -3.500000000000000000, 0.0000000000000000000, 0.6691416260695111085 ) ) ;
#665 = CARTESIAN_POINT ( 'NONE',  ( -5.380905824433170004, 0.4736421672508069891, 0.05516503351959690937 ) ) ;
#666 = CARTESIAN_POINT ( 'NONE',  ( -2.475120692249380028, 0.0000000000000000000, 2.179144526536139992 ) ) ;
#667 = CARTESIAN_POINT ( 'NONE',  ( 5.938877072330189577, -0.5957456569946210090, 0.1000000000000000333 ) ) ;
#668 = CARTESIAN_POINT ( 'NONE',  ( -5.194136225563010356, -0.2276583999855530394, 7.562965009782620052E-18 ) ) ;
#669 = CARTESIAN_POINT ( 'NONE',  ( 6.084944182379819821, 0.5079991048738770054, -5.175502957774760101E-16 ) ) ;
#670 = CARTESIAN_POINT ( 'NONE',  ( -5.180316525110471026, -0.3182787896309660081, 0.0000000000000000000 ) ) ;
#671 = CARTESIAN_POINT ( 'NONE',  ( 6.185865956533080023, -0.4986366225401059338, 0.01308868717844889965 ) ) ;
#672 = CARTESIAN_POINT ( 'NONE',  ( -6.163834496138529850, 0.5587153004343790030, 0.08504003498299610164 ) ) ;
#673 = CARTESIAN_POINT ( 'NONE',  ( 5.000212412783009874, 0.02148594358049080166, 0.0000000000000000000 ) ) ;
#674 = CARTESIAN_POINT ( 'NONE',  ( -5.287507103013679988, -0.4149885943033089775, 0.09999999999574389620 ) ) ;
#675 = CARTESIAN_POINT ( 'NONE',  ( 6.338864022427070033, 0.1991424333276569925, 0.09999999999996370126 ) ) ;
#676 = EDGE_LOOP ( 'NONE', ( #4236, #3577, #1158, #3980 ) ) ;
#677 = CARTESIAN_POINT ( 'NONE',  ( -5.327753741663210363, 0.4490264278117330199, 0.1000000000000000333 ) ) ;
#678 = CARTESIAN_POINT ( 'NONE',  ( 5.209225351990660613, 0.1995175790392390014, 8.144777491916520149E-18 ) ) ;
#679 = CARTESIAN_POINT ( 'NONE',  ( -5.141322927914649732, 0.1147719372532230026, -1.138729882121379886E-16 ) ) ;
#680 = CARTESIAN_POINT ( 'NONE',  ( -3.046257705760219814, 0.0000000000000000000, 0.4458463368446229924 ) ) ;
#681 = CARTESIAN_POINT ( 'NONE',  ( 5.025036912380469900, 0.06966563010822519886, 0.02507684312075979943 ) ) ;
#682 = CARTESIAN_POINT ( 'NONE',  ( 3.380581965863680427, 0.8318110400136661253, 0.4681889904496080446 ) ) ;
#683 = CARTESIAN_POINT ( 'NONE',  ( -5.971726292263450198, -0.4923560321387700500, -6.178485351117869535E-16 ) ) ;
#684 = CARTESIAN_POINT ( 'NONE',  ( 4.724999999999999645, -2.755455298081544470E-17, 1.074999999999997957 ) ) ;
#685 = CARTESIAN_POINT ( 'NONE',  ( -2.561655826735730113, 0.0000000000000000000, 2.166752542895479916 ) ) ;
#686 = CARTESIAN_POINT ( 'NONE',  ( 3.494287647928739915, 0.6887312085821259977, 1.988731239045400390 ) ) ;
#687 = CARTESIAN_POINT ( 'NONE',  ( 6.094523067172699982, 0.5589731701158410226, 0.02507684312135090299 ) ) ;
#688 = CARTESIAN_POINT ( 'NONE',  ( 5.053299141313829956, 0.1637506877488880408, 0.09999999998800429557 ) ) ;
#689 = CARTESIAN_POINT ( 'NONE',  ( 6.281565084905249563, -0.4197854674473779912, 0.2000000000000000111 ) ) ;
#690 = CARTESIAN_POINT ( 'NONE',  ( -5.576875486354789579, -0.5506494703719929662, 0.02507684312094770121 ) ) ;
#691 = CARTESIAN_POINT ( 'NONE',  ( 6.180661833618040113, -0.3979665322367960112, -6.369134912394419764E-16 ) ) ;
#692 = CARTESIAN_POINT ( 'NONE',  ( -3.499999995479639914, 0.6406317572097729451, 0.6593682732535010027 ) ) ;
#693 = CARTESIAN_POINT ( 'NONE',  ( -5.117353283950190068, 0.2353184115736899895, 0.05516503351839650154 ) ) ;
#694 = CARTESIAN_POINT ( 'NONE',  ( -5.024698807116640076, 0.1207599828996299973, 0.0000000000000000000 ) ) ;
#695 = CARTESIAN_POINT ( 'NONE',  ( -5.348439064401410370, -0.3737141503544210153, -1.166071496608970031E-16 ) ) ;
#696 = CARTESIAN_POINT ( 'NONE',  ( -5.076590656699489834, -0.1964923183600499890, 0.0000000000000000000 ) ) ;
#697 = CARTESIAN_POINT ( 'NONE',  ( 6.289179685250680052, -0.2580867698384959885, 0.01308868717843230008 ) ) ;
#698 = CARTESIAN_POINT ( 'NONE',  ( -6.270732542298110168, 0.4413102661965990214, 0.08504003498299669839 ) ) ;
#699 = CARTESIAN_POINT ( 'NONE',  ( 5.249864402188619827, 0.3858697217414899794, 0.0000000000000000000 ) ) ;
#700 = CARTESIAN_POINT ( 'NONE',  ( -5.098434870269880292, -0.2230367914402849872, 0.09999999998873709828 ) ) ;
#701 = CARTESIAN_POINT ( 'NONE',  ( 5.981201720432710367, 0.5919183555421529963, 0.09999999999970750342 ) ) ;
#702 = ORIENTED_EDGE ( 'NONE', *, *, #2236, .F. ) ;
#703 = CARTESIAN_POINT ( 'NONE',  ( 6.250000000000060396, -3.590580931933599976E-08, -7.444389422566191707E-16 ) ) ;
#704 = CARTESIAN_POINT ( 'NONE',  ( 5.188984709436740062, 0.1757954007086860171, 2.036351715287170054E-17 ) ) ;
#705 = CARTESIAN_POINT ( 'NONE',  ( -5.199026351301631266, 0.1877174209332259924, -1.368531453952250287E-16 ) ) ;
#706 = CARTESIAN_POINT ( 'NONE',  ( 5.060094658267640710, -0.1730360660395160177, 0.08504003497890219587 ) ) ;
#707 = CARTESIAN_POINT ( 'NONE',  ( -3.149310191193159802, 0.8624262690867170456, 2.162426299549990105 ) ) ;
#708 = CARTESIAN_POINT ( 'NONE',  ( 6.258354790501130083, 0.4662168405909289937, 0.07756005247424460625 ) ) ;
#709 = CARTESIAN_POINT ( 'NONE',  ( 3.113135215446409809, 0.0000000000000000000, 0.4401853870655529910 ) ) ;
#710 = CARTESIAN_POINT ( 'NONE',  ( 5.450000029057261663, 0.0000000000000000000, 0.7999999709427351169 ) ) ;
#711 = CARTESIAN_POINT ( 'NONE',  ( 3.422270755428200140, 0.0000000000000000000, 0.4958854356055250046 ) ) ;
#712 = CARTESIAN_POINT ( 'NONE',  ( 6.308213122262950279, 0.2710810271670029969, 0.02507684312138259985 ) ) ;
#713 = EDGE_LOOP ( 'NONE', ( #3173, #2656, #3685, #277 ) ) ;
#714 = CARTESIAN_POINT ( 'NONE',  ( 2.218867265165350044, 0.0000000000000000000, 0.3997152954590519891 ) ) ;
#715 = CARTESIAN_POINT ( 'NONE',  ( 6.067120671245721297, -0.5823399928957599947, 0.0000000000000000000 ) ) ;
#716 = CARTESIAN_POINT ( 'NONE',  ( -5.782343446291860367, -0.5826734883044629720, 0.02507684312118450484 ) ) ;
#717 = CARTESIAN_POINT ( 'NONE',  ( 6.079445569163779872, -0.4785919816051060205, -4.916585507237460095E-16 ) ) ;
#718 = CARTESIAN_POINT ( 'NONE',  ( 2.794526764258589591, -0.8426655970424189457, 0.4573344334208550022 ) ) ;
#719 = CARTESIAN_POINT ( 'NONE',  ( -3.498961390185080234, 0.6600389711792969960, 1.300000030463270173 ) ) ;
#720 = CARTESIAN_POINT ( 'NONE',  ( -5.069400527833420433, 0.1742033370037970319, 0.05516503351816959971 ) ) ;
#721 = CARTESIAN_POINT ( 'NONE',  ( -2.561655826735730113, 0.0000000000000000000, 0.4332475180310719765 ) ) ;
#722 = CARTESIAN_POINT ( 'NONE',  ( -5.012385225038310743, 0.09377143883761659970, 0.0000000000000000000 ) ) ;
#723 = CARTESIAN_POINT ( 'NONE',  ( -3.113135215446409809, 0.0000000000000000000, 0.4401853870655529910 ) ) ;
#724 = CARTESIAN_POINT ( 'NONE',  ( -5.414558588366791270, -0.4200948824120580016, -1.693080436183329926E-16 ) ) ;
#725 = CARTESIAN_POINT ( 'NONE',  ( 5.471014233627860435, 0.4523053788787140816, -1.584315493438080058E-16 ) ) ;
#726 = CARTESIAN_POINT ( 'NONE',  ( -6.202749433582759764, -0.5385241188777200039, 0.0000000000000000000 ) ) ;
#727 = CARTESIAN_POINT ( 'NONE',  ( 6.210092586278549653, -0.4679993066813330493, 0.01308868717844960047 ) ) ;
#728 = CARTESIAN_POINT ( 'NONE',  ( -6.256162751552410306, 0.4695502945003580120, 0.08504003498300290176 ) ) ;
#729 = CARTESIAN_POINT ( 'NONE',  ( 5.076590656699489834, 0.1964923183600499890, 0.2000000000000000111 ) ) ;
#730 = CARTESIAN_POINT ( 'NONE',  ( -5.092529253286990354, -0.2156683561325490051, 0.09999999998864859962 ) ) ;
#731 = CARTESIAN_POINT ( 'NONE',  ( 6.046617174190309640, 0.5848470383838810793, 0.09999999999978861909 ) ) ;
#732 = EDGE_LOOP ( 'NONE', ( #3030, #4011 ) ) ;
#733 = CARTESIAN_POINT ( 'NONE',  ( -5.001436930307090023, 0.04162226416585160238, 0.1000000000000000333 ) ) ;
#734 = CARTESIAN_POINT ( 'NONE',  ( 5.159733575314380261, 0.1393226174985179866, 3.797147566938039923E-17 ) ) ;
#735 = CARTESIAN_POINT ( 'NONE',  ( -5.144483558811460355, 0.1190972398336850036, -1.159408093529169915E-16 ) ) ;
#736 = CARTESIAN_POINT ( 'NONE',  ( 5.850172062351280289, -0.6008549246927610277, 0.08504003498278399353 ) ) ;
#737 = CARTESIAN_POINT ( 'NONE',  ( -3.113135215446409809, 0.8598146433977209568, 1.300000030463270173 ) ) ;
#738 = EDGE_CURVE ( 'NONE', #1925, #1554, #4316, .T. ) ;
#739 = CARTESIAN_POINT ( 'NONE',  ( 3.149310191193159802, 0.8624262690867170456, 2.162426299549990105 ) ) ;
#740 = CARTESIAN_POINT ( 'NONE',  ( -5.484703409892129677, -0.4256896030728919977, -2.141128430115939954E-16 ) ) ;
#741 = AXIS2_PLACEMENT_3D ( 'NONE', #2187, #3416, #3755 ) ;
#742 = CARTESIAN_POINT ( 'NONE',  ( -3.500000000000000888, -0.3135041357906097614, 0.7456936367320059489 ) ) ;
#743 = CARTESIAN_POINT ( 'NONE',  ( -5.112136382771417686, -0.07021435518881682936, 9.333214984155109947E-17 ) ) ;
#744 = CARTESIAN_POINT ( 'NONE',  ( -6.349357585764511036, 0.06660887686182649647, 0.1000000000000109968 ) ) ;
#745 = CARTESIAN_POINT ( 'NONE',  ( 5.070148377291520347, 0.009787532609819009355, 6.942981830313839712E-17 ) ) ;
#746 = CARTESIAN_POINT ( 'NONE',  ( 6.349239909091269674, -0.07678747668518980107, 0.0000000000000000000 ) ) ;
#747 = CARTESIAN_POINT ( 'NONE',  ( -5.386981036644470144, -0.4640150719551100478, 0.02507684312044439895 ) ) ;
#748 = CARTESIAN_POINT ( 'NONE',  ( 5.142660793635050354, -0.1166090398891150154, -1.361310422427719978E-16 ) ) ;
#749 = STYLED_ITEM ( 'NONE', ( #264 ), #5326 ) ;
#750 = CARTESIAN_POINT ( 'NONE',  ( -5.036137541644849946, 0.1251811420894259896, 0.05516503351909549796 ) ) ;
#751 =( BOUNDED_SURFACE ( )  B_SPLINE_SURFACE ( 3, 3, ( 
 ( #3012, #657, #2642, #3413 ),
 ( #1799, #3484, #2692, #4664 ),
 ( #1010, #4687, #3435, #5077 ),
 ( #4347, #4275, #1875, #1444 ) ),
 .UNSPECIFIED., .F., .F., .T. ) 
 B_SPLINE_SURFACE_WITH_KNOTS ( ( 4, 4 ),
 ( 4, 4 ),
 ( 0.0000000000000000000, 1.000000000000000000 ),
 ( 0.0000000000000000000, 1.000000000000000000 ),
 .UNSPECIFIED. ) 
 GEOMETRIC_REPRESENTATION_ITEM ( )  RATIONAL_B_SPLINE_SURFACE ( (
 ( 1.000000000000000000, 0.8047378541243649375, 0.8047378541243649375, 1.000000000000000000),
 ( 0.3333333333333333703, 0.2682459513747883495, 0.2682459513747883495, 0.3333333333333333703),
 ( 0.3333333333333333703, 0.2682459513747883495, 0.2682459513747883495, 0.3333333333333333703),
 ( 1.000000000000000000, 0.8047378541243649375, 0.8047378541243649375, 1.000000000000000000) ) ) 
 REPRESENTATION_ITEM ( '' )  SURFACE ( )  );
#752 = CARTESIAN_POINT ( 'NONE',  ( -6.224514148947720038, 0.5179580399670840052, 0.2000000000000000111 ) ) ;
#753 = CARTESIAN_POINT ( 'NONE',  ( -3.190112246994440959, -0.8645113702127030786, 2.164511400675979580 ) ) ;
#754 = CARTESIAN_POINT ( 'NONE',  ( -5.751622473584060202, -0.5292455687969710443, -4.368549655057740103E-16 ) ) ;
#755 = CARTESIAN_POINT ( 'NONE',  ( 6.243953939708539735, 0.3159761431586050051, -6.003514159681131028E-16 ) ) ;
#756 = CARTESIAN_POINT ( 'NONE',  ( -5.789270952678809756, -0.6017536333715920449, 0.0000000000000000000 ) ) ;
#757 = CARTESIAN_POINT ( 'NONE',  ( 5.092765225565820231, -0.1494805546583050093, 0.01308868717700690035 ) ) ;
#758 = CARTESIAN_POINT ( 'NONE',  ( 2.385652428381599854, 0.0000000000000000000, 2.190461953060459876 ) ) ;
#759 = CARTESIAN_POINT ( 'NONE',  ( -4.999996570748869829, 0.0009492921481764910602, 0.1000000000000000056 ) ) ;
#760 = CARTESIAN_POINT ( 'NONE',  ( 6.215643329946310303, 0.5256492051274279653, 0.09999999999987249644 ) ) ;
#761 = ORIENTED_EDGE ( 'NONE', *, *, #663, .T. ) ;
#762 = CARTESIAN_POINT ( 'NONE',  ( -5.044608523403979916, 0.1523449825903359922, 0.1000000000000000333 ) ) ;
#763 = CARTESIAN_POINT ( 'NONE',  ( 5.691432829581679620, 0.4926018661600479187, -2.829583256499279775E-16 ) ) ;
#764 = CARTESIAN_POINT ( 'NONE',  ( -5.147572064713631157, 0.1232746079044400173, -1.184008269012679934E-16 ) ) ;
#765 = CARTESIAN_POINT ( 'NONE',  ( 6.111940901441870189, -0.5670735029566490448, 0.05516503352021900203 ) ) ;
#766 = CARTESIAN_POINT ( 'NONE',  ( -3.190112246994440071, -0.8645113702127029676, 1.300000030463270173 ) ) ;
#767 = CARTESIAN_POINT ( 'NONE',  ( 6.338864022427070033, 0.1991424333276569925, 0.07756005247432240512 ) ) ;
#768 = CARTESIAN_POINT ( 'NONE',  ( 3.113135215446409809, 0.0000000000000000000, 2.159814673860990020 ) ) ;
#769 = CARTESIAN_POINT ( 'NONE',  ( -5.541423521098420402, -0.4516818998487679981, -2.610016496603970070E-16 ) ) ;
#770 = CARTESIAN_POINT ( 'NONE',  ( 5.450000029057262552, 0.0000000000000000000, 1.224695155243590960 ) ) ;
#771 = CARTESIAN_POINT ( 'NONE',  ( 3.500000000000000000, -0.6308584043937628394, 0.6691416260695044471 ) ) ;
#772 = CARTESIAN_POINT ( 'NONE',  ( 6.044334686001789692, 0.5667504582992779483, 0.02507684312133470414 ) ) ;
#773 = CARTESIAN_POINT ( 'NONE',  ( 5.099920244023032012, -0.02296472810027325173, 7.566094643708851584E-17 ) ) ;
#774 = CARTESIAN_POINT ( 'NONE',  ( 6.349239909091270562, 0.07678747668518980107, 0.09999999999999939493 ) ) ;
#775 = CARTESIAN_POINT ( 'NONE',  ( -5.301665627846566586, 0.2957747842629422919, -6.339831636994643591E-17 ) ) ;
#776 = CARTESIAN_POINT ( 'NONE',  ( -5.106796632788929813, -0.2043078977693359999, 0.02507684311798919971 ) ) ;
#777 = CARTESIAN_POINT ( 'NONE',  ( 5.950637606892800413, -0.4943668597098219708, -4.295663975297620008E-16 ) ) ;
#778 = CARTESIAN_POINT ( 'NONE',  ( 2.967264452589999824, 0.0000000000000000000, 2.147083673268579851 ) ) ;
#779 = CARTESIAN_POINT ( 'NONE',  ( -6.196521382438840320, 0.4865722887533909802, 0.01308868717844979997 ) ) ;
#780 = CARTESIAN_POINT ( 'NONE',  ( -6.349999999999999645, 0.0000000000000000000, 0.2000000000000000111 ) ) ;
#781 = CARTESIAN_POINT ( 'NONE',  ( -3.422270755428200140, -0.8041145948577490543, 2.104114625321020338 ) ) ;
#782 = CARTESIAN_POINT ( 'NONE',  ( 5.101892010416349876, -0.1618531330403439883, 0.01308868717701740063 ) ) ;
#783 = CARTESIAN_POINT ( 'NONE',  ( 2.561655826735730113, 0.8667525124322019714, 1.300000030463270173 ) ) ;
#784 = CARTESIAN_POINT ( 'NONE',  ( -5.030245788540510077, 0.1286367653321099924, 0.09999999999784789373 ) ) ;
#785 = CARTESIAN_POINT ( 'NONE',  ( 5.844579270466050858, 0.6013843938243179643, 0.2000000000000000111 ) ) ;
#786 = CARTESIAN_POINT ( 'NONE',  ( 5.606250933884689758, 0.5775513253636169742, 0.09999999999866659994 ) ) ;
#787 = LINE ( 'NONE', #4950, #486 ) ;
#788 = CARTESIAN_POINT ( 'NONE',  ( -5.000212412783009874, 0.02148594358049080166, 0.1000000000000000333 ) ) ;
#789 = CARTESIAN_POINT ( 'NONE',  ( 5.154988905482530193, 0.1331397544319909976, 4.081474865016130108E-17 ) ) ;
#790 = CARTESIAN_POINT ( 'NONE',  ( -6.350000028353020021, -0.02632166237988979932, 0.2000000000000008993 ) ) ;
#791 = CARTESIAN_POINT ( 'NONE',  ( 5.747330494809419932, -0.5923623765623550197, 0.05516503352007000316 ) ) ;
#792 = CARTESIAN_POINT ( 'NONE',  ( -3.113135215446409809, 0.0000000000000000000, 2.159814673860990020 ) ) ;
#793 = CARTESIAN_POINT ( 'NONE',  ( -5.098434870269880292, -0.2230367914402849872, 0.07756005246309571888 ) ) ;
#794 = CARTESIAN_POINT ( 'NONE',  ( 5.018312878779820352, 0.01093005830397389931, 0.02507684312134449839 ) ) ;
#795 = CARTESIAN_POINT ( 'NONE',  ( 3.079716191379540557, 0.0000000000000000000, 0.4429167605436400423 ) ) ;
#796 = CARTESIAN_POINT ( 'NONE',  ( -5.188984709436740062, -0.1757954007086860171, 3.043260612571640168E-17 ) ) ;
#797 = CARTESIAN_POINT ( 'NONE',  ( -6.173319004950799993, 0.4557784695767290173, -8.247421762836510011E-16 ) ) ;
#798 = CARTESIAN_POINT ( 'NONE',  ( 6.350000028353020021, 0.02632166237988979932, 0.2000000000000000111 ) ) ;
#799 = CARTESIAN_POINT ( 'NONE',  ( -5.129688668834139875, -0.09834526404581006576, 7.881735569145982997E-17 ) ) ;
#800 = EDGE_CURVE ( 'NONE', #1957, #1537, #3336, .T. ) ;
#801 = CARTESIAN_POINT ( 'NONE',  ( 6.316060682004130733, 0.2295168154229600133, 0.02507684312138539970 ) ) ;
#802 = CARTESIAN_POINT ( 'NONE',  ( -5.018666698254570235, -0.02252336732673059991, 0.02507684312128220100 ) ) ;
#803 = CARTESIAN_POINT ( 'NONE',  ( 5.146024615554719794, -0.1211882182954539949, -1.379700107934890040E-16 ) ) ;
#804 = CARTESIAN_POINT ( 'NONE',  ( 3.046257705760219814, 0.8541536936186510109, 2.154153724081920185 ) ) ;
#805 =( NAMED_UNIT ( * ) PLANE_ANGLE_UNIT ( ) SI_UNIT ( $, .RADIAN. ) );
#806 = CARTESIAN_POINT ( 'NONE',  ( -6.131300790355711072, 0.5274481649460950328, 0.01308868717844590031 ) ) ;
#807 = EDGE_CURVE ( 'NONE', #1837, #3712, #1608, .T. ) ;
#808 = CARTESIAN_POINT ( 'NONE',  ( -6.301578169905729609, 0.3693503180003809838, 0.0000000000000000000 ) ) ;
#809 = CARTESIAN_POINT ( 'NONE',  ( -3.422270755428200140, 0.0000000000000000000, 2.104114625321019894 ) ) ;
#810 = DIRECTION ( 'NONE',  ( 0.0000000000000000000, 0.0000000000000000000, 1.000000000000000000 ) ) ;
#811 = CARTESIAN_POINT ( 'NONE',  ( 5.040283607206530014, -0.001062114540153710025, 0.01308868717841490253 ) ) ;
#812 = CARTESIAN_POINT ( 'NONE',  ( -5.265371907128339579, 0.3966371584922600002, 0.08504003498111839532 ) ) ;
#813 = CARTESIAN_POINT ( 'NONE',  ( 6.231005880542920039, -0.5079800541854090357, 0.1000000000000999950 ) ) ;
#814 = CARTESIAN_POINT ( 'NONE',  ( 5.265391698418779853, 0.3966990776585879730, 0.09999999999501291148 ) ) ;
#815 = CARTESIAN_POINT ( 'NONE',  ( -6.349239909091269674, -0.07678747668518980107, 0.09999999999999920064 ) ) ;
#816 = CARTESIAN_POINT ( 'NONE',  ( 2.199999969536729605, -0.9003661125554339728, 2.200366143018710474 ) ) ;
#817 = CARTESIAN_POINT ( 'NONE',  ( 6.279768266299829982, 0.03192898097501960242, -6.240403442266790792E-16 ) ) ;
#818 = DIRECTION ( 'NONE',  ( 0.0000000000000000000, -1.000000000000000000, 0.0000000000000000000 ) ) ;
#819 = CARTESIAN_POINT ( 'NONE',  ( 6.208917667609269664, -0.5231108278474909667, 0.05516503352022519846 ) ) ;
#820 = CARTESIAN_POINT ( 'NONE',  ( -5.141699673333019582, -0.2741635112392310503, 0.07756005246467000125 ) ) ;
#821 = ORIENTED_EDGE ( 'NONE', *, *, #566, .T. ) ;
#822 = CARTESIAN_POINT ( 'NONE',  ( 3.494287647928739915, -0.6887312085821259977, 0.6112688218811480612 ) ) ;
#823 = CARTESIAN_POINT ( 'NONE',  ( -5.350371242332190747, -0.3371995738690010125, -1.031057704092030050E-16 ) ) ;
#824 = CARTESIAN_POINT ( 'NONE',  ( -5.847818302773450050, 0.5233177983756069906, -5.226373477447109960E-16 ) ) ;
#825 = CARTESIAN_POINT ( 'NONE',  ( 6.349239909091269674, 0.07678747668518980107, 0.0000000000000000000 ) ) ;
#826 = CARTESIAN_POINT ( 'NONE',  ( -5.346962019269650312, -0.3343708187590922476, -1.008559896837601665E-16 ) ) ;
#827 = CARTESIAN_POINT ( 'NONE',  ( 5.478693615144459628, 0.5136934031173470139, 0.02507684312074820107 ) ) ;
#828 = CARTESIAN_POINT ( 'NONE',  ( -5.078410488144579737, -0.1672741389138530099, 0.02507684311767389984 ) ) ;
#829 = CARTESIAN_POINT ( 'NONE',  ( 5.330376750348009729, -0.3206643482502439801, -1.559610611429830115E-16 ) ) ;
#830 = CARTESIAN_POINT ( 'NONE',  ( 3.190112246994440071, 0.0000000000000000000, 0.4354886602505709803 ) ) ;
#831 = CARTESIAN_POINT ( 'NONE',  ( -5.111209630614189869, 0.1741193346457489965, 0.01308868717703729964 ) ) ;
#832 = CARTESIAN_POINT ( 'NONE',  ( -6.345819140479379783, 0.1459536405944240056, 0.0000000000000000000 ) ) ;
#833 = CARTESIAN_POINT ( 'NONE',  ( -3.481874671466670179, 0.0000000000000000000, 2.025787487851350210 ) ) ;
#834 = CARTESIAN_POINT ( 'NONE',  ( -5.116856791061289655, -0.1320014134473140033, 7.019002362769619674E-17 ) ) ;
#835 = AXIS2_PLACEMENT_3D ( 'NONE', #1599, #1675, #3674 ) ;
#836 = CARTESIAN_POINT ( 'NONE',  ( 5.099629774781090141, -0.1588246238395190080, 0.01308868717701559999 ) ) ;
#837 = CARTESIAN_POINT ( 'NONE',  ( -5.122871628641700426, 0.2524692342068439732, 0.08504003497946570345 ) ) ;
#838 = CARTESIAN_POINT ( 'NONE',  ( 6.227473949929859920, -0.5123354642023909555, 0.1000000000000999950 ) ) ;
#839 = CARTESIAN_POINT ( 'NONE',  ( 5.064460621273389584, 0.1790879126371830166, 0.09999999998760339404 ) ) ;
#840 = CARTESIAN_POINT ( 'NONE',  ( -6.243669523396249588, -0.4921029752861800777, 0.09999999999999920064 ) ) ;
#841 = CARTESIAN_POINT ( 'NONE',  ( 2.256433125465449940, 0.0000000000000000000, 2.199586406456960130 ) ) ;
#842 = CARTESIAN_POINT ( 'NONE',  ( 6.272891299540650500, 0.1591617437397750134, -6.182832941897009703E-16 ) ) ;
#843 = CARTESIAN_POINT ( 'NONE',  ( -6.067120671245721297, -0.5823399928957599947, 0.2000000000000008993 ) ) ;
#844 = CARTESIAN_POINT ( 'NONE',  ( 3.500000000000000000, 0.6308584043937628394, 0.6691416260695111085 ) ) ;
#845 = CARTESIAN_POINT ( 'NONE',  ( -5.067761938863199589, -0.1835456402066180104, 0.07756005246200560477 ) ) ;
#846 = CARTESIAN_POINT ( 'NONE',  ( 6.126757070586619669, 0.5705552780508300614, 0.07756005247421370041 ) ) ;
#847 = CARTESIAN_POINT ( 'NONE',  ( 3.494287647928740359, -0.6887312085821259977, 1.300000030463270173 ) ) ;
#848 = CARTESIAN_POINT ( 'NONE',  ( -5.141443103057319775, -0.1149390542597820003, 6.988442231533580319E-17 ) ) ;
#849 = CARTESIAN_POINT ( 'NONE',  ( -5.139155351849989728, 0.1493629637319680015, -1.228440155096609991E-16 ) ) ;
#850 = CARTESIAN_POINT ( 'NONE',  ( 6.345819140479379783, 0.1459536405944240056, 0.0000000000000000000 ) ) ;
#851 = CARTESIAN_POINT ( 'NONE',  ( -2.312275712915440096, 0.8969320013308089701, 1.300000030463270173 ) ) ;
#852 = B_SPLINE_CURVE_WITH_KNOTS ( 'NONE', 3,
 ( #2965, #2108, #4589, #1304, #3016, #2570 ),
 .UNSPECIFIED., .F., .F.,
 ( 4, 2, 4 ),
 ( 0.0000000000000000000, 0.5000000000000000000, 1.000000000000000000 ),
 .UNSPECIFIED. ) ;
#853 = CARTESIAN_POINT ( 'NONE',  ( 2.385652428381599854, 0.8904619225971830421, 1.300000030463270173 ) ) ;
#854 = CARTESIAN_POINT ( 'NONE',  ( 5.789270952678809756, 0.6017536333715921559, 0.09999999999999939493 ) ) ;
#855 = CARTESIAN_POINT ( 'NONE',  ( -5.074879906685811015, -0.1624387089327900269, 0.02507684311766139942 ) ) ;
#856 = CARTESIAN_POINT ( 'NONE',  ( 5.000086222721890294, -0.01117913285724519978, 0.09999999999992589816 ) ) ;
#857 = CARTESIAN_POINT ( 'NONE',  ( -2.199999969434429659, 0.0000000000000000000, 1.300000030463270173 ) ) ;
#858 = CARTESIAN_POINT ( 'NONE',  ( 3.235639616665010543, 0.8646691662700989323, 2.164669196733370438 ) ) ;
#859 = CARTESIAN_POINT ( 'NONE',  ( -5.317072651516610016, 0.3871253780729810301, 0.01308868717782049954 ) ) ;
#860 = CARTESIAN_POINT ( 'NONE',  ( -3.456526291164410125, 0.7681146123552399230, 0.5318854181080340249 ) ) ;
#861 = CARTESIAN_POINT ( 'NONE',  ( -5.012385225038310743, -0.09377143883761659970, 0.0000000000000000000 ) ) ;
#862 = CARTESIAN_POINT ( 'NONE',  ( 5.040288518441630394, 0.0002086712625664950032, 0.01308868717841480019 ) ) ;
#863 = CARTESIAN_POINT ( 'NONE',  ( 2.644399860962149962, 0.0000000000000000000, 0.4445184116040949984 ) ) ;
#864 = CARTESIAN_POINT ( 'NONE',  ( -5.071771894448530382, 0.1888206296083060065, 0.08504003497893761199 ) ) ;
#865 = CARTESIAN_POINT ( 'NONE',  ( 5.133858390007370431, 0.2652556471576250074, 0.09999999999016480345 ) ) ;
#866 = CARTESIAN_POINT ( 'NONE',  ( -2.385652428381599854, -3.916276803357184140E-15, 0.4095381078660910723 ) ) ;
#867 = CARTESIAN_POINT ( 'NONE',  ( -3.499999999999999112, 0.1568689925633900695, 1.911479967198869145 ) ) ;
#868 = CARTESIAN_POINT ( 'NONE',  ( 5.144966112811109937, 0.1197535744049980089, 4.682238776071879775E-17 ) ) ;
#869 = CARTESIAN_POINT ( 'NONE',  ( -5.249864402188619827, -0.3858697217414899794, 0.2000000000000008993 ) ) ;
#870 = CARTESIAN_POINT ( 'NONE',  ( 6.230549123839690395, -0.4972704165784290753, 0.05516503352022669726 ) ) ;
#871 = CARTESIAN_POINT ( 'NONE',  ( 3.500000000000000000, 0.0000000000000000000, 1.930858434857039896 ) ) ;
#872 = CARTESIAN_POINT ( 'NONE',  ( -5.060657941676070415, -0.1738921753291529926, 0.07756005246191760572 ) ) ;
#873 = VERTEX_POINT ( 'NONE', #4273 ) ;
#874 = CARTESIAN_POINT ( 'NONE',  ( 3.456526291164410125, -0.7681146123552399230, 2.068114642818509985 ) ) ;
#875 = CARTESIAN_POINT ( 'NONE',  ( -6.272891299540650500, -0.1591617437397750134, -8.436655012608720633E-16 ) ) ;
#876 = CARTESIAN_POINT ( 'NONE',  ( -6.168980894147731320, 0.4205182046105955251, -7.806212757387436045E-16 ) ) ;
#877 = CARTESIAN_POINT ( 'NONE',  ( -5.533021361591759835, 0.4724990183172489977, -2.727021775538310065E-16 ) ) ;
#878 = DIRECTION ( 'NONE',  ( 0.0000000000000000000, -1.000000000000000000, 0.0000000000000000000 ) ) ;
#879 = CARTESIAN_POINT ( 'NONE',  ( 5.277243058107560891, 0.3828334207602490102, 0.02507684311990050069 ) ) ;
#880 = CARTESIAN_POINT ( 'NONE',  ( 2.312275712915440096, 0.0000000000000000000, 0.4030680291324649778 ) ) ;
#881 = CARTESIAN_POINT ( 'NONE',  ( 5.076590656699489834, 0.1964923183600500167, 0.09999999999999939493 ) ) ;
#882 = CARTESIAN_POINT ( 'NONE',  ( -5.471091196841830318, -0.5302772227165749586, 0.07756005247219380228 ) ) ;
#883 = CARTESIAN_POINT ( 'NONE',  ( 6.175583505662640249, -0.5536011649946079860, 0.08504003498299879393 ) ) ;
#884 = CARTESIAN_POINT ( 'NONE',  ( 4.999974409514909901, -0.007290673741145800232, 0.1999999999999987621 ) ) ;
#885 = CARTESIAN_POINT ( 'NONE',  ( 3.046257705760219814, -0.8541536936186510109, 0.4458463368446229924 ) ) ;
#886 = CARTESIAN_POINT ( 'NONE',  ( -5.848953734973480145, 0.5605798955836489572, 0.01308868717837190047 ) ) ;
#887 = CARTESIAN_POINT ( 'NONE',  ( 5.076590656699489834, -0.1964923183600499890, 0.0000000000000000000 ) ) ;
#888 = CARTESIAN_POINT ( 'NONE',  ( -3.235639616665010099, 0.0000000000000000000, 2.164669196733369994 ) ) ;
#889 = CARTESIAN_POINT ( 'NONE',  ( 5.994823411298815685, 0.4901057957954687017, -4.656672992670881913E-16 ) ) ;
#890 = CARTESIAN_POINT ( 'NONE',  ( 2.644399860962149962, 0.8554816188591789494, 2.155481649322450011 ) ) ;
#891 = CARTESIAN_POINT ( 'NONE',  ( -3.333637229839510052, 0.0000000000000000000, 2.150390142441719998 ) ) ;
#892 = CARTESIAN_POINT ( 'NONE',  ( -5.060240867539709697, 0.1732375215740130092, 0.08504003497890250118 ) ) ;
#893 = CARTESIAN_POINT ( 'NONE',  ( 5.407652235179510214, -0.4976415274400370348, 0.09999999999899569780 ) ) ;
#894 = CARTESIAN_POINT ( 'NONE',  ( -5.066483358260509995, -0.1818252572888879870, 0.09999999998763189901 ) ) ;
#895 = CARTESIAN_POINT ( 'NONE',  ( 5.061854290447939775, 0.1755343846201090074, 0.09999999998757019837 ) ) ;
#896 = CARTESIAN_POINT ( 'NONE',  ( -2.475120692249380028, -3.866502440359578154E-15, 0.4208555343904120116 ) ) ;
#897 = CARTESIAN_POINT ( 'NONE',  ( -3.500000000000000000, 0.6252624138790574548, 1.200474126721874368 ) ) ;
#898 = CARTESIAN_POINT ( 'NONE',  ( 5.141538545298890206, 0.1150703598398920141, 4.888548098955029781E-17 ) ) ;
#899 = CARTESIAN_POINT ( 'NONE',  ( -5.655253982674430802, -0.5895555966763510458, 0.2000000000000008993 ) ) ;
#900 = CARTESIAN_POINT ( 'NONE',  ( -5.060418682401169654, -0.1735629326573059905, 0.07756005246191699509 ) ) ;
#901 = CARTESIAN_POINT ( 'NONE',  ( 3.422270755428200140, 0.0000000000000000000, 0.4958854356055250046 ) ) ;
#902 = CARTESIAN_POINT ( 'NONE',  ( -6.279002047352030047, -0.06422256689457650491, -8.490914962777640432E-16 ) ) ;
#903 = CARTESIAN_POINT ( 'NONE',  ( -5.783018983874255170, 0.5006547954842146542, -4.614515871080652511E-16 ) ) ;
#904 = CARTESIAN_POINT ( 'NONE',  ( -5.291920549076070124, 0.3166657299241700252, -1.641133833937140049E-16 ) ) ;
#905 = ADVANCED_FACE ( 'NONE', ( #3719 ), #3305, .T. ) ;
#906 = CARTESIAN_POINT ( 'NONE',  ( -2.218867265165350044, 0.0000000000000000000, 2.200284765467499959 ) ) ;
#907 = CARTESIAN_POINT ( 'NONE',  ( 5.543573155462590663, 0.5398705721907901545, 0.02507684312086860129 ) ) ;
#908 = CARTESIAN_POINT ( 'NONE',  ( 4.999974409514910789, 0.007290673741145801100, 0.09999999999999939493 ) ) ;
#909 = CARTESIAN_POINT ( 'NONE',  ( -6.258354790501130083, -0.4662168405909289937, 0.07756005247424439808 ) ) ;
#910 = CARTESIAN_POINT ( 'NONE',  ( 6.163834496138529850, -0.5587153004343790030, 0.08504003498299630981 ) ) ;
#911 = CARTESIAN_POINT ( 'NONE',  ( 5.103528759411889659, -0.04655194228575799953, -3.006476408777779984E-16 ) ) ;
#912 = CARTESIAN_POINT ( 'NONE',  ( -5.099629774781090141, 0.1588246238395200072, 0.01308868717701559999 ) ) ;
#913 = CARTESIAN_POINT ( 'NONE',  ( 5.044608523403979916, -0.1523449825903359922, 0.0000000000000000000 ) ) ;
#914 = CARTESIAN_POINT ( 'NONE',  ( -3.494287647928740359, 0.0000000000000000000, 0.6112688218811469509 ) ) ;
#915 = CARTESIAN_POINT ( 'NONE',  ( 3.498961390185070019, -2.902870124532598485E-15, 0.6399610592839770629 ) ) ;
#916 = CARTESIAN_POINT ( 'NONE',  ( 6.173319004950799993, -0.4557784695767290173, -6.178669222524929994E-16 ) ) ;
#917 = AXIS2_PLACEMENT_3D ( 'NONE', #200, #226, #1032 ) ;
#918 = CARTESIAN_POINT ( 'NONE',  ( -6.135673808708940413, 0.5681879207571141066, 0.08504003498299389507 ) ) ;
#919 = CARTESIAN_POINT ( 'NONE',  ( 6.293967873641180155, -0.3882886086335120002, 0.1000000000000860062 ) ) ;
#920 = CARTESIAN_POINT ( 'NONE',  ( -5.064460621273389584, -0.1790879126371830166, 0.09999999998760339404 ) ) ;
#921 = CARTESIAN_POINT ( 'NONE',  ( 5.000079833572209864, 0.01133376250456960034, 0.09999999999981989962 ) ) ;
#922 = DIRECTION ( 'NONE',  ( -1.000000000000000000, 0.0000000000000000000, 0.0000000000000000000 ) ) ;
#923 = CARTESIAN_POINT ( 'NONE',  ( 5.143092816034480208, 0.1172017272758120038, 4.794817957182219739E-17 ) ) ;
#924 = LINE ( 'NONE', #2603, #4353 ) ;
#925 = CARTESIAN_POINT ( 'NONE',  ( 5.096307272960739709, -0.2094246597062280058, 0.05516503351827650725 ) ) ;
#926 = DIRECTION ( 'NONE',  ( -1.387778831187769972E-15, -0.0000000000000000000, 1.000000000000000000 ) ) ;
#927 = CARTESIAN_POINT ( 'NONE',  ( -6.243302206609421034, -0.4912172068597400187, 0.09999999999987860266 ) ) ;
#928 = ORIENTED_EDGE ( 'NONE', *, *, #241, .F. ) ;
#929 = CARTESIAN_POINT ( 'NONE',  ( -6.149840759944930291, -0.4882707976219540225, -7.536968489352230372E-16 ) ) ;
#930 = CARTESIAN_POINT ( 'NONE',  ( -6.085130392763061558, 0.4774187146835456863, -7.112814323342242645E-16 ) ) ;
#931 = CARTESIAN_POINT ( 'NONE',  ( -5.116613749181260218, 0.1189227842878410046, -1.185196547700600022E-16 ) ) ;
#932 = CARTESIAN_POINT ( 'NONE',  ( -2.312275712915440096, 0.0000000000000000000, 0.4030680291324649778 ) ) ;
#933 = CARTESIAN_POINT ( 'NONE',  ( 2.561655826735730113, -0.8667525124322019714, 0.4332475180310719209 ) ) ;
#934 = CARTESIAN_POINT ( 'NONE',  ( -6.176453577985229870, 0.5545352631851150349, 0.1999999999999987621 ) ) ;
#935 = CARTESIAN_POINT ( 'NONE',  ( -6.046617174190309640, -0.5848470383838810793, 0.07756005247414700376 ) ) ;
#936 = CARTESIAN_POINT ( 'NONE',  ( 5.053259208795349622, -0.1636107914827039933, 0.09999999999616629442 ) ) ;
#937 = CARTESIAN_POINT ( 'NONE',  ( 6.345819140479379783, -0.1459536405944240056, 0.1999999999999987621 ) ) ;
#938 = CARTESIAN_POINT ( 'NONE',  ( 3.235639616665010099, -0.8646691662700990433, 1.300000030463270173 ) ) ;
#939 = CARTESIAN_POINT ( 'NONE',  ( -5.041903090874439997, 0.03751358458170900995, 0.01308868717812630006 ) ) ;
#940 = CARTESIAN_POINT ( 'NONE',  ( 3.498961390185070019, 0.0000000000000000000, 1.960039001642569945 ) ) ;
#941 = CARTESIAN_POINT ( 'NONE',  ( -3.500000000000000000, 0.6308584043937629504, 1.300000030463270173 ) ) ;
#942 = CARTESIAN_POINT ( 'NONE',  ( 5.206281066720250372, -0.2301330271307860109, -1.546506896438170074E-16 ) ) ;
#943 = CARTESIAN_POINT ( 'NONE',  ( -3.333637229839509608, 0.8503901119784410545, 0.4496099184848320052 ) ) ;
#944 = CARTESIAN_POINT ( 'NONE',  ( -4.999996814321360006, 0.004490577092316160729, 0.08504003498287279750 ) ) ;
#945 = CARTESIAN_POINT ( 'NONE',  ( 5.167461477135049996, -0.3025742508149940058, 0.09999999999697820052 ) ) ;
#946 = CARTESIAN_POINT ( 'NONE',  ( 6.350000000000000533, 0.0000000000000000000, 0.09999999999999949207 ) ) ;
#947 = CARTESIAN_POINT ( 'NONE',  ( 5.060199362310140003, 0.1732608393337750075, 0.09999999998755780550 ) ) ;
#948 = CARTESIAN_POINT ( 'NONE',  ( 5.001436930307090023, -0.04162226416585160238, 0.1000000000000000333 ) ) ;
#949 = CARTESIAN_POINT ( 'NONE',  ( -2.722375865889810065, -0.8471463196214711333, 2.147146350084740085 ) ) ;
#950 = CARTESIAN_POINT ( 'NONE',  ( -4.886091287368748759, 2.755455298081544778E-17, 1.074999999999999067 ) ) ;
#951 = CARTESIAN_POINT ( 'NONE',  ( -6.074481293450119779, 0.5809645982555300403, 0.1000000000000700051 ) ) ;
#952 = ORIENTED_EDGE ( 'NONE', *, *, #2886, .T. ) ;
#953 = CARTESIAN_POINT ( 'NONE',  ( 3.500000000000000000, 0.0000000000000000000, 1.930858434857039896 ) ) ;
#954 = CARTESIAN_POINT ( 'NONE',  ( -5.141055641192389558, -0.1144054346424970003, 7.020481646394130351E-17 ) ) ;
#955 = CARTESIAN_POINT ( 'NONE',  ( -5.462162262598721618, 0.4147675668377501235, -1.961203792901478783E-16 ) ) ;
#956 = CARTESIAN_POINT ( 'NONE',  ( -6.157047411059680009, 0.4399354189032059770, -8.363950334045880325E-16 ) ) ;
#957 = CARTESIAN_POINT ( 'NONE',  ( -2.256433125465449940, 0.8995863759936900683, 1.300000030463270173 ) ) ;
#958 = CARTESIAN_POINT ( 'NONE',  ( 2.644399860962149962, 0.8554816188591789494, 2.155481649322450011 ) ) ;
#959 = CARTESIAN_POINT ( 'NONE',  ( -6.349999999999999645, 0.0000000000000000000, 0.2000000000000000111 ) ) ;
#960 = CARTESIAN_POINT ( 'NONE',  ( -6.160433358236519830, -0.5603919593089059514, 0.07756005247422299853 ) ) ;
#961 = CARTESIAN_POINT ( 'NONE',  ( 5.503978302317530158, -0.5444262967998919622, 0.08504003498213399959 ) ) ;
#962 = DIRECTION ( 'NONE',  ( -6.123233995736766036E-17, -0.0000000000000000000, 1.000000000000000000 ) ) ;
#963 = EDGE_CURVE ( 'NONE', #5252, #3530, #3553, .T. ) ;
#964 = CARTESIAN_POINT ( 'NONE',  ( -5.101892010416349876, 0.1618531330403439883, 0.01308868717701740063 ) ) ;
#965 = CARTESIAN_POINT ( 'NONE',  ( 5.240781014320729625, 0.2778227473815860216, -2.371760320979909938E-17 ) ) ;
#966 = CARTESIAN_POINT ( 'NONE',  ( 5.000212412783009874, -0.02148594358049080166, 0.2000000000000000111 ) ) ;
#967 = CARTESIAN_POINT ( 'NONE',  ( -3.500000000000000000, 0.0000000000000000000, 1.930858434857039896 ) ) ;
#968 = CARTESIAN_POINT ( 'NONE',  ( 5.171736915842219950, -0.1901495784902290376, -1.452240704696620246E-16 ) ) ;
#969 = ADVANCED_FACE ( 'NONE', ( #1817 ), #417, .F. ) ;
#970 = CARTESIAN_POINT ( 'NONE',  ( -3.333637229839510052, 0.0000000000000000000, 0.4496099184848320607 ) ) ;
#971 = CARTESIAN_POINT ( 'NONE',  ( 5.062288024650819729, -0.1760470153095770041, 0.09999999999599980260 ) ) ;
#972 = CARTESIAN_POINT ( 'NONE',  ( -5.060657941676070415, -0.1738921753291529926, 0.09999999998755899899 ) ) ;
#973 = CARTESIAN_POINT ( 'NONE',  ( -5.789270952678809756, -0.6017536333715920449, 0.09999999999999920064 ) ) ;
#974 = CARTESIAN_POINT ( 'NONE',  ( -2.644399860962149962, 0.0000000000000000000, 2.155481649322450011 ) ) ;
#975 = CARTESIAN_POINT ( 'NONE',  ( -4.724999999999999645, 0.4500000000000001221, 1.074999999999999067 ) ) ;
#976 = CARTESIAN_POINT ( 'NONE',  ( 5.128083593033870180, -0.2480610781508650053, 0.05516503351844839753 ) ) ;
#977 = CARTESIAN_POINT ( 'NONE',  ( -5.959506705818210293, 0.5939870570602110433, 0.09999999999995469457 ) ) ;
#978 = CARTESIAN_POINT ( 'NONE',  ( 5.062971060260689882, 0.1770613581688700033, 0.07756005246193231617 ) ) ;
#979 = ORIENTED_EDGE ( 'NONE', *, *, #2465, .F. ) ;
#980 = CARTESIAN_POINT ( 'NONE',  ( 6.281565084905249563, 0.4197854674473779912, 0.2000000000000008993 ) ) ;
#981 = CARTESIAN_POINT ( 'NONE',  ( -5.816117495973079699, -0.5313076517667509879, -4.886095076375810452E-16 ) ) ;
#982 = CARTESIAN_POINT ( 'NONE',  ( 5.909074946719640842, 0.4976168279244860271, -4.143164446810800475E-16 ) ) ;
#983 = CARTESIAN_POINT ( 'NONE',  ( -6.249390599898269727, 0.06344633371147799517, -1.138886342029170066E-15 ) ) ;
#984 = CARTESIAN_POINT ( 'NONE',  ( -2.722375865889810065, -0.8471463196214711333, 2.147146350084740085 ) ) ;
#985 = UNCERTAINTY_MEASURE_WITH_UNIT (LENGTH_MEASURE( 1.000000000000000082E-05 ), #3520, 'distance_accuracy_value', 'NONE');
#986 = CARTESIAN_POINT ( 'NONE',  ( 2.917476980842439893, 0.8436923278882220156, 0.4563077025750520432 ) ) ;
#987 = CARTESIAN_POINT ( 'NONE',  ( -5.893733830988099776, 0.5990531213409430178, 0.1999999999999987621 ) ) ;
#988 = CARTESIAN_POINT ( 'NONE',  ( -5.816240447523740364, -0.6014036292719550092, 0.07756005247373720657 ) ) ;
#989 = DIRECTION ( 'NONE',  ( 1.836970198721029688E-16, -0.0000000000000000000, 1.000000000000000000 ) ) ;
#990 = CARTESIAN_POINT ( 'NONE',  ( 5.165988759676549691, 0.1949377073418890050, 2.036351715287170054E-17 ) ) ;
#991 = CARTESIAN_POINT ( 'NONE',  ( 5.012385225038310743, -0.09377143883761659970, 0.2000000000000000111 ) ) ;
#992 = CARTESIAN_POINT ( 'NONE',  ( -3.499999995479639914, 0.6406317572097729451, 1.300000030463270173 ) ) ;
#993 = CARTESIAN_POINT ( 'NONE',  ( 5.291920549076070124, -0.3166657299241700252, -1.481275613971030082E-16 ) ) ;
#994 = CARTESIAN_POINT ( 'NONE',  ( -3.284326568066441077, 0.8607250946741169528, 0.4392749357891569950 ) ) ;
#995 = CARTESIAN_POINT ( 'NONE',  ( -6.045762768067199922, 0.5780754956741519512, 0.05516503352019899720 ) ) ;
#996 = CARTESIAN_POINT ( 'NONE',  ( -2.967264452589999824, 0.0000000000000000000, 2.147083673268579851 ) ) ;
#997 = CIRCLE ( 'NONE', #4682, 0.2250000000000003664 ) ;
#998 = CARTESIAN_POINT ( 'NONE',  ( 5.007258920872530439, -0.02305370791440609912, 0.05516503352006259936 ) ) ;
#999 = AXIS2_PLACEMENT_3D ( 'NONE', #2568, #962, #533 ) ;
#1000 = CARTESIAN_POINT ( 'NONE',  ( -5.438955471592969992, -0.5146512199690750355, 0.09999999999753760027 ) ) ;
#1001 = CARTESIAN_POINT ( 'NONE',  ( 5.151921746232630106, 0.2856381698136389868, 0.07756005246478410442 ) ) ;
#1002 = ORIENTED_EDGE ( 'NONE', *, *, #4806, .F. ) ;
#1003 = CARTESIAN_POINT ( 'NONE',  ( 3.500000000000000000, -0.6308584043937628394, 1.930858434857039896 ) ) ;
#1004 = CARTESIAN_POINT ( 'NONE',  ( -5.167371111016130669, 0.1495795378333157899, 4.765600785392932754E-17 ) ) ;
#1005 = CARTESIAN_POINT ( 'NONE',  ( -5.077560688373269571, -7.841616502879229724E-05, -3.629178794596139856E-16 ) ) ;
#1006 = MECHANICAL_DESIGN_GEOMETRIC_PRESENTATION_REPRESENTATION (  '', ( #5050 ), #4103 ) ;
#1007 = CARTESIAN_POINT ( 'NONE',  ( -2.967264452590000268, 0.8470836428053101219, 2.147083673268579851 ) ) ;
#1008 = CARTESIAN_POINT ( 'NONE',  ( 2.859815149085939812, 0.8418128730077889532, 1.300000030463270173 ) ) ;
#1009 = CARTESIAN_POINT ( 'NONE',  ( 3.500000000000000000, 3.862893628280142098E-17, 0.6691416260695089990 ) ) ;
#1010 = CARTESIAN_POINT ( 'NONE',  ( 4.724999999999999645, -0.4500000000000000111, 1.074999999999997957 ) ) ;
#1011 = CARTESIAN_POINT ( 'NONE',  ( 5.125764681860830230, 0.1440778558509089868, 4.396624165831420250E-17 ) ) ;
#1012 = CARTESIAN_POINT ( 'NONE',  ( 5.726241842797760384, -0.5985893008589749931, 0.0000000000000000000 ) ) ;
#1013 = CARTESIAN_POINT ( 'NONE',  ( -3.499999995479639914, -0.6406317572097729451, 1.300000030463270173 ) ) ;
#1014 = CARTESIAN_POINT ( 'NONE',  ( 5.116613749181260218, -0.1189227842878410046, -1.415002359797570242E-16 ) ) ;
#1015 = CARTESIAN_POINT ( 'NONE',  ( -3.494287647928739915, 0.6887312085821259977, 0.6112688218811480612 ) ) ;
#1016 = CARTESIAN_POINT ( 'NONE',  ( -5.781984411771880161, 0.5940722153676030182, 0.05516503352008880062 ) ) ;
#1017 = CARTESIAN_POINT ( 'NONE',  ( -2.218867265165349600, 0.9002847350042212371, 2.200284765467499959 ) ) ;
#1018 = CARTESIAN_POINT ( 'NONE',  ( 5.327753741663210363, -0.4490264278117330199, 0.1000000000000000333 ) ) ;
#1019 = CARTESIAN_POINT ( 'NONE',  ( -2.967264452590000268, -0.8470836428053101219, 2.147083673268579851 ) ) ;
#1020 = CARTESIAN_POINT ( 'NONE',  ( -5.000000029057263262, -0.4499999999999999556, 0.7999999709427360051 ) ) ;
#1021 = CARTESIAN_POINT ( 'NONE',  ( 6.299373963292071110, -0.1939389883918199997, 0.01308868717842719999 ) ) ;
#1022 = CARTESIAN_POINT ( 'NONE',  ( -6.193308128555639946, 0.5440864949926940142, 0.1000000000000949990 ) ) ;
#1023 = CARTESIAN_POINT ( 'NONE',  ( -6.347623178963989865, -0.09995202376006559475, 0.09999999999998290812 ) ) ;
#1024 = CARTESIAN_POINT ( 'NONE',  ( 5.091657643526059651, 0.2145720189701920133, 0.07756005246300300138 ) ) ;
#1025 = ORIENTED_EDGE ( 'NONE', *, *, #1217, .T. ) ;
#1026 = CARTESIAN_POINT ( 'NONE',  ( 6.176453577985229870, 0.5545352631851150349, 0.2000000000000008993 ) ) ;
#1027 = CARTESIAN_POINT ( 'NONE',  ( 6.226016842314180622, 0.2644922162543840161, -6.070799953137600542E-16 ) ) ;
#1028 = CARTESIAN_POINT ( 'NONE',  ( -6.122090232206249816, 0.4675249018875259899, -7.442339214160860355E-16 ) ) ;
#1029 = CARTESIAN_POINT ( 'NONE',  ( -2.644399860962149962, 0.8554816188591789494, 2.155481649322450011 ) ) ;
#1030 = CARTESIAN_POINT ( 'NONE',  ( 5.074919036454279997, 0.1624926401572270029, 0.02507684311766139942 ) ) ;
#1031 = CARTESIAN_POINT ( 'NONE',  ( 3.046257705760219814, -0.8541536936186510109, 0.4458463368446229924 ) ) ;
#1032 = DIRECTION ( 'NONE',  ( 0.0000000000000000000, 0.0000000000000000000, 1.000000000000000000 ) ) ;
#1033 = CARTESIAN_POINT ( 'NONE',  ( 6.072850096713983348, 0.4797028556740001726, -5.128657563498609793E-16 ) ) ;
#1034 = DIRECTION ( 'NONE',  ( 0.0000000000000000000, 0.0000000000000000000, 1.000000000000000000 ) ) ;
#1035 = CARTESIAN_POINT ( 'NONE',  ( 3.333637229839509608, -0.8503901119784410545, 0.4496099184848320052 ) ) ;
#1036 = CARTESIAN_POINT ( 'NONE',  ( 5.143431602797590152, 0.1670541953019260006, 3.367458608202469863E-17 ) ) ;
#1037 = CARTESIAN_POINT ( 'NONE',  ( -5.203831053986800015, -0.3142037318832009984, 0.02507684311922829881 ) ) ;
#1038 = CARTESIAN_POINT ( 'NONE',  ( 6.184988896962729577, -0.3886854962444949990, -6.417377626717209770E-16 ) ) ;
#1039 = CARTESIAN_POINT ( 'NONE',  ( 2.859815149085939812, 0.0000000000000000000, 0.4581871574554849946 ) ) ;
#1040 = CARTESIAN_POINT ( 'NONE',  ( -6.264583969483170200, 0.4383504207374189776, 0.05516503352022209677 ) ) ;
#1041 = CARTESIAN_POINT ( 'NONE',  ( -2.218867265165349600, -0.9002847350042212371, 2.200284765467499959 ) ) ;
#1042 = CARTESIAN_POINT ( 'NONE',  ( 6.024851973780100067, -0.5875604833422150008, 0.1000000000000000333 ) ) ;
#1043 = CARTESIAN_POINT ( 'NONE',  ( -2.644399860962149962, 0.0000000000000000000, 0.4445184116040949984 ) ) ;
#1044 = CARTESIAN_POINT ( 'NONE',  ( 5.749604663511171054, -0.5589798619511010536, 0.01308868717834030249 ) ) ;
#1045 = CARTESIAN_POINT ( 'NONE',  ( -5.133801468063290407, 0.2651517463675360231, 0.09999999999664299644 ) ) ;
#1046 = VERTEX_POINT ( 'NONE', #114 ) ;
#1047 = CARTESIAN_POINT ( 'NONE',  ( 5.410603633123799661, 0.5023060787889991330, 0.2000000000000008993 ) ) ;
#1048 = CARTESIAN_POINT ( 'NONE',  ( 6.135499823592549973, 0.4618135361398040262, -5.514856798903030759E-16 ) ) ;
#1049 = CARTESIAN_POINT ( 'NONE',  ( -5.141752404260439668, 0.1153628224508920080, -1.141925443518959879E-16 ) ) ;
#1050 = CARTESIAN_POINT ( 'NONE',  ( 5.090942514287959852, -0.2136455403307710166, 0.08504003497912329679 ) ) ;
#1051 = CARTESIAN_POINT ( 'NONE',  ( -2.859815149085939812, 0.8418128730077889532, 1.300000030463270173 ) ) ;
#1052 = CARTESIAN_POINT ( 'NONE',  ( 5.075042931919170108, 0.1626633509904339969, 0.02507684311766150004 ) ) ;
#1053 = CARTESIAN_POINT ( 'NONE',  ( 2.859815149085939812, 0.8418128730077889532, 0.4581871574554849391 ) ) ;
#1054 = CARTESIAN_POINT ( 'NONE',  ( -6.003145151204879681, -0.4891952416687909699, -6.439083232397800023E-16 ) ) ;
#1055 = CARTESIAN_POINT ( 'NONE',  ( 3.113135215446410253, -3.781489199789813521E-15, 0.4401853870655529910 ) ) ;
#1056 = DIRECTION ( 'NONE',  ( 1.000000000000000000, 0.0000000000000000000, -0.0000000000000000000 ) ) ;
#1057 = CARTESIAN_POINT ( 'NONE',  ( 3.380581965863679983, 0.0000000000000000000, 2.131811070476940184 ) ) ;
#1058 = ORIENTED_EDGE ( 'NONE', *, *, #1737, .F. ) ;
#1059 = CARTESIAN_POINT ( 'NONE',  ( 5.927436706665519139, -0.4965385030153249835, -4.249049822512990292E-16 ) ) ;
#1060 = CARTESIAN_POINT ( 'NONE',  ( 5.078954837428280911, -0.03360926116796320029, -3.290807274372210016E-16 ) ) ;
#1061 = CARTESIAN_POINT ( 'NONE',  ( 2.967264452590000268, -0.8470836428053101219, 0.4529163876579629933 ) ) ;
#1062 = SURFACE_STYLE_FILL_AREA ( #325 ) ;
#1063 = CARTESIAN_POINT ( 'NONE',  ( -5.442073988418339781, 0.5085453782309280468, 0.05516503351970199892 ) ) ;
#1064 = CARTESIAN_POINT ( 'NONE',  ( -2.475120692249380028, 0.8791444960728619362, 2.179144526536139992 ) ) ;
#1065 = CARTESIAN_POINT ( 'NONE',  ( -5.789270952678809756, 0.6017536333715920449, 0.0000000000000000000 ) ) ;
#1066 = CARTESIAN_POINT ( 'NONE',  ( -3.079716191379540557, 0.8570832699196330173, 1.300000030463270173 ) ) ;
#1067 = CARTESIAN_POINT ( 'NONE',  ( -5.249864402188619827, -0.3858697217414899794, 0.0000000000000000000 ) ) ;
#1068 = CARTESIAN_POINT ( 'NONE',  ( 5.006837039796329769, 0.0003255741856244789736, 0.05516503352017660539 ) ) ;
#1069 = CARTESIAN_POINT ( 'NONE',  ( -5.068783620773060328, 0.1848332312955789924, 0.09999999999602569856 ) ) ;
#1070 = CARTESIAN_POINT ( 'NONE',  ( 6.141062086657039565, 0.5667436915606139936, 0.09999999999985770271 ) ) ;
#1071 = ORIENTED_EDGE ( 'NONE', *, *, #4120, .T. ) ;
#1072 = CARTESIAN_POINT ( 'NONE',  ( -5.012385225038310743, 0.09377143883761659970, 0.1000000000000000333 ) ) ;
#1073 = CARTESIAN_POINT ( 'NONE',  ( 6.059350342983280235, 0.4820666989630810195, -5.053835379841430617E-16 ) ) ;
#1074 = CARTESIAN_POINT ( 'NONE',  ( -5.404398146876769893, 0.3776272111260959852, -1.929534988685279985E-16 ) ) ;
#1075 = CARTESIAN_POINT ( 'NONE',  ( 5.079277325210020066, -0.1986648998561250101, 0.08504003497898909858 ) ) ;
#1076 = CARTESIAN_POINT ( 'NONE',  ( -2.644399860962149962, 0.8554816188591790604, 1.300000030463270173 ) ) ;
#1077 =( GEOMETRIC_REPRESENTATION_CONTEXT ( 3 ) GLOBAL_UNCERTAINTY_ASSIGNED_CONTEXT ( ( #3167 ) ) GLOBAL_UNIT_ASSIGNED_CONTEXT ( ( #3544, #3580, #1509 ) ) REPRESENTATION_CONTEXT ( 'NONE', 'WORKASPACE' ) );
#1078 = UNCERTAINTY_MEASURE_WITH_UNIT (LENGTH_MEASURE( 1.000000000000000082E-05 ), #1544, 'distance_accuracy_value', 'NONE');
#1079 = CARTESIAN_POINT ( 'NONE',  ( 3.046257705760219814, 0.0000000000000000000, 2.154153724081920185 ) ) ;
#1080 = AXIS2_PLACEMENT_3D ( 'NONE', #2292, #989, #5100 ) ;
#1081 = CARTESIAN_POINT ( 'NONE',  ( 3.481874671466670179, 0.7257874573880770397, 2.025787487851350654 ) ) ;
#1082 = COLOUR_RGB ( '',0.8156862745098039102, 0.8156862745098039102, 0.8156862745098039102 ) ;
#1083 = CARTESIAN_POINT ( 'NONE',  ( 6.311621215398449891, 0.2543551722444680196, 0.02507684312138290170 ) ) ;
#1084 = CARTESIAN_POINT ( 'NONE',  ( 6.081007659699606549, -0.4782170383059724528, -5.178002782307837841E-16 ) ) ;
#1085 = CARTESIAN_POINT ( 'NONE',  ( 6.243669523396249588, -0.4921029752861800777, 0.2000000000000000111 ) ) ;
#1086 = B_SPLINE_SURFACE_WITH_KNOTS ( 'NONE', 5, 1, ( 
 ( #2991, #3780 ),
 ( #134, #1751 ),
 ( #4643, #966 ),
 ( #3836, #160 ),
 ( #81, #3439 ),
 ( #3859, #991 ),
 ( #4278, #1699 ),
 ( #913, #4563 ),
 ( #887, #2545 ),
 ( #107, #3362 ),
 ( #612, #3146 ),
 ( #3995, #232 ),
 ( #3042, #1449 ),
 ( #4743, #3515 ),
 ( #4802, #3486 ),
 ( #2696, #289 ),
 ( #1852, #1425 ),
 ( #1012, #3462 ),
 ( #5154, #4351 ),
 ( #1908, #4715 ),
 ( #1821, #660 ),
 ( #3543, #2326 ),
 ( #3066, #5181 ),
 ( #3936, #5209 ),
 ( #715, #5130 ),
 ( #321, #4323 ),
 ( #2242, #3579 ),
 ( #260, #1878 ),
 ( #3963, #1942 ),
 ( #635, #2267 ),
 ( #1476, #1085 ),
 ( #2724, #1507 ),
 ( #4378, #689 ),
 ( #1401, #3883 ),
 ( #206, #4689 ),
 ( #3666, #4461 ),
 ( #4435, #3608 ),
 ( #746, #1539 ),
 ( #2073, #3174 ),
 ( #2484, #4078 ) ),
 .UNSPECIFIED., .F., .F., .F.,
 ( 6, 1, 1, 1, 1, 1, 1, 1, 1, 1, 1, 1, 1, 1, 1, 1, 1, 1, 1, 1, 1, 1, 1, 1, 1, 1, 1, 1, 1, 1, 1, 1, 1, 1, 1, 6 ),
 ( 2, 2 ),
 ( -1.000000000000000000, -0.9714285714285719742, -0.9428571428571429491, -0.9142857142857140351, -0.8857142857142860093, -0.8571428571428569843, -0.8285714285714289584, -0.8000000000000000444, -0.7714285714285720186, -0.7428571428571429935, -0.7142857142857139685, -0.6857142857142860537, -0.6571428571428570287, -0.6285714285714290028, -0.5999999999999999778, -0.5714285714285719520, -0.5428571428571430380, -0.5142857142857140129, -0.4857142857142859871, -0.4571428571428570176, -0.4285714285714289917, -0.4000000000000000222, -0.3714285714285709972, -0.3428571428571430268, -0.3142857142857140018, -0.2857142857142859760, -0.2571428571428570065, -0.2285714285714290084, -0.2000000000000000111, -0.1714285714285710138, -0.1428571428571429880, -0.1142857142857140046, -0.08571428571428570120, -0.05714285714285709944, -0.02857142857142859829, 0.0000000000000000000 ),
 ( 0.0000000000000000000, 0.02000000000000000042 ),
 .UNSPECIFIED. ) ;
#1087 = CARTESIAN_POINT ( 'NONE',  ( -5.713646056684910768, -0.5779534232179099895, 0.02507684312111979966 ) ) ;
#1088 =( BOUNDED_SURFACE ( )  B_SPLINE_SURFACE ( 3, 3, ( 
 ( #684, #1587, #3228, #4875 ),
 ( #1533, #1166, #1903, #2745 ),
 ( #1193, #3539, #5260, #4458 ),
 ( #2797, #4403, #770, #710 ) ),
 .UNSPECIFIED., .F., .F., .T. ) 
 B_SPLINE_SURFACE_WITH_KNOTS ( ( 4, 4 ),
 ( 4, 4 ),
 ( 0.0000000000000000000, 1.000000000000000000 ),
 ( 0.0000000000000000000, 1.000000000000000000 ),
 .UNSPECIFIED. ) 
 GEOMETRIC_REPRESENTATION_ITEM ( )  RATIONAL_B_SPLINE_SURFACE ( (
 ( 1.000000000000000000, 0.8047378541243649375, 0.8047378541243649375, 1.000000000000000000),
 ( 0.3333333333333333703, 0.2682459513747883495, 0.2682459513747883495, 0.3333333333333333703),
 ( 0.3333333333333333703, 0.2682459513747883495, 0.2682459513747883495, 0.3333333333333333703),
 ( 1.000000000000000000, 0.8047378541243649375, 0.8047378541243649375, 1.000000000000000000) ) ) 
 REPRESENTATION_ITEM ( '' )  SURFACE ( )  );
#1089 = CARTESIAN_POINT ( 'NONE',  ( 6.230536586854481307, -0.2466446090493140397, -7.742848530393670238E-16 ) ) ;
#1090 = CARTESIAN_POINT ( 'NONE',  ( 2.967264452589999824, 0.8470836428053110101, 1.300000030463270173 ) ) ;
#1091 = CARTESIAN_POINT ( 'NONE',  ( -3.500000000000000000, 0.6308584043937628394, 1.930858434857039896 ) ) ;
#1092 = CARTESIAN_POINT ( 'NONE',  ( -5.153672357518900959, 0.2773598194457059796, 0.05516503351853330184 ) ) ;
#1093 = CARTESIAN_POINT ( 'NONE',  ( -2.218867265165349600, 0.9002847350042212371, 0.3997152954590529883 ) ) ;
#1094 = CARTESIAN_POINT ( 'NONE',  ( 6.349239909091269674, -0.07678747668518980107, 0.1000000000000000333 ) ) ;
#1095 = CARTESIAN_POINT ( 'NONE',  ( -3.149310191193159802, -0.8624262690867170456, 2.162426299549990105 ) ) ;
#1096 = CARTESIAN_POINT ( 'NONE',  ( -5.165988759676549691, -0.1949377073418890050, 3.043260612571640168E-17 ) ) ;
#1097 = CARTESIAN_POINT ( 'NONE',  ( 6.109545911683990305, 0.5025919497734380181, -5.313323579980789533E-16 ) ) ;
#1098 = CARTESIAN_POINT ( 'NONE',  ( -5.938877072330189577, -0.5957456569946210090, 0.0000000000000000000 ) ) ;
#1099 = CARTESIAN_POINT ( 'NONE',  ( 2.385652428381599854, 0.8904619225971830421, 1.300000030463270173 ) ) ;
#1100 = CARTESIAN_POINT ( 'NONE',  ( -6.349357585764511036, 0.06660887686182649647, 0.08504003498291659580 ) ) ;
#1101 = CARTESIAN_POINT ( 'NONE',  ( 5.494938181979860836, 0.5433329124702379609, 0.2000000000000000111 ) ) ;
#1102 = CARTESIAN_POINT ( 'NONE',  ( -5.265391698418779853, -0.3966990776585879730, 0.09999999999501280046 ) ) ;
#1103 = CARTESIAN_POINT ( 'NONE',  ( 5.816240447523740364, 0.6014036292719550092, 0.09999999999937869699 ) ) ;
#1104 = ORIENTED_EDGE ( 'NONE', *, *, #1349, .T. ) ;
#1105 = LINE ( 'NONE', #2738, #144 ) ;
#1106 = CARTESIAN_POINT ( 'NONE',  ( 5.350371242332190747, 0.3371995738690010125, -7.710538485242250490E-17 ) ) ;
#1107 = CARTESIAN_POINT ( 'NONE',  ( -5.484703504757569625, 0.4256900183056059883, -2.305009309765480019E-16 ) ) ;
#1108 = CARTESIAN_POINT ( 'NONE',  ( 5.061862596584630225, -0.1754649862804660010, 0.08504003497890509633 ) ) ;
#1109 = CARTESIAN_POINT ( 'NONE',  ( -3.046257705760219814, 0.8541536936186510109, 2.154153724081920185 ) ) ;
#1110 = CARTESIAN_POINT ( 'NONE',  ( 6.347623178963989865, 0.09995202376006559475, 0.07756005247434169525 ) ) ;
#1111 = CARTESIAN_POINT ( 'NONE',  ( 3.079716191379540557, -0.8570832699196331284, 0.4429167605436410415 ) ) ;
#1112 = CARTESIAN_POINT ( 'NONE',  ( -2.199999969548116496, 0.0000000000000000000, 2.200366143018708254 ) ) ;
#1113 = CARTESIAN_POINT ( 'NONE',  ( 3.333637229839510052, -0.8503901119784420537, 1.300000030463270173 ) ) ;
#1114 = CARTESIAN_POINT ( 'NONE',  ( 5.072617130714619726, 0.04189336524548920027, 6.883236371689610012E-17 ) ) ;
#1115 = CARTESIAN_POINT ( 'NONE',  ( -5.047866504502173335, 7.008713395666309903E-05, 0.01097111886561199026 ) ) ;
#1116 = CARTESIAN_POINT ( 'NONE',  ( -6.216342787262510328, -0.4979231500696059687, 0.02507684312136020111 ) ) ;
#1117 = CARTESIAN_POINT ( 'NONE',  ( 5.156965854800580118, -0.1357123836403719974, -1.421296390462130003E-16 ) ) ;
#1118 = CARTESIAN_POINT ( 'NONE',  ( 0.0000000000000000000, 1.102406298517186810E-16, 0.4000000304632757575 ) ) ;
#1119 = CARTESIAN_POINT ( 'NONE',  ( -5.219618803453140110, 0.3458223680551070212, 0.05516503351900119839 ) ) ;
#1120 = CARTESIAN_POINT ( 'NONE',  ( -2.475120692249380028, 0.0000000000000000000, 0.4208555343904120116 ) ) ;
#1121 = CARTESIAN_POINT ( 'NONE',  ( -3.079716191379540557, 0.0000000000000000000, 2.157083300382910185 ) ) ;
#1122 = CARTESIAN_POINT ( 'NONE',  ( 5.751622473584060202, 0.5292455687969710443, -3.204921228324120027E-16 ) ) ;
#1123 = CARTESIAN_POINT ( 'NONE',  ( -5.577444020907750044, -0.5719321550693790002, 0.0000000000000000000 ) ) ;
#1124 = CARTESIAN_POINT ( 'NONE',  ( 5.006831639385319832, -0.004459456071597379598, 0.05516503352016000061 ) ) ;
#1125 = CARTESIAN_POINT ( 'NONE',  ( 5.001436930307090023, 0.04162226416585160238, 0.0000000000000000000 ) ) ;
#1126 = CARTESIAN_POINT ( 'NONE',  ( 5.007286067358699633, 0.07396672265262910217, 0.07756005247223199395 ) ) ;
#1127 = ORIENTED_EDGE ( 'NONE', *, *, #241, .T. ) ;
#1128 = FACE_OUTER_BOUND ( 'NONE', #713, .T. ) ;
#1129 = CARTESIAN_POINT ( 'NONE',  ( 5.166930669856959923, 0.1485339640423040120, 3.367458608202469863E-17 ) ) ;
#1130 = CARTESIAN_POINT ( 'NONE',  ( -5.154204416106080267, 0.1321009263443329862, -1.227356247833519963E-16 ) ) ;
#1131 = CARTESIAN_POINT ( 'NONE',  ( 5.077557448997300327, -0.1964273523685320377, 0.08504003497898569852 ) ) ;
#1132 = CARTESIAN_POINT ( 'NONE',  ( -3.190112246994440071, 0.8645113702127029676, 1.300000030463270173 ) ) ;
#1133 = CARTESIAN_POINT ( 'NONE',  ( 3.113135215446409809, 0.8598146433977209568, 1.300000030463270173 ) ) ;
#1134 = CARTESIAN_POINT ( 'NONE',  ( -5.816072179594810265, -0.5013830343026940417, -4.886095076375810452E-16 ) ) ;
#1135 = CARTESIAN_POINT ( 'NONE',  ( -3.500000000000000000, -0.1948977275831634826, 0.6996231465528195415 ) ) ;
#1136 = CARTESIAN_POINT ( 'NONE',  ( -5.888057339928713496, -0.4988267634030515429, -5.483126438699224837E-16 ) ) ;
#1137 = CARTESIAN_POINT ( 'NONE',  ( 3.499999995479639914, 0.6406317572097729451, 1.300000030463270173 ) ) ;
#1138 = CARTESIAN_POINT ( 'NONE',  ( 5.070076006184610407, 0.001979963950520689884, 6.940235337094750216E-17 ) ) ;
#1139 = EDGE_LOOP ( 'NONE', ( #3427, #5227, #2774, #1790 ) ) ;
#1140 = CARTESIAN_POINT ( 'NONE',  ( 2.199999969536729605, -0.9003661125554339728, 2.200366143018710474 ) ) ;
#1141 = CARTESIAN_POINT ( 'NONE',  ( -6.350000000000000533, 0.0000000000000000000, 0.09999999999999931166 ) ) ;
#1142 = FACE_OUTER_BOUND ( 'NONE', #1635, .T. ) ;
#1143 = CARTESIAN_POINT ( 'NONE',  ( -6.174726830975200365, -0.5341767717802360371, 0.02507684312135919844 ) ) ;
#1144 = CARTESIAN_POINT ( 'NONE',  ( 6.102231157360780145, -0.4735849604223270060, -5.224686430540691136E-16 ) ) ;
#1145 = CARTESIAN_POINT ( 'NONE',  ( 2.917476980842439893, 0.0000000000000000000, 0.4563077025750519877 ) ) ;
#1146 = PRESENTATION_STYLE_ASSIGNMENT (( #3640 ) ) ;
#1147 = CARTESIAN_POINT ( 'NONE',  ( -5.172460036392630300, 0.2979244612662370062, 0.05516503351865859744 ) ) ;
#1148 = CARTESIAN_POINT ( 'NONE',  ( -5.938877072330189577, 0.5957456569946210090, 0.0000000000000000000 ) ) ;
#1149 = CARTESIAN_POINT ( 'NONE',  ( -3.190112246994440959, 0.8645113702127030786, 2.164511400675979580 ) ) ;
#1150 = CARTESIAN_POINT ( 'NONE',  ( -5.879719958434580285, -0.5294456745111649765, -5.401071902615080088E-16 ) ) ;
#1151 = CARTESIAN_POINT ( 'NONE',  ( 5.348439064401410370, 0.3737141503544210153, -8.697404858914749898E-17 ) ) ;
#1152 = CARTESIAN_POINT ( 'NONE',  ( -6.107600309797909688, -0.5756272280106610184, 0.0000000000000000000 ) ) ;
#1153 = CARTESIAN_POINT ( 'NONE',  ( 5.095431007754180008, -0.1531359436359089887, 0.01308868717700819966 ) ) ;
#1154 = CARTESIAN_POINT ( 'NONE',  ( 2.312275712915440096, -0.8969320013308089701, 0.4030680291324649778 ) ) ;
#1155 = CARTESIAN_POINT ( 'NONE',  ( -6.226584322837699581, 0.5133959843100049936, 0.08504003498300589936 ) ) ;
#1156 = CARTESIAN_POINT ( 'NONE',  ( 5.121930140671279830, 0.2530289083352100232, 0.0000000000000000000 ) ) ;
#1157 = CARTESIAN_POINT ( 'NONE',  ( 5.001475595028580301, 0.03805829015001380156, 0.07756005247302340255 ) ) ;
#1158 = ORIENTED_EDGE ( 'NONE', *, *, #5173, .T. ) ;
#1159 = DIRECTION ( 'NONE',  ( 0.0000000000000000000, 0.0000000000000000000, -1.000000000000000000 ) ) ;
#1160 = CARTESIAN_POINT ( 'NONE',  ( 5.753656961022500127, 0.4993874827672369898, -3.204921228324120027E-16 ) ) ;
#1161 = CARTESIAN_POINT ( 'NONE',  ( -5.681084858851259689, 0.4912591598268100657, -3.706399523631569914E-16 ) ) ;
#1162 = CARTESIAN_POINT ( 'NONE',  ( 6.322041923333570068, -0.2645012624467409923, 0.05516503352020159928 ) ) ;
#1163 = CARTESIAN_POINT ( 'NONE',  ( -3.149310191193160247, 0.0000000000000000000, 0.4375737613765570133 ) ) ;
#1164 = CARTESIAN_POINT ( 'NONE',  ( 5.018666698254570235, 0.02252336732673059991, 0.02507684312128220100 ) ) ;
#1165 = CARTESIAN_POINT ( 'NONE',  ( 3.235639616665010099, 0.8646691662700990433, 1.300000030463270173 ) ) ;
#1166 = CARTESIAN_POINT ( 'NONE',  ( 4.886091287368748759, 0.4499999999999999556, 1.074999999999998179 ) ) ;
#1167 = CARTESIAN_POINT ( 'NONE',  ( -6.026292725784177406, -0.4866566137285601168, -6.626258542848252491E-16 ) ) ;
#1168 = CARTESIAN_POINT ( 'NONE',  ( 6.071718736108690173, 0.5629202528258140381, 0.02507684312134789845 ) ) ;
#1169 = AXIS2_PLACEMENT_3D ( 'NONE', #2896, #4474, #3294 ) ;
#1170 = CARTESIAN_POINT ( 'NONE',  ( 5.118021550270370312, -0.08158395013619405833, 6.471143959194640759E-17 ) ) ;
#1171 = CARTESIAN_POINT ( 'NONE',  ( -6.331763277724140160, -1.964412817941961889E-08, 0.02507684312139769889 ) ) ;
#1172 = CARTESIAN_POINT ( 'NONE',  ( 6.350000000000000533, 0.0000000000000000000, 0.09999999999999949207 ) ) ;
#1173 = CARTESIAN_POINT ( 'NONE',  ( -5.074958163234840391, -0.1625465594736379971, 0.02507684311766150004 ) ) ;
#1174 = CARTESIAN_POINT ( 'NONE',  ( 5.148931401456280810, -0.1250963141160540137, -1.387985807935640116E-16 ) ) ;
#1175 = CARTESIAN_POINT ( 'NONE',  ( 3.079716191379540557, 0.8570832699196331284, 2.157083300382910629 ) ) ;
#1176 = CARTESIAN_POINT ( 'NONE',  ( -5.065637397679309650, 0.1690508989099900050, 0.05516503351816540168 ) ) ;
#1177 = CARTESIAN_POINT ( 'NONE',  ( -6.176453577985229870, 0.5545352631851150349, 0.2000000000000000111 ) ) ;
#1178 = CARTESIAN_POINT ( 'NONE',  ( -3.046257705760219814, -0.8541536936186510109, 2.154153724081920185 ) ) ;
#1179 = CARTESIAN_POINT ( 'NONE',  ( -5.121871588440449763, -0.1388474170559260146, 6.617518305866129886E-17 ) ) ;
#1180 = CARTESIAN_POINT ( 'NONE',  ( -4.999999888241290158, 0.0000000000000000000, 0.0000000000000000000 ) ) ;
#1181 = CARTESIAN_POINT ( 'NONE',  ( 5.076513279783219978, -0.1266639712756320035, 0.01308868717749749923 ) ) ;
#1182 = CARTESIAN_POINT ( 'NONE',  ( -5.016963407929459606, 0.1021805313999780002, 0.09999999999813059814 ) ) ;
#1183 = CARTESIAN_POINT ( 'NONE',  ( 5.982101057793539844, 0.5919109406925260330, 0.2000000000000000111 ) ) ;
#1184 = CARTESIAN_POINT ( 'NONE',  ( 5.537547503779491009, 0.5570904922101189705, 0.09999999999823619423 ) ) ;
#1185 = DIRECTION ( 'NONE',  ( -0.0000000000000000000, -0.0000000000000000000, 1.000000000000000000 ) ) ;
#1186 = CARTESIAN_POINT ( 'NONE',  ( 5.391715786383850073, 0.3685729680507530137, -1.021066391560699945E-16 ) ) ;
#1187 = DIRECTION ( 'NONE',  ( -1.000000000000000000, -0.0000000000000000000, 5.874195897487600417E-17 ) ) ;
#1188 = CARTESIAN_POINT ( 'NONE',  ( 5.883123131978750919, -0.5926123187215189825, 0.05516503352012690209 ) ) ;
#1189 = CARTESIAN_POINT ( 'NONE',  ( -3.190112246994440959, -0.8645113702127030786, 0.4354886602505709803 ) ) ;
#1190 = CARTESIAN_POINT ( 'NONE',  ( -5.093619931113090082, -0.2170370157379959974, 0.07756005246302019596 ) ) ;
#1191 = CARTESIAN_POINT ( 'NONE',  ( 3.284326568066441077, -0.8607250946741169528, 2.160725125137389568 ) ) ;
#1192 = CARTESIAN_POINT ( 'NONE',  ( -5.218251900105450147, -0.2097535195142649911, 6.134164791273559959E-18 ) ) ;
#1193 = CARTESIAN_POINT ( 'NONE',  ( 4.724999999999999645, 0.4499999999999999556, 1.524999999999998135 ) ) ;
#1194 = EDGE_CURVE ( 'NONE', #2364, #4210, #4350, .T. ) ;
#1195 = CARTESIAN_POINT ( 'NONE',  ( 2.199999969434429659, 0.0000000000000000000, 0.3996339179078507997 ) ) ;
#1196 = CARTESIAN_POINT ( 'NONE',  ( -5.038339610449559913, -0.1053638800452850049, 0.02507684312019009890 ) ) ;
#1197 = CARTESIAN_POINT ( 'NONE',  ( 5.681084858851259689, -0.4912591598268100657, -2.701196742576510719E-16 ) ) ;
#1198 = CARTESIAN_POINT ( 'NONE',  ( 3.046257705760219814, -0.8541536936186510109, 1.300000030463270173 ) ) ;
#1199 = CARTESIAN_POINT ( 'NONE',  ( -5.615731871702280387, 0.5391931284666500179, 0.01308868717824659966 ) ) ;
#1200 = CARTESIAN_POINT ( 'NONE',  ( -6.337018543290589889, 0.2254406790683469997, 0.0000000000000000000 ) ) ;
#1201 = CARTESIAN_POINT ( 'NONE',  ( -2.199999969548116496, 0.0000000000000000000, 1.300000030463270173 ) ) ;
#1202 = CARTESIAN_POINT ( 'NONE',  ( 5.096350983245669930, -0.1543896845201160328, 0.01308868717700959958 ) ) ;
#1203 = CARTESIAN_POINT ( 'NONE',  ( -5.083582269809089560, 0.2042463644467860107, 0.08504003497900609887 ) ) ;
#1204 = CARTESIAN_POINT ( 'NONE',  ( 6.107600309797909688, 0.5756272280106610184, 0.2000000000000000111 ) ) ;
#1205 = CARTESIAN_POINT ( 'NONE',  ( 5.096680813166480029, 0.2208593679354959871, 0.09999999998868590312 ) ) ;
#1206 = CARTESIAN_POINT ( 'NONE',  ( -2.218867265165349600, -3.959477811055763117E-15, 0.3997152954590519336 ) ) ;
#1207 = CARTESIAN_POINT ( 'NONE',  ( -3.499999999999999556, 0.09937650913386492091, 1.925321729811848348 ) ) ;
#1208 = CARTESIAN_POINT ( 'NONE',  ( 5.366701839922740191, 0.3500125213943319769, -8.697404858914749898E-17 ) ) ;
#1209 = CARTESIAN_POINT ( 'NONE',  ( -5.410603633123799661, -0.5023060787889991330, 0.2000000000000008993 ) ) ;
#1210 = CARTESIAN_POINT ( 'NONE',  ( 5.001831653057750238, -0.04174307699276499917, 0.08504003498208530243 ) ) ;
#1211 = CARTESIAN_POINT ( 'NONE',  ( -5.064886353079909753, -0.1796652611268750033, 0.07756005246196440162 ) ) ;
#1212 = CARTESIAN_POINT ( 'NONE',  ( 3.481874671466670179, 0.0000000000000000000, 2.025787487851350210 ) ) ;
#1213 = CARTESIAN_POINT ( 'NONE',  ( -5.168743065532701131, -0.1508262616984830107, 4.725101208427319955E-17 ) ) ;
#1214 = CARTESIAN_POINT ( 'NONE',  ( -6.123818540111169995, 0.4906826991358390622, -7.383397714506440346E-16 ) ) ;
#1215 = CARTESIAN_POINT ( 'NONE',  ( -6.067979808077089920, -0.4805623783355603140, -6.970988235628639924E-16 ) ) ;
#1216 = CARTESIAN_POINT ( 'NONE',  ( 5.118705879624320332, 0.2190782199281980092, 0.02507684311803649868 ) ) ;
#1217 = EDGE_CURVE ( 'NONE', #1957, #2558, #1473, .T. ) ;
#1218 = CARTESIAN_POINT ( 'NONE',  ( 2.218867265165350044, 0.0000000000000000000, 2.200284765467499959 ) ) ;
#1219 = CARTESIAN_POINT ( 'NONE',  ( -5.075173356258609658, -0.1628429679996890034, 0.02507684311766170127 ) ) ;
#1220 = CARTESIAN_POINT ( 'NONE',  ( 5.816072157253530328, -0.5013881415460089697, -3.531606678704460063E-16 ) ) ;
#1221 = CARTESIAN_POINT ( 'NONE',  ( 3.190112246994440071, 0.0000000000000000000, 2.164511400675980468 ) ) ;
#1222 = CARTESIAN_POINT ( 'NONE',  ( -5.115378278921570043, 0.1795240217138930061, 0.01308868717704330005 ) ) ;
#1223 = CARTESIAN_POINT ( 'NONE',  ( -6.024851973780100067, 0.5875604833422150008, 0.2000000000000000111 ) ) ;
#1224 = CARTESIAN_POINT ( 'NONE',  ( -3.456526291164410125, 0.0000000000000000000, 0.5318854181080340249 ) ) ;
#1225 = CARTESIAN_POINT ( 'NONE',  ( 2.256433125465449496, -3.956406408310790634E-15, 0.4004136544695839350 ) ) ;
#1226 = CARTESIAN_POINT ( 'NONE',  ( 5.132722418300439848, -0.2013473592732770157, 0.01308868717711960013 ) ) ;
#1227 = CARTESIAN_POINT ( 'NONE',  ( 2.644399860962149962, 0.8554816188591789494, 0.4445184116040949984 ) ) ;
#1228 = CARTESIAN_POINT ( 'NONE',  ( -5.061862596584630225, 0.1754649862804660010, 0.08504003497890509633 ) ) ;
#1229 = B_SPLINE_CURVE_WITH_KNOTS ( 'NONE', 5,
 ( #3445, #5111, #1407, #948, #4258, #3047, #140, #3422, #4695, #5063, #1361, #1384, #1018, #4651, #567, #2193, #3844, #167, #3023, #4672, #2118, #667, #2331, #1042, #1885, #3942, #1431, #2302, #3100, #2780, #267, #2677, #4835, #2274, #1915, #3915, #1830, #1094, #4331, #2729 ),
 .UNSPECIFIED., .F., .F.,
 ( 6, 1, 1, 1, 1, 1, 1, 1, 1, 1, 1, 1, 1, 1, 1, 1, 1, 1, 1, 1, 1, 1, 1, 1, 1, 1, 1, 1, 1, 1, 1, 1, 1, 1, 1, 6 ),
 ( 0.0000000000000000000, 0.02857142857142802583, 0.05714285714285705087, 0.08571428571428596488, 0.1142857142857139907, 0.1428571428571430157, 0.1714285714285710416, 0.1999999999999999556, 0.2285714285714279814, 0.2571428571428570065, 0.2857142857142860315, 0.3142857142857139463, 0.3428571428571429713, 0.3714285714285709972, 0.4000000000000000222, 0.4285714285714280480, 0.4571428571428569620, 0.4857142857142859871, 0.5142857142857140129, 0.5428571428571429269, 0.5714285714285709528, 0.5999999999999999778, 0.6285714285714290028, 0.6571428571428570287, 0.6857142857142859427, 0.7142857142857139685, 0.7428571428571429935, 0.7714285714285710194, 0.8000000000000000444, 0.8285714285714289584, 0.8571428571428569843, 0.8857142857142860093, 0.9142857142857142572, 0.9428571428571429491, 0.9714285714285714191, 1.000000000000000000 ),
 .UNSPECIFIED. ) ;
#1230 = CARTESIAN_POINT ( 'NONE',  ( 5.065525030862580103, 0.1805304728479119880, 0.09999999998760830677 ) ) ;
#1231 = CARTESIAN_POINT ( 'NONE',  ( -3.284326568066440188, -3.785493390338400115E-15, 0.4392749357891569950 ) ) ;
#1232 = CARTESIAN_POINT ( 'NONE',  ( 2.218867265165349600, -0.9002847350042212371, 2.200284765467499959 ) ) ;
#1233 = CARTESIAN_POINT ( 'NONE',  ( 5.142613855881360330, 0.1165464321985200113, 4.823762725366210104E-17 ) ) ;
#1234 = CARTESIAN_POINT ( 'NONE',  ( -6.301578169905729609, -0.3693503180003809838, 0.2000000000000008993 ) ) ;
#1235 = CARTESIAN_POINT ( 'NONE',  ( 5.000430390515130163, -0.02338736143942889839, 0.08504003498267899419 ) ) ;
#1236 = CARTESIAN_POINT ( 'NONE',  ( -5.062971060260689882, -0.1770613581688700033, 0.07756005246193231617 ) ) ;
#1237 = VERTEX_POINT ( 'NONE', #1332 ) ;
#1238 = CARTESIAN_POINT ( 'NONE',  ( 3.481874671466670179, 0.7257874573880770397, 1.300000030463270173 ) ) ;
#1239 = CARTESIAN_POINT ( 'NONE',  ( -5.148932302334380040, -0.1250992511394070084, 6.369170437871400087E-17 ) ) ;
#1240 = CARTESIAN_POINT ( 'NONE',  ( -6.127726057146250405, 0.4893415988593819987, -7.334662721681549566E-16 ) ) ;
#1241 = CARTESIAN_POINT ( 'NONE',  ( -2.218867265165349600, 0.9002847350042212371, 0.3997152954590529883 ) ) ;
#1242 = CARTESIAN_POINT ( 'NONE',  ( 5.576875486354789579, 0.5506494703719929662, 0.02507684312094770121 ) ) ;
#1243 = CARTESIAN_POINT ( 'NONE',  ( 2.385652428381600298, -0.8904619225971831531, 0.4095381078660910168 ) ) ;
#1244 = CARTESIAN_POINT ( 'NONE',  ( 5.893733830988099776, 0.5990531213409430178, 0.09999999999999939493 ) ) ;
#1245 = AXIS2_PLACEMENT_3D ( 'NONE', #2535, #3327, #5266 ) ;
#1246 = CARTESIAN_POINT ( 'NONE',  ( -5.018237720457340956, 0.0002857407490259710066, 0.02507684312139860441 ) ) ;
#1247 = CARTESIAN_POINT ( 'NONE',  ( 5.655253982674430802, -0.5895555966763510458, 0.1999999999999987621 ) ) ;
#1248 = CARTESIAN_POINT ( 'NONE',  ( 3.009674527917810316, 0.8508116070344400317, 1.300000030463270173 ) ) ;
#1249 =( NAMED_UNIT ( * ) SI_UNIT ( $, .STERADIAN. ) SOLID_ANGLE_UNIT ( ) );
#1250 = CARTESIAN_POINT ( 'NONE',  ( -6.192619455953289886, 0.4911784560460970561, 0.01308868717844960047 ) ) ;
#1251 = AXIS2_PLACEMENT_3D ( 'NONE', #3605, #926, #2502 ) ;
#1252 = CARTESIAN_POINT ( 'NONE',  ( -6.281565084905249563, 0.4197854674473779912, 0.0000000000000000000 ) ) ;
#1253 = CARTESIAN_POINT ( 'NONE',  ( -3.380581965863679983, 0.0000000000000000000, 2.131811070476940184 ) ) ;
#1254 = CARTESIAN_POINT ( 'NONE',  ( 2.312275712915439652, -3.944732393222822666E-15, 0.4030680291324649223 ) ) ;
#1255 = CARTESIAN_POINT ( 'NONE',  ( 5.343415730561480004, -0.4074377210556169859, 0.01308868717790499965 ) ) ;
#1256 = CARTESIAN_POINT ( 'NONE',  ( 2.561655826735730113, -0.8667525124322019714, 2.166752542895479472 ) ) ;
#1257 = CARTESIAN_POINT ( 'NONE',  ( -5.062288024650819729, 0.1760470153095770041, 0.08504003497890559593 ) ) ;
#1258 = CARTESIAN_POINT ( 'NONE',  ( 5.883494035608739736, -0.5994401913979839902, 0.09999999999990109856 ) ) ;
#1259 = CARTESIAN_POINT ( 'NONE',  ( -5.075452502833499580, -0.1937682791880019906, 0.09999999998800629397 ) ) ;
#1260 = CARTESIAN_POINT ( 'NONE',  ( 5.214896544371310227, 0.3508113022117270163, 0.09999999999335019985 ) ) ;
#1261 = CARTESIAN_POINT ( 'NONE',  ( -6.337018543290589889, -0.2254406790683469997, 0.09999999999999920064 ) ) ;
#1262 = CARTESIAN_POINT ( 'NONE',  ( -5.494938181979860836, -0.5433329124702379609, 0.2000000000000008993 ) ) ;
#1263 = CARTESIAN_POINT ( 'NONE',  ( 5.000086222721890294, -0.01117913285724519978, 0.08504003498283159435 ) ) ;
#1264 = CARTESIAN_POINT ( 'NONE',  ( 2.256433125465449940, 0.0000000000000000000, 0.4004136544695839905 ) ) ;
#1265 = CARTESIAN_POINT ( 'NONE',  ( 3.500000000000000000, 0.0000000000000000000, 0.6691416260695111085 ) ) ;
#1266 = CARTESIAN_POINT ( 'NONE',  ( -5.060119611329811029, -0.1731509327738720017, 0.07756005246191580160 ) ) ;
#1267 = ORIENTED_EDGE ( 'NONE', *, *, #4087, .F. ) ;
#1268 = CARTESIAN_POINT ( 'NONE',  ( -5.100061150295349677, -0.009122986098631590338, 1.040349376078500034E-16 ) ) ;
#1269 = DIRECTION ( 'NONE',  ( -0.0000000000000000000, -0.0000000000000000000, -1.000000000000000000 ) ) ;
#1270 = CARTESIAN_POINT ( 'NONE',  ( -6.141754209794360264, 0.4836784199748609958, -7.948454992334090422E-16 ) ) ;
#1271 = CARTESIAN_POINT ( 'NONE',  ( -2.385652428381600298, 0.8904619225971831531, 0.4095381078660910168 ) ) ;
#1272 = CARTESIAN_POINT ( 'NONE',  ( 2.256433125465450384, 0.8995863759936900683, 0.4004136544695839905 ) ) ;
#1273 = CARTESIAN_POINT ( 'NONE',  ( -6.224514148947720038, 0.5179580399670840052, 0.1999999999999987621 ) ) ;
#1274 = CARTESIAN_POINT ( 'NONE',  ( -5.105936583677539886, -0.2032261012794049915, 0.02507684311798789867 ) ) ;
#1275 = CARTESIAN_POINT ( 'NONE',  ( 5.005131274932780094, -0.06589125179157340195, 0.09999999999876289791 ) ) ;
#1276 = CARTESIAN_POINT ( 'NONE',  ( 6.224514148947720038, -0.5179580399670840052, 0.1999999999999987621 ) ) ;
#1277 = CARTESIAN_POINT ( 'NONE',  ( 3.009674527917809872, -0.8508116070344399207, 0.4491884234288340827 ) ) ;
#1278 = CARTESIAN_POINT ( 'NONE',  ( -6.158027436183539649, 0.5172801758412971518, 0.01308868717844740084 ) ) ;
#1279 = CARTESIAN_POINT ( 'NONE',  ( -6.107600309797909688, 0.5756272280106610184, 0.0000000000000000000 ) ) ;
#1280 = CARTESIAN_POINT ( 'NONE',  ( -3.333637229839509608, 0.8503901119784410545, 2.150390142441719998 ) ) ;
#1281 = CARTESIAN_POINT ( 'NONE',  ( -5.131190402708620368, -0.1512739166511949951, 5.865732594513809778E-17 ) ) ;
#1282 = CARTESIAN_POINT ( 'NONE',  ( 2.385652428381599854, -3.916276803357184140E-15, 0.4095381078660910723 ) ) ;
#1283 = CARTESIAN_POINT ( 'NONE',  ( 5.139155351849989728, -0.1493629637319680015, -1.407555885506979891E-16 ) ) ;
#1284 = CARTESIAN_POINT ( 'NONE',  ( -3.456526291164410125, 0.0000000000000000000, 2.068114642818509985 ) ) ;
#1285 = CARTESIAN_POINT ( 'NONE',  ( -5.030245788540510077, 0.1286367653321099924, 0.08504003498075370093 ) ) ;
#1286 = CARTESIAN_POINT ( 'NONE',  ( 5.746868630017200275, -0.5991839344900750097, 0.09999999999978780030 ) ) ;
#1287 = CARTESIAN_POINT ( 'NONE',  ( 5.151921746232630106, 0.2856381698136389868, 0.09999999999042559484 ) ) ;
#1288 = CARTESIAN_POINT ( 'NONE',  ( -6.067120671245721297, -0.5823399928957599947, 0.09999999999999920064 ) ) ;
#1289 = CARTESIAN_POINT ( 'NONE',  ( -6.107600309797909688, -0.5756272280106610184, 0.2000000000000008993 ) ) ;
#1290 = CARTESIAN_POINT ( 'NONE',  ( 3.498961390185070019, 0.0000000000000000000, 1.960039001642569945 ) ) ;
#1291 = CARTESIAN_POINT ( 'NONE',  ( -5.060199362310140003, -0.1732608393337750075, 0.07756005246191639835 ) ) ;
#1292 = ORIENTED_EDGE ( 'NONE', *, *, #2472, .F. ) ;
#1293 = CARTESIAN_POINT ( 'NONE',  ( 3.494287647928740359, 0.0000000000000000000, 1.988731239045399946 ) ) ;
#1294 = CARTESIAN_POINT ( 'NONE',  ( -6.090545139129184271, 0.4762913995831840053, -7.157591356144912651E-16 ) ) ;
#1295 = CARTESIAN_POINT ( 'NONE',  ( -5.720043106992879878, 0.5189597198557029945, -4.292231881838520004E-16 ) ) ;
#1296 = CARTESIAN_POINT ( 'NONE',  ( -2.199999969536729605, 0.9003661125554339728, 2.200366143018710474 ) ) ;
#1297 = CARTESIAN_POINT ( 'NONE',  ( 5.386981036644470144, 0.4640150719551100478, 0.02507684312044439895 ) ) ;
#1298 = CARTESIAN_POINT ( 'NONE',  ( 2.385652428381599854, -0.8904619225971830421, 1.300000030463270173 ) ) ;
#1299 = CARTESIAN_POINT ( 'NONE',  ( -5.012385225038310743, 0.09377143883761659970, 0.1999999999999987621 ) ) ;
#1300 = CARTESIAN_POINT ( 'NONE',  ( -5.377279509026039683, -0.4794636745473330186, 0.07756005247118219481 ) ) ;
#1301 = CARTESIAN_POINT ( 'NONE',  ( 5.060147815117470138, -0.1731093064064309905, 0.09999999999599709644 ) ) ;
#1302 = CARTESIAN_POINT ( 'NONE',  ( 5.100062238567989681, -0.009123147613318489599, -3.925047948668179864E-16 ) ) ;
#1303 = CARTESIAN_POINT ( 'NONE',  ( -5.093899516107289749, 0.1510404646791299876, 0.01308868717700739995 ) ) ;
#1304 = CARTESIAN_POINT ( 'NONE',  ( 5.010717878242175516, -8.501649573785874999E-05, 0.04764642153954660314 ) ) ;
#1305 = CARTESIAN_POINT ( 'NONE',  ( -3.481874671466670179, 0.7257874573880770397, 2.025787487851350654 ) ) ;
#1306 = CARTESIAN_POINT ( 'NONE',  ( -5.070085441060760090, -0.004803192411383199606, 1.040797517332120045E-16 ) ) ;
#1307 = CARTESIAN_POINT ( 'NONE',  ( 5.224284119230865997, 0.2173423230746972801, 4.330549098229657730E-19 ) ) ;
#1308 = CARTESIAN_POINT ( 'NONE',  ( 6.194950435452970083, -0.4197159907732340711, -6.312833997989789675E-16 ) ) ;
#1309 = CARTESIAN_POINT ( 'NONE',  ( -3.456526291164410125, 0.0000000000000000000, 2.068114642818509985 ) ) ;
#1310 = CARTESIAN_POINT ( 'NONE',  ( -5.043147541999321248, 0.1492548431500820005, 0.08504003498029699681 ) ) ;
#1311 = CARTESIAN_POINT ( 'NONE',  ( 5.471082007783450329, -0.5302496006701600262, 0.09999999999914689630 ) ) ;
#1312 = CARTESIAN_POINT ( 'NONE',  ( -5.000079833572209864, -0.01133376250456960034, 0.09999999999981989962 ) ) ;
#1313 = CARTESIAN_POINT ( 'NONE',  ( -3.499999999999999556, 0.5079767750278287863, 0.9157027257937935261 ) ) ;
#1314 = CARTESIAN_POINT ( 'NONE',  ( 5.104587906978199641, 0.05031716002133680005, 6.752592074189240278E-17 ) ) ;
#1315 = CARTESIAN_POINT ( 'NONE',  ( 5.048820513078569938, -0.1454570932866230126, 0.05516503351886589690 ) ) ;
#1316 = CARTESIAN_POINT ( 'NONE',  ( -6.239275224659439623, 0.4967641990208740421, 0.1000000000000989958 ) ) ;
#1317 = CARTESIAN_POINT ( 'NONE',  ( -5.816240447523740364, -0.6014036292719550092, 0.09999999999937861372 ) ) ;
#1318 = CARTESIAN_POINT ( 'NONE',  ( 5.377279509026039683, 0.4794636745473330186, 0.07756005247118219481 ) ) ;
#1319 = ORIENTED_EDGE ( 'NONE', *, *, #2857, .F. ) ;
#1320 = CARTESIAN_POINT ( 'NONE',  ( 3.499999995479639914, 0.0000000000000000000, 0.6593682732535010027 ) ) ;
#1321 = CARTESIAN_POINT ( 'NONE',  ( -5.143092816034480208, -0.1172017272758120038, 6.852054379396890332E-17 ) ) ;
#1322 = CARTESIAN_POINT ( 'NONE',  ( -6.350000000000000533, 0.0000000000000000000, 0.09999999999999931166 ) ) ;
#1323 = CARTESIAN_POINT ( 'NONE',  ( -2.475120692249380028, 0.0000000000000000000, 2.179144526536139992 ) ) ;
#1324 = CARTESIAN_POINT ( 'NONE',  ( 2.561655826735730113, 0.0000000000000000000, 0.4332475180310719765 ) ) ;
#1325 = CARTESIAN_POINT ( 'NONE',  ( -5.024698807116640076, 0.1207599828996299973, 0.1999999999999987621 ) ) ;
#1326 = CARTESIAN_POINT ( 'NONE',  ( -6.342625884294790239, -0.1661372783130840303, 0.07756005247432939953 ) ) ;
#1327 = CARTESIAN_POINT ( 'NONE',  ( 5.109041416703489880, -0.06322186946971609933, -2.339565315230829799E-16 ) ) ;
#1328 = CARTESIAN_POINT ( 'NONE',  ( -3.498961390185080234, 0.6600389711792969960, 0.6399610592839770629 ) ) ;
#1329 = CARTESIAN_POINT ( 'NONE',  ( 5.268703541480070029, -0.2949284435414269989, -1.375403749781329917E-16 ) ) ;
#1330 = CARTESIAN_POINT ( 'NONE',  ( -6.230549123839690395, 0.4972704165784290753, 0.05516503352022650297 ) ) ;
#1331 = CARTESIAN_POINT ( 'NONE',  ( 6.153655414889610320, -0.5624788634339560334, 0.1000000000000900030 ) ) ;
#1332 = CARTESIAN_POINT ( 'NONE',  ( 3.500000000000000000, 3.862893628280142098E-17, 0.6691416260695089990 ) ) ;
#1333 = CARTESIAN_POINT ( 'NONE',  ( 6.090876997843727381, -0.4762075380993921470, -5.237702554296349310E-16 ) ) ;
#1334 = CARTESIAN_POINT ( 'NONE',  ( -4.999999960734370141, 2.299150617883967936E-11, 0.09999999999999951983 ) ) ;
#1335 = CARTESIAN_POINT ( 'NONE',  ( -2.722375865889810065, 0.0000000000000000000, 2.147146350084740085 ) ) ;
#1336 = CARTESIAN_POINT ( 'NONE',  ( -5.149695184300856710, -0.4499999999999999556, 1.524999999999999023 ) ) ;
#1337 = CARTESIAN_POINT ( 'NONE',  ( 5.442073988418339781, -0.5085453782309280468, 0.05516503351970199892 ) ) ;
#1338 = CARTESIAN_POINT ( 'NONE',  ( -6.163834496138529850, 0.5587153004343790030, 0.1000000000000900030 ) ) ;
#1339 = MECHANICAL_DESIGN_GEOMETRIC_PRESENTATION_REPRESENTATION (  '', ( #749 ), #1842 ) ;
#1340 = CARTESIAN_POINT ( 'NONE',  ( -5.537547503779491009, -0.5570904922101189705, 0.09999999999823609709 ) ) ;
#1341 = CARTESIAN_POINT ( 'NONE',  ( 5.094930639287309937, 0.2186766812680739913, 0.07756005246303410150 ) ) ;
#1342 = ORIENTED_EDGE ( 'NONE', *, *, #1731, .T. ) ;
#1343 = CARTESIAN_POINT ( 'NONE',  ( -5.101085950417679982, -0.02866417663034820026, 1.031975505525179960E-16 ) ) ;
#1344 = CARTESIAN_POINT ( 'NONE',  ( -5.806393920181197821, 0.5012450920495691298, -4.807813990513253802E-16 ) ) ;
#1345 = CARTESIAN_POINT ( 'NONE',  ( -5.081457675180789835, 0.05093863273996310226, -2.667912259970999881E-16 ) ) ;
#1346 = CARTESIAN_POINT ( 'NONE',  ( 5.106796632788929813, 0.2043078977693359999, 0.02507684311798909910 ) ) ;
#1347 = CARTESIAN_POINT ( 'NONE',  ( 2.644399860962149962, 0.8554816188591789494, 0.4445184116040949984 ) ) ;
#1348 = CARTESIAN_POINT ( 'NONE',  ( -6.337018543290589889, 0.2254406790683469997, 0.1999999999999987621 ) ) ;
#1349 = EDGE_CURVE ( 'NONE', #2039, #2066, #4182, .T. ) ;
#1350 = CARTESIAN_POINT ( 'NONE',  ( -5.319524954015859564, -0.4397181801399990264, 0.07756005247045159867 ) ) ;
#1351 = CARTESIAN_POINT ( 'NONE',  ( 6.228982215558739988, -0.5105102698070109746, 0.08504003498300610753 ) ) ;
#1352 = CARTESIAN_POINT ( 'NONE',  ( 5.982101057793539844, -0.5919109406925260330, 0.1999999999999987621 ) ) ;
#1353 = CARTESIAN_POINT ( 'NONE',  ( 3.235639616665010543, -0.8646691662700989323, 2.164669196733370438 ) ) ;
#1354 = CARTESIAN_POINT ( 'NONE',  ( -6.205396704347729830, 0.3980190373720670083, -8.538179563556740429E-16 ) ) ;
#1355 = CARTESIAN_POINT ( 'NONE',  ( 3.499999995479639914, 0.0000000000000000000, 1.940631787673050113 ) ) ;
#1356 = CARTESIAN_POINT ( 'NONE',  ( -3.499999995479639914, 0.0000000000000000000, 1.940631787673050113 ) ) ;
#1357 = CARTESIAN_POINT ( 'NONE',  ( 6.114671158035210219, -0.4934808019073900209, -5.344630214362791092E-16 ) ) ;
#1358 = CARTESIAN_POINT ( 'NONE',  ( -6.257818785911290149, 0.4520526226197260078, 0.05516503352022329720 ) ) ;
#1359 = CARTESIAN_POINT ( 'NONE',  ( 5.122871628641700426, -0.2524692342068439732, 0.09999999999655999339 ) ) ;
#1360 = CARTESIAN_POINT ( 'NONE',  ( -5.062971060260689882, -0.1770613581688700033, 0.09999999998757369557 ) ) ;
#1361 = CARTESIAN_POINT ( 'NONE',  ( 5.180316525110471026, -0.3182787896309660081, 0.1000000000000000333 ) ) ;
#1362 = CARTESIAN_POINT ( 'NONE',  ( -2.644399860962149962, -0.8554816188591789494, 0.4445184116040949984 ) ) ;
#1363 = CARTESIAN_POINT ( 'NONE',  ( -4.724999999999999645, 2.755455298081545086E-17, 1.074999999999999067 ) ) ;
#1364 = CARTESIAN_POINT ( 'NONE',  ( -5.606060966458220385, 0.5783608650055169775, 0.09999999999952159657 ) ) ;
#1365 = CARTESIAN_POINT ( 'NONE',  ( -5.916224669004390257, -0.5973726838689970009, 0.09999999999959649499 ) ) ;
#1366 = CARTESIAN_POINT ( 'NONE',  ( -6.255221508088769866, -0.2710033117222669929, -8.290645964397780101E-16 ) ) ;
#1367 = CARTESIAN_POINT ( 'NONE',  ( -6.138712497932080403, 0.4597228192305289896, -7.940004298021310108E-16 ) ) ;
#1368 = CARTESIAN_POINT ( 'NONE',  ( -2.917476980842439893, -0.8436923278882220156, 0.4563077025750520432 ) ) ;
#1369 = CARTESIAN_POINT ( 'NONE',  ( 5.079560784362150194, 0.1688356882020910221, 0.02507684311767590171 ) ) ;
#1370 = CARTESIAN_POINT ( 'NONE',  ( 2.859815149085939812, 0.0000000000000000000, 2.141812903471060014 ) ) ;
#1371 = CARTESIAN_POINT ( 'NONE',  ( -4.999999888241290158, 0.0000000000000000000, 0.2000000000000000111 ) ) ;
#1372 = CARTESIAN_POINT ( 'NONE',  ( -5.537547503779491009, -0.5570904922101189705, 0.07756005247259470381 ) ) ;
#1373 = DIRECTION ( 'NONE',  ( -1.000000000000000000, 0.0000000000000000000, -1.445602896647336944E-15 ) ) ;
#1374 = CARTESIAN_POINT ( 'NONE',  ( -5.092714244315409644, 0.1494103022447779983, 0.01308868717700670085 ) ) ;
#1375 = ADVANCED_FACE ( 'NONE', ( #4231 ), #2428, .F. ) ;
#1376 = CARTESIAN_POINT ( 'NONE',  ( 5.146526737722349587, 0.1709627198022490024, 3.185793379029090190E-17 ) ) ;
#1377 = CARTESIAN_POINT ( 'NONE',  ( -3.498961390185080234, 0.0000000000000000000, 1.960039001642569945 ) ) ;
#1378 = CARTESIAN_POINT ( 'NONE',  ( -6.330819137505169891, -0.06591717056991421020, 0.02507684312139470476 ) ) ;
#1379 = CARTESIAN_POINT ( 'NONE',  ( 5.677387237977380430, -0.5134095232507209783, -2.687456237621349760E-16 ) ) ;
#1380 = CARTESIAN_POINT ( 'NONE',  ( -3.422270755428200140, 0.0000000000000000000, 0.4958854356055250046 ) ) ;
#1381 = CARTESIAN_POINT ( 'NONE',  ( -6.133813512268609713, 0.5616004191474659457, 0.05516503352022070206 ) ) ;
#1382 = CARTESIAN_POINT ( 'NONE',  ( 5.133801468063290407, -0.2651517463675360231, 0.09999999999664299644 ) ) ;
#1383 = CARTESIAN_POINT ( 'NONE',  ( -5.061854290447939775, -0.1755343846201090074, 0.09999999998757010122 ) ) ;
#1384 = CARTESIAN_POINT ( 'NONE',  ( 5.249864402188619827, -0.3858697217414899794, 0.1000000000000000333 ) ) ;
#1385 = CARTESIAN_POINT ( 'NONE',  ( -2.917476980842439893, -0.8436923278882220156, 2.143692358351500626 ) ) ;
#1386 = CARTESIAN_POINT ( 'NONE',  ( -4.886091287368748759, 0.4500000000000000666, 1.074999999999999289 ) ) ;
#1387 = CARTESIAN_POINT ( 'NONE',  ( 5.011865067452330180, -0.06460658822260660628, 0.05516503351955510254 ) ) ;
#1388 = CARTESIAN_POINT ( 'NONE',  ( -5.167461477135049996, 0.3025742508149940058, 0.09999999999697820052 ) ) ;
#1389 = CARTESIAN_POINT ( 'NONE',  ( -6.329542933208760047, -0.2577334885221250760, 0.09999999999994919897 ) ) ;
#1390 = CARTESIAN_POINT ( 'NONE',  ( 5.098434870269880292, 0.2230367914402849872, 0.07756005246309580214 ) ) ;
#1391 = VERTEX_POINT ( 'NONE', #2596 ) ;
#1392 = CARTESIAN_POINT ( 'NONE',  ( 3.500000000000000000, 0.0000000000000000000, 0.6691416260695111085 ) ) ;
#1393 = CARTESIAN_POINT ( 'NONE',  ( -6.246123710359430703, 0.1259007483707219877, -1.117078122510819960E-15 ) ) ;
#1394 = CARTESIAN_POINT ( 'NONE',  ( -2.561655826735730113, -0.8667525124322019714, 0.4332475180310719209 ) ) ;
#1395 = CARTESIAN_POINT ( 'NONE',  ( 2.859815149085939812, -0.8418128730077889532, 2.141812903471060014 ) ) ;
#1396 = CARTESIAN_POINT ( 'NONE',  ( -6.145616955418160110, -0.4540277343295279766, -7.620686911306770128E-16 ) ) ;
#1397 = CARTESIAN_POINT ( 'NONE',  ( 3.422270755428199251, -3.536518805764738667E-15, 0.4958854356055250046 ) ) ;
#1398 = CARTESIAN_POINT ( 'NONE',  ( -3.149310191193160247, 0.0000000000000000000, 2.162426299549990105 ) ) ;
#1399 = CARTESIAN_POINT ( 'NONE',  ( -5.040283607206530014, 0.001062114540153710025, 0.01308868717841490253 ) ) ;
#1400 = CARTESIAN_POINT ( 'NONE',  ( 5.117485890828949557, 0.1328673930913449874, 4.879891452943670199E-17 ) ) ;
#1401 = CARTESIAN_POINT ( 'NONE',  ( 6.301578169905729609, -0.3693503180003809838, 0.0000000000000000000 ) ) ;
#1402 = CARTESIAN_POINT ( 'NONE',  ( -3.498961390185080234, 0.0000000000000000000, 1.960039001642569945 ) ) ;
#1403 = CARTESIAN_POINT ( 'NONE',  ( -6.305815959968890105, -0.2822756865456719777, 0.02507684312138210025 ) ) ;
#1404 = CARTESIAN_POINT ( 'NONE',  ( 6.249390599898269727, -0.06344633371147799517, -9.128459722662092063E-16 ) ) ;
#1405 = CARTESIAN_POINT ( 'NONE',  ( -6.342524898408050227, 0.06639317560514440553, 0.05516503352018150425 ) ) ;
#1406 = CARTESIAN_POINT ( 'NONE',  ( -2.199999969536729605, -0.9003661125554339728, 2.200366143018710474 ) ) ;
#1407 = CARTESIAN_POINT ( 'NONE',  ( 5.000212412783009874, -0.02148594358049080166, 0.1000000000000000333 ) ) ;
#1408 = CARTESIAN_POINT ( 'NONE',  ( -2.967264452589999824, 0.8470836428053110101, 1.300000030463270173 ) ) ;
#1409 = CIRCLE ( 'NONE', #2365, 0.2750000290572630623 ) ;
#1410 = CARTESIAN_POINT ( 'NONE',  ( 6.148619991008460239, -0.5213768555649730407, 0.01308868717844659940 ) ) ;
#1411 = CARTESIAN_POINT ( 'NONE',  ( -6.233261102213400129, 0.5050532479960040400, 0.1000000000000999950 ) ) ;
#1412 = CARTESIAN_POINT ( 'NONE',  ( -6.326063598927159859, -0.2748085724573919864, 0.09999999999994821365 ) ) ;
#1413 = CARTESIAN_POINT ( 'NONE',  ( 5.060285761585300079, 0.1733798782390169879, 0.07756005246191639835 ) ) ;
#1414 = ORIENTED_EDGE ( 'NONE', *, *, #2099, .F. ) ;
#1415 = CARTESIAN_POINT ( 'NONE',  ( 3.500000000000000000, -0.6308584043937628394, 0.6691416260695111085 ) ) ;
#1416 = CARTESIAN_POINT ( 'NONE',  ( 6.245783778263031216, 0.1256625753085360286, -6.204369128638369908E-16 ) ) ;
#1417 = CARTESIAN_POINT ( 'NONE',  ( -6.152394691128679760, 0.4462517240004820196, -8.220975891431940388E-16 ) ) ;
#1418 = CARTESIAN_POINT ( 'NONE',  ( -2.967264452589999824, -0.8470836428053110101, 1.300000030463270173 ) ) ;
#1419 = CARTESIAN_POINT ( 'NONE',  ( 3.009674527917809872, 0.8508116070344399207, 2.150811637497709761 ) ) ;
#1420 = CARTESIAN_POINT ( 'NONE',  ( -6.247757119670610315, -0.09469484637663840021, -8.478597868587539763E-16 ) ) ;
#1421 = CARTESIAN_POINT ( 'NONE',  ( 5.339515605170877421, 0.3284028587286537681, -6.927064088072916639E-17 ) ) ;
#1422 = CARTESIAN_POINT ( 'NONE',  ( -2.967264452589999824, 0.0000000000000000000, 2.147083673268579851 ) ) ;
#1423 = CARTESIAN_POINT ( 'NONE',  ( 3.333637229839509608, 0.8503901119784410545, 0.4496099184848320052 ) ) ;
#1424 = CARTESIAN_POINT ( 'NONE',  ( 5.151296194646690196, 0.1769325491756950364, 2.904458233767029869E-17 ) ) ;
#1425 = CARTESIAN_POINT ( 'NONE',  ( 5.655253982674430802, -0.5895555966763510458, 0.2000000000000000111 ) ) ;
#1426 = CARTESIAN_POINT ( 'NONE',  ( -5.277243058107560891, -0.3828334207602490102, 0.02507684311990050069 ) ) ;
#1427 = CARTESIAN_POINT ( 'NONE',  ( 5.125520597648029586, -0.1311855410142180045, -1.353503080859140022E-16 ) ) ;
#1428 = CARTESIAN_POINT ( 'NONE',  ( -3.481874671466670179, -0.7257874573880770397, 1.300000030463270173 ) ) ;
#1429 = CARTESIAN_POINT ( 'NONE',  ( -6.343164027972989949, 7.363533243433909686E-09, 0.05516503352017571027 ) ) ;
#1430 = CARTESIAN_POINT ( 'NONE',  ( -2.385652428381599854, 0.0000000000000000000, 2.190461953060459876 ) ) ;
#1431 = CARTESIAN_POINT ( 'NONE',  ( 6.144552829628690205, -0.5666394410174280249, 0.1000000000000000333 ) ) ;
#1432 = CARTESIAN_POINT ( 'NONE',  ( -2.917476980842439893, 0.8436923278882220156, 2.143692358351500626 ) ) ;
#1433 = CARTESIAN_POINT ( 'NONE',  ( -6.349239909091269674, -0.07678747668518980107, 0.2000000000000000111 ) ) ;
#1434 = CARTESIAN_POINT ( 'NONE',  ( 6.192619455953280116, -0.4911784560460979998, 0.01308868717844979997 ) ) ;
#1435 = CARTESIAN_POINT ( 'NONE',  ( -6.227473949929859920, 0.5123354642023909555, 0.1000000000000999950 ) ) ;
#1436 = CARTESIAN_POINT ( 'NONE',  ( 5.071816391128919577, 0.1889616956819319959, 0.07756005246205951997 ) ) ;
#1437 = ORIENTED_EDGE ( 'NONE', *, *, #1795, .F. ) ;
#1438 = CARTESIAN_POINT ( 'NONE',  ( 6.349999999999999645, 0.0000000000000000000, 0.2000000000000000111 ) ) ;
#1439 = CARTESIAN_POINT ( 'NONE',  ( 6.170330847562950360, 0.4186258027924830150, -5.726405470948530420E-16 ) ) ;
#1440 = CARTESIAN_POINT ( 'NONE',  ( -5.097044733450490028, 0.08920794833423019432, -1.901631358607120281E-16 ) ) ;
#1441 = CARTESIAN_POINT ( 'NONE',  ( -2.644399860962149962, -0.8554816188591789494, 2.155481649322450011 ) ) ;
#1442 = CARTESIAN_POINT ( 'NONE',  ( 3.046257705760219814, 0.8541536936186510109, 0.4458463368446229924 ) ) ;
#1443 = CARTESIAN_POINT ( 'NONE',  ( 5.925502802357022425, 0.4966875510306392738, -4.237351606829325568E-16 ) ) ;
#1444 = CARTESIAN_POINT ( 'NONE',  ( 5.000000029057262374, -2.755455298081544470E-17, 0.7999999709427351169 ) ) ;
#1445 = CARTESIAN_POINT ( 'NONE',  ( 3.284326568066440633, 0.0000000000000000000, 2.160725125137390012 ) ) ;
#1446 = CARTESIAN_POINT ( 'NONE',  ( 5.149633849359910087, 0.1748593826571870069, 3.002585802168859844E-17 ) ) ;
#1447 = ORIENTED_EDGE ( 'NONE', *, *, #1731, .F. ) ;
#1448 = CARTESIAN_POINT ( 'NONE',  ( 5.030281784875859863, 0.1287830315745520093, 0.09999999999521740068 ) ) ;
#1449 = CARTESIAN_POINT ( 'NONE',  ( 5.327753741663210363, -0.4490264278117330199, 0.2000000000000000111 ) ) ;
#1450 = CARTESIAN_POINT ( 'NONE',  ( 6.153587257905459573, -0.4447044956565520124, -6.188620560060520488E-16 ) ) ;
#1451 = CARTESIAN_POINT ( 'NONE',  ( -3.481874671466670179, 0.0000000000000000000, 2.025787487851350210 ) ) ;
#1452 = CARTESIAN_POINT ( 'NONE',  ( -5.025351677740750311, 0.1043167032940729988, 0.05516503351923270071 ) ) ;
#1453 = CARTESIAN_POINT ( 'NONE',  ( -2.312275712915440096, -0.8969320013308089701, 1.300000030463270173 ) ) ;
#1454 = CARTESIAN_POINT ( 'NONE',  ( -5.577444020907750044, 0.5719321550693790002, 0.2000000000000000111 ) ) ;
#1455 = CARTESIAN_POINT ( 'NONE',  ( -3.235639616665010099, 0.0000000000000000000, 2.164669196733369994 ) ) ;
#1456 = CARTESIAN_POINT ( 'NONE',  ( -5.560699763345719582, -0.4909156807122380672, -2.851421036703340225E-16 ) ) ;
#1457 = CARTESIAN_POINT ( 'NONE',  ( 5.911206747731569955, 0.5274617996244379547, -4.143164446810800475E-16 ) ) ;
#1458 = CARTESIAN_POINT ( 'NONE',  ( -5.410603633123799661, -0.5023060787889991330, 0.0000000000000000000 ) ) ;
#1459 = CARTESIAN_POINT ( 'NONE',  ( 6.305688039205869622, -0.1302895503585639880, 0.01308868717842160030 ) ) ;
#1460 = CARTESIAN_POINT ( 'NONE',  ( -5.060533293990751247, 0.1736401137522480265, 0.09999999999599699929 ) ) ;
#1461 = CARTESIAN_POINT ( 'NONE',  ( 5.000449008239789883, 0.02346898662567640029, 0.07756005247397100566 ) ) ;
#1462 = ORIENTED_EDGE ( 'NONE', *, *, #3437, .T. ) ;
#1463 = CARTESIAN_POINT ( 'NONE',  ( -6.320777426967040036, 0.3056012506868709955, 0.1000000000000000333 ) ) ;
#1464 = CARTESIAN_POINT ( 'NONE',  ( 6.102229250139349581, 0.4735774079759530464, -5.313323579980789533E-16 ) ) ;
#1465 = CARTESIAN_POINT ( 'NONE',  ( -5.141203706081980407, 0.1146077490730160187, -1.137392117177770083E-16 ) ) ;
#1466 = CARTESIAN_POINT ( 'NONE',  ( 5.816238556275560079, -0.6014050493129220465, 0.08504003498274609329 ) ) ;
#1467 = CARTESIAN_POINT ( 'NONE',  ( -2.644399860962149962, 0.0000000000000000000, 2.155481649322450011 ) ) ;
#1468 = CARTESIAN_POINT ( 'NONE',  ( 2.967264452590000268, -0.8470836428053101219, 2.147083673268579851 ) ) ;
#1469 = CARTESIAN_POINT ( 'NONE',  ( -6.079444252151400718, -0.4785847006363579959, -7.072024049649490312E-16 ) ) ;
#1470 = CARTESIAN_POINT ( 'NONE',  ( 6.161419699047987919, 0.4331396893548531413, -5.664416394257188169E-16 ) ) ;
#1471 = CARTESIAN_POINT ( 'NONE',  ( -3.500000000000000000, 3.862893628280142098E-17, 0.6691416260695089990 ) ) ;
#1472 = CARTESIAN_POINT ( 'NONE',  ( 3.380581965863679983, 0.0000000000000000000, 2.131811070476940184 ) ) ;
#1473 = B_SPLINE_CURVE_WITH_KNOTS ( 'NONE', 3,
 ( #946, #3367, #2220, #5031, #3864 ),
 .UNSPECIFIED., .F., .F.,
 ( 4, 1, 4 ),
 ( 0.0000000000000000000, 0.4285714285714290472, 1.000000000000000000 ),
 .UNSPECIFIED. ) ;
#1474 = CARTESIAN_POINT ( 'NONE',  ( 5.124963909575329879, 0.1430078796883799963, 4.443640515270630214E-17 ) ) ;
#1475 = CARTESIAN_POINT ( 'NONE',  ( 5.576184631426956528, -0.4706547836425669651, -2.124320839067051995E-16 ) ) ;
#1476 = CARTESIAN_POINT ( 'NONE',  ( 6.243669523396249588, -0.4921029752861800777, 0.0000000000000000000 ) ) ;
#1477 = CARTESIAN_POINT ( 'NONE',  ( -5.073820527397452373, 3.638582636615192380E-05, 1.076790634197028936E-16 ) ) ;
#1478 = CARTESIAN_POINT ( 'NONE',  ( 6.131986895067630172, -0.4634475680567240463, -5.944791069778309885E-16 ) ) ;
#1479 = CARTESIAN_POINT ( 'NONE',  ( 2.917476980842439893, -0.8436923278882220156, 0.4563077025750520432 ) ) ;
#1480 = CARTESIAN_POINT ( 'NONE',  ( -3.494287647928740359, 0.0000000000000000000, 1.988731239045399946 ) ) ;
#1481 = CARTESIAN_POINT ( 'NONE',  ( -6.309712346014579865, 0.02134994454924070070, 0.01308868717841389986 ) ) ;
#1482 = CARTESIAN_POINT ( 'NONE',  ( -2.561655826735730113, -0.8667525124322019714, 1.300000030463270173 ) ) ;
#1483 = CARTESIAN_POINT ( 'NONE',  ( -5.180316525110471026, 0.3182787896309660081, 0.2000000000000000111 ) ) ;
#1484 = CARTESIAN_POINT ( 'NONE',  ( -3.079716191379540557, 0.0000000000000000000, 2.157083300382910185 ) ) ;
#1485 = CARTESIAN_POINT ( 'NONE',  ( -5.174541319600669986, -0.2050931065468589998, 2.345595119457710275E-17 ) ) ;
#1486 = CARTESIAN_POINT ( 'NONE',  ( 5.816117495973079699, 0.5313076517667509879, -3.582359226742429793E-16 ) ) ;
#1487 = CARTESIAN_POINT ( 'NONE',  ( 5.913347087700920213, -0.5571953681626790056, 0.01308868717839119927 ) ) ;
#1488 = CARTESIAN_POINT ( 'NONE',  ( 2.312275712915440096, 0.8969320013308089701, 1.300000030463270173 ) ) ;
#1489 = CARTESIAN_POINT ( 'NONE',  ( -5.011566648900849685, 0.08913076025985089412, 0.09999999999817991980 ) ) ;
#1490 = CARTESIAN_POINT ( 'NONE',  ( 6.024851973780100067, 0.5875604833422150008, 0.2000000000000000111 ) ) ;
#1491 = CARTESIAN_POINT ( 'NONE',  ( -5.143555500309160422, -0.2762517896188709798, 0.09999999999031240761 ) ) ;
#1492 = CARTESIAN_POINT ( 'NONE',  ( 6.203466551796940287, 0.5361490133351549670, 0.09999999999987209398 ) ) ;
#1493 = ORIENTED_EDGE ( 'NONE', *, *, #4161, .T. ) ;
#1494 = CARTESIAN_POINT ( 'NONE',  ( -6.350000000000000533, 0.0000000000000000000, 0.09999999999999931166 ) ) ;
#1495 = CARTESIAN_POINT ( 'NONE',  ( 5.379121322594889953, 0.3594057335590640778, -9.447681612683951293E-17 ) ) ;
#1496 = CARTESIAN_POINT ( 'NONE',  ( -5.541423363276459568, 0.4516826217870240079, -2.740762280493470038E-16 ) ) ;
#1497 = CARTESIAN_POINT ( 'NONE',  ( 5.214870543312719597, -0.3507295627261770021, 0.08504003498056600385 ) ) ;
#1498 = CARTESIAN_POINT ( 'NONE',  ( -3.046257705760219814, 0.8541536936186510109, 0.4458463368446229924 ) ) ;
#1499 = CIRCLE ( 'NONE', #4094, 0.2249999999999999500 ) ;
#1500 = CARTESIAN_POINT ( 'NONE',  ( 5.021306030867550341, 0.04934059629086529758, 0.02507684312083850037 ) ) ;
#1501 = ADVANCED_FACE ( 'NONE', ( #4251 ), #207, .T. ) ;
#1502 = CARTESIAN_POINT ( 'NONE',  ( 3.284326568066440633, 0.0000000000000000000, 0.4392749357891569950 ) ) ;
#1503 = CONICAL_SURFACE ( 'NONE', #4686, 0.9003661125554193179, 0.0001664147986939939268 ) ;
#1504 = CARTESIAN_POINT ( 'NONE',  ( -3.499999999999999556, -0.09952590374134127893, 0.6747376165842196016 ) ) ;
#1505 = CARTESIAN_POINT ( 'NONE',  ( 5.070080751570410271, -0.0001045648452169030016, 6.938893903907229610E-17 ) ) ;
#1506 = EDGE_CURVE ( 'NONE', #1046, #873, #5207, .T. ) ;
#1507 = CARTESIAN_POINT ( 'NONE',  ( 6.262220585892830371, -0.4599031054947679831, 0.2000000000000000111 ) ) ;
#1508 = PRODUCT ( 'B2BAFB6C-A686-4CB1-A6ED-A6DD3DF9F299', 'B2BAFB6C-A686-4CB1-A6ED-A6DD3DF9F299', '', ( #3284 ) ) ;
#1509 =( NAMED_UNIT ( * ) SI_UNIT ( $, .STERADIAN. ) SOLID_ANGLE_UNIT ( ) );
#1510 = CARTESIAN_POINT ( 'NONE',  ( -5.416707278749219867, -0.4818323663943089863, 0.02507684312054839909 ) ) ;
#1511 = CARTESIAN_POINT ( 'NONE',  ( 5.123607352024209582, -0.1285654131628420072, -1.341409224933360019E-16 ) ) ;
#1512 = CARTESIAN_POINT ( 'NONE',  ( -3.499999995479639914, -0.6406317572097729451, 1.940631787673049669 ) ) ;
#1513 = CARTESIAN_POINT ( 'NONE',  ( -6.309082576421739752, 0.06533445056203800172, 0.01308868717841839974 ) ) ;
#1514 = CARTESIAN_POINT ( 'NONE',  ( -2.385652428381600298, 0.8904619225971831531, 2.190461953060459876 ) ) ;
#1515 = CARTESIAN_POINT ( 'NONE',  ( -5.726241842797760384, 0.5985893008589749931, 0.0000000000000000000 ) ) ;
#1516 = CARTESIAN_POINT ( 'NONE',  ( -3.235639616665010099, 0.8646691662700990433, 1.300000030463270173 ) ) ;
#1517 = CARTESIAN_POINT ( 'NONE',  ( -5.152962885147400307, -0.1790015816902570389, 4.103183163127229710E-17 ) ) ;
#1518 = CARTESIAN_POINT ( 'NONE',  ( 6.166599486841110256, 0.4754378063328230652, -5.576064071426299948E-16 ) ) ;
#1519 = CARTESIAN_POINT ( 'NONE',  ( -6.224514148947720038, -0.5179580399670840052, 0.2000000000000000111 ) ) ;
#1520 = CARTESIAN_POINT ( 'NONE',  ( 6.135480670831809924, -0.5261125869006270106, 0.01308868717844620215 ) ) ;
#1521 = CARTESIAN_POINT ( 'NONE',  ( 2.385652428381600298, -0.8904619225971831531, 2.190461953060459876 ) ) ;
#1522 = CARTESIAN_POINT ( 'NONE',  ( -5.043147541999321248, 0.1492548431500820005, 0.09999999999739110634 ) ) ;
#1523 = CARTESIAN_POINT ( 'NONE',  ( 6.349357585764511036, -0.06660887686182649647, 0.1000000000000109968 ) ) ;
#1524 = CARTESIAN_POINT ( 'NONE',  ( 5.850173067712449715, 0.6008501200056599600, 0.09999999999945920204 ) ) ;
#1525 = ORIENTED_EDGE ( 'NONE', *, *, #3813, .F. ) ;
#1526 = CARTESIAN_POINT ( 'NONE',  ( -5.577444020907750044, 0.5719321550693790002, 0.1000000000000000333 ) ) ;
#1527 = CARTESIAN_POINT ( 'NONE',  ( 5.660671810055499797, 0.4872112355875249934, -2.644874991574640038E-16 ) ) ;
#1528 = CARTESIAN_POINT ( 'NONE',  ( -5.457255152334449910, 0.4108004418259090240, -2.102349220411140081E-16 ) ) ;
#1529 = CARTESIAN_POINT ( 'NONE',  ( 6.046628595638130044, -0.5848619779854820067, 0.08504003498295080454 ) ) ;
#1530 = CARTESIAN_POINT ( 'NONE',  ( -3.113135215446409809, 0.8598146433977199576, 0.4401853870655539902 ) ) ;
#1531 = CARTESIAN_POINT ( 'NONE',  ( 3.380581965863679983, 0.0000000000000000000, 0.4681889904496079891 ) ) ;
#1532 = CARTESIAN_POINT ( 'NONE',  ( -5.226035824525490092, -0.2184867234514689949, -3.033614872152469956E-19 ) ) ;
#1533 = CARTESIAN_POINT ( 'NONE',  ( 4.724999999999999645, 0.4499999999999999556, 1.074999999999997957 ) ) ;
#1534 = CARTESIAN_POINT ( 'NONE',  ( -6.166607548133018035, -0.4246668258404601159, -7.786586465560013762E-16 ) ) ;
#1535 = CARTESIAN_POINT ( 'NONE',  ( 3.380581965863679983, 0.8318110400136660143, 1.300000030463270173 ) ) ;
#1536 = CARTESIAN_POINT ( 'NONE',  ( 6.202867529588860229, 0.5125910721375710466, 0.02507684312135989926 ) ) ;
#1537 = VERTEX_POINT ( 'NONE', #2379 ) ;
#1538 = CARTESIAN_POINT ( 'NONE',  ( 2.256433125465449940, 0.0000000000000000000, 2.199586406456960130 ) ) ;
#1539 = CARTESIAN_POINT ( 'NONE',  ( 6.349239909091269674, -0.07678747668518980107, 0.2000000000000000111 ) ) ;
#1540 = DIRECTION ( 'NONE',  ( 0.0000000000000000000, 0.0000000000000000000, -1.000000000000000000 ) ) ;
#1541 = CARTESIAN_POINT ( 'NONE',  ( -5.882515287947279958, -0.5812233210020649743, 0.02507684312125759915 ) ) ;
#1542 = B_SPLINE_CURVE_WITH_KNOTS ( 'NONE', 5,
 ( #4631, #5070, #1791, #3428, #4679, #4703, #3897, #980, #3081, #2609, #2635, #4265, #1026, #624, #3924, #2582, #650, #4291, #2256, #599, #2657, #4338, #575, #4311, #2683, #2203, #1047, #4237, #1867, #3873, #196, #218, #1838, #2175, #3822, #3475, #4729, #2283, #248, #1812 ),
 .UNSPECIFIED., .F., .F.,
 ( 6, 1, 1, 1, 1, 1, 1, 1, 1, 1, 1, 1, 1, 1, 1, 1, 1, 1, 1, 1, 1, 1, 1, 1, 1, 1, 1, 1, 1, 1, 1, 1, 1, 1, 1, 6 ),
 ( 0.0000000000000000000, 5.848241061587103725E-05, 0.0001169648212317418712, 0.0001754472318476129288, 0.0002339296424634833629, 0.0002924120530793551795, 0.0003508944636952250444, 0.0004093768743110969151, 0.0004678592849269687859, 0.0005263416955428385424, 0.0005848241061587103589, 0.0006433065167745802239, 0.0007017889273904521488, 0.0007602713380063219053, 0.0008187537486221938303, 0.0008772361592380656468, 0.0009357185698539355117, 0.0009942009804698073282, 0.001052683391085677085, 0.001111165801701549010, 0.001169648212317420718, 0.001228130622933290691, 0.001286613033549162616, 0.001345095444165032373, 0.001403577854780904298, 0.001462060265396773837, 0.001520542676012645762, 0.001579025086628517687, 0.001637507497244387661, 0.001695989907860259369, 0.001754472318476129125, 0.001812954729092001050, 0.001871437139707871023, 0.001929919550323742732, 0.001988401960939614656, 0.002046884371555484413 ),
 .UNSPECIFIED. ) ;
#1543 = CARTESIAN_POINT ( 'NONE',  ( 5.784891744398430014, -0.5009346811991279846, -3.430060381042049854E-16 ) ) ;
#1544 =( LENGTH_UNIT ( ) NAMED_UNIT ( * ) SI_UNIT ( .MILLI., .METRE. ) );
#1545 = CARTESIAN_POINT ( 'NONE',  ( -6.309712345057939764, 4.339682568821049957E-08, 0.01308868717841400048 ) ) ;
#1546 = CARTESIAN_POINT ( 'NONE',  ( -5.024698807116640076, 0.1207599828996299973, 0.2000000000000000111 ) ) ;
#1547 = CARTESIAN_POINT ( 'NONE',  ( -3.009674527917809872, -0.8508116070344399207, 0.4491884234288340827 ) ) ;
#1548 = CARTESIAN_POINT ( 'NONE',  ( 5.391991780558590186, 0.4052766158439090050, -1.124008030896370080E-16 ) ) ;
#1549 = CARTESIAN_POINT ( 'NONE',  ( -6.024851973780100067, -0.5875604833422150008, 0.2000000000000000111 ) ) ;
#1550 = CARTESIAN_POINT ( 'NONE',  ( 5.178545584362461263, -0.2549915566559259883, 0.01308868717726420147 ) ) ;
#1551 = CARTESIAN_POINT ( 'NONE',  ( -6.243906277957980144, 0.4898849362556780274, 0.08504003498300490016 ) ) ;
#1552 = CARTESIAN_POINT ( 'NONE',  ( 6.339359408059429768, -0.1990021678430750063, 0.1000000000000360045 ) ) ;
#1553 = CARTESIAN_POINT ( 'NONE',  ( 6.350000011705700054, 0.01086704365471219923, 0.09999999999999939493 ) ) ;
#1554 = VERTEX_POINT ( 'NONE', #3175 ) ;
#1555 = CARTESIAN_POINT ( 'NONE',  ( -6.144552829628690205, 0.5666394410174280249, 0.1000000000000000333 ) ) ;
#1556 = CARTESIAN_POINT ( 'NONE',  ( 5.570587043632140301, 0.4626648695442789894, -2.102855681825389923E-16 ) ) ;
#1557 = CARTESIAN_POINT ( 'NONE',  ( -5.430476233535630470, 0.3947505696450839818, -2.123564894494890335E-16 ) ) ;
#1558 = CARTESIAN_POINT ( 'NONE',  ( 5.959506705818210293, -0.5939870570602110433, 0.08504003498286059892 ) ) ;
#1559 = CARTESIAN_POINT ( 'NONE',  ( -3.149310191193160247, 0.8624262690867171566, 1.300000030463270173 ) ) ;
#1560 = CARTESIAN_POINT ( 'NONE',  ( 3.284326568066440633, 0.8607250946741169528, 1.300000030463270173 ) ) ;
#1561 = CARTESIAN_POINT ( 'NONE',  ( 6.250000000000060396, -3.590580931933599976E-08, -7.444389422566191707E-16 ) ) ;
#1562 = CARTESIAN_POINT ( 'NONE',  ( -6.250000000000060396, 3.590580931933599976E-08, -9.706468813733276292E-16 ) ) ;
#1563 = CARTESIAN_POINT ( 'NONE',  ( 3.499999995479639914, -0.6406317572097729451, 0.6593682732535010027 ) ) ;
#1564 = CARTESIAN_POINT ( 'NONE',  ( -5.367769371150846958, 0.3509911073869841358, -1.180625477517424254E-16 ) ) ;
#1565 = CARTESIAN_POINT ( 'NONE',  ( -5.022640628113229866, -0.05729543288952550217, 0.02507684312080149872 ) ) ;
#1566 = CARTESIAN_POINT ( 'NONE',  ( 5.354369841341489966, -0.3405057976000929743, -1.643375927979280022E-16 ) ) ;
#1567 = CARTESIAN_POINT ( 'NONE',  ( 3.009674527917810316, 0.0000000000000000000, 0.4491884234288340272 ) ) ;
#1568 = CARTESIAN_POINT ( 'NONE',  ( -5.066389687684480059, 0.1700863869672410156, 0.05516503351816579720 ) ) ;
#1569 = CARTESIAN_POINT ( 'NONE',  ( -6.107600309797909688, 0.5756272280106610184, 0.2000000000000000111 ) ) ;
#1570 = CARTESIAN_POINT ( 'NONE',  ( -3.149310191193159802, 0.8624262690867170456, 2.162426299549990105 ) ) ;
#1571 = DIRECTION ( 'NONE',  ( 1.000000000000000000, -0.0000000000000000000, -0.0000000000000000000 ) ) ;
#1572 = CARTESIAN_POINT ( 'NONE',  ( 5.143065150451761269, -0.2139209842001930095, 0.01308868717716850198 ) ) ;
#1573 = CARTESIAN_POINT ( 'NONE',  ( 2.475120692249380028, -0.8791444960728619362, 0.4208555343904120671 ) ) ;
#1574 = CARTESIAN_POINT ( 'NONE',  ( -6.280859231101531215, 0.4191720698426770197, 0.08504003498299519959 ) ) ;
#1575 = CARTESIAN_POINT ( 'NONE',  ( 6.349999999999999645, 0.0000000000000000000, 0.09999999999999939493 ) ) ;
#1576 = CARTESIAN_POINT ( 'NONE',  ( 6.013819616163631032, 0.5886407738765330189, 0.09999999999976980081 ) ) ;
#1577 = CARTESIAN_POINT ( 'NONE',  ( -3.422270755428199251, -3.536518805764738667E-15, 0.4958854356055250046 ) ) ;
#1578 = DIRECTION ( 'NONE',  ( 0.0000000000000000000, 0.0000000000000000000, 1.000000000000000000 ) ) ;
#1579 = CARTESIAN_POINT ( 'NONE',  ( 5.284272703321600595, 0.2787652387982489932, -3.709353054211370189E-17 ) ) ;
#1580 = CARTESIAN_POINT ( 'NONE',  ( -4.724999999999999645, 2.755455298081545086E-17, 0.7999999709427361161 ) ) ;
#1581 = CARTESIAN_POINT ( 'NONE',  ( 5.958896213012620180, -0.5871753467785350011, 0.05516503352015379724 ) ) ;
#1582 = CARTESIAN_POINT ( 'NONE',  ( -3.113135215446409809, 0.8598146433977199576, 2.159814673860989576 ) ) ;
#1583 = CARTESIAN_POINT ( 'NONE',  ( -5.133858390007370431, -0.2652556471576250074, 0.07756005246452341018 ) ) ;
#1584 = CARTESIAN_POINT ( 'NONE',  ( 6.318978299419439892, 0.3063807317066439828, 0.07756005247430329541 ) ) ;
#1585 = CARTESIAN_POINT ( 'NONE',  ( 3.333637229839510052, 0.8503901119784420537, 1.300000030463270173 ) ) ;
#1586 = AXIS2_PLACEMENT_3D ( 'NONE', #561, #1822, #3837 ) ;
#1587 = CARTESIAN_POINT ( 'NONE',  ( 4.886091287368748759, -2.755455298081544470E-17, 1.074999999999998179 ) ) ;
#1588 = LINE ( 'NONE', #1195, #2709 ) ;
#1589 = CARTESIAN_POINT ( 'NONE',  ( 6.320774084002399817, 0.1968195951334370253, 0.02507684312138720034 ) ) ;
#1590 = CARTESIAN_POINT ( 'NONE',  ( 5.361059946763275796, -0.3456142928011382565, -8.230284488394770834E-17 ) ) ;
#1591 = CARTESIAN_POINT ( 'NONE',  ( -6.250000000000060396, 3.590580931933599976E-08, -9.706468813733276292E-16 ) ) ;
#1592 = CARTESIAN_POINT ( 'NONE',  ( -5.030090127104830167, -0.08740455759252309387, 0.02507684312025909926 ) ) ;
#1593 = CARTESIAN_POINT ( 'NONE',  ( 5.141752404260439668, -0.1153628224508920080, -1.355149729888519992E-16 ) ) ;
#1594 = CARTESIAN_POINT ( 'NONE',  ( 3.009674527917810316, 0.0000000000000000000, 2.150811637497710205 ) ) ;
#1595 = CARTESIAN_POINT ( 'NONE',  ( -5.487879691189330167, 0.4936216824354829891, 0.01308868717811489946 ) ) ;
#1596 = CARTESIAN_POINT ( 'NONE',  ( -6.301578169905729609, 0.3693503180003809838, 0.2000000000000000111 ) ) ;
#1597 = CARTESIAN_POINT ( 'NONE',  ( -3.380581965863679983, 0.0000000000000000000, 2.131811070476940184 ) ) ;
#1598 = CARTESIAN_POINT ( 'NONE',  ( -5.118746170597810341, -0.1345957236170249871, 6.867899143962940223E-17 ) ) ;
#1599 = CARTESIAN_POINT ( 'NONE',  ( 5.674987218933959632, 0.0000000000000000000, 0.2000000000000000111 ) ) ;
#1600 = CARTESIAN_POINT ( 'NONE',  ( 5.093440553441809904, -0.1504100404522900059, 0.01308868717700699923 ) ) ;
#1601 = CARTESIAN_POINT ( 'NONE',  ( -5.781773815151850293, 0.6009063338049089875, 0.08504003498273120243 ) ) ;
#1602 = CARTESIAN_POINT ( 'NONE',  ( 5.893733830988099776, 0.5990531213409430178, 0.2000000000000000111 ) ) ;
#1603 = CARTESIAN_POINT ( 'NONE',  ( 2.218867265165349600, -0.9002847350042212371, 0.3997152954590529883 ) ) ;
#1604 = CARTESIAN_POINT ( 'NONE',  ( 5.330377012301769746, 0.3206651536167270389, -6.498148349842689739E-17 ) ) ;
#1605 = DIRECTION ( 'NONE',  ( 1.000000000000000000, 0.0000000000000000000, 8.269460797427569680E-16 ) ) ;
#1606 = CARTESIAN_POINT ( 'NONE',  ( 5.011566648900849685, -0.08913076025985089412, 0.08504003498108539394 ) ) ;
#1607 = CARTESIAN_POINT ( 'NONE',  ( -3.235639616665010543, 0.8646691662700989323, 2.164669196733370438 ) ) ;
#1608 = B_SPLINE_CURVE_WITH_KNOTS ( 'NONE', 5,
 ( #1371, #3331, #5075, #2907, #582, #1299, #1325, #2540, #2182, #3382, #1666, #3828, #1772, #3410, #3010, #2131, #530, #4662, #2101, #5052, #987, #75, #2936, #2960, #4613, #476, #1746, #934, #4217, #1273, #4584, #2158, #2615, #3802, #129, #1348, #2986, #4637, #4557, #959 ),
 .UNSPECIFIED., .F., .F.,
 ( 6, 1, 1, 1, 1, 1, 1, 1, 1, 1, 1, 1, 1, 1, 1, 1, 1, 1, 1, 1, 1, 1, 1, 1, 1, 1, 1, 1, 1, 1, 1, 1, 1, 1, 1, 6 ),
 ( 0.0000000000000000000, 5.872252250770405315E-05, 0.0001174450450154101527, 0.0001761675675231160355, 0.0002348900900308200886, 0.0002936126125385262018, 0.0003523351350462302278, 0.0004110576575539361512, 0.0004697801800616401772, 0.0005285027025693462633, 0.0005872252250770524035, 0.0006459477475847562669, 0.0007046702700924622987, 0.0007633927926001663790, 0.0008221153151078725192, 0.0008808378376155764911, 0.0009395603601232824145, 0.0009982828826309885547, 0.001057005405138692527, 0.001115727927646398450, 0.001174450450154102422, 0.001233172972661808562, 0.001291895495169514702, 0.001350618017677218674, 0.001409340540184924597, 0.001468063062692628786, 0.001526785585200334710, 0.001585508107708038898, 0.001644230630215745038, 0.001702953152723450745, 0.001761675675231154934, 0.001820398197738861074, 0.001879120720246565479, 0.001937843242754270969, 0.001996565765261975808, 0.002055288287769681081 ),
 .UNSPECIFIED. ) ;
#1609 = CARTESIAN_POINT ( 'NONE',  ( -5.066483358260509995, -0.1818252572888879870, 0.07756005246199050573 ) ) ;
#1610 = CARTESIAN_POINT ( 'NONE',  ( 5.352756015108550258, 0.4633600297357179931, 0.07756005247073330389 ) ) ;
#1611 = CARTESIAN_POINT ( 'NONE',  ( 3.149310191193160247, 0.0000000000000000000, 2.162426299549990105 ) ) ;
#1612 = CARTESIAN_POINT ( 'NONE',  ( -5.172990519367649753, -0.1561599480890979996, 4.373266586395180297E-17 ) ) ;
#1613 = CARTESIAN_POINT ( 'NONE',  ( -5.418538050209759760, 0.4137588399546460183, -2.109824389539730116E-16 ) ) ;
#1614 = CARTESIAN_POINT ( 'NONE',  ( -3.500000000000000444, -0.3842973046694826977, 0.7920232554354830201 ) ) ;
#1615 = CARTESIAN_POINT ( 'NONE',  ( -5.782024276520361994, -0.5011162866230904900, -4.606290177612720453E-16 ) ) ;
#1616 = CARTESIAN_POINT ( 'NONE',  ( 5.947148048548830168, 0.5766606245270821107, 0.02507684312129570062 ) ) ;
#1617 = FACE_OUTER_BOUND ( 'NONE', #5069, .T. ) ;
#1618 = CARTESIAN_POINT ( 'NONE',  ( -5.077104558446790428, -0.1654923375934939933, 0.02507684311766560092 ) ) ;
#1619 = CARTESIAN_POINT ( 'NONE',  ( 5.162515611539520322, -0.1429145515291500024, -1.442715208420889969E-16 ) ) ;
#1620 = CARTESIAN_POINT ( 'NONE',  ( 3.149310191193160247, 0.8624262690867171566, 1.300000030463270173 ) ) ;
#1621 =( NAMED_UNIT ( * ) SI_UNIT ( $, .STERADIAN. ) SOLID_ANGLE_UNIT ( ) );
#1622 = CARTESIAN_POINT ( 'NONE',  ( -5.749604663511171054, 0.5589798619511010536, 0.01308868717834009952 ) ) ;
#1623 = CARTESIAN_POINT ( 'NONE',  ( 3.235639616665010099, 0.0000000000000000000, 2.164669196733369994 ) ) ;
#1624 = CARTESIAN_POINT ( 'NONE',  ( -3.333637229839510052, 0.0000000000000000000, 0.4496099184848320607 ) ) ;
#1625 = CARTESIAN_POINT ( 'NONE',  ( 5.225000029057260242, 0.0000000000000000000, 0.0000000000000000000 ) ) ;
#1626 = CARTESIAN_POINT ( 'NONE',  ( 5.101068806660429722, -0.1607531704659090066, 0.01308868717701700164 ) ) ;
#1627 = CARTESIAN_POINT ( 'NONE',  ( -5.068783620773060328, 0.1848332312955789924, 0.08504003497893150576 ) ) ;
#1628 = CARTESIAN_POINT ( 'NONE',  ( 6.312243690486941006, -0.3353326375869760123, 0.1000000000000710043 ) ) ;
#1629 = CARTESIAN_POINT ( 'NONE',  ( 5.075452502833499580, 0.1937682791880019906, 0.09999999998800640499 ) ) ;
#1630 = CARTESIAN_POINT ( 'NONE',  ( -2.561655826735730113, -3.812002144672648782E-15, 0.4332475180310719765 ) ) ;
#1631 = CARTESIAN_POINT ( 'NONE',  ( 2.199999969536729605, 0.9003661125554339728, 2.200366143018710474 ) ) ;
#1632 = FACE_OUTER_BOUND ( 'NONE', #1660, .T. ) ;
#1633 = CARTESIAN_POINT ( 'NONE',  ( -5.096680813166480029, -0.2208593679354959871, 0.07756005246304449596 ) ) ;
#1634 = CARTESIAN_POINT ( 'NONE',  ( 6.097882741002591089, 0.5769027682094239884, 0.07756005247420141857 ) ) ;
#1635 = EDGE_LOOP ( 'NONE', ( #4310, #1462, #2634, #12 ) ) ;
#1636 = CARTESIAN_POINT ( 'NONE',  ( 3.456526291164410125, 0.0000000000000000000, 2.068114642818509985 ) ) ;
#1637 = CARTESIAN_POINT ( 'NONE',  ( -5.151658632878080013, -0.1287370318862960106, 6.143503828895210447E-17 ) ) ;
#1638 = CARTESIAN_POINT ( 'NONE',  ( -5.192293751512019995, 0.2142775909575979909, -1.417476663949970096E-16 ) ) ;
#1639 = CARTESIAN_POINT ( 'NONE',  ( -2.256433125465450384, -0.8995863759936900683, 0.4004136544695839905 ) ) ;
#1640 = CARTESIAN_POINT ( 'NONE',  ( 2.312275712915440096, -0.8969320013308089701, 1.300000030463270173 ) ) ;
#1641 = CARTESIAN_POINT ( 'NONE',  ( -5.018244378342670231, -0.005212948946547549776, 0.02507684312138400498 ) ) ;
#1642 = CARTESIAN_POINT ( 'NONE',  ( 5.060533293990751247, -0.1736401137522480265, 0.09999999999599699929 ) ) ;
#1643 = CARTESIAN_POINT ( 'NONE',  ( 5.262106694960220210, -0.2568308318536710044, -1.453930495486079968E-16 ) ) ;
#1644 = CARTESIAN_POINT ( 'NONE',  ( 3.190112246994440959, -0.8645113702127030786, 2.164511400675979580 ) ) ;
#1645 = CARTESIAN_POINT ( 'NONE',  ( -6.068391164405141147, 0.5411252586998159808, 0.01308868717843929969 ) ) ;
#1646 = CARTESIAN_POINT ( 'NONE',  ( -6.144552829628690205, 0.5666394410174280249, 0.2000000000000000111 ) ) ;
#1647 = CARTESIAN_POINT ( 'NONE',  ( -3.380581965863679983, -0.8318110400136660143, 1.300000030463270173 ) ) ;
#1648 = CARTESIAN_POINT ( 'NONE',  ( -5.116838381245259804, -0.1319760683259590117, 7.020481646394130351E-17 ) ) ;
#1649 = CARTESIAN_POINT ( 'NONE',  ( 3.009674527917809428, -3.741893590393671462E-15, 0.4491884234288339717 ) ) ;
#1650 = CARTESIAN_POINT ( 'NONE',  ( 6.271824430787219740, -0.06415662166739910521, -9.114719217706932090E-16 ) ) ;
#1651 = CARTESIAN_POINT ( 'NONE',  ( -5.606060966458220385, 0.5783608650055169775, 0.08504003498242732051 ) ) ;
#1652 = CARTESIAN_POINT ( 'NONE',  ( 6.097898578653870416, -0.5769165723992200068, 0.1000000000000769995 ) ) ;
#1653 = CARTESIAN_POINT ( 'NONE',  ( 5.062971060260689882, 0.1770613581688700033, 0.09999999998757369557 ) ) ;
#1654 = CARTESIAN_POINT ( 'NONE',  ( -2.644399860962149518, -3.762432434915273418E-15, 0.4445184116040950539 ) ) ;
#1655 = CARTESIAN_POINT ( 'NONE',  ( -3.500000000000000444, 0.1948230302794253521, 1.900406557108485828 ) ) ;
#1656 = PLANE ( 'NONE',  #1169 ) ;
#1657 = CARTESIAN_POINT ( 'NONE',  ( 6.287575497087470211, -0.3858847042277719908, 0.05516503352021980000 ) ) ;
#1658 = CARTESIAN_POINT ( 'NONE',  ( 3.494287647928740359, 0.0000000000000000000, 1.988731239045399946 ) ) ;
#1659 = CARTESIAN_POINT ( 'NONE',  ( -5.071816391128919577, -0.1889616956819319959, 0.07756005246205951997 ) ) ;
#1660 = EDGE_LOOP ( 'NONE', ( #4156, #2711 ) ) ;
#1661 = CARTESIAN_POINT ( 'NONE',  ( -5.103097873905849902, -0.04271105926017720184, 1.015367834072570022E-16 ) ) ;
#1662 = CARTESIAN_POINT ( 'NONE',  ( -4.999999888241290158, 0.0000000000000000000, 0.1000000000000000056 ) ) ;
#1663 = CARTESIAN_POINT ( 'NONE',  ( -5.752130582927939884, 0.5217853110255910032, -4.482365515377140319E-16 ) ) ;
#1664 = CARTESIAN_POINT ( 'NONE',  ( -2.256433125465449940, 0.0000000000000000000, 2.199586406456960130 ) ) ;
#1665 = CARTESIAN_POINT ( 'NONE',  ( 2.475120692249380028, 0.8791444960728620472, 1.300000030463270173 ) ) ;
#1666 = CARTESIAN_POINT ( 'NONE',  ( -5.180316525110471026, 0.3182787896309660081, 0.1999999999999987621 ) ) ;
#1667 = VECTOR ( 'NONE', #1927, 1000.000000000000000 ) ;
#1668 = CARTESIAN_POINT ( 'NONE',  ( -6.349046932142099919, -0.06651369435755599691, 0.07756005247434771821 ) ) ;
#1669 = CARTESIAN_POINT ( 'NONE',  ( 6.227473949929859920, -0.5123354642023909555, 0.08504003498300610753 ) ) ;
#1670 = CARTESIAN_POINT ( 'NONE',  ( 5.180316525110471026, -0.3182787896309660081, 0.1999999999999987621 ) ) ;
#1671 = CARTESIAN_POINT ( 'NONE',  ( 3.046257705760219814, 0.8541536936186510109, 1.300000030463270173 ) ) ;
#1672 = CARTESIAN_POINT ( 'NONE',  ( -6.199329263111369670, 0.4831091312188310338, 0.01308868717844979997 ) ) ;
#1673 = CARTESIAN_POINT ( 'NONE',  ( -3.456526291164410125, -0.7681146123552399230, 2.068114642818509985 ) ) ;
#1674 = CARTESIAN_POINT ( 'NONE',  ( -5.122767485919900388, -0.1400578813709620063, 6.545636580249291115E-17 ) ) ;
#1675 = DIRECTION ( 'NONE',  ( 0.0000000000000000000, 0.0000000000000000000, 1.000000000000000000 ) ) ;
#1676 = CARTESIAN_POINT ( 'NONE',  ( 5.151743005587730018, -0.1655532365219559987, -1.396510869898909968E-16 ) ) ;
#1677 = CARTESIAN_POINT ( 'NONE',  ( 2.561655826735730113, 0.0000000000000000000, 0.4332475180310719765 ) ) ;
#1678 = CARTESIAN_POINT ( 'NONE',  ( -5.053259208795349622, 0.1636107914827039933, 0.08504003497907189346 ) ) ;
#1679 = CARTESIAN_POINT ( 'NONE',  ( 5.606060966458220385, -0.5783608650055169775, 0.09999999999952169372 ) ) ;
#1680 = CARTESIAN_POINT ( 'NONE',  ( 5.100192935273279993, 0.2252093438807450110, 0.09999999998874189999 ) ) ;
#1681 = DIRECTION ( 'NONE',  ( 1.000000000000000000, 0.0000000000000000000, -5.874195897487600417E-17 ) ) ;
#1682 = CARTESIAN_POINT ( 'NONE',  ( 5.107109327664270282, 0.05908502990606499805, 6.668811514770509478E-17 ) ) ;
#1683 = CARTESIAN_POINT ( 'NONE',  ( -5.012385225038310743, -0.09377143883761659970, 0.2000000000000008993 ) ) ;
#1684 = CARTESIAN_POINT ( 'NONE',  ( 6.343164027972989949, -7.363533243433919612E-09, 0.05516503352017589762 ) ) ;
#1685 = DIRECTION ( 'NONE',  ( 0.0000000000000000000, 0.0000000000000000000, -1.000000000000000000 ) ) ;
#1686 = CARTESIAN_POINT ( 'NONE',  ( -5.043232054706580314, -0.1494829077018069996, 0.07756005246865660396 ) ) ;
#1687 = ORIENTED_EDGE ( 'NONE', *, *, #3344, .F. ) ;
#1688 = CARTESIAN_POINT ( 'NONE',  ( 3.422270755428200140, -0.8041145948577490543, 0.4958854356055250046 ) ) ;
#1689 = CARTESIAN_POINT ( 'NONE',  ( -6.175408623590340262, -0.4659306951074069780, -7.671411380027520692E-16 ) ) ;
#1690 = CARTESIAN_POINT ( 'NONE',  ( -6.239683432411772479, 0.2156345487170776842, -8.390884625840510330E-16 ) ) ;
#1691 = CARTESIAN_POINT ( 'NONE',  ( -5.910674478967480994, 0.5200113665497250182, -5.639440971542849632E-16 ) ) ;
#1692 = CARTESIAN_POINT ( 'NONE',  ( -2.199999969536730049, 0.0000000000000000000, 0.3996339179078399750 ) ) ;
#1693 =( BOUNDED_CURVE ( )  B_SPLINE_CURVE ( 2, ( #2834, #4536, #2030, #4861, #4144 ),
 .UNSPECIFIED., .F., .F. ) 
 B_SPLINE_CURVE_WITH_KNOTS ( ( 3, 2, 3 ),
 ( 0.0000000000000000000, 0.2500000000000008327, 0.5000000000000000000 ),
 .UNSPECIFIED. ) 
 CURVE ( )  GEOMETRIC_REPRESENTATION_ITEM ( )  RATIONAL_B_SPLINE_CURVE ( ( 1.000000000000000000, 0.7071067811865480168, 1.000000000000000000, 0.7071067811865501263, 0.9999999999999978906 ) ) 
 REPRESENTATION_ITEM ( '' )  );
#1694 = CARTESIAN_POINT ( 'NONE',  ( 2.385652428381600298, 0.8904619225971831531, 0.4095381078660910168 ) ) ;
#1695 = CARTESIAN_POINT ( 'NONE',  ( -5.214896544371310227, -0.3508113022117270163, 0.07756005246770880657 ) ) ;
#1696 = CARTESIAN_POINT ( 'NONE',  ( 6.156781515351379852, -0.5613600095017999836, 0.08504003498299539388 ) ) ;
#1697 = CARTESIAN_POINT ( 'NONE',  ( 6.024851973780100067, -0.5875604833422150008, 0.1999999999999987621 ) ) ;
#1698 = CARTESIAN_POINT ( 'NONE',  ( -5.783031577072519802, 0.5606301530416919476, 0.01308868717835350026 ) ) ;
#1699 = CARTESIAN_POINT ( 'NONE',  ( 5.024698807116640076, -0.1207599828996299973, 0.2000000000000000111 ) ) ;
#1700 = CARTESIAN_POINT ( 'NONE',  ( -3.284326568066440633, 0.0000000000000000000, 2.160725125137390012 ) ) ;
#1701 = CARTESIAN_POINT ( 'NONE',  ( 5.327989103472466681, 0.3185958135917130174, -6.229824300387115240E-17 ) ) ;
#1702 = CARTESIAN_POINT ( 'NONE',  ( 5.503422167161460266, -0.4597457528237839930, -1.841524287038310292E-16 ) ) ;
#1703 = CARTESIAN_POINT ( 'NONE',  ( -3.456526291164410125, -0.7681146123552400340, 1.300000030463270173 ) ) ;
#1704 = CARTESIAN_POINT ( 'NONE',  ( -5.347837077290600760, 0.4600946371921539879, 0.08504003498160501995 ) ) ;
#1705 = CARTESIAN_POINT ( 'NONE',  ( 6.280859231101531215, -0.4191720698426770197, 0.1000000000000900030 ) ) ;
#1706 = CARTESIAN_POINT ( 'NONE',  ( -5.067761938863199589, -0.1835456402066180104, 0.09999999998764699805 ) ) ;
#1707 = CARTESIAN_POINT ( 'NONE',  ( 5.471091196841830318, 0.5302772227165749586, 0.09999999999783519555 ) ) ;
#1708 = CARTESIAN_POINT ( 'NONE',  ( -5.982101057793539844, -0.5919109406925260330, 0.09999999999999920064 ) ) ;
#1709 = CARTESIAN_POINT ( 'NONE',  ( -3.500000000000000444, 0.5543063937311817346, 0.9864958946725430611 ) ) ;
#1710 = CARTESIAN_POINT ( 'NONE',  ( 5.134942820194080326, 0.1059799706950809994, 5.272188605018359964E-17 ) ) ;
#1711 = CARTESIAN_POINT ( 'NONE',  ( 5.153672357518900959, -0.2773598194457059796, 0.05516503351853330184 ) ) ;
#1712 = CARTESIAN_POINT ( 'NONE',  ( -6.256162751552410306, 0.4695502945003580120, 0.1000000000000969974 ) ) ;
#1713 = CARTESIAN_POINT ( 'NONE',  ( -6.215643329946310303, -0.5256492051274279653, 0.09999999999987230215 ) ) ;
#1714 = EDGE_LOOP ( 'NONE', ( #336, #1447, #3923, #4928 ) ) ;
#1715 = CARTESIAN_POINT ( 'NONE',  ( -6.166599486841110256, -0.4754378063328230652, -7.620686911306770128E-16 ) ) ;
#1716 = CARTESIAN_POINT ( 'NONE',  ( -6.155347358995129525, 0.4443353591772171152, -7.693470772912615882E-16 ) ) ;
#1717 = CARTESIAN_POINT ( 'NONE',  ( -6.096832745676110221, 0.4979451601832309837, -7.142343214113750889E-16 ) ) ;
#1718 = CARTESIAN_POINT ( 'NONE',  ( -2.312275712915440096, -0.8969320013308089701, 2.196932031794080586 ) ) ;
#1719 = CARTESIAN_POINT ( 'NONE',  ( 5.142187738396169827, 0.2470216833940890311, 0.02507684311840880503 ) ) ;
#1720 = CARTESIAN_POINT ( 'NONE',  ( 2.256433125465449940, 0.0000000000000000000, 0.4004136544695839905 ) ) ;
#1721 = CARTESIAN_POINT ( 'NONE',  ( 5.000212412783009874, 0.02148594358049080166, 0.09999999999999939493 ) ) ;
#1722 = CARTESIAN_POINT ( 'NONE',  ( -6.318978299419439892, -0.3063807317066439828, 0.07756005247430310112 ) ) ;
#1723 = CARTESIAN_POINT ( 'NONE',  ( 6.113410848139899656, -0.5737585472723909508, 0.08504003498299020358 ) ) ;
#1724 = CARTESIAN_POINT ( 'NONE',  ( 3.494287647928740359, 0.0000000000000000000, 1.988731239045399946 ) ) ;
#1725 = CARTESIAN_POINT ( 'NONE',  ( -3.481874671466670179, 0.7257874573880770397, 1.300000030463270173 ) ) ;
#1726 = CARTESIAN_POINT ( 'NONE',  ( -6.329410739377809847, -0.09899308468193310229, 0.02507684312139280003 ) ) ;
#1727 = CARTESIAN_POINT ( 'NONE',  ( 5.816106265268239817, -0.5238315622125949700, -3.517866173749310444E-16 ) ) ;
#1728 = CARTESIAN_POINT ( 'NONE',  ( -3.380581965863679983, 0.0000000000000000000, 2.131811070476940184 ) ) ;
#1729 = CARTESIAN_POINT ( 'NONE',  ( -6.002196454162739947, 0.5830942278692800018, 0.05516503352018269773 ) ) ;
#1730 = CARTESIAN_POINT ( 'NONE',  ( 2.199999969548116496, 0.0000000000000000000, 1.300000030463270173 ) ) ;
#1731 = EDGE_CURVE ( 'NONE', #1925, #3712, #3487, .T. ) ;
#1732 = CARTESIAN_POINT ( 'NONE',  ( 6.155629904068717906, -0.4440038535282465060, -5.629393839038663780E-16 ) ) ;
#1733 = CARTESIAN_POINT ( 'NONE',  ( -5.000212412783009874, -0.02148594358049080166, 0.09999999999999920064 ) ) ;
#1734 = CARTESIAN_POINT ( 'NONE',  ( -2.859815149085939812, 0.8418128730077889532, 1.300000030463270173 ) ) ;
#1735 = CARTESIAN_POINT ( 'NONE',  ( 6.279919930034229658, 7.548844887834470261E-08, -6.245004513516510470E-16 ) ) ;
#1736 = CARTESIAN_POINT ( 'NONE',  ( 3.498961390185070019, 0.6600389711792969960, 1.300000030463270173 ) ) ;
#1737 = EDGE_CURVE ( 'NONE', #1391, #2787, #24, .T. ) ;
#1738 = CARTESIAN_POINT ( 'NONE',  ( -6.342625884294790239, -0.1661372783130840303, 0.09999999999997080669 ) ) ;
#1739 = CARTESIAN_POINT ( 'NONE',  ( 5.068828188639720622, 0.1849745331143529958, 0.07756005246202919701 ) ) ;
#1740 = ORIENTED_EDGE ( 'NONE', *, *, #347, .T. ) ;
#1741 = CARTESIAN_POINT ( 'NONE',  ( 3.456526291164410125, -0.7681146123552400340, 1.300000030463270173 ) ) ;
#1742 = CARTESIAN_POINT ( 'NONE',  ( -6.222134399944549976, -0.3788937328468650056, -8.024686408513060005E-16 ) ) ;
#1743 = CARTESIAN_POINT ( 'NONE',  ( -5.122910132932269711, 0.1276057286441840133, -1.122333149281859944E-16 ) ) ;
#1744 = CARTESIAN_POINT ( 'NONE',  ( -2.218867265165350044, 0.9002847350042210151, 1.300000030463270173 ) ) ;
#1745 = CARTESIAN_POINT ( 'NONE',  ( 2.644399860962149962, 0.8554816188591790604, 1.300000030463270173 ) ) ;
#1746 = CARTESIAN_POINT ( 'NONE',  ( -6.144552829628690205, 0.5666394410174280249, 0.1999999999999987621 ) ) ;
#1747 = CARTESIAN_POINT ( 'NONE',  ( -6.183473454849290007, -0.5503123482443450509, 0.07756005247422960436 ) ) ;
#1748 = CARTESIAN_POINT ( 'NONE',  ( 6.293967873641180155, -0.3882886086335120002, 0.08504003498299210484 ) ) ;
#1749 = CARTESIAN_POINT ( 'NONE',  ( 6.067120671245721297, -0.5823399928957599947, 0.1999999999999987621 ) ) ;
#1750 = CARTESIAN_POINT ( 'NONE',  ( -6.252581884517510957, 0.2509479101626170272, -9.961594458358970334E-16 ) ) ;
#1751 = CARTESIAN_POINT ( 'NONE',  ( 4.999974409514909901, -0.007290673741145800232, 0.2000000000000000111 ) ) ;
#1752 = CARTESIAN_POINT ( 'NONE',  ( -3.500000000000000000, 0.0000000000000000000, 0.6691416260695111085 ) ) ;
#1753 = CARTESIAN_POINT ( 'NONE',  ( 5.784188885380141087, -0.5233681617290509847, -3.416319876086889881E-16 ) ) ;
#1754 = CARTESIAN_POINT ( 'NONE',  ( -5.000001109512579589, -0.0003494637194912870223, 0.08504003498290579888 ) ) ;
#1755 = CARTESIAN_POINT ( 'NONE',  ( 5.265371907128339579, -0.3966371584922600002, 0.09999999999821269914 ) ) ;
#1756 = CARTESIAN_POINT ( 'NONE',  ( -4.724999999999999645, 0.0000000000000000000, 1.300000000000000266 ) ) ;
#1757 = CARTESIAN_POINT ( 'NONE',  ( -5.726241842797760384, -0.5985893008589749931, 0.09999999999999920064 ) ) ;
#1758 = CARTESIAN_POINT ( 'NONE',  ( -2.722375865889810065, -0.8471463196214711333, 0.4528537108418029811 ) ) ;
#1759 = CARTESIAN_POINT ( 'NONE',  ( -5.000000029057262374, 2.755455298081544778E-17, 0.9610912583114851193 ) ) ;
#1760 = CARTESIAN_POINT ( 'NONE',  ( 5.138962095626940396, -0.2606836581779379824, 0.05516503351849010028 ) ) ;
#1761 = CARTESIAN_POINT ( 'NONE',  ( -5.711678804347130267, 0.5960859470857140519, 0.09999999999974799880 ) ) ;
#1762 = CARTESIAN_POINT ( 'NONE',  ( -6.160433358236519830, -0.5603919593089059514, 0.09999999999986440569 ) ) ;
#1763 = EDGE_LOOP ( 'NONE', ( #2202, #2339, #2682, #4960 ) ) ;
#1764 = CARTESIAN_POINT ( 'NONE',  ( 3.499999995479639914, -0.6406317572097729451, 1.300000030463270173 ) ) ;
#1765 = CARTESIAN_POINT ( 'NONE',  ( -5.141681736342790465, -0.1152672987870879961, 6.968709420402849714E-17 ) ) ;
#1766 = CARTESIAN_POINT ( 'NONE',  ( 5.971726292263450198, 0.4923560321387700500, -4.522453299562630421E-16 ) ) ;
#1767 = CARTESIAN_POINT ( 'NONE',  ( -6.144748302321000111, 0.4549801608432140210, -8.109445902037370168E-16 ) ) ;
#1768 = ADVANCED_FACE ( 'NONE', ( #3119 ), #1879, .T. ) ;
#1769 = CARTESIAN_POINT ( 'NONE',  ( -2.722375865889810065, 0.0000000000000000000, 2.147146350084740085 ) ) ;
#1770 = MANIFOLD_SOLID_BREP ( 'Body3', #223 ) ;
#1771 = CARTESIAN_POINT ( 'NONE',  ( 2.917476980842439893, -0.8436923278882220156, 0.4563077025750520432 ) ) ;
#1772 = CARTESIAN_POINT ( 'NONE',  ( -5.327753741663210363, 0.4490264278117330199, 0.1999999999999987621 ) ) ;
#1773 = CARTESIAN_POINT ( 'NONE',  ( -5.916224669004390257, -0.5973726838689970009, 0.07756005247395511559 ) ) ;
#1774 = CARTESIAN_POINT ( 'NONE',  ( 5.099995960107629678, -0.001298760135646070046, -3.989832697477580077E-16 ) ) ;
#1775 = CARTESIAN_POINT ( 'NONE',  ( -6.272440013605209863, 0.02099414563777210127, -1.212779756040689960E-15 ) ) ;
#1776 = CARTESIAN_POINT ( 'NONE',  ( 5.154633930557269927, 0.1810666052070969978, 2.707646518140689989E-17 ) ) ;
#1777 = CARTESIAN_POINT ( 'NONE',  ( 3.500000000000000000, 0.0000000000000000000, 1.930858434857039896 ) ) ;
#1778 = CARTESIAN_POINT ( 'NONE',  ( -3.498961390185080234, -0.6600389711792969960, 1.960039001642570167 ) ) ;
#1779 = CARTESIAN_POINT ( 'NONE',  ( -6.331607269811859950, -0.03270887028187440676, 0.02507684312139609947 ) ) ;
#1780 = CARTESIAN_POINT ( 'NONE',  ( 5.847818302773450050, -0.5233177983756069906, -3.847944804260859803E-16 ) ) ;
#1781 = CARTESIAN_POINT ( 'NONE',  ( -3.380581965863679983, 0.8318110400136660143, 1.300000030463270173 ) ) ;
#1782 = CARTESIAN_POINT ( 'NONE',  ( -4.999996570748869829, 0.0009492921481764910602, 0.08504003498290579888 ) ) ;
#1783 = CARTESIAN_POINT ( 'NONE',  ( 5.065586522890730414, -0.1805345421053579924, 0.09999999999600840683 ) ) ;
#1784 = CARTESIAN_POINT ( 'NONE',  ( -5.060159486420180208, -0.1732058887278900006, 0.09999999998755761121 ) ) ;
#1785 = CARTESIAN_POINT ( 'NONE',  ( -5.893733830988099776, -0.5990531213409430178, 0.09999999999999920064 ) ) ;
#1786 = CARTESIAN_POINT ( 'NONE',  ( -2.859815149085939812, 0.8418128730077889532, 2.141812903471060014 ) ) ;
#1787 = CARTESIAN_POINT ( 'NONE',  ( 5.074269523325240172, -0.1807707497495580073, 0.05516503351818000112 ) ) ;
#1788 = CARTESIAN_POINT ( 'NONE',  ( -5.214870543312719597, 0.3507295627261770021, 0.09999999999766019665 ) ) ;
#1789 = CARTESIAN_POINT ( 'NONE',  ( 5.061482077262819956, 0.1750243111489270254, 0.07756005246192110292 ) ) ;
#1790 = ORIENTED_EDGE ( 'NONE', *, *, #5275, .F. ) ;
#1791 = CARTESIAN_POINT ( 'NONE',  ( 6.349239909091269674, 0.07678747668518980107, 0.2000000000000008993 ) ) ;
#1792 = CARTESIAN_POINT ( 'NONE',  ( 6.249096385276989629, 0.06324336950983119876, -6.232812527967550899E-16 ) ) ;
#1793 = CARTESIAN_POINT ( 'NONE',  ( -5.085210177680120402, 0.06432196700117689958, -2.168043166771260299E-16 ) ) ;
#1794 = CARTESIAN_POINT ( 'NONE',  ( -2.644399860962149962, 0.0000000000000000000, 0.4445184116040949984 ) ) ;
#1795 = EDGE_CURVE ( 'NONE', #4395, #547, #1499, .T. ) ;
#1796 = CARTESIAN_POINT ( 'NONE',  ( 3.046257705760219814, 0.8541536936186510109, 1.300000030463270173 ) ) ;
#1797 = CARTESIAN_POINT ( 'NONE',  ( -6.159409054413109708, -0.4367836171659190136, -7.734917780557470327E-16 ) ) ;
#1798 = CARTESIAN_POINT ( 'NONE',  ( 5.813875684271019750, 0.5015293818160115880, -3.562117523230584042E-16 ) ) ;
#1799 = CARTESIAN_POINT ( 'NONE',  ( 4.724999999999999645, -0.4499999999999999556, 1.524999999999998135 ) ) ;
#1800 = CARTESIAN_POINT ( 'NONE',  ( -5.106638220358520996, 0.1681520450682330026, 0.01308868717703309988 ) ) ;
#1801 = CARTESIAN_POINT ( 'NONE',  ( -3.481874671466670179, 0.0000000000000000000, 2.025787487851350210 ) ) ;
#1802 = CARTESIAN_POINT ( 'NONE',  ( -6.327322016634830071, -0.1317761805860850066, 0.02507684312139099939 ) ) ;
#1803 = CARTESIAN_POINT ( 'NONE',  ( -3.422270755428200140, -0.8041145948577490543, 0.4958854356055250046 ) ) ;
#1804 = CARTESIAN_POINT ( 'NONE',  ( -5.849961639599619900, 0.5940204790326459872, 0.05516503352011530720 ) ) ;
#1805 = CARTESIAN_POINT ( 'NONE',  ( -5.000449008239789883, -0.02346898662567640029, 0.09999999999961249608 ) ) ;
#1806 = CARTESIAN_POINT ( 'NONE',  ( -2.967264452590000268, 0.8470836428053101219, 0.4529163876579629933 ) ) ;
#1807 = CARTESIAN_POINT ( 'NONE',  ( -5.000000029057262374, 0.4500000000000000666, 0.9610912583114851193 ) ) ;
#1808 = CARTESIAN_POINT ( 'NONE',  ( 6.309082576421739752, -0.06533445056203800172, 0.01308868717841859923 ) ) ;
#1809 = CARTESIAN_POINT ( 'NONE',  ( -5.711678346015659713, -0.5960893537081970450, 0.09999999999907309423 ) ) ;
#1810 = CARTESIAN_POINT ( 'NONE',  ( 5.060199362310140003, 0.1732608393337750075, 0.07756005246191639835 ) ) ;
#1811 = EDGE_LOOP ( 'NONE', ( #4678, #5239, #1493, #3375 ) ) ;
#1812 = CARTESIAN_POINT ( 'NONE',  ( 4.999999888241290158, 0.0000000000000000000, 0.2000000000000000111 ) ) ;
#1813 = CARTESIAN_POINT ( 'NONE',  ( -5.107733965253038022, 0.06085658702509220974, 9.697271174976656208E-17 ) ) ;
#1814 = CARTESIAN_POINT ( 'NONE',  ( -5.077628983460829915, 0.009622200617125030789, -3.565356795043860175E-16 ) ) ;
#1815 = CARTESIAN_POINT ( 'NONE',  ( -2.917476980842439893, 0.8436923278882220156, 2.143692358351500626 ) ) ;
#1816 = CARTESIAN_POINT ( 'NONE',  ( 2.967264452589999824, 0.0000000000000000000, 2.147083673268579851 ) ) ;
#1817 = FACE_OUTER_BOUND ( 'NONE', #4337, .T. ) ;
#1818 = CARTESIAN_POINT ( 'NONE',  ( 5.150021982946329402, 0.1276870908770739721, 4.535433067145390147E-17 ) ) ;
#1819 = CARTESIAN_POINT ( 'NONE',  ( 3.380581965863679983, 0.0000000000000000000, 0.4681889904496079891 ) ) ;
#1820 = CARTESIAN_POINT ( 'NONE',  ( 5.116856791061289655, 0.1320014134473140033, 4.916641100525079974E-17 ) ) ;
#1821 = CARTESIAN_POINT ( 'NONE',  ( 5.893733830988099776, -0.5990531213409430178, 0.0000000000000000000 ) ) ;
#1822 = DIRECTION ( 'NONE',  ( 1.387778831187769972E-15, 0.0000000000000000000, -1.000000000000000000 ) ) ;
#1823 = CARTESIAN_POINT ( 'NONE',  ( -5.344220633341119964, -0.4351366651539190222, 0.02507684312026720042 ) ) ;
#1824 = CARTESIAN_POINT ( 'NONE',  ( 6.155147790828990217, -0.4426089010465130147, -6.192409727480080106E-16 ) ) ;
#1825 = CARTESIAN_POINT ( 'NONE',  ( 2.859815149085939812, -0.8418128730077889532, 1.300000030463270173 ) ) ;
#1826 = ADVANCED_FACE ( 'NONE', ( #1142 ), #2775, .T. ) ;
#1827 = CARTESIAN_POINT ( 'NONE',  ( -3.494287647928739915, -0.6887312085821259977, 0.6112688218811480612 ) ) ;
#1828 = CARTESIAN_POINT ( 'NONE',  ( -6.223687665709640271, 0.5062082666259860586, 0.05516503352022660706 ) ) ;
#1829 = CARTESIAN_POINT ( 'NONE',  ( -2.312275712915440096, 0.8969320013308089701, 0.4030680291324649778 ) ) ;
#1830 = CARTESIAN_POINT ( 'NONE',  ( 6.345819140479379783, -0.1459536405944240056, 0.1000000000000000333 ) ) ;
#1831 = CARTESIAN_POINT ( 'NONE',  ( -2.722375865889810065, 0.8471463196214711333, 0.4528537108418029811 ) ) ;
#1832 = VECTOR ( 'NONE', #1681, 1000.000000000000000 ) ;
#1833 = CARTESIAN_POINT ( 'NONE',  ( -6.320777426967040036, -0.3056012506868709955, 0.2000000000000000111 ) ) ;
#1834 = CARTESIAN_POINT ( 'NONE',  ( 6.243923019648869754, -0.4031143959560160028, 0.01308868717844629929 ) ) ;
#1835 = CARTESIAN_POINT ( 'NONE',  ( -5.816238556275560079, 0.6014050493129220465, 0.09999999999984020282 ) ) ;
#1836 = AXIS2_PLACEMENT_3D ( 'NONE', #857, #2593, #3832 ) ;
#1837 = VERTEX_POINT ( 'NONE', #2902 ) ;
#1838 = CARTESIAN_POINT ( 'NONE',  ( 5.044608523403979916, 0.1523449825903359922, 0.2000000000000008993 ) ) ;
#1839 = CARTESIAN_POINT ( 'NONE',  ( 6.243116815363510597, 0.1561806705015370000, -6.182832941897009703E-16 ) ) ;
#1840 = CARTESIAN_POINT ( 'NONE',  ( -5.088396779201969977, 0.07201888028183189849, -2.020603820548950002E-16 ) ) ;
#1841 = CARTESIAN_POINT ( 'NONE',  ( 6.002891883292679864, -0.5898992491315709907, 0.08504003498291839991 ) ) ;
#1842 =( GEOMETRIC_REPRESENTATION_CONTEXT ( 3 ) GLOBAL_UNCERTAINTY_ASSIGNED_CONTEXT ( ( #985 ) ) GLOBAL_UNIT_ASSIGNED_CONTEXT ( ( #3520, #5242, #1621 ) ) REPRESENTATION_CONTEXT ( 'NONE', 'WORKASPACE' ) );
#1843 = CARTESIAN_POINT ( 'NONE',  ( 6.176453577985229870, 0.5545352631851150349, 0.2000000000000000111 ) ) ;
#1844 = CARTESIAN_POINT ( 'NONE',  ( -2.917476980842439893, 0.8436923278882220156, 1.300000030463270173 ) ) ;
#1845 = CARTESIAN_POINT ( 'NONE',  ( 3.079716191379540557, 0.8570832699196331284, 2.157083300382910629 ) ) ;
#1846 = CARTESIAN_POINT ( 'NONE',  ( -6.250000011192019755, -0.01039021815587149941, -8.500145124837831470E-16 ) ) ;
#1847 = CARTESIAN_POINT ( 'NONE',  ( 5.746657265486744492, 0.4987006883015863146, -3.155512316655352873E-16 ) ) ;
#1848 = FACE_OUTER_BOUND ( 'NONE', #4407, .T. ) ;
#1849 = CARTESIAN_POINT ( 'NONE',  ( 3.284326568066441077, -0.8607250946741169528, 2.160725125137389568 ) ) ;
#1850 = CARTESIAN_POINT ( 'NONE',  ( 5.145287049458779904, 0.1694009419933970029, 3.258938984004700255E-17 ) ) ;
#1851 = CARTESIAN_POINT ( 'NONE',  ( 6.168945576013534549, -0.4205596428167168721, -5.709940535014763681E-16 ) ) ;
#1852 = CARTESIAN_POINT ( 'NONE',  ( 5.655253982674430802, -0.5895555966763510458, 0.0000000000000000000 ) ) ;
#1853 = CARTESIAN_POINT ( 'NONE',  ( -6.293753187990509979, -0.3304191417300880174, 0.02507684312137789875 ) ) ;
#1854 = CARTESIAN_POINT ( 'NONE',  ( 6.152394691128679760, -0.4462517240004820196, -6.158311730234099759E-16 ) ) ;
#1855 = CARTESIAN_POINT ( 'NONE',  ( 2.794526764258590479, 0.0000000000000000000, 2.142665627505690118 ) ) ;
#1856 = CARTESIAN_POINT ( 'NONE',  ( -3.481874671466670179, -0.7257874573880770397, 2.025787487851350654 ) ) ;
#1857 = CARTESIAN_POINT ( 'NONE',  ( -5.029061850707719827, 0.1121156644259199975, 0.05516503351921390325 ) ) ;
#1858 = CARTESIAN_POINT ( 'NONE',  ( -2.385652428381600298, -0.8904619225971831531, 0.4095381078660910168 ) ) ;
#1859 = CARTESIAN_POINT ( 'NONE',  ( -5.000212412783009874, 0.02148594358049080166, 0.2000000000000000111 ) ) ;
#1860 = CARTESIAN_POINT ( 'NONE',  ( -3.079716191379540557, 0.8570832699196331284, 0.4429167605436410415 ) ) ;
#1861 = CARTESIAN_POINT ( 'NONE',  ( -5.655253982674430802, -0.5895555966763510458, 0.2000000000000000111 ) ) ;
#1862 = CARTESIAN_POINT ( 'NONE',  ( 2.385652428381599854, -0.8904619225971830421, 1.300000030463270173 ) ) ;
#1863 = CARTESIAN_POINT ( 'NONE',  ( -5.883494035608739736, 0.5994401913979839902, 0.09999999999990100141 ) ) ;
#1864 = CARTESIAN_POINT ( 'NONE',  ( -5.112130260764129908, -0.2397911835506799927, 0.09999999998938141621 ) ) ;
#1865 = CARTESIAN_POINT ( 'NONE',  ( 5.883494791582999817, 0.5994359105045861114, 0.09999999999953229635 ) ) ;
#1866 = ORIENTED_EDGE ( 'NONE', *, *, #1194, .F. ) ;
#1867 = CARTESIAN_POINT ( 'NONE',  ( 5.249864402188619827, 0.3858697217414899794, 0.2000000000000008993 ) ) ;
#1868 = CARTESIAN_POINT ( 'NONE',  ( -5.185736245015114321, 0.1720602500505691856, 3.246903228952062210E-17 ) ) ;
#1869 = CARTESIAN_POINT ( 'NONE',  ( -5.116363510904180956, 0.07776464830394060057, -1.915371863562280007E-16 ) ) ;
#1870 = CARTESIAN_POINT ( 'NONE',  ( 5.060147815117470138, -0.1731093064064309905, 0.08504003497890280650 ) ) ;
#1871 = CARTESIAN_POINT ( 'NONE',  ( -2.859815149085939812, -0.8418128730077889532, 2.141812903471060014 ) ) ;
#1872 = CARTESIAN_POINT ( 'NONE',  ( 3.009674527917809872, -0.8508116070344399207, 2.150811637497709761 ) ) ;
#1873 = CARTESIAN_POINT ( 'NONE',  ( -6.141731708328860506, -0.4573496073655560212, -7.588553909018301362E-16 ) ) ;
#1874 = CARTESIAN_POINT ( 'NONE',  ( 6.137703502248474940, 0.4605377468767196669, -5.520956770046272286E-16 ) ) ;
#1875 = CARTESIAN_POINT ( 'NONE',  ( 5.000000029057262374, -2.755455298081544470E-17, 0.9610912583114843422 ) ) ;
#1876 = CARTESIAN_POINT ( 'NONE',  ( 3.481874671466670179, 0.0000000000000000000, 2.025787487851350210 ) ) ;
#1877 = CARTESIAN_POINT ( 'NONE',  ( 6.173390145254390227, -0.4124177587557444347, -5.736825799901974315E-16 ) ) ;
#1878 = CARTESIAN_POINT ( 'NONE',  ( 6.176453577985229870, -0.5545352631851150349, 0.2000000000000000111 ) ) ;
#1879 = CYLINDRICAL_SURFACE ( 'NONE', #2620, 0.2249999999999999500 ) ;
#1880 = CARTESIAN_POINT ( 'NONE',  ( -6.071718736108690173, -0.5629202528258140381, 0.02507684312134770069 ) ) ;
#1881 = CARTESIAN_POINT ( 'NONE',  ( 6.150243718938050108, -0.4488866247939419796, -6.151366271383090386E-16 ) ) ;
#1882 = CARTESIAN_POINT ( 'NONE',  ( 2.859815149085939812, -0.8418128730077889532, 0.4581871574554849391 ) ) ;
#1883 = CARTESIAN_POINT ( 'NONE',  ( -5.007258920872530439, 0.02305370791440609912, 0.05516503352006259936 ) ) ;
#1884 = CARTESIAN_POINT ( 'NONE',  ( -2.218867265165350044, -0.9002847350042210151, 1.300000030463270173 ) ) ;
#1885 = CARTESIAN_POINT ( 'NONE',  ( 6.067120671245721297, -0.5823399928957599947, 0.1000000000000000333 ) ) ;
#1886 = CARTESIAN_POINT ( 'NONE',  ( -3.046257705760219814, 0.0000000000000000000, 0.4458463368446229924 ) ) ;
#1887 = CARTESIAN_POINT ( 'NONE',  ( -5.911206747731569955, -0.5274617996244379547, -5.658493672593500232E-16 ) ) ;
#1888 = CARTESIAN_POINT ( 'NONE',  ( 6.255221508088769866, 0.2710033117222669929, -6.070799953137600542E-16 ) ) ;
#1889 = CARTESIAN_POINT ( 'NONE',  ( -5.076590656699489834, -0.1964923183600499890, 0.2000000000000000111 ) ) ;
#1890 = CARTESIAN_POINT ( 'NONE',  ( 6.203463177628870007, -0.4776390945631019957, 0.01308868717844990058 ) ) ;
#1891 = CARTESIAN_POINT ( 'NONE',  ( 2.312275712915440096, 0.8969320013308089701, 0.4030680291324649778 ) ) ;
#1892 = CARTESIAN_POINT ( 'NONE',  ( -5.022962009660740357, 0.1151863945220060054, 0.09999999999808359408 ) ) ;
#1893 = EDGE_CURVE ( 'NONE', #1837, #2787, #2956, .T. ) ;
#1894 = CARTESIAN_POINT ( 'NONE',  ( 5.655253982674430802, 0.5895555966763510458, 0.2000000000000000111 ) ) ;
#1895 = CARTESIAN_POINT ( 'NONE',  ( 5.711678346015659713, 0.5960893537081970450, 0.09999999999907320525 ) ) ;
#1896 = ORIENTED_EDGE ( 'NONE', *, *, #3215, .T. ) ;
#1897 = CARTESIAN_POINT ( 'NONE',  ( -5.004801479821759713, 0.06614013873328339344, 0.1000000000000000333 ) ) ;
#1898 = CARTESIAN_POINT ( 'NONE',  ( 5.784891363723779989, 0.5009298396809861442, -3.394192635850260471E-16 ) ) ;
#1899 = CARTESIAN_POINT ( 'NONE',  ( -5.512777640851299843, 0.4393403911100000059, -2.473512712854019908E-16 ) ) ;
#1900 = CARTESIAN_POINT ( 'NONE',  ( 5.069637152770639865, -0.1859737234890320168, 0.08504003497893260211 ) ) ;
#1901 = CARTESIAN_POINT ( 'NONE',  ( -3.009674527917810316, 0.0000000000000000000, 0.4491884234288340272 ) ) ;
#1902 = CARTESIAN_POINT ( 'NONE',  ( 3.333637229839510052, 0.0000000000000000000, 0.4496099184848320607 ) ) ;
#1903 = CARTESIAN_POINT ( 'NONE',  ( 5.000000029057262374, 0.4499999999999999556, 0.9610912583114842311 ) ) ;
#1904 = CARTESIAN_POINT ( 'NONE',  ( -6.076305462474865138, -0.4790940602299562090, -7.039836908283972126E-16 ) ) ;
#1905 = CARTESIAN_POINT ( 'NONE',  ( 3.494287647928739915, -0.6887312085821259977, 0.6112688218811480612 ) ) ;
#1906 = CARTESIAN_POINT ( 'NONE',  ( 6.327322016634830071, 0.1317761805860850066, 0.02507684312139120061 ) ) ;
#1907 = CARTESIAN_POINT ( 'NONE',  ( 2.218867265165349600, -0.9002847350042212371, 2.200284765467499959 ) ) ;
#1908 = CARTESIAN_POINT ( 'NONE',  ( 5.844579270466050858, -0.6013843938243179643, 0.0000000000000000000 ) ) ;
#1909 = CARTESIAN_POINT ( 'NONE',  ( -5.010717878242175516, 8.501649573785874999E-05, 0.04764642153954662396 ) ) ;
#1910 = CARTESIAN_POINT ( 'NONE',  ( -6.011874786992209785, -0.5705056467604400217, 0.02507684312132889975 ) ) ;
#1911 = CARTESIAN_POINT ( 'NONE',  ( 6.120239301383030295, -0.4681869004841050508, -5.356820350453010157E-16 ) ) ;
#1912 = CARTESIAN_POINT ( 'NONE',  ( -3.500000000000000000, -0.6308584043937629504, 1.300000030463270173 ) ) ;
#1913 = CARTESIAN_POINT ( 'NONE',  ( -5.074269523325240172, 0.1807707497495580073, 0.05516503351818000112 ) ) ;
#1914 = CARTESIAN_POINT ( 'NONE',  ( -2.218867265165350044, 0.9002847350042210151, 1.300000030463270173 ) ) ;
#1915 = CARTESIAN_POINT ( 'NONE',  ( 6.320777426967040036, -0.3056012506868709955, 0.1000000000000000333 ) ) ;
#1916 = CARTESIAN_POINT ( 'NONE',  ( -3.190112246994440959, -0.8645113702127030786, 0.4354886602505709803 ) ) ;
#1917 = CARTESIAN_POINT ( 'NONE',  ( -5.154633930557269927, -0.1810666052070969978, 3.967997113639949728E-17 ) ) ;
#1918 = CARTESIAN_POINT ( 'NONE',  ( 5.560699763345719582, 0.4909156807122380672, -2.102855681825389923E-16 ) ) ;
#1919 = CARTESIAN_POINT ( 'NONE',  ( -5.494938181979860836, -0.5433329124702379609, 0.0000000000000000000 ) ) ;
#1920 = CARTESIAN_POINT ( 'NONE',  ( 6.138471231968290809, -0.5250979602571940186, 0.01308868717844639991 ) ) ;
#1921 = CARTESIAN_POINT ( 'NONE',  ( -6.293967873641180155, 0.3882886086335120002, 0.08504003498299189667 ) ) ;
#1922 = CARTESIAN_POINT ( 'NONE',  ( 5.000212412783009874, 0.02148594358049080166, 0.2000000000000000111 ) ) ;
#1923 = CARTESIAN_POINT ( 'NONE',  ( -5.141699673333019582, -0.2741635112392310503, 0.09999999999031139453 ) ) ;
#1924 = CARTESIAN_POINT ( 'NONE',  ( 6.074475007666480408, 0.5809532561304180387, 0.09999999999983269494 ) ) ;
#1925 = VERTEX_POINT ( 'NONE', #1322 ) ;
#1926 = VECTOR ( 'NONE', #1269, 1000.000000000000000 ) ;
#1927 = DIRECTION ( 'NONE',  ( 0.0000000000000000000, 0.0000000000000000000, -1.000000000000000000 ) ) ;
#1928 = CARTESIAN_POINT ( 'NONE',  ( -5.141072607537510386, 0.1144271101280320002, -1.136073654237019917E-16 ) ) ;
#1929 = CARTESIAN_POINT ( 'NONE',  ( 5.030245788540510077, -0.1286367653321099924, 0.08504003498075370093 ) ) ;
#1930 = CARTESIAN_POINT ( 'NONE',  ( -3.009674527917810316, 0.0000000000000000000, 2.150811637497710205 ) ) ;
#1931 = CIRCLE ( 'NONE', #2544, 0.9003661125554331957 ) ;
#1932 = CARTESIAN_POINT ( 'NONE',  ( 6.203466551796940287, 0.5361490133351549670, 0.07756005247423070070 ) ) ;
#1933 = CARTESIAN_POINT ( 'NONE',  ( 3.333637229839509608, 0.8503901119784410545, 0.4496099184848320052 ) ) ;
#1934 = CARTESIAN_POINT ( 'NONE',  ( -5.391715786383850073, -0.3685729680507530137, -1.373031564005109938E-16 ) ) ;
#1935 = EDGE_CURVE ( 'NONE', #3530, #5252, #3297, .T. ) ;
#1936 = LINE ( 'NONE', #4373, #4951 ) ;
#1937 = CARTESIAN_POINT ( 'NONE',  ( -6.157099330589396402, -0.4397565646089754421, -7.707958633329620531E-16 ) ) ;
#1938 = CARTESIAN_POINT ( 'NONE',  ( 3.456526291164410125, 0.7681146123552399230, 2.068114642818509985 ) ) ;
#1939 = CARTESIAN_POINT ( 'NONE',  ( 6.331763277724140160, 1.964412817941959904E-08, 0.02507684312139790012 ) ) ;
#1940 = VERTEX_POINT ( 'NONE', #71 ) ;
#1941 = CARTESIAN_POINT ( 'NONE',  ( 5.167867458673444325, -0.1502051907347305149, 3.455957608529815995E-17 ) ) ;
#1942 = CARTESIAN_POINT ( 'NONE',  ( 6.202749433582759764, -0.5385241188777200039, 0.2000000000000000111 ) ) ;
#1943 = CARTESIAN_POINT ( 'NONE',  ( 5.179081990488880294, -0.1637567588057730061, -1.428167886527600082E-16 ) ) ;
#1944 = CARTESIAN_POINT ( 'NONE',  ( 2.859815149085939812, 0.8418128730077889532, 0.4581871574554849391 ) ) ;
#1945 = CARTESIAN_POINT ( 'NONE',  ( -3.498961390185080234, 0.6600389711792969960, 0.6399610592839770629 ) ) ;
#1946 = CARTESIAN_POINT ( 'NONE',  ( -5.084703237877359783, 0.1945230933831529896, 0.05516503351820910978 ) ) ;
#1947 = CARTESIAN_POINT ( 'NONE',  ( -4.999974409514909901, 0.007290673741145800232, 0.2000000000000000111 ) ) ;
#1948 = CARTESIAN_POINT ( 'NONE',  ( -3.149310191193159802, 0.8624262690867170456, 0.4375737613765569578 ) ) ;
#1949 = CARTESIAN_POINT ( 'NONE',  ( -5.147353922490440326, -0.1720031829413289914, 4.557989602007400254E-17 ) ) ;
#1950 = CARTESIAN_POINT ( 'NONE',  ( 6.250971560259140247, 0.2894586469802850059, -6.045761457803979646E-16 ) ) ;
#1951 = CARTESIAN_POINT ( 'NONE',  ( -6.262220585892830371, -0.4599031054947679831, 0.0000000000000000000 ) ) ;
#1952 = CARTESIAN_POINT ( 'NONE',  ( 5.370623000368929922, -0.4268661364906989886, 0.01308868717795749932 ) ) ;
#1953 = CARTESIAN_POINT ( 'NONE',  ( -5.060240867539709697, 0.1732375215740130092, 0.09999999999599669398 ) ) ;
#1954 = CARTESIAN_POINT ( 'NONE',  ( 5.004801479821759713, 0.06614013873328339344, 0.0000000000000000000 ) ) ;
#1955 = CARTESIAN_POINT ( 'NONE',  ( -5.305666387546890128, -0.4292364760214170682, 0.09999999999593479905 ) ) ;
#1956 = CARTESIAN_POINT ( 'NONE',  ( 4.999998840160539970, 0.0002999056816654560110, 0.07756005247435870942 ) ) ;
#1957 = VERTEX_POINT ( 'NONE', #1172 ) ;
#1958 = CARTESIAN_POINT ( 'NONE',  ( -6.202749433582759764, 0.5385241188777200039, 0.1000000000000000333 ) ) ;
#1959 = CARTESIAN_POINT ( 'NONE',  ( -5.816072157253530328, 0.5013881415460089697, -4.838783335619370294E-16 ) ) ;
#1960 = CARTESIAN_POINT ( 'NONE',  ( 5.060533293990751247, -0.1736401137522480265, 0.08504003497890269547 ) ) ;
#1961 = CARTESIAN_POINT ( 'NONE',  ( 5.058323851786499681, 0.1392234194403270120, 0.02507684311968600213 ) ) ;
#1962 = CARTESIAN_POINT ( 'NONE',  ( 3.190112246994440071, 0.0000000000000000000, 2.164511400675980468 ) ) ;
#1963 = CARTESIAN_POINT ( 'NONE',  ( -5.284272703321600595, -0.2787652387982489932, -4.850144743900890843E-17 ) ) ;
#1964 = CARTESIAN_POINT ( 'NONE',  ( -3.499999999999999556, -0.6252624138790575659, 1.399525934204643773 ) ) ;
#1965 = CARTESIAN_POINT ( 'NONE',  ( -6.161542577081592142, -0.4329904253361268052, -7.744701886010160311E-16 ) ) ;
#1966 = CARTESIAN_POINT ( 'NONE',  ( 3.498961390185070019, 0.0000000000000000000, 1.960039001642569945 ) ) ;
#1967 = CARTESIAN_POINT ( 'NONE',  ( 6.153974861745910019, 0.5433089422507580979, 0.02507684312135749841 ) ) ;
#1968 = CARTESIAN_POINT ( 'NONE',  ( 5.369570660414052732, -0.3521944024010613128, -8.745098812305304509E-17 ) ) ;
#1969 = CARTESIAN_POINT ( 'NONE',  ( -5.079560784362150194, -0.1688356882020910221, 0.02507684311767590171 ) ) ;
#1970 = CARTESIAN_POINT ( 'NONE',  ( 5.240505849570880059, -0.2343206267556559863, -1.520786969555520031E-16 ) ) ;
#1971 = CARTESIAN_POINT ( 'NONE',  ( 3.113135215446409809, 0.0000000000000000000, 0.4401853870655529910 ) ) ;
#1972 = FILL_AREA_STYLE_COLOUR ( '', #3916 ) ;
#1973 = CARTESIAN_POINT ( 'NONE',  ( -6.228067079785000182, 0.4367513514522449736, 0.01308868717844779983 ) ) ;
#1974 = CARTESIAN_POINT ( 'NONE',  ( 2.218867265165350044, 0.0000000000000000000, 2.200284765467499959 ) ) ;
#1975 = CARTESIAN_POINT ( 'NONE',  ( -3.235639616665010099, -0.8646691662700990433, 1.300000030463270173 ) ) ;
#1976 = CARTESIAN_POINT ( 'NONE',  ( -5.591671112120629950, -0.5009404832077730685, -3.097790340089799815E-16 ) ) ;
#1977 = CARTESIAN_POINT ( 'NONE',  ( 5.942764673728651026, 0.5249935337837540184, -4.331489940728029982E-16 ) ) ;
#1978 = CARTESIAN_POINT ( 'NONE',  ( 5.058842713544319913, -0.09684823652659570181, 0.01308868717774079940 ) ) ;
#1979 = CARTESIAN_POINT ( 'NONE',  ( 2.475120692249380028, 0.8791444960728619362, 0.4208555343904120671 ) ) ;
#1980 = CARTESIAN_POINT ( 'NONE',  ( -6.312243690486941006, 0.3353326375869760123, 0.08504003498297639518 ) ) ;
#1981 = CARTESIAN_POINT ( 'NONE',  ( 5.844579270466050858, 0.6013843938243179643, 0.0000000000000000000 ) ) ;
#1982 = CARTESIAN_POINT ( 'NONE',  ( 6.160433358236519830, 0.5603919593089059514, 0.09999999999986459998 ) ) ;
#1983 = ORIENTED_EDGE ( 'NONE', *, *, #1935, .T. ) ;
#1984 = CARTESIAN_POINT ( 'NONE',  ( -6.281565084905249563, 0.4197854674473779912, 0.1000000000000000333 ) ) ;
#1985 = CARTESIAN_POINT ( 'NONE',  ( 5.847142158872210338, 0.5008787691344439574, -3.769721190528040151E-16 ) ) ;
#1986 = CARTESIAN_POINT ( 'NONE',  ( -5.240505849570880059, 0.2343206267556559863, -1.530014625076459892E-16 ) ) ;
#1987 = CARTESIAN_POINT ( 'NONE',  ( 6.125093762513380113, -0.5639369766008659468, 0.05516503352021980000 ) ) ;
#1988 = CARTESIAN_POINT ( 'NONE',  ( -3.079716191379540557, 0.8570832699196331284, 0.4429167605436410415 ) ) ;
#1989 = UNCERTAINTY_MEASURE_WITH_UNIT (LENGTH_MEASURE( 1.000000000000000082E-05 ), #2025, 'distance_accuracy_value', 'NONE');
#1990 = CARTESIAN_POINT ( 'NONE',  ( 5.030090127104830167, 0.08740455759252309387, 0.02507684312025909926 ) ) ;
#1991 = CARTESIAN_POINT ( 'NONE',  ( 3.284326568066441077, 0.8607250946741169528, 0.4392749357891569950 ) ) ;
#1992 = CARTESIAN_POINT ( 'NONE',  ( -5.330377012301769746, -0.3206651536167270389, -8.657836333626690249E-17 ) ) ;
#1993 = CARTESIAN_POINT ( 'NONE',  ( 6.349999999999999645, 0.0000000000000000000, 0.0000000000000000000 ) ) ;
#1994 = CARTESIAN_POINT ( 'NONE',  ( -5.328232949886261949, -0.3186859440101888485, -8.536805917993880683E-17 ) ) ;
#1995 = DIRECTION ( 'NONE',  ( 0.0000000000000000000, 0.0000000000000000000, -1.000000000000000000 ) ) ;
#1996 = CARTESIAN_POINT ( 'NONE',  ( 6.144552829628691093, 0.5666394410174280249, 0.09999999999999939493 ) ) ;
#1997 = CARTESIAN_POINT ( 'NONE',  ( -5.099296372286260315, -0.1948063505723819921, 0.02507684311794810411 ) ) ;
#1998 = CARTESIAN_POINT ( 'NONE',  ( 5.147572064713631157, -0.1232746079044400173, -1.384191628738690070E-16 ) ) ;
#1999 = CARTESIAN_POINT ( 'NONE',  ( 3.113135215446409809, -0.8598146433977209568, 1.300000030463270173 ) ) ;
#2000 = CARTESIAN_POINT ( 'NONE',  ( -6.201156070662429798, 0.4807378786470850041, 0.01308868717844979997 ) ) ;
#2001 = CARTESIAN_POINT ( 'NONE',  ( 2.722375865889810065, 0.0000000000000000000, 2.147146350084740085 ) ) ;
#2002 = CARTESIAN_POINT ( 'NONE',  ( -3.380581965863680427, -0.8318110400136661253, 0.4681889904496080446 ) ) ;
#2003 = CARTESIAN_POINT ( 'NONE',  ( 2.722375865889809621, -3.725773552345127224E-15, 0.4528537108418029256 ) ) ;
#2004 = CARTESIAN_POINT ( 'NONE',  ( -5.148581765549709921, 0.2819076879839059746, 0.08504003497963441571 ) ) ;
#2005 = CARTESIAN_POINT ( 'NONE',  ( 5.167495148856939835, 0.3026798618759050652, 0.09999999999158179498 ) ) ;
#2006 = CARTESIAN_POINT ( 'NONE',  ( -3.046257705760218926, -3.756592182026183883E-15, 0.4458463368446229369 ) ) ;
#2007 = CARTESIAN_POINT ( 'NONE',  ( -3.500000000000000444, 0.04019974513792363285, 1.930858434857039896 ) ) ;
#2008 = CARTESIAN_POINT ( 'NONE',  ( 5.226035824525490092, 0.2184867234514689949, -2.027700627683170052E-18 ) ) ;
#2009 = CARTESIAN_POINT ( 'NONE',  ( -6.243669523396249588, -0.4921029752861800777, 0.2000000000000008993 ) ) ;
#2010 = CARTESIAN_POINT ( 'NONE',  ( 5.607701219959031036, -0.5717171717827069788, 0.05516503351993629761 ) ) ;
#2011 = CARTESIAN_POINT ( 'NONE',  ( -3.046257705760219814, 0.0000000000000000000, 2.154153724081920185 ) ) ;
#2012 = CARTESIAN_POINT ( 'NONE',  ( -5.128374475751609651, -0.2589302027705729925, 0.07756005246440439427 ) ) ;
#2013 = CARTESIAN_POINT ( 'NONE',  ( 5.333626954690750210, 0.4499828083033929893, 0.07756005247059219454 ) ) ;
#2014 = CARTESIAN_POINT ( 'NONE',  ( 3.380581965863679983, 0.8318110400136660143, 1.300000030463270173 ) ) ;
#2015 = CARTESIAN_POINT ( 'NONE',  ( -5.181970851319010585, -0.1672699298878840002, 3.628934619877009795E-17 ) ) ;
#2016 = CARTESIAN_POINT ( 'NONE',  ( -5.624677413749889610, 0.5029618785431010375, -3.747560815342229999E-16 ) ) ;
#2017 = STYLED_ITEM ( 'NONE', ( #5155 ), #1770 ) ;
#2018 = CARTESIAN_POINT ( 'NONE',  ( -3.500000000000000444, -0.5946293566074835057, 1.511893547940597271 ) ) ;
#2019 = CARTESIAN_POINT ( 'NONE',  ( -5.173552210595915746, -0.1577977317619259356, 4.254457178792606306E-17 ) ) ;
#2020 = CARTESIAN_POINT ( 'NONE',  ( 6.329410739377809847, 0.09899308468193310229, 0.02507684312139300126 ) ) ;
#2021 = CARTESIAN_POINT ( 'NONE',  ( 5.301854873979085170, -0.2983943227490819528, -4.648960904009793514E-17 ) ) ;
#2022 = CARTESIAN_POINT ( 'NONE',  ( -5.107872910224539709, -0.2056584887004289930, 0.02507684311799299876 ) ) ;
#2023 = CARTESIAN_POINT ( 'NONE',  ( 5.630064608656859981, -0.4811438851885200263, -2.873567312260249849E-16 ) ) ;
#2024 = CARTESIAN_POINT ( 'NONE',  ( 3.009674527917810316, 0.0000000000000000000, 2.150811637497710205 ) ) ;
#2025 =( LENGTH_UNIT ( ) NAMED_UNIT ( * ) SI_UNIT ( .MILLI., .METRE. ) );
#2026 = CARTESIAN_POINT ( 'NONE',  ( -5.196885985674949637, 0.2750662639401629805, 0.01308868717735209991 ) ) ;
#2027 = CARTESIAN_POINT ( 'NONE',  ( 3.079716191379540557, 0.0000000000000000000, 2.157083300382910185 ) ) ;
#2028 = CARTESIAN_POINT ( 'NONE',  ( -3.284326568066440633, 0.0000000000000000000, 2.160725125137390012 ) ) ;
#2029 = CARTESIAN_POINT ( 'NONE',  ( -5.117115758111319579, -0.1323581629528439996, 6.998303869377960927E-17 ) ) ;
#2030 = CARTESIAN_POINT ( 'NONE',  ( 3.500000000000000000, 0.6308584043937629504, 1.300000030463270173 ) ) ;
#2031 = CARTESIAN_POINT ( 'NONE',  ( -5.214870543312719597, 0.3507295627261770021, 0.08504003498056592059 ) ) ;
#2032 = CARTESIAN_POINT ( 'NONE',  ( 5.084926600252041240, 0.2060371108906819959, 0.09999999998851180627 ) ) ;
#2033 = CARTESIAN_POINT ( 'NONE',  ( -6.301578169905729609, -0.3693503180003809838, 0.09999999999999920064 ) ) ;
#2034 = CARTESIAN_POINT ( 'NONE',  ( -3.499999999999999556, 0.5946293566074954962, 1.088106512985965946 ) ) ;
#2035 = CARTESIAN_POINT ( 'NONE',  ( -5.099997449022691143, 0.003901107685626150050, -3.613270719256139871E-16 ) ) ;
#2036 = CARTESIAN_POINT ( 'NONE',  ( 5.915730289591990321, -0.5905639955070749458, 0.05516503352014270195 ) ) ;
#2037 = CARTESIAN_POINT ( 'NONE',  ( -5.167495148856939835, -0.3026798618759050652, 0.07756005246594040170 ) ) ;
#2038 = CARTESIAN_POINT ( 'NONE',  ( 6.141062086657039565, 0.5667436915606139936, 0.07756005247421629556 ) ) ;
#2039 = VERTEX_POINT ( 'NONE', #3773 ) ;
#2040 = CARTESIAN_POINT ( 'NONE',  ( -5.159733575314380261, -0.1393226174985179866, 5.472465692266980270E-17 ) ) ;
#2041 = CARTESIAN_POINT ( 'NONE',  ( -5.246111969330519820, 0.2725735193864290418, -1.498658132977349960E-16 ) ) ;
#2042 = CARTESIAN_POINT ( 'NONE',  ( -2.218867265165349600, -0.9002847350042212371, 2.200284765467499959 ) ) ;
#2043 = CARTESIAN_POINT ( 'NONE',  ( 5.157177862415809777, 0.2641255011858659740, 0.02507684311848890416 ) ) ;
#2044 = CARTESIAN_POINT ( 'NONE',  ( 2.722375865889810065, 0.0000000000000000000, 2.147146350084740085 ) ) ;
#2045 = CARTESIAN_POINT ( 'NONE',  ( 6.350000028353020909, 0.02632166237988980279, 0.09999999999999939493 ) ) ;
#2046 = CARTESIAN_POINT ( 'NONE',  ( -5.075042931919170108, -0.1626633509904339969, 0.02507684311766150004 ) ) ;
#2047 = CARTESIAN_POINT ( 'NONE',  ( 6.143177358410319755, -0.5659589371648391376, 0.08504003498299460284 ) ) ;
#2048 = CARTESIAN_POINT ( 'NONE',  ( 5.512777640851299843, -0.4393403911100000059, -1.855264791993459911E-16 ) ) ;
#2049 = CARTESIAN_POINT ( 'NONE',  ( 3.149310191193160247, 0.0000000000000000000, 2.162426299549990105 ) ) ;
#2050 = CARTESIAN_POINT ( 'NONE',  ( 2.967264452589999824, 0.0000000000000000000, 2.147083673268579851 ) ) ;
#2051 = CARTESIAN_POINT ( 'NONE',  ( -3.284326568066440633, 0.0000000000000000000, 0.4392749357891569950 ) ) ;
#2052 = CARTESIAN_POINT ( 'NONE',  ( -5.004801479821759713, -0.06614013873328339344, 0.2000000000000000111 ) ) ;
#2053 = CARTESIAN_POINT ( 'NONE',  ( 5.109544820980119972, -0.1719534431393789919, 0.01308868717703609921 ) ) ;
#2054 = CARTESIAN_POINT ( 'NONE',  ( 2.561655826735730113, 0.0000000000000000000, 2.166752542895479916 ) ) ;
#2055 = CARTESIAN_POINT ( 'NONE',  ( -5.060852308427659985, 0.1740789388991680064, 0.08504003497890309793 ) ) ;
#2056 = CARTESIAN_POINT ( 'NONE',  ( 6.175583505662640249, -0.5536011649946079860, 0.1000000000000930006 ) ) ;
#2057 = CARTESIAN_POINT ( 'NONE',  ( 5.352756015108550258, 0.4633600297357179931, 0.09999999999637469716 ) ) ;
#2058 = CARTESIAN_POINT ( 'NONE',  ( -3.333637229839510052, -3.740039843177032334E-15, 0.4496099184848320052 ) ) ;
#2059 = CARTESIAN_POINT ( 'NONE',  ( -3.500000000000000000, 0.6308245269826118218, 1.259714916978185828 ) ) ;
#2060 = CARTESIAN_POINT ( 'NONE',  ( 5.141073515003100169, 0.1144300691663770186, 4.916641100525079974E-17 ) ) ;
#2061 = CARTESIAN_POINT ( 'NONE',  ( -5.789270952678809756, -0.6017536333715920449, 0.2000000000000008993 ) ) ;
#2062 = CARTESIAN_POINT ( 'NONE',  ( 6.339060842586530242, -0.1327495496428099941, 0.05516503352018679862 ) ) ;
#2063 = CARTESIAN_POINT ( 'NONE',  ( 3.498961390185070464, 0.6600389711792969960, 0.6399610592839770629 ) ) ;
#2064 = CARTESIAN_POINT ( 'NONE',  ( -5.100192935273279993, -0.2252093438807450110, 0.07756005246310050671 ) ) ;
#2065 = CARTESIAN_POINT ( 'NONE',  ( 6.013819616163631032, 0.5886407738765330189, 0.07756005247412839365 ) ) ;
#2066 = VERTEX_POINT ( 'NONE', #3715 ) ;
#2067 = CARTESIAN_POINT ( 'NONE',  ( 3.498961390185070019, 0.0000000000000000000, 0.6399610592839770629 ) ) ;
#2068 = CARTESIAN_POINT ( 'NONE',  ( -5.225000029057260242, 0.0000000000000000000, 0.7999999709427361161 ) ) ;
#2069 = CARTESIAN_POINT ( 'NONE',  ( -6.083572919855729566, 0.5006524496575970318, -6.803357826254939622E-16 ) ) ;
#2070 = CARTESIAN_POINT ( 'NONE',  ( -2.385652428381599854, 0.0000000000000000000, 0.4095381078660910168 ) ) ;
#2071 = CARTESIAN_POINT ( 'NONE',  ( 5.748108523671420222, 0.5809855086193720375, 0.02507684312115440045 ) ) ;
#2072 = CARTESIAN_POINT ( 'NONE',  ( 2.312275712915440096, -0.8969320013308089701, 2.196932031794080586 ) ) ;
#2073 = CARTESIAN_POINT ( 'NONE',  ( 6.350000028353020021, -0.02632166237988979932, 0.0000000000000000000 ) ) ;
#2074 = CARTESIAN_POINT ( 'NONE',  ( -6.350000011705700054, -0.01086704365471219923, 0.07756005247435779348 ) ) ;
#2075 = CARTESIAN_POINT ( 'NONE',  ( 6.312243690486941006, -0.3353326375869760123, 0.08504003498297650621 ) ) ;
#2076 = CARTESIAN_POINT ( 'NONE',  ( 5.004801479821759713, -0.06614013873328339344, 0.1999999999999987621 ) ) ;
#2077 = CARTESIAN_POINT ( 'NONE',  ( 2.967264452590000268, -0.8470836428053101219, 2.147083673268579851 ) ) ;
#2078 = CARTESIAN_POINT ( 'NONE',  ( -5.219526538403999716, 0.2986653059886629769, 0.01308868717747080010 ) ) ;
#2079 = CARTESIAN_POINT ( 'NONE',  ( -6.320777426967040036, 0.3056012506868709955, 0.0000000000000000000 ) ) ;
#2080 = CARTESIAN_POINT ( 'NONE',  ( 5.144811654929189793, -0.1567033962210780118, -1.428974703465729996E-16 ) ) ;
#2081 = CARTESIAN_POINT ( 'NONE',  ( 2.561655826735730113, 0.8667525124322019714, 0.4332475180310719209 ) ) ;
#2082 = CARTESIAN_POINT ( 'NONE',  ( -5.664615825474060173, 0.5899636667404040136, 0.08504003498259940508 ) ) ;
#2083 = CARTESIAN_POINT ( 'NONE',  ( 5.711678804347130267, -0.5960859470857140519, 0.09999999999974810982 ) ) ;
#2084 = CARTESIAN_POINT ( 'NONE',  ( 5.287507103013679988, 0.4149885943033089775, 0.09999999999574389620 ) ) ;
#2085 = CARTESIAN_POINT ( 'NONE',  ( -6.176453577985229870, -0.5545352631851150349, 0.09999999999999920064 ) ) ;
#2086 = CARTESIAN_POINT ( 'NONE',  ( 2.218867265165350044, 0.0000000000000000000, 0.3997152954590519891 ) ) ;
#2087 = CARTESIAN_POINT ( 'NONE',  ( 5.141681736342790465, 0.1152672987870879961, 4.879891452943670199E-17 ) ) ;
#2088 = CARTESIAN_POINT ( 'NONE',  ( -6.202749433582759764, -0.5385241188777200039, 0.2000000000000008993 ) ) ;
#2089 = CARTESIAN_POINT ( 'NONE',  ( 6.243159013192960849, -0.4782500036036029800, 0.05516503352022580214 ) ) ;
#2090 = CYLINDRICAL_SURFACE ( 'NONE', #2624, 0.2250000000000003664 ) ;
#2091 = CARTESIAN_POINT ( 'NONE',  ( -5.022036008900499837, -0.1135669339204520012, 0.07756005247033509464 ) ) ;
#2092 = CARTESIAN_POINT ( 'NONE',  ( 6.074475007666480408, 0.5809532561304180387, 0.07756005247419120452 ) ) ;
#2093 = ORIENTED_EDGE ( 'NONE', *, *, #1194, .T. ) ;
#2094 = CARTESIAN_POINT ( 'NONE',  ( 3.498961390185070019, -0.6600389711792969960, 1.300000030463270173 ) ) ;
#2095 = CARTESIAN_POINT ( 'NONE',  ( -6.279919942869380378, -0.01053288373386770081, -8.500145124837831470E-16 ) ) ;
#2096 = DIRECTION ( 'NONE',  ( -1.000000000000000000, 0.0000000000000000000, -1.445602896647336944E-15 ) ) ;
#2097 = CARTESIAN_POINT ( 'NONE',  ( -5.140769207109250338, 0.1514625268380629941, -1.235529647376650106E-16 ) ) ;
#2098 = CARTESIAN_POINT ( 'NONE',  ( -2.561655826735730113, 0.8667525124322019714, 2.166752542895479472 ) ) ;
#2099 = EDGE_CURVE ( 'NONE', #1554, #1391, #4758, .T. ) ;
#2100 = CARTESIAN_POINT ( 'NONE',  ( 2.312275712915440096, 0.8969320013308089701, 2.196932031794080586 ) ) ;
#2101 = CARTESIAN_POINT ( 'NONE',  ( -5.789270952678809756, 0.6017536333715920449, 0.1999999999999987621 ) ) ;
#2102 = AXIS2_PLACEMENT_3D ( 'NONE', #5265, #425, #4137 ) ;
#2103 = CARTESIAN_POINT ( 'NONE',  ( -5.265391698418779853, -0.3966990776585879730, 0.07756005246937139330 ) ) ;
#2104 = CARTESIAN_POINT ( 'NONE',  ( 6.243906277957980144, -0.4898849362556780274, 0.08504003498300509445 ) ) ;
#2105 = CARTESIAN_POINT ( 'NONE',  ( 5.099997449022691143, -0.003901107685626150050, -3.959841001976870427E-16 ) ) ;
#2106 = CARTESIAN_POINT ( 'NONE',  ( -6.185865956533080023, 0.4986366225401059338, 0.01308868717844870015 ) ) ;
#2107 = AXIS2_PLACEMENT_3D ( 'NONE', #1625, #3698, #3727 ) ;
#2108 = CARTESIAN_POINT ( 'NONE',  ( 5.073820527397452373, -3.638582636615192380E-05, 7.337422905590374222E-17 ) ) ;
#2109 = CARTESIAN_POINT ( 'NONE',  ( -3.284326568066440633, -0.8607250946741169528, 1.300000030463270173 ) ) ;
#2110 = CARTESIAN_POINT ( 'NONE',  ( -5.118103272019629557, -0.1337152667783370052, 6.919332143597579720E-17 ) ) ;
#2111 = CARTESIAN_POINT ( 'NONE',  ( 3.481874671466670179, -3.192033832559869832E-15, 0.5742125730751971302 ) ) ;
#2112 = CARTESIAN_POINT ( 'NONE',  ( 6.167387969290040850, -0.4633684639842640118, -6.137625766427940274E-16 ) ) ;
#2113 = CARTESIAN_POINT ( 'NONE',  ( 2.475120692249380028, 0.0000000000000000000, 2.179144526536139992 ) ) ;
#2114 = CARTESIAN_POINT ( 'NONE',  ( -3.456526291164410125, 0.7681146123552399230, 2.068114642818509985 ) ) ;
#2115 = CARTESIAN_POINT ( 'NONE',  ( -5.062926206616899627, 0.1769191339922490114, 0.08504003497890630370 ) ) ;
#2116 = CARTESIAN_POINT ( 'NONE',  ( -5.062173353286410382, -0.1759710120390449994, 0.09999999998757069797 ) ) ;
#2117 = CARTESIAN_POINT ( 'NONE',  ( 5.377279509026039683, 0.4794636745473330186, 0.09999999999682360197 ) ) ;
#2118 = CARTESIAN_POINT ( 'NONE',  ( 5.893733830988099776, -0.5990531213409430178, 0.1000000000000000333 ) ) ;
#2119 = DIRECTION ( 'NONE',  ( 1.000000000000000000, 0.0000000000000000000, 0.0000000000000000000 ) ) ;
#2120 = CARTESIAN_POINT ( 'NONE',  ( -5.044608523403979916, -0.1523449825903359922, 0.2000000000000008993 ) ) ;
#2121 = CARTESIAN_POINT ( 'NONE',  ( 5.075117907668849959, -0.1819043591434529872, 0.05516503351818059786 ) ) ;
#2122 = CARTESIAN_POINT ( 'NONE',  ( -6.270732542298110168, 0.4413102661965990214, 0.1000000000000910161 ) ) ;
#2123 = CARTESIAN_POINT ( 'NONE',  ( -6.338864022427070033, -0.1991424333276569925, 0.09999999999996349309 ) ) ;
#2124 = ORIENTED_EDGE ( 'NONE', *, *, #2472, .T. ) ;
#2125 = CARTESIAN_POINT ( 'NONE',  ( 3.481874671466670179, 0.0000000000000000000, 2.025787487851350210 ) ) ;
#2126 = CARTESIAN_POINT ( 'NONE',  ( -6.257471851468629609, -0.2604907468783250191, -8.308632359203379511E-16 ) ) ;
#2127 = CARTESIAN_POINT ( 'NONE',  ( -5.446125806989430274, 0.4302939869800799788, -2.088608715455980108E-16 ) ) ;
#2128 = FACE_OUTER_BOUND ( 'NONE', #5143, .T. ) ;
#2129 = CARTESIAN_POINT ( 'NONE',  ( 5.152147511521330436, 0.2584492743917070068, 0.02507684311847790254 ) ) ;
#2130 = CARTESIAN_POINT ( 'NONE',  ( 2.385652428381600298, 0.8904619225971831531, 2.190461953060459876 ) ) ;
#2131 = CARTESIAN_POINT ( 'NONE',  ( -5.577444020907750044, 0.5719321550693790002, 0.1999999999999987621 ) ) ;
#2132 = CARTESIAN_POINT ( 'NONE',  ( -5.781774221511960299, -0.6009055440956270200, 0.07756005247364709809 ) ) ;
#2133 = CARTESIAN_POINT ( 'NONE',  ( 6.126783391554010194, -0.5705697464357110116, 0.08504003498299199382 ) ) ;
#2134 = CARTESIAN_POINT ( 'NONE',  ( 6.176453577985229870, -0.5545352631851150349, 0.1999999999999987621 ) ) ;
#2135 = CARTESIAN_POINT ( 'NONE',  ( -5.093440553441800134, 0.1504100404522910051, 0.01308868717700699923 ) ) ;
#2136 = CARTESIAN_POINT ( 'NONE',  ( -3.498961390185080234, -0.6600389711792969960, 0.6399610592839770629 ) ) ;
#2137 = CARTESIAN_POINT ( 'NONE',  ( -5.101235595560980052, -0.1100660811490660057, 8.257741079081789726E-17 ) ) ;
#2138 = CARTESIAN_POINT ( 'NONE',  ( 5.125312379740102564, 0.09176013448774596182, 6.030120609306188497E-17 ) ) ;
#2139 = CARTESIAN_POINT ( 'NONE',  ( 6.170046857965020060, -0.4601075248165710230, -6.144571225278950633E-16 ) ) ;
#2140 = CARTESIAN_POINT ( 'NONE',  ( -5.712414405462330258, 0.5892886425740330170, 0.05516503352004990118 ) ) ;
#2141 = CARTESIAN_POINT ( 'NONE',  ( -5.003251417462480255, -0.05195231822789599802, 0.09999999999813530271 ) ) ;
#2142 = CARTESIAN_POINT ( 'NONE',  ( 5.060285761585300079, 0.1733798782390169879, 0.09999999998755780550 ) ) ;
#2143 = CARTESIAN_POINT ( 'NONE',  ( -2.917476980842439893, 0.0000000000000000000, 2.143692358351500182 ) ) ;
#2144 = CARTESIAN_POINT ( 'NONE',  ( 5.100061150295349677, 0.009122986098631590338, 6.942981830313839712E-17 ) ) ;
#2145 = DIRECTION ( 'NONE',  ( 1.387778831187769972E-15, 0.0000000000000000000, -1.000000000000000000 ) ) ;
#2146 = CARTESIAN_POINT ( 'NONE',  ( 5.411044288775889832, -0.4917102283385190176, 0.05516503351967209923 ) ) ;
#2147 = LINE ( 'NONE', #65, #2281 ) ;
#2148 = CARTESIAN_POINT ( 'NONE',  ( -5.676386820648070319, -0.5914987433853869936, 0.09999999999900451020 ) ) ;
#2149 = CARTESIAN_POINT ( 'NONE',  ( 5.190832733275610344, 0.3269992220462469845, 0.07756005246713260082 ) ) ;
#2150 = VERTEX_POINT ( 'NONE', #4339 ) ;
#2151 = CARTESIAN_POINT ( 'NONE',  ( 3.456526291164410125, 0.0000000000000000000, 0.5318854181080340249 ) ) ;
#2152 = CARTESIAN_POINT ( 'NONE',  ( -6.109545911683990305, -0.5025919497734380181, -7.260985586686900046E-16 ) ) ;
#2153 = CARTESIAN_POINT ( 'NONE',  ( -5.575674603298481635, 0.4704498713241460628, -2.899889644342359044E-16 ) ) ;
#2154 = CARTESIAN_POINT ( 'NONE',  ( -5.127983214047730165, 0.1345321562735020127, -1.162277759444829952E-16 ) ) ;
#2155 = CARTESIAN_POINT ( 'NONE',  ( -2.312275712915440096, 0.8969320013308089701, 0.4030680291324649778 ) ) ;
#2156 = CARTESIAN_POINT ( 'NONE',  ( 5.610628996350760289, 0.5598408102407339548, 0.02507684312099790064 ) ) ;
#2157 = CARTESIAN_POINT ( 'NONE',  ( 2.561655826735730113, -0.8667525124322019714, 2.166752542895479472 ) ) ;
#2158 = CARTESIAN_POINT ( 'NONE',  ( -6.262220585892830371, 0.4599031054947679831, 0.1999999999999987621 ) ) ;
#2159 = CARTESIAN_POINT ( 'NONE',  ( -5.352756015108550258, -0.4633600297357179931, 0.07756005247073320674 ) ) ;
#2160 = CARTESIAN_POINT ( 'NONE',  ( 5.011566648900849685, -0.08913076025985089412, 0.09999999999817979490 ) ) ;
#2161 = FACE_OUTER_BOUND ( 'NONE', #3106, .T. ) ;
#2162 = CARTESIAN_POINT ( 'NONE',  ( -5.054050543732490297, 0.08645725831085669666, 0.01308868717775740070 ) ) ;
#2163 = CARTESIAN_POINT ( 'NONE',  ( -5.225000029057262907, 0.0000000000000000000, 0.7999999709427360051 ) ) ;
#2164 = CARTESIAN_POINT ( 'NONE',  ( -3.500000000000000000, 0.6308584043937628394, 0.6691416260695111085 ) ) ;
#2165 = CARTESIAN_POINT ( 'NONE',  ( 5.995073975058040183, -0.5127119254717249497, -4.568902077667150328E-16 ) ) ;
#2166 = CARTESIAN_POINT ( 'NONE',  ( -6.141149507946200181, 0.5594211482099950006, 0.05516503352022090328 ) ) ;
#2167 = CARTESIAN_POINT ( 'NONE',  ( 5.074552927414869963, -0.1924978554722590052, 0.09999999999607130097 ) ) ;
#2168 = CARTESIAN_POINT ( 'NONE',  ( -5.024698807116640076, -0.1207599828996299973, 0.09999999999999920064 ) ) ;
#2169 = ADVANCED_FACE ( 'NONE', ( #3453 ), #282, .F. ) ;
#2170 = CARTESIAN_POINT ( 'NONE',  ( -2.794526764258589591, -0.8426655970424189457, 0.4573344334208550022 ) ) ;
#2171 = CARTESIAN_POINT ( 'NONE',  ( 6.257471851468629609, 0.2604907468783250191, -6.084010572839099874E-16 ) ) ;
#2172 = CARTESIAN_POINT ( 'NONE',  ( 5.296183654249490225, -0.4132600136567610161, 0.05516503351932749988 ) ) ;
#2173 = CARTESIAN_POINT ( 'NONE',  ( -6.228982215558739988, 0.5105102698070109746, 0.1000000000000999950 ) ) ;
#2174 = ORIENTED_EDGE ( 'NONE', *, *, #442, .F. ) ;
#2175 = CARTESIAN_POINT ( 'NONE',  ( 5.024698807116640076, 0.1207599828996299973, 0.2000000000000008993 ) ) ;
#2176 = CARTESIAN_POINT ( 'NONE',  ( -6.098433514767529928, -0.5052464661543409896, -7.176668109070741443E-16 ) ) ;
#2177 = CARTESIAN_POINT ( 'NONE',  ( 6.250000000000060396, 1.077174279580079993E-07, -6.245004513516510470E-16 ) ) ;
#2178 = CARTESIAN_POINT ( 'NONE',  ( -6.150659419459451271, 0.4483915851765150062, -8.208749857744609937E-16 ) ) ;
#2179 = CARTESIAN_POINT ( 'NONE',  ( -2.644399860962149962, -0.8554816188591789494, 0.4445184116040949984 ) ) ;
#2180 = CARTESIAN_POINT ( 'NONE',  ( 5.104647479699999657, 0.2016020767552479942, 0.02507684311798569904 ) ) ;
#2181 = CARTESIAN_POINT ( 'NONE',  ( 2.794526764258590479, 0.0000000000000000000, 2.142665627505690118 ) ) ;
#2182 = CARTESIAN_POINT ( 'NONE',  ( -5.076590656699489834, 0.1964923183600499890, 0.1999999999999987621 ) ) ;
#2183 = CARTESIAN_POINT ( 'NONE',  ( -6.243302206609421034, -0.4912172068597400187, 0.07756005247423730653 ) ) ;
#2184 = CARTESIAN_POINT ( 'NONE',  ( 5.167461477135049996, -0.3025742508149940058, 0.08504003497988399385 ) ) ;
#2185 =( BOUNDED_SURFACE ( )  B_SPLINE_SURFACE ( 5, 2, ( 
 ( #2826, #3636, #5295, #3254, #3231, #4906, #4878, #1140, #2458 ),
 ( #1218, #4481, #4077, #2852, #714, #4502, #4106, #1907, #3145 ),
 ( #1538, #3994, #4830, #1272, #1720, #4216, #4164, #3801, #4136 ),
 ( #2510, #2100, #2483, #3357, #880, #475, #1640, #2072, #3718 ),
 ( #3748, #2130, #853, #1694, #74, #1243, #1298, #2906, #2589 ),
 ( #47, #4636, #1665, #5021, #4965, #3278, #2539, #4556, #4189 ),
 ( #2563, #2935, #4583, #18, #1324, #933, #529, #2157, #128 ),
 ( #2878, #958, #1745, #1347, #3381, #5051, #2985, #4528, #424 ),
 ( #2044, #3688, #4934, #553, #3035, #4661, #3112, #4243, #3409 ),
 ( #2181, #5074, #3060, #3878, #3827, #180, #153, #4684, #4736 ),
 ( #1370, #655, #1008, #1053, #4294, #3088, #605, #1395, #4272 ),
 ( #3508, #2639, #3457, #986, #2614, #1771, #2234, #5175, #199 ),
 ( #1816, #3009, #2689, #5148, #581, #2210, #2663, #1468, #5124 ),
 ( #2289, #1419, #3931, #4315, #3433, #4766, #5097, #1872, #4708 ),
 ( #1079, #3854, #1796, #1442, #253, #1031, #629, #2260, #3902 ),
 ( #225, #1845, #4345, #3481, #795, #1111, #4402, #4824, #4429 ),
 ( #768, #3168, #1133, #3958, #709, #4798, #2822, #2770, #4456 ),
 ( #4018, #739, #3537, #2372, #5233, #4901, #341, #2743, #1611 ),
 ( #4048, #2346, #283, #3197, #3988, #4848, #3570, #4874, #1962 ),
 ( #2320, #3601, #1165, #2795, #5259, #371, #3227, #5203, #3249 ),
 ( #3659, #2398, #1560, #1991, #1502, #4071, #313, #1191, #5318 ),
 ( #3631, #5290, #1585, #1933, #1902, #3140, #4477, #2427, #2718 ),
 ( #394, #4371, #2014, #682, #1531, #3325, #3376, #13, #4130 ),
 ( #2559, #3771, #3795, #2900, #901, #1688, #446, #524, #3301 ),
 ( #1636, #3272, #4101, #4550, #2151, #2504, #1741, #874, #420 ),
 ( #2125, #4499, #1238, #4987, #123, #4157, #96, #471, #1212 ),
 ( #1293, #4211, #4524, #2846, #4929, #822, #847, #69, #3352 ),
 ( #5016, #2452, #2872, #2478, #2067, #3713, #2094, #41, #2533 ),
 ( #3741, #4607, #2929, #498, #1320, #2954, #1764, #3056, #175 ),
 ( #953, #4657, #3401, #5144, #1392, #1415, #147, #1003, #3031 ) ),
 .UNSPECIFIED., .F., .T., .T. ) 
 B_SPLINE_SURFACE_WITH_KNOTS ( ( 6, 1, 1, 1, 1, 1, 1, 1, 1, 1, 1, 1, 1, 1, 1, 1, 1, 1, 1, 1, 1, 1, 1, 1, 1, 6 ),
 ( 3, 2, 2, 2, 3 ),
 ( 0.0000000000000000000, 0.04000000000000000083, 0.08000000000000000167, 0.1199999999999999956, 0.1600000000000000033, 0.2000000000000000111, 0.2399999999999999911, 0.2800000000000000266, 0.3200000000000000067, 0.3599999999999999867, 0.4000000000000000222, 0.4400000000000000022, 0.4799999999999999822, 0.5200000000000000178, 0.5600000000000000533, 0.5999999999999999778, 0.6400000000000000133, 0.6800000000000000488, 0.7199999999999999734, 0.7600000000000000089, 0.8000000000000000444, 0.8399999999999999689, 0.8800000000000000044, 0.9200000000000000400, 0.9599999999999999645, 1.000000000000000000 ),
 ( 0.0000000000000000000, 1.570796326794900111, 3.141592653589790007, 4.712388980384689674, 6.283185307179589785 ),
 .UNSPECIFIED. ) 
 GEOMETRIC_REPRESENTATION_ITEM ( )  RATIONAL_B_SPLINE_SURFACE ( (
 ( 1.000000000000000000, 0.7071067811865480168, 1.000000000000000000, 0.7071067811865480168, 1.000000000000000000, 0.7071067811865480168, 1.000000000000000000, 0.7071067811865480168, 1.000000000000000000),
 ( 1.000000000000000000, 0.7071067811865480168, 1.000000000000000000, 0.7071067811865480168, 1.000000000000000000, 0.7071067811865480168, 1.000000000000000000, 0.7071067811865480168, 1.000000000000000000),
 ( 1.000000000000000000, 0.7071067811865480168, 1.000000000000000000, 0.7071067811865480168, 1.000000000000000000, 0.7071067811865480168, 1.000000000000000000, 0.7071067811865480168, 1.000000000000000000),
 ( 1.000000000000000000, 0.7071067811865480168, 1.000000000000000000, 0.7071067811865480168, 1.000000000000000000, 0.7071067811865480168, 1.000000000000000000, 0.7071067811865480168, 1.000000000000000000),
 ( 1.000000000000000000, 0.7071067811865480168, 1.000000000000000000, 0.7071067811865480168, 1.000000000000000000, 0.7071067811865480168, 1.000000000000000000, 0.7071067811865480168, 1.000000000000000000),
 ( 1.000000000000000000, 0.7071067811865480168, 1.000000000000000000, 0.7071067811865480168, 1.000000000000000000, 0.7071067811865480168, 1.000000000000000000, 0.7071067811865480168, 1.000000000000000000),
 ( 1.000000000000000000, 0.7071067811865480168, 1.000000000000000000, 0.7071067811865480168, 1.000000000000000000, 0.7071067811865480168, 1.000000000000000000, 0.7071067811865480168, 1.000000000000000000),
 ( 1.000000000000000000, 0.7071067811865480168, 1.000000000000000000, 0.7071067811865480168, 1.000000000000000000, 0.7071067811865480168, 1.000000000000000000, 0.7071067811865480168, 1.000000000000000000),
 ( 1.000000000000000000, 0.7071067811865480168, 1.000000000000000000, 0.7071067811865480168, 1.000000000000000000, 0.7071067811865480168, 1.000000000000000000, 0.7071067811865480168, 1.000000000000000000),
 ( 1.000000000000000000, 0.7071067811865480168, 1.000000000000000000, 0.7071067811865480168, 1.000000000000000000, 0.7071067811865480168, 1.000000000000000000, 0.7071067811865480168, 1.000000000000000000),
 ( 1.000000000000000000, 0.7071067811865480168, 1.000000000000000000, 0.7071067811865480168, 1.000000000000000000, 0.7071067811865480168, 1.000000000000000000, 0.7071067811865480168, 1.000000000000000000),
 ( 1.000000000000000000, 0.7071067811865480168, 1.000000000000000000, 0.7071067811865480168, 1.000000000000000000, 0.7071067811865480168, 1.000000000000000000, 0.7071067811865480168, 1.000000000000000000),
 ( 1.000000000000000000, 0.7071067811865480168, 1.000000000000000000, 0.7071067811865480168, 1.000000000000000000, 0.7071067811865480168, 1.000000000000000000, 0.7071067811865480168, 1.000000000000000000),
 ( 1.000000000000000000, 0.7071067811865480168, 1.000000000000000000, 0.7071067811865480168, 1.000000000000000000, 0.7071067811865480168, 1.000000000000000000, 0.7071067811865480168, 1.000000000000000000),
 ( 1.000000000000000000, 0.7071067811865480168, 1.000000000000000000, 0.7071067811865480168, 1.000000000000000000, 0.7071067811865480168, 1.000000000000000000, 0.7071067811865480168, 1.000000000000000000),
 ( 1.000000000000000000, 0.7071067811865480168, 1.000000000000000000, 0.7071067811865480168, 1.000000000000000000, 0.7071067811865480168, 1.000000000000000000, 0.7071067811865480168, 1.000000000000000000),
 ( 1.000000000000000000, 0.7071067811865480168, 1.000000000000000000, 0.7071067811865480168, 1.000000000000000000, 0.7071067811865480168, 1.000000000000000000, 0.7071067811865480168, 1.000000000000000000),
 ( 1.000000000000000000, 0.7071067811865480168, 1.000000000000000000, 0.7071067811865480168, 1.000000000000000000, 0.7071067811865480168, 1.000000000000000000, 0.7071067811865480168, 1.000000000000000000),
 ( 1.000000000000000000, 0.7071067811865480168, 1.000000000000000000, 0.7071067811865480168, 1.000000000000000000, 0.7071067811865480168, 1.000000000000000000, 0.7071067811865480168, 1.000000000000000000),
 ( 1.000000000000000000, 0.7071067811865480168, 1.000000000000000000, 0.7071067811865480168, 1.000000000000000000, 0.7071067811865480168, 1.000000000000000000, 0.7071067811865480168, 1.000000000000000000),
 ( 1.000000000000000000, 0.7071067811865480168, 1.000000000000000000, 0.7071067811865480168, 1.000000000000000000, 0.7071067811865480168, 1.000000000000000000, 0.7071067811865480168, 1.000000000000000000),
 ( 1.000000000000000000, 0.7071067811865480168, 1.000000000000000000, 0.7071067811865480168, 1.000000000000000000, 0.7071067811865480168, 1.000000000000000000, 0.7071067811865480168, 1.000000000000000000),
 ( 1.000000000000000000, 0.7071067811865480168, 1.000000000000000000, 0.7071067811865480168, 1.000000000000000000, 0.7071067811865480168, 1.000000000000000000, 0.7071067811865480168, 1.000000000000000000),
 ( 1.000000000000000000, 0.7071067811865480168, 1.000000000000000000, 0.7071067811865480168, 1.000000000000000000, 0.7071067811865480168, 1.000000000000000000, 0.7071067811865480168, 1.000000000000000000),
 ( 1.000000000000000000, 0.7071067811865480168, 1.000000000000000000, 0.7071067811865480168, 1.000000000000000000, 0.7071067811865480168, 1.000000000000000000, 0.7071067811865480168, 1.000000000000000000),
 ( 1.000000000000000000, 0.7071067811865480168, 1.000000000000000000, 0.7071067811865480168, 1.000000000000000000, 0.7071067811865480168, 1.000000000000000000, 0.7071067811865480168, 1.000000000000000000),
 ( 1.000000000000000000, 0.7071067811865480168, 1.000000000000000000, 0.7071067811865480168, 1.000000000000000000, 0.7071067811865480168, 1.000000000000000000, 0.7071067811865480168, 1.000000000000000000),
 ( 1.000000000000000000, 0.7071067811865480168, 1.000000000000000000, 0.7071067811865480168, 1.000000000000000000, 0.7071067811865480168, 1.000000000000000000, 0.7071067811865480168, 1.000000000000000000),
 ( 1.000000000000000000, 0.7071067811865480168, 1.000000000000000000, 0.7071067811865480168, 1.000000000000000000, 0.7071067811865480168, 1.000000000000000000, 0.7071067811865480168, 1.000000000000000000),
 ( 1.000000000000000000, 0.7071067811865480168, 1.000000000000000000, 0.7071067811865480168, 1.000000000000000000, 0.7071067811865480168, 1.000000000000000000, 0.7071067811865480168, 1.000000000000000000) ) ) 
 REPRESENTATION_ITEM ( '' )  SURFACE ( )  );
#2186 = CARTESIAN_POINT ( 'NONE',  ( 5.191054518613589686, 0.2241754304373480000, 5.542462484880849995E-18 ) ) ;
#2187 = CARTESIAN_POINT ( 'NONE',  ( 5.225000029057260242, 0.0000000000000000000, 0.7999999709427361161 ) ) ;
#2188 = CARTESIAN_POINT ( 'NONE',  ( -3.494287647928740359, 0.0000000000000000000, 1.988731239045399946 ) ) ;
#2189 = CARTESIAN_POINT ( 'NONE',  ( 6.083572919855729566, -0.5006524496575970318, -4.902845002282309983E-16 ) ) ;
#2190 = CARTESIAN_POINT ( 'NONE',  ( -5.011566648900849685, 0.08913076025985089412, 0.08504003498108539394 ) ) ;
#2191 = CARTESIAN_POINT ( 'NONE',  ( 5.079277325210020066, -0.1986648998561250101, 0.09999999999608340240 ) ) ;
#2192 = CARTESIAN_POINT ( 'NONE',  ( -5.064886353079909753, -0.1796652611268750033, 0.09999999998760569775 ) ) ;
#2193 = CARTESIAN_POINT ( 'NONE',  ( 5.577444020907750044, -0.5719321550693790002, 0.1000000000000000333 ) ) ;
#2194 = AXIS2_PLACEMENT_3D ( 'NONE', #4496, #2843, #1605 ) ;
#2195 = CARTESIAN_POINT ( 'NONE',  ( -2.561655826735730113, -0.8667525124322019714, 2.166752542895479472 ) ) ;
#2196 = CARTESIAN_POINT ( 'NONE',  ( -6.349999999999999645, 0.0000000000000000000, 0.2000000000000000111 ) ) ;
#2197 = CARTESIAN_POINT ( 'NONE',  ( 5.244314380877700188, -0.3689495439098069984, 0.05516503351914100323 ) ) ;
#2198 = CARTESIAN_POINT ( 'NONE',  ( 2.256433125465449940, -0.8995863759936900683, 1.300000030463270173 ) ) ;
#2199 = CARTESIAN_POINT ( 'NONE',  ( -5.438944891605039800, 0.5146197988462121176, 0.09999999999905520576 ) ) ;
#2200 = PRESENTATION_LAYER_ASSIGNMENT (  '', '', ( #749 ) ) ;
#2201 = CARTESIAN_POINT ( 'NONE',  ( 5.141699673333019582, 0.2741635112392310503, 0.07756005246467009839 ) ) ;
#2202 = ORIENTED_EDGE ( 'NONE', *, *, #663, .F. ) ;
#2203 = CARTESIAN_POINT ( 'NONE',  ( 5.494938181979860836, 0.5433329124702379609, 0.2000000000000008993 ) ) ;
#2204 = CARTESIAN_POINT ( 'NONE',  ( -6.037825884132120180, -0.5153013376803200485, -6.695693483220560448E-16 ) ) ;
#2205 = CARTESIAN_POINT ( 'NONE',  ( -5.124871093029812918, 0.09138804862025499964, 8.280123111671180298E-17 ) ) ;
#2206 = CARTESIAN_POINT ( 'NONE',  ( -5.124931267264200230, 0.1303801926635080044, -1.139171528281510054E-16 ) ) ;
#2207 = CARTESIAN_POINT ( 'NONE',  ( 6.301578169905729609, 0.3693503180003809838, 0.2000000000000000111 ) ) ;
#2208 = CARTESIAN_POINT ( 'NONE',  ( -2.859815149085939812, 0.0000000000000000000, 2.141812903471060014 ) ) ;
#2209 = CARTESIAN_POINT ( 'NONE',  ( 5.079142408665269670, 0.1682683152336139909, 0.02507684311767520088 ) ) ;
#2210 = CARTESIAN_POINT ( 'NONE',  ( 2.967264452590000268, -0.8470836428053101219, 0.4529163876579629933 ) ) ;
#2211 = CARTESIAN_POINT ( 'NONE',  ( -3.046257705760219814, 0.0000000000000000000, 2.154153724081920185 ) ) ;
#2212 = CARTESIAN_POINT ( 'NONE',  ( -5.055771653593920334, 0.09039076353652519824, 0.01308868717775409952 ) ) ;
#2213 = CARTESIAN_POINT ( 'NONE',  ( 5.174541319600669986, 0.2050931065468589998, 1.532589777325680142E-17 ) ) ;
#2214 = CARTESIAN_POINT ( 'NONE',  ( -5.000000029057262374, 2.755455298081519201E-17, 0.7999999709427360051 ) ) ;
#2215 = CARTESIAN_POINT ( 'NONE',  ( -3.498961390185080234, -0.6600389711792969960, 1.300000030463270173 ) ) ;
#2216 =( BOUNDED_SURFACE ( )  B_SPLINE_SURFACE ( 3, 3, ( 
 ( #1363, #4286, #1759, #4697 ),
 ( #3846, #3050, #5036, #1020 ),
 ( #2251, #1336, #4260, #593 ),
 ( #3347, #5010, #2223, #3867 ) ),
 .UNSPECIFIED., .F., .F., .F. ) 
 B_SPLINE_SURFACE_WITH_KNOTS ( ( 4, 4 ),
 ( 4, 4 ),
 ( 0.0000000000000000000, 1.000000000000000000 ),
 ( 0.0000000000000000000, 1.000000000000000000 ),
 .UNSPECIFIED. ) 
 GEOMETRIC_REPRESENTATION_ITEM ( )  RATIONAL_B_SPLINE_SURFACE ( (
 ( 1.000000000000000000, 0.8047378541243649375, 0.8047378541243649375, 1.000000000000000000),
 ( 0.3333333333333333703, 0.2682459513747883495, 0.2682459513747883495, 0.3333333333333333703),
 ( 0.3333333333333333703, 0.2682459513747883495, 0.2682459513747883495, 0.3333333333333333703),
 ( 1.000000000000000000, 0.8047378541243649375, 0.8047378541243649375, 1.000000000000000000) ) ) 
 REPRESENTATION_ITEM ( '' )  SURFACE ( )  );
#2217 = CARTESIAN_POINT ( 'NONE',  ( 5.085210177680120402, -0.06432196700117689958, -2.479357667135199899E-16 ) ) ;
#2218 = CARTESIAN_POINT ( 'NONE',  ( -3.380581965863680427, -0.8318110400136661253, 0.4681889904496080446 ) ) ;
#2219 = CARTESIAN_POINT ( 'NONE',  ( -6.332578396340510452, 0.1981442952595610096, 0.05516503352019400119 ) ) ;
#2220 = CARTESIAN_POINT ( 'NONE',  ( 6.331763277724140160, 1.964412817941959904E-08, 0.02507684312139790012 ) ) ;
#2221 = CARTESIAN_POINT ( 'NONE',  ( -5.012385225038310743, -0.09377143883761659970, 0.09999999999999920064 ) ) ;
#2222 = CARTESIAN_POINT ( 'NONE',  ( -2.561655826735730113, 0.0000000000000000000, 2.166752542895479916 ) ) ;
#2223 = CARTESIAN_POINT ( 'NONE',  ( -5.450000029057262552, 0.0000000000000000000, 1.224695155243592293 ) ) ;
#2224 = CARTESIAN_POINT ( 'NONE',  ( 5.006921597887849629, -0.01106857741085879969, 0.05516503352013930883 ) ) ;
#2225 = CARTESIAN_POINT ( 'NONE',  ( -5.112090646288059759, 0.2396659469405360010, 0.09999999999645650672 ) ) ;
#2226 = CARTESIAN_POINT ( 'NONE',  ( -5.352756015108550258, -0.4633600297357179931, 0.09999999999637460002 ) ) ;
#2227 = CARTESIAN_POINT ( 'NONE',  ( 5.060657941676070415, 0.1738921753291529926, 0.07756005246191760572 ) ) ;
#2228 = VERTEX_POINT ( 'NONE', #3935 ) ;
#2229 = CARTESIAN_POINT ( 'NONE',  ( -5.134282807588803621, 0.1049521348737557369, 7.501825065849529648E-17 ) ) ;
#2230 = CARTESIAN_POINT ( 'NONE',  ( -6.216021918934360180, 0.3076575276393400116, -9.160357715387210830E-16 ) ) ;
#2231 = CARTESIAN_POINT ( 'NONE',  ( 6.320777426967040036, 0.3056012506868709955, 0.2000000000000000111 ) ) ;
#2232 = CARTESIAN_POINT ( 'NONE',  ( -2.644399860962149962, 0.0000000000000000000, 2.155481649322450011 ) ) ;
#2233 = CARTESIAN_POINT ( 'NONE',  ( 5.075303787021629986, 0.1630224872136820102, 0.02507684311766179841 ) ) ;
#2234 = CARTESIAN_POINT ( 'NONE',  ( 2.917476980842439893, -0.8436923278882220156, 1.300000030463270173 ) ) ;
#2235 = DIRECTION ( 'NONE',  ( 1.000000000000000000, 0.0000000000000000000, -5.874195897487600417E-17 ) ) ;
#2236 = EDGE_CURVE ( 'NONE', #2558, #5042, #3600, .T. ) ;
#2237 = CARTESIAN_POINT ( 'NONE',  ( 5.111881764167902631, 0.06977829167329804849, 6.842540526039348014E-17 ) ) ;
#2238 = CARTESIAN_POINT ( 'NONE',  ( -3.333637229839510052, 0.0000000000000000000, 2.150390142441719998 ) ) ;
#2239 = CARTESIAN_POINT ( 'NONE',  ( 3.333637229839510052, 0.0000000000000000000, 2.150390142441719998 ) ) ;
#2240 = CARTESIAN_POINT ( 'NONE',  ( 5.116912291107199806, 0.1320779038213059919, 4.913402043824840347E-17 ) ) ;
#2241 = CARTESIAN_POINT ( 'NONE',  ( 5.783307552407082497, -0.5006429759369440680, -3.377210442761387213E-16 ) ) ;
#2242 = CARTESIAN_POINT ( 'NONE',  ( 6.144552829628690205, -0.5666394410174280249, 0.0000000000000000000 ) ) ;
#2243 = CARTESIAN_POINT ( 'NONE',  ( -3.499999995479639914, 0.0000000000000000000, 0.6593682732535010027 ) ) ;
#2244 = CARTESIAN_POINT ( 'NONE',  ( -5.073668457825119660, -0.04807908580338710047, 1.015367834072570022E-16 ) ) ;
#2245 = CARTESIAN_POINT ( 'NONE',  ( 5.123044598358250212, -0.1277910016737099919, -1.338094902816439937E-16 ) ) ;
#2246 = CARTESIAN_POINT ( 'NONE',  ( -3.499999995479639914, -0.6406317572097729451, 1.300000030463270173 ) ) ;
#2247 = CARTESIAN_POINT ( 'NONE',  ( -6.322041923333570068, 0.2645012624467409923, 0.05516503352020139805 ) ) ;
#2248 = CARTESIAN_POINT ( 'NONE',  ( -2.218867265165350044, 0.0000000000000000000, 0.3997152954590519891 ) ) ;
#2249 = CARTESIAN_POINT ( 'NONE',  ( -5.000212412783009874, 0.02148594358049080166, 0.0000000000000000000 ) ) ;
#2250 = CARTESIAN_POINT ( 'NONE',  ( -2.967264452589999824, -0.8470836428053110101, 1.300000030463270173 ) ) ;
#2251 = CARTESIAN_POINT ( 'NONE',  ( -4.724999999999999645, -0.4500000000000000111, 1.524999999999999023 ) ) ;
#2252 = CARTESIAN_POINT ( 'NONE',  ( 5.998840213086250372, -0.5498079613171209523, 0.01308868717841930006 ) ) ;
#2253 = CARTESIAN_POINT ( 'NONE',  ( -6.226584322837699581, 0.5133959843100049936, 0.1000000000000999950 ) ) ;
#2254 = CARTESIAN_POINT ( 'NONE',  ( 5.060551604073950216, 0.1737458805132890138, 0.07756005246191749469 ) ) ;
#2255 = ORIENTED_EDGE ( 'NONE', *, *, #5275, .T. ) ;
#2256 = CARTESIAN_POINT ( 'NONE',  ( 5.938877072330189577, 0.5957456569946210090, 0.2000000000000008993 ) ) ;
#2257 = CARTESIAN_POINT ( 'NONE',  ( 6.205592611580360796, 0.3379047825193570165, -5.943052589346360042E-16 ) ) ;
#2258 = CARTESIAN_POINT ( 'NONE',  ( -2.722375865889810065, 0.0000000000000000000, 2.147146350084740085 ) ) ;
#2259 = CARTESIAN_POINT ( 'NONE',  ( 5.110893728657510238, 0.2094308140232220283, 0.02507684311800029847 ) ) ;
#2260 = CARTESIAN_POINT ( 'NONE',  ( 3.046257705760219814, -0.8541536936186510109, 2.154153724081920185 ) ) ;
#2261 = CARTESIAN_POINT ( 'NONE',  ( -6.135499823592549973, -0.4618135361398040262, -7.536968489352230372E-16 ) ) ;
#2262 = CARTESIAN_POINT ( 'NONE',  ( 3.079716191379541002, -3.769476541727650052E-15, 0.4429167605436400423 ) ) ;
#2263 = CARTESIAN_POINT ( 'NONE',  ( -3.500000000000000000, 0.0000000000000000000, 1.930858434857039896 ) ) ;
#2264 = CARTESIAN_POINT ( 'NONE',  ( 3.456526291164410125, -0.7681146123552399230, 2.068114642818509985 ) ) ;
#2265 = CARTESIAN_POINT ( 'NONE',  ( 5.195901702921419840, 0.2296450145969330114, 2.674099826428259956E-18 ) ) ;
#2266 = CARTESIAN_POINT ( 'NONE',  ( 6.143065934756154256, -0.4577557064540856424, -5.553394203371313172E-16 ) ) ;
#2267 = CARTESIAN_POINT ( 'NONE',  ( 6.224514148947720038, -0.5179580399670840052, 0.2000000000000000111 ) ) ;
#2268 = CARTESIAN_POINT ( 'NONE',  ( -5.543573155462590663, -0.5398705721907901545, 0.02507684312086860129 ) ) ;
#2269 = CARTESIAN_POINT ( 'NONE',  ( 5.081457675180789835, -0.05093863273996310226, -2.992735903822629872E-16 ) ) ;
#2270 = CARTESIAN_POINT ( 'NONE',  ( 2.794526764258590479, 0.0000000000000000000, 2.142665627505690118 ) ) ;
#2271 = CARTESIAN_POINT ( 'NONE',  ( 5.000000029057260598, 0.0000000000000000000, 0.7999999709427361161 ) ) ;
#2272 = CARTESIAN_POINT ( 'NONE',  ( -5.058840814496550209, 0.1596767395666010003, 0.05516503351825070151 ) ) ;
#2273 = CARTESIAN_POINT ( 'NONE',  ( -2.199999969536730049, 0.9003661125554340838, 1.300000030463270173 ) ) ;
#2274 = CARTESIAN_POINT ( 'NONE',  ( 6.301578169905729609, -0.3693503180003809838, 0.1000000000000000333 ) ) ;
#2275 = CARTESIAN_POINT ( 'NONE',  ( -3.113135215446409809, -0.8598146433977199576, 0.4401853870655539902 ) ) ;
#2276 = VECTOR ( 'NONE', #2913, 1000.000000000000000 ) ;
#2277 = CARTESIAN_POINT ( 'NONE',  ( 6.269351200850059591, 0.1902204042043940391, -6.157855299845009635E-16 ) ) ;
#2278 = CARTESIAN_POINT ( 'NONE',  ( -6.107600309797909688, -0.5756272280106610184, 0.2000000000000000111 ) ) ;
#2279 = CARTESIAN_POINT ( 'NONE',  ( 5.006833085500329794, -0.001017071227062499913, 0.05516503352017660539 ) ) ;
#2280 = CARTESIAN_POINT ( 'NONE',  ( -5.122871628641700426, 0.2524692342068439732, 0.09999999999655999339 ) ) ;
#2281 = VECTOR ( 'NONE', #3322, 1000.000000000000000 ) ;
#2282 = ORIENTED_EDGE ( 'NONE', *, *, #4087, .T. ) ;
#2283 = CARTESIAN_POINT ( 'NONE',  ( 5.000212412783009874, 0.02148594358049080166, 0.2000000000000008993 ) ) ;
#2284 = CARTESIAN_POINT ( 'NONE',  ( -5.141466049688469653, 0.1149689252430450143, -1.139836372097279962E-16 ) ) ;
#2285 = CARTESIAN_POINT ( 'NONE',  ( 5.148581765549709921, -0.2819076879839059746, 0.08504003497963441571 ) ) ;
#2286 = CARTESIAN_POINT ( 'NONE',  ( 6.301578169905729609, 0.3693503180003809838, 0.0000000000000000000 ) ) ;
#2287 = CARTESIAN_POINT ( 'NONE',  ( -2.967264452590000268, -0.8470836428053101219, 2.147083673268579851 ) ) ;
#2288 = CARTESIAN_POINT ( 'NONE',  ( 5.102717453853050422, 0.1991610783346589864, 0.02507684311796539930 ) ) ;
#2289 = CARTESIAN_POINT ( 'NONE',  ( 3.009674527917810316, 0.0000000000000000000, 2.150811637497710205 ) ) ;
#2290 = CARTESIAN_POINT ( 'NONE',  ( -6.231272897883459727, -0.2392119147762450104, -8.334256893470960206E-16 ) ) ;
#2291 = CARTESIAN_POINT ( 'NONE',  ( 3.284326568066440188, -3.785493390338400115E-15, 0.4392749357891569950 ) ) ;
#2292 = CARTESIAN_POINT ( 'NONE',  ( -5.225000029057262907, 0.0000000000000000000, 0.7999999709427360051 ) ) ;
#2293 = CARTESIAN_POINT ( 'NONE',  ( 3.422270755428200140, -0.8041145948577490543, 0.4958854356055250046 ) ) ;
#2294 = CARTESIAN_POINT ( 'NONE',  ( 5.110491981745449941, 0.1232196903317560183, 5.272188605018359964E-17 ) ) ;
#2295 = CARTESIAN_POINT ( 'NONE',  ( 5.060119611329811029, 0.1731509327738720017, 0.09999999998755719488 ) ) ;
#2296 = CARTESIAN_POINT ( 'NONE',  ( -6.153974861745910019, -0.5433089422507580979, 0.02507684312135720003 ) ) ;
#2297 = ADVANCED_FACE ( 'NONE', ( #4053 ), #376, .T. ) ;
#2298 = CARTESIAN_POINT ( 'NONE',  ( 6.150659419459451271, -0.4483915851765150062, -6.149926281468310160E-16 ) ) ;
#2299 = CARTESIAN_POINT ( 'NONE',  ( -3.498961390185080234, -0.6600389711792969960, 1.960039001642570167 ) ) ;
#2300 = CARTESIAN_POINT ( 'NONE',  ( -5.323466576179270326, 0.4342979828426800082, 0.05516503351944830602 ) ) ;
#2301 = CARTESIAN_POINT ( 'NONE',  ( -2.561655826735730113, -0.8667525124322019714, 0.4332475180310719209 ) ) ;
#2302 = CARTESIAN_POINT ( 'NONE',  ( 6.176453577985229870, -0.5545352631851150349, 0.1000000000000000333 ) ) ;
#2303 = CARTESIAN_POINT ( 'NONE',  ( -3.190112246994440071, 0.8645113702127029676, 1.300000030463270173 ) ) ;
#2304 = CARTESIAN_POINT ( 'NONE',  ( -5.240781014320729625, -0.2778227473815860216, -3.015516193522910054E-17 ) ) ;
#2305 = ADVANCED_FACE ( 'NONE', ( #1617 ), #2185, .T. ) ;
#2306 = CARTESIAN_POINT ( 'NONE',  ( 6.233873348583401253, 0.3477041391578130081, -5.943052589346360042E-16 ) ) ;
#2307 = CARTESIAN_POINT ( 'NONE',  ( -5.180316525110471026, -0.3182787896309660081, 0.2000000000000000111 ) ) ;
#2308 = CARTESIAN_POINT ( 'NONE',  ( 5.783031577072519802, -0.5606301530416919476, 0.01308868717835359914 ) ) ;
#2309 = CARTESIAN_POINT ( 'NONE',  ( 2.312275712915440096, 0.0000000000000000000, 2.196932031794080142 ) ) ;
#2310 = CARTESIAN_POINT ( 'NONE',  ( -6.148059193132450417, 0.5643996145928441566, 0.08504003498299489427 ) ) ;
#2311 = CARTESIAN_POINT ( 'NONE',  ( 4.999974409514909901, 0.007290673741145800232, 0.0000000000000000000 ) ) ;
#2312 = CARTESIAN_POINT ( 'NONE',  ( -5.133858390007370431, -0.2652556471576250074, 0.09999999999016480345 ) ) ;
#2313 = CARTESIAN_POINT ( 'NONE',  ( 5.000007957208070231, 0.005361628541270219844, 0.07756005247430990124 ) ) ;
#2314 = ORIENTED_EDGE ( 'NONE', *, *, #2236, .T. ) ;
#2315 = CARTESIAN_POINT ( 'NONE',  ( -6.224514148947720038, 0.5179580399670840052, 0.1000000000000000333 ) ) ;
#2316 = CARTESIAN_POINT ( 'NONE',  ( -5.151657733824660745, 0.1287340998843360118, -1.209359264565590054E-16 ) ) ;
#2317 = CARTESIAN_POINT ( 'NONE',  ( 5.190802839516660327, -0.3269060040435989856, 0.08504003498022159879 ) ) ;
#2318 = CARTESIAN_POINT ( 'NONE',  ( -3.046257705760219814, 0.8541536936186510109, 1.300000030463270173 ) ) ;
#2319 = CARTESIAN_POINT ( 'NONE',  ( 6.311273665842979774, 0.3355018932830090006, 0.07756005247429220706 ) ) ;
#2320 = CARTESIAN_POINT ( 'NONE',  ( 3.235639616665010099, 0.0000000000000000000, 2.164669196733369994 ) ) ;
#2321 = CARTESIAN_POINT ( 'NONE',  ( -3.500000000000000000, -0.1569863740406929054, 0.6885666751680145081 ) ) ;
#2322 = CARTESIAN_POINT ( 'NONE',  ( -3.235639616665010099, 0.0000000000000000000, 2.164669196733369994 ) ) ;
#2323 = CARTESIAN_POINT ( 'NONE',  ( 3.494287647928740359, 0.6887312085821259977, 1.300000030463270173 ) ) ;
#2324 = CARTESIAN_POINT ( 'NONE',  ( 5.882515287947279958, 0.5812233210020649743, 0.02507684312125780385 ) ) ;
#2325 = CARTESIAN_POINT ( 'NONE',  ( 4.999995011508049814, 0.002063728091416080351, 0.09999999999997591371 ) ) ;
#2326 = CARTESIAN_POINT ( 'NONE',  ( 5.938877072330189577, -0.5957456569946210090, 0.2000000000000000111 ) ) ;
#2327 = CARTESIAN_POINT ( 'NONE',  ( 6.126062178934899904, -0.4660274476870440163, -5.443991602012580245E-16 ) ) ;
#2328 = CARTESIAN_POINT ( 'NONE',  ( -3.499999995479639914, 0.6406317572097729451, 1.940631787673049669 ) ) ;
#2329 = CARTESIAN_POINT ( 'NONE',  ( -5.075117907668849959, 0.1819043591434529872, 0.05516503351818070194 ) ) ;
#2330 = CARTESIAN_POINT ( 'NONE',  ( -2.199999969536730049, 0.0000000000000000000, 0.3996339179078399750 ) ) ;
#2331 = CARTESIAN_POINT ( 'NONE',  ( 5.982101057793539844, -0.5919109406925260330, 0.1000000000000000333 ) ) ;
#2332 = CARTESIAN_POINT ( 'NONE',  ( -5.442415853232409617, -0.4367914596182119746, -1.914343218933599955E-16 ) ) ;
#2333 = CARTESIAN_POINT ( 'NONE',  ( 5.654840094374130821, 0.5165679891932259959, -2.644874991574640038E-16 ) ) ;
#2334 = CARTESIAN_POINT ( 'NONE',  ( -6.301578169905729609, -0.3693503180003809838, 0.0000000000000000000 ) ) ;
#2335 = CARTESIAN_POINT ( 'NONE',  ( 6.220972629540489685, -0.4499484846714150166, 0.01308868717844900026 ) ) ;
#2336 = CARTESIAN_POINT ( 'NONE',  ( 2.385652428381600298, 0.8904619225971831531, 2.190461953060459876 ) ) ;
#2337 = CARTESIAN_POINT ( 'NONE',  ( -6.248993213538679647, 0.4817881924118760373, 0.08504003498300381769 ) ) ;
#2338 = CARTESIAN_POINT ( 'NONE',  ( 5.789270952678809756, 0.6017536333715920449, 0.0000000000000000000 ) ) ;
#2339 = ORIENTED_EDGE ( 'NONE', *, *, #3344, .T. ) ;
#2340 = CARTESIAN_POINT ( 'NONE',  ( -5.655253982674430802, 0.5895555966763510458, 0.1000000000000000333 ) ) ;
#2341 = CARTESIAN_POINT ( 'NONE',  ( 5.878117605356790065, 0.4995665912818469390, -3.956389690170599788E-16 ) ) ;
#2342 = CARTESIAN_POINT ( 'NONE',  ( -5.179081990488880294, 0.1637567588057730061, -1.299244132498929941E-16 ) ) ;
#2343 = CARTESIAN_POINT ( 'NONE',  ( 5.053259208795349622, -0.1636107914827039933, 0.08504003497907189346 ) ) ;
#2344 = CARTESIAN_POINT ( 'NONE',  ( -3.149310191193159802, 0.8624262690867170456, 0.4375737613765569578 ) ) ;
#2345 = CARTESIAN_POINT ( 'NONE',  ( 5.018235525093089677, 0.0003606153378661010388, 0.02507684312139860441 ) ) ;
#2346 = CARTESIAN_POINT ( 'NONE',  ( 3.190112246994440959, 0.8645113702127030786, 2.164511400675979580 ) ) ;
#2347 = CARTESIAN_POINT ( 'NONE',  ( -5.147961347159610845, -0.1237980354107150183, 6.449527751708709712E-17 ) ) ;
#2348 = CARTESIAN_POINT ( 'NONE',  ( 2.199999969548116496, 0.0000000000000000000, 0.3996339179078319259 ) ) ;
#2349 = CARTESIAN_POINT ( 'NONE',  ( -5.224548256471434726, -0.2176045758407158526, 3.735915687840162889E-19 ) ) ;
#2350 = CARTESIAN_POINT ( 'NONE',  ( 3.333637229839510052, 0.0000000000000000000, 2.150390142441719998 ) ) ;
#2351 = VERTEX_POINT ( 'NONE', #1438 ) ;
#2352 = CARTESIAN_POINT ( 'NONE',  ( 5.407816110846494162, -0.3799969514003612159, -1.105857174947049884E-16 ) ) ;
#2353 = CARTESIAN_POINT ( 'NONE',  ( 5.541423363276459568, -0.4516826217870240079, -2.058151677219579886E-16 ) ) ;
#2354 = CARTESIAN_POINT ( 'NONE',  ( -3.498961390185080234, -0.6600389711792969960, 1.300000030463270173 ) ) ;
#2355 = CARTESIAN_POINT ( 'NONE',  ( -6.305688039205869622, 0.1302895503585639880, 0.01308868717842140254 ) ) ;
#2356 = CARTESIAN_POINT ( 'NONE',  ( -2.561655826735730113, 0.8667525124322019714, 1.300000030463270173 ) ) ;
#2357 = CARTESIAN_POINT ( 'NONE',  ( -5.044608523403979916, 0.1523449825903359922, 0.2000000000000000111 ) ) ;
#2358 = CARTESIAN_POINT ( 'NONE',  ( -5.148389264909140728, -0.1733024195478639895, 4.474138031980290324E-17 ) ) ;
#2359 = CARTESIAN_POINT ( 'NONE',  ( 5.442415853232409617, 0.4367914596182119746, -1.418140503343509948E-16 ) ) ;
#2360 = CARTESIAN_POINT ( 'NONE',  ( -6.176453577985229870, -0.5545352631851150349, 0.0000000000000000000 ) ) ;
#2361 = CARTESIAN_POINT ( 'NONE',  ( -4.999996814321360006, 0.004490577092316160729, 0.09999999999996710132 ) ) ;
#2362 = CARTESIAN_POINT ( 'NONE',  ( 5.044608523403979916, 0.1523449825903359922, 0.2000000000000000111 ) ) ;
#2363 = CARTESIAN_POINT ( 'NONE',  ( 6.126757070586619669, 0.5705552780508300614, 0.09999999999985510757 ) ) ;
#2364 = VERTEX_POINT ( 'NONE', #2978 ) ;
#2365 = AXIS2_PLACEMENT_3D ( 'NONE', #509, #2941, #5103 ) ;
#2366 = CARTESIAN_POINT ( 'NONE',  ( -5.893733830988099776, 0.5990531213409430178, 0.1000000000000000333 ) ) ;
#2367 = CARTESIAN_POINT ( 'NONE',  ( 5.512777118617769645, 0.4393395169510589948, -1.754026972800720215E-16 ) ) ;
#2368 = CARTESIAN_POINT ( 'NONE',  ( -5.106557237460069842, 0.05720623638747929923, -2.181783671726409918E-16 ) ) ;
#2369 = CARTESIAN_POINT ( 'NONE',  ( 5.711678804347130267, -0.5960859470857140519, 0.08504003498265380601 ) ) ;
#2370 = CARTESIAN_POINT ( 'NONE',  ( -3.009674527917809872, 0.8508116070344399207, 2.150811637497709761 ) ) ;
#2371 = CARTESIAN_POINT ( 'NONE',  ( 6.160433358236519830, 0.5603919593089059514, 0.07756005247422320670 ) ) ;
#2372 = CARTESIAN_POINT ( 'NONE',  ( 3.149310191193159802, 0.8624262690867170456, 0.4375737613765569578 ) ) ;
#2373 = CARTESIAN_POINT ( 'NONE',  ( -5.570587043632140301, -0.4626648695442789894, -2.851421036703340225E-16 ) ) ;
#2374 = CARTESIAN_POINT ( 'NONE',  ( -3.500000000000001776, -0.4769777312382914025, 0.8848620344041312480 ) ) ;
#2375 = CARTESIAN_POINT ( 'NONE',  ( -5.746573972807357045, -0.4987043986047571265, -4.313135280801107155E-16 ) ) ;
#2376 = CARTESIAN_POINT ( 'NONE',  ( -6.293967873641180155, 0.3882886086335120002, 0.1000000000000860062 ) ) ;
#2377 = CARTESIAN_POINT ( 'NONE',  ( 6.331607269811859950, 0.03270887028187440676, 0.02507684312139630070 ) ) ;
#2378 = CARTESIAN_POINT ( 'NONE',  ( 6.345819140479379783, 0.1459536405944240056, 0.09999999999999939493 ) ) ;
#2379 = CARTESIAN_POINT ( 'NONE',  ( 4.999999960734370141, -2.299150617883967936E-11, 0.09999999999999954758 ) ) ;
#2380 = CARTESIAN_POINT ( 'NONE',  ( -5.058323851786499681, -0.1392234194403270120, 0.02507684311968600213 ) ) ;
#2381 = CARTESIAN_POINT ( 'NONE',  ( 5.722466030340740417, -0.4966445026099580717, -3.208025459150109971E-16 ) ) ;
#2382 = CARTESIAN_POINT ( 'NONE',  ( -6.234439662637051072, 0.4238461038521440516, 0.01308868717844650052 ) ) ;
#2383 = CARTESIAN_POINT ( 'NONE',  ( -6.349999999999999645, 0.0000000000000000000, 0.0000000000000000000 ) ) ;
#2384 = CARTESIAN_POINT ( 'NONE',  ( -3.190112246994440071, 0.0000000000000000000, 2.164511400675980468 ) ) ;
#2385 = CARTESIAN_POINT ( 'NONE',  ( 6.196684372893270343, 0.4328645358680410782, -5.726405470948530420E-16 ) ) ;
#2386 = CARTESIAN_POINT ( 'NONE',  ( -5.024698807116640076, -0.1207599828996299973, 0.0000000000000000000 ) ) ;
#2387 = CARTESIAN_POINT ( 'NONE',  ( 5.196885985674949637, -0.2750662639401629805, 0.01308868717735209991 ) ) ;
#2388 = CARTESIAN_POINT ( 'NONE',  ( -5.061330850321030361, 0.1747362620311020132, 0.09999999999599830380 ) ) ;
#2389 = CARTESIAN_POINT ( 'NONE',  ( 5.494938181979860836, 0.5433329124702379609, 0.0000000000000000000 ) ) ;
#2390 = CARTESIAN_POINT ( 'NONE',  ( 6.334068619748880025, 0.2324107528633710118, 0.09999999999995759503 ) ) ;
#2391 = EDGE_LOOP ( 'NONE', ( #952, #1071 ) ) ;
#2392 = CARTESIAN_POINT ( 'NONE',  ( -5.494938181979860836, 0.5433329124702379609, 0.1000000000000000333 ) ) ;
#2393 = CARTESIAN_POINT ( 'NONE',  ( 5.484703409892129677, 0.4256896030728919977, -1.584315493438080058E-16 ) ) ;
#2394 = CARTESIAN_POINT ( 'NONE',  ( -5.143619175854969860, 0.1179193040706680018, -1.158183090952689963E-16 ) ) ;
#2395 = CARTESIAN_POINT ( 'NONE',  ( 6.217416144705840253, -0.5136132911101890519, 0.05516503352022669726 ) ) ;
#2396 = CARTESIAN_POINT ( 'NONE',  ( -3.235639616665010099, 0.0000000000000000000, 2.164669196733369994 ) ) ;
#2397 = CARTESIAN_POINT ( 'NONE',  ( 6.323615281261189658, 0.2862428628047969936, 0.07756005247430619587 ) ) ;
#2398 = CARTESIAN_POINT ( 'NONE',  ( 3.284326568066441077, 0.8607250946741169528, 2.160725125137389568 ) ) ;
#2399 = CARTESIAN_POINT ( 'NONE',  ( -5.512777118617769645, -0.4393395169510589948, -2.373291262394340093E-16 ) ) ;
#2400 = CARTESIAN_POINT ( 'NONE',  ( -3.500000000000001776, -0.1574479585290580741, 1.916093888069861695 ) ) ;
#2401 = CARTESIAN_POINT ( 'NONE',  ( 3.500000000000000000, -0.6308584043937629504, 1.300000030463270173 ) ) ;
#2402 = CARTESIAN_POINT ( 'NONE',  ( 6.330819137505169891, 0.06591717056991421020, 0.02507684312139489904 ) ) ;
#2403 = CARTESIAN_POINT ( 'NONE',  ( 5.100000498881283484, -4.267943533372609183E-09, -8.466168675820259406E-17 ) ) ;
#2404 = CARTESIAN_POINT ( 'NONE',  ( 6.224514148947720926, 0.5179580399670841162, 0.09999999999999939493 ) ) ;
#2405 = CARTESIAN_POINT ( 'NONE',  ( -5.249854907557977235, 0.2448851385661845459, -2.055364433865113787E-17 ) ) ;
#2406 = CARTESIAN_POINT ( 'NONE',  ( -5.086377222642361140, -0.1779797250597779934, 0.02507684311770450383 ) ) ;
#2407 = CARTESIAN_POINT ( 'NONE',  ( 5.753656473926639592, -0.4993917295982240323, -3.328355048311869922E-16 ) ) ;
#2408 = CARTESIAN_POINT ( 'NONE',  ( 3.079716191379540557, 0.0000000000000000000, 2.157083300382910185 ) ) ;
#2409 = DIRECTION ( 'NONE',  ( 1.000000000000000000, 0.0000000000000000000, 0.0000000000000000000 ) ) ;
#2410 = CARTESIAN_POINT ( 'NONE',  ( -5.913347087700920213, 0.5571953681626790056, 0.01308868717839110039 ) ) ;
#2411 = CARTESIAN_POINT ( 'NONE',  ( 2.199999969548116496, 1.102630477801762982E-16, 2.200366143018708254 ) ) ;
#2412 = CARTESIAN_POINT ( 'NONE',  ( -3.422270755428200140, -0.8041145948577490543, 0.4958854356055250046 ) ) ;
#2413 = CARTESIAN_POINT ( 'NONE',  ( -5.118944106845710884, -0.1348664409027220124, 6.852054379396890332E-17 ) ) ;
#2414 = CARTESIAN_POINT ( 'NONE',  ( 2.475120692249380028, -3.866502440359578154E-15, 0.4208555343904120116 ) ) ;
#2415 = CARTESIAN_POINT ( 'NONE',  ( 6.272439947525690229, -8.354569364826050362E-08, -9.874183308112640465E-16 ) ) ;
#2416 = CARTESIAN_POINT ( 'NONE',  ( 2.561655826735730113, 0.0000000000000000000, 2.166752542895479916 ) ) ;
#2417 = CARTESIAN_POINT ( 'NONE',  ( -6.175583505662640249, 0.5536011649946079860, 0.08504003498299869679 ) ) ;
#2418 = CARTESIAN_POINT ( 'NONE',  ( 5.577444020907750044, 0.5719321550693790002, 0.2000000000000000111 ) ) ;
#2419 = CARTESIAN_POINT ( 'NONE',  ( 5.571669617665360619, 0.5681346885902990307, 0.09999999999849971954 ) ) ;
#2420 = CARTESIAN_POINT ( 'NONE',  ( -6.107600309797909688, 0.5756272280106610184, 0.1000000000000000333 ) ) ;
#2421 = CARTESIAN_POINT ( 'NONE',  ( 5.174615364558049713, 0.1581863468467130107, 2.904458233767029869E-17 ) ) ;
#2422 = CARTESIAN_POINT ( 'NONE',  ( -2.199999969548116496, 1.102630477801762982E-16, 0.3996339179078319259 ) ) ;
#2423 = CARTESIAN_POINT ( 'NONE',  ( 5.712414405462330258, -0.5892886425740330170, 0.05516503352004999833 ) ) ;
#2424 = CARTESIAN_POINT ( 'NONE',  ( -3.235639616665010543, 0.8646691662700989323, 0.4353308641931750711 ) ) ;
#2425 = CARTESIAN_POINT ( 'NONE',  ( -5.151921746232630106, -0.2856381698136389868, 0.07756005246478399340 ) ) ;
#2426 = CARTESIAN_POINT ( 'NONE',  ( 5.018231734383290288, 0.002043345475225730092, 0.02507684312139130123 ) ) ;
#2427 = CARTESIAN_POINT ( 'NONE',  ( 3.333637229839509608, -0.8503901119784410545, 2.150390142441719998 ) ) ;
#2428 =( BOUNDED_SURFACE ( )  B_SPLINE_SURFACE ( 5, 2, ( 
 ( #3812, #4650, #2273, #4780, #2330, #5110, #4357, #1406, #295 ),
 ( #4694, #1017, #1914, #1093, #2248, #2650, #1884, #1041, #4721 ),
 ( #327, #4304, #2728, #3941, #3549, #210, #615, #3889, #3124 ),
 ( #4412, #3914, #5216, #1829, #3492, #4001, #1453, #266, #3468 ),
 ( #238, #1514, #5159, #3151, #3099, #1858, #5135, #4809, #1430 ),
 ( #4750, #1064, #2701, #3522, #1120, #3074, #2754, #2676, #666 ),
 ( #5187, #4383, #2356, #4330, #721, #2301, #1482, #2195, #2222 ),
 ( #974, #212, #4285, #5064, #1043, #1362, #3470, #3423, #3446 ),
 ( #1335, #3076, #3049, #1831, #517, #1758, #4233, #949, #2602 ),
 ( #190, #4305, #4259, #5137, #543, #2170, #568, #3845, #2579 ),
 ( #168, #1786, #1734, #3815, #141, #617, #5086, #3866, #4652 ),
 ( #2143, #1432, #2678, #3790, #4723, #116, #3024, #1385, #3369 ),
 ( #4696, #4673, #1408, #1806, #5034, #2972, #2250, #1019, #996 ),
 ( #5112, #2651, #4626, #2627, #592, #1547, #3524, #4332, #3917 ),
 ( #329, #3101, #240, #2756, #1886, #268, #4359, #1178, #5161 ),
 ( #1121, #3181, #1066, #1860, #4752, #4003, #4414, #5273, #1484 ),
 ( #643, #4385, #4859, #3970, #723, #2275, #2703, #5189, #3494 ),
 ( #4836, #1570, #297, #1948, #3586, #3126, #3615, #1095, #3551 ),
 ( #5245, #1149, #2303, #4442, #2730, #1916, #5219, #753, #2384 ),
 ( #1455, #3209, #1516, #4033, #3153, #356, #1975, #3260, #888 ),
 ( #2028, #3337, #3673, #482, #2051, #457, #2109, #3644, #1700 ),
 ( #4972, #1280, #4564, #2517, #1624, #4943, #4998, #2833, #3725 ),
 ( #1597, #3697, #2491, #4170, #26, #2002, #1647, #5302, #1253 ),
 ( #4535, #4913, #2807, #3237, #4487, #2412, #4886, #781, #809 ),
 ( #2439, #4085, #405, #860, #1224, #2859, #55, #1673, #4509 ),
 ( #833, #1305, #1725, #4690, #3860, #4644, #135, #2622, #1801 ),
 ( #2188, #4590, #3440, #536, #914, #2546, #5104, #585, #5027 ),
 ( #1377, #4224, #2571, #1328, #3463, #2136, #2215, #1778, #1402 ),
 ( #4195, #2966, #992, #3417, #2243, #3808, #1013, #4619, #1356 ),
 ( #967, #4667, #941, #2164, #1752, #2992, #2646, #4300, #3884 ) ),
 .UNSPECIFIED., .F., .T., .T. ) 
 B_SPLINE_SURFACE_WITH_KNOTS ( ( 6, 1, 1, 1, 1, 1, 1, 1, 1, 1, 1, 1, 1, 1, 1, 1, 1, 1, 1, 1, 1, 1, 1, 1, 1, 6 ),
 ( 3, 2, 2, 2, 3 ),
 ( 0.0000000000000000000, 0.04000000000000000083, 0.08000000000000000167, 0.1199999999999999956, 0.1600000000000000033, 0.2000000000000000111, 0.2399999999999999911, 0.2800000000000000266, 0.3200000000000000067, 0.3599999999999999867, 0.4000000000000000222, 0.4400000000000000022, 0.4799999999999999822, 0.5200000000000000178, 0.5600000000000000533, 0.5999999999999999778, 0.6400000000000000133, 0.6800000000000000488, 0.7199999999999999734, 0.7600000000000000089, 0.8000000000000000444, 0.8399999999999999689, 0.8800000000000000044, 0.9200000000000000400, 0.9599999999999999645, 1.000000000000000000 ),
 ( 0.0000000000000000000, 1.570796326794900111, 3.141592653589790007, 4.712388980384689674, 6.283185307179589785 ),
 .UNSPECIFIED. ) 
 GEOMETRIC_REPRESENTATION_ITEM ( )  RATIONAL_B_SPLINE_SURFACE ( (
 ( 1.000000000000000000, 0.7071067811865480168, 1.000000000000000000, 0.7071067811865480168, 1.000000000000000000, 0.7071067811865480168, 1.000000000000000000, 0.7071067811865480168, 1.000000000000000000),
 ( 1.000000000000000000, 0.7071067811865480168, 1.000000000000000000, 0.7071067811865480168, 1.000000000000000000, 0.7071067811865480168, 1.000000000000000000, 0.7071067811865480168, 1.000000000000000000),
 ( 1.000000000000000000, 0.7071067811865480168, 1.000000000000000000, 0.7071067811865480168, 1.000000000000000000, 0.7071067811865480168, 1.000000000000000000, 0.7071067811865480168, 1.000000000000000000),
 ( 1.000000000000000000, 0.7071067811865480168, 1.000000000000000000, 0.7071067811865480168, 1.000000000000000000, 0.7071067811865480168, 1.000000000000000000, 0.7071067811865480168, 1.000000000000000000),
 ( 1.000000000000000000, 0.7071067811865480168, 1.000000000000000000, 0.7071067811865480168, 1.000000000000000000, 0.7071067811865480168, 1.000000000000000000, 0.7071067811865480168, 1.000000000000000000),
 ( 1.000000000000000000, 0.7071067811865480168, 1.000000000000000000, 0.7071067811865480168, 1.000000000000000000, 0.7071067811865480168, 1.000000000000000000, 0.7071067811865480168, 1.000000000000000000),
 ( 1.000000000000000000, 0.7071067811865480168, 1.000000000000000000, 0.7071067811865480168, 1.000000000000000000, 0.7071067811865480168, 1.000000000000000000, 0.7071067811865480168, 1.000000000000000000),
 ( 1.000000000000000000, 0.7071067811865480168, 1.000000000000000000, 0.7071067811865480168, 1.000000000000000000, 0.7071067811865480168, 1.000000000000000000, 0.7071067811865480168, 1.000000000000000000),
 ( 1.000000000000000000, 0.7071067811865480168, 1.000000000000000000, 0.7071067811865480168, 1.000000000000000000, 0.7071067811865480168, 1.000000000000000000, 0.7071067811865480168, 1.000000000000000000),
 ( 1.000000000000000000, 0.7071067811865480168, 1.000000000000000000, 0.7071067811865480168, 1.000000000000000000, 0.7071067811865480168, 1.000000000000000000, 0.7071067811865480168, 1.000000000000000000),
 ( 1.000000000000000000, 0.7071067811865480168, 1.000000000000000000, 0.7071067811865480168, 1.000000000000000000, 0.7071067811865480168, 1.000000000000000000, 0.7071067811865480168, 1.000000000000000000),
 ( 1.000000000000000000, 0.7071067811865480168, 1.000000000000000000, 0.7071067811865480168, 1.000000000000000000, 0.7071067811865480168, 1.000000000000000000, 0.7071067811865480168, 1.000000000000000000),
 ( 1.000000000000000000, 0.7071067811865480168, 1.000000000000000000, 0.7071067811865480168, 1.000000000000000000, 0.7071067811865480168, 1.000000000000000000, 0.7071067811865480168, 1.000000000000000000),
 ( 1.000000000000000000, 0.7071067811865480168, 1.000000000000000000, 0.7071067811865480168, 1.000000000000000000, 0.7071067811865480168, 1.000000000000000000, 0.7071067811865480168, 1.000000000000000000),
 ( 1.000000000000000000, 0.7071067811865480168, 1.000000000000000000, 0.7071067811865480168, 1.000000000000000000, 0.7071067811865480168, 1.000000000000000000, 0.7071067811865480168, 1.000000000000000000),
 ( 1.000000000000000000, 0.7071067811865480168, 1.000000000000000000, 0.7071067811865480168, 1.000000000000000000, 0.7071067811865480168, 1.000000000000000000, 0.7071067811865480168, 1.000000000000000000),
 ( 1.000000000000000000, 0.7071067811865480168, 1.000000000000000000, 0.7071067811865480168, 1.000000000000000000, 0.7071067811865480168, 1.000000000000000000, 0.7071067811865480168, 1.000000000000000000),
 ( 1.000000000000000000, 0.7071067811865480168, 1.000000000000000000, 0.7071067811865480168, 1.000000000000000000, 0.7071067811865480168, 1.000000000000000000, 0.7071067811865480168, 1.000000000000000000),
 ( 1.000000000000000000, 0.7071067811865480168, 1.000000000000000000, 0.7071067811865480168, 1.000000000000000000, 0.7071067811865480168, 1.000000000000000000, 0.7071067811865480168, 1.000000000000000000),
 ( 1.000000000000000000, 0.7071067811865480168, 1.000000000000000000, 0.7071067811865480168, 1.000000000000000000, 0.7071067811865480168, 1.000000000000000000, 0.7071067811865480168, 1.000000000000000000),
 ( 1.000000000000000000, 0.7071067811865480168, 1.000000000000000000, 0.7071067811865480168, 1.000000000000000000, 0.7071067811865480168, 1.000000000000000000, 0.7071067811865480168, 1.000000000000000000),
 ( 1.000000000000000000, 0.7071067811865480168, 1.000000000000000000, 0.7071067811865480168, 1.000000000000000000, 0.7071067811865480168, 1.000000000000000000, 0.7071067811865480168, 1.000000000000000000),
 ( 1.000000000000000000, 0.7071067811865480168, 1.000000000000000000, 0.7071067811865480168, 1.000000000000000000, 0.7071067811865480168, 1.000000000000000000, 0.7071067811865480168, 1.000000000000000000),
 ( 1.000000000000000000, 0.7071067811865480168, 1.000000000000000000, 0.7071067811865480168, 1.000000000000000000, 0.7071067811865480168, 1.000000000000000000, 0.7071067811865480168, 1.000000000000000000),
 ( 1.000000000000000000, 0.7071067811865480168, 1.000000000000000000, 0.7071067811865480168, 1.000000000000000000, 0.7071067811865480168, 1.000000000000000000, 0.7071067811865480168, 1.000000000000000000),
 ( 1.000000000000000000, 0.7071067811865480168, 1.000000000000000000, 0.7071067811865480168, 1.000000000000000000, 0.7071067811865480168, 1.000000000000000000, 0.7071067811865480168, 1.000000000000000000),
 ( 1.000000000000000000, 0.7071067811865480168, 1.000000000000000000, 0.7071067811865480168, 1.000000000000000000, 0.7071067811865480168, 1.000000000000000000, 0.7071067811865480168, 1.000000000000000000),
 ( 1.000000000000000000, 0.7071067811865480168, 1.000000000000000000, 0.7071067811865480168, 1.000000000000000000, 0.7071067811865480168, 1.000000000000000000, 0.7071067811865480168, 1.000000000000000000),
 ( 1.000000000000000000, 0.7071067811865480168, 1.000000000000000000, 0.7071067811865480168, 1.000000000000000000, 0.7071067811865480168, 1.000000000000000000, 0.7071067811865480168, 1.000000000000000000),
 ( 1.000000000000000000, 0.7071067811865480168, 1.000000000000000000, 0.7071067811865480168, 1.000000000000000000, 0.7071067811865480168, 1.000000000000000000, 0.7071067811865480168, 1.000000000000000000) ) ) 
 REPRESENTATION_ITEM ( '' )  SURFACE ( )  );
#2429 = CARTESIAN_POINT ( 'NONE',  ( -5.307021204761269928, -0.3000632264611129973, -6.723898446709080311E-17 ) ) ;
#2430 = CARTESIAN_POINT ( 'NONE',  ( -6.168807434528289946, 0.4616588750062530222, -8.215118598215129941E-16 ) ) ;
#2431 = CARTESIAN_POINT ( 'NONE',  ( -3.499999999999998224, -0.2719716059956297505, 1.869696426729026584 ) ) ;
#2432 = CARTESIAN_POINT ( 'NONE',  ( -6.076465319923832986, -0.4790723806733032664, -7.041158843191386318E-16 ) ) ;
#2433 = CARTESIAN_POINT ( 'NONE',  ( 6.331763289079639812, 0.01078008636056019924, 0.02507684312139790012 ) ) ;
#2434 = CARTESIAN_POINT ( 'NONE',  ( -5.147603042823010178, -0.2532680076425919968, 0.02507684311844449870 ) ) ;
#2435 = CARTESIAN_POINT ( 'NONE',  ( 5.141322927914649732, -0.1147719372532230026, -1.352910164413739971E-16 ) ) ;
#2436 = CARTESIAN_POINT ( 'NONE',  ( 3.009674527917810316, -0.8508116070344400317, 1.300000030463270173 ) ) ;
#2437 = CARTESIAN_POINT ( 'NONE',  ( -6.090471137061310714, 0.5373056847571010541, 0.01308868717844179942 ) ) ;
#2438 = CARTESIAN_POINT ( 'NONE',  ( -6.243669523396249588, 0.4921029752861800777, 0.2000000000000000111 ) ) ;
#2439 = CARTESIAN_POINT ( 'NONE',  ( -3.456526291164410125, 0.0000000000000000000, 2.068114642818509985 ) ) ;
#2440 = CARTESIAN_POINT ( 'NONE',  ( -5.119488644765099572, -0.1356105780678550088, 6.808458715771719879E-17 ) ) ;
#2441 = CARTESIAN_POINT ( 'NONE',  ( -5.000212412783009874, -0.02148594358049080166, 0.2000000000000000111 ) ) ;
#2442 = CARTESIAN_POINT ( 'NONE',  ( 6.205396704347729830, -0.3980190373720670083, -6.403637121762059658E-16 ) ) ;
#2443 = CARTESIAN_POINT ( 'NONE',  ( -5.112090646288059759, 0.2396659469405360010, 0.08504003497936220290 ) ) ;
#2444 = CARTESIAN_POINT ( 'NONE',  ( 6.239275224659439623, -0.4967641990208740421, 0.1000000000000999950 ) ) ;
#2445 = CARTESIAN_POINT ( 'NONE',  ( 5.091657643526059651, 0.2145720189701920133, 0.09999999998864429751 ) ) ;
#2446 = CARTESIAN_POINT ( 'NONE',  ( -6.320777426967040036, -0.3056012506868709955, 0.09999999999999920064 ) ) ;
#2447 = CARTESIAN_POINT ( 'NONE',  ( -3.500000000000001776, 0.3099656298113069308, 0.7499770235152398712 ) ) ;
#2448 = CARTESIAN_POINT ( 'NONE',  ( -6.262220585892830371, -0.4599031054947679831, 0.2000000000000008993 ) ) ;
#2449 = CARTESIAN_POINT ( 'NONE',  ( 6.172590727626910301, -0.5474386341315600202, 0.05516503352022320006 ) ) ;
#2450 = CARTESIAN_POINT ( 'NONE',  ( -5.190832733275610344, -0.3269992220462469845, 0.07756005246713250367 ) ) ;
#2451 = ORIENTED_EDGE ( 'NONE', *, *, #5173, .F. ) ;
#2452 = CARTESIAN_POINT ( 'NONE',  ( 3.498961390185070464, 0.6600389711792969960, 1.960039001642570167 ) ) ;
#2453 = CARTESIAN_POINT ( 'NONE',  ( -5.166930669856959923, -0.1485339640423040120, 4.875456854916959714E-17 ) ) ;
#2454 = CARTESIAN_POINT ( 'NONE',  ( -5.268703541480070029, 0.2949284435414269989, -1.484099305072870063E-16 ) ) ;
#2455 = CARTESIAN_POINT ( 'NONE',  ( -5.928390345468910638, -0.4961402426954103495, -5.816658646856301514E-16 ) ) ;
#2456 = CARTESIAN_POINT ( 'NONE',  ( 5.114360468498130530, 0.2137245896361290032, 0.02507684311801710100 ) ) ;
#2457 = AXIS2_PLACEMENT_3D ( 'NONE', #1580, #818, #3245 ) ;
#2458 = CARTESIAN_POINT ( 'NONE',  ( 2.199999969536730049, 0.0000000000000000000, 2.200366143018710030 ) ) ;
#2459 = CARTESIAN_POINT ( 'NONE',  ( -5.077679023348800058, -0.1662773689156989976, 0.02507684311766629828 ) ) ;
#2460 = CARTESIAN_POINT ( 'NONE',  ( 6.236071521687260422, -0.5012775156002110544, 0.08504003498300570507 ) ) ;
#2461 = CARTESIAN_POINT ( 'NONE',  ( 5.158549041677510161, -0.1377720477034480029, -1.424858441971579973E-16 ) ) ;
#2462 = CARTESIAN_POINT ( 'NONE',  ( 3.190112246994440071, -0.8645113702127029676, 1.300000030463270173 ) ) ;
#2463 = CARTESIAN_POINT ( 'NONE',  ( -6.203463177628870007, 0.4776390945631019957, 0.01308868717844960047 ) ) ;
#2464 = CARTESIAN_POINT ( 'NONE',  ( -6.350000028353020021, 0.02632166237988979932, 0.2000000000000000111 ) ) ;
#2465 = EDGE_CURVE ( 'NONE', #2351, #3562, #1542, .T. ) ;
#2466 = CARTESIAN_POINT ( 'NONE',  ( -5.121275086498280338, -0.1380393376866919930, 6.665354309879979586E-17 ) ) ;
#2467 = CARTESIAN_POINT ( 'NONE',  ( 5.094818198765530326, -0.1522985017652309925, 0.01308868717700789955 ) ) ;
#2468 = CARTESIAN_POINT ( 'NONE',  ( 2.722375865889810065, 0.0000000000000000000, 2.147146350084740085 ) ) ;
#2469 = CARTESIAN_POINT ( 'NONE',  ( -5.319386934916940035, 0.4397768668583399987, 0.08504003498145590312 ) ) ;
#2470 = CARTESIAN_POINT ( 'NONE',  ( 5.062173353286410382, 0.1759710120390449994, 0.09999999998757069797 ) ) ;
#2471 = CARTESIAN_POINT ( 'NONE',  ( -6.224514148947720038, -0.5179580399670840052, 0.09999999999999920064 ) ) ;
#2472 = EDGE_CURVE ( 'NONE', #2787, #1925, #5287, .T. ) ;
#2473 = CARTESIAN_POINT ( 'NONE',  ( -3.500000000000000000, 0.4769777312383231549, 1.715138026522350589 ) ) ;
#2474 = CARTESIAN_POINT ( 'NONE',  ( -5.982101057793539844, -0.5919109406925260330, 0.2000000000000008993 ) ) ;
#2475 = CARTESIAN_POINT ( 'NONE',  ( 6.233664016840241295, -0.4928827869971729725, 0.05516503352022650297 ) ) ;
#2476 = CARTESIAN_POINT ( 'NONE',  ( 3.499999995479639914, 0.6406317572097729451, 0.6593682732535010027 ) ) ;
#2477 = CARTESIAN_POINT ( 'NONE',  ( -5.065525030862580103, -0.1805304728479119880, 0.07756005246196680247 ) ) ;
#2478 = CARTESIAN_POINT ( 'NONE',  ( 3.498961390185070464, 0.6600389711792969960, 0.6399610592839770629 ) ) ;
#2479 = CARTESIAN_POINT ( 'NONE',  ( -5.141091390073119882, -0.1144547034139530017, 7.017524716751840597E-17 ) ) ;
#2480 = CARTESIAN_POINT ( 'NONE',  ( -6.160213128001180038, 0.4713992368138569811, -8.095705397082210195E-16 ) ) ;
#2481 = CARTESIAN_POINT ( 'NONE',  ( -2.256433125465449940, 0.0000000000000000000, 0.4004136544695839905 ) ) ;
#2482 = CARTESIAN_POINT ( 'NONE',  ( 5.416707278749219867, 0.4818323663943089863, 0.02507684312054849970 ) ) ;
#2483 = CARTESIAN_POINT ( 'NONE',  ( 2.312275712915440096, 0.8969320013308089701, 1.300000030463270173 ) ) ;
#2484 = CARTESIAN_POINT ( 'NONE',  ( 6.349999999999999645, 0.0000000000000000000, 0.0000000000000000000 ) ) ;
#2485 = CARTESIAN_POINT ( 'NONE',  ( -5.152147511521330436, -0.2584492743917070068, 0.02507684311847790254 ) ) ;
#2486 = CARTESIAN_POINT ( 'NONE',  ( 6.349999999999999645, 9.747678488573410091E-24, 0.08504003498290510499 ) ) ;
#2487 = FACE_BOUND ( 'NONE', #5119, .T. ) ;
#2488 = CARTESIAN_POINT ( 'NONE',  ( 3.235639616665010543, 0.8646691662700989323, 0.4353308641931750711 ) ) ;
#2489 = CARTESIAN_POINT ( 'NONE',  ( -5.427635314861889881, 0.4626520192061679970, 0.01308868717806170069 ) ) ;
#2490 = CARTESIAN_POINT ( 'NONE',  ( -6.262220585892830371, 0.4599031054947679831, 0.2000000000000000111 ) ) ;
#2491 = CARTESIAN_POINT ( 'NONE',  ( -3.380581965863679983, 0.8318110400136660143, 1.300000030463270173 ) ) ;
#2492 = CARTESIAN_POINT ( 'NONE',  ( -5.145287049458779904, -0.1694009419933970029, 4.725101208427319955E-17 ) ) ;
#2493 = DIRECTION ( 'NONE',  ( 1.000000000000000000, -0.0000000000000000000, -0.0000000000000000000 ) ) ;
#2494 = CARTESIAN_POINT ( 'NONE',  ( 5.317072651516610016, -0.3871253780729810301, 0.01308868717782049954 ) ) ;
#2495 = CARTESIAN_POINT ( 'NONE',  ( -6.046628595638130044, 0.5848619779854820067, 0.08504003498295061025 ) ) ;
#2496 = CARTESIAN_POINT ( 'NONE',  ( 6.275885315690699962, -0.4302580762770459866, 0.1000000000000900030 ) ) ;
#2497 = CARTESIAN_POINT ( 'NONE',  ( 5.092529253286990354, 0.2156683561325490051, 0.09999999998864859962 ) ) ;
#2498 = CARTESIAN_POINT ( 'NONE',  ( -1.321694076934710094E-17, 0.0000000000000000000, 1.075000000000000178 ) ) ;
#2499 = CARTESIAN_POINT ( 'NONE',  ( 2.218867265165349600, 0.9002847350042212371, 2.200284765467499959 ) ) ;
#2500 = CARTESIAN_POINT ( 'NONE',  ( -5.180316525110471026, -0.3182787896309660081, 0.2000000000000008993 ) ) ;
#2501 = CARTESIAN_POINT ( 'NONE',  ( 6.222232022634940130, -0.5079669242985840327, 0.05516503352022680134 ) ) ;
#2502 = DIRECTION ( 'NONE',  ( -1.000000000000000000, 0.0000000000000000000, -1.445602896647336944E-15 ) ) ;
#2503 = CARTESIAN_POINT ( 'NONE',  ( -5.064460621273389584, -0.1790879126371830166, 0.07756005246196200076 ) ) ;
#2504 = CARTESIAN_POINT ( 'NONE',  ( 3.456526291164410125, -0.7681146123552399230, 0.5318854181080340249 ) ) ;
#2505 = CARTESIAN_POINT ( 'NONE',  ( -6.269351200850059591, -0.1902204042043940391, -8.405315298043050995E-16 ) ) ;
#2506 = CARTESIAN_POINT ( 'NONE',  ( -6.250000100170431061, 0.09299375633147274889, -8.476197905430829027E-16 ) ) ;
#2507 = CARTESIAN_POINT ( 'NONE',  ( -5.161669738081320347, 0.1779125974799130039, -1.285503627543769968E-16 ) ) ;
#2508 = CARTESIAN_POINT ( 'NONE',  ( -2.475120692249380028, -0.8791444960728619362, 0.4208555343904120671 ) ) ;
#2509 = CARTESIAN_POINT ( 'NONE',  ( 5.203831053986800015, 0.3142037318832009984, 0.02507684311922820167 ) ) ;
#2510 = CARTESIAN_POINT ( 'NONE',  ( 2.312275712915440096, 0.0000000000000000000, 2.196932031794080142 ) ) ;
#2511 = CARTESIAN_POINT ( 'NONE',  ( 0.0000000000000000000, 0.0000000000000000000, 1.300000000000000266 ) ) ;
#2512 = CARTESIAN_POINT ( 'NONE',  ( -5.305666387546890128, -0.4292364760214170682, 0.07756005247029340577 ) ) ;
#2513 = CARTESIAN_POINT ( 'NONE',  ( 4.999999888241290158, 0.0000000000000000000, 0.2000000000000000111 ) ) ;
#2514 = CARTESIAN_POINT ( 'NONE',  ( 3.079716191379540557, 0.0000000000000000000, 0.4429167605436400423 ) ) ;
#2515 = CARTESIAN_POINT ( 'NONE',  ( -5.816173156854490323, 0.5611107453811110535, 0.01308868717835860035 ) ) ;
#2516 = CARTESIAN_POINT ( 'NONE',  ( 3.422270755428200140, 0.0000000000000000000, 2.104114625321019894 ) ) ;
#2517 = CARTESIAN_POINT ( 'NONE',  ( -3.333637229839509608, 0.8503901119784410545, 0.4496099184848320052 ) ) ;
#2518 = CARTESIAN_POINT ( 'NONE',  ( 6.120375471830007186, 0.4689430144804094813, -5.416139258488077494E-16 ) ) ;
#2519 = CARTESIAN_POINT ( 'NONE',  ( 6.175511683883210701, -0.4526920245266870535, -6.277305136095699916E-16 ) ) ;
#2520 = CARTESIAN_POINT ( 'NONE',  ( 2.644399860962149962, -0.8554816188591789494, 0.4445184116040949984 ) ) ;
#2521 = CARTESIAN_POINT ( 'NONE',  ( -3.380581965863679983, 0.0000000000000000000, 0.4681889904496079891 ) ) ;
#2522 = CARTESIAN_POINT ( 'NONE',  ( -5.503978302317530158, 0.5444262967998919622, 0.08504003498213390244 ) ) ;
#2523 = CARTESIAN_POINT ( 'NONE',  ( 6.126783391554010194, -0.5705697464357110116, 0.1000000000000860062 ) ) ;
#2524 = CARTESIAN_POINT ( 'NONE',  ( -5.060119611329811029, -0.1731509327738720017, 0.09999999998755719488 ) ) ;
#2525 = CARTESIAN_POINT ( 'NONE',  ( 5.060551604073950216, 0.1737458805132890138, 0.09999999998755890185 ) ) ;
#2526 = CARTESIAN_POINT ( 'NONE',  ( -3.499999999999999112, 0.5177079014201588780, 1.665194754958222445 ) ) ;
#2527 = CARTESIAN_POINT ( 'NONE',  ( 5.141055641192389558, 0.1144054346424970003, 4.917744219937459693E-17 ) ) ;
#2528 = CARTESIAN_POINT ( 'NONE',  ( -5.121930140671279830, -0.2530289083352100232, 0.2000000000000008993 ) ) ;
#2529 = CARTESIAN_POINT ( 'NONE',  ( 5.117353283950190068, -0.2353184115736899895, 0.05516503351839650154 ) ) ;
#2530 = CARTESIAN_POINT ( 'NONE',  ( 3.499999995479639914, 0.0000000000000000000, 1.940631787673050113 ) ) ;
#2531 = CARTESIAN_POINT ( 'NONE',  ( -5.090351156260649823, -0.2129260958719499941, 0.07756005246299571554 ) ) ;
#2532 = ORIENTED_EDGE ( 'NONE', *, *, #1217, .F. ) ;
#2533 = CARTESIAN_POINT ( 'NONE',  ( 3.498961390185070019, 0.0000000000000000000, 1.960039001642569945 ) ) ;
#2534 = CARTESIAN_POINT ( 'NONE',  ( -6.264871109838990648, -0.2212950910063629928, -8.368441359373099841E-16 ) ) ;
#2535 = CARTESIAN_POINT ( 'NONE',  ( 0.0000000000000000000, 0.0000000000000000000, 1.300000030463270173 ) ) ;
#2536 = CARTESIAN_POINT ( 'NONE',  ( -5.224121349199250197, 0.2496568234232340033, -1.516274120121299919E-16 ) ) ;
#2537 = CARTESIAN_POINT ( 'NONE',  ( -2.385652428381599854, 0.0000000000000000000, 2.190461953060459876 ) ) ;
#2538 = CARTESIAN_POINT ( 'NONE',  ( 5.227548649587459906, 0.3376730331400150109, 0.02507684311940119870 ) ) ;
#2539 = CARTESIAN_POINT ( 'NONE',  ( 2.475120692249380028, -0.8791444960728620472, 1.300000030463270173 ) ) ;
#2540 = CARTESIAN_POINT ( 'NONE',  ( -5.044608523403979916, 0.1523449825903359922, 0.1999999999999987621 ) ) ;
#2541 = CARTESIAN_POINT ( 'NONE',  ( -6.203466551796940287, -0.5361490133351549670, 0.07756005247423050641 ) ) ;
#2542 = CARTESIAN_POINT ( 'NONE',  ( 6.135673808708940413, -0.5681879207571141066, 0.08504003498299410324 ) ) ;
#2543 = CARTESIAN_POINT ( 'NONE',  ( -5.049851961678601064, 0.07629351742200750353, 0.01308868717777450161 ) ) ;
#2544 = AXIS2_PLACEMENT_3D ( 'NONE', #5277, #1571, #4973 ) ;
#2545 = CARTESIAN_POINT ( 'NONE',  ( 5.076590656699489834, -0.1964923183600499890, 0.2000000000000000111 ) ) ;
#2546 = CARTESIAN_POINT ( 'NONE',  ( -3.494287647928739915, -0.6887312085821259977, 0.6112688218811480612 ) ) ;
#2547 = CARTESIAN_POINT ( 'NONE',  ( 3.494287647928740359, -3.029059398802047336E-15, 0.6112688218811468399 ) ) ;
#2548 = CARTESIAN_POINT ( 'NONE',  ( 6.120284761273910412, -0.4918122288660379815, -5.243931485848629666E-16 ) ) ;
#2549 = CARTESIAN_POINT ( 'NONE',  ( -5.438944891605039800, 0.5146197988462121176, 0.08504003498196099908 ) ) ;
#2550 = CARTESIAN_POINT ( 'NONE',  ( 5.377266882922089763, -0.4794244969882980323, 0.09999999999884599811 ) ) ;
#2551 = CARTESIAN_POINT ( 'NONE',  ( -5.004697702121511327, -0.06055453927563619887, 0.09999999999801190143 ) ) ;
#2552 = CARTESIAN_POINT ( 'NONE',  ( 2.199999969536730049, -0.9003661125554340838, 1.300000030463270173 ) ) ;
#2553 = CARTESIAN_POINT ( 'NONE',  ( -6.350000028353020021, -0.02632166237988979932, 0.2000000000000000111 ) ) ;
#2554 = CARTESIAN_POINT ( 'NONE',  ( 5.219618803453140110, -0.3458223680551070212, 0.05516503351900119839 ) ) ;
#2555 = CARTESIAN_POINT ( 'NONE',  ( 3.499999995479639914, 0.6406317572097729451, 1.940631787673049669 ) ) ;
#2556 = CARTESIAN_POINT ( 'NONE',  ( -6.230752510649369746, -0.5091797165859359708, 0.09999999999987410626 ) ) ;
#2557 = CARTESIAN_POINT ( 'NONE',  ( 5.088394892614520160, 0.2104519239731799940, 0.07756005246292820010 ) ) ;
#2558 = VERTEX_POINT ( 'NONE', #703 ) ;
#2559 = CARTESIAN_POINT ( 'NONE',  ( 3.422270755428200140, 0.0000000000000000000, 2.104114625321019894 ) ) ;
#2560 = CARTESIAN_POINT ( 'NONE',  ( -5.144292379790109671, -0.1188384303723880181, 6.752927136768990490E-17 ) ) ;
#2561 = CARTESIAN_POINT ( 'NONE',  ( -5.092064070497309913, 0.07997416871819429396, -2.029329698912890101E-16 ) ) ;
#2562 = CARTESIAN_POINT ( 'NONE',  ( -2.312275712915440096, 0.0000000000000000000, 2.196932031794080142 ) ) ;
#2563 = CARTESIAN_POINT ( 'NONE',  ( 2.561655826735730113, 0.0000000000000000000, 2.166752542895479916 ) ) ;
#2564 = CARTESIAN_POINT ( 'NONE',  ( 5.655253982674430802, 0.5895555966763511568, 0.09999999999999939493 ) ) ;
#2565 = CARTESIAN_POINT ( 'NONE',  ( -5.948685089867860043, -0.5948340940501409824, 0.07756005247401709379 ) ) ;
#2566 = CARTESIAN_POINT ( 'NONE',  ( 5.022962009660740357, -0.1151863945220060054, 0.09999999999808359408 ) ) ;
#2567 = B_SPLINE_CURVE_WITH_KNOTS ( 'NONE', 5,
 ( #3511, #3091, #2721, #3856, #3933, #5151, #685, #608, #3116, #2617, #3459, #3960, #1422, #256, #2211, #182, #4297, #1398, #4769, #2322, #3038, #2238, #3879, #5127, #3063, #4711, #2666, #4319, #632, #2263 ),
 .UNSPECIFIED., .F., .F.,
 ( 6, 1, 1, 1, 1, 1, 1, 1, 1, 1, 1, 1, 1, 1, 1, 1, 1, 1, 1, 1, 1, 1, 1, 1, 1, 6 ),
 ( 0.0000000000000000000, 0.04000000000000000083, 0.08000000000000000167, 0.1199999999999999956, 0.1600000000000000033, 0.2000000000000000111, 0.2399999999999999911, 0.2800000000000000266, 0.3200000000000000067, 0.3599999999999999867, 0.4000000000000000222, 0.4400000000000000022, 0.4799999999999999822, 0.5200000000000000178, 0.5600000000000000533, 0.5999999999999999778, 0.6400000000000000133, 0.6800000000000000488, 0.7199999999999999734, 0.7600000000000000089, 0.8000000000000000444, 0.8399999999999999689, 0.8800000000000000044, 0.9200000000000000400, 0.9599999999999999645, 1.000000000000000000 ),
 .UNSPECIFIED. ) ;
#2568 = CARTESIAN_POINT ( 'NONE',  ( 5.225000029057262019, 0.0000000000000000000, 0.7999999709427351169 ) ) ;
#2569 = CARTESIAN_POINT ( 'NONE',  ( -6.262389408874530439, 0.1892575394707350089, -1.037192063793939967E-15 ) ) ;
#2570 = CARTESIAN_POINT ( 'NONE',  ( 4.999999960734370141, -2.299150617883967936E-11, 0.09999999999999954758 ) ) ;
#2571 = CARTESIAN_POINT ( 'NONE',  ( -3.498961390185080234, 0.6600389711792969960, 1.300000030463270173 ) ) ;
#2572 = CARTESIAN_POINT ( 'NONE',  ( -5.072617130714619726, -0.04189336524548920027, 1.022425616040340006E-16 ) ) ;
#2573 = CARTESIAN_POINT ( 'NONE',  ( 6.168807434528289946, -0.4616588750062530222, -6.154696274164469967E-16 ) ) ;
#2574 = CARTESIAN_POINT ( 'NONE',  ( -3.380581965863679983, -0.8318110400136660143, 1.300000030463270173 ) ) ;
#2575 = CARTESIAN_POINT ( 'NONE',  ( -6.208917667609269664, 0.5231108278474909667, 0.05516503352022499723 ) ) ;
#2576 = CARTESIAN_POINT ( 'NONE',  ( 5.090942514287959852, -0.2136455403307710166, 0.09999999999621769775 ) ) ;
#2577 = DIRECTION ( 'NONE',  ( 0.0000000000000000000, 0.0000000000000000000, -1.000000000000000000 ) ) ;
#2578 = CARTESIAN_POINT ( 'NONE',  ( -5.410603633123799661, -0.5023060787889991330, 0.09999999999999920064 ) ) ;
#2579 = CARTESIAN_POINT ( 'NONE',  ( -2.794526764258590479, 0.0000000000000000000, 2.142665627505690118 ) ) ;
#2580 = CARTESIAN_POINT ( 'NONE',  ( 5.036137541644849946, -0.1251811420894259896, 0.05516503351909540082 ) ) ;
#2581 = ORIENTED_EDGE ( 'NONE', *, *, #3215, .F. ) ;
#2582 = CARTESIAN_POINT ( 'NONE',  ( 6.067120671245721297, 0.5823399928957599947, 0.2000000000000008993 ) ) ;
#2583 = CARTESIAN_POINT ( 'NONE',  ( -5.100005493955180214, -0.004553688625826469820, 1.040797517332120045E-16 ) ) ;
#2584 = CARTESIAN_POINT ( 'NONE',  ( -6.125958047067616263, 0.4662356669287880395, -7.450437010064670991E-16 ) ) ;
#2585 = CARTESIAN_POINT ( 'NONE',  ( -6.153587257905459573, 0.4447044956565520124, -8.253919937036599669E-16 ) ) ;
#2586 = CARTESIAN_POINT ( 'NONE',  ( 6.144552829628690205, 0.5666394410174280249, 0.2000000000000000111 ) ) ;
#2587 = CARTESIAN_POINT ( 'NONE',  ( -2.475120692249380028, 0.0000000000000000000, 0.4208555343904120116 ) ) ;
#2588 = CARTESIAN_POINT ( 'NONE',  ( 5.095038606830380346, 0.1893335511216480138, 0.02507684311785650030 ) ) ;
#2589 = CARTESIAN_POINT ( 'NONE',  ( 2.385652428381599854, 0.0000000000000000000, 2.190461953060459876 ) ) ;
#2590 = CARTESIAN_POINT ( 'NONE',  ( 5.001436930307090023, 0.04162226416585160238, 0.09999999999999939493 ) ) ;
#2591 = CARTESIAN_POINT ( 'NONE',  ( -6.345508791991689712, -0.1331401095751889863, 0.07756005247433560290 ) ) ;
#2592 = CARTESIAN_POINT ( 'NONE',  ( 5.471082007783450329, -0.5302496006701600262, 0.08504003498205262024 ) ) ;
#2593 = DIRECTION ( 'NONE',  ( -1.000000000000000000, 0.0000000000000000000, 0.0000000000000000000 ) ) ;
#2594 = CARTESIAN_POINT ( 'NONE',  ( -6.194950435452970083, 0.4197159907732340711, -8.425237215474029794E-16 ) ) ;
#2595 = CARTESIAN_POINT ( 'NONE',  ( 5.158818792915000451, 0.1862225039804900062, 2.460225016886080146E-17 ) ) ;
#2596 = CARTESIAN_POINT ( 'NONE',  ( -5.100000498881283484, 4.267943533398476775E-09, -5.228021664652932209E-17 ) ) ;
#2597 = CARTESIAN_POINT ( 'NONE',  ( 5.340357582509329681, -0.3580387536822530192, -1.629635423024120050E-16 ) ) ;
#2598 = CARTESIAN_POINT ( 'NONE',  ( -6.343164085899739568, 0.02166872475999730499, 0.05516503352017571027 ) ) ;
#2599 = CARTESIAN_POINT ( 'NONE',  ( 5.061862596584630225, -0.1754649862804660010, 0.09999999999599930300 ) ) ;
#2600 = CARTESIAN_POINT ( 'NONE',  ( -5.030281784875859863, -0.1287830315745520093, 0.09999999999521740068 ) ) ;
#2601 = CARTESIAN_POINT ( 'NONE',  ( -5.844579270466050858, -0.6013843938243179643, 0.09999999999999920064 ) ) ;
#2602 = CARTESIAN_POINT ( 'NONE',  ( -2.722375865889810065, 0.0000000000000000000, 2.147146350084740085 ) ) ;
#2603 = CARTESIAN_POINT ( 'NONE',  ( -2.199999969434429659, 0.0000000000000000000, 2.200366143018689158 ) ) ;
#2604 = CARTESIAN_POINT ( 'NONE',  ( 5.077239876909559690, -0.1847342112339689923, 0.05516503351818310974 ) ) ;
#2605 = CARTESIAN_POINT ( 'NONE',  ( -6.002891883292679864, 0.5898992491315709907, 0.1000000000000119960 ) ) ;
#2606 = CARTESIAN_POINT ( 'NONE',  ( -6.349046932142099919, -0.06651369435755599691, 0.09999999999998909761 ) ) ;
#2607 = CARTESIAN_POINT ( 'NONE',  ( 5.062386067925730870, 0.1762619409935780312, 0.07756005246193001246 ) ) ;
#2608 = ORIENTED_EDGE ( 'NONE', *, *, #1506, .F. ) ;
#2609 = CARTESIAN_POINT ( 'NONE',  ( 6.243669523396249588, 0.4921029752861800777, 0.2000000000000008993 ) ) ;
#2610 = CARTESIAN_POINT ( 'NONE',  ( -5.391991780558590186, -0.4052766158439090050, -1.513871292703060093E-16 ) ) ;
#2611 = CARTESIAN_POINT ( 'NONE',  ( -6.180661833618040113, 0.3979665322367960112, -8.494176780437739798E-16 ) ) ;
#2612 = CARTESIAN_POINT ( 'NONE',  ( -2.859815149085939812, -0.8418128730077889532, 0.4581871574554849391 ) ) ;
#2613 = CARTESIAN_POINT ( 'NONE',  ( 5.077104558446790428, 0.1654923375934939933, 0.02507684311766560092 ) ) ;
#2614 = CARTESIAN_POINT ( 'NONE',  ( 2.917476980842439893, 0.0000000000000000000, 0.4563077025750519877 ) ) ;
#2615 = CARTESIAN_POINT ( 'NONE',  ( -6.281565084905249563, 0.4197854674473779912, 0.1999999999999987621 ) ) ;
#2616 = CARTESIAN_POINT ( 'NONE',  ( -5.503987370455839745, -0.5444512755025799899, 0.07756005247248859424 ) ) ;
#2617 = CARTESIAN_POINT ( 'NONE',  ( -2.794526764258590479, 0.0000000000000000000, 2.142665627505690118 ) ) ;
#2618 = CARTESIAN_POINT ( 'NONE',  ( -5.086171349276050080, 0.1403913860870479868, 0.01308868717706620013 ) ) ;
#2619 = CARTESIAN_POINT ( 'NONE',  ( 5.121275086498280338, 0.1380393376866919930, 4.658978770526519813E-17 ) ) ;
#2620 = AXIS2_PLACEMENT_3D ( 'NONE', #3516, #2670, #4744 ) ;
#2621 = DIRECTION ( 'NONE',  ( -1.000000000000000000, 0.0000000000000000000, 0.0000000000000000000 ) ) ;
#2622 = CARTESIAN_POINT ( 'NONE',  ( -3.481874671466670179, -0.7257874573880770397, 2.025787487851350654 ) ) ;
#2623 = CARTESIAN_POINT ( 'NONE',  ( 6.200338252453239996, -0.3530525155433220097, -6.537799249348120444E-16 ) ) ;
#2624 = AXIS2_PLACEMENT_3D ( 'NONE', #3737, #1685, #37 ) ;
#2625 = CARTESIAN_POINT ( 'NONE',  ( -3.422270755428200140, 0.8041145948577490543, 1.300000030463270173 ) ) ;
#2626 = CARTESIAN_POINT ( 'NONE',  ( -5.915730289591990321, 0.5905639955070749458, 0.05516503352014259787 ) ) ;
#2627 = CARTESIAN_POINT ( 'NONE',  ( -3.009674527917809872, 0.8508116070344399207, 0.4491884234288340827 ) ) ;
#2628 = FACE_OUTER_BOUND ( 'NONE', #3896, .T. ) ;
#2629 = CARTESIAN_POINT ( 'NONE',  ( 5.071092301805330216, -0.1764988529306119880, 0.05516503351817129974 ) ) ;
#2630 = CARTESIAN_POINT ( 'NONE',  ( -6.135673808708940413, 0.5681879207571141066, 0.1000000000000880046 ) ) ;
#2631 = EDGE_CURVE ( 'NONE', #5252, #3400, #1105, .T. ) ;
#2632 = CARTESIAN_POINT ( 'NONE',  ( -5.407663128213309633, -0.4976752771841810308, 0.09999999999717010257 ) ) ;
#2633 = CARTESIAN_POINT ( 'NONE',  ( 5.096680813166480029, 0.2208593679354959871, 0.07756005246304449596 ) ) ;
#2634 = ORIENTED_EDGE ( 'NONE', *, *, #3114, .T. ) ;
#2635 = CARTESIAN_POINT ( 'NONE',  ( 6.224514148947720038, 0.5179580399670840052, 0.2000000000000008993 ) ) ;
#2636 = CARTESIAN_POINT ( 'NONE',  ( -5.100000498881283484, 4.267943533398476775E-09, -5.228021664652932209E-17 ) ) ;
#2637 = CARTESIAN_POINT ( 'NONE',  ( -6.126062178934899904, 0.4660274476870440163, -7.448464313965769785E-16 ) ) ;
#2638 = CARTESIAN_POINT ( 'NONE',  ( -2.967264452589999824, 0.8470836428053110101, 1.300000030463270173 ) ) ;
#2639 = CARTESIAN_POINT ( 'NONE',  ( 2.917476980842439893, 0.8436923278882220156, 2.143692358351500626 ) ) ;
#2640 = CARTESIAN_POINT ( 'NONE',  ( -6.243116815363510597, -0.1561806705015370000, -8.436655012608720633E-16 ) ) ;
#2641 = CARTESIAN_POINT ( 'NONE',  ( 5.099961256479170757, 0.01122925559476913894, 7.563613794188568710E-17 ) ) ;
#2642 = CARTESIAN_POINT ( 'NONE',  ( 5.450000029057262552, 0.0000000000000000000, 1.224695155243590960 ) ) ;
#2643 = CARTESIAN_POINT ( 'NONE',  ( 3.284326568066441077, 0.8607250946741169528, 0.4392749357891569950 ) ) ;
#2644 = CARTESIAN_POINT ( 'NONE',  ( 5.118449343556119580, 0.1341895245287610394, 4.823762725366210104E-17 ) ) ;
#2645 = CARTESIAN_POINT ( 'NONE',  ( 5.012911511916099627, 0.09371904835071391549, 0.09999999999620619306 ) ) ;
#2646 = CARTESIAN_POINT ( 'NONE',  ( -3.500000000000000000, -0.6308584043937629504, 1.300000030463270173 ) ) ;
#2647 = CARTESIAN_POINT ( 'NONE',  ( 6.240114794363740280, -0.1864363716921099978, -8.132927013247030124E-16 ) ) ;
#2648 = CARTESIAN_POINT ( 'NONE',  ( -3.498961390185080234, 0.0000000000000000000, 1.960039001642569945 ) ) ;
#2649 = CARTESIAN_POINT ( 'NONE',  ( -5.747330494809419932, 0.5923623765623550197, 0.05516503352006990601 ) ) ;
#2650 = CARTESIAN_POINT ( 'NONE',  ( -2.218867265165349600, -0.9002847350042212371, 0.3997152954590529883 ) ) ;
#2651 = CARTESIAN_POINT ( 'NONE',  ( -3.009674527917809872, 0.8508116070344399207, 2.150811637497709761 ) ) ;
#2652 = CARTESIAN_POINT ( 'NONE',  ( -5.450000029057263440, 0.4499999999999999556, 1.224695155243592515 ) ) ;
#2653 = CARTESIAN_POINT ( 'NONE',  ( 6.196521382438840320, -0.4865722887533909802, 0.01308868717844999946 ) ) ;
#2654 = CARTESIAN_POINT ( 'NONE',  ( -5.091657643526059651, -0.2145720189701920133, 0.09999999998864429751 ) ) ;
#2655 = CARTESIAN_POINT ( 'NONE',  ( 5.061854290447939775, 0.1755343846201090074, 0.07756005246192881897 ) ) ;
#2656 = ORIENTED_EDGE ( 'NONE', *, *, #1935, .F. ) ;
#2657 = CARTESIAN_POINT ( 'NONE',  ( 5.844579270466050858, 0.6013843938243179643, 0.2000000000000008993 ) ) ;
#2658 = CARTESIAN_POINT ( 'NONE',  ( 6.221934470148259955, 0.2822270964071890154, -6.045761457803979646E-16 ) ) ;
#2659 = CARTESIAN_POINT ( 'NONE',  ( -6.102231157360780145, 0.4735849604223270060, -7.176161513009489920E-16 ) ) ;
#2660 = CARTESIAN_POINT ( 'NONE',  ( 6.224514148947720038, 0.5179580399670840052, 0.2000000000000000111 ) ) ;
#2661 = CARTESIAN_POINT ( 'NONE',  ( -2.722375865889810065, 0.8471463196214711333, 2.147146350084740085 ) ) ;
#2662 = CARTESIAN_POINT ( 'NONE',  ( 5.074899480482880421, 0.1624656920404830007, 0.02507684311766150004 ) ) ;
#2663 = CARTESIAN_POINT ( 'NONE',  ( 2.967264452589999824, -0.8470836428053110101, 1.300000030463270173 ) ) ;
#2664 = CARTESIAN_POINT ( 'NONE',  ( -6.250000000000060396, -1.077174279580079993E-07, -8.500145032286349832E-16 ) ) ;
#2665 = CARTESIAN_POINT ( 'NONE',  ( 5.173816347836486251, 0.1580599845279444804, 3.096108425704635949E-17 ) ) ;
#2666 = CARTESIAN_POINT ( 'NONE',  ( -3.494287647928740359, 0.0000000000000000000, 1.988731239045399946 ) ) ;
#2667 = CARTESIAN_POINT ( 'NONE',  ( 3.422270755428200140, -0.8041145948577490543, 1.300000030463270173 ) ) ;
#2668 = CARTESIAN_POINT ( 'NONE',  ( 5.122767485919900388, 0.1400578813709620063, 4.571945075599620244E-17 ) ) ;
#2669 = CARTESIAN_POINT ( 'NONE',  ( 5.003251417462480255, 0.05195231822789599802, 0.09999999999813520557 ) ) ;
#2670 = DIRECTION ( 'NONE',  ( 1.000000000000000000, 0.0000000000000000000, -5.874195897487600417E-17 ) ) ;
#2671 = CARTESIAN_POINT ( 'NONE',  ( -5.180810212701040030, -0.2902144627939610144, 0.02507684311886999862 ) ) ;
#2672 = CARTESIAN_POINT ( 'NONE',  ( 5.124538604573100287, -0.1298429968812299939, -1.347569917472560005E-16 ) ) ;
#2673 = CARTESIAN_POINT ( 'NONE',  ( 2.794526764258590479, 0.8426655970424190567, 1.300000030463270173 ) ) ;
#2674 = CARTESIAN_POINT ( 'NONE',  ( -3.499999995479639914, 0.6406317572097729451, 1.300000030463270173 ) ) ;
#2675 = CARTESIAN_POINT ( 'NONE',  ( -5.883123131978750919, 0.5926123187215189825, 0.05516503352012670086 ) ) ;
#2676 = CARTESIAN_POINT ( 'NONE',  ( -2.475120692249380028, -0.8791444960728619362, 2.179144526536139992 ) ) ;
#2677 = CARTESIAN_POINT ( 'NONE',  ( 6.262220585892830371, -0.4599031054947679831, 0.1000000000000000333 ) ) ;
#2678 = CARTESIAN_POINT ( 'NONE',  ( -2.917476980842439893, 0.8436923278882220156, 1.300000030463270173 ) ) ;
#2679 = CARTESIAN_POINT ( 'NONE',  ( -6.067120671245721297, -0.5823399928957599947, 0.2000000000000000111 ) ) ;
#2680 = CARTESIAN_POINT ( 'NONE',  ( 5.561452173422099854, -0.5230259566977969454, 0.01308868717817130052 ) ) ;
#2681 = CARTESIAN_POINT ( 'NONE',  ( -5.101450747855119872, 0.2267304425552039981, 0.09999999999631689618 ) ) ;
#2682 = ORIENTED_EDGE ( 'NONE', *, *, #4772, .T. ) ;
#2683 = CARTESIAN_POINT ( 'NONE',  ( 5.577444020907750044, 0.5719321550693790002, 0.2000000000000008993 ) ) ;
#2684 = CARTESIAN_POINT ( 'NONE',  ( 6.125003331074149848, 0.4667304494392859882, -5.451134543694689669E-16 ) ) ;
#2685 = CARTESIAN_POINT ( 'NONE',  ( -5.630064608656859981, 0.4811438851885200263, -3.761301320297389972E-16 ) ) ;
#2686 = CARTESIAN_POINT ( 'NONE',  ( 5.067290825882539984, -0.1828326199078819936, 0.08504003497892799468 ) ) ;
#2687 = CARTESIAN_POINT ( 'NONE',  ( -2.917476980842439893, -0.8436923278882220156, 1.300000030463270173 ) ) ;
#2688 = CARTESIAN_POINT ( 'NONE',  ( 5.074879906685811015, 0.1624387089327900269, 0.02507684311766129881 ) ) ;
#2689 = CARTESIAN_POINT ( 'NONE',  ( 2.967264452589999824, 0.8470836428053110101, 1.300000030463270173 ) ) ;
#2690 = CARTESIAN_POINT ( 'NONE',  ( -5.909074946719640842, -0.4976168279244860271, -5.658493672593500232E-16 ) ) ;
#2691 = CARTESIAN_POINT ( 'NONE',  ( 3.499999995479639914, -2.817516646794934158E-15, 0.6593682732535008917 ) ) ;
#2692 = CARTESIAN_POINT ( 'NONE',  ( 5.450000029057263440, -0.4499999999999999556, 1.224695155243591627 ) ) ;
#2693 = CARTESIAN_POINT ( 'NONE',  ( 3.422270755428200140, 0.8041145948577490543, 0.4958854356055250046 ) ) ;
#2694 = CARTESIAN_POINT ( 'NONE',  ( 5.131190402708620368, 0.1512739166511949951, 4.081474865016130108E-17 ) ) ;
#2695 = CARTESIAN_POINT ( 'NONE',  ( 5.680760218685204421, -0.4942291256367258301, -2.756900108691497849E-16 ) ) ;
#2696 = CARTESIAN_POINT ( 'NONE',  ( 5.577444020907750044, -0.5719321550693790002, 0.0000000000000000000 ) ) ;
#2697 = CARTESIAN_POINT ( 'NONE',  ( -5.000000172480709715, 6.116870025957296480E-05, 0.07382006122008460958 ) ) ;
#2698 = CARTESIAN_POINT ( 'NONE',  ( 5.077917977531120286, -0.01945104571333490170, -3.776123229967460202E-16 ) ) ;
#2699 = SURFACE_SIDE_STYLE ('',( #1062 ) ) ;
#2700 = CARTESIAN_POINT ( 'NONE',  ( -5.244314380877700188, 0.3689495439098069984, 0.05516503351914100323 ) ) ;
#2701 = CARTESIAN_POINT ( 'NONE',  ( -2.475120692249380028, 0.8791444960728620472, 1.300000030463270173 ) ) ;
#2702 = CARTESIAN_POINT ( 'NONE',  ( -5.844579270466050858, 0.6013843938243179643, 0.2000000000000000111 ) ) ;
#2703 = CARTESIAN_POINT ( 'NONE',  ( -3.113135215446409809, -0.8598146433977209568, 1.300000030463270173 ) ) ;
#2704 = CARTESIAN_POINT ( 'NONE',  ( -5.974551874276749608, -0.5221427075076909841, -6.178485351117869535E-16 ) ) ;
#2705 = CARTESIAN_POINT ( 'NONE',  ( 6.175408623590340262, 0.4659306951074069780, -5.613211481549589732E-16 ) ) ;
#2706 = CARTESIAN_POINT ( 'NONE',  ( -6.144552829628690205, -0.5666394410174280249, 0.2000000000000000111 ) ) ;
#2707 = CARTESIAN_POINT ( 'NONE',  ( 5.955936232783409778, -0.5538535000091859839, 0.01308868717839900206 ) ) ;
#2708 = CARTESIAN_POINT ( 'NONE',  ( -5.061862596584630225, 0.1754649862804660010, 0.09999999999599930300 ) ) ;
#2709 = VECTOR ( 'NONE', #4075, 1000.000000000000000 ) ;
#2710 = CARTESIAN_POINT ( 'NONE',  ( 6.097882741002591089, 0.5769027682094239884, 0.09999999999984279797 ) ) ;
#2711 = ORIENTED_EDGE ( 'NONE', *, *, #2099, .T. ) ;
#2712 = CARTESIAN_POINT ( 'NONE',  ( -6.350000028353020021, 0.02632166237988979932, 0.1000000000000000333 ) ) ;
#2713 = CARTESIAN_POINT ( 'NONE',  ( 6.034089836208409885, 0.4856131308103440181, -4.900637893961810413E-16 ) ) ;
#2714 = CARTESIAN_POINT ( 'NONE',  ( -5.110084829735120238, 0.06560754769346660575, -2.100133287708510008E-16 ) ) ;
#2715 = CARTESIAN_POINT ( 'NONE',  ( 5.916223481564190756, -0.5973844828928419615, 0.08504003498283840834 ) ) ;
#2716 = CARTESIAN_POINT ( 'NONE',  ( -3.079716191379540557, 0.0000000000000000000, 2.157083300382910185 ) ) ;
#2717 = CARTESIAN_POINT ( 'NONE',  ( 6.329542933208760047, 0.2577334885221250760, 0.07756005247430809713 ) ) ;
#2718 = CARTESIAN_POINT ( 'NONE',  ( 3.333637229839510052, 0.0000000000000000000, 2.150390142441719998 ) ) ;
#2719 = CARTESIAN_POINT ( 'NONE',  ( -6.249096385276989629, -0.06324336950983119876, -8.490914962777640432E-16 ) ) ;
#2720 = CARTESIAN_POINT ( 'NONE',  ( -3.500000000000000000, -0.5791656985831481474, 1.049049951175960782 ) ) ;
#2721 = CARTESIAN_POINT ( 'NONE',  ( -2.256433125465449940, 0.0000000000000000000, 2.199586406456960130 ) ) ;
#2722 = CARTESIAN_POINT ( 'NONE',  ( 3.481874671466670179, 0.0000000000000000000, 2.025787487851350210 ) ) ;
#2723 = CARTESIAN_POINT ( 'NONE',  ( 5.073668457825119660, 0.04807908580338710047, 6.836821566076129874E-17 ) ) ;
#2724 = CARTESIAN_POINT ( 'NONE',  ( 6.262220585892830371, -0.4599031054947679831, 0.0000000000000000000 ) ) ;
#2725 = CARTESIAN_POINT ( 'NONE',  ( 6.144748302321000111, -0.4549801608432140210, -6.063659567042650282E-16 ) ) ;
#2726 = EDGE_CURVE ( 'NONE', #2150, #873, #4396, .T. ) ;
#2727 = CARTESIAN_POINT ( 'NONE',  ( -5.006921597887849629, 0.01106857741085879969, 0.05516503352013939904 ) ) ;
#2728 = CARTESIAN_POINT ( 'NONE',  ( -2.256433125465449940, 0.8995863759936900683, 1.300000030463270173 ) ) ;
#2729 = CARTESIAN_POINT ( 'NONE',  ( 6.350000000000000533, 0.0000000000000000000, 0.09999999999999949207 ) ) ;
#2730 = CARTESIAN_POINT ( 'NONE',  ( -3.190112246994440071, 0.0000000000000000000, 0.4354886602505709803 ) ) ;
#2731 = CARTESIAN_POINT ( 'NONE',  ( -5.249864402188619827, -0.3858697217414899794, 0.2000000000000000111 ) ) ;
#2732 = CARTESIAN_POINT ( 'NONE',  ( 6.273474066580351227, -0.3241820535128699943, 0.01308868717843949918 ) ) ;
#2733 = CARTESIAN_POINT ( 'NONE',  ( -6.275885315690699962, 0.4302580762770459866, 0.08504003498299610164 ) ) ;
#2734 = CARTESIAN_POINT ( 'NONE',  ( 5.726241842797760384, 0.5985893008589749931, 0.0000000000000000000 ) ) ;
#2735 = CARTESIAN_POINT ( 'NONE',  ( -5.104594820404329880, -0.2306325404665350021, 0.09999999998880630681 ) ) ;
#2736 = CARTESIAN_POINT ( 'NONE',  ( 5.012911511916099627, 0.09371904835071391549, 0.07756005247056489693 ) ) ;
#2737 = EDGE_LOOP ( 'NONE', ( #979, #2581, #4829, #4986 ) ) ;
#2738 = CARTESIAN_POINT ( 'NONE',  ( -2.199999969434429659, 1.102630477801739932E-16, 0.3996339179078507997 ) ) ;
#2739 = CARTESIAN_POINT ( 'NONE',  ( 5.722464993485970375, 0.4966408865006090578, -3.016780031641110511E-16 ) ) ;
#2740 = CARTESIAN_POINT ( 'NONE',  ( -6.034092208997750006, 0.4856220482411660044, -6.426345680566040020E-16 ) ) ;
#2741 = CARTESIAN_POINT ( 'NONE',  ( 5.061330850321030361, -0.1747362620311020132, 0.08504003497890409713 ) ) ;
#2742 = CARTESIAN_POINT ( 'NONE',  ( -3.113135215446409809, -0.8598146433977209568, 1.300000030463270173 ) ) ;
#2743 = CARTESIAN_POINT ( 'NONE',  ( 3.149310191193159802, -0.8624262690867170456, 2.162426299549990105 ) ) ;
#2744 = CARTESIAN_POINT ( 'NONE',  ( -6.226016842314180622, -0.2644922162543840161, -8.290645964397780101E-16 ) ) ;
#2745 = CARTESIAN_POINT ( 'NONE',  ( 5.000000029057263262, 0.4499999999999999556, 0.7999999709427350059 ) ) ;
#2746 = CARTESIAN_POINT ( 'NONE',  ( -5.414640281585876735, -0.3883478051728797009, -1.568222633899659673E-16 ) ) ;
#2747 = CARTESIAN_POINT ( 'NONE',  ( 6.301280402629609867, 0.3019750737557679865, 0.02507684312138150004 ) ) ;
#2748 = ORIENTED_EDGE ( 'NONE', *, *, #3754, .T. ) ;
#2749 = CARTESIAN_POINT ( 'NONE',  ( 5.109698646942461231, -0.06710999699997871604, 6.974597608976447413E-17 ) ) ;
#2750 = CARTESIAN_POINT ( 'NONE',  ( -6.135843555080329637, -0.5492547784911530062, 0.02507684312135520163 ) ) ;
#2751 = CARTESIAN_POINT ( 'NONE',  ( 5.141072607537510386, -0.1144271101280320002, -1.350806200540580048E-16 ) ) ;
#2752 = DIRECTION ( 'NONE',  ( 0.0000000000000000000, 0.0000000000000000000, -1.000000000000000000 ) ) ;
#2753 = CARTESIAN_POINT ( 'NONE',  ( -5.106764089057880263, 0.2224451354015569982, 0.05516503351832630075 ) ) ;
#2754 = CARTESIAN_POINT ( 'NONE',  ( -2.475120692249380028, -0.8791444960728620472, 1.300000030463270173 ) ) ;
#2755 = CARTESIAN_POINT ( 'NONE',  ( -5.001436930307090023, 0.04162226416585160238, 0.2000000000000000111 ) ) ;
#2756 = CARTESIAN_POINT ( 'NONE',  ( -3.046257705760219814, 0.8541536936186510109, 0.4458463368446229924 ) ) ;
#2757 = CARTESIAN_POINT ( 'NONE',  ( -5.848043282865390324, -0.5307885315304881058, -5.144344040829810035E-16 ) ) ;
#2758 = CARTESIAN_POINT ( 'NONE',  ( 6.121001335508900354, 0.4995230093106100000, -5.375141782875429837E-16 ) ) ;
#2759 = CARTESIAN_POINT ( 'NONE',  ( -5.410603633123799661, -0.5023060787889991330, 0.2000000000000000111 ) ) ;
#2760 = CARTESIAN_POINT ( 'NONE',  ( 6.309712345057939764, -4.339682568821049957E-08, 0.01308868717841419997 ) ) ;
#2761 = CARTESIAN_POINT ( 'NONE',  ( -5.074552927414869963, 0.1924978554722590052, 0.09999999999607130097 ) ) ;
#2762 = CARTESIAN_POINT ( 'NONE',  ( 5.789270952678809756, 0.6017536333715920449, 0.2000000000000000111 ) ) ;
#2763 = CARTESIAN_POINT ( 'NONE',  ( -5.319524954015859564, -0.4397181801399990264, 0.09999999999609301971 ) ) ;
#2764 = CARTESIAN_POINT ( 'NONE',  ( 4.999995011508049814, 0.002063728091416080351, 0.07756005247433460370 ) ) ;
#2765 = ORIENTED_EDGE ( 'NONE', *, *, #404, .T. ) ;
#2766 = CARTESIAN_POINT ( 'NONE',  ( 5.600213639413279765, 0.4722543721486640034, -2.281242212139279806E-16 ) ) ;
#2767 = CARTESIAN_POINT ( 'NONE',  ( -5.125982726817579938, 0.09323151370006571570, -1.836675909875179964E-16 ) ) ;
#2768 = CARTESIAN_POINT ( 'NONE',  ( 5.291911295198290510, -0.4185888753187619882, 0.08504003498121549820 ) ) ;
#2769 = CARTESIAN_POINT ( 'NONE',  ( -3.009674527917810316, -0.8508116070344400317, 1.300000030463270173 ) ) ;
#2770 = CARTESIAN_POINT ( 'NONE',  ( 3.113135215446409809, -0.8598146433977199576, 2.159814673860989576 ) ) ;
#2771 = CARTESIAN_POINT ( 'NONE',  ( -3.499999999999999556, -0.6003768839104537403, 1.494897758046449754 ) ) ;
#2772 = CARTESIAN_POINT ( 'NONE',  ( -5.948225692073312310, -0.4945389897591304096, -5.980686268004794896E-16 ) ) ;
#2773 = CARTESIAN_POINT ( 'NONE',  ( -6.339359408059429768, 0.1990021678430750063, 0.1000000000000350053 ) ) ;
#2774 = ORIENTED_EDGE ( 'NONE', *, *, #2857, .T. ) ;
#2775 = CYLINDRICAL_SURFACE ( 'NONE', #4000, 0.2250000000000003664 ) ;
#2776 = CARTESIAN_POINT ( 'NONE',  ( -6.202867529588860229, -0.5125910721375710466, 0.02507684312135970151 ) ) ;
#2777 = CARTESIAN_POINT ( 'NONE',  ( 5.149709651946920097, -0.1261361974800210006, -1.390149950946039988E-16 ) ) ;
#2778 = CARTESIAN_POINT ( 'NONE',  ( 2.859815149085939812, 0.8418128730077889532, 2.141812903471060014 ) ) ;
#2779 = CARTESIAN_POINT ( 'NONE',  ( -5.066864909482560186, 0.1707391457626709907, 0.05516503351816629680 ) ) ;
#2780 = CARTESIAN_POINT ( 'NONE',  ( 6.224514148947720038, -0.5179580399670840052, 0.1000000000000000333 ) ) ;
#2781 = CARTESIAN_POINT ( 'NONE',  ( -5.783954302454319851, -0.5308411314134769965, -4.627815578218339636E-16 ) ) ;
#2782 = CARTESIAN_POINT ( 'NONE',  ( -5.893733830988099776, -0.5990531213409430178, 0.2000000000000000111 ) ) ;
#2783 = CARTESIAN_POINT ( 'NONE',  ( 5.111209630614189869, -0.1741193346457479973, 0.01308868717703729964 ) ) ;
#2784 = CARTESIAN_POINT ( 'NONE',  ( 2.385652428381600298, 0.8904619225971831531, 0.4095381078660910168 ) ) ;
#2785 = CARTESIAN_POINT ( 'NONE',  ( -6.222481613498089814, 0.5182094205805689580, 0.08504003498300559405 ) ) ;
#2786 = CARTESIAN_POINT ( 'NONE',  ( 6.243302206609421034, 0.4912172068597400187, 0.09999999999987881083 ) ) ;
#2787 = VERTEX_POINT ( 'NONE', #3563 ) ;
#2788 = CARTESIAN_POINT ( 'NONE',  ( -5.024698807116640076, 0.1207599828996299973, 0.1000000000000000333 ) ) ;
#2789 = CARTESIAN_POINT ( 'NONE',  ( -5.162515611539520322, 0.1429145515291500024, -1.275995877378419998E-16 ) ) ;
#2790 = CARTESIAN_POINT ( 'NONE',  ( 6.305672475546090006, -0.3334422361309909988, 0.05516503352021200068 ) ) ;
#2791 = CARTESIAN_POINT ( 'NONE',  ( -3.149310191193159802, -0.8624262690867170456, 2.162426299549990105 ) ) ;
#2792 = CIRCLE ( 'NONE', #999, 0.2250000000000003664 ) ;
#2793 = ADVANCED_FACE ( 'NONE', ( #5228 ), #3738, .T. ) ;
#2794 = CARTESIAN_POINT ( 'NONE',  ( 5.018237720457340956, -0.0002857407490259710066, 0.02507684312139860441 ) ) ;
#2795 = CARTESIAN_POINT ( 'NONE',  ( 3.235639616665010543, 0.8646691662700989323, 0.4353308641931750711 ) ) ;
#2796 = CARTESIAN_POINT ( 'NONE',  ( -5.784891363723779989, -0.5009298396809861442, -4.627815578218339636E-16 ) ) ;
#2797 = CARTESIAN_POINT ( 'NONE',  ( 4.724999999999999645, 0.0000000000000000000, 1.524999999999997913 ) ) ;
#2798 = CARTESIAN_POINT ( 'NONE',  ( 6.135843555080329637, 0.5492547784911530062, 0.02507684312135550000 ) ) ;
#2799 = CARTESIAN_POINT ( 'NONE',  ( 5.101843822667595063, -0.04097967141313219042, 7.449737087806473715E-17 ) ) ;
#2800 = CARTESIAN_POINT ( 'NONE',  ( 6.262220585892831259, 0.4599031054947679831, 0.09999999999999939493 ) ) ;
#2801 = CARTESIAN_POINT ( 'NONE',  ( -5.762813341453529858, 0.4998258900524540360, -4.447426103195617627E-16 ) ) ;
#2802 = CARTESIAN_POINT ( 'NONE',  ( -5.135017268142280322, -0.2386543930039889960, 0.02507684311835500085 ) ) ;
#2803 = CARTESIAN_POINT ( 'NONE',  ( 6.113679884857090130, -0.4703646919290470074, -5.257671990803789639E-16 ) ) ;
#2804 = CARTESIAN_POINT ( 'NONE',  ( 3.190112246994440071, 0.8645113702127029676, 1.300000030463270173 ) ) ;
#2805 = CARTESIAN_POINT ( 'NONE',  ( -5.671251816059400319, 0.5501973656776310007, 0.01308868717830709988 ) ) ;
#2806 = CARTESIAN_POINT ( 'NONE',  ( -6.067120671245721297, 0.5823399928957599947, 0.2000000000000000111 ) ) ;
#2807 = CARTESIAN_POINT ( 'NONE',  ( -3.422270755428200140, 0.8041145948577490543, 1.300000030463270173 ) ) ;
#2808 = CARTESIAN_POINT ( 'NONE',  ( -5.120877622509319771, -0.1375003214405789986, 6.697220329282869507E-17 ) ) ;
#2809 = CARTESIAN_POINT ( 'NONE',  ( -5.004801479821759713, -0.06614013873328339344, 0.0000000000000000000 ) ) ;
#2810 = CARTESIAN_POINT ( 'NONE',  ( 5.040363550522740432, -0.01033171177660680007, 0.01308868717838869954 ) ) ;
#2811 = CARTESIAN_POINT ( 'NONE',  ( 2.475120692249380028, -0.8791444960728620472, 1.300000030463270173 ) ) ;
#2812 = CARTESIAN_POINT ( 'NONE',  ( -5.060147815117470138, 0.1731093064064309905, 0.09999999999599709644 ) ) ;
#2813 = CARTESIAN_POINT ( 'NONE',  ( 5.938877072330189577, 0.5957456569946210090, 0.0000000000000000000 ) ) ;
#2814 = CARTESIAN_POINT ( 'NONE',  ( 5.438955471592969992, 0.5146512199690750355, 0.09999999999753769742 ) ) ;
#2815 = CARTESIAN_POINT ( 'NONE',  ( -3.079716191379541002, -3.769476541727650052E-15, 0.4429167605436400423 ) ) ;
#2816 = CARTESIAN_POINT ( 'NONE',  ( 5.630255471241690124, 0.4804356152059239826, -2.461960916782360028E-16 ) ) ;
#2817 = CARTESIAN_POINT ( 'NONE',  ( -5.100000498871340326, 4.267978297435330084E-09, -3.642919299551289968E-16 ) ) ;
#2818 = ADVANCED_BREP_SHAPE_REPRESENTATION ( 'B2BAFB6C-A686-4CB1-A6ED-A6DD3DF9F299', ( #5326, #1770, #4009 ), #3566 ) ;
#2819 = CARTESIAN_POINT ( 'NONE',  ( 6.343164085899739568, -0.02166872475999730499, 0.05516503352017600864 ) ) ;
#2820 = CARTESIAN_POINT ( 'NONE',  ( -3.235639616665010099, 0.8646691662700990433, 1.300000030463270173 ) ) ;
#2821 = CARTESIAN_POINT ( 'NONE',  ( -5.060551604073950216, -0.1737458805132890138, 0.07756005246191749469 ) ) ;
#2822 = CARTESIAN_POINT ( 'NONE',  ( 3.113135215446409809, -0.8598146433977209568, 1.300000030463270173 ) ) ;
#2823 = CARTESIAN_POINT ( 'NONE',  ( 6.349999999999999645, 0.0000000000000000000, 0.2000000000000000111 ) ) ;
#2824 = CARTESIAN_POINT ( 'NONE',  ( -5.341338298547521291, -0.3297361139797585494, -9.620547587902724137E-17 ) ) ;
#2825 = CARTESIAN_POINT ( 'NONE',  ( 6.227998494929449791, 0.4812927942591950226, 0.02507684312136169991 ) ) ;
#2826 = CARTESIAN_POINT ( 'NONE',  ( 2.199999969536730049, 0.0000000000000000000, 2.200366143018710030 ) ) ;
#2827 = CARTESIAN_POINT ( 'NONE',  ( 5.938877072330190465, 0.5957456569946210090, 0.09999999999999939493 ) ) ;
#2828 = CARTESIAN_POINT ( 'NONE',  ( -5.021306030867550341, -0.04934059629086529758, 0.02507684312083850037 ) ) ;
#2829 = CARTESIAN_POINT ( 'NONE',  ( 5.404398146876769893, -0.3776272111260959852, -1.551360491256320096E-16 ) ) ;
#2830 = CARTESIAN_POINT ( 'NONE',  ( 3.113135215446409809, 0.0000000000000000000, 2.159814673860990020 ) ) ;
#2831 = CARTESIAN_POINT ( 'NONE',  ( -6.195821658845620306, 0.4874036473949889814, 0.01308868717844990058 ) ) ;
#2832 = CARTESIAN_POINT ( 'NONE',  ( 3.046257705760219814, 0.0000000000000000000, 2.154153724081920185 ) ) ;
#2833 = CARTESIAN_POINT ( 'NONE',  ( -3.333637229839509608, -0.8503901119784410545, 2.150390142441719998 ) ) ;
#2834 = CARTESIAN_POINT ( 'NONE',  ( 3.500000000000000000, 0.0000000000000000000, 1.930858434857039896 ) ) ;
#2835 = CARTESIAN_POINT ( 'NONE',  ( 5.219526538403999716, -0.2986653059886629769, 0.01308868717747080010 ) ) ;
#2836 = CARTESIAN_POINT ( 'NONE',  ( 2.722375865889810065, 0.8471463196214711333, 2.147146350084740085 ) ) ;
#2837 = CARTESIAN_POINT ( 'NONE',  ( -5.471082007783450329, 0.5302496006701600262, 0.08504003498205262024 ) ) ;
#2838 = CARTESIAN_POINT ( 'NONE',  ( 5.327753741663210363, 0.4490264278117330199, 0.2000000000000000111 ) ) ;
#2839 = CARTESIAN_POINT ( 'NONE',  ( 5.094930639287309937, 0.2186766812680739913, 0.09999999998867549478 ) ) ;
#2840 = CARTESIAN_POINT ( 'NONE',  ( -2.794526764258590035, -3.706067207297334533E-15, 0.4573344334208550577 ) ) ;
#2841 = DIRECTION ( 'NONE',  ( -1.000000000000000000, -0.0000000000000000000, -0.0000000000000000000 ) ) ;
#2842 = CARTESIAN_POINT ( 'NONE',  ( 5.181970851319010585, 0.1672699298878840002, 2.460225016886080146E-17 ) ) ;
#2843 = DIRECTION ( 'NONE',  ( -8.269460797427569680E-16, 0.0000000000000000000, 1.000000000000000000 ) ) ;
#2844 = CARTESIAN_POINT ( 'NONE',  ( 5.506538553697040150, -0.5380901563022281175, 0.05516503351978890163 ) ) ;
#2845 = CARTESIAN_POINT ( 'NONE',  ( -5.091657643526059651, -0.2145720189701920133, 0.07756005246300290423 ) ) ;
#2846 = CARTESIAN_POINT ( 'NONE',  ( 3.494287647928739915, 0.6887312085821259977, 0.6112688218811480612 ) ) ;
#2847 = CARTESIAN_POINT ( 'NONE',  ( -5.169954233402820343, -0.1523521089647859872, 4.624878895555979898E-17 ) ) ;
#2848 = CARTESIAN_POINT ( 'NONE',  ( -6.120284761273910412, 0.4918122288660379815, -7.220893182753009678E-16 ) ) ;
#2849 = CARTESIAN_POINT ( 'NONE',  ( -5.509656899049561574, -0.4441847770963789910, -2.353958827119781575E-16 ) ) ;
#2850 = ADVANCED_FACE ( 'NONE', ( #1128 ), #1503, .T. ) ;
#2851 = CARTESIAN_POINT ( 'NONE',  ( 5.298971635041880290, 0.4008028085163329868, 0.02507684312012019995 ) ) ;
#2852 = CARTESIAN_POINT ( 'NONE',  ( 2.218867265165349600, 0.9002847350042212371, 0.3997152954590529883 ) ) ;
#2853 = CARTESIAN_POINT ( 'NONE',  ( -5.089957553837100690, -0.1827126309189510411, 0.02507684311779630193 ) ) ;
#2854 = CARTESIAN_POINT ( 'NONE',  ( 6.092052326346760083, -0.4760160661482260025, -5.227247595133980262E-16 ) ) ;
#2855 = CARTESIAN_POINT ( 'NONE',  ( 3.190112246994440959, 0.8645113702127030786, 2.164511400675979580 ) ) ;
#2856 = CARTESIAN_POINT ( 'NONE',  ( -5.242828326214230117, 0.3217283808503130227, 0.01308868717759200002 ) ) ;
#2857 = EDGE_CURVE ( 'NONE', #873, #1046, #4276, .T. ) ;
#2858 = CARTESIAN_POINT ( 'NONE',  ( -6.144552829628690205, 0.5666394410174280249, 0.0000000000000000000 ) ) ;
#2859 = CARTESIAN_POINT ( 'NONE',  ( -3.456526291164410125, -0.7681146123552399230, 0.5318854181080340249 ) ) ;
#2860 = CARTESIAN_POINT ( 'NONE',  ( -5.116992448027600560, -0.1321883473476929971, 7.008162088522280497E-17 ) ) ;
#2861 = PLANE ( 'NONE',  #835 ) ;
#2862 = CARTESIAN_POINT ( 'NONE',  ( 5.153548725696730060, -0.2263706104533020069, 0.01308868717720489995 ) ) ;
#2863 = CARTESIAN_POINT ( 'NONE',  ( -5.916223481564190756, 0.5973844828928419615, 0.08504003498283829732 ) ) ;
#2864 = CARTESIAN_POINT ( 'NONE',  ( 5.141699673333019582, 0.2741635112392310503, 0.09999999999031150555 ) ) ;
#2865 = CARTESIAN_POINT ( 'NONE',  ( -2.967264452589999824, -3.725497897929131138E-15, 0.4529163876579629378 ) ) ;
#2866 = CARTESIAN_POINT ( 'NONE',  ( 2.218867265165350044, 0.0000000000000000000, 2.200284765467499959 ) ) ;
#2867 = CARTESIAN_POINT ( 'NONE',  ( 6.275622603063919946, 0.1279014268391339970, -6.204369128638369908E-16 ) ) ;
#2868 = CARTESIAN_POINT ( 'NONE',  ( -6.224514148947720038, -0.5179580399670840052, 0.2000000000000008993 ) ) ;
#2869 = CARTESIAN_POINT ( 'NONE',  ( 3.499999995479639914, 0.0000000000000000000, 0.6593682732535010027 ) ) ;
#2870 = CARTESIAN_POINT ( 'NONE',  ( -5.062173353286410382, -0.1759710120390449994, 0.07756005246192930469 ) ) ;
#2871 = ORIENTED_EDGE ( 'NONE', *, *, #16, .T. ) ;
#2872 = CARTESIAN_POINT ( 'NONE',  ( 3.498961390185070019, 0.6600389711792969960, 1.300000030463270173 ) ) ;
#2873 = CARTESIAN_POINT ( 'NONE',  ( -5.213510429918949640, -0.2044032242072650052, 1.006131478749750076E-17 ) ) ;
#2874 = CARTESIAN_POINT ( 'NONE',  ( -5.151743005587730018, 0.1655532365219559987, -1.245389366842970102E-16 ) ) ;
#2875 = CARTESIAN_POINT ( 'NONE',  ( -2.218867265165350044, -0.9002847350042210151, 1.300000030463270173 ) ) ;
#2876 = CARTESIAN_POINT ( 'NONE',  ( 5.510814802379280231, 0.5275334031164780058, 0.02507684312083680034 ) ) ;
#2877 = CIRCLE ( 'NONE', #2457, 0.2750000290572629513 ) ;
#2878 = CARTESIAN_POINT ( 'NONE',  ( 2.644399860962149962, 0.0000000000000000000, 2.155481649322450011 ) ) ;
#2879 = CARTESIAN_POINT ( 'NONE',  ( 5.844579270466051746, 0.6013843938243179643, 0.09999999999999939493 ) ) ;
#2880 = CARTESIAN_POINT ( 'NONE',  ( -5.076582413157391116, -0.1647779594440759998, 0.02507684311766529908 ) ) ;
#2881 = CARTESIAN_POINT ( 'NONE',  ( 4.724999999999999645, -2.755455298081534917E-17, 1.074999999999999956 ) ) ;
#2882 = CARTESIAN_POINT ( 'NONE',  ( 3.009674527917809872, -0.8508116070344399207, 2.150811637497709761 ) ) ;
#2883 = SURFACE_SIDE_STYLE ('',( #3695 ) ) ;
#2884 = CARTESIAN_POINT ( 'NONE',  ( -6.138471231968290809, 0.5250979602571940186, 0.01308868717844620215 ) ) ;
#2885 = CARTESIAN_POINT ( 'NONE',  ( 3.380581965863679983, 0.0000000000000000000, 2.131811070476940184 ) ) ;
#2886 = EDGE_CURVE ( 'NONE', #122, #4606, #3799, .T. ) ;
#2887 = CARTESIAN_POINT ( 'NONE',  ( -5.044608523403979916, -0.1523449825903359922, 0.2000000000000000111 ) ) ;
#2888 = CARTESIAN_POINT ( 'NONE',  ( 5.242828326214230117, -0.3217283808503130227, 0.01308868717759200002 ) ) ;
#2889 = CARTESIAN_POINT ( 'NONE',  ( 2.722375865889810065, -0.8471463196214711333, 2.147146350084740085 ) ) ;
#2890 = CARTESIAN_POINT ( 'NONE',  ( -5.816238556275560079, 0.6014050493129220465, 0.08504003498274599615 ) ) ;
#2891 = CARTESIAN_POINT ( 'NONE',  ( 5.816238556275560079, -0.6014050493129220465, 0.09999999999984029997 ) ) ;
#2892 = CARTESIAN_POINT ( 'NONE',  ( -5.069681707232850165, -0.1861149830487760226, 0.09999999998767400422 ) ) ;
#2893 = CARTESIAN_POINT ( 'NONE',  ( 5.060657941676070415, 0.1738921753291529926, 0.09999999998755909614 ) ) ;
#2894 = CARTESIAN_POINT ( 'NONE',  ( -6.202749433582759764, -0.5385241188777200039, 0.09999999999999920064 ) ) ;
#2895 = CARTESIAN_POINT ( 'NONE',  ( -3.499999999999999112, 0.3651947244950199956, 0.7822921290431612551 ) ) ;
#2896 = CARTESIAN_POINT ( 'NONE',  ( -3.500000000000000000, 0.0000000000000000000, 1.930858434857039896 ) ) ;
#2897 = CARTESIAN_POINT ( 'NONE',  ( 4.999996570748869829, -0.0009492921481764910602, 0.08504003498290579888 ) ) ;
#2898 = CARTESIAN_POINT ( 'NONE',  ( 3.500000000000000000, -0.6308584043937628394, 0.6691416260695111085 ) ) ;
#2899 = CARTESIAN_POINT ( 'NONE',  ( -5.001475595028580301, -0.03805829015001380156, 0.07756005247302340255 ) ) ;
#2900 = CARTESIAN_POINT ( 'NONE',  ( 3.422270755428200140, 0.8041145948577490543, 0.4958854356055250046 ) ) ;
#2901 = CARTESIAN_POINT ( 'NONE',  ( -5.142278945720190286, -0.1160874698190210164, 6.919332143597579720E-17 ) ) ;
#2902 = CARTESIAN_POINT ( 'NONE',  ( -4.999999888241290158, 0.0000000000000000000, 0.2000000000000000111 ) ) ;
#2903 = CARTESIAN_POINT ( 'NONE',  ( -6.175511683883210701, 0.4526920245266870535, -8.350209829090721338E-16 ) ) ;
#2904 = CARTESIAN_POINT ( 'NONE',  ( -2.475120692249380028, 0.8791444960728620472, 1.300000030463270173 ) ) ;
#2905 = CARTESIAN_POINT ( 'NONE',  ( 5.782343446291860367, 0.5826734883044629720, 0.02507684312118469913 ) ) ;
#2906 = CARTESIAN_POINT ( 'NONE',  ( 2.385652428381600298, -0.8904619225971831531, 2.190461953060459876 ) ) ;
#2907 = CARTESIAN_POINT ( 'NONE',  ( -5.001436930307090023, 0.04162226416585160238, 0.1999999999999987621 ) ) ;
#2908 = CARTESIAN_POINT ( 'NONE',  ( -5.075799486949559736, -0.1637040560885590079, 0.02507684311766270047 ) ) ;
#2909 = CARTESIAN_POINT ( 'NONE',  ( 6.349357585764511036, -0.06660887686182649647, 0.08504003498291680396 ) ) ;
#2910 = CARTESIAN_POINT ( 'NONE',  ( 6.281565084905249563, -0.4197854674473779912, 0.1999999999999987621 ) ) ;
#2911 = CARTESIAN_POINT ( 'NONE',  ( 3.079716191379540557, 0.8570832699196330173, 1.300000030463270173 ) ) ;
#2912 = CARTESIAN_POINT ( 'NONE',  ( -5.998840213086260142, 0.5498079613171200641, 0.01308868717841910057 ) ) ;
#2913 = DIRECTION ( 'NONE',  ( 0.9999999861530574075, 2.037993496106848213E-20, 0.0001664147979258818718 ) ) ;
#2914 = CARTESIAN_POINT ( 'NONE',  ( -5.120182596216899640, -0.1365562545102370073, 6.752927136768990490E-17 ) ) ;
#2915 = CARTESIAN_POINT ( 'NONE',  ( 2.644399860962149518, -3.762432434915273418E-15, 0.4445184116040950539 ) ) ;
#2916 = CARTESIAN_POINT ( 'NONE',  ( 5.136339388031670339, -0.1456802013681030017, -1.398885291101830029E-16 ) ) ;
#2917 = CARTESIAN_POINT ( 'NONE',  ( -3.284326568066440633, 0.8607250946741169528, 1.300000030463270173 ) ) ;
#2918 = CARTESIAN_POINT ( 'NONE',  ( -5.022962009660740357, 0.1151863945220060054, 0.08504003498098930414 ) ) ;
#2919 = CARTESIAN_POINT ( 'NONE',  ( 6.226584322837699581, -0.5133959843100049936, 0.1000000000000999950 ) ) ;
#2920 = CARTESIAN_POINT ( 'NONE',  ( -5.060418682401169654, -0.1735629326573059905, 0.09999999998755840225 ) ) ;
#2921 = CARTESIAN_POINT ( 'NONE',  ( 5.068828188639720622, 0.1849745331143529958, 0.09999999998767060416 ) ) ;
#2922 = CARTESIAN_POINT ( 'NONE',  ( 2.199999969536729605, -0.9003661125554339728, 0.3996339179078400305 ) ) ;
#2923 = CARTESIAN_POINT ( 'NONE',  ( -5.004801479821759713, -0.06614013873328339344, 0.2000000000000008993 ) ) ;
#2924 = CARTESIAN_POINT ( 'NONE',  ( 5.269818528970690252, -0.3914530751313880508, 0.05516503351927880272 ) ) ;
#2925 = CARTESIAN_POINT ( 'NONE',  ( 3.494287647928740359, -0.6887312085821259977, 1.300000030463270173 ) ) ;
#2926 = CARTESIAN_POINT ( 'NONE',  ( -5.012911511916099627, -0.09371904835071391549, 0.07756005247056489693 ) ) ;
#2927 = CARTESIAN_POINT ( 'NONE',  ( 5.537547503779491009, 0.5570904922101189705, 0.07756005247259489810 ) ) ;
#2928 = ORIENTED_EDGE ( 'NONE', *, *, #3649, .F. ) ;
#2929 = CARTESIAN_POINT ( 'NONE',  ( 3.499999995479639914, 0.6406317572097729451, 1.300000030463270173 ) ) ;
#2930 = CARTESIAN_POINT ( 'NONE',  ( -5.099995538950749641, -0.001948871171902240296, 1.040877388392229976E-16 ) ) ;
#2931 = CARTESIAN_POINT ( 'NONE',  ( -6.081056794435450108, 0.4782111437554191768, -7.079127861667584021E-16 ) ) ;
#2932 = CARTESIAN_POINT ( 'NONE',  ( -5.315793353420559697, 0.3377244161869730199, -1.757885934812300109E-16 ) ) ;
#2933 = CARTESIAN_POINT ( 'NONE',  ( -2.199999969536730049, 0.0000000000000000000, 2.200366143018710030 ) ) ;
#2934 = CARTESIAN_POINT ( 'NONE',  ( 5.252003905589839761, 0.3605693612246400059, 0.02507684311967309926 ) ) ;
#2935 = CARTESIAN_POINT ( 'NONE',  ( 2.561655826735730113, 0.8667525124322019714, 2.166752542895479472 ) ) ;
#2936 = CARTESIAN_POINT ( 'NONE',  ( -5.982101057793539844, 0.5919109406925260330, 0.1999999999999987621 ) ) ;
#2937 = CARTESIAN_POINT ( 'NONE',  ( -6.334068619748880025, -0.2324107528633710118, 0.07756005247431599359 ) ) ;
#2938 = CARTESIAN_POINT ( 'NONE',  ( 6.193308128555639946, -0.5440864949926940142, 0.08504003498300109765 ) ) ;
#2939 = CARTESIAN_POINT ( 'NONE',  ( 5.101281839068260382, -0.03125033297851470548, -3.304547779327369989E-16 ) ) ;
#2940 = CARTESIAN_POINT ( 'NONE',  ( -5.076513279783219978, 0.1266639712756320035, 0.01308868717749749923 ) ) ;
#2941 = DIRECTION ( 'NONE',  ( 0.0000000000000000000, 1.000000000000000000, 0.0000000000000000000 ) ) ;
#2942 = CARTESIAN_POINT ( 'NONE',  ( 3.333637229839510052, -3.740039843177032334E-15, 0.4496099184848320052 ) ) ;
#2943 = CARTESIAN_POINT ( 'NONE',  ( 6.171478466444190403, -0.4582512049364599882, -6.174880055105370376E-16 ) ) ;
#2944 = CARTESIAN_POINT ( 'NONE',  ( -3.481874671466670179, 0.0000000000000000000, 2.025787487851350210 ) ) ;
#2945 = CARTESIAN_POINT ( 'NONE',  ( -5.016963407929459606, 0.1021805313999780002, 0.08504003498103640535 ) ) ;
#2946 = CARTESIAN_POINT ( 'NONE',  ( 6.135673808708940413, -0.5681879207571141066, 0.1000000000000880046 ) ) ;
#2947 = CARTESIAN_POINT ( 'NONE',  ( 6.250000000000060396, -3.590580931933599976E-08, -7.444389422566191707E-16 ) ) ;
#2948 = CARTESIAN_POINT ( 'NONE',  ( -3.499999999999999556, 0.08057022697010611523, 0.6690738712471965277 ) ) ;
#2949 = CARTESIAN_POINT ( 'NONE',  ( 5.100005493955180214, 0.004553688625826469820, 6.940692794438110174E-17 ) ) ;
#2950 = CARTESIAN_POINT ( 'NONE',  ( 5.029061850707719827, -0.1121156644259199975, 0.05516503351921380610 ) ) ;
#2951 = CARTESIAN_POINT ( 'NONE',  ( 3.494287647928739915, -0.6887312085821259977, 1.988731239045400390 ) ) ;
#2952 = CARTESIAN_POINT ( 'NONE',  ( 5.471091196841830318, 0.5302772227165749586, 0.07756005247219380228 ) ) ;
#2953 = ORIENTED_EDGE ( 'NONE', *, *, #181, .F. ) ;
#2954 = CARTESIAN_POINT ( 'NONE',  ( 3.499999995479639914, -0.6406317572097729451, 0.6593682732535010027 ) ) ;
#2955 = CARTESIAN_POINT ( 'NONE',  ( -6.279919930034229658, -7.548844887834470261E-08, -8.500145032286349832E-16 ) ) ;
#2956 = LINE ( 'NONE', #1662, #1926 ) ;
#2957 = PRODUCT_RELATED_PRODUCT_CATEGORY ( 'part', '', ( #1508 ) ) ;
#2958 = CARTESIAN_POINT ( 'NONE',  ( -2.256433125465450384, -0.8995863759936900683, 2.199586406456959686 ) ) ;
#2959 = CARTESIAN_POINT ( 'NONE',  ( 5.135017268142280322, 0.2386543930039889960, 0.02507684311835490024 ) ) ;
#2960 = CARTESIAN_POINT ( 'NONE',  ( -6.024851973780100067, 0.5875604833422150008, 0.1999999999999987621 ) ) ;
#2961 = CARTESIAN_POINT ( 'NONE',  ( -6.097882741002591089, -0.5769027682094239884, 0.07756005247420129367 ) ) ;
#2962 = CARTESIAN_POINT ( 'NONE',  ( 5.060094658267640710, -0.1730360660395160177, 0.09999999999599651357 ) ) ;
#2963 = CARTESIAN_POINT ( 'NONE',  ( 5.076590656699489834, -0.1964923183600499890, 0.1999999999999987621 ) ) ;
#2964 = AXIS2_PLACEMENT_3D ( 'NONE', #3320, #1187, #5313 ) ;
#2965 = CARTESIAN_POINT ( 'NONE',  ( 5.100000498881283484, -4.267943533372609183E-09, -8.466168675820259406E-17 ) ) ;
#2966 = CARTESIAN_POINT ( 'NONE',  ( -3.499999995479639914, 0.6406317572097729451, 1.940631787673049669 ) ) ;
#2967 = CARTESIAN_POINT ( 'NONE',  ( 5.246111969330519820, -0.2725735193864290418, -1.440189990530930102E-16 ) ) ;
#2968 = CARTESIAN_POINT ( 'NONE',  ( -3.284326568066440633, -0.8607250946741169528, 1.300000030463270173 ) ) ;
#2969 = CARTESIAN_POINT ( 'NONE',  ( -5.665740069733930184, 0.5832171485315049697, 0.05516503352002270072 ) ) ;
#2970 = CARTESIAN_POINT ( 'NONE',  ( 5.077557448997300327, -0.1964273523685320377, 0.09999999999608000234 ) ) ;
#2971 = CARTESIAN_POINT ( 'NONE',  ( 6.067034081725638295, -0.4808702174316654143, -5.093476403058483883E-16 ) ) ;
#2972 = CARTESIAN_POINT ( 'NONE',  ( -2.967264452590000268, -0.8470836428053101219, 0.4529163876579629933 ) ) ;
#2973 = CARTESIAN_POINT ( 'NONE',  ( -5.450000029057262552, 0.0000000000000000000, 1.224695155243592293 ) ) ;
#2974 = CARTESIAN_POINT ( 'NONE',  ( 5.065690123141510348, -0.1691235375176030065, 0.05516503351816560291 ) ) ;
#2975 = CARTESIAN_POINT ( 'NONE',  ( -6.153655414889610320, 0.5624788634339560334, 0.1000000000000890038 ) ) ;
#2976 = CARTESIAN_POINT ( 'NONE',  ( 5.112130260764129908, 0.2397911835506799927, 0.07756005246374010620 ) ) ;
#2977 = ORIENTED_EDGE ( 'NONE', *, *, #537, .F. ) ;
#2978 = CARTESIAN_POINT ( 'NONE',  ( 2.199999969548116496, 1.102630477801762982E-16, 2.200366143018708254 ) ) ;
#2979 = CARTESIAN_POINT ( 'NONE',  ( -5.099998229519309589, -0.0006493736691354240085, 1.040852852150450158E-16 ) ) ;
#2980 = CARTESIAN_POINT ( 'NONE',  ( -5.767953276700855447, 0.5000679169082417053, -4.489930596224682951E-16 ) ) ;
#2981 = CARTESIAN_POINT ( 'NONE',  ( -5.123044598358250212, 0.1277910016737099919, -1.123651612222610110E-16 ) ) ;
#2982 = CARTESIAN_POINT ( 'NONE',  ( 6.202749433582759764, 0.5385241188777200039, 0.0000000000000000000 ) ) ;
#2983 = CARTESIAN_POINT ( 'NONE',  ( -2.218867265165350044, 0.0000000000000000000, 2.200284765467499959 ) ) ;
#2984 = CARTESIAN_POINT ( 'NONE',  ( 5.099296372286260315, 0.1948063505723819921, 0.02507684311794800003 ) ) ;
#2985 = CARTESIAN_POINT ( 'NONE',  ( 2.644399860962149962, -0.8554816188591790604, 1.300000030463270173 ) ) ;
#2986 = CARTESIAN_POINT ( 'NONE',  ( -6.345819140479379783, 0.1459536405944240056, 0.1999999999999987621 ) ) ;
#2987 = CARTESIAN_POINT ( 'NONE',  ( -5.676386820648070319, -0.5914987433853869936, 0.07756005247336310304 ) ) ;
#2988 = CARTESIAN_POINT ( 'NONE',  ( 6.097898578653870416, -0.5769165723992200068, 0.08504003498298290387 ) ) ;
#2989 = CARTESIAN_POINT ( 'NONE',  ( 6.243669523396249588, -0.4921029752861800777, 0.1999999999999987621 ) ) ;
#2990 = CARTESIAN_POINT ( 'NONE',  ( -6.200884506112860350, 0.4076967645034380028, -8.480436275482589686E-16 ) ) ;
#2991 = CARTESIAN_POINT ( 'NONE',  ( 4.999999888241290158, 0.0000000000000000000, 0.0000000000000000000 ) ) ;
#2992 = CARTESIAN_POINT ( 'NONE',  ( -3.500000000000000000, -0.6308584043937628394, 0.6691416260695111085 ) ) ;
#2993 = CARTESIAN_POINT ( 'NONE',  ( 6.167907986705830403, -0.4627438831274149900, -6.136185776513160048E-16 ) ) ;
#2994 = CARTESIAN_POINT ( 'NONE',  ( -3.284326568066440633, 0.0000000000000000000, 2.160725125137390012 ) ) ;
#2995 = CARTESIAN_POINT ( 'NONE',  ( -6.172590727626910301, 0.5474386341315600202, 0.05516503352022299883 ) ) ;
#2996 = CARTESIAN_POINT ( 'NONE',  ( 5.239709557780599880, -0.3739925363962369742, 0.09999999999793859895 ) ) ;
#2997 = CARTESIAN_POINT ( 'NONE',  ( -5.149695184300856710, 0.0000000000000000000, 1.524999999999999023 ) ) ;
#2998 = CARTESIAN_POINT ( 'NONE',  ( 5.072785858103560308, -0.1787823870034110085, 0.05516503351817830109 ) ) ;
#2999 = CARTESIAN_POINT ( 'NONE',  ( -5.377266882922089763, 0.4794244969882980323, 0.09999999999884590096 ) ) ;
#3000 = CARTESIAN_POINT ( 'NONE',  ( -5.850173067712449715, -0.6008501200056599600, 0.09999999999945900775 ) ) ;
#3001 = CARTESIAN_POINT ( 'NONE',  ( 5.080608587031330003, 0.2004869246277179995, 0.07756005246256579555 ) ) ;
#3002 = ORIENTED_EDGE ( 'NONE', *, *, #442, .T. ) ;
#3003 = CARTESIAN_POINT ( 'NONE',  ( -5.500303137481069804, -0.4665466372227869973, -2.373291262394340093E-16 ) ) ;
#3004 = CARTESIAN_POINT ( 'NONE',  ( 6.079444252151400718, 0.4785847006363579959, -5.175502957774760101E-16 ) ) ;
#3005 = CARTESIAN_POINT ( 'NONE',  ( -6.131986895067630172, 0.4634475680567240463, -7.962195497289239548E-16 ) ) ;
#3006 = CARTESIAN_POINT ( 'NONE',  ( 6.281565084905249563, 0.4197854674473779912, 0.2000000000000000111 ) ) ;
#3007 = CARTESIAN_POINT ( 'NONE',  ( -2.644399860962149962, 0.8554816188591789494, 0.4445184116040949984 ) ) ;
#3008 = CARTESIAN_POINT ( 'NONE',  ( 5.080188486679739768, 0.1696860318999960093, 0.02507684311767669968 ) ) ;
#3009 = CARTESIAN_POINT ( 'NONE',  ( 2.967264452590000268, 0.8470836428053101219, 2.147083673268579851 ) ) ;
#3010 = CARTESIAN_POINT ( 'NONE',  ( -5.494938181979860836, 0.5433329124702379609, 0.1999999999999987621 ) ) ;
#3011 = CARTESIAN_POINT ( 'NONE',  ( -6.113412935379169966, -0.5737445108614149802, 0.07756005247421099424 ) ) ;
#3012 = CARTESIAN_POINT ( 'NONE',  ( 4.724999999999999645, 0.0000000000000000000, 1.524999999999997913 ) ) ;
#3013 = CARTESIAN_POINT ( 'NONE',  ( -5.096350983245669930, 0.1543896845201160328, 0.01308868717700959958 ) ) ;
#3014 = B_SPLINE_CURVE_WITH_KNOTS ( 'NONE', 3,
 ( #4196, #2641, #4296, #510, #228, #607, #2237, #3757, #2138, #3781, #4346, #1818, #2665, #1307, #3458, #5126, #1701, #1421, #3434, #3115, #3061, #4710, #109, #82, #1847, #3483, #1798, #5150, #1443, #889, #3339, #3932, #3090, #1033, #5099, #4738, #255, #2518, #1874, #4171, #3510, #1470, #5177, #484, #4479, #5235, #1561 ),
 .UNSPECIFIED., .F., .F.,
 ( 4, 2, 2, 1, 1, 2, 2, 2, 1, 2, 2, 1, 1, 1, 2, 2, 2, 2, 1, 1, 1, 2, 2, 2, 1, 1, 2, 2, 4 ),
 ( 0.0000000000000000000, 0.01562499999999761996, 0.03124999999999523298, 0.04687499999999284600, 0.05468749999999202027, 0.05859374999999195782, 0.06249999999999189537, 0.1249999999999976408, 0.1875000000000033862, 0.2187500000000062172, 0.2500000000000090483, 0.3750000000000183742, 0.4375000000000229816, 0.4687500000000253131, 0.4843750000000257017, 0.5000000000000260902, 0.5625000000000219824, 0.6250000000000178746, 0.6562500000000153211, 0.6718750000000132117, 0.6796875000000122125, 0.6835937500000117684, 0.6875000000000113243, 0.7187500000000073275, 0.7343750000000062172, 0.7421875000000053291, 0.7460937500000047740, 0.7500000000000043299, 1.000000000000000000 ),
 .UNSPECIFIED. ) ;
#3015 = CARTESIAN_POINT ( 'NONE',  ( 5.148389264909140728, 0.1733024195478639895, 3.075976922094920051E-17 ) ) ;
#3016 = CARTESIAN_POINT ( 'NONE',  ( 5.000000172480709715, -6.116870025957296480E-05, 0.07382006122008452631 ) ) ;
#3017 = CARTESIAN_POINT ( 'NONE',  ( 6.127726057146250405, -0.4893415988593819987, -5.343079845497860045E-16 ) ) ;
#3018 = EDGE_CURVE ( 'NONE', #4210, #2364, #5125, .T. ) ;
#3019 = CARTESIAN_POINT ( 'NONE',  ( -3.422270755428200140, 0.0000000000000000000, 2.104114625321019894 ) ) ;
#3020 = CARTESIAN_POINT ( 'NONE',  ( -6.125093762513380113, 0.5639369766008659468, 0.05516503352021959877 ) ) ;
#3021 = CARTESIAN_POINT ( 'NONE',  ( 5.112090646288059759, -0.2396659469405360010, 0.09999999999645650672 ) ) ;
#3022 = CARTESIAN_POINT ( 'NONE',  ( -5.000007957208070231, -0.005361628541270219844, 0.09999999999995140554 ) ) ;
#3023 = CARTESIAN_POINT ( 'NONE',  ( 5.789270952678809756, -0.6017536333715920449, 0.1000000000000000333 ) ) ;
#3024 = CARTESIAN_POINT ( 'NONE',  ( -2.917476980842439893, -0.8436923278882220156, 1.300000030463270173 ) ) ;
#3025 = CARTESIAN_POINT ( 'NONE',  ( -4.724999999999999645, 2.755455298081545086E-17, 1.074999999999999067 ) ) ;
#3026 = CARTESIAN_POINT ( 'NONE',  ( 5.025351677740750311, -0.1043167032940729988, 0.05516503351923260356 ) ) ;
#3027 = CARTESIAN_POINT ( 'NONE',  ( -6.222481613498089814, 0.5182094205805689580, 0.1000000000000999950 ) ) ;
#3028 = CARTESIAN_POINT ( 'NONE',  ( -6.097882741002591089, -0.5769027682094239884, 0.09999999999984260368 ) ) ;
#3029 = CARTESIAN_POINT ( 'NONE',  ( 5.143555500309160422, 0.2762517896188709798, 0.07756005246467119474 ) ) ;
#3030 = ORIENTED_EDGE ( 'NONE', *, *, #3754, .F. ) ;
#3031 = CARTESIAN_POINT ( 'NONE',  ( 3.500000000000000000, 0.0000000000000000000, 1.930858434857039896 ) ) ;
#3032 = CARTESIAN_POINT ( 'NONE',  ( -6.240114794363740280, 0.1864363716921099978, -1.038566114289450048E-15 ) ) ;
#3033 = CARTESIAN_POINT ( 'NONE',  ( -2.967264452589999824, 0.0000000000000000000, 2.147083673268579851 ) ) ;
#3034 = CARTESIAN_POINT ( 'NONE',  ( 5.082387905940540129, 0.1726506727781779993, 0.02507684311768830152 ) ) ;
#3035 = CARTESIAN_POINT ( 'NONE',  ( 2.722375865889810065, 0.0000000000000000000, 0.4528537108418029811 ) ) ;
#3036 = CARTESIAN_POINT ( 'NONE',  ( -6.125003331074149848, -0.4667304494392859882, -7.449841179167031283E-16 ) ) ;
#3037 = CARTESIAN_POINT ( 'NONE',  ( 3.456526291164410125, -3.378189861182098009E-15, 0.5318854181080341359 ) ) ;
#3038 = CARTESIAN_POINT ( 'NONE',  ( -3.284326568066440633, 0.0000000000000000000, 2.160725125137390012 ) ) ;
#3039 = CARTESIAN_POINT ( 'NONE',  ( -6.272439947525690229, 8.354569364826050362E-08, -1.212932382688249955E-15 ) ) ;
#3040 = CARTESIAN_POINT ( 'NONE',  ( 5.117239116984920066, 0.1325279514434200001, 4.894318170722950028E-17 ) ) ;
#3041 = CLOSED_SHELL ( 'NONE', ( #905, #3643, #4765, #1826, #3182, #1768, #3576, #4188, #1501, #602, #4543, #3818, #275, #3683, #628, #4221, #3247, #969, #4226, #2169, #3252, #3782 ) ) ;
#3042 = CARTESIAN_POINT ( 'NONE',  ( 5.327753741663210363, -0.4490264278117330199, 0.0000000000000000000 ) ) ;
#3043 = CARTESIAN_POINT ( 'NONE',  ( -6.301280402629609867, -0.3019750737557679865, 0.02507684312138129881 ) ) ;
#3044 = CARTESIAN_POINT ( 'NONE',  ( 5.131750249025330390, -0.1395902394146660008, -1.376409445990880015E-16 ) ) ;
#3045 = CARTESIAN_POINT ( 'NONE',  ( -3.498961390185080234, 0.6600389711792969960, 1.960039001642570167 ) ) ;
#3046 = CARTESIAN_POINT ( 'NONE',  ( -6.225641476512260297, 0.5037635023931329448, 0.05516503352022660706 ) ) ;
#3047 = CARTESIAN_POINT ( 'NONE',  ( 5.012385225038310743, -0.09377143883761659970, 0.1000000000000000333 ) ) ;
#3048 = EDGE_CURVE ( 'NONE', #419, #2150, #3745, .T. ) ;
#3049 = CARTESIAN_POINT ( 'NONE',  ( -2.722375865889810065, 0.8471463196214710223, 1.300000030463270173 ) ) ;
#3050 = CARTESIAN_POINT ( 'NONE',  ( -4.886091287368748759, -0.4499999999999999556, 1.074999999999999289 ) ) ;
#3051 = CARTESIAN_POINT ( 'NONE',  ( 6.142815204980520249, -0.5235574535232030424, 0.01308868717844639991 ) ) ;
#3052 = CARTESIAN_POINT ( 'NONE',  ( -5.503978302317530158, 0.5444262967998919622, 0.09999999999922820626 ) ) ;
#3053 = CARTESIAN_POINT ( 'NONE',  ( -5.948685089867860043, -0.5948340940501409824, 0.09999999999965851483 ) ) ;
#3054 = CARTESIAN_POINT ( 'NONE',  ( 5.133858390007370431, 0.2652556471576250074, 0.07756005246452341018 ) ) ;
#3055 = ORIENTED_EDGE ( 'NONE', *, *, #800, .F. ) ;
#3056 = CARTESIAN_POINT ( 'NONE',  ( 3.499999995479639914, -0.6406317572097729451, 1.940631787673049669 ) ) ;
#3057 = CARTESIAN_POINT ( 'NONE',  ( 6.235325070966010408, 0.2165449482807449977, -6.129188263654029770E-16 ) ) ;
#3058 = CARTESIAN_POINT ( 'NONE',  ( -6.113679884857090130, 0.4703646919290470074, -7.234633687708169651E-16 ) ) ;
#3059 = CARTESIAN_POINT ( 'NONE',  ( -2.967264452589999824, 0.0000000000000000000, 2.147083673268579851 ) ) ;
#3060 = CARTESIAN_POINT ( 'NONE',  ( 2.794526764258590479, 0.8426655970424190567, 1.300000030463270173 ) ) ;
#3061 = CARTESIAN_POINT ( 'NONE',  ( 5.628487442248216510, 0.4809415249928435387, -2.440701313095972739E-16 ) ) ;
#3062 = APPLICATION_CONTEXT ( 'automotive_design' ) ;
#3063 = CARTESIAN_POINT ( 'NONE',  ( -3.456526291164410125, 0.0000000000000000000, 2.068114642818509985 ) ) ;
#3064 = CARTESIAN_POINT ( 'NONE',  ( 3.380581965863680427, 0.8318110400136661253, 2.131811070476940184 ) ) ;
#3065 = CARTESIAN_POINT ( 'NONE',  ( 5.000007957208070231, 0.005361628541270219844, 0.09999999999995129452 ) ) ;
#3066 = CARTESIAN_POINT ( 'NONE',  ( 5.982101057793539844, -0.5919109406925260330, 0.0000000000000000000 ) ) ;
#3067 = FILL_AREA_STYLE_COLOUR ( '', #315 ) ;
#3068 = CARTESIAN_POINT ( 'NONE',  ( -5.748108523671420222, -0.5809855086193720375, 0.02507684312115430331 ) ) ;
#3069 = B_SPLINE_CURVE_WITH_KNOTS ( 'NONE', 3,
 ( #3663, #3142, #3991, #4021, #743, #3604, #374, #799, #5236, #2019, #2349, #4851, #3171, #1994, #2824, #826, #2746, #2849, #344, #4480, #5261, #5321, #2375, #1615, #3634, #1136, #2455, #2772, #4904, #1167, #4876, #1215, #4404, #1904, #2432, #3253, #3540, #4826, #317, #1937, #1965, #3573, #1534, #3229, #4431, #1562 ),
 .UNSPECIFIED., .F., .F.,
 ( 4, 2, 1, 2, 2, 2, 1, 1, 2, 2, 1, 1, 1, 2, 2, 1, 2, 2, 1, 1, 1, 2, 2, 2, 1, 1, 2, 2, 4 ),
 ( 0.0000000000000000000, 0.03124999999999828609, 0.04687499999999743261, 0.05468749999999737710, 0.06249999999999732159, 0.1249999999999977796, 0.1874999999999982236, 0.2187499999999985012, 0.2343749999999986400, 0.2499999999999987788, 0.3750000000000008327, 0.4375000000000012212, 0.4687500000000013878, 0.4843750000000014433, 0.5000000000000015543, 0.5625000000000076605, 0.5937500000000099920, 0.6250000000000122125, 0.6562500000000145439, 0.6718750000000164313, 0.6796875000000173195, 0.6835937500000168754, 0.6875000000000164313, 0.7187500000000148770, 0.7343750000000149880, 0.7421875000000155431, 0.7460937500000154321, 0.7500000000000153211, 1.000000000000000000 ),
 .UNSPECIFIED. ) ;
#3070 = CARTESIAN_POINT ( 'NONE',  ( 6.250000000000060396, -1.077174279580079993E-07, -9.887923813067802410E-16 ) ) ;
#3071 = CARTESIAN_POINT ( 'NONE',  ( 2.794526764258589591, -0.8426655970424189457, 2.142665627505690118 ) ) ;
#3072 = CARTESIAN_POINT ( 'NONE',  ( -3.494287647928740359, 0.0000000000000000000, 0.6112688218811469509 ) ) ;
#3073 = CARTESIAN_POINT ( 'NONE',  ( -6.227824518894469641, 0.5009313896857570114, 0.05516503352022650297 ) ) ;
#3074 = CARTESIAN_POINT ( 'NONE',  ( -2.475120692249380028, -0.8791444960728619362, 0.4208555343904120671 ) ) ;
#3075 = CARTESIAN_POINT ( 'NONE',  ( -5.410603633123799661, 0.5023060787889991330, 0.0000000000000000000 ) ) ;
#3076 = CARTESIAN_POINT ( 'NONE',  ( -2.722375865889810065, 0.8471463196214711333, 2.147146350084740085 ) ) ;
#3077 = CARTESIAN_POINT ( 'NONE',  ( -6.337018543290589889, -0.2254406790683469997, 0.2000000000000000111 ) ) ;
#3078 = CARTESIAN_POINT ( 'NONE',  ( -5.265371907128339579, 0.3966371584922600002, 0.09999999999821269914 ) ) ;
#3079 = CARTESIAN_POINT ( 'NONE',  ( 5.121113398963769825, 0.2504572097185440160, 0.07756005246422520427 ) ) ;
#3080 = EDGE_LOOP ( 'NONE', ( #3055, #1025, #1267, #5167 ) ) ;
#3081 = CARTESIAN_POINT ( 'NONE',  ( 6.262220585892830371, 0.4599031054947679831, 0.2000000000000008993 ) ) ;
#3082 = CARTESIAN_POINT ( 'NONE',  ( 6.151754564992979901, 0.4474593727215340211, -5.613211481549589732E-16 ) ) ;
#3083 = CARTESIAN_POINT ( 'NONE',  ( -5.142660793635050354, 0.1166090398891150154, -1.150115418901290088E-16 ) ) ;
#3084 = CARTESIAN_POINT ( 'NONE',  ( 5.746868630017200275, -0.5991839344900750097, 0.08504003498269359362 ) ) ;
#3085 = CARTESIAN_POINT ( 'NONE',  ( -2.794526764258590479, 0.0000000000000000000, 2.142665627505690118 ) ) ;
#3086 = ADVANCED_FACE ( 'NONE', ( #4150 ), #3504, .T. ) ;
#3087 = CARTESIAN_POINT ( 'NONE',  ( 5.076217002879129581, 0.1642772074718580055, 0.02507684311766290169 ) ) ;
#3088 = CARTESIAN_POINT ( 'NONE',  ( 2.859815149085939812, -0.8418128730077889532, 0.4581871574554849391 ) ) ;
#3089 = CARTESIAN_POINT ( 'NONE',  ( -6.112442607692410768, -0.4708361375036719809, -7.345584531233990375E-16 ) ) ;
#3090 = CARTESIAN_POINT ( 'NONE',  ( 6.067685823442437787, 0.4805971048960368530, -5.097418798315409553E-16 ) ) ;
#3091 = CARTESIAN_POINT ( 'NONE',  ( -2.218867265165350044, 0.0000000000000000000, 2.200284765467499959 ) ) ;
#3092 = CARTESIAN_POINT ( 'NONE',  ( 5.203859844332890283, 0.2385736702713260049, -2.027700627683170052E-18 ) ) ;
#3093 = CARTESIAN_POINT ( 'NONE',  ( 6.085314758715583139, -0.4773721249703279379, -5.204056487777333953E-16 ) ) ;
#3094 = CARTESIAN_POINT ( 'NONE',  ( -6.242299211405381243, -0.4575378765050059915, 0.02507684312136369831 ) ) ;
#3095 = CARTESIAN_POINT ( 'NONE',  ( 5.122910132932269711, -0.1276057286441840133, -1.337065695585420075E-16 ) ) ;
#3096 = CARTESIAN_POINT ( 'NONE',  ( 2.917476980842439893, -0.8436923278882220156, 2.143692358351500626 ) ) ;
#3097 = CARTESIAN_POINT ( 'NONE',  ( -3.494287647928739915, -0.6887312085821259977, 1.988731239045400390 ) ) ;
#3098 = CARTESIAN_POINT ( 'NONE',  ( -5.068449422723490194, 0.1729071724294690138, 0.05516503351816740008 ) ) ;
#3099 = CARTESIAN_POINT ( 'NONE',  ( -2.385652428381599854, 0.0000000000000000000, 0.4095381078660910168 ) ) ;
#3100 = CARTESIAN_POINT ( 'NONE',  ( 6.202749433582759764, -0.5385241188777200039, 0.1000000000000000333 ) ) ;
#3101 = CARTESIAN_POINT ( 'NONE',  ( -3.046257705760219814, 0.8541536936186510109, 2.154153724081920185 ) ) ;
#3102 = CARTESIAN_POINT ( 'NONE',  ( -6.243669523396249588, -0.4921029752861800777, 0.2000000000000000111 ) ) ;
#3103 = CARTESIAN_POINT ( 'NONE',  ( 6.309712346014579865, -0.02134994454924070070, 0.01308868717841419997 ) ) ;
#3104 = CARTESIAN_POINT ( 'NONE',  ( -6.151595199284700222, 0.5631998647927419777, 0.08504003498299511632 ) ) ;
#3105 = CARTESIAN_POINT ( 'NONE',  ( 5.043232054706580314, 0.1494829077018069996, 0.07756005246865660396 ) ) ;
#3106 = EDGE_LOOP ( 'NONE', ( #523, #4702, #247, #2928 ) ) ;
#3107 = CARTESIAN_POINT ( 'NONE',  ( -6.337018543290589889, 0.2254406790683469997, 0.1000000000000000333 ) ) ;
#3108 = CARTESIAN_POINT ( 'NONE',  ( -5.140146413674315795, 0.1132302047007029688, 7.016936459292638024E-17 ) ) ;
#3109 = CARTESIAN_POINT ( 'NONE',  ( -5.722466030340740417, 0.4966445026099580717, -4.305972386793679977E-16 ) ) ;
#3110 = CARTESIAN_POINT ( 'NONE',  ( -2.859815149085939812, 0.0000000000000000000, 2.141812903471060014 ) ) ;
#3111 = CARTESIAN_POINT ( 'NONE',  ( 5.018244378342670231, 0.005212948946547549776, 0.02507684312138400498 ) ) ;
#3112 = CARTESIAN_POINT ( 'NONE',  ( 2.722375865889810065, -0.8471463196214710223, 1.300000030463270173 ) ) ;
#3113 = CARTESIAN_POINT ( 'NONE',  ( -6.228183860102110003, -0.2543724236510679915, -8.308632359203379511E-16 ) ) ;
#3114 = EDGE_CURVE ( 'NONE', #445, #4580, #3224, .T. ) ;
#3115 = CARTESIAN_POINT ( 'NONE',  ( 5.509143149272801132, 0.4439783967653927466, -1.718785924776909163E-16 ) ) ;
#3116 = CARTESIAN_POINT ( 'NONE',  ( -2.722375865889810065, 0.0000000000000000000, 2.147146350084740085 ) ) ;
#3117 = CARTESIAN_POINT ( 'NONE',  ( 3.481874671466670179, -0.7257874573880770397, 2.025787487851350654 ) ) ;
#3118 = CARTESIAN_POINT ( 'NONE',  ( 5.060139547242280322, 0.1731784102289760097, 0.09999999998755790265 ) ) ;
#3119 = FACE_OUTER_BOUND ( 'NONE', #319, .T. ) ;
#3120 = CARTESIAN_POINT ( 'NONE',  ( 5.077556884132370385, -0.001275497363850900149, -3.976092192522420104E-16 ) ) ;
#3121 = CARTESIAN_POINT ( 'NONE',  ( 2.917476980842439893, -0.8436923278882220156, 1.300000030463270173 ) ) ;
#3122 = CARTESIAN_POINT ( 'NONE',  ( -3.494287647928740359, 0.0000000000000000000, 1.988731239045399946 ) ) ;
#3123 = CARTESIAN_POINT ( 'NONE',  ( -5.065782554922770409, 0.1692509018698080125, 0.05516503351816549883 ) ) ;
#3124 = CARTESIAN_POINT ( 'NONE',  ( -2.256433125465449940, 0.0000000000000000000, 2.199586406456960130 ) ) ;
#3125 = CARTESIAN_POINT ( 'NONE',  ( -5.577444020907750044, 0.5719321550693790002, 0.0000000000000000000 ) ) ;
#3126 = CARTESIAN_POINT ( 'NONE',  ( -3.149310191193159802, -0.8624262690867170456, 0.4375737613765569578 ) ) ;
#3127 = CARTESIAN_POINT ( 'NONE',  ( -5.286887488770520171, -0.3222013697078819905, -6.723898446709080311E-17 ) ) ;
#3128 = CARTESIAN_POINT ( 'NONE',  ( 5.879719958434580285, 0.5294456745111649765, -3.956389690170599788E-16 ) ) ;
#3129 = CARTESIAN_POINT ( 'NONE',  ( -6.224514148947720038, -0.5179580399670840052, 0.0000000000000000000 ) ) ;
#3130 = CARTESIAN_POINT ( 'NONE',  ( 6.068391164405141147, -0.5411252586998159808, 0.01308868717843949918 ) ) ;
#3131 = CARTESIAN_POINT ( 'NONE',  ( 2.385652428381599854, 0.0000000000000000000, 2.190461953060459876 ) ) ;
#3132 = CARTESIAN_POINT ( 'NONE',  ( -5.000086222721890294, 0.01117913285724519978, 0.09999999999992589816 ) ) ;
#3133 = CARTESIAN_POINT ( 'NONE',  ( 5.410603633123799661, 0.5023060787889991330, 0.2000000000000000111 ) ) ;
#3134 = AXIS2_PLACEMENT_3D ( 'NONE', #3345, #2841, #413 ) ;
#3135 = CARTESIAN_POINT ( 'NONE',  ( 5.030281784875859863, 0.1287830315745520093, 0.07756005246957599353 ) ) ;
#3136 = ORIENTED_EDGE ( 'NONE', *, *, #3114, .F. ) ;
#3137 = CARTESIAN_POINT ( 'NONE',  ( 5.172990519367649753, 0.1561599480890979996, 3.002585802168859844E-17 ) ) ;
#3138 = CARTESIAN_POINT ( 'NONE',  ( -5.847142712205659620, 0.5008853846179760483, -5.240113982402260072E-16 ) ) ;
#3139 = CARTESIAN_POINT ( 'NONE',  ( -3.079716191379540557, 0.8570832699196330173, 1.300000030463270173 ) ) ;
#3140 = CARTESIAN_POINT ( 'NONE',  ( 3.333637229839509608, -0.8503901119784410545, 0.4496099184848320052 ) ) ;
#3141 = CARTESIAN_POINT ( 'NONE',  ( -3.500000000000000888, -0.5543063937312280309, 1.613504166253908245 ) ) ;
#3142 = CARTESIAN_POINT ( 'NONE',  ( -5.099920060692364032, -0.02301748178814029197, 1.034343894936990228E-16 ) ) ;
#3143 = CARTESIAN_POINT ( 'NONE',  ( 3.284326568066440633, 0.8607250946741169528, 1.300000030463270173 ) ) ;
#3144 = CARTESIAN_POINT ( 'NONE',  ( 6.305815959968890105, 0.2822756865456719777, 0.02507684312138230148 ) ) ;
#3145 = CARTESIAN_POINT ( 'NONE',  ( 2.218867265165350044, 0.0000000000000000000, 2.200284765467499959 ) ) ;
#3146 = CARTESIAN_POINT ( 'NONE',  ( 5.180316525110471026, -0.3182787896309660081, 0.2000000000000000111 ) ) ;
#3147 = CARTESIAN_POINT ( 'NONE',  ( -5.816210627048491233, -0.5831634050813919723, 0.02507684312121160122 ) ) ;
#3148 = CARTESIAN_POINT ( 'NONE',  ( 6.116821475947509690, -0.4693601314666219770, -5.413153982051540153E-16 ) ) ;
#3149 = CARTESIAN_POINT ( 'NONE',  ( -3.481874671466670179, 0.0000000000000000000, 0.5742125730751970192 ) ) ;
#3150 = CARTESIAN_POINT ( 'NONE',  ( -5.023271854758849742, 0.09956085952976069520, 0.05516503351923750936 ) ) ;
#3151 = CARTESIAN_POINT ( 'NONE',  ( -2.385652428381600298, 0.8904619225971831531, 0.4095381078660910168 ) ) ;
#3152 = CARTESIAN_POINT ( 'NONE',  ( -5.655253982674430802, 0.5895555966763510458, 0.2000000000000000111 ) ) ;
#3153 = CARTESIAN_POINT ( 'NONE',  ( -3.235639616665010099, 0.0000000000000000000, 0.4353308641931740719 ) ) ;
#3154 = CARTESIAN_POINT ( 'NONE',  ( -5.151296194646690196, -0.1769325491756950364, 4.238687043437240287E-17 ) ) ;
#3155 = CARTESIAN_POINT ( 'NONE',  ( 6.222134399944549976, 0.3788937328468650056, -5.874504857539499861E-16 ) ) ;
#3156 = CARTESIAN_POINT ( 'NONE',  ( -5.044608523403979916, -0.1523449825903359922, 0.0000000000000000000 ) ) ;
#3157 = CARTESIAN_POINT ( 'NONE',  ( 6.197711899936029667, -0.4851296917946170129, 0.01308868717845010181 ) ) ;
#3158 = CARTESIAN_POINT ( 'NONE',  ( -5.062288024650819729, 0.1760470153095770041, 0.09999999999599980260 ) ) ;
#3159 = CARTESIAN_POINT ( 'NONE',  ( 5.327753741663210363, 0.4490264278117330199, 0.0000000000000000000 ) ) ;
#3160 = CARTESIAN_POINT ( 'NONE',  ( -5.333626954690750210, -0.4499828083033929893, 0.09999999999623350455 ) ) ;
#3161 = CARTESIAN_POINT ( 'NONE',  ( 6.183473454849290007, 0.5503123482443450509, 0.09999999999987120580 ) ) ;
#3162 = ORIENTED_EDGE ( 'NONE', *, *, #347, .F. ) ;
#3163 = CARTESIAN_POINT ( 'NONE',  ( 2.199999969434429659, 0.0000000000000000000, 1.300000030463270173 ) ) ;
#3164 = CARTESIAN_POINT ( 'NONE',  ( -5.284272246558470165, 0.2787638361214679894, -1.497839810028030036E-16 ) ) ;
#3165 = CARTESIAN_POINT ( 'NONE',  ( 5.606060966458220385, -0.5783608650055169775, 0.08504003498242740378 ) ) ;
#3166 = CARTESIAN_POINT ( 'NONE',  ( -3.190112246994440071, 0.0000000000000000000, 2.164511400675980468 ) ) ;
#3167 = UNCERTAINTY_MEASURE_WITH_UNIT (LENGTH_MEASURE( 1.000000000000000082E-05 ), #3544, 'distance_accuracy_value', 'NONE');
#3168 = CARTESIAN_POINT ( 'NONE',  ( 3.113135215446409809, 0.8598146433977199576, 2.159814673860989576 ) ) ;
#3169 = CARTESIAN_POINT ( 'NONE',  ( -5.146799243906410304, -0.1222343581153339936, 6.545636580249291115E-17 ) ) ;
#3170 = CARTESIAN_POINT ( 'NONE',  ( 6.350000028353020021, 0.02632166237988979932, 0.0000000000000000000 ) ) ;
#3171 = CARTESIAN_POINT ( 'NONE',  ( -5.308613105879278038, -0.3016926668004635270, -6.914350609319585991E-17 ) ) ;
#3172 = CARTESIAN_POINT ( 'NONE',  ( 3.481874671466670179, 0.7257874573880770397, 1.300000030463270173 ) ) ;
#3173 = ORIENTED_EDGE ( 'NONE', *, *, #2631, .F. ) ;
#3174 = CARTESIAN_POINT ( 'NONE',  ( 6.350000028353020021, -0.02632166237988979932, 0.2000000000000000111 ) ) ;
#3175 = CARTESIAN_POINT ( 'NONE',  ( -6.250000000000060396, 3.590580931933599976E-08, -9.706468813733276292E-16 ) ) ;
#3176 = CARTESIAN_POINT ( 'NONE',  ( -5.644743236637229877, -0.5674389640969570436, 0.02507684312104710087 ) ) ;
#3177 = CARTESIAN_POINT ( 'NONE',  ( 6.059350523758549656, -0.4820722813881069824, -4.909584974003240412E-16 ) ) ;
#3178 = CARTESIAN_POINT ( 'NONE',  ( 2.917476980842439893, 0.8436923278882220156, 1.300000030463270173 ) ) ;
#3179 = CARTESIAN_POINT ( 'NONE',  ( -6.239259854912759806, 0.4135070875245659971, 0.01308868717844650052 ) ) ;
#3180 = CARTESIAN_POINT ( 'NONE',  ( -5.410603633123799661, 0.5023060787889991330, 0.2000000000000000111 ) ) ;
#3181 = CARTESIAN_POINT ( 'NONE',  ( -3.079716191379540557, 0.8570832699196331284, 2.157083300382910629 ) ) ;
#3182 = ADVANCED_FACE ( 'NONE', ( #468 ), #2090, .T. ) ;
#3183 = CARTESIAN_POINT ( 'NONE',  ( 5.374334604838140628, 0.3929287416429619872, -1.021066391560699945E-16 ) ) ;
#3184 = CARTESIAN_POINT ( 'NONE',  ( -6.301578169905729609, -0.3693503180003809838, 0.2000000000000000111 ) ) ;
#3185 = CARTESIAN_POINT ( 'NONE',  ( 5.398702685026729675, -0.4453075614970209983, 0.01308868717800910041 ) ) ;
#3186 = CARTESIAN_POINT ( 'NONE',  ( 2.312275712915440096, 0.0000000000000000000, 0.4030680291324649778 ) ) ;
#3187 = CARTESIAN_POINT ( 'NONE',  ( -6.328751041317199899, 0.2658091188215530032, 0.08504003498295581442 ) ) ;
#3188 = CARTESIAN_POINT ( 'NONE',  ( 6.328751041317199899, -0.2658091188215530032, 0.1000000000000499933 ) ) ;
#3189 = CARTESIAN_POINT ( 'NONE',  ( -5.138460716023140584, -0.2705028622279799788, 0.09999999999027590902 ) ) ;
#3190 = CARTESIAN_POINT ( 'NONE',  ( 6.300106859616869670, 0.3706340944707010032, 0.09999999999992249811 ) ) ;
#3191 = ORIENTED_EDGE ( 'NONE', *, *, #4614, .F. ) ;
#3192 = CARTESIAN_POINT ( 'NONE',  ( 5.450000029057260775, 2.755455298081545086E-17, 0.7999999709427361161 ) ) ;
#3193 = CARTESIAN_POINT ( 'NONE',  ( 5.147961347159610845, 0.1237980354107150183, 4.501947087391400131E-17 ) ) ;
#3194 = CARTESIAN_POINT ( 'NONE',  ( -5.379033516342889953, 0.3595182381215060174, -1.929268026272580010E-16 ) ) ;
#3195 = CARTESIAN_POINT ( 'NONE',  ( -3.009674527917809872, -0.8508116070344399207, 2.150811637497709761 ) ) ;
#3196 = CARTESIAN_POINT ( 'NONE',  ( 6.350000011705700054, 0.01086704365471219923, 0.07756005247435800165 ) ) ;
#3197 = CARTESIAN_POINT ( 'NONE',  ( 3.190112246994440959, 0.8645113702127030786, 0.4354886602505709803 ) ) ;
#3198 = CARTESIAN_POINT ( 'NONE',  ( -5.753656961022500127, -0.4993874827672369898, -4.368549655057740103E-16 ) ) ;
#3199 = CARTESIAN_POINT ( 'NONE',  ( -3.500000000000000444, -0.6309261592160650967, 1.219429803493126574 ) ) ;
#3200 = CARTESIAN_POINT ( 'NONE',  ( 3.500000000000000000, -0.6308584043937629504, 1.300000030463270173 ) ) ;
#3201 = CARTESIAN_POINT ( 'NONE',  ( 5.071290513137640232, 0.03149384480512740225, 6.930653494489590261E-17 ) ) ;
#3202 = CARTESIAN_POINT ( 'NONE',  ( 5.136724426711000824, -0.1084085599366492736, 5.339804204967637076E-17 ) ) ;
#3203 = CARTESIAN_POINT ( 'NONE',  ( -5.327906073726747849, 0.3191206736120947851, -8.509775022126322271E-17 ) ) ;
#3204 = CARTESIAN_POINT ( 'NONE',  ( -5.114360468498130530, -0.2137245896361290032, 0.02507684311801720162 ) ) ;
#3205 = CARTESIAN_POINT ( 'NONE',  ( 6.034092208997750006, -0.4856220482411660044, -4.626454957901960094E-16 ) ) ;
#3206 = CARTESIAN_POINT ( 'NONE',  ( 3.149310191193159802, 0.8624262690867170456, 0.4375737613765569578 ) ) ;
#3207 = CARTESIAN_POINT ( 'NONE',  ( -5.411044288775889832, 0.4917102283385190176, 0.05516503351967209923 ) ) ;
#3208 = CARTESIAN_POINT ( 'NONE',  ( -6.262220585892830371, 0.4599031054947679831, 0.0000000000000000000 ) ) ;
#3209 = CARTESIAN_POINT ( 'NONE',  ( -3.235639616665010543, 0.8646691662700989323, 2.164669196733370438 ) ) ;
#3210 = CARTESIAN_POINT ( 'NONE',  ( -5.140144723519010306, -0.1628702313826279890, 5.141130868603330147E-17 ) ) ;
#3211 = CARTESIAN_POINT ( 'NONE',  ( 2.199999969548116496, 0.0000000000000000000, 0.3996339179078319259 ) ) ;
#3212 = CARTESIAN_POINT ( 'NONE',  ( 5.086171349276050080, -0.1403913860870469876, 0.01308868717706620013 ) ) ;
#3213 = CARTESIAN_POINT ( 'NONE',  ( -6.193308128555639946, 0.5440864949926940142, 0.08504003498300091723 ) ) ;
#3214 = CARTESIAN_POINT ( 'NONE',  ( 6.350000023411399575, -0.02173408720314199891, 0.09999999999999939493 ) ) ;
#3215 = EDGE_CURVE ( 'NONE', #1957, #2351, #2147, .T. ) ;
#3216 = CARTESIAN_POINT ( 'NONE',  ( 6.326063598927159859, 0.2748085724573919864, 0.09999999999994839406 ) ) ;
#3217 = CARTESIAN_POINT ( 'NONE',  ( -3.481874671466670179, -3.192033832559869832E-15, 0.5742125730751971302 ) ) ;
#3218 = AXIS2_PLACEMENT_3D ( 'NONE', #2511, #2235, #3538 ) ;
#3219 = CARTESIAN_POINT ( 'NONE',  ( 5.225000029057260242, 0.0000000000000000000, 0.1999999999999999833 ) ) ;
#3220 = CARTESIAN_POINT ( 'NONE',  ( 5.262107320683080403, 0.2568325079127300459, -2.371760320979909938E-17 ) ) ;
#3221 = CARTESIAN_POINT ( 'NONE',  ( -6.349999999999999645, 0.0000000000000000000, 0.2000000000000000111 ) ) ;
#3222 = CARTESIAN_POINT ( 'NONE',  ( 6.238179192417590890, -0.4861754200004609894, 0.05516503352022639889 ) ) ;
#3223 = CARTESIAN_POINT ( 'NONE',  ( -3.113135215446409809, -0.8598146433977199576, 0.4401853870655539902 ) ) ;
#3224 = CIRCLE ( 'NONE', #1251, 0.2250000000000003664 ) ;
#3225 = CARTESIAN_POINT ( 'NONE',  ( -5.068828188639720622, -0.1849745331143529958, 0.07756005246202919701 ) ) ;
#3226 = CARTESIAN_POINT ( 'NONE',  ( 6.345508791991689712, 0.1331401095751889863, 0.07756005247433579719 ) ) ;
#3227 = CARTESIAN_POINT ( 'NONE',  ( 3.235639616665010099, -0.8646691662700990433, 1.300000030463270173 ) ) ;
#3228 = CARTESIAN_POINT ( 'NONE',  ( 5.000000029057262374, -2.755455298081544470E-17, 0.9610912583114843422 ) ) ;
#3229 = CARTESIAN_POINT ( 'NONE',  ( -6.222489288750560732, -0.3264270515632929914, -8.248698328888794962E-16 ) ) ;
#3230 = CARTESIAN_POINT ( 'NONE',  ( 6.255871548066430421, 0.4307894447930780135, 0.02507684312136640101 ) ) ;
#3231 = CARTESIAN_POINT ( 'NONE',  ( 2.199999969536730049, 0.0000000000000000000, 0.3996339179078399750 ) ) ;
#3232 = CARTESIAN_POINT ( 'NONE',  ( -5.083436776909380228, -0.1740562798740599992, 0.02507684311769540347 ) ) ;
#3233 = CARTESIAN_POINT ( 'NONE',  ( 5.141466049688469653, -0.1149689252430450143, -1.353697241167139915E-16 ) ) ;
#3234 = CARTESIAN_POINT ( 'NONE',  ( 3.079716191379540557, -0.8570832699196330173, 1.300000030463270173 ) ) ;
#3235 = CARTESIAN_POINT ( 'NONE',  ( -5.291558980239719823, 0.3660235064970490670, 0.01308868717778629946 ) ) ;
#3236 = CARTESIAN_POINT ( 'NONE',  ( -6.337018543290589889, 0.2254406790683469997, 0.2000000000000000111 ) ) ;
#3237 = CARTESIAN_POINT ( 'NONE',  ( -3.422270755428200140, 0.8041145948577490543, 0.4958854356055250046 ) ) ;
#3238 = CARTESIAN_POINT ( 'NONE',  ( -5.117708072503390326, -0.1331727494399380096, 6.950945257226709828E-17 ) ) ;
#3239 = CARTESIAN_POINT ( 'NONE',  ( 6.237622175689071291, -0.3138696442837919931, -6.945775530287831132E-16 ) ) ;
#3240 = CARTESIAN_POINT ( 'NONE',  ( 2.561655826735730113, 0.8667525124322019714, 2.166752542895479472 ) ) ;
#3241 = CARTESIAN_POINT ( 'NONE',  ( -6.074481293450119779, 0.5809645982555300403, 0.08504003498297560415 ) ) ;
#3242 = CARTESIAN_POINT ( 'NONE',  ( 5.333626954690750210, 0.4499828083033929893, 0.09999999999623360170 ) ) ;
#3243 = CARTESIAN_POINT ( 'NONE',  ( -6.350000028353020021, -0.02632166237988979932, 0.09999999999999920064 ) ) ;
#3244 = CARTESIAN_POINT ( 'NONE',  ( -3.500000000000000000, 0.3842973046694191375, 1.807976805491180894 ) ) ;
#3245 = DIRECTION ( 'NONE',  ( 0.0000000000000000000, 0.0000000000000000000, -1.000000000000000000 ) ) ;
#3246 = CARTESIAN_POINT ( 'NONE',  ( 5.550887989944479628, -0.5547955480076179891, 0.05516503351982859904 ) ) ;
#3247 = ADVANCED_FACE ( 'NONE', ( #119 ), #4917, .F. ) ;
#3248 = CARTESIAN_POINT ( 'NONE',  ( -5.060285761585300079, -0.1733798782390169879, 0.07756005246191639835 ) ) ;
#3249 = CARTESIAN_POINT ( 'NONE',  ( 3.235639616665010099, 0.0000000000000000000, 2.164669196733369994 ) ) ;
#3250 = CARTESIAN_POINT ( 'NONE',  ( -5.171774166665429995, -0.1546383023354880037, 4.474138031980290324E-17 ) ) ;
#3251 = CARTESIAN_POINT ( 'NONE',  ( -5.391708249754660010, 0.3961413550223750191, -1.915794483730120012E-16 ) ) ;
#3252 = ADVANCED_FACE ( 'NONE', ( #1632 ), #35, .F. ) ;
#3253 = CARTESIAN_POINT ( 'NONE',  ( -6.103364526163751691, -0.4739638675609830210, -7.263600774674303189E-16 ) ) ;
#3254 = CARTESIAN_POINT ( 'NONE',  ( 2.199999969536729605, 0.9003661125554339728, 0.3996339179078400305 ) ) ;
#3255 = CARTESIAN_POINT ( 'NONE',  ( -5.080188486679739768, -0.1696860318999960093, 0.02507684311767669968 ) ) ;
#3256 = CARTESIAN_POINT ( 'NONE',  ( 5.141120275386040106, -0.1144927986704300099, -1.351452142153260093E-16 ) ) ;
#3257 = CARTESIAN_POINT ( 'NONE',  ( 3.046257705760219814, 0.0000000000000000000, 2.154153724081920185 ) ) ;
#3258 = APPLICATION_PROTOCOL_DEFINITION ( 'draft international standard', 'automotive_design', 1998, #508 ) ;
#3259 = CARTESIAN_POINT ( 'NONE',  ( -5.132722418300439848, 0.2013473592732770157, 0.01308868717711960013 ) ) ;
#3260 = CARTESIAN_POINT ( 'NONE',  ( -3.235639616665010543, -0.8646691662700989323, 2.164669196733370438 ) ) ;
#3261 = CARTESIAN_POINT ( 'NONE',  ( 2.794526764258590035, -3.706067207297334533E-15, 0.4573344334208550577 ) ) ;
#3262 = CARTESIAN_POINT ( 'NONE',  ( 5.092854377978530245, -0.1496033901006169897, 0.01308868717700679973 ) ) ;
#3263 = CARTESIAN_POINT ( 'NONE',  ( -5.067290825882539984, 0.1828326199078819936, 0.08504003497892799468 ) ) ;
#3264 = CARTESIAN_POINT ( 'NONE',  ( 5.071816391128919577, 0.1889616956819319959, 0.09999999998770089937 ) ) ;
#3265 = CARTESIAN_POINT ( 'NONE',  ( -3.113135215446410253, -3.781489199789813521E-15, 0.4401853870655529910 ) ) ;
#3266 = CARTESIAN_POINT ( 'NONE',  ( -3.500000000000000444, 0.3135041357907829007, 1.854306424194420710 ) ) ;
#3267 = CARTESIAN_POINT ( 'NONE',  ( -5.101281839068260382, 0.03125033297851470548, -2.969925388478720068E-16 ) ) ;
#3268 = CARTESIAN_POINT ( 'NONE',  ( 5.000001109512579589, 0.0003494637194912870223, 0.08504003498290579888 ) ) ;
#3269 = CARTESIAN_POINT ( 'NONE',  ( -5.088394892614520160, -0.2104519239731799940, 0.07756005246292820010 ) ) ;
#3270 = CARTESIAN_POINT ( 'NONE',  ( 5.948685089867860043, 0.5948340940501409824, 0.07756005247401730196 ) ) ;
#3271 = ORIENTED_EDGE ( 'NONE', *, *, #4933, .T. ) ;
#3272 = CARTESIAN_POINT ( 'NONE',  ( 3.456526291164410125, 0.7681146123552399230, 2.068114642818509985 ) ) ;
#3273 = CARTESIAN_POINT ( 'NONE',  ( -5.149710552627120741, -0.1261391335361879973, 6.304807045813059982E-17 ) ) ;
#3274 = CARTESIAN_POINT ( 'NONE',  ( -5.181944873323270251, 0.2022706416220640124, -1.354790948997090068E-16 ) ) ;
#3275 = CARTESIAN_POINT ( 'NONE',  ( -2.199999969536729605, -0.9003661125554339728, 0.3996339179078400305 ) ) ;
#3276 = CARTESIAN_POINT ( 'NONE',  ( 5.644743236637229877, 0.5674389640969570436, 0.02507684312104720148 ) ) ;
#3277 = EDGE_CURVE ( 'NONE', #547, #4395, #4443, .T. ) ;
#3278 = CARTESIAN_POINT ( 'NONE',  ( 2.475120692249380028, -0.8791444960728619362, 0.4208555343904120671 ) ) ;
#3279 = CARTESIAN_POINT ( 'NONE',  ( 6.067120671245721297, 0.5823399928957599947, 0.09999999999999939493 ) ) ;
#3280 = CARTESIAN_POINT ( 'NONE',  ( -5.018231734383290288, -0.002043345475225730092, 0.02507684312139130123 ) ) ;
#3281 = CARTESIAN_POINT ( 'NONE',  ( 6.248993213538679647, -0.4817881924118760373, 0.08504003498300399810 ) ) ;
#3282 = CARTESIAN_POINT ( 'NONE',  ( 5.143043976367209780, -0.1171332660977700002, -1.363253589604119926E-16 ) ) ;
#3283 = CARTESIAN_POINT ( 'NONE',  ( 3.235639616665010099, 0.8646691662700990433, 1.300000030463270173 ) ) ;
#3284 = PRODUCT_CONTEXT ( 'NONE', #3062, 'mechanical' ) ;
#3285 = CARTESIAN_POINT ( 'NONE',  ( -5.457379294109509615, 0.4787890203910070142, 0.01308868717808270125 ) ) ;
#3286 = CARTESIAN_POINT ( 'NONE',  ( -6.345819140479379783, 0.1459536405944240056, 0.2000000000000000111 ) ) ;
#3287 = CARTESIAN_POINT ( 'NONE',  ( 6.252581884517510957, -0.2509479101626170272, -7.729108025438510266E-16 ) ) ;
#3288 = CARTESIAN_POINT ( 'NONE',  ( -5.069637152770639865, 0.1859737234890320168, 0.08504003497893260211 ) ) ;
#3289 = CARTESIAN_POINT ( 'NONE',  ( 6.270732542298110168, -0.4413102661965990214, 0.1000000000000910161 ) ) ;
#3290 = CARTESIAN_POINT ( 'NONE',  ( 5.088394892614520160, 0.2104519239731799940, 0.09999999998856959338 ) ) ;
#3291 = CARTESIAN_POINT ( 'NONE',  ( -3.500000000000000000, 3.862893628280142098E-17, 0.6691416260695089990 ) ) ;
#3292 = CARTESIAN_POINT ( 'NONE',  ( -3.500000000000001776, 0.5500230069480701589, 1.609965660274524035 ) ) ;
#3293 = CARTESIAN_POINT ( 'NONE',  ( 5.144292379790109671, 0.1188384303723880181, 4.722898831455900093E-17 ) ) ;
#3294 = DIRECTION ( 'NONE',  ( 0.0000000000000000000, 0.0000000000000000000, -1.000000000000000000 ) ) ;
#3295 = CARTESIAN_POINT ( 'NONE',  ( 6.274601296359721303, -0.4164503673874300205, 0.05516503352022140982 ) ) ;
#3296 = CARTESIAN_POINT ( 'NONE',  ( 3.499999995479639914, -0.6406317572097729451, 1.300000030463270173 ) ) ;
#3297 = CIRCLE ( 'NONE', #1245, 0.8999999999999943601 ) ;
#3298 = CARTESIAN_POINT ( 'NONE',  ( -5.060817448666210083, -0.1741115543030050117, 0.07756005246191781388 ) ) ;
#3299 = CARTESIAN_POINT ( 'NONE',  ( 5.746870166009830250, 0.5991851006367510113, 0.07756005247354649801 ) ) ;
#3300 = ORIENTED_EDGE ( 'NONE', *, *, #4379, .T. ) ;
#3301 = CARTESIAN_POINT ( 'NONE',  ( 3.422270755428200140, 0.0000000000000000000, 2.104114625321019894 ) ) ;
#3302 = CARTESIAN_POINT ( 'NONE',  ( -5.142901189282540031, -0.1169396394672970185, 6.867899143962940223E-17 ) ) ;
#3303 = CARTESIAN_POINT ( 'NONE',  ( -5.677387237977380430, 0.5134095232507209783, -3.692659018676409941E-16 ) ) ;
#3304 = CARTESIAN_POINT ( 'NONE',  ( -2.475120692249380028, 0.8791444960728619362, 2.179144526536139992 ) ) ;
#3305 = CYLINDRICAL_SURFACE ( 'NONE', #3218, 0.2249999999999999500 ) ;
#3306 = CARTESIAN_POINT ( 'NONE',  ( -5.075408138027789562, -0.1631660490966989896, 0.02507684311766189902 ) ) ;
#3307 = CARTESIAN_POINT ( 'NONE',  ( 6.222481613498089814, -0.5182094205805689580, 0.08504003498300570507 ) ) ;
#3308 = CARTESIAN_POINT ( 'NONE',  ( 5.938877072330189577, -0.5957456569946210090, 0.1999999999999987621 ) ) ;
#3309 = CARTESIAN_POINT ( 'NONE',  ( 3.046257705760219814, -0.8541536936186510109, 2.154153724081920185 ) ) ;
#3310 = CARTESIAN_POINT ( 'NONE',  ( -6.202749433582759764, 0.5385241188777200039, 0.2000000000000000111 ) ) ;
#3311 = CARTESIAN_POINT ( 'NONE',  ( -5.001436930307090023, -0.04162226416585160238, 0.0000000000000000000 ) ) ;
#3312 = CARTESIAN_POINT ( 'NONE',  ( 5.140769207109250338, -0.1514625268380629941, -1.411117937016420246E-16 ) ) ;
#3313 = CARTESIAN_POINT ( 'NONE',  ( 2.561655826735730113, -0.8667525124322019714, 1.300000030463270173 ) ) ;
#3314 = CARTESIAN_POINT ( 'NONE',  ( -3.235639616665010099, -0.8646691662700990433, 1.300000030463270173 ) ) ;
#3315 = CARTESIAN_POINT ( 'NONE',  ( -6.113410848139899656, 0.5737585472723909508, 0.08504003498298999542 ) ) ;
#3316 = CARTESIAN_POINT ( 'NONE',  ( 5.548728811297910291, -0.5612833156150970337, 0.09999999999930729577 ) ) ;
#3317 = CARTESIAN_POINT ( 'NONE',  ( -2.312275712915439652, -3.944732393222822666E-15, 0.4030680291324649223 ) ) ;
#3318 = CARTESIAN_POINT ( 'NONE',  ( 2.256433125465450384, 0.8995863759936900683, 2.199586406456959686 ) ) ;
#3319 = CARTESIAN_POINT ( 'NONE',  ( 5.103097873905849902, 0.04271105926017720184, 6.836821566076129874E-17 ) ) ;
#3320 = CARTESIAN_POINT ( 'NONE',  ( 4.724999999999999645, 0.0000000000000000000, 1.300000000000000044 ) ) ;
#3321 = CARTESIAN_POINT ( 'NONE',  ( 5.323466576179270326, -0.4342979828426800082, 0.05516503351944840317 ) ) ;
#3322 = DIRECTION ( 'NONE',  ( 0.0000000000000000000, 0.0000000000000000000, 1.000000000000000000 ) ) ;
#3323 = CARTESIAN_POINT ( 'NONE',  ( -4.999998840160539970, -0.0002999056816654560110, 0.07756005247435880656 ) ) ;
#3324 = EDGE_LOOP ( 'NONE', ( #4523, #217, #2255, #4264 ) ) ;
#3325 = CARTESIAN_POINT ( 'NONE',  ( 3.380581965863680427, -0.8318110400136661253, 0.4681889904496080446 ) ) ;
#3326 = CARTESIAN_POINT ( 'NONE',  ( -5.141323834876031285, -0.1147748979453109969, 6.998303869377960927E-17 ) ) ;
#3327 = DIRECTION ( 'NONE',  ( 1.000000000000000000, 0.0000000000000000000, 0.0000000000000000000 ) ) ;
#3328 = CARTESIAN_POINT ( 'NONE',  ( -6.167387969290040850, 0.4633684639842640118, -8.195526485518260036E-16 ) ) ;
#3329 = CARTESIAN_POINT ( 'NONE',  ( -2.199999969536730049, -0.9003661125554340838, 1.300000030463270173 ) ) ;
#3330 = CARTESIAN_POINT ( 'NONE',  ( 5.447298641466669977, 0.4984277914397830522, 0.02507684312065890098 ) ) ;
#3331 = CARTESIAN_POINT ( 'NONE',  ( -4.999974409514909901, 0.007290673741145800232, 0.1999999999999987621 ) ) ;
#3332 = CARTESIAN_POINT ( 'NONE',  ( -6.230752510649369746, -0.5091797165859359708, 0.07756005247423269910 ) ) ;
#3333 = CARTESIAN_POINT ( 'NONE',  ( 6.151595199284700222, -0.5631998647927419777, 0.08504003498299529673 ) ) ;
#3334 = CARTESIAN_POINT ( 'NONE',  ( 6.301578169905729609, -0.3693503180003809838, 0.1999999999999987621 ) ) ;
#3335 = CARTESIAN_POINT ( 'NONE',  ( -6.206141281634679707, 0.4738670573901660465, 0.01308868717844960047 ) ) ;
#3336 = B_SPLINE_CURVE_WITH_KNOTS ( 'NONE', 5,
 ( #4831, #2045, #774, #2378, #4025, #3689, #4503, #348, #2800, #5324, #2404, #4054, #377, #1996, #4879, #3279, #4907, #4935, #2827, #1244, #2879, #854, #451, #2564, #3358, #48, #4992, #4966, #4190, #4244, #5022, #881, #154, #503, #554, #102, #2590, #1721, #908, #3749 ),
 .UNSPECIFIED., .F., .F.,
 ( 6, 1, 1, 1, 1, 1, 1, 1, 1, 1, 1, 1, 1, 1, 1, 1, 1, 1, 1, 1, 1, 1, 1, 1, 1, 1, 1, 1, 1, 1, 1, 1, 1, 1, 1, 6 ),
 ( 0.0000000000000000000, 0.02857142857142859829, 0.05714285714285709944, 0.08571428571428570120, 0.1142857142857140046, 0.1428571428571429880, 0.1714285714285710138, 0.2000000000000000111, 0.2285714285714290084, 0.2571428571428570065, 0.2857142857142859760, 0.3142857142857140018, 0.3428571428571430268, 0.3714285714285709972, 0.4000000000000000222, 0.4285714285714289917, 0.4571428571428570176, 0.4857142857142859871, 0.5142857142857140129, 0.5428571428571430380, 0.5714285714285719520, 0.5999999999999999778, 0.6285714285714290028, 0.6571428571428570287, 0.6857142857142860537, 0.7142857142857139685, 0.7428571428571429935, 0.7714285714285720186, 0.8000000000000000444, 0.8285714285714289584, 0.8571428571428569843, 0.8857142857142860093, 0.9142857142857140351, 0.9428571428571429491, 0.9714285714285719742, 1.000000000000000000 ),
 .UNSPECIFIED. ) ;
#3337 = CARTESIAN_POINT ( 'NONE',  ( -3.284326568066441077, 0.8607250946741169528, 2.160725125137389568 ) ) ;
#3338 = CARTESIAN_POINT ( 'NONE',  ( -5.070449349983590537, -0.01983775208173989973, 1.038057443662119975E-16 ) ) ;
#3339 = CARTESIAN_POINT ( 'NONE',  ( 6.025620760904968343, 0.4867359887239356975, -4.842966614643254323E-16 ) ) ;
#3340 = CARTESIAN_POINT ( 'NONE',  ( 5.952622545108030572, -0.5167194414337561437, -4.281923470342460035E-16 ) ) ;
#3341 = CARTESIAN_POINT ( 'NONE',  ( -3.333637229839510052, 0.0000000000000000000, 2.150390142441719998 ) ) ;
#3342 = CARTESIAN_POINT ( 'NONE',  ( -5.239709557780599880, 0.3739925363962369742, 0.08504003498084440615 ) ) ;
#3343 = CARTESIAN_POINT ( 'NONE',  ( 6.256162751552410306, -0.4695502945003580120, 0.1000000000000969974 ) ) ;
#3344 = EDGE_CURVE ( 'NONE', #2066, #366, #2877, .T. ) ;
#3345 = CARTESIAN_POINT ( 'NONE',  ( 2.199999969548116496, 0.0000000000000000000, 1.300000030463270173 ) ) ;
#3346 = CARTESIAN_POINT ( 'NONE',  ( 5.145351507955889581, 0.1202762236655190026, 4.658978770526519813E-17 ) ) ;
#3347 = CARTESIAN_POINT ( 'NONE',  ( -4.724999999999999645, 0.0000000000000000000, 1.524999999999999023 ) ) ;
#3348 = CARTESIAN_POINT ( 'NONE',  ( 5.084703237877359783, -0.1945230933831529896, 0.05516503351820899875 ) ) ;
#3349 = CARTESIAN_POINT ( 'NONE',  ( -6.248993213538679647, 0.4817881924118760373, 0.1000000000000979966 ) ) ;
#3350 = CARTESIAN_POINT ( 'NONE',  ( 5.438955471592969992, 0.5146512199690750355, 0.07756005247189640128 ) ) ;
#3351 = ORIENTED_EDGE ( 'NONE', *, *, #5048, .T. ) ;
#3352 = CARTESIAN_POINT ( 'NONE',  ( 3.494287647928740359, 0.0000000000000000000, 1.988731239045399946 ) ) ;
#3353 = CARTESIAN_POINT ( 'NONE',  ( -5.143620082033939944, -0.1179222615700700055, 6.808458715771719879E-17 ) ) ;
#3354 = CARTESIAN_POINT ( 'NONE',  ( -6.053826967753092703, 0.4833229116855779495, -6.853951877397063643E-16 ) ) ;
#3355 = CARTESIAN_POINT ( 'NONE',  ( -6.164995672461209608, 0.4661491931863400162, -8.244949449962230422E-16 ) ) ;
#3356 = CARTESIAN_POINT ( 'NONE',  ( -2.385652428381599854, 0.0000000000000000000, 2.190461953060459876 ) ) ;
#3357 = CARTESIAN_POINT ( 'NONE',  ( 2.312275712915440096, 0.8969320013308089701, 0.4030680291324649778 ) ) ;
#3358 = CARTESIAN_POINT ( 'NONE',  ( 5.577444020907750044, 0.5719321550693790002, 0.09999999999999939493 ) ) ;
#3359 = CARTESIAN_POINT ( 'NONE',  ( -6.347623178963989865, -0.09995202376006559475, 0.07756005247434150096 ) ) ;
#3360 = CARTESIAN_POINT ( 'NONE',  ( 5.893733830988099776, -0.5990531213409430178, 0.1999999999999987621 ) ) ;
#3361 = CARTESIAN_POINT ( 'NONE',  ( -5.040285483560330348, 0.004247246655698280922, 0.01308868717840339958 ) ) ;
#3362 = CARTESIAN_POINT ( 'NONE',  ( 5.121930140671279830, -0.2530289083352100232, 0.2000000000000000111 ) ) ;
#3363 = CARTESIAN_POINT ( 'NONE',  ( -6.324478443710519926, -0.1643211641081850083, 0.02507684312138920221 ) ) ;
#3364 = CARTESIAN_POINT ( 'NONE',  ( 5.391708249754660010, -0.3961413550223750191, -1.537619986301160123E-16 ) ) ;
#3365 = CARTESIAN_POINT ( 'NONE',  ( -5.506538553697040150, 0.5380901563022281175, 0.05516503351978879754 ) ) ;
#3366 = CARTESIAN_POINT ( 'NONE',  ( 5.438944891605039800, -0.5146197988462121176, 0.09999999999905530290 ) ) ;
#3367 = CARTESIAN_POINT ( 'NONE',  ( 6.349999999999999645, 1.480091852613629987E-24, 0.07756005247435800165 ) ) ;
#3368 = CARTESIAN_POINT ( 'NONE',  ( 6.169178803613383444, -0.4201263995268187945, -5.711351332205924254E-16 ) ) ;
#3369 = CARTESIAN_POINT ( 'NONE',  ( -2.917476980842439893, 0.0000000000000000000, 2.143692358351500182 ) ) ;
#3370 = CARTESIAN_POINT ( 'NONE',  ( 5.125992035279010040, 0.09323033812682079979, 5.600872007168670499E-17 ) ) ;
#3371 = CARTESIAN_POINT ( 'NONE',  ( 0.0000000000000000000, 0.0000000000000000000, 2.200000030463264533 ) ) ;
#3372 = CARTESIAN_POINT ( 'NONE',  ( -6.328751041317199899, 0.2658091188215530032, 0.1000000000000499933 ) ) ;
#3373 = CARTESIAN_POINT ( 'NONE',  ( -6.300106859616869670, -0.3706340944707010032, 0.09999999999992230382 ) ) ;
#3374 = CARTESIAN_POINT ( 'NONE',  ( 5.128374475751609651, 0.2589302027705729925, 0.07756005246440450529 ) ) ;
#3375 = ORIENTED_EDGE ( 'NONE', *, *, #4614, .T. ) ;
#3376 = CARTESIAN_POINT ( 'NONE',  ( 3.380581965863679983, -0.8318110400136660143, 1.300000030463270173 ) ) ;
#3377 = CARTESIAN_POINT ( 'NONE',  ( -6.233873348583401253, -0.3477041391578130081, -8.118491809887140016E-16 ) ) ;
#3378 = CARTESIAN_POINT ( 'NONE',  ( 6.345819140479379783, 0.1459536405944240056, 0.2000000000000000111 ) ) ;
#3379 = CARTESIAN_POINT ( 'NONE',  ( -2.475120692249380028, 0.0000000000000000000, 2.179144526536139992 ) ) ;
#3380 = CARTESIAN_POINT ( 'NONE',  ( 5.107872910224539709, 0.2056584887004289930, 0.02507684311799299876 ) ) ;
#3381 = CARTESIAN_POINT ( 'NONE',  ( 2.644399860962149962, 0.0000000000000000000, 0.4445184116040949984 ) ) ;
#3382 = CARTESIAN_POINT ( 'NONE',  ( -5.121930140671279830, 0.2530289083352100232, 0.1999999999999987621 ) ) ;
#3383 = AXIS2_PLACEMENT_3D ( 'NONE', #1730, #4283, #590 ) ;
#3384 = CARTESIAN_POINT ( 'NONE',  ( -6.013819616163631032, -0.5886407738765330189, 0.07756005247412829651 ) ) ;
#3385 = CARTESIAN_POINT ( 'NONE',  ( 5.000430390515130163, -0.02338736143942889839, 0.09999999999977329801 ) ) ;
#3386 = CARTESIAN_POINT ( 'NONE',  ( 5.044608523403979916, -0.1523449825903359922, 0.1999999999999987621 ) ) ;
#3387 = CARTESIAN_POINT ( 'NONE',  ( -6.209772227653149734, 0.3882651389260580732, -8.521468150654250015E-16 ) ) ;
#3388 = CIRCLE ( 'NONE', #3834, 0.7250000290572630179 ) ;
#3389 = CARTESIAN_POINT ( 'NONE',  ( -5.070148377291520347, -0.009787532609819009355, 1.040349376078500034E-16 ) ) ;
#3390 = VECTOR ( 'NONE', #2752, 1000.000000000000000 ) ;
#3391 = CARTESIAN_POINT ( 'NONE',  ( 5.181944873323270251, -0.2022706416220640124, -1.438594473975180055E-16 ) ) ;
#3392 = CARTESIAN_POINT ( 'NONE',  ( -3.235639616665010099, 0.0000000000000000000, 2.164669196733369994 ) ) ;
#3393 = CARTESIAN_POINT ( 'NONE',  ( -6.221376409898470072, 0.5089908951327379860, 0.05516503352022660706 ) ) ;
#3394 = CARTESIAN_POINT ( 'NONE',  ( 5.063883682605509584, -0.1782239970365069870, 0.09999999999600489575 ) ) ;
#3395 = CARTESIAN_POINT ( 'NONE',  ( -5.249864402188619827, -0.3858697217414899794, 0.09999999999999920064 ) ) ;
#3396 = FACE_OUTER_BOUND ( 'NONE', #1763, .T. ) ;
#3397 = CARTESIAN_POINT ( 'NONE',  ( 5.106764089057880263, -0.2224451354015569982, 0.05516503351832630075 ) ) ;
#3398 = CARTESIAN_POINT ( 'NONE',  ( -6.126783391554010194, 0.5705697464357110116, 0.1000000000000860062 ) ) ;
#3399 = CARTESIAN_POINT ( 'NONE',  ( -6.258354790501130083, -0.4662168405909289937, 0.09999999999988580524 ) ) ;
#3400 = VERTEX_POINT ( 'NONE', #2422 ) ;
#3401 = CARTESIAN_POINT ( 'NONE',  ( 3.500000000000000000, 0.6308584043937629504, 1.300000030463270173 ) ) ;
#3402 = CARTESIAN_POINT ( 'NONE',  ( -5.141127141676930634, -0.1145039704290670007, 7.014568005547900210E-17 ) ) ;
#3403 = CARTESIAN_POINT ( 'NONE',  ( 6.159409054413109708, 0.4367836171659190136, -5.659912887356720353E-16 ) ) ;
#3404 = ADVANCED_FACE ( 'NONE', ( #4924 ), #1656, .F. ) ;
#3405 = CARTESIAN_POINT ( 'NONE',  ( -6.148361423040530127, 0.4511008950928769856, -8.258689954917390395E-16 ) ) ;
#3406 = CARTESIAN_POINT ( 'NONE',  ( 6.281565084905249563, 0.4197854674473779912, 0.0000000000000000000 ) ) ;
#3407 = CARTESIAN_POINT ( 'NONE',  ( -2.794526764258590479, 0.0000000000000000000, 0.4573344334208550022 ) ) ;
#3408 = CARTESIAN_POINT ( 'NONE',  ( 5.081130567345190308, 0.1709588692772610052, 0.02507684311768370450 ) ) ;
#3409 = CARTESIAN_POINT ( 'NONE',  ( 2.722375865889810065, 0.0000000000000000000, 2.147146350084740085 ) ) ;
#3410 = CARTESIAN_POINT ( 'NONE',  ( -5.410603633123799661, 0.5023060787889991330, 0.1999999999999987621 ) ) ;
#3411 = EDGE_CURVE ( 'NONE', #3712, #1837, #5089, .T. ) ;
#3412 = CARTESIAN_POINT ( 'NONE',  ( -5.641189903040619846, -0.5853329418436199472, 0.07756005247318951967 ) ) ;
#3413 = CARTESIAN_POINT ( 'NONE',  ( 5.450000029057261663, 0.0000000000000000000, 0.7999999709427351169 ) ) ;
#3414 = CARTESIAN_POINT ( 'NONE',  ( -5.097988649091989899, 0.1566117838619290048, 0.01308868717701110011 ) ) ;
#3415 = CARTESIAN_POINT ( 'NONE',  ( 5.120182596216899640, 0.1365562545102370073, 4.722898831455900093E-17 ) ) ;
#3416 = DIRECTION ( 'NONE',  ( 0.0000000000000000000, 0.0000000000000000000, -1.000000000000000000 ) ) ;
#3417 = CARTESIAN_POINT ( 'NONE',  ( -3.499999995479639914, 0.6406317572097729451, 0.6593682732535010027 ) ) ;
#3418 = CARTESIAN_POINT ( 'NONE',  ( 5.752130582927939884, -0.5217853110255910032, -3.314614543356720303E-16 ) ) ;
#3419 = CARTESIAN_POINT ( 'NONE',  ( -3.380581965863680427, -0.8318110400136661253, 2.131811070476940184 ) ) ;
#3420 = CARTESIAN_POINT ( 'NONE',  ( -6.243159013192960849, 0.4782500036036029800, 0.05516503352022560092 ) ) ;
#3421 = CARTESIAN_POINT ( 'NONE',  ( 5.062926206616899627, -0.1769191339922490114, 0.09999999999600059364 ) ) ;
#3422 = CARTESIAN_POINT ( 'NONE',  ( 5.044608523403979916, -0.1523449825903359922, 0.1000000000000000333 ) ) ;
#3423 = CARTESIAN_POINT ( 'NONE',  ( -2.644399860962149962, -0.8554816188591789494, 2.155481649322450011 ) ) ;
#3424 = CARTESIAN_POINT ( 'NONE',  ( -5.190802839516660327, 0.3269060040435989856, 0.09999999999731590261 ) ) ;
#3425 = CARTESIAN_POINT ( 'NONE',  ( -5.471091196841830318, -0.5302772227165749586, 0.09999999999783509841 ) ) ;
#3426 = CARTESIAN_POINT ( 'NONE',  ( 5.214896544371310227, 0.3508113022117270163, 0.07756005246770891759 ) ) ;
#3427 = ORIENTED_EDGE ( 'NONE', *, *, #4387, .F. ) ;
#3428 = CARTESIAN_POINT ( 'NONE',  ( 6.345819140479379783, 0.1459536405944240056, 0.2000000000000008993 ) ) ;
#3429 = CARTESIAN_POINT ( 'NONE',  ( 6.250000011192019755, 0.01039021815587149941, -6.245004581216830444E-16 ) ) ;
#3430 = CARTESIAN_POINT ( 'NONE',  ( -6.174991080479680150, 0.4094510648512050266, -8.438977720429180892E-16 ) ) ;
#3431 = CARTESIAN_POINT ( 'NONE',  ( -2.722375865889810065, 0.8471463196214710223, 1.300000030463270173 ) ) ;
#3432 = CARTESIAN_POINT ( 'NONE',  ( 5.075799486949559736, 0.1637040560885590079, 0.02507684311766259985 ) ) ;
#3433 = CARTESIAN_POINT ( 'NONE',  ( 3.009674527917810316, 0.0000000000000000000, 0.4491884234288340272 ) ) ;
#3434 = CARTESIAN_POINT ( 'NONE',  ( 5.414346710284871911, 0.3882298735551731328, -1.145360867264232973E-16 ) ) ;
#3435 = CARTESIAN_POINT ( 'NONE',  ( 5.000000029057262374, -0.4499999999999999556, 0.9610912583114842311 ) ) ;
#3436 = CARTESIAN_POINT ( 'NONE',  ( -5.040363550522740432, 0.01033171177660680007, 0.01308868717838880188 ) ) ;
#3437 = EDGE_CURVE ( 'NONE', #366, #445, #3816, .T. ) ;
#3438 = CARTESIAN_POINT ( 'NONE',  ( 5.136058183163189739, 0.1576171788835140086, 3.797147566938039923E-17 ) ) ;
#3439 = CARTESIAN_POINT ( 'NONE',  ( 5.004801479821759713, -0.06614013873328339344, 0.2000000000000000111 ) ) ;
#3440 = CARTESIAN_POINT ( 'NONE',  ( -3.494287647928740359, 0.6887312085821259977, 1.300000030463270173 ) ) ;
#3441 = CARTESIAN_POINT ( 'NONE',  ( -6.311621215398449891, -0.2543551722444680196, 0.02507684312138270394 ) ) ;
#3442 = CARTESIAN_POINT ( 'NONE',  ( 5.127983214047730165, -0.1345321562735020127, -1.365959602979730067E-16 ) ) ;
#3443 = CARTESIAN_POINT ( 'NONE',  ( -3.422270755428200140, 0.0000000000000000000, 2.104114625321019894 ) ) ;
#3444 = CARTESIAN_POINT ( 'NONE',  ( -6.238179192417590890, 0.4861754200004609894, 0.05516503352022619766 ) ) ;
#3445 = CARTESIAN_POINT ( 'NONE',  ( 4.999999960734370141, -2.299150617883967936E-11, 0.09999999999999954758 ) ) ;
#3446 = CARTESIAN_POINT ( 'NONE',  ( -2.644399860962149962, 0.0000000000000000000, 2.155481649322450011 ) ) ;
#3447 = CARTESIAN_POINT ( 'NONE',  ( -6.350000028353020021, -0.02632166237988979932, 0.0000000000000000000 ) ) ;
#3448 = CARTESIAN_POINT ( 'NONE',  ( 6.195821658845620306, -0.4874036473949889814, 0.01308868717845010181 ) ) ;
#3449 = CARTESIAN_POINT ( 'NONE',  ( -6.113410848139899656, 0.5737585472723909508, 0.1000000000000839939 ) ) ;
#3450 = CARTESIAN_POINT ( 'NONE',  ( -6.287059163247260329, -0.4053309385163110234, 0.09999999999990839827 ) ) ;
#3451 = CARTESIAN_POINT ( 'NONE',  ( 5.060159486420180208, 0.1732058887278900006, 0.07756005246191620406 ) ) ;
#3452 = EDGE_LOOP ( 'NONE', ( #2608, #1319 ) ) ;
#3453 = FACE_OUTER_BOUND ( 'NONE', #3080, .T. ) ;
#3454 = CARTESIAN_POINT ( 'NONE',  ( -6.116821475947520348, 0.4693601314666219770, -7.397138219461600319E-16 ) ) ;
#3455 = CARTESIAN_POINT ( 'NONE',  ( -2.722375865889810065, -0.8471463196214711333, 0.4528537108418029811 ) ) ;
#3456 = CARTESIAN_POINT ( 'NONE',  ( 5.075173356258609658, 0.1628429679996890034, 0.02507684311766170127 ) ) ;
#3457 = CARTESIAN_POINT ( 'NONE',  ( 2.917476980842439893, 0.8436923278882220156, 1.300000030463270173 ) ) ;
#3458 = CARTESIAN_POINT ( 'NONE',  ( 5.262638482586257105, 0.2586565885163092937, -2.276755604954864196E-17 ) ) ;
#3459 = CARTESIAN_POINT ( 'NONE',  ( -2.859815149085939812, 0.0000000000000000000, 2.141812903471060014 ) ) ;
#3460 = CARTESIAN_POINT ( 'NONE',  ( 3.380581965863680427, -0.8318110400136661253, 2.131811070476940184 ) ) ;
#3461 = CARTESIAN_POINT ( 'NONE',  ( 5.116838381245259804, 0.1319760683259590117, 4.917744219937459693E-17 ) ) ;
#3462 = CARTESIAN_POINT ( 'NONE',  ( 5.726241842797760384, -0.5985893008589749931, 0.2000000000000000111 ) ) ;
#3463 = CARTESIAN_POINT ( 'NONE',  ( -3.498961390185080234, 0.0000000000000000000, 0.6399610592839770629 ) ) ;
#3464 = CARTESIAN_POINT ( 'NONE',  ( -5.298971635041880290, -0.4008028085163329868, 0.02507684312012019995 ) ) ;
#3465 = CARTESIAN_POINT ( 'NONE',  ( 5.097044733450490028, -0.08920794833423019432, -2.187706511832550055E-16 ) ) ;
#3466 = CARTESIAN_POINT ( 'NONE',  ( -3.481874671466670179, -0.7257874573880770397, 0.5742125730751970192 ) ) ;
#3467 = CARTESIAN_POINT ( 'NONE',  ( -6.250201816810229793, 0.4662282573967950206, 0.05516503352022510132 ) ) ;
#3468 = CARTESIAN_POINT ( 'NONE',  ( -2.312275712915440096, 0.0000000000000000000, 2.196932031794080142 ) ) ;
#3469 = CARTESIAN_POINT ( 'NONE',  ( -5.121930140671279830, 0.2530289083352100232, 0.2000000000000000111 ) ) ;
#3470 = CARTESIAN_POINT ( 'NONE',  ( -2.644399860962149962, -0.8554816188591790604, 1.300000030463270173 ) ) ;
#3471 = CARTESIAN_POINT ( 'NONE',  ( 5.881330113522589720, -0.5592063504254829454, 0.01308868717838020113 ) ) ;
#3472 = CARTESIAN_POINT ( 'NONE',  ( -5.746868630017200275, 0.5991839344900750097, 0.09999999999978770315 ) ) ;
#3473 = CARTESIAN_POINT ( 'NONE',  ( 5.104594820404329880, 0.2306325404665350021, 0.07756005246316489965 ) ) ;
#3474 = EDGE_LOOP ( 'NONE', ( #2174, #1983, #3872, #3770 ) ) ;
#3475 = CARTESIAN_POINT ( 'NONE',  ( 5.004801479821759713, 0.06614013873328339344, 0.2000000000000008993 ) ) ;
#3476 = CARTESIAN_POINT ( 'NONE',  ( 6.194406083282809838, 0.3675990282100650153, -5.874504857539499861E-16 ) ) ;
#3477 = CARTESIAN_POINT ( 'NONE',  ( -6.168829999515449636, 0.4209013446986419882, -8.485539440866240399E-16 ) ) ;
#3478 = CARTESIAN_POINT ( 'NONE',  ( 5.239709557780599880, -0.3739925363962369742, 0.08504003498084440615 ) ) ;
#3479 = CARTESIAN_POINT ( 'NONE',  ( -2.794526764258589591, 0.8426655970424189457, 2.142665627505690118 ) ) ;
#3480 = CARTESIAN_POINT ( 'NONE',  ( 5.089957553837100690, 0.1827126309189510411, 0.02507684311779620132 ) ) ;
#3481 = CARTESIAN_POINT ( 'NONE',  ( 3.079716191379540557, 0.8570832699196331284, 0.4429167605436410415 ) ) ;
#3482 = CARTESIAN_POINT ( 'NONE',  ( -6.239670714355960435, -0.1864076570577050118, -8.405315298043050995E-16 ) ) ;
#3483 = CARTESIAN_POINT ( 'NONE',  ( 5.781691105802800656, 0.5011311278357729604, -3.367432533412448007E-16 ) ) ;
#3484 = CARTESIAN_POINT ( 'NONE',  ( 5.149695184300856710, -0.4499999999999999556, 1.524999999999998357 ) ) ;
#3485 = CARTESIAN_POINT ( 'NONE',  ( 3.481874671466670179, -0.7257874573880770397, 0.5742125730751970192 ) ) ;
#3486 = CARTESIAN_POINT ( 'NONE',  ( 5.494938181979860836, -0.5433329124702379609, 0.2000000000000000111 ) ) ;
#3487 = LINE ( 'NONE', #4832, #5300 ) ;
#3488 = CARTESIAN_POINT ( 'NONE',  ( -5.252003905589839761, -0.3605693612246400059, 0.02507684311967309926 ) ) ;
#3489 = CARTESIAN_POINT ( 'NONE',  ( 5.088396779201969977, -0.07201888028183189849, -2.325824810275669826E-16 ) ) ;
#3490 = CARTESIAN_POINT ( 'NONE',  ( -3.481874671466670179, 0.7257874573880770397, 0.5742125730751970192 ) ) ;
#3491 = CARTESIAN_POINT ( 'NONE',  ( -5.048820513078569938, 0.1454570932866230126, 0.05516503351886589690 ) ) ;
#3492 = CARTESIAN_POINT ( 'NONE',  ( -2.312275712915440096, 0.0000000000000000000, 0.4030680291324649778 ) ) ;
#3493 = CARTESIAN_POINT ( 'NONE',  ( -5.327753741663210363, 0.4490264278117330199, 0.0000000000000000000 ) ) ;
#3494 = CARTESIAN_POINT ( 'NONE',  ( -3.113135215446409809, 0.0000000000000000000, 2.159814673860990020 ) ) ;
#3495 = CARTESIAN_POINT ( 'NONE',  ( -5.471014233627860435, -0.4523053788787140816, -2.141128430115939954E-16 ) ) ;
#3496 = CARTESIAN_POINT ( 'NONE',  ( -5.494938181979860836, -0.5433329124702379609, 0.2000000000000000111 ) ) ;
#3497 = CARTESIAN_POINT ( 'NONE',  ( 6.214546230105621127, -0.4609141775368709726, 0.01308868717844930210 ) ) ;
#3498 = CARTESIAN_POINT ( 'NONE',  ( 2.475120692249380028, 0.0000000000000000000, 2.179144526536139992 ) ) ;
#3499 = CARTESIAN_POINT ( 'NONE',  ( -6.156781515351379852, 0.5613600095017999836, 0.08504003498299519959 ) ) ;
#3500 = ORIENTED_EDGE ( 'NONE', *, *, #4871, .F. ) ;
#3501 = CARTESIAN_POINT ( 'NONE',  ( -5.249864402188619827, 0.3858697217414899794, 0.1000000000000000333 ) ) ;
#3502 = CARTESIAN_POINT ( 'NONE',  ( 6.231272897883459727, 0.2392119147762450104, -6.102886614889180103E-16 ) ) ;
#3503 = CARTESIAN_POINT ( 'NONE',  ( -5.354369841341489966, 0.3405057976000929743, -1.909119686959419955E-16 ) ) ;
#3504 =( BOUNDED_SURFACE ( )  B_SPLINE_SURFACE ( 5, 2, ( 
 ( #4600, #1631, #4544, #4922, #465, #2922, #2552, #816, #4203 ),
 ( #4574, #2499, #3733, #5311, #2086, #1603, #62, #1232, #2866 ),
 ( #841, #3318, #4981, #4016, #1264, #3654, #2198, #4038, #646 ),
 ( #2309, #273, #1488, #1891, #3186, #1154, #4787, #4446, #5194 ),
 ( #3131, #2336, #1099, #2784, #302, #3556, #1862, #1521, #758 ),
 ( #3498, #361, #5165, #1979, #3619, #1573, #2811, #4468, #2113 ),
 ( #2054, #3240, #783, #2081, #1677, #4089, #3313, #1256, #2416 ),
 ( #4567, #890, #4513, #1227, #863, #2520, #3646, #3700, #4890 ),
 ( #2468, #2836, #4117, #4490, #4945, #84, #30, #2889, #4747 ),
 ( #1855, #4029, #2673, #4409, #5213, #718, #3910, #3071, #2270 ),
 ( #4805, #2778, #4354, #1944, #1039, #1882, #1825, #5185, #3998 ),
 ( #3583, #3938, #3178, #3519, #1145, #1479, #3121, #3096, #4438 ),
 ( #235, #4777, #1090, #4327, #639, #1061, #3639, #2077, #778 ),
 ( #1594, #4111, #1248, #4561, #1567, #1277, #2436, #2882, #2024 ),
 ( #52, #804, #1671, #429, #4882, #885, #1198, #3309, #3257 ),
 ( #4970, #1175, #2911, #4532, #2514, #352, #3234, #4057, #2408 ),
 ( #2830, #23, #4141, #4081, #1971, #380, #1999, #401, #3669 ),
 ( #3694, #5328, #1620, #3206, #5298, #4484, #3612, #4910, #2049 ),
 ( #1221, #2855, #2804, #4506, #830, #5269, #2462, #1644, #4856 ),
 ( #4939, #858, #3283, #2488, #4463, #4617, #938, #1353, #5206 ),
 ( #1445, #3961, #3143, #2643, #3512, #609, #4800, #1849, #4298 ),
 ( #2350, #4740, #4770, #1423, #3992, #1035, #1113, #5237, #2239 ),
 ( #1057, #3064, #1535, #3880, #1819, #4405, #203, #3460, #1472 ),
 ( #5128, #3904, #4712, #2693, #711, #2293, #2667, #318, #4348 ),
 ( #658, #1938, #3934, #5152, #4320, #3574, #633, #2264, #257 ),
 ( #1876, #1081, #3172, #229, #4827, #3485, #5179, #3117, #2722 ),
 ( #4375, #686, #2323, #286, #3541, #1905, #2925, #2951, #1658 ),
 ( #1290, #441, #1736, #2063, #4207, #4154, #4181, #520, #1966 ),
 ( #3767, #2555, #1137, #2476, #2869, #1563, #3296, #3709, #2530 ),
 ( #4956, #4603, #4521, #844, #1265, #2898, #3200, #4577, #871 ) ),
 .UNSPECIFIED., .F., .T., .F. ) 
 B_SPLINE_SURFACE_WITH_KNOTS ( ( 6, 1, 1, 1, 1, 1, 1, 1, 1, 1, 1, 1, 1, 1, 1, 1, 1, 1, 1, 1, 1, 1, 1, 1, 1, 6 ),
 ( 3, 2, 2, 2, 3 ),
 ( 0.0000000000000000000, 0.04000000000000000083, 0.08000000000000000167, 0.1199999999999999956, 0.1600000000000000033, 0.2000000000000000111, 0.2399999999999999911, 0.2800000000000000266, 0.3200000000000000067, 0.3599999999999999867, 0.4000000000000000222, 0.4400000000000000022, 0.4799999999999999822, 0.5200000000000000178, 0.5600000000000000533, 0.5999999999999999778, 0.6400000000000000133, 0.6800000000000000488, 0.7199999999999999734, 0.7600000000000000089, 0.8000000000000000444, 0.8399999999999999689, 0.8800000000000000044, 0.9200000000000000400, 0.9599999999999999645, 1.000000000000000000 ),
 ( 0.0000000000000000000, 1.570796326794900111, 3.141592653589790007, 4.712388980384689674, 6.283185307179589785 ),
 .UNSPECIFIED. ) 
 GEOMETRIC_REPRESENTATION_ITEM ( )  RATIONAL_B_SPLINE_SURFACE ( (
 ( 1.000000000000000000, 0.7071067811865480168, 1.000000000000000000, 0.7071067811865480168, 1.000000000000000000, 0.7071067811865480168, 1.000000000000000000, 0.7071067811865480168, 1.000000000000000000),
 ( 1.000000000000000000, 0.7071067811865480168, 1.000000000000000000, 0.7071067811865480168, 1.000000000000000000, 0.7071067811865480168, 1.000000000000000000, 0.7071067811865480168, 1.000000000000000000),
 ( 1.000000000000000000, 0.7071067811865480168, 1.000000000000000000, 0.7071067811865480168, 1.000000000000000000, 0.7071067811865480168, 1.000000000000000000, 0.7071067811865480168, 1.000000000000000000),
 ( 1.000000000000000000, 0.7071067811865480168, 1.000000000000000000, 0.7071067811865480168, 1.000000000000000000, 0.7071067811865480168, 1.000000000000000000, 0.7071067811865480168, 1.000000000000000000),
 ( 1.000000000000000000, 0.7071067811865480168, 1.000000000000000000, 0.7071067811865480168, 1.000000000000000000, 0.7071067811865480168, 1.000000000000000000, 0.7071067811865480168, 1.000000000000000000),
 ( 1.000000000000000000, 0.7071067811865480168, 1.000000000000000000, 0.7071067811865480168, 1.000000000000000000, 0.7071067811865480168, 1.000000000000000000, 0.7071067811865480168, 1.000000000000000000),
 ( 1.000000000000000000, 0.7071067811865480168, 1.000000000000000000, 0.7071067811865480168, 1.000000000000000000, 0.7071067811865480168, 1.000000000000000000, 0.7071067811865480168, 1.000000000000000000),
 ( 1.000000000000000000, 0.7071067811865480168, 1.000000000000000000, 0.7071067811865480168, 1.000000000000000000, 0.7071067811865480168, 1.000000000000000000, 0.7071067811865480168, 1.000000000000000000),
 ( 1.000000000000000000, 0.7071067811865480168, 1.000000000000000000, 0.7071067811865480168, 1.000000000000000000, 0.7071067811865480168, 1.000000000000000000, 0.7071067811865480168, 1.000000000000000000),
 ( 1.000000000000000000, 0.7071067811865480168, 1.000000000000000000, 0.7071067811865480168, 1.000000000000000000, 0.7071067811865480168, 1.000000000000000000, 0.7071067811865480168, 1.000000000000000000),
 ( 1.000000000000000000, 0.7071067811865480168, 1.000000000000000000, 0.7071067811865480168, 1.000000000000000000, 0.7071067811865480168, 1.000000000000000000, 0.7071067811865480168, 1.000000000000000000),
 ( 1.000000000000000000, 0.7071067811865480168, 1.000000000000000000, 0.7071067811865480168, 1.000000000000000000, 0.7071067811865480168, 1.000000000000000000, 0.7071067811865480168, 1.000000000000000000),
 ( 1.000000000000000000, 0.7071067811865480168, 1.000000000000000000, 0.7071067811865480168, 1.000000000000000000, 0.7071067811865480168, 1.000000000000000000, 0.7071067811865480168, 1.000000000000000000),
 ( 1.000000000000000000, 0.7071067811865480168, 1.000000000000000000, 0.7071067811865480168, 1.000000000000000000, 0.7071067811865480168, 1.000000000000000000, 0.7071067811865480168, 1.000000000000000000),
 ( 1.000000000000000000, 0.7071067811865480168, 1.000000000000000000, 0.7071067811865480168, 1.000000000000000000, 0.7071067811865480168, 1.000000000000000000, 0.7071067811865480168, 1.000000000000000000),
 ( 1.000000000000000000, 0.7071067811865480168, 1.000000000000000000, 0.7071067811865480168, 1.000000000000000000, 0.7071067811865480168, 1.000000000000000000, 0.7071067811865480168, 1.000000000000000000),
 ( 1.000000000000000000, 0.7071067811865480168, 1.000000000000000000, 0.7071067811865480168, 1.000000000000000000, 0.7071067811865480168, 1.000000000000000000, 0.7071067811865480168, 1.000000000000000000),
 ( 1.000000000000000000, 0.7071067811865480168, 1.000000000000000000, 0.7071067811865480168, 1.000000000000000000, 0.7071067811865480168, 1.000000000000000000, 0.7071067811865480168, 1.000000000000000000),
 ( 1.000000000000000000, 0.7071067811865480168, 1.000000000000000000, 0.7071067811865480168, 1.000000000000000000, 0.7071067811865480168, 1.000000000000000000, 0.7071067811865480168, 1.000000000000000000),
 ( 1.000000000000000000, 0.7071067811865480168, 1.000000000000000000, 0.7071067811865480168, 1.000000000000000000, 0.7071067811865480168, 1.000000000000000000, 0.7071067811865480168, 1.000000000000000000),
 ( 1.000000000000000000, 0.7071067811865480168, 1.000000000000000000, 0.7071067811865480168, 1.000000000000000000, 0.7071067811865480168, 1.000000000000000000, 0.7071067811865480168, 1.000000000000000000),
 ( 1.000000000000000000, 0.7071067811865480168, 1.000000000000000000, 0.7071067811865480168, 1.000000000000000000, 0.7071067811865480168, 1.000000000000000000, 0.7071067811865480168, 1.000000000000000000),
 ( 1.000000000000000000, 0.7071067811865480168, 1.000000000000000000, 0.7071067811865480168, 1.000000000000000000, 0.7071067811865480168, 1.000000000000000000, 0.7071067811865480168, 1.000000000000000000),
 ( 1.000000000000000000, 0.7071067811865480168, 1.000000000000000000, 0.7071067811865480168, 1.000000000000000000, 0.7071067811865480168, 1.000000000000000000, 0.7071067811865480168, 1.000000000000000000),
 ( 1.000000000000000000, 0.7071067811865480168, 1.000000000000000000, 0.7071067811865480168, 1.000000000000000000, 0.7071067811865480168, 1.000000000000000000, 0.7071067811865480168, 1.000000000000000000),
 ( 1.000000000000000000, 0.7071067811865480168, 1.000000000000000000, 0.7071067811865480168, 1.000000000000000000, 0.7071067811865480168, 1.000000000000000000, 0.7071067811865480168, 1.000000000000000000),
 ( 1.000000000000000000, 0.7071067811865480168, 1.000000000000000000, 0.7071067811865480168, 1.000000000000000000, 0.7071067811865480168, 1.000000000000000000, 0.7071067811865480168, 1.000000000000000000),
 ( 1.000000000000000000, 0.7071067811865480168, 1.000000000000000000, 0.7071067811865480168, 1.000000000000000000, 0.7071067811865480168, 1.000000000000000000, 0.7071067811865480168, 1.000000000000000000),
 ( 1.000000000000000000, 0.7071067811865480168, 1.000000000000000000, 0.7071067811865480168, 1.000000000000000000, 0.7071067811865480168, 1.000000000000000000, 0.7071067811865480168, 1.000000000000000000),
 ( 1.000000000000000000, 0.7071067811865480168, 1.000000000000000000, 0.7071067811865480168, 1.000000000000000000, 0.7071067811865480168, 1.000000000000000000, 0.7071067811865480168, 1.000000000000000000) ) ) 
 REPRESENTATION_ITEM ( '' )  SURFACE ( )  );
#3505 = CARTESIAN_POINT ( 'NONE',  ( 5.068783620773060328, -0.1848332312955789924, 0.08504003497893150576 ) ) ;
#3506 = CARTESIAN_POINT ( 'NONE',  ( -2.722375865889810065, 0.8471463196214711333, 0.4528537108418029811 ) ) ;
#3507 = CARTESIAN_POINT ( 'NONE',  ( 6.349046932142099919, 0.06651369435755599691, 0.07756005247434789862 ) ) ;
#3508 = CARTESIAN_POINT ( 'NONE',  ( 2.917476980842439893, 0.0000000000000000000, 2.143692358351500182 ) ) ;
#3509 = CARTESIAN_POINT ( 'NONE',  ( -5.878117605356790065, -0.4995665912818469390, -5.401071902615080088E-16 ) ) ;
#3510 = CARTESIAN_POINT ( 'NONE',  ( 6.156908186981562281, 0.4399887530825495330, -5.637126191230799964E-16 ) ) ;
#3511 = CARTESIAN_POINT ( 'NONE',  ( -2.199999969548116496, 0.0000000000000000000, 2.200366143018708254 ) ) ;
#3512 = CARTESIAN_POINT ( 'NONE',  ( 3.284326568066440633, 0.0000000000000000000, 0.4392749357891569950 ) ) ;
#3513 = CARTESIAN_POINT ( 'NONE',  ( 5.140144723519010306, 0.1628702313826279890, 3.560645221182840113E-17 ) ) ;
#3514 = CARTESIAN_POINT ( 'NONE',  ( 6.126351361099660942, -0.4661362755405902281, -5.452287500813700311E-16 ) ) ;
#3515 = CARTESIAN_POINT ( 'NONE',  ( 5.410603633123799661, -0.5023060787889991330, 0.2000000000000000111 ) ) ;
#3516 = CARTESIAN_POINT ( 'NONE',  ( 0.0000000000000000000, 0.0000000000000000000, 1.300000000000000266 ) ) ;
#3517 = CARTESIAN_POINT ( 'NONE',  ( -5.914922066777879905, -0.5791808144874730502, 0.02507684312127689968 ) ) ;
#3518 = CARTESIAN_POINT ( 'NONE',  ( 6.148361423040520357, -0.4511008950928769856, -6.204961435012379685E-16 ) ) ;
#3519 = CARTESIAN_POINT ( 'NONE',  ( 2.917476980842439893, 0.8436923278882220156, 0.4563077025750520432 ) ) ;
#3520 =( LENGTH_UNIT ( ) NAMED_UNIT ( * ) SI_UNIT ( .MILLI., .METRE. ) );
#3521 = CARTESIAN_POINT ( 'NONE',  ( -5.006837039796329769, -0.0003255741856244800036, 0.05516503352017660539 ) ) ;
#3522 = CARTESIAN_POINT ( 'NONE',  ( -2.475120692249380028, 0.8791444960728619362, 0.4208555343904120671 ) ) ;
#3523 = CARTESIAN_POINT ( 'NONE',  ( -5.121930140671279830, 0.2530289083352100232, 0.0000000000000000000 ) ) ;
#3524 = CARTESIAN_POINT ( 'NONE',  ( -3.009674527917810316, -0.8508116070344400317, 1.300000030463270173 ) ) ;
#3525 = CARTESIAN_POINT ( 'NONE',  ( -5.654840094374130821, -0.5165679891932259959, -3.599218978056680135E-16 ) ) ;
#3526 = CARTESIAN_POINT ( 'NONE',  ( 6.063864183494530380, 0.5116496348130139538, -5.053835379841430617E-16 ) ) ;
#3527 = CARTESIAN_POINT ( 'NONE',  ( -6.337018543290589889, -0.2254406790683469997, 0.0000000000000000000 ) ) ;
#3528 = CARTESIAN_POINT ( 'NONE',  ( -5.060373784720360035, 0.1734205666461559880, 0.09999999999599699929 ) ) ;
#3529 = CARTESIAN_POINT ( 'NONE',  ( 5.044608523403979916, 0.1523449825903359922, 0.0000000000000000000 ) ) ;
#3530 = VERTEX_POINT ( 'NONE', #3371 ) ;
#3531 = CARTESIAN_POINT ( 'NONE',  ( -6.262220585892830371, 0.4599031054947679831, 0.1000000000000000333 ) ) ;
#3532 = CARTESIAN_POINT ( 'NONE',  ( 5.177878640640519947, 0.1622281780957250119, 2.707646518140689989E-17 ) ) ;
#3533 = CARTESIAN_POINT ( 'NONE',  ( -6.079445569163779872, 0.4785919816051060205, -6.817098331210089734E-16 ) ) ;
#3534 = CARTESIAN_POINT ( 'NONE',  ( 5.062288024650819729, -0.1760470153095770041, 0.08504003497890559593 ) ) ;
#3535 = CARTESIAN_POINT ( 'NONE',  ( -3.046257705760219814, 0.0000000000000000000, 2.154153724081920185 ) ) ;
#3536 = CARTESIAN_POINT ( 'NONE',  ( 5.038339610449559913, 0.1053638800452850049, 0.02507684312019009890 ) ) ;
#3537 = CARTESIAN_POINT ( 'NONE',  ( 3.149310191193160247, 0.8624262690867171566, 1.300000030463270173 ) ) ;
#3538 = DIRECTION ( 'NONE',  ( -5.874195897487601649E-17, 0.0000000000000000000, -1.000000000000000000 ) ) ;
#3539 = CARTESIAN_POINT ( 'NONE',  ( 5.149695184300856710, 0.4499999999999999556, 1.524999999999998357 ) ) ;
#3540 = CARTESIAN_POINT ( 'NONE',  ( -6.120084205379971998, -0.4692968254877606937, -7.401863506498394252E-16 ) ) ;
#3541 = CARTESIAN_POINT ( 'NONE',  ( 3.494287647928740359, 0.0000000000000000000, 0.6112688218811469509 ) ) ;
#3542 = CARTESIAN_POINT ( 'NONE',  ( 5.849621314625790269, 0.5826188972078569783, 0.02507684312123580062 ) ) ;
#3543 = CARTESIAN_POINT ( 'NONE',  ( 5.938877072330189577, -0.5957456569946210090, 0.0000000000000000000 ) ) ;
#3544 =( LENGTH_UNIT ( ) NAMED_UNIT ( * ) SI_UNIT ( .MILLI., .METRE. ) );
#3545 = CARTESIAN_POINT ( 'NONE',  ( -5.478693615144459628, -0.5136934031173470139, 0.02507684312074820107 ) ) ;
#3546 = CARTESIAN_POINT ( 'NONE',  ( 6.119000596450520746, -0.4686205664476389976, -5.363242760759290900E-16 ) ) ;
#3547 = CARTESIAN_POINT ( 'NONE',  ( -3.481874671466670179, 0.7257874573880770397, 1.300000030463270173 ) ) ;
#3548 = CARTESIAN_POINT ( 'NONE',  ( -5.006833085500329794, 0.001017071227062499913, 0.05516503352017660539 ) ) ;
#3549 = CARTESIAN_POINT ( 'NONE',  ( -2.256433125465449940, 0.0000000000000000000, 0.4004136544695839905 ) ) ;
#3550 = CARTESIAN_POINT ( 'NONE',  ( -5.044608523403979916, 0.1523449825903359922, 0.0000000000000000000 ) ) ;
#3551 = CARTESIAN_POINT ( 'NONE',  ( -3.149310191193160247, 0.0000000000000000000, 2.162426299549990105 ) ) ;
#3552 = CARTESIAN_POINT ( 'NONE',  ( -5.263514430799980381, -0.3003180523434529903, -4.850144743900890843E-17 ) ) ;
#3553 = CIRCLE ( 'NONE', #917, 0.8999999999999943601 ) ;
#3554 = CARTESIAN_POINT ( 'NONE',  ( 6.184535089957200249, 0.4530556499838540030, -5.659912887356720353E-16 ) ) ;
#3555 = CARTESIAN_POINT ( 'NONE',  ( -6.024851973780100067, -0.5875604833422150008, 0.0000000000000000000 ) ) ;
#3556 = CARTESIAN_POINT ( 'NONE',  ( 2.385652428381600298, -0.8904619225971831531, 0.4095381078660910168 ) ) ;
#3557 = CARTESIAN_POINT ( 'NONE',  ( -6.263886745226850294, 0.4551746258560140368, 0.08504003498299959884 ) ) ;
#3558 = CARTESIAN_POINT ( 'NONE',  ( 4.999999888241290158, 0.0000000000000000000, 0.2000000000000000111 ) ) ;
#3559 = VECTOR ( 'NONE', #4565, 1000.000000000000000 ) ;
#3560 = CARTESIAN_POINT ( 'NONE',  ( -5.096680813166480029, -0.2208593679354959871, 0.09999999998868590312 ) ) ;
#3561 = CARTESIAN_POINT ( 'NONE',  ( 5.916224669004390257, 0.5973726838689970009, 0.09999999999959670316 ) ) ;
#3562 = VERTEX_POINT ( 'NONE', #4674 ) ;
#3563 = CARTESIAN_POINT ( 'NONE',  ( -4.999999960734370141, 2.299150617883967936E-11, 0.09999999999999951983 ) ) ;
#3564 = CARTESIAN_POINT ( 'NONE',  ( -5.134947942315109870, 0.1059850186071600170, -1.198937052655759995E-16 ) ) ;
#3565 = CARTESIAN_POINT ( 'NONE',  ( 5.019130549644489570, -0.1071343868471990035, 0.08504003498102681580 ) ) ;
#3566 =( GEOMETRIC_REPRESENTATION_CONTEXT ( 3 ) GLOBAL_UNCERTAINTY_ASSIGNED_CONTEXT ( ( #1989 ) ) GLOBAL_UNIT_ASSIGNED_CONTEXT ( ( #2025, #4439, #1249 ) ) REPRESENTATION_CONTEXT ( 'NONE', 'WORKASPACE' ) );
#3567 = CARTESIAN_POINT ( 'NONE',  ( -3.149310191193160247, 0.0000000000000000000, 2.162426299549990105 ) ) ;
#3568 = PRODUCT_DEFINITION_SHAPE ( 'NONE', 'NONE',  #4020 ) ;
#3569 = CARTESIAN_POINT ( 'NONE',  ( 6.183473454849290007, 0.5503123482443450509, 0.07756005247422979865 ) ) ;
#3570 = CARTESIAN_POINT ( 'NONE',  ( 3.190112246994440071, -0.8645113702127029676, 1.300000030463270173 ) ) ;
#3571 = CARTESIAN_POINT ( 'NONE',  ( -5.176244751457249826, -0.1602090717788149932, 4.103183163127229710E-17 ) ) ;
#3572 = FACE_OUTER_BOUND ( 'NONE', #676, .T. ) ;
#3573 = CARTESIAN_POINT ( 'NONE',  ( -6.164504844690179119, -0.4282472482186293616, -7.769198241870837110E-16 ) ) ;
#3574 = CARTESIAN_POINT ( 'NONE',  ( 3.456526291164410125, -0.7681146123552399230, 0.5318854181080340249 ) ) ;
#3575 = CARTESIAN_POINT ( 'NONE',  ( 6.282870190146110367, 0.3646641750029860352, 0.02507684312137480054 ) ) ;
#3576 = ADVANCED_FACE ( 'NONE', ( #2628 ), #2216, .T. ) ;
#3577 = ORIENTED_EDGE ( 'NONE', *, *, #3277, .F. ) ;
#3578 = CARTESIAN_POINT ( 'NONE',  ( 5.149125546183012325, -0.1255309446354844205, 4.589658659166658099E-17 ) ) ;
#3579 = CARTESIAN_POINT ( 'NONE',  ( 6.144552829628690205, -0.5666394410174280249, 0.2000000000000000111 ) ) ;
#3580 =( NAMED_UNIT ( * ) PLANE_ANGLE_UNIT ( ) SI_UNIT ( $, .RADIAN. ) );
#3581 = CARTESIAN_POINT ( 'NONE',  ( -6.044334686001789692, -0.5667504582992779483, 0.02507684312133449944 ) ) ;
#3582 = CARTESIAN_POINT ( 'NONE',  ( 5.112039907048299803, -0.06972668003273480020, -2.341075176058360197E-16 ) ) ;
#3583 = CARTESIAN_POINT ( 'NONE',  ( 2.917476980842439893, 0.0000000000000000000, 2.143692358351500182 ) ) ;
#3584 = CARTESIAN_POINT ( 'NONE',  ( -6.256241521367489788, 0.3740897381042689873, 0.01308868717844499999 ) ) ;
#3585 = CARTESIAN_POINT ( 'NONE',  ( -5.249864402188619827, 0.3858697217414899794, 0.2000000000000000111 ) ) ;
#3586 = CARTESIAN_POINT ( 'NONE',  ( -3.149310191193160247, 0.0000000000000000000, 0.4375737613765570133 ) ) ;
#3587 = CARTESIAN_POINT ( 'NONE',  ( 5.623070881938129872, 0.5094913643961810346, -2.461960916782360028E-16 ) ) ;
#3588 = CARTESIAN_POINT ( 'NONE',  ( -6.144552829628690205, -0.5666394410174280249, 0.0000000000000000000 ) ) ;
#3589 = CARTESIAN_POINT ( 'NONE',  ( 5.291558980239719823, -0.3660235064970480123, 0.01308868717778629946 ) ) ;
#3590 = CARTESIAN_POINT ( 'NONE',  ( -5.019130549644489570, 0.1071343868471990035, 0.09999999999812099472 ) ) ;
#3591 = CARTESIAN_POINT ( 'NONE',  ( 6.067120671245721297, 0.5823399928957599947, 0.2000000000000000111 ) ) ;
#3592 = CARTESIAN_POINT ( 'NONE',  ( -5.239732479482561267, -0.3740642166730109852, 0.09999999999425529529 ) ) ;
#3593 = CARTESIAN_POINT ( 'NONE',  ( 6.311273665842979774, 0.3355018932830090006, 0.09999999999993360034 ) ) ;
#3594 = ORIENTED_EDGE ( 'NONE', *, *, #3277, .T. ) ;
#3595 = CARTESIAN_POINT ( 'NONE',  ( -2.199999969434429659, 0.0000000000000000000, 1.300000030463270173 ) ) ;
#3596 = CARTESIAN_POINT ( 'NONE',  ( 5.169954233402820343, 0.1523521089647859872, 3.185793379029090190E-17 ) ) ;
#3597 = CARTESIAN_POINT ( 'NONE',  ( -6.059350523758549656, 0.4820722813881069824, -6.765324090602460080E-16 ) ) ;
#3598 = CARTESIAN_POINT ( 'NONE',  ( 5.548728811297910291, -0.5612833156150970337, 0.08504003498221310298 ) ) ;
#3599 = CARTESIAN_POINT ( 'NONE',  ( -3.113135215446409809, -0.8598146433977199576, 2.159814673860989576 ) ) ;
#3600 = B_SPLINE_CURVE_WITH_KNOTS ( 'NONE', 3,
 ( #2947, #4322, #4598, #634, #4201, #259, #1877, #516, #3368, #1851, #1732, #2266, #3514, #231, #5032, #1333, #3093, #1084, #2971, #4773, #4624, #4742, #1059, #4299, #611, #2241, #5180, #205, #2695, #1475, #320, #2352, #4024, #1968, #1590, #2021, #3607, #5323, #1941, #3578, #5264, #3202, #4801, #1170, #2749, #2799, #773, #2403 ),
 .UNSPECIFIED., .F., .F.,
 ( 4, 1, 1, 1, 1, 1, 2, 2, 2, 1, 1, 2, 2, 2, 2, 1, 1, 2, 2, 1, 1, 1, 2, 2, 2, 1, 1, 2, 2, 2, 4 ),
 ( 0.0000000000000000000, 0.1249999999999531763, 0.1874999999999297784, 0.2187499999999184541, 0.2343749999999127642, 0.2421874999999102662, 0.2460937499999090450, 0.2499999999999077960, 0.2812499999999016342, 0.2968749999998986366, 0.3046874999998970823, 0.3085937499998963607, 0.3124999999998955835, 0.3437499999998980260, 0.3749999999999004685, 0.4374999999999054090, 0.4687499999999085731, 0.4843749999999101274, 0.4999999999999117373, 0.6249999999999348299, 0.6874999999999457101, 0.7187499999999505951, 0.7343749999999535927, 0.7499999999999565903, 0.8749999999999814593, 0.9062499999999875655, 0.9218749999999902300, 0.9296874999999910072, 0.9374999999999918954, 0.9687499999999958922, 1.000000000000000000 ),
 .UNSPECIFIED. ) ;
#3601 = CARTESIAN_POINT ( 'NONE',  ( 3.235639616665010543, 0.8646691662700989323, 2.164669196733370438 ) ) ;
#3602 = CARTESIAN_POINT ( 'NONE',  ( -5.204117649890390496, -0.1936259346065530018, 1.785055305391949896E-17 ) ) ;
#3603 = CARTESIAN_POINT ( 'NONE',  ( -3.499999999999999556, -0.2509075617927215562, 1.879182521101917303 ) ) ;
#3604 = CARTESIAN_POINT ( 'NONE',  ( -5.119675018166424785, -0.08291293645060190953, 8.709810485504064204E-17 ) ) ;
#3605 = CARTESIAN_POINT ( 'NONE',  ( -5.225000029057259354, 0.0000000000000000000, 0.1999999999999996503 ) ) ;
#3606 = CARTESIAN_POINT ( 'NONE',  ( 6.122287796443639962, 0.5528698945405809972, 0.02507684312135460142 ) ) ;
#3607 = CARTESIAN_POINT ( 'NONE',  ( 5.251167733393813819, -0.2488223978818049631, -1.582888294577407232E-17 ) ) ;
#3608 = CARTESIAN_POINT ( 'NONE',  ( 6.345819140479379783, -0.1459536405944240056, 0.2000000000000000111 ) ) ;
#3609 = CARTESIAN_POINT ( 'NONE',  ( -5.384622684189802833, 0.3636302150932294031, -1.319993288999857273E-16 ) ) ;
#3610 = CARTESIAN_POINT ( 'NONE',  ( -5.165437914256229668, -0.2733927596764639811, 0.02507684311852290127 ) ) ;
#3611 = CARTESIAN_POINT ( 'NONE',  ( 6.108611304931529595, -0.4718717068454709729, -5.358370719317950078E-16 ) ) ;
#3612 = CARTESIAN_POINT ( 'NONE',  ( 3.149310191193160247, -0.8624262690867171566, 1.300000030463270173 ) ) ;
#3613 = CARTESIAN_POINT ( 'NONE',  ( -6.273474066580351227, 0.3241820535128699943, 0.01308868717843929969 ) ) ;
#3614 = CARTESIAN_POINT ( 'NONE',  ( 2.644399860962149962, 0.0000000000000000000, 2.155481649322450011 ) ) ;
#3615 = CARTESIAN_POINT ( 'NONE',  ( -3.149310191193160247, -0.8624262690867171566, 1.300000030463270173 ) ) ;
#3616 = CARTESIAN_POINT ( 'NONE',  ( 5.331561328156570134, 0.3604717770907420182, -7.710538485242250490E-17 ) ) ;
#3617 = FACE_BOUND ( 'NONE', #3452, .T. ) ;
#3618 = CARTESIAN_POINT ( 'NONE',  ( 5.055771653593920334, -0.09039076353652490681, 0.01308868717775409952 ) ) ;
#3619 = CARTESIAN_POINT ( 'NONE',  ( 2.475120692249380028, 0.0000000000000000000, 0.4208555343904120116 ) ) ;
#3620 = CARTESIAN_POINT ( 'NONE',  ( -6.227473949929859920, 0.5123354642023909555, 0.08504003498300589936 ) ) ;
#3621 = CARTESIAN_POINT ( 'NONE',  ( 5.180316525110471026, 0.3182787896309660081, 0.0000000000000000000 ) ) ;
#3622 = CARTESIAN_POINT ( 'NONE',  ( -5.084926600252041240, -0.2060371108906819959, 0.09999999998851170913 ) ) ;
#3623 = CARTESIAN_POINT ( 'NONE',  ( 6.113412935379169966, 0.5737445108614149802, 0.09999999999985259569 ) ) ;
#3624 = DIRECTION ( 'NONE',  ( -1.000000000000000000, 0.0000000000000000000, 0.0000000000000000000 ) ) ;
#3625 = CARTESIAN_POINT ( 'NONE',  ( 5.408744599499420325, 0.3804812920376620111, -1.124008030896370080E-16 ) ) ;
#3626 = CARTESIAN_POINT ( 'NONE',  ( -5.149709651946920097, 0.1261361974800210006, -1.194732433734550007E-16 ) ) ;
#3627 = CARTESIAN_POINT ( 'NONE',  ( 6.227824518894469641, -0.5009313896857570114, 0.05516503352022669726 ) ) ;
#3628 = CARTESIAN_POINT ( 'NONE',  ( -3.079716191379540557, -0.8570832699196330173, 1.300000030463270173 ) ) ;
#3629 = CARTESIAN_POINT ( 'NONE',  ( -5.004697702121511327, -0.06055453927563619887, 0.07756005247237049427 ) ) ;
#3630 = CARTESIAN_POINT ( 'NONE',  ( 6.349999999999999645, 1.480091852613629987E-24, 0.07756005247435800165 ) ) ;
#3631 = CARTESIAN_POINT ( 'NONE',  ( 3.333637229839510052, 0.0000000000000000000, 2.150390142441719998 ) ) ;
#3632 = CARTESIAN_POINT ( 'NONE',  ( -5.262107320683080403, -0.2568325079127300459, -3.015516193522910054E-17 ) ) ;
#3633 = CARTESIAN_POINT ( 'NONE',  ( -3.500000000000000444, -0.5500230069480261941, 0.9900344006519342654 ) ) ;
#3634 = CARTESIAN_POINT ( 'NONE',  ( -5.830551022260865857, -0.5017025366839366063, -5.007580199140547260E-16 ) ) ;
#3635 = CARTESIAN_POINT ( 'NONE',  ( 5.078925284335450208, 0.06943810257302421296, 6.668811514770509478E-17 ) ) ;
#3636 = CARTESIAN_POINT ( 'NONE',  ( 2.199999969536729605, 0.9003661125554339728, 2.200366143018710474 ) ) ;
#3637 = CARTESIAN_POINT ( 'NONE',  ( -5.075564669343459734, -0.1633813354235360005, 0.02507684311766189902 ) ) ;
#3638 = CARTESIAN_POINT ( 'NONE',  ( 5.143619175854969860, -0.1179193040706680018, -1.367243585814289888E-16 ) ) ;
#3639 = CARTESIAN_POINT ( 'NONE',  ( 2.967264452589999824, -0.8470836428053110101, 1.300000030463270173 ) ) ;
#3640 = SURFACE_STYLE_USAGE ( .BOTH. , #2883 ) ;
#3641 = CARTESIAN_POINT ( 'NONE',  ( -6.116899038524220344, 0.5314987094503219600, 0.01308868717844499999 ) ) ;
#3642 = CARTESIAN_POINT ( 'NONE',  ( 2.859815149085939812, 0.0000000000000000000, 2.141812903471060014 ) ) ;
#3643 = ADVANCED_FACE ( 'NONE', ( #3396 ), #4230, .T. ) ;
#3644 = CARTESIAN_POINT ( 'NONE',  ( -3.284326568066441077, -0.8607250946741169528, 2.160725125137389568 ) ) ;
#3645 = CARTESIAN_POINT ( 'NONE',  ( 5.103951559156570283, -0.1645997419254980054, 0.01308868717701919954 ) ) ;
#3646 = CARTESIAN_POINT ( 'NONE',  ( 2.644399860962149962, -0.8554816188591790604, 1.300000030463270173 ) ) ;
#3647 = CARTESIAN_POINT ( 'NONE',  ( -5.133801468063290407, 0.2651517463675360231, 0.08504003497954881752 ) ) ;
#3648 = CARTESIAN_POINT ( 'NONE',  ( 6.067120671245721297, 0.5823399928957599947, 0.0000000000000000000 ) ) ;
#3649 = EDGE_CURVE ( 'NONE', #3530, #4129, #924, .T. ) ;
#3650 = CARTESIAN_POINT ( 'NONE',  ( -3.500000000000000444, 0.2118935174772902108, 1.894629387070778437 ) ) ;
#3651 = CARTESIAN_POINT ( 'NONE',  ( 5.148932302334380040, 0.1250992511394070084, 4.443640515270630214E-17 ) ) ;
#3652 = CARTESIAN_POINT ( 'NONE',  ( -5.100338880989229828, 0.01828796996854370471, -3.446286805697669985E-16 ) ) ;
#3653 = CARTESIAN_POINT ( 'NONE',  ( 6.257818785911299919, -0.4520526226197260078, 0.05516503352022360251 ) ) ;
#3654 = CARTESIAN_POINT ( 'NONE',  ( 2.256433125465450384, -0.8995863759936900683, 0.4004136544695839905 ) ) ;
#3655 = CARTESIAN_POINT ( 'NONE',  ( -3.046257705760219814, -0.8541536936186510109, 0.4458463368446229924 ) ) ;
#3656 = AXIS2_PLACEMENT_3D ( 'NONE', #5008, #3679, #2119 ) ;
#3657 = CARTESIAN_POINT ( 'NONE',  ( -5.075452502833499580, -0.1937682791880019906, 0.07756005246236490069 ) ) ;
#3658 = CARTESIAN_POINT ( 'NONE',  ( 5.319524954015859564, 0.4397181801399990264, 0.07756005247045169582 ) ) ;
#3659 = CARTESIAN_POINT ( 'NONE',  ( 3.284326568066440633, 0.0000000000000000000, 2.160725125137390012 ) ) ;
#3660 = CARTESIAN_POINT ( 'NONE',  ( -5.177878640640519947, -0.1622281780957250119, 3.967997113639949728E-17 ) ) ;
#3661 = CARTESIAN_POINT ( 'NONE',  ( -6.114671158035210219, 0.4934808019073900209, -7.310309997360690181E-16 ) ) ;
#3662 = CARTESIAN_POINT ( 'NONE',  ( -3.500000000000000000, -0.08004274481572865030, 1.930858434857040118 ) ) ;
#3663 = CARTESIAN_POINT ( 'NONE',  ( -5.100000498881283484, 4.267943533398476775E-09, -5.228021664652932209E-17 ) ) ;
#3664 = CARTESIAN_POINT ( 'NONE',  ( 6.324478443710519926, 0.1643211641081850083, 0.02507684312138939997 ) ) ;
#3665 = CARTESIAN_POINT ( 'NONE',  ( 3.500000000000000000, 0.0000000000000000000, 1.930858434857039896 ) ) ;
#3666 = CARTESIAN_POINT ( 'NONE',  ( 6.337018543290589889, -0.2254406790683469997, 0.0000000000000000000 ) ) ;
#3667 = CARTESIAN_POINT ( 'NONE',  ( -5.126146191592940049, -0.2281213435764199993, 0.02507684311820920081 ) ) ;
#3668 = CARTESIAN_POINT ( 'NONE',  ( 5.457255152334449910, -0.4108004418259090240, -1.607793905075470005E-16 ) ) ;
#3669 = CARTESIAN_POINT ( 'NONE',  ( 3.113135215446409809, 0.0000000000000000000, 2.159814673860990020 ) ) ;
#3670 = CARTESIAN_POINT ( 'NONE',  ( -5.143065150451761269, 0.2139209842001930095, 0.01308868717716850198 ) ) ;
#3671 = B_SPLINE_CURVE_WITH_KNOTS ( 'NONE', 5,
 ( #2411, #1974, #4059, #4113, #431, #4441, #4885, #3614, #2001, #4084, #3642, #403, #2050, #5301, #2832, #2027, #3672, #1, #4942, #1623, #3696, #25, #2885, #2516, #4997, #5026, #1724, #940, #1355, #1777 ),
 .UNSPECIFIED., .F., .F.,
 ( 6, 1, 1, 1, 1, 1, 1, 1, 1, 1, 1, 1, 1, 1, 1, 1, 1, 1, 1, 1, 1, 1, 1, 1, 1, 6 ),
 ( 0.0000000000000000000, 0.04000000000000000083, 0.08000000000000000167, 0.1199999999999999956, 0.1600000000000000033, 0.2000000000000000111, 0.2399999999999999911, 0.2800000000000000266, 0.3200000000000000067, 0.3599999999999999867, 0.4000000000000000222, 0.4400000000000000022, 0.4799999999999999822, 0.5200000000000000178, 0.5600000000000000533, 0.5999999999999999778, 0.6400000000000000133, 0.6800000000000000488, 0.7199999999999999734, 0.7600000000000000089, 0.8000000000000000444, 0.8399999999999999689, 0.8800000000000000044, 0.9200000000000000400, 0.9599999999999999645, 1.000000000000000000 ),
 .UNSPECIFIED. ) ;
#3672 = CARTESIAN_POINT ( 'NONE',  ( 3.113135215446409809, 0.0000000000000000000, 2.159814673860990020 ) ) ;
#3673 = CARTESIAN_POINT ( 'NONE',  ( -3.284326568066440633, 0.8607250946741169528, 1.300000030463270173 ) ) ;
#3674 = DIRECTION ( 'NONE',  ( 1.000000000000000000, 0.0000000000000000000, -0.0000000000000000000 ) ) ;
#3675 = CARTESIAN_POINT ( 'NONE',  ( 5.122515998873599763, -0.1886386360979679933, 0.01308868717708440085 ) ) ;
#3676 = CARTESIAN_POINT ( 'NONE',  ( -6.126783391554010194, 0.5705697464357110116, 0.08504003498299179953 ) ) ;
#3677 = CARTESIAN_POINT ( 'NONE',  ( 5.138460716023140584, 0.2705028622279799788, 0.09999999999027600617 ) ) ;
#3678 = CARTESIAN_POINT ( 'NONE',  ( -6.262220585892830371, -0.4599031054947679831, 0.09999999999999920064 ) ) ;
#3679 = DIRECTION ( 'NONE',  ( -6.123233995736766036E-17, -0.0000000000000000000, 1.000000000000000000 ) ) ;
#3680 = CARTESIAN_POINT ( 'NONE',  ( 6.279002047352030047, 0.06422256689457650491, -6.232812527967550899E-16 ) ) ;
#3681 = CARTESIAN_POINT ( 'NONE',  ( -5.103528759411889659, 0.04655194228575799953, -2.681652764926159854E-16 ) ) ;
#3682 = CARTESIAN_POINT ( 'NONE',  ( 6.342524898408050227, -0.06639317560514450267, 0.05516503352018169853 ) ) ;
#3683 = ADVANCED_FACE ( 'NONE', ( #191 ), #4107, .T. ) ;
#3684 = CARTESIAN_POINT ( 'NONE',  ( -5.094930639287309937, -0.2186766812680739913, 0.07756005246303400436 ) ) ;
#3685 = ORIENTED_EDGE ( 'NONE', *, *, #3649, .T. ) ;
#3686 = CARTESIAN_POINT ( 'NONE',  ( -6.170046857965020060, 0.4601075248165710230, -8.207235386476790276E-16 ) ) ;
#3687 = CARTESIAN_POINT ( 'NONE',  ( -2.256433125465449940, 0.0000000000000000000, 2.199586406456960130 ) ) ;
#3688 = CARTESIAN_POINT ( 'NONE',  ( 2.722375865889810065, 0.8471463196214711333, 2.147146350084740085 ) ) ;
#3689 = CARTESIAN_POINT ( 'NONE',  ( 6.320777426967040924, 0.3056012506868710510, 0.09999999999999939493 ) ) ;
#3690 = CARTESIAN_POINT ( 'NONE',  ( -5.102717453853050422, -0.1991610783346589864, 0.02507684311796539930 ) ) ;
#3691 = CARTESIAN_POINT ( 'NONE',  ( 6.339359408059429768, -0.1990021678430750063, 0.08504003498294139540 ) ) ;
#3692 =( BOUNDED_CURVE ( )  B_SPLINE_CURVE ( 2, ( #4459, #771, #2401, #4051, #5293 ),
 .UNSPECIFIED., .F., .T. ) 
 B_SPLINE_CURVE_WITH_KNOTS ( ( 3, 2, 3 ),
 ( 0.5000000000000000000, 0.7500000000000000000, 1.000000000000000000 ),
 .UNSPECIFIED. ) 
 CURVE ( )  GEOMETRIC_REPRESENTATION_ITEM ( )  RATIONAL_B_SPLINE_CURVE ( ( 1.000000000000002220, 0.7071067811865459074, 1.000000000000000000, 0.7071067811865480168, 1.000000000000000000 ) ) 
 REPRESENTATION_ITEM ( '' )  );
#3693 = CARTESIAN_POINT ( 'NONE',  ( 5.169323198823620125, -0.1516064413222319995, -1.410251374854069941E-16 ) ) ;
#3694 = CARTESIAN_POINT ( 'NONE',  ( 3.149310191193160247, 0.0000000000000000000, 2.162426299549990105 ) ) ;
#3695 = SURFACE_STYLE_FILL_AREA ( #4464 ) ;
#3696 = CARTESIAN_POINT ( 'NONE',  ( 3.284326568066440633, 0.0000000000000000000, 2.160725125137390012 ) ) ;
#3697 = CARTESIAN_POINT ( 'NONE',  ( -3.380581965863680427, 0.8318110400136661253, 2.131811070476940184 ) ) ;
#3698 = DIRECTION ( 'NONE',  ( -6.049014748177259557E-16, 0.0000000000000000000, -1.000000000000000000 ) ) ;
#3699 = CARTESIAN_POINT ( 'NONE',  ( 5.041903090874439997, -0.03751358458170889892, 0.01308868717812630006 ) ) ;
#3700 = CARTESIAN_POINT ( 'NONE',  ( 2.644399860962149962, -0.8554816188591789494, 2.155481649322450011 ) ) ;
#3701 = CARTESIAN_POINT ( 'NONE',  ( -5.746868630017200275, 0.5991839344900750097, 0.08504003498269349648 ) ) ;
#3702 = CARTESIAN_POINT ( 'NONE',  ( 6.233261102213400129, -0.5050532479960040400, 0.1000000000000999950 ) ) ;
#3703 = CARTESIAN_POINT ( 'NONE',  ( 5.061056710815510229, 0.1744403829567839903, 0.09999999998756149699 ) ) ;
#3704 = CARTESIAN_POINT ( 'NONE',  ( -6.281565084905249563, -0.4197854674473779912, 0.09999999999999920064 ) ) ;
#3705 = CARTESIAN_POINT ( 'NONE',  ( -3.500000000000000444, 0.6114333552952607720, 1.143013656422534607 ) ) ;
#3706 = CARTESIAN_POINT ( 'NONE',  ( 5.099995538950749641, 0.001948871171902240296, 6.940235337094750216E-17 ) ) ;
#3707 = CARTESIAN_POINT ( 'NONE',  ( -5.577444020907750044, -0.5719321550693790002, 0.2000000000000008993 ) ) ;
#3708 = CARTESIAN_POINT ( 'NONE',  ( 5.781984411771880161, -0.5940722153676030182, 0.05516503352008889777 ) ) ;
#3709 = CARTESIAN_POINT ( 'NONE',  ( 3.499999995479639914, -0.6406317572097729451, 1.940631787673049669 ) ) ;
#3710 = CARTESIAN_POINT ( 'NONE',  ( -5.143555500309160422, -0.2762517896188709798, 0.07756005246467109759 ) ) ;
#3711 = CARTESIAN_POINT ( 'NONE',  ( 5.850173067712449715, 0.6008501200056599600, 0.07756005247381779488 ) ) ;
#3712 = VERTEX_POINT ( 'NONE', #4088 ) ;
#3713 = CARTESIAN_POINT ( 'NONE',  ( 3.498961390185070464, -0.6600389711792969960, 0.6399610592839770629 ) ) ;
#3714 = CARTESIAN_POINT ( 'NONE',  ( -5.141073515003100169, -0.1144300691663770186, 7.019002362769619674E-17 ) ) ;
#3715 = CARTESIAN_POINT ( 'NONE',  ( -4.724999999999999645, 2.755455298081537690E-17, 1.075000000000000400 ) ) ;
#3716 = CARTESIAN_POINT ( 'NONE',  ( -6.036894253383519704, 0.5078883341746009972, -6.412605175610880047E-16 ) ) ;
#3717 = CARTESIAN_POINT ( 'NONE',  ( -2.385652428381599854, -0.8904619225971830421, 1.300000030463270173 ) ) ;
#3718 = CARTESIAN_POINT ( 'NONE',  ( 2.312275712915440096, 0.0000000000000000000, 2.196932031794080142 ) ) ;
#3719 = FACE_OUTER_BOUND ( 'NONE', #40, .T. ) ;
#3720 = CARTESIAN_POINT ( 'NONE',  ( -5.074919036454279997, -0.1624926401572270029, 0.02507684311766150004 ) ) ;
#3721 = CARTESIAN_POINT ( 'NONE',  ( 6.270732542298110168, -0.4413102661965990214, 0.08504003498299690655 ) ) ;
#3722 = CARTESIAN_POINT ( 'NONE',  ( 5.024698807116640076, -0.1207599828996299973, 0.1999999999999987621 ) ) ;
#3723 = CARTESIAN_POINT ( 'NONE',  ( -6.197711899936040325, 0.4851296917946170129, 0.01308868717844990058 ) ) ;
#3724 = CARTESIAN_POINT ( 'NONE',  ( -6.349239909091269674, 0.07678747668518980107, 0.0000000000000000000 ) ) ;
#3725 = CARTESIAN_POINT ( 'NONE',  ( -3.333637229839510052, 0.0000000000000000000, 2.150390142441719998 ) ) ;
#3726 = CARTESIAN_POINT ( 'NONE',  ( -5.127768591422640299, -0.1467502044619309887, 6.143503828895210447E-17 ) ) ;
#3727 = DIRECTION ( 'NONE',  ( -1.000000000000000000, 0.0000000000000000000, 6.049014748177259557E-16 ) ) ;
#3728 = CARTESIAN_POINT ( 'NONE',  ( 6.178832907308669853, -0.4477606712730959893, -6.331134751598180054E-16 ) ) ;
#3729 = CARTESIAN_POINT ( 'NONE',  ( -5.291911295198290510, 0.4185888753187619882, 0.08504003498121549820 ) ) ;
#3730 = CARTESIAN_POINT ( 'NONE',  ( 5.664615825474060173, -0.5899636667404040136, 0.09999999999969380604 ) ) ;
#3731 = CARTESIAN_POINT ( 'NONE',  ( 5.143555500309160422, 0.2762517896188709798, 0.09999999999031250475 ) ) ;
#3732 = CARTESIAN_POINT ( 'NONE',  ( -6.144552829628690205, -0.5666394410174280249, 0.09999999999999920064 ) ) ;
#3733 = CARTESIAN_POINT ( 'NONE',  ( 2.218867265165350044, 0.9002847350042210151, 1.300000030463270173 ) ) ;
#3734 = CARTESIAN_POINT ( 'NONE',  ( 5.141091390073119882, 0.1144547034139530017, 4.915569271207819710E-17 ) ) ;
#3735 = CARTESIAN_POINT ( 'NONE',  ( -6.024851973780100067, -0.5875604833422150008, 0.2000000000000008993 ) ) ;
#3736 = CARTESIAN_POINT ( 'NONE',  ( 6.096626398006350200, -0.5701923311474190736, 0.05516503352021519951 ) ) ;
#3737 = CARTESIAN_POINT ( 'NONE',  ( 5.225000029057260242, 0.0000000000000000000, 0.7999999709427361161 ) ) ;
#3738 = CONICAL_SURFACE ( 'NONE', #4776, 0.9003661125554193179, 0.0001664147986939939268 ) ;
#3739 = CARTESIAN_POINT ( 'NONE',  ( -5.000007957208070231, -0.005361628541270219844, 0.07756005247430999838 ) ) ;
#3740 = EDGE_LOOP ( 'NONE', ( #3794, #3851, #2124, #1342 ) ) ;
#3741 = CARTESIAN_POINT ( 'NONE',  ( 3.499999995479639914, 0.0000000000000000000, 1.940631787673050113 ) ) ;
#3742 = CARTESIAN_POINT ( 'NONE',  ( -6.209026581648790177, -0.4086009309127209832, -7.921686816667240097E-16 ) ) ;
#3743 = CARTESIAN_POINT ( 'NONE',  ( -6.250000000000060396, 3.590580931933599976E-08, -9.706468813733276292E-16 ) ) ;
#3744 = CARTESIAN_POINT ( 'NONE',  ( -5.133740201648720358, 0.1422439776493890085, -1.195618759610430081E-16 ) ) ;
#3745 = CIRCLE ( 'NONE', #3656, 0.2250000000000003664 ) ;
#3746 = CARTESIAN_POINT ( 'NONE',  ( -2.312275712915440096, -0.8969320013308089701, 0.4030680291324649778 ) ) ;
#3747 = PRESENTATION_LAYER_ASSIGNMENT (  '', '', ( #5050 ) ) ;
#3748 = CARTESIAN_POINT ( 'NONE',  ( 2.385652428381599854, 0.0000000000000000000, 2.190461953060459876 ) ) ;
#3749 = CARTESIAN_POINT ( 'NONE',  ( 4.999999960734370141, -2.299150617883967936E-11, 0.09999999999999954758 ) ) ;
#3750 = CARTESIAN_POINT ( 'NONE',  ( -5.606250933884689758, -0.5775513253636169742, 0.07756005247302509564 ) ) ;
#3751 = CARTESIAN_POINT ( 'NONE',  ( 6.263886745226850294, -0.4551746258560140368, 0.08504003498299979313 ) ) ;
#3752 = CARTESIAN_POINT ( 'NONE',  ( 5.494938181979860836, -0.5433329124702379609, 0.1999999999999987621 ) ) ;
#3753 = CARTESIAN_POINT ( 'NONE',  ( -6.214546230105621127, 0.4609141775368709726, 0.01308868717844909914 ) ) ;
#3754 = EDGE_CURVE ( 'NONE', #1940, #1237, #1693, .T. ) ;
#3755 = DIRECTION ( 'NONE',  ( -1.000000000000000000, 0.0000000000000000000, 0.0000000000000000000 ) ) ;
#3756 = CARTESIAN_POINT ( 'NONE',  ( -5.116912291107199806, -0.1320779038213059919, 7.014568005547900210E-17 ) ) ;
#3757 = CARTESIAN_POINT ( 'NONE',  ( 5.120740493446291453, 0.08470231902426057780, 6.306674685488706804E-17 ) ) ;
#3758 = CARTESIAN_POINT ( 'NONE',  ( 5.446125806989430274, -0.4302939869800799788, -1.594053400120310032E-16 ) ) ;
#3759 = CARTESIAN_POINT ( 'NONE',  ( -3.456526291164410125, -0.7681146123552399230, 0.5318854181080340249 ) ) ;
#3760 = CARTESIAN_POINT ( 'NONE',  ( -5.079277325210020066, 0.1986648998561250101, 0.08504003497898909858 ) ) ;
#3761 = CARTESIAN_POINT ( 'NONE',  ( 6.222481613498089814, -0.5182094205805689580, 0.1000000000000999950 ) ) ;
#3762 = CARTESIAN_POINT ( 'NONE',  ( -5.655253982674430802, -0.5895555966763510458, 0.09999999999999920064 ) ) ;
#3763 = CARTESIAN_POINT ( 'NONE',  ( -3.500000000000000000, 0.0000000000000000000, 1.930858434857039896 ) ) ;
#3764 = CARTESIAN_POINT ( 'NONE',  ( 5.102244566790379743, 0.03761823494644170318, 6.883236371689610012E-17 ) ) ;
#3765 = CARTESIAN_POINT ( 'NONE',  ( -4.999999888241290158, 0.0000000000000000000, 0.2000000000000000111 ) ) ;
#3766 = CARTESIAN_POINT ( 'NONE',  ( 5.069400527833420433, -0.1742033370037970319, 0.05516503351816959971 ) ) ;
#3767 = CARTESIAN_POINT ( 'NONE',  ( 3.499999995479639914, 0.0000000000000000000, 1.940631787673050113 ) ) ;
#3768 = CARTESIAN_POINT ( 'NONE',  ( -6.141062086657039565, -0.5667436915606139936, 0.09999999999985760557 ) ) ;
#3769 = CARTESIAN_POINT ( 'NONE',  ( 5.883494791582999817, 0.5994359105045861114, 0.07756005247389091695 ) ) ;
#3770 = ORIENTED_EDGE ( 'NONE', *, *, #3018, .T. ) ;
#3771 = CARTESIAN_POINT ( 'NONE',  ( 3.422270755428200140, 0.8041145948577490543, 2.104114625321020338 ) ) ;
#3772 = CARTESIAN_POINT ( 'NONE',  ( -6.277637809224639653, -0.09626896456128301860, -8.478597868587539763E-16 ) ) ;
#3773 = CARTESIAN_POINT ( 'NONE',  ( -4.724999999999999645, 0.0000000000000000000, 1.524999999999999689 ) ) ;
#3774 = CARTESIAN_POINT ( 'NONE',  ( -5.503422167161460266, 0.4597457528237839930, -2.459772207898859935E-16 ) ) ;
#3775 = CARTESIAN_POINT ( 'NONE',  ( -2.312275712915440096, 0.0000000000000000000, 2.196932031794080142 ) ) ;
#3776 = CARTESIAN_POINT ( 'NONE',  ( 5.165437914256229668, 0.2733927596764639811, 0.02507684311852290127 ) ) ;
#3777 = CARTESIAN_POINT ( 'NONE',  ( -6.338864022427070033, -0.1991424333276569925, 0.07756005247432209981 ) ) ;
#3778 = CARTESIAN_POINT ( 'NONE',  ( 4.999996814321360006, -0.004490577092316160729, 0.09999999999996700417 ) ) ;
#3779 = CARTESIAN_POINT ( 'NONE',  ( 6.320777426967040036, -0.3056012506868709955, 0.1999999999999987621 ) ) ;
#3780 = CARTESIAN_POINT ( 'NONE',  ( 4.999999888241290158, 0.0000000000000000000, 0.2000000000000000111 ) ) ;
#3781 = CARTESIAN_POINT ( 'NONE',  ( 5.128532590165231220, 0.09661241229487955995, 5.835329605767812690E-17 ) ) ;
#3782 = ADVANCED_FACE ( 'NONE', ( #4488 ), #4467, .T. ) ;
#3783 = CARTESIAN_POINT ( 'NONE',  ( 6.107726533585569939, -0.4953446296161130302, -5.210945925585530177E-16 ) ) ;
#3784 = CARTESIAN_POINT ( 'NONE',  ( -3.333637229839509608, -0.8503901119784410545, 2.150390142441719998 ) ) ;
#3785 = CARTESIAN_POINT ( 'NONE',  ( -5.607701219959031036, 0.5717171717827069788, 0.05516503351993620047 ) ) ;
#3786 = CARTESIAN_POINT ( 'NONE',  ( 6.113410848139899656, -0.5737585472723909508, 0.1000000000000849931 ) ) ;
#3787 = CARTESIAN_POINT ( 'NONE',  ( -5.060817448666210083, -0.1741115543030050117, 0.09999999998755919328 ) ) ;
#3788 = CARTESIAN_POINT ( 'NONE',  ( 5.001475595028580301, 0.03805829015001380156, 0.09999999999866479583 ) ) ;
#3789 = CARTESIAN_POINT ( 'NONE',  ( -5.938877072330189577, -0.5957456569946210090, 0.09999999999999920064 ) ) ;
#3790 = CARTESIAN_POINT ( 'NONE',  ( -2.917476980842439893, 0.8436923278882220156, 0.4563077025750520432 ) ) ;
#3791 = CARTESIAN_POINT ( 'NONE',  ( 5.100000498901169799, -4.267874005592359776E-09, 6.938893903907229610E-17 ) ) ;
#3792 = CARTESIAN_POINT ( 'NONE',  ( -5.641189903040619846, -0.5853329418436199472, 0.09999999999883089907 ) ) ;
#3793 = CARTESIAN_POINT ( 'NONE',  ( 5.066483358260509995, 0.1818252572888879870, 0.07756005246199060288 ) ) ;
#3794 = ORIENTED_EDGE ( 'NONE', *, *, #807, .F. ) ;
#3795 = CARTESIAN_POINT ( 'NONE',  ( 3.422270755428200140, 0.8041145948577490543, 1.300000030463270173 ) ) ;
#3796 = CARTESIAN_POINT ( 'NONE',  ( -6.084944182379819821, -0.5079991048738770054, -7.072024049649490312E-16 ) ) ;
#3797 = CARTESIAN_POINT ( 'NONE',  ( -6.173390145340388102, 0.4124975969786482399, -7.842674887271098996E-16 ) ) ;
#3798 = CARTESIAN_POINT ( 'NONE',  ( -5.125520597648029586, 0.1311855410142180045, -1.144442585997540344E-16 ) ) ;
#3799 = B_SPLINE_CURVE_WITH_KNOTS ( 'NONE', 3,
 ( #3763, #2007, #1207, #867, #1655, #3650, #3266, #3244, #2473, #2526, #3292, #4494, #90, #4123, #4179, #2059, #897, #3705, #4517, #2034, #1709, #1313, #437, #2895, #2447, #4095, #4895, #34, #2948, #4952 ),
 .UNSPECIFIED., .F., .F.,
 ( 4, 1, 2, 2, 2, 1, 2, 2, 2, 1, 2, 2, 2, 1, 2, 2, 4 ),
 ( 0.0000000000000000000, 0.03125000000000018735, 0.04687500000000026368, 0.06250000000000034694, 0.1250000000000005829, 0.1562500000000007494, 0.1718750000000007772, 0.1875000000000008049, 0.2500000000000007216, 0.2812500000000005551, 0.2968750000000006106, 0.3125000000000006661, 0.3750000000000004996, 0.4062500000000004996, 0.4218750000000004441, 0.4375000000000003331, 0.5000000000000000000 ),
 .UNSPECIFIED. ) ;
#3800 = CARTESIAN_POINT ( 'NONE',  ( -2.475120692249380028, -0.8791444960728620472, 1.300000030463270173 ) ) ;
#3801 = CARTESIAN_POINT ( 'NONE',  ( 2.256433125465450384, -0.8995863759936900683, 2.199586406456959686 ) ) ;
#3802 = CARTESIAN_POINT ( 'NONE',  ( -6.301578169905729609, 0.3693503180003809838, 0.1999999999999987621 ) ) ;
#3803 = CARTESIAN_POINT ( 'NONE',  ( -5.333626954690750210, -0.4499828083033929893, 0.07756005247059219454 ) ) ;
#3804 = CARTESIAN_POINT ( 'NONE',  ( 5.060852308427659985, -0.1740789388991680064, 0.09999999999599730460 ) ) ;
#3805 = CARTESIAN_POINT ( 'NONE',  ( 6.144552829628690205, -0.5666394410174280249, 0.1999999999999987621 ) ) ;
#3806 = CARTESIAN_POINT ( 'NONE',  ( -5.040288518441630394, -0.0002086712625664940003, 0.01308868717841490253 ) ) ;
#3807 = CARTESIAN_POINT ( 'NONE',  ( 4.724999999999999645, 0.0000000000000000000, 1.524999999999999023 ) ) ;
#3808 = CARTESIAN_POINT ( 'NONE',  ( -3.499999995479639914, -0.6406317572097729451, 0.6593682732535010027 ) ) ;
#3809 = CARTESIAN_POINT ( 'NONE',  ( 5.365651641763870217, -0.3775377500673299802, -1.594141807525399966E-16 ) ) ;
#3810 = CARTESIAN_POINT ( 'NONE',  ( -5.000430390515130163, 0.02338736143942889839, 0.08504003498267910521 ) ) ;
#3811 = CARTESIAN_POINT ( 'NONE',  ( 5.319386934916940035, -0.4397768668583399987, 0.09999999999855030408 ) ) ;
#3812 = CARTESIAN_POINT ( 'NONE',  ( -2.199999969536730049, 0.0000000000000000000, 2.200366143018710030 ) ) ;
#3813 = EDGE_CURVE ( 'NONE', #3400, #4129, #5046, .T. ) ;
#3814 = CARTESIAN_POINT ( 'NONE',  ( -5.004801479821759713, -0.06614013873328339344, 0.09999999999999920064 ) ) ;
#3815 = CARTESIAN_POINT ( 'NONE',  ( -2.859815149085939812, 0.8418128730077889532, 0.4581871574554849391 ) ) ;
#3816 = LINE ( 'NONE', #5114, #3909 ) ;
#3817 = CARTESIAN_POINT ( 'NONE',  ( -5.850172062351280289, 0.6008549246927610277, 0.09999999999987821409 ) ) ;
#3818 = ADVANCED_FACE ( 'NONE', ( #3617, #458 ), #2861, .T. ) ;
#3819 = CARTESIAN_POINT ( 'NONE',  ( -6.349842627973710130, -0.03298344102882919820, 0.09999999999999370504 ) ) ;
#3820 = CARTESIAN_POINT ( 'NONE',  ( 5.075452502833499580, 0.1937682791880019906, 0.07756005246236499784 ) ) ;
#3821 = EDGE_LOOP ( 'NONE', ( #4290, #3002, #2093, #4434 ) ) ;
#3822 = CARTESIAN_POINT ( 'NONE',  ( 5.012385225038310743, 0.09377143883761659970, 0.2000000000000008993 ) ) ;
#3823 = CARTESIAN_POINT ( 'NONE',  ( -6.279768266299829982, -0.03192898097501960242, -8.497951962706040615E-16 ) ) ;
#3824 = CARTESIAN_POINT ( 'NONE',  ( -5.123607352024209582, 0.1285654131628420072, -1.128184938563810013E-16 ) ) ;
#3825 = CARTESIAN_POINT ( 'NONE',  ( -2.794526764258589591, -0.8426655970424189457, 2.142665627505690118 ) ) ;
#3826 = CARTESIAN_POINT ( 'NONE',  ( 5.084276568726809664, 0.1751783888921439880, 0.02507684311769639920 ) ) ;
#3827 = CARTESIAN_POINT ( 'NONE',  ( 2.794526764258590479, 0.0000000000000000000, 0.4573344334208550022 ) ) ;
#3828 = CARTESIAN_POINT ( 'NONE',  ( -5.249864402188619827, 0.3858697217414899794, 0.1999999999999987621 ) ) ;
#3829 = CIRCLE ( 'NONE', #2102, 0.2249999999999999500 ) ;
#3830 = CARTESIAN_POINT ( 'NONE',  ( -6.329542933208760047, -0.2577334885221250760, 0.07756005247430781957 ) ) ;
#3831 = CARTESIAN_POINT ( 'NONE',  ( 5.133801468063290407, -0.2651517463675360231, 0.08504003497954881752 ) ) ;
#3832 = DIRECTION ( 'NONE',  ( 0.0000000000000000000, 0.0000000000000000000, 1.000000000000000000 ) ) ;
#3833 = CARTESIAN_POINT ( 'NONE',  ( -5.094409790418731099, 0.1517397594529280025, 0.01308868717700780067 ) ) ;
#3834 = AXIS2_PLACEMENT_3D ( 'NONE', #5049, #878, #4991 ) ;
#3835 = CARTESIAN_POINT ( 'NONE',  ( 5.147353922490440326, 0.1720031829413289914, 3.136970789097939776E-17 ) ) ;
#3836 = CARTESIAN_POINT ( 'NONE',  ( 5.001436930307090023, -0.04162226416585160238, 0.0000000000000000000 ) ) ;
#3837 = DIRECTION ( 'NONE',  ( -1.000000000000000000, 0.0000000000000000000, -1.445602896647336944E-15 ) ) ;
#3838 = CARTESIAN_POINT ( 'NONE',  ( -5.070078052373050426, -0.0005623607798121289629, 1.040852852150450158E-16 ) ) ;
#3839 = CARTESIAN_POINT ( 'NONE',  ( 6.036894253383519704, -0.5078883341746009972, -4.612714452946809981E-16 ) ) ;
#3840 = CARTESIAN_POINT ( 'NONE',  ( -3.284326568066440633, 0.0000000000000000000, 0.4392749357891569950 ) ) ;
#3841 = CARTESIAN_POINT ( 'NONE',  ( -6.339060842586530242, 0.1327495496428099941, 0.05516503352018650025 ) ) ;
#3842 = CARTESIAN_POINT ( 'NONE',  ( 5.083582269809089560, -0.2042463644467860107, 0.09999999999610030554 ) ) ;
#3843 = CARTESIAN_POINT ( 'NONE',  ( -5.061482077262819956, -0.1750243111489270254, 0.09999999998756239905 ) ) ;
#3844 = CARTESIAN_POINT ( 'NONE',  ( 5.655253982674430802, -0.5895555966763510458, 0.1000000000000000333 ) ) ;
#3845 = CARTESIAN_POINT ( 'NONE',  ( -2.794526764258589591, -0.8426655970424189457, 2.142665627505690118 ) ) ;
#3846 = CARTESIAN_POINT ( 'NONE',  ( -4.724999999999999645, -0.4499999999999999556, 1.074999999999999067 ) ) ;
#3847 = CARTESIAN_POINT ( 'NONE',  ( 5.065637397679320308, -0.1690508989099900050, 0.05516503351816529760 ) ) ;
#3848 = CARTESIAN_POINT ( 'NONE',  ( -6.213616970357841218, 0.5281006757949060493, 0.1000000000000969974 ) ) ;
#3849 = CARTESIAN_POINT ( 'NONE',  ( -6.318978299419439892, -0.3063807317066439828, 0.09999999999994439726 ) ) ;
#3850 = CARTESIAN_POINT ( 'NONE',  ( 5.064460621273389584, 0.1790879126371830166, 0.07756005246196200076 ) ) ;
#3851 = ORIENTED_EDGE ( 'NONE', *, *, #1893, .T. ) ;
#3852 = CARTESIAN_POINT ( 'NONE',  ( -5.119116493711983296, 0.08227034745379567526, 8.755997446308036699E-17 ) ) ;
#3853 = CARTESIAN_POINT ( 'NONE',  ( -6.230536586854481307, 0.2466446090493140397, -9.975334963314130307E-16 ) ) ;
#3854 = CARTESIAN_POINT ( 'NONE',  ( 3.046257705760219814, 0.8541536936186510109, 2.154153724081920185 ) ) ;
#3855 = CARTESIAN_POINT ( 'NONE',  ( -6.215205673508389594, -0.3076344715545389907, -8.198851195925330173E-16 ) ) ;
#3856 = CARTESIAN_POINT ( 'NONE',  ( -2.312275712915440096, 0.0000000000000000000, 2.196932031794080142 ) ) ;
#3857 = CARTESIAN_POINT ( 'NONE',  ( -5.040681934299220401, 0.02132341554094160235, 0.01308868717833520066 ) ) ;
#3858 = CARTESIAN_POINT ( 'NONE',  ( 5.181454239925590066, 0.2131600560056000071, 1.123670308744149943E-17 ) ) ;
#3859 = CARTESIAN_POINT ( 'NONE',  ( 5.012385225038310743, -0.09377143883761659970, 0.0000000000000000000 ) ) ;
#3860 = CARTESIAN_POINT ( 'NONE',  ( -3.481874671466670179, 0.0000000000000000000, 0.5742125730751970192 ) ) ;
#3861 = CARTESIAN_POINT ( 'NONE',  ( 5.122958961930089927, -0.1276730043374470214, -1.337711637198109981E-16 ) ) ;
#3862 = CARTESIAN_POINT ( 'NONE',  ( -3.284326568066441077, -0.8607250946741169528, 0.4392749357891569950 ) ) ;
#3863 = CARTESIAN_POINT ( 'NONE',  ( -6.096626398006350200, 0.5701923311474190736, 0.05516503352021499829 ) ) ;
#3864 = CARTESIAN_POINT ( 'NONE',  ( 6.250000000000060396, -3.590580931933599976E-08, -7.444389422566191707E-16 ) ) ;
#3865 = CARTESIAN_POINT ( 'NONE',  ( -5.121930140671279830, -0.2530289083352100232, 0.09999999999999920064 ) ) ;
#3866 = CARTESIAN_POINT ( 'NONE',  ( -2.859815149085939812, -0.8418128730077889532, 2.141812903471060014 ) ) ;
#3867 = CARTESIAN_POINT ( 'NONE',  ( -5.450000029057262552, 0.0000000000000000000, 0.7999999709427360051 ) ) ;
#3868 = CARTESIAN_POINT ( 'NONE',  ( 5.065782554922770409, -0.1692509018698080125, 0.05516503351816549883 ) ) ;
#3869 = CARTESIAN_POINT ( 'NONE',  ( -5.083582269809089560, 0.2042463644467860107, 0.09999999999610030554 ) ) ;
#3870 = CARTESIAN_POINT ( 'NONE',  ( -6.334068619748880025, -0.2324107528633710118, 0.09999999999995741462 ) ) ;
#3871 = CARTESIAN_POINT ( 'NONE',  ( 5.060418682401169654, 0.1735629326573059905, 0.07756005246191699509 ) ) ;
#3872 = ORIENTED_EDGE ( 'NONE', *, *, #4941, .T. ) ;
#3873 = CARTESIAN_POINT ( 'NONE',  ( 5.180316525110471026, 0.3182787896309660081, 0.2000000000000008993 ) ) ;
#3874 = CARTESIAN_POINT ( 'NONE',  ( -5.110371048894713830, 0.06639074266904769483, 9.479198577032739045E-17 ) ) ;
#3875 = CARTESIAN_POINT ( 'NONE',  ( -5.077917977531120286, 0.01945104571333490170, -3.432546300742519873E-16 ) ) ;
#3876 = CARTESIAN_POINT ( 'NONE',  ( 6.176453577985229870, 0.5545352631851150349, 0.0000000000000000000 ) ) ;
#3877 = CARTESIAN_POINT ( 'NONE',  ( -2.794526764258589591, 0.8426655970424189457, 0.4573344334208550022 ) ) ;
#3878 = CARTESIAN_POINT ( 'NONE',  ( 2.794526764258589591, 0.8426655970424189457, 0.4573344334208550022 ) ) ;
#3879 = CARTESIAN_POINT ( 'NONE',  ( -3.380581965863679983, 0.0000000000000000000, 2.131811070476940184 ) ) ;
#3880 = CARTESIAN_POINT ( 'NONE',  ( 3.380581965863680427, 0.8318110400136661253, 0.4681889904496080446 ) ) ;
#3881 = CARTESIAN_POINT ( 'NONE',  ( 5.116875323087089811, 0.1320269665408529969, 4.915569271207819710E-17 ) ) ;
#3882 = CARTESIAN_POINT ( 'NONE',  ( 5.004697702121511327, 0.06055453927563619887, 0.09999999999801190143 ) ) ;
#3883 = CARTESIAN_POINT ( 'NONE',  ( 6.301578169905729609, -0.3693503180003809838, 0.2000000000000000111 ) ) ;
#3884 = CARTESIAN_POINT ( 'NONE',  ( -3.500000000000000000, 0.0000000000000000000, 1.930858434857039896 ) ) ;
#3885 = CARTESIAN_POINT ( 'NONE',  ( -5.610628996350760289, -0.5598408102407339548, 0.02507684312099780002 ) ) ;
#3886 = CARTESIAN_POINT ( 'NONE',  ( 6.174991080479680150, -0.4094510648512050266, -6.326574502944949648E-16 ) ) ;
#3887 = CARTESIAN_POINT ( 'NONE',  ( -3.500000000000000000, 0.0000000000000000000, 1.930858434857039896 ) ) ;
#3888 = CARTESIAN_POINT ( 'NONE',  ( -6.287575497087470211, 0.3858847042277719908, 0.05516503352021950163 ) ) ;
#3889 = CARTESIAN_POINT ( 'NONE',  ( -2.256433125465450384, -0.8995863759936900683, 2.199586406456959686 ) ) ;
#3890 = CARTESIAN_POINT ( 'NONE',  ( -5.004801479821759713, 0.06614013873328339344, 0.0000000000000000000 ) ) ;
#3891 = CARTESIAN_POINT ( 'NONE',  ( 6.260678036505010091, 0.2447569729748380052, -6.102886614889180103E-16 ) ) ;
#3892 = CARTESIAN_POINT ( 'NONE',  ( -5.789270952678809756, -0.6017536333715920449, 0.2000000000000000111 ) ) ;
#3893 = CARTESIAN_POINT ( 'NONE',  ( 6.206141281634679707, -0.4738670573901660465, 0.01308868717844979997 ) ) ;
#3894 = CARTESIAN_POINT ( 'NONE',  ( -6.175583505662640249, 0.5536011649946079860, 0.1000000000000930006 ) ) ;
#3895 = CARTESIAN_POINT ( 'NONE',  ( 5.093619931113090082, 0.2170370157379959974, 0.07756005246302019596 ) ) ;
#3896 = EDGE_LOOP ( 'NONE', ( #1687, #4817, #3351, #2765 ) ) ;
#3897 = CARTESIAN_POINT ( 'NONE',  ( 6.301578169905729609, 0.3693503180003809838, 0.2000000000000008993 ) ) ;
#3898 = CARTESIAN_POINT ( 'NONE',  ( 6.181986108159549964, 0.3957813595040590160, -5.797148555656540142E-16 ) ) ;
#3899 = CARTESIAN_POINT ( 'NONE',  ( -5.089679159411200082, 0.07495264008762189678, -2.086392782753350035E-16 ) ) ;
#3900 = CARTESIAN_POINT ( 'NONE',  ( 6.337018543290589889, 0.2254406790683469997, 0.0000000000000000000 ) ) ;
#3901 = CARTESIAN_POINT ( 'NONE',  ( -2.561655826735730113, 0.8667525124322019714, 1.300000030463270173 ) ) ;
#3902 = CARTESIAN_POINT ( 'NONE',  ( 3.046257705760219814, 0.0000000000000000000, 2.154153724081920185 ) ) ;
#3903 = FACE_OUTER_BOUND ( 'NONE', #3474, .T. ) ;
#3904 = CARTESIAN_POINT ( 'NONE',  ( 3.422270755428200140, 0.8041145948577490543, 2.104114625321020338 ) ) ;
#3905 = AXIS2_PLACEMENT_3D ( 'NONE', #1756, #188, #2577 ) ;
#3906 = CARTESIAN_POINT ( 'NONE',  ( 5.022036008900499837, 0.1135669339204520012, 0.09999999999597650180 ) ) ;
#3907 = CARTESIAN_POINT ( 'NONE',  ( -5.330393555722359622, -0.4250721767317030553, 0.02507684312022500153 ) ) ;
#3908 = CARTESIAN_POINT ( 'NONE',  ( 5.130955107202690435, -0.1385277860273970152, -1.374245302980479897E-16 ) ) ;
#3909 = VECTOR ( 'NONE', #2145, 1000.000000000000000 ) ;
#3910 = CARTESIAN_POINT ( 'NONE',  ( 2.794526764258590479, -0.8426655970424190567, 1.300000030463270173 ) ) ;
#3911 = EDGE_CURVE ( 'NONE', #3562, #1537, #57, .T. ) ;
#3912 = CARTESIAN_POINT ( 'NONE',  ( -3.500000000000000000, 0.0000000000000000000, 1.930858434857039896 ) ) ;
#3913 = CARTESIAN_POINT ( 'NONE',  ( -5.128083593033870180, 0.2480610781508650053, 0.05516503351844850855 ) ) ;
#3914 = CARTESIAN_POINT ( 'NONE',  ( -2.312275712915440096, 0.8969320013308089701, 2.196932031794080586 ) ) ;
#3915 = CARTESIAN_POINT ( 'NONE',  ( 6.337018543290589889, -0.2254406790683469997, 0.1000000000000000333 ) ) ;
#3916 = COLOUR_RGB ( '',0.2666666666666666630, 0.5843137254901961120, 0.2823529411764705843 ) ;
#3917 = CARTESIAN_POINT ( 'NONE',  ( -3.009674527917810316, 0.0000000000000000000, 2.150811637497710205 ) ) ;
#3918 = CARTESIAN_POINT ( 'NONE',  ( -5.844579270466050858, -0.6013843938243179643, 0.0000000000000000000 ) ) ;
#3919 = CARTESIAN_POINT ( 'NONE',  ( 5.487879691189330167, -0.4936216824354829891, 0.01308868717811489946 ) ) ;
#3920 = CARTESIAN_POINT ( 'NONE',  ( -5.079277325210020066, 0.1986648998561250101, 0.09999999999608340240 ) ) ;
#3921 = CARTESIAN_POINT ( 'NONE',  ( -5.214896544371310227, -0.3508113022117270163, 0.09999999999335019985 ) ) ;
#3922 = CARTESIAN_POINT ( 'NONE',  ( 5.948685089867860043, 0.5948340940501409824, 0.09999999999965859809 ) ) ;
#3923 = ORIENTED_EDGE ( 'NONE', *, *, #181, .T. ) ;
#3924 = CARTESIAN_POINT ( 'NONE',  ( 6.107600309797909688, 0.5756272280106610184, 0.2000000000000008993 ) ) ;
#3925 = CARTESIAN_POINT ( 'NONE',  ( 6.141731708328860506, 0.4573496073655560212, -5.552550626078690133E-16 ) ) ;
#3926 = CARTESIAN_POINT ( 'NONE',  ( -5.143043976367209780, 0.1171332660977700002, -1.152912033236659920E-16 ) ) ;
#3927 = CARTESIAN_POINT ( 'NONE',  ( 5.062926206616899627, -0.1769191339922490114, 0.08504003497890630370 ) ) ;
#3928 = CARTESIAN_POINT ( 'NONE',  ( 6.262220585892830371, 0.4599031054947679831, 0.2000000000000000111 ) ) ;
#3929 = CARTESIAN_POINT ( 'NONE',  ( -2.644399860962149962, -0.8554816188591790604, 1.300000030463270173 ) ) ;
#3930 = CARTESIAN_POINT ( 'NONE',  ( 5.068192251468690124, 0.1532229929466860097, 0.02507684311779560110 ) ) ;
#3931 = CARTESIAN_POINT ( 'NONE',  ( 3.009674527917810316, 0.8508116070344400317, 1.300000030463270173 ) ) ;
#3932 = CARTESIAN_POINT ( 'NONE',  ( 6.054790831098832093, 0.4826664205960712328, -5.019416799451310959E-16 ) ) ;
#3933 = CARTESIAN_POINT ( 'NONE',  ( -2.385652428381599854, 0.0000000000000000000, 2.190461953060459876 ) ) ;
#3934 = CARTESIAN_POINT ( 'NONE',  ( 3.456526291164410125, 0.7681146123552400340, 1.300000030463270173 ) ) ;
#3935 = CARTESIAN_POINT ( 'NONE',  ( -5.450000029057263440, 0.0000000000000000000, 0.7999999709427360051 ) ) ;
#3936 = CARTESIAN_POINT ( 'NONE',  ( 6.024851973780100067, -0.5875604833422150008, 0.0000000000000000000 ) ) ;
#3937 = CARTESIAN_POINT ( 'NONE',  ( 5.123166861140579620, -0.1279593723508480052, -1.339169659458590106E-16 ) ) ;
#3938 = CARTESIAN_POINT ( 'NONE',  ( 2.917476980842439893, 0.8436923278882220156, 2.143692358351500626 ) ) ;
#3939 = DIRECTION ( 'NONE',  ( 0.0000000000000000000, 1.000000000000000000, 0.0000000000000000000 ) ) ;
#3940 = CARTESIAN_POINT ( 'NONE',  ( -5.011865067452330180, 0.06460658822260660628, 0.05516503351955510254 ) ) ;
#3941 = CARTESIAN_POINT ( 'NONE',  ( -2.256433125465450384, 0.8995863759936900683, 0.4004136544695839905 ) ) ;
#3942 = CARTESIAN_POINT ( 'NONE',  ( 6.107600309797909688, -0.5756272280106610184, 0.1000000000000000333 ) ) ;
#3943 = CARTESIAN_POINT ( 'NONE',  ( -5.191054518613589686, -0.2241754304373480000, 1.006131478749750076E-17 ) ) ;
#3944 = CARTESIAN_POINT ( 'NONE',  ( 6.006328239394109758, 0.5189464972408609489, -4.713376682986360840E-16 ) ) ;
#3945 = CARTESIAN_POINT ( 'NONE',  ( -5.938877072330189577, -0.5957456569946210090, 0.2000000000000000111 ) ) ;
#3946 = CARTESIAN_POINT ( 'NONE',  ( 6.116899038524220344, -0.5314987094503219600, 0.01308868717844519948 ) ) ;
#3947 = CARTESIAN_POINT ( 'NONE',  ( -5.071771894448530382, 0.1888206296083060065, 0.09999999999603190193 ) ) ;
#3948 = CARTESIAN_POINT ( 'NONE',  ( 5.982101057793539844, 0.5919109406925260330, 0.0000000000000000000 ) ) ;
#3949 = CARTESIAN_POINT ( 'NONE',  ( -5.121113398963769825, -0.2504572097185440160, 0.09999999998986651428 ) ) ;
#3950 = CARTESIAN_POINT ( 'NONE',  ( 6.323615281261189658, 0.2862428628047969936, 0.09999999999994761690 ) ) ;
#3951 = EDGE_LOOP ( 'NONE', ( #702, #2532, #928, #2977 ) ) ;
#3952 = CARTESIAN_POINT ( 'NONE',  ( -6.067120671245721297, 0.5823399928957599947, 0.1000000000000000333 ) ) ;
#3953 = CARTESIAN_POINT ( 'NONE',  ( 5.204117649890390496, 0.1936259346065530018, 1.123670308744149943E-17 ) ) ;
#3954 = CARTESIAN_POINT ( 'NONE',  ( -5.148931401456280810, 0.1250963141160540137, -1.190835484086870097E-16 ) ) ;
#3955 = CARTESIAN_POINT ( 'NONE',  ( 5.883494035608739736, -0.5994401913979839902, 0.08504003498280690576 ) ) ;
#3956 = CARTESIAN_POINT ( 'NONE',  ( -3.046257705760219814, -0.8541536936186510109, 2.154153724081920185 ) ) ;
#3957 = CARTESIAN_POINT ( 'NONE',  ( 6.287059163247260329, 0.4053309385163110234, 0.07756005247426719929 ) ) ;
#3958 = CARTESIAN_POINT ( 'NONE',  ( 3.113135215446409809, 0.8598146433977199576, 0.4401853870655539902 ) ) ;
#3959 = CARTESIAN_POINT ( 'NONE',  ( -3.499999999999999556, -0.5177079014201029228, 0.9348053059682135402 ) ) ;
#3960 = CARTESIAN_POINT ( 'NONE',  ( -2.917476980842439893, 0.0000000000000000000, 2.143692358351500182 ) ) ;
#3961 = CARTESIAN_POINT ( 'NONE',  ( 3.284326568066441077, 0.8607250946741169528, 2.160725125137389568 ) ) ;
#3962 = CARTESIAN_POINT ( 'NONE',  ( 5.000001109542409949, -0.0003494722553439620432, 0.1000000000000000056 ) ) ;
#3963 = CARTESIAN_POINT ( 'NONE',  ( 6.202749433582759764, -0.5385241188777200039, 0.0000000000000000000 ) ) ;
#3964 = B_SPLINE_SURFACE_WITH_KNOTS ( 'NONE', 3, 3, ( 
 ( #1575, #3214, #1523, #4864, #1552, #3188, #1628, #919, #1705, #2496, #3289, #489, #3343, #4492, #60, #2444, #5004, #3702, #813, #461, #838, #2919, #3761, #4091, #4570, #2056, #435, #4119, #1331, #4919, #87, #32, #2946, #2523, #3786, #1652, #4175, #4977, #113, #4947, #4596, #1258, #4539, #2891, #4147, #1286, #2083, #3730, #1679, #3316, #4200, #1311, #3366, #893, #2550, #514, #3811, #5084, #1755, #2996, #4229, #541, #945, #5061, #1382, #1359, #3021, #4649, #2576, #3842, #2191, #2970, #2167, #4255, #4622, #165, #138, #1783, #3394, #3421, #971, #2599, #564, #3804, #1642, #4639, #453, #1301, #2962, #936, #4109, #427, #2566, #4219, #532, #2160, #1275, #4586, #3385, #856, #3778, #131, #4530 ),
 ( #2486, #505, #2909, #4559, #3691, #4139, #2075, #1748, #4166, #4192, #3721, #3751, #478, #3281, #2104, #4968, #2460, #77, #50, #1351, #1669, #104, #3307, #21, #2938, #883, #910, #1696, #5054, #3333, #4994, #2047, #2542, #2133, #1723, #2988, #4937, #1529, #1841, #1558, #2715, #3955, #736, #1466, #4795, #3084, #2369, #4732, #3165, #3598, #961, #2592, #5171, #4426, #653, #4246, #156, #2768, #556, #3478, #1497, #2317, #2184, #2285, #3831, #4763, #4821, #280, #1050, #4015, #1075, #1131, #4370, #5231, #1900, #3505, #2686, #339, #4341, #3927, #3534, #1108, #2741, #4399, #1960, #251, #5256, #1870, #706, #2343, #3984, #1929, #310, #3565, #467, #1606, #440, #1210, #1235, #1263, #5314, #2897, #3268 ),
 ( #1684, #2819, #3682, #2062, #36, #1162, #2790, #1657, #3295, #4955, #4547, #3653, #4925, #2089, #3222, #2475, #870, #3627, #4098, #4520, #2501, #4497, #2395, #819, #4046, #2449, #4898, #9, #4067, #4153, #368, #4869, #4453, #1987, #765, #3736, #4846, #5285, #64, #1581, #2036, #1188, #4475, #4125, #3708, #791, #2423, #391, #2010, #3246, #2844, #416, #1337, #2146, #4653, #570, #3321, #2172, #2924, #2197, #2554, #4576, #4627, #1711, #1760, #976, #2529, #3397, #925, #4206, #3348, #192, #495, #2604, #2121, #1787, #2998, #2629, #3766, #4261, #5065, #4287, #519, #5087, #91, #5037, #3868, #2974, #3847, #5011, #1315, #2580, #2950, #3026, #170, #594, #1387, #4675, #998, #2224, #1124, #2279, #1068 ),
 ( #2760, #3103, #1808, #1459, #1021, #697, #2732, #5115, #1834, #272, #4417, #4756, #2335, #3497, #727, #3893, #1890, #4814, #5139, #3157, #2653, #3448, #1434, #671, #4390, #3974, #1410, #3051, #301, #1920, #1520, #4698, #645, #3946, #4307, #214, #3130, #619, #2252, #2707, #1487, #3471, #4363, #4725, #2308, #1044, #5193, #5164, #4785, #2680, #4334, #3919, #243, #5248, #3185, #1952, #1255, #2494, #3589, #4944, #2888, #2835, #2387, #1550, #4916, #2862, #1572, #1226, #3675, #332, #2783, #2053, #4512, #3645, #782, #1626, #836, #4839, #1202, #1153, #2467, #4862, #4445, #1600, #4037, #409, #3262, #757, #3, #3212, #1181, #360, #1978, #3618, #4116, #5278, #433, #3699, #4537, #2810, #29, #811, #862 ),
 ( #2415, #4061, #1650, #5306, #384, #3287, #3239, #4889, #4489, #2442, #511, #1308, #4172, #563, #3728, #2519, #916, #2943, #2139, #2573, #2993, #2112, #4252, #4566, #110, #83, #4225, #5059, #3017, #58, #5081, #2548, #1357, #3783, #538, #2189, #4593, #3839, #2165, #3340, #4669, #5001, #1780, #1727, #1753, #3418, #4974, #1379, #4646, #162, #4145, #1702, #485, #3758, #4197, #3364, #3809, #2597, #5028, #993, #1329, #2967, #4620, #942, #136, #3391, #968, #459, #1676, #2080, #3312, #1283, #2916, #4352, #3044, #3908, #638, #3442, #4326, #1427, #4804, #2672, #4691, #1511, #4301, #3937, #2245, #3861, #3095, #1014, #4746, #3465, #4775, #4718, #3489, #2217, #2269, #1060, #2698, #234, #263, #3120, #5106 ),
 ( #3070, #662, #1404, #3966, #2647, #1089, #5211, #2623, #4280, #1038, #691, #3886, #587, #209, #4380, #185, #1824, #1450, #1854, #5156, #2298, #1881, #3518, #2725, #5184, #1478, #2327, #292, #1911, #3546, #3148, #2803, #3611, #1144, #2854, #717, #3177, #3205, #5268, #777, #4881, #5327, #4437, #1220, #1543, #2407, #2381, #1197, #2023, #22, #2353, #2048, #4855, #3668, #4056, #2829, #4505, #1566, #829, #4483, #351, #1643, #1970, #4110, #379, #4080, #428, #1943, #3693, #1619, #2461, #1117, #4028, #4833, #2777, #1174, #1998, #803, #4909, #3638, #3282, #748, #5297, #1593, #3233, #2435, #400, #3256, #2751, #3997, #4408, #324, #3582, #5241, #1327, #51, #911, #2939, #454, #1302, #2105, #1774, #4995 ) ),
 .UNSPECIFIED., .F., .F., .F.,
 ( 4, 1, 1, 4 ),
 ( 4, 1, 1, 1, 1, 1, 1, 1, 1, 1, 1, 1, 1, 1, 1, 1, 1, 1, 1, 1, 1, 1, 1, 1, 1, 1, 1, 1, 1, 1, 1, 1, 1, 1, 1, 1, 1, 1, 1, 1, 1, 1, 1, 1, 1, 1, 1, 1, 1, 1, 1, 1, 1, 1, 1, 1, 1, 1, 1, 1, 1, 1, 1, 1, 1, 1, 1, 1, 1, 1, 1, 1, 1, 1, 1, 1, 1, 1, 1, 1, 1, 1, 1, 1, 1, 1, 1, 1, 1, 1, 1, 1, 1, 1, 1, 1, 1, 1, 1, 1, 4 ),
 ( 0.0000000000000000000, 0.2857142857142859760, 0.5714285714285709528, 1.000000000000000000 ),
 ( 0.0000000000000000000, 0.006234066232584399569, 0.01246813246516879914, 0.01870219869775319871, 0.02493626493033759828, 0.03117033116292200132, 0.03740439739550639742, 0.03896291395365249904, 0.03974217223272560190, 0.04052143051179860067, 0.04207994706994470230, 0.04363846362809079699, 0.04441772190716389984, 0.04519698018623689861, 0.04558660932577349861, 0.04597623846531000147, 0.04617105303507820085, 0.04636586760484649739, 0.04656068217461480085, 0.04665808945949889708, 0.04670679310194100070, 0.04675549674438300024, 0.04753475502345610310, 0.04831401330252910187, 0.04909327158160219778, 0.04987252986067519656, 0.05026215900021169941, 0.05035956628509589972, 0.05045697356998000288, 0.05065178813974829941, 0.05104141727928480227, 0.05143104641882129818, 0.05221030469789440104, 0.05298956297696739981, 0.05454807953511350144, 0.05610659609325960306, 0.05922362920955179938, 0.06234066232584400263, 0.06857472855842840220, 0.07169176167472060546, 0.07480879479101279483, 0.07792582790730499809, 0.08104286102359720134, 0.08415989413988940460, 0.08727692725618159397, 0.09039396037247379723, 0.09351099348876600048, 0.09974505972135039311, 0.1059791259539349939, 0.1090961590702270029, 0.1122131921865189980, 0.1153302253028110069, 0.1184472584191040012, 0.1215642915353959963, 0.1246813246516880053, 0.1277983577679799865, 0.1309153908842720093, 0.1340324240005650036, 0.1371494571168569987, 0.1402664902331489938, 0.1433835233494409889, 0.1465005564657330117, 0.1496175895820260060, 0.1511761061401719897, 0.1527346226983180011, 0.1542931392564640125, 0.1558516558146099962, 0.1574101723727560076, 0.1589686889309019913, 0.1591635035006709886, 0.1593583180704389868, 0.1597479472099750109, 0.1605272054890480027, 0.1606246127739330010, 0.1607220200588170000, 0.1609168346285849982, 0.1613064637681209945, 0.1615012783378899919, 0.1616960929076579900, 0.1617447965500999896, 0.1617935001925419891, 0.1618909074774259882, 0.1619883147623099873, 0.1620126665835310009, 0.1620370184047519868, 0.1620613702259730005, 0.1620735461365840069, 0.1620796340918889966, 0.1620857220471939864, 0.1652027551634870084, 0.1667612717216329921, 0.1675405300007060116, 0.1679301591402420080, 0.1681249737100110053, 0.1683197882797790035, 0.1698783048379249871, 0.1714368213960709986, 0.1729953379542170100, 0.1737745962332900018, 0.1741642253728269973, 0.1745538545123629937 ),
 .UNSPECIFIED. ) ;
#3965 = CARTESIAN_POINT ( 'NONE',  ( -6.227998494929449791, -0.4812927942591950226, 0.02507684312136149868 ) ) ;
#3966 = CARTESIAN_POINT ( 'NONE',  ( 6.246123710359430703, -0.1259007483707219877, -8.910227983747299138E-16 ) ) ;
#3967 = CARTESIAN_POINT ( 'NONE',  ( -3.499999995479639914, 0.0000000000000000000, 1.940631787673050113 ) ) ;
#3968 = CARTESIAN_POINT ( 'NONE',  ( -5.088985008977649827, 0.2000744417199689928, 0.05516503351821750584 ) ) ;
#3969 = CARTESIAN_POINT ( 'NONE',  ( -5.726241842797760384, 0.5985893008589749931, 0.2000000000000000111 ) ) ;
#3970 = CARTESIAN_POINT ( 'NONE',  ( -3.113135215446409809, 0.8598146433977199576, 0.4401853870655539902 ) ) ;
#3971 = CARTESIAN_POINT ( 'NONE',  ( -5.310932473527239850, -0.3434119031951950451, -8.657836333626690249E-17 ) ) ;
#3972 = CARTESIAN_POINT ( 'NONE',  ( 5.591671112120629950, 0.5009404832077730685, -2.281242212139279806E-16 ) ) ;
#3973 = CARTESIAN_POINT ( 'NONE',  ( -6.262220585892830371, -0.4599031054947679831, 0.2000000000000000111 ) ) ;
#3974 = CARTESIAN_POINT ( 'NONE',  ( 6.158027436183539649, -0.5172801758412971518, 0.01308868717844760034 ) ) ;
#3975 = CARTESIAN_POINT ( 'NONE',  ( -5.077557448997300327, 0.1964273523685320377, 0.09999999999608000234 ) ) ;
#3976 = EDGE_CURVE ( 'NONE', #4129, #3400, #1931, .T. ) ;
#3977 = CARTESIAN_POINT ( 'NONE',  ( 5.180316525110471026, 0.3182787896309660081, 0.2000000000000000111 ) ) ;
#3978 = CARTESIAN_POINT ( 'NONE',  ( -5.190832733275610344, -0.3269992220462469845, 0.09999999999277399410 ) ) ;
#3979 = CARTESIAN_POINT ( 'NONE',  ( 5.000079833572209864, 0.01133376250456960034, 0.07756005247417850634 ) ) ;
#3980 = ORIENTED_EDGE ( 'NONE', *, *, #4387, .T. ) ;
#3981 = CARTESIAN_POINT ( 'NONE',  ( -6.345819140479379783, 0.1459536405944240056, 0.1000000000000000333 ) ) ;
#3982 = CARTESIAN_POINT ( 'NONE',  ( 5.816072179594810265, 0.5013830343026940417, -3.582359226742429793E-16 ) ) ;
#3983 = CARTESIAN_POINT ( 'NONE',  ( -5.158549041677510161, 0.1377720477034480029, -1.249270152331810326E-16 ) ) ;
#3984 = CARTESIAN_POINT ( 'NONE',  ( 5.043147541999321248, -0.1492548431500820005, 0.08504003498029699681 ) ) ;
#3985 = CARTESIAN_POINT ( 'NONE',  ( -3.079716191379540557, -0.8570832699196331284, 0.4429167605436410415 ) ) ;
#3986 = EDGE_CURVE ( 'NONE', #4210, #1237, #4257, .T. ) ;
#3987 = CARTESIAN_POINT ( 'NONE',  ( 6.243302206609421034, 0.4912172068597400187, 0.07756005247423750082 ) ) ;
#3988 = CARTESIAN_POINT ( 'NONE',  ( 3.190112246994440071, 0.0000000000000000000, 0.4354886602505709803 ) ) ;
#3989 = CARTESIAN_POINT ( 'NONE',  ( -5.145930002800080061, -0.1210599088618359992, 6.617518305866129886E-17 ) ) ;
#3990 = CARTESIAN_POINT ( 'NONE',  ( -3.499999999999999556, -0.4151379960591710105, 1.776977761701536096 ) ) ;
#3991 = CARTESIAN_POINT ( 'NONE',  ( -5.102249507787044891, -0.04237512789397342161, 1.015080623507850867E-16 ) ) ;
#3992 = CARTESIAN_POINT ( 'NONE',  ( 3.333637229839510052, 0.0000000000000000000, 0.4496099184848320607 ) ) ;
#3993 = ORIENTED_EDGE ( 'NONE', *, *, #79, .T. ) ;
#3994 = CARTESIAN_POINT ( 'NONE',  ( 2.256433125465450384, 0.8995863759936900683, 2.199586406456959686 ) ) ;
#3995 = CARTESIAN_POINT ( 'NONE',  ( 5.249864402188619827, -0.3858697217414899794, 0.0000000000000000000 ) ) ;
#3996 = CARTESIAN_POINT ( 'NONE',  ( -6.282870190146110367, -0.3646641750029860352, 0.02507684312137460278 ) ) ;
#3997 = CARTESIAN_POINT ( 'NONE',  ( 5.134947942315109870, -0.1059850186071600170, -1.428742864752729968E-16 ) ) ;
#3998 = CARTESIAN_POINT ( 'NONE',  ( 2.859815149085939812, 0.0000000000000000000, 2.141812903471060014 ) ) ;
#3999 = CARTESIAN_POINT ( 'NONE',  ( -6.299373963292079992, 0.1939389883918199997, 0.01308868717842700050 ) ) ;
#4000 = AXIS2_PLACEMENT_3D ( 'NONE', #2068, #43, #2096 ) ;
#4001 = CARTESIAN_POINT ( 'NONE',  ( -2.312275712915440096, -0.8969320013308089701, 0.4030680291324649778 ) ) ;
#4002 = CARTESIAN_POINT ( 'NONE',  ( -5.789270952678809756, 0.6017536333715920449, 0.2000000000000000111 ) ) ;
#4003 = CARTESIAN_POINT ( 'NONE',  ( -3.079716191379540557, -0.8570832699196331284, 0.4429167605436410415 ) ) ;
#4004 = CARTESIAN_POINT ( 'NONE',  ( -5.146526737722349587, -0.1709627198022490024, 4.624878895555979898E-17 ) ) ;
#4005 = CARTESIAN_POINT ( 'NONE',  ( 5.414558588366791270, 0.4200948824120580016, -1.255879923147079893E-16 ) ) ;
#4006 = CARTESIAN_POINT ( 'NONE',  ( -6.176453577985229870, -0.5545352631851150349, 0.2000000000000000111 ) ) ;
#4007 = CARTESIAN_POINT ( 'NONE',  ( -6.239275224659439623, 0.4967641990208740421, 0.08504003498300509445 ) ) ;
#4008 = CARTESIAN_POINT ( 'NONE',  ( 5.410603633123799661, 0.5023060787889991330, 0.0000000000000000000 ) ) ;
#4009 = AXIS2_PLACEMENT_3D ( 'NONE', #4883, #4082, #2409 ) ;
#4010 = CARTESIAN_POINT ( 'NONE',  ( 5.781774221511960299, 0.6009055440956270200, 0.09999999999928869954 ) ) ;
#4011 = ORIENTED_EDGE ( 'NONE', *, *, #4933, .F. ) ;
#4012 = CARTESIAN_POINT ( 'NONE',  ( -6.176453577985229870, 0.5545352631851150349, 0.1000000000000000333 ) ) ;
#4013 = CARTESIAN_POINT ( 'NONE',  ( 5.149710552627120741, 0.1261391335361879973, 4.396624165831420250E-17 ) ) ;
#4014 = CARTESIAN_POINT ( 'NONE',  ( -5.262106694960220210, 0.2568308318536710044, -1.512398637932509933E-16 ) ) ;
#4015 = CARTESIAN_POINT ( 'NONE',  ( 5.083582269809089560, -0.2042463644467860107, 0.08504003497900609887 ) ) ;
#4016 = CARTESIAN_POINT ( 'NONE',  ( 2.256433125465450384, 0.8995863759936900683, 0.4004136544695839905 ) ) ;
#4017 = CARTESIAN_POINT ( 'NONE',  ( -3.009674527917809872, 0.8508116070344399207, 0.4491884234288340827 ) ) ;
#4018 = CARTESIAN_POINT ( 'NONE',  ( 3.149310191193160247, 0.0000000000000000000, 2.162426299549990105 ) ) ;
#4019 = CARTESIAN_POINT ( 'NONE',  ( -5.379121322594889953, -0.3594057335590640778, -1.268844425527170023E-16 ) ) ;
#4020 = PRODUCT_DEFINITION ( 'UNKNOWN', '', #5218, #4271 ) ;
#4021 = CARTESIAN_POINT ( 'NONE',  ( -5.107535216115023147, -0.05988266234791894682, 9.713706657030071008E-17 ) ) ;
#4022 = CARTESIAN_POINT ( 'NONE',  ( -6.349999999999999645, 0.0000000000000000000, 0.09999999999999920064 ) ) ;
#4023 = CARTESIAN_POINT ( 'NONE',  ( 6.192202161977790276, 0.5217777963151529752, 0.02507684312135970151 ) ) ;
#4024 = CARTESIAN_POINT ( 'NONE',  ( 5.384809090557961753, -0.3635170658120158160, -9.666873699101070477E-17 ) ) ;
#4025 = CARTESIAN_POINT ( 'NONE',  ( 6.337018543290589889, 0.2254406790683469997, 0.09999999999999939493 ) ) ;
#4026 = CARTESIAN_POINT ( 'NONE',  ( -5.100000498881283484, 4.267943533398476775E-09, -5.228021664652932209E-17 ) ) ;
#4027 = CARTESIAN_POINT ( 'NONE',  ( -5.045982752901469581, -0.1194826292224440006, 0.02507684311996210419 ) ) ;
#4028 = CARTESIAN_POINT ( 'NONE',  ( 5.154204416106080267, -0.1321009263443329862, -1.412625796056990248E-16 ) ) ;
#4029 = CARTESIAN_POINT ( 'NONE',  ( 2.794526764258589591, 0.8426655970424189457, 2.142665627505690118 ) ) ;
#4030 = APPLICATION_PROTOCOL_DEFINITION ( 'draft international standard', 'automotive_design', 1998, #3062 ) ;
#4031 = CARTESIAN_POINT ( 'NONE',  ( -5.072785858103560308, 0.1787823870034110085, 0.05516503351817839823 ) ) ;
#4032 = CARTESIAN_POINT ( 'NONE',  ( -6.176453577985229870, 0.5545352631851150349, 0.0000000000000000000 ) ) ;
#4033 = CARTESIAN_POINT ( 'NONE',  ( -3.235639616665010543, 0.8646691662700989323, 0.4353308641931750711 ) ) ;
#4034 = CARTESIAN_POINT ( 'NONE',  ( -5.719234269671410686, -0.5263945772153599822, -4.110229470311760029E-16 ) ) ;
#4035 = CARTESIAN_POINT ( 'NONE',  ( 6.098433514767529928, 0.5052464661543409896, -5.251678869988960266E-16 ) ) ;
#4036 = CARTESIAN_POINT ( 'NONE',  ( -5.024698807116640076, -0.1207599828996299973, 0.2000000000000000111 ) ) ;
#4037 = CARTESIAN_POINT ( 'NONE',  ( 5.093134693357050047, -0.1499893100068930285, 0.01308868717700690035 ) ) ;
#4038 = CARTESIAN_POINT ( 'NONE',  ( 2.256433125465450384, -0.8995863759936900683, 2.199586406456959686 ) ) ;
#4039 = CARTESIAN_POINT ( 'NONE',  ( -5.053259208795349622, 0.1636107914827039933, 0.09999999999616629442 ) ) ;
#4040 = CARTESIAN_POINT ( 'NONE',  ( 5.726241842797760384, 0.5985893008589749931, 0.2000000000000000111 ) ) ;
#4041 = CARTESIAN_POINT ( 'NONE',  ( 6.342625884294790239, 0.1661372783130840303, 0.09999999999997100097 ) ) ;
#4042 = EDGE_LOOP ( 'NONE', ( #598, #195, #1127, #1896 ) ) ;
#4043 = CARTESIAN_POINT ( 'NONE',  ( -5.789270952678809756, 0.6017536333715920449, 0.1000000000000000333 ) ) ;
#4044 = CARTESIAN_POINT ( 'NONE',  ( 5.457254986367130023, 0.4108000764104500213, -1.418140503343509948E-16 ) ) ;
#4045 = CARTESIAN_POINT ( 'NONE',  ( -5.209207384607429603, 0.1995296238196609950, -1.431217168905119961E-16 ) ) ;
#4046 = CARTESIAN_POINT ( 'NONE',  ( 6.189574716245809682, -0.5383116821863090928, 0.05516503352022431028 ) ) ;
#4047 = CARTESIAN_POINT ( 'NONE',  ( -3.113135215446409809, 0.0000000000000000000, 0.4401853870655529910 ) ) ;
#4048 = CARTESIAN_POINT ( 'NONE',  ( 3.190112246994440071, 0.0000000000000000000, 2.164511400675980468 ) ) ;
#4049 = CARTESIAN_POINT ( 'NONE',  ( -5.430476161601260010, -0.3947505135780989827, -1.693080436183329926E-16 ) ) ;
#4050 = FACE_OUTER_BOUND ( 'NONE', #2737, .T. ) ;
#4051 = CARTESIAN_POINT ( 'NONE',  ( 3.500000000000000000, -0.6308584043937629504, 1.930858434857040118 ) ) ;
#4052 = CARTESIAN_POINT ( 'NONE',  ( 5.979475341907500408, 0.5737618475772410243, 0.02507684312131040066 ) ) ;
#4053 = FACE_OUTER_BOUND ( 'NONE', #732, .T. ) ;
#4054 = CARTESIAN_POINT ( 'NONE',  ( 6.202749433582759764, 0.5385241188777200039, 0.09999999999999939493 ) ) ;
#4055 = CARTESIAN_POINT ( 'NONE',  ( -5.157177862415809777, -0.2641255011858659740, 0.02507684311848890416 ) ) ;
#4056 = CARTESIAN_POINT ( 'NONE',  ( 5.430476233535630470, -0.3947505696450839818, -1.688188784918360043E-16 ) ) ;
#4057 = CARTESIAN_POINT ( 'NONE',  ( 3.079716191379540557, -0.8570832699196331284, 2.157083300382910629 ) ) ;
#4058 = CARTESIAN_POINT ( 'NONE',  ( -5.519063709483890356, 0.5070596289732479667, 0.01308868717814349984 ) ) ;
#4059 = CARTESIAN_POINT ( 'NONE',  ( 2.256433125465449940, 0.0000000000000000000, 2.199586406456960130 ) ) ;
#4060 = CARTESIAN_POINT ( 'NONE',  ( 2.561655826735730113, -3.812002144672648782E-15, 0.4332475180310719765 ) ) ;
#4061 = CARTESIAN_POINT ( 'NONE',  ( 6.272440013605209863, -0.02099414563777210127, -9.872656991934730993E-16 ) ) ;
#4062 = CARTESIAN_POINT ( 'NONE',  ( -5.062926206616899627, 0.1769191339922490114, 0.09999999999600059364 ) ) ;
#4063 = CARTESIAN_POINT ( 'NONE',  ( 5.012385225038310743, 0.09377143883761659970, 0.0000000000000000000 ) ) ;
#4064 = CARTESIAN_POINT ( 'NONE',  ( -2.199999969548116496, 1.102630477801762982E-16, 0.3996339179078319259 ) ) ;
#4065 = CARTESIAN_POINT ( 'NONE',  ( -6.024851973780100067, 0.5875604833422150008, 0.1000000000000000333 ) ) ;
#4066 = CARTESIAN_POINT ( 'NONE',  ( -6.337018543290589889, -0.2254406790683469997, 0.2000000000000008993 ) ) ;
#4067 = CARTESIAN_POINT ( 'NONE',  ( 6.151361707283520275, -0.5560296150557939576, 0.05516503352022150003 ) ) ;
#4068 = CARTESIAN_POINT ( 'NONE',  ( -3.235639616665010099, 0.0000000000000000000, 0.4353308641931740719 ) ) ;
#4069 = CARTESIAN_POINT ( 'NONE',  ( -5.121113398963769825, -0.2504572097185440160, 0.07756005246422509325 ) ) ;
#4070 = CARTESIAN_POINT ( 'NONE',  ( 5.571669617665360619, 0.5681346885902990307, 0.07756005247285829851 ) ) ;
#4071 = CARTESIAN_POINT ( 'NONE',  ( 3.284326568066441077, -0.8607250946741169528, 0.4392749357891569950 ) ) ;
#4072 = CARTESIAN_POINT ( 'NONE',  ( -5.457254986367130023, -0.4108000764104500213, -1.914343218933599955E-16 ) ) ;
#4073 = CARTESIAN_POINT ( 'NONE',  ( -6.062734613610020418, 0.5042596112561550381, -6.751583585647309968E-16 ) ) ;
#4074 = CARTESIAN_POINT ( 'NONE',  ( -3.500000000000000888, -0.6308245269826119328, 1.340285143948340973 ) ) ;
#4075 = DIRECTION ( 'NONE',  ( 0.9999999861530574075, 0.0000000000000000000, -0.0001664147979258818718 ) ) ;
#4076 = CARTESIAN_POINT ( 'NONE',  ( 5.070449349983590537, 0.01983775208173989973, 6.935007026306199583E-17 ) ) ;
#4077 = CARTESIAN_POINT ( 'NONE',  ( 2.218867265165350044, 0.9002847350042210151, 1.300000030463270173 ) ) ;
#4078 = CARTESIAN_POINT ( 'NONE',  ( 6.349999999999999645, 0.0000000000000000000, 0.2000000000000000111 ) ) ;
#4079 = CARTESIAN_POINT ( 'NONE',  ( -5.112625049594980098, -0.2115800218114239906, 0.02507684311801579996 ) ) ;
#4080 = CARTESIAN_POINT ( 'NONE',  ( 5.199026351301631266, -0.1877174209332259924, -1.452334978930329921E-16 ) ) ;
#4081 = CARTESIAN_POINT ( 'NONE',  ( 3.113135215446409809, 0.8598146433977199576, 0.4401853870655539902 ) ) ;
#4082 = DIRECTION ( 'NONE',  ( 0.0000000000000000000, 0.0000000000000000000, 1.000000000000000000 ) ) ;
#4083 = CARTESIAN_POINT ( 'NONE',  ( -5.164176983427550383, 0.2387027745690049885, 0.01308868717723430004 ) ) ;
#4084 = CARTESIAN_POINT ( 'NONE',  ( 2.794526764258590479, 0.0000000000000000000, 2.142665627505690118 ) ) ;
#4085 = CARTESIAN_POINT ( 'NONE',  ( -3.456526291164410125, 0.7681146123552399230, 2.068114642818509985 ) ) ;
#4086 = CARTESIAN_POINT ( 'NONE',  ( -5.117239116984920066, -0.1325279514434200001, 6.988442231533580319E-17 ) ) ;
#4087 = EDGE_CURVE ( 'NONE', #5042, #2558, #3014, .T. ) ;
#4088 = CARTESIAN_POINT ( 'NONE',  ( -6.349999999999999645, 0.0000000000000000000, 0.2000000000000000111 ) ) ;
#4089 = CARTESIAN_POINT ( 'NONE',  ( 2.561655826735730113, -0.8667525124322019714, 0.4332475180310719209 ) ) ;
#4090 = CARTESIAN_POINT ( 'NONE',  ( -6.143177358410319755, 0.5659589371648391376, 0.08504003498299439467 ) ) ;
#4091 = CARTESIAN_POINT ( 'NONE',  ( 6.213616970357841218, -0.5281006757949060493, 0.1000000000000969974 ) ) ;
#4092 = CARTESIAN_POINT ( 'NONE',  ( 5.098434870269880292, 0.2230367914402849872, 0.09999999998873720930 ) ) ;
#4093 = CARTESIAN_POINT ( 'NONE',  ( -2.917476980842439893, -3.710582798691723026E-15, 0.4563077025750520432 ) ) ;
#4094 = AXIS2_PLACEMENT_3D ( 'NONE', #322, #5131, #1540 ) ;
#4095 = CARTESIAN_POINT ( 'NONE',  ( -3.499999999999999556, 0.2719716059955836762, 0.7303036341974898926 ) ) ;
#4096 = CARTESIAN_POINT ( 'NONE',  ( 5.142901189282540031, 0.1169396394672970185, 4.806394648930540201E-17 ) ) ;
#4097 = CARTESIAN_POINT ( 'NONE',  ( -5.844579270466050858, -0.6013843938243179643, 0.2000000000000008993 ) ) ;
#4098 = CARTESIAN_POINT ( 'NONE',  ( 6.225641476512260297, -0.5037635023931329448, 0.05516503352022680134 ) ) ;
#4099 = CARTESIAN_POINT ( 'NONE',  ( -5.138460716023140584, -0.2705028622279799788, 0.07756005246463450187 ) ) ;
#4100 = EDGE_LOOP ( 'NONE', ( #4366, #623, #497, #649 ) ) ;
#4101 = CARTESIAN_POINT ( 'NONE',  ( 3.456526291164410125, 0.7681146123552400340, 1.300000030463270173 ) ) ;
#4102 = CARTESIAN_POINT ( 'NONE',  ( -5.630255471241690124, -0.4804356152059239826, -3.346666140429039962E-16 ) ) ;
#4103 =( GEOMETRIC_REPRESENTATION_CONTEXT ( 3 ) GLOBAL_UNCERTAINTY_ASSIGNED_CONTEXT ( ( #1078 ) ) GLOBAL_UNIT_ASSIGNED_CONTEXT ( ( #1544, #805, #5270 ) ) REPRESENTATION_CONTEXT ( 'NONE', 'WORKASPACE' ) );
#4104 = CARTESIAN_POINT ( 'NONE',  ( -5.474436616580961257, 0.4456518395805599830, -2.291268804810320046E-16 ) ) ;
#4105 = CARTESIAN_POINT ( 'NONE',  ( 5.816210627048491233, 0.5831634050813919723, 0.02507684312121169837 ) ) ;
#4106 = CARTESIAN_POINT ( 'NONE',  ( 2.218867265165350044, -0.9002847350042210151, 1.300000030463270173 ) ) ;
#4107 = B_SPLINE_SURFACE_WITH_KNOTS ( 'NONE', 5, 1, ( 
 ( #569, #2196 ),
 ( #3447, #2553 ),
 ( #4205, #1433 ),
 ( #4838, #5192 ),
 ( #3527, #3077 ),
 ( #4813, #1833 ),
 ( #2334, #3184 ),
 ( #300, #331 ),
 ( #1951, #3973 ),
 ( #4444, #3102 ),
 ( #3129, #1519 ),
 ( #726, #213 ),
 ( #2360, #4006 ),
 ( #3588, #2706 ),
 ( #1152, #2278 ),
 ( #5247, #2679 ),
 ( #3555, #1549 ),
 ( #4724, #4784 ),
 ( #1098, #3945 ),
 ( #4755, #2782 ),
 ( #3918, #5138 ),
 ( #756, #3892 ),
 ( #4333, #644 ),
 ( #242, #1861 ),
 ( #1123, #5163 ),
 ( #1919, #3496 ),
 ( #1458, #2759 ),
 ( #4362, #5221 ),
 ( #1067, #2731 ),
 ( #670, #2307 ),
 ( #4389, #271 ),
 ( #696, #1889 ),
 ( #3156, #2887 ),
 ( #2386, #4036 ),
 ( #861, #432 ),
 ( #2809, #2052 ),
 ( #3311, #4888 ),
 ( #359, #2441 ),
 ( #408, #4511 ),
 ( #1180, #5305 ) ),
 .UNSPECIFIED., .F., .F., .F.,
 ( 6, 1, 1, 1, 1, 1, 1, 1, 1, 1, 1, 1, 1, 1, 1, 1, 1, 1, 1, 1, 1, 1, 1, 1, 1, 1, 1, 1, 1, 1, 1, 1, 1, 1, 1, 6 ),
 ( 2, 2 ),
 ( 0.0000000000000000000, 0.02857142857142859829, 0.05714285714285709944, 0.08571428571428570120, 0.1142857142857140046, 0.1428571428571429880, 0.1714285714285710138, 0.2000000000000000111, 0.2285714285714290084, 0.2571428571428570065, 0.2857142857142859760, 0.3142857142857140018, 0.3428571428571430268, 0.3714285714285709972, 0.4000000000000000222, 0.4285714285714289917, 0.4571428571428570176, 0.4857142857142859871, 0.5142857142857140129, 0.5428571428571430380, 0.5714285714285719520, 0.5999999999999999778, 0.6285714285714290028, 0.6571428571428570287, 0.6857142857142860537, 0.7142857142857139685, 0.7428571428571429935, 0.7714285714285720186, 0.8000000000000000444, 0.8285714285714289584, 0.8571428571428569843, 0.8857142857142860093, 0.9142857142857140351, 0.9428571428571429491, 0.9714285714285719742, 1.000000000000000000 ),
 ( 0.0000000000000000000, 0.02000000000000000042 ),
 .UNSPECIFIED. ) ;
#4108 = CARTESIAN_POINT ( 'NONE',  ( -5.142187738396169827, -0.2470216833940890311, 0.02507684311840880503 ) ) ;
#4109 = CARTESIAN_POINT ( 'NONE',  ( 5.043147541999321248, -0.1492548431500820005, 0.09999999999739110634 ) ) ;
#4110 = CARTESIAN_POINT ( 'NONE',  ( 5.222965533573850294, -0.2151252729305979938, -1.560247401393319939E-16 ) ) ;
#4111 = CARTESIAN_POINT ( 'NONE',  ( 3.009674527917809872, 0.8508116070344399207, 2.150811637497709761 ) ) ;
#4112 = CARTESIAN_POINT ( 'NONE',  ( -6.210092586278549653, 0.4679993066813339930, 0.01308868717844939925 ) ) ;
#4113 = CARTESIAN_POINT ( 'NONE',  ( 2.312275712915440096, 0.0000000000000000000, 2.196932031794080142 ) ) ;
#4114 = CARTESIAN_POINT ( 'NONE',  ( -5.110491981745449941, -0.1232196903317560183, 7.525128447353559806E-17 ) ) ;
#4115 = CARTESIAN_POINT ( 'NONE',  ( 2.917476980842439893, -3.710582798691723026E-15, 0.4563077025750520432 ) ) ;
#4116 = CARTESIAN_POINT ( 'NONE',  ( 5.054050543732490297, -0.08645725831085640523, 0.01308868717775740070 ) ) ;
#4117 = CARTESIAN_POINT ( 'NONE',  ( 2.722375865889810065, 0.8471463196214710223, 1.300000030463270173 ) ) ;
#4118 = CARTESIAN_POINT ( 'NONE',  ( -5.850172062351280289, 0.6008549246927610277, 0.08504003498278389639 ) ) ;
#4119 = CARTESIAN_POINT ( 'NONE',  ( 6.156781515351379852, -0.5613600095017999836, 0.1000000000000900030 ) ) ;
#4120 = EDGE_CURVE ( 'NONE', #4606, #122, #4957, .T. ) ;
#4121 = CARTESIAN_POINT ( 'NONE',  ( 5.061482077262819956, 0.1750243111489270254, 0.09999999998756239905 ) ) ;
#4122 = CARTESIAN_POINT ( 'NONE',  ( -2.722375865889809621, -3.725773552345127224E-15, 0.4528537108418029256 ) ) ;
#4123 = CARTESIAN_POINT ( 'NONE',  ( -3.500000000000000444, 0.6161610258285697972, 1.457277919013942658 ) ) ;
#4124 = CARTESIAN_POINT ( 'NONE',  ( -5.893733830988099776, -0.5990531213409430178, 0.2000000000000008993 ) ) ;
#4125 = CARTESIAN_POINT ( 'NONE',  ( 5.816224609676240220, -0.5945676660898659982, 0.05516503352009639871 ) ) ;
#4126 = CARTESIAN_POINT ( 'NONE',  ( -6.350000023411399575, 0.02173408720314199891, 0.09999999999999920064 ) ) ;
#4127 = CARTESIAN_POINT ( 'NONE',  ( -5.061854290447939775, -0.1755343846201090074, 0.07756005246192869407 ) ) ;
#4128 = CARTESIAN_POINT ( 'NONE',  ( 6.046617174190309640, 0.5848470383838810793, 0.07756005247414719805 ) ) ;
#4129 = VERTEX_POINT ( 'NONE', #1112 ) ;
#4130 = CARTESIAN_POINT ( 'NONE',  ( 3.380581965863679983, 0.0000000000000000000, 2.131811070476940184 ) ) ;
#4131 = CARTESIAN_POINT ( 'NONE',  ( -5.134942820194080326, -0.1059799706950809994, 7.525128447353559806E-17 ) ) ;
#4132 = CARTESIAN_POINT ( 'NONE',  ( -6.170871400333357570, 0.4171020599992366629, -7.821846224176747495E-16 ) ) ;
#4133 = CARTESIAN_POINT ( 'NONE',  ( -6.178832907308669853, 0.4477606712730959893, -8.410560238748560029E-16 ) ) ;
#4134 = CARTESIAN_POINT ( 'NONE',  ( -2.218867265165350044, 0.0000000000000000000, 0.3997152954590519891 ) ) ;
#4135 = CARTESIAN_POINT ( 'NONE',  ( 5.362966682643500071, 0.4482459980010419787, 0.02507684312030960053 ) ) ;
#4136 = CARTESIAN_POINT ( 'NONE',  ( 2.256433125465449940, 0.0000000000000000000, 2.199586406456960130 ) ) ;
#4137 = DIRECTION ( 'NONE',  ( 0.0000000000000000000, 0.0000000000000000000, -1.000000000000000000 ) ) ;
#4138 = CARTESIAN_POINT ( 'NONE',  ( -5.019639896500530440, -0.03634184738765319778, 0.02507684312099760227 ) ) ;
#4139 = CARTESIAN_POINT ( 'NONE',  ( 6.328751041317199899, -0.2658091188215530032, 0.08504003498295599484 ) ) ;
#4140 = FACE_OUTER_BOUND ( 'NONE', #4656, .T. ) ;
#4141 = CARTESIAN_POINT ( 'NONE',  ( 3.113135215446409809, 0.8598146433977209568, 1.300000030463270173 ) ) ;
#4142 = CARTESIAN_POINT ( 'NONE',  ( -5.561452173422099854, 0.5230259566977969454, 0.01308868717817130052 ) ) ;
#4143 = CARTESIAN_POINT ( 'NONE',  ( -5.143431602797590152, -0.1670541953019260006, 4.875456854916959714E-17 ) ) ;
#4144 = CARTESIAN_POINT ( 'NONE',  ( 3.500000000000000000, 3.862893628280142098E-17, 0.6691416260695089990 ) ) ;
#4145 = CARTESIAN_POINT ( 'NONE',  ( 5.533021361591759835, -0.4724990183172489977, -2.044411172264420160E-16 ) ) ;
#4146 = CARTESIAN_POINT ( 'NONE',  ( -5.959506705818210293, 0.5939870570602110433, 0.08504003498286041851 ) ) ;
#4147 = CARTESIAN_POINT ( 'NONE',  ( 5.781773815151850293, -0.6009063338049089875, 0.09999999999982561727 ) ) ;
#4148 = CARTESIAN_POINT ( 'NONE',  ( 5.305666387546890128, 0.4292364760214170682, 0.09999999999593489619 ) ) ;
#4149 = CARTESIAN_POINT ( 'NONE',  ( -3.498961390185080234, -2.902870124532598485E-15, 0.6399610592839770629 ) ) ;
#4150 = FACE_OUTER_BOUND ( 'NONE', #95, .T. ) ;
#4151 = CARTESIAN_POINT ( 'NONE',  ( 5.142278945720190286, 0.1160874698190210164, 4.843841621987820264E-17 ) ) ;
#4152 = CARTESIAN_POINT ( 'NONE',  ( -5.076590656699489834, -0.1964923183600499890, 0.2000000000000008993 ) ) ;
#4153 = CARTESIAN_POINT ( 'NONE',  ( 6.149355062683730111, -0.5567315053679690040, 0.05516503352022140982 ) ) ;
#4154 = CARTESIAN_POINT ( 'NONE',  ( 3.498961390185070464, -0.6600389711792969960, 0.6399610592839770629 ) ) ;
#4155 = CARTESIAN_POINT ( 'NONE',  ( 5.641189903040619846, 0.5853329418436199472, 0.07756005247318960294 ) ) ;
#4156 = ORIENTED_EDGE ( 'NONE', *, *, #4871, .T. ) ;
#4157 = CARTESIAN_POINT ( 'NONE',  ( 3.481874671466670179, -0.7257874573880770397, 0.5742125730751970192 ) ) ;
#4158 = CARTESIAN_POINT ( 'NONE',  ( -6.243953939708539735, -0.3159761431586050051, -8.198851195925330173E-16 ) ) ;
#4159 = CARTESIAN_POINT ( 'NONE',  ( -5.927094699515503606, 0.4965525113676455549, -5.805944353437275260E-16 ) ) ;
#4160 = CARTESIAN_POINT ( 'NONE',  ( -6.150962132395600079, 0.4786442622669759839, -7.926263793066150135E-16 ) ) ;
#4161 = EDGE_CURVE ( 'NONE', #2228, #4580, #1936, .T. ) ;
#4162 = CARTESIAN_POINT ( 'NONE',  ( -2.475120692249380028, -0.8791444960728619362, 2.179144526536139992 ) ) ;
#4163 = CARTESIAN_POINT ( 'NONE',  ( 5.316797427567050427, 0.4147889890089569986, 0.02507684312017750480 ) ) ;
#4164 = CARTESIAN_POINT ( 'NONE',  ( 2.256433125465449940, -0.8995863759936900683, 1.300000030463270173 ) ) ;
#4165 = CARTESIAN_POINT ( 'NONE',  ( -6.326063598927159859, -0.2748085724573919864, 0.07756005247430680649 ) ) ;
#4166 = CARTESIAN_POINT ( 'NONE',  ( 6.280859231101531215, -0.4191720698426770197, 0.08504003498299529673 ) ) ;
#4167 = PLANE ( 'NONE',  #493 ) ;
#4168 = CARTESIAN_POINT ( 'NONE',  ( -6.124777531755150051, 0.5293865131238409960, 0.01308868717844570081 ) ) ;
#4169 = CARTESIAN_POINT ( 'NONE',  ( 5.000000029057261486, 0.0000000000000000000, 0.7999999709427351169 ) ) ;
#4170 = CARTESIAN_POINT ( 'NONE',  ( -3.380581965863680427, 0.8318110400136661253, 0.4681889904496080446 ) ) ;
#4171 = CARTESIAN_POINT ( 'NONE',  ( 6.146477981741901075, 0.4534134227199371758, -5.574033725909579595E-16 ) ) ;
#4172 = CARTESIAN_POINT ( 'NONE',  ( 6.188438869310620483, -0.4318226570760059779, -6.372861755235380377E-16 ) ) ;
#4173 = CARTESIAN_POINT ( 'NONE',  ( -3.456526291164410125, 0.7681146123552399230, 0.5318854181080340249 ) ) ;
#4174 = CARTESIAN_POINT ( 'NONE',  ( -5.883494035608739736, 0.5994401913979839902, 0.08504003498280679474 ) ) ;
#4175 = CARTESIAN_POINT ( 'NONE',  ( 6.074481293450119779, -0.5809645982555300403, 0.1000000000000700051 ) ) ;
#4176 = CARTESIAN_POINT ( 'NONE',  ( -5.053299141313829956, -0.1637506877488880408, 0.09999999998800429557 ) ) ;
#4177 = CARTESIAN_POINT ( 'NONE',  ( 5.407663128213309633, 0.4976752771841810308, 0.09999999999717019972 ) ) ;
#4178 = CARTESIAN_POINT ( 'NONE',  ( -3.149310191193159802, -3.792975203677592658E-15, 0.4375737613765570133 ) ) ;
#4179 = CARTESIAN_POINT ( 'NONE',  ( -3.500000000000000444, 0.6309261592160652077, 1.380570257433438641 ) ) ;
#4180 = CARTESIAN_POINT ( 'NONE',  ( -5.000212412783009874, -0.02148594358049080166, 0.2000000000000008993 ) ) ;
#4181 = CARTESIAN_POINT ( 'NONE',  ( 3.498961390185070019, -0.6600389711792969960, 1.300000030463270173 ) ) ;
#4182 = CIRCLE ( 'NONE', #3905, 0.2249999999999999500 ) ;
#4183 = ORIENTED_EDGE ( 'NONE', *, *, #10, .T. ) ;
#4184 = CARTESIAN_POINT ( 'NONE',  ( -5.111432195740720275, -0.06857868225671580331, 9.461206312067410508E-17 ) ) ;
#4185 = CARTESIAN_POINT ( 'NONE',  ( -5.206281066720250372, 0.2301330271307860109, -1.516146047225970100E-16 ) ) ;
#4186 = CONICAL_SURFACE ( 'NONE', #1836, 0.9003661125554193179, 0.0001664147986939939268 ) ;
#4187 = CARTESIAN_POINT ( 'NONE',  ( -2.385652428381600298, -0.8904619225971831531, 0.4095381078660910168 ) ) ;
#4188 = ADVANCED_FACE ( 'NONE', ( #3572 ), #1088, .T. ) ;
#4189 = CARTESIAN_POINT ( 'NONE',  ( 2.475120692249380028, 0.0000000000000000000, 2.179144526536139992 ) ) ;
#4190 = CARTESIAN_POINT ( 'NONE',  ( 5.249864402188620716, 0.3858697217414899794, 0.09999999999999939493 ) ) ;
#4191 = CARTESIAN_POINT ( 'NONE',  ( -5.438955471592969992, -0.5146512199690750355, 0.07756005247189619312 ) ) ;
#4192 = CARTESIAN_POINT ( 'NONE',  ( 6.275885315690699962, -0.4302580762770459866, 0.08504003498299619879 ) ) ;
#4193 = CARTESIAN_POINT ( 'NONE',  ( 5.844579270466050858, -0.6013843938243179643, 0.1999999999999987621 ) ) ;
#4194 = CARTESIAN_POINT ( 'NONE',  ( -5.058842713544319913, 0.09684823652659599325, 0.01308868717774079940 ) ) ;
#4195 = CARTESIAN_POINT ( 'NONE',  ( -3.499999995479639914, 0.0000000000000000000, 1.940631787673050113 ) ) ;
#4196 = CARTESIAN_POINT ( 'NONE',  ( 5.100000498881283484, -4.267943533372609183E-09, -8.466168675820259406E-17 ) ) ;
#4197 = CARTESIAN_POINT ( 'NONE',  ( 5.418538050209759760, -0.4137588399546460183, -1.674448279963200316E-16 ) ) ;
#4198 = CARTESIAN_POINT ( 'NONE',  ( -3.284326568066441077, 0.8607250946741169528, 2.160725125137389568 ) ) ;
#4199 = CARTESIAN_POINT ( 'NONE',  ( -5.101450747855119872, 0.2267304425552039981, 0.08504003497922280053 ) ) ;
#4200 = CARTESIAN_POINT ( 'NONE',  ( 5.503978302317530158, -0.5444262967998919622, 0.09999999999922831728 ) ) ;
#4201 = CARTESIAN_POINT ( 'NONE',  ( 6.190034008354873052, -0.3783653409789607402, -5.837504773263435942E-16 ) ) ;
#4202 = CARTESIAN_POINT ( 'NONE',  ( -6.024851973780100067, -0.5875604833422150008, 0.09999999999999920064 ) ) ;
#4203 = CARTESIAN_POINT ( 'NONE',  ( 2.199999969536730049, 0.0000000000000000000, 2.200366143018710030 ) ) ;
#4204 = CARTESIAN_POINT ( 'NONE',  ( 5.101085950417679982, 0.02866417663034820026, 6.930653494489590261E-17 ) ) ;
#4205 = CARTESIAN_POINT ( 'NONE',  ( -6.349239909091269674, -0.07678747668518980107, 0.0000000000000000000 ) ) ;
#4206 = CARTESIAN_POINT ( 'NONE',  ( 5.088985008977649827, -0.2000744417199689928, 0.05516503351821750584 ) ) ;
#4207 = CARTESIAN_POINT ( 'NONE',  ( 3.498961390185070019, 0.0000000000000000000, 0.6399610592839770629 ) ) ;
#4208 = CARTESIAN_POINT ( 'NONE',  ( -6.013819616163631032, -0.5886407738765330189, 0.09999999999976960652 ) ) ;
#4209 = CARTESIAN_POINT ( 'NONE',  ( 5.084926600252041240, 0.2060371108906819959, 0.07756005246287039911 ) ) ;
#4210 = VERTEX_POINT ( 'NONE', #2348 ) ;
#4211 = CARTESIAN_POINT ( 'NONE',  ( 3.494287647928739915, 0.6887312085821259977, 1.988731239045400390 ) ) ;
#4212 = CARTESIAN_POINT ( 'NONE',  ( -6.135587831979480988, -0.4947668433286380174, -7.449841179167031283E-16 ) ) ;
#4213 = CARTESIAN_POINT ( 'NONE',  ( -6.190034008665577403, 0.3786537887520325385, -7.980310662556502930E-16 ) ) ;
#4214 = CARTESIAN_POINT ( 'NONE',  ( -5.122958961930089927, 0.1276730043374470214, -1.123079687769019965E-16 ) ) ;
#4215 = CARTESIAN_POINT ( 'NONE',  ( -2.385652428381599854, 0.8904619225971830421, 1.300000030463270173 ) ) ;
#4216 = CARTESIAN_POINT ( 'NONE',  ( 2.256433125465450384, -0.8995863759936900683, 0.4004136544695839905 ) ) ;
#4217 = CARTESIAN_POINT ( 'NONE',  ( -6.202749433582759764, 0.5385241188777200039, 0.1999999999999987621 ) ) ;
#4218 = CARTESIAN_POINT ( 'NONE',  ( -5.711678346015659713, -0.5960893537081970450, 0.07756005247343170095 ) ) ;
#4219 = CARTESIAN_POINT ( 'NONE',  ( 5.019130549644489570, -0.1071343868471990035, 0.09999999999812099472 ) ) ;
#4220 = CARTESIAN_POINT ( 'NONE',  ( 5.012385225038310743, -0.09377143883761659970, 0.1999999999999987621 ) ) ;
#4221 = ADVANCED_FACE ( 'NONE', ( #4050 ), #4786, .T. ) ;
#4222 = CARTESIAN_POINT ( 'NONE',  ( -6.221358892716460254, 0.3609655401809990227, -8.691775544963540245E-16 ) ) ;
#4223 = FACE_OUTER_BOUND ( 'NONE', #3324, .T. ) ;
#4224 = CARTESIAN_POINT ( 'NONE',  ( -3.498961390185080234, 0.6600389711792969960, 1.960039001642570167 ) ) ;
#4225 = CARTESIAN_POINT ( 'NONE',  ( 6.134532201760549697, -0.4868200111743670733, -5.430251097057420272E-16 ) ) ;
#4226 = ADVANCED_FACE ( 'NONE', ( #5223 ), #3964, .F. ) ;
#4227 = CARTESIAN_POINT ( 'NONE',  ( -3.380581965863679983, 0.0000000000000000000, 2.131811070476940184 ) ) ;
#4228 = CARTESIAN_POINT ( 'NONE',  ( -6.217416144705840253, 0.5136132911101890519, 0.05516503352022650297 ) ) ;
#4229 = CARTESIAN_POINT ( 'NONE',  ( 5.214870543312719597, -0.3507295627261770021, 0.09999999999766019665 ) ) ;
#4230 =( BOUNDED_SURFACE ( )  B_SPLINE_SURFACE ( 3, 3, ( 
 ( #518, #2997, #2973, #169 ),
 ( #4306, #4602, #2652, #142 ),
 ( #975, #1386, #1807, #544 ),
 ( #3025, #950, #618, #4234 ) ),
 .UNSPECIFIED., .F., .F., .F. ) 
 B_SPLINE_SURFACE_WITH_KNOTS ( ( 4, 4 ),
 ( 4, 4 ),
 ( 0.0000000000000000000, 1.000000000000000000 ),
 ( 0.0000000000000000000, 1.000000000000000000 ),
 .UNSPECIFIED. ) 
 GEOMETRIC_REPRESENTATION_ITEM ( )  RATIONAL_B_SPLINE_SURFACE ( (
 ( 1.000000000000000000, 0.8047378541243649375, 0.8047378541243649375, 1.000000000000000000),
 ( 0.3333333333333333703, 0.2682459513747883495, 0.2682459513747883495, 0.3333333333333333703),
 ( 0.3333333333333333703, 0.2682459513747883495, 0.2682459513747883495, 0.3333333333333333703),
 ( 1.000000000000000000, 0.8047378541243649375, 0.8047378541243649375, 1.000000000000000000) ) ) 
 REPRESENTATION_ITEM ( '' )  SURFACE ( )  );
#4231 = FACE_OUTER_BOUND ( 'NONE', #4100, .T. ) ;
#4232 = CARTESIAN_POINT ( 'NONE',  ( -5.076590656699489834, -0.1964923183600499890, 0.09999999999999920064 ) ) ;
#4233 = CARTESIAN_POINT ( 'NONE',  ( -2.722375865889810065, -0.8471463196214710223, 1.300000030463270173 ) ) ;
#4234 = CARTESIAN_POINT ( 'NONE',  ( -5.000000029057262374, 2.755455298081545086E-17, 0.7999999709427360051 ) ) ;
#4235 = CARTESIAN_POINT ( 'NONE',  ( -6.349999999999999645, 0.0000000000000000000, 0.09999999999999920064 ) ) ;
#4236 = ORIENTED_EDGE ( 'NONE', *, *, #566, .F. ) ;
#4237 = CARTESIAN_POINT ( 'NONE',  ( 5.327753741663210363, 0.4490264278117330199, 0.2000000000000008993 ) ) ;
#4238 = CARTESIAN_POINT ( 'NONE',  ( -6.063864183494530380, -0.5116496348130139538, -6.905372547561170212E-16 ) ) ;
#4239 = CARTESIAN_POINT ( 'NONE',  ( -5.415388586262920079, 0.3848873400577233483, -1.574410710090996090E-16 ) ) ;
#4240 = CARTESIAN_POINT ( 'NONE',  ( -6.151380831816269712, 0.4475183645554730028, -8.228859103170289914E-16 ) ) ;
#4241 = CARTESIAN_POINT ( 'NONE',  ( -2.917476980842439893, 0.0000000000000000000, 2.143692358351500182 ) ) ;
#4242 = CARTESIAN_POINT ( 'NONE',  ( 5.086377222642361140, 0.1779797250597779934, 0.02507684311770450383 ) ) ;
#4243 = CARTESIAN_POINT ( 'NONE',  ( 2.722375865889810065, -0.8471463196214711333, 2.147146350084740085 ) ) ;
#4244 = CARTESIAN_POINT ( 'NONE',  ( 5.180316525110471915, 0.3182787896309660636, 0.09999999999999939493 ) ) ;
#4245 = CARTESIAN_POINT ( 'NONE',  ( -6.272351829803679557, -0.4385995219404080214, 0.07756005247425300231 ) ) ;
#4246 = CARTESIAN_POINT ( 'NONE',  ( 5.347837077290600760, -0.4600946371921539879, 0.08504003498160501995 ) ) ;
#4247 = CARTESIAN_POINT ( 'NONE',  ( 5.121930140671279830, -0.2530289083352100232, 0.1999999999999987621 ) ) ;
#4248 = CARTESIAN_POINT ( 'NONE',  ( -5.064937559725500194, 0.1081275745949020067, 0.01308868717765799931 ) ) ;
#4249 = CARTESIAN_POINT ( 'NONE',  ( 5.127768591422640299, 0.1467502044619309887, 4.279177024633240240E-17 ) ) ;
#4250 = DIRECTION ( 'NONE',  ( 1.836970198721029688E-16, -0.0000000000000000000, 1.000000000000000000 ) ) ;
#4251 = FACE_OUTER_BOUND ( 'NONE', #1811, .T. ) ;
#4252 = CARTESIAN_POINT ( 'NONE',  ( 6.164995672461199838, -0.4661491931863400162, -6.191220930057219712E-16 ) ) ;
#4253 = CARTESIAN_POINT ( 'NONE',  ( -3.333637229839509608, -0.8503901119784410545, 0.4496099184848320052 ) ) ;
#4254 = CARTESIAN_POINT ( 'NONE',  ( -6.305672475546090006, 0.3334422361309909988, 0.05516503352021179946 ) ) ;
#4255 = CARTESIAN_POINT ( 'NONE',  ( 5.071771894448530382, -0.1888206296083060065, 0.09999999999603190193 ) ) ;
#4256 = CARTESIAN_POINT ( 'NONE',  ( -5.065525030862580103, -0.1805304728479119880, 0.09999999998760819575 ) ) ;
#4257 = B_SPLINE_CURVE_WITH_KNOTS ( 'NONE', 5,
 ( #3211, #383, #1225, #1254, #1282, #2414, #4060, #2915, #2003, #3261, #4915, #4115, #28, #1649, #4592, #2262, #1055, #5000, #201, #631, #2291, #2942, #4318, #1397, #3037, #2111, #2547, #915, #2691, #1009 ),
 .UNSPECIFIED., .F., .F.,
 ( 6, 1, 1, 1, 1, 1, 1, 1, 1, 1, 1, 1, 1, 1, 1, 1, 1, 1, 1, 1, 1, 1, 1, 1, 1, 6 ),
 ( 0.0000000000000000000, 0.04000000000000000083, 0.08000000000000000167, 0.1199999999999999956, 0.1600000000000000033, 0.2000000000000000111, 0.2399999999999999911, 0.2800000000000000266, 0.3200000000000000067, 0.3599999999999999867, 0.4000000000000000222, 0.4400000000000000022, 0.4799999999999999822, 0.5200000000000000178, 0.5600000000000000533, 0.5999999999999999778, 0.6400000000000000133, 0.6800000000000000488, 0.7199999999999999734, 0.7600000000000000089, 0.8000000000000000444, 0.8399999999999999689, 0.8800000000000000044, 0.9200000000000000400, 0.9599999999999999645, 1.000000000000000000 ),
 .UNSPECIFIED. ) ;
#4258 = CARTESIAN_POINT ( 'NONE',  ( 5.004801479821759713, -0.06614013873328339344, 0.1000000000000000333 ) ) ;
#4259 = CARTESIAN_POINT ( 'NONE',  ( -2.794526764258590479, 0.8426655970424190567, 1.300000030463270173 ) ) ;
#4260 = CARTESIAN_POINT ( 'NONE',  ( -5.450000029057263440, -0.4499999999999999556, 1.224695155243592515 ) ) ;
#4261 = CARTESIAN_POINT ( 'NONE',  ( 5.068449422723490194, -0.1729071724294690138, 0.05516503351816740008 ) ) ;
#4262 = CARTESIAN_POINT ( 'NONE',  ( -6.148059193132450417, 0.5643996145928441566, 0.1000000000000890038 ) ) ;
#4263 = CARTESIAN_POINT ( 'NONE',  ( -5.981201720432710367, -0.5919183555421529963, 0.09999999999970740627 ) ) ;
#4264 = ORIENTED_EDGE ( 'NONE', *, *, #1506, .T. ) ;
#4265 = CARTESIAN_POINT ( 'NONE',  ( 6.202749433582759764, 0.5385241188777200039, 0.2000000000000008993 ) ) ;
#4266 = CARTESIAN_POINT ( 'NONE',  ( -5.218660565886629854, -0.2547709505479410219, -1.229120262428909939E-17 ) ) ;
#4267 = CARTESIAN_POINT ( 'NONE',  ( -5.101845773909010617, 0.04042132856948193326, 1.018419284984849429E-16 ) ) ;
#4268 = CARTESIAN_POINT ( 'NONE',  ( -5.129565830699520212, 0.1366659571315760047, -1.170267764057530069E-16 ) ) ;
#4269 = CARTESIAN_POINT ( 'NONE',  ( 6.107600309797909688, 0.5756272280106610184, 0.0000000000000000000 ) ) ;
#4270 = CARTESIAN_POINT ( 'NONE',  ( -2.794526764258590479, 0.0000000000000000000, 2.142665627505690118 ) ) ;
#4271 = PRODUCT_DEFINITION_CONTEXT ( 'detailed design', #508, 'design' ) ;
#4272 = CARTESIAN_POINT ( 'NONE',  ( 2.859815149085939812, 0.0000000000000000000, 2.141812903471060014 ) ) ;
#4273 = CARTESIAN_POINT ( 'NONE',  ( 5.450000029057260775, 2.755455298081540772E-17, 0.1999999999999999833 ) ) ;
#4274 = AXIS2_PLACEMENT_3D ( 'NONE', #1201, #2493, #810 ) ;
#4275 = CARTESIAN_POINT ( 'NONE',  ( 4.886091287368748759, -2.755455298081544470E-17, 1.074999999999998179 ) ) ;
#4276 = CIRCLE ( 'NONE', #5212, 0.2250000000000003664 ) ;
#4277 = CARTESIAN_POINT ( 'NONE',  ( 5.118746170597810341, 0.1345957236170249871, 4.806394648930540201E-17 ) ) ;
#4278 = CARTESIAN_POINT ( 'NONE',  ( 5.024698807116640076, -0.1207599828996299973, 0.0000000000000000000 ) ) ;
#4279 = CARTESIAN_POINT ( 'NONE',  ( -6.331763289079639812, -0.01078008636056019924, 0.02507684312139769889 ) ) ;
#4280 = CARTESIAN_POINT ( 'NONE',  ( 6.189191388132040395, -0.3793187250193200688, -6.391604762840399689E-16 ) ) ;
#4281 = CARTESIAN_POINT ( 'NONE',  ( -3.422270755428200140, -0.8041145948577490543, 1.300000030463270173 ) ) ;
#4282 = CARTESIAN_POINT ( 'NONE',  ( -5.005131274932780094, 0.06589125179157340195, 0.08504003498166870512 ) ) ;
#4283 = DIRECTION ( 'NONE',  ( -1.000000000000000000, -0.0000000000000000000, -0.0000000000000000000 ) ) ;
#4284 = CARTESIAN_POINT ( 'NONE',  ( -5.327753741663210363, -0.4490264278117330199, 0.09999999999999920064 ) ) ;
#4285 = CARTESIAN_POINT ( 'NONE',  ( -2.644399860962149962, 0.8554816188591790604, 1.300000030463270173 ) ) ;
#4286 = CARTESIAN_POINT ( 'NONE',  ( -4.886091287368748759, 2.755455298081544778E-17, 1.074999999999999067 ) ) ;
#4287 = CARTESIAN_POINT ( 'NONE',  ( 5.067393007794239956, -0.1714628664734610120, 0.05516503351816680334 ) ) ;
#4288 = CARTESIAN_POINT ( 'NONE',  ( -5.291911295198290510, 0.4185888753187619882, 0.09999999999830970487 ) ) ;
#4289 = CARTESIAN_POINT ( 'NONE',  ( 5.064886353079909753, 0.1796652611268750033, 0.07756005246196440162 ) ) ;
#4290 = ORIENTED_EDGE ( 'NONE', *, *, #963, .T. ) ;
#4291 = CARTESIAN_POINT ( 'NONE',  ( 5.982101057793539844, 0.5919109406925260330, 0.2000000000000008993 ) ) ;
#4292 = CARTESIAN_POINT ( 'NONE',  ( -6.120239301383030295, 0.4681869004841050508, -7.348403226636700665E-16 ) ) ;
#4293 = CARTESIAN_POINT ( 'NONE',  ( -2.561655826735730113, 0.0000000000000000000, 2.166752542895479916 ) ) ;
#4294 = CARTESIAN_POINT ( 'NONE',  ( 2.859815149085939812, 0.0000000000000000000, 0.4581871574554849946 ) ) ;
#4295 = CARTESIAN_POINT ( 'NONE',  ( -6.034089836208409885, -0.4856131308103440181, -6.695693483220560448E-16 ) ) ;
#4296 = CARTESIAN_POINT ( 'NONE',  ( 5.100422703155391702, 0.02134778734263579822, 7.535700816688932966E-17 ) ) ;
#4297 = CARTESIAN_POINT ( 'NONE',  ( -3.113135215446409809, 0.0000000000000000000, 2.159814673860990020 ) ) ;
#4298 = CARTESIAN_POINT ( 'NONE',  ( 3.284326568066440633, 0.0000000000000000000, 2.160725125137390012 ) ) ;
#4299 = CARTESIAN_POINT ( 'NONE',  ( 5.866968579571099518, -0.5005677869952660508, -3.883277229924183239E-16 ) ) ;
#4300 = CARTESIAN_POINT ( 'NONE',  ( -3.500000000000000000, -0.6308584043937628394, 1.930858434857039896 ) ) ;
#4301 = CARTESIAN_POINT ( 'NONE',  ( 5.123313675579679760, -0.1281614454123470026, -1.339956736211979942E-16 ) ) ;
#4302 = CARTESIAN_POINT ( 'NONE',  ( -3.500000000000000000, 0.6308584043937628394, 0.6691416260695111085 ) ) ;
#4303 = CARTESIAN_POINT ( 'NONE',  ( -6.154394346619359801, 0.5549432578001319838, 0.05516503352022129880 ) ) ;
#4304 = CARTESIAN_POINT ( 'NONE',  ( -2.256433125465450384, 0.8995863759936900683, 2.199586406456959686 ) ) ;
#4305 = CARTESIAN_POINT ( 'NONE',  ( -2.794526764258589591, 0.8426655970424189457, 2.142665627505690118 ) ) ;
#4306 = CARTESIAN_POINT ( 'NONE',  ( -4.724999999999999645, 0.4500000000000000111, 1.524999999999999023 ) ) ;
#4307 = CARTESIAN_POINT ( 'NONE',  ( 6.104812299563530331, -0.5343825577340439725, 0.01308868717844450039 ) ) ;
#4308 = CARTESIAN_POINT ( 'NONE',  ( -6.097898578653870416, 0.5769165723992200068, 0.1000000000000769995 ) ) ;
#4309 = CARTESIAN_POINT ( 'NONE',  ( 5.067761938863199589, 0.1835456402066180104, 0.07756005246200560477 ) ) ;
#4310 = ORIENTED_EDGE ( 'NONE', *, *, #4772, .F. ) ;
#4311 = CARTESIAN_POINT ( 'NONE',  ( 5.655253982674430802, 0.5895555966763510458, 0.2000000000000008993 ) ) ;
#4312 = CARTESIAN_POINT ( 'NONE',  ( -5.148753285440025529, 0.1250617049594233143, 6.305194572742438475E-17 ) ) ;
#4313 = CARTESIAN_POINT ( 'NONE',  ( -5.130955107202690435, 0.1385277860273970152, -1.177094979131709877E-16 ) ) ;
#4314 = CARTESIAN_POINT ( 'NONE',  ( -2.859815149085939812, -0.8418128730077889532, 1.300000030463270173 ) ) ;
#4315 = CARTESIAN_POINT ( 'NONE',  ( 3.009674527917809872, 0.8508116070344399207, 0.4491884234288340827 ) ) ;
#4316 = B_SPLINE_CURVE_WITH_KNOTS ( 'NONE', 3,
 ( #1141, #4852, #1171, #19, #1591 ),
 .UNSPECIFIED., .F., .F.,
 ( 4, 1, 4 ),
 ( 0.0000000000000000000, 0.4285714285714290472, 1.000000000000000000 ),
 .UNSPECIFIED. ) ;
#4317 = CARTESIAN_POINT ( 'NONE',  ( -6.205592611580360796, -0.3379047825193570165, -8.118491809887140016E-16 ) ) ;
#4318 = CARTESIAN_POINT ( 'NONE',  ( 3.380581965863679983, -3.658328557475637106E-15, 0.4681889904496079335 ) ) ;
#4319 = CARTESIAN_POINT ( 'NONE',  ( -3.498961390185080234, 0.0000000000000000000, 1.960039001642569945 ) ) ;
#4320 = CARTESIAN_POINT ( 'NONE',  ( 3.456526291164410125, 0.0000000000000000000, 0.5318854181080340249 ) ) ;
#4321 = CARTESIAN_POINT ( 'NONE',  ( 5.118103272019629557, 0.1337152667783370052, 4.843841621987820264E-17 ) ) ;
#4322 = CARTESIAN_POINT ( 'NONE',  ( 6.250000099764608130, -0.09261700821970528241, -6.200240544591475215E-16 ) ) ;
#4323 = CARTESIAN_POINT ( 'NONE',  ( 6.107600309797909688, -0.5756272280106610184, 0.2000000000000000111 ) ) ;
#4324 = SURFACE_STYLE_FILL_AREA ( #4716 ) ;
#4325 = CARTESIAN_POINT ( 'NONE',  ( -6.270161145252830082, -0.3984489546362989798, 0.02507684312137040128 ) ) ;
#4326 = CARTESIAN_POINT ( 'NONE',  ( 5.126405861753159598, -0.1323919318503319897, -1.352787892001849941E-16 ) ) ;
#4327 = CARTESIAN_POINT ( 'NONE',  ( 2.967264452590000268, 0.8470836428053101219, 0.4529163876579629933 ) ) ;
#4328 = CARTESIAN_POINT ( 'NONE',  ( -3.500000000000000000, -0.6308584043937628394, 1.930858434857039896 ) ) ;
#4329 = CARTESIAN_POINT ( 'NONE',  ( -5.066072911424041258, 0.1696506420439999885, 0.05516503351816560291 ) ) ;
#4330 = CARTESIAN_POINT ( 'NONE',  ( -2.561655826735730113, 0.8667525124322019714, 0.4332475180310719209 ) ) ;
#4331 = CARTESIAN_POINT ( 'NONE',  ( 6.350000028353020021, -0.02632166237988979932, 0.1000000000000000333 ) ) ;
#4332 = CARTESIAN_POINT ( 'NONE',  ( -3.009674527917809872, -0.8508116070344399207, 2.150811637497709761 ) ) ;
#4333 = CARTESIAN_POINT ( 'NONE',  ( -5.726241842797760384, -0.5985893008589749931, 0.0000000000000000000 ) ) ;
#4334 = CARTESIAN_POINT ( 'NONE',  ( 5.519063709483890356, -0.5070596289732479667, 0.01308868717814360046 ) ) ;
#4335 = CARTESIAN_POINT ( 'NONE',  ( -5.090942514287959852, 0.2136455403307710166, 0.09999999999621769775 ) ) ;
#4336 = CARTESIAN_POINT ( 'NONE',  ( 6.287059163247260329, 0.4053309385163110234, 0.09999999999990860644 ) ) ;
#4337 = EDGE_LOOP ( 'NONE', ( #2953, #4549, #3500, #4630 ) ) ;
#4338 = CARTESIAN_POINT ( 'NONE',  ( 5.789270952678809756, 0.6017536333715920449, 0.2000000000000008993 ) ) ;
#4339 = CARTESIAN_POINT ( 'NONE',  ( 5.450000029057262552, 2.755455298081561726E-17, 0.7999999709427351169 ) ) ;
#4340 = CARTESIAN_POINT ( 'NONE',  ( -6.092052326346760083, 0.4760160661482260025, -7.156083719068909876E-16 ) ) ;
#4341 = CARTESIAN_POINT ( 'NONE',  ( 5.063883682605509584, -0.1782239970365069870, 0.08504003497891060581 ) ) ;
#4342 = CARTESIAN_POINT ( 'NONE',  ( 6.337018543290589889, 0.2254406790683469997, 0.2000000000000000111 ) ) ;
#4343 = CARTESIAN_POINT ( 'NONE',  ( -2.561655826735730113, -0.8667525124322019714, 1.300000030463270173 ) ) ;
#4344 = CARTESIAN_POINT ( 'NONE',  ( 5.109166410940179759, 0.2072766302719699916, 0.02507684311799720026 ) ) ;
#4345 = CARTESIAN_POINT ( 'NONE',  ( 3.079716191379540557, 0.8570832699196330173, 1.300000030463270173 ) ) ;
#4346 = CARTESIAN_POINT ( 'NONE',  ( 5.130885557870985991, 0.1000601788787376656, 5.692998242226839344E-17 ) ) ;
#4347 = CARTESIAN_POINT ( 'NONE',  ( 4.724999999999999645, -2.755455298081544470E-17, 1.074999999999997957 ) ) ;
#4348 = CARTESIAN_POINT ( 'NONE',  ( 3.422270755428200140, 0.0000000000000000000, 2.104114625321019894 ) ) ;
#4349 = CARTESIAN_POINT ( 'NONE',  ( 5.117708072503390326, 0.1331727494399380096, 4.866945965284239692E-17 ) ) ;
#4350 = CIRCLE ( 'NONE', #3383, 0.9003661125554331957 ) ;
#4351 = CARTESIAN_POINT ( 'NONE',  ( 5.789270952678809756, -0.6017536333715920449, 0.2000000000000000111 ) ) ;
#4352 = CARTESIAN_POINT ( 'NONE',  ( 5.133740201648720358, -0.1422439776493890085, -1.386687334720330018E-16 ) ) ;
#4353 = VECTOR ( 'NONE', #118, 1000.000000000000000 ) ;
#4354 = CARTESIAN_POINT ( 'NONE',  ( 2.859815149085939812, 0.8418128730077889532, 1.300000030463270173 ) ) ;
#4355 = SURFACE_STYLE_USAGE ( .BOTH. , #2699 ) ;
#4356 = CARTESIAN_POINT ( 'NONE',  ( -5.067393007794239956, 0.1714628664734610120, 0.05516503351816680334 ) ) ;
#4357 = CARTESIAN_POINT ( 'NONE',  ( -2.199999969536730049, -0.9003661125554340838, 1.300000030463270173 ) ) ;
#4358 = CARTESIAN_POINT ( 'NONE',  ( -5.893733830988099776, 0.5990531213409430178, 0.2000000000000000111 ) ) ;
#4359 = CARTESIAN_POINT ( 'NONE',  ( -3.046257705760219814, -0.8541536936186510109, 1.300000030463270173 ) ) ;
#4360 = CARTESIAN_POINT ( 'NONE',  ( -5.195901702921419840, -0.2296450145969330114, 6.134164791273559959E-18 ) ) ;
#4361 = CARTESIAN_POINT ( 'NONE',  ( 6.160237443396219703, 0.4809309115154450365, -5.552550626078690133E-16 ) ) ;
#4362 = CARTESIAN_POINT ( 'NONE',  ( -5.327753741663210363, -0.4490264278117330199, 0.0000000000000000000 ) ) ;
#4363 = CARTESIAN_POINT ( 'NONE',  ( 5.848953734973480145, -0.5605798955836499564, 0.01308868717837209997 ) ) ;
#4364 = CARTESIAN_POINT ( 'NONE',  ( -5.001831653057750238, 0.04174307699276499917, 0.09999999999917960625 ) ) ;
#4365 = CARTESIAN_POINT ( 'NONE',  ( 5.003251417462480255, 0.05195231822789599802, 0.07756005247249389556 ) ) ;
#4366 = ORIENTED_EDGE ( 'NONE', *, *, #16, .F. ) ;
#4367 = CARTESIAN_POINT ( 'NONE',  ( -5.982101057793539844, 0.5919109406925260330, 0.1000000000000000333 ) ) ;
#4368 = CARTESIAN_POINT ( 'NONE',  ( 6.003145151204879681, 0.4891952416687909699, -4.713376682986360840E-16 ) ) ;
#4369 = CARTESIAN_POINT ( 'NONE',  ( -5.307020838471900426, 0.3000621234997780107, -1.654874338892300021E-16 ) ) ;
#4370 = CARTESIAN_POINT ( 'NONE',  ( 5.074552927414869963, -0.1924978554722590052, 0.08504003497897709429 ) ) ;
#4371 = CARTESIAN_POINT ( 'NONE',  ( 3.380581965863680427, 0.8318110400136661253, 2.131811070476940184 ) ) ;
#4372 = CARTESIAN_POINT ( 'NONE',  ( -6.059350342983280235, -0.4820666989630810195, -6.905372547561170212E-16 ) ) ;
#4373 = CARTESIAN_POINT ( 'NONE',  ( -5.450000029057260775, 0.0000000000000000000, 0.7999999709427357830 ) ) ;
#4374 = CARTESIAN_POINT ( 'NONE',  ( -5.225000029057259354, 0.0000000000000000000, 0.1999999999999996503 ) ) ;
#4375 = CARTESIAN_POINT ( 'NONE',  ( 3.494287647928740359, 0.0000000000000000000, 1.988731239045399946 ) ) ;
#4376 = CARTESIAN_POINT ( 'NONE',  ( 5.914922066777879905, 0.5791808144874730502, 0.02507684312127710091 ) ) ;
#4377 = CARTESIAN_POINT ( 'NONE',  ( 5.007286067358699633, 0.07396672265262910217, 0.09999999999787340110 ) ) ;
#4378 = CARTESIAN_POINT ( 'NONE',  ( 6.281565084905249563, -0.4197854674473779912, 0.0000000000000000000 ) ) ;
#4379 = EDGE_CURVE ( 'NONE', #3562, #2351, #5017, .T. ) ;
#4380 = CARTESIAN_POINT ( 'NONE',  ( 6.159990457445780443, -0.4355672566292649872, -6.344875256553340027E-16 ) ) ;
#4381 = CARTESIAN_POINT ( 'NONE',  ( -3.499999995479639914, 0.0000000000000000000, 1.940631787673050113 ) ) ;
#4382 = CARTESIAN_POINT ( 'NONE',  ( -6.289179685250680052, 0.2580867698384959885, 0.01308868717843210232 ) ) ;
#4383 = CARTESIAN_POINT ( 'NONE',  ( -2.561655826735730113, 0.8667525124322019714, 2.166752542895479472 ) ) ;
#4384 = CARTESIAN_POINT ( 'NONE',  ( -4.999999888241290158, 0.0000000000000000000, 0.2000000000000000111 ) ) ;
#4385 = CARTESIAN_POINT ( 'NONE',  ( -3.113135215446409809, 0.8598146433977199576, 2.159814673860989576 ) ) ;
#4386 = CARTESIAN_POINT ( 'NONE',  ( -5.374334604838140628, -0.3929287416429619872, -1.373031564005109938E-16 ) ) ;
#4387 = EDGE_CURVE ( 'NONE', #2150, #419, #2792, .T. ) ;
#4388 = CARTESIAN_POINT ( 'NONE',  ( 5.719234269671410686, 0.5263945772153599822, -3.016780031641110511E-16 ) ) ;
#4389 = CARTESIAN_POINT ( 'NONE',  ( -5.121930140671279830, -0.2530289083352100232, 0.0000000000000000000 ) ) ;
#4390 = CARTESIAN_POINT ( 'NONE',  ( 6.171313638799709622, -0.5101032781278519446, 0.01308868717844829943 ) ) ;
#4391 = CARTESIAN_POINT ( 'NONE',  ( -6.339359408059429768, 0.1990021678430750063, 0.08504003498294110397 ) ) ;
#4392 = CARTESIAN_POINT ( 'NONE',  ( 5.577444020907750044, 0.5719321550693790002, 0.0000000000000000000 ) ) ;
#4393 = CARTESIAN_POINT ( 'NONE',  ( -5.100192935273279993, -0.2252093438807450110, 0.09999999998874189999 ) ) ;
#4394 = CARTESIAN_POINT ( 'NONE',  ( 6.349842627973710130, 0.03298344102882919820, 0.09999999999999389932 ) ) ;
#4395 = VERTEX_POINT ( 'NONE', #2881 ) ;
#4396 = LINE ( 'NONE', #3192, #1667 ) ;
#4397 = CARTESIAN_POINT ( 'NONE',  ( 5.218251900105450147, 0.2097535195142649911, 2.674099826428259956E-18 ) ) ;
#4398 = CARTESIAN_POINT ( 'NONE',  ( -5.330376750348009729, 0.3206643482502439801, -1.771626439767460082E-16 ) ) ;
#4399 = CARTESIAN_POINT ( 'NONE',  ( 5.060852308427659985, -0.1740789388991680064, 0.08504003497890309793 ) ) ;
#4400 = CARTESIAN_POINT ( 'NONE',  ( -3.113135215446409809, 0.0000000000000000000, 2.159814673860990020 ) ) ;
#4401 = CARTESIAN_POINT ( 'NONE',  ( 6.300106859616869670, 0.3706340944707010032, 0.07756005247428110483 ) ) ;
#4402 = CARTESIAN_POINT ( 'NONE',  ( 3.079716191379540557, -0.8570832699196330173, 1.300000030463270173 ) ) ;
#4403 = CARTESIAN_POINT ( 'NONE',  ( 5.149695184300856710, 0.0000000000000000000, 1.524999999999997913 ) ) ;
#4404 = CARTESIAN_POINT ( 'NONE',  ( -6.073027087463421125, -0.4796819488671827947, -7.012726514647541385E-16 ) ) ;
#4405 = CARTESIAN_POINT ( 'NONE',  ( 3.380581965863680427, -0.8318110400136661253, 0.4681889904496080446 ) ) ;
#4406 = CARTESIAN_POINT ( 'NONE',  ( 6.216342787262510328, 0.4979231500696059687, 0.02507684312136039886 ) ) ;
#4407 = EDGE_LOOP ( 'NONE', ( #1437, #821, #146, #2451 ) ) ;
#4408 = CARTESIAN_POINT ( 'NONE',  ( 5.125982726817579938, -0.09323151370006560468, -2.096976153746870106E-16 ) ) ;
#4409 = CARTESIAN_POINT ( 'NONE',  ( 2.794526764258589591, 0.8426655970424189457, 0.4573344334208550022 ) ) ;
#4410 = CARTESIAN_POINT ( 'NONE',  ( -3.498961390185080234, -0.6600389711792969960, 0.6399610592839770629 ) ) ;
#4411 = CARTESIAN_POINT ( 'NONE',  ( -5.096307272960739709, 0.2094246597062280058, 0.05516503351827650725 ) ) ;
#4412 = CARTESIAN_POINT ( 'NONE',  ( -2.312275712915440096, 0.0000000000000000000, 2.196932031794080142 ) ) ;
#4413 = CARTESIAN_POINT ( 'NONE',  ( -5.004801479821759713, 0.06614013873328339344, 0.2000000000000000111 ) ) ;
#4414 = CARTESIAN_POINT ( 'NONE',  ( -3.079716191379540557, -0.8570832699196330173, 1.300000030463270173 ) ) ;
#4415 = CARTESIAN_POINT ( 'NONE',  ( -5.530220879322899741, -0.4794371487528770182, -2.610016496603970070E-16 ) ) ;
#4416 = CARTESIAN_POINT ( 'NONE',  ( 5.530220879322899741, 0.4794371487528770182, -1.926630936324629978E-16 ) ) ;
#4417 = CARTESIAN_POINT ( 'NONE',  ( 6.234439662637051072, -0.4238461038521440516, 0.01308868717844670175 ) ) ;
#4418 = CARTESIAN_POINT ( 'NONE',  ( -5.060094658267640710, 0.1730360660395160177, 0.09999999999599651357 ) ) ;
#4419 = CARTESIAN_POINT ( 'NONE',  ( 5.655253982674430802, 0.5895555966763510458, 0.0000000000000000000 ) ) ;
#4420 = ADVANCED_FACE ( 'NONE', ( #2161 ), #4186, .T. ) ;
#4421 = CARTESIAN_POINT ( 'NONE',  ( -5.167495148856939835, -0.3026798618759050652, 0.09999999999158169783 ) ) ;
#4422 = CARTESIAN_POINT ( 'NONE',  ( 6.345508791991689712, 0.1331401095751889863, 0.09999999999997720435 ) ) ;
#4423 = ORIENTED_EDGE ( 'NONE', *, *, #3986, .F. ) ;
#4424 = CARTESIAN_POINT ( 'NONE',  ( 5.163721250275661312, 0.1444485987708259978, 3.560645221182840113E-17 ) ) ;
#4425 = CARTESIAN_POINT ( 'NONE',  ( -5.109041416703489880, 0.06322186946971609933, -2.034344325504110221E-16 ) ) ;
#4426 = CARTESIAN_POINT ( 'NONE',  ( 5.407652235179510214, -0.4976415274400370348, 0.08504003498190139398 ) ) ;
#4427 = CARTESIAN_POINT ( 'NONE',  ( -3.190112246994440071, 0.0000000000000000000, 0.4354886602505709803 ) ) ;
#4428 = CARTESIAN_POINT ( 'NONE',  ( 6.342625884294790239, 0.1661372783130840303, 0.07756005247432959382 ) ) ;
#4429 = CARTESIAN_POINT ( 'NONE',  ( 3.079716191379540557, 0.0000000000000000000, 2.157083300382910185 ) ) ;
#4430 = CARTESIAN_POINT ( 'NONE',  ( -5.600213639413279765, -0.4722543721486640034, -3.097790340089799815E-16 ) ) ;
#4431 = CARTESIAN_POINT ( 'NONE',  ( -6.250000199677432811, -0.1853752007582378514, -8.476198728300092894E-16 ) ) ;
#4432 = CARTESIAN_POINT ( 'NONE',  ( -6.312243690486941006, 0.3353326375869760123, 0.1000000000000710043 ) ) ;
#4433 = CARTESIAN_POINT ( 'NONE',  ( 5.090603221716749616, 0.09300704056694170108, 6.146875760726180463E-17 ) ) ;
#4434 = ORIENTED_EDGE ( 'NONE', *, *, #4941, .F. ) ;
#4435 = CARTESIAN_POINT ( 'NONE',  ( 6.345819140479379783, -0.1459536405944240056, 0.0000000000000000000 ) ) ;
#4436 = CARTESIAN_POINT ( 'NONE',  ( -5.947148048548830168, -0.5766606245270821107, 0.02507684312129549939 ) ) ;
#4437 = CARTESIAN_POINT ( 'NONE',  ( 5.847142712205659620, -0.5008853846179760483, -3.861685309216019776E-16 ) ) ;
#4438 = CARTESIAN_POINT ( 'NONE',  ( 2.917476980842439893, 0.0000000000000000000, 2.143692358351500182 ) ) ;
#4439 =( NAMED_UNIT ( * ) PLANE_ANGLE_UNIT ( ) SI_UNIT ( $, .RADIAN. ) );
#4440 = CARTESIAN_POINT ( 'NONE',  ( -5.006831639385319832, 0.004459456071597379598, 0.05516503352016000061 ) ) ;
#4441 = CARTESIAN_POINT ( 'NONE',  ( 2.475120692249380028, 0.0000000000000000000, 2.179144526536139992 ) ) ;
#4442 = CARTESIAN_POINT ( 'NONE',  ( -3.190112246994440959, 0.8645113702127030786, 0.4354886602505709803 ) ) ;
#4443 = CIRCLE ( 'NONE', #2964, 0.2249999999999999500 ) ;
#4444 = CARTESIAN_POINT ( 'NONE',  ( -6.243669523396249588, -0.4921029752861800777, 0.0000000000000000000 ) ) ;
#4445 = CARTESIAN_POINT ( 'NONE',  ( 5.093899516107289749, -0.1510404646791289884, 0.01308868717700739995 ) ) ;
#4446 = CARTESIAN_POINT ( 'NONE',  ( 2.312275712915440096, -0.8969320013308089701, 2.196932031794080586 ) ) ;
#4447 = CARTESIAN_POINT ( 'NONE',  ( -5.060852308427659985, 0.1740789388991680064, 0.09999999999599730460 ) ) ;
#4448 = CARTESIAN_POINT ( 'NONE',  ( 5.893733830988099776, 0.5990531213409430178, 0.0000000000000000000 ) ) ;
#4449 = CARTESIAN_POINT ( 'NONE',  ( 6.230752510649369746, 0.5091797165859359708, 0.09999999999987430055 ) ) ;
#4450 = ORIENTED_EDGE ( 'NONE', *, *, #10, .F. ) ;
#4451 = CARTESIAN_POINT ( 'NONE',  ( -5.121930140671279830, 0.2530289083352100232, 0.1000000000000000333 ) ) ;
#4452 = CARTESIAN_POINT ( 'NONE',  ( -5.156965854800580118, 0.1357123836403719974, -1.242180660051760104E-16 ) ) ;
#4453 = CARTESIAN_POINT ( 'NONE',  ( 6.133813512268609713, -0.5616004191474659457, 0.05516503352022090328 ) ) ;
#4454 = CARTESIAN_POINT ( 'NONE',  ( -3.079716191379540557, -0.8570832699196331284, 2.157083300382910629 ) ) ;
#4455 = CARTESIAN_POINT ( 'NONE',  ( 5.045982752901469581, 0.1194826292224440006, 0.02507684311996210419 ) ) ;
#4456 = CARTESIAN_POINT ( 'NONE',  ( 3.113135215446409809, 0.0000000000000000000, 2.159814673860990020 ) ) ;
#4457 = CARTESIAN_POINT ( 'NONE',  ( -5.660671810055499797, -0.4872112355875249934, -3.599218978056680135E-16 ) ) ;
#4458 = CARTESIAN_POINT ( 'NONE',  ( 5.450000029057262552, 0.4499999999999999556, 0.7999999709427350059 ) ) ;
#4459 = CARTESIAN_POINT ( 'NONE',  ( 3.500000000000000000, 3.862893628280142098E-17, 0.6691416260695089990 ) ) ;
#4460 = CARTESIAN_POINT ( 'NONE',  ( 6.270161145252830082, 0.3984489546362989798, 0.02507684312137070312 ) ) ;
#4461 = CARTESIAN_POINT ( 'NONE',  ( 6.337018543290589889, -0.2254406790683469997, 0.2000000000000000111 ) ) ;
#4462 = CARTESIAN_POINT ( 'NONE',  ( -5.155345548196899941, -0.2620636809023970115, 0.02507684311848850170 ) ) ;
#4463 = CARTESIAN_POINT ( 'NONE',  ( 3.235639616665010099, 0.0000000000000000000, 0.4353308641931740719 ) ) ;
#4464 = FILL_AREA_STYLE ('',( #1972 ) ) ;
#4465 = CARTESIAN_POINT ( 'NONE',  ( -5.955936232783409778, 0.5538535000091859839, 0.01308868717839880083 ) ) ;
#4466 = CARTESIAN_POINT ( 'NONE',  ( -6.349239909091269674, 0.07678747668518980107, 0.2000000000000000111 ) ) ;
#4467 = PLANE ( 'NONE',  #2107 ) ;
#4468 = CARTESIAN_POINT ( 'NONE',  ( 2.475120692249380028, -0.8791444960728619362, 2.179144526536139992 ) ) ;
#4469 = CARTESIAN_POINT ( 'NONE',  ( -5.065586522890730414, 0.1805345421053579924, 0.09999999999600840683 ) ) ;
#4470 = CARTESIAN_POINT ( 'NONE',  ( 5.076590656699489834, 0.1964923183600499890, 0.0000000000000000000 ) ) ;
#4471 = CARTESIAN_POINT ( 'NONE',  ( -3.456526291164410125, -3.378189861182098009E-15, 0.5318854181080341359 ) ) ;
#4472 = CARTESIAN_POINT ( 'NONE',  ( -4.999974409514909901, 0.007290673741145800232, 0.1000000000000000333 ) ) ;
#4473 = CARTESIAN_POINT ( 'NONE',  ( 5.216525001004930218, 0.2078103172191760051, 3.719259115534159905E-18 ) ) ;
#4474 = DIRECTION ( 'NONE',  ( 1.000000000000000000, -0.0000000000000000000, 0.0000000000000000000 ) ) ;
#4475 = CARTESIAN_POINT ( 'NONE',  ( 5.849961639599619900, -0.5940204790326459872, 0.05516503352011539740 ) ) ;
#4476 = CARTESIAN_POINT ( 'NONE',  ( -5.053299141313829956, -0.1637506877488880408, 0.07756005246236299944 ) ) ;
#4477 = CARTESIAN_POINT ( 'NONE',  ( 3.333637229839510052, -0.8503901119784420537, 1.300000030463270173 ) ) ;
#4478 = CARTESIAN_POINT ( 'NONE',  ( -5.209225351990660613, -0.1995175790392390014, 1.361813170857110014E-17 ) ) ;
#4479 = CARTESIAN_POINT ( 'NONE',  ( 6.222489289522978417, 0.3271441428638071636, -6.033827247705549320E-16 ) ) ;
#4480 = CARTESIAN_POINT ( 'NONE',  ( -5.690571466135629031, -0.4924941766219240180, -3.850024747321580987E-16 ) ) ;
#4481 = CARTESIAN_POINT ( 'NONE',  ( 2.218867265165349600, 0.9002847350042212371, 2.200284765467499959 ) ) ;
#4482 = CARTESIAN_POINT ( 'NONE',  ( -5.081130567345190308, -0.1709588692772610052, 0.02507684311768380164 ) ) ;
#4483 = CARTESIAN_POINT ( 'NONE',  ( 5.307020838471900426, -0.3000621234997780107, -1.495016118926179947E-16 ) ) ;
#4484 = CARTESIAN_POINT ( 'NONE',  ( 3.149310191193159802, -0.8624262690867170456, 0.4375737613765569578 ) ) ;
#4485 = CARTESIAN_POINT ( 'NONE',  ( -5.178545584362461263, 0.2549915566559269875, 0.01308868717726420147 ) ) ;
#4486 = CARTESIAN_POINT ( 'NONE',  ( -6.281565084905249563, 0.4197854674473779912, 0.2000000000000000111 ) ) ;
#4487 = CARTESIAN_POINT ( 'NONE',  ( -3.422270755428200140, 0.0000000000000000000, 0.4958854356055250046 ) ) ;
#4488 = FACE_OUTER_BOUND ( 'NONE', #306, .T. ) ;
#4489 = CARTESIAN_POINT ( 'NONE',  ( 6.209772227653149734, -0.3882651389260580732, -6.377864257885239716E-16 ) ) ;
#4490 = CARTESIAN_POINT ( 'NONE',  ( 2.722375865889810065, 0.8471463196214711333, 0.4528537108418029811 ) ) ;
#4491 = CARTESIAN_POINT ( 'NONE',  ( -5.074552927414869963, 0.1924978554722590052, 0.08504003497897709429 ) ) ;
#4492 = CARTESIAN_POINT ( 'NONE',  ( 6.248993213538679647, -0.4817881924118760373, 0.1000000000000979966 ) ) ;
#4493 = CARTESIAN_POINT ( 'NONE',  ( -6.350000000000000533, 0.0000000000000000000, 0.09999999999999931166 ) ) ;
#4494 = CARTESIAN_POINT ( 'NONE',  ( -3.500000000000000444, 0.5696963962658054825, 1.571971636458820543 ) ) ;
#4495 = CARTESIAN_POINT ( 'NONE',  ( 6.279919942869380378, 0.01053288373386770081, -6.245004581216830444E-16 ) ) ;
#4496 = CARTESIAN_POINT ( 'NONE',  ( -5.225000029057260242, 0.0000000000000000000, 0.0000000000000000000 ) ) ;
#4497 = CARTESIAN_POINT ( 'NONE',  ( 6.221376409898470072, -0.5089908951327379860, 0.05516503352022680134 ) ) ;
#4498 = CARTESIAN_POINT ( 'NONE',  ( -5.003251417462480255, -0.05195231822789599802, 0.07756005247249389556 ) ) ;
#4499 = CARTESIAN_POINT ( 'NONE',  ( 3.481874671466670179, 0.7257874573880770397, 2.025787487851350654 ) ) ;
#4500 = CARTESIAN_POINT ( 'NONE',  ( -5.691432829581679620, -0.4926018661600479187, -3.853651639626859931E-16 ) ) ;
#4501 = CARTESIAN_POINT ( 'NONE',  ( -5.573223928988150000, 0.4876402066589590190, -3.114087942192910706E-16 ) ) ;
#4502 = CARTESIAN_POINT ( 'NONE',  ( 2.218867265165349600, -0.9002847350042212371, 0.3997152954590529883 ) ) ;
#4503 = CARTESIAN_POINT ( 'NONE',  ( 6.301578169905730498, 0.3693503180003809838, 0.09999999999999939493 ) ) ;
#4504 = CARTESIAN_POINT ( 'NONE',  ( -5.084276568726809664, -0.1751783888921439880, 0.02507684311769649982 ) ) ;
#4505 = CARTESIAN_POINT ( 'NONE',  ( 5.379033516342889953, -0.3595182381215060174, -1.607882312480550324E-16 ) ) ;
#4506 = CARTESIAN_POINT ( 'NONE',  ( 3.190112246994440959, 0.8645113702127030786, 0.4354886602505709803 ) ) ;
#4507 = CARTESIAN_POINT ( 'NONE',  ( -6.148619991008460239, 0.5213768555649730407, 0.01308868717844639991 ) ) ;
#4508 = CARTESIAN_POINT ( 'NONE',  ( -6.202749433582759764, 0.5385241188777200039, 0.0000000000000000000 ) ) ;
#4509 = CARTESIAN_POINT ( 'NONE',  ( -3.456526291164410125, 0.0000000000000000000, 2.068114642818509985 ) ) ;
#4510 = CARTESIAN_POINT ( 'NONE',  ( -5.116875323087089811, -0.1320269665408529969, 7.017524716751840597E-17 ) ) ;
#4511 = CARTESIAN_POINT ( 'NONE',  ( -4.999974409514909901, -0.007290673741145800232, 0.2000000000000000111 ) ) ;
#4512 = CARTESIAN_POINT ( 'NONE',  ( 5.106638220358520996, -0.1681520450682320034, 0.01308868717703309988 ) ) ;
#4513 = CARTESIAN_POINT ( 'NONE',  ( 2.644399860962149962, 0.8554816188591790604, 1.300000030463270173 ) ) ;
#4514 = CARTESIAN_POINT ( 'NONE',  ( -5.060094658267640710, 0.1730360660395160177, 0.08504003497890219587 ) ) ;
#4515 = CARTESIAN_POINT ( 'NONE',  ( 5.064886353079909753, 0.1796652611268750033, 0.09999999998760579489 ) ) ;
#4516 = CARTESIAN_POINT ( 'NONE',  ( -3.499999995479639914, -2.817516646794934158E-15, 0.6593682732535008917 ) ) ;
#4517 = CARTESIAN_POINT ( 'NONE',  ( -3.499999999999999556, 0.6003768839104537403, 1.105102302880079490 ) ) ;
#4518 = CARTESIAN_POINT ( 'NONE',  ( 5.143620082033939944, 0.1179222615700700055, 4.762978790512199977E-17 ) ) ;
#4519 = CARTESIAN_POINT ( 'NONE',  ( -6.176453577985229870, -0.5545352631851150349, 0.2000000000000008993 ) ) ;
#4520 = CARTESIAN_POINT ( 'NONE',  ( 6.223687665709640271, -0.5062082666259860586, 0.05516503352022680134 ) ) ;
#4521 = CARTESIAN_POINT ( 'NONE',  ( 3.500000000000000000, 0.6308584043937629504, 1.300000030463270173 ) ) ;
#4522 = CARTESIAN_POINT ( 'NONE',  ( -5.061056710815510229, -0.1744403829567839903, 0.07756005246192010372 ) ) ;
#4523 = ORIENTED_EDGE ( 'NONE', *, *, #2726, .F. ) ;
#4524 = CARTESIAN_POINT ( 'NONE',  ( 3.494287647928740359, 0.6887312085821259977, 1.300000030463270173 ) ) ;
#4525 = CARTESIAN_POINT ( 'NONE',  ( -5.141538545298890206, -0.1150703598398920141, 6.980550025026719800E-17 ) ) ;
#4526 = CARTESIAN_POINT ( 'NONE',  ( -5.144811654929189793, 0.1567033962210780118, -1.262255372423260025E-16 ) ) ;
#4527 = CARTESIAN_POINT ( 'NONE',  ( -2.199999969536730049, 0.0000000000000000000, 2.200366143018710030 ) ) ;
#4528 = CARTESIAN_POINT ( 'NONE',  ( 2.644399860962149962, -0.8554816188591789494, 2.155481649322450011 ) ) ;
#4529 = CARTESIAN_POINT ( 'NONE',  ( -5.082387905940540129, -0.1726506727781779993, 0.02507684311768839866 ) ) ;
#4530 = CARTESIAN_POINT ( 'NONE',  ( 5.000001109512579589, 0.0003494637194912870223, 0.1000000000000000056 ) ) ;
#4531 = CARTESIAN_POINT ( 'NONE',  ( 6.262220585892830371, -0.4599031054947679831, 0.1999999999999987621 ) ) ;
#4532 = CARTESIAN_POINT ( 'NONE',  ( 3.079716191379540557, 0.8570832699196331284, 0.4429167605436410415 ) ) ;
#4533 = CARTESIAN_POINT ( 'NONE',  ( -5.370623000368929922, 0.4268661364906989886, 0.01308868717795740044 ) ) ;
#4534 = CARTESIAN_POINT ( 'NONE',  ( -6.224514148947720038, 0.5179580399670840052, 0.0000000000000000000 ) ) ;
#4535 = CARTESIAN_POINT ( 'NONE',  ( -3.422270755428200140, 0.0000000000000000000, 2.104114625321019894 ) ) ;
#4536 = CARTESIAN_POINT ( 'NONE',  ( 3.500000000000000000, 0.6308584043937629504, 1.930858434857040118 ) ) ;
#4537 = CARTESIAN_POINT ( 'NONE',  ( 5.040681934299220401, -0.02132341554094160235, 0.01308868717833520066 ) ) ;
#4538 = CARTESIAN_POINT ( 'NONE',  ( -5.060373784720360035, 0.1734205666461559880, 0.08504003497890280650 ) ) ;
#4539 = CARTESIAN_POINT ( 'NONE',  ( 5.850172062351280289, -0.6008549246927610277, 0.09999999999987829735 ) ) ;
#4540 = CARTESIAN_POINT ( 'NONE',  ( -5.068828188639720622, -0.1849745331143529958, 0.09999999998767060416 ) ) ;
#4541 = CARTESIAN_POINT ( 'NONE',  ( 5.063715722340240255, 0.1780761082618990132, 0.09999999998759910580 ) ) ;
#4542 = CARTESIAN_POINT ( 'NONE',  ( -3.380581965863679983, -3.658328557475637106E-15, 0.4681889904496079335 ) ) ;
#4543 = ADVANCED_FACE ( 'NONE', ( #2487, #4140 ), #4167, .T. ) ;
#4544 = CARTESIAN_POINT ( 'NONE',  ( 2.199999969536730049, 0.9003661125554340838, 1.300000030463270173 ) ) ;
#4545 = CARTESIAN_POINT ( 'NONE',  ( 5.145930002800080061, 0.1210599088618359992, 4.624039198456620155E-17 ) ) ;
#4546 = CARTESIAN_POINT ( 'NONE',  ( -5.327753741663210363, -0.4490264278117330199, 0.2000000000000008993 ) ) ;
#4547 = CARTESIAN_POINT ( 'NONE',  ( 6.264583969483160431, -0.4383504207374189776, 0.05516503352022229800 ) ) ;
#4548 = CARTESIAN_POINT ( 'NONE',  ( -5.000079833572209864, -0.01133376250456960034, 0.07756005247417850634 ) ) ;
#4549 = ORIENTED_EDGE ( 'NONE', *, *, #738, .T. ) ;
#4550 = CARTESIAN_POINT ( 'NONE',  ( 3.456526291164410125, 0.7681146123552399230, 0.5318854181080340249 ) ) ;
#4551 = CARTESIAN_POINT ( 'NONE',  ( -6.275622603063919946, -0.1279014268391339970, -8.460884490801080082E-16 ) ) ;
#4552 = CARTESIAN_POINT ( 'NONE',  ( -6.179126166777168194, 0.4015234832045374569, -7.890108691675763389E-16 ) ) ;
#4553 = CARTESIAN_POINT ( 'NONE',  ( -5.816106265268239817, 0.5238315622125949700, -4.825042830664220182E-16 ) ) ;
#4554 = CARTESIAN_POINT ( 'NONE',  ( -2.312275712915440096, -0.8969320013308089701, 1.300000030463270173 ) ) ;
#4555 = CARTESIAN_POINT ( 'NONE',  ( 5.679131270249669683, 0.5734634056629349663, 0.02507684312109939931 ) ) ;
#4556 = CARTESIAN_POINT ( 'NONE',  ( 2.475120692249380028, -0.8791444960728619362, 2.179144526536139992 ) ) ;
#4557 = CARTESIAN_POINT ( 'NONE',  ( -6.350000028353020021, 0.02632166237988979932, 0.1999999999999987621 ) ) ;
#4558 = CARTESIAN_POINT ( 'NONE',  ( -5.109166410940179759, -0.2072766302719699916, 0.02507684311799720026 ) ) ;
#4559 = CARTESIAN_POINT ( 'NONE',  ( 6.345877990925609780, -0.1332513682524570087, 0.08504003498292631025 ) ) ;
#4560 = CARTESIAN_POINT ( 'NONE',  ( 6.350000028353020021, -0.02632166237988979932, 0.1999999999999987621 ) ) ;
#4561 = CARTESIAN_POINT ( 'NONE',  ( 3.009674527917809872, 0.8508116070344399207, 0.4491884234288340827 ) ) ;
#4562 = CARTESIAN_POINT ( 'NONE',  ( -5.881330113522589720, 0.5592063504254819462, 0.01308868717837999990 ) ) ;
#4563 = CARTESIAN_POINT ( 'NONE',  ( 5.044608523403979916, -0.1523449825903359922, 0.2000000000000000111 ) ) ;
#4564 = CARTESIAN_POINT ( 'NONE',  ( -3.333637229839510052, 0.8503901119784420537, 1.300000030463270173 ) ) ;
#4565 = DIRECTION ( 'NONE',  ( -0.0000000000000000000, -0.0000000000000000000, -1.000000000000000000 ) ) ;
#4566 = CARTESIAN_POINT ( 'NONE',  ( 6.160213128001180038, -0.4713992368138569811, -6.049919062087490310E-16 ) ) ;
#4567 = CARTESIAN_POINT ( 'NONE',  ( 2.644399860962149962, 0.0000000000000000000, 2.155481649322450011 ) ) ;
#4568 = CARTESIAN_POINT ( 'NONE',  ( -3.456526291164410125, 0.7681146123552400340, 1.300000030463270173 ) ) ;
#4569 = CARTESIAN_POINT ( 'NONE',  ( -5.019130549644489570, 0.1071343868471990035, 0.08504003498102681580 ) ) ;
#4570 = CARTESIAN_POINT ( 'NONE',  ( 6.193308128555639946, -0.5440864949926940142, 0.1000000000000949990 ) ) ;
#4571 = CARTESIAN_POINT ( 'NONE',  ( -5.060199362310140003, -0.1732608393337750075, 0.09999999998755769448 ) ) ;
#4572 = CARTESIAN_POINT ( 'NONE',  ( 5.066483358260509995, 0.1818252572888879870, 0.09999999998763189901 ) ) ;
#4573 = CARTESIAN_POINT ( 'NONE',  ( -2.859815149085940700, -3.702316902796108351E-15, 0.4581871574554850501 ) ) ;
#4574 = CARTESIAN_POINT ( 'NONE',  ( 2.218867265165350044, 0.0000000000000000000, 2.200284765467499959 ) ) ;
#4575 = CARTESIAN_POINT ( 'NONE',  ( -5.001436930307090023, -0.04162226416585160238, 0.2000000000000008993 ) ) ;
#4576 = CARTESIAN_POINT ( 'NONE',  ( 5.195681783849040336, -0.3221298928196090205, 0.05516503351882819789 ) ) ;
#4577 = CARTESIAN_POINT ( 'NONE',  ( 3.500000000000000000, -0.6308584043937628394, 1.930858434857039896 ) ) ;
#4578 = CARTESIAN_POINT ( 'NONE',  ( -5.080608587031330003, -0.2004869246277179995, 0.07756005246256569841 ) ) ;
#4579 = CARTESIAN_POINT ( 'NONE',  ( 5.503987370455839745, 0.5444512755025799899, 0.07756005247248870527 ) ) ;
#4580 = VERTEX_POINT ( 'NONE', #4739 ) ;
#4581 = CARTESIAN_POINT ( 'NONE',  ( -5.100000498901169799, 4.267874005592359776E-09, 1.040834085586080066E-16 ) ) ;
#4582 = CARTESIAN_POINT ( 'NONE',  ( -2.256433125465450384, 0.8995863759936900683, 0.4004136544695839905 ) ) ;
#4583 = CARTESIAN_POINT ( 'NONE',  ( 2.561655826735730113, 0.8667525124322019714, 1.300000030463270173 ) ) ;
#4584 = CARTESIAN_POINT ( 'NONE',  ( -6.243669523396249588, 0.4921029752861800777, 0.1999999999999987621 ) ) ;
#4585 = CARTESIAN_POINT ( 'NONE',  ( -5.407663128213309633, -0.4976752771841810308, 0.07756005247152869542 ) ) ;
#4586 = CARTESIAN_POINT ( 'NONE',  ( 5.001831653057750238, -0.04174307699276499917, 0.09999999999917960625 ) ) ;
#4587 = CARTESIAN_POINT ( 'NONE',  ( 5.726241842797760384, -0.5985893008589749931, 0.1999999999999987621 ) ) ;
#4588 = CARTESIAN_POINT ( 'NONE',  ( -5.109544820980119972, 0.1719534431393800189, 0.01308868717703609921 ) ) ;
#4589 = CARTESIAN_POINT ( 'NONE',  ( 5.047866504502173335, -7.008713395666309903E-05, 0.01097111886561196424 ) ) ;
#4590 = CARTESIAN_POINT ( 'NONE',  ( -3.494287647928739915, 0.6887312085821259977, 1.988731239045400390 ) ) ;
#4591 = CARTESIAN_POINT ( 'NONE',  ( -5.070080751570410271, 0.0001045648452169030016, 1.040834085586080066E-16 ) ) ;
#4592 = CARTESIAN_POINT ( 'NONE',  ( 3.046257705760218926, -3.756592182026183883E-15, 0.4458463368446229369 ) ) ;
#4593 = CARTESIAN_POINT ( 'NONE',  ( 6.062734613610020418, -0.5042596112561550381, -4.895844469048090299E-16 ) ) ;
#4594 = CARTESIAN_POINT ( 'NONE',  ( -3.481874671466670179, 0.7257874573880770397, 2.025787487851350654 ) ) ;
#4595 = CARTESIAN_POINT ( 'NONE',  ( -5.167461477135049996, 0.3025742508149940058, 0.08504003497988399385 ) ) ;
#4596 = CARTESIAN_POINT ( 'NONE',  ( 5.916223481564190756, -0.5973844828928419615, 0.09999999999993269828 ) ) ;
#4597 = CARTESIAN_POINT ( 'NONE',  ( -5.000001109542409949, 0.0003494722553439620432, 0.1000000000000000056 ) ) ;
#4598 = CARTESIAN_POINT ( 'NONE',  ( 6.239683431701578797, -0.2149752395214845346, -6.137834867326171637E-16 ) ) ;
#4599 = CARTESIAN_POINT ( 'NONE',  ( -5.180316525110471026, -0.3182787896309660081, 0.09999999999999920064 ) ) ;
#4600 = CARTESIAN_POINT ( 'NONE',  ( 2.199999969536730049, 0.0000000000000000000, 2.200366143018710030 ) ) ;
#4601 = CARTESIAN_POINT ( 'NONE',  ( 5.141204613158270043, 0.1146107091438370168, 4.908723940597910170E-17 ) ) ;
#4602 = CARTESIAN_POINT ( 'NONE',  ( -5.149695184300856710, 0.4499999999999999556, 1.524999999999999023 ) ) ;
#4603 = CARTESIAN_POINT ( 'NONE',  ( 3.500000000000000000, 0.6308584043937628394, 1.930858434857039896 ) ) ;
#4604 = AXIS2_PLACEMENT_3D ( 'NONE', #161, #4803, #290 ) ;
#4605 = CARTESIAN_POINT ( 'NONE',  ( -6.345508791991689712, -0.1331401095751889863, 0.09999999999997699618 ) ) ;
#4606 = VERTEX_POINT ( 'NONE', #1471 ) ;
#4607 = CARTESIAN_POINT ( 'NONE',  ( 3.499999995479639914, 0.6406317572097729451, 1.940631787673049669 ) ) ;
#4608 = CARTESIAN_POINT ( 'NONE',  ( -6.184535089957200249, -0.4530556499838540030, -7.734917780557470327E-16 ) ) ;
#4609 = CARTESIAN_POINT ( 'NONE',  ( -6.143852562820249830, 0.4575569236776894644, -7.598415006570030646E-16 ) ) ;
#4610 = CARTESIAN_POINT ( 'NONE',  ( -6.155147790828990217, 0.4426089010465130147, -8.261162267791669984E-16 ) ) ;
#4611 = CARTESIAN_POINT ( 'NONE',  ( 5.126146191592940049, 0.2281213435764199993, 0.02507684311820920081 ) ) ;
#4612 = AXIS2_PLACEMENT_3D ( 'NONE', #4719, #3939, #4807 ) ;
#4613 = CARTESIAN_POINT ( 'NONE',  ( -6.067120671245721297, 0.5823399928957599947, 0.1999999999999987621 ) ) ;
#4614 = EDGE_CURVE ( 'NONE', #4580, #445, #4860, .T. ) ;
#4615 = CARTESIAN_POINT ( 'NONE',  ( -6.215643329946310303, -0.5256492051274279653, 0.07756005247423090887 ) ) ;
#4616 = CARTESIAN_POINT ( 'NONE',  ( 5.249864402188619827, -0.3858697217414899794, 0.1999999999999987621 ) ) ;
#4617 = CARTESIAN_POINT ( 'NONE',  ( 3.235639616665010543, -0.8646691662700989323, 0.4353308641931750711 ) ) ;
#4618 = CARTESIAN_POINT ( 'NONE',  ( -5.095431007754170238, 0.1531359436359089887, 0.01308868717700819966 ) ) ;
#4619 = CARTESIAN_POINT ( 'NONE',  ( -3.499999995479639914, -0.6406317572097729451, 1.940631787673049669 ) ) ;
#4620 = CARTESIAN_POINT ( 'NONE',  ( 5.224121349199250197, -0.2496568234232340033, -1.507046464600369918E-16 ) ) ;
#4621 = CARTESIAN_POINT ( 'NONE',  ( -3.235639616665010543, -0.8646691662700989323, 2.164669196733370438 ) ) ;
#4622 = CARTESIAN_POINT ( 'NONE',  ( 5.069637152770639865, -0.1859737234890320168, 0.09999999999602690592 ) ) ;
#4623 = CARTESIAN_POINT ( 'NONE',  ( -5.061056710815510229, -0.1744403829567839903, 0.09999999998756149699 ) ) ;
#4624 = CARTESIAN_POINT ( 'NONE',  ( 6.015933359908816946, -0.4877997004982342344, -4.784367383146022607E-16 ) ) ;
#4625 = CARTESIAN_POINT ( 'NONE',  ( -5.001436930307090023, -0.04162226416585160238, 0.09999999999999920064 ) ) ;
#4626 = CARTESIAN_POINT ( 'NONE',  ( -3.009674527917810316, 0.8508116070344400317, 1.300000030463270173 ) ) ;
#4627 = CARTESIAN_POINT ( 'NONE',  ( 5.172460036392630300, -0.2979244612662370062, 0.05516503351865859744 ) ) ;
#4628 = CARTESIAN_POINT ( 'NONE',  ( -6.143177358410319755, 0.5659589371648391376, 0.1000000000000890038 ) ) ;
#4629 = CARTESIAN_POINT ( 'NONE',  ( -6.272351829803679557, -0.4385995219404080214, 0.09999999999989440946 ) ) ;
#4630 = ORIENTED_EDGE ( 'NONE', *, *, #1737, .T. ) ;
#4631 = CARTESIAN_POINT ( 'NONE',  ( 6.349999999999999645, 0.0000000000000000000, 0.2000000000000000111 ) ) ;
#4632 = CARTESIAN_POINT ( 'NONE',  ( -6.160237443396219703, -0.4809309115154450365, -7.588553909018301362E-16 ) ) ;
#4633 = CARTESIAN_POINT ( 'NONE',  ( -6.098406652206155520, 0.4745662331353392993, -7.222601830343378851E-16 ) ) ;
#4634 = CARTESIAN_POINT ( 'NONE',  ( -6.189191388132040395, 0.3793187250193200688, -8.535208655609409988E-16 ) ) ;
#4635 = CARTESIAN_POINT ( 'NONE',  ( -2.256433125465450384, 0.8995863759936900683, 2.199586406456959686 ) ) ;
#4636 = CARTESIAN_POINT ( 'NONE',  ( 2.475120692249380028, 0.8791444960728619362, 2.179144526536139992 ) ) ;
#4637 = CARTESIAN_POINT ( 'NONE',  ( -6.349239909091269674, 0.07678747668518980107, 0.1999999999999987621 ) ) ;
#4638 = CARTESIAN_POINT ( 'NONE',  ( -5.287507103013679988, -0.4149885943033089775, 0.07756005247010240577 ) ) ;
#4639 = CARTESIAN_POINT ( 'NONE',  ( 5.060373784720360035, -0.1734205666461559880, 0.09999999999599699929 ) ) ;
#4640 = CARTESIAN_POINT ( 'NONE',  ( 6.349999999999999645, 0.0000000000000000000, 0.2000000000000000111 ) ) ;
#4641 = CARTESIAN_POINT ( 'NONE',  ( -6.188438869310620483, 0.4318226570760059779, -8.471798935911080426E-16 ) ) ;
#4642 = ADVANCED_FACE ( 'NONE', ( #3903 ), #5304, .T. ) ;
#4643 = CARTESIAN_POINT ( 'NONE',  ( 5.000212412783009874, -0.02148594358049080166, 0.0000000000000000000 ) ) ;
#4644 = CARTESIAN_POINT ( 'NONE',  ( -3.481874671466670179, -0.7257874573880770397, 0.5742125730751970192 ) ) ;
#4645 = CARTESIAN_POINT ( 'NONE',  ( -6.331763277724140160, -1.964412817941959904E-08, 0.02507684312139769889 ) ) ;
#4646 = CARTESIAN_POINT ( 'NONE',  ( 5.624677413749889610, -0.5029618785431010375, -2.859826807305100230E-16 ) ) ;
#4647 = CARTESIAN_POINT ( 'NONE',  ( -3.284326568066441077, -0.8607250946741169528, 2.160725125137389568 ) ) ;
#4648 = CARTESIAN_POINT ( 'NONE',  ( -5.958896213012620180, 0.5871753467785350011, 0.05516503352015370010 ) ) ;
#4649 = CARTESIAN_POINT ( 'NONE',  ( 5.101450747855119872, -0.2267304425552039981, 0.09999999999631689618 ) ) ;
#4650 = CARTESIAN_POINT ( 'NONE',  ( -2.199999969536729605, 0.9003661125554339728, 2.200366143018710474 ) ) ;
#4651 = CARTESIAN_POINT ( 'NONE',  ( 5.410603633123799661, -0.5023060787889991330, 0.1000000000000000333 ) ) ;
#4652 = CARTESIAN_POINT ( 'NONE',  ( -2.859815149085939812, 0.0000000000000000000, 2.141812903471060014 ) ) ;
#4653 = CARTESIAN_POINT ( 'NONE',  ( 5.380905824433179774, -0.4736421672508069891, 0.05516503351959690937 ) ) ;
#4654 = CARTESIAN_POINT ( 'NONE',  ( -6.311273665842979774, -0.3355018932830090006, 0.09999999999993340605 ) ) ;
#4655 = CARTESIAN_POINT ( 'NONE',  ( 5.239732479482561267, 0.3740642166730109852, 0.07756005246861399915 ) ) ;
#4656 = EDGE_LOOP ( 'NONE', ( #4760, #5198 ) ) ;
#4657 = CARTESIAN_POINT ( 'NONE',  ( 3.500000000000000000, 0.6308584043937628394, 1.930858434857039896 ) ) ;
#4658 = CARTESIAN_POINT ( 'NONE',  ( 5.940248929650640441, 0.4951789150192810185, -4.331489940728029982E-16 ) ) ;
#4659 = CARTESIAN_POINT ( 'NONE',  ( -5.124538604573100287, 0.1298429968812299939, -1.136374913946130115E-16 ) ) ;
#4660 = CARTESIAN_POINT ( 'NONE',  ( -2.722375865889810065, -0.8471463196214710223, 1.300000030463270173 ) ) ;
#4661 = CARTESIAN_POINT ( 'NONE',  ( 2.722375865889810065, -0.8471463196214711333, 0.4528537108418029811 ) ) ;
#4662 = CARTESIAN_POINT ( 'NONE',  ( -5.726241842797760384, 0.5985893008589749931, 0.1999999999999987621 ) ) ;
#4663 = CARTESIAN_POINT ( 'NONE',  ( -6.141062086657039565, -0.5667436915606139936, 0.07756005247421610127 ) ) ;
#4664 = CARTESIAN_POINT ( 'NONE',  ( 5.450000029057262552, -0.4499999999999999556, 0.7999999709427350059 ) ) ;
#4665 = CARTESIAN_POINT ( 'NONE',  ( -5.092981793993219597, 0.1497788630104819885, 0.01308868717700690035 ) ) ;
#4666 = FACE_OUTER_BOUND ( 'NONE', #4042, .T. ) ;
#4667 = CARTESIAN_POINT ( 'NONE',  ( -3.500000000000000000, 0.6308584043937628394, 1.930858434857039896 ) ) ;
#4668 = CARTESIAN_POINT ( 'NONE',  ( -6.320774084002399817, -0.1968195951334370253, 0.02507684312138699911 ) ) ;
#4669 = CARTESIAN_POINT ( 'NONE',  ( 5.910674478967480994, -0.5200113665497250182, -4.119879135554300176E-16 ) ) ;
#4670 = CARTESIAN_POINT ( 'NONE',  ( -6.073438008965170276, 0.5742011212116480134, 0.05516503352021150108 ) ) ;
#4671 = CARTESIAN_POINT ( 'NONE',  ( -4.999998840160539970, -0.0002999056816654560110, 0.1000000000000000056 ) ) ;
#4672 = CARTESIAN_POINT ( 'NONE',  ( 5.844579270466050858, -0.6013843938243179643, 0.1000000000000000333 ) ) ;
#4673 = CARTESIAN_POINT ( 'NONE',  ( -2.967264452590000268, 0.8470836428053101219, 2.147083673268579851 ) ) ;
#4674 = CARTESIAN_POINT ( 'NONE',  ( 4.999999888241290158, 0.0000000000000000000, 0.2000000000000000111 ) ) ;
#4675 = CARTESIAN_POINT ( 'NONE',  ( 5.008621739031809739, -0.04102926678864299986, 0.05516503351976440039 ) ) ;
#4676 = CARTESIAN_POINT ( 'NONE',  ( -5.883494791582999817, -0.5994359105045861114, 0.09999999999953210206 ) ) ;
#4677 = CARTESIAN_POINT ( 'NONE',  ( 5.305666387546890128, 0.4292364760214170682, 0.07756005247029350291 ) ) ;
#4678 = ORIENTED_EDGE ( 'NONE', *, *, #3437, .F. ) ;
#4679 = CARTESIAN_POINT ( 'NONE',  ( 6.337018543290589889, 0.2254406790683469997, 0.2000000000000008993 ) ) ;
#4680 = CARTESIAN_POINT ( 'NONE',  ( -6.159990457445780443, 0.4355672566292649872, -8.424300743703720002E-16 ) ) ;
#4681 = CARTESIAN_POINT ( 'NONE',  ( -2.722375865889810065, 0.0000000000000000000, 0.4528537108418029811 ) ) ;
#4682 = AXIS2_PLACEMENT_3D ( 'NONE', #2163, #4250, #2621 ) ;
#4683 = CARTESIAN_POINT ( 'NONE',  ( 5.077679023348800058, 0.1662773689156989976, 0.02507684311766629828 ) ) ;
#4684 = CARTESIAN_POINT ( 'NONE',  ( 2.794526764258589591, -0.8426655970424189457, 2.142665627505690118 ) ) ;
#4685 = CARTESIAN_POINT ( 'NONE',  ( -6.102229250139349581, -0.4735774079759530464, -7.260985586686900046E-16 ) ) ;
#4686 = AXIS2_PLACEMENT_3D ( 'NONE', #3595, #3624, #1578 ) ;
#4687 = CARTESIAN_POINT ( 'NONE',  ( 4.886091287368748759, -0.4499999999999999556, 1.074999999999998179 ) ) ;
#4688 = CARTESIAN_POINT ( 'NONE',  ( 5.116992448027600560, 0.1321883473476929971, 4.908723940597910170E-17 ) ) ;
#4689 = CARTESIAN_POINT ( 'NONE',  ( 6.320777426967040036, -0.3056012506868709955, 0.2000000000000000111 ) ) ;
#4690 = CARTESIAN_POINT ( 'NONE',  ( -3.481874671466670179, 0.7257874573880770397, 0.5742125730751970192 ) ) ;
#4691 = CARTESIAN_POINT ( 'NONE',  ( 5.124048205518249688, -0.1291709513372130136, -1.343696462434620114E-16 ) ) ;
#4692 = CARTESIAN_POINT ( 'NONE',  ( -3.498961390185080234, 0.0000000000000000000, 0.6399610592839770629 ) ) ;
#4693 = CARTESIAN_POINT ( 'NONE',  ( -5.001831653057750238, 0.04174307699276499917, 0.08504003498208530243 ) ) ;
#4694 = CARTESIAN_POINT ( 'NONE',  ( -2.218867265165350044, 0.0000000000000000000, 2.200284765467499959 ) ) ;
#4695 = CARTESIAN_POINT ( 'NONE',  ( 5.076590656699489834, -0.1964923183600499890, 0.1000000000000000333 ) ) ;
#4696 = CARTESIAN_POINT ( 'NONE',  ( -2.967264452589999824, 0.0000000000000000000, 2.147083673268579851 ) ) ;
#4697 = CARTESIAN_POINT ( 'NONE',  ( -5.000000029057262374, 2.755455298081545086E-17, 0.7999999709427360051 ) ) ;
#4698 = CARTESIAN_POINT ( 'NONE',  ( 6.131300790355711072, -0.5274481649460950328, 0.01308868717844609980 ) ) ;
#4699 = CARTESIAN_POINT ( 'NONE',  ( -5.548728811297910291, 0.5612833156150970337, 0.09999999999930719863 ) ) ;
#4700 = CARTESIAN_POINT ( 'NONE',  ( -6.350000011705700054, -0.01086704365471219923, 0.09999999999999920064 ) ) ;
#4701 = CARTESIAN_POINT ( 'NONE',  ( 5.265391698418779853, 0.3966990776585879730, 0.07756005246937150432 ) ) ;
#4702 = ORIENTED_EDGE ( 'NONE', *, *, #2631, .T. ) ;
#4703 = CARTESIAN_POINT ( 'NONE',  ( 6.320777426967040036, 0.3056012506868709955, 0.2000000000000008993 ) ) ;
#4704 = CARTESIAN_POINT ( 'NONE',  ( 6.228183860102110003, 0.2543724236510679915, -6.084010572839099874E-16 ) ) ;
#4705 = CARTESIAN_POINT ( 'NONE',  ( -6.108611304931529595, 0.4718717068454709729, -7.324050502315850154E-16 ) ) ;
#4706 = CARTESIAN_POINT ( 'NONE',  ( -2.561655826735730113, 0.8667525124322019714, 0.4332475180310719209 ) ) ;
#4707 = CARTESIAN_POINT ( 'NONE',  ( 5.074958163234840391, 0.1625465594736379971, 0.02507684311766150004 ) ) ;
#4708 = CARTESIAN_POINT ( 'NONE',  ( 3.009674527917810316, 0.0000000000000000000, 2.150811637497710205 ) ) ;
#4709 = CARTESIAN_POINT ( 'NONE',  ( -6.235325070966010408, -0.2165449482807449977, -8.368441359373099841E-16 ) ) ;
#4710 = CARTESIAN_POINT ( 'NONE',  ( 5.690346700608295727, 0.4924038852271174771, -2.814888879227403707E-16 ) ) ;
#4711 = CARTESIAN_POINT ( 'NONE',  ( -3.481874671466670179, 0.0000000000000000000, 2.025787487851350210 ) ) ;
#4712 = CARTESIAN_POINT ( 'NONE',  ( 3.422270755428200140, 0.8041145948577490543, 1.300000030463270173 ) ) ;
#4713 = CARTESIAN_POINT ( 'NONE',  ( 5.186674510612070854, 0.2191815467699480269, 8.144777491916520149E-18 ) ) ;
#4714 = CARTESIAN_POINT ( 'NONE',  ( 4.999998840160539970, 0.0002999056816654560110, 0.1000000000000000056 ) ) ;
#4715 = CARTESIAN_POINT ( 'NONE',  ( 5.844579270466050858, -0.6013843938243179643, 0.2000000000000000111 ) ) ;
#4716 = FILL_AREA_STYLE ('',( #3067 ) ) ;
#4717 = CARTESIAN_POINT ( 'NONE',  ( -5.227548649587459906, -0.3376730331400150109, 0.02507684311940119870 ) ) ;
#4718 = CARTESIAN_POINT ( 'NONE',  ( 5.089679159411200082, -0.07495264008762189678, -2.389185143998309909E-16 ) ) ;
#4719 = CARTESIAN_POINT ( 'NONE',  ( 4.724999999999999645, 0.0000000000000000000, 0.7999999709427350059 ) ) ;
#4720 = CARTESIAN_POINT ( 'NONE',  ( -6.149355062683730111, 0.5567315053679690040, 0.05516503352022120166 ) ) ;
#4721 = CARTESIAN_POINT ( 'NONE',  ( -2.218867265165350044, 0.0000000000000000000, 2.200284765467499959 ) ) ;
#4722 = CARTESIAN_POINT ( 'NONE',  ( -5.494938181979860836, 0.5433329124702379609, 0.0000000000000000000 ) ) ;
#4723 = CARTESIAN_POINT ( 'NONE',  ( -2.917476980842439893, 0.0000000000000000000, 0.4563077025750519877 ) ) ;
#4724 = CARTESIAN_POINT ( 'NONE',  ( -5.982101057793539844, -0.5919109406925260330, 0.0000000000000000000 ) ) ;
#4725 = CARTESIAN_POINT ( 'NONE',  ( 5.816173156854490323, -0.5611107453811110535, 0.01308868717835869923 ) ) ;
#4726 = CARTESIAN_POINT ( 'NONE',  ( -5.148581765549709921, 0.2819076879839059746, 0.09999999999672880280 ) ) ;
#4727 = CARTESIAN_POINT ( 'NONE',  ( 5.053299141313829956, 0.1637506877488880408, 0.07756005246236299944 ) ) ;
#4728 = ORIENTED_EDGE ( 'NONE', *, *, #3986, .T. ) ;
#4729 = CARTESIAN_POINT ( 'NONE',  ( 5.001436930307090023, 0.04162226416585160238, 0.2000000000000008993 ) ) ;
#4730 = CARTESIAN_POINT ( 'NONE',  ( 6.145616955418160110, 0.4540277343295279766, -5.576064071426299948E-16 ) ) ;
#4731 = CARTESIAN_POINT ( 'NONE',  ( -5.142182350558029746, 0.1159533782458599949, -1.145174266176299930E-16 ) ) ;
#4732 = CARTESIAN_POINT ( 'NONE',  ( 5.664615825474060173, -0.5899636667404040136, 0.08504003498259950222 ) ) ;
#4733 = CARTESIAN_POINT ( 'NONE',  ( 6.144552829628690205, 0.5666394410174280249, 0.0000000000000000000 ) ) ;
#4734 = CARTESIAN_POINT ( 'NONE',  ( -2.794526764258589591, -0.8426655970424189457, 0.4573344334208550022 ) ) ;
#4735 = CARTESIAN_POINT ( 'NONE',  ( 5.075564669343459734, 0.1633813354235360005, 0.02507684311766189902 ) ) ;
#4736 = CARTESIAN_POINT ( 'NONE',  ( 2.794526764258590479, 0.0000000000000000000, 2.142665627505690118 ) ) ;
#4737 = CARTESIAN_POINT ( 'NONE',  ( -6.092052287710269631, -0.4760087890267030164, -7.176668109070741443E-16 ) ) ;
#4738 = CARTESIAN_POINT ( 'NONE',  ( 6.076570494627463681, 0.4790461992654840850, -5.151162305346339764E-16 ) ) ;
#4739 = CARTESIAN_POINT ( 'NONE',  ( -5.450000029057259887, 0.0000000000000000000, 0.1999999999999993450 ) ) ;
#4740 = CARTESIAN_POINT ( 'NONE',  ( 3.333637229839509608, 0.8503901119784410545, 2.150390142441719998 ) ) ;
#4741 = CARTESIAN_POINT ( 'NONE',  ( 5.118944106845710884, 0.1348664409027220124, 4.794817957182219739E-17 ) ) ;
#4742 = CARTESIAN_POINT ( 'NONE',  ( 5.993859332772118798, -0.4901995549107842631, -4.650841267444472697E-16 ) ) ;
#4743 = CARTESIAN_POINT ( 'NONE',  ( 5.410603633123799661, -0.5023060787889991330, 0.0000000000000000000 ) ) ;
#4744 = DIRECTION ( 'NONE',  ( -5.874195897487601649E-17, 0.0000000000000000000, -1.000000000000000000 ) ) ;
#4745 = CARTESIAN_POINT ( 'NONE',  ( -5.979475341907500408, -0.5737618475772410243, 0.02507684312131019944 ) ) ;
#4746 = CARTESIAN_POINT ( 'NONE',  ( 5.107407601030089950, -0.1058433215589690002, -2.083235648791719993E-16 ) ) ;
#4747 = CARTESIAN_POINT ( 'NONE',  ( 2.722375865889810065, 0.0000000000000000000, 2.147146350084740085 ) ) ;
#4748 = FILL_AREA_STYLE_COLOUR ( '', #1082 ) ;
#4749 = CARTESIAN_POINT ( 'NONE',  ( -5.065690123141510348, 0.1691235375176030065, 0.05516503351816570005 ) ) ;
#4750 = CARTESIAN_POINT ( 'NONE',  ( -2.475120692249380028, 0.0000000000000000000, 2.179144526536139992 ) ) ;
#4751 = CARTESIAN_POINT ( 'NONE',  ( -5.001436930307090023, 0.04162226416585160238, 0.0000000000000000000 ) ) ;
#4752 = CARTESIAN_POINT ( 'NONE',  ( -3.079716191379540557, 0.0000000000000000000, 0.4429167605436400423 ) ) ;
#4753 = CARTESIAN_POINT ( 'NONE',  ( -5.203859844332890283, -0.2385736702713260049, -3.033614872152469956E-19 ) ) ;
#4754 = CARTESIAN_POINT ( 'NONE',  ( 6.037825884132120180, 0.5153013376803200485, -4.900637893961810413E-16 ) ) ;
#4755 = CARTESIAN_POINT ( 'NONE',  ( -5.893733830988099776, -0.5990531213409430178, 0.0000000000000000000 ) ) ;
#4756 = CARTESIAN_POINT ( 'NONE',  ( 6.228067079785000182, -0.4367513514522449736, 0.01308868717844800106 ) ) ;
#4757 = CARTESIAN_POINT ( 'NONE',  ( -6.233261102213400129, 0.5050532479960040400, 0.08504003498300559405 ) ) ;
#4758 = B_SPLINE_CURVE_WITH_KNOTS ( 'NONE', 3,
 ( #3743, #2506, #1690, #98, #4213, #4552, #3797, #4132, #4989, #876, #1716, #4609, #2584, #4853, #4633, #1294, #930, #2931, #3354, #124, #4159, #526, #1344, #903, #2980, #2801, #550, #2153, #955, #4239, #3609, #1564, #3203, #775, #2405, #448, #1868, #1004, #4312, #3108, #577, #2229, #249, #2205, #3852, #3874, #1813, #4267, #219, #2636 ),
 .UNSPECIFIED., .F., .F.,
 ( 4, 1, 1, 1, 1, 1, 2, 2, 2, 1, 1, 2, 2, 2, 1, 1, 2, 2, 1, 1, 2, 2, 2, 2, 1, 1, 1, 2, 2, 2, 2, 4 ),
 ( 0.0000000000000000000, 0.1250000000000089928, 0.1875000000000134892, 0.2187500000000157929, 0.2343750000000169587, 0.2421875000000175138, 0.2460937500000173472, 0.2500000000000171529, 0.2812500000000157097, 0.2968750000000149880, 0.3046875000000153211, 0.3085937500000148770, 0.3125000000000144329, 0.3750000000000154321, 0.4375000000000163758, 0.4687500000000175970, 0.4843750000000174305, 0.5000000000000172085, 0.6250000000000153211, 0.6875000000000150990, 0.7187500000000150990, 0.7500000000000149880, 0.8125000000000147660, 0.8750000000000146549, 0.9062500000000149880, 0.9218750000000150990, 0.9296875000000152101, 0.9335937500000148770, 0.9375000000000144329, 0.9531250000000108802, 0.9687500000000072164, 1.000000000000000000 ),
 .UNSPECIFIED. ) ;
#4759 = CARTESIAN_POINT ( 'NONE',  ( 6.347623178963989865, 0.09995202376006559475, 0.09999999999998310241 ) ) ;
#4760 = ORIENTED_EDGE ( 'NONE', *, *, #3411, .T. ) ;
#4761 = CARTESIAN_POINT ( 'NONE',  ( 6.092052287710269631, 0.4760087890267030164, -5.251678869988960266E-16 ) ) ;
#4762 = CARTESIAN_POINT ( 'NONE',  ( -5.141120275386040106, 0.1144927986704300099, -1.136820192724170324E-16 ) ) ;
#4763 = CARTESIAN_POINT ( 'NONE',  ( 5.122871628641700426, -0.2524692342068439732, 0.08504003497946570345 ) ) ;
#4764 = CARTESIAN_POINT ( 'NONE',  ( -2.859815149085939812, 0.0000000000000000000, 0.4581871574554849946 ) ) ;
#4765 = ADVANCED_FACE ( 'NONE', ( #1848 ), #751, .T. ) ;
#4766 = CARTESIAN_POINT ( 'NONE',  ( 3.009674527917809872, -0.8508116070344399207, 0.4491884234288340827 ) ) ;
#4767 = CARTESIAN_POINT ( 'NONE',  ( -6.194406083282809838, -0.3675990282100650153, -8.024686408513060005E-16 ) ) ;
#4768 = CARTESIAN_POINT ( 'NONE',  ( -3.500000000000000000, -0.3651947244951121996, 1.817707931883327355 ) ) ;
#4769 = CARTESIAN_POINT ( 'NONE',  ( -3.190112246994440071, 0.0000000000000000000, 2.164511400675980468 ) ) ;
#4770 = CARTESIAN_POINT ( 'NONE',  ( 3.333637229839510052, 0.8503901119784420537, 1.300000030463270173 ) ) ;
#4771 = AXIS2_PLACEMENT_3D ( 'NONE', #3665, #5208, #1995 ) ;
#4772 = EDGE_CURVE ( 'NONE', #366, #2228, #150, .T. ) ;
#4773 = CARTESIAN_POINT ( 'NONE',  ( 6.051845554082640355, -0.4831994666230035596, -5.001600775342886398E-16 ) ) ;
#4774 = CARTESIAN_POINT ( 'NONE',  ( -5.849621314625790269, -0.5826188972078569783, 0.02507684312123570000 ) ) ;
#4775 = CARTESIAN_POINT ( 'NONE',  ( 5.092064070497309913, -0.07997416871819429396, -2.327334671103200224E-16 ) ) ;
#4776 = AXIS2_PLACEMENT_3D ( 'NONE', #3163, #4818, #1159 ) ;
#4777 = CARTESIAN_POINT ( 'NONE',  ( 2.967264452590000268, 0.8470836428053101219, 2.147083673268579851 ) ) ;
#4778 = CARTESIAN_POINT ( 'NONE',  ( -3.499999995479639914, 0.0000000000000000000, 0.6593682732535010027 ) ) ;
#4779 = CARTESIAN_POINT ( 'NONE',  ( -5.071092301805319558, 0.1764988529306119880, 0.05516503351817129974 ) ) ;
#4780 = CARTESIAN_POINT ( 'NONE',  ( -2.199999969536729605, 0.9003661125554339728, 0.3996339179078400305 ) ) ;
#4781 = CARTESIAN_POINT ( 'NONE',  ( -5.844579270466050858, 0.6013843938243179643, 0.0000000000000000000 ) ) ;
#4782 = CARTESIAN_POINT ( 'NONE',  ( -5.942764673728651026, -0.5249935337837540184, -5.916910149482991124E-16 ) ) ;
#4783 = CARTESIAN_POINT ( 'NONE',  ( 5.686927876131369963, 0.5221905166911570140, -2.829583256499279775E-16 ) ) ;
#4784 = CARTESIAN_POINT ( 'NONE',  ( -5.982101057793539844, -0.5919109406925260330, 0.2000000000000000111 ) ) ;
#4785 = CARTESIAN_POINT ( 'NONE',  ( 5.615731871702280387, -0.5391931284666500179, 0.01308868717824670201 ) ) ;
#4786 = B_SPLINE_SURFACE_WITH_KNOTS ( 'NONE', 5, 1, ( 
 ( #1993, #2823 ),
 ( #3170, #798 ),
 ( #825, #422 ),
 ( #850, #3378 ),
 ( #3900, #4342 ),
 ( #5122, #2231 ),
 ( #2286, #2207 ),
 ( #3406, #3006 ),
 ( #5094, #3928 ),
 ( #5047, #601 ),
 ( #221, #2660 ),
 ( #2982, #178 ),
 ( #3876, #1843 ),
 ( #4733, #2586 ),
 ( #4269, #1204 ),
 ( #3648, #3591 ),
 ( #5308, #1490 ),
 ( #3948, #1183 ),
 ( #2813, #386 ),
 ( #4448, #1602 ),
 ( #1981, #785 ),
 ( #2338, #2762 ),
 ( #2734, #4040 ),
 ( #4419, #1894 ),
 ( #4392, #2418 ),
 ( #2389, #1101 ),
 ( #4008, #3133 ),
 ( #3159, #2838 ),
 ( #699, #4892 ),
 ( #3621, #3977 ),
 ( #1156, #304 ),
 ( #4470, #729 ),
 ( #3529, #2362 ),
 ( #363, #334 ),
 ( #4063, #4789 ),
 ( #1954, #5250 ),
 ( #1125, #5280 ),
 ( #673, #1922 ),
 ( #2311, #5196 ),
 ( #4816, #3558 ) ),
 .UNSPECIFIED., .F., .F., .F.,
 ( 6, 1, 1, 1, 1, 1, 1, 1, 1, 1, 1, 1, 1, 1, 1, 1, 1, 1, 1, 1, 1, 1, 1, 1, 1, 1, 1, 1, 1, 1, 1, 1, 1, 1, 1, 6 ),
 ( 2, 2 ),
 ( 0.0000000000000000000, 0.02857142857142859829, 0.05714285714285709944, 0.08571428571428570120, 0.1142857142857140046, 0.1428571428571429880, 0.1714285714285710138, 0.2000000000000000111, 0.2285714285714290084, 0.2571428571428570065, 0.2857142857142859760, 0.3142857142857140018, 0.3428571428571430268, 0.3714285714285709972, 0.4000000000000000222, 0.4285714285714289917, 0.4571428571428570176, 0.4857142857142859871, 0.5142857142857140129, 0.5428571428571430380, 0.5714285714285719520, 0.5999999999999999778, 0.6285714285714290028, 0.6571428571428570287, 0.6857142857142860537, 0.7142857142857139685, 0.7428571428571429935, 0.7714285714285720186, 0.8000000000000000444, 0.8285714285714289584, 0.8571428571428569843, 0.8857142857142860093, 0.9142857142857140351, 0.9428571428571429491, 0.9714285714285719742, 1.000000000000000000 ),
 ( 0.0000000000000000000, 0.02000000000000000042 ),
 .UNSPECIFIED. ) ;
#4787 = CARTESIAN_POINT ( 'NONE',  ( 2.312275712915440096, -0.8969320013308089701, 1.300000030463270173 ) ) ;
#4788 = CARTESIAN_POINT ( 'NONE',  ( -6.349999999999999645, -1.332581395201179886E-23, 0.08504003498290491070 ) ) ;
#4789 = CARTESIAN_POINT ( 'NONE',  ( 5.012385225038310743, 0.09377143883761659970, 0.2000000000000000111 ) ) ;
#4790 = CARTESIAN_POINT ( 'NONE',  ( 5.676386820648070319, 0.5914987433853869936, 0.09999999999900459347 ) ) ;
#4791 = ORIENTED_EDGE ( 'NONE', *, *, #3018, .F. ) ;
#4792 = CARTESIAN_POINT ( 'NONE',  ( -5.076590656699489834, 0.1964923183600499890, 0.1000000000000000333 ) ) ;
#4793 = CARTESIAN_POINT ( 'NONE',  ( 5.240506553469529649, 0.2343226654593930092, -1.074548140181269961E-17 ) ) ;
#4794 = CARTESIAN_POINT ( 'NONE',  ( -5.784891744398430014, 0.5009346811991279846, -4.667466956949939960E-16 ) ) ;
#4795 = CARTESIAN_POINT ( 'NONE',  ( 5.781773815151850293, -0.6009063338049089875, 0.08504003498273129957 ) ) ;
#4796 = CARTESIAN_POINT ( 'NONE',  ( -3.079716191379540557, 0.8570832699196331284, 2.157083300382910629 ) ) ;
#4797 = CARTESIAN_POINT ( 'NONE',  ( 6.349842627973710130, 0.03298344102882919820, 0.07756005247435250605 ) ) ;
#4798 = CARTESIAN_POINT ( 'NONE',  ( 3.113135215446409809, -0.8598146433977199576, 0.4401853870655539902 ) ) ;
#4799 = CARTESIAN_POINT ( 'NONE',  ( -3.499999999999999556, -0.6161610258285695751, 1.142722141912558831 ) ) ;
#4800 = CARTESIAN_POINT ( 'NONE',  ( 3.284326568066440633, -0.8607250946741169528, 1.300000030463270173 ) ) ;
#4801 = CARTESIAN_POINT ( 'NONE',  ( 5.135504074003450548, -0.1067085731669508153, 5.413623520227073074E-17 ) ) ;
#4802 = CARTESIAN_POINT ( 'NONE',  ( 5.494938181979860836, -0.5433329124702379609, 0.0000000000000000000 ) ) ;
#4803 = DIRECTION ( 'NONE',  ( -0.0000000000000000000, -0.0000000000000000000, 1.000000000000000000 ) ) ;
#4804 = CARTESIAN_POINT ( 'NONE',  ( 5.124931267264200230, -0.1303801926635080044, -1.349513084648959953E-16 ) ) ;
#4805 = CARTESIAN_POINT ( 'NONE',  ( 2.859815149085939812, 0.0000000000000000000, 2.141812903471060014 ) ) ;
#4806 = EDGE_CURVE ( 'NONE', #4129, #122, #2567, .T. ) ;
#4807 = DIRECTION ( 'NONE',  ( 0.0000000000000000000, 0.0000000000000000000, 1.000000000000000000 ) ) ;
#4808 = CARTESIAN_POINT ( 'NONE',  ( -5.269818528970690252, 0.3914530751313880508, 0.05516503351927880272 ) ) ;
#4809 = CARTESIAN_POINT ( 'NONE',  ( -2.385652428381600298, -0.8904619225971831531, 2.190461953060459876 ) ) ;
#4810 = CARTESIAN_POINT ( 'NONE',  ( -5.893733830988099776, 0.5990531213409430178, 0.0000000000000000000 ) ) ;
#4811 = CARTESIAN_POINT ( 'NONE',  ( -5.149633849359910087, -0.1748593826571870069, 4.373266586395180297E-17 ) ) ;
#4812 = CARTESIAN_POINT ( 'NONE',  ( 6.149840759944930291, 0.4882707976219540225, -5.514856798903030759E-16 ) ) ;
#4813 = CARTESIAN_POINT ( 'NONE',  ( -6.320777426967040036, -0.3056012506868709955, 0.0000000000000000000 ) ) ;
#4814 = CARTESIAN_POINT ( 'NONE',  ( 6.201156070662429798, -0.4807378786470850041, 0.01308868717844999946 ) ) ;
#4815 = CARTESIAN_POINT ( 'NONE',  ( -5.063883682605509584, 0.1782239970365069870, 0.09999999999600489575 ) ) ;
#4816 = CARTESIAN_POINT ( 'NONE',  ( 4.999999888241290158, 0.0000000000000000000, 0.0000000000000000000 ) ) ;
#4817 = ORIENTED_EDGE ( 'NONE', *, *, #1349, .F. ) ;
#4818 = DIRECTION ( 'NONE',  ( 1.000000000000000000, 0.0000000000000000000, 0.0000000000000000000 ) ) ;
#4819 = CARTESIAN_POINT ( 'NONE',  ( 5.197353393790719700, 0.1857324703642669883, 1.532589777325680142E-17 ) ) ;
#4820 = CARTESIAN_POINT ( 'NONE',  ( -5.169323198823620125, 0.1516064413222319995, -1.259129871798119967E-16 ) ) ;
#4821 = CARTESIAN_POINT ( 'NONE',  ( 5.112090646288059759, -0.2396659469405360010, 0.08504003497936220290 ) ) ;
#4822 = CARTESIAN_POINT ( 'NONE',  ( -3.190112246994440959, 0.8645113702127030786, 2.164511400675979580 ) ) ;
#4823 = CARTESIAN_POINT ( 'NONE',  ( 5.022640628113229866, 0.05729543288952550217, 0.02507684312080140157 ) ) ;
#4824 = CARTESIAN_POINT ( 'NONE',  ( 3.079716191379540557, -0.8570832699196331284, 2.157083300382910629 ) ) ;
#4825 = DIRECTION ( 'NONE',  ( 1.387778831187769972E-15, 0.0000000000000000000, -1.000000000000000000 ) ) ;
#4826 = CARTESIAN_POINT ( 'NONE',  ( -6.137849135473495643, -0.4603608413730441717, -7.548769899475832508E-16 ) ) ;
#4827 = CARTESIAN_POINT ( 'NONE',  ( 3.481874671466670179, 0.0000000000000000000, 0.5742125730751970192 ) ) ;
#4828 = CARTESIAN_POINT ( 'NONE',  ( 6.242299211405381243, 0.4575378765050059915, 0.02507684312136390301 ) ) ;
#4829 = ORIENTED_EDGE ( 'NONE', *, *, #800, .T. ) ;
#4830 = CARTESIAN_POINT ( 'NONE',  ( 2.256433125465449940, 0.8995863759936900683, 1.300000030463270173 ) ) ;
#4831 = CARTESIAN_POINT ( 'NONE',  ( 6.350000000000000533, 0.0000000000000000000, 0.09999999999999949207 ) ) ;
#4832 = CARTESIAN_POINT ( 'NONE',  ( -6.349999999999999645, 0.0000000000000000000, 0.1000000000000000056 ) ) ;
#4833 = CARTESIAN_POINT ( 'NONE',  ( 5.151657733824660745, -0.1287340998843360118, -1.400427839675489991E-16 ) ) ;
#4834 = CARTESIAN_POINT ( 'NONE',  ( -5.082992709395839803, 0.1922977202031860011, 0.05516503351820740975 ) ) ;
#4835 = CARTESIAN_POINT ( 'NONE',  ( 6.281565084905249563, -0.4197854674473779912, 0.1000000000000000333 ) ) ;
#4836 = CARTESIAN_POINT ( 'NONE',  ( -3.149310191193160247, 0.0000000000000000000, 2.162426299549990105 ) ) ;
#4837 = CARTESIAN_POINT ( 'NONE',  ( 5.361289100185319789, 0.3834331032465009836, -9.447681612683951293E-17 ) ) ;
#4838 = CARTESIAN_POINT ( 'NONE',  ( -6.345819140479379783, -0.1459536405944240056, 0.0000000000000000000 ) ) ;
#4839 = CARTESIAN_POINT ( 'NONE',  ( 5.097988649091989899, -0.1566117838619290048, 0.01308868717701110011 ) ) ;
#4840 = CARTESIAN_POINT ( 'NONE',  ( -6.228982215558739988, 0.5105102698070109746, 0.08504003498300589936 ) ) ;
#4841 = CARTESIAN_POINT ( 'NONE',  ( -5.094930639287309937, -0.2186766812680739913, 0.09999999998867549478 ) ) ;
#4842 = CARTESIAN_POINT ( 'NONE',  ( 6.258354790501130083, 0.4662168405909289937, 0.09999999999988599952 ) ) ;
#4843 = ORIENTED_EDGE ( 'NONE', *, *, #738, .F. ) ;
#4844 = CARTESIAN_POINT ( 'NONE',  ( -5.726241842797760384, 0.5985893008589749931, 0.1000000000000000333 ) ) ;
#4845 = CARTESIAN_POINT ( 'NONE',  ( -5.950637606892800413, 0.4943668597098219708, -5.909318088388430826E-16 ) ) ;
#4846 = CARTESIAN_POINT ( 'NONE',  ( 6.073438008965170276, -0.5742011212116480134, 0.05516503352021170231 ) ) ;
#4847 = CARTESIAN_POINT ( 'NONE',  ( -3.190112246994440071, 0.0000000000000000000, 2.164511400675980468 ) ) ;
#4848 = CARTESIAN_POINT ( 'NONE',  ( 3.190112246994440959, -0.8645113702127030786, 0.4354886602505709803 ) ) ;
#4849 = CARTESIAN_POINT ( 'NONE',  ( -5.216525001004930218, -0.2078103172191760051, 7.562965009782620052E-18 ) ) ;
#4850 = CARTESIAN_POINT ( 'NONE',  ( -3.499999999999999556, -0.5079767750277234262, 1.684297335132808993 ) ) ;
#4851 = CARTESIAN_POINT ( 'NONE',  ( -5.263100722757251937, -0.2591155308568416360, -3.150721929068932072E-17 ) ) ;
#4852 = CARTESIAN_POINT ( 'NONE',  ( -6.349999999999999645, -1.969865072741197487E-23, 0.07756005247435779348 ) ) ;
#4853 = CARTESIAN_POINT ( 'NONE',  ( -6.114925937413568491, 0.4703014881759192134, -7.359207411767607728E-16 ) ) ;
#4854 = CARTESIAN_POINT ( 'NONE',  ( -5.076217002879129581, -0.1642772074718580055, 0.02507684311766290169 ) ) ;
#4855 = CARTESIAN_POINT ( 'NONE',  ( 5.484703504757569625, -0.4256900183056059883, -1.749646702884450025E-16 ) ) ;
#4856 = CARTESIAN_POINT ( 'NONE',  ( 3.190112246994440071, 0.0000000000000000000, 2.164511400675980468 ) ) ;
#4857 = CARTESIAN_POINT ( 'NONE',  ( -5.077239876909549920, 0.1847342112339689923, 0.05516503351818310974 ) ) ;
#4858 = CARTESIAN_POINT ( 'NONE',  ( -5.982101057793539844, 0.5919109406925260330, 0.0000000000000000000 ) ) ;
#4859 = CARTESIAN_POINT ( 'NONE',  ( -3.113135215446409809, 0.8598146433977209568, 1.300000030463270173 ) ) ;
#4860 = CIRCLE ( 'NONE', #227, 0.2250000000000003664 ) ;
#4861 = CARTESIAN_POINT ( 'NONE',  ( 3.500000000000000444, 0.6308584043937629504, 0.6691416260695176588 ) ) ;
#4862 = CARTESIAN_POINT ( 'NONE',  ( 5.094409790418739981, -0.1517397594529280025, 0.01308868717700780067 ) ) ;
#4863 = CARTESIAN_POINT ( 'NONE',  ( -5.005131274932780094, 0.06589125179157340195, 0.09999999999876289791 ) ) ;
#4864 = CARTESIAN_POINT ( 'NONE',  ( 6.345877990925609780, -0.1332513682524570087, 0.1000000000000210165 ) ) ;
#4865 = CARTESIAN_POINT ( 'NONE',  ( 5.190832733275610344, 0.3269992220462469845, 0.09999999999277410512 ) ) ;
#4866 = CARTESIAN_POINT ( 'NONE',  ( -6.243669523396249588, 0.4921029752861800777, 0.1000000000000000333 ) ) ;
#4867 = CARTESIAN_POINT ( 'NONE',  ( 5.170762451169980345, 0.1533687148298470138, 3.136970789097939776E-17 ) ) ;
#4868 = CARTESIAN_POINT ( 'NONE',  ( -6.345819140479379783, -0.1459536405944240056, 0.2000000000000008993 ) ) ;
#4869 = CARTESIAN_POINT ( 'NONE',  ( 6.141149507946200181, -0.5594211482099950006, 0.05516503352022110451 ) ) ;
#4870 = CARTESIAN_POINT ( 'NONE',  ( -3.190112246994440959, 0.8645113702127030786, 0.4354886602505709803 ) ) ;
#4871 = EDGE_CURVE ( 'NONE', #1391, #1554, #3069, .T. ) ;
#4872 = CARTESIAN_POINT ( 'NONE',  ( -5.000449008239789883, -0.02346898662567640029, 0.07756005247397110280 ) ) ;
#4873 = CARTESIAN_POINT ( 'NONE',  ( 6.334068619748880025, 0.2324107528633710118, 0.07756005247431620175 ) ) ;
#4874 = CARTESIAN_POINT ( 'NONE',  ( 3.190112246994440959, -0.8645113702127030786, 2.164511400675979580 ) ) ;
#4875 = CARTESIAN_POINT ( 'NONE',  ( 5.000000029057262374, -2.755455298081544470E-17, 0.7999999709427351169 ) ) ;
#4876 = CARTESIAN_POINT ( 'NONE',  ( -6.055294804758237781, -0.4826068893495398804, -6.866090097968157682E-16 ) ) ;
#4877 = CARTESIAN_POINT ( 'NONE',  ( 6.011874786992209785, 0.5705056467604400217, 0.02507684312132910098 ) ) ;
#4878 = CARTESIAN_POINT ( 'NONE',  ( 2.199999969536730049, -0.9003661125554340838, 1.300000030463270173 ) ) ;
#4879 = CARTESIAN_POINT ( 'NONE',  ( 6.107600309797910576, 0.5756272280106611294, 0.09999999999999939493 ) ) ;
#4880 = CARTESIAN_POINT ( 'NONE',  ( -5.110893728657510238, -0.2094308140232220283, 0.02507684311800029847 ) ) ;
#4881 = CARTESIAN_POINT ( 'NONE',  ( 5.909076520468239835, -0.4976273107277789376, -4.133619640509449795E-16 ) ) ;
#4882 = CARTESIAN_POINT ( 'NONE',  ( 3.046257705760219814, 0.0000000000000000000, 0.4458463368446229924 ) ) ;
#4883 = CARTESIAN_POINT ( 'NONE',  ( 0.0000000000000000000, 0.0000000000000000000, 0.0000000000000000000 ) ) ;
#4884 = CARTESIAN_POINT ( 'NONE',  ( -6.140198831387279732, 0.5244930580651719909, 0.01308868717844609980 ) ) ;
#4885 = CARTESIAN_POINT ( 'NONE',  ( 2.561655826735730113, 0.0000000000000000000, 2.166752542895479916 ) ) ;
#4886 = CARTESIAN_POINT ( 'NONE',  ( -3.422270755428200140, -0.8041145948577490543, 1.300000030463270173 ) ) ;
#4887 = CARTESIAN_POINT ( 'NONE',  ( -5.117485890828949557, -0.1328673930913449874, 6.968709420402849714E-17 ) ) ;
#4888 = CARTESIAN_POINT ( 'NONE',  ( -5.001436930307090023, -0.04162226416585160238, 0.2000000000000000111 ) ) ;
#4889 = CARTESIAN_POINT ( 'NONE',  ( 6.221358892716460254, -0.3609655401809990227, -6.524058744392960471E-16 ) ) ;
#4890 = CARTESIAN_POINT ( 'NONE',  ( 2.644399860962149962, 0.0000000000000000000, 2.155481649322450011 ) ) ;
#4891 = CARTESIAN_POINT ( 'NONE',  ( -5.077557448997300327, 0.1964273523685320377, 0.08504003497898569852 ) ) ;
#4892 = CARTESIAN_POINT ( 'NONE',  ( 5.249864402188619827, 0.3858697217414899794, 0.2000000000000000111 ) ) ;
#4893 = CARTESIAN_POINT ( 'NONE',  ( 5.104594820404329880, 0.2306325404665350021, 0.09999999998880640395 ) ) ;
#4894 = CARTESIAN_POINT ( 'NONE',  ( -3.500000000000000000, 0.0000000000000000000, 1.930858434857039896 ) ) ;
#4895 = CARTESIAN_POINT ( 'NONE',  ( -3.499999999999999556, 0.2509500792873076702, 0.7208343318801236910 ) ) ;
#4896 = CARTESIAN_POINT ( 'NONE',  ( 5.213510429918949640, 0.2044032242072650052, 5.542462484880849995E-18 ) ) ;
#4897 = CARTESIAN_POINT ( 'NONE',  ( -6.144552829628690205, -0.5666394410174280249, 0.2000000000000008993 ) ) ;
#4898 = CARTESIAN_POINT ( 'NONE',  ( 6.161247564848899572, -0.5523739791829540557, 0.05516503352022200657 ) ) ;
#4899 = CARTESIAN_POINT ( 'NONE',  ( -5.030281784875859863, -0.1287830315745520093, 0.07756005246957610455 ) ) ;
#4900 = CARTESIAN_POINT ( 'NONE',  ( 5.676386820648070319, 0.5914987433853869936, 0.07756005247336320019 ) ) ;
#4901 = CARTESIAN_POINT ( 'NONE',  ( 3.149310191193159802, -0.8624262690867170456, 0.4375737613765569578 ) ) ;
#4902 = CARTESIAN_POINT ( 'NONE',  ( -5.170762451169980345, -0.1533687148298470138, 4.557989602007400254E-17 ) ) ;
#4903 = CARTESIAN_POINT ( 'NONE',  ( -6.171478466444190403, 0.4582512049364599882, -8.240179432081449557E-16 ) ) ;
#4904 = CARTESIAN_POINT ( 'NONE',  ( -5.995207391229793181, -0.4900604386552544489, -6.369199587375867917E-16 ) ) ;
#4905 = CARTESIAN_POINT ( 'NONE',  ( 5.155345548196899941, 0.2620636809023970115, 0.02507684311848850170 ) ) ;
#4906 = CARTESIAN_POINT ( 'NONE',  ( 2.199999969536729605, -0.9003661125554339728, 0.3996339179078400305 ) ) ;
#4907 = CARTESIAN_POINT ( 'NONE',  ( 6.024851973780100955, 0.5875604833422150008, 0.09999999999999939493 ) ) ;
#4908 = CARTESIAN_POINT ( 'NONE',  ( -5.018312878779820352, -0.01093005830397389931, 0.02507684312134449839 ) ) ;
#4909 = CARTESIAN_POINT ( 'NONE',  ( 5.144483558811460355, -0.1190972398336850036, -1.366528396957000053E-16 ) ) ;
#4910 = CARTESIAN_POINT ( 'NONE',  ( 3.149310191193159802, -0.8624262690867170456, 2.162426299549990105 ) ) ;
#4911 = CARTESIAN_POINT ( 'NONE',  ( -5.122515998873599763, 0.1886386360979679933, 0.01308868717708440085 ) ) ;
#4912 = CARTESIAN_POINT ( 'NONE',  ( -6.024851973780100067, 0.5875604833422150008, 0.0000000000000000000 ) ) ;
#4913 = CARTESIAN_POINT ( 'NONE',  ( -3.422270755428200140, 0.8041145948577490543, 2.104114625321020338 ) ) ;
#4914 = CARTESIAN_POINT ( 'NONE',  ( -5.125764681860830230, -0.1440778558509089868, 6.304807045813059982E-17 ) ) ;
#4915 = CARTESIAN_POINT ( 'NONE',  ( 2.859815149085940700, -3.702316902796108351E-15, 0.4581871574554850501 ) ) ;
#4916 = CARTESIAN_POINT ( 'NONE',  ( 5.164176983427550383, -0.2387027745690049885, 0.01308868717723430004 ) ) ;
#4917 = B_SPLINE_SURFACE_WITH_KNOTS ( 'NONE', 3, 3, ( 
 ( #4022, #4126, #744, #345, #2773, #3372, #4432, #2376, #5262, #496, #2122, #92, #1712, #3349, #5012, #1316, #620, #1411, #5038, #2173, #1435, #2253, #3027, #3848, #1022, #3894, #1338, #595, #2975, #215, #4262, #4628, #2630, #3398, #3449, #4308, #951, #5116, #2605, #977, #5066, #1863, #3817, #1835, #193, #3472, #1761, #143, #1364, #4699, #3052, #647, #2199, #5140, #2999, #5088, #244, #4288, #3078, #171, #1788, #3424, #1388, #4726, #1045, #2280, #2225, #2681, #4335, #3869, #3920, #3975, #2761, #3947, #274, #1069, #5222, #4469, #4815, #4062, #3158, #2708, #2388, #4447, #1460, #3528, #1953, #2812, #4418, #4039, #1522, #784, #1892, #3590, #1182, #1489, #4863, #4364, #385, #3132, #2361, #759, #362 ),
 ( #4788, #5195, #1100, #303, #4391, #3187, #1980, #1921, #1574, #2733, #698, #3557, #728, #2337, #1551, #4007, #333, #4757, #5249, #4840, #3620, #1155, #2785, #5279, #3213, #2417, #672, #3499, #5166, #3104, #2310, #4090, #918, #3676, #3315, #4, #3241, #2495, #410, #4146, #2863, #4174, #4118, #2890, #1601, #3701, #460, #2082, #1651, #4976, #2522, #2837, #2549, #31, #4946, #1704, #2469, #3729, #812, #3342, #2031, #488, #4595, #2004, #3647, #837, #2443, #4199, #5307, #1203, #3760, #4891, #4491, #864, #3288, #1627, #3263, #4918, #434, #2115, #1257, #1228, #86, #2055, #5003, #4538, #892, #59, #4514, #1678, #1310, #1285, #2918, #4569, #2945, #2190, #4282, #4693, #3810, #614, #944, #1782, #1754 ),
 ( #1429, #2598, #1405, #3841, #2219, #2247, #4254, #3888, #589, #5060, #1040, #1358, #3467, #3420, #3444, #5134, #1330, #3073, #3046, #1828, #513, #3393, #4228, #2575, #164, #2995, #187, #4303, #5083, #4720, #540, #2166, #1381, #3020, #137, #3863, #4670, #995, #1729, #4648, #2626, #2675, #1804, #5109, #1016, #2649, #2140, #2969, #3785, #112, #3365, #5030, #1063, #3207, #665, #326, #2300, #237, #4808, #2700, #1119, #5186, #1147, #1092, #5215, #3913, #693, #2753, #4411, #3968, #1946, #4834, #5158, #4857, #2329, #1913, #4031, #4779, #720, #3098, #354, #4356, #2779, #1568, #4329, #641, #3123, #4749, #1176, #2272, #3491, #750, #1857, #1452, #3150, #294, #3940, #265, #1883, #2727, #4440, #3548, #3521 ),
 ( #1545, #1481, #1513, #2355, #3999, #4382, #3613, #3584, #5243, #3179, #2382, #1973, #5271, #3753, #4112, #3335, #2463, #2000, #1672, #3723, #779, #2831, #1250, #2106, #430, #1278, #4507, #80, #4884, #2884, #480, #806, #4168, #3641, #4996, #2437, #1645, #53, #2912, #4465, #2410, #4562, #886, #2515, #1698, #1622, #4940, #2805, #1199, #4142, #4058, #1595, #3285, #2489, #381, #4533, #5299, #859, #3235, #455, #2856, #2078, #2026, #4485, #4083, #402, #3670, #3259, #4911, #1222, #831, #4588, #1800, #5101, #964, #106, #912, #3414, #3013, #4618, #5078, #3833, #1303, #2135, #584, #4665, #5056, #534, #1374, #2618, #2940, #4248, #4194, #2212, #2162, #2543, #558, #939, #3857, #3436, #3361, #1399, #3806 ),
 ( #3039, #1775, #507, #133, #2569, #1750, #5025, #4222, #3387, #1354, #2990, #2594, #4641, #158, #4133, #2903, #797, #4903, #3686, #2430, #500, #3328, #3355, #2480, #4160, #1270, #15, #99, #1240, #44, #1214, #2848, #3661, #449, #1717, #2069, #4073, #3716, #5320, #4990, #1691, #396, #824, #4553, #5019, #1663, #1295, #3303, #2016, #4501, #877, #3774, #4104, #2127, #1613, #3251, #421, #4963, #2932, #904, #2454, #2041, #2536, #4185, #1638, #3274, #4931, #2507, #2874, #4526, #2097, #849, #473, #3744, #72, #4313, #4268, #2154, #578, #3798, #2206, #4659, #5093, #3824, #626, #125, #2981, #4214, #1743, #931, #220, #1440, #2561, #3899, #1840, #1793, #1345, #527, #3875, #1814, #551, #197, #1005 ),
 ( #177, #5045, #983, #1393, #3032, #3853, #2230, #5121, #4634, #5145, #2611, #3430, #3477, #5072, #4680, #956, #4610, #2585, #1417, #4240, #2178, #149, #3405, #1767, #1367, #3005, #2637, #1028, #4292, #600, #3454, #3058, #4705, #2659, #4340, #3533, #3597, #2740, #250, #4845, #5201, #5255, #3138, #1959, #4794, #279, #3109, #1161, #2685, #5170, #1496, #1899, #1107, #1528, #1557, #1074, #3194, #3503, #4398, #4369, #3164, #4014, #1986, #652, #4045, #705, #338, #2342, #4820, #2789, #3983, #4452, #1130, #2316, #3626, #3954, #764, #309, #735, #2394, #3926, #3083, #4731, #1049, #2284, #679, #1465, #4762, #1928, #3564, #2767, #1869, #5230, #2714, #4425, #2368, #3681, #3267, #3652, #4954, #2035, #8, #2817 ) ),
 .UNSPECIFIED., .F., .F., .F.,
 ( 4, 1, 1, 4 ),
 ( 4, 1, 1, 1, 1, 1, 1, 1, 1, 1, 1, 1, 1, 1, 1, 1, 1, 1, 1, 1, 1, 1, 1, 1, 1, 1, 1, 1, 1, 1, 1, 1, 1, 1, 1, 1, 1, 1, 1, 1, 1, 1, 1, 1, 1, 1, 1, 1, 1, 1, 1, 1, 1, 1, 1, 1, 1, 1, 1, 1, 1, 1, 1, 1, 1, 1, 1, 1, 1, 1, 1, 1, 1, 1, 1, 1, 1, 1, 1, 1, 1, 1, 1, 1, 1, 1, 1, 1, 1, 1, 1, 1, 1, 1, 1, 1, 1, 1, 1, 1, 4 ),
 ( 0.0000000000000000000, 0.2857142857142859760, 0.5714285714285709528, 1.000000000000000000 ),
 ( 0.0000000000000000000, 0.006234066232584399569, 0.01246813246516879914, 0.01870219869775319871, 0.02493626493033759828, 0.03117033116292200132, 0.03740439739550639742, 0.03896291395365249904, 0.03974217223272560190, 0.04052143051179860067, 0.04207994706994470230, 0.04363846362809079699, 0.04441772190716389984, 0.04519698018623689861, 0.04558660932577349861, 0.04597623846531000147, 0.04617105303507820085, 0.04636586760484649739, 0.04656068217461480085, 0.04665808945949889708, 0.04670679310194100070, 0.04675549674438300024, 0.04753475502345610310, 0.04831401330252910187, 0.04909327158160219778, 0.04987252986067519656, 0.05026215900021169941, 0.05035956628509589972, 0.05045697356998000288, 0.05065178813974829941, 0.05104141727928480227, 0.05143104641882129818, 0.05221030469789440104, 0.05298956297696739981, 0.05454807953511350144, 0.05610659609325960306, 0.05922362920955179938, 0.06234066232584400263, 0.06857472855842840220, 0.07169176167472060546, 0.07480879479101279483, 0.07792582790730499809, 0.08104286102359720134, 0.08415989413988940460, 0.08727692725618159397, 0.09039396037247379723, 0.09351099348876600048, 0.09974505972135039311, 0.1059791259539349939, 0.1090961590702270029, 0.1122131921865189980, 0.1153302253028110069, 0.1184472584191040012, 0.1215642915353959963, 0.1246813246516880053, 0.1277983577679799865, 0.1309153908842720093, 0.1340324240005650036, 0.1371494571168569987, 0.1402664902331489938, 0.1433835233494409889, 0.1465005564657330117, 0.1496175895820260060, 0.1511761061401719897, 0.1527346226983180011, 0.1542931392564640125, 0.1558516558146099962, 0.1574101723727560076, 0.1589686889309019913, 0.1591635035006709886, 0.1593583180704389868, 0.1597479472099750109, 0.1605272054890480027, 0.1606246127739330010, 0.1607220200588170000, 0.1609168346285849982, 0.1613064637681209945, 0.1615012783378899919, 0.1616960929076579900, 0.1617447965500999896, 0.1617935001925419891, 0.1618909074774259882, 0.1619883147623099873, 0.1620126665835310009, 0.1620370184047519868, 0.1620613702259730005, 0.1620735461365840069, 0.1620796340918889966, 0.1620857220471939864, 0.1652027551634870084, 0.1667612717216329921, 0.1675405300007060116, 0.1679301591402420080, 0.1681249737100110053, 0.1683197882797790035, 0.1698783048379249871, 0.1714368213960709986, 0.1729953379542170100, 0.1737745962332900018, 0.1741642253728269973, 0.1745538545123629937 ),
 .UNSPECIFIED. ) ;
#4918 = CARTESIAN_POINT ( 'NONE',  ( -5.065586522890730414, 0.1805345421053579924, 0.08504003497891429730 ) ) ;
#4919 = CARTESIAN_POINT ( 'NONE',  ( 6.151595199284700222, -0.5631998647927419777, 0.1000000000000890038 ) ) ;
#4920 = CARTESIAN_POINT ( 'NONE',  ( 5.069681707232850165, 0.1861149830487760226, 0.09999999998767410136 ) ) ;
#4921 = CARTESIAN_POINT ( 'NONE',  ( -3.190112246994439626, -3.802145537596573219E-15, 0.4354886602505709803 ) ) ;
#4922 = CARTESIAN_POINT ( 'NONE',  ( 2.199999969536729605, 0.9003661125554339728, 0.3996339179078400305 ) ) ;
#4923 = CARTESIAN_POINT ( 'NONE',  ( 5.141127141676930634, 0.1145039704290670007, 4.913402043824840347E-17 ) ) ;
#4924 = FACE_OUTER_BOUND ( 'NONE', #2391, .T. ) ;
#4925 = CARTESIAN_POINT ( 'NONE',  ( 6.250201816810229793, -0.4662282573967950206, 0.05516503352022530254 ) ) ;
#4926 = CARTESIAN_POINT ( 'NONE',  ( -5.063715722340240255, -0.1780761082618990132, 0.07756005246195771252 ) ) ;
#4927 = CARTESIAN_POINT ( 'NONE',  ( 5.916224669004390257, 0.5973726838689970009, 0.07756005247395529600 ) ) ;
#4928 = ORIENTED_EDGE ( 'NONE', *, *, #1893, .F. ) ;
#4929 = CARTESIAN_POINT ( 'NONE',  ( 3.494287647928740359, 0.0000000000000000000, 0.6112688218811469509 ) ) ;
#4930 = CARTESIAN_POINT ( 'NONE',  ( -5.197353393790719700, -0.1857324703642669883, 2.345595119457710275E-17 ) ) ;
#4931 = CARTESIAN_POINT ( 'NONE',  ( -5.171736915842219950, 0.1901495784902290376, -1.345422192546710109E-16 ) ) ;
#4932 = CARTESIAN_POINT ( 'NONE',  ( -2.199999969536729605, -0.9003661125554339728, 2.200366143018710474 ) ) ;
#4933 = EDGE_CURVE ( 'NONE', #1237, #1940, #3692, .T. ) ;
#4934 = CARTESIAN_POINT ( 'NONE',  ( 2.722375865889810065, 0.8471463196214710223, 1.300000030463270173 ) ) ;
#4935 = CARTESIAN_POINT ( 'NONE',  ( 5.982101057793540733, 0.5919109406925260330, 0.09999999999999939493 ) ) ;
#4936 = CARTESIAN_POINT ( 'NONE',  ( -5.018235525093089677, -0.0003606153378661010388, 0.02507684312139870156 ) ) ;
#4937 = CARTESIAN_POINT ( 'NONE',  ( 6.074481293450119779, -0.5809645982555300403, 0.08504003498297579844 ) ) ;
#4938 = CARTESIAN_POINT ( 'NONE',  ( 5.001436930307090023, -0.04162226416585160238, 0.1999999999999987621 ) ) ;
#4939 = CARTESIAN_POINT ( 'NONE',  ( 3.235639616665010099, 0.0000000000000000000, 2.164669196733369994 ) ) ;
#4940 = CARTESIAN_POINT ( 'NONE',  ( -5.716025878621110223, 0.5560230121008929993, 0.01308868717832629980 ) ) ;
#4941 = EDGE_CURVE ( 'NONE', #5252, #4210, #1588, .T. ) ;
#4942 = CARTESIAN_POINT ( 'NONE',  ( 3.190112246994440071, 0.0000000000000000000, 2.164511400675980468 ) ) ;
#4943 = CARTESIAN_POINT ( 'NONE',  ( -3.333637229839509608, -0.8503901119784410545, 0.4496099184848320052 ) ) ;
#4944 = CARTESIAN_POINT ( 'NONE',  ( 5.266825500258390136, -0.3442007795741390264, 0.01308868717769000149 ) ) ;
#4945 = CARTESIAN_POINT ( 'NONE',  ( 2.722375865889810065, 0.0000000000000000000, 0.4528537108418029811 ) ) ;
#4946 = CARTESIAN_POINT ( 'NONE',  ( -5.377266882922089763, 0.4794244969882980323, 0.08504003498175169429 ) ) ;
#4947 = CARTESIAN_POINT ( 'NONE',  ( 5.959506705818210293, -0.5939870570602110433, 0.09999999999995480560 ) ) ;
#4948 = CARTESIAN_POINT ( 'NONE',  ( -5.080608587031330003, -0.2004869246277179995, 0.09999999998820710556 ) ) ;
#4949 = CARTESIAN_POINT ( 'NONE',  ( 5.060817448666210083, 0.1741115543030050117, 0.09999999998755919328 ) ) ;
#4950 = CARTESIAN_POINT ( 'NONE',  ( 1.321694076934710094E-17, 2.755455298081545086E-17, 1.525000000000000133 ) ) ;
#4951 = VECTOR ( 'NONE', #4825, 1000.000000000000000 ) ;
#4952 = CARTESIAN_POINT ( 'NONE',  ( -3.500000000000000000, 3.862893628280142098E-17, 0.6691416260695089990 ) ) ;
#4953 = CARTESIAN_POINT ( 'NONE',  ( 5.141896626539219639, 0.1155626343416469998, 4.866945965284239692E-17 ) ) ;
#4954 = CARTESIAN_POINT ( 'NONE',  ( -5.100062238567989681, 0.009123147613318489599, -3.579097299999009794E-16 ) ) ;
#4955 = CARTESIAN_POINT ( 'NONE',  ( 6.269680175019420432, -0.4274199070653090238, 0.05516503352022179840 ) ) ;
#4956 = CARTESIAN_POINT ( 'NONE',  ( 3.500000000000000000, 0.0000000000000000000, 1.930858434857039896 ) ) ;
#4957 = B_SPLINE_CURVE_WITH_KNOTS ( 'NONE', 3,
 ( #343, #5205, #1504, #2321, #1135, #397, #742, #1614, #2374, #3959, #3633, #373, #2720, #4799, #3199, #4074, #1964, #5292, #2771, #2018, #3141, #4850, #3990, #4768, #316, #2431, #3603, #2400, #3662, #284 ),
 .UNSPECIFIED., .F., .F.,
 ( 4, 1, 2, 2, 2, 1, 2, 2, 2, 1, 2, 2, 2, 1, 2, 2, 4 ),
 ( 0.5000000000000000000, 0.5312500000000000000, 0.5468750000000000000, 0.5625000000000000000, 0.6249999999999998890, 0.6562499999999998890, 0.6718749999999998890, 0.6874999999999998890, 0.7499999999999996669, 0.7812499999999995559, 0.7968749999999994449, 0.8124999999999993339, 0.8749999999999994449, 0.9062499999999995559, 0.9218749999999995559, 0.9374999999999996669, 1.000000000000000000 ),
 .UNSPECIFIED. ) ;
#4958 = CARTESIAN_POINT ( 'NONE',  ( -5.060139547242280322, -0.1731784102289760097, 0.07756005246191649549 ) ) ;
#4959 = CARTESIAN_POINT ( 'NONE',  ( 5.711678346015659713, 0.5960893537081970450, 0.07756005247343181197 ) ) ;
#4960 = ORIENTED_EDGE ( 'NONE', *, *, #5048, .F. ) ;
#4961 = CARTESIAN_POINT ( 'NONE',  ( -5.141204613158270043, -0.1146107091438370168, 7.008162088522280497E-17 ) ) ;
#4962 = CIRCLE ( 'NONE', #4612, 0.7250000290572629069 ) ;
#4963 = CARTESIAN_POINT ( 'NONE',  ( -5.340357582509329681, 0.3580387536822530192, -1.895379182004259982E-16 ) ) ;
#4964 = CARTESIAN_POINT ( 'NONE',  ( -2.218867265165349600, 0.9002847350042212371, 2.200284765467499959 ) ) ;
#4965 = CARTESIAN_POINT ( 'NONE',  ( 2.475120692249380028, 0.0000000000000000000, 0.4208555343904120116 ) ) ;
#4966 = CARTESIAN_POINT ( 'NONE',  ( 5.327753741663210363, 0.4490264278117330199, 0.09999999999999939493 ) ) ;
#4967 = CARTESIAN_POINT ( 'NONE',  ( -5.068192251468690124, -0.1532229929466860097, 0.02507684311779560110 ) ) ;
#4968 = CARTESIAN_POINT ( 'NONE',  ( 6.239275224659439623, -0.4967641990208740421, 0.08504003498300539976 ) ) ;
#4969 = CARTESIAN_POINT ( 'NONE',  ( 5.000212412783009874, -0.02148594358049080166, 0.1999999999999987621 ) ) ;
#4970 = CARTESIAN_POINT ( 'NONE',  ( 3.079716191379540557, 0.0000000000000000000, 2.157083300382910185 ) ) ;
#4971 = CARTESIAN_POINT ( 'NONE',  ( -6.243669523396249588, 0.4921029752861800777, 0.0000000000000000000 ) ) ;
#4972 = CARTESIAN_POINT ( 'NONE',  ( -3.333637229839510052, 0.0000000000000000000, 2.150390142441719998 ) ) ;
#4973 = DIRECTION ( 'NONE',  ( 0.0000000000000000000, 0.0000000000000000000, 1.000000000000000000 ) ) ;
#4974 = CARTESIAN_POINT ( 'NONE',  ( 5.720043106992879878, -0.5189597198557029945, -3.194284954194949998E-16 ) ) ;
#4975 = CARTESIAN_POINT ( 'NONE',  ( -3.046257705760219814, -0.8541536936186510109, 1.300000030463270173 ) ) ;
#4976 = CARTESIAN_POINT ( 'NONE',  ( -5.548728811297910291, 0.5612833156150970337, 0.08504003498221300583 ) ) ;
#4977 = CARTESIAN_POINT ( 'NONE',  ( 6.046628595638130044, -0.5848619779854820067, 0.1000000000000449973 ) ) ;
#4978 = CARTESIAN_POINT ( 'NONE',  ( -5.062386067925730870, -0.1762619409935780312, 0.09999999998757129471 ) ) ;
#4979 = CARTESIAN_POINT ( 'NONE',  ( 5.093619931113090082, 0.2170370157379959974, 0.09999999998866160311 ) ) ;
#4980 = CARTESIAN_POINT ( 'NONE',  ( -6.107600309797909688, -0.5756272280106610184, 0.09999999999999920064 ) ) ;
#4981 = CARTESIAN_POINT ( 'NONE',  ( 2.256433125465449940, 0.8995863759936900683, 1.300000030463270173 ) ) ;
#4982 = CARTESIAN_POINT ( 'NONE',  ( 5.100340900595650595, 0.01828521081694869932, 6.935007026306199583E-17 ) ) ;
#4983 = CARTESIAN_POINT ( 'NONE',  ( -6.349239909091269674, -0.07678747668518980107, 0.2000000000000008993 ) ) ;
#4984 = CARTESIAN_POINT ( 'NONE',  ( -5.000001109542409949, 0.0003494722553439620432, 0.07756005247435870942 ) ) ;
#4985 = CARTESIAN_POINT ( 'NONE',  ( 5.606250933884689758, 0.5775513253636169742, 0.07756005247302520667 ) ) ;
#4986 = ORIENTED_EDGE ( 'NONE', *, *, #3911, .F. ) ;
#4987 = CARTESIAN_POINT ( 'NONE',  ( 3.481874671466670179, 0.7257874573880770397, 0.5742125730751970192 ) ) ;
#4988 = CARTESIAN_POINT ( 'NONE',  ( -5.102244566790379743, -0.03761823494644170318, 1.022425616040340006E-16 ) ) ;
#4989 = CARTESIAN_POINT ( 'NONE',  ( -6.169178803638549091, 0.4201497623247653079, -7.807849362163167606E-16 ) ) ;
#4990 = CARTESIAN_POINT ( 'NONE',  ( -5.952622545108030572, 0.5167194414337561437, -5.895577583433269867E-16 ) ) ;
#4991 = DIRECTION ( 'NONE',  ( 0.0000000000000000000, 0.0000000000000000000, -1.000000000000000000 ) ) ;
#4992 = CARTESIAN_POINT ( 'NONE',  ( 5.410603633123799661, 0.5023060787889991330, 0.09999999999999939493 ) ) ;
#4993 = CARTESIAN_POINT ( 'NONE',  ( -6.323615281261189658, -0.2862428628047969936, 0.07756005247430600158 ) ) ;
#4994 = CARTESIAN_POINT ( 'NONE',  ( 6.148059193132450417, -0.5643996145928441566, 0.08504003498299511632 ) ) ;
#4995 = CARTESIAN_POINT ( 'NONE',  ( 5.100000498871340326, -4.267978297357730616E-09, -3.989863994746659768E-16 ) ) ;
#4996 = CARTESIAN_POINT ( 'NONE',  ( -6.104812299563530331, 0.5343825577340439725, 0.01308868717844429916 ) ) ;
#4997 = CARTESIAN_POINT ( 'NONE',  ( 3.456526291164410125, 0.0000000000000000000, 2.068114642818509985 ) ) ;
#4998 = CARTESIAN_POINT ( 'NONE',  ( -3.333637229839510052, -0.8503901119784420537, 1.300000030463270173 ) ) ;
#4999 = CARTESIAN_POINT ( 'NONE',  ( -5.090603221716749616, -0.09300704056694170108, 9.053321416481379458E-17 ) ) ;
#5000 = CARTESIAN_POINT ( 'NONE',  ( 3.149310191193159802, -3.792975203677592658E-15, 0.4375737613765570133 ) ) ;
#5001 = CARTESIAN_POINT ( 'NONE',  ( 5.879319783451700587, -0.5219814268306189886, -3.852644146010529899E-16 ) ) ;
#5002 = CARTESIAN_POINT ( 'NONE',  ( -3.456526291164410125, -0.7681146123552399230, 2.068114642818509985 ) ) ;
#5003 = CARTESIAN_POINT ( 'NONE',  ( -5.060533293990751247, 0.1736401137522480265, 0.08504003497890269547 ) ) ;
#5004 = CARTESIAN_POINT ( 'NONE',  ( 6.236071521687260422, -0.5012775156002110544, 0.1000000000000999950 ) ) ;
#5005 = CARTESIAN_POINT ( 'NONE',  ( -5.001475595028580301, -0.03805829015001380156, 0.09999999999866479583 ) ) ;
#5006 = CARTESIAN_POINT ( 'NONE',  ( 5.060159486420180208, 0.1732058887278900006, 0.09999999998755761121 ) ) ;
#5007 = CARTESIAN_POINT ( 'NONE',  ( -5.494938181979860836, -0.5433329124702379609, 0.09999999999999920064 ) ) ;
#5008 = CARTESIAN_POINT ( 'NONE',  ( 5.225000029057262019, 0.0000000000000000000, 0.7999999709427351169 ) ) ;
#5009 = CARTESIAN_POINT ( 'NONE',  ( 5.141443103057319775, 0.1149390542597820003, 4.894318170722950028E-17 ) ) ;
#5010 = CARTESIAN_POINT ( 'NONE',  ( -5.149695184300856710, 0.0000000000000000000, 1.524999999999999023 ) ) ;
#5011 = CARTESIAN_POINT ( 'NONE',  ( 5.058840814496550209, -0.1596767395666010003, 0.05516503351825070151 ) ) ;
#5012 = CARTESIAN_POINT ( 'NONE',  ( -6.243906277957980144, 0.4898849362556780274, 0.1000000000000989958 ) ) ;
#5013 = CARTESIAN_POINT ( 'NONE',  ( -6.113412935379169966, -0.5737445108614149802, 0.09999999999985240140 ) ) ;
#5014 = CARTESIAN_POINT ( 'NONE',  ( 5.407663128213309633, 0.4976752771841810308, 0.07756005247152880644 ) ) ;
#5015 = ORIENTED_EDGE ( 'NONE', *, *, #2886, .F. ) ;
#5016 = CARTESIAN_POINT ( 'NONE',  ( 3.498961390185070019, 0.0000000000000000000, 1.960039001642569945 ) ) ;
#5017 = B_SPLINE_CURVE_WITH_KNOTS ( 'NONE', 5,
 ( #2513, #884, #4969, #4938, #2076, #4220, #3722, #3386, #2963, #4247, #1670, #4616, #105, #557, #3752, #5055, #1247, #4587, #157, #4193, #3360, #3308, #1352, #1697, #1749, #506, #3805, #2134, #78, #1276, #2989, #4531, #2910, #3334, #3779, #5024, #937, #132, #4560, #4640 ),
 .UNSPECIFIED., .F., .F.,
 ( 6, 1, 1, 1, 1, 1, 1, 1, 1, 1, 1, 1, 1, 1, 1, 1, 1, 1, 1, 1, 1, 1, 1, 1, 1, 1, 1, 1, 1, 1, 1, 1, 1, 1, 1, 6 ),
 ( 0.0000000000000000000, 5.872252250770405315E-05, 0.0001174450450154101527, 0.0001761675675231160355, 0.0002348900900308200886, 0.0002936126125385262018, 0.0003523351350462302278, 0.0004110576575539361512, 0.0004697801800616401772, 0.0005285027025693462633, 0.0005872252250770524035, 0.0006459477475847562669, 0.0007046702700924622987, 0.0007633927926001663790, 0.0008221153151078725192, 0.0008808378376155764911, 0.0009395603601232824145, 0.0009982828826309885547, 0.001057005405138692527, 0.001115727927646398450, 0.001174450450154102422, 0.001233172972661808562, 0.001291895495169514702, 0.001350618017677218674, 0.001409340540184924597, 0.001468063062692628786, 0.001526785585200334710, 0.001585508107708038898, 0.001644230630215745038, 0.001702953152723450745, 0.001761675675231154934, 0.001820398197738861074, 0.001879120720246565479, 0.001937843242754270969, 0.001996565765261975808, 0.002055288287769681081 ),
 .UNSPECIFIED. ) ;
#5018 = CARTESIAN_POINT ( 'NONE',  ( -5.116369034276040395, -0.07776413039145689543, 9.053321416481379458E-17 ) ) ;
#5019 = CARTESIAN_POINT ( 'NONE',  ( -5.784188885380141087, 0.5233681617290509847, -4.653726451994789848E-16 ) ) ;
#5020 = CARTESIAN_POINT ( 'NONE',  ( -2.256433125465449940, -0.8995863759936900683, 1.300000030463270173 ) ) ;
#5021 = CARTESIAN_POINT ( 'NONE',  ( 2.475120692249380028, 0.8791444960728619362, 0.4208555343904120671 ) ) ;
#5022 = CARTESIAN_POINT ( 'NONE',  ( 5.121930140671280718, 0.2530289083352100232, 0.09999999999999939493 ) ) ;
#5023 = CARTESIAN_POINT ( 'NONE',  ( -6.300106859616869670, -0.3706340944707010032, 0.07756005247428089666 ) ) ;
#5024 = CARTESIAN_POINT ( 'NONE',  ( 6.337018543290589889, -0.2254406790683469997, 0.1999999999999987621 ) ) ;
#5025 = CARTESIAN_POINT ( 'NONE',  ( -6.237622175689071291, 0.3138696442837919931, -9.146617210432050857E-16 ) ) ;
#5026 = CARTESIAN_POINT ( 'NONE',  ( 3.481874671466670179, 0.0000000000000000000, 2.025787487851350210 ) ) ;
#5027 = CARTESIAN_POINT ( 'NONE',  ( -3.494287647928740359, 0.0000000000000000000, 1.988731239045399946 ) ) ;
#5028 = CARTESIAN_POINT ( 'NONE',  ( 5.315793353420559697, -0.3377244161869730199, -1.545870106474680250E-16 ) ) ;
#5029 = CARTESIAN_POINT ( 'NONE',  ( -3.333637229839509608, 0.8503901119784410545, 2.150390142441719998 ) ) ;
#5030 = CARTESIAN_POINT ( 'NONE',  ( -5.473933108880819631, 0.5240393556806099973, 0.05516503351974789970 ) ) ;
#5031 = CARTESIAN_POINT ( 'NONE',  ( 6.279919930034229658, 7.548844887834470261E-08, -6.245004513516510470E-16 ) ) ;
#5032 = CARTESIAN_POINT ( 'NONE',  ( 6.098922876873214882, -0.4744357819383295816, -5.286372195207785913E-16 ) ) ;
#5033 = CARTESIAN_POINT ( 'NONE',  ( -5.577444020907750044, -0.5719321550693790002, 0.09999999999999920064 ) ) ;
#5034 = CARTESIAN_POINT ( 'NONE',  ( -2.967264452589999824, 0.0000000000000000000, 0.4529163876579629933 ) ) ;
#5035 = CARTESIAN_POINT ( 'NONE',  ( 5.099998229519309589, 0.0006493736691354240085, 6.939031179150949849E-17 ) ) ;
#5036 = CARTESIAN_POINT ( 'NONE',  ( -5.000000029057262374, -0.4499999999999999556, 0.9610912583114851193 ) ) ;
#5037 = CARTESIAN_POINT ( 'NONE',  ( 5.065914510208320287, -0.1694326189163989915, 0.05516503351816560291 ) ) ;
#5038 = CARTESIAN_POINT ( 'NONE',  ( -6.231005880542920039, 0.5079800541854090357, 0.1000000000000999950 ) ) ;
#5039 = MECHANICAL_DESIGN_GEOMETRIC_PRESENTATION_REPRESENTATION (  '', ( #2017 ), #1077 ) ;
#5040 = CARTESIAN_POINT ( 'NONE',  ( -5.571669617665360619, -0.5681346885902990307, 0.09999999999849959464 ) ) ;
#5041 = CARTESIAN_POINT ( 'NONE',  ( 5.065525030862580103, 0.1805304728479119880, 0.07756005246196680247 ) ) ;
#5042 = VERTEX_POINT ( 'NONE', #73 ) ;
#5043 = CARTESIAN_POINT ( 'NONE',  ( -4.999999960734370141, 2.299150617883967936E-11, 0.09999999999999951983 ) ) ;
#5044 = CARTESIAN_POINT ( 'NONE',  ( -5.141896626539219639, -0.1155626343416469998, 6.950945257226709828E-17 ) ) ;
#5045 = CARTESIAN_POINT ( 'NONE',  ( -6.250000022383980003, 0.02078032849269730031, -1.214153806536200041E-15 ) ) ;
#5046 = CIRCLE ( 'NONE', #4274, 0.9003661125554331957 ) ;
#5047 = CARTESIAN_POINT ( 'NONE',  ( 6.243669523396249588, 0.4921029752861800777, 0.0000000000000000000 ) ) ;
#5048 = EDGE_CURVE ( 'NONE', #2039, #2228, #3388, .T. ) ;
#5049 = CARTESIAN_POINT ( 'NONE',  ( -4.724999999999999645, 0.0000000000000000000, 0.7999999709427361161 ) ) ;
#5050 = STYLED_ITEM ( 'NONE', ( #1146 ), #2818 ) ;
#5051 = CARTESIAN_POINT ( 'NONE',  ( 2.644399860962149962, -0.8554816188591789494, 0.4445184116040949984 ) ) ;
#5052 = CARTESIAN_POINT ( 'NONE',  ( -5.844579270466050858, 0.6013843938243179643, 0.1999999999999987621 ) ) ;
#5053 = CARTESIAN_POINT ( 'NONE',  ( -5.883494791582999817, -0.5994359105045861114, 0.07756005247389080592 ) ) ;
#5054 = CARTESIAN_POINT ( 'NONE',  ( 6.153655414889610320, -0.5624788634339560334, 0.08504003498299529673 ) ) ;
#5055 = CARTESIAN_POINT ( 'NONE',  ( 5.577444020907750044, -0.5719321550693790002, 0.1999999999999987621 ) ) ;
#5056 = CARTESIAN_POINT ( 'NONE',  ( -5.092854377978530245, 0.1496033901006179889, 0.01308868717700690035 ) ) ;
#5057 = CARTESIAN_POINT ( 'NONE',  ( 2.199999969434429659, 1.102630477801739932E-16, 2.200366143018689158 ) ) ;
#5058 = CARTESIAN_POINT ( 'NONE',  ( -5.070076006184610407, -0.001979963950520689884, 1.040877388392229976E-16 ) ) ;
#5059 = CARTESIAN_POINT ( 'NONE',  ( 6.129855229371229619, -0.4885786734137100296, -5.432909051166139880E-16 ) ) ;
#5060 = CARTESIAN_POINT ( 'NONE',  ( -6.269680175019420432, 0.4274199070653090238, 0.05516503352022159717 ) ) ;
#5061 = CARTESIAN_POINT ( 'NONE',  ( 5.148581765549709921, -0.2819076879839059746, 0.09999999999672880280 ) ) ;
#5062 = CARTESIAN_POINT ( 'NONE',  ( -5.007286067358699633, -0.07396672265262910217, 0.09999999999787340110 ) ) ;
#5063 = CARTESIAN_POINT ( 'NONE',  ( 5.121930140671279830, -0.2530289083352100232, 0.1000000000000000333 ) ) ;
#5064 = CARTESIAN_POINT ( 'NONE',  ( -2.644399860962149962, 0.8554816188591789494, 0.4445184116040949984 ) ) ;
#5065 = CARTESIAN_POINT ( 'NONE',  ( 5.067815548083189903, -0.1720409430445569987, 0.05516503351816699763 ) ) ;
#5066 = CARTESIAN_POINT ( 'NONE',  ( -5.916223481564190756, 0.5973844828928419615, 0.09999999999993250399 ) ) ;
#5067 = CARTESIAN_POINT ( 'NONE',  ( -6.126757070586619669, -0.5705552780508300614, 0.09999999999985489940 ) ) ;
#5068 = CARTESIAN_POINT ( 'NONE',  ( 5.287507103013679988, 0.4149885943033089775, 0.07756005247010250292 ) ) ;
#5069 = EDGE_LOOP ( 'NONE', ( #4423, #1866, #1740, #2748 ) ) ;
#5070 = CARTESIAN_POINT ( 'NONE',  ( 6.350000028353020021, 0.02632166237988979932, 0.2000000000000008993 ) ) ;
#5071 = CARTESIAN_POINT ( 'NONE',  ( -6.260678036505010091, -0.2447569729748380052, -8.334256893470960206E-16 ) ) ;
#5072 = CARTESIAN_POINT ( 'NONE',  ( -6.163505955501920042, 0.4299810319261990199, -8.511533425868629787E-16 ) ) ;
#5073 = CARTESIAN_POINT ( 'NONE',  ( -2.917476980842439893, 0.0000000000000000000, 0.4563077025750519877 ) ) ;
#5074 = CARTESIAN_POINT ( 'NONE',  ( 2.794526764258589591, 0.8426655970424189457, 2.142665627505690118 ) ) ;
#5075 = CARTESIAN_POINT ( 'NONE',  ( -5.000212412783009874, 0.02148594358049080166, 0.1999999999999987621 ) ) ;
#5076 = CARTESIAN_POINT ( 'NONE',  ( -5.746870166009830250, -0.5991851006367510113, 0.07756005247354640086 ) ) ;
#5077 = CARTESIAN_POINT ( 'NONE',  ( 5.000000029057263262, -0.4500000000000000111, 0.7999999709427350059 ) ) ;
#5078 = CARTESIAN_POINT ( 'NONE',  ( -5.094818198765530326, 0.1522985017652319917, 0.01308868717700789955 ) ) ;
#5079 = CARTESIAN_POINT ( 'NONE',  ( 5.194136225563010356, 0.2276583999855530394, 3.719259115534159905E-18 ) ) ;
#5080 = CARTESIAN_POINT ( 'NONE',  ( -5.078925284335450208, -0.06943810257302421296, 9.819797871814480294E-17 ) ) ;
#5081 = CARTESIAN_POINT ( 'NONE',  ( 6.123818540111169995, -0.4906826991358390622, -5.399413477096390041E-16 ) ) ;
#5082 = CARTESIAN_POINT ( 'NONE',  ( -3.422270755428200140, 0.8041145948577490543, 0.4958854356055250046 ) ) ;
#5083 = CARTESIAN_POINT ( 'NONE',  ( -6.151361707283520275, 0.5560296150557939576, 0.05516503352022129880 ) ) ;
#5084 = CARTESIAN_POINT ( 'NONE',  ( 5.291911295198290510, -0.4185888753187619882, 0.09999999999830980202 ) ) ;
#5085 = CARTESIAN_POINT ( 'NONE',  ( -5.043232054706580314, -0.1494829077018069996, 0.09999999999429799724 ) ) ;
#5086 = CARTESIAN_POINT ( 'NONE',  ( -2.859815149085939812, -0.8418128730077889532, 1.300000030463270173 ) ) ;
#5087 = CARTESIAN_POINT ( 'NONE',  ( 5.066389687684480059, -0.1700863869672410156, 0.05516503351816570005 ) ) ;
#5088 = CARTESIAN_POINT ( 'NONE',  ( -5.347837077290600760, 0.4600946371921539879, 0.09999999999869921274 ) ) ;
#5089 = B_SPLINE_CURVE_WITH_KNOTS ( 'NONE', 5,
 ( #3221, #790, #4983, #4868, #4066, #439, #1234, #390, #2448, #2009, #2868, #2088, #4519, #4897, #1289, #843, #3735, #2474, #466, #4124, #4097, #2061, #415, #899, #3707, #1262, #1209, #4546, #869, #2500, #2528, #4152, #2120, #63, #1683, #2923, #4575, #4180, #494, #3765 ),
 .UNSPECIFIED., .F., .F.,
 ( 6, 1, 1, 1, 1, 1, 1, 1, 1, 1, 1, 1, 1, 1, 1, 1, 1, 1, 1, 1, 1, 1, 1, 1, 1, 1, 1, 1, 1, 1, 1, 1, 1, 1, 1, 6 ),
 ( 0.0000000000000000000, 5.848241061587103725E-05, 0.0001169648212317418712, 0.0001754472318476129288, 0.0002339296424634833629, 0.0002924120530793551795, 0.0003508944636952250444, 0.0004093768743110969151, 0.0004678592849269687859, 0.0005263416955428385424, 0.0005848241061587103589, 0.0006433065167745802239, 0.0007017889273904521488, 0.0007602713380063219053, 0.0008187537486221938303, 0.0008772361592380656468, 0.0009357185698539355117, 0.0009942009804698073282, 0.001052683391085677085, 0.001111165801701549010, 0.001169648212317420718, 0.001228130622933290691, 0.001286613033549162616, 0.001345095444165032373, 0.001403577854780904298, 0.001462060265396773837, 0.001520542676012645762, 0.001579025086628517687, 0.001637507497244387661, 0.001695989907860259369, 0.001754472318476129125, 0.001812954729092001050, 0.001871437139707871023, 0.001929919550323742732, 0.001988401960939614656, 0.002046884371555484413 ),
 .UNSPECIFIED. ) ;
#5090 = CARTESIAN_POINT ( 'NONE',  ( -6.074475007666480408, -0.5809532561304180387, 0.09999999999983251453 ) ) ;
#5091 = CARTESIAN_POINT ( 'NONE',  ( 5.061056710815510229, 0.1744403829567839903, 0.07756005246192010372 ) ) ;
#5092 = ORIENTED_EDGE ( 'NONE', *, *, #2465, .T. ) ;
#5093 = CARTESIAN_POINT ( 'NONE',  ( -5.124048205518249688, 0.1291709513372130136, -1.131433761221150311E-16 ) ) ;
#5094 = CARTESIAN_POINT ( 'NONE',  ( 6.262220585892830371, 0.4599031054947679831, 0.0000000000000000000 ) ) ;
#5095 = CARTESIAN_POINT ( 'NONE',  ( -2.794526764258590479, 0.8426655970424190567, 1.300000030463270173 ) ) ;
#5096 = CARTESIAN_POINT ( 'NONE',  ( 5.075408138027789562, 0.1631660490966989896, 0.02507684311766189902 ) ) ;
#5097 = CARTESIAN_POINT ( 'NONE',  ( 3.009674527917810316, -0.8508116070344400317, 1.300000030463270173 ) ) ;
#5098 = CARTESIAN_POINT ( 'NONE',  ( -6.221934470148259955, -0.2822270964071890154, -8.256413586361190472E-16 ) ) ;
#5099 = CARTESIAN_POINT ( 'NONE',  ( 6.076212467335332157, 0.4791050451623518613, -5.148996592975985527E-16 ) ) ;
#5100 = DIRECTION ( 'NONE',  ( -1.000000000000000000, 0.0000000000000000000, 0.0000000000000000000 ) ) ;
#5101 = CARTESIAN_POINT ( 'NONE',  ( -5.103951559156570283, 0.1645997419254980054, 0.01308868717701919954 ) ) ;
#5102 = CARTESIAN_POINT ( 'NONE',  ( 5.120877622509319771, 0.1375003214405789986, 4.682238776071879775E-17 ) ) ;
#5103 = DIRECTION ( 'NONE',  ( 0.0000000000000000000, 0.0000000000000000000, 1.000000000000000000 ) ) ;
#5104 = CARTESIAN_POINT ( 'NONE',  ( -3.494287647928740359, -0.6887312085821259977, 1.300000030463270173 ) ) ;
#5105 = CARTESIAN_POINT ( 'NONE',  ( -6.308213122262950279, -0.2710810271670029969, 0.02507684312138239863 ) ) ;
#5106 = CARTESIAN_POINT ( 'NONE',  ( 5.077560688373269571, 7.841616502879240566E-05, -3.976123489791499795E-16 ) ) ;
#5107 = ADVANCED_FACE ( 'NONE', ( #2128 ), #548, .F. ) ;
#5108 = CARTESIAN_POINT ( 'NONE',  ( -3.499999995479639914, -0.6406317572097729451, 0.6593682732535010027 ) ) ;
#5109 = CARTESIAN_POINT ( 'NONE',  ( -5.816224609676240220, 0.5945676660898659982, 0.05516503352009620442 ) ) ;
#5110 = CARTESIAN_POINT ( 'NONE',  ( -2.199999969536729605, -0.9003661125554339728, 0.3996339179078400305 ) ) ;
#5111 = CARTESIAN_POINT ( 'NONE',  ( 4.999974409514909901, -0.007290673741145800232, 0.1000000000000000333 ) ) ;
#5112 = CARTESIAN_POINT ( 'NONE',  ( -3.009674527917810316, 0.0000000000000000000, 2.150811637497710205 ) ) ;
#5113 = CARTESIAN_POINT ( 'NONE',  ( 6.264871109838990648, 0.2212950910063629928, -6.129188263654029770E-16 ) ) ;
#5114 = CARTESIAN_POINT ( 'NONE',  ( -5.000000029057260598, 2.755455298081545086E-17, 0.7999999709427363381 ) ) ;
#5115 = CARTESIAN_POINT ( 'NONE',  ( 6.256241521367489788, -0.3740897381042689873, 0.01308868717844519948 ) ) ;
#5116 = CARTESIAN_POINT ( 'NONE',  ( -6.046628595638130044, 0.5848619779854820067, 0.1000000000000449973 ) ) ;
#5117 = CARTESIAN_POINT ( 'NONE',  ( -6.183473454849290007, -0.5503123482443450509, 0.09999999999987090049 ) ) ;
#5118 = CARTESIAN_POINT ( 'NONE',  ( 5.060139547242280322, 0.1731784102289760097, 0.07756005246191649549 ) ) ;
#5119 = EDGE_LOOP ( 'NONE', ( #3191, #3136 ) ) ;
#5120 = CARTESIAN_POINT ( 'NONE',  ( 6.247757119670610315, 0.09469484637663840021, -6.220355027640040043E-16 ) ) ;
#5121 = CARTESIAN_POINT ( 'NONE',  ( -6.200338252453239996, 0.3530525155433220097, -8.705516049918700218E-16 ) ) ;
#5122 = CARTESIAN_POINT ( 'NONE',  ( 6.320777426967040036, 0.3056012506868709955, 0.0000000000000000000 ) ) ;
#5123 = CARTESIAN_POINT ( 'NONE',  ( -2.967264452590000268, 0.8470836428053101219, 0.4529163876579629933 ) ) ;
#5124 = CARTESIAN_POINT ( 'NONE',  ( 2.967264452589999824, 0.0000000000000000000, 2.147083673268579851 ) ) ;
#5125 = CIRCLE ( 'NONE', #3134, 0.9003661125554331957 ) ;
#5126 = CARTESIAN_POINT ( 'NONE',  ( 5.301748148156061546, 0.2952496212552420118, -4.642505043235134234E-17 ) ) ;
#5127 = CARTESIAN_POINT ( 'NONE',  ( -3.422270755428200140, 0.0000000000000000000, 2.104114625321019894 ) ) ;
#5128 = CARTESIAN_POINT ( 'NONE',  ( 3.422270755428200140, 0.0000000000000000000, 2.104114625321019894 ) ) ;
#5129 = CARTESIAN_POINT ( 'NONE',  ( 5.043232054706580314, 0.1494829077018069996, 0.09999999999429799724 ) ) ;
#5130 = CARTESIAN_POINT ( 'NONE',  ( 6.067120671245721297, -0.5823399928957599947, 0.2000000000000000111 ) ) ;
#5131 = DIRECTION ( 'NONE',  ( -1.000000000000000000, -0.0000000000000000000, 5.874195897487600417E-17 ) ) ;
#5132 = CARTESIAN_POINT ( 'NONE',  ( -6.192202161977790276, -0.5217777963151529752, 0.02507684312135950028 ) ) ;
#5133 = CARTESIAN_POINT ( 'NONE',  ( -3.498961390185080234, 0.0000000000000000000, 1.960039001642569945 ) ) ;
#5134 = CARTESIAN_POINT ( 'NONE',  ( -6.233664016840241295, 0.4928827869971729725, 0.05516503352022630868 ) ) ;
#5135 = CARTESIAN_POINT ( 'NONE',  ( -2.385652428381599854, -0.8904619225971830421, 1.300000030463270173 ) ) ;
#5136 = CARTESIAN_POINT ( 'NONE',  ( -5.180316525110471026, 0.3182787896309660081, 0.0000000000000000000 ) ) ;
#5137 = CARTESIAN_POINT ( 'NONE',  ( -2.794526764258589591, 0.8426655970424189457, 0.4573344334208550022 ) ) ;
#5138 = CARTESIAN_POINT ( 'NONE',  ( -5.844579270466050858, -0.6013843938243179643, 0.2000000000000000111 ) ) ;
#5139 = CARTESIAN_POINT ( 'NONE',  ( 6.199329263111369670, -0.4831091312188310338, 0.01308868717844999946 ) ) ;
#5140 = CARTESIAN_POINT ( 'NONE',  ( -5.407652235179510214, 0.4976415274400370348, 0.09999999999899560066 ) ) ;
#5141 = CARTESIAN_POINT ( 'NONE',  ( -5.128374475751609651, -0.2589302027705729925, 0.09999999999004570428 ) ) ;
#5142 = CARTESIAN_POINT ( 'NONE',  ( 5.090351156260649823, 0.2129260958719499941, 0.07756005246299579881 ) ) ;
#5143 = EDGE_LOOP ( 'NONE', ( #1525, #2871, #5015, #1002 ) ) ;
#5144 = CARTESIAN_POINT ( 'NONE',  ( 3.500000000000000000, 0.6308584043937628394, 0.6691416260695111085 ) ) ;
#5145 = CARTESIAN_POINT ( 'NONE',  ( -6.184988896962729577, 0.3886854962444949990, -8.551920068511900402E-16 ) ) ;
#5146 = CARTESIAN_POINT ( 'NONE',  ( -2.794526764258590479, -0.8426655970424190567, 1.300000030463270173 ) ) ;
#5147 = CARTESIAN_POINT ( 'NONE',  ( 5.076895689549470347, 0.1652066683576610129, 0.02507684311766539970 ) ) ;
#5148 = CARTESIAN_POINT ( 'NONE',  ( 2.967264452590000268, 0.8470836428053101219, 0.4529163876579629933 ) ) ;
#5149 = CARTESIAN_POINT ( 'NONE',  ( -6.181986108159549964, -0.3957813595040590160, -7.921686816667240097E-16 ) ) ;
#5150 = CARTESIAN_POINT ( 'NONE',  ( 5.886559853638220652, 0.4992336944822678979, -4.001785135691782873E-16 ) ) ;
#5151 = CARTESIAN_POINT ( 'NONE',  ( -2.475120692249380028, 0.0000000000000000000, 2.179144526536139992 ) ) ;
#5152 = CARTESIAN_POINT ( 'NONE',  ( 3.456526291164410125, 0.7681146123552399230, 0.5318854181080340249 ) ) ;
#5153 = CARTESIAN_POINT ( 'NONE',  ( 5.286887488770520171, 0.3222013697078819905, -5.081434016383680329E-17 ) ) ;
#5154 = CARTESIAN_POINT ( 'NONE',  ( 5.789270952678809756, -0.6017536333715920449, 0.0000000000000000000 ) ) ;
#5155 = PRESENTATION_STYLE_ASSIGNMENT (( #636 ) ) ;
#5156 = CARTESIAN_POINT ( 'NONE',  ( 6.151380831816269712, -0.4475183645554730028, -6.168436779119629940E-16 ) ) ;
#5157 = CARTESIAN_POINT ( 'NONE',  ( -3.494287647928740359, 0.6887312085821259977, 1.300000030463270173 ) ) ;
#5158 = CARTESIAN_POINT ( 'NONE',  ( -5.080004822833870115, 0.1883900144166960056, 0.05516503351820299661 ) ) ;
#5159 = CARTESIAN_POINT ( 'NONE',  ( -2.385652428381599854, 0.8904619225971830421, 1.300000030463270173 ) ) ;
#5160 = CARTESIAN_POINT ( 'NONE',  ( -5.249864402188619827, 0.3858697217414899794, 0.0000000000000000000 ) ) ;
#5161 = CARTESIAN_POINT ( 'NONE',  ( -3.046257705760219814, 0.0000000000000000000, 2.154153724081920185 ) ) ;
#5162 = CARTESIAN_POINT ( 'NONE',  ( -5.331561328156570134, -0.3604717770907420182, -1.031057704092030050E-16 ) ) ;
#5163 = CARTESIAN_POINT ( 'NONE',  ( -5.577444020907750044, -0.5719321550693790002, 0.2000000000000000111 ) ) ;
#5164 = CARTESIAN_POINT ( 'NONE',  ( 5.671251816059400319, -0.5501973656776310007, 0.01308868717830720223 ) ) ;
#5165 = CARTESIAN_POINT ( 'NONE',  ( 2.475120692249380028, 0.8791444960728620472, 1.300000030463270173 ) ) ;
#5166 = CARTESIAN_POINT ( 'NONE',  ( -6.153655414889610320, 0.5624788634339560334, 0.08504003498299511632 ) ) ;
#5167 = ORIENTED_EDGE ( 'NONE', *, *, #537, .T. ) ;
#5168 = CARTESIAN_POINT ( 'NONE',  ( -5.844579270466050858, 0.6013843938243179643, 0.1000000000000000333 ) ) ;
#5169 = CARTESIAN_POINT ( 'NONE',  ( 6.112442607692410768, 0.4708361375036719809, -5.375141782875429837E-16 ) ) ;
#5170 = CARTESIAN_POINT ( 'NONE',  ( -5.580310518175299883, 0.4663281045017810267, -3.127828447148070186E-16 ) ) ;
#5171 = CARTESIAN_POINT ( 'NONE',  ( 5.438944891605039800, -0.5146197988462121176, 0.08504003498196099908 ) ) ;
#5172 = CARTESIAN_POINT ( 'NONE',  ( -2.561655826735730113, 0.0000000000000000000, 0.4332475180310719765 ) ) ;
#5173 = EDGE_CURVE ( 'NONE', #547, #2150, #4962, .T. ) ;
#5174 = CARTESIAN_POINT ( 'NONE',  ( 6.326063598927159859, 0.2748085724573919864, 0.07756005247430700078 ) ) ;
#5175 = CARTESIAN_POINT ( 'NONE',  ( 2.917476980842439893, -0.8436923278882220156, 2.143692358351500626 ) ) ;
#5176 = CARTESIAN_POINT ( 'NONE',  ( -5.847142158872210338, -0.5008787691344439574, -5.144344040829810035E-16 ) ) ;
#5177 = CARTESIAN_POINT ( 'NONE',  ( 6.164436579115951886, 0.4283301726734773940, -5.682665546281796730E-16 ) ) ;
#5178 = DIRECTION ( 'NONE',  ( 1.000000000000000000, 0.0000000000000000000, 0.0000000000000000000 ) ) ;
#5179 = CARTESIAN_POINT ( 'NONE',  ( 3.481874671466670179, -0.7257874573880770397, 1.300000030463270173 ) ) ;
#5180 = CARTESIAN_POINT ( 'NONE',  ( 5.768113592552424507, -0.5000613504930915276, -3.285301955517353324E-16 ) ) ;
#5181 = CARTESIAN_POINT ( 'NONE',  ( 5.982101057793539844, -0.5919109406925260330, 0.2000000000000000111 ) ) ;
#5182 = SURFACE_SIDE_STYLE ('',( #4324 ) ) ;
#5183 = CARTESIAN_POINT ( 'NONE',  ( -6.255871548066430421, -0.4307894447930780135, 0.02507684312136619978 ) ) ;
#5184 = CARTESIAN_POINT ( 'NONE',  ( 6.138712497932069745, -0.4597228192305289896, -5.907617870001550829E-16 ) ) ;
#5185 = CARTESIAN_POINT ( 'NONE',  ( 2.859815149085939812, -0.8418128730077889532, 2.141812903471060014 ) ) ;
#5186 = CARTESIAN_POINT ( 'NONE',  ( -5.195681783849040336, 0.3221298928196090205, 0.05516503351882819789 ) ) ;
#5187 = CARTESIAN_POINT ( 'NONE',  ( -2.561655826735730113, 0.0000000000000000000, 2.166752542895479916 ) ) ;
#5188 = CARTESIAN_POINT ( 'NONE',  ( -5.076590656699489834, 0.1964923183600499890, 0.0000000000000000000 ) ) ;
#5189 = CARTESIAN_POINT ( 'NONE',  ( -3.113135215446409809, -0.8598146433977199576, 2.159814673860989576 ) ) ;
#5190 = CARTESIAN_POINT ( 'NONE',  ( -5.181454239925590066, -0.2131600560056000071, 1.785055305391949896E-17 ) ) ;
#5191 = CARTESIAN_POINT ( 'NONE',  ( 5.848043282865390324, 0.5307885315304881058, -3.769721190528040151E-16 ) ) ;
#5192 = CARTESIAN_POINT ( 'NONE',  ( -6.345819140479379783, -0.1459536405944240056, 0.2000000000000000111 ) ) ;
#5193 = CARTESIAN_POINT ( 'NONE',  ( 5.716025878621110223, -0.5560230121008929993, 0.01308868717832640041 ) ) ;
#5194 = CARTESIAN_POINT ( 'NONE',  ( 2.312275712915440096, 0.0000000000000000000, 2.196932031794080142 ) ) ;
#5195 = CARTESIAN_POINT ( 'NONE',  ( -6.350000023411399575, 0.02173408720314199891, 0.08504003498290479968 ) ) ;
#5196 = CARTESIAN_POINT ( 'NONE',  ( 4.999974409514909901, 0.007290673741145800232, 0.2000000000000000111 ) ) ;
#5197 = CARTESIAN_POINT ( 'NONE',  ( 5.022036008900499837, 0.1135669339204520012, 0.07756005247033509464 ) ) ;
#5198 = ORIENTED_EDGE ( 'NONE', *, *, #807, .T. ) ;
#5199 = CARTESIAN_POINT ( 'NONE',  ( -6.349239909091269674, 0.07678747668518980107, 0.1000000000000000333 ) ) ;
#5200 = CARTESIAN_POINT ( 'NONE',  ( 5.176244751457249826, 0.1602090717788149932, 2.806408896226980207E-17 ) ) ;
#5201 = CARTESIAN_POINT ( 'NONE',  ( -5.909076520468239835, 0.4976273107277789376, -5.653181476498009605E-16 ) ) ;
#5202 = CARTESIAN_POINT ( 'NONE',  ( 6.272351829803679557, 0.4385995219404080214, 0.07756005247425329374 ) ) ;
#5203 = CARTESIAN_POINT ( 'NONE',  ( 3.235639616665010543, -0.8646691662700989323, 2.164669196733370438 ) ) ;
#5204 = CARTESIAN_POINT ( 'NONE',  ( -6.245783778263031216, -0.1256625753085360286, -8.460884490801080082E-16 ) ) ;
#5205 = CARTESIAN_POINT ( 'NONE',  ( -3.499999999999999556, -0.04028511348505293965, 0.6691755034806621261 ) ) ;
#5206 = CARTESIAN_POINT ( 'NONE',  ( 3.235639616665010099, 0.0000000000000000000, 2.164669196733369994 ) ) ;
#5207 = CIRCLE ( 'NONE', #4604, 0.2250000000000003664 ) ;
#5208 = DIRECTION ( 'NONE',  ( 1.000000000000000000, -0.0000000000000000000, 0.0000000000000000000 ) ) ;
#5209 = CARTESIAN_POINT ( 'NONE',  ( 6.024851973780100067, -0.5875604833422150008, 0.2000000000000000111 ) ) ;
#5210 = CARTESIAN_POINT ( 'NONE',  ( -5.447298641466669977, -0.4984277914397830522, 0.02507684312065880036 ) ) ;
#5211 = CARTESIAN_POINT ( 'NONE',  ( 6.216021918934360180, -0.3076575276393400116, -6.959516035242990119E-16 ) ) ;
#5212 = AXIS2_PLACEMENT_3D ( 'NONE', #3219, #1185, #922 ) ;
#5213 = CARTESIAN_POINT ( 'NONE',  ( 2.794526764258590479, 0.0000000000000000000, 0.4573344334208550022 ) ) ;
#5214 = CARTESIAN_POINT ( 'NONE',  ( -3.494287647928740359, -0.6887312085821259977, 1.300000030463270173 ) ) ;
#5215 = CARTESIAN_POINT ( 'NONE',  ( -5.138962095626940396, 0.2606836581779379824, 0.05516503351849010028 ) ) ;
#5216 = CARTESIAN_POINT ( 'NONE',  ( -2.312275712915440096, 0.8969320013308089701, 1.300000030463270173 ) ) ;
#5217 = CARTESIAN_POINT ( 'NONE',  ( -5.655253982674430802, 0.5895555966763510458, 0.0000000000000000000 ) ) ;
#5218 = PRODUCT_DEFINITION_FORMATION_WITH_SPECIFIED_SOURCE ( 'ANY', '', #1508, .NOT_KNOWN. ) ;
#5219 = CARTESIAN_POINT ( 'NONE',  ( -3.190112246994440071, -0.8645113702127029676, 1.300000030463270173 ) ) ;
#5220 = CARTESIAN_POINT ( 'NONE',  ( -5.623070881938129872, -0.5094913643961810346, -3.346666140429039962E-16 ) ) ;
#5221 = CARTESIAN_POINT ( 'NONE',  ( -5.327753741663210363, -0.4490264278117330199, 0.2000000000000000111 ) ) ;
#5222 = CARTESIAN_POINT ( 'NONE',  ( -5.067290825882539984, 0.1828326199078819936, 0.09999999999602229850 ) ) ;
#5223 = FACE_OUTER_BOUND ( 'NONE', #3951, .T. ) ;
#5224 = CARTESIAN_POINT ( 'NONE',  ( -5.093619931113090082, -0.2170370157379959974, 0.09999999998866151985 ) ) ;
#5225 = B_SPLINE_CURVE_WITH_KNOTS ( 'NONE', 5,
 ( #4064, #1206, #5282, #3317, #866, #896, #1630, #1654, #4122, #2840, #4573, #4093, #2865, #388, #2006, #2815, #3265, #4178, #4921, #492, #1231, #2058, #4542, #1577, #4471, #3217, #412, #4149, #4516, #3291 ),
 .UNSPECIFIED., .F., .F.,
 ( 6, 1, 1, 1, 1, 1, 1, 1, 1, 1, 1, 1, 1, 1, 1, 1, 1, 1, 1, 1, 1, 1, 1, 1, 1, 6 ),
 ( 0.0000000000000000000, 0.04000000000000000083, 0.08000000000000000167, 0.1199999999999999956, 0.1600000000000000033, 0.2000000000000000111, 0.2399999999999999911, 0.2800000000000000266, 0.3200000000000000067, 0.3599999999999999867, 0.4000000000000000222, 0.4400000000000000022, 0.4799999999999999822, 0.5200000000000000178, 0.5600000000000000533, 0.5999999999999999778, 0.6400000000000000133, 0.6800000000000000488, 0.7199999999999999734, 0.7600000000000000089, 0.8000000000000000444, 0.8399999999999999689, 0.8800000000000000044, 0.9200000000000000400, 0.9599999999999999645, 1.000000000000000000 ),
 .UNSPECIFIED. ) ;
#5226 = CARTESIAN_POINT ( 'NONE',  ( 6.318978299419439892, 0.3063807317066439828, 0.09999999999994471644 ) ) ;
#5227 = ORIENTED_EDGE ( 'NONE', *, *, #2726, .T. ) ;
#5228 = FACE_OUTER_BOUND ( 'NONE', #3821, .T. ) ;
#5229 = CARTESIAN_POINT ( 'NONE',  ( 5.168743065532701131, 0.1508262616984830107, 3.258938984004700255E-17 ) ) ;
#5230 = CARTESIAN_POINT ( 'NONE',  ( -5.112039907048299803, 0.06972668003273480020, -2.043070203868039967E-16 ) ) ;
#5231 = CARTESIAN_POINT ( 'NONE',  ( 5.071771894448530382, -0.1888206296083060065, 0.08504003497893761199 ) ) ;
#5232 = CARTESIAN_POINT ( 'NONE',  ( -3.149310191193160247, 0.0000000000000000000, 2.162426299549990105 ) ) ;
#5233 = CARTESIAN_POINT ( 'NONE',  ( 3.149310191193160247, 0.0000000000000000000, 0.4375737613765570133 ) ) ;
#5234 = CARTESIAN_POINT ( 'NONE',  ( -5.145351507955889581, -0.1202762236655190026, 6.665354309879979586E-17 ) ) ;
#5235 = CARTESIAN_POINT ( 'NONE',  ( 6.250000200449850496, 0.1860922920587520235, -6.200241153637992931E-16 ) ) ;
#5236 = CARTESIAN_POINT ( 'NONE',  ( -5.150591718735050506, -0.1284055097765718356, 6.153166052123377417E-17 ) ) ;
#5237 = CARTESIAN_POINT ( 'NONE',  ( 3.333637229839509608, -0.8503901119784410545, 2.150390142441719998 ) ) ;
#5238 = CARTESIAN_POINT ( 'NONE',  ( 6.293753187990509979, 0.3304191417300880174, 0.02507684312137820060 ) ) ;
#5239 = ORIENTED_EDGE ( 'NONE', *, *, #404, .F. ) ;
#5240 = CARTESIAN_POINT ( 'NONE',  ( -5.679131270249669683, -0.5734634056629349663, 0.02507684312109929869 ) ) ;
#5241 = CARTESIAN_POINT ( 'NONE',  ( 5.110084829735120238, -0.06560754769346660575, -2.402925648953470374E-16 ) ) ;
#5242 =( NAMED_UNIT ( * ) PLANE_ANGLE_UNIT ( ) SI_UNIT ( $, .RADIAN. ) );
#5243 = CARTESIAN_POINT ( 'NONE',  ( -6.243923019648869754, 0.4031143959560160028, 0.01308868717844599919 ) ) ;
#5244 = CARTESIAN_POINT ( 'NONE',  ( -5.494938181979860836, 0.5433329124702379609, 0.2000000000000000111 ) ) ;
#5245 = CARTESIAN_POINT ( 'NONE',  ( -3.190112246994440071, 0.0000000000000000000, 2.164511400675980468 ) ) ;
#5246 = CARTESIAN_POINT ( 'NONE',  ( 5.500303137481069804, 0.4665466372227869973, -1.754026972800720215E-16 ) ) ;
#5247 = CARTESIAN_POINT ( 'NONE',  ( -6.067120671245721297, -0.5823399928957599947, 0.0000000000000000000 ) ) ;
#5248 = CARTESIAN_POINT ( 'NONE',  ( 5.427635314861889881, -0.4626520192061679970, 0.01308868717806170069 ) ) ;
#5249 = CARTESIAN_POINT ( 'NONE',  ( -6.231005880542920039, 0.5079800541854090357, 0.08504003498300570507 ) ) ;
#5250 = CARTESIAN_POINT ( 'NONE',  ( 5.004801479821759713, 0.06614013873328339344, 0.2000000000000000111 ) ) ;
#5251 = CARTESIAN_POINT ( 'NONE',  ( 5.004697702121511327, 0.06055453927563619887, 0.07756005247237049427 ) ) ;
#5252 = VERTEX_POINT ( 'NONE', #1118 ) ;
#5253 = CARTESIAN_POINT ( 'NONE',  ( -5.180316525110471026, 0.3182787896309660081, 0.1000000000000000333 ) ) ;
#5254 = CARTESIAN_POINT ( 'NONE',  ( 5.151658632878080013, 0.1287370318862960106, 4.279177024633240240E-17 ) ) ;
#5255 = CARTESIAN_POINT ( 'NONE',  ( -5.878117530168189830, 0.4995722929366520071, -5.315034968914230191E-16 ) ) ;
#5256 = CARTESIAN_POINT ( 'NONE',  ( 5.060240867539709697, -0.1732375215740130092, 0.08504003497890250118 ) ) ;
#5257 = CARTESIAN_POINT ( 'NONE',  ( -3.079716191379540557, 0.0000000000000000000, 2.157083300382910185 ) ) ;
#5258 = CARTESIAN_POINT ( 'NONE',  ( 5.019639896500530440, 0.03634184738765319778, 0.02507684312099750165 ) ) ;
#5259 = CARTESIAN_POINT ( 'NONE',  ( 3.235639616665010099, 0.0000000000000000000, 0.4353308641931740719 ) ) ;
#5260 = CARTESIAN_POINT ( 'NONE',  ( 5.450000029057263440, 0.4499999999999999556, 1.224695155243591627 ) ) ;
#5261 = CARTESIAN_POINT ( 'NONE',  ( -5.717461796185395073, -0.4958665693155319687, -4.072393277498020842E-16 ) ) ;
#5262 = CARTESIAN_POINT ( 'NONE',  ( -6.280859231101531215, 0.4191720698426770197, 0.1000000000000890038 ) ) ;
#5263 = CARTESIAN_POINT ( 'NONE',  ( 6.109519152008109799, 0.5559215422840240173, 0.02507684312135390059 ) ) ;
#5264 = CARTESIAN_POINT ( 'NONE',  ( 5.141615277261334604, -0.1152220731008448545, 5.043955933866518271E-17 ) ) ;
#5265 = CARTESIAN_POINT ( 'NONE',  ( -4.724999999999999645, 0.0000000000000000000, 1.300000000000000266 ) ) ;
#5266 = DIRECTION ( 'NONE',  ( 0.0000000000000000000, 0.0000000000000000000, 1.000000000000000000 ) ) ;
#5267 = CARTESIAN_POINT ( 'NONE',  ( -5.095038606830380346, -0.1893335511216480138, 0.02507684311785660092 ) ) ;
#5268 = CARTESIAN_POINT ( 'NONE',  ( 5.992823688399200321, -0.4903832806289240009, -4.582642582622300440E-16 ) ) ;
#5269 = CARTESIAN_POINT ( 'NONE',  ( 3.190112246994440959, -0.8645113702127030786, 0.4354886602505709803 ) ) ;
#5270 =( NAMED_UNIT ( * ) SI_UNIT ( $, .STERADIAN. ) SOLID_ANGLE_UNIT ( ) );
#5271 = CARTESIAN_POINT ( 'NONE',  ( -6.220972629540489685, 0.4499484846714150166, 0.01308868717844880250 ) ) ;
#5272 = CARTESIAN_POINT ( 'NONE',  ( -5.938877072330189577, 0.5957456569946210090, 0.2000000000000000111 ) ) ;
#5273 = CARTESIAN_POINT ( 'NONE',  ( -3.079716191379540557, -0.8570832699196331284, 2.157083300382910629 ) ) ;
#5274 = CARTESIAN_POINT ( 'NONE',  ( -6.006328239394109758, -0.5189464972408609489, -6.439083232397800023E-16 ) ) ;
#5275 = EDGE_CURVE ( 'NONE', #419, #1046, #640, .T. ) ;
#5276 = CARTESIAN_POINT ( 'NONE',  ( 5.310932473527239850, 0.3434119031951950451, -6.498148349842689739E-17 ) ) ;
#5277 = CARTESIAN_POINT ( 'NONE',  ( -2.199999969548116496, 0.0000000000000000000, 1.300000030463270173 ) ) ;
#5278 = CARTESIAN_POINT ( 'NONE',  ( 5.049851961678601064, -0.07629351742200719821, 0.01308868717777450161 ) ) ;
#5279 = CARTESIAN_POINT ( 'NONE',  ( -6.213616970357841218, 0.5281006757949060493, 0.08504003498300261032 ) ) ;
#5280 = CARTESIAN_POINT ( 'NONE',  ( 5.001436930307090023, 0.04162226416585160238, 0.2000000000000000111 ) ) ;
#5281 = CARTESIAN_POINT ( 'NONE',  ( 5.000001109542409949, -0.0003494722553439620432, 0.07756005247435870942 ) ) ;
#5282 = CARTESIAN_POINT ( 'NONE',  ( -2.256433125465449496, -3.956406408310790634E-15, 0.4004136544695839350 ) ) ;
#5283 = CARTESIAN_POINT ( 'NONE',  ( -5.410603633123799661, 0.5023060787889991330, 0.1000000000000000333 ) ) ;
#5284 = CARTESIAN_POINT ( 'NONE',  ( 5.307021204761269928, 0.3000632264611129973, -5.081434016383680329E-17 ) ) ;
#5285 = CARTESIAN_POINT ( 'NONE',  ( 6.045762768067199922, -0.5780754956741519512, 0.05516503352019910128 ) ) ;
#5286 = CARTESIAN_POINT ( 'NONE',  ( -3.079716191379540557, 0.0000000000000000000, 0.4429167605436400423 ) ) ;
#5287 = B_SPLINE_CURVE_WITH_KNOTS ( 'NONE', 5,
 ( #5043, #4472, #788, #733, #1897, #1072, #2788, #762, #4792, #4451, #5253, #3501, #677, #5283, #2392, #1526, #2340, #4844, #4043, #5168, #2366, #367, #4367, #4065, #3952, #2420, #1555, #4012, #1958, #2315, #4866, #3531, #1984, #389, #1463, #3107, #3981, #5199, #2712, #1494 ),
 .UNSPECIFIED., .F., .F.,
 ( 6, 1, 1, 1, 1, 1, 1, 1, 1, 1, 1, 1, 1, 1, 1, 1, 1, 1, 1, 1, 1, 1, 1, 1, 1, 1, 1, 1, 1, 1, 1, 1, 1, 1, 1, 6 ),
 ( 0.0000000000000000000, 0.02857142857142802583, 0.05714285714285705087, 0.08571428571428596488, 0.1142857142857139907, 0.1428571428571430157, 0.1714285714285710416, 0.1999999999999999556, 0.2285714285714279814, 0.2571428571428570065, 0.2857142857142860315, 0.3142857142857139463, 0.3428571428571429713, 0.3714285714285709972, 0.4000000000000000222, 0.4285714285714280480, 0.4571428571428569620, 0.4857142857142859871, 0.5142857142857140129, 0.5428571428571429269, 0.5714285714285709528, 0.5999999999999999778, 0.6285714285714290028, 0.6571428571428570287, 0.6857142857142859427, 0.7142857142857139685, 0.7428571428571429935, 0.7714285714285710194, 0.8000000000000000444, 0.8285714285714289584, 0.8571428571428569843, 0.8857142857142860093, 0.9142857142857142572, 0.9428571428571429491, 0.9714285714285714191, 1.000000000000000000 ),
 .UNSPECIFIED. ) ;
#5288 = CARTESIAN_POINT ( 'NONE',  ( -5.062386067925730870, -0.1762619409935780312, 0.07756005246192990144 ) ) ;
#5289 = CARTESIAN_POINT ( 'NONE',  ( 6.230752510649369746, 0.5091797165859359708, 0.07756005247423289339 ) ) ;
#5290 = CARTESIAN_POINT ( 'NONE',  ( 3.333637229839509608, 0.8503901119784410545, 2.150390142441719998 ) ) ;
#5291 = CARTESIAN_POINT ( 'NONE',  ( -5.240506553469529649, -0.2343226654593930092, -1.229120262428909939E-17 ) ) ;
#5292 = CARTESIAN_POINT ( 'NONE',  ( -3.500000000000000888, -0.6114333552952608830, 1.456986404503988419 ) ) ;
#5293 = CARTESIAN_POINT ( 'NONE',  ( 3.500000000000000000, 0.0000000000000000000, 1.930858434857039896 ) ) ;
#5294 = CARTESIAN_POINT ( 'NONE',  ( 5.070085441060760090, 0.004803192411383199606, 6.940692794438110174E-17 ) ) ;
#5295 = CARTESIAN_POINT ( 'NONE',  ( 2.199999969536730049, 0.9003661125554340838, 1.300000030463270173 ) ) ;
#5296 = CARTESIAN_POINT ( 'NONE',  ( -5.074899480482880421, -0.1624656920404830007, 0.02507684311766150004 ) ) ;
#5297 = CARTESIAN_POINT ( 'NONE',  ( 5.142182350558029746, -0.1159533782458599949, -1.357436967389780087E-16 ) ) ;
#5298 = CARTESIAN_POINT ( 'NONE',  ( 3.149310191193160247, 0.0000000000000000000, 0.4375737613765570133 ) ) ;
#5299 = CARTESIAN_POINT ( 'NONE',  ( -5.343415730561480004, 0.4074377210556169859, 0.01308868717790499965 ) ) ;
#5300 = VECTOR ( 'NONE', #261, 1000.000000000000000 ) ;
#5301 = CARTESIAN_POINT ( 'NONE',  ( 3.009674527917810316, 0.0000000000000000000, 2.150811637497710205 ) ) ;
#5302 = CARTESIAN_POINT ( 'NONE',  ( -3.380581965863680427, -0.8318110400136661253, 2.131811070476940184 ) ) ;
#5303 = CARTESIAN_POINT ( 'NONE',  ( -5.136058183163189739, -0.1576171788835140086, 5.472465692266980270E-17 ) ) ;
#5304 = CONICAL_SURFACE ( 'NONE', #407, 0.9003661125554193179, 0.0001664147986939939268 ) ;
#5305 = CARTESIAN_POINT ( 'NONE',  ( -4.999999888241290158, 0.0000000000000000000, 0.2000000000000000111 ) ) ;
#5306 = CARTESIAN_POINT ( 'NONE',  ( 6.268511065197120757, -0.1275510627506520056, -8.896487478792139165E-16 ) ) ;
#5307 = CARTESIAN_POINT ( 'NONE',  ( -5.090942514287959852, 0.2136455403307710166, 0.08504003497912329679 ) ) ;
#5308 = CARTESIAN_POINT ( 'NONE',  ( 6.024851973780100067, 0.5875604833422150008, 0.0000000000000000000 ) ) ;
#5309 = CARTESIAN_POINT ( 'NONE',  ( 5.121113398963769825, 0.2504572097185440160, 0.09999999998986659755 ) ) ;
#5310 = DIRECTION ( 'NONE',  ( 1.000000000000000000, 0.0000000000000000000, -5.874195897487600417E-17 ) ) ;
#5311 = CARTESIAN_POINT ( 'NONE',  ( 2.218867265165349600, 0.9002847350042212371, 0.3997152954590529883 ) ) ;
#5312 = CARTESIAN_POINT ( 'NONE',  ( 5.146799243906410304, 0.1222343581153339936, 4.571945075599620244E-17 ) ) ;
#5313 = DIRECTION ( 'NONE',  ( 0.0000000000000000000, 0.0000000000000000000, -1.000000000000000000 ) ) ;
#5314 = CARTESIAN_POINT ( 'NONE',  ( 4.999996814321360006, -0.004490577092316160729, 0.08504003498287279750 ) ) ;
#5315 = CARTESIAN_POINT ( 'NONE',  ( -3.190112246994440959, -0.8645113702127030786, 2.164511400675979580 ) ) ;
#5316 = CARTESIAN_POINT ( 'NONE',  ( -5.069681707232850165, -0.1861149830487760226, 0.07756005246203259706 ) ) ;
#5317 = CARTESIAN_POINT ( 'NONE',  ( 5.981201720432710367, 0.5919183555421529963, 0.07756005247406611014 ) ) ;
#5318 = CARTESIAN_POINT ( 'NONE',  ( 3.284326568066440633, 0.0000000000000000000, 2.160725125137390012 ) ) ;
#5319 = CARTESIAN_POINT ( 'NONE',  ( -5.174615364558049713, -0.1581863468467130107, 4.238687043437240287E-17 ) ) ;
#5320 = CARTESIAN_POINT ( 'NONE',  ( -5.995073975058040183, 0.5127119254717249497, -6.277117943459190079E-16 ) ) ;
#5321 = CARTESIAN_POINT ( 'NONE',  ( -5.735488244018061899, -0.4977787406259603364, -4.221462281167120353E-16 ) ) ;
#5322 = CARTESIAN_POINT ( 'NONE',  ( 5.101235595560980052, 0.1100660811490660057, 5.600872007168670499E-17 ) ) ;
#5323 = CARTESIAN_POINT ( 'NONE',  ( 5.186019872247861429, -0.1724177659942345009, 2.357915434263057245E-17 ) ) ;
#5324 = CARTESIAN_POINT ( 'NONE',  ( 6.243669523396250476, 0.4921029752861800777, 0.09999999999999939493 ) ) ;
#5325 = CARTESIAN_POINT ( 'NONE',  ( -5.079142408665269670, -0.1682683152336139909, 0.02507684311767520088 ) ) ;
#5326 = MANIFOLD_SOLID_BREP ( 'Body1', #3041 ) ;
#5327 = CARTESIAN_POINT ( 'NONE',  ( 5.878117530168189830, -0.4995722929366520071, -3.866384650965689872E-16 ) ) ;
#5328 = CARTESIAN_POINT ( 'NONE',  ( 3.149310191193159802, 0.8624262690867170456, 2.162426299549990105 ) ) ;
ENDSEC;
END-ISO-10303-21;
