ISO-10303-21;
HEADER;
FILE_DESCRIPTION((''),'2;1');
FILE_NAME('MLX90642BCB_ASM','2025-01-30T15:18:07',('aga'),(''),
'CREO PARAMETRIC BY PTC INC, 2023294','CREO PARAMETRIC BY PTC INC, 2023294','');
FILE_SCHEMA(('AUTOMOTIVE_DESIGN { 1 0 10303 214 1 1 1 1 }'));
ENDSEC;
DATA;
#15=DIRECTION('',(0.E0,1.E0,0.E0));
#16=VECTOR('',#15,5.146148857472E-1);
#17=CARTESIAN_POINT('',(4.E-1,4.687845987231E0,0.E0));
#18=LINE('',#17,#16);
#19=CARTESIAN_POINT('',(2.5E-1,5.202460872978E0,0.E0));
#20=DIRECTION('',(0.E0,0.E0,1.E0));
#21=DIRECTION('',(1.E0,0.E0,0.E0));
#22=AXIS2_PLACEMENT_3D('',#19,#20,#21);
#24=DIRECTION('',(-1.E0,0.E0,0.E0));
#25=VECTOR('',#24,5.E-1);
#26=CARTESIAN_POINT('',(2.5E-1,5.352460872978E0,0.E0));
#27=LINE('',#26,#25);
#28=CARTESIAN_POINT('',(-2.5E-1,5.202460872978E0,0.E0));
#29=DIRECTION('',(0.E0,0.E0,1.E0));
#30=DIRECTION('',(-2.220446049250E-14,1.E0,0.E0));
#31=AXIS2_PLACEMENT_3D('',#28,#29,#30);
#33=DIRECTION('',(0.E0,-1.E0,0.E0));
#34=VECTOR('',#33,5.146148857472E-1);
#35=CARTESIAN_POINT('',(-4.E-1,5.202460872978E0,0.E0));
#36=LINE('',#35,#34);
#37=CARTESIAN_POINT('',(-5.5E-1,4.687845987231E0,0.E0));
#38=DIRECTION('',(0.E0,0.E0,-1.E0));
#39=DIRECTION('',(1.E0,0.E0,0.E0));
#40=AXIS2_PLACEMENT_3D('',#37,#38,#39);
#42=CARTESIAN_POINT('',(0.E0,0.E0,0.E0));
#43=DIRECTION('',(0.E0,0.E0,1.E0));
#44=DIRECTION('',(-1.165254237288E-1,9.931877091592E-1,0.E0));
#45=AXIS2_PLACEMENT_3D('',#42,#43,#44);
#47=CARTESIAN_POINT('',(5.5E-1,4.687845987231E0,0.E0));
#48=DIRECTION('',(0.E0,0.E0,-1.E0));
#49=DIRECTION('',(-1.165254237288E-1,-9.931877091592E-1,0.E0));
#50=AXIS2_PLACEMENT_3D('',#47,#48,#49);
#52=CARTESIAN_POINT('',(-1.1174E0,2.6977E0,0.E0));
#53=DIRECTION('',(0.E0,0.E0,1.E0));
#54=DIRECTION('',(1.E0,0.E0,0.E0));
#55=AXIS2_PLACEMENT_3D('',#52,#53,#54);
#57=CARTESIAN_POINT('',(-1.1174E0,2.6977E0,0.E0));
#58=DIRECTION('',(0.E0,0.E0,1.E0));
#59=DIRECTION('',(-1.E0,0.E0,0.E0));
#60=AXIS2_PLACEMENT_3D('',#57,#58,#59);
#62=CARTESIAN_POINT('',(1.1174E0,2.6977E0,0.E0));
#63=DIRECTION('',(0.E0,0.E0,1.E0));
#64=DIRECTION('',(1.E0,0.E0,0.E0));
#65=AXIS2_PLACEMENT_3D('',#62,#63,#64);
#67=CARTESIAN_POINT('',(1.1174E0,2.6977E0,0.E0));
#68=DIRECTION('',(0.E0,0.E0,1.E0));
#69=DIRECTION('',(-1.E0,0.E0,0.E0));
#70=AXIS2_PLACEMENT_3D('',#67,#68,#69);
#72=CARTESIAN_POINT('',(-1.1174E0,-2.6977E0,0.E0));
#73=DIRECTION('',(0.E0,0.E0,1.E0));
#74=DIRECTION('',(1.E0,0.E0,0.E0));
#75=AXIS2_PLACEMENT_3D('',#72,#73,#74);
#77=CARTESIAN_POINT('',(-1.1174E0,-2.6977E0,0.E0));
#78=DIRECTION('',(0.E0,0.E0,1.E0));
#79=DIRECTION('',(-1.E0,0.E0,0.E0));
#80=AXIS2_PLACEMENT_3D('',#77,#78,#79);
#82=CARTESIAN_POINT('',(1.1174E0,-2.6977E0,0.E0));
#83=DIRECTION('',(0.E0,0.E0,1.E0));
#84=DIRECTION('',(-1.E0,0.E0,0.E0));
#85=AXIS2_PLACEMENT_3D('',#82,#83,#84);
#87=CARTESIAN_POINT('',(1.1174E0,-2.6977E0,0.E0));
#88=DIRECTION('',(0.E0,0.E0,1.E0));
#89=DIRECTION('',(1.E0,0.E0,0.E0));
#90=AXIS2_PLACEMENT_3D('',#87,#88,#89);
#92=DIRECTION('',(0.E0,0.E0,1.E0));
#93=VECTOR('',#92,4.E-1);
#94=CARTESIAN_POINT('',(4.E-1,4.687845987231E0,0.E0));
#95=LINE('',#94,#93);
#96=DIRECTION('',(0.E0,0.E0,1.E0));
#97=VECTOR('',#96,4.E-1);
#98=CARTESIAN_POINT('',(5.325211864407E-1,4.538867830857E0,0.E0));
#99=LINE('',#98,#97);
#100=DIRECTION('',(0.E0,0.E0,1.E0));
#101=VECTOR('',#100,4.E-1);
#102=CARTESIAN_POINT('',(-5.325211864407E-1,4.538867830857E0,0.E0));
#103=LINE('',#102,#101);
#104=DIRECTION('',(0.E0,0.E0,1.E0));
#105=VECTOR('',#104,4.E-1);
#106=CARTESIAN_POINT('',(-4.E-1,4.687845987231E0,0.E0));
#107=LINE('',#106,#105);
#108=DIRECTION('',(0.E0,0.E0,1.E0));
#109=VECTOR('',#108,4.E-1);
#110=CARTESIAN_POINT('',(-4.E-1,5.202460872978E0,0.E0));
#111=LINE('',#110,#109);
#112=DIRECTION('',(0.E0,0.E0,1.E0));
#113=VECTOR('',#112,4.E-1);
#114=CARTESIAN_POINT('',(-2.5E-1,5.352460872978E0,0.E0));
#115=LINE('',#114,#113);
#116=DIRECTION('',(0.E0,0.E0,1.E0));
#117=VECTOR('',#116,4.E-1);
#118=CARTESIAN_POINT('',(2.5E-1,5.352460872978E0,0.E0));
#119=LINE('',#118,#117);
#120=DIRECTION('',(0.E0,0.E0,1.E0));
#121=VECTOR('',#120,4.E-1);
#122=CARTESIAN_POINT('',(4.E-1,5.202460872978E0,0.E0));
#123=LINE('',#122,#121);
#124=DIRECTION('',(0.E0,1.E0,0.E0));
#125=VECTOR('',#124,5.146148857472E-1);
#126=CARTESIAN_POINT('',(4.E-1,4.687845987231E0,4.E-1));
#127=LINE('',#126,#125);
#128=CARTESIAN_POINT('',(5.5E-1,4.687845987231E0,4.E-1));
#129=DIRECTION('',(0.E0,0.E0,-1.E0));
#130=DIRECTION('',(-1.165254237288E-1,-9.931877091592E-1,0.E0));
#131=AXIS2_PLACEMENT_3D('',#128,#129,#130);
#133=CARTESIAN_POINT('',(0.E0,0.E0,4.E-1));
#134=DIRECTION('',(0.E0,0.E0,1.E0));
#135=DIRECTION('',(-1.165254237288E-1,9.931877091592E-1,0.E0));
#136=AXIS2_PLACEMENT_3D('',#133,#134,#135);
#138=CARTESIAN_POINT('',(-5.5E-1,4.687845987231E0,4.E-1));
#139=DIRECTION('',(0.E0,0.E0,-1.E0));
#140=DIRECTION('',(1.E0,0.E0,0.E0));
#141=AXIS2_PLACEMENT_3D('',#138,#139,#140);
#143=DIRECTION('',(0.E0,-1.E0,0.E0));
#144=VECTOR('',#143,5.146148857472E-1);
#145=CARTESIAN_POINT('',(-4.E-1,5.202460872978E0,4.E-1));
#146=LINE('',#145,#144);
#147=CARTESIAN_POINT('',(-2.5E-1,5.202460872978E0,4.E-1));
#148=DIRECTION('',(0.E0,0.E0,1.E0));
#149=DIRECTION('',(-2.220446049250E-14,1.E0,0.E0));
#150=AXIS2_PLACEMENT_3D('',#147,#148,#149);
#152=DIRECTION('',(-1.E0,0.E0,0.E0));
#153=VECTOR('',#152,5.E-1);
#154=CARTESIAN_POINT('',(2.5E-1,5.352460872978E0,4.E-1));
#155=LINE('',#154,#153);
#156=CARTESIAN_POINT('',(2.5E-1,5.202460872978E0,4.E-1));
#157=DIRECTION('',(0.E0,0.E0,1.E0));
#158=DIRECTION('',(1.E0,0.E0,0.E0));
#159=AXIS2_PLACEMENT_3D('',#156,#157,#158);
#161=CARTESIAN_POINT('',(0.E0,0.E0,4.E-1));
#162=DIRECTION('',(0.E0,0.E0,1.E0));
#163=DIRECTION('',(1.E0,0.E0,0.E0));
#164=AXIS2_PLACEMENT_3D('',#161,#162,#163);
#166=CARTESIAN_POINT('',(0.E0,0.E0,4.E-1));
#167=DIRECTION('',(0.E0,0.E0,1.E0));
#168=DIRECTION('',(-1.E0,0.E0,0.E0));
#169=AXIS2_PLACEMENT_3D('',#166,#167,#168);
#171=CARTESIAN_POINT('',(0.E0,0.E0,4.E-1));
#172=DIRECTION('',(0.E0,0.E0,-1.E0));
#173=DIRECTION('',(0.E0,-1.E0,0.E0));
#174=AXIS2_PLACEMENT_3D('',#171,#172,#173);
#176=CARTESIAN_POINT('',(0.E0,0.E0,4.E-1));
#177=DIRECTION('',(0.E0,0.E0,-1.E0));
#178=DIRECTION('',(0.E0,1.E0,0.E0));
#179=AXIS2_PLACEMENT_3D('',#176,#177,#178);
#181=CARTESIAN_POINT('',(0.E0,0.E0,4.E-1));
#182=DIRECTION('',(0.E0,0.E0,-1.E0));
#183=DIRECTION('',(0.E0,-1.E0,0.E0));
#184=AXIS2_PLACEMENT_3D('',#181,#182,#183);
#186=CARTESIAN_POINT('',(0.E0,0.E0,4.E-1));
#187=DIRECTION('',(0.E0,0.E0,-1.E0));
#188=DIRECTION('',(0.E0,1.E0,0.E0));
#189=AXIS2_PLACEMENT_3D('',#186,#187,#188);
#191=CARTESIAN_POINT('',(4.01E0,-3.679488658204E-10,6.E-1));
#192=DIRECTION('',(9.175782356152E-11,1.E0,0.E0));
#193=DIRECTION('',(-1.337320032491E-8,0.E0,-1.E0));
#194=AXIS2_PLACEMENT_3D('',#191,#192,#193);
#196=CARTESIAN_POINT('',(-4.01E0,3.679489768427E-10,6.E-1));
#197=DIRECTION('',(-9.175785131710E-11,-1.E0,0.E0));
#198=DIRECTION('',(1.337320920669E-8,0.E0,-1.E0));
#199=AXIS2_PLACEMENT_3D('',#196,#197,#198);
#201=CARTESIAN_POINT('',(0.E0,0.E0,1.3E0));
#202=DIRECTION('',(0.E0,0.E0,1.E0));
#203=DIRECTION('',(-1.E0,0.E0,0.E0));
#204=AXIS2_PLACEMENT_3D('',#201,#202,#203);
#206=CARTESIAN_POINT('',(0.E0,0.E0,6.E-1));
#207=DIRECTION('',(0.E0,0.E0,1.E0));
#208=DIRECTION('',(-1.E0,0.E0,0.E0));
#209=AXIS2_PLACEMENT_3D('',#206,#207,#208);
#211=DIRECTION('',(0.E0,2.653217590076E-8,1.E0));
#212=VECTOR('',#211,7.E-1);
#213=CARTESIAN_POINT('',(-3.81E0,-1.857000532775E-8,6.E-1));
#214=LINE('',#213,#212);
#215=CARTESIAN_POINT('',(-3.61E0,4.516748086658E-12,1.3E0));
#216=DIRECTION('',(-1.251172776495E-12,-1.E0,0.E0));
#217=DIRECTION('',(0.E0,0.E0,1.E0));
#218=AXIS2_PLACEMENT_3D('',#215,#216,#217);
#220=CARTESIAN_POINT('',(0.E0,0.E0,1.5E0));
#221=DIRECTION('',(0.E0,0.E0,1.E0));
#222=DIRECTION('',(1.E0,0.E0,0.E0));
#223=AXIS2_PLACEMENT_3D('',#220,#221,#222);
#225=CARTESIAN_POINT('',(0.E0,0.E0,1.5E0));
#226=DIRECTION('',(0.E0,0.E0,1.E0));
#227=DIRECTION('',(-1.E0,0.E0,0.E0));
#228=AXIS2_PLACEMENT_3D('',#225,#226,#227);
#230=CARTESIAN_POINT('',(-1.1174E0,2.6977E0,1.5E0));
#231=DIRECTION('',(0.E0,0.E0,1.E0));
#232=DIRECTION('',(1.E0,0.E0,0.E0));
#233=AXIS2_PLACEMENT_3D('',#230,#231,#232);
#235=CARTESIAN_POINT('',(-1.1174E0,2.6977E0,1.5E0));
#236=DIRECTION('',(0.E0,0.E0,1.E0));
#237=DIRECTION('',(-1.E0,0.E0,0.E0));
#238=AXIS2_PLACEMENT_3D('',#235,#236,#237);
#240=CARTESIAN_POINT('',(1.1174E0,2.6977E0,1.5E0));
#241=DIRECTION('',(0.E0,0.E0,1.E0));
#242=DIRECTION('',(1.E0,0.E0,0.E0));
#243=AXIS2_PLACEMENT_3D('',#240,#241,#242);
#245=CARTESIAN_POINT('',(1.1174E0,2.6977E0,1.5E0));
#246=DIRECTION('',(0.E0,0.E0,1.E0));
#247=DIRECTION('',(-1.E0,0.E0,0.E0));
#248=AXIS2_PLACEMENT_3D('',#245,#246,#247);
#250=CARTESIAN_POINT('',(-1.1174E0,-2.6977E0,1.5E0));
#251=DIRECTION('',(0.E0,0.E0,1.E0));
#252=DIRECTION('',(1.E0,0.E0,0.E0));
#253=AXIS2_PLACEMENT_3D('',#250,#251,#252);
#255=CARTESIAN_POINT('',(-1.1174E0,-2.6977E0,1.5E0));
#256=DIRECTION('',(0.E0,0.E0,1.E0));
#257=DIRECTION('',(-1.E0,0.E0,0.E0));
#258=AXIS2_PLACEMENT_3D('',#255,#256,#257);
#260=CARTESIAN_POINT('',(3.61E0,-4.516442775326E-12,1.3E0));
#261=DIRECTION('',(1.251089509768E-12,1.E0,0.E0));
#262=DIRECTION('',(0.E0,0.E0,1.E0));
#263=AXIS2_PLACEMENT_3D('',#260,#261,#262);
#265=CARTESIAN_POINT('',(0.E0,0.E0,1.3E0));
#266=DIRECTION('',(0.E0,0.E0,1.E0));
#267=DIRECTION('',(1.E0,0.E0,0.E0));
#268=AXIS2_PLACEMENT_3D('',#265,#266,#267);
#270=CARTESIAN_POINT('',(0.E0,0.E0,6.E-1));
#271=DIRECTION('',(0.E0,0.E0,1.E0));
#272=DIRECTION('',(1.E0,0.E0,0.E0));
#273=AXIS2_PLACEMENT_3D('',#270,#271,#272);
#275=DIRECTION('',(0.E0,-2.653217459977E-8,1.E0));
#276=VECTOR('',#275,7.E-1);
#277=CARTESIAN_POINT('',(3.81E0,1.857000514257E-8,6.E-1));
#278=LINE('',#277,#276);
#279=DIRECTION('',(0.E0,0.E0,-1.E0));
#280=VECTOR('',#279,1.5E0);
#281=CARTESIAN_POINT('',(-5.574E-1,2.6977E0,1.5E0));
#282=LINE('',#281,#280);
#283=DIRECTION('',(0.E0,0.E0,-1.E0));
#284=VECTOR('',#283,1.5E0);
#285=CARTESIAN_POINT('',(-1.6774E0,2.6977E0,1.5E0));
#286=LINE('',#285,#284);
#287=DIRECTION('',(0.E0,0.E0,-1.E0));
#288=VECTOR('',#287,1.5E0);
#289=CARTESIAN_POINT('',(1.6774E0,2.6977E0,1.5E0));
#290=LINE('',#289,#288);
#291=DIRECTION('',(0.E0,0.E0,-1.E0));
#292=VECTOR('',#291,1.5E0);
#293=CARTESIAN_POINT('',(5.574E-1,2.6977E0,1.5E0));
#294=LINE('',#293,#292);
#295=DIRECTION('',(0.E0,0.E0,-1.E0));
#296=VECTOR('',#295,1.5E0);
#297=CARTESIAN_POINT('',(-5.574E-1,-2.6977E0,1.5E0));
#298=LINE('',#297,#296);
#299=DIRECTION('',(0.E0,0.E0,-1.E0));
#300=VECTOR('',#299,1.5E0);
#301=CARTESIAN_POINT('',(-1.6774E0,-2.6977E0,1.5E0));
#302=LINE('',#301,#300);
#303=DIRECTION('',(0.E0,6.087614290087E-1,7.933533402912E-1));
#304=VECTOR('',#303,6.302362070051E-2);
#305=CARTESIAN_POINT('',(0.E0,4.215E0,4.E-1));
#306=LINE('',#305,#304);
#307=DIRECTION('',(0.E0,-6.087614290087E-1,7.933533402912E-1));
#308=VECTOR('',#307,6.302362070051E-2);
#309=CARTESIAN_POINT('',(0.E0,-4.215E0,4.E-1));
#310=LINE('',#309,#308);
#311=CARTESIAN_POINT('',(0.E0,0.E0,4.5E-1));
#312=DIRECTION('',(0.E0,0.E0,-1.E0));
#313=DIRECTION('',(0.E0,-1.E0,0.E0));
#314=AXIS2_PLACEMENT_3D('',#311,#312,#313);
#316=CARTESIAN_POINT('',(0.E0,0.E0,4.5E-1));
#317=DIRECTION('',(0.E0,0.E0,1.E0));
#318=DIRECTION('',(0.E0,-1.E0,0.E0));
#319=AXIS2_PLACEMENT_3D('',#316,#317,#318);
#321=DIRECTION('',(0.E0,-6.087614290087E-1,-7.933533402912E-1));
#322=VECTOR('',#321,6.302362070051E-2);
#323=CARTESIAN_POINT('',(0.E0,-4.376633650601E0,4.5E-1));
#324=LINE('',#323,#322);
#325=CARTESIAN_POINT('',(0.E0,0.E0,4.5E-1));
#326=DIRECTION('',(0.E0,0.E0,1.E0));
#327=DIRECTION('',(0.E0,-1.E0,0.E0));
#328=AXIS2_PLACEMENT_3D('',#325,#326,#327);
#330=DIRECTION('',(0.E0,6.087614290087E-1,-7.933533402912E-1));
#331=VECTOR('',#330,6.302362070051E-2);
#332=CARTESIAN_POINT('',(0.E0,4.376633650601E0,4.5E-1));
#333=LINE('',#332,#331);
#334=CARTESIAN_POINT('',(0.E0,0.E0,4.5E-1));
#335=DIRECTION('',(0.E0,0.E0,-1.E0));
#336=DIRECTION('',(0.E0,-1.E0,0.E0));
#337=AXIS2_PLACEMENT_3D('',#334,#335,#336);
#339=CARTESIAN_POINT('',(4.424E-1,-2.697700000015E0,1.E-1));
#340=DIRECTION('',(2.149919131611E-11,-1.E0,0.E0));
#341=DIRECTION('',(5.125455615484E-11,0.E0,-1.E0));
#342=AXIS2_PLACEMENT_3D('',#339,#340,#341);
#344=CARTESIAN_POINT('',(1.7924E0,-2.697699999985E0,1.E-1));
#345=DIRECTION('',(-2.149891376035E-11,1.E0,0.E0));
#346=DIRECTION('',(-5.125677660089E-11,0.E0,-1.E0));
#347=AXIS2_PLACEMENT_3D('',#344,#345,#346);
#349=CARTESIAN_POINT('',(1.1174E0,-2.6977E0,2.E-1));
#350=DIRECTION('',(0.E0,0.E0,1.E0));
#351=DIRECTION('',(1.E0,0.E0,0.E0));
#352=AXIS2_PLACEMENT_3D('',#349,#350,#351);
#354=CARTESIAN_POINT('',(1.1174E0,-2.6977E0,1.E-1));
#355=DIRECTION('',(0.E0,0.E0,1.E0));
#356=DIRECTION('',(1.E0,0.E0,0.E0));
#357=AXIS2_PLACEMENT_3D('',#354,#355,#356);
#359=DIRECTION('',(0.E0,-1.154431217287E-8,1.E0));
#360=VECTOR('',#359,1.E-1);
#361=CARTESIAN_POINT('',(5.424E-1,-2.697700000003E0,1.E-1));
#362=LINE('',#361,#360);
#363=CARTESIAN_POINT('',(1.5924E0,-2.697699996180E0,2.E-1));
#364=DIRECTION('',(-8.041582066909E-9,1.E0,0.E0));
#365=DIRECTION('',(0.E0,0.E0,1.E0));
#366=AXIS2_PLACEMENT_3D('',#363,#364,#365);
#368=CARTESIAN_POINT('',(1.1174E0,-2.6977E0,3.E-1));
#369=DIRECTION('',(0.E0,0.E0,1.E0));
#370=DIRECTION('',(-1.E0,0.E0,0.E0));
#371=AXIS2_PLACEMENT_3D('',#368,#369,#370);
#373=CARTESIAN_POINT('',(1.1174E0,-2.6977E0,3.E-1));
#374=DIRECTION('',(0.E0,0.E0,1.E0));
#375=DIRECTION('',(1.E0,0.E0,0.E0));
#376=AXIS2_PLACEMENT_3D('',#373,#374,#375);
#378=CARTESIAN_POINT('',(6.424E-1,-2.697700003820E0,2.E-1));
#379=DIRECTION('',(8.041579402374E-9,-1.E0,0.E0));
#380=DIRECTION('',(0.E0,0.E0,1.E0));
#381=AXIS2_PLACEMENT_3D('',#378,#379,#380);
#383=CARTESIAN_POINT('',(1.1174E0,-2.6977E0,2.E-1));
#384=DIRECTION('',(0.E0,0.E0,1.E0));
#385=DIRECTION('',(-1.E0,0.E0,0.E0));
#386=AXIS2_PLACEMENT_3D('',#383,#384,#385);
#388=CARTESIAN_POINT('',(1.1174E0,-2.6977E0,1.E-1));
#389=DIRECTION('',(0.E0,0.E0,1.E0));
#390=DIRECTION('',(-1.E0,0.E0,0.E0));
#391=AXIS2_PLACEMENT_3D('',#388,#389,#390);
#393=DIRECTION('',(0.E0,1.154431661377E-8,1.E0));
#394=VECTOR('',#393,1.E-1);
#395=CARTESIAN_POINT('',(1.6924E0,-2.697699999997E0,1.E-1));
#396=LINE('',#395,#394);
#397=CARTESIAN_POINT('',(4.E-1,4.687845987231E0,0.E0));
#398=CARTESIAN_POINT('',(4.E-1,5.202460872978E0,0.E0));
#399=VERTEX_POINT('',#397);
#400=VERTEX_POINT('',#398);
#401=CARTESIAN_POINT('',(2.5E-1,5.352460872978E0,0.E0));
#402=VERTEX_POINT('',#401);
#403=CARTESIAN_POINT('',(-2.5E-1,5.352460872978E0,0.E0));
#404=VERTEX_POINT('',#403);
#405=CARTESIAN_POINT('',(-4.E-1,5.202460872978E0,0.E0));
#406=VERTEX_POINT('',#405);
#407=CARTESIAN_POINT('',(-4.E-1,4.687845987231E0,0.E0));
#408=VERTEX_POINT('',#407);
#409=CARTESIAN_POINT('',(-5.325211864407E-1,4.538867830857E0,0.E0));
#410=VERTEX_POINT('',#409);
#411=CARTESIAN_POINT('',(5.325211864407E-1,4.538867830857E0,0.E0));
#412=VERTEX_POINT('',#411);
#413=CARTESIAN_POINT('',(4.E-1,4.687845987231E0,4.E-1));
#414=CARTESIAN_POINT('',(4.E-1,5.202460872978E0,4.E-1));
#415=VERTEX_POINT('',#413);
#416=VERTEX_POINT('',#414);
#417=CARTESIAN_POINT('',(2.5E-1,5.352460872978E0,4.E-1));
#418=VERTEX_POINT('',#417);
#419=CARTESIAN_POINT('',(-2.5E-1,5.352460872978E0,4.E-1));
#420=VERTEX_POINT('',#419);
#421=CARTESIAN_POINT('',(-4.E-1,5.202460872978E0,4.E-1));
#422=VERTEX_POINT('',#421);
#423=CARTESIAN_POINT('',(-4.E-1,4.687845987231E0,4.E-1));
#424=VERTEX_POINT('',#423);
#425=CARTESIAN_POINT('',(-5.325211864407E-1,4.538867830857E0,4.E-1));
#426=VERTEX_POINT('',#425);
#427=CARTESIAN_POINT('',(5.325211864407E-1,4.538867830857E0,4.E-1));
#428=VERTEX_POINT('',#427);
#429=CARTESIAN_POINT('',(4.01E0,0.E0,4.E-1));
#430=CARTESIAN_POINT('',(-4.01E0,0.E0,4.E-1));
#431=VERTEX_POINT('',#429);
#432=VERTEX_POINT('',#430);
#433=CARTESIAN_POINT('',(3.81E0,0.E0,6.E-1));
#434=CARTESIAN_POINT('',(-3.81E0,0.E0,6.E-1));
#435=VERTEX_POINT('',#433);
#436=VERTEX_POINT('',#434);
#437=CARTESIAN_POINT('',(3.61E0,0.E0,1.5E0));
#438=CARTESIAN_POINT('',(-3.61E0,0.E0,1.5E0));
#439=VERTEX_POINT('',#437);
#440=VERTEX_POINT('',#438);
#441=CARTESIAN_POINT('',(3.81E0,0.E0,1.3E0));
#442=CARTESIAN_POINT('',(-3.81E0,0.E0,1.3E0));
#443=VERTEX_POINT('',#441);
#444=VERTEX_POINT('',#442);
#445=CARTESIAN_POINT('',(-5.574E-1,2.6977E0,1.5E0));
#446=CARTESIAN_POINT('',(-1.6774E0,2.6977E0,1.5E0));
#447=VERTEX_POINT('',#445);
#448=VERTEX_POINT('',#446);
#449=CARTESIAN_POINT('',(-5.574E-1,2.6977E0,0.E0));
#450=VERTEX_POINT('',#449);
#451=CARTESIAN_POINT('',(-1.6774E0,2.6977E0,0.E0));
#452=VERTEX_POINT('',#451);
#453=CARTESIAN_POINT('',(1.6774E0,2.6977E0,0.E0));
#454=CARTESIAN_POINT('',(5.574E-1,2.6977E0,0.E0));
#455=VERTEX_POINT('',#453);
#456=VERTEX_POINT('',#454);
#457=CARTESIAN_POINT('',(1.6774E0,2.6977E0,1.5E0));
#458=CARTESIAN_POINT('',(5.574E-1,2.6977E0,1.5E0));
#459=VERTEX_POINT('',#457);
#460=VERTEX_POINT('',#458);
#461=CARTESIAN_POINT('',(-5.574E-1,-2.6977E0,0.E0));
#462=CARTESIAN_POINT('',(-1.6774E0,-2.6977E0,0.E0));
#463=VERTEX_POINT('',#461);
#464=VERTEX_POINT('',#462);
#465=CARTESIAN_POINT('',(-5.574E-1,-2.6977E0,1.5E0));
#466=CARTESIAN_POINT('',(-1.6774E0,-2.6977E0,1.5E0));
#467=VERTEX_POINT('',#465);
#468=VERTEX_POINT('',#466);
#469=CARTESIAN_POINT('',(4.424E-1,-2.6977E0,0.E0));
#470=CARTESIAN_POINT('',(1.7924E0,-2.6977E0,0.E0));
#471=VERTEX_POINT('',#469);
#472=VERTEX_POINT('',#470);
#473=CARTESIAN_POINT('',(5.424E-1,-2.6977E0,1.E-1));
#474=CARTESIAN_POINT('',(1.6924E0,-2.6977E0,1.E-1));
#475=VERTEX_POINT('',#473);
#476=VERTEX_POINT('',#474);
#477=CARTESIAN_POINT('',(6.424E-1,-2.6977E0,3.E-1));
#478=CARTESIAN_POINT('',(1.5924E0,-2.6977E0,3.E-1));
#479=VERTEX_POINT('',#477);
#480=VERTEX_POINT('',#478);
#481=CARTESIAN_POINT('',(5.424E-1,-2.6977E0,2.E-1));
#482=CARTESIAN_POINT('',(1.6924E0,-2.6977E0,2.E-1));
#483=VERTEX_POINT('',#481);
#484=VERTEX_POINT('',#482);
#485=CARTESIAN_POINT('',(0.E0,-4.253366349399E0,4.5E-1));
#486=CARTESIAN_POINT('',(0.E0,4.253366349399E0,4.5E-1));
#487=VERTEX_POINT('',#485);
#488=VERTEX_POINT('',#486);
#489=CARTESIAN_POINT('',(0.E0,-4.376633650601E0,4.5E-1));
#490=CARTESIAN_POINT('',(0.E0,4.376633650601E0,4.5E-1));
#491=VERTEX_POINT('',#489);
#492=VERTEX_POINT('',#490);
#493=CARTESIAN_POINT('',(0.E0,-4.215E0,4.E-1));
#494=CARTESIAN_POINT('',(0.E0,4.215E0,4.E-1));
#495=VERTEX_POINT('',#493);
#496=VERTEX_POINT('',#494);
#497=CARTESIAN_POINT('',(0.E0,-4.415E0,4.E-1));
#498=CARTESIAN_POINT('',(0.E0,4.415E0,4.E-1));
#499=VERTEX_POINT('',#497);
#500=VERTEX_POINT('',#498);
#501=CARTESIAN_POINT('',(0.E0,0.E0,0.E0));
#502=DIRECTION('',(0.E0,0.E0,1.E0));
#503=DIRECTION('',(1.E0,0.E0,0.E0));
#504=AXIS2_PLACEMENT_3D('',#501,#502,#503);
#505=PLANE('',#504);
#507=ORIENTED_EDGE('',*,*,#506,.T.);
#509=ORIENTED_EDGE('',*,*,#508,.T.);
#511=ORIENTED_EDGE('',*,*,#510,.T.);
#513=ORIENTED_EDGE('',*,*,#512,.T.);
#515=ORIENTED_EDGE('',*,*,#514,.T.);
#517=ORIENTED_EDGE('',*,*,#516,.T.);
#519=ORIENTED_EDGE('',*,*,#518,.T.);
#521=ORIENTED_EDGE('',*,*,#520,.T.);
#522=EDGE_LOOP('',(#507,#509,#511,#513,#515,#517,#519,#521));
#523=FACE_OUTER_BOUND('',#522,.F.);
#525=ORIENTED_EDGE('',*,*,#524,.F.);
#527=ORIENTED_EDGE('',*,*,#526,.F.);
#528=EDGE_LOOP('',(#525,#527));
#529=FACE_BOUND('',#528,.F.);
#531=ORIENTED_EDGE('',*,*,#530,.F.);
#533=ORIENTED_EDGE('',*,*,#532,.F.);
#534=EDGE_LOOP('',(#531,#533));
#535=FACE_BOUND('',#534,.F.);
#537=ORIENTED_EDGE('',*,*,#536,.F.);
#539=ORIENTED_EDGE('',*,*,#538,.F.);
#540=EDGE_LOOP('',(#537,#539));
#541=FACE_BOUND('',#540,.F.);
#543=ORIENTED_EDGE('',*,*,#542,.F.);
#545=ORIENTED_EDGE('',*,*,#544,.F.);
#546=EDGE_LOOP('',(#543,#545));
#547=FACE_BOUND('',#546,.F.);
#549=FILL_AREA_STYLE_COLOUR('',#14);
#550=FILL_AREA_STYLE('',(#549));
#551=SURFACE_STYLE_FILL_AREA(#550);
#552=SURFACE_SIDE_STYLE('',(#551));
#553=SURFACE_STYLE_USAGE(.POSITIVE.,#552);
#554=PRESENTATION_STYLE_ASSIGNMENT((#553));
#555=STYLED_ITEM('',(#554),#548);
#556=CARTESIAN_POINT('',(4.E-1,4.687845987231E0,0.E0));
#557=DIRECTION('',(1.E0,0.E0,0.E0));
#558=DIRECTION('',(0.E0,1.E0,0.E0));
#559=AXIS2_PLACEMENT_3D('',#556,#557,#558);
#560=PLANE('',#559);
#561=ORIENTED_EDGE('',*,*,#506,.F.);
#563=ORIENTED_EDGE('',*,*,#562,.T.);
#565=ORIENTED_EDGE('',*,*,#564,.T.);
#567=ORIENTED_EDGE('',*,*,#566,.F.);
#568=EDGE_LOOP('',(#561,#563,#565,#567));
#569=FACE_OUTER_BOUND('',#568,.F.);
#571=FILL_AREA_STYLE_COLOUR('',#14);
#572=FILL_AREA_STYLE('',(#571));
#573=SURFACE_STYLE_FILL_AREA(#572);
#574=SURFACE_SIDE_STYLE('',(#573));
#575=SURFACE_STYLE_USAGE(.POSITIVE.,#574);
#576=PRESENTATION_STYLE_ASSIGNMENT((#575));
#577=STYLED_ITEM('',(#576),#570);
#578=CARTESIAN_POINT('',(5.5E-1,4.687845987231E0,0.E0));
#579=DIRECTION('',(0.E0,0.E0,1.E0));
#580=DIRECTION('',(1.E0,0.E0,0.E0));
#581=AXIS2_PLACEMENT_3D('',#578,#579,#580);
#582=CYLINDRICAL_SURFACE('',#581,1.5E-1);
#583=ORIENTED_EDGE('',*,*,#520,.F.);
#585=ORIENTED_EDGE('',*,*,#584,.T.);
#587=ORIENTED_EDGE('',*,*,#586,.T.);
#588=ORIENTED_EDGE('',*,*,#562,.F.);
#589=EDGE_LOOP('',(#583,#585,#587,#588));
#590=FACE_OUTER_BOUND('',#589,.F.);
#592=FILL_AREA_STYLE_COLOUR('',#14);
#593=FILL_AREA_STYLE('',(#592));
#594=SURFACE_STYLE_FILL_AREA(#593);
#595=SURFACE_SIDE_STYLE('',(#594));
#596=SURFACE_STYLE_USAGE(.POSITIVE.,#595);
#597=PRESENTATION_STYLE_ASSIGNMENT((#596));
#598=STYLED_ITEM('',(#597),#591);
#599=CARTESIAN_POINT('',(0.E0,0.E0,0.E0));
#600=DIRECTION('',(0.E0,0.E0,1.E0));
#601=DIRECTION('',(1.E0,0.E0,0.E0));
#602=AXIS2_PLACEMENT_3D('',#599,#600,#601);
#603=CYLINDRICAL_SURFACE('',#602,4.57E0);
#604=ORIENTED_EDGE('',*,*,#518,.F.);
#606=ORIENTED_EDGE('',*,*,#605,.T.);
#608=ORIENTED_EDGE('',*,*,#607,.T.);
#609=ORIENTED_EDGE('',*,*,#584,.F.);
#610=EDGE_LOOP('',(#604,#606,#608,#609));
#611=FACE_OUTER_BOUND('',#610,.F.);
#613=FILL_AREA_STYLE_COLOUR('',#14);
#614=FILL_AREA_STYLE('',(#613));
#615=SURFACE_STYLE_FILL_AREA(#614);
#616=SURFACE_SIDE_STYLE('',(#615));
#617=SURFACE_STYLE_USAGE(.POSITIVE.,#616);
#618=PRESENTATION_STYLE_ASSIGNMENT((#617));
#619=STYLED_ITEM('',(#618),#612);
#620=CARTESIAN_POINT('',(-5.5E-1,4.687845987231E0,0.E0));
#621=DIRECTION('',(0.E0,0.E0,1.E0));
#622=DIRECTION('',(1.E0,0.E0,0.E0));
#623=AXIS2_PLACEMENT_3D('',#620,#621,#622);
#624=CYLINDRICAL_SURFACE('',#623,1.5E-1);
#625=ORIENTED_EDGE('',*,*,#516,.F.);
#627=ORIENTED_EDGE('',*,*,#626,.T.);
#629=ORIENTED_EDGE('',*,*,#628,.T.);
#630=ORIENTED_EDGE('',*,*,#605,.F.);
#631=EDGE_LOOP('',(#625,#627,#629,#630));
#632=FACE_OUTER_BOUND('',#631,.F.);
#634=FILL_AREA_STYLE_COLOUR('',#14);
#635=FILL_AREA_STYLE('',(#634));
#636=SURFACE_STYLE_FILL_AREA(#635);
#637=SURFACE_SIDE_STYLE('',(#636));
#638=SURFACE_STYLE_USAGE(.POSITIVE.,#637);
#639=PRESENTATION_STYLE_ASSIGNMENT((#638));
#640=STYLED_ITEM('',(#639),#633);
#641=CARTESIAN_POINT('',(-4.E-1,5.202460872978E0,0.E0));
#642=DIRECTION('',(-1.E0,0.E0,0.E0));
#643=DIRECTION('',(0.E0,-1.E0,0.E0));
#644=AXIS2_PLACEMENT_3D('',#641,#642,#643);
#645=PLANE('',#644);
#646=ORIENTED_EDGE('',*,*,#514,.F.);
#648=ORIENTED_EDGE('',*,*,#647,.T.);
#650=ORIENTED_EDGE('',*,*,#649,.T.);
#651=ORIENTED_EDGE('',*,*,#626,.F.);
#652=EDGE_LOOP('',(#646,#648,#650,#651));
#653=FACE_OUTER_BOUND('',#652,.F.);
#655=FILL_AREA_STYLE_COLOUR('',#14);
#656=FILL_AREA_STYLE('',(#655));
#657=SURFACE_STYLE_FILL_AREA(#656);
#658=SURFACE_SIDE_STYLE('',(#657));
#659=SURFACE_STYLE_USAGE(.POSITIVE.,#658);
#660=PRESENTATION_STYLE_ASSIGNMENT((#659));
#661=STYLED_ITEM('',(#660),#654);
#662=CARTESIAN_POINT('',(-2.5E-1,5.202460872978E0,0.E0));
#663=DIRECTION('',(0.E0,0.E0,1.E0));
#664=DIRECTION('',(1.E0,0.E0,0.E0));
#665=AXIS2_PLACEMENT_3D('',#662,#663,#664);
#666=CYLINDRICAL_SURFACE('',#665,1.5E-1);
#667=ORIENTED_EDGE('',*,*,#512,.F.);
#669=ORIENTED_EDGE('',*,*,#668,.T.);
#671=ORIENTED_EDGE('',*,*,#670,.T.);
#672=ORIENTED_EDGE('',*,*,#647,.F.);
#673=EDGE_LOOP('',(#667,#669,#671,#672));
#674=FACE_OUTER_BOUND('',#673,.F.);
#676=FILL_AREA_STYLE_COLOUR('',#14);
#677=FILL_AREA_STYLE('',(#676));
#678=SURFACE_STYLE_FILL_AREA(#677);
#679=SURFACE_SIDE_STYLE('',(#678));
#680=SURFACE_STYLE_USAGE(.POSITIVE.,#679);
#681=PRESENTATION_STYLE_ASSIGNMENT((#680));
#682=STYLED_ITEM('',(#681),#675);
#683=CARTESIAN_POINT('',(2.5E-1,5.352460872978E0,0.E0));
#684=DIRECTION('',(0.E0,1.E0,0.E0));
#685=DIRECTION('',(-1.E0,0.E0,0.E0));
#686=AXIS2_PLACEMENT_3D('',#683,#684,#685);
#687=PLANE('',#686);
#688=ORIENTED_EDGE('',*,*,#510,.F.);
#690=ORIENTED_EDGE('',*,*,#689,.T.);
#692=ORIENTED_EDGE('',*,*,#691,.T.);
#693=ORIENTED_EDGE('',*,*,#668,.F.);
#694=EDGE_LOOP('',(#688,#690,#692,#693));
#695=FACE_OUTER_BOUND('',#694,.F.);
#697=FILL_AREA_STYLE_COLOUR('',#14);
#698=FILL_AREA_STYLE('',(#697));
#699=SURFACE_STYLE_FILL_AREA(#698);
#700=SURFACE_SIDE_STYLE('',(#699));
#701=SURFACE_STYLE_USAGE(.POSITIVE.,#700);
#702=PRESENTATION_STYLE_ASSIGNMENT((#701));
#703=STYLED_ITEM('',(#702),#696);
#704=CARTESIAN_POINT('',(2.5E-1,5.202460872978E0,0.E0));
#705=DIRECTION('',(0.E0,0.E0,1.E0));
#706=DIRECTION('',(1.E0,0.E0,0.E0));
#707=AXIS2_PLACEMENT_3D('',#704,#705,#706);
#708=CYLINDRICAL_SURFACE('',#707,1.5E-1);
#709=ORIENTED_EDGE('',*,*,#508,.F.);
#710=ORIENTED_EDGE('',*,*,#566,.T.);
#712=ORIENTED_EDGE('',*,*,#711,.T.);
#713=ORIENTED_EDGE('',*,*,#689,.F.);
#714=EDGE_LOOP('',(#709,#710,#712,#713));
#715=FACE_OUTER_BOUND('',#714,.F.);
#717=FILL_AREA_STYLE_COLOUR('',#14);
#718=FILL_AREA_STYLE('',(#717));
#719=SURFACE_STYLE_FILL_AREA(#718);
#720=SURFACE_SIDE_STYLE('',(#719));
#721=SURFACE_STYLE_USAGE(.POSITIVE.,#720);
#722=PRESENTATION_STYLE_ASSIGNMENT((#721));
#723=STYLED_ITEM('',(#722),#716);
#724=CARTESIAN_POINT('',(0.E0,0.E0,4.E-1));
#725=DIRECTION('',(0.E0,0.E0,1.E0));
#726=DIRECTION('',(1.E0,0.E0,0.E0));
#727=AXIS2_PLACEMENT_3D('',#724,#725,#726);
#728=PLANE('',#727);
#729=ORIENTED_EDGE('',*,*,#564,.F.);
#730=ORIENTED_EDGE('',*,*,#586,.F.);
#731=ORIENTED_EDGE('',*,*,#607,.F.);
#732=ORIENTED_EDGE('',*,*,#628,.F.);
#733=ORIENTED_EDGE('',*,*,#649,.F.);
#734=ORIENTED_EDGE('',*,*,#670,.F.);
#735=ORIENTED_EDGE('',*,*,#691,.F.);
#736=ORIENTED_EDGE('',*,*,#711,.F.);
#737=EDGE_LOOP('',(#729,#730,#731,#732,#733,#734,#735,#736));
#738=FACE_OUTER_BOUND('',#737,.F.);
#740=ORIENTED_EDGE('',*,*,#739,.F.);
#742=ORIENTED_EDGE('',*,*,#741,.F.);
#743=EDGE_LOOP('',(#740,#742));
#744=FACE_BOUND('',#743,.F.);
#746=FILL_AREA_STYLE_COLOUR('',#14);
#747=FILL_AREA_STYLE('',(#746));
#748=SURFACE_STYLE_FILL_AREA(#747);
#749=SURFACE_SIDE_STYLE('',(#748));
#750=SURFACE_STYLE_USAGE(.POSITIVE.,#749);
#751=PRESENTATION_STYLE_ASSIGNMENT((#750));
#752=STYLED_ITEM('',(#751),#745);
#753=CARTESIAN_POINT('',(0.E0,0.E0,4.E-1));
#754=DIRECTION('',(0.E0,0.E0,1.E0));
#755=DIRECTION('',(1.E0,0.E0,0.E0));
#756=AXIS2_PLACEMENT_3D('',#753,#754,#755);
#757=PLANE('',#756);
#759=ORIENTED_EDGE('',*,*,#758,.T.);
#761=ORIENTED_EDGE('',*,*,#760,.T.);
#762=EDGE_LOOP('',(#759,#761));
#763=FACE_OUTER_BOUND('',#762,.F.);
#765=ORIENTED_EDGE('',*,*,#764,.T.);
#767=ORIENTED_EDGE('',*,*,#766,.T.);
#768=EDGE_LOOP('',(#765,#767));
#769=FACE_BOUND('',#768,.F.);
#771=FILL_AREA_STYLE_COLOUR('',#14);
#772=FILL_AREA_STYLE('',(#771));
#773=SURFACE_STYLE_FILL_AREA(#772);
#774=SURFACE_SIDE_STYLE('',(#773));
#775=SURFACE_STYLE_USAGE(.POSITIVE.,#774);
#776=PRESENTATION_STYLE_ASSIGNMENT((#775));
#777=STYLED_ITEM('',(#776),#770);
#778=CARTESIAN_POINT('',(0.E0,0.E0,6.E-1));
#779=DIRECTION('',(0.E0,0.E0,1.E0));
#780=DIRECTION('',(9.992009190380E-1,-3.996903043221E-2,0.E0));
#781=AXIS2_PLACEMENT_3D('',#778,#779,#780);
#782=TOROIDAL_SURFACE('',#781,4.01E0,2.E-1);
#783=ORIENTED_EDGE('',*,*,#764,.F.);
#785=ORIENTED_EDGE('',*,*,#784,.T.);
#787=ORIENTED_EDGE('',*,*,#786,.T.);
#789=ORIENTED_EDGE('',*,*,#788,.F.);
#790=EDGE_LOOP('',(#783,#785,#787,#789));
#791=FACE_OUTER_BOUND('',#790,.F.);
#793=FILL_AREA_STYLE_COLOUR('',#14);
#794=FILL_AREA_STYLE('',(#793));
#795=SURFACE_STYLE_FILL_AREA(#794);
#796=SURFACE_SIDE_STYLE('',(#795));
#797=SURFACE_STYLE_USAGE(.POSITIVE.,#796);
#798=PRESENTATION_STYLE_ASSIGNMENT((#797));
#799=STYLED_ITEM('',(#798),#792);
#800=CARTESIAN_POINT('',(0.E0,0.E0,6.E-1));
#801=DIRECTION('',(0.E0,0.E0,1.E0));
#802=DIRECTION('',(-9.992009190380E-1,3.996903043221E-2,0.E0));
#803=AXIS2_PLACEMENT_3D('',#800,#801,#802);
#804=TOROIDAL_SURFACE('',#803,4.01E0,2.E-1);
#805=ORIENTED_EDGE('',*,*,#766,.F.);
#806=ORIENTED_EDGE('',*,*,#788,.T.);
#808=ORIENTED_EDGE('',*,*,#807,.T.);
#809=ORIENTED_EDGE('',*,*,#784,.F.);
#810=EDGE_LOOP('',(#805,#806,#808,#809));
#811=FACE_OUTER_BOUND('',#810,.F.);
#813=FILL_AREA_STYLE_COLOUR('',#14);
#814=FILL_AREA_STYLE('',(#813));
#815=SURFACE_STYLE_FILL_AREA(#814);
#816=SURFACE_SIDE_STYLE('',(#815));
#817=SURFACE_STYLE_USAGE(.POSITIVE.,#816);
#818=PRESENTATION_STYLE_ASSIGNMENT((#817));
#819=STYLED_ITEM('',(#818),#812);
#820=CARTESIAN_POINT('',(0.E0,0.E0,0.E0));
#821=DIRECTION('',(0.E0,0.E0,1.E0));
#822=DIRECTION('',(1.E0,0.E0,0.E0));
#823=AXIS2_PLACEMENT_3D('',#820,#821,#822);
#824=CYLINDRICAL_SURFACE('',#823,3.81E0);
#826=ORIENTED_EDGE('',*,*,#825,.T.);
#828=ORIENTED_EDGE('',*,*,#827,.F.);
#829=ORIENTED_EDGE('',*,*,#807,.F.);
#831=ORIENTED_EDGE('',*,*,#830,.T.);
#832=EDGE_LOOP('',(#826,#828,#829,#831));
#833=FACE_OUTER_BOUND('',#832,.F.);
#835=FILL_AREA_STYLE_COLOUR('',#14);
#836=FILL_AREA_STYLE('',(#835));
#837=SURFACE_STYLE_FILL_AREA(#836);
#838=SURFACE_SIDE_STYLE('',(#837));
#839=SURFACE_STYLE_USAGE(.POSITIVE.,#838);
#840=PRESENTATION_STYLE_ASSIGNMENT((#839));
#841=STYLED_ITEM('',(#840),#834);
#842=CARTESIAN_POINT('',(0.E0,0.E0,1.3E0));
#843=DIRECTION('',(0.E0,0.E0,1.E0));
#844=DIRECTION('',(-9.992009190380E-1,3.996903043221E-2,0.E0));
#845=AXIS2_PLACEMENT_3D('',#842,#843,#844);
#846=TOROIDAL_SURFACE('',#845,3.61E0,2.E-1);
#848=ORIENTED_EDGE('',*,*,#847,.T.);
#850=ORIENTED_EDGE('',*,*,#849,.T.);
#851=ORIENTED_EDGE('',*,*,#825,.F.);
#853=ORIENTED_EDGE('',*,*,#852,.F.);
#854=EDGE_LOOP('',(#848,#850,#851,#853));
#855=FACE_OUTER_BOUND('',#854,.F.);
#857=FILL_AREA_STYLE_COLOUR('',#14);
#858=FILL_AREA_STYLE('',(#857));
#859=SURFACE_STYLE_FILL_AREA(#858);
#860=SURFACE_SIDE_STYLE('',(#859));
#861=SURFACE_STYLE_USAGE(.POSITIVE.,#860);
#862=PRESENTATION_STYLE_ASSIGNMENT((#861));
#863=STYLED_ITEM('',(#862),#856);
#864=CARTESIAN_POINT('',(0.E0,0.E0,1.5E0));
#865=DIRECTION('',(0.E0,0.E0,1.E0));
#866=DIRECTION('',(1.E0,0.E0,0.E0));
#867=AXIS2_PLACEMENT_3D('',#864,#865,#866);
#868=PLANE('',#867);
#870=ORIENTED_EDGE('',*,*,#869,.F.);
#871=ORIENTED_EDGE('',*,*,#847,.F.);
#872=EDGE_LOOP('',(#870,#871));
#873=FACE_OUTER_BOUND('',#872,.F.);
#875=ORIENTED_EDGE('',*,*,#874,.T.);
#877=ORIENTED_EDGE('',*,*,#876,.T.);
#878=EDGE_LOOP('',(#875,#877));
#879=FACE_BOUND('',#878,.F.);
#881=ORIENTED_EDGE('',*,*,#880,.T.);
#883=ORIENTED_EDGE('',*,*,#882,.T.);
#884=EDGE_LOOP('',(#881,#883));
#885=FACE_BOUND('',#884,.F.);
#887=ORIENTED_EDGE('',*,*,#886,.T.);
#889=ORIENTED_EDGE('',*,*,#888,.T.);
#890=EDGE_LOOP('',(#887,#889));
#891=FACE_BOUND('',#890,.F.);
#893=FILL_AREA_STYLE_COLOUR('',#14);
#894=FILL_AREA_STYLE('',(#893));
#895=SURFACE_STYLE_FILL_AREA(#894);
#896=SURFACE_SIDE_STYLE('',(#895));
#897=SURFACE_STYLE_USAGE(.POSITIVE.,#896);
#898=PRESENTATION_STYLE_ASSIGNMENT((#897));
#899=STYLED_ITEM('',(#898),#892);
#900=CARTESIAN_POINT('',(0.E0,0.E0,1.3E0));
#901=DIRECTION('',(0.E0,0.E0,1.E0));
#902=DIRECTION('',(9.992009190380E-1,-3.996903043221E-2,0.E0));
#903=AXIS2_PLACEMENT_3D('',#900,#901,#902);
#904=TOROIDAL_SURFACE('',#903,3.61E0,2.E-1);
#905=ORIENTED_EDGE('',*,*,#869,.T.);
#906=ORIENTED_EDGE('',*,*,#852,.T.);
#908=ORIENTED_EDGE('',*,*,#907,.F.);
#909=ORIENTED_EDGE('',*,*,#849,.F.);
#910=EDGE_LOOP('',(#905,#906,#908,#909));
#911=FACE_OUTER_BOUND('',#910,.F.);
#913=FILL_AREA_STYLE_COLOUR('',#14);
#914=FILL_AREA_STYLE('',(#913));
#915=SURFACE_STYLE_FILL_AREA(#914);
#916=SURFACE_SIDE_STYLE('',(#915));
#917=SURFACE_STYLE_USAGE(.POSITIVE.,#916);
#918=PRESENTATION_STYLE_ASSIGNMENT((#917));
#919=STYLED_ITEM('',(#918),#912);
#920=CARTESIAN_POINT('',(0.E0,0.E0,0.E0));
#921=DIRECTION('',(0.E0,0.E0,1.E0));
#922=DIRECTION('',(1.E0,0.E0,0.E0));
#923=AXIS2_PLACEMENT_3D('',#920,#921,#922);
#924=CYLINDRICAL_SURFACE('',#923,3.81E0);
#925=ORIENTED_EDGE('',*,*,#907,.T.);
#926=ORIENTED_EDGE('',*,*,#830,.F.);
#927=ORIENTED_EDGE('',*,*,#786,.F.);
#928=ORIENTED_EDGE('',*,*,#827,.T.);
#929=EDGE_LOOP('',(#925,#926,#927,#928));
#930=FACE_OUTER_BOUND('',#929,.F.);
#932=FILL_AREA_STYLE_COLOUR('',#14);
#933=FILL_AREA_STYLE('',(#932));
#934=SURFACE_STYLE_FILL_AREA(#933);
#935=SURFACE_SIDE_STYLE('',(#934));
#936=SURFACE_STYLE_USAGE(.POSITIVE.,#935);
#937=PRESENTATION_STYLE_ASSIGNMENT((#936));
#938=STYLED_ITEM('',(#937),#931);
#939=CARTESIAN_POINT('',(-1.1174E0,2.6977E0,1.5E0));
#940=DIRECTION('',(0.E0,0.E0,1.E0));
#941=DIRECTION('',(1.E0,0.E0,0.E0));
#942=AXIS2_PLACEMENT_3D('',#939,#940,#941);
#943=CYLINDRICAL_SURFACE('',#942,5.6E-1);
#944=ORIENTED_EDGE('',*,*,#874,.F.);
#946=ORIENTED_EDGE('',*,*,#945,.T.);
#947=ORIENTED_EDGE('',*,*,#524,.T.);
#949=ORIENTED_EDGE('',*,*,#948,.F.);
#950=EDGE_LOOP('',(#944,#946,#947,#949));
#951=FACE_OUTER_BOUND('',#950,.F.);
#953=FILL_AREA_STYLE_COLOUR('',#14);
#954=FILL_AREA_STYLE('',(#953));
#955=SURFACE_STYLE_FILL_AREA(#954);
#956=SURFACE_SIDE_STYLE('',(#955));
#957=SURFACE_STYLE_USAGE(.POSITIVE.,#956);
#958=PRESENTATION_STYLE_ASSIGNMENT((#957));
#959=STYLED_ITEM('',(#958),#952);
#960=CARTESIAN_POINT('',(-1.1174E0,2.6977E0,1.5E0));
#961=DIRECTION('',(0.E0,0.E0,1.E0));
#962=DIRECTION('',(1.E0,0.E0,0.E0));
#963=AXIS2_PLACEMENT_3D('',#960,#961,#962);
#964=CYLINDRICAL_SURFACE('',#963,5.6E-1);
#965=ORIENTED_EDGE('',*,*,#876,.F.);
#966=ORIENTED_EDGE('',*,*,#948,.T.);
#967=ORIENTED_EDGE('',*,*,#526,.T.);
#968=ORIENTED_EDGE('',*,*,#945,.F.);
#969=EDGE_LOOP('',(#965,#966,#967,#968));
#970=FACE_OUTER_BOUND('',#969,.F.);
#972=FILL_AREA_STYLE_COLOUR('',#14);
#973=FILL_AREA_STYLE('',(#972));
#974=SURFACE_STYLE_FILL_AREA(#973);
#975=SURFACE_SIDE_STYLE('',(#974));
#976=SURFACE_STYLE_USAGE(.POSITIVE.,#975);
#977=PRESENTATION_STYLE_ASSIGNMENT((#976));
#978=STYLED_ITEM('',(#977),#971);
#979=CARTESIAN_POINT('',(1.1174E0,2.6977E0,1.5E0));
#980=DIRECTION('',(0.E0,0.E0,1.E0));
#981=DIRECTION('',(1.E0,0.E0,0.E0));
#982=AXIS2_PLACEMENT_3D('',#979,#980,#981);
#983=CYLINDRICAL_SURFACE('',#982,5.6E-1);
#984=ORIENTED_EDGE('',*,*,#530,.T.);
#986=ORIENTED_EDGE('',*,*,#985,.F.);
#987=ORIENTED_EDGE('',*,*,#880,.F.);
#989=ORIENTED_EDGE('',*,*,#988,.T.);
#990=EDGE_LOOP('',(#984,#986,#987,#989));
#991=FACE_OUTER_BOUND('',#990,.F.);
#993=FILL_AREA_STYLE_COLOUR('',#14);
#994=FILL_AREA_STYLE('',(#993));
#995=SURFACE_STYLE_FILL_AREA(#994);
#996=SURFACE_SIDE_STYLE('',(#995));
#997=SURFACE_STYLE_USAGE(.POSITIVE.,#996);
#998=PRESENTATION_STYLE_ASSIGNMENT((#997));
#999=STYLED_ITEM('',(#998),#992);
#1000=CARTESIAN_POINT('',(1.1174E0,2.6977E0,1.5E0));
#1001=DIRECTION('',(0.E0,0.E0,1.E0));
#1002=DIRECTION('',(1.E0,0.E0,0.E0));
#1003=AXIS2_PLACEMENT_3D('',#1000,#1001,#1002);
#1004=CYLINDRICAL_SURFACE('',#1003,5.6E-1);
#1005=ORIENTED_EDGE('',*,*,#532,.T.);
#1006=ORIENTED_EDGE('',*,*,#988,.F.);
#1007=ORIENTED_EDGE('',*,*,#882,.F.);
#1008=ORIENTED_EDGE('',*,*,#985,.T.);
#1009=EDGE_LOOP('',(#1005,#1006,#1007,#1008));
#1010=FACE_OUTER_BOUND('',#1009,.F.);
#1012=FILL_AREA_STYLE_COLOUR('',#14);
#1013=FILL_AREA_STYLE('',(#1012));
#1014=SURFACE_STYLE_FILL_AREA(#1013);
#1015=SURFACE_SIDE_STYLE('',(#1014));
#1016=SURFACE_STYLE_USAGE(.POSITIVE.,#1015);
#1017=PRESENTATION_STYLE_ASSIGNMENT((#1016));
#1018=STYLED_ITEM('',(#1017),#1011);
#1019=CARTESIAN_POINT('',(-1.1174E0,-2.6977E0,1.5E0));
#1020=DIRECTION('',(0.E0,0.E0,1.E0));
#1021=DIRECTION('',(1.E0,0.E0,0.E0));
#1022=AXIS2_PLACEMENT_3D('',#1019,#1020,#1021);
#1023=CYLINDRICAL_SURFACE('',#1022,5.6E-1);
#1024=ORIENTED_EDGE('',*,*,#536,.T.);
#1026=ORIENTED_EDGE('',*,*,#1025,.F.);
#1027=ORIENTED_EDGE('',*,*,#886,.F.);
#1029=ORIENTED_EDGE('',*,*,#1028,.T.);
#1030=EDGE_LOOP('',(#1024,#1026,#1027,#1029));
#1031=FACE_OUTER_BOUND('',#1030,.F.);
#1033=FILL_AREA_STYLE_COLOUR('',#14);
#1034=FILL_AREA_STYLE('',(#1033));
#1035=SURFACE_STYLE_FILL_AREA(#1034);
#1036=SURFACE_SIDE_STYLE('',(#1035));
#1037=SURFACE_STYLE_USAGE(.POSITIVE.,#1036);
#1038=PRESENTATION_STYLE_ASSIGNMENT((#1037));
#1039=STYLED_ITEM('',(#1038),#1032);
#1040=CARTESIAN_POINT('',(-1.1174E0,-2.6977E0,1.5E0));
#1041=DIRECTION('',(0.E0,0.E0,1.E0));
#1042=DIRECTION('',(1.E0,0.E0,0.E0));
#1043=AXIS2_PLACEMENT_3D('',#1040,#1041,#1042);
#1044=CYLINDRICAL_SURFACE('',#1043,5.6E-1);
#1045=ORIENTED_EDGE('',*,*,#538,.T.);
#1046=ORIENTED_EDGE('',*,*,#1028,.F.);
#1047=ORIENTED_EDGE('',*,*,#888,.F.);
#1048=ORIENTED_EDGE('',*,*,#1025,.T.);
#1049=EDGE_LOOP('',(#1045,#1046,#1047,#1048));
#1050=FACE_OUTER_BOUND('',#1049,.F.);
#1052=FILL_AREA_STYLE_COLOUR('',#14);
#1053=FILL_AREA_STYLE('',(#1052));
#1054=SURFACE_STYLE_FILL_AREA(#1053);
#1055=SURFACE_SIDE_STYLE('',(#1054));
#1056=SURFACE_STYLE_USAGE(.POSITIVE.,#1055);
#1057=PRESENTATION_STYLE_ASSIGNMENT((#1056));
#1058=STYLED_ITEM('',(#1057),#1051);
#1059=CARTESIAN_POINT('',(0.E0,0.E0,4.25E-1));
#1060=DIRECTION('',(0.E0,0.E0,1.E0));
#1061=DIRECTION('',(0.E0,1.E0,0.E0));
#1062=AXIS2_PLACEMENT_3D('',#1059,#1060,#1061);
#1063=CONICAL_SURFACE('',#1062,4.234183174699E0,3.75E1);
#1064=ORIENTED_EDGE('',*,*,#758,.F.);
#1066=ORIENTED_EDGE('',*,*,#1065,.T.);
#1068=ORIENTED_EDGE('',*,*,#1067,.T.);
#1070=ORIENTED_EDGE('',*,*,#1069,.F.);
#1071=EDGE_LOOP('',(#1064,#1066,#1068,#1070));
#1072=FACE_OUTER_BOUND('',#1071,.F.);
#1074=FILL_AREA_STYLE_COLOUR('',#14);
#1075=FILL_AREA_STYLE('',(#1074));
#1076=SURFACE_STYLE_FILL_AREA(#1075);
#1077=SURFACE_SIDE_STYLE('',(#1076));
#1078=SURFACE_STYLE_USAGE(.POSITIVE.,#1077);
#1079=PRESENTATION_STYLE_ASSIGNMENT((#1078));
#1080=STYLED_ITEM('',(#1079),#1073);
#1081=CARTESIAN_POINT('',(0.E0,0.E0,4.25E-1));
#1082=DIRECTION('',(0.E0,0.E0,1.E0));
#1083=DIRECTION('',(0.E0,1.E0,0.E0));
#1084=AXIS2_PLACEMENT_3D('',#1081,#1082,#1083);
#1085=CONICAL_SURFACE('',#1084,4.234183174699E0,3.75E1);
#1086=ORIENTED_EDGE('',*,*,#760,.F.);
#1087=ORIENTED_EDGE('',*,*,#1069,.T.);
#1089=ORIENTED_EDGE('',*,*,#1088,.F.);
#1090=ORIENTED_EDGE('',*,*,#1065,.F.);
#1091=EDGE_LOOP('',(#1086,#1087,#1089,#1090));
#1092=FACE_OUTER_BOUND('',#1091,.F.);
#1094=FILL_AREA_STYLE_COLOUR('',#14);
#1095=FILL_AREA_STYLE('',(#1094));
#1096=SURFACE_STYLE_FILL_AREA(#1095);
#1097=SURFACE_SIDE_STYLE('',(#1096));
#1098=SURFACE_STYLE_USAGE(.POSITIVE.,#1097);
#1099=PRESENTATION_STYLE_ASSIGNMENT((#1098));
#1100=STYLED_ITEM('',(#1099),#1093);
#1101=CARTESIAN_POINT('',(0.E0,0.E0,4.5E-1));
#1102=DIRECTION('',(0.E0,0.E0,-1.E0));
#1103=DIRECTION('',(0.E0,-1.E0,0.E0));
#1104=AXIS2_PLACEMENT_3D('',#1101,#1102,#1103);
#1105=PLANE('',#1104);
#1107=ORIENTED_EDGE('',*,*,#1106,.F.);
#1109=ORIENTED_EDGE('',*,*,#1108,.T.);
#1110=EDGE_LOOP('',(#1107,#1109));
#1111=FACE_OUTER_BOUND('',#1110,.F.);
#1112=ORIENTED_EDGE('',*,*,#1067,.F.);
#1113=ORIENTED_EDGE('',*,*,#1088,.T.);
#1114=EDGE_LOOP('',(#1112,#1113));
#1115=FACE_BOUND('',#1114,.F.);
#1117=FILL_AREA_STYLE_COLOUR('',#14);
#1118=FILL_AREA_STYLE('',(#1117));
#1119=SURFACE_STYLE_FILL_AREA(#1118);
#1120=SURFACE_SIDE_STYLE('',(#1119));
#1121=SURFACE_STYLE_USAGE(.POSITIVE.,#1120);
#1122=PRESENTATION_STYLE_ASSIGNMENT((#1121));
#1123=STYLED_ITEM('',(#1122),#1116);
#1124=CARTESIAN_POINT('',(0.E0,0.E0,4.25E-1));
#1125=DIRECTION('',(0.E0,0.E0,-1.E0));
#1126=DIRECTION('',(0.E0,-1.E0,0.E0));
#1127=AXIS2_PLACEMENT_3D('',#1124,#1125,#1126);
#1128=CONICAL_SURFACE('',#1127,4.395816825301E0,3.75E1);
#1129=ORIENTED_EDGE('',*,*,#741,.T.);
#1131=ORIENTED_EDGE('',*,*,#1130,.F.);
#1132=ORIENTED_EDGE('',*,*,#1106,.T.);
#1134=ORIENTED_EDGE('',*,*,#1133,.T.);
#1135=EDGE_LOOP('',(#1129,#1131,#1132,#1134));
#1136=FACE_OUTER_BOUND('',#1135,.F.);
#1138=FILL_AREA_STYLE_COLOUR('',#14);
#1139=FILL_AREA_STYLE('',(#1138));
#1140=SURFACE_STYLE_FILL_AREA(#1139);
#1141=SURFACE_SIDE_STYLE('',(#1140));
#1142=SURFACE_STYLE_USAGE(.POSITIVE.,#1141);
#1143=PRESENTATION_STYLE_ASSIGNMENT((#1142));
#1144=STYLED_ITEM('',(#1143),#1137);
#1145=CARTESIAN_POINT('',(0.E0,0.E0,4.25E-1));
#1146=DIRECTION('',(0.E0,0.E0,-1.E0));
#1147=DIRECTION('',(0.E0,-1.E0,0.E0));
#1148=AXIS2_PLACEMENT_3D('',#1145,#1146,#1147);
#1149=CONICAL_SURFACE('',#1148,4.395816825301E0,3.75E1);
#1150=ORIENTED_EDGE('',*,*,#739,.T.);
#1151=ORIENTED_EDGE('',*,*,#1133,.F.);
#1152=ORIENTED_EDGE('',*,*,#1108,.F.);
#1153=ORIENTED_EDGE('',*,*,#1130,.T.);
#1154=EDGE_LOOP('',(#1150,#1151,#1152,#1153));
#1155=FACE_OUTER_BOUND('',#1154,.F.);
#1157=FILL_AREA_STYLE_COLOUR('',#14);
#1158=FILL_AREA_STYLE('',(#1157));
#1159=SURFACE_STYLE_FILL_AREA(#1158);
#1160=SURFACE_SIDE_STYLE('',(#1159));
#1161=SURFACE_STYLE_USAGE(.POSITIVE.,#1160);
#1162=PRESENTATION_STYLE_ASSIGNMENT((#1161));
#1163=STYLED_ITEM('',(#1162),#1156);
#1164=CARTESIAN_POINT('',(1.1174E0,-2.6977E0,1.E-1));
#1165=DIRECTION('',(0.E0,0.E0,-1.E0));
#1166=DIRECTION('',(-9.300241615019E-1,3.674983796192E-1,0.E0));
#1167=AXIS2_PLACEMENT_3D('',#1164,#1165,#1166);
#1168=TOROIDAL_SURFACE('',#1167,6.75E-1,1.E-1);
#1169=ORIENTED_EDGE('',*,*,#542,.T.);
#1171=ORIENTED_EDGE('',*,*,#1170,.T.);
#1173=ORIENTED_EDGE('',*,*,#1172,.F.);
#1175=ORIENTED_EDGE('',*,*,#1174,.F.);
#1176=EDGE_LOOP('',(#1169,#1171,#1173,#1175));
#1177=FACE_OUTER_BOUND('',#1176,.F.);
#1179=FILL_AREA_STYLE_COLOUR('',#14);
#1180=FILL_AREA_STYLE('',(#1179));
#1181=SURFACE_STYLE_FILL_AREA(#1180);
#1182=SURFACE_SIDE_STYLE('',(#1181));
#1183=SURFACE_STYLE_USAGE(.POSITIVE.,#1182);
#1184=PRESENTATION_STYLE_ASSIGNMENT((#1183));
#1185=STYLED_ITEM('',(#1184),#1178);
#1186=CARTESIAN_POINT('',(1.1174E0,-2.6977E0,1.E-1));
#1187=DIRECTION('',(0.E0,0.E0,-1.E0));
#1188=DIRECTION('',(9.300241615019E-1,-3.674983796192E-1,0.E0));
#1189=AXIS2_PLACEMENT_3D('',#1186,#1187,#1188);
#1190=TOROIDAL_SURFACE('',#1189,6.75E-1,1.E-1);
#1191=ORIENTED_EDGE('',*,*,#544,.T.);
#1192=ORIENTED_EDGE('',*,*,#1174,.T.);
#1194=ORIENTED_EDGE('',*,*,#1193,.F.);
#1195=ORIENTED_EDGE('',*,*,#1170,.F.);
#1196=EDGE_LOOP('',(#1191,#1192,#1194,#1195));
#1197=FACE_OUTER_BOUND('',#1196,.F.);
#1199=FILL_AREA_STYLE_COLOUR('',#14);
#1200=FILL_AREA_STYLE('',(#1199));
#1201=SURFACE_STYLE_FILL_AREA(#1200);
#1202=SURFACE_SIDE_STYLE('',(#1201));
#1203=SURFACE_STYLE_USAGE(.POSITIVE.,#1202);
#1204=PRESENTATION_STYLE_ASSIGNMENT((#1203));
#1205=STYLED_ITEM('',(#1204),#1198);
#1206=CARTESIAN_POINT('',(1.1174E0,-2.6977E0,0.E0));
#1207=DIRECTION('',(0.E0,0.E0,-1.E0));
#1208=DIRECTION('',(-1.E0,0.E0,0.E0));
#1209=AXIS2_PLACEMENT_3D('',#1206,#1207,#1208);
#1210=CYLINDRICAL_SURFACE('',#1209,5.75E-1);
#1212=ORIENTED_EDGE('',*,*,#1211,.F.);
#1214=ORIENTED_EDGE('',*,*,#1213,.F.);
#1215=ORIENTED_EDGE('',*,*,#1193,.T.);
#1217=ORIENTED_EDGE('',*,*,#1216,.T.);
#1218=EDGE_LOOP('',(#1212,#1214,#1215,#1217));
#1219=FACE_OUTER_BOUND('',#1218,.F.);
#1221=FILL_AREA_STYLE_COLOUR('',#14);
#1222=FILL_AREA_STYLE('',(#1221));
#1223=SURFACE_STYLE_FILL_AREA(#1222);
#1224=SURFACE_SIDE_STYLE('',(#1223));
#1225=SURFACE_STYLE_USAGE(.POSITIVE.,#1224);
#1226=PRESENTATION_STYLE_ASSIGNMENT((#1225));
#1227=STYLED_ITEM('',(#1226),#1220);
#1228=CARTESIAN_POINT('',(1.1174E0,-2.6977E0,2.E-1));
#1229=DIRECTION('',(0.E0,0.E0,-1.E0));
#1230=DIRECTION('',(9.300241615019E-1,-3.674983796192E-1,0.E0));
#1231=AXIS2_PLACEMENT_3D('',#1228,#1229,#1230);
#1232=TOROIDAL_SURFACE('',#1231,4.75E-1,1.E-1);
#1234=ORIENTED_EDGE('',*,*,#1233,.F.);
#1236=ORIENTED_EDGE('',*,*,#1235,.T.);
#1237=ORIENTED_EDGE('',*,*,#1211,.T.);
#1239=ORIENTED_EDGE('',*,*,#1238,.F.);
#1240=EDGE_LOOP('',(#1234,#1236,#1237,#1239));
#1241=FACE_OUTER_BOUND('',#1240,.F.);
#1243=FILL_AREA_STYLE_COLOUR('',#14);
#1244=FILL_AREA_STYLE('',(#1243));
#1245=SURFACE_STYLE_FILL_AREA(#1244);
#1246=SURFACE_SIDE_STYLE('',(#1245));
#1247=SURFACE_STYLE_USAGE(.POSITIVE.,#1246);
#1248=PRESENTATION_STYLE_ASSIGNMENT((#1247));
#1249=STYLED_ITEM('',(#1248),#1242);
#1250=CARTESIAN_POINT('',(0.E0,0.E0,3.E-1));
#1251=DIRECTION('',(0.E0,0.E0,-1.E0));
#1252=DIRECTION('',(-1.E0,0.E0,0.E0));
#1253=AXIS2_PLACEMENT_3D('',#1250,#1251,#1252);
#1254=PLANE('',#1253);
#1256=ORIENTED_EDGE('',*,*,#1255,.T.);
#1257=ORIENTED_EDGE('',*,*,#1233,.T.);
#1258=EDGE_LOOP('',(#1256,#1257));
#1259=FACE_OUTER_BOUND('',#1258,.F.);
#1261=FILL_AREA_STYLE_COLOUR('',#14);
#1262=FILL_AREA_STYLE('',(#1261));
#1263=SURFACE_STYLE_FILL_AREA(#1262);
#1264=SURFACE_SIDE_STYLE('',(#1263));
#1265=SURFACE_STYLE_USAGE(.POSITIVE.,#1264);
#1266=PRESENTATION_STYLE_ASSIGNMENT((#1265));
#1267=STYLED_ITEM('',(#1266),#1260);
#1268=CARTESIAN_POINT('',(1.1174E0,-2.6977E0,2.E-1));
#1269=DIRECTION('',(0.E0,0.E0,-1.E0));
#1270=DIRECTION('',(-9.300241615019E-1,3.674983796192E-1,0.E0));
#1271=AXIS2_PLACEMENT_3D('',#1268,#1269,#1270);
#1272=TOROIDAL_SURFACE('',#1271,4.75E-1,1.E-1);
#1273=ORIENTED_EDGE('',*,*,#1255,.F.);
#1274=ORIENTED_EDGE('',*,*,#1238,.T.);
#1276=ORIENTED_EDGE('',*,*,#1275,.T.);
#1277=ORIENTED_EDGE('',*,*,#1235,.F.);
#1278=EDGE_LOOP('',(#1273,#1274,#1276,#1277));
#1279=FACE_OUTER_BOUND('',#1278,.F.);
#1281=FILL_AREA_STYLE_COLOUR('',#14);
#1282=FILL_AREA_STYLE('',(#1281));
#1283=SURFACE_STYLE_FILL_AREA(#1282);
#1284=SURFACE_SIDE_STYLE('',(#1283));
#1285=SURFACE_STYLE_USAGE(.POSITIVE.,#1284);
#1286=PRESENTATION_STYLE_ASSIGNMENT((#1285));
#1287=STYLED_ITEM('',(#1286),#1280);
#1288=CARTESIAN_POINT('',(1.1174E0,-2.6977E0,0.E0));
#1289=DIRECTION('',(0.E0,0.E0,-1.E0));
#1290=DIRECTION('',(-1.E0,0.E0,0.E0));
#1291=AXIS2_PLACEMENT_3D('',#1288,#1289,#1290);
#1292=CYLINDRICAL_SURFACE('',#1291,5.75E-1);
#1293=ORIENTED_EDGE('',*,*,#1275,.F.);
#1294=ORIENTED_EDGE('',*,*,#1216,.F.);
#1295=ORIENTED_EDGE('',*,*,#1172,.T.);
#1296=ORIENTED_EDGE('',*,*,#1213,.T.);
#1297=EDGE_LOOP('',(#1293,#1294,#1295,#1296));
#1298=FACE_OUTER_BOUND('',#1297,.F.);
#1300=FILL_AREA_STYLE_COLOUR('',#14);
#1301=FILL_AREA_STYLE('',(#1300));
#1302=SURFACE_STYLE_FILL_AREA(#1301);
#1303=SURFACE_SIDE_STYLE('',(#1302));
#1304=SURFACE_STYLE_USAGE(.POSITIVE.,#1303);
#1305=PRESENTATION_STYLE_ASSIGNMENT((#1304));
#1306=STYLED_ITEM('',(#1305),#1299);
#1311=PLANE_ANGLE_MEASURE_WITH_UNIT(PLANE_ANGLE_MEASURE(1.745329251994E-2),
#1310);
#1312=(CONVERSION_BASED_UNIT('DEGREE',#1311)NAMED_UNIT(*)PLANE_ANGLE_UNIT());
#1314=UNCERTAINTY_MEASURE_WITH_UNIT(LENGTH_MEASURE(9.906E-3),#1309,
'distance_accuracy_value',
'Maximum model space distance between geometric entities at asserted connectivities');
#1316=CARTESIAN_POINT('',(0.E0,0.E0,0.E0));
#1317=DIRECTION('',(0.E0,0.E0,1.E0));
#1318=DIRECTION('',(1.E0,0.E0,0.E0));
#1321=APPLICATION_CONTEXT('automotive_design');
#1322=APPLICATION_PROTOCOL_DEFINITION('international standard',
'automotive_design',2001,#1321);
#1323=PRODUCT_DEFINITION_CONTEXT('part definition',#1321,'design');
#1324=PRODUCT_CONTEXT('',#1321,'mechanical');
#1325=PRODUCT('9064X_BASE','9064X_BASE','NOT SPECIFIED',(#1324));
#1326=PRODUCT_DEFINITION_FORMATION('10','LAST_VERSION',#1325);
#1334=DERIVED_UNIT_ELEMENT(#1333,2.E0);
#1335=DERIVED_UNIT((#1334));
#1336=MEASURE_REPRESENTATION_ITEM('surface area measure',AREA_MEASURE(
1.787700831587E2),#1335);
#1341=DERIVED_UNIT_ELEMENT(#1340,3.E0);
#1342=DERIVED_UNIT((#1341));
#1343=MEASURE_REPRESENTATION_ITEM('volume measure',VOLUME_MEASURE(
7.213847191139E1),#1342);
#1347=CARTESIAN_POINT('centre point',(1.805459849140E-2,-2.634518172180E-2,
6.858300795443E-1));
#1352=DERIVED_UNIT_ELEMENT(#1351,2.E0);
#1353=DERIVED_UNIT((#1352));
#1354=MEASURE_REPRESENTATION_ITEM('surface area measure',AREA_MEASURE(
1.787700831587E2),#1353);
#1359=DERIVED_UNIT_ELEMENT(#1358,3.E0);
#1360=DERIVED_UNIT((#1359));
#1361=MEASURE_REPRESENTATION_ITEM('volume measure',VOLUME_MEASURE(
7.213847191139E1),#1360);
#1365=CARTESIAN_POINT('centre point',(1.805459849140E-2,-2.634518172180E-2,
6.858300795443E-1));
#1375=CARTESIAN_POINT('centre point',(1.985283891925E-1,1.545267308177E-1,
-8.141699204557E-1));
#1379=CARTESIAN_POINT('',(1.804737907011E-1,1.808719125395E-1,-1.5E0));
#1380=DIRECTION('',(0.E0,0.E0,1.E0));
#1381=DIRECTION('',(1.E0,0.E0,0.E0));
#1382=AXIS2_PLACEMENT_3D('',#1379,#1380,#1381);
#1383=ITEM_DEFINED_TRANSFORMATION('','',#1319,#1382);
#1384=(REPRESENTATION_RELATIONSHIP('','',#1320,#1372)REPRESENTATION_RELATIONSHIP_WITH_TRANSFORMATION(#1383)SHAPE_REPRESENTATION_RELATIONSHIP());
#1385=CONTEXT_DEPENDENT_SHAPE_REPRESENTATION(#1384,#1374);
#1387=CARTESIAN_POINT('',(0.E0,7.5E-1,0.E0));
#1388=DIRECTION('',(0.E0,1.E0,0.E0));
#1389=DIRECTION('',(-1.E0,0.E0,0.E0));
#1390=AXIS2_PLACEMENT_3D('',#1387,#1388,#1389);
#1392=CARTESIAN_POINT('',(-2.25E-1,7.5E-1,0.E0));
#1393=CARTESIAN_POINT('',(-2.808333333333E-1,7.166666666667E-1,0.E0));
#1394=CARTESIAN_POINT('',(-3.925E-1,6.833333333333E-1,0.E0));
#1395=CARTESIAN_POINT('',(-5.041666666667E-1,7.166666666667E-1,0.E0));
#1396=CARTESIAN_POINT('',(-5.6E-1,7.5E-1,0.E0));
#1398=CARTESIAN_POINT('',(2.25E-1,7.5E-1,0.E0));
#1399=CARTESIAN_POINT('',(2.808333333333E-1,7.166666666667E-1,0.E0));
#1400=CARTESIAN_POINT('',(3.925E-1,6.833333333333E-1,0.E0));
#1401=CARTESIAN_POINT('',(5.041666666667E-1,7.166666666667E-1,0.E0));
#1402=CARTESIAN_POINT('',(5.6E-1,7.5E-1,0.E0));
#1404=CARTESIAN_POINT('',(0.E0,7.5E-1,0.E0));
#1405=DIRECTION('',(0.E0,-1.E0,0.E0));
#1406=DIRECTION('',(-1.E0,0.E0,0.E0));
#1407=AXIS2_PLACEMENT_3D('',#1404,#1405,#1406);
#1409=DIRECTION('',(0.E0,-1.E0,0.E0));
#1410=VECTOR('',#1409,1.5E0);
#1411=CARTESIAN_POINT('',(-5.6E-1,7.5E-1,0.E0));
#1412=LINE('',#1411,#1410);
#1413=DIRECTION('',(0.E0,-1.E0,0.E0));
#1414=VECTOR('',#1413,1.5E0);
#1415=CARTESIAN_POINT('',(5.6E-1,7.5E-1,0.E0));
#1416=LINE('',#1415,#1414);
#1417=CARTESIAN_POINT('',(0.E0,7.5E-1,0.E0));
#1418=DIRECTION('',(0.E0,-1.E0,0.E0));
#1419=DIRECTION('',(-1.E0,0.E0,0.E0));
#1420=AXIS2_PLACEMENT_3D('',#1417,#1418,#1419);
#1422=CARTESIAN_POINT('',(0.E0,7.5E-1,0.E0));
#1423=DIRECTION('',(0.E0,1.E0,0.E0));
#1424=DIRECTION('',(-1.E0,0.E0,0.E0));
#1425=AXIS2_PLACEMENT_3D('',#1422,#1423,#1424);
#1427=CARTESIAN_POINT('',(0.E0,-7.5E-1,0.E0));
#1428=DIRECTION('',(0.E0,1.E0,0.E0));
#1429=DIRECTION('',(-1.E0,0.E0,0.E0));
#1430=AXIS2_PLACEMENT_3D('',#1427,#1428,#1429);
#1432=CARTESIAN_POINT('',(-5.6E-1,-7.5E-1,0.E0));
#1433=CARTESIAN_POINT('',(-5.041666666667E-1,-7.166666666667E-1,0.E0));
#1434=CARTESIAN_POINT('',(-3.925E-1,-6.833333333333E-1,0.E0));
#1435=CARTESIAN_POINT('',(-2.808333333333E-1,-7.166666666667E-1,0.E0));
#1436=CARTESIAN_POINT('',(-2.25E-1,-7.5E-1,0.E0));
#1438=CARTESIAN_POINT('',(5.6E-1,-7.5E-1,0.E0));
#1439=CARTESIAN_POINT('',(5.041666666667E-1,-7.166666666667E-1,0.E0));
#1440=CARTESIAN_POINT('',(3.925E-1,-6.833333333333E-1,0.E0));
#1441=CARTESIAN_POINT('',(2.808333333333E-1,-7.166666666667E-1,0.E0));
#1442=CARTESIAN_POINT('',(2.25E-1,-7.5E-1,0.E0));
#1444=CARTESIAN_POINT('',(0.E0,-7.5E-1,0.E0));
#1445=DIRECTION('',(0.E0,-1.E0,0.E0));
#1446=DIRECTION('',(-1.E0,0.E0,0.E0));
#1447=AXIS2_PLACEMENT_3D('',#1444,#1445,#1446);
#1449=DIRECTION('',(0.E0,1.E0,0.E0));
#1450=VECTOR('',#1449,1.5E0);
#1451=CARTESIAN_POINT('',(-2.25E-1,-7.5E-1,0.E0));
#1452=LINE('',#1451,#1450);
#1453=DIRECTION('',(0.E0,1.E0,0.E0));
#1454=VECTOR('',#1453,1.5E0);
#1455=CARTESIAN_POINT('',(2.25E-1,-7.5E-1,0.E0));
#1456=LINE('',#1455,#1454);
#1457=CARTESIAN_POINT('',(0.E0,-7.5E-1,0.E0));
#1458=DIRECTION('',(0.E0,-1.E0,0.E0));
#1459=DIRECTION('',(-1.E0,0.E0,0.E0));
#1460=AXIS2_PLACEMENT_3D('',#1457,#1458,#1459);
#1462=CARTESIAN_POINT('',(0.E0,-7.5E-1,0.E0));
#1463=DIRECTION('',(0.E0,1.E0,0.E0));
#1464=DIRECTION('',(-1.E0,0.E0,0.E0));
#1465=AXIS2_PLACEMENT_3D('',#1462,#1463,#1464);
#1467=VERTEX_POINT('',#1392);
#1468=VERTEX_POINT('',#1396);
#1469=CARTESIAN_POINT('',(-5.6E-1,-7.5E-1,0.E0));
#1470=VERTEX_POINT('',#1469);
#1471=VERTEX_POINT('',#1436);
#1472=VERTEX_POINT('',#1398);
#1473=VERTEX_POINT('',#1402);
#1474=CARTESIAN_POINT('',(5.6E-1,-7.5E-1,0.E0));
#1475=VERTEX_POINT('',#1474);
#1476=VERTEX_POINT('',#1442);
#1477=CARTESIAN_POINT('',(-6.091409194670E-1,7.836414132101E-1,0.E0));
#1478=CARTESIAN_POINT('',(-5.927606129780E-1,7.709930918595E-1,0.E0));
#1479=CARTESIAN_POINT('',(-5.205469731557E-1,7.215563103947E-1,0.E0));
#1480=CARTESIAN_POINT('',(-3.925E-1,6.833333333333E-1,0.E0));
#1481=CARTESIAN_POINT('',(-2.630799697140E-1,7.219661781948E-1,0.E0));
#1482=CARTESIAN_POINT('',(-1.894932727614E-1,7.728831354588E-1,0.E0));
#1483=CARTESIAN_POINT('',(-1.717399091421E-1,7.868523372076E-1,0.E0));
#1485=DRAUGHTING_PRE_DEFINED_CURVE_FONT('continuous');
#1486=CURVE_STYLE('',#1485,POSITIVE_LENGTH_MEASURE(2.E-2),#1386);
#1487=PRESENTATION_STYLE_ASSIGNMENT((#1486));
#1488=STYLED_ITEM('',(#1487),#1484);
#1489=CARTESIAN_POINT('',(0.E0,-8.25E-1,0.E0));
#1490=DIRECTION('',(0.E0,1.E0,0.E0));
#1491=AXIS1_PLACEMENT('',#1489,#1490);
#1492=SURFACE_OF_REVOLUTION('',#1484,#1491);
#1494=ORIENTED_EDGE('',*,*,#1493,.F.);
#1496=ORIENTED_EDGE('',*,*,#1495,.T.);
#1498=ORIENTED_EDGE('',*,*,#1497,.T.);
#1500=ORIENTED_EDGE('',*,*,#1499,.F.);
#1501=EDGE_LOOP('',(#1494,#1496,#1498,#1500));
#1502=FACE_OUTER_BOUND('',#1501,.F.);
#1504=FILL_AREA_STYLE_COLOUR('',#1386);
#1505=FILL_AREA_STYLE('',(#1504));
#1506=SURFACE_STYLE_FILL_AREA(#1505);
#1507=SURFACE_SIDE_STYLE('',(#1506));
#1508=SURFACE_STYLE_USAGE(.POSITIVE.,#1507);
#1509=PRESENTATION_STYLE_ASSIGNMENT((#1508));
#1510=STYLED_ITEM('',(#1509),#1503);
#1511=CARTESIAN_POINT('',(-6.091409194670E-1,7.836414132101E-1,0.E0));
#1512=CARTESIAN_POINT('',(-5.927606129780E-1,7.709930918595E-1,0.E0));
#1513=CARTESIAN_POINT('',(-5.205469731557E-1,7.215563103947E-1,0.E0));
#1514=CARTESIAN_POINT('',(-3.925E-1,6.833333333333E-1,0.E0));
#1515=CARTESIAN_POINT('',(-2.630799697140E-1,7.219661781948E-1,0.E0));
#1516=CARTESIAN_POINT('',(-1.894932727614E-1,7.728831354588E-1,0.E0));
#1517=CARTESIAN_POINT('',(-1.717399091421E-1,7.868523372076E-1,0.E0));
#1519=CURVE_STYLE('',#1485,POSITIVE_LENGTH_MEASURE(2.E-2),#1386);
#1520=PRESENTATION_STYLE_ASSIGNMENT((#1519));
#1521=STYLED_ITEM('',(#1520),#1518);
#1522=CARTESIAN_POINT('',(0.E0,-8.25E-1,0.E0));
#1523=DIRECTION('',(0.E0,1.E0,0.E0));
#1524=AXIS1_PLACEMENT('',#1522,#1523);
#1525=SURFACE_OF_REVOLUTION('',#1518,#1524);
#1526=ORIENTED_EDGE('',*,*,#1493,.T.);
#1528=ORIENTED_EDGE('',*,*,#1527,.T.);
#1529=ORIENTED_EDGE('',*,*,#1497,.F.);
#1531=ORIENTED_EDGE('',*,*,#1530,.F.);
#1532=EDGE_LOOP('',(#1526,#1528,#1529,#1531));
#1533=FACE_OUTER_BOUND('',#1532,.F.);
#1535=FILL_AREA_STYLE_COLOUR('',#1386);
#1536=FILL_AREA_STYLE('',(#1535));
#1537=SURFACE_STYLE_FILL_AREA(#1536);
#1538=SURFACE_SIDE_STYLE('',(#1537));
#1539=SURFACE_STYLE_USAGE(.POSITIVE.,#1538);
#1540=PRESENTATION_STYLE_ASSIGNMENT((#1539));
#1541=STYLED_ITEM('',(#1540),#1534);
#1542=CARTESIAN_POINT('',(0.E0,-8.25E-1,0.E0));
#1543=DIRECTION('',(0.E0,1.E0,0.E0));
#1544=DIRECTION('',(1.E0,0.E0,0.E0));
#1545=AXIS2_PLACEMENT_3D('',#1542,#1543,#1544);
#1546=CYLINDRICAL_SURFACE('',#1545,5.6E-1);
#1548=ORIENTED_EDGE('',*,*,#1547,.T.);
#1550=ORIENTED_EDGE('',*,*,#1549,.T.);
#1552=ORIENTED_EDGE('',*,*,#1551,.F.);
#1553=ORIENTED_EDGE('',*,*,#1527,.F.);
#1554=EDGE_LOOP('',(#1548,#1550,#1552,#1553));
#1555=FACE_OUTER_BOUND('',#1554,.F.);
#1557=FILL_AREA_STYLE_COLOUR('',#1386);
#1558=FILL_AREA_STYLE('',(#1557));
#1559=SURFACE_STYLE_FILL_AREA(#1558);
#1560=SURFACE_SIDE_STYLE('',(#1559));
#1561=SURFACE_STYLE_USAGE(.POSITIVE.,#1560);
#1562=PRESENTATION_STYLE_ASSIGNMENT((#1561));
#1563=STYLED_ITEM('',(#1562),#1556);
#1564=CARTESIAN_POINT('',(0.E0,-8.25E-1,0.E0));
#1565=DIRECTION('',(0.E0,1.E0,0.E0));
#1566=DIRECTION('',(1.E0,0.E0,0.E0));
#1567=AXIS2_PLACEMENT_3D('',#1564,#1565,#1566);
#1568=CYLINDRICAL_SURFACE('',#1567,5.6E-1);
#1569=ORIENTED_EDGE('',*,*,#1547,.F.);
#1570=ORIENTED_EDGE('',*,*,#1499,.T.);
#1571=ORIENTED_EDGE('',*,*,#1551,.T.);
#1573=ORIENTED_EDGE('',*,*,#1572,.F.);
#1574=EDGE_LOOP('',(#1569,#1570,#1571,#1573));
#1575=FACE_OUTER_BOUND('',#1574,.F.);
#1577=FILL_AREA_STYLE_COLOUR('',#1386);
#1578=FILL_AREA_STYLE('',(#1577));
#1579=SURFACE_STYLE_FILL_AREA(#1578);
#1580=SURFACE_SIDE_STYLE('',(#1579));
#1581=SURFACE_STYLE_USAGE(.POSITIVE.,#1580);
#1582=PRESENTATION_STYLE_ASSIGNMENT((#1581));
#1583=STYLED_ITEM('',(#1582),#1576);
#1584=CARTESIAN_POINT('',(-1.758590805330E-1,-7.836414132101E-1,0.E0));
#1585=CARTESIAN_POINT('',(-1.922393870220E-1,-7.709930918595E-1,0.E0));
#1586=CARTESIAN_POINT('',(-2.644530268443E-1,-7.215563103947E-1,0.E0));
#1587=CARTESIAN_POINT('',(-3.925E-1,-6.833333333333E-1,0.E0));
#1588=CARTESIAN_POINT('',(-5.219200302860E-1,-7.219661781948E-1,0.E0));
#1589=CARTESIAN_POINT('',(-5.955067272386E-1,-7.728831354588E-1,0.E0));
#1590=CARTESIAN_POINT('',(-6.132600908579E-1,-7.868523372076E-1,0.E0));
#1592=CURVE_STYLE('',#1485,POSITIVE_LENGTH_MEASURE(2.E-2),#1386);
#1593=PRESENTATION_STYLE_ASSIGNMENT((#1592));
#1594=STYLED_ITEM('',(#1593),#1591);
#1595=CARTESIAN_POINT('',(0.E0,-8.25E-1,0.E0));
#1596=DIRECTION('',(0.E0,1.E0,0.E0));
#1597=AXIS1_PLACEMENT('',#1595,#1596);
#1598=SURFACE_OF_REVOLUTION('',#1591,#1597);
#1600=ORIENTED_EDGE('',*,*,#1599,.F.);
#1601=ORIENTED_EDGE('',*,*,#1572,.T.);
#1603=ORIENTED_EDGE('',*,*,#1602,.T.);
#1605=ORIENTED_EDGE('',*,*,#1604,.F.);
#1606=EDGE_LOOP('',(#1600,#1601,#1603,#1605));
#1607=FACE_OUTER_BOUND('',#1606,.F.);
#1609=FILL_AREA_STYLE_COLOUR('',#1386);
#1610=FILL_AREA_STYLE('',(#1609));
#1611=SURFACE_STYLE_FILL_AREA(#1610);
#1612=SURFACE_SIDE_STYLE('',(#1611));
#1613=SURFACE_STYLE_USAGE(.POSITIVE.,#1612);
#1614=PRESENTATION_STYLE_ASSIGNMENT((#1613));
#1615=STYLED_ITEM('',(#1614),#1608);
#1616=CARTESIAN_POINT('',(-1.758590805330E-1,-7.836414132101E-1,0.E0));
#1617=CARTESIAN_POINT('',(-1.922393870220E-1,-7.709930918595E-1,0.E0));
#1618=CARTESIAN_POINT('',(-2.644530268443E-1,-7.215563103947E-1,0.E0));
#1619=CARTESIAN_POINT('',(-3.925E-1,-6.833333333333E-1,0.E0));
#1620=CARTESIAN_POINT('',(-5.219200302860E-1,-7.219661781948E-1,0.E0));
#1621=CARTESIAN_POINT('',(-5.955067272386E-1,-7.728831354588E-1,0.E0));
#1622=CARTESIAN_POINT('',(-6.132600908579E-1,-7.868523372076E-1,0.E0));
#1624=CURVE_STYLE('',#1485,POSITIVE_LENGTH_MEASURE(2.E-2),#1386);
#1625=PRESENTATION_STYLE_ASSIGNMENT((#1624));
#1626=STYLED_ITEM('',(#1625),#1623);
#1627=CARTESIAN_POINT('',(0.E0,-8.25E-1,0.E0));
#1628=DIRECTION('',(0.E0,1.E0,0.E0));
#1629=AXIS1_PLACEMENT('',#1627,#1628);
#1630=SURFACE_OF_REVOLUTION('',#1623,#1629);
#1631=ORIENTED_EDGE('',*,*,#1599,.T.);
#1633=ORIENTED_EDGE('',*,*,#1632,.T.);
#1634=ORIENTED_EDGE('',*,*,#1602,.F.);
#1635=ORIENTED_EDGE('',*,*,#1549,.F.);
#1636=EDGE_LOOP('',(#1631,#1633,#1634,#1635));
#1637=FACE_OUTER_BOUND('',#1636,.F.);
#1639=FILL_AREA_STYLE_COLOUR('',#1386);
#1640=FILL_AREA_STYLE('',(#1639));
#1641=SURFACE_STYLE_FILL_AREA(#1640);
#1642=SURFACE_SIDE_STYLE('',(#1641));
#1643=SURFACE_STYLE_USAGE(.POSITIVE.,#1642);
#1644=PRESENTATION_STYLE_ASSIGNMENT((#1643));
#1645=STYLED_ITEM('',(#1644),#1638);
#1646=CARTESIAN_POINT('',(0.E0,-8.25E-1,0.E0));
#1647=DIRECTION('',(0.E0,1.E0,0.E0));
#1648=DIRECTION('',(1.E0,0.E0,0.E0));
#1649=AXIS2_PLACEMENT_3D('',#1646,#1647,#1648);
#1650=CYLINDRICAL_SURFACE('',#1649,2.25E-1);
#1652=ORIENTED_EDGE('',*,*,#1651,.T.);
#1653=ORIENTED_EDGE('',*,*,#1530,.T.);
#1655=ORIENTED_EDGE('',*,*,#1654,.F.);
#1656=ORIENTED_EDGE('',*,*,#1632,.F.);
#1657=EDGE_LOOP('',(#1652,#1653,#1655,#1656));
#1658=FACE_OUTER_BOUND('',#1657,.F.);
#1660=FILL_AREA_STYLE_COLOUR('',#1386);
#1661=FILL_AREA_STYLE('',(#1660));
#1662=SURFACE_STYLE_FILL_AREA(#1661);
#1663=SURFACE_SIDE_STYLE('',(#1662));
#1664=SURFACE_STYLE_USAGE(.POSITIVE.,#1663);
#1665=PRESENTATION_STYLE_ASSIGNMENT((#1664));
#1666=STYLED_ITEM('',(#1665),#1659);
#1667=CARTESIAN_POINT('',(0.E0,-8.25E-1,0.E0));
#1668=DIRECTION('',(0.E0,1.E0,0.E0));
#1669=DIRECTION('',(1.E0,0.E0,0.E0));
#1670=AXIS2_PLACEMENT_3D('',#1667,#1668,#1669);
#1671=CYLINDRICAL_SURFACE('',#1670,2.25E-1);
#1672=ORIENTED_EDGE('',*,*,#1651,.F.);
#1673=ORIENTED_EDGE('',*,*,#1604,.T.);
#1674=ORIENTED_EDGE('',*,*,#1654,.T.);
#1675=ORIENTED_EDGE('',*,*,#1495,.F.);
#1676=EDGE_LOOP('',(#1672,#1673,#1674,#1675));
#1677=FACE_OUTER_BOUND('',#1676,.F.);
#1679=FILL_AREA_STYLE_COLOUR('',#1386);
#1680=FILL_AREA_STYLE('',(#1679));
#1681=SURFACE_STYLE_FILL_AREA(#1680);
#1682=SURFACE_SIDE_STYLE('',(#1681));
#1683=SURFACE_STYLE_USAGE(.POSITIVE.,#1682);
#1684=PRESENTATION_STYLE_ASSIGNMENT((#1683));
#1685=STYLED_ITEM('',(#1684),#1678);
#1690=PLANE_ANGLE_MEASURE_WITH_UNIT(PLANE_ANGLE_MEASURE(1.745329251994E-2),
#1689);
#1691=(CONVERSION_BASED_UNIT('DEGREE',#1690)NAMED_UNIT(*)PLANE_ANGLE_UNIT());
#1693=UNCERTAINTY_MEASURE_WITH_UNIT(LENGTH_MEASURE(9.906E-3),#1688,
'distance_accuracy_value',
'Maximum model space distance between geometric entities at asserted connectivities');
#1695=CARTESIAN_POINT('',(0.E0,0.E0,0.E0));
#1696=DIRECTION('',(0.E0,0.E0,1.E0));
#1697=DIRECTION('',(1.E0,0.E0,0.E0));
#1700=PRODUCT_CONTEXT('',#1321,'mechanical');
#1701=PRODUCT('GLASS_BEED','GLASS_BEED','NOT SPECIFIED',(#1700));
#1702=PRODUCT_DEFINITION_FORMATION('2','LAST_VERSION',#1701);
#1710=DERIVED_UNIT_ELEMENT(#1709,2.E0);
#1711=DERIVED_UNIT((#1710));
#1712=MEASURE_REPRESENTATION_ITEM('surface area measure',AREA_MEASURE(
9.144250406927E0),#1711);
#1717=DERIVED_UNIT_ELEMENT(#1716,3.E0);
#1718=DERIVED_UNIT((#1717));
#1719=MEASURE_REPRESENTATION_ITEM('volume measure',VOLUME_MEASURE(
1.184163136908E0),#1718);
#1723=CARTESIAN_POINT('centre point',(0.E0,0.E0,0.E0));
#1728=DERIVED_UNIT_ELEMENT(#1727,2.E0);
#1729=DERIVED_UNIT((#1728));
#1730=MEASURE_REPRESENTATION_ITEM('surface area measure',AREA_MEASURE(
9.144250406927E0),#1729);
#1735=DERIVED_UNIT_ELEMENT(#1734,3.E0);
#1736=DERIVED_UNIT((#1735));
#1737=MEASURE_REPRESENTATION_ITEM('volume measure',VOLUME_MEASURE(
1.184163136908E0),#1736);
#1741=CARTESIAN_POINT('centre point',(0.E0,0.E0,0.E0));
#1748=CARTESIAN_POINT('centre point',(-9.369262092989E-1,-2.516828087461E0,
-7.5E-1));
#1752=CARTESIAN_POINT('',(-9.369262092989E-1,-2.516828087461E0,-7.5E-1));
#1753=DIRECTION('',(0.E0,-1.E0,0.E0));
#1754=DIRECTION('',(1.E0,0.E0,0.E0));
#1755=AXIS2_PLACEMENT_3D('',#1752,#1753,#1754);
#1756=ITEM_DEFINED_TRANSFORMATION('','',#1698,#1755);
#1757=(REPRESENTATION_RELATIONSHIP('','',#1699,#1372)REPRESENTATION_RELATIONSHIP_WITH_TRANSFORMATION(#1756)SHAPE_REPRESENTATION_RELATIONSHIP());
#1758=CONTEXT_DEPENDENT_SHAPE_REPRESENTATION(#1757,#1747);
#1761=CARTESIAN_POINT('centre point',(1.297873790701E0,2.878571912539E0,
-7.5E-1));
#1765=CARTESIAN_POINT('',(1.297873790701E0,2.878571912539E0,-7.5E-1));
#1766=DIRECTION('',(0.E0,-1.E0,0.E0));
#1767=DIRECTION('',(1.E0,0.E0,0.E0));
#1768=AXIS2_PLACEMENT_3D('',#1765,#1766,#1767);
#1769=ITEM_DEFINED_TRANSFORMATION('','',#1698,#1768);
#1770=(REPRESENTATION_RELATIONSHIP('','',#1699,#1372)REPRESENTATION_RELATIONSHIP_WITH_TRANSFORMATION(#1769)SHAPE_REPRESENTATION_RELATIONSHIP());
#1771=CONTEXT_DEPENDENT_SHAPE_REPRESENTATION(#1770,#1760);
#1774=CARTESIAN_POINT('centre point',(-9.369262092989E-1,2.878571912539E0,
-7.5E-1));
#1778=CARTESIAN_POINT('',(-9.369262092989E-1,2.878571912539E0,-7.5E-1));
#1779=DIRECTION('',(0.E0,-1.E0,0.E0));
#1780=DIRECTION('',(1.E0,0.E0,0.E0));
#1781=AXIS2_PLACEMENT_3D('',#1778,#1779,#1780);
#1782=ITEM_DEFINED_TRANSFORMATION('','',#1698,#1781);
#1783=(REPRESENTATION_RELATIONSHIP('','',#1699,#1372)REPRESENTATION_RELATIONSHIP_WITH_TRANSFORMATION(#1782)SHAPE_REPRESENTATION_RELATIONSHIP());
#1784=CONTEXT_DEPENDENT_SHAPE_REPRESENTATION(#1783,#1773);
#1786=CARTESIAN_POINT('',(0.E0,0.E0,0.E0));
#1787=DIRECTION('',(0.E0,0.E0,1.E0));
#1788=DIRECTION('',(1.E0,0.E0,0.E0));
#1789=AXIS2_PLACEMENT_3D('',#1786,#1787,#1788);
#1791=CARTESIAN_POINT('',(0.E0,0.E0,0.E0));
#1792=DIRECTION('',(0.E0,0.E0,1.E0));
#1793=DIRECTION('',(-1.E0,0.E0,0.E0));
#1794=AXIS2_PLACEMENT_3D('',#1791,#1792,#1793);
#1796=DIRECTION('',(0.E0,0.E0,1.E0));
#1797=VECTOR('',#1796,8.E0);
#1798=CARTESIAN_POINT('',(2.25E-1,0.E0,0.E0));
#1799=LINE('',#1798,#1797);
#1800=DIRECTION('',(0.E0,0.E0,1.E0));
#1801=VECTOR('',#1800,8.E0);
#1802=CARTESIAN_POINT('',(-2.25E-1,0.E0,0.E0));
#1803=LINE('',#1802,#1801);
#1804=CARTESIAN_POINT('',(0.E0,0.E0,8.E0));
#1805=DIRECTION('',(0.E0,0.E0,1.E0));
#1806=DIRECTION('',(1.E0,0.E0,0.E0));
#1807=AXIS2_PLACEMENT_3D('',#1804,#1805,#1806);
#1809=CARTESIAN_POINT('',(0.E0,0.E0,8.E0));
#1810=DIRECTION('',(0.E0,0.E0,1.E0));
#1811=DIRECTION('',(-1.E0,0.E0,0.E0));
#1812=AXIS2_PLACEMENT_3D('',#1809,#1810,#1811);
#1814=CARTESIAN_POINT('',(2.25E-1,0.E0,0.E0));
#1815=CARTESIAN_POINT('',(-2.25E-1,0.E0,0.E0));
#1816=VERTEX_POINT('',#1814);
#1817=VERTEX_POINT('',#1815);
#1818=CARTESIAN_POINT('',(2.25E-1,0.E0,8.E0));
#1819=CARTESIAN_POINT('',(-2.25E-1,0.E0,8.E0));
#1820=VERTEX_POINT('',#1818);
#1821=VERTEX_POINT('',#1819);
#1822=CARTESIAN_POINT('',(0.E0,0.E0,0.E0));
#1823=DIRECTION('',(0.E0,0.E0,1.E0));
#1824=DIRECTION('',(1.E0,0.E0,0.E0));
#1825=AXIS2_PLACEMENT_3D('',#1822,#1823,#1824);
#1826=PLANE('',#1825);
#1828=ORIENTED_EDGE('',*,*,#1827,.T.);
#1830=ORIENTED_EDGE('',*,*,#1829,.T.);
#1831=EDGE_LOOP('',(#1828,#1830));
#1832=FACE_OUTER_BOUND('',#1831,.F.);
#1834=FILL_AREA_STYLE_COLOUR('',#1785);
#1835=FILL_AREA_STYLE('',(#1834));
#1836=SURFACE_STYLE_FILL_AREA(#1835);
#1837=SURFACE_SIDE_STYLE('',(#1836));
#1838=SURFACE_STYLE_USAGE(.POSITIVE.,#1837);
#1839=PRESENTATION_STYLE_ASSIGNMENT((#1838));
#1840=STYLED_ITEM('',(#1839),#1833);
#1841=CARTESIAN_POINT('',(0.E0,0.E0,0.E0));
#1842=DIRECTION('',(0.E0,0.E0,1.E0));
#1843=DIRECTION('',(1.E0,0.E0,0.E0));
#1844=AXIS2_PLACEMENT_3D('',#1841,#1842,#1843);
#1845=CYLINDRICAL_SURFACE('',#1844,2.25E-1);
#1846=ORIENTED_EDGE('',*,*,#1827,.F.);
#1848=ORIENTED_EDGE('',*,*,#1847,.T.);
#1850=ORIENTED_EDGE('',*,*,#1849,.T.);
#1852=ORIENTED_EDGE('',*,*,#1851,.F.);
#1853=EDGE_LOOP('',(#1846,#1848,#1850,#1852));
#1854=FACE_OUTER_BOUND('',#1853,.F.);
#1856=FILL_AREA_STYLE_COLOUR('',#1785);
#1857=FILL_AREA_STYLE('',(#1856));
#1858=SURFACE_STYLE_FILL_AREA(#1857);
#1859=SURFACE_SIDE_STYLE('',(#1858));
#1860=SURFACE_STYLE_USAGE(.POSITIVE.,#1859);
#1861=PRESENTATION_STYLE_ASSIGNMENT((#1860));
#1862=STYLED_ITEM('',(#1861),#1855);
#1863=CARTESIAN_POINT('',(0.E0,0.E0,0.E0));
#1864=DIRECTION('',(0.E0,0.E0,1.E0));
#1865=DIRECTION('',(1.E0,0.E0,0.E0));
#1866=AXIS2_PLACEMENT_3D('',#1863,#1864,#1865);
#1867=CYLINDRICAL_SURFACE('',#1866,2.25E-1);
#1868=ORIENTED_EDGE('',*,*,#1829,.F.);
#1869=ORIENTED_EDGE('',*,*,#1851,.T.);
#1871=ORIENTED_EDGE('',*,*,#1870,.T.);
#1872=ORIENTED_EDGE('',*,*,#1847,.F.);
#1873=EDGE_LOOP('',(#1868,#1869,#1871,#1872));
#1874=FACE_OUTER_BOUND('',#1873,.F.);
#1876=FILL_AREA_STYLE_COLOUR('',#1785);
#1877=FILL_AREA_STYLE('',(#1876));
#1878=SURFACE_STYLE_FILL_AREA(#1877);
#1879=SURFACE_SIDE_STYLE('',(#1878));
#1880=SURFACE_STYLE_USAGE(.POSITIVE.,#1879);
#1881=PRESENTATION_STYLE_ASSIGNMENT((#1880));
#1882=STYLED_ITEM('',(#1881),#1875);
#1883=CARTESIAN_POINT('',(0.E0,0.E0,8.E0));
#1884=DIRECTION('',(0.E0,0.E0,1.E0));
#1885=DIRECTION('',(1.E0,0.E0,0.E0));
#1886=AXIS2_PLACEMENT_3D('',#1883,#1884,#1885);
#1887=PLANE('',#1886);
#1888=ORIENTED_EDGE('',*,*,#1849,.F.);
#1889=ORIENTED_EDGE('',*,*,#1870,.F.);
#1890=EDGE_LOOP('',(#1888,#1889));
#1891=FACE_OUTER_BOUND('',#1890,.F.);
#1893=FILL_AREA_STYLE_COLOUR('',#1785);
#1894=FILL_AREA_STYLE('',(#1893));
#1895=SURFACE_STYLE_FILL_AREA(#1894);
#1896=SURFACE_SIDE_STYLE('',(#1895));
#1897=SURFACE_STYLE_USAGE(.POSITIVE.,#1896);
#1898=PRESENTATION_STYLE_ASSIGNMENT((#1897));
#1899=STYLED_ITEM('',(#1898),#1892);
#1904=PLANE_ANGLE_MEASURE_WITH_UNIT(PLANE_ANGLE_MEASURE(1.745329251994E-2),
#1903);
#1905=(CONVERSION_BASED_UNIT('DEGREE',#1904)NAMED_UNIT(*)PLANE_ANGLE_UNIT());
#1907=UNCERTAINTY_MEASURE_WITH_UNIT(LENGTH_MEASURE(9.906E-3),#1902,
'distance_accuracy_value',
'Maximum model space distance between geometric entities at asserted connectivities');
#1909=CARTESIAN_POINT('',(0.E0,0.E0,0.E0));
#1910=DIRECTION('',(0.E0,0.E0,1.E0));
#1911=DIRECTION('',(1.E0,0.E0,0.E0));
#1914=PRODUCT_DEFINITION_CONTEXT('part definition',#1321,'design');
#1915=PRODUCT_CONTEXT('',#1321,'mechanical');
#1916=PRODUCT('PIN_LONG','PIN_LONG','NOT SPECIFIED',(#1915));
#1917=PRODUCT_DEFINITION_FORMATION('3','LAST_VERSION',#1916);
#1925=DERIVED_UNIT_ELEMENT(#1924,2.E0);
#1926=DERIVED_UNIT((#1925));
#1927=MEASURE_REPRESENTATION_ITEM('surface area measure',AREA_MEASURE(
1.162781980910E1),#1926);
#1932=DERIVED_UNIT_ELEMENT(#1931,3.E0);
#1933=DERIVED_UNIT((#1932));
#1934=MEASURE_REPRESENTATION_ITEM('volume measure',VOLUME_MEASURE(
1.272345024704E0),#1933);
#1938=CARTESIAN_POINT('centre point',(0.E0,0.E0,4.E0));
#1943=DERIVED_UNIT_ELEMENT(#1942,2.E0);
#1944=DERIVED_UNIT((#1943));
#1945=MEASURE_REPRESENTATION_ITEM('surface area measure',AREA_MEASURE(
1.162781980910E1),#1944);
#1950=DERIVED_UNIT_ELEMENT(#1949,3.E0);
#1951=DERIVED_UNIT((#1950));
#1952=MEASURE_REPRESENTATION_ITEM('volume measure',VOLUME_MEASURE(
1.272345024704E0),#1951);
#1956=CARTESIAN_POINT('centre point',(0.E0,0.E0,4.E0));
#1963=CARTESIAN_POINT('centre point',(-9.369262092989E-1,-2.516828087461E0,
-3.5E0));
#1967=CARTESIAN_POINT('',(-9.369262092989E-1,-2.516828087461E0,-7.5E0));
#1968=DIRECTION('',(0.E0,0.E0,1.E0));
#1969=DIRECTION('',(1.E0,0.E0,0.E0));
#1970=AXIS2_PLACEMENT_3D('',#1967,#1968,#1969);
#1971=ITEM_DEFINED_TRANSFORMATION('','',#1912,#1970);
#1972=(REPRESENTATION_RELATIONSHIP('','',#1913,#1372)REPRESENTATION_RELATIONSHIP_WITH_TRANSFORMATION(#1971)SHAPE_REPRESENTATION_RELATIONSHIP());
#1973=CONTEXT_DEPENDENT_SHAPE_REPRESENTATION(#1972,#1962);
#1976=CARTESIAN_POINT('centre point',(-9.369262092989E-1,2.878571912539E0,
-3.5E0));
#1980=CARTESIAN_POINT('',(-9.369262092989E-1,2.878571912539E0,-7.5E0));
#1981=DIRECTION('',(0.E0,0.E0,1.E0));
#1982=DIRECTION('',(1.E0,0.E0,0.E0));
#1983=AXIS2_PLACEMENT_3D('',#1980,#1981,#1982);
#1984=ITEM_DEFINED_TRANSFORMATION('','',#1912,#1983);
#1985=(REPRESENTATION_RELATIONSHIP('','',#1913,#1372)REPRESENTATION_RELATIONSHIP_WITH_TRANSFORMATION(#1984)SHAPE_REPRESENTATION_RELATIONSHIP());
#1986=CONTEXT_DEPENDENT_SHAPE_REPRESENTATION(#1985,#1975);
#1989=CARTESIAN_POINT('centre point',(1.297873790701E0,2.878571912539E0,
-3.5E0));
#1993=CARTESIAN_POINT('',(1.297873790701E0,2.878571912539E0,-7.5E0));
#1994=DIRECTION('',(0.E0,0.E0,1.E0));
#1995=DIRECTION('',(1.E0,0.E0,0.E0));
#1996=AXIS2_PLACEMENT_3D('',#1993,#1994,#1995);
#1997=ITEM_DEFINED_TRANSFORMATION('','',#1912,#1996);
#1998=(REPRESENTATION_RELATIONSHIP('','',#1913,#1372)REPRESENTATION_RELATIONSHIP_WITH_TRANSFORMATION(#1997)SHAPE_REPRESENTATION_RELATIONSHIP());
#1999=CONTEXT_DEPENDENT_SHAPE_REPRESENTATION(#1998,#1988);
#2001=CARTESIAN_POINT('',(0.E0,0.E0,0.E0));
#2002=DIRECTION('',(0.E0,0.E0,1.E0));
#2003=DIRECTION('',(1.E0,0.E0,0.E0));
#2004=AXIS2_PLACEMENT_3D('',#2001,#2002,#2003);
#2006=CARTESIAN_POINT('',(0.E0,0.E0,0.E0));
#2007=DIRECTION('',(0.E0,0.E0,1.E0));
#2008=DIRECTION('',(-1.E0,0.E0,0.E0));
#2009=AXIS2_PLACEMENT_3D('',#2006,#2007,#2008);
#2011=CARTESIAN_POINT('',(0.E0,0.E0,1.E-1));
#2012=DIRECTION('',(0.E0,0.E0,1.E0));
#2013=DIRECTION('',(1.E0,0.E0,0.E0));
#2014=AXIS2_PLACEMENT_3D('',#2011,#2012,#2013);
#2016=DIRECTION('',(-5.854267836440E-5,-9.337928221799E-5,9.999999939265E-1));
#2017=VECTOR('',#2016,1.000058542603E-1);
#2018=CARTESIAN_POINT('',(3.25E-1,0.E0,0.E0));
#2019=LINE('',#2018,#2017);
#2020=DIRECTION('',(7.071067799988E-1,-2.031820881138E-5,-7.071067820824E-1));
#2021=VECTOR('',#2020,1.414188088842E-1);
#2022=CARTESIAN_POINT('',(2.249959468081E-1,-6.465097999700E-6,
2.000040525290E-1));
#2023=LINE('',#2022,#2021);
#2024=CARTESIAN_POINT('',(0.E0,0.E0,2.E-1));
#2025=DIRECTION('',(0.E0,0.E0,1.E0));
#2026=DIRECTION('',(1.E0,0.E0,0.E0));
#2027=AXIS2_PLACEMENT_3D('',#2024,#2025,#2026);
#2029=DIRECTION('',(6.644581343106E-7,1.059852835205E-6,9.999999999992E-1));
#2030=VECTOR('',#2029,6.099995947476E0);
#2031=CARTESIAN_POINT('',(2.249959468081E-1,-6.465097999700E-6,
2.000040525290E-1));
#2032=LINE('',#2031,#2030);
#2033=CARTESIAN_POINT('',(0.E0,0.E0,2.E-1));
#2034=DIRECTION('',(0.E0,0.E0,1.E0));
#2035=DIRECTION('',(-1.E0,0.E0,0.E0));
#2036=AXIS2_PLACEMENT_3D('',#2033,#2034,#2035);
#2038=DIRECTION('',(-6.644581343106E-7,-1.059852835203E-6,9.999999999992E-1));
#2039=VECTOR('',#2038,6.099995947476E0);
#2040=CARTESIAN_POINT('',(-2.249959468081E-1,6.465097999688E-6,
2.000040525290E-1));
#2041=LINE('',#2040,#2039);
#2042=DIRECTION('',(-7.071067799988E-1,2.031820881120E-5,-7.071067820824E-1));
#2043=VECTOR('',#2042,1.414188088842E-1);
#2044=CARTESIAN_POINT('',(-2.249959468081E-1,6.465097999688E-6,
2.000040525290E-1));
#2045=LINE('',#2044,#2043);
#2046=CARTESIAN_POINT('',(0.E0,0.E0,1.E-1));
#2047=DIRECTION('',(0.E0,0.E0,1.E0));
#2048=DIRECTION('',(-1.E0,0.E0,0.E0));
#2049=AXIS2_PLACEMENT_3D('',#2046,#2047,#2048);
#2051=DIRECTION('',(5.854267836440E-5,9.337928221762E-5,9.999999939265E-1));
#2052=VECTOR('',#2051,1.000058542603E-1);
#2053=CARTESIAN_POINT('',(-3.25E-1,0.E0,0.E0));
#2054=LINE('',#2053,#2052);
#2055=CARTESIAN_POINT('',(0.E0,0.E0,6.3E0));
#2056=DIRECTION('',(0.E0,0.E0,1.E0));
#2057=DIRECTION('',(1.E0,0.E0,0.E0));
#2058=AXIS2_PLACEMENT_3D('',#2055,#2056,#2057);
#2060=CARTESIAN_POINT('',(0.E0,0.E0,6.3E0));
#2061=DIRECTION('',(0.E0,0.E0,1.E0));
#2062=DIRECTION('',(-1.E0,0.E0,0.E0));
#2063=AXIS2_PLACEMENT_3D('',#2060,#2061,#2062);
#2065=CARTESIAN_POINT('',(2.25E-1,0.E0,6.3E0));
#2066=CARTESIAN_POINT('',(-2.25E-1,0.E0,6.3E0));
#2067=VERTEX_POINT('',#2065);
#2068=VERTEX_POINT('',#2066);
#2069=CARTESIAN_POINT('',(3.25E-1,0.E0,0.E0));
#2070=CARTESIAN_POINT('',(-3.25E-1,0.E0,0.E0));
#2071=VERTEX_POINT('',#2069);
#2072=VERTEX_POINT('',#2070);
#2073=CARTESIAN_POINT('',(-2.25E-1,0.E0,2.E-1));
#2074=CARTESIAN_POINT('',(2.25E-1,0.E0,2.E-1));
#2075=VERTEX_POINT('',#2073);
#2076=VERTEX_POINT('',#2074);
#2077=CARTESIAN_POINT('',(-3.25E-1,0.E0,1.E-1));
#2078=CARTESIAN_POINT('',(3.25E-1,0.E0,1.E-1));
#2079=VERTEX_POINT('',#2077);
#2080=VERTEX_POINT('',#2078);
#2081=CARTESIAN_POINT('',(0.E0,0.E0,0.E0));
#2082=DIRECTION('',(0.E0,0.E0,1.E0));
#2083=DIRECTION('',(1.E0,0.E0,0.E0));
#2084=AXIS2_PLACEMENT_3D('',#2081,#2082,#2083);
#2085=PLANE('',#2084);
#2087=ORIENTED_EDGE('',*,*,#2086,.T.);
#2089=ORIENTED_EDGE('',*,*,#2088,.T.);
#2090=EDGE_LOOP('',(#2087,#2089));
#2091=FACE_OUTER_BOUND('',#2090,.F.);
#2093=FILL_AREA_STYLE_COLOUR('',#2000);
#2094=FILL_AREA_STYLE('',(#2093));
#2095=SURFACE_STYLE_FILL_AREA(#2094);
#2096=SURFACE_SIDE_STYLE('',(#2095));
#2097=SURFACE_STYLE_USAGE(.POSITIVE.,#2096);
#2098=PRESENTATION_STYLE_ASSIGNMENT((#2097));
#2099=STYLED_ITEM('',(#2098),#2092);
#2100=CARTESIAN_POINT('',(0.E0,0.E0,0.E0));
#2101=DIRECTION('',(0.E0,0.E0,1.E0));
#2102=DIRECTION('',(1.E0,0.E0,0.E0));
#2103=AXIS2_PLACEMENT_3D('',#2100,#2101,#2102);
#2104=CYLINDRICAL_SURFACE('',#2103,3.25E-1);
#2106=ORIENTED_EDGE('',*,*,#2105,.T.);
#2108=ORIENTED_EDGE('',*,*,#2107,.F.);
#2109=ORIENTED_EDGE('',*,*,#2086,.F.);
#2111=ORIENTED_EDGE('',*,*,#2110,.T.);
#2112=EDGE_LOOP('',(#2106,#2108,#2109,#2111));
#2113=FACE_OUTER_BOUND('',#2112,.F.);
#2115=FILL_AREA_STYLE_COLOUR('',#2000);
#2116=FILL_AREA_STYLE('',(#2115));
#2117=SURFACE_STYLE_FILL_AREA(#2116);
#2118=SURFACE_SIDE_STYLE('',(#2117));
#2119=SURFACE_STYLE_USAGE(.POSITIVE.,#2118);
#2120=PRESENTATION_STYLE_ASSIGNMENT((#2119));
#2121=STYLED_ITEM('',(#2120),#2114);
#2122=CARTESIAN_POINT('',(0.E0,0.E0,1.500041854969E-1));
#2123=DIRECTION('',(0.E0,0.E0,-1.E0));
#2124=DIRECTION('',(0.E0,-1.E0,0.E0));
#2125=AXIS2_PLACEMENT_3D('',#2122,#2123,#2124);
#2126=CONICAL_SURFACE('',#2125,2.749958145031E-1,4.5E1);
#2128=ORIENTED_EDGE('',*,*,#2127,.T.);
#2130=ORIENTED_EDGE('',*,*,#2129,.T.);
#2131=ORIENTED_EDGE('',*,*,#2105,.F.);
#2133=ORIENTED_EDGE('',*,*,#2132,.F.);
#2134=EDGE_LOOP('',(#2128,#2130,#2131,#2133));
#2135=FACE_OUTER_BOUND('',#2134,.F.);
#2137=FILL_AREA_STYLE_COLOUR('',#2000);
#2138=FILL_AREA_STYLE('',(#2137));
#2139=SURFACE_STYLE_FILL_AREA(#2138);
#2140=SURFACE_SIDE_STYLE('',(#2139));
#2141=SURFACE_STYLE_USAGE(.POSITIVE.,#2140);
#2142=PRESENTATION_STYLE_ASSIGNMENT((#2141));
#2143=STYLED_ITEM('',(#2142),#2136);
#2144=CARTESIAN_POINT('',(0.E0,0.E0,0.E0));
#2145=DIRECTION('',(0.E0,0.E0,1.E0));
#2146=DIRECTION('',(1.E0,0.E0,0.E0));
#2147=AXIS2_PLACEMENT_3D('',#2144,#2145,#2146);
#2148=CYLINDRICAL_SURFACE('',#2147,2.25E-1);
#2149=ORIENTED_EDGE('',*,*,#2127,.F.);
#2151=ORIENTED_EDGE('',*,*,#2150,.T.);
#2153=ORIENTED_EDGE('',*,*,#2152,.T.);
#2155=ORIENTED_EDGE('',*,*,#2154,.F.);
#2156=EDGE_LOOP('',(#2149,#2151,#2153,#2155));
#2157=FACE_OUTER_BOUND('',#2156,.F.);
#2159=FILL_AREA_STYLE_COLOUR('',#2000);
#2160=FILL_AREA_STYLE('',(#2159));
#2161=SURFACE_STYLE_FILL_AREA(#2160);
#2162=SURFACE_SIDE_STYLE('',(#2161));
#2163=SURFACE_STYLE_USAGE(.POSITIVE.,#2162);
#2164=PRESENTATION_STYLE_ASSIGNMENT((#2163));
#2165=STYLED_ITEM('',(#2164),#2158);
#2166=CARTESIAN_POINT('',(0.E0,0.E0,0.E0));
#2167=DIRECTION('',(0.E0,0.E0,1.E0));
#2168=DIRECTION('',(1.E0,0.E0,0.E0));
#2169=AXIS2_PLACEMENT_3D('',#2166,#2167,#2168);
#2170=CYLINDRICAL_SURFACE('',#2169,2.25E-1);
#2172=ORIENTED_EDGE('',*,*,#2171,.F.);
#2173=ORIENTED_EDGE('',*,*,#2154,.T.);
#2175=ORIENTED_EDGE('',*,*,#2174,.T.);
#2176=ORIENTED_EDGE('',*,*,#2150,.F.);
#2177=EDGE_LOOP('',(#2172,#2173,#2175,#2176));
#2178=FACE_OUTER_BOUND('',#2177,.F.);
#2180=FILL_AREA_STYLE_COLOUR('',#2000);
#2181=FILL_AREA_STYLE('',(#2180));
#2182=SURFACE_STYLE_FILL_AREA(#2181);
#2183=SURFACE_SIDE_STYLE('',(#2182));
#2184=SURFACE_STYLE_USAGE(.POSITIVE.,#2183);
#2185=PRESENTATION_STYLE_ASSIGNMENT((#2184));
#2186=STYLED_ITEM('',(#2185),#2179);
#2187=CARTESIAN_POINT('',(0.E0,0.E0,1.500041854969E-1));
#2188=DIRECTION('',(0.E0,0.E0,-1.E0));
#2189=DIRECTION('',(0.E0,-1.E0,0.E0));
#2190=AXIS2_PLACEMENT_3D('',#2187,#2188,#2189);
#2191=CONICAL_SURFACE('',#2190,2.749958145031E-1,4.5E1);
#2192=ORIENTED_EDGE('',*,*,#2171,.T.);
#2193=ORIENTED_EDGE('',*,*,#2132,.T.);
#2195=ORIENTED_EDGE('',*,*,#2194,.F.);
#2196=ORIENTED_EDGE('',*,*,#2129,.F.);
#2197=EDGE_LOOP('',(#2192,#2193,#2195,#2196));
#2198=FACE_OUTER_BOUND('',#2197,.F.);
#2200=FILL_AREA_STYLE_COLOUR('',#2000);
#2201=FILL_AREA_STYLE('',(#2200));
#2202=SURFACE_STYLE_FILL_AREA(#2201);
#2203=SURFACE_SIDE_STYLE('',(#2202));
#2204=SURFACE_STYLE_USAGE(.POSITIVE.,#2203);
#2205=PRESENTATION_STYLE_ASSIGNMENT((#2204));
#2206=STYLED_ITEM('',(#2205),#2199);
#2207=CARTESIAN_POINT('',(0.E0,0.E0,0.E0));
#2208=DIRECTION('',(0.E0,0.E0,1.E0));
#2209=DIRECTION('',(1.E0,0.E0,0.E0));
#2210=AXIS2_PLACEMENT_3D('',#2207,#2208,#2209);
#2211=CYLINDRICAL_SURFACE('',#2210,3.25E-1);
#2212=ORIENTED_EDGE('',*,*,#2194,.T.);
#2213=ORIENTED_EDGE('',*,*,#2110,.F.);
#2214=ORIENTED_EDGE('',*,*,#2088,.F.);
#2215=ORIENTED_EDGE('',*,*,#2107,.T.);
#2216=EDGE_LOOP('',(#2212,#2213,#2214,#2215));
#2217=FACE_OUTER_BOUND('',#2216,.F.);
#2219=FILL_AREA_STYLE_COLOUR('',#2000);
#2220=FILL_AREA_STYLE('',(#2219));
#2221=SURFACE_STYLE_FILL_AREA(#2220);
#2222=SURFACE_SIDE_STYLE('',(#2221));
#2223=SURFACE_STYLE_USAGE(.POSITIVE.,#2222);
#2224=PRESENTATION_STYLE_ASSIGNMENT((#2223));
#2225=STYLED_ITEM('',(#2224),#2218);
#2226=CARTESIAN_POINT('',(0.E0,0.E0,6.3E0));
#2227=DIRECTION('',(0.E0,0.E0,1.E0));
#2228=DIRECTION('',(1.E0,0.E0,0.E0));
#2229=AXIS2_PLACEMENT_3D('',#2226,#2227,#2228);
#2230=PLANE('',#2229);
#2231=ORIENTED_EDGE('',*,*,#2152,.F.);
#2232=ORIENTED_EDGE('',*,*,#2174,.F.);
#2233=EDGE_LOOP('',(#2231,#2232));
#2234=FACE_OUTER_BOUND('',#2233,.F.);
#2236=FILL_AREA_STYLE_COLOUR('',#2000);
#2237=FILL_AREA_STYLE('',(#2236));
#2238=SURFACE_STYLE_FILL_AREA(#2237);
#2239=SURFACE_SIDE_STYLE('',(#2238));
#2240=SURFACE_STYLE_USAGE(.POSITIVE.,#2239);
#2241=PRESENTATION_STYLE_ASSIGNMENT((#2240));
#2242=STYLED_ITEM('',(#2241),#2235);
#2247=PLANE_ANGLE_MEASURE_WITH_UNIT(PLANE_ANGLE_MEASURE(1.745329251994E-2),
#2246);
#2248=(CONVERSION_BASED_UNIT('DEGREE',#2247)NAMED_UNIT(*)PLANE_ANGLE_UNIT());
#2250=UNCERTAINTY_MEASURE_WITH_UNIT(LENGTH_MEASURE(9.906E-3),#2245,
'distance_accuracy_value',
'Maximum model space distance between geometric entities at asserted connectivities');
#2252=CARTESIAN_POINT('',(0.E0,0.E0,0.E0));
#2253=DIRECTION('',(0.E0,0.E0,1.E0));
#2254=DIRECTION('',(1.E0,0.E0,0.E0));
#2257=PRODUCT_CONTEXT('',#1321,'mechanical');
#2258=PRODUCT('PIN_SHORT','PIN_SHORT','NOT SPECIFIED',(#2257));
#2259=PRODUCT_DEFINITION_FORMATION('4','LAST_VERSION',#2258);
#2267=DERIVED_UNIT_ELEMENT(#2266,2.E0);
#2268=DERIVED_UNIT((#2267));
#2269=MEASURE_REPRESENTATION_ITEM('surface area measure',AREA_MEASURE(
9.563090146845E0),#2268);
#2274=DERIVED_UNIT_ELEMENT(#2273,3.E0);
#2275=DERIVED_UNIT((#2274));
#2276=MEASURE_REPRESENTATION_ITEM('volume measure',VOLUME_MEASURE(
1.027377566922E0),#2275);
#2280=CARTESIAN_POINT('centre point',(0.E0,0.E0,3.073999506024E0));
#2285=DERIVED_UNIT_ELEMENT(#2284,2.E0);
#2286=DERIVED_UNIT((#2285));
#2287=MEASURE_REPRESENTATION_ITEM('surface area measure',AREA_MEASURE(
9.563090146845E0),#2286);
#2292=DERIVED_UNIT_ELEMENT(#2291,3.E0);
#2293=DERIVED_UNIT((#2292));
#2294=MEASURE_REPRESENTATION_ITEM('volume measure',VOLUME_MEASURE(
1.027377566922E0),#2293);
#2298=CARTESIAN_POINT('centre point',(0.E0,0.E0,3.073999506024E0));
#2305=CARTESIAN_POINT('centre point',(1.300195745093E0,-2.508498591158E0,
-4.273999506024E0));
#2309=CARTESIAN_POINT('',(1.300195745093E0,-2.508498591158E0,-1.2E0));
#2310=DIRECTION('',(0.E0,0.E0,-1.E0));
#2311=DIRECTION('',(-9.952684255387E-1,-9.716357921467E-2,0.E0));
#2312=AXIS2_PLACEMENT_3D('',#2309,#2310,#2311);
#2313=ITEM_DEFINED_TRANSFORMATION('','',#2255,#2312);
#2314=(REPRESENTATION_RELATIONSHIP('','',#2256,#1372)REPRESENTATION_RELATIONSHIP_WITH_TRANSFORMATION(#2313)SHAPE_REPRESENTATION_RELATIONSHIP());
#2315=CONTEXT_DEPENDENT_SHAPE_REPRESENTATION(#2314,#2304);
#2317=CARTESIAN_POINT('',(0.E0,4.5E-1,0.E0));
#2318=DIRECTION('',(0.E0,1.E0,0.E0));
#2319=DIRECTION('',(-1.E0,0.E0,0.E0));
#2320=AXIS2_PLACEMENT_3D('',#2317,#2318,#2319);
#2322=DIRECTION('',(0.E0,1.E0,0.E0));
#2323=VECTOR('',#2322,5.37E0);
#2324=CARTESIAN_POINT('',(-3.85E0,4.5E-1,0.E0));
#2325=LINE('',#2324,#2323);
#2326=DIRECTION('',(0.E0,1.E0,0.E0));
#2327=VECTOR('',#2326,5.37E0);
#2328=CARTESIAN_POINT('',(3.85E0,4.5E-1,0.E0));
#2329=LINE('',#2328,#2327);
#2330=CARTESIAN_POINT('',(0.E0,4.5E-1,0.E0));
#2331=DIRECTION('',(0.E0,-1.E0,0.E0));
#2332=DIRECTION('',(-1.E0,0.E0,0.E0));
#2333=AXIS2_PLACEMENT_3D('',#2330,#2331,#2332);
#2335=CARTESIAN_POINT('',(-3.65E0,5.82E0,0.E0));
#2336=DIRECTION('',(0.E0,0.E0,-1.E0));
#2337=DIRECTION('',(-1.E0,0.E0,0.E0));
#2338=AXIS2_PLACEMENT_3D('',#2335,#2336,#2337);
#2340=CARTESIAN_POINT('',(3.65E0,5.82E0,0.E0));
#2341=DIRECTION('',(0.E0,0.E0,1.E0));
#2342=DIRECTION('',(1.E0,0.E0,0.E0));
#2343=AXIS2_PLACEMENT_3D('',#2340,#2341,#2342);
#2345=CARTESIAN_POINT('',(0.E0,5.82E0,0.E0));
#2346=DIRECTION('',(0.E0,-1.E0,0.E0));
#2347=DIRECTION('',(-1.E0,0.E0,0.E0));
#2348=AXIS2_PLACEMENT_3D('',#2345,#2346,#2347);
#2350=CARTESIAN_POINT('',(0.E0,5.82E0,0.E0));
#2351=DIRECTION('',(0.E0,1.E0,0.E0));
#2352=DIRECTION('',(-1.E0,0.E0,0.E0));
#2353=AXIS2_PLACEMENT_3D('',#2350,#2351,#2352);
#2355=CARTESIAN_POINT('',(0.E0,6.02E0,0.E0));
#2356=DIRECTION('',(0.E0,-1.E0,0.E0));
#2357=DIRECTION('',(-1.E0,0.E0,0.E0));
#2358=AXIS2_PLACEMENT_3D('',#2355,#2356,#2357);
#2360=CARTESIAN_POINT('',(0.E0,6.02E0,0.E0));
#2361=DIRECTION('',(0.E0,1.E0,0.E0));
#2362=DIRECTION('',(-1.E0,0.E0,0.E0));
#2363=AXIS2_PLACEMENT_3D('',#2360,#2361,#2362);
#2365=CARTESIAN_POINT('',(0.E0,6.02E0,0.E0));
#2366=DIRECTION('',(0.E0,1.E0,0.E0));
#2367=DIRECTION('',(-1.E0,0.E0,0.E0));
#2368=AXIS2_PLACEMENT_3D('',#2365,#2366,#2367);
#2370=DIRECTION('',(0.E0,1.E0,0.E0));
#2371=VECTOR('',#2370,2.3E-1);
#2372=CARTESIAN_POINT('',(-1.95E0,6.02E0,0.E0));
#2373=LINE('',#2372,#2371);
#2374=DIRECTION('',(0.E0,1.E0,0.E0));
#2375=VECTOR('',#2374,2.3E-1);
#2376=CARTESIAN_POINT('',(1.95E0,6.02E0,0.E0));
#2377=LINE('',#2376,#2375);
#2378=CARTESIAN_POINT('',(0.E0,6.02E0,0.E0));
#2379=DIRECTION('',(0.E0,-1.E0,0.E0));
#2380=DIRECTION('',(-1.E0,0.E0,0.E0));
#2381=AXIS2_PLACEMENT_3D('',#2378,#2379,#2380);
#2383=CARTESIAN_POINT('',(0.E0,6.25E0,0.E0));
#2384=DIRECTION('',(0.E0,-1.E0,0.E0));
#2385=DIRECTION('',(-1.E0,0.E0,0.E0));
#2386=AXIS2_PLACEMENT_3D('',#2383,#2384,#2385);
#2388=CARTESIAN_POINT('',(0.E0,6.25E0,0.E0));
#2389=DIRECTION('',(0.E0,1.E0,0.E0));
#2390=DIRECTION('',(-1.E0,0.E0,0.E0));
#2391=AXIS2_PLACEMENT_3D('',#2388,#2389,#2390);
#2393=CARTESIAN_POINT('',(0.E0,6.25E0,0.E0));
#2394=DIRECTION('',(0.E0,1.E0,0.E0));
#2395=DIRECTION('',(-1.E0,0.E0,0.E0));
#2396=AXIS2_PLACEMENT_3D('',#2393,#2394,#2395);
#2398=CARTESIAN_POINT('',(-3.65E0,5.82E0,0.E0));
#2399=DIRECTION('',(0.E0,0.E0,1.E0));
#2400=DIRECTION('',(0.E0,1.E0,0.E0));
#2401=AXIS2_PLACEMENT_3D('',#2398,#2399,#2400);
#2403=CARTESIAN_POINT('',(3.65E0,5.82E0,0.E0));
#2404=DIRECTION('',(0.E0,0.E0,-1.E0));
#2405=DIRECTION('',(0.E0,1.E0,0.E0));
#2406=AXIS2_PLACEMENT_3D('',#2403,#2404,#2405);
#2408=CARTESIAN_POINT('',(0.E0,6.25E0,0.E0));
#2409=DIRECTION('',(0.E0,-1.E0,0.E0));
#2410=DIRECTION('',(-1.E0,0.E0,0.E0));
#2411=AXIS2_PLACEMENT_3D('',#2408,#2409,#2410);
#2413=DIRECTION('',(0.E0,-1.E0,0.E0));
#2414=VECTOR('',#2413,5.37E0);
#2415=CARTESIAN_POINT('',(-4.08E0,5.82E0,0.E0));
#2416=LINE('',#2415,#2414);
#2417=DIRECTION('',(0.E0,-1.E0,0.E0));
#2418=VECTOR('',#2417,5.37E0);
#2419=CARTESIAN_POINT('',(4.08E0,5.82E0,0.E0));
#2420=LINE('',#2419,#2418);
#2421=CARTESIAN_POINT('',(0.E0,5.82E0,0.E0));
#2422=DIRECTION('',(0.E0,-1.E0,0.E0));
#2423=DIRECTION('',(-1.E0,0.E0,0.E0));
#2424=AXIS2_PLACEMENT_3D('',#2421,#2422,#2423);
#2426=CARTESIAN_POINT('',(0.E0,5.82E0,0.E0));
#2427=DIRECTION('',(0.E0,1.E0,0.E0));
#2428=DIRECTION('',(-1.E0,0.E0,0.E0));
#2429=AXIS2_PLACEMENT_3D('',#2426,#2427,#2428);
#2431=CARTESIAN_POINT('',(0.E0,4.5E-1,0.E0));
#2432=DIRECTION('',(0.E0,1.E0,0.E0));
#2433=DIRECTION('',(-1.E0,0.E0,0.E0));
#2434=AXIS2_PLACEMENT_3D('',#2431,#2432,#2433);
#2436=CARTESIAN_POINT('',(-4.279878622486E0,4.307987811979E-1,0.E0));
#2437=DIRECTION('',(0.E0,0.E0,-1.E0));
#2438=DIRECTION('',(9.954175084830E-1,9.562418002521E-2,0.E0));
#2439=AXIS2_PLACEMENT_3D('',#2436,#2437,#2438);
#2441=CARTESIAN_POINT('',(4.279878622486E0,4.307987811979E-1,0.E0));
#2442=DIRECTION('',(0.E0,0.E0,1.E0));
#2443=DIRECTION('',(-9.954175084830E-1,9.562418002521E-2,0.E0));
#2444=AXIS2_PLACEMENT_3D('',#2441,#2442,#2443);
#2446=CARTESIAN_POINT('',(0.E0,4.5E-1,0.E0));
#2447=DIRECTION('',(0.E0,-1.E0,0.E0));
#2448=DIRECTION('',(-1.E0,0.E0,0.E0));
#2449=AXIS2_PLACEMENT_3D('',#2446,#2447,#2448);
#2451=CARTESIAN_POINT('',(0.E0,2.3E-1,0.E0));
#2452=DIRECTION('',(0.E0,-1.E0,0.E0));
#2453=DIRECTION('',(-1.E0,0.E0,0.E0));
#2454=AXIS2_PLACEMENT_3D('',#2451,#2452,#2453);
#2456=CARTESIAN_POINT('',(0.E0,2.3E-1,0.E0));
#2457=DIRECTION('',(0.E0,1.E0,0.E0));
#2458=DIRECTION('',(-1.E0,0.E0,0.E0));
#2459=AXIS2_PLACEMENT_3D('',#2456,#2457,#2458);
#2461=CARTESIAN_POINT('',(0.E0,2.3E-1,0.E0));
#2462=DIRECTION('',(0.E0,1.E0,0.E0));
#2463=DIRECTION('',(-1.E0,0.E0,0.E0));
#2464=AXIS2_PLACEMENT_3D('',#2461,#2462,#2463);
#2466=DIRECTION('',(0.E0,-1.E0,0.E0));
#2467=VECTOR('',#2466,2.3E-1);
#2468=CARTESIAN_POINT('',(-4.5E0,2.3E-1,0.E0));
#2469=LINE('',#2468,#2467);
#2470=DIRECTION('',(0.E0,-1.E0,0.E0));
#2471=VECTOR('',#2470,2.3E-1);
#2472=CARTESIAN_POINT('',(4.5E0,2.3E-1,0.E0));
#2473=LINE('',#2472,#2471);
#2474=CARTESIAN_POINT('',(0.E0,2.3E-1,0.E0));
#2475=DIRECTION('',(0.E0,-1.E0,0.E0));
#2476=DIRECTION('',(-1.E0,0.E0,0.E0));
#2477=AXIS2_PLACEMENT_3D('',#2474,#2475,#2476);
#2479=CARTESIAN_POINT('',(0.E0,0.E0,0.E0));
#2480=DIRECTION('',(0.E0,-1.E0,0.E0));
#2481=DIRECTION('',(-1.E0,0.E0,0.E0));
#2482=AXIS2_PLACEMENT_3D('',#2479,#2480,#2481);
#2484=CARTESIAN_POINT('',(0.E0,0.E0,0.E0));
#2485=DIRECTION('',(0.E0,1.E0,0.E0));
#2486=DIRECTION('',(-1.E0,0.E0,0.E0));
#2487=AXIS2_PLACEMENT_3D('',#2484,#2485,#2486);
#2489=CARTESIAN_POINT('',(0.E0,0.E0,0.E0));
#2490=DIRECTION('',(0.E0,1.E0,0.E0));
#2491=DIRECTION('',(-1.E0,0.E0,0.E0));
#2492=AXIS2_PLACEMENT_3D('',#2489,#2490,#2491);
#2494=CARTESIAN_POINT('',(-4.279787583281E0,4.302415186030E-1,0.E0));
#2495=DIRECTION('',(0.E0,0.E0,1.E0));
#2496=DIRECTION('',(0.E0,-1.E0,0.E0));
#2497=AXIS2_PLACEMENT_3D('',#2494,#2495,#2496);
#2499=CARTESIAN_POINT('',(4.279787583281E0,4.302415186030E-1,0.E0));
#2500=DIRECTION('',(0.E0,0.E0,-1.E0));
#2501=DIRECTION('',(0.E0,-1.E0,0.E0));
#2502=AXIS2_PLACEMENT_3D('',#2499,#2500,#2501);
#2504=CARTESIAN_POINT('',(0.E0,0.E0,0.E0));
#2505=DIRECTION('',(0.E0,-1.E0,0.E0));
#2506=DIRECTION('',(-1.E0,0.E0,0.E0));
#2507=AXIS2_PLACEMENT_3D('',#2504,#2505,#2506);
#2509=CARTESIAN_POINT('',(-3.85E0,4.5E-1,0.E0));
#2510=CARTESIAN_POINT('',(-3.85E0,5.82E0,0.E0));
#2511=VERTEX_POINT('',#2509);
#2512=VERTEX_POINT('',#2510);
#2513=CARTESIAN_POINT('',(-3.65E0,6.02E0,0.E0));
#2514=VERTEX_POINT('',#2513);
#2515=CARTESIAN_POINT('',(-3.65E0,6.25E0,0.E0));
#2516=CARTESIAN_POINT('',(-4.08E0,5.82E0,0.E0));
#2517=VERTEX_POINT('',#2515);
#2518=VERTEX_POINT('',#2516);
#2519=CARTESIAN_POINT('',(-4.08E0,4.5E-1,0.E0));
#2520=VERTEX_POINT('',#2519);
#2521=CARTESIAN_POINT('',(-4.279878622486E0,2.3E-1,0.E0));
#2522=VERTEX_POINT('',#2521);
#2523=CARTESIAN_POINT('',(-4.5E0,2.3E-1,0.E0));
#2524=CARTESIAN_POINT('',(-4.5E0,0.E0,0.E0));
#2525=VERTEX_POINT('',#2523);
#2526=VERTEX_POINT('',#2524);
#2527=CARTESIAN_POINT('',(-4.279787583281E0,0.E0,0.E0));
#2528=VERTEX_POINT('',#2527);
#2529=CARTESIAN_POINT('',(3.85E0,4.5E-1,0.E0));
#2530=CARTESIAN_POINT('',(3.85E0,5.82E0,0.E0));
#2531=VERTEX_POINT('',#2529);
#2532=VERTEX_POINT('',#2530);
#2533=CARTESIAN_POINT('',(3.65E0,6.02E0,0.E0));
#2534=VERTEX_POINT('',#2533);
#2535=CARTESIAN_POINT('',(3.65E0,6.25E0,0.E0));
#2536=CARTESIAN_POINT('',(4.08E0,5.82E0,0.E0));
#2537=VERTEX_POINT('',#2535);
#2538=VERTEX_POINT('',#2536);
#2539=CARTESIAN_POINT('',(4.08E0,4.5E-1,0.E0));
#2540=VERTEX_POINT('',#2539);
#2541=CARTESIAN_POINT('',(4.279878622486E0,2.3E-1,0.E0));
#2542=VERTEX_POINT('',#2541);
#2543=CARTESIAN_POINT('',(4.5E0,2.3E-1,0.E0));
#2544=CARTESIAN_POINT('',(4.5E0,0.E0,0.E0));
#2545=VERTEX_POINT('',#2543);
#2546=VERTEX_POINT('',#2544);
#2547=CARTESIAN_POINT('',(4.279787583281E0,0.E0,0.E0));
#2548=VERTEX_POINT('',#2547);
#2549=CARTESIAN_POINT('',(-1.95E0,6.02E0,0.E0));
#2550=CARTESIAN_POINT('',(-1.95E0,6.25E0,0.E0));
#2551=VERTEX_POINT('',#2549);
#2552=VERTEX_POINT('',#2550);
#2553=CARTESIAN_POINT('',(1.95E0,6.02E0,0.E0));
#2554=CARTESIAN_POINT('',(1.95E0,6.25E0,0.E0));
#2555=VERTEX_POINT('',#2553);
#2556=VERTEX_POINT('',#2554);
#2557=CARTESIAN_POINT('',(0.E0,-3.125E-1,0.E0));
#2558=DIRECTION('',(0.E0,1.E0,0.E0));
#2559=DIRECTION('',(1.E0,0.E0,0.E0));
#2560=AXIS2_PLACEMENT_3D('',#2557,#2558,#2559);
#2561=CYLINDRICAL_SURFACE('',#2560,3.85E0);
#2563=ORIENTED_EDGE('',*,*,#2562,.F.);
#2565=ORIENTED_EDGE('',*,*,#2564,.T.);
#2567=ORIENTED_EDGE('',*,*,#2566,.T.);
#2569=ORIENTED_EDGE('',*,*,#2568,.F.);
#2570=EDGE_LOOP('',(#2563,#2565,#2567,#2569));
#2571=FACE_OUTER_BOUND('',#2570,.F.);
#2573=FILL_AREA_STYLE_COLOUR('',#2316);
#2574=FILL_AREA_STYLE('',(#2573));
#2575=SURFACE_STYLE_FILL_AREA(#2574);
#2576=SURFACE_SIDE_STYLE('',(#2575));
#2577=SURFACE_STYLE_USAGE(.POSITIVE.,#2576);
#2578=PRESENTATION_STYLE_ASSIGNMENT((#2577));
#2579=STYLED_ITEM('',(#2578),#2572);
#2580=CARTESIAN_POINT('',(0.E0,-3.125E-1,0.E0));
#2581=DIRECTION('',(0.E0,1.E0,0.E0));
#2582=DIRECTION('',(1.E0,0.E0,0.E0));
#2583=AXIS2_PLACEMENT_3D('',#2580,#2581,#2582);
#2584=CYLINDRICAL_SURFACE('',#2583,3.85E0);
#2585=ORIENTED_EDGE('',*,*,#2562,.T.);
#2587=ORIENTED_EDGE('',*,*,#2586,.T.);
#2588=ORIENTED_EDGE('',*,*,#2566,.F.);
#2590=ORIENTED_EDGE('',*,*,#2589,.F.);
#2591=EDGE_LOOP('',(#2585,#2587,#2588,#2590));
#2592=FACE_OUTER_BOUND('',#2591,.F.);
#2594=FILL_AREA_STYLE_COLOUR('',#2316);
#2595=FILL_AREA_STYLE('',(#2594));
#2596=SURFACE_STYLE_FILL_AREA(#2595);
#2597=SURFACE_SIDE_STYLE('',(#2596));
#2598=SURFACE_STYLE_USAGE(.POSITIVE.,#2597);
#2599=PRESENTATION_STYLE_ASSIGNMENT((#2598));
#2600=STYLED_ITEM('',(#2599),#2593);
#2601=CARTESIAN_POINT('',(0.E0,5.82E0,0.E0));
#2602=DIRECTION('',(0.E0,1.E0,0.E0));
#2603=DIRECTION('',(1.E0,0.E0,0.E0));
#2604=AXIS2_PLACEMENT_3D('',#2601,#2602,#2603);
#2605=TOROIDAL_SURFACE('',#2604,3.65E0,2.E-1);
#2607=ORIENTED_EDGE('',*,*,#2606,.T.);
#2609=ORIENTED_EDGE('',*,*,#2608,.T.);
#2611=ORIENTED_EDGE('',*,*,#2610,.F.);
#2612=ORIENTED_EDGE('',*,*,#2586,.F.);
#2613=EDGE_LOOP('',(#2607,#2609,#2611,#2612));
#2614=FACE_OUTER_BOUND('',#2613,.F.);
#2616=FILL_AREA_STYLE_COLOUR('',#2316);
#2617=FILL_AREA_STYLE('',(#2616));
#2618=SURFACE_STYLE_FILL_AREA(#2617);
#2619=SURFACE_SIDE_STYLE('',(#2618));
#2620=SURFACE_STYLE_USAGE(.POSITIVE.,#2619);
#2621=PRESENTATION_STYLE_ASSIGNMENT((#2620));
#2622=STYLED_ITEM('',(#2621),#2615);
#2623=CARTESIAN_POINT('',(0.E0,5.82E0,0.E0));
#2624=DIRECTION('',(0.E0,1.E0,0.E0));
#2625=DIRECTION('',(1.E0,0.E0,0.E0));
#2626=AXIS2_PLACEMENT_3D('',#2623,#2624,#2625);
#2627=TOROIDAL_SURFACE('',#2626,3.65E0,2.E-1);
#2628=ORIENTED_EDGE('',*,*,#2606,.F.);
#2629=ORIENTED_EDGE('',*,*,#2568,.T.);
#2630=ORIENTED_EDGE('',*,*,#2610,.T.);
#2632=ORIENTED_EDGE('',*,*,#2631,.F.);
#2633=EDGE_LOOP('',(#2628,#2629,#2630,#2632));
#2634=FACE_OUTER_BOUND('',#2633,.F.);
#2636=FILL_AREA_STYLE_COLOUR('',#2316);
#2637=FILL_AREA_STYLE('',(#2636));
#2638=SURFACE_STYLE_FILL_AREA(#2637);
#2639=SURFACE_SIDE_STYLE('',(#2638));
#2640=SURFACE_STYLE_USAGE(.POSITIVE.,#2639);
#2641=PRESENTATION_STYLE_ASSIGNMENT((#2640));
#2642=STYLED_ITEM('',(#2641),#2635);
#2643=CARTESIAN_POINT('',(0.E0,6.02E0,0.E0));
#2644=DIRECTION('',(0.E0,1.E0,0.E0));
#2645=DIRECTION('',(1.E0,0.E0,0.E0));
#2646=AXIS2_PLACEMENT_3D('',#2643,#2644,#2645);
#2647=PLANE('',#2646);
#2648=ORIENTED_EDGE('',*,*,#2608,.F.);
#2649=ORIENTED_EDGE('',*,*,#2631,.T.);
#2650=EDGE_LOOP('',(#2648,#2649));
#2651=FACE_OUTER_BOUND('',#2650,.F.);
#2653=ORIENTED_EDGE('',*,*,#2652,.F.);
#2655=ORIENTED_EDGE('',*,*,#2654,.T.);
#2656=EDGE_LOOP('',(#2653,#2655));
#2657=FACE_BOUND('',#2656,.F.);
#2659=FILL_AREA_STYLE_COLOUR('',#2316);
#2660=FILL_AREA_STYLE('',(#2659));
#2661=SURFACE_STYLE_FILL_AREA(#2660);
#2662=SURFACE_SIDE_STYLE('',(#2661));
#2663=SURFACE_STYLE_USAGE(.POSITIVE.,#2662);
#2664=PRESENTATION_STYLE_ASSIGNMENT((#2663));
#2665=STYLED_ITEM('',(#2664),#2658);
#2666=CARTESIAN_POINT('',(0.E0,-3.125E-1,0.E0));
#2667=DIRECTION('',(0.E0,1.E0,0.E0));
#2668=DIRECTION('',(1.E0,0.E0,0.E0));
#2669=AXIS2_PLACEMENT_3D('',#2666,#2667,#2668);
#2670=CYLINDRICAL_SURFACE('',#2669,1.95E0);
#2672=ORIENTED_EDGE('',*,*,#2671,.F.);
#2673=ORIENTED_EDGE('',*,*,#2652,.T.);
#2675=ORIENTED_EDGE('',*,*,#2674,.T.);
#2677=ORIENTED_EDGE('',*,*,#2676,.F.);
#2678=EDGE_LOOP('',(#2672,#2673,#2675,#2677));
#2679=FACE_OUTER_BOUND('',#2678,.F.);
#2681=FILL_AREA_STYLE_COLOUR('',#2316);
#2682=FILL_AREA_STYLE('',(#2681));
#2683=SURFACE_STYLE_FILL_AREA(#2682);
#2684=SURFACE_SIDE_STYLE('',(#2683));
#2685=SURFACE_STYLE_USAGE(.POSITIVE.,#2684);
#2686=PRESENTATION_STYLE_ASSIGNMENT((#2685));
#2687=STYLED_ITEM('',(#2686),#2680);
#2688=CARTESIAN_POINT('',(0.E0,-3.125E-1,0.E0));
#2689=DIRECTION('',(0.E0,1.E0,0.E0));
#2690=DIRECTION('',(1.E0,0.E0,0.E0));
#2691=AXIS2_PLACEMENT_3D('',#2688,#2689,#2690);
#2692=CYLINDRICAL_SURFACE('',#2691,1.95E0);
#2693=ORIENTED_EDGE('',*,*,#2671,.T.);
#2695=ORIENTED_EDGE('',*,*,#2694,.T.);
#2696=ORIENTED_EDGE('',*,*,#2674,.F.);
#2697=ORIENTED_EDGE('',*,*,#2654,.F.);
#2698=EDGE_LOOP('',(#2693,#2695,#2696,#2697));
#2699=FACE_OUTER_BOUND('',#2698,.F.);
#2701=FILL_AREA_STYLE_COLOUR('',#2316);
#2702=FILL_AREA_STYLE('',(#2701));
#2703=SURFACE_STYLE_FILL_AREA(#2702);
#2704=SURFACE_SIDE_STYLE('',(#2703));
#2705=SURFACE_STYLE_USAGE(.POSITIVE.,#2704);
#2706=PRESENTATION_STYLE_ASSIGNMENT((#2705));
#2707=STYLED_ITEM('',(#2706),#2700);
#2708=CARTESIAN_POINT('',(0.E0,6.25E0,0.E0));
#2709=DIRECTION('',(0.E0,1.E0,0.E0));
#2710=DIRECTION('',(1.E0,0.E0,0.E0));
#2711=AXIS2_PLACEMENT_3D('',#2708,#2709,#2710);
#2712=PLANE('',#2711);
#2714=ORIENTED_EDGE('',*,*,#2713,.F.);
#2716=ORIENTED_EDGE('',*,*,#2715,.T.);
#2717=EDGE_LOOP('',(#2714,#2716));
#2718=FACE_OUTER_BOUND('',#2717,.F.);
#2719=ORIENTED_EDGE('',*,*,#2694,.F.);
#2720=ORIENTED_EDGE('',*,*,#2676,.T.);
#2721=EDGE_LOOP('',(#2719,#2720));
#2722=FACE_BOUND('',#2721,.F.);
#2724=FILL_AREA_STYLE_COLOUR('',#2316);
#2725=FILL_AREA_STYLE('',(#2724));
#2726=SURFACE_STYLE_FILL_AREA(#2725);
#2727=SURFACE_SIDE_STYLE('',(#2726));
#2728=SURFACE_STYLE_USAGE(.POSITIVE.,#2727);
#2729=PRESENTATION_STYLE_ASSIGNMENT((#2728));
#2730=STYLED_ITEM('',(#2729),#2723);
#2731=CARTESIAN_POINT('',(0.E0,5.82E0,0.E0));
#2732=DIRECTION('',(0.E0,1.E0,0.E0));
#2733=DIRECTION('',(1.E0,0.E0,0.E0));
#2734=AXIS2_PLACEMENT_3D('',#2731,#2732,#2733);
#2735=TOROIDAL_SURFACE('',#2734,3.65E0,4.3E-1);
#2737=ORIENTED_EDGE('',*,*,#2736,.F.);
#2738=ORIENTED_EDGE('',*,*,#2713,.T.);
#2740=ORIENTED_EDGE('',*,*,#2739,.T.);
#2742=ORIENTED_EDGE('',*,*,#2741,.F.);
#2743=EDGE_LOOP('',(#2737,#2738,#2740,#2742));
#2744=FACE_OUTER_BOUND('',#2743,.F.);
#2746=FILL_AREA_STYLE_COLOUR('',#2316);
#2747=FILL_AREA_STYLE('',(#2746));
#2748=SURFACE_STYLE_FILL_AREA(#2747);
#2749=SURFACE_SIDE_STYLE('',(#2748));
#2750=SURFACE_STYLE_USAGE(.POSITIVE.,#2749);
#2751=PRESENTATION_STYLE_ASSIGNMENT((#2750));
#2752=STYLED_ITEM('',(#2751),#2745);
#2753=CARTESIAN_POINT('',(0.E0,5.82E0,0.E0));
#2754=DIRECTION('',(0.E0,1.E0,0.E0));
#2755=DIRECTION('',(1.E0,0.E0,0.E0));
#2756=AXIS2_PLACEMENT_3D('',#2753,#2754,#2755);
#2757=TOROIDAL_SURFACE('',#2756,3.65E0,4.3E-1);
#2758=ORIENTED_EDGE('',*,*,#2736,.T.);
#2760=ORIENTED_EDGE('',*,*,#2759,.T.);
#2761=ORIENTED_EDGE('',*,*,#2739,.F.);
#2762=ORIENTED_EDGE('',*,*,#2715,.F.);
#2763=EDGE_LOOP('',(#2758,#2760,#2761,#2762));
#2764=FACE_OUTER_BOUND('',#2763,.F.);
#2766=FILL_AREA_STYLE_COLOUR('',#2316);
#2767=FILL_AREA_STYLE('',(#2766));
#2768=SURFACE_STYLE_FILL_AREA(#2767);
#2769=SURFACE_SIDE_STYLE('',(#2768));
#2770=SURFACE_STYLE_USAGE(.POSITIVE.,#2769);
#2771=PRESENTATION_STYLE_ASSIGNMENT((#2770));
#2772=STYLED_ITEM('',(#2771),#2765);
#2773=CARTESIAN_POINT('',(0.E0,-3.125E-1,0.E0));
#2774=DIRECTION('',(0.E0,1.E0,0.E0));
#2775=DIRECTION('',(1.E0,0.E0,0.E0));
#2776=AXIS2_PLACEMENT_3D('',#2773,#2774,#2775);
#2777=CYLINDRICAL_SURFACE('',#2776,4.08E0);
#2779=ORIENTED_EDGE('',*,*,#2778,.T.);
#2781=ORIENTED_EDGE('',*,*,#2780,.T.);
#2783=ORIENTED_EDGE('',*,*,#2782,.F.);
#2784=ORIENTED_EDGE('',*,*,#2759,.F.);
#2785=EDGE_LOOP('',(#2779,#2781,#2783,#2784));
#2786=FACE_OUTER_BOUND('',#2785,.F.);
#2788=FILL_AREA_STYLE_COLOUR('',#2316);
#2789=FILL_AREA_STYLE('',(#2788));
#2790=SURFACE_STYLE_FILL_AREA(#2789);
#2791=SURFACE_SIDE_STYLE('',(#2790));
#2792=SURFACE_STYLE_USAGE(.POSITIVE.,#2791);
#2793=PRESENTATION_STYLE_ASSIGNMENT((#2792));
#2794=STYLED_ITEM('',(#2793),#2787);
#2795=CARTESIAN_POINT('',(0.E0,-3.125E-1,0.E0));
#2796=DIRECTION('',(0.E0,1.E0,0.E0));
#2797=DIRECTION('',(1.E0,0.E0,0.E0));
#2798=AXIS2_PLACEMENT_3D('',#2795,#2796,#2797);
#2799=CYLINDRICAL_SURFACE('',#2798,4.08E0);
#2800=ORIENTED_EDGE('',*,*,#2778,.F.);
#2801=ORIENTED_EDGE('',*,*,#2741,.T.);
#2802=ORIENTED_EDGE('',*,*,#2782,.T.);
#2804=ORIENTED_EDGE('',*,*,#2803,.F.);
#2805=EDGE_LOOP('',(#2800,#2801,#2802,#2804));
#2806=FACE_OUTER_BOUND('',#2805,.F.);
#2808=FILL_AREA_STYLE_COLOUR('',#2316);
#2809=FILL_AREA_STYLE('',(#2808));
#2810=SURFACE_STYLE_FILL_AREA(#2809);
#2811=SURFACE_SIDE_STYLE('',(#2810));
#2812=SURFACE_STYLE_USAGE(.POSITIVE.,#2811);
#2813=PRESENTATION_STYLE_ASSIGNMENT((#2812));
#2814=STYLED_ITEM('',(#2813),#2807);
#2815=CARTESIAN_POINT('',(0.E0,4.307987811979E-1,0.E0));
#2816=DIRECTION('',(0.E0,1.E0,0.E0));
#2817=DIRECTION('',(1.E0,0.E0,0.E0));
#2818=AXIS2_PLACEMENT_3D('',#2815,#2816,#2817);
#2819=TOROIDAL_SURFACE('',#2818,4.279878622486E0,2.007987811979E-1);
#2821=ORIENTED_EDGE('',*,*,#2820,.F.);
#2822=ORIENTED_EDGE('',*,*,#2803,.T.);
#2824=ORIENTED_EDGE('',*,*,#2823,.T.);
#2826=ORIENTED_EDGE('',*,*,#2825,.F.);
#2827=EDGE_LOOP('',(#2821,#2822,#2824,#2826));
#2828=FACE_OUTER_BOUND('',#2827,.F.);
#2830=FILL_AREA_STYLE_COLOUR('',#2316);
#2831=FILL_AREA_STYLE('',(#2830));
#2832=SURFACE_STYLE_FILL_AREA(#2831);
#2833=SURFACE_SIDE_STYLE('',(#2832));
#2834=SURFACE_STYLE_USAGE(.POSITIVE.,#2833);
#2835=PRESENTATION_STYLE_ASSIGNMENT((#2834));
#2836=STYLED_ITEM('',(#2835),#2829);
#2837=CARTESIAN_POINT('',(0.E0,4.307987811979E-1,0.E0));
#2838=DIRECTION('',(0.E0,1.E0,0.E0));
#2839=DIRECTION('',(1.E0,0.E0,0.E0));
#2840=AXIS2_PLACEMENT_3D('',#2837,#2838,#2839);
#2841=TOROIDAL_SURFACE('',#2840,4.279878622486E0,2.007987811979E-1);
#2842=ORIENTED_EDGE('',*,*,#2820,.T.);
#2844=ORIENTED_EDGE('',*,*,#2843,.T.);
#2845=ORIENTED_EDGE('',*,*,#2823,.F.);
#2846=ORIENTED_EDGE('',*,*,#2780,.F.);
#2847=EDGE_LOOP('',(#2842,#2844,#2845,#2846));
#2848=FACE_OUTER_BOUND('',#2847,.F.);
#2850=FILL_AREA_STYLE_COLOUR('',#2316);
#2851=FILL_AREA_STYLE('',(#2850));
#2852=SURFACE_STYLE_FILL_AREA(#2851);
#2853=SURFACE_SIDE_STYLE('',(#2852));
#2854=SURFACE_STYLE_USAGE(.POSITIVE.,#2853);
#2855=PRESENTATION_STYLE_ASSIGNMENT((#2854));
#2856=STYLED_ITEM('',(#2855),#2849);
#2857=CARTESIAN_POINT('',(0.E0,2.3E-1,0.E0));
#2858=DIRECTION('',(0.E0,1.E0,0.E0));
#2859=DIRECTION('',(1.E0,0.E0,0.E0));
#2860=AXIS2_PLACEMENT_3D('',#2857,#2858,#2859);
#2861=PLANE('',#2860);
#2863=ORIENTED_EDGE('',*,*,#2862,.F.);
#2865=ORIENTED_EDGE('',*,*,#2864,.T.);
#2866=EDGE_LOOP('',(#2863,#2865));
#2867=FACE_OUTER_BOUND('',#2866,.F.);
#2868=ORIENTED_EDGE('',*,*,#2843,.F.);
#2869=ORIENTED_EDGE('',*,*,#2825,.T.);
#2870=EDGE_LOOP('',(#2868,#2869));
#2871=FACE_BOUND('',#2870,.F.);
#2873=FILL_AREA_STYLE_COLOUR('',#2316);
#2874=FILL_AREA_STYLE('',(#2873));
#2875=SURFACE_STYLE_FILL_AREA(#2874);
#2876=SURFACE_SIDE_STYLE('',(#2875));
#2877=SURFACE_STYLE_USAGE(.POSITIVE.,#2876);
#2878=PRESENTATION_STYLE_ASSIGNMENT((#2877));
#2879=STYLED_ITEM('',(#2878),#2872);
#2880=CARTESIAN_POINT('',(0.E0,-3.125E-1,0.E0));
#2881=DIRECTION('',(0.E0,1.E0,0.E0));
#2882=DIRECTION('',(1.E0,0.E0,0.E0));
#2883=AXIS2_PLACEMENT_3D('',#2880,#2881,#2882);
#2884=CYLINDRICAL_SURFACE('',#2883,4.5E0);
#2886=ORIENTED_EDGE('',*,*,#2885,.F.);
#2887=ORIENTED_EDGE('',*,*,#2862,.T.);
#2889=ORIENTED_EDGE('',*,*,#2888,.T.);
#2891=ORIENTED_EDGE('',*,*,#2890,.F.);
#2892=EDGE_LOOP('',(#2886,#2887,#2889,#2891));
#2893=FACE_OUTER_BOUND('',#2892,.F.);
#2895=FILL_AREA_STYLE_COLOUR('',#2316);
#2896=FILL_AREA_STYLE('',(#2895));
#2897=SURFACE_STYLE_FILL_AREA(#2896);
#2898=SURFACE_SIDE_STYLE('',(#2897));
#2899=SURFACE_STYLE_USAGE(.POSITIVE.,#2898);
#2900=PRESENTATION_STYLE_ASSIGNMENT((#2899));
#2901=STYLED_ITEM('',(#2900),#2894);
#2902=CARTESIAN_POINT('',(0.E0,-3.125E-1,0.E0));
#2903=DIRECTION('',(0.E0,1.E0,0.E0));
#2904=DIRECTION('',(1.E0,0.E0,0.E0));
#2905=AXIS2_PLACEMENT_3D('',#2902,#2903,#2904);
#2906=CYLINDRICAL_SURFACE('',#2905,4.5E0);
#2907=ORIENTED_EDGE('',*,*,#2885,.T.);
#2909=ORIENTED_EDGE('',*,*,#2908,.T.);
#2910=ORIENTED_EDGE('',*,*,#2888,.F.);
#2911=ORIENTED_EDGE('',*,*,#2864,.F.);
#2912=EDGE_LOOP('',(#2907,#2909,#2910,#2911));
#2913=FACE_OUTER_BOUND('',#2912,.F.);
#2915=FILL_AREA_STYLE_COLOUR('',#2316);
#2916=FILL_AREA_STYLE('',(#2915));
#2917=SURFACE_STYLE_FILL_AREA(#2916);
#2918=SURFACE_SIDE_STYLE('',(#2917));
#2919=SURFACE_STYLE_USAGE(.POSITIVE.,#2918);
#2920=PRESENTATION_STYLE_ASSIGNMENT((#2919));
#2921=STYLED_ITEM('',(#2920),#2914);
#2922=CARTESIAN_POINT('',(0.E0,0.E0,0.E0));
#2923=DIRECTION('',(0.E0,1.E0,0.E0));
#2924=DIRECTION('',(1.E0,0.E0,0.E0));
#2925=AXIS2_PLACEMENT_3D('',#2922,#2923,#2924);
#2926=PLANE('',#2925);
#2927=ORIENTED_EDGE('',*,*,#2908,.F.);
#2928=ORIENTED_EDGE('',*,*,#2890,.T.);
#2929=EDGE_LOOP('',(#2927,#2928));
#2930=FACE_OUTER_BOUND('',#2929,.F.);
#2932=ORIENTED_EDGE('',*,*,#2931,.F.);
#2934=ORIENTED_EDGE('',*,*,#2933,.T.);
#2935=EDGE_LOOP('',(#2932,#2934));
#2936=FACE_BOUND('',#2935,.F.);
#2938=FILL_AREA_STYLE_COLOUR('',#2316);
#2939=FILL_AREA_STYLE('',(#2938));
#2940=SURFACE_STYLE_FILL_AREA(#2939);
#2941=SURFACE_SIDE_STYLE('',(#2940));
#2942=SURFACE_STYLE_USAGE(.POSITIVE.,#2941);
#2943=PRESENTATION_STYLE_ASSIGNMENT((#2942));
#2944=STYLED_ITEM('',(#2943),#2937);
#2945=CARTESIAN_POINT('',(0.E0,4.302415186030E-1,0.E0));
#2946=DIRECTION('',(0.E0,1.E0,0.E0));
#2947=DIRECTION('',(1.E0,0.E0,0.E0));
#2948=AXIS2_PLACEMENT_3D('',#2945,#2946,#2947);
#2949=TOROIDAL_SURFACE('',#2948,4.279787583281E0,4.302415186030E-1);
#2951=ORIENTED_EDGE('',*,*,#2950,.F.);
#2952=ORIENTED_EDGE('',*,*,#2931,.T.);
#2954=ORIENTED_EDGE('',*,*,#2953,.T.);
#2955=ORIENTED_EDGE('',*,*,#2564,.F.);
#2956=EDGE_LOOP('',(#2951,#2952,#2954,#2955));
#2957=FACE_OUTER_BOUND('',#2956,.F.);
#2959=FILL_AREA_STYLE_COLOUR('',#2316);
#2960=FILL_AREA_STYLE('',(#2959));
#2961=SURFACE_STYLE_FILL_AREA(#2960);
#2962=SURFACE_SIDE_STYLE('',(#2961));
#2963=SURFACE_STYLE_USAGE(.POSITIVE.,#2962);
#2964=PRESENTATION_STYLE_ASSIGNMENT((#2963));
#2965=STYLED_ITEM('',(#2964),#2958);
#2966=CARTESIAN_POINT('',(0.E0,4.302415186030E-1,0.E0));
#2967=DIRECTION('',(0.E0,1.E0,0.E0));
#2968=DIRECTION('',(1.E0,0.E0,0.E0));
#2969=AXIS2_PLACEMENT_3D('',#2966,#2967,#2968);
#2970=TOROIDAL_SURFACE('',#2969,4.279787583281E0,4.302415186030E-1);
#2971=ORIENTED_EDGE('',*,*,#2950,.T.);
#2972=ORIENTED_EDGE('',*,*,#2589,.T.);
#2973=ORIENTED_EDGE('',*,*,#2953,.F.);
#2974=ORIENTED_EDGE('',*,*,#2933,.F.);
#2975=EDGE_LOOP('',(#2971,#2972,#2973,#2974));
#2976=FACE_OUTER_BOUND('',#2975,.F.);
#2978=FILL_AREA_STYLE_COLOUR('',#2316);
#2979=FILL_AREA_STYLE('',(#2978));
#2980=SURFACE_STYLE_FILL_AREA(#2979);
#2981=SURFACE_SIDE_STYLE('',(#2980));
#2982=SURFACE_STYLE_USAGE(.POSITIVE.,#2981);
#2983=PRESENTATION_STYLE_ASSIGNMENT((#2982));
#2984=STYLED_ITEM('',(#2983),#2977);
#2989=PLANE_ANGLE_MEASURE_WITH_UNIT(PLANE_ANGLE_MEASURE(1.745329251994E-2),
#2988);
#2990=(CONVERSION_BASED_UNIT('DEGREE',#2989)NAMED_UNIT(*)PLANE_ANGLE_UNIT());
#2992=UNCERTAINTY_MEASURE_WITH_UNIT(LENGTH_MEASURE(9.906E-3),#2987,
'distance_accuracy_value',
'Maximum model space distance between geometric entities at asserted connectivities');
#2994=CARTESIAN_POINT('',(0.E0,0.E0,0.E0));
#2995=DIRECTION('',(0.E0,0.E0,1.E0));
#2996=DIRECTION('',(1.E0,0.E0,0.E0));
#2999=PRODUCT_DEFINITION_CONTEXT('part definition',#1321,'design');
#3000=PRODUCT_CONTEXT('',#1321,'mechanical');
#3001=PRODUCT('TO39_CAP_90642_BCB','TO39_CAP_90642_BCB','NOT SPECIFIED',
(#3000));
#3002=PRODUCT_DEFINITION_FORMATION('6','LAST_VERSION',#3001);
#3010=DERIVED_UNIT_ELEMENT(#3009,2.E0);
#3011=DERIVED_UNIT((#3010));
#3012=MEASURE_REPRESENTATION_ITEM('surface area measure',AREA_MEASURE(
3.991644427340E2),#3011);
#3017=DERIVED_UNIT_ELEMENT(#3016,3.E0);
#3018=DERIVED_UNIT((#3017));
#3019=MEASURE_REPRESENTATION_ITEM('volume measure',VOLUME_MEASURE(
4.482990962062E1),#3018);
#3023=CARTESIAN_POINT('centre point',(0.E0,3.483068906613E0,0.E0));
#3028=DERIVED_UNIT_ELEMENT(#3027,2.E0);
#3029=DERIVED_UNIT((#3028));
#3030=MEASURE_REPRESENTATION_ITEM('surface area measure',AREA_MEASURE(
3.991644427340E2),#3029);
#3035=DERIVED_UNIT_ELEMENT(#3034,3.E0);
#3036=DERIVED_UNIT((#3035));
#3037=MEASURE_REPRESENTATION_ITEM('volume measure',VOLUME_MEASURE(
4.482990962062E1),#3036);
#3041=CARTESIAN_POINT('centre point',(0.E0,3.483068906613E0,0.E0));
#3048=CARTESIAN_POINT('centre point',(1.804737907011E-1,1.808719125395E-1,
2.383068906613E0));
#3052=CARTESIAN_POINT('',(1.804737907011E-1,1.808719125395E-1,-1.1E0));
#3053=DIRECTION('',(0.E0,-1.E0,0.E0));
#3054=DIRECTION('',(1.E0,0.E0,0.E0));
#3055=AXIS2_PLACEMENT_3D('',#3052,#3053,#3054);
#3056=ITEM_DEFINED_TRANSFORMATION('','',#2997,#3055);
#3057=(REPRESENTATION_RELATIONSHIP('','',#2998,#1372)REPRESENTATION_RELATIONSHIP_WITH_TRANSFORMATION(#3056)SHAPE_REPRESENTATION_RELATIONSHIP());
#3058=CONTEXT_DEPENDENT_SHAPE_REPRESENTATION(#3057,#3047);
#3060=CARTESIAN_POINT('',(0.E0,0.E0,0.E0));
#3061=DIRECTION('',(0.E0,0.E0,1.E0));
#3062=DIRECTION('',(-1.E0,0.E0,0.E0));
#3063=AXIS2_PLACEMENT_3D('',#3060,#3061,#3062);
#3065=CARTESIAN_POINT('',(0.E0,0.E0,6.12E-1));
#3066=DIRECTION('',(0.E0,0.E0,1.E0));
#3067=DIRECTION('',(-1.E0,0.E0,0.E0));
#3068=AXIS2_PLACEMENT_3D('',#3065,#3066,#3067);
#3070=DIRECTION('',(1.019548850338E-8,4.539874526718E-8,1.E0));
#3071=VECTOR('',#3070,6.120000062396E-1);
#3072=CARTESIAN_POINT('',(-3.325E0,0.E0,0.E0));
#3073=LINE('',#3072,#3071);
#3074=DIRECTION('',(-7.071067811865E-1,-1.395098983959E-8,-7.071067811865E-1));
#3075=VECTOR('',#3074,4.242640705918E-1);
#3076=CARTESIAN_POINT('',(-3.024999992431E0,3.370293632851E-8,
9.120000075689E-1));
#3077=LINE('',#3076,#3075);
#3078=CARTESIAN_POINT('',(0.E0,0.E0,9.12E-1));
#3079=DIRECTION('',(0.E0,0.E0,1.E0));
#3080=DIRECTION('',(-1.E0,0.E0,0.E0));
#3081=AXIS2_PLACEMENT_3D('',#3078,#3079,#3080);
#3083=CARTESIAN_POINT('',(0.E0,0.E0,9.12E-1));
#3084=DIRECTION('',(0.E0,0.E0,1.E0));
#3085=DIRECTION('',(1.E0,0.E0,0.E0));
#3086=AXIS2_PLACEMENT_3D('',#3083,#3084,#3085);
#3088=DIRECTION('',(7.071067811865E-1,1.395099029830E-8,-7.071067811865E-1));
#3089=VECTOR('',#3088,4.242640705918E-1);
#3090=CARTESIAN_POINT('',(3.024999992431E0,-3.370293660230E-8,
9.120000075689E-1));
#3091=LINE('',#3090,#3089);
#3092=CARTESIAN_POINT('',(0.E0,0.E0,6.12E-1));
#3093=DIRECTION('',(0.E0,0.E0,1.E0));
#3094=DIRECTION('',(1.E0,0.E0,0.E0));
#3095=AXIS2_PLACEMENT_3D('',#3092,#3093,#3094);
#3097=DIRECTION('',(-1.019548922901E-8,-4.539874479337E-8,1.E0));
#3098=VECTOR('',#3097,6.120000062396E-1);
#3099=CARTESIAN_POINT('',(3.325E0,0.E0,0.E0));
#3100=LINE('',#3099,#3098);
#3101=CARTESIAN_POINT('',(0.E0,0.E0,0.E0));
#3102=DIRECTION('',(0.E0,0.E0,1.E0));
#3103=DIRECTION('',(1.E0,0.E0,0.E0));
#3104=AXIS2_PLACEMENT_3D('',#3101,#3102,#3103);
#3106=CARTESIAN_POINT('',(0.E0,0.E0,9.112319957069E0));
#3107=DIRECTION('',(0.E0,1.E0,0.E0));
#3108=DIRECTION('',(0.E0,0.E0,-1.E0));
#3109=AXIS2_PLACEMENT_3D('',#3106,#3107,#3108);
#3111=CARTESIAN_POINT('',(0.E0,0.E0,9.112319957069E0));
#3112=DIRECTION('',(0.E0,-1.E0,0.E0));
#3113=DIRECTION('',(0.E0,0.E0,-1.E0));
#3114=AXIS2_PLACEMENT_3D('',#3111,#3112,#3113);
#3116=CARTESIAN_POINT('',(-3.325E0,0.E0,0.E0));
#3117=CARTESIAN_POINT('',(3.325E0,0.E0,0.E0));
#3118=VERTEX_POINT('',#3116);
#3119=VERTEX_POINT('',#3117);
#3120=CARTESIAN_POINT('',(0.E0,0.E0,-5.876800429309E-1));
#3121=VERTEX_POINT('',#3120);
#3122=CARTESIAN_POINT('',(-3.025E0,0.E0,9.12E-1));
#3123=CARTESIAN_POINT('',(3.025E0,0.E0,9.12E-1));
#3124=VERTEX_POINT('',#3122);
#3125=VERTEX_POINT('',#3123);
#3126=CARTESIAN_POINT('',(-3.325E0,0.E0,6.12E-1));
#3127=CARTESIAN_POINT('',(3.325E0,0.E0,6.12E-1));
#3128=VERTEX_POINT('',#3126);
#3129=VERTEX_POINT('',#3127);
#3130=CARTESIAN_POINT('',(0.E0,0.E0,9.112319957069E0));
#3131=DIRECTION('',(0.E0,0.E0,1.E0));
#3132=DIRECTION('',(-1.E0,0.E0,0.E0));
#3133=AXIS2_PLACEMENT_3D('',#3130,#3131,#3132);
#3134=SPHERICAL_SURFACE('',#3133,9.7E0);
#3136=ORIENTED_EDGE('',*,*,#3135,.T.);
#3138=ORIENTED_EDGE('',*,*,#3137,.F.);
#3140=ORIENTED_EDGE('',*,*,#3139,.T.);
#3141=EDGE_LOOP('',(#3136,#3138,#3140));
#3142=FACE_OUTER_BOUND('',#3141,.F.);
#3144=FILL_AREA_STYLE_COLOUR('',#3059);
#3145=FILL_AREA_STYLE('',(#3144));
#3146=SURFACE_STYLE_FILL_AREA(#3145);
#3147=SURFACE_SIDE_STYLE('',(#3146));
#3148=SURFACE_STYLE_USAGE(.POSITIVE.,#3147);
#3149=PRESENTATION_STYLE_ASSIGNMENT((#3148));
#3150=STYLED_ITEM('',(#3149),#3143);
#3151=CARTESIAN_POINT('',(0.E0,0.E0,0.E0));
#3152=DIRECTION('',(0.E0,0.E0,1.E0));
#3153=DIRECTION('',(1.E0,0.E0,0.E0));
#3154=AXIS2_PLACEMENT_3D('',#3151,#3152,#3153);
#3155=CYLINDRICAL_SURFACE('',#3154,3.325E0);
#3157=ORIENTED_EDGE('',*,*,#3156,.T.);
#3159=ORIENTED_EDGE('',*,*,#3158,.F.);
#3160=ORIENTED_EDGE('',*,*,#3135,.F.);
#3162=ORIENTED_EDGE('',*,*,#3161,.T.);
#3163=EDGE_LOOP('',(#3157,#3159,#3160,#3162));
#3164=FACE_OUTER_BOUND('',#3163,.F.);
#3166=FILL_AREA_STYLE_COLOUR('',#3059);
#3167=FILL_AREA_STYLE('',(#3166));
#3168=SURFACE_STYLE_FILL_AREA(#3167);
#3169=SURFACE_SIDE_STYLE('',(#3168));
#3170=SURFACE_STYLE_USAGE(.POSITIVE.,#3169);
#3171=PRESENTATION_STYLE_ASSIGNMENT((#3170));
#3172=STYLED_ITEM('',(#3171),#3165);
#3173=CARTESIAN_POINT('',(0.E0,0.E0,7.620000058858E-1));
#3174=DIRECTION('',(0.E0,0.E0,-1.E0));
#3175=DIRECTION('',(0.E0,-1.E0,0.E0));
#3176=AXIS2_PLACEMENT_3D('',#3173,#3174,#3175);
#3177=CONICAL_SURFACE('',#3176,3.174999994114E0,4.5E1);
#3179=ORIENTED_EDGE('',*,*,#3178,.T.);
#3181=ORIENTED_EDGE('',*,*,#3180,.T.);
#3182=ORIENTED_EDGE('',*,*,#3156,.F.);
#3184=ORIENTED_EDGE('',*,*,#3183,.F.);
#3185=EDGE_LOOP('',(#3179,#3181,#3182,#3184));
#3186=FACE_OUTER_BOUND('',#3185,.F.);
#3188=FILL_AREA_STYLE_COLOUR('',#3059);
#3189=FILL_AREA_STYLE('',(#3188));
#3190=SURFACE_STYLE_FILL_AREA(#3189);
#3191=SURFACE_SIDE_STYLE('',(#3190));
#3192=SURFACE_STYLE_USAGE(.POSITIVE.,#3191);
#3193=PRESENTATION_STYLE_ASSIGNMENT((#3192));
#3194=STYLED_ITEM('',(#3193),#3187);
#3195=CARTESIAN_POINT('',(0.E0,0.E0,9.12E-1));
#3196=DIRECTION('',(0.E0,0.E0,1.E0));
#3197=DIRECTION('',(1.E0,0.E0,0.E0));
#3198=AXIS2_PLACEMENT_3D('',#3195,#3196,#3197);
#3199=PLANE('',#3198);
#3200=ORIENTED_EDGE('',*,*,#3178,.F.);
#3202=ORIENTED_EDGE('',*,*,#3201,.F.);
#3203=EDGE_LOOP('',(#3200,#3202));
#3204=FACE_OUTER_BOUND('',#3203,.F.);
#3206=FILL_AREA_STYLE_COLOUR('',#3059);
#3207=FILL_AREA_STYLE('',(#3206));
#3208=SURFACE_STYLE_FILL_AREA(#3207);
#3209=SURFACE_SIDE_STYLE('',(#3208));
#3210=SURFACE_STYLE_USAGE(.POSITIVE.,#3209);
#3211=PRESENTATION_STYLE_ASSIGNMENT((#3210));
#3212=STYLED_ITEM('',(#3211),#3205);
#3213=CARTESIAN_POINT('',(0.E0,0.E0,7.620000058858E-1));
#3214=DIRECTION('',(0.E0,0.E0,-1.E0));
#3215=DIRECTION('',(0.E0,-1.E0,0.E0));
#3216=AXIS2_PLACEMENT_3D('',#3213,#3214,#3215);
#3217=CONICAL_SURFACE('',#3216,3.174999994114E0,4.5E1);
#3218=ORIENTED_EDGE('',*,*,#3201,.T.);
#3219=ORIENTED_EDGE('',*,*,#3183,.T.);
#3221=ORIENTED_EDGE('',*,*,#3220,.F.);
#3222=ORIENTED_EDGE('',*,*,#3180,.F.);
#3223=EDGE_LOOP('',(#3218,#3219,#3221,#3222));
#3224=FACE_OUTER_BOUND('',#3223,.F.);
#3226=FILL_AREA_STYLE_COLOUR('',#3059);
#3227=FILL_AREA_STYLE('',(#3226));
#3228=SURFACE_STYLE_FILL_AREA(#3227);
#3229=SURFACE_SIDE_STYLE('',(#3228));
#3230=SURFACE_STYLE_USAGE(.POSITIVE.,#3229);
#3231=PRESENTATION_STYLE_ASSIGNMENT((#3230));
#3232=STYLED_ITEM('',(#3231),#3225);
#3233=CARTESIAN_POINT('',(0.E0,0.E0,0.E0));
#3234=DIRECTION('',(0.E0,0.E0,1.E0));
#3235=DIRECTION('',(1.E0,0.E0,0.E0));
#3236=AXIS2_PLACEMENT_3D('',#3233,#3234,#3235);
#3237=CYLINDRICAL_SURFACE('',#3236,3.325E0);
#3238=ORIENTED_EDGE('',*,*,#3220,.T.);
#3239=ORIENTED_EDGE('',*,*,#3161,.F.);
#3241=ORIENTED_EDGE('',*,*,#3240,.F.);
#3242=ORIENTED_EDGE('',*,*,#3158,.T.);
#3243=EDGE_LOOP('',(#3238,#3239,#3241,#3242));
#3244=FACE_OUTER_BOUND('',#3243,.F.);
#3246=FILL_AREA_STYLE_COLOUR('',#3059);
#3247=FILL_AREA_STYLE('',(#3246));
#3248=SURFACE_STYLE_FILL_AREA(#3247);
#3249=SURFACE_SIDE_STYLE('',(#3248));
#3250=SURFACE_STYLE_USAGE(.POSITIVE.,#3249);
#3251=PRESENTATION_STYLE_ASSIGNMENT((#3250));
#3252=STYLED_ITEM('',(#3251),#3245);
#3253=CARTESIAN_POINT('',(0.E0,0.E0,9.112319957069E0));
#3254=DIRECTION('',(0.E0,0.E0,1.E0));
#3255=DIRECTION('',(-1.E0,0.E0,0.E0));
#3256=AXIS2_PLACEMENT_3D('',#3253,#3254,#3255);
#3257=SPHERICAL_SURFACE('',#3256,9.7E0);
#3258=ORIENTED_EDGE('',*,*,#3240,.T.);
#3259=ORIENTED_EDGE('',*,*,#3139,.F.);
#3260=ORIENTED_EDGE('',*,*,#3137,.T.);
#3261=EDGE_LOOP('',(#3258,#3259,#3260));
#3262=FACE_OUTER_BOUND('',#3261,.F.);
#3264=FILL_AREA_STYLE_COLOUR('',#3059);
#3265=FILL_AREA_STYLE('',(#3264));
#3266=SURFACE_STYLE_FILL_AREA(#3265);
#3267=SURFACE_SIDE_STYLE('',(#3266));
#3268=SURFACE_STYLE_USAGE(.POSITIVE.,#3267);
#3269=PRESENTATION_STYLE_ASSIGNMENT((#3268));
#3270=STYLED_ITEM('',(#3269),#3263);
#3275=PLANE_ANGLE_MEASURE_WITH_UNIT(PLANE_ANGLE_MEASURE(1.745329251994E-2),
#3274);
#3276=(CONVERSION_BASED_UNIT('DEGREE',#3275)NAMED_UNIT(*)PLANE_ANGLE_UNIT());
#3278=UNCERTAINTY_MEASURE_WITH_UNIT(LENGTH_MEASURE(9.906E-3),#3273,
'distance_accuracy_value',
'Maximum model space distance between geometric entities at asserted connectivities');
#3280=CARTESIAN_POINT('',(0.E0,0.E0,0.E0));
#3281=DIRECTION('',(0.E0,0.E0,1.E0));
#3282=DIRECTION('',(1.E0,0.E0,0.E0));
#3285=PRODUCT_CONTEXT('',#1321,'mechanical');
#3286=PRODUCT('LENS_NARROW_02','LENS_NARROW_02','NOT SPECIFIED',(#3285));
#3287=PRODUCT_DEFINITION_FORMATION('5','LAST_VERSION',#3286);
#3295=DERIVED_UNIT_ELEMENT(#3294,2.E0);
#3296=DERIVED_UNIT((#3295));
#3297=MEASURE_REPRESENTATION_ITEM('surface area measure',AREA_MEASURE(
8.581416004800E1),#3296);
#3302=DERIVED_UNIT_ELEMENT(#3301,3.E0);
#3303=DERIVED_UNIT((#3302));
#3304=MEASURE_REPRESENTATION_ITEM('volume measure',VOLUME_MEASURE(
4.107598777813E1),#3303);
#3308=CARTESIAN_POINT('centre point',(0.E0,-5.870429536121E-14,
2.842050756509E-1));
#3313=DERIVED_UNIT_ELEMENT(#3312,2.E0);
#3314=DERIVED_UNIT((#3313));
#3315=MEASURE_REPRESENTATION_ITEM('surface area measure',AREA_MEASURE(
8.581416004800E1),#3314);
#3320=DERIVED_UNIT_ELEMENT(#3319,3.E0);
#3321=DERIVED_UNIT((#3320));
#3322=MEASURE_REPRESENTATION_ITEM('volume measure',VOLUME_MEASURE(
4.107598777813E1),#3321);
#3326=CARTESIAN_POINT('centre point',(0.E0,-5.870429536121E-14,
2.842050756509E-1));
#3333=CARTESIAN_POINT('centre point',(1.804737907011E-1,1.808719125395E-1,
4.247794924349E0));
#3337=CARTESIAN_POINT('',(1.804737907011E-1,1.808719125395E-1,4.532E0));
#3338=DIRECTION('',(0.E0,0.E0,-1.E0));
#3339=DIRECTION('',(9.999999878287E-1,1.560211350272E-4,0.E0));
#3340=AXIS2_PLACEMENT_3D('',#3337,#3338,#3339);
#3341=ITEM_DEFINED_TRANSFORMATION('','',#3283,#3340);
#3342=(REPRESENTATION_RELATIONSHIP('','',#3284,#1372)REPRESENTATION_RELATIONSHIP_WITH_TRANSFORMATION(#3341)SHAPE_REPRESENTATION_RELATIONSHIP());
#3343=CONTEXT_DEPENDENT_SHAPE_REPRESENTATION(#3342,#3332);
#3346=CARTESIAN_POINT('',(0.E0,0.E0,0.E0));
#3347=DIRECTION('',(0.E0,-1.E0,0.E0));
#3348=DIRECTION('',(-1.E0,0.E0,0.E0));
#3349=AXIS2_PLACEMENT_3D('',#3346,#3347,#3348);
#3351=CURVE_STYLE('',#1485,POSITIVE_LENGTH_MEASURE(2.E-2),#3344);
#3352=PRESENTATION_STYLE_ASSIGNMENT((#3351));
#3353=STYLED_ITEM('',(#3352),#3350);
#3354=DIRECTION('',(0.E0,1.E0,0.E0));
#3355=VECTOR('',#3354,6.18E0);
#3356=CARTESIAN_POINT('',(-4.145E0,0.E0,0.E0));
#3357=LINE('',#3356,#3355);
#3358=CURVE_STYLE('',#1485,POSITIVE_LENGTH_MEASURE(2.E-2),#3344);
#3359=PRESENTATION_STYLE_ASSIGNMENT((#3358));
#3360=STYLED_ITEM('',(#3359),#3357);
#3361=CARTESIAN_POINT('',(0.E0,0.E0,0.E0));
#3362=DIRECTION('',(0.E0,1.E0,0.E0));
#3363=DIRECTION('',(-1.E0,0.E0,0.E0));
#3364=AXIS2_PLACEMENT_3D('',#3361,#3362,#3363);
#3366=CURVE_STYLE('',#1485,POSITIVE_LENGTH_MEASURE(2.E-2),#3344);
#3367=PRESENTATION_STYLE_ASSIGNMENT((#3366));
#3368=STYLED_ITEM('',(#3367),#3365);
#3369=DIRECTION('',(0.E0,1.E0,0.E0));
#3370=VECTOR('',#3369,6.18E0);
#3371=CARTESIAN_POINT('',(4.145E0,0.E0,0.E0));
#3372=LINE('',#3371,#3370);
#3373=CURVE_STYLE('',#1485,POSITIVE_LENGTH_MEASURE(2.E-2),#3344);
#3374=PRESENTATION_STYLE_ASSIGNMENT((#3373));
#3375=STYLED_ITEM('',(#3374),#3372);
#3376=CARTESIAN_POINT('',(0.E0,0.E0,0.E0));
#3377=DIRECTION('',(0.E0,-1.E0,0.E0));
#3378=DIRECTION('',(-1.E0,0.E0,0.E0));
#3379=AXIS2_PLACEMENT_3D('',#3376,#3377,#3378);
#3381=CURVE_STYLE('',#1485,POSITIVE_LENGTH_MEASURE(2.E-2),#3344);
#3382=PRESENTATION_STYLE_ASSIGNMENT((#3381));
#3383=STYLED_ITEM('',(#3382),#3380);
#3384=CARTESIAN_POINT('',(0.E0,0.E0,0.E0));
#3385=DIRECTION('',(0.E0,1.E0,0.E0));
#3386=DIRECTION('',(-1.E0,0.E0,0.E0));
#3387=AXIS2_PLACEMENT_3D('',#3384,#3385,#3386);
#3389=CURVE_STYLE('',#1485,POSITIVE_LENGTH_MEASURE(2.E-2),#3344);
#3390=PRESENTATION_STYLE_ASSIGNMENT((#3389));
#3391=STYLED_ITEM('',(#3390),#3388);
#3392=CARTESIAN_POINT('',(1.055541133705E-14,7.460983005625E0,0.E0));
#3393=DIRECTION('',(0.E0,-1.E0,0.E0));
#3394=DIRECTION('',(-1.E0,0.E0,0.E0));
#3395=AXIS2_PLACEMENT_3D('',#3392,#3393,#3394);
#3397=CURVE_STYLE('',#1485,POSITIVE_LENGTH_MEASURE(2.E-2),#3344);
#3398=PRESENTATION_STYLE_ASSIGNMENT((#3397));
#3399=STYLED_ITEM('',(#3398),#3396);
#3400=DIRECTION('',(0.E0,-1.E0,0.E0));
#3401=VECTOR('',#3400,7.460983005625E0);
#3402=CARTESIAN_POINT('',(-4.65E0,7.460983005625E0,0.E0));
#3403=LINE('',#3402,#3401);
#3404=CURVE_STYLE('',#1485,POSITIVE_LENGTH_MEASURE(2.E-2),#3344);
#3405=PRESENTATION_STYLE_ASSIGNMENT((#3404));
#3406=STYLED_ITEM('',(#3405),#3403);
#3407=CARTESIAN_POINT('',(1.055541133705E-14,7.460983005625E0,0.E0));
#3408=DIRECTION('',(0.E0,1.E0,0.E0));
#3409=DIRECTION('',(-1.E0,0.E0,0.E0));
#3410=AXIS2_PLACEMENT_3D('',#3407,#3408,#3409);
#3412=CURVE_STYLE('',#1485,POSITIVE_LENGTH_MEASURE(2.E-2),#3344);
#3413=PRESENTATION_STYLE_ASSIGNMENT((#3412));
#3414=STYLED_ITEM('',(#3413),#3411);
#3415=DIRECTION('',(0.E0,-1.E0,0.E0));
#3416=VECTOR('',#3415,7.460983005625E0);
#3417=CARTESIAN_POINT('',(4.65E0,7.460983005625E0,0.E0));
#3418=LINE('',#3417,#3416);
#3419=CURVE_STYLE('',#1485,POSITIVE_LENGTH_MEASURE(2.E-2),#3344);
#3420=PRESENTATION_STYLE_ASSIGNMENT((#3419));
#3421=STYLED_ITEM('',(#3420),#3418);
#3422=CARTESIAN_POINT('',(-5.15E0,8.02E0,0.E0));
#3423=DIRECTION('',(0.E0,0.E0,-1.E0));
#3424=DIRECTION('',(6.666666666667E-1,7.453559924999E-1,0.E0));
#3425=AXIS2_PLACEMENT_3D('',#3422,#3423,#3424);
#3427=CURVE_STYLE('',#1485,POSITIVE_LENGTH_MEASURE(2.E-2),#3344);
#3428=PRESENTATION_STYLE_ASSIGNMENT((#3427));
#3429=STYLED_ITEM('',(#3428),#3426);
#3430=CARTESIAN_POINT('',(1.076079084890E-14,8.579016994375E0,0.E0));
#3431=DIRECTION('',(0.E0,1.E0,0.E0));
#3432=DIRECTION('',(-1.E0,0.E0,0.E0));
#3433=AXIS2_PLACEMENT_3D('',#3430,#3431,#3432);
#3435=CURVE_STYLE('',#1485,POSITIVE_LENGTH_MEASURE(2.E-2),#3344);
#3436=PRESENTATION_STYLE_ASSIGNMENT((#3435));
#3437=STYLED_ITEM('',(#3436),#3434);
#3438=CARTESIAN_POINT('',(5.15E0,8.02E0,0.E0));
#3439=DIRECTION('',(0.E0,0.E0,1.E0));
#3440=DIRECTION('',(-6.666666666667E-1,7.453559924999E-1,0.E0));
#3441=AXIS2_PLACEMENT_3D('',#3438,#3439,#3440);
#3443=CURVE_STYLE('',#1485,POSITIVE_LENGTH_MEASURE(2.E-2),#3344);
#3444=PRESENTATION_STYLE_ASSIGNMENT((#3443));
#3445=STYLED_ITEM('',(#3444),#3442);
#3446=CARTESIAN_POINT('',(1.076079084890E-14,8.579016994375E0,0.E0));
#3447=DIRECTION('',(0.E0,-1.E0,0.E0));
#3448=DIRECTION('',(-1.E0,0.E0,0.E0));
#3449=AXIS2_PLACEMENT_3D('',#3446,#3447,#3448);
#3451=CURVE_STYLE('',#1485,POSITIVE_LENGTH_MEASURE(2.E-2),#3344);
#3452=PRESENTATION_STYLE_ASSIGNMENT((#3451));
#3453=STYLED_ITEM('',(#3452),#3450);
#3454=CARTESIAN_POINT('',(1.080083367742E-14,8.797E0,0.E0));
#3455=DIRECTION('',(0.E0,-1.E0,0.E0));
#3456=DIRECTION('',(-1.E0,0.E0,0.E0));
#3457=AXIS2_PLACEMENT_3D('',#3454,#3455,#3456);
#3459=CURVE_STYLE('',#1485,POSITIVE_LENGTH_MEASURE(2.E-2),#3344);
#3460=PRESENTATION_STYLE_ASSIGNMENT((#3459));
#3461=STYLED_ITEM('',(#3460),#3458);
#3462=DIRECTION('',(2.630112195823E-3,-9.999965412489E-1,0.E0));
#3463=VECTOR('',#3462,2.179837595766E-1);
#3464=CARTESIAN_POINT('',(-4.650573321745E0,8.797E0,0.E0));
#3465=LINE('',#3464,#3463);
#3466=CURVE_STYLE('',#1485,POSITIVE_LENGTH_MEASURE(2.E-2),#3344);
#3467=PRESENTATION_STYLE_ASSIGNMENT((#3466));
#3468=STYLED_ITEM('',(#3467),#3465);
#3469=CARTESIAN_POINT('',(1.080083367742E-14,8.797E0,0.E0));
#3470=DIRECTION('',(0.E0,1.E0,0.E0));
#3471=DIRECTION('',(-1.E0,0.E0,0.E0));
#3472=AXIS2_PLACEMENT_3D('',#3469,#3470,#3471);
#3474=CURVE_STYLE('',#1485,POSITIVE_LENGTH_MEASURE(2.E-2),#3344);
#3475=PRESENTATION_STYLE_ASSIGNMENT((#3474));
#3476=STYLED_ITEM('',(#3475),#3473);
#3477=DIRECTION('',(-2.630112195823E-3,-9.999965412489E-1,0.E0));
#3478=VECTOR('',#3477,2.179837595766E-1);
#3479=CARTESIAN_POINT('',(4.650573321745E0,8.797E0,0.E0));
#3480=LINE('',#3479,#3478);
#3481=CURVE_STYLE('',#1485,POSITIVE_LENGTH_MEASURE(2.E-2),#3344);
#3482=PRESENTATION_STYLE_ASSIGNMENT((#3481));
#3483=STYLED_ITEM('',(#3482),#3480);
#3484=CARTESIAN_POINT('',(-4.85E0,9.52E0,0.E0));
#3485=DIRECTION('',(0.E0,0.E0,-1.E0));
#3486=DIRECTION('',(2.659022376739E-1,9.64E-1,0.E0));
#3487=AXIS2_PLACEMENT_3D('',#3484,#3485,#3486);
#3489=CURVE_STYLE('',#1485,POSITIVE_LENGTH_MEASURE(2.E-2),#3344);
#3490=PRESENTATION_STYLE_ASSIGNMENT((#3489));
#3491=STYLED_ITEM('',(#3490),#3488);
#3492=CARTESIAN_POINT('',(1.106645956816E-14,1.0243E1,0.E0));
#3493=DIRECTION('',(0.E0,1.E0,0.E0));
#3494=DIRECTION('',(-1.E0,0.E0,0.E0));
#3495=AXIS2_PLACEMENT_3D('',#3492,#3493,#3494);
#3497=CURVE_STYLE('',#1485,POSITIVE_LENGTH_MEASURE(2.E-2),#3344);
#3498=PRESENTATION_STYLE_ASSIGNMENT((#3497));
#3499=STYLED_ITEM('',(#3498),#3496);
#3500=CARTESIAN_POINT('',(4.85E0,9.52E0,0.E0));
#3501=DIRECTION('',(0.E0,0.E0,1.E0));
#3502=DIRECTION('',(-2.659022376739E-1,9.64E-1,0.E0));
#3503=AXIS2_PLACEMENT_3D('',#3500,#3501,#3502);
#3505=CURVE_STYLE('',#1485,POSITIVE_LENGTH_MEASURE(2.E-2),#3344);
#3506=PRESENTATION_STYLE_ASSIGNMENT((#3505));
#3507=STYLED_ITEM('',(#3506),#3504);
#3508=CARTESIAN_POINT('',(1.106645956816E-14,1.0243E1,0.E0));
#3509=DIRECTION('',(0.E0,-1.E0,0.E0));
#3510=DIRECTION('',(-1.E0,0.E0,0.E0));
#3511=AXIS2_PLACEMENT_3D('',#3508,#3509,#3510);
#3513=CURVE_STYLE('',#1485,POSITIVE_LENGTH_MEASURE(2.E-2),#3344);
#3514=PRESENTATION_STYLE_ASSIGNMENT((#3513));
#3515=STYLED_ITEM('',(#3514),#3512);
#3516=CARTESIAN_POINT('',(1.113203940425E-14,1.06E1,0.E0));
#3517=DIRECTION('',(0.E0,-1.E0,0.E0));
#3518=DIRECTION('',(-1.E0,0.E0,0.E0));
#3519=AXIS2_PLACEMENT_3D('',#3516,#3517,#3518);
#3521=CURVE_STYLE('',#1485,POSITIVE_LENGTH_MEASURE(2.E-2),#3344);
#3522=PRESENTATION_STYLE_ASSIGNMENT((#3521));
#3523=STYLED_ITEM('',(#3522),#3520);
#3524=DIRECTION('',(-1.605941191163E-3,-9.999987104756E-1,0.E0));
#3525=VECTOR('',#3524,3.570004603608E-1);
#3526=CARTESIAN_POINT('',(-4.65E0,1.06E1,0.E0));
#3527=LINE('',#3526,#3525);
#3528=CURVE_STYLE('',#1485,POSITIVE_LENGTH_MEASURE(2.E-2),#3344);
#3529=PRESENTATION_STYLE_ASSIGNMENT((#3528));
#3530=STYLED_ITEM('',(#3529),#3527);
#3531=CARTESIAN_POINT('',(1.113203940425E-14,1.06E1,0.E0));
#3532=DIRECTION('',(0.E0,1.E0,0.E0));
#3533=DIRECTION('',(-1.E0,0.E0,0.E0));
#3534=AXIS2_PLACEMENT_3D('',#3531,#3532,#3533);
#3536=CURVE_STYLE('',#1485,POSITIVE_LENGTH_MEASURE(2.E-2),#3344);
#3537=PRESENTATION_STYLE_ASSIGNMENT((#3536));
#3538=STYLED_ITEM('',(#3537),#3535);
#3539=DIRECTION('',(1.605941191163E-3,-9.999987104756E-1,0.E0));
#3540=VECTOR('',#3539,3.570004603608E-1);
#3541=CARTESIAN_POINT('',(4.65E0,1.06E1,0.E0));
#3542=LINE('',#3541,#3540);
#3543=CURVE_STYLE('',#1485,POSITIVE_LENGTH_MEASURE(2.E-2),#3344);
#3544=PRESENTATION_STYLE_ASSIGNMENT((#3543));
#3545=STYLED_ITEM('',(#3544),#3542);
#3546=DIRECTION('',(-7.071067811865E-1,-7.071067811866E-1,0.E0));
#3547=VECTOR('',#3546,7.071067811866E-1);
#3548=CARTESIAN_POINT('',(-4.15E0,1.11E1,0.E0));
#3549=LINE('',#3548,#3547);
#3550=CURVE_STYLE('',#1485,POSITIVE_LENGTH_MEASURE(2.E-2),#3344);
#3551=PRESENTATION_STYLE_ASSIGNMENT((#3550));
#3552=STYLED_ITEM('',(#3551),#3549);
#3553=CARTESIAN_POINT('',(1.122388791419E-14,1.11E1,0.E0));
#3554=DIRECTION('',(0.E0,1.E0,0.E0));
#3555=DIRECTION('',(-1.E0,0.E0,0.E0));
#3556=AXIS2_PLACEMENT_3D('',#3553,#3554,#3555);
#3558=CURVE_STYLE('',#1485,POSITIVE_LENGTH_MEASURE(2.E-2),#3344);
#3559=PRESENTATION_STYLE_ASSIGNMENT((#3558));
#3560=STYLED_ITEM('',(#3559),#3557);
#3561=DIRECTION('',(7.071067811865E-1,-7.071067811866E-1,0.E0));
#3562=VECTOR('',#3561,7.071067811866E-1);
#3563=CARTESIAN_POINT('',(4.15E0,1.11E1,0.E0));
#3564=LINE('',#3563,#3562);
#3565=CURVE_STYLE('',#1485,POSITIVE_LENGTH_MEASURE(2.E-2),#3344);
#3566=PRESENTATION_STYLE_ASSIGNMENT((#3565));
#3567=STYLED_ITEM('',(#3566),#3564);
#3568=CARTESIAN_POINT('',(1.122388791419E-14,1.11E1,0.E0));
#3569=DIRECTION('',(0.E0,-1.E0,0.E0));
#3570=DIRECTION('',(-1.E0,0.E0,0.E0));
#3571=AXIS2_PLACEMENT_3D('',#3568,#3569,#3570);
#3573=CURVE_STYLE('',#1485,POSITIVE_LENGTH_MEASURE(2.E-2),#3344);
#3574=PRESENTATION_STYLE_ASSIGNMENT((#3573));
#3575=STYLED_ITEM('',(#3574),#3572);
#3576=CARTESIAN_POINT('',(1.122388791419E-14,1.11E1,0.E0));
#3577=DIRECTION('',(0.E0,-1.E0,0.E0));
#3578=DIRECTION('',(-1.E0,0.E0,0.E0));
#3579=AXIS2_PLACEMENT_3D('',#3576,#3577,#3578);
#3581=CURVE_STYLE('',#1485,POSITIVE_LENGTH_MEASURE(2.E-2),#3344);
#3582=PRESENTATION_STYLE_ASSIGNMENT((#3581));
#3583=STYLED_ITEM('',(#3582),#3580);
#3584=CARTESIAN_POINT('',(1.122388791419E-14,1.11E1,0.E0));
#3585=DIRECTION('',(0.E0,1.E0,0.E0));
#3586=DIRECTION('',(-1.E0,0.E0,0.E0));
#3587=AXIS2_PLACEMENT_3D('',#3584,#3585,#3586);
#3589=CURVE_STYLE('',#1485,POSITIVE_LENGTH_MEASURE(2.E-2),#3344);
#3590=PRESENTATION_STYLE_ASSIGNMENT((#3589));
#3591=STYLED_ITEM('',(#3590),#3588);
#3592=CARTESIAN_POINT('',(2.696114848983E0,1.039611484898E1,0.E0));
#3593=CARTESIAN_POINT('',(2.705156107942E0,1.040515610794E1,
-3.170445835548E-1));
#3594=CARTESIAN_POINT('',(2.609999093730E0,1.042320382025E1,
-9.561970595970E-1));
#3595=CARTESIAN_POINT('',(2.144773138234E0,1.045010147897E1,-1.810281895800E0));
#3596=CARTESIAN_POINT('',(1.407452999296E0,1.047703370663E1,-2.460925542248E0));
#3597=CARTESIAN_POINT('',(4.725959288587E-1,1.050422390313E1,
-2.824330225775E0));
#3598=CARTESIAN_POINT('',(-5.349188053032E-1,1.053129411572E1,
-2.838573378324E0));
#3599=CARTESIAN_POINT('',(-1.473452764401E0,1.055770202781E1,
-2.515647917380E0));
#3600=CARTESIAN_POINT('',(-2.267241658536E0,1.058458292956E1,
-1.876821660619E0));
#3601=CARTESIAN_POINT('',(-2.791989904879E0,1.061104415893E1,
-1.010128212463E0));
#3602=CARTESIAN_POINT('',(-2.928791236694E0,1.062879123669E1,
-3.388261129236E-1));
#3603=CARTESIAN_POINT('',(-2.937659170141E0,1.063765917014E1,0.E0));
#3605=CURVE_STYLE('',#1485,POSITIVE_LENGTH_MEASURE(2.E-2),#3344);
#3606=PRESENTATION_STYLE_ASSIGNMENT((#3605));
#3607=STYLED_ITEM('',(#3606),#3604);
#3608=DIRECTION('',(4.391386211467E-1,-5.E-1,-7.464296828351E-1));
#3609=VECTOR('',#3608,6.2527E-1);
#3610=CARTESIAN_POINT('',(1.267684005653E0,9.873348882135E0,-2.154756891580E0));
#3611=LINE('',#3610,#3609);
#3612=CURVE_STYLE('',#1485,POSITIVE_LENGTH_MEASURE(2.E-2),#3344);
#3613=PRESENTATION_STYLE_ASSIGNMENT((#3612));
#3614=STYLED_ITEM('',(#3613),#3611);
#3615=CARTESIAN_POINT('',(-6.643907387079E-1,1.074149970422E1,
2.968047404796E0));
#3616=CARTESIAN_POINT('',(-1.021763133994E0,1.070620459927E1,2.851881820506E0));
#3617=CARTESIAN_POINT('',(-1.683305464386E0,1.063529408100E1,2.487990319533E0));
#3618=CARTESIAN_POINT('',(-2.386748302019E0,1.052799692048E1,1.639068917493E0));
#3619=CARTESIAN_POINT('',(-2.716134491800E0,1.041967975097E1,
6.187969311590E-1));
#3620=CARTESIAN_POINT('',(-2.641851916047E0,1.031036696911E1,
-4.189416655936E-1));
#3621=CARTESIAN_POINT('',(-2.344697369737E0,1.023689245593E1,
-1.020555355520E0));
#3622=CARTESIAN_POINT('',(-2.148681382903E0,1.02E1,-1.277954738935E0));
#3624=CURVE_STYLE('',#1485,POSITIVE_LENGTH_MEASURE(2.E-2),#3344);
#3625=PRESENTATION_STYLE_ASSIGNMENT((#3624));
#3626=STYLED_ITEM('',(#3625),#3623);
#3627=CARTESIAN_POINT('',(1.105856059630E-14,1.02E1,0.E0));
#3628=DIRECTION('',(0.E0,1.E0,0.E0));
#3629=DIRECTION('',(-8.594725531611E-1,0.E0,-5.111818955740E-1));
#3630=AXIS2_PLACEMENT_3D('',#3627,#3628,#3629);
#3632=CURVE_STYLE('',#1485,POSITIVE_LENGTH_MEASURE(2.E-2),#3344);
#3633=PRESENTATION_STYLE_ASSIGNMENT((#3632));
#3634=STYLED_ITEM('',(#3633),#3631);
#3635=CARTESIAN_POINT('',(-2.076143115552E0,1.02E1,1.392705914307E0));
#3636=CARTESIAN_POINT('',(-1.915691567130E0,1.020928352985E1,1.648559787397E0));
#3637=CARTESIAN_POINT('',(-1.499558366050E0,1.022782246274E1,2.103497927896E0));
#3638=CARTESIAN_POINT('',(-6.705447263575E-1,1.025547970561E1,
2.523017334745E0));
#3639=CARTESIAN_POINT('',(2.660709655458E-1,1.028318612023E1,2.628946897179E0));
#3640=CARTESIAN_POINT('',(1.211589925852E0,1.031169630963E1,2.377759349791E0));
#3641=CARTESIAN_POINT('',(1.986601465371E0,1.033899468929E1,1.828560358357E0));
#3642=CARTESIAN_POINT('',(2.557210671998E0,1.036853409555E1,9.634887995365E-1));
#3643=CARTESIAN_POINT('',(2.686977140473E0,1.038697714047E1,3.204267240088E-1));
#3644=CARTESIAN_POINT('',(2.696114848983E0,1.039611484898E1,0.E0));
#3646=CURVE_STYLE('',#1485,POSITIVE_LENGTH_MEASURE(2.E-2),#3344);
#3647=PRESENTATION_STYLE_ASSIGNMENT((#3646));
#3648=STYLED_ITEM('',(#3647),#3645);
#3649=DIRECTION('',(7.071067811865E-1,7.071067811865E-1,0.E0));
#3650=VECTOR('',#3649,9.954439269212E-1);
#3651=CARTESIAN_POINT('',(2.696114848983E0,1.039611484898E1,0.E0));
#3652=LINE('',#3651,#3650);
#3653=CURVE_STYLE('',#1485,POSITIVE_LENGTH_MEASURE(2.E-2),#3344);
#3654=PRESENTATION_STYLE_ASSIGNMENT((#3653));
#3655=STYLED_ITEM('',(#3654),#3652);
#3656=DIRECTION('',(-7.071067811865E-1,7.071067811865E-1,0.E0));
#3657=VECTOR('',#3656,6.538486720252E-1);
#3658=CARTESIAN_POINT('',(-2.937659170141E0,1.063765917014E1,0.E0));
#3659=LINE('',#3658,#3657);
#3660=CURVE_STYLE('',#1485,POSITIVE_LENGTH_MEASURE(2.E-2),#3344);
#3661=PRESENTATION_STYLE_ASSIGNMENT((#3660));
#3662=STYLED_ITEM('',(#3661),#3659);
#3663=CARTESIAN_POINT('',(-2.937659170141E0,1.063765917014E1,0.E0));
#3664=CARTESIAN_POINT('',(-2.946247785121E0,1.064624778512E1,
3.281539094210E-1));
#3665=CARTESIAN_POINT('',(-2.852723379050E0,1.066348116955E1,
9.925952785811E-1));
#3666=CARTESIAN_POINT('',(-2.380545110682E0,1.068958958908E1,1.903218436881E0));
#3667=CARTESIAN_POINT('',(-1.624596551758E0,1.071568671303E1,2.609201582661E0));
#3668=CARTESIAN_POINT('',(-9.939247695489E-1,1.073291469253E1,
2.885484482010E0));
#3669=CARTESIAN_POINT('',(-6.643907387079E-1,1.074149970422E1,
2.968047404796E0));
#3671=CURVE_STYLE('',#1485,POSITIVE_LENGTH_MEASURE(2.E-2),#3344);
#3672=PRESENTATION_STYLE_ASSIGNMENT((#3671));
#3673=STYLED_ITEM('',(#3672),#3670);
#3674=CARTESIAN_POINT('',(-6.643907387079E-1,1.074149970422E1,
2.968047404796E0));
#3675=CARTESIAN_POINT('',(-1.034877127588E0,1.072636142445E1,2.885114859584E0));
#3676=CARTESIAN_POINT('',(-1.744286588299E0,1.069608486491E1,2.578915089050E0));
#3677=CARTESIAN_POINT('',(-2.566754037497E0,1.065067002560E1,1.762151885424E0));
#3678=CARTESIAN_POINT('',(-3.033438527156E0,1.060525518629E1,
7.011605614390E-1));
#3679=CARTESIAN_POINT('',(-3.079695469418E0,1.055984034698E1,
-4.570136481601E-1));
#3680=CARTESIAN_POINT('',(-2.699103444730E0,1.051442550767E1,
-1.551845132474E0));
#3681=CARTESIAN_POINT('',(-1.944415364840E0,1.046901066836E1,
-2.431590496104E0));
#3682=CARTESIAN_POINT('',(-9.202305160812E-1,1.042359582905E1,
-2.974316576173E0));
#3683=CARTESIAN_POINT('',(2.314985458703E-1,1.037818098974E1,
-3.104801401936E0));
#3684=CARTESIAN_POINT('',(1.351141843714E0,1.033276615042E1,-2.804959721520E0));
#3685=CARTESIAN_POINT('',(2.283516431078E0,1.028735131111E1,-2.116349694392E0));
#3686=CARTESIAN_POINT('',(2.899394884800E0,1.024193647180E1,-1.134412897775E0));
#3687=CARTESIAN_POINT('',(3.113416245990E0,1.019652163249E1,4.753902535880E-3));
#3688=CARTESIAN_POINT('',(2.895917083305E0,1.015110679318E1,1.143261810394E0));
#3689=CARTESIAN_POINT('',(2.277042852714E0,1.010569195387E1,2.123313252276E0));
#3690=CARTESIAN_POINT('',(1.342569727845E0,1.006027711456E1,2.809072773446E0));
#3691=CARTESIAN_POINT('',(2.220159933838E-1,1.001486227525E1,3.105493876767E0));
#3692=CARTESIAN_POINT('',(-9.293092306650E-1,9.969447435935E0,
2.971492499567E0));
#3693=CARTESIAN_POINT('',(-1.951831889862E0,9.924032596624E0,2.425641275194E0));
#3694=CARTESIAN_POINT('',(-2.703829992195E0,9.878617757313E0,1.543595371635E0));
#3695=CARTESIAN_POINT('',(-3.081076397762E0,9.833202918002E0,
4.476066162627E-1));
#3696=CARTESIAN_POINT('',(-3.031284456497E0,9.787788078691E0,
-7.104204841723E-1));
#3697=CARTESIAN_POINT('',(-2.561355994279E0,9.742373239380E0,
-1.769983369846E0));
#3698=CARTESIAN_POINT('',(-1.736420839714E0,9.696958400069E0,
-2.584224854451E0));
#3699=CARTESIAN_POINT('',(-6.708242806562E-1,9.651543560758E0,
-3.040296094263E0));
#3700=CARTESIAN_POINT('',(4.877752421621E-1,9.606128721447E0,
-3.074965699286E0));
#3701=CARTESIAN_POINT('',(1.215038460776E0,9.575852161906E0,-2.813990042810E0));
#3702=CARTESIAN_POINT('',(1.542264211297E0,9.560713882135E0,-2.621476979366E0));
#3704=CURVE_STYLE('',#1485,POSITIVE_LENGTH_MEASURE(2.E-2),#3344);
#3705=PRESENTATION_STYLE_ASSIGNMENT((#3704));
#3706=STYLED_ITEM('',(#3705),#3703);
#3707=DIRECTION('',(-4.391386211467E-1,-5.E-1,7.464296828351E-1));
#3708=VECTOR('',#3707,6.2527E-1);
#3709=CARTESIAN_POINT('',(1.542264211297E0,9.560713882135E0,-2.621476979366E0));
#3710=LINE('',#3709,#3708);
#3711=CURVE_STYLE('',#1485,POSITIVE_LENGTH_MEASURE(2.E-2),#3344);
#3712=PRESENTATION_STYLE_ASSIGNMENT((#3711));
#3713=STYLED_ITEM('',(#3712),#3710);
#3714=CARTESIAN_POINT('',(1.542264211297E0,9.560713882135E0,-2.621476979366E0));
#3715=CARTESIAN_POINT('',(1.881112075569E0,9.545037934381E0,-2.422126407817E0));
#3716=CARTESIAN_POINT('',(2.480381047319E0,9.513686038873E0,-1.890462171880E0));
#3717=CARTESIAN_POINT('',(3.011078683787E0,9.466658195611E0,
-8.121729235996E-1));
#3718=CARTESIAN_POINT('',(3.094615486280E0,9.419630352349E0,3.867011686034E-1));
#3719=CARTESIAN_POINT('',(2.718626661817E0,9.372602509087E0,1.528157147824E0));
#3720=CARTESIAN_POINT('',(1.938933854521E0,9.325574665825E0,2.442688519497E0));
#3721=CARTESIAN_POINT('',(8.713202040499E-1,9.278546822563E0,2.994493887748E0));
#3722=CARTESIAN_POINT('',(-3.256800631735E-1,9.231518979301E0,
3.101632613576E0));
#3723=CARTESIAN_POINT('',(-1.474318515379E0,9.184491136039E0,2.748195282588E0));
#3724=CARTESIAN_POINT('',(-2.404028456544E0,9.137463292777E0,1.986665441615E0));
#3725=CARTESIAN_POINT('',(-2.976752849698E0,9.090435449515E0,
9.301262637834E-1));
#3726=CARTESIAN_POINT('',(-3.107445147464E0,9.043407606253E0,
-2.645317584277E-1));
#3727=CARTESIAN_POINT('',(-2.776698231943E0,8.996379762991E0,
-1.419908209748E0));
#3728=CARTESIAN_POINT('',(-2.033626275733E0,8.949351919729E0,
-2.364435781773E0));
#3729=CARTESIAN_POINT('',(-9.885715446539E-1,8.902324076467E0,
-2.957857112262E0));
#3730=CARTESIAN_POINT('',(2.032808462261E-1,8.855296233205E0,
-3.112052263864E0));
#3731=CARTESIAN_POINT('',(1.364947103721E0,8.808268389943E0,-2.804124069920E0));
#3732=CARTESIAN_POINT('',(2.323925916217E0,8.761240546681E0,-2.079798242955E0));
#3733=CARTESIAN_POINT('',(2.937813988538E0,8.714212703419E0,-1.046633347554E0));
#3734=CARTESIAN_POINT('',(3.115452180118E0,8.667184860157E0,1.419510791137E-1));
#3735=CARTESIAN_POINT('',(2.830462156523E0,8.620157016895E0,1.309456519306E0));
#3736=CARTESIAN_POINT('',(2.125163432976E0,8.573129173633E0,2.282514573580E0));
#3737=CARTESIAN_POINT('',(1.104289149570E0,8.526101330371E0,2.916631253622E0));
#3738=CARTESIAN_POINT('',(-8.056624757598E-2,8.479073487109E0,
3.117643577321E0));
#3739=CARTESIAN_POINT('',(-1.253457981933E0,8.432045643847E0,2.855702274921E0));
#3740=CARTESIAN_POINT('',(-2.240217817788E0,8.385017800584E0,2.169704248124E0));
#3741=CARTESIAN_POINT('',(-2.894317124536E0,8.337989957322E0,1.161516585366E0));
#3742=CARTESIAN_POINT('',(-3.118625605407E0,8.290962114060E0,
-1.915016348182E-2));
#3743=CARTESIAN_POINT('',(-2.879834634188E0,8.243934270798E0,
-1.196973214067E0));
#3744=CARTESIAN_POINT('',(-2.213403410515E0,8.196906427536E0,
-2.197052056229E0));
#3745=CARTESIAN_POINT('',(-1.218293455774E0,8.149878584274E0,
-2.870880257183E0));
#3746=CARTESIAN_POINT('',(-4.227334917680E-2,8.102850741012E0,
-3.118397883435E0));
#3747=CARTESIAN_POINT('',(1.140024126787E0,8.055822897750E0,-2.902849873108E0));
#3748=CARTESIAN_POINT('',(2.153034033390E0,8.008795054488E0,-2.256243968751E0));
#3749=CARTESIAN_POINT('',(2.846329742987E0,7.961767211226E0,-1.274597736405E0));
#3750=CARTESIAN_POINT('',(3.116960499741E0,7.914739367964E0,
-1.036804635263E-1));
#3751=CARTESIAN_POINT('',(2.924739063812E0,7.867711524702E0,1.082632811286E0));
#3752=CARTESIAN_POINT('',(2.298209304496E0,7.820683681440E0,2.108180824358E0));
#3753=CARTESIAN_POINT('',(1.330407586193E0,7.773655838178E0,2.820675105371E0));
#3754=CARTESIAN_POINT('',(1.650473590541E-1,7.726627994916E0,3.114314011902E0));
#3755=CARTESIAN_POINT('',(-1.024821530302E0,7.679600151654E0,2.945493715235E0));
#3756=CARTESIAN_POINT('',(-2.062509828202E0,7.632572308392E0,2.339283138923E0));
#3757=CARTESIAN_POINT('',(-2.793926296048E0,7.585544465130E0,1.385701355863E0));
#3758=CARTESIAN_POINT('',(-3.110459446560E0,7.538516621868E0,
2.263502308717E-1));
#3759=CARTESIAN_POINT('',(-2.965105776270E0,7.491488778606E0,
-9.666127095677E-1));
#3760=CARTESIAN_POINT('',(-2.379449539564E0,7.444460935344E0,
-2.016038760900E0));
#3761=CARTESIAN_POINT('',(-1.440457594346E0,7.397433092082E0,
-2.766093692361E0));
#3762=CARTESIAN_POINT('',(-2.875653063328E-1,7.350405248820E0,
-3.105398294541E0));
#3763=CARTESIAN_POINT('',(9.080289566687E-1,7.303377405558E0,
-2.983567655609E0));
#3764=CARTESIAN_POINT('',(1.968785545625E0,7.256349562296E0,-2.418692864095E0));
#3765=CARTESIAN_POINT('',(2.737188477079E0,7.209321719034E0,-1.494655289937E0));
#3766=CARTESIAN_POINT('',(3.099131077857E0,7.162293875772E0,
-3.486679853118E-1));
#3767=CARTESIAN_POINT('',(3.000877570558E0,7.115266032510E0,8.490898093318E-1));
#3768=CARTESIAN_POINT('',(2.456977815344E0,7.068238189247E0,1.920780408614E0));
#3769=CARTESIAN_POINT('',(1.851224829674E0,7.036886293739E0,2.445045113345E0));
#3770=CARTESIAN_POINT('',(1.509954354989E0,7.021210345985E0,2.640219365251E0));
#3772=CURVE_STYLE('',#1485,POSITIVE_LENGTH_MEASURE(2.E-2),#3344);
#3773=PRESENTATION_STYLE_ASSIGNMENT((#3772));
#3774=STYLED_ITEM('',(#3773),#3771);
#3775=DIRECTION('',(-4.299388318727E-1,-5.E-1,-7.517663206396E-1));
#3776=VECTOR('',#3775,6.2527E-1);
#3777=CARTESIAN_POINT('',(1.509954354989E0,7.021210345985E0,2.640219365251E0));
#3778=LINE('',#3777,#3776);
#3779=CURVE_STYLE('',#1485,POSITIVE_LENGTH_MEASURE(2.E-2),#3344);
#3780=PRESENTATION_STYLE_ASSIGNMENT((#3779));
#3781=STYLED_ITEM('',(#3780),#3778);
#3782=CARTESIAN_POINT('',(-2.5E0,7.080341809836E0,0.E0));
#3783=CARTESIAN_POINT('',(-2.5E0,7.064594761976E0,-3.246116133248E-1));
#3784=CARTESIAN_POINT('',(-2.371720847888E0,7.033133548712E0,
-9.726888797189E-1));
#3785=CARTESIAN_POINT('',(-1.828516860526E0,6.986159567216E0,
-1.797113656745E0));
#3786=CARTESIAN_POINT('',(-1.011766389632E0,6.939045851012E0,
-2.353718540731E0));
#3787=CARTESIAN_POINT('',(-5.483709461582E-2,6.892471956832E0,
-2.565897518504E0));
#3788=CARTESIAN_POINT('',(9.551006510706E-1,6.843507498974E0,
-2.380151710493E0));
#3789=CARTESIAN_POINT('',(1.778573430345E0,6.797066582937E0,-1.851304772018E0));
#3790=CARTESIAN_POINT('',(2.377204328746E0,6.746672726073E0,
-9.788558608919E-1));
#3791=CARTESIAN_POINT('',(2.5E0,6.715046350567E0,-3.237353660786E-1));
#3792=CARTESIAN_POINT('',(2.5E0,6.699341809836E0,0.E0));
#3794=CURVE_STYLE('',#1485,POSITIVE_LENGTH_MEASURE(2.E-2),#3344);
#3795=PRESENTATION_STYLE_ASSIGNMENT((#3794));
#3796=STYLED_ITEM('',(#3795),#3793);
#3797=CARTESIAN_POINT('',(2.5E0,6.836071809836E0,0.E0));
#3798=CARTESIAN_POINT('',(2.5E0,6.852099273915E0,-3.303921483423E-1));
#3799=CARTESIAN_POINT('',(2.367659434556E0,6.884026879538E0,
-9.884384060287E-1));
#3800=CARTESIAN_POINT('',(1.807534282051E0,6.931688553275E0,-1.818453908007E0));
#3801=CARTESIAN_POINT('',(9.867131640859E-1,6.978663793587E0,
-2.366393751868E0));
#3802=CARTESIAN_POINT('',(5.527050673561E-3,7.026304402364E0,
-2.566003244718E0));
#3803=CARTESIAN_POINT('',(-9.777073164051E-1,7.074040099031E0,
-2.369560999754E0));
#3804=CARTESIAN_POINT('',(-1.796671462730E0,7.120707341787E0,
-1.829739068032E0));
#3805=CARTESIAN_POINT('',(-2.367722097728E0,7.168969093412E0,
-9.920514416133E-1));
#3806=CARTESIAN_POINT('',(-2.5E0,7.200995023079E0,-3.314088921773E-1));
#3807=CARTESIAN_POINT('',(-2.5E0,7.217071809836E0,0.E0));
#3809=CURVE_STYLE('',#1485,POSITIVE_LENGTH_MEASURE(2.E-2),#3344);
#3810=PRESENTATION_STYLE_ASSIGNMENT((#3809));
#3811=STYLED_ITEM('',(#3810),#3808);
#3812=CARTESIAN_POINT('',(1.267684005653E0,9.873348882135E0,-2.154756891580E0));
#3813=CARTESIAN_POINT('',(9.913488207120E-1,9.888901840538E0,
-2.317330078151E0));
#3814=CARTESIAN_POINT('',(3.754119349285E-1,9.920011053910E0,
-2.534806936125E0));
#3815=CARTESIAN_POINT('',(-6.036885845822E-1,9.966683662140E0,
-2.490373769241E0));
#3816=CARTESIAN_POINT('',(-1.494665430766E0,1.001336836313E1,
-2.081447766217E0));
#3817=CARTESIAN_POINT('',(-2.166939662457E0,1.006005508973E1,
-1.367837998256E0));
#3818=CARTESIAN_POINT('',(-2.522020164488E0,1.010675324005E1,
-4.537521948432E-1));
#3819=CARTESIAN_POINT('',(-2.507795510649E0,1.015341040924E1,
5.259183370697E-1));
#3820=CARTESIAN_POINT('',(-2.254417003511E0,1.018447600768E1,1.126948368966E0));
#3821=CARTESIAN_POINT('',(-2.076143115552E0,1.02E1,1.392705914307E0));
#3823=CURVE_STYLE('',#1485,POSITIVE_LENGTH_MEASURE(2.E-2),#3344);
#3824=PRESENTATION_STYLE_ASSIGNMENT((#3823));
#3825=STYLED_ITEM('',(#3824),#3822);
#3826=CARTESIAN_POINT('',(2.5E0,9.884071809836E0,0.E0));
#3827=CARTESIAN_POINT('',(2.5E0,9.899108726207E0,-3.099728740419E-1));
#3828=CARTESIAN_POINT('',(2.383683699710E0,9.929144297532E0,
-9.292759324150E-1));
#3829=CARTESIAN_POINT('',(1.882951986634E0,9.974209084039E0,-1.730121009319E0));
#3830=CARTESIAN_POINT('',(1.133824908487E0,1.001890665876E1,-2.294824973683E0));
#3831=CARTESIAN_POINT('',(1.985291653618E-1,1.006516906339E1,
-2.552310486478E0));
#3832=CARTESIAN_POINT('',(-7.372848848245E-1,1.011002785605E1,
-2.448602964350E0));
#3833=CARTESIAN_POINT('',(-1.574412481895E0,1.015498068714E1,
-2.016222246163E0));
#3834=CARTESIAN_POINT('',(-1.990470298518E0,1.018498599565E1,
-1.543961977870E0));
#3835=CARTESIAN_POINT('',(-2.148681382903E0,1.02E1,-1.277954738935E0));
#3837=CURVE_STYLE('',#1485,POSITIVE_LENGTH_MEASURE(2.E-2),#3344);
#3838=PRESENTATION_STYLE_ASSIGNMENT((#3837));
#3839=STYLED_ITEM('',(#3838),#3836);
#3840=CARTESIAN_POINT('',(1.267684005653E0,9.873348882135E0,-2.154756891580E0));
#3841=CARTESIAN_POINT('',(1.516075321154E0,9.859368687039E0,-2.008623608965E0));
#3842=CARTESIAN_POINT('',(1.961875896175E0,9.831395451915E0,-1.629422246008E0));
#3843=CARTESIAN_POINT('',(2.398144688650E0,9.789468523653E0,
-8.682171863410E-1));
#3844=CARTESIAN_POINT('',(2.5E0,9.761396269331E0,-2.897203851746E-1));
#3845=CARTESIAN_POINT('',(2.5E0,9.747341809836E0,0.E0));
#3847=CURVE_STYLE('',#1485,POSITIVE_LENGTH_MEASURE(2.E-2),#3344);
#3848=PRESENTATION_STYLE_ASSIGNMENT((#3847));
#3849=STYLED_ITEM('',(#3848),#3846);
#3850=CARTESIAN_POINT('',(-2.5E0,8.604341809836E0,0.E0));
#3851=CARTESIAN_POINT('',(-2.5E0,8.588474133690E0,-3.270982598973E-1));
#3852=CARTESIAN_POINT('',(-2.374605921755E0,8.556586173999E0,
-9.875632224248E-1));
#3853=CARTESIAN_POINT('',(-1.768620754394E0,8.505952736477E0,
-1.861345034021E0));
#3854=CARTESIAN_POINT('',(-9.425038600356E-1,8.459548828333E0,
-2.384394534531E0));
#3855=CARTESIAN_POINT('',(6.029538788955E-2,8.410953191444E0,
-2.564879390419E0));
#3856=CARTESIAN_POINT('',(1.013560366234E0,8.364541369439E0,-2.352837798198E0));
#3857=CARTESIAN_POINT('',(1.829951784286E0,8.317424919575E0,-1.795590459891E0));
#3858=CARTESIAN_POINT('',(2.371904060729E0,8.270508773220E0,
-9.718056795824E-1));
#3859=CARTESIAN_POINT('',(2.5E0,8.239074175315E0,-3.243089489136E-1));
#3860=CARTESIAN_POINT('',(2.5E0,8.223341809836E0,0.E0));
#3862=CURVE_STYLE('',#1485,POSITIVE_LENGTH_MEASURE(2.E-2),#3344);
#3863=PRESENTATION_STYLE_ASSIGNMENT((#3862));
#3864=STYLED_ITEM('',(#3863),#3861);
#3865=CARTESIAN_POINT('',(2.5E0,8.360071809836E0,0.E0));
#3866=CARTESIAN_POINT('',(2.5E0,8.375838966986E0,-3.250261487685E-1));
#3867=CARTESIAN_POINT('',(2.372328117227E0,8.407454228075E0,
-9.771539450680E-1));
#3868=CARTESIAN_POINT('',(1.811611253144E0,8.455499040296E0,-1.816794377947E0));
#3869=CARTESIAN_POINT('',(9.798368062028E-1,8.503028532433E0,
-2.370256025680E0));
#3870=CARTESIAN_POINT('',(-3.304243762490E-3,8.550729012343E0,
-2.565585753991E0));
#3871=CARTESIAN_POINT('',(-9.871344722175E-1,8.598481451508E0,-2.36738693E0));
#3872=CARTESIAN_POINT('',(-1.814525117020E0,8.645897845523E0,
-1.812213157844E0));
#3873=CARTESIAN_POINT('',(-2.369423028605E0,8.693410927407E0,
-9.822997815363E-1));
#3874=CARTESIAN_POINT('',(-2.5E0,8.725171772727E0,-3.277653528249E-1));
#3875=CARTESIAN_POINT('',(-2.5E0,8.741071809836E0,0.E0));
#3877=CURVE_STYLE('',#1485,POSITIVE_LENGTH_MEASURE(2.E-2),#3344);
#3878=PRESENTATION_STYLE_ASSIGNMENT((#3877));
#3879=STYLED_ITEM('',(#3878),#3876);
#3880=CARTESIAN_POINT('',(-2.5E0,9.366341809836E0,0.E0));
#3881=CARTESIAN_POINT('',(-2.5E0,9.350441772727E0,-3.277653528249E-1));
#3882=CARTESIAN_POINT('',(-2.369423028605E0,9.318680927407E0,
-9.822997815363E-1));
#3883=CARTESIAN_POINT('',(-1.814525117020E0,9.271167845523E0,
-1.812213157844E0));
#3884=CARTESIAN_POINT('',(-9.871344722175E-1,9.223751451508E0,-2.36738693E0));
#3885=CARTESIAN_POINT('',(-3.304243762476E-3,9.175999012343E0,
-2.565585753991E0));
#3886=CARTESIAN_POINT('',(9.798368062028E-1,9.128298532433E0,
-2.370256025680E0));
#3887=CARTESIAN_POINT('',(1.811611253144E0,9.080769040296E0,-1.816794377947E0));
#3888=CARTESIAN_POINT('',(2.372328117227E0,9.032724228075E0,
-9.771539450680E-1));
#3889=CARTESIAN_POINT('',(2.5E0,9.001108966986E0,-3.250261487685E-1));
#3890=CARTESIAN_POINT('',(2.5E0,8.985341809836E0,0.E0));
#3892=CURVE_STYLE('',#1485,POSITIVE_LENGTH_MEASURE(2.E-2),#3344);
#3893=PRESENTATION_STYLE_ASSIGNMENT((#3892));
#3894=STYLED_ITEM('',(#3893),#3891);
#3895=CARTESIAN_POINT('',(1.267684005653E0,9.248078882135E0,-2.154756891580E0));
#3896=CARTESIAN_POINT('',(1.015986904587E0,9.262245136584E0,-2.302835030017E0));
#3897=CARTESIAN_POINT('',(4.603584513889E-1,9.290569971809E0,
-2.509425906527E0));
#3898=CARTESIAN_POINT('',(-4.248792488706E-1,9.332861570133E0,
-2.515857203573E0));
#3899=CARTESIAN_POINT('',(-1.265234590183E0,9.375475414429E0,
-2.216601490585E0));
#3900=CARTESIAN_POINT('',(-1.952121185565E0,9.418196039854E0,
-1.643751822538E0));
#3901=CARTESIAN_POINT('',(-2.397333359492E0,9.460692831961E0,
-8.735321979983E-1));
#3902=CARTESIAN_POINT('',(-2.5E0,9.488960799270E0,-2.908861360078E-1));
#3903=CARTESIAN_POINT('',(-2.5E0,9.503071809836E0,0.E0));
#3905=CURVE_STYLE('',#1485,POSITIVE_LENGTH_MEASURE(2.E-2),#3344);
#3906=PRESENTATION_STYLE_ASSIGNMENT((#3905));
#3907=STYLED_ITEM('',(#3906),#3904);
#3908=CARTESIAN_POINT('',(2.5E0,9.122071809836E0,0.E0));
#3909=CARTESIAN_POINT('',(2.5E0,9.136126269331E0,-2.897203851746E-1));
#3910=CARTESIAN_POINT('',(2.398144688650E0,9.164198523653E0,
-8.682171863410E-1));
#3911=CARTESIAN_POINT('',(1.961875896175E0,9.206125451915E0,-1.629422246008E0));
#3912=CARTESIAN_POINT('',(1.516075321154E0,9.234098687039E0,-2.008623608965E0));
#3913=CARTESIAN_POINT('',(1.267684005653E0,9.248078882135E0,-2.154756891580E0));
#3915=CURVE_STYLE('',#1485,POSITIVE_LENGTH_MEASURE(2.E-2),#3344);
#3916=PRESENTATION_STYLE_ASSIGNMENT((#3915));
#3917=STYLED_ITEM('',(#3916),#3914);
#3918=CARTESIAN_POINT('',(-2.5E0,7.842341809836E0,0.E0));
#3919=CARTESIAN_POINT('',(-2.5E0,7.826265023079E0,-3.314088921773E-1));
#3920=CARTESIAN_POINT('',(-2.367722097728E0,7.794239093412E0,
-9.920514416133E-1));
#3921=CARTESIAN_POINT('',(-1.796671462730E0,7.745977341787E0,
-1.829739068032E0));
#3922=CARTESIAN_POINT('',(-9.777073164051E-1,7.699310099031E0,
-2.369560999754E0));
#3923=CARTESIAN_POINT('',(5.527050673567E-3,7.651574402364E0,
-2.566003244718E0));
#3924=CARTESIAN_POINT('',(9.867131640859E-1,7.603933793587E0,
-2.366393751868E0));
#3925=CARTESIAN_POINT('',(1.807534282051E0,7.556958553275E0,-1.818453908007E0));
#3926=CARTESIAN_POINT('',(2.367659434556E0,7.509296879538E0,
-9.884384060287E-1));
#3927=CARTESIAN_POINT('',(2.5E0,7.477369273915E0,-3.303921483423E-1));
#3928=CARTESIAN_POINT('',(2.5E0,7.461341809836E0,0.E0));
#3930=CURVE_STYLE('',#1485,POSITIVE_LENGTH_MEASURE(2.E-2),#3344);
#3931=PRESENTATION_STYLE_ASSIGNMENT((#3930));
#3932=STYLED_ITEM('',(#3931),#3929);
#3933=CARTESIAN_POINT('',(2.5E0,7.598071809836E0,0.E0));
#3934=CARTESIAN_POINT('',(2.5E0,7.613804175315E0,-3.243089489136E-1));
#3935=CARTESIAN_POINT('',(2.371904060729E0,7.645238773220E0,
-9.718056795824E-1));
#3936=CARTESIAN_POINT('',(1.829951784286E0,7.692154919575E0,-1.795590459891E0));
#3937=CARTESIAN_POINT('',(1.013560366234E0,7.739271369439E0,-2.352837798198E0));
#3938=CARTESIAN_POINT('',(6.029538788953E-2,7.785683191444E0,
-2.564879390419E0));
#3939=CARTESIAN_POINT('',(-9.425038600356E-1,7.834278828333E0,
-2.384394534531E0));
#3940=CARTESIAN_POINT('',(-1.768620754394E0,7.880682736477E0,
-1.861345034021E0));
#3941=CARTESIAN_POINT('',(-2.374605921755E0,7.931316173999E0,
-9.875632224248E-1));
#3942=CARTESIAN_POINT('',(-2.5E0,7.963204133690E0,-3.270982598973E-1));
#3943=CARTESIAN_POINT('',(-2.5E0,7.979071809836E0,0.E0));
#3945=CURVE_STYLE('',#1485,POSITIVE_LENGTH_MEASURE(2.E-2),#3344);
#3946=PRESENTATION_STYLE_ASSIGNMENT((#3945));
#3947=STYLED_ITEM('',(#3946),#3944);
#3948=CARTESIAN_POINT('',(1.241126501584E0,6.708575345985E0,2.170162437945E0));
#3949=CARTESIAN_POINT('',(9.548038969280E-1,6.692574663882E0,2.333911734508E0));
#3950=CARTESIAN_POINT('',(3.165229015393E-1,6.660567684237E0,2.546581085548E0));
#3951=CARTESIAN_POINT('',(-6.903881208899E-1,6.612538134789E0,
2.471621858699E0));
#3952=CARTESIAN_POINT('',(-1.590642563212E0,6.564496206346E0,2.013846386868E0));
#3953=CARTESIAN_POINT('',(-2.244546271350E0,6.516447261118E0,1.243991165512E0));
#3954=CARTESIAN_POINT('',(-2.550754208675E0,6.468416964763E0,
2.818168217853E-1));
#3955=CARTESIAN_POINT('',(-2.461820966621E0,6.420339114447E0,
-7.249697253586E-1));
#3956=CARTESIAN_POINT('',(-1.991050308055E0,6.372270725731E0,
-1.619169976787E0));
#3957=CARTESIAN_POINT('',(-1.211597004058E0,6.324202219233E0,
-2.262272349860E0));
#3958=CARTESIAN_POINT('',(-2.445550380271E-1,6.276146278586E0,
-2.554651423448E0));
#3959=CARTESIAN_POINT('',(7.609935946605E-1,6.228061614629E0,
-2.450915660726E0));
#3960=CARTESIAN_POINT('',(1.352328109294E0,6.196019959032E0,-2.128442024228E0));
#3961=CARTESIAN_POINT('',(1.605470616738E0,6.18E0,-1.916367422702E0));
#3963=CURVE_STYLE('',#1485,POSITIVE_LENGTH_MEASURE(2.E-2),#3344);
#3964=PRESENTATION_STYLE_ASSIGNMENT((#3963));
#3965=STYLED_ITEM('',(#3964),#3962);
#3966=CARTESIAN_POINT('',(1.032009857641E-14,6.18E0,0.E0));
#3967=DIRECTION('',(0.E0,-1.E0,0.E0));
#3968=DIRECTION('',(-4.169418652075E-1,0.E0,-9.089331554286E-1));
#3969=AXIS2_PLACEMENT_3D('',#3966,#3967,#3968);
#3971=CURVE_STYLE('',#1485,POSITIVE_LENGTH_MEASURE(2.E-2),#3344);
#3972=PRESENTATION_STYLE_ASSIGNMENT((#3971));
#3973=STYLED_ITEM('',(#3972),#3970);
#3974=CARTESIAN_POINT('',(-1.042354663019E0,6.18E0,-2.272332888571E0));
#3975=CARTESIAN_POINT('',(-1.337068799342E0,6.195729108800E0,
-2.137142901313E0));
#3976=CARTESIAN_POINT('',(-1.873154355173E0,6.227188054259E0,
-1.750717523952E0));
#3977=CARTESIAN_POINT('',(-2.397403277377E0,6.274398640909E0,
-9.088100005238E-1));
#3978=CARTESIAN_POINT('',(-2.563005567320E0,6.321571441356E0,
6.828032121188E-2));
#3979=CARTESIAN_POINT('',(-2.345222539630E0,6.368804972278E0,1.036349131045E0));
#3980=CARTESIAN_POINT('',(-1.776347705403E0,6.416018205905E0,1.848906777738E0));
#3981=CARTESIAN_POINT('',(-9.415630185588E-1,6.463238716813E0,
2.384801008697E0));
#3982=CARTESIAN_POINT('',(3.395174670428E-2,6.510447414092E0,2.563763500601E0));
#3983=CARTESIAN_POINT('',(1.005014627905E0,6.557688889651E0,2.358821464239E0));
#3984=CARTESIAN_POINT('',(1.825072886972E0,6.604902873756E0,1.800819532063E0));
#3985=CARTESIAN_POINT('',(2.372059448083E0,6.652121508673E0,9.732629230621E-1));
#3986=CARTESIAN_POINT('',(2.5E0,6.683601443338E0,3.244738829021E-1));
#3987=CARTESIAN_POINT('',(2.5E0,6.699341809836E0,0.E0));
#3989=CURVE_STYLE('',#1485,POSITIVE_LENGTH_MEASURE(2.E-2),#3344);
#3990=PRESENTATION_STYLE_ASSIGNMENT((#3989));
#3991=STYLED_ITEM('',(#3990),#3988);
#3992=DIRECTION('',(0.E0,1.E0,1.467297610501E-14));
#3993=VECTOR('',#3992,1.3673E-1);
#3994=CARTESIAN_POINT('',(2.5E0,6.699341809836E0,0.E0));
#3995=LINE('',#3994,#3993);
#3996=CURVE_STYLE('',#1485,POSITIVE_LENGTH_MEASURE(2.E-2),#3344);
#3997=PRESENTATION_STYLE_ASSIGNMENT((#3996));
#3998=STYLED_ITEM('',(#3997),#3995);
#3999=CARTESIAN_POINT('',(1.241126501584E0,6.708575345985E0,2.170162437945E0));
#4000=CARTESIAN_POINT('',(1.494485557052E0,6.722733912716E0,2.025265156221E0));
#4001=CARTESIAN_POINT('',(1.949782848560E0,6.751054990276E0,1.645722796942E0));
#4002=CARTESIAN_POINT('',(2.395683688222E0,6.793451731307E0,8.783596555505E-1));
#4003=CARTESIAN_POINT('',(2.5E0,6.821853057003E0,2.931071485658E-1));
#4004=CARTESIAN_POINT('',(2.5E0,6.836071809836E0,0.E0));
#4006=CURVE_STYLE('',#1485,POSITIVE_LENGTH_MEASURE(2.E-2),#3344);
#4007=PRESENTATION_STYLE_ASSIGNMENT((#4006));
#4008=STYLED_ITEM('',(#4007),#4005);
#4009=CARTESIAN_POINT('',(1.241126501584E0,7.333845345985E0,2.170162437945E0));
#4010=CARTESIAN_POINT('',(9.894032355583E-1,7.319778192739E0,2.314124203694E0));
#4011=CARTESIAN_POINT('',(4.352572531211E-1,7.291636011786E0,2.513305097729E0));
#4012=CARTESIAN_POINT('',(-4.455024832559E-1,7.249553731453E0,
2.511831160469E0));
#4013=CARTESIAN_POINT('',(-1.279513064482E0,7.207138598792E0,2.207671728062E0));
#4014=CARTESIAN_POINT('',(-1.958192028397E0,7.164723996928E0,1.635283186906E0));
#4015=CARTESIAN_POINT('',(-2.398189981757E0,7.122519814264E0,
8.693582219833E-1));
#4016=CARTESIAN_POINT('',(-2.5E0,7.094392385456E0,2.896403224897E-1));
#4017=CARTESIAN_POINT('',(-2.5E0,7.080341809836E0,0.E0));
#4019=CURVE_STYLE('',#1485,POSITIVE_LENGTH_MEASURE(2.E-2),#3344);
#4020=PRESENTATION_STYLE_ASSIGNMENT((#4019));
#4021=STYLED_ITEM('',(#4020),#4018);
#4022=CARTESIAN_POINT('',(2.5E0,7.461341809836E0,0.E0));
#4023=CARTESIAN_POINT('',(2.5E0,7.447123057003E0,2.931071485658E-1));
#4024=CARTESIAN_POINT('',(2.395683688222E0,7.418721731307E0,8.783596555505E-1));
#4025=CARTESIAN_POINT('',(1.949782848560E0,7.376324990276E0,1.645722796942E0));
#4026=CARTESIAN_POINT('',(1.494485557052E0,7.348003912716E0,2.025265156221E0));
#4027=CARTESIAN_POINT('',(1.241126501584E0,7.333845345985E0,2.170162437945E0));
#4029=CURVE_STYLE('',#1485,POSITIVE_LENGTH_MEASURE(2.E-2),#3344);
#4030=PRESENTATION_STYLE_ASSIGNMENT((#4029));
#4031=STYLED_ITEM('',(#4030),#4028);
#4032=DIRECTION('',(0.E0,1.E0,0.E0));
#4033=VECTOR('',#4032,1.3673E-1);
#4034=CARTESIAN_POINT('',(2.5E0,7.461341809836E0,0.E0));
#4035=LINE('',#4034,#4033);
#4036=CURVE_STYLE('',#1485,POSITIVE_LENGTH_MEASURE(2.E-2),#3344);
#4037=PRESENTATION_STYLE_ASSIGNMENT((#4036));
#4038=STYLED_ITEM('',(#4037),#4035);
#4039=CARTESIAN_POINT('',(-2.5E0,7.217071809836E0,0.E0));
#4040=CARTESIAN_POINT('',(-2.5E0,7.232973553386E0,3.278005296398E-1));
#4041=CARTESIAN_POINT('',(-2.369305172768E0,7.264739088663E0,
9.823725935973E-1));
#4042=CARTESIAN_POINT('',(-1.814954825607E0,7.312218645704E0,1.811864008060E0));
#4043=CARTESIAN_POINT('',(-9.865553093208E-1,7.359694128081E0,
2.367687248774E0));
#4044=CARTESIAN_POINT('',(-3.358306526051E-3,7.407410208434E0,
2.565496741636E0));
#4045=CARTESIAN_POINT('',(9.793990725976E-1,7.455097093256E0,2.370311653809E0));
#4046=CARTESIAN_POINT('',(1.810948089078E0,7.502591411173E0,1.817680339415E0));
#4047=CARTESIAN_POINT('',(2.373014472844E0,7.550755274483E0,9.759543431285E-1));
#4048=CARTESIAN_POINT('',(2.5E0,7.582333801735E0,3.244252666016E-1));
#4049=CARTESIAN_POINT('',(2.5E0,7.598071809836E0,0.E0));
#4051=CURVE_STYLE('',#1485,POSITIVE_LENGTH_MEASURE(2.E-2),#3344);
#4052=PRESENTATION_STYLE_ASSIGNMENT((#4051));
#4053=STYLED_ITEM('',(#4052),#4050);
#4054=DIRECTION('',(0.E0,1.E0,0.E0));
#4055=VECTOR('',#4054,1.3673E-1);
#4056=CARTESIAN_POINT('',(-2.5E0,7.080341809836E0,0.E0));
#4057=LINE('',#4056,#4055);
#4058=CURVE_STYLE('',#1485,POSITIVE_LENGTH_MEASURE(2.E-2),#3344);
#4059=PRESENTATION_STYLE_ASSIGNMENT((#4058));
#4060=STYLED_ITEM('',(#4059),#4057);
#4061=CARTESIAN_POINT('',(2.5E0,8.223341809836E0,0.E0));
#4062=CARTESIAN_POINT('',(2.5E0,8.207656743019E0,3.233339283589E-1));
#4063=CARTESIAN_POINT('',(2.374010122499E0,8.176152982013E0,9.734455877263E-1));
#4064=CARTESIAN_POINT('',(1.812201930282E0,8.127938424548E0,1.816597372491E0));
#4065=CARTESIAN_POINT('',(9.807934541566E-1,8.080439052634E0,2.369756217243E0));
#4066=CARTESIAN_POINT('',(-2.269265503310E-3,8.032731099037E0,
2.565528146324E0));
#4067=CARTESIAN_POINT('',(-9.855582021627E-1,7.985015938027E0,
2.368124810936E0));
#4068=CARTESIAN_POINT('',(-1.814540201340E0,7.937519076548E0,1.812367263841E0));
#4069=CARTESIAN_POINT('',(-2.369231012032E0,7.890022964808E0,
9.826557478542E-1));
#4070=CARTESIAN_POINT('',(-2.5E0,7.858247839384E0,3.278888817363E-1));
#4071=CARTESIAN_POINT('',(-2.5E0,7.842341809836E0,0.E0));
#4073=CURVE_STYLE('',#1485,POSITIVE_LENGTH_MEASURE(2.E-2),#3344);
#4074=PRESENTATION_STYLE_ASSIGNMENT((#4073));
#4075=STYLED_ITEM('',(#4074),#4072);
#4076=DIRECTION('',(0.E0,1.E0,0.E0));
#4077=VECTOR('',#4076,1.3673E-1);
#4078=CARTESIAN_POINT('',(2.5E0,8.223341809836E0,0.E0));
#4079=LINE('',#4078,#4077);
#4080=CURVE_STYLE('',#1485,POSITIVE_LENGTH_MEASURE(2.E-2),#3344);
#4081=PRESENTATION_STYLE_ASSIGNMENT((#4080));
#4082=STYLED_ITEM('',(#4081),#4079);
#4083=CARTESIAN_POINT('',(-2.5E0,7.979071809836E0,0.E0));
#4084=CARTESIAN_POINT('',(-2.5E0,7.994889975569E0,3.260776460694E-1));
#4085=CARTESIAN_POINT('',(-2.375389389238E0,8.026711022178E0,
9.851678057903E-1));
#4086=CARTESIAN_POINT('',(-1.770760645051E0,8.077330420927E0,1.859622273995E0));
#4087=CARTESIAN_POINT('',(-9.430641455912E-1,8.123836598292E0,
2.384158722534E0));
#4088=CARTESIAN_POINT('',(5.709758415516E-2,8.172308685988E0,2.564569661947E0));
#4089=CARTESIAN_POINT('',(1.009521056565E0,8.218663603777E0,2.354664519731E0));
#4090=CARTESIAN_POINT('',(1.828243255605E0,8.265862467063E0,1.797666115745E0));
#4091=CARTESIAN_POINT('',(2.371535217999E0,8.312840272301E0,9.731184975638E-1));
#4092=CARTESIAN_POINT('',(2.5E0,8.344318417106E0,3.247424072732E-1));
#4093=CARTESIAN_POINT('',(2.5E0,8.360071809836E0,0.E0));
#4095=CURVE_STYLE('',#1485,POSITIVE_LENGTH_MEASURE(2.E-2),#3344);
#4096=PRESENTATION_STYLE_ASSIGNMENT((#4095));
#4097=STYLED_ITEM('',(#4096),#4094);
#4098=DIRECTION('',(0.E0,1.E0,-1.190906971977E-14));
#4099=VECTOR('',#4098,1.3673E-1);
#4100=CARTESIAN_POINT('',(-2.5E0,7.842341809836E0,0.E0));
#4101=LINE('',#4100,#4099);
#4102=CURVE_STYLE('',#1485,POSITIVE_LENGTH_MEASURE(2.E-2),#3344);
#4103=PRESENTATION_STYLE_ASSIGNMENT((#4102));
#4104=STYLED_ITEM('',(#4103),#4101);
#4105=CARTESIAN_POINT('',(2.5E0,9.747341809836E0,0.E0));
#4106=CARTESIAN_POINT('',(2.5E0,9.731331180118E0,3.300451227096E-1));
#4107=CARTESIAN_POINT('',(2.367789782527E0,9.699433588962E0,9.873816663739E-1));
#4108=CARTESIAN_POINT('',(1.809829795396E0,9.651882849034E0,1.816070283371E0));
#4109=CARTESIAN_POINT('',(9.888168324506E-1,9.604853830016E0,2.365604104281E0));
#4110=CARTESIAN_POINT('',(8.143312908759E-3,9.557235707450E0,2.565995768844E0));
#4111=CARTESIAN_POINT('',(-9.753197293063E-1,9.509489095279E0,
2.370342070924E0));
#4112=CARTESIAN_POINT('',(-1.793744230536E0,9.462908947315E0,1.832815980295E0));
#4113=CARTESIAN_POINT('',(-2.367921328379E0,9.414464475581E0,
9.926490323832E-1));
#4114=CARTESIAN_POINT('',(-2.5E0,9.382423388810E0,3.315076795643E-1));
#4115=CARTESIAN_POINT('',(-2.5E0,9.366341809836E0,0.E0));
#4117=CURVE_STYLE('',#1485,POSITIVE_LENGTH_MEASURE(2.E-2),#3344);
#4118=PRESENTATION_STYLE_ASSIGNMENT((#4117));
#4119=STYLED_ITEM('',(#4118),#4116);
#4120=DIRECTION('',(0.E0,1.E0,3.951645861558E-14));
#4121=VECTOR('',#4120,1.3673E-1);
#4122=CARTESIAN_POINT('',(2.5E0,9.747341809836E0,0.E0));
#4123=LINE('',#4122,#4121);
#4124=CURVE_STYLE('',#1485,POSITIVE_LENGTH_MEASURE(2.E-2),#3344);
#4125=PRESENTATION_STYLE_ASSIGNMENT((#4124));
#4126=STYLED_ITEM('',(#4125),#4123);
#4127=CARTESIAN_POINT('',(-2.5E0,9.503071809836E0,0.E0));
#4128=CARTESIAN_POINT('',(-2.5E0,9.518815316474E0,3.245386141584E-1));
#4129=CARTESIAN_POINT('',(-2.371751847189E0,9.550270518548E0,
9.724738657164E-1));
#4130=CARTESIAN_POINT('',(-1.828925665995E0,9.597226617809E0,1.796713345088E0));
#4131=CARTESIAN_POINT('',(-1.012083077187E0,9.644349823935E0,2.353517059610E0));
#4132=CARTESIAN_POINT('',(-5.683229257455E-2,9.690847000434E0,
2.565523171354E0));
#4133=CARTESIAN_POINT('',(9.508895549798E-1,9.739695811224E0,2.381615153464E0));
#4134=CARTESIAN_POINT('',(1.775275300131E0,9.786127549599E0,1.854610868818E0));
#4135=CARTESIAN_POINT('',(2.376240543374E0,9.836588550057E0,9.819630730184E-1));
#4136=CARTESIAN_POINT('',(2.5E0,9.868308263885E0,3.249517070347E-1));
#4137=CARTESIAN_POINT('',(2.5E0,9.884071809836E0,0.E0));
#4139=CURVE_STYLE('',#1485,POSITIVE_LENGTH_MEASURE(2.E-2),#3344);
#4140=PRESENTATION_STYLE_ASSIGNMENT((#4139));
#4141=STYLED_ITEM('',(#4140),#4138);
#4142=DIRECTION('',(0.E0,1.E0,-1.894624728144E-14));
#4143=VECTOR('',#4142,1.3673E-1);
#4144=CARTESIAN_POINT('',(-2.5E0,9.366341809836E0,0.E0));
#4145=LINE('',#4144,#4143);
#4146=CURVE_STYLE('',#1485,POSITIVE_LENGTH_MEASURE(2.E-2),#3344);
#4147=PRESENTATION_STYLE_ASSIGNMENT((#4146));
#4148=STYLED_ITEM('',(#4147),#4145);
#4149=CARTESIAN_POINT('',(2.5E0,8.985341809836E0,0.E0));
#4150=CARTESIAN_POINT('',(2.5E0,8.969604674779E0,3.244072695691E-1));
#4151=CARTESIAN_POINT('',(2.371843028578E0,8.938161066064E0,9.720981348837E-1));
#4152=CARTESIAN_POINT('',(1.829469350186E0,8.891224982570E0,1.796119179443E0));
#4153=CARTESIAN_POINT('',(1.012883692892E0,8.844106192507E0,2.353147551059E0));
#4154=CARTESIAN_POINT('',(5.861741431226E-2,8.797651235116E0,2.565211481794E0));
#4155=CARTESIAN_POINT('',(-9.467068389966E-1,8.748925193239E0,
2.382993274956E0));
#4156=CARTESIAN_POINT('',(-1.772008931511E0,8.702508047432E0,1.858014891949E0));
#4157=CARTESIAN_POINT('',(-2.375727888820E0,8.651927465379E0,
9.841186499742E-1));
#4158=CARTESIAN_POINT('',(-2.5E0,8.620142814457E0,3.257238847736E-1));
#4159=CARTESIAN_POINT('',(-2.5E0,8.604341809836E0,0.E0));
#4161=CURVE_STYLE('',#1485,POSITIVE_LENGTH_MEASURE(2.E-2),#3344);
#4162=PRESENTATION_STYLE_ASSIGNMENT((#4161));
#4163=STYLED_ITEM('',(#4162),#4160);
#4164=DIRECTION('',(0.E0,1.E0,-2.111153268504E-14));
#4165=VECTOR('',#4164,1.3673E-1);
#4166=CARTESIAN_POINT('',(2.5E0,8.985341809836E0,0.E0));
#4167=LINE('',#4166,#4165);
#4168=CURVE_STYLE('',#1485,POSITIVE_LENGTH_MEASURE(2.E-2),#3344);
#4169=PRESENTATION_STYLE_ASSIGNMENT((#4168));
#4170=STYLED_ITEM('',(#4169),#4167);
#4171=CARTESIAN_POINT('',(-2.5E0,8.741071809836E0,0.E0));
#4172=CARTESIAN_POINT('',(-2.5E0,8.757153388810E0,3.315076795643E-1));
#4173=CARTESIAN_POINT('',(-2.367921328379E0,8.789194475581E0,
9.926490323832E-1));
#4174=CARTESIAN_POINT('',(-1.793744230536E0,8.837638947315E0,1.832815980295E0));
#4175=CARTESIAN_POINT('',(-9.753197293063E-1,8.884219095279E0,
2.370342070924E0));
#4176=CARTESIAN_POINT('',(8.143312908761E-3,8.931965707450E0,2.565995768844E0));
#4177=CARTESIAN_POINT('',(9.888168324505E-1,8.979583830016E0,2.365604104281E0));
#4178=CARTESIAN_POINT('',(1.809829795396E0,9.026612849034E0,1.816070283371E0));
#4179=CARTESIAN_POINT('',(2.367789782527E0,9.074163588962E0,9.873816663739E-1));
#4180=CARTESIAN_POINT('',(2.5E0,9.106061180118E0,3.300451227096E-1));
#4181=CARTESIAN_POINT('',(2.5E0,9.122071809836E0,0.E0));
#4183=CURVE_STYLE('',#1485,POSITIVE_LENGTH_MEASURE(2.E-2),#3344);
#4184=PRESENTATION_STYLE_ASSIGNMENT((#4183));
#4185=STYLED_ITEM('',(#4184),#4182);
#4186=DIRECTION('',(0.E0,1.E0,0.E0));
#4187=VECTOR('',#4186,1.3673E-1);
#4188=CARTESIAN_POINT('',(-2.5E0,8.604341809836E0,0.E0));
#4189=LINE('',#4188,#4187);
#4190=CURVE_STYLE('',#1485,POSITIVE_LENGTH_MEASURE(2.E-2),#3344);
#4191=PRESENTATION_STYLE_ASSIGNMENT((#4190));
#4192=STYLED_ITEM('',(#4191),#4189);
#4193=CARTESIAN_POINT('',(1.509954354989E0,7.021210345985E0,2.640219365251E0));
#4194=CARTESIAN_POINT('',(1.170816901548E0,7.005632376615E0,2.834173731885E0));
#4195=CARTESIAN_POINT('',(4.170184891467E-1,6.974476437875E0,3.089686491706E0));
#4196=CARTESIAN_POINT('',(-7.749569503103E-1,6.927742529765E0,
3.019865570814E0));
#4197=CARTESIAN_POINT('',(-1.853240820362E0,6.881008621655E0,2.507111729584E0));
#4198=CARTESIAN_POINT('',(-2.659723241252E0,6.834274713544E0,1.626651473707E0));
#4199=CARTESIAN_POINT('',(-3.076109213100E0,6.787540805434E0,
5.076134888977E-1));
#4200=CARTESIAN_POINT('',(-3.041331361070E0,6.740806897324E0,
-6.858744213427E-1));
#4201=CARTESIAN_POINT('',(-2.560489705636E0,6.694072989213E0,
-1.778767121152E0));
#4202=CARTESIAN_POINT('',(-1.704108161105E0,6.647339081103E0,
-2.610772950978E0));
#4203=CARTESIAN_POINT('',(-5.977897833106E-1,6.600605172993E0,
-3.059863951797E0));
#4204=CARTESIAN_POINT('',(5.962047662748E-1,6.553871264882E0,
-3.060173181860E0));
#4205=CARTESIAN_POINT('',(1.702755602371E0,6.507137356772E0,-2.611655291678E0));
#4206=CARTESIAN_POINT('',(2.559568040024E0,6.460403448662E0,-1.780093148733E0));
#4207=CARTESIAN_POINT('',(3.040975543365E0,6.413669540552E0,
-6.874496997489E-1));
#4208=CARTESIAN_POINT('',(3.076372264751E0,6.366935632441E0,5.060201830356E-1));
#4209=CARTESIAN_POINT('',(2.660563465948E0,6.320201724331E0,1.625273148285E0));
#4210=CARTESIAN_POINT('',(1.854546611041E0,6.273467816221E0,2.506153069566E0));
#4211=CARTESIAN_POINT('',(7.764934000601E-1,6.226733908110E0,3.019457738897E0));
#4212=CARTESIAN_POINT('',(-1.804539509869E-2,6.195577969370E0,
3.066435605581E0));
#4213=CARTESIAN_POINT('',(-4.052441932246E-1,6.18E0,3.014381793114E0));
#4215=CURVE_STYLE('',#1485,POSITIVE_LENGTH_MEASURE(2.E-2),#3344);
#4216=PRESENTATION_STYLE_ASSIGNMENT((#4215));
#4217=STYLED_ITEM('',(#4216),#4214);
#4218=CARTESIAN_POINT('',(1.032009857641E-14,6.18E0,0.E0));
#4219=DIRECTION('',(0.E0,-1.E0,0.E0));
#4220=DIRECTION('',(-1.E0,0.E0,0.E0));
#4221=AXIS2_PLACEMENT_3D('',#4218,#4219,#4220);
#4223=CURVE_STYLE('',#1485,POSITIVE_LENGTH_MEASURE(2.E-2),#3344);
#4224=PRESENTATION_STYLE_ASSIGNMENT((#4223));
#4225=STYLED_ITEM('',(#4224),#4222);
#4226=CARTESIAN_POINT('',(1.032009857641E-14,6.18E0,0.E0));
#4227=DIRECTION('',(0.E0,1.E0,0.E0));
#4228=DIRECTION('',(-1.E0,0.E0,0.E0));
#4229=AXIS2_PLACEMENT_3D('',#4226,#4227,#4228);
#4231=CURVE_STYLE('',#1485,POSITIVE_LENGTH_MEASURE(2.E-2),#3344);
#4232=PRESENTATION_STYLE_ASSIGNMENT((#4231));
#4233=STYLED_ITEM('',(#4232),#4230);
#4234=CARTESIAN_POINT('',(-4.052441932246E-1,6.18E0,3.014381793114E0));
#4235=CARTESIAN_POINT('',(-6.082933656687E-1,6.18E0,2.972673979061E0));
#4236=CARTESIAN_POINT('',(-9.941211240404E-1,6.18E0,2.851241605399E0));
#4237=CARTESIAN_POINT('',(-1.526469547342E0,6.18E0,2.555622020339E0));
#4238=CARTESIAN_POINT('',(-1.974493317738E0,6.18E0,2.170484718601E0));
#4239=CARTESIAN_POINT('',(-2.335031254965E0,6.18E0,1.706266218306E0));
#4240=CARTESIAN_POINT('',(-2.592402128513E0,6.18E0,1.183130650202E0));
#4241=CARTESIAN_POINT('',(-2.739373059899E0,6.18E0,6.122690390928E-1));
#4242=CARTESIAN_POINT('',(-2.762417508053E0,6.18E0,1.397989875790E-2));
#4243=CARTESIAN_POINT('',(-2.656367859537E0,6.18E0,-5.630599118707E-1));
#4244=CARTESIAN_POINT('',(-2.450837613319E0,6.18E0,-1.061562638082E0));
#4245=CARTESIAN_POINT('',(-2.168018258931E0,6.18E0,-1.487290702856E0));
#4246=CARTESIAN_POINT('',(-1.828997821295E0,6.18E0,-1.832054998449E0));
#4247=CARTESIAN_POINT('',(-1.453319747936E0,6.18E0,-2.095789077009E0));
#4248=CARTESIAN_POINT('',(-1.182796745589E0,6.18E0,-2.221663141309E0));
#4249=CARTESIAN_POINT('',(-1.042354663019E0,6.18E0,-2.272332888571E0));
#4251=CURVE_STYLE('',#1485,POSITIVE_LENGTH_MEASURE(2.E-2),#3344);
#4252=PRESENTATION_STYLE_ASSIGNMENT((#4251));
#4253=STYLED_ITEM('',(#4252),#4250);
#4254=CARTESIAN_POINT('',(1.605470616738E0,6.18E0,-1.916367422702E0));
#4255=CARTESIAN_POINT('',(1.723214309511E0,6.18E0,-1.833455006130E0));
#4256=CARTESIAN_POINT('',(1.948823315999E0,6.18E0,-1.644619617620E0));
#4257=CARTESIAN_POINT('',(2.254144648514E0,6.18E0,-1.277572885331E0));
#4258=CARTESIAN_POINT('',(2.503791478121E0,6.18E0,-8.236638086457E-1));
#4259=CARTESIAN_POINT('',(2.670222809195E0,6.18E0,-2.729255787841E-1));
#4260=CARTESIAN_POINT('',(2.712973757251E0,6.18E0,3.353086598690E-1));
#4261=CARTESIAN_POINT('',(2.608939620483E0,6.18E0,9.684871293328E-1));
#4262=CARTESIAN_POINT('',(2.364598587537E0,6.18E0,1.553514199609E0));
#4263=CARTESIAN_POINT('',(1.999773455977E0,6.18E0,2.063527691647E0));
#4264=CARTESIAN_POINT('',(1.560093564E0,6.18E0,2.461470370030E0));
#4265=CARTESIAN_POINT('',(1.069793079747E0,6.18E0,2.751969714415E0));
#4266=CARTESIAN_POINT('',(5.758584487827E-1,6.18E0,2.931295722420E0));
#4267=CARTESIAN_POINT('',(7.998951666846E-2,6.18E0,3.020341856251E0));
#4268=CARTESIAN_POINT('',(-2.440843807648E-1,6.18E0,3.024820457285E0));
#4269=CARTESIAN_POINT('',(-4.052441932246E-1,6.18E0,3.014381793114E0));
#4271=CURVE_STYLE('',#1485,POSITIVE_LENGTH_MEASURE(2.E-2),#3344);
#4272=PRESENTATION_STYLE_ASSIGNMENT((#4271));
#4273=STYLED_ITEM('',(#4272),#4270);
#4274=DIRECTION('',(4.299388318727E-1,-5.E-1,7.517663206396E-1));
#4275=VECTOR('',#4274,6.2527E-1);
#4276=CARTESIAN_POINT('',(1.241126501584E0,7.333845345985E0,2.170162437945E0));
#4277=LINE('',#4276,#4275);
#4278=CURVE_STYLE('',#1485,POSITIVE_LENGTH_MEASURE(2.E-2),#3344);
#4279=PRESENTATION_STYLE_ASSIGNMENT((#4278));
#4280=STYLED_ITEM('',(#4279),#4277);
#4281=CARTESIAN_POINT('',(-4.145E0,0.E0,0.E0));
#4282=CARTESIAN_POINT('',(-4.145E0,6.18E0,0.E0));
#4283=VERTEX_POINT('',#4281);
#4284=VERTEX_POINT('',#4282);
#4285=CARTESIAN_POINT('',(-4.15E0,1.11E1,0.E0));
#4286=CARTESIAN_POINT('',(-4.65E0,1.06E1,0.E0));
#4287=VERTEX_POINT('',#4285);
#4288=VERTEX_POINT('',#4286);
#4289=CARTESIAN_POINT('',(-4.650573321745E0,1.0243E1,0.E0));
#4290=VERTEX_POINT('',#4289);
#4291=CARTESIAN_POINT('',(-4.650573321745E0,8.797E0,0.E0));
#4292=VERTEX_POINT('',#4291);
#4293=CARTESIAN_POINT('',(-4.65E0,8.579016994375E0,0.E0));
#4294=VERTEX_POINT('',#4293);
#4295=CARTESIAN_POINT('',(-4.65E0,7.460983005625E0,0.E0));
#4296=VERTEX_POINT('',#4295);
#4297=CARTESIAN_POINT('',(-4.65E0,0.E0,0.E0));
#4298=VERTEX_POINT('',#4297);
#4299=CARTESIAN_POINT('',(4.145E0,0.E0,0.E0));
#4300=CARTESIAN_POINT('',(4.145E0,6.18E0,0.E0));
#4301=VERTEX_POINT('',#4299);
#4302=VERTEX_POINT('',#4300);
#4303=CARTESIAN_POINT('',(4.15E0,1.11E1,0.E0));
#4304=CARTESIAN_POINT('',(4.65E0,1.06E1,0.E0));
#4305=VERTEX_POINT('',#4303);
#4306=VERTEX_POINT('',#4304);
#4307=CARTESIAN_POINT('',(4.650573321745E0,1.0243E1,0.E0));
#4308=VERTEX_POINT('',#4307);
#4309=CARTESIAN_POINT('',(4.650573321745E0,8.797E0,0.E0));
#4310=VERTEX_POINT('',#4309);
#4311=CARTESIAN_POINT('',(4.65E0,8.579016994375E0,0.E0));
#4312=VERTEX_POINT('',#4311);
#4313=CARTESIAN_POINT('',(4.65E0,7.460983005625E0,0.E0));
#4314=VERTEX_POINT('',#4313);
#4315=CARTESIAN_POINT('',(4.65E0,0.E0,0.E0));
#4316=VERTEX_POINT('',#4315);
#4317=CARTESIAN_POINT('',(-3.4E0,1.11E1,0.E0));
#4318=CARTESIAN_POINT('',(3.4E0,1.11E1,0.E0));
#4319=VERTEX_POINT('',#4317);
#4320=VERTEX_POINT('',#4318);
#4321=VERTEX_POINT('',#3714);
#4322=VERTEX_POINT('',#3770);
#4323=VERTEX_POINT('',#4234);
#4324=VERTEX_POINT('',#4249);
#4325=VERTEX_POINT('',#4254);
#4326=VERTEX_POINT('',#3592);
#4327=VERTEX_POINT('',#3603);
#4328=VERTEX_POINT('',#3635);
#4329=VERTEX_POINT('',#3669);
#4330=CARTESIAN_POINT('',(2.5E0,6.699341809836E0,0.E0));
#4331=CARTESIAN_POINT('',(2.5E0,6.836071809836E0,0.E0));
#4332=VERTEX_POINT('',#4330);
#4333=VERTEX_POINT('',#4331);
#4334=VERTEX_POINT('',#3622);
#4335=VERTEX_POINT('',#3782);
#4336=VERTEX_POINT('',#3850);
#4337=VERTEX_POINT('',#3860);
#4338=VERTEX_POINT('',#3840);
#4339=VERTEX_POINT('',#3845);
#4340=VERTEX_POINT('',#3880);
#4341=VERTEX_POINT('',#3890);
#4342=VERTEX_POINT('',#3918);
#4343=VERTEX_POINT('',#3928);
#4344=VERTEX_POINT('',#3865);
#4345=VERTEX_POINT('',#3875);
#4346=VERTEX_POINT('',#3807);
#4347=VERTEX_POINT('',#3908);
#4348=VERTEX_POINT('',#3913);
#4349=VERTEX_POINT('',#3933);
#4350=VERTEX_POINT('',#3943);
#4351=VERTEX_POINT('',#3903);
#4352=VERTEX_POINT('',#3826);
#4353=VERTEX_POINT('',#4009);
#4354=VERTEX_POINT('',#3999);
#4355=CARTESIAN_POINT('',(1.132583976021E-14,1.1655E1,0.E0));
#4356=DIRECTION('',(0.E0,-1.E0,0.E0));
#4357=DIRECTION('',(-1.E0,0.E0,0.E0));
#4358=AXIS2_PLACEMENT_3D('',#4355,#4356,#4357);
#4359=CYLINDRICAL_SURFACE('',#4358,4.145E0);
#4361=ORIENTED_EDGE('',*,*,#4360,.T.);
#4363=ORIENTED_EDGE('',*,*,#4362,.T.);
#4365=ORIENTED_EDGE('',*,*,#4364,.F.);
#4367=ORIENTED_EDGE('',*,*,#4366,.F.);
#4368=EDGE_LOOP('',(#4361,#4363,#4365,#4367));
#4369=FACE_OUTER_BOUND('',#4368,.F.);
#4371=CARTESIAN_POINT('',(1.132583976021E-14,1.1655E1,0.E0));
#4372=DIRECTION('',(0.E0,-1.E0,0.E0));
#4373=DIRECTION('',(-1.E0,0.E0,0.E0));
#4374=AXIS2_PLACEMENT_3D('',#4371,#4372,#4373);
#4375=CYLINDRICAL_SURFACE('',#4374,4.145E0);
#4376=ORIENTED_EDGE('',*,*,#4360,.F.);
#4378=ORIENTED_EDGE('',*,*,#4377,.T.);
#4379=ORIENTED_EDGE('',*,*,#4364,.T.);
#4381=ORIENTED_EDGE('',*,*,#4380,.F.);
#4382=EDGE_LOOP('',(#4376,#4378,#4379,#4381));
#4383=FACE_OUTER_BOUND('',#4382,.F.);
#4385=CARTESIAN_POINT('',(0.E0,0.E0,0.E0));
#4386=DIRECTION('',(0.E0,-1.E0,0.E0));
#4387=DIRECTION('',(-1.E0,0.E0,0.E0));
#4388=AXIS2_PLACEMENT_3D('',#4385,#4386,#4387);
#4389=PLANE('',#4388);
#4391=ORIENTED_EDGE('',*,*,#4390,.F.);
#4393=ORIENTED_EDGE('',*,*,#4392,.T.);
#4394=EDGE_LOOP('',(#4391,#4393));
#4395=FACE_OUTER_BOUND('',#4394,.F.);
#4396=ORIENTED_EDGE('',*,*,#4377,.F.);
#4397=ORIENTED_EDGE('',*,*,#4366,.T.);
#4398=EDGE_LOOP('',(#4396,#4397));
#4399=FACE_BOUND('',#4398,.F.);
#4401=CARTESIAN_POINT('',(1.132583976021E-14,1.1655E1,0.E0));
#4402=DIRECTION('',(0.E0,-1.E0,0.E0));
#4403=DIRECTION('',(-1.E0,0.E0,0.E0));
#4404=AXIS2_PLACEMENT_3D('',#4401,#4402,#4403);
#4405=CYLINDRICAL_SURFACE('',#4404,4.65E0);
#4407=ORIENTED_EDGE('',*,*,#4406,.T.);
#4408=ORIENTED_EDGE('',*,*,#4390,.T.);
#4410=ORIENTED_EDGE('',*,*,#4409,.F.);
#4412=ORIENTED_EDGE('',*,*,#4411,.F.);
#4413=EDGE_LOOP('',(#4407,#4408,#4410,#4412));
#4414=FACE_OUTER_BOUND('',#4413,.F.);
#4416=CARTESIAN_POINT('',(1.132583976021E-14,1.1655E1,0.E0));
#4417=DIRECTION('',(0.E0,-1.E0,0.E0));
#4418=DIRECTION('',(-1.E0,0.E0,0.E0));
#4419=AXIS2_PLACEMENT_3D('',#4416,#4417,#4418);
#4420=CYLINDRICAL_SURFACE('',#4419,4.65E0);
#4421=ORIENTED_EDGE('',*,*,#4406,.F.);
#4423=ORIENTED_EDGE('',*,*,#4422,.T.);
#4424=ORIENTED_EDGE('',*,*,#4409,.T.);
#4425=ORIENTED_EDGE('',*,*,#4392,.F.);
#4426=EDGE_LOOP('',(#4421,#4423,#4424,#4425));
#4427=FACE_OUTER_BOUND('',#4426,.F.);
#4429=CARTESIAN_POINT('',(1.065810109298E-14,8.02E0,0.E0));
#4430=DIRECTION('',(0.E0,-1.E0,0.E0));
#4431=DIRECTION('',(-1.E0,0.E0,0.E0));
#4432=AXIS2_PLACEMENT_3D('',#4429,#4430,#4431);
#4433=TOROIDAL_SURFACE('',#4432,5.15E0,7.5E-1);
#4435=ORIENTED_EDGE('',*,*,#4434,.F.);
#4437=ORIENTED_EDGE('',*,*,#4436,.T.);
#4439=ORIENTED_EDGE('',*,*,#4438,.T.);
#4440=ORIENTED_EDGE('',*,*,#4422,.F.);
#4441=EDGE_LOOP('',(#4435,#4437,#4439,#4440));
#4442=FACE_OUTER_BOUND('',#4441,.F.);
#4444=CARTESIAN_POINT('',(1.065810109298E-14,8.02E0,0.E0));
#4445=DIRECTION('',(0.E0,-1.E0,0.E0));
#4446=DIRECTION('',(-1.E0,0.E0,0.E0));
#4447=AXIS2_PLACEMENT_3D('',#4444,#4445,#4446);
#4448=TOROIDAL_SURFACE('',#4447,5.15E0,7.5E-1);
#4449=ORIENTED_EDGE('',*,*,#4434,.T.);
#4450=ORIENTED_EDGE('',*,*,#4411,.T.);
#4451=ORIENTED_EDGE('',*,*,#4438,.F.);
#4453=ORIENTED_EDGE('',*,*,#4452,.F.);
#4454=EDGE_LOOP('',(#4449,#4450,#4451,#4453));
#4455=FACE_OUTER_BOUND('',#4454,.F.);
#4457=CARTESIAN_POINT('',(1.078081226316E-14,8.688008497187E0,0.E0));
#4458=DIRECTION('',(0.E0,1.E0,0.E0));
#4459=DIRECTION('',(1.E0,0.E0,0.E0));
#4460=AXIS2_PLACEMENT_3D('',#4457,#4458,#4459);
#4461=CONICAL_SURFACE('',#4460,4.650286660872E0,1.506945022051E-1);
#4463=ORIENTED_EDGE('',*,*,#4462,.T.);
#4464=ORIENTED_EDGE('',*,*,#4452,.T.);
#4466=ORIENTED_EDGE('',*,*,#4465,.F.);
#4468=ORIENTED_EDGE('',*,*,#4467,.F.);
#4469=EDGE_LOOP('',(#4463,#4464,#4466,#4468));
#4470=FACE_OUTER_BOUND('',#4469,.F.);
#4472=CARTESIAN_POINT('',(1.078081226316E-14,8.688008497187E0,0.E0));
#4473=DIRECTION('',(0.E0,1.E0,0.E0));
#4474=DIRECTION('',(1.E0,0.E0,0.E0));
#4475=AXIS2_PLACEMENT_3D('',#4472,#4473,#4474);
#4476=CONICAL_SURFACE('',#4475,4.650286660872E0,1.506945022051E-1);
#4477=ORIENTED_EDGE('',*,*,#4462,.F.);
#4479=ORIENTED_EDGE('',*,*,#4478,.T.);
#4480=ORIENTED_EDGE('',*,*,#4465,.T.);
#4481=ORIENTED_EDGE('',*,*,#4436,.F.);
#4482=EDGE_LOOP('',(#4477,#4479,#4480,#4481));
#4483=FACE_OUTER_BOUND('',#4482,.F.);
#4485=CARTESIAN_POINT('',(1.093364662279E-14,9.52E0,0.E0));
#4486=DIRECTION('',(0.E0,-1.E0,0.E0));
#4487=DIRECTION('',(-1.E0,0.E0,0.E0));
#4488=AXIS2_PLACEMENT_3D('',#4485,#4486,#4487);
#4489=TOROIDAL_SURFACE('',#4488,4.85E0,7.5E-1);
#4491=ORIENTED_EDGE('',*,*,#4490,.F.);
#4493=ORIENTED_EDGE('',*,*,#4492,.T.);
#4495=ORIENTED_EDGE('',*,*,#4494,.T.);
#4496=ORIENTED_EDGE('',*,*,#4478,.F.);
#4497=EDGE_LOOP('',(#4491,#4493,#4495,#4496));
#4498=FACE_OUTER_BOUND('',#4497,.F.);
#4500=CARTESIAN_POINT('',(1.093364662279E-14,9.52E0,0.E0));
#4501=DIRECTION('',(0.E0,-1.E0,0.E0));
#4502=DIRECTION('',(-1.E0,0.E0,0.E0));
#4503=AXIS2_PLACEMENT_3D('',#4500,#4501,#4502);
#4504=TOROIDAL_SURFACE('',#4503,4.85E0,7.5E-1);
#4505=ORIENTED_EDGE('',*,*,#4490,.T.);
#4506=ORIENTED_EDGE('',*,*,#4467,.T.);
#4507=ORIENTED_EDGE('',*,*,#4494,.F.);
#4509=ORIENTED_EDGE('',*,*,#4508,.F.);
#4510=EDGE_LOOP('',(#4505,#4506,#4507,#4509));
#4511=FACE_OUTER_BOUND('',#4510,.F.);
#4513=CARTESIAN_POINT('',(1.109924948620E-14,1.04215E1,0.E0));
#4514=DIRECTION('',(0.E0,-1.E0,0.E0));
#4515=DIRECTION('',(-1.E0,0.E0,0.E0));
#4516=AXIS2_PLACEMENT_3D('',#4513,#4514,#4515);
#4517=CONICAL_SURFACE('',#4516,4.650286660872E0,9.201369195084E-2);
#4519=ORIENTED_EDGE('',*,*,#4518,.T.);
#4520=ORIENTED_EDGE('',*,*,#4508,.T.);
#4522=ORIENTED_EDGE('',*,*,#4521,.F.);
#4524=ORIENTED_EDGE('',*,*,#4523,.F.);
#4525=EDGE_LOOP('',(#4519,#4520,#4522,#4524));
#4526=FACE_OUTER_BOUND('',#4525,.F.);
#4528=CARTESIAN_POINT('',(1.109924948620E-14,1.04215E1,0.E0));
#4529=DIRECTION('',(0.E0,-1.E0,0.E0));
#4530=DIRECTION('',(-1.E0,0.E0,0.E0));
#4531=AXIS2_PLACEMENT_3D('',#4528,#4529,#4530);
#4532=CONICAL_SURFACE('',#4531,4.650286660872E0,9.201369195084E-2);
#4533=ORIENTED_EDGE('',*,*,#4518,.F.);
#4535=ORIENTED_EDGE('',*,*,#4534,.T.);
#4536=ORIENTED_EDGE('',*,*,#4521,.T.);
#4537=ORIENTED_EDGE('',*,*,#4492,.F.);
#4538=EDGE_LOOP('',(#4533,#4535,#4536,#4537));
#4539=FACE_OUTER_BOUND('',#4538,.F.);
#4541=CARTESIAN_POINT('',(1.117796365922E-14,1.085E1,0.E0));
#4542=DIRECTION('',(0.E0,-1.E0,0.E0));
#4543=DIRECTION('',(-1.E0,0.E0,0.E0));
#4544=AXIS2_PLACEMENT_3D('',#4541,#4542,#4543);
#4545=CONICAL_SURFACE('',#4544,4.4E0,4.5E1);
#4547=ORIENTED_EDGE('',*,*,#4546,.F.);
#4549=ORIENTED_EDGE('',*,*,#4548,.T.);
#4551=ORIENTED_EDGE('',*,*,#4550,.T.);
#4552=ORIENTED_EDGE('',*,*,#4534,.F.);
#4553=EDGE_LOOP('',(#4547,#4549,#4551,#4552));
#4554=FACE_OUTER_BOUND('',#4553,.F.);
#4556=CARTESIAN_POINT('',(1.117796365922E-14,1.085E1,0.E0));
#4557=DIRECTION('',(0.E0,-1.E0,0.E0));
#4558=DIRECTION('',(-1.E0,0.E0,0.E0));
#4559=AXIS2_PLACEMENT_3D('',#4556,#4557,#4558);
#4560=CONICAL_SURFACE('',#4559,4.4E0,4.5E1);
#4561=ORIENTED_EDGE('',*,*,#4546,.T.);
#4562=ORIENTED_EDGE('',*,*,#4523,.T.);
#4563=ORIENTED_EDGE('',*,*,#4550,.F.);
#4565=ORIENTED_EDGE('',*,*,#4564,.F.);
#4566=EDGE_LOOP('',(#4561,#4562,#4563,#4565));
#4567=FACE_OUTER_BOUND('',#4566,.F.);
#4569=CARTESIAN_POINT('',(1.122388791419E-14,1.11E1,0.E0));
#4570=DIRECTION('',(0.E0,-1.E0,0.E0));
#4571=DIRECTION('',(-1.E0,0.E0,0.E0));
#4572=AXIS2_PLACEMENT_3D('',#4569,#4570,#4571);
#4573=PLANE('',#4572);
#4574=ORIENTED_EDGE('',*,*,#4548,.F.);
#4575=ORIENTED_EDGE('',*,*,#4564,.T.);
#4576=EDGE_LOOP('',(#4574,#4575));
#4577=FACE_OUTER_BOUND('',#4576,.F.);
#4579=ORIENTED_EDGE('',*,*,#4578,.F.);
#4581=ORIENTED_EDGE('',*,*,#4580,.T.);
#4582=EDGE_LOOP('',(#4579,#4581));
#4583=FACE_BOUND('',#4582,.F.);
#4585=CARTESIAN_POINT('',(1.115923711190E-14,1.074805742449E1,0.E0));
#4586=DIRECTION('',(0.E0,1.E0,0.E0));
#4587=DIRECTION('',(1.E0,0.E0,0.E0));
#4588=AXIS2_PLACEMENT_3D('',#4585,#4586,#4587);
#4589=CONICAL_SURFACE('',#4588,3.048057424492E0,4.5E1);
#4591=ORIENTED_EDGE('',*,*,#4590,.T.);
#4593=ORIENTED_EDGE('',*,*,#4592,.T.);
#4594=ORIENTED_EDGE('',*,*,#4578,.T.);
#4596=ORIENTED_EDGE('',*,*,#4595,.F.);
#4597=EDGE_LOOP('',(#4591,#4593,#4594,#4596));
#4598=FACE_OUTER_BOUND('',#4597,.F.);
#4600=CARTESIAN_POINT('',(1.592281486149E0,9.909171543229E0,-1.791783184983E0));
#4601=CARTESIAN_POINT('',(1.214297339222E0,9.934755236041E0,-2.127681615248E0));
#4602=CARTESIAN_POINT('',(2.397897198343E-1,9.985922621665E0,
-2.551092992137E0));
#4603=CARTESIAN_POINT('',(-1.315768399220E0,1.006267370010E1,
-2.198927061395E0));
#4604=CARTESIAN_POINT('',(-2.361450611839E0,1.013942477854E1,
-9.948437013116E-1));
#4605=CARTESIAN_POINT('',(-2.492551243229E0,1.021617585697E1,
5.945082725969E-1));
#4606=CARTESIAN_POINT('',(-1.658208031976E0,1.029292693541E1,1.953608365904E0));
#4607=CARTESIAN_POINT('',(-1.816049871075E-1,1.036967801384E1,
2.556023880329E0));
#4608=CARTESIAN_POINT('',(1.365339396549E0,1.044642909228E1,2.168429879588E0));
#4609=CARTESIAN_POINT('',(2.383454021972E0,1.052318017071E1,9.409495789296E-1));
#4610=CARTESIAN_POINT('',(2.478398748072E0,1.059993124915E1,
-6.509834529503E-1));
#4611=CARTESIAN_POINT('',(1.613398464024E0,1.067668232759E1,-1.990774684499E0));
#4612=CARTESIAN_POINT('',(1.234911497701E-1,1.075343340602E1,
-2.559490078232E0));
#4613=CARTESIAN_POINT('',(-1.414253656904E0,1.083018448446E1,
-2.136852446998E0));
#4614=CARTESIAN_POINT('',(-2.404199710709E0,1.090693556289E1,
-8.865589282291E-1));
#4615=CARTESIAN_POINT('',(-2.463028700701E0,1.098368664133E1,
7.071183219546E-1));
#4616=CARTESIAN_POINT('',(-1.567536584757E0,1.106043771977E1,2.026919736870E0));
#4617=CARTESIAN_POINT('',(-5.665987848803E-1,1.111160510539E1,
2.383382659347E0));
#4618=CARTESIAN_POINT('',(-6.109541033017E-2,1.113718879820E1,
2.396270991344E0));
#4619=CARTESIAN_POINT('',(1.757772649397E0,9.765334291539E0,-1.978009229907E0));
#4620=CARTESIAN_POINT('',(1.340503340450E0,9.790917984351E0,-2.348818712295E0));
#4621=CARTESIAN_POINT('',(2.647118708581E-1,9.842085369974E0,
-2.816236655801E0));
#4622=CARTESIAN_POINT('',(-1.452520628550E0,9.918836448410E0,
-2.427468936970E0));
#4623=CARTESIAN_POINT('',(-2.606884105920E0,9.995587526846E0,
-1.098241148818E0));
#4624=CARTESIAN_POINT('',(-2.751610466291E0,1.007233860528E1,
6.562975142910E-1));
#4625=CARTESIAN_POINT('',(-1.830551162576E0,1.014908968372E1,2.156653445443E0));
#4626=CARTESIAN_POINT('',(-2.004798034195E-1,1.022584076215E1,
2.821680027766E0));
#4627=CARTESIAN_POINT('',(1.507243706138E0,1.030259184059E1,2.393802080620E0));
#4628=CARTESIAN_POINT('',(2.631174404376E0,1.037934291902E1,1.038745629270E0));
#4629=CARTESIAN_POINT('',(2.735987054775E0,1.045609399746E1,
-7.186423498358E-1));
#4630=CARTESIAN_POINT('',(1.781084385714E0,1.053284507590E1,-2.197682584370E0));
#4631=CARTESIAN_POINT('',(1.363259997662E-1,1.060959615433E1,
-2.825506479260E0));
#4632=CARTESIAN_POINT('',(-1.561241789873E0,1.068634723277E1,
-2.358942699393E0));
#4633=CARTESIAN_POINT('',(-2.654076262227E0,1.076309831120E1,
-9.787019755464E-1));
#4634=CARTESIAN_POINT('',(-2.719019546753E0,1.083984938964E1,
7.806115043299E-1));
#4635=CARTESIAN_POINT('',(-1.730455927287E0,1.091660046808E1,2.237584313444E0));
#4636=CARTESIAN_POINT('',(-6.254872997695E-1,1.096776785370E1,
2.631095624794E0));
#4637=CARTESIAN_POINT('',(-6.744526154217E-2,1.099335154651E1,
2.645323484427E0));
#4638=CARTESIAN_POINT('',(1.923263812646E0,9.621497039849E0,-2.164235274831E0));
#4639=CARTESIAN_POINT('',(1.466709341678E0,9.647080732661E0,-2.569955809342E0));
#4640=CARTESIAN_POINT('',(2.896340218820E-1,9.698248118284E0,
-3.081380319466E0));
#4641=CARTESIAN_POINT('',(-1.589272857881E0,9.774999196720E0,
-2.656010812545E0));
#4642=CARTESIAN_POINT('',(-2.852317600001E0,9.851750275156E0,
-1.201638596325E0));
#4643=CARTESIAN_POINT('',(-3.010669689352E0,9.928501353592E0,
7.180867559851E-1));
#4644=CARTESIAN_POINT('',(-2.002894293176E0,1.000525243203E1,2.359698524983E0));
#4645=CARTESIAN_POINT('',(-2.193546197315E-1,1.008200351046E1,
3.087336175203E0));
#4646=CARTESIAN_POINT('',(1.649148015727E0,1.015875458890E1,2.619174281651E0));
#4647=CARTESIAN_POINT('',(2.878894786781E0,1.023550566733E1,1.136541679610E0));
#4648=CARTESIAN_POINT('',(2.993575361477E0,1.031225674577E1,
-7.863012467212E-1));
#4649=CARTESIAN_POINT('',(1.948770307403E0,1.038900782421E1,-2.404590484241E0));
#4650=CARTESIAN_POINT('',(1.491608497623E-1,1.046575890264E1,
-3.091522880288E0));
#4651=CARTESIAN_POINT('',(-1.708229922841E0,1.054250998108E1,
-2.581032951788E0));
#4652=CARTESIAN_POINT('',(-2.903952813746E0,1.061926105951E1,
-1.070845022864E0));
#4653=CARTESIAN_POINT('',(-2.975010392805E0,1.069601213795E1,
8.541046867052E-1));
#4654=CARTESIAN_POINT('',(-1.893375269816E0,1.077276321639E1,2.448248890017E0));
#4655=CARTESIAN_POINT('',(-6.843758146586E-1,1.082393060201E1,
2.878808590242E0));
#4656=CARTESIAN_POINT('',(-7.379511275417E-2,1.084951429482E1,
2.894375977510E0));
#4657=CARTESIAN_POINT('',(2.088754975894E0,9.477659788159E0,-2.350461319755E0));
#4658=CARTESIAN_POINT('',(1.592915342907E0,9.503243480970E0,-2.791092906389E0));
#4659=CARTESIAN_POINT('',(3.145561729059E-1,9.554410866594E0,
-3.346523983130E0));
#4660=CARTESIAN_POINT('',(-1.726025087211E0,9.631161945030E0,
-2.884552688120E0));
#4661=CARTESIAN_POINT('',(-3.097751094082E0,9.707913023466E0,
-1.305036043832E0));
#4662=CARTESIAN_POINT('',(-3.269728912414E0,9.784664101902E0,
7.798759976792E-1));
#4663=CARTESIAN_POINT('',(-2.175237423776E0,9.861415180337E0,2.562743604522E0));
#4664=CARTESIAN_POINT('',(-2.382294360435E-1,9.938166258773E0,
3.352992322640E0));
#4665=CARTESIAN_POINT('',(1.791052325316E0,1.001491733721E1,2.844546482683E0));
#4666=CARTESIAN_POINT('',(3.126615169185E0,1.009166841564E1,1.234337729950E0));
#4667=CARTESIAN_POINT('',(3.251163668180E0,1.016841949408E1,
-8.539601436067E-1));
#4668=CARTESIAN_POINT('',(2.116456229093E0,1.024517057252E1,-2.611498384112E0));
#4669=CARTESIAN_POINT('',(1.619956997584E-1,1.032192165095E1,
-3.357539281315E0));
#4670=CARTESIAN_POINT('',(-1.855218055809E0,1.039867272939E1,
-2.803123204184E0));
#4671=CARTESIAN_POINT('',(-3.153829365265E0,1.047542380782E1,
-1.162988070181E0));
#4672=CARTESIAN_POINT('',(-3.231001238857E0,1.055217488626E1,
9.275978690804E-1));
#4673=CARTESIAN_POINT('',(-2.056294612346E0,1.062892596470E1,2.658913466591E0));
#4674=CARTESIAN_POINT('',(-7.432643295478E-1,1.068009335032E1,
3.126521555689E0));
#4675=CARTESIAN_POINT('',(-8.014496396616E-2,1.070567704313E1,
3.143428470593E0));
#4676=B_SPLINE_SURFACE_WITH_KNOTS('',3,3,((#4600,#4601,#4602,#4603,#4604,#4605,
#4606,#4607,#4608,#4609,#4610,#4611,#4612,#4613,#4614,#4615,#4616,#4617,#4618),(
#4619,#4620,#4621,#4622,#4623,#4624,#4625,#4626,#4627,#4628,#4629,#4630,#4631,
#4632,#4633,#4634,#4635,#4636,#4637),(#4638,#4639,#4640,#4641,#4642,#4643,#4644,
#4645,#4646,#4647,#4648,#4649,#4650,#4651,#4652,#4653,#4654,#4655,#4656),(#4657,
#4658,#4659,#4660,#4661,#4662,#4663,#4664,#4665,#4666,#4667,#4668,#4669,#4670,
#4671,#4672,#4673,#4674,#4675)),.UNSPECIFIED.,.F.,.F.,.F.,(4,4),(4,1,1,1,1,1,1,
1,1,1,1,1,1,1,1,1,4),(-1.901206759803E-1,1.190120675980E0),(-9.299343791260E-3,
2.092352353033E-2,5.114639085193E-2,8.136925817352E-2,1.115921254951E-1,
1.418149928167E-1,1.720378601383E-1,2.022607274599E-1,2.324835947815E-1,
2.627064621031E-1,2.929293294247E-1,3.231521967463E-1,3.533750640679E-1,
3.835979313895E-1,4.138207987111E-1,4.440436660326E-1,4.742665333542E-1),
.UNSPECIFIED.);
#4677=ORIENTED_EDGE('',*,*,#4590,.F.);
#4679=ORIENTED_EDGE('',*,*,#4678,.F.);
#4681=ORIENTED_EDGE('',*,*,#4680,.F.);
#4683=ORIENTED_EDGE('',*,*,#4682,.T.);
#4685=ORIENTED_EDGE('',*,*,#4684,.F.);
#4687=ORIENTED_EDGE('',*,*,#4686,.F.);
#4688=EDGE_LOOP('',(#4677,#4679,#4681,#4683,#4685,#4687));
#4689=FACE_OUTER_BOUND('',#4688,.F.);
#4691=CARTESIAN_POINT('',(1.114122425524E-14,1.065E1,0.E0));
#4692=DIRECTION('',(0.E0,1.E0,0.E0));
#4693=DIRECTION('',(1.E0,0.E0,0.E0));
#4694=AXIS2_PLACEMENT_3D('',#4691,#4692,#4693);
#4695=CONICAL_SURFACE('',#4694,2.95E0,4.5E1);
#4697=ORIENTED_EDGE('',*,*,#4696,.T.);
#4699=ORIENTED_EDGE('',*,*,#4698,.T.);
#4700=ORIENTED_EDGE('',*,*,#4678,.T.);
#4701=ORIENTED_EDGE('',*,*,#4595,.T.);
#4702=ORIENTED_EDGE('',*,*,#4580,.F.);
#4703=ORIENTED_EDGE('',*,*,#4592,.F.);
#4704=ORIENTED_EDGE('',*,*,#4686,.T.);
#4705=EDGE_LOOP('',(#4697,#4699,#4700,#4701,#4702,#4703,#4704));
#4706=FACE_OUTER_BOUND('',#4705,.F.);
#4708=CARTESIAN_POINT('',(2.088754975894E0,9.596536543229E0,-2.350461319755E0));
#4709=CARTESIAN_POINT('',(1.592915342907E0,9.622120236041E0,-2.791092906389E0));
#4710=CARTESIAN_POINT('',(3.145561729058E-1,9.673287621665E0,
-3.346523983130E0));
#4711=CARTESIAN_POINT('',(-1.726025087211E0,9.750038700100E0,
-2.884552688120E0));
#4712=CARTESIAN_POINT('',(-3.097751094082E0,9.826789778536E0,
-1.305036043832E0));
#4713=CARTESIAN_POINT('',(-3.269728912414E0,9.903540856972E0,
7.798759976792E-1));
#4714=CARTESIAN_POINT('',(-2.175237423776E0,9.980291935408E0,2.562743604522E0));
#4715=CARTESIAN_POINT('',(-2.382294360434E-1,1.005704301384E1,
3.352992322640E0));
#4716=CARTESIAN_POINT('',(1.791052325316E0,1.013379409228E1,2.844546482683E0));
#4717=CARTESIAN_POINT('',(3.126615169185E0,1.021054517071E1,1.234337729950E0));
#4718=CARTESIAN_POINT('',(3.251163668180E0,1.028729624915E1,
-8.539601436068E-1));
#4719=CARTESIAN_POINT('',(2.116456229093E0,1.036404732759E1,-2.611498384112E0));
#4720=CARTESIAN_POINT('',(1.619956997584E-1,1.044079840602E1,
-3.357539281315E0));
#4721=CARTESIAN_POINT('',(-1.855218055809E0,1.051754948446E1,
-2.803123204184E0));
#4722=CARTESIAN_POINT('',(-3.153829365265E0,1.059430056289E1,
-1.162988070181E0));
#4723=CARTESIAN_POINT('',(-3.231001238857E0,1.067105164133E1,
9.275978690805E-1));
#4724=CARTESIAN_POINT('',(-2.056294612346E0,1.074780271977E1,2.658913466591E0));
#4725=CARTESIAN_POINT('',(-7.432643295477E-1,1.079897010539E1,
3.126521555689E0));
#4726=CARTESIAN_POINT('',(-8.014496396610E-2,1.082455379820E1,
3.143428470593E0));
#4727=CARTESIAN_POINT('',(1.923263812646E0,9.452699291539E0,-2.164235274831E0));
#4728=CARTESIAN_POINT('',(1.466709341678E0,9.478282984351E0,-2.569955809342E0));
#4729=CARTESIAN_POINT('',(2.896340218820E-1,9.529450369974E0,
-3.081380319466E0));
#4730=CARTESIAN_POINT('',(-1.589272857881E0,9.606201448410E0,
-2.656010812545E0));
#4731=CARTESIAN_POINT('',(-2.852317600001E0,9.682952526846E0,
-1.201638596325E0));
#4732=CARTESIAN_POINT('',(-3.010669689352E0,9.759703605282E0,
7.180867559851E-1));
#4733=CARTESIAN_POINT('',(-2.002894293176E0,9.836454683718E0,2.359698524983E0));
#4734=CARTESIAN_POINT('',(-2.193546197314E-1,9.913205762153E0,
3.087336175203E0));
#4735=CARTESIAN_POINT('',(1.649148015727E0,9.989956840589E0,2.619174281651E0));
#4736=CARTESIAN_POINT('',(2.878894786781E0,1.006670791902E1,1.136541679610E0));
#4737=CARTESIAN_POINT('',(2.993575361477E0,1.014345899746E1,
-7.863012467213E-1));
#4738=CARTESIAN_POINT('',(1.948770307403E0,1.022021007590E1,-2.404590484241E0));
#4739=CARTESIAN_POINT('',(1.491608497622E-1,1.029696115433E1,
-3.091522880288E0));
#4740=CARTESIAN_POINT('',(-1.708229922841E0,1.037371223277E1,
-2.581032951788E0));
#4741=CARTESIAN_POINT('',(-2.903952813746E0,1.045046331120E1,
-1.070845022864E0));
#4742=CARTESIAN_POINT('',(-2.975010392805E0,1.052721438964E1,
8.541046867052E-1));
#4743=CARTESIAN_POINT('',(-1.893375269816E0,1.060396546808E1,2.448248890017E0));
#4744=CARTESIAN_POINT('',(-6.843758146586E-1,1.065513285370E1,
2.878808590242E0));
#4745=CARTESIAN_POINT('',(-7.379511275410E-2,1.068071654651E1,
2.894375977510E0));
#4746=CARTESIAN_POINT('',(1.757772649397E0,9.308862039849E0,-1.978009229907E0));
#4747=CARTESIAN_POINT('',(1.340503340450E0,9.334445732661E0,-2.348818712295E0));
#4748=CARTESIAN_POINT('',(2.647118708581E-1,9.385613118284E0,
-2.816236655801E0));
#4749=CARTESIAN_POINT('',(-1.452520628550E0,9.462364196720E0,
-2.427468936970E0));
#4750=CARTESIAN_POINT('',(-2.606884105920E0,9.539115275156E0,
-1.098241148818E0));
#4751=CARTESIAN_POINT('',(-2.751610466291E0,9.615866353592E0,
6.562975142910E-1));
#4752=CARTESIAN_POINT('',(-1.830551162576E0,9.692617432027E0,2.156653445443E0));
#4753=CARTESIAN_POINT('',(-2.004798034194E-1,9.769368510463E0,
2.821680027766E0));
#4754=CARTESIAN_POINT('',(1.507243706138E0,9.846119588899E0,2.393802080620E0));
#4755=CARTESIAN_POINT('',(2.631174404376E0,9.922870667335E0,1.038745629270E0));
#4756=CARTESIAN_POINT('',(2.735987054775E0,9.999621745771E0,
-7.186423498358E-1));
#4757=CARTESIAN_POINT('',(1.781084385714E0,1.007637282421E1,-2.197682584370E0));
#4758=CARTESIAN_POINT('',(1.363259997661E-1,1.015312390264E1,
-2.825506479260E0));
#4759=CARTESIAN_POINT('',(-1.561241789873E0,1.022987498108E1,
-2.358942699393E0));
#4760=CARTESIAN_POINT('',(-2.654076262227E0,1.030662605951E1,
-9.787019755464E-1));
#4761=CARTESIAN_POINT('',(-2.719019546753E0,1.038337713795E1,
7.806115043299E-1));
#4762=CARTESIAN_POINT('',(-1.730455927287E0,1.046012821639E1,2.237584313444E0));
#4763=CARTESIAN_POINT('',(-6.254872997694E-1,1.051129560201E1,
2.631095624794E0));
#4764=CARTESIAN_POINT('',(-6.744526154212E-2,1.053687929482E1,
2.645323484427E0));
#4765=CARTESIAN_POINT('',(1.592281486149E0,9.165024788159E0,-1.791783184983E0));
#4766=CARTESIAN_POINT('',(1.214297339222E0,9.190608480970E0,-2.127681615248E0));
#4767=CARTESIAN_POINT('',(2.397897198342E-1,9.241775866594E0,
-2.551092992137E0));
#4768=CARTESIAN_POINT('',(-1.315768399220E0,9.318526945030E0,
-2.198927061395E0));
#4769=CARTESIAN_POINT('',(-2.361450611839E0,9.395278023466E0,
-9.948437013115E-1));
#4770=CARTESIAN_POINT('',(-2.492551243229E0,9.472029101902E0,
5.945082725969E-1));
#4771=CARTESIAN_POINT('',(-1.658208031976E0,9.548780180337E0,1.953608365904E0));
#4772=CARTESIAN_POINT('',(-1.816049871074E-1,9.625531258773E0,
2.556023880329E0));
#4773=CARTESIAN_POINT('',(1.365339396549E0,9.702282337209E0,2.168429879588E0));
#4774=CARTESIAN_POINT('',(2.383454021972E0,9.779033415645E0,9.409495789296E-1));
#4775=CARTESIAN_POINT('',(2.478398748072E0,9.855784494081E0,
-6.509834529503E-1));
#4776=CARTESIAN_POINT('',(1.613398464024E0,9.932535572516E0,-1.990774684499E0));
#4777=CARTESIAN_POINT('',(1.234911497700E-1,1.000928665095E1,
-2.559490078232E0));
#4778=CARTESIAN_POINT('',(-1.414253656904E0,1.008603772939E1,
-2.136852446998E0));
#4779=CARTESIAN_POINT('',(-2.404199710709E0,1.016278880782E1,
-8.865589282291E-1));
#4780=CARTESIAN_POINT('',(-2.463028700701E0,1.023953988626E1,
7.071183219546E-1));
#4781=CARTESIAN_POINT('',(-1.567536584757E0,1.031629096470E1,2.026919736870E0));
#4782=CARTESIAN_POINT('',(-5.665987848803E-1,1.036745835032E1,
2.383382659347E0));
#4783=CARTESIAN_POINT('',(-6.109541033013E-2,1.039304204313E1,
2.396270991344E0));
#4784=B_SPLINE_SURFACE_WITH_KNOTS('',3,3,((#4708,#4709,#4710,#4711,#4712,#4713,
#4714,#4715,#4716,#4717,#4718,#4719,#4720,#4721,#4722,#4723,#4724,#4725,#4726),(
#4727,#4728,#4729,#4730,#4731,#4732,#4733,#4734,#4735,#4736,#4737,#4738,#4739,
#4740,#4741,#4742,#4743,#4744,#4745),(#4746,#4747,#4748,#4749,#4750,#4751,#4752,
#4753,#4754,#4755,#4756,#4757,#4758,#4759,#4760,#4761,#4762,#4763,#4764),(#4765,
#4766,#4767,#4768,#4769,#4770,#4771,#4772,#4773,#4774,#4775,#4776,#4777,#4778,
#4779,#4780,#4781,#4782,#4783)),.UNSPECIFIED.,.F.,.F.,.F.,(4,4),(4,1,1,1,1,1,1,
1,1,1,1,1,1,1,1,1,4),(-1.901206759803E-1,1.190120675980E0),(-9.299343791260E-3,
2.092352353033E-2,5.114639085193E-2,8.136925817352E-2,1.115921254951E-1,
1.418149928167E-1,1.720378601383E-1,2.022607274599E-1,2.324835947815E-1,
2.627064621031E-1,2.929293294247E-1,3.231521967463E-1,3.533750640679E-1,
3.835979313895E-1,4.138207987111E-1,4.440436660326E-1,4.742665333542E-1),
.UNSPECIFIED.);
#4785=ORIENTED_EDGE('',*,*,#4696,.F.);
#4786=ORIENTED_EDGE('',*,*,#4684,.T.);
#4788=ORIENTED_EDGE('',*,*,#4787,.T.);
#4790=ORIENTED_EDGE('',*,*,#4789,.T.);
#4792=ORIENTED_EDGE('',*,*,#4791,.T.);
#4794=ORIENTED_EDGE('',*,*,#4793,.T.);
#4795=EDGE_LOOP('',(#4785,#4786,#4788,#4790,#4792,#4794));
#4796=FACE_OUTER_BOUND('',#4795,.F.);
#4798=CARTESIAN_POINT('',(3.161361349978E-1,7.029858652798E0,3.128517813459E0));
#4799=CARTESIAN_POINT('',(1.025835566478E0,7.057369941106E0,3.056802819761E0));
#4800=CARTESIAN_POINT('',(2.391422325727E0,7.112392517722E0,2.411789152630E0));
#4801=CARTESIAN_POINT('',(3.376630220476E0,7.194926382647E0,3.694858026419E-1));
#4802=CARTESIAN_POINT('',(2.856794896868E0,7.277460247572E0,-1.837376114627E0));
#4803=CARTESIAN_POINT('',(1.064306747555E0,7.359994112497E0,-3.225629021785E0));
#4804=CARTESIAN_POINT('',(-1.202417622980E0,7.442527977422E0,
-3.176728644923E0));
#4805=CARTESIAN_POINT('',(-2.933404206586E0,7.525061842347E0,
-1.712467767085E0));
#4806=CARTESIAN_POINT('',(-3.357443196065E0,7.607595707272E0,
5.147674103597E-1));
#4807=CARTESIAN_POINT('',(-2.285603956059E0,7.690129572197E0,2.512652702247E0));
#4808=CARTESIAN_POINT('',(-1.954355042448E-1,7.772663437121E0,
3.391049134189E0));
#4809=CARTESIAN_POINT('',(1.981807467639E0,7.855197302046E0,2.758595371962E0));
#4810=CARTESIAN_POINT('',(3.276074663543E0,7.937731166971E0,8.970752748776E-1));
#4811=CARTESIAN_POINT('',(3.110717474634E0,8.020265031896E0,-1.364128311168E0));
#4812=CARTESIAN_POINT('',(1.559409242455E0,8.102798896821E0,-3.017557301739E0));
#4813=CARTESIAN_POINT('',(-6.866791750897E-1,8.185332761746E0,
-3.326541892932E0));
#4814=CARTESIAN_POINT('',(-2.626824116316E0,8.267866626671E0,
-2.153416893429E0));
#4815=CARTESIAN_POINT('',(-3.396612170051E0,8.350400491596E0,
-2.085716163814E-2));
#4816=CARTESIAN_POINT('',(-2.653071477278E0,8.432934356520E0,2.120995283215E0));
#4817=CARTESIAN_POINT('',(-7.274796311176E-1,8.515468221445E0,
3.317858140614E0));
#4818=CARTESIAN_POINT('',(1.522233952490E0,8.598002086370E0,3.036480371848E0));
#4819=CARTESIAN_POINT('',(3.093730453065E0,8.680535951295E0,1.402227207016E0));
#4820=CARTESIAN_POINT('',(3.286844318767E0,8.763069816220E0,
-8.567751595924E-1));
#4821=CARTESIAN_POINT('',(2.015535480611E0,8.845603681145E0,-2.734049376181E0));
#4822=CARTESIAN_POINT('',(-1.537763338537E-1,8.928137546070E0,
-3.393193496686E0));
#4823=CARTESIAN_POINT('',(-2.254574481601E0,9.010671410995E0,
-2.540532021639E0));
#4824=CARTESIAN_POINT('',(-3.350868309025E0,9.093205275919E0,
-5.559603197576E-1));
#4825=CARTESIAN_POINT('',(-2.954213287439E0,9.175739140844E0,1.676314393197E0));
#4826=CARTESIAN_POINT('',(-1.241339376421E0,9.258273005769E0,3.161722564691E0));
#4827=CARTESIAN_POINT('',(1.024613528679E0,9.340806870694E0,3.238456199475E0));
#4828=CARTESIAN_POINT('',(2.834015212876E0,9.423340735619E0,1.872320977440E0));
#4829=CARTESIAN_POINT('',(3.380913128547E0,9.505874600544E0,
-3.279905812710E-1));
#4830=CARTESIAN_POINT('',(2.420860428796E0,9.588408465469E0,-2.382238955482E0));
#4831=CARTESIAN_POINT('',(1.063297863857E0,9.643431042085E0,-3.043974333181E0));
#4832=CARTESIAN_POINT('',(3.545326610047E-1,9.670942330393E0,
-3.124399519470E0));
#4833=CARTESIAN_POINT('',(2.910888042532E-1,6.886021401107E0,2.880646685363E0));
#4834=CARTESIAN_POINT('',(9.445590533600E-1,6.913532689416E0,2.814613639938E0));
#4835=CARTESIAN_POINT('',(2.201950957821E0,6.968555266032E0,2.220704129741E0));
#4836=CARTESIAN_POINT('',(3.109101252505E0,7.051089130957E0,3.402116005509E-1));
#4837=CARTESIAN_POINT('',(2.630452259220E0,7.133622995882E0,-1.691801591027E0));
#4838=CARTESIAN_POINT('',(9.799821792170E-1,7.216156860807E0,
-2.970063814193E0));
#4839=CARTESIAN_POINT('',(-1.107150589061E0,7.298690725732E0,
-2.925037793273E0));
#4840=CARTESIAN_POINT('',(-2.700991846100E0,7.381224590657E0,
-1.576789678429E0));
#4841=CARTESIAN_POINT('',(-3.091434407830E0,7.463758455582E0,
4.739826086353E-1));
#4842=CARTESIAN_POINT('',(-2.104516532317E0,7.546292320506E0,2.313576303467E0));
#4843=CARTESIAN_POINT('',(-1.799512328435E-1,7.628826185431E0,
3.122377761852E0));
#4844=CARTESIAN_POINT('',(1.824789709722E0,7.711360050356E0,2.540033040666E0));
#4845=CARTESIAN_POINT('',(3.016512669333E0,7.793893915281E0,8.260003845845E-1));
#4846=CARTESIAN_POINT('',(2.864256659768E0,7.876427780206E0,-1.256049008598E0));
#4847=CARTESIAN_POINT('',(1.435857915233E0,7.958961645131E0,-2.778477527521E0));
#4848=CARTESIAN_POINT('',(-6.322738777832E-1,8.041495510056E0,
-3.062981401726E0));
#4849=CARTESIAN_POINT('',(-2.418701965238E0,8.124029374981E0,
-1.982802594115E0));
#4850=CARTESIAN_POINT('',(-3.127500040762E0,8.206563239905E0,
-1.920465764347E-2));
#4851=CARTESIAN_POINT('',(-2.442869759019E0,8.289097104830E0,1.952949734209E0));
#4852=CARTESIAN_POINT('',(-6.698417311330E-1,8.371630969755E0,
3.054985659390E0));
#4853=CARTESIAN_POINT('',(1.401628007589E0,8.454164834680E0,2.795901330880E0));
#4854=CARTESIAN_POINT('',(2.848615512652E0,8.536698699605E0,1.291129345225E0));
#4855=CARTESIAN_POINT('',(3.026429049381E0,8.619232564530E0,
-7.888932301945E-1));
#4856=CARTESIAN_POINT('',(1.855845466654E0,8.701766429455E0,-2.517431813632E0));
#4857=CARTESIAN_POINT('',(-1.415927007023E-1,8.784300294380E0,
-3.124352227426E0));
#4858=CARTESIAN_POINT('',(-2.075945509847E0,8.866834159304E0,
-2.339246756310E0));
#4859=CARTESIAN_POINT('',(-3.085380446278E0,8.949368024229E0,
-5.119118214424E-1));
#4860=CARTESIAN_POINT('',(-2.720152232379E0,9.031901889154E0,1.543500720889E0));
#4861=CARTESIAN_POINT('',(-1.142988588626E0,9.114435754079E0,2.911220638359E0));
#4862=CARTESIAN_POINT('',(9.434338370933E-1,9.196969619004E0,2.981874700082E0));
#4863=CARTESIAN_POINT('',(2.609477399847E0,9.279503483929E0,1.723977787307E0));
#4864=CARTESIAN_POINT('',(3.113044827602E0,9.362037348854E0,
-3.020040278191E-1));
#4865=CARTESIAN_POINT('',(2.229056692577E0,9.444571213779E0,-2.193495182072E0));
#4866=CARTESIAN_POINT('',(9.790532289431E-1,9.499593790395E0,
-2.802801548862E0));
#4867=CARTESIAN_POINT('',(3.264431899292E-1,9.527105078703E0,
-2.876854682045E0));
#4868=CARTESIAN_POINT('',(2.660414735086E-1,6.742184149417E0,2.632775557266E0));
#4869=CARTESIAN_POINT('',(8.632825402424E-1,6.769695437726E0,2.572424460115E0));
#4870=CARTESIAN_POINT('',(2.012479589916E0,6.824718014342E0,2.029619106852E0));
#4871=CARTESIAN_POINT('',(2.841572284534E0,6.907251879267E0,3.109373984599E-1));
#4872=CARTESIAN_POINT('',(2.404109621572E0,6.989785744192E0,-1.546227067426E0));
#4873=CARTESIAN_POINT('',(8.956576108792E-1,7.072319609117E0,
-2.714498606602E0));
#4874=CARTESIAN_POINT('',(-1.011883555142E0,7.154853474042E0,
-2.673346941622E0));
#4875=CARTESIAN_POINT('',(-2.468579485614E0,7.237387338967E0,
-1.441111589773E0));
#4876=CARTESIAN_POINT('',(-2.825425619596E0,7.319921203892E0,
4.331978069109E-1));
#4877=CARTESIAN_POINT('',(-1.923429108575E0,7.402455068816E0,2.114499904688E0));
#4878=CARTESIAN_POINT('',(-1.644669614423E-1,7.484988933741E0,
2.853706389515E0));
#4879=CARTESIAN_POINT('',(1.667771951804E0,7.567522798666E0,2.321470709371E0));
#4880=CARTESIAN_POINT('',(2.756950675124E0,7.650056663591E0,7.549254942915E-1));
#4881=CARTESIAN_POINT('',(2.617795844902E0,7.732590528516E0,-1.147969706027E0));
#4882=CARTESIAN_POINT('',(1.312306588010E0,7.815124393441E0,-2.539397753304E0));
#4883=CARTESIAN_POINT('',(-5.778685804768E-1,7.897658258366E0,
-2.799420910520E0));
#4884=CARTESIAN_POINT('',(-2.210579814160E0,7.980192123291E0,
-1.812188294800E0));
#4885=CARTESIAN_POINT('',(-2.858387911474E0,8.062725988215E0,
-1.755215364880E-2));
#4886=CARTESIAN_POINT('',(-2.232668040760E0,8.145259853140E0,1.784904185203E0));
#4887=CARTESIAN_POINT('',(-6.122038311484E-1,8.227793718065E0,
2.792113178166E0));
#4888=CARTESIAN_POINT('',(1.281022062689E0,8.310327582990E0,2.555322289913E0));
#4889=CARTESIAN_POINT('',(2.603500572239E0,8.392861447915E0,1.180031483434E0));
#4890=CARTESIAN_POINT('',(2.766013779995E0,8.475395312840E0,
-7.210113007967E-1));
#4891=CARTESIAN_POINT('',(1.696155452696E0,8.557929177765E0,-2.300814251082E0));
#4892=CARTESIAN_POINT('',(-1.294090675509E-1,8.640463042690E0,
-2.855510958165E0));
#4893=CARTESIAN_POINT('',(-1.897316538093E0,8.722996907614E0,
-2.137961490981E0));
#4894=CARTESIAN_POINT('',(-2.819892583531E0,8.805530772539E0,
-4.678633231272E-1));
#4895=CARTESIAN_POINT('',(-2.486091177318E0,8.888064637464E0,1.410687048581E0));
#4896=CARTESIAN_POINT('',(-1.044637800831E0,8.970598502389E0,2.660718712026E0));
#4897=CARTESIAN_POINT('',(8.622541455077E-1,9.053132367314E0,2.725293200689E0));
#4898=CARTESIAN_POINT('',(2.384939586817E0,9.135666232239E0,1.575634597174E0));
#4899=CARTESIAN_POINT('',(2.845176526656E0,9.218200097164E0,
-2.760174743672E-1));
#4900=CARTESIAN_POINT('',(2.037252956358E0,9.300733962088E0,-2.004751408663E0));
#4901=CARTESIAN_POINT('',(8.948085940291E-1,9.355756538705E0,
-2.561628764544E0));
#4902=CARTESIAN_POINT('',(2.983537188537E-1,9.383267827013E0,
-2.629309844619E0));
#4903=CARTESIAN_POINT('',(2.409941427641E-1,6.598346897727E0,2.384904429170E0));
#4904=CARTESIAN_POINT('',(7.820060271248E-1,6.625858186036E0,2.330235280292E0));
#4905=CARTESIAN_POINT('',(1.823008222010E0,6.680880762652E0,1.838534083963E0));
#4906=CARTESIAN_POINT('',(2.574043316563E0,6.763414627577E0,2.816631963689E-1));
#4907=CARTESIAN_POINT('',(2.177766983924E0,6.845948492502E0,-1.400652543825E0));
#4908=CARTESIAN_POINT('',(8.113330425414E-1,6.928482357427E0,
-2.458933399010E0));
#4909=CARTESIAN_POINT('',(-9.166165212232E-1,7.011016222352E0,
-2.421656089972E0));
#4910=CARTESIAN_POINT('',(-2.236167125127E0,7.093550087277E0,
-1.305433501117E0));
#4911=CARTESIAN_POINT('',(-2.559416831361E0,7.176083952201E0,
3.924130051865E-1));
#4912=CARTESIAN_POINT('',(-1.742341684833E0,7.258617817126E0,1.915423505909E0));
#4913=CARTESIAN_POINT('',(-1.489826900410E-1,7.341151682051E0,
2.585035017179E0));
#4914=CARTESIAN_POINT('',(1.510754193887E0,7.423685546976E0,2.102908378075E0));
#4915=CARTESIAN_POINT('',(2.497388680915E0,7.506219411901E0,6.838506039985E-1));
#4916=CARTESIAN_POINT('',(2.371335030037E0,7.588753276826E0,-1.039890403457E0));
#4917=CARTESIAN_POINT('',(1.188755260788E0,7.671287141751E0,-2.300317979086E0));
#4918=CARTESIAN_POINT('',(-5.234632831703E-1,7.753821006676E0,
-2.535860419315E0));
#4919=CARTESIAN_POINT('',(-2.002457663082E0,7.836354871600E0,
-1.641573995486E0));
#4920=CARTESIAN_POINT('',(-2.589275782186E0,7.918888736525E0,
-1.589964965413E-2));
#4921=CARTESIAN_POINT('',(-2.022466322501E0,8.001422601450E0,1.616858636197E0));
#4922=CARTESIAN_POINT('',(-5.545659311637E-1,8.083956466375E0,
2.529240696942E0));
#4923=CARTESIAN_POINT('',(1.160416117788E0,8.166490331300E0,2.314743248945E0));
#4924=CARTESIAN_POINT('',(2.358385631826E0,8.249024196225E0,1.068933621643E0));
#4925=CARTESIAN_POINT('',(2.505598510609E0,8.331558061150E0,
-6.531293713988E-1));
#4926=CARTESIAN_POINT('',(1.536465438739E0,8.414091926075E0,-2.084196688532E0));
#4927=CARTESIAN_POINT('',(-1.172254343995E-1,8.496625790999E0,
-2.586669688905E0));
#4928=CARTESIAN_POINT('',(-1.718687566339E0,8.579159655924E0,
-1.936676225652E0));
#4929=CARTESIAN_POINT('',(-2.554404720784E0,8.661693520849E0,
-4.238148248120E-1));
#4930=CARTESIAN_POINT('',(-2.252030122257E0,8.744227385774E0,1.277873376274E0));
#4931=CARTESIAN_POINT('',(-9.462870130360E-1,8.826761250699E0,
2.410216785693E0));
#4932=CARTESIAN_POINT('',(7.810744539222E-1,8.909295115624E0,2.468711701296E0));
#4933=CARTESIAN_POINT('',(2.160401773787E0,8.991828980549E0,1.427291407041E0));
#4934=CARTESIAN_POINT('',(2.577308225711E0,9.074362845474E0,
-2.500309209153E-1));
#4935=CARTESIAN_POINT('',(1.845449220139E0,9.156896710398E0,-1.816007635254E0));
#4936=CARTESIAN_POINT('',(8.105639591151E-1,9.211919287015E0,
-2.320455980225E0));
#4937=CARTESIAN_POINT('',(2.702642477783E-1,9.239430575323E0,
-2.381765007194E0));
#4938=B_SPLINE_SURFACE_WITH_KNOTS('',3,3,((#4798,#4799,#4800,#4801,#4802,#4803,
#4804,#4805,#4806,#4807,#4808,#4809,#4810,#4811,#4812,#4813,#4814,#4815,#4816,
#4817,#4818,#4819,#4820,#4821,#4822,#4823,#4824,#4825,#4826,#4827,#4828,#4829,
#4830,#4831,#4832),(#4833,#4834,#4835,#4836,#4837,#4838,#4839,#4840,#4841,#4842,
#4843,#4844,#4845,#4846,#4847,#4848,#4849,#4850,#4851,#4852,#4853,#4854,#4855,
#4856,#4857,#4858,#4859,#4860,#4861,#4862,#4863,#4864,#4865,#4866,#4867),(#4868,
#4869,#4870,#4871,#4872,#4873,#4874,#4875,#4876,#4877,#4878,#4879,#4880,#4881,
#4882,#4883,#4884,#4885,#4886,#4887,#4888,#4889,#4890,#4891,#4892,#4893,#4894,
#4895,#4896,#4897,#4898,#4899,#4900,#4901,#4902),(#4903,#4904,#4905,#4906,#4907,
#4908,#4909,#4910,#4911,#4912,#4913,#4914,#4915,#4916,#4917,#4918,#4919,#4920,
#4921,#4922,#4923,#4924,#4925,#4926,#4927,#4928,#4929,#4930,#4931,#4932,#4933,
#4934,#4935,#4936,#4937)),.UNSPECIFIED.,.F.,.F.,.F.,(4,4),(4,1,1,1,1,1,1,1,1,1,
1,1,1,1,1,1,1,1,1,1,1,1,1,1,1,1,1,1,1,1,1,1,4),(-1.901206759803E-1,
1.190120675980E0),(-2.E-2,1.25E-2,4.5E-2,7.75E-2,1.1E-1,1.425E-1,1.75E-1,
2.075E-1,2.4E-1,2.725E-1,3.05E-1,3.375E-1,3.7E-1,4.025E-1,4.35E-1,4.675E-1,
5.E-1,5.325E-1,5.65E-1,5.975E-1,6.3E-1,6.625E-1,6.95E-1,7.275E-1,7.6E-1,
7.925E-1,8.25E-1,8.575E-1,8.9E-1,9.225E-1,9.55E-1,9.875E-1,1.02E0),
.UNSPECIFIED.);
#4940=ORIENTED_EDGE('',*,*,#4939,.T.);
#4942=ORIENTED_EDGE('',*,*,#4941,.T.);
#4944=ORIENTED_EDGE('',*,*,#4943,.T.);
#4945=ORIENTED_EDGE('',*,*,#4787,.F.);
#4947=ORIENTED_EDGE('',*,*,#4946,.T.);
#4949=ORIENTED_EDGE('',*,*,#4948,.T.);
#4951=ORIENTED_EDGE('',*,*,#4950,.T.);
#4953=ORIENTED_EDGE('',*,*,#4952,.T.);
#4955=ORIENTED_EDGE('',*,*,#4954,.T.);
#4957=ORIENTED_EDGE('',*,*,#4956,.T.);
#4959=ORIENTED_EDGE('',*,*,#4958,.T.);
#4960=EDGE_LOOP('',(#4940,#4942,#4944,#4945,#4947,#4949,#4951,#4953,#4955,#4957,
#4959));
#4961=FACE_OUTER_BOUND('',#4960,.F.);
#4963=CARTESIAN_POINT('',(1.132583976021E-14,1.1655E1,0.E0));
#4964=DIRECTION('',(0.E0,-1.E0,0.E0));
#4965=DIRECTION('',(-1.E0,0.E0,0.E0));
#4966=AXIS2_PLACEMENT_3D('',#4963,#4964,#4965);
#4967=CYLINDRICAL_SURFACE('',#4966,2.5E0);
#4969=ORIENTED_EDGE('',*,*,#4968,.F.);
#4971=ORIENTED_EDGE('',*,*,#4970,.F.);
#4973=ORIENTED_EDGE('',*,*,#4972,.T.);
#4974=ORIENTED_EDGE('',*,*,#4952,.F.);
#4975=EDGE_LOOP('',(#4969,#4971,#4973,#4974));
#4976=FACE_OUTER_BOUND('',#4975,.F.);
#4978=CARTESIAN_POINT('',(1.132583976021E-14,1.1655E1,0.E0));
#4979=DIRECTION('',(0.E0,-1.E0,0.E0));
#4980=DIRECTION('',(-1.E0,0.E0,0.E0));
#4981=AXIS2_PLACEMENT_3D('',#4978,#4979,#4980);
#4982=CYLINDRICAL_SURFACE('',#4981,2.5E0);
#4983=ORIENTED_EDGE('',*,*,#4680,.T.);
#4984=ORIENTED_EDGE('',*,*,#4698,.F.);
#4985=ORIENTED_EDGE('',*,*,#4793,.F.);
#4987=ORIENTED_EDGE('',*,*,#4986,.F.);
#4989=ORIENTED_EDGE('',*,*,#4988,.F.);
#4990=EDGE_LOOP('',(#4983,#4984,#4985,#4987,#4989));
#4991=FACE_OUTER_BOUND('',#4990,.F.);
#4993=CARTESIAN_POINT('',(1.132583976021E-14,1.1655E1,0.E0));
#4994=DIRECTION('',(0.E0,-1.E0,0.E0));
#4995=DIRECTION('',(-1.E0,0.E0,0.E0));
#4996=AXIS2_PLACEMENT_3D('',#4993,#4994,#4995);
#4997=CYLINDRICAL_SURFACE('',#4996,2.5E0);
#4999=ORIENTED_EDGE('',*,*,#4998,.F.);
#5001=ORIENTED_EDGE('',*,*,#5000,.T.);
#5002=ORIENTED_EDGE('',*,*,#4939,.F.);
#5004=ORIENTED_EDGE('',*,*,#5003,.F.);
#5005=EDGE_LOOP('',(#4999,#5001,#5002,#5004));
#5006=FACE_OUTER_BOUND('',#5005,.F.);
#5008=CARTESIAN_POINT('',(1.132583976021E-14,1.1655E1,0.E0));
#5009=DIRECTION('',(0.E0,-1.E0,0.E0));
#5010=DIRECTION('',(-1.E0,0.E0,0.E0));
#5011=AXIS2_PLACEMENT_3D('',#5008,#5009,#5010);
#5012=CYLINDRICAL_SURFACE('',#5011,2.5E0);
#5014=ORIENTED_EDGE('',*,*,#5013,.F.);
#5016=ORIENTED_EDGE('',*,*,#5015,.T.);
#5017=ORIENTED_EDGE('',*,*,#4789,.F.);
#5018=ORIENTED_EDGE('',*,*,#4943,.F.);
#5020=ORIENTED_EDGE('',*,*,#5019,.F.);
#5021=EDGE_LOOP('',(#5014,#5016,#5017,#5018,#5020));
#5022=FACE_OUTER_BOUND('',#5021,.F.);
#5024=CARTESIAN_POINT('',(1.132583976021E-14,1.1655E1,0.E0));
#5025=DIRECTION('',(0.E0,-1.E0,0.E0));
#5026=DIRECTION('',(-1.E0,0.E0,0.E0));
#5027=AXIS2_PLACEMENT_3D('',#5024,#5025,#5026);
#5028=CYLINDRICAL_SURFACE('',#5027,2.5E0);
#5030=ORIENTED_EDGE('',*,*,#5029,.F.);
#5032=ORIENTED_EDGE('',*,*,#5031,.T.);
#5033=ORIENTED_EDGE('',*,*,#4956,.F.);
#5035=ORIENTED_EDGE('',*,*,#5034,.F.);
#5036=EDGE_LOOP('',(#5030,#5032,#5033,#5035));
#5037=FACE_OUTER_BOUND('',#5036,.F.);
#5039=CARTESIAN_POINT('',(1.132583976021E-14,1.1655E1,0.E0));
#5040=DIRECTION('',(0.E0,-1.E0,0.E0));
#5041=DIRECTION('',(-1.E0,0.E0,0.E0));
#5042=AXIS2_PLACEMENT_3D('',#5039,#5040,#5041);
#5043=CYLINDRICAL_SURFACE('',#5042,2.5E0);
#5045=ORIENTED_EDGE('',*,*,#5044,.T.);
#5047=ORIENTED_EDGE('',*,*,#5046,.F.);
#5049=ORIENTED_EDGE('',*,*,#5048,.T.);
#5050=ORIENTED_EDGE('',*,*,#4968,.T.);
#5051=ORIENTED_EDGE('',*,*,#4950,.F.);
#5052=EDGE_LOOP('',(#5045,#5047,#5049,#5050,#5051));
#5053=FACE_OUTER_BOUND('',#5052,.F.);
#5055=CARTESIAN_POINT('',(1.132583976021E-14,1.1655E1,0.E0));
#5056=DIRECTION('',(0.E0,-1.E0,0.E0));
#5057=DIRECTION('',(-1.E0,0.E0,0.E0));
#5058=AXIS2_PLACEMENT_3D('',#5055,#5056,#5057);
#5059=CYLINDRICAL_SURFACE('',#5058,2.5E0);
#5061=ORIENTED_EDGE('',*,*,#5060,.F.);
#5063=ORIENTED_EDGE('',*,*,#5062,.F.);
#5064=ORIENTED_EDGE('',*,*,#5034,.T.);
#5065=ORIENTED_EDGE('',*,*,#4954,.F.);
#5066=ORIENTED_EDGE('',*,*,#4972,.F.);
#5067=EDGE_LOOP('',(#5061,#5063,#5064,#5065,#5066));
#5068=FACE_OUTER_BOUND('',#5067,.F.);
#5070=CARTESIAN_POINT('',(1.132583976021E-14,1.1655E1,0.E0));
#5071=DIRECTION('',(0.E0,-1.E0,0.E0));
#5072=DIRECTION('',(-1.E0,0.E0,0.E0));
#5073=AXIS2_PLACEMENT_3D('',#5070,#5071,#5072);
#5074=CYLINDRICAL_SURFACE('',#5073,2.5E0);
#5076=ORIENTED_EDGE('',*,*,#5075,.F.);
#5077=ORIENTED_EDGE('',*,*,#5003,.T.);
#5078=ORIENTED_EDGE('',*,*,#4958,.F.);
#5079=ORIENTED_EDGE('',*,*,#5031,.F.);
#5080=EDGE_LOOP('',(#5076,#5077,#5078,#5079));
#5081=FACE_OUTER_BOUND('',#5080,.F.);
#5083=CARTESIAN_POINT('',(1.132583976021E-14,1.1655E1,0.E0));
#5084=DIRECTION('',(0.E0,-1.E0,0.E0));
#5085=DIRECTION('',(-1.E0,0.E0,0.E0));
#5086=AXIS2_PLACEMENT_3D('',#5083,#5084,#5085);
#5087=CYLINDRICAL_SURFACE('',#5086,2.5E0);
#5089=ORIENTED_EDGE('',*,*,#5088,.F.);
#5090=ORIENTED_EDGE('',*,*,#4986,.T.);
#5091=ORIENTED_EDGE('',*,*,#4791,.F.);
#5092=ORIENTED_EDGE('',*,*,#5015,.F.);
#5093=EDGE_LOOP('',(#5089,#5090,#5091,#5092));
#5094=FACE_OUTER_BOUND('',#5093,.F.);
#5096=CARTESIAN_POINT('',(1.132583976021E-14,1.1655E1,0.E0));
#5097=DIRECTION('',(0.E0,-1.E0,0.E0));
#5098=DIRECTION('',(-1.E0,0.E0,0.E0));
#5099=AXIS2_PLACEMENT_3D('',#5096,#5097,#5098);
#5100=CYLINDRICAL_SURFACE('',#5099,2.5E0);
#5102=ORIENTED_EDGE('',*,*,#5101,.F.);
#5103=ORIENTED_EDGE('',*,*,#5019,.T.);
#5104=ORIENTED_EDGE('',*,*,#4941,.F.);
#5105=ORIENTED_EDGE('',*,*,#5000,.F.);
#5106=EDGE_LOOP('',(#5102,#5103,#5104,#5105));
#5107=FACE_OUTER_BOUND('',#5106,.F.);
#5109=CARTESIAN_POINT('',(-8.458800452979E-1,6.222614170615E0,
3.028539699913E0));
#5110=CARTESIAN_POINT('',(6.442064284833E-2,6.259066618941E0,3.282789359360E0));
#5111=CARTESIAN_POINT('',(2.117444244350E0,6.331971515594E0,2.909905557151E0));
#5112=CARTESIAN_POINT('',(3.597775491389E0,6.441328860572E0,1.430675903198E-1));
#5113=CARTESIAN_POINT('',(2.343277604097E0,6.550686205550E0,-2.733105544444E0));
#5114=CARTESIAN_POINT('',(-6.902883820740E-1,6.660043550528E0,
-3.533329935743E0));
#5115=CARTESIAN_POINT('',(-3.199624722026E0,6.769400895506E0,
-1.650217405415E0));
#5116=CARTESIAN_POINT('',(-3.279391074691E0,6.878758240484E0,1.486624028152E0));
#5117=CARTESIAN_POINT('',(-8.665659157061E-1,6.988115585462E0,
3.492876177766E0));
#5118=CARTESIAN_POINT('',(1.175842395147E0,7.061020482114E0,3.065656644004E0));
#5119=CARTESIAN_POINT('',(1.923519478257E0,7.097472930440E0,2.487496448590E0));
#5120=CARTESIAN_POINT('',(-7.788613311450E-1,6.078776918925E0,
2.788589794986E0));
#5121=CARTESIAN_POINT('',(5.931662287222E-2,6.115229367251E0,3.022695362673E0));
#5122=CARTESIAN_POINT('',(1.949680042634E0,6.188134263903E0,2.679354984607E0));
#5123=CARTESIAN_POINT('',(3.312725278201E0,6.297491608882E0,1.317324063377E-1));
#5124=CARTESIAN_POINT('',(2.157620721892E0,6.406848953860E0,-2.516562761279E0));
#5125=CARTESIAN_POINT('',(-6.355971288420E-1,6.516206298838E0,
-3.253385716362E0));
#5126=CARTESIAN_POINT('',(-2.946119823981E0,6.625563643816E0,
-1.519471386286E0));
#5127=CARTESIAN_POINT('',(-3.019566322645E0,6.734920988794E0,1.368839442324E0));
#5128=CARTESIAN_POINT('',(-7.979082688895E-1,6.844278333772E0,
3.216137092324E0));
#5129=CARTESIAN_POINT('',(1.082680905162E0,6.917183230424E0,2.822765979474E0));
#5130=CARTESIAN_POINT('',(1.771119852805E0,6.953635678750E0,2.290413169027E0));
#5131=CARTESIAN_POINT('',(-7.118426169922E-1,5.934939667235E0,
2.548639890059E0));
#5132=CARTESIAN_POINT('',(5.421260289611E-2,5.971392115561E0,2.762601365987E0));
#5133=CARTESIAN_POINT('',(1.781915840918E0,6.044297012213E0,2.448804412064E0));
#5134=CARTESIAN_POINT('',(3.027675065014E0,6.153654357191E0,1.203972223558E-1));
#5135=CARTESIAN_POINT('',(1.971963839686E0,6.263011702170E0,-2.300019978114E0));
#5136=CARTESIAN_POINT('',(-5.809058756101E-1,6.372369047148E0,
-2.973441496980E0));
#5137=CARTESIAN_POINT('',(-2.692614925935E0,6.481726392126E0,
-1.388725367156E0));
#5138=CARTESIAN_POINT('',(-2.759741570599E0,6.591083737104E0,1.251054856496E0));
#5139=CARTESIAN_POINT('',(-7.292506220728E-1,6.700441082082E0,
2.939398006883E0));
#5140=CARTESIAN_POINT('',(9.895194151759E-1,6.773345978734E0,2.579875314944E0));
#5141=CARTESIAN_POINT('',(1.618720227353E0,6.809798427060E0,2.093329889464E0));
#5142=CARTESIAN_POINT('',(-6.448239028394E-1,5.791102415545E0,
2.308689985132E0));
#5143=CARTESIAN_POINT('',(4.910858292E-2,5.827554863871E0,2.502507369300E0));
#5144=CARTESIAN_POINT('',(1.614151639202E0,5.900459760523E0,2.218253839521E0));
#5145=CARTESIAN_POINT('',(2.742624851826E0,6.009817105501E0,1.090620383737E-1));
#5146=CARTESIAN_POINT('',(1.786306957481E0,6.119174450480E0,-2.083477194949E0));
#5147=CARTESIAN_POINT('',(-5.262146223781E-1,6.228531795458E0,
-2.693497277599E0));
#5148=CARTESIAN_POINT('',(-2.439110027890E0,6.337889140436E0,
-1.257979348027E0));
#5149=CARTESIAN_POINT('',(-2.499916818553E0,6.447246485414E0,1.133270270668E0));
#5150=CARTESIAN_POINT('',(-6.605929752562E-1,6.556603830392E0,
2.662658921441E0));
#5151=CARTESIAN_POINT('',(8.963579251901E-1,6.629508727044E0,2.336984650413E0));
#5152=CARTESIAN_POINT('',(1.466320601901E0,6.665961175370E0,1.896246609901E0));
#5153=B_SPLINE_SURFACE_WITH_KNOTS('',3,3,((#5109,#5110,#5111,#5112,#5113,#5114,
#5115,#5116,#5117,#5118,#5119),(#5120,#5121,#5122,#5123,#5124,#5125,#5126,#5127,
#5128,#5129,#5130),(#5131,#5132,#5133,#5134,#5135,#5136,#5137,#5138,#5139,#5140,
#5141),(#5142,#5143,#5144,#5145,#5146,#5147,#5148,#5149,#5150,#5151,#5152)),
.UNSPECIFIED.,.F.,.F.,.F.,(4,4),(4,1,1,1,1,1,1,1,4),(-1.901206759803E-1,
1.190120675980E0),(6.621250804769E-1,7.051875702201E-1,7.482500599632E-1,
7.913125497064E-1,8.343750394495E-1,8.774375291926E-1,9.205000189358E-1,
9.635625086789E-1,1.006624998422E0),.UNSPECIFIED.);
#5155=ORIENTED_EDGE('',*,*,#5154,.F.);
#5156=ORIENTED_EDGE('',*,*,#5044,.F.);
#5157=ORIENTED_EDGE('',*,*,#4948,.F.);
#5159=ORIENTED_EDGE('',*,*,#5158,.T.);
#5160=EDGE_LOOP('',(#5155,#5156,#5157,#5159));
#5161=FACE_OUTER_BOUND('',#5160,.F.);
#5163=CARTESIAN_POINT('',(1.032009857641E-14,6.18E0,0.E0));
#5164=DIRECTION('',(0.E0,-1.E0,0.E0));
#5165=DIRECTION('',(-1.E0,0.E0,0.E0));
#5166=AXIS2_PLACEMENT_3D('',#5163,#5164,#5165);
#5167=PLANE('',#5166);
#5168=ORIENTED_EDGE('',*,*,#4362,.F.);
#5169=ORIENTED_EDGE('',*,*,#4380,.T.);
#5170=EDGE_LOOP('',(#5168,#5169));
#5171=FACE_OUTER_BOUND('',#5170,.F.);
#5173=ORIENTED_EDGE('',*,*,#5172,.T.);
#5174=ORIENTED_EDGE('',*,*,#5046,.T.);
#5175=ORIENTED_EDGE('',*,*,#5154,.T.);
#5176=EDGE_LOOP('',(#5173,#5174,#5175));
#5177=FACE_BOUND('',#5176,.F.);
#5179=CARTESIAN_POINT('',(-5.693055548839E-1,6.216361470615E0,
-2.328462689909E0));
#5180=CARTESIAN_POINT('',(-1.049297428844E0,6.241361453112E0,
-2.211105413227E0));
#5181=CARTESIAN_POINT('',(-1.932949376561E0,6.291361418104E0,
-1.670322421245E0));
#5182=CARTESIAN_POINT('',(-2.543504399089E0,6.366361365594E0,
-2.401782180453E-1));
#5183=CARTESIAN_POINT('',(-2.211626832474E0,6.441361313083E0,1.278861226009E0));
#5184=CARTESIAN_POINT('',(-1.060610737802E0,6.516361260572E0,2.324212702264E0));
#5185=CARTESIAN_POINT('',(4.832897678782E-1,6.591361208061E0,2.508640806220E0));
#5186=CARTESIAN_POINT('',(1.848168012487E0,6.666361155550E0,1.763837352129E0));
#5187=CARTESIAN_POINT('',(2.528462472123E0,6.741361103039E0,3.656854328907E-1));
#5188=CARTESIAN_POINT('',(2.272181410753E0,6.816361050528E0,-1.167920970686E0));
#5189=CARTESIAN_POINT('',(1.174255243419E0,6.891360998017E0,-2.268914483198E0));
#5190=CARTESIAN_POINT('',(-3.586305446254E-1,6.966360945506E0,
-2.529472541778E0));
#5191=CARTESIAN_POINT('',(-1.758673796602E0,7.041360892995E0,
-1.853082343425E0));
#5192=CARTESIAN_POINT('',(-2.507285890898E0,7.116360840484E0,
-4.902828610204E-1));
#5193=CARTESIAN_POINT('',(-2.327150938910E0,7.191360787973E0,1.054109951115E0));
#5194=CARTESIAN_POINT('',(-1.285069059340E0,7.266360735462E0,2.208098212792E0));
#5195=CARTESIAN_POINT('',(2.332421050402E-1,7.341360682951E0,2.543986714529E0));
#5196=CARTESIAN_POINT('',(1.187297126841E0,7.391360647944E0,2.140172370435E0));
#5197=CARTESIAN_POINT('',(1.562094729695E0,7.416360630440E0,1.818160435325E0));
#5198=CARTESIAN_POINT('',(-6.284753934715E-1,6.072524218925E0,
-2.570467638459E0));
#5199=CARTESIAN_POINT('',(-1.158354435161E0,6.097524201422E0,
-2.440913025814E0));
#5200=CARTESIAN_POINT('',(-2.133847297946E0,6.147524166414E0,
-1.843924641014E0));
#5201=CARTESIAN_POINT('',(-2.807859354788E0,6.222524113903E0,
-2.651407469932E-1));
#5202=CARTESIAN_POINT('',(-2.441488637915E0,6.297524061392E0,1.411777568858E0));
#5203=CARTESIAN_POINT('',(-1.170843574319E0,6.372524008882E0,2.565775935323E0));
#5204=CARTESIAN_POINT('',(5.335196967995E-1,6.447523956371E0,2.769372271607E0));
#5205=CARTESIAN_POINT('',(2.040254321928E0,6.522523903860E0,1.947158892775E0));
#5206=CARTESIAN_POINT('',(2.791254069828E0,6.597523851349E0,4.036923482498E-1));
#5207=CARTESIAN_POINT('',(2.508336856915E0,6.672523798838E0,-1.289306920157E0));
#5208=CARTESIAN_POINT('',(1.296299535131E0,6.747523746327E0,-2.504730386605E0));
#5209=CARTESIAN_POINT('',(-3.959042217501E-1,6.822523693816E0,
-2.792369119414E0));
#5210=CARTESIAN_POINT('',(-1.941458671579E0,6.897523641305E0,
-2.045679415786E0));
#5211=CARTESIAN_POINT('',(-2.767876535385E0,6.972523588794E0,
-5.412396056015E-1));
#5212=CARTESIAN_POINT('',(-2.569019552772E0,7.047523536283E0,1.163667139036E0));
#5213=CARTESIAN_POINT('',(-1.418630603159E0,7.122523483772E0,2.437593276937E0));
#5214=CARTESIAN_POINT('',(2.574837404655E-1,7.197523431261E0,2.808391798892E0));
#5215=CARTESIAN_POINT('',(1.310696905305E0,7.247523396254E0,2.362607673625E0));
#5216=CARTESIAN_POINT('',(1.724448481949E0,7.272523378750E0,2.007127956477E0));
#5217=CARTESIAN_POINT('',(-6.876452320590E-1,5.928686967235E0,
-2.812472587010E0));
#5218=CARTESIAN_POINT('',(-1.267411441477E0,5.953686949732E0,
-2.670720638402E0));
#5219=CARTESIAN_POINT('',(-2.334745219330E0,6.003686914724E0,
-2.017526860782E0));
#5220=CARTESIAN_POINT('',(-3.072214310488E0,6.078686862213E0,
-2.901032759411E-1));
#5221=CARTESIAN_POINT('',(-2.671350443356E0,6.153686809702E0,1.544693911707E0));
#5222=CARTESIAN_POINT('',(-1.281076410836E0,6.228686757191E0,2.807339168382E0));
#5223=CARTESIAN_POINT('',(5.837496257209E-1,6.303686704681E0,3.030103736995E0));
#5224=CARTESIAN_POINT('',(2.232340631368E0,6.378686652170E0,2.130480433422E0));
#5225=CARTESIAN_POINT('',(3.054045667532E0,6.453686599659E0,4.416992636090E-1));
#5226=CARTESIAN_POINT('',(2.744492303076E0,6.528686547148E0,-1.410692869628E0));
#5227=CARTESIAN_POINT('',(1.418343826843E0,6.603686494637E0,-2.740546290012E0));
#5228=CARTESIAN_POINT('',(-4.331778988749E-1,6.678686442126E0,
-3.055265697051E0));
#5229=CARTESIAN_POINT('',(-2.124243546556E0,6.753686389615E0,
-2.238276488148E0));
#5230=CARTESIAN_POINT('',(-3.028467179872E0,6.828686337104E0,
-5.921963501826E-1));
#5231=CARTESIAN_POINT('',(-2.810888166635E0,6.903686284593E0,1.273224326958E0));
#5232=CARTESIAN_POINT('',(-1.552192146978E0,6.978686232082E0,2.667088341082E0));
#5233=CARTESIAN_POINT('',(2.817253758907E-1,7.053686179571E0,3.072796883255E0));
#5234=CARTESIAN_POINT('',(1.434096683768E0,7.103686144564E0,2.585042976814E0));
#5235=CARTESIAN_POINT('',(1.886802234203E0,7.128686127060E0,2.196095477629E0));
#5236=CARTESIAN_POINT('',(-7.468150706466E-1,5.784849715545E0,
-3.054477535560E0));
#5237=CARTESIAN_POINT('',(-1.376468447794E0,5.809849698042E0,
-2.900528250989E0));
#5238=CARTESIAN_POINT('',(-2.535643140715E0,5.859849663034E0,
-2.191129080550E0));
#5239=CARTESIAN_POINT('',(-3.336569266187E0,5.934849610523E0,
-3.150658048890E-1));
#5240=CARTESIAN_POINT('',(-2.901212248798E0,6.009849558012E0,1.677610254556E0));
#5241=CARTESIAN_POINT('',(-1.391309247354E0,6.084849505501E0,3.048902401440E0));
#5242=CARTESIAN_POINT('',(6.339795546423E-1,6.159849452990E0,3.290835202382E0));
#5243=CARTESIAN_POINT('',(2.424426940808E0,6.234849400480E0,2.313801974069E0));
#5244=CARTESIAN_POINT('',(3.316837265237E0,6.309849347969E0,4.797061789681E-1));
#5245=CARTESIAN_POINT('',(2.980647749238E0,6.384849295458E0,-1.532078819099E0));
#5246=CARTESIAN_POINT('',(1.540388118556E0,6.459849242947E0,-2.976362193420E0));
#5247=CARTESIAN_POINT('',(-4.704515759996E-1,6.534849190436E0,
-3.318162274688E0));
#5248=CARTESIAN_POINT('',(-2.307028421533E0,6.609849137925E0,
-2.430873560509E0));
#5249=CARTESIAN_POINT('',(-3.289057824359E0,6.684849085414E0,
-6.431530947636E-1));
#5250=CARTESIAN_POINT('',(-3.052756780498E0,6.759849032903E0,1.382781514879E0));
#5251=CARTESIAN_POINT('',(-1.685753690797E0,6.834848980392E0,2.896583405227E0));
#5252=CARTESIAN_POINT('',(3.059670113159E-1,6.909848927881E0,3.337201967618E0));
#5253=CARTESIAN_POINT('',(1.557496462232E0,6.959848892874E0,2.807478280004E0));
#5254=CARTESIAN_POINT('',(2.049155986457E0,6.984848875370E0,2.385062998780E0));
#5255=B_SPLINE_SURFACE_WITH_KNOTS('',3,3,((#5179,#5180,#5181,#5182,#5183,#5184,
#5185,#5186,#5187,#5188,#5189,#5190,#5191,#5192,#5193,#5194,#5195,#5196,#5197),(
#5198,#5199,#5200,#5201,#5202,#5203,#5204,#5205,#5206,#5207,#5208,#5209,#5210,
#5211,#5212,#5213,#5214,#5215,#5216),(#5217,#5218,#5219,#5220,#5221,#5222,#5223,
#5224,#5225,#5226,#5227,#5228,#5229,#5230,#5231,#5232,#5233,#5234,#5235),(#5236,
#5237,#5238,#5239,#5240,#5241,#5242,#5243,#5244,#5245,#5246,#5247,#5248,#5249,
#5250,#5251,#5252,#5253,#5254)),.UNSPECIFIED.,.F.,.F.,.F.,(4,4),(4,1,1,1,1,1,1,
1,1,1,1,1,1,1,1,1,4),(-1.901206759803E-1,1.190120675980E0),(5.365541980345E-1,
5.660875089441E-1,5.956208198537E-1,6.251541307632E-1,6.546874416728E-1,
6.842207525823E-1,7.137540634919E-1,7.432873744015E-1,7.728206853110E-1,
8.023539962206E-1,8.318873071302E-1,8.614206180397E-1,8.909539289493E-1,
9.204872398589E-1,9.500205507684E-1,9.795538616780E-1,1.009087172588E0),
.UNSPECIFIED.);
#5256=ORIENTED_EDGE('',*,*,#5172,.F.);
#5257=ORIENTED_EDGE('',*,*,#5158,.F.);
#5259=ORIENTED_EDGE('',*,*,#5258,.F.);
#5260=ORIENTED_EDGE('',*,*,#5060,.T.);
#5261=ORIENTED_EDGE('',*,*,#4970,.T.);
#5262=ORIENTED_EDGE('',*,*,#5048,.F.);
#5263=EDGE_LOOP('',(#5256,#5257,#5259,#5260,#5261,#5262));
#5264=FACE_OUTER_BOUND('',#5263,.F.);
#5266=CARTESIAN_POINT('',(2.409941427641E-1,7.342493652798E0,2.384904429170E0));
#5267=CARTESIAN_POINT('',(7.820060271248E-1,7.370004941106E0,2.330235280292E0));
#5268=CARTESIAN_POINT('',(1.823008222010E0,7.425027517722E0,1.838534083963E0));
#5269=CARTESIAN_POINT('',(2.574043316563E0,7.507561382647E0,2.816631963689E-1));
#5270=CARTESIAN_POINT('',(2.177766983924E0,7.590095247572E0,-1.400652543825E0));
#5271=CARTESIAN_POINT('',(8.113330425414E-1,7.672629112497E0,
-2.458933399010E0));
#5272=CARTESIAN_POINT('',(-9.166165212232E-1,7.755162977422E0,
-2.421656089972E0));
#5273=CARTESIAN_POINT('',(-2.236167125127E0,7.837696842347E0,
-1.305433501117E0));
#5274=CARTESIAN_POINT('',(-2.559416831361E0,7.920230707272E0,
3.924130051865E-1));
#5275=CARTESIAN_POINT('',(-1.742341684833E0,8.002764572197E0,1.915423505909E0));
#5276=CARTESIAN_POINT('',(-1.489826900410E-1,8.085298437121E0,
2.585035017179E0));
#5277=CARTESIAN_POINT('',(1.510754193887E0,8.167832302046E0,2.102908378075E0));
#5278=CARTESIAN_POINT('',(2.497388680915E0,8.250366166971E0,6.838506039985E-1));
#5279=CARTESIAN_POINT('',(2.371335030037E0,8.332900031896E0,-1.039890403457E0));
#5280=CARTESIAN_POINT('',(1.188755260788E0,8.415433896821E0,-2.300317979086E0));
#5281=CARTESIAN_POINT('',(-5.234632831703E-1,8.497967761746E0,
-2.535860419315E0));
#5282=CARTESIAN_POINT('',(-2.002457663082E0,8.580501626671E0,
-1.641573995486E0));
#5283=CARTESIAN_POINT('',(-2.589275782186E0,8.663035491596E0,
-1.589964965413E-2));
#5284=CARTESIAN_POINT('',(-2.022466322501E0,8.745569356520E0,1.616858636197E0));
#5285=CARTESIAN_POINT('',(-5.545659311637E-1,8.828103221445E0,
2.529240696942E0));
#5286=CARTESIAN_POINT('',(1.160416117788E0,8.910637086370E0,2.314743248945E0));
#5287=CARTESIAN_POINT('',(2.358385631826E0,8.993170951295E0,1.068933621643E0));
#5288=CARTESIAN_POINT('',(2.505598510609E0,9.075704816220E0,
-6.531293713988E-1));
#5289=CARTESIAN_POINT('',(1.536465438739E0,9.158238681145E0,-2.084196688532E0));
#5290=CARTESIAN_POINT('',(-1.172254343995E-1,9.240772546070E0,
-2.586669688905E0));
#5291=CARTESIAN_POINT('',(-1.718687566339E0,9.323306410995E0,
-1.936676225652E0));
#5292=CARTESIAN_POINT('',(-2.554404720784E0,9.405840275919E0,
-4.238148248120E-1));
#5293=CARTESIAN_POINT('',(-2.252030122257E0,9.488374140844E0,1.277873376274E0));
#5294=CARTESIAN_POINT('',(-9.462870130360E-1,9.570908005769E0,
2.410216785693E0));
#5295=CARTESIAN_POINT('',(7.810744539222E-1,9.653441870694E0,2.468711701296E0));
#5296=CARTESIAN_POINT('',(2.160401773787E0,9.735975735619E0,1.427291407041E0));
#5297=CARTESIAN_POINT('',(2.577308225711E0,9.818509600544E0,
-2.500309209153E-1));
#5298=CARTESIAN_POINT('',(1.845449220139E0,9.901043465469E0,-1.816007635254E0));
#5299=CARTESIAN_POINT('',(8.105639591151E-1,9.956066042085E0,
-2.320455980225E0));
#5300=CARTESIAN_POINT('',(2.702642477783E-1,9.983577330393E0,
-2.381765007194E0));
#5301=CARTESIAN_POINT('',(2.660414735086E-1,7.198656401107E0,2.632775557266E0));
#5302=CARTESIAN_POINT('',(8.632825402424E-1,7.226167689416E0,2.572424460115E0));
#5303=CARTESIAN_POINT('',(2.012479589916E0,7.281190266032E0,2.029619106852E0));
#5304=CARTESIAN_POINT('',(2.841572284534E0,7.363724130957E0,3.109373984599E-1));
#5305=CARTESIAN_POINT('',(2.404109621572E0,7.446257995882E0,-1.546227067426E0));
#5306=CARTESIAN_POINT('',(8.956576108792E-1,7.528791860807E0,
-2.714498606602E0));
#5307=CARTESIAN_POINT('',(-1.011883555142E0,7.611325725732E0,
-2.673346941622E0));
#5308=CARTESIAN_POINT('',(-2.468579485614E0,7.693859590657E0,
-1.441111589773E0));
#5309=CARTESIAN_POINT('',(-2.825425619596E0,7.776393455582E0,
4.331978069109E-1));
#5310=CARTESIAN_POINT('',(-1.923429108575E0,7.858927320506E0,2.114499904688E0));
#5311=CARTESIAN_POINT('',(-1.644669614423E-1,7.941461185431E0,
2.853706389515E0));
#5312=CARTESIAN_POINT('',(1.667771951804E0,8.023995050356E0,2.321470709371E0));
#5313=CARTESIAN_POINT('',(2.756950675124E0,8.106528915281E0,7.549254942915E-1));
#5314=CARTESIAN_POINT('',(2.617795844902E0,8.189062780206E0,-1.147969706027E0));
#5315=CARTESIAN_POINT('',(1.312306588010E0,8.271596645131E0,-2.539397753304E0));
#5316=CARTESIAN_POINT('',(-5.778685804768E-1,8.354130510056E0,
-2.799420910520E0));
#5317=CARTESIAN_POINT('',(-2.210579814160E0,8.436664374981E0,
-1.812188294800E0));
#5318=CARTESIAN_POINT('',(-2.858387911474E0,8.519198239905E0,
-1.755215364880E-2));
#5319=CARTESIAN_POINT('',(-2.232668040760E0,8.601732104830E0,1.784904185203E0));
#5320=CARTESIAN_POINT('',(-6.122038311484E-1,8.684265969755E0,
2.792113178166E0));
#5321=CARTESIAN_POINT('',(1.281022062689E0,8.766799834680E0,2.555322289913E0));
#5322=CARTESIAN_POINT('',(2.603500572239E0,8.849333699605E0,1.180031483434E0));
#5323=CARTESIAN_POINT('',(2.766013779995E0,8.931867564530E0,
-7.210113007967E-1));
#5324=CARTESIAN_POINT('',(1.696155452696E0,9.014401429455E0,-2.300814251082E0));
#5325=CARTESIAN_POINT('',(-1.294090675509E-1,9.096935294380E0,
-2.855510958165E0));
#5326=CARTESIAN_POINT('',(-1.897316538093E0,9.179469159304E0,
-2.137961490981E0));
#5327=CARTESIAN_POINT('',(-2.819892583531E0,9.262003024229E0,
-4.678633231272E-1));
#5328=CARTESIAN_POINT('',(-2.486091177318E0,9.344536889154E0,1.410687048581E0));
#5329=CARTESIAN_POINT('',(-1.044637800831E0,9.427070754079E0,2.660718712026E0));
#5330=CARTESIAN_POINT('',(8.622541455077E-1,9.509604619004E0,2.725293200689E0));
#5331=CARTESIAN_POINT('',(2.384939586817E0,9.592138483929E0,1.575634597174E0));
#5332=CARTESIAN_POINT('',(2.845176526656E0,9.674672348854E0,
-2.760174743672E-1));
#5333=CARTESIAN_POINT('',(2.037252956358E0,9.757206213779E0,-2.004751408663E0));
#5334=CARTESIAN_POINT('',(8.948085940291E-1,9.812228790395E0,
-2.561628764544E0));
#5335=CARTESIAN_POINT('',(2.983537188537E-1,9.839740078703E0,
-2.629309844619E0));
#5336=CARTESIAN_POINT('',(2.910888042532E-1,7.054819149417E0,2.880646685363E0));
#5337=CARTESIAN_POINT('',(9.445590533600E-1,7.082330437726E0,2.814613639938E0));
#5338=CARTESIAN_POINT('',(2.201950957821E0,7.137353014342E0,2.220704129741E0));
#5339=CARTESIAN_POINT('',(3.109101252505E0,7.219886879267E0,3.402116005509E-1));
#5340=CARTESIAN_POINT('',(2.630452259220E0,7.302420744192E0,-1.691801591027E0));
#5341=CARTESIAN_POINT('',(9.799821792170E-1,7.384954609117E0,
-2.970063814193E0));
#5342=CARTESIAN_POINT('',(-1.107150589061E0,7.467488474042E0,
-2.925037793273E0));
#5343=CARTESIAN_POINT('',(-2.700991846100E0,7.550022338967E0,
-1.576789678429E0));
#5344=CARTESIAN_POINT('',(-3.091434407830E0,7.632556203892E0,
4.739826086353E-1));
#5345=CARTESIAN_POINT('',(-2.104516532317E0,7.715090068816E0,2.313576303467E0));
#5346=CARTESIAN_POINT('',(-1.799512328435E-1,7.797623933741E0,
3.122377761852E0));
#5347=CARTESIAN_POINT('',(1.824789709722E0,7.880157798666E0,2.540033040666E0));
#5348=CARTESIAN_POINT('',(3.016512669333E0,7.962691663591E0,8.260003845845E-1));
#5349=CARTESIAN_POINT('',(2.864256659768E0,8.045225528516E0,-1.256049008598E0));
#5350=CARTESIAN_POINT('',(1.435857915233E0,8.127759393441E0,-2.778477527521E0));
#5351=CARTESIAN_POINT('',(-6.322738777832E-1,8.210293258366E0,
-3.062981401726E0));
#5352=CARTESIAN_POINT('',(-2.418701965238E0,8.292827123291E0,
-1.982802594115E0));
#5353=CARTESIAN_POINT('',(-3.127500040762E0,8.375360988215E0,
-1.920465764347E-2));
#5354=CARTESIAN_POINT('',(-2.442869759019E0,8.457894853140E0,1.952949734209E0));
#5355=CARTESIAN_POINT('',(-6.698417311330E-1,8.540428718065E0,
3.054985659390E0));
#5356=CARTESIAN_POINT('',(1.401628007589E0,8.622962582990E0,2.795901330880E0));
#5357=CARTESIAN_POINT('',(2.848615512652E0,8.705496447915E0,1.291129345225E0));
#5358=CARTESIAN_POINT('',(3.026429049381E0,8.788030312840E0,
-7.888932301945E-1));
#5359=CARTESIAN_POINT('',(1.855845466654E0,8.870564177765E0,-2.517431813632E0));
#5360=CARTESIAN_POINT('',(-1.415927007023E-1,8.953098042689E0,
-3.124352227426E0));
#5361=CARTESIAN_POINT('',(-2.075945509847E0,9.035631907614E0,
-2.339246756310E0));
#5362=CARTESIAN_POINT('',(-3.085380446278E0,9.118165772539E0,
-5.119118214424E-1));
#5363=CARTESIAN_POINT('',(-2.720152232379E0,9.200699637464E0,1.543500720889E0));
#5364=CARTESIAN_POINT('',(-1.142988588626E0,9.283233502389E0,2.911220638359E0));
#5365=CARTESIAN_POINT('',(9.434338370933E-1,9.365767367314E0,2.981874700082E0));
#5366=CARTESIAN_POINT('',(2.609477399847E0,9.448301232239E0,1.723977787307E0));
#5367=CARTESIAN_POINT('',(3.113044827602E0,9.530835097164E0,
-3.020040278191E-1));
#5368=CARTESIAN_POINT('',(2.229056692577E0,9.613368962088E0,-2.193495182072E0));
#5369=CARTESIAN_POINT('',(9.790532289431E-1,9.668391538705E0,
-2.802801548862E0));
#5370=CARTESIAN_POINT('',(3.264431899292E-1,9.695902827013E0,
-2.876854682045E0));
#5371=CARTESIAN_POINT('',(3.161361349978E-1,6.910981897727E0,3.128517813459E0));
#5372=CARTESIAN_POINT('',(1.025835566478E0,6.938493186036E0,3.056802819761E0));
#5373=CARTESIAN_POINT('',(2.391422325727E0,6.993515762652E0,2.411789152630E0));
#5374=CARTESIAN_POINT('',(3.376630220476E0,7.076049627577E0,3.694858026419E-1));
#5375=CARTESIAN_POINT('',(2.856794896868E0,7.158583492502E0,-1.837376114627E0));
#5376=CARTESIAN_POINT('',(1.064306747555E0,7.241117357427E0,-3.225629021785E0));
#5377=CARTESIAN_POINT('',(-1.202417622980E0,7.323651222352E0,
-3.176728644923E0));
#5378=CARTESIAN_POINT('',(-2.933404206586E0,7.406185087277E0,
-1.712467767085E0));
#5379=CARTESIAN_POINT('',(-3.357443196065E0,7.488718952201E0,
5.147674103597E-1));
#5380=CARTESIAN_POINT('',(-2.285603956059E0,7.571252817126E0,2.512652702247E0));
#5381=CARTESIAN_POINT('',(-1.954355042448E-1,7.653786682051E0,
3.391049134189E0));
#5382=CARTESIAN_POINT('',(1.981807467639E0,7.736320546976E0,2.758595371962E0));
#5383=CARTESIAN_POINT('',(3.276074663543E0,7.818854411901E0,8.970752748776E-1));
#5384=CARTESIAN_POINT('',(3.110717474634E0,7.901388276826E0,-1.364128311168E0));
#5385=CARTESIAN_POINT('',(1.559409242455E0,7.983922141751E0,-3.017557301739E0));
#5386=CARTESIAN_POINT('',(-6.866791750897E-1,8.066456006676E0,
-3.326541892932E0));
#5387=CARTESIAN_POINT('',(-2.626824116316E0,8.148989871600E0,
-2.153416893429E0));
#5388=CARTESIAN_POINT('',(-3.396612170051E0,8.231523736525E0,
-2.085716163814E-2));
#5389=CARTESIAN_POINT('',(-2.653071477278E0,8.314057601450E0,2.120995283215E0));
#5390=CARTESIAN_POINT('',(-7.274796311176E-1,8.396591466375E0,
3.317858140614E0));
#5391=CARTESIAN_POINT('',(1.522233952490E0,8.479125331300E0,3.036480371848E0));
#5392=CARTESIAN_POINT('',(3.093730453065E0,8.561659196225E0,1.402227207016E0));
#5393=CARTESIAN_POINT('',(3.286844318767E0,8.644193061150E0,
-8.567751595924E-1));
#5394=CARTESIAN_POINT('',(2.015535480611E0,8.726726926075E0,-2.734049376181E0));
#5395=CARTESIAN_POINT('',(-1.537763338537E-1,8.809260790999E0,
-3.393193496686E0));
#5396=CARTESIAN_POINT('',(-2.254574481601E0,8.891794655924E0,
-2.540532021639E0));
#5397=CARTESIAN_POINT('',(-3.350868309025E0,8.974328520849E0,
-5.559603197576E-1));
#5398=CARTESIAN_POINT('',(-2.954213287439E0,9.056862385774E0,1.676314393197E0));
#5399=CARTESIAN_POINT('',(-1.241339376421E0,9.139396250699E0,3.161722564691E0));
#5400=CARTESIAN_POINT('',(1.024613528679E0,9.221930115624E0,3.238456199475E0));
#5401=CARTESIAN_POINT('',(2.834015212876E0,9.304463980549E0,1.872320977440E0));
#5402=CARTESIAN_POINT('',(3.380913128547E0,9.386997845474E0,
-3.279905812710E-1));
#5403=CARTESIAN_POINT('',(2.420860428796E0,9.469531710398E0,-2.382238955482E0));
#5404=CARTESIAN_POINT('',(1.063297863857E0,9.524554287015E0,-3.043974333181E0));
#5405=CARTESIAN_POINT('',(3.545326610047E-1,9.552065575323E0,
-3.124399519470E0));
#5406=B_SPLINE_SURFACE_WITH_KNOTS('',3,3,((#5266,#5267,#5268,#5269,#5270,#5271,
#5272,#5273,#5274,#5275,#5276,#5277,#5278,#5279,#5280,#5281,#5282,#5283,#5284,
#5285,#5286,#5287,#5288,#5289,#5290,#5291,#5292,#5293,#5294,#5295,#5296,#5297,
#5298,#5299,#5300),(#5301,#5302,#5303,#5304,#5305,#5306,#5307,#5308,#5309,#5310,
#5311,#5312,#5313,#5314,#5315,#5316,#5317,#5318,#5319,#5320,#5321,#5322,#5323,
#5324,#5325,#5326,#5327,#5328,#5329,#5330,#5331,#5332,#5333,#5334,#5335),(#5336,
#5337,#5338,#5339,#5340,#5341,#5342,#5343,#5344,#5345,#5346,#5347,#5348,#5349,
#5350,#5351,#5352,#5353,#5354,#5355,#5356,#5357,#5358,#5359,#5360,#5361,#5362,
#5363,#5364,#5365,#5366,#5367,#5368,#5369,#5370),(#5371,#5372,#5373,#5374,#5375,
#5376,#5377,#5378,#5379,#5380,#5381,#5382,#5383,#5384,#5385,#5386,#5387,#5388,
#5389,#5390,#5391,#5392,#5393,#5394,#5395,#5396,#5397,#5398,#5399,#5400,#5401,
#5402,#5403,#5404,#5405)),.UNSPECIFIED.,.F.,.F.,.F.,(4,4),(4,1,1,1,1,1,1,1,1,1,
1,1,1,1,1,1,1,1,1,1,1,1,1,1,1,1,1,1,1,1,1,1,4),(-1.901206759803E-1,
1.190120675980E0),(-2.E-2,1.25E-2,4.5E-2,7.75E-2,1.1E-1,1.425E-1,1.75E-1,
2.075E-1,2.4E-1,2.725E-1,3.05E-1,3.375E-1,3.7E-1,4.025E-1,4.35E-1,4.675E-1,
5.E-1,5.325E-1,5.65E-1,5.975E-1,6.3E-1,6.625E-1,6.95E-1,7.275E-1,7.6E-1,
7.925E-1,8.25E-1,8.575E-1,8.9E-1,9.225E-1,9.55E-1,9.875E-1,1.02E0),
.UNSPECIFIED.);
#5407=ORIENTED_EDGE('',*,*,#4998,.T.);
#5408=ORIENTED_EDGE('',*,*,#5075,.T.);
#5409=ORIENTED_EDGE('',*,*,#5029,.T.);
#5410=ORIENTED_EDGE('',*,*,#5062,.T.);
#5411=ORIENTED_EDGE('',*,*,#5258,.T.);
#5412=ORIENTED_EDGE('',*,*,#4946,.F.);
#5413=ORIENTED_EDGE('',*,*,#4682,.F.);
#5414=ORIENTED_EDGE('',*,*,#4988,.T.);
#5415=ORIENTED_EDGE('',*,*,#5088,.T.);
#5416=ORIENTED_EDGE('',*,*,#5013,.T.);
#5417=ORIENTED_EDGE('',*,*,#5101,.T.);
#5418=EDGE_LOOP('',(#5407,#5408,#5409,#5410,#5411,#5412,#5413,#5414,#5415,#5416,
#5417));
#5419=FACE_OUTER_BOUND('',#5418,.F.);
#5423=FILL_AREA_STYLE_COLOUR('',#3344);
#5424=FILL_AREA_STYLE('',(#5423));
#5425=SURFACE_STYLE_FILL_AREA(#5424);
#5426=SURFACE_SIDE_STYLE('',(#5425));
#5427=SURFACE_STYLE_USAGE(.BOTH.,#5426);
#5428=PRESENTATION_STYLE_ASSIGNMENT((#5427));
#3345=STYLED_ITEM('',(#5428),#5422);
#5431=PLANE_ANGLE_MEASURE_WITH_UNIT(PLANE_ANGLE_MEASURE(1.745329251994E-2),
#5430);
#5432=(CONVERSION_BASED_UNIT('DEGREE',#5431)NAMED_UNIT(*)PLANE_ANGLE_UNIT());
#5434=UNCERTAINTY_MEASURE_WITH_UNIT(LENGTH_MEASURE(9.906E-3),#5429,
'distance_accuracy_value',
'Maximum model space distance between geometric entities at asserted connectivities');
#5436=CARTESIAN_POINT('',(0.E0,0.E0,0.E0));
#5437=DIRECTION('',(0.E0,0.E0,1.E0));
#5438=DIRECTION('',(1.E0,0.E0,0.E0));
#5441=PRODUCT_DEFINITION_CONTEXT('part definition',#1321,'design');
#5442=PRODUCT_CONTEXT('',#1321,'mechanical');
#5443=PRODUCT('90642_EA_BCB_02','90642_EA_BCB_02','NOT SPECIFIED',(#5442));
#5444=PRODUCT_DEFINITION_FORMATION('13','LAST_VERSION',#5443);
#5452=DERIVED_UNIT_ELEMENT(#5451,2.E0);
#5453=DERIVED_UNIT((#5452));
#5454=MEASURE_REPRESENTATION_ITEM('surface area measure',AREA_MEASURE(
7.184281109284E2),#5453);
#5459=DERIVED_UNIT_ELEMENT(#5458,3.E0);
#5460=DERIVED_UNIT((#5459));
#5461=MEASURE_REPRESENTATION_ITEM('volume measure',VOLUME_MEASURE(
2.756132836537E2),#5460);
#5465=CARTESIAN_POINT('centre point',(-3.755180486598E-3,6.798883813536E0,
2.609767130990E-4));
#5470=DERIVED_UNIT_ELEMENT(#5469,2.E0);
#5471=DERIVED_UNIT((#5470));
#5472=MEASURE_REPRESENTATION_ITEM('surface area measure',AREA_MEASURE(
7.184281109284E2),#5471);
#5477=DERIVED_UNIT_ELEMENT(#5476,3.E0);
#5478=DERIVED_UNIT((#5477));
#5479=MEASURE_REPRESENTATION_ITEM('volume measure',VOLUME_MEASURE(
2.756132836537E2),#5478);
#5483=CARTESIAN_POINT('centre point',(-3.755180486598E-3,6.798883813536E0,
2.609767130990E-4));
#5490=CARTESIAN_POINT('centre point',(1.782178066318E-1,1.778586045215E-1,
6.068883813536E0));
#5494=CARTESIAN_POINT('',(1.804737907011E-1,1.808719125395E-1,-7.3E-1));
#5495=DIRECTION('',(7.570319515934E-1,-6.533778571904E-1,0.E0));
#5496=DIRECTION('',(6.533778571904E-1,7.570319515934E-1,0.E0));
#5497=AXIS2_PLACEMENT_3D('',#5494,#5495,#5496);
#5498=ITEM_DEFINED_TRANSFORMATION('','',#5439,#5497);
#5499=(REPRESENTATION_RELATIONSHIP('','',#5440,#1372)REPRESENTATION_RELATIONSHIP_WITH_TRANSFORMATION(#5498)SHAPE_REPRESENTATION_RELATIONSHIP());
#5500=CONTEXT_DEPENDENT_SHAPE_REPRESENTATION(#5499,#5489);
#5503=PLANE_ANGLE_MEASURE_WITH_UNIT(PLANE_ANGLE_MEASURE(1.745329251994E-2),
#5502);
#5504=(CONVERSION_BASED_UNIT('DEGREE',#5503)NAMED_UNIT(*)PLANE_ANGLE_UNIT());
#5506=UNCERTAINTY_MEASURE_WITH_UNIT(LENGTH_MEASURE(9.906E-3),#5501,
'distance_accuracy_value',
'Maximum model space distance between geometric entities at asserted connectivities');
#5508=CARTESIAN_POINT('',(0.E0,0.E0,0.E0));
#5509=DIRECTION('',(0.E0,0.E0,1.E0));
#5510=DIRECTION('',(1.E0,0.E0,0.E0));
#5512=MECHANICAL_DESIGN_GEOMETRIC_PRESENTATION_REPRESENTATION('',(#555,#577,
#598,#619,#640,#661,#682,#703,#723,#752,#777,#799,#819,#841,#863,#899,#919,#938,
#959,#978,#999,#1018,#1039,#1058,#1080,#1100,#1123,#1144,#1163,#1185,#1205,
#1227,#1249,#1267,#1287,#1306,#1488,#1510,#1521,#1541,#1563,#1583,#1594,#1615,
#1626,#1645,#1666,#1685,#1840,#1862,#1882,#1899,#2099,#2121,#2143,#2165,#2186,
#2206,#2225,#2242,#2579,#2600,#2622,#2642,#2665,#2687,#2707,#2730,#2752,#2772,
#2794,#2814,#2836,#2856,#2879,#2901,#2921,#2944,#2965,#2984,#3150,#3172,#3194,
#3212,#3232,#3252,#3270,#3353,#3360,#3368,#3375,#3383,#3391,#3399,#3406,#3414,
#3421,#3429,#3437,#3445,#3453,#3461,#3468,#3476,#3483,#3491,#3499,#3507,#3515,
#3523,#3530,#3538,#3545,#3552,#3560,#3567,#3575,#3583,#3591,#3607,#3614,#3626,
#3634,#3648,#3655,#3662,#3673,#3706,#3713,#3774,#3781,#3796,#3811,#3825,#3839,
#3849,#3864,#3879,#3894,#3907,#3917,#3932,#3947,#3965,#3973,#3991,#3998,#4008,
#4021,#4031,#4038,#4053,#4060,#4075,#4082,#4097,#4104,#4119,#4126,#4141,#4148,
#4163,#4170,#4185,#4192,#4217,#4225,#4233,#4253,#4273,#4280,#3345),#5507);
#5513=PRODUCT_CONTEXT('',#1321,'mechanical');
#5514=PRODUCT('MLX90642BCB_ASM','MLX90642BCB_ASM','NOT SPECIFIED',(#5513));
#5515=PRODUCT_DEFINITION_FORMATION('19','LAST_VERSION',#5514);
#5518=DERIVED_UNIT_ELEMENT(#5517,2.E0);
#5519=DERIVED_UNIT((#5518));
#5520=MEASURE_REPRESENTATION_ITEM('surface area measure',AREA_MEASURE(
1.454056097664E3),#5519);
#5525=DERIVED_UNIT_ELEMENT(#5524,3.E0);
#5526=DERIVED_UNIT((#5525));
#5527=MEASURE_REPRESENTATION_ITEM('volume measure',VOLUME_MEASURE(
4.420545550156E2),#5526);
#5531=CARTESIAN_POINT('centre point',(1.784064598177E-1,1.834347506801E-1,
4.241178234270E0));
#5535=PRODUCT_RELATED_PRODUCT_CATEGORY('part','',(#5514,#1325,#1701,#1916,#2258,
#3001,#3286,#5443));
#1=DRAUGHTING_PRE_DEFINED_COLOUR('green');
#2=COLOUR_RGB('',1.1E-2,1.2E-2,1.E0);
#3=COLOUR_RGB('',4.1E-1,2.61589E-1,1.12848E-1);
#4=COLOUR_RGB('',5.04854E-1,1.5455E-2,1.5455E-2);
#5=COLOUR_RGB('',6.35294E-1,6.86275E-1,7.4902E-1);
#6=COLOUR_RGB('',6.40777E-1,6.40777E-1,6.40777E-1);
#7=COLOUR_RGB('',6.69062E-1,6.69903E-1,6.55217E-1);
#8=COLOUR_RGB('',9.21569E-1,7.05882E-1,4.70588E-1);
#9=DRAUGHTING_PRE_DEFINED_COLOUR('red');
#10=DRAUGHTING_PRE_DEFINED_COLOUR('yellow');
#11=COLOUR_RGB('',1.E0,1.E0,5.3E-1);
#12=COLOUR_RGB('',1.E0,1.E0,9.49E-1);
#13=DRAUGHTING_PRE_DEFINED_COLOUR('white');
#14=COLOUR_RGB('',1.E0,7.058823529412E-1,0.E0);
#23=CIRCLE('',#22,1.5E-1);
#32=CIRCLE('',#31,1.5E-1);
#41=CIRCLE('',#40,1.5E-1);
#46=CIRCLE('',#45,4.57E0);
#51=CIRCLE('',#50,1.5E-1);
#56=CIRCLE('',#55,5.6E-1);
#61=CIRCLE('',#60,5.6E-1);
#66=CIRCLE('',#65,5.6E-1);
#71=CIRCLE('',#70,5.6E-1);
#76=CIRCLE('',#75,5.6E-1);
#81=CIRCLE('',#80,5.6E-1);
#86=CIRCLE('',#85,6.75E-1);
#91=CIRCLE('',#90,6.75E-1);
#132=CIRCLE('',#131,1.5E-1);
#137=CIRCLE('',#136,4.57E0);
#142=CIRCLE('',#141,1.5E-1);
#151=CIRCLE('',#150,1.5E-1);
#160=CIRCLE('',#159,1.5E-1);
#165=CIRCLE('',#164,4.01E0);
#170=CIRCLE('',#169,4.01E0);
#175=CIRCLE('',#174,4.215E0);
#180=CIRCLE('',#179,4.215E0);
#185=CIRCLE('',#184,4.415E0);
#190=CIRCLE('',#189,4.415E0);
#195=CIRCLE('',#194,2.E-1);
#200=CIRCLE('',#199,2.E-1);
#205=CIRCLE('',#204,3.81E0);
#210=CIRCLE('',#209,3.81E0);
#219=CIRCLE('',#218,2.E-1);
#224=CIRCLE('',#223,3.61E0);
#229=CIRCLE('',#228,3.61E0);
#234=CIRCLE('',#233,5.6E-1);
#239=CIRCLE('',#238,5.6E-1);
#244=CIRCLE('',#243,5.6E-1);
#249=CIRCLE('',#248,5.6E-1);
#254=CIRCLE('',#253,5.6E-1);
#259=CIRCLE('',#258,5.6E-1);
#264=CIRCLE('',#263,2.E-1);
#269=CIRCLE('',#268,3.81E0);
#274=CIRCLE('',#273,3.81E0);
#315=CIRCLE('',#314,4.253366349399E0);
#320=CIRCLE('',#319,4.253366349399E0);
#329=CIRCLE('',#328,4.376633650601E0);
#338=CIRCLE('',#337,4.376633650601E0);
#343=CIRCLE('',#342,1.E-1);
#348=CIRCLE('',#347,1.E-1);
#353=CIRCLE('',#352,5.75E-1);
#358=CIRCLE('',#357,5.75E-1);
#367=CIRCLE('',#366,1.E-1);
#372=CIRCLE('',#371,4.75E-1);
#377=CIRCLE('',#376,4.75E-1);
#382=CIRCLE('',#381,1.E-1);
#387=CIRCLE('',#386,5.75E-1);
#392=CIRCLE('',#391,5.75E-1);
#506=EDGE_CURVE('',#399,#400,#18,.T.);
#508=EDGE_CURVE('',#400,#402,#23,.T.);
#510=EDGE_CURVE('',#402,#404,#27,.T.);
#512=EDGE_CURVE('',#404,#406,#32,.T.);
#514=EDGE_CURVE('',#406,#408,#36,.T.);
#516=EDGE_CURVE('',#408,#410,#41,.T.);
#518=EDGE_CURVE('',#410,#412,#46,.T.);
#520=EDGE_CURVE('',#412,#399,#51,.T.);
#524=EDGE_CURVE('',#450,#452,#56,.T.);
#526=EDGE_CURVE('',#452,#450,#61,.T.);
#530=EDGE_CURVE('',#455,#456,#66,.T.);
#532=EDGE_CURVE('',#456,#455,#71,.T.);
#536=EDGE_CURVE('',#463,#464,#76,.T.);
#538=EDGE_CURVE('',#464,#463,#81,.T.);
#542=EDGE_CURVE('',#471,#472,#86,.T.);
#544=EDGE_CURVE('',#472,#471,#91,.T.);
#548=ADVANCED_FACE('',(#523,#529,#535,#541,#547),#505,.F.);
#562=EDGE_CURVE('',#399,#415,#95,.T.);
#564=EDGE_CURVE('',#415,#416,#127,.T.);
#566=EDGE_CURVE('',#400,#416,#123,.T.);
#570=ADVANCED_FACE('',(#569),#560,.T.);
#584=EDGE_CURVE('',#412,#428,#99,.T.);
#586=EDGE_CURVE('',#428,#415,#132,.T.);
#591=ADVANCED_FACE('',(#590),#582,.F.);
#605=EDGE_CURVE('',#410,#426,#103,.T.);
#607=EDGE_CURVE('',#426,#428,#137,.T.);
#612=ADVANCED_FACE('',(#611),#603,.T.);
#626=EDGE_CURVE('',#408,#424,#107,.T.);
#628=EDGE_CURVE('',#424,#426,#142,.T.);
#633=ADVANCED_FACE('',(#632),#624,.F.);
#647=EDGE_CURVE('',#406,#422,#111,.T.);
#649=EDGE_CURVE('',#422,#424,#146,.T.);
#654=ADVANCED_FACE('',(#653),#645,.T.);
#668=EDGE_CURVE('',#404,#420,#115,.T.);
#670=EDGE_CURVE('',#420,#422,#151,.T.);
#675=ADVANCED_FACE('',(#674),#666,.T.);
#689=EDGE_CURVE('',#402,#418,#119,.T.);
#691=EDGE_CURVE('',#418,#420,#155,.T.);
#696=ADVANCED_FACE('',(#695),#687,.T.);
#711=EDGE_CURVE('',#416,#418,#160,.T.);
#716=ADVANCED_FACE('',(#715),#708,.T.);
#739=EDGE_CURVE('',#499,#500,#185,.T.);
#741=EDGE_CURVE('',#500,#499,#190,.T.);
#745=ADVANCED_FACE('',(#738,#744),#728,.T.);
#758=EDGE_CURVE('',#495,#496,#175,.T.);
#760=EDGE_CURVE('',#496,#495,#180,.T.);
#764=EDGE_CURVE('',#431,#432,#165,.T.);
#766=EDGE_CURVE('',#432,#431,#170,.T.);
#770=ADVANCED_FACE('',(#763,#769),#757,.T.);
#784=EDGE_CURVE('',#431,#435,#195,.T.);
#786=EDGE_CURVE('',#435,#436,#274,.T.);
#788=EDGE_CURVE('',#432,#436,#200,.T.);
#792=ADVANCED_FACE('',(#791),#782,.F.);
#807=EDGE_CURVE('',#436,#435,#210,.T.);
#812=ADVANCED_FACE('',(#811),#804,.F.);
#825=EDGE_CURVE('',#444,#443,#205,.T.);
#827=EDGE_CURVE('',#435,#443,#278,.T.);
#830=EDGE_CURVE('',#436,#444,#214,.T.);
#834=ADVANCED_FACE('',(#833),#824,.T.);
#847=EDGE_CURVE('',#440,#439,#229,.T.);
#849=EDGE_CURVE('',#439,#443,#264,.T.);
#852=EDGE_CURVE('',#440,#444,#219,.T.);
#856=ADVANCED_FACE('',(#855),#846,.T.);
#869=EDGE_CURVE('',#439,#440,#224,.T.);
#874=EDGE_CURVE('',#447,#448,#234,.T.);
#876=EDGE_CURVE('',#448,#447,#239,.T.);
#880=EDGE_CURVE('',#459,#460,#244,.T.);
#882=EDGE_CURVE('',#460,#459,#249,.T.);
#886=EDGE_CURVE('',#467,#468,#254,.T.);
#888=EDGE_CURVE('',#468,#467,#259,.T.);
#892=ADVANCED_FACE('',(#873,#879,#885,#891),#868,.T.);
#907=EDGE_CURVE('',#443,#444,#269,.T.);
#912=ADVANCED_FACE('',(#911),#904,.T.);
#931=ADVANCED_FACE('',(#930),#924,.T.);
#945=EDGE_CURVE('',#447,#450,#282,.T.);
#948=EDGE_CURVE('',#448,#452,#286,.T.);
#952=ADVANCED_FACE('',(#951),#943,.F.);
#971=ADVANCED_FACE('',(#970),#964,.F.);
#985=EDGE_CURVE('',#460,#456,#294,.T.);
#988=EDGE_CURVE('',#459,#455,#290,.T.);
#992=ADVANCED_FACE('',(#991),#983,.F.);
#1011=ADVANCED_FACE('',(#1010),#1004,.F.);
#1025=EDGE_CURVE('',#468,#464,#302,.T.);
#1028=EDGE_CURVE('',#467,#463,#298,.T.);
#1032=ADVANCED_FACE('',(#1031),#1023,.F.);
#1051=ADVANCED_FACE('',(#1050),#1044,.F.);
#1065=EDGE_CURVE('',#495,#487,#310,.T.);
#1067=EDGE_CURVE('',#487,#488,#315,.T.);
#1069=EDGE_CURVE('',#496,#488,#306,.T.);
#1073=ADVANCED_FACE('',(#1072),#1063,.F.);
#1088=EDGE_CURVE('',#487,#488,#320,.T.);
#1093=ADVANCED_FACE('',(#1092),#1085,.F.);
#1106=EDGE_CURVE('',#491,#492,#329,.T.);
#1108=EDGE_CURVE('',#491,#492,#338,.T.);
#1116=ADVANCED_FACE('',(#1111,#1115),#1105,.F.);
#1130=EDGE_CURVE('',#491,#499,#324,.T.);
#1133=EDGE_CURVE('',#492,#500,#333,.T.);
#1137=ADVANCED_FACE('',(#1136),#1128,.T.);
#1156=ADVANCED_FACE('',(#1155),#1149,.T.);
#1170=EDGE_CURVE('',#472,#476,#348,.T.);
#1172=EDGE_CURVE('',#475,#476,#392,.T.);
#1174=EDGE_CURVE('',#471,#475,#343,.T.);
#1178=ADVANCED_FACE('',(#1177),#1168,.T.);
#1193=EDGE_CURVE('',#476,#475,#358,.T.);
#1198=ADVANCED_FACE('',(#1197),#1190,.T.);
#1211=EDGE_CURVE('',#484,#483,#353,.T.);
#1213=EDGE_CURVE('',#476,#484,#396,.T.);
#1216=EDGE_CURVE('',#475,#483,#362,.T.);
#1220=ADVANCED_FACE('',(#1219),#1210,.F.);
#1233=EDGE_CURVE('',#480,#479,#377,.T.);
#1235=EDGE_CURVE('',#480,#484,#367,.T.);
#1238=EDGE_CURVE('',#479,#483,#382,.T.);
#1242=ADVANCED_FACE('',(#1241),#1232,.F.);
#1255=EDGE_CURVE('',#479,#480,#372,.T.);
#1260=ADVANCED_FACE('',(#1259),#1254,.T.);
#1275=EDGE_CURVE('',#483,#484,#387,.T.);
#1280=ADVANCED_FACE('',(#1279),#1272,.F.);
#1299=ADVANCED_FACE('',(#1298),#1292,.F.);
#1307=CLOSED_SHELL('',(#548,#570,#591,#612,#633,#654,#675,#696,#716,#745,#770,
#792,#812,#834,#856,#892,#912,#931,#952,#971,#992,#1011,#1032,#1051,#1073,#1093,
#1116,#1137,#1156,#1178,#1198,#1220,#1242,#1260,#1280,#1299));
#1308=MANIFOLD_SOLID_BREP('',#1307);
#1309=(LENGTH_UNIT()NAMED_UNIT(*)SI_UNIT(.MILLI.,.METRE.));
#1310=(NAMED_UNIT(*)PLANE_ANGLE_UNIT()SI_UNIT($,.RADIAN.));
#1313=(NAMED_UNIT(*)SI_UNIT($,.STERADIAN.)SOLID_ANGLE_UNIT());
#1315=(GEOMETRIC_REPRESENTATION_CONTEXT(3)GLOBAL_UNCERTAINTY_ASSIGNED_CONTEXT((
#1314))GLOBAL_UNIT_ASSIGNED_CONTEXT((#1309,#1312,#1313))REPRESENTATION_CONTEXT(
'ID1','3'));
#1319=AXIS2_PLACEMENT_3D('',#1316,#1317,#1318);
#1320=ADVANCED_BREP_SHAPE_REPRESENTATION('',(#1319,#1308),#1315);
#1327=PRODUCT_DEFINITION('part definition','',#1326,#1323);
#1328=PRODUCT_DEFINITION_SHAPE('','SHAPE FOR 9064X_BASE.',#1327);
#1329=SHAPE_ASPECT('','solid data associated with 9064X_BASE',#1328,.F.);
#1330=PROPERTY_DEFINITION('',
'shape for solid data with which properties are associated',#1329);
#1331=SHAPE_REPRESENTATION('',(#1308),#1315);
#1332=SHAPE_DEFINITION_REPRESENTATION(#1330,#1331);
#1333=(LENGTH_UNIT()NAMED_UNIT(*)SI_UNIT(.MILLI.,.METRE.));
#1337=PROPERTY_DEFINITION('geometric validation property','area of 9064X_BASE',
#1329);
#1338=REPRESENTATION('surface area',(#1336),#1315);
#1339=PROPERTY_DEFINITION_REPRESENTATION(#1337,#1338);
#1340=(LENGTH_UNIT()NAMED_UNIT(*)SI_UNIT(.MILLI.,.METRE.));
#1344=PROPERTY_DEFINITION('geometric validation property',
'volume of 9064X_BASE',#1329);
#1345=REPRESENTATION('volume',(#1343),#1315);
#1346=PROPERTY_DEFINITION_REPRESENTATION(#1344,#1345);
#1348=PROPERTY_DEFINITION('geometric validation property',
'centroid of 9064X_BASE',#1329);
#1349=REPRESENTATION('centroid',(#1347),#1315);
#1350=PROPERTY_DEFINITION_REPRESENTATION(#1348,#1349);
#1351=(LENGTH_UNIT()NAMED_UNIT(*)SI_UNIT(.MILLI.,.METRE.));
#1355=PROPERTY_DEFINITION('geometric validation property','area of 9064X_BASE',
#1328);
#1356=REPRESENTATION('surface area',(#1354),#1315);
#1357=PROPERTY_DEFINITION_REPRESENTATION(#1355,#1356);
#1358=(LENGTH_UNIT()NAMED_UNIT(*)SI_UNIT(.MILLI.,.METRE.));
#1362=PROPERTY_DEFINITION('geometric validation property',
'volume of 9064X_BASE',#1328);
#1363=REPRESENTATION('volume',(#1361),#1315);
#1364=PROPERTY_DEFINITION_REPRESENTATION(#1362,#1363);
#1366=PROPERTY_DEFINITION('geometric validation property',
'centroid of 9064X_BASE',#1328);
#1367=REPRESENTATION('centroid',(#1365),#1315);
#1368=PROPERTY_DEFINITION_REPRESENTATION(#1366,#1367);
#1369=SHAPE_DEFINITION_REPRESENTATION(#1328,#1320);
#1370=SHAPE_DEFINITION_REPRESENTATION(#1371,#1372);
#1371=PRODUCT_DEFINITION_SHAPE('','SHAPE FOR MLX90642BCB_ASM.',#5516);
#1372=SHAPE_REPRESENTATION('',(#1382,#1755,#1768,#1781,#1970,#1983,#1996,#2312,
#3055,#3340,#5497,#5511),#5507);
#1373=NEXT_ASSEMBLY_USAGE_OCCURRENCE('11','Next assembly relationship',
'9064X_BASE',#5516,#1327,$);
#1374=PRODUCT_DEFINITION_SHAPE('Placement #11',
'Placement of 9064X_BASE with respect to MLX90642BCB_ASM',#1373);
#1376=PROPERTY_DEFINITION('geometric validation property',
'centroid of 9064X_BASE',#1374);
#1377=REPRESENTATION('centroid',(#1375),#1315);
#1378=PROPERTY_DEFINITION_REPRESENTATION(#1376,#1377);
#1386=COLOUR_RGB('',7.843137254902E-2,7.843137254902E-2,7.843137254902E-2);
#1391=CIRCLE('',#1390,2.25E-1);
#1397=B_SPLINE_CURVE_WITH_KNOTS('',3,(#1392,#1393,#1394,#1395,#1396),
.UNSPECIFIED.,.F.,.F.,(4,1,4),(0.E0,5.E-1,1.E0),.UNSPECIFIED.);
#1403=B_SPLINE_CURVE_WITH_KNOTS('',3,(#1398,#1399,#1400,#1401,#1402),
.UNSPECIFIED.,.F.,.F.,(4,1,4),(0.E0,5.E-1,1.E0),.UNSPECIFIED.);
#1408=CIRCLE('',#1407,2.25E-1);
#1421=CIRCLE('',#1420,5.6E-1);
#1426=CIRCLE('',#1425,5.6E-1);
#1431=CIRCLE('',#1430,5.6E-1);
#1437=B_SPLINE_CURVE_WITH_KNOTS('',3,(#1432,#1433,#1434,#1435,#1436),
.UNSPECIFIED.,.F.,.F.,(4,1,4),(0.E0,5.E-1,1.E0),.UNSPECIFIED.);
#1443=B_SPLINE_CURVE_WITH_KNOTS('',3,(#1438,#1439,#1440,#1441,#1442),
.UNSPECIFIED.,.F.,.F.,(4,1,4),(0.E0,5.E-1,1.E0),.UNSPECIFIED.);
#1448=CIRCLE('',#1447,5.6E-1);
#1461=CIRCLE('',#1460,2.25E-1);
#1466=CIRCLE('',#1465,2.25E-1);
#1484=B_SPLINE_CURVE_WITH_KNOTS('',3,(#1477,#1478,#1479,#1480,#1481,#1482,
#1483),.UNSPECIFIED.,.F.,.F.,(4,1,1,1,4),(0.E0,1.123475216266E-1,
4.952913101551E-1,8.782350986836E-1,1.E0),.UNSPECIFIED.);
#1493=EDGE_CURVE('',#1467,#1468,#1397,.T.);
#1495=EDGE_CURVE('',#1467,#1472,#1391,.T.);
#1497=EDGE_CURVE('',#1472,#1473,#1403,.T.);
#1499=EDGE_CURVE('',#1468,#1473,#1426,.T.);
#1503=ADVANCED_FACE('',(#1502),#1492,.T.);
#1518=B_SPLINE_CURVE_WITH_KNOTS('',3,(#1511,#1512,#1513,#1514,#1515,#1516,
#1517),.UNSPECIFIED.,.F.,.F.,(4,1,1,1,4),(0.E0,1.123475216266E-1,
4.952913101551E-1,8.782350986836E-1,1.E0),.UNSPECIFIED.);
#1527=EDGE_CURVE('',#1468,#1473,#1421,.T.);
#1530=EDGE_CURVE('',#1467,#1472,#1408,.T.);
#1534=ADVANCED_FACE('',(#1533),#1525,.T.);
#1547=EDGE_CURVE('',#1468,#1470,#1412,.T.);
#1549=EDGE_CURVE('',#1470,#1475,#1448,.T.);
#1551=EDGE_CURVE('',#1473,#1475,#1416,.T.);
#1556=ADVANCED_FACE('',(#1555),#1546,.T.);
#1572=EDGE_CURVE('',#1470,#1475,#1431,.T.);
#1576=ADVANCED_FACE('',(#1575),#1568,.T.);
#1591=B_SPLINE_CURVE_WITH_KNOTS('',3,(#1584,#1585,#1586,#1587,#1588,#1589,
#1590),.UNSPECIFIED.,.F.,.F.,(4,1,1,1,4),(0.E0,1.123475216266E-1,
4.952913101551E-1,8.782350986836E-1,1.E0),.UNSPECIFIED.);
#1599=EDGE_CURVE('',#1470,#1471,#1437,.T.);
#1602=EDGE_CURVE('',#1475,#1476,#1443,.T.);
#1604=EDGE_CURVE('',#1471,#1476,#1466,.T.);
#1608=ADVANCED_FACE('',(#1607),#1598,.T.);
#1623=B_SPLINE_CURVE_WITH_KNOTS('',3,(#1616,#1617,#1618,#1619,#1620,#1621,
#1622),.UNSPECIFIED.,.F.,.F.,(4,1,1,1,4),(0.E0,1.123475216266E-1,
4.952913101551E-1,8.782350986836E-1,1.E0),.UNSPECIFIED.);
#1632=EDGE_CURVE('',#1471,#1476,#1461,.T.);
#1638=ADVANCED_FACE('',(#1637),#1630,.T.);
#1651=EDGE_CURVE('',#1471,#1467,#1452,.T.);
#1654=EDGE_CURVE('',#1476,#1472,#1456,.T.);
#1659=ADVANCED_FACE('',(#1658),#1650,.F.);
#1678=ADVANCED_FACE('',(#1677),#1671,.F.);
#1686=CLOSED_SHELL('',(#1503,#1534,#1556,#1576,#1608,#1638,#1659,#1678));
#1687=MANIFOLD_SOLID_BREP('',#1686);
#1688=(LENGTH_UNIT()NAMED_UNIT(*)SI_UNIT(.MILLI.,.METRE.));
#1689=(NAMED_UNIT(*)PLANE_ANGLE_UNIT()SI_UNIT($,.RADIAN.));
#1692=(NAMED_UNIT(*)SI_UNIT($,.STERADIAN.)SOLID_ANGLE_UNIT());
#1694=(GEOMETRIC_REPRESENTATION_CONTEXT(3)GLOBAL_UNCERTAINTY_ASSIGNED_CONTEXT((
#1693))GLOBAL_UNIT_ASSIGNED_CONTEXT((#1688,#1691,#1692))REPRESENTATION_CONTEXT(
'ID2','3'));
#1698=AXIS2_PLACEMENT_3D('',#1695,#1696,#1697);
#1699=ADVANCED_BREP_SHAPE_REPRESENTATION('',(#1698,#1687),#1694);
#1703=PRODUCT_DEFINITION('part definition','',#1702,#1323);
#1704=PRODUCT_DEFINITION_SHAPE('','SHAPE FOR GLASS_BEED.',#1703);
#1705=SHAPE_ASPECT('','solid data associated with GLASS_BEED',#1704,.F.);
#1706=PROPERTY_DEFINITION('',
'shape for solid data with which properties are associated',#1705);
#1707=SHAPE_REPRESENTATION('',(#1687),#1694);
#1708=SHAPE_DEFINITION_REPRESENTATION(#1706,#1707);
#1709=(LENGTH_UNIT()NAMED_UNIT(*)SI_UNIT(.MILLI.,.METRE.));
#1713=PROPERTY_DEFINITION('geometric validation property','area of GLASS_BEED',
#1705);
#1714=REPRESENTATION('surface area',(#1712),#1694);
#1715=PROPERTY_DEFINITION_REPRESENTATION(#1713,#1714);
#1716=(LENGTH_UNIT()NAMED_UNIT(*)SI_UNIT(.MILLI.,.METRE.));
#1720=PROPERTY_DEFINITION('geometric validation property',
'volume of GLASS_BEED',#1705);
#1721=REPRESENTATION('volume',(#1719),#1694);
#1722=PROPERTY_DEFINITION_REPRESENTATION(#1720,#1721);
#1724=PROPERTY_DEFINITION('geometric validation property',
'centroid of GLASS_BEED',#1705);
#1725=REPRESENTATION('centroid',(#1723),#1694);
#1726=PROPERTY_DEFINITION_REPRESENTATION(#1724,#1725);
#1727=(LENGTH_UNIT()NAMED_UNIT(*)SI_UNIT(.MILLI.,.METRE.));
#1731=PROPERTY_DEFINITION('geometric validation property','area of GLASS_BEED',
#1704);
#1732=REPRESENTATION('surface area',(#1730),#1694);
#1733=PROPERTY_DEFINITION_REPRESENTATION(#1731,#1732);
#1734=(LENGTH_UNIT()NAMED_UNIT(*)SI_UNIT(.MILLI.,.METRE.));
#1738=PROPERTY_DEFINITION('geometric validation property',
'volume of GLASS_BEED',#1704);
#1739=REPRESENTATION('volume',(#1737),#1694);
#1740=PROPERTY_DEFINITION_REPRESENTATION(#1738,#1739);
#1742=PROPERTY_DEFINITION('geometric validation property',
'centroid of GLASS_BEED',#1704);
#1743=REPRESENTATION('centroid',(#1741),#1694);
#1744=PROPERTY_DEFINITION_REPRESENTATION(#1742,#1743);
#1745=SHAPE_DEFINITION_REPRESENTATION(#1704,#1699);
#1746=NEXT_ASSEMBLY_USAGE_OCCURRENCE('12','Next assembly relationship',
'GLASS_BEED',#5516,#1703,$);
#1747=PRODUCT_DEFINITION_SHAPE('Placement #12',
'Placement of GLASS_BEED with respect to MLX90642BCB_ASM',#1746);
#1749=PROPERTY_DEFINITION('geometric validation property',
'centroid of GLASS_BEED',#1747);
#1750=REPRESENTATION('centroid',(#1748),#1694);
#1751=PROPERTY_DEFINITION_REPRESENTATION(#1749,#1750);
#1759=NEXT_ASSEMBLY_USAGE_OCCURRENCE('13','Next assembly relationship',
'GLASS_BEED',#5516,#1703,$);
#1760=PRODUCT_DEFINITION_SHAPE('Placement #13',
'Placement of GLASS_BEED with respect to MLX90642BCB_ASM',#1759);
#1762=PROPERTY_DEFINITION('geometric validation property',
'centroid of GLASS_BEED',#1760);
#1763=REPRESENTATION('centroid',(#1761),#1694);
#1764=PROPERTY_DEFINITION_REPRESENTATION(#1762,#1763);
#1772=NEXT_ASSEMBLY_USAGE_OCCURRENCE('14','Next assembly relationship',
'GLASS_BEED',#5516,#1703,$);
#1773=PRODUCT_DEFINITION_SHAPE('Placement #14',
'Placement of GLASS_BEED with respect to MLX90642BCB_ASM',#1772);
#1775=PROPERTY_DEFINITION('geometric validation property',
'centroid of GLASS_BEED',#1773);
#1776=REPRESENTATION('centroid',(#1774),#1694);
#1777=PROPERTY_DEFINITION_REPRESENTATION(#1775,#1776);
#1785=COLOUR_RGB('',1.E0,7.058823529412E-1,0.E0);
#1790=CIRCLE('',#1789,2.25E-1);
#1795=CIRCLE('',#1794,2.25E-1);
#1808=CIRCLE('',#1807,2.25E-1);
#1813=CIRCLE('',#1812,2.25E-1);
#1827=EDGE_CURVE('',#1816,#1817,#1790,.T.);
#1829=EDGE_CURVE('',#1817,#1816,#1795,.T.);
#1833=ADVANCED_FACE('',(#1832),#1826,.F.);
#1847=EDGE_CURVE('',#1816,#1820,#1799,.T.);
#1849=EDGE_CURVE('',#1820,#1821,#1808,.T.);
#1851=EDGE_CURVE('',#1817,#1821,#1803,.T.);
#1855=ADVANCED_FACE('',(#1854),#1845,.T.);
#1870=EDGE_CURVE('',#1821,#1820,#1813,.T.);
#1875=ADVANCED_FACE('',(#1874),#1867,.T.);
#1892=ADVANCED_FACE('',(#1891),#1887,.T.);
#1900=CLOSED_SHELL('',(#1833,#1855,#1875,#1892));
#1901=MANIFOLD_SOLID_BREP('',#1900);
#1902=(LENGTH_UNIT()NAMED_UNIT(*)SI_UNIT(.MILLI.,.METRE.));
#1903=(NAMED_UNIT(*)PLANE_ANGLE_UNIT()SI_UNIT($,.RADIAN.));
#1906=(NAMED_UNIT(*)SI_UNIT($,.STERADIAN.)SOLID_ANGLE_UNIT());
#1908=(GEOMETRIC_REPRESENTATION_CONTEXT(3)GLOBAL_UNCERTAINTY_ASSIGNED_CONTEXT((
#1907))GLOBAL_UNIT_ASSIGNED_CONTEXT((#1902,#1905,#1906))REPRESENTATION_CONTEXT(
'ID3','3'));
#1912=AXIS2_PLACEMENT_3D('',#1909,#1910,#1911);
#1913=ADVANCED_BREP_SHAPE_REPRESENTATION('',(#1912,#1901),#1908);
#1918=PRODUCT_DEFINITION('part definition','',#1917,#1914);
#1919=PRODUCT_DEFINITION_SHAPE('','SHAPE FOR PIN_LONG.',#1918);
#1920=SHAPE_ASPECT('','solid data associated with PIN_LONG',#1919,.F.);
#1921=PROPERTY_DEFINITION('',
'shape for solid data with which properties are associated',#1920);
#1922=SHAPE_REPRESENTATION('',(#1901),#1908);
#1923=SHAPE_DEFINITION_REPRESENTATION(#1921,#1922);
#1924=(LENGTH_UNIT()NAMED_UNIT(*)SI_UNIT(.MILLI.,.METRE.));
#1928=PROPERTY_DEFINITION('geometric validation property','area of PIN_LONG',
#1920);
#1929=REPRESENTATION('surface area',(#1927),#1908);
#1930=PROPERTY_DEFINITION_REPRESENTATION(#1928,#1929);
#1931=(LENGTH_UNIT()NAMED_UNIT(*)SI_UNIT(.MILLI.,.METRE.));
#1935=PROPERTY_DEFINITION('geometric validation property','volume of PIN_LONG',
#1920);
#1936=REPRESENTATION('volume',(#1934),#1908);
#1937=PROPERTY_DEFINITION_REPRESENTATION(#1935,#1936);
#1939=PROPERTY_DEFINITION('geometric validation property',
'centroid of PIN_LONG',#1920);
#1940=REPRESENTATION('centroid',(#1938),#1908);
#1941=PROPERTY_DEFINITION_REPRESENTATION(#1939,#1940);
#1942=(LENGTH_UNIT()NAMED_UNIT(*)SI_UNIT(.MILLI.,.METRE.));
#1946=PROPERTY_DEFINITION('geometric validation property','area of PIN_LONG',
#1919);
#1947=REPRESENTATION('surface area',(#1945),#1908);
#1948=PROPERTY_DEFINITION_REPRESENTATION(#1946,#1947);
#1949=(LENGTH_UNIT()NAMED_UNIT(*)SI_UNIT(.MILLI.,.METRE.));
#1953=PROPERTY_DEFINITION('geometric validation property','volume of PIN_LONG',
#1919);
#1954=REPRESENTATION('volume',(#1952),#1908);
#1955=PROPERTY_DEFINITION_REPRESENTATION(#1953,#1954);
#1957=PROPERTY_DEFINITION('geometric validation property',
'centroid of PIN_LONG',#1919);
#1958=REPRESENTATION('centroid',(#1956),#1908);
#1959=PROPERTY_DEFINITION_REPRESENTATION(#1957,#1958);
#1960=SHAPE_DEFINITION_REPRESENTATION(#1919,#1913);
#1961=NEXT_ASSEMBLY_USAGE_OCCURRENCE('15','Next assembly relationship',
'PIN_LONG',#5516,#1918,$);
#1962=PRODUCT_DEFINITION_SHAPE('Placement #15',
'Placement of PIN_LONG with respect to MLX90642BCB_ASM',#1961);
#1964=PROPERTY_DEFINITION('geometric validation property',
'centroid of PIN_LONG',#1962);
#1965=REPRESENTATION('centroid',(#1963),#1908);
#1966=PROPERTY_DEFINITION_REPRESENTATION(#1964,#1965);
#1974=NEXT_ASSEMBLY_USAGE_OCCURRENCE('16','Next assembly relationship',
'PIN_LONG',#5516,#1918,$);
#1975=PRODUCT_DEFINITION_SHAPE('Placement #16',
'Placement of PIN_LONG with respect to MLX90642BCB_ASM',#1974);
#1977=PROPERTY_DEFINITION('geometric validation property',
'centroid of PIN_LONG',#1975);
#1978=REPRESENTATION('centroid',(#1976),#1908);
#1979=PROPERTY_DEFINITION_REPRESENTATION(#1977,#1978);
#1987=NEXT_ASSEMBLY_USAGE_OCCURRENCE('17','Next assembly relationship',
'PIN_LONG',#5516,#1918,$);
#1988=PRODUCT_DEFINITION_SHAPE('Placement #17',
'Placement of PIN_LONG with respect to MLX90642BCB_ASM',#1987);
#1990=PROPERTY_DEFINITION('geometric validation property',
'centroid of PIN_LONG',#1988);
#1991=REPRESENTATION('centroid',(#1989),#1908);
#1992=PROPERTY_DEFINITION_REPRESENTATION(#1990,#1991);
#2000=COLOUR_RGB('',1.E0,7.058823529412E-1,0.E0);
#2005=CIRCLE('',#2004,3.25E-1);
#2010=CIRCLE('',#2009,3.25E-1);
#2015=CIRCLE('',#2014,3.25E-1);
#2028=CIRCLE('',#2027,2.25E-1);
#2037=CIRCLE('',#2036,2.25E-1);
#2050=CIRCLE('',#2049,3.25E-1);
#2059=CIRCLE('',#2058,2.25E-1);
#2064=CIRCLE('',#2063,2.25E-1);
#2086=EDGE_CURVE('',#2071,#2072,#2005,.T.);
#2088=EDGE_CURVE('',#2072,#2071,#2010,.T.);
#2092=ADVANCED_FACE('',(#2091),#2085,.F.);
#2105=EDGE_CURVE('',#2080,#2079,#2015,.T.);
#2107=EDGE_CURVE('',#2072,#2079,#2054,.T.);
#2110=EDGE_CURVE('',#2071,#2080,#2019,.T.);
#2114=ADVANCED_FACE('',(#2113),#2104,.T.);
#2127=EDGE_CURVE('',#2076,#2075,#2028,.T.);
#2129=EDGE_CURVE('',#2075,#2079,#2045,.T.);
#2132=EDGE_CURVE('',#2076,#2080,#2023,.T.);
#2136=ADVANCED_FACE('',(#2135),#2126,.T.);
#2150=EDGE_CURVE('',#2076,#2067,#2032,.T.);
#2152=EDGE_CURVE('',#2067,#2068,#2059,.T.);
#2154=EDGE_CURVE('',#2075,#2068,#2041,.T.);
#2158=ADVANCED_FACE('',(#2157),#2148,.T.);
#2171=EDGE_CURVE('',#2075,#2076,#2037,.T.);
#2174=EDGE_CURVE('',#2068,#2067,#2064,.T.);
#2179=ADVANCED_FACE('',(#2178),#2170,.T.);
#2194=EDGE_CURVE('',#2079,#2080,#2050,.T.);
#2199=ADVANCED_FACE('',(#2198),#2191,.T.);
#2218=ADVANCED_FACE('',(#2217),#2211,.T.);
#2235=ADVANCED_FACE('',(#2234),#2230,.T.);
#2243=CLOSED_SHELL('',(#2092,#2114,#2136,#2158,#2179,#2199,#2218,#2235));
#2244=MANIFOLD_SOLID_BREP('',#2243);
#2245=(LENGTH_UNIT()NAMED_UNIT(*)SI_UNIT(.MILLI.,.METRE.));
#2246=(NAMED_UNIT(*)PLANE_ANGLE_UNIT()SI_UNIT($,.RADIAN.));
#2249=(NAMED_UNIT(*)SI_UNIT($,.STERADIAN.)SOLID_ANGLE_UNIT());
#2251=(GEOMETRIC_REPRESENTATION_CONTEXT(3)GLOBAL_UNCERTAINTY_ASSIGNED_CONTEXT((
#2250))GLOBAL_UNIT_ASSIGNED_CONTEXT((#2245,#2248,#2249))REPRESENTATION_CONTEXT(
'ID4','3'));
#2255=AXIS2_PLACEMENT_3D('',#2252,#2253,#2254);
#2256=ADVANCED_BREP_SHAPE_REPRESENTATION('',(#2255,#2244),#2251);
#2260=PRODUCT_DEFINITION('part definition','',#2259,#1914);
#2261=PRODUCT_DEFINITION_SHAPE('','SHAPE FOR PIN_SHORT.',#2260);
#2262=SHAPE_ASPECT('','solid data associated with PIN_SHORT',#2261,.F.);
#2263=PROPERTY_DEFINITION('',
'shape for solid data with which properties are associated',#2262);
#2264=SHAPE_REPRESENTATION('',(#2244),#2251);
#2265=SHAPE_DEFINITION_REPRESENTATION(#2263,#2264);
#2266=(LENGTH_UNIT()NAMED_UNIT(*)SI_UNIT(.MILLI.,.METRE.));
#2270=PROPERTY_DEFINITION('geometric validation property','area of PIN_SHORT',
#2262);
#2271=REPRESENTATION('surface area',(#2269),#2251);
#2272=PROPERTY_DEFINITION_REPRESENTATION(#2270,#2271);
#2273=(LENGTH_UNIT()NAMED_UNIT(*)SI_UNIT(.MILLI.,.METRE.));
#2277=PROPERTY_DEFINITION('geometric validation property','volume of PIN_SHORT',
#2262);
#2278=REPRESENTATION('volume',(#2276),#2251);
#2279=PROPERTY_DEFINITION_REPRESENTATION(#2277,#2278);
#2281=PROPERTY_DEFINITION('geometric validation property',
'centroid of PIN_SHORT',#2262);
#2282=REPRESENTATION('centroid',(#2280),#2251);
#2283=PROPERTY_DEFINITION_REPRESENTATION(#2281,#2282);
#2284=(LENGTH_UNIT()NAMED_UNIT(*)SI_UNIT(.MILLI.,.METRE.));
#2288=PROPERTY_DEFINITION('geometric validation property','area of PIN_SHORT',
#2261);
#2289=REPRESENTATION('surface area',(#2287),#2251);
#2290=PROPERTY_DEFINITION_REPRESENTATION(#2288,#2289);
#2291=(LENGTH_UNIT()NAMED_UNIT(*)SI_UNIT(.MILLI.,.METRE.));
#2295=PROPERTY_DEFINITION('geometric validation property','volume of PIN_SHORT',
#2261);
#2296=REPRESENTATION('volume',(#2294),#2251);
#2297=PROPERTY_DEFINITION_REPRESENTATION(#2295,#2296);
#2299=PROPERTY_DEFINITION('geometric validation property',
'centroid of PIN_SHORT',#2261);
#2300=REPRESENTATION('centroid',(#2298),#2251);
#2301=PROPERTY_DEFINITION_REPRESENTATION(#2299,#2300);
#2302=SHAPE_DEFINITION_REPRESENTATION(#2261,#2256);
#2303=NEXT_ASSEMBLY_USAGE_OCCURRENCE('18','Next assembly relationship',
'PIN_SHORT',#5516,#2260,$);
#2304=PRODUCT_DEFINITION_SHAPE('Placement #18',
'Placement of PIN_SHORT with respect to MLX90642BCB_ASM',#2303);
#2306=PROPERTY_DEFINITION('geometric validation property',
'centroid of PIN_SHORT',#2304);
#2307=REPRESENTATION('centroid',(#2305),#2251);
#2308=PROPERTY_DEFINITION_REPRESENTATION(#2306,#2307);
#2316=COLOUR_RGB('',4.470588235294E-1,4.549019607843E-1,4.470588235294E-1);
#2321=CIRCLE('',#2320,3.85E0);
#2334=CIRCLE('',#2333,3.85E0);
#2339=CIRCLE('',#2338,2.E-1);
#2344=CIRCLE('',#2343,2.E-1);
#2349=CIRCLE('',#2348,3.85E0);
#2354=CIRCLE('',#2353,3.85E0);
#2359=CIRCLE('',#2358,3.65E0);
#2364=CIRCLE('',#2363,3.65E0);
#2369=CIRCLE('',#2368,1.95E0);
#2382=CIRCLE('',#2381,1.95E0);
#2387=CIRCLE('',#2386,1.95E0);
#2392=CIRCLE('',#2391,1.95E0);
#2397=CIRCLE('',#2396,3.65E0);
#2402=CIRCLE('',#2401,4.3E-1);
#2407=CIRCLE('',#2406,4.3E-1);
#2412=CIRCLE('',#2411,3.65E0);
#2425=CIRCLE('',#2424,4.08E0);
#2430=CIRCLE('',#2429,4.08E0);
#2435=CIRCLE('',#2434,4.08E0);
#2440=CIRCLE('',#2439,2.007987811979E-1);
#2445=CIRCLE('',#2444,2.007987811979E-1);
#2450=CIRCLE('',#2449,4.08E0);
#2455=CIRCLE('',#2454,4.279878622486E0);
#2460=CIRCLE('',#2459,4.279878622486E0);
#2465=CIRCLE('',#2464,4.5E0);
#2478=CIRCLE('',#2477,4.5E0);
#2483=CIRCLE('',#2482,4.5E0);
#2488=CIRCLE('',#2487,4.5E0);
#2493=CIRCLE('',#2492,4.279787583281E0);
#2498=CIRCLE('',#2497,4.302415186030E-1);
#2503=CIRCLE('',#2502,4.302415186030E-1);
#2508=CIRCLE('',#2507,4.279787583281E0);
#2562=EDGE_CURVE('',#2511,#2512,#2325,.T.);
#2564=EDGE_CURVE('',#2511,#2531,#2321,.T.);
#2566=EDGE_CURVE('',#2531,#2532,#2329,.T.);
#2568=EDGE_CURVE('',#2512,#2532,#2354,.T.);
#2572=ADVANCED_FACE('',(#2571),#2561,.F.);
#2586=EDGE_CURVE('',#2512,#2532,#2349,.T.);
#2589=EDGE_CURVE('',#2511,#2531,#2334,.T.);
#2593=ADVANCED_FACE('',(#2592),#2584,.F.);
#2606=EDGE_CURVE('',#2512,#2514,#2339,.T.);
#2608=EDGE_CURVE('',#2514,#2534,#2359,.T.);
#2610=EDGE_CURVE('',#2532,#2534,#2344,.T.);
#2615=ADVANCED_FACE('',(#2614),#2605,.F.);
#2631=EDGE_CURVE('',#2514,#2534,#2364,.T.);
#2635=ADVANCED_FACE('',(#2634),#2627,.F.);
#2652=EDGE_CURVE('',#2551,#2555,#2369,.T.);
#2654=EDGE_CURVE('',#2551,#2555,#2382,.T.);
#2658=ADVANCED_FACE('',(#2651,#2657),#2647,.F.);
#2671=EDGE_CURVE('',#2551,#2552,#2373,.T.);
#2674=EDGE_CURVE('',#2555,#2556,#2377,.T.);
#2676=EDGE_CURVE('',#2552,#2556,#2392,.T.);
#2680=ADVANCED_FACE('',(#2679),#2670,.F.);
#2694=EDGE_CURVE('',#2552,#2556,#2387,.T.);
#2700=ADVANCED_FACE('',(#2699),#2692,.F.);
#2713=EDGE_CURVE('',#2517,#2537,#2397,.T.);
#2715=EDGE_CURVE('',#2517,#2537,#2412,.T.);
#2723=ADVANCED_FACE('',(#2718,#2722),#2712,.T.);
#2736=EDGE_CURVE('',#2517,#2518,#2402,.T.);
#2739=EDGE_CURVE('',#2537,#2538,#2407,.T.);
#2741=EDGE_CURVE('',#2518,#2538,#2430,.T.);
#2745=ADVANCED_FACE('',(#2744),#2735,.T.);
#2759=EDGE_CURVE('',#2518,#2538,#2425,.T.);
#2765=ADVANCED_FACE('',(#2764),#2757,.T.);
#2778=EDGE_CURVE('',#2518,#2520,#2416,.T.);
#2780=EDGE_CURVE('',#2520,#2540,#2450,.T.);
#2782=EDGE_CURVE('',#2538,#2540,#2420,.T.);
#2787=ADVANCED_FACE('',(#2786),#2777,.T.);
#2803=EDGE_CURVE('',#2520,#2540,#2435,.T.);
#2807=ADVANCED_FACE('',(#2806),#2799,.T.);
#2820=EDGE_CURVE('',#2520,#2522,#2440,.T.);
#2823=EDGE_CURVE('',#2540,#2542,#2445,.T.);
#2825=EDGE_CURVE('',#2522,#2542,#2460,.T.);
#2829=ADVANCED_FACE('',(#2828),#2819,.F.);
#2843=EDGE_CURVE('',#2522,#2542,#2455,.T.);
#2849=ADVANCED_FACE('',(#2848),#2841,.F.);
#2862=EDGE_CURVE('',#2525,#2545,#2465,.T.);
#2864=EDGE_CURVE('',#2525,#2545,#2478,.T.);
#2872=ADVANCED_FACE('',(#2867,#2871),#2861,.T.);
#2885=EDGE_CURVE('',#2525,#2526,#2469,.T.);
#2888=EDGE_CURVE('',#2545,#2546,#2473,.T.);
#2890=EDGE_CURVE('',#2526,#2546,#2488,.T.);
#2894=ADVANCED_FACE('',(#2893),#2884,.T.);
#2908=EDGE_CURVE('',#2526,#2546,#2483,.T.);
#2914=ADVANCED_FACE('',(#2913),#2906,.T.);
#2931=EDGE_CURVE('',#2528,#2548,#2493,.T.);
#2933=EDGE_CURVE('',#2528,#2548,#2508,.T.);
#2937=ADVANCED_FACE('',(#2930,#2936),#2926,.F.);
#2950=EDGE_CURVE('',#2528,#2511,#2498,.T.);
#2953=EDGE_CURVE('',#2548,#2531,#2503,.T.);
#2958=ADVANCED_FACE('',(#2957),#2949,.T.);
#2977=ADVANCED_FACE('',(#2976),#2970,.T.);
#2985=CLOSED_SHELL('',(#2572,#2593,#2615,#2635,#2658,#2680,#2700,#2723,#2745,
#2765,#2787,#2807,#2829,#2849,#2872,#2894,#2914,#2937,#2958,#2977));
#2986=MANIFOLD_SOLID_BREP('',#2985);
#2987=(LENGTH_UNIT()NAMED_UNIT(*)SI_UNIT(.MILLI.,.METRE.));
#2988=(NAMED_UNIT(*)PLANE_ANGLE_UNIT()SI_UNIT($,.RADIAN.));
#2991=(NAMED_UNIT(*)SI_UNIT($,.STERADIAN.)SOLID_ANGLE_UNIT());
#2993=(GEOMETRIC_REPRESENTATION_CONTEXT(3)GLOBAL_UNCERTAINTY_ASSIGNED_CONTEXT((
#2992))GLOBAL_UNIT_ASSIGNED_CONTEXT((#2987,#2990,#2991))REPRESENTATION_CONTEXT(
'ID5','3'));
#2997=AXIS2_PLACEMENT_3D('',#2994,#2995,#2996);
#2998=ADVANCED_BREP_SHAPE_REPRESENTATION('',(#2997,#2986),#2993);
#3003=PRODUCT_DEFINITION('part definition','',#3002,#2999);
#3004=PRODUCT_DEFINITION_SHAPE('','SHAPE FOR TO39_CAP_90642_BCB.',#3003);
#3005=SHAPE_ASPECT('','solid data associated with TO39_CAP_90642_BCB',#3004,
.F.);
#3006=PROPERTY_DEFINITION('',
'shape for solid data with which properties are associated',#3005);
#3007=SHAPE_REPRESENTATION('',(#2986),#2993);
#3008=SHAPE_DEFINITION_REPRESENTATION(#3006,#3007);
#3009=(LENGTH_UNIT()NAMED_UNIT(*)SI_UNIT(.MILLI.,.METRE.));
#3013=PROPERTY_DEFINITION('geometric validation property',
'area of TO39_CAP_90642_BCB',#3005);
#3014=REPRESENTATION('surface area',(#3012),#2993);
#3015=PROPERTY_DEFINITION_REPRESENTATION(#3013,#3014);
#3016=(LENGTH_UNIT()NAMED_UNIT(*)SI_UNIT(.MILLI.,.METRE.));
#3020=PROPERTY_DEFINITION('geometric validation property',
'volume of TO39_CAP_90642_BCB',#3005);
#3021=REPRESENTATION('volume',(#3019),#2993);
#3022=PROPERTY_DEFINITION_REPRESENTATION(#3020,#3021);
#3024=PROPERTY_DEFINITION('geometric validation property',
'centroid of TO39_CAP_90642_BCB',#3005);
#3025=REPRESENTATION('centroid',(#3023),#2993);
#3026=PROPERTY_DEFINITION_REPRESENTATION(#3024,#3025);
#3027=(LENGTH_UNIT()NAMED_UNIT(*)SI_UNIT(.MILLI.,.METRE.));
#3031=PROPERTY_DEFINITION('geometric validation property',
'area of TO39_CAP_90642_BCB',#3004);
#3032=REPRESENTATION('surface area',(#3030),#2993);
#3033=PROPERTY_DEFINITION_REPRESENTATION(#3031,#3032);
#3034=(LENGTH_UNIT()NAMED_UNIT(*)SI_UNIT(.MILLI.,.METRE.));
#3038=PROPERTY_DEFINITION('geometric validation property',
'volume of TO39_CAP_90642_BCB',#3004);
#3039=REPRESENTATION('volume',(#3037),#2993);
#3040=PROPERTY_DEFINITION_REPRESENTATION(#3038,#3039);
#3042=PROPERTY_DEFINITION('geometric validation property',
'centroid of TO39_CAP_90642_BCB',#3004);
#3043=REPRESENTATION('centroid',(#3041),#2993);
#3044=PROPERTY_DEFINITION_REPRESENTATION(#3042,#3043);
#3045=SHAPE_DEFINITION_REPRESENTATION(#3004,#2998);
#3046=NEXT_ASSEMBLY_USAGE_OCCURRENCE('19','Next assembly relationship',
'TO39_CAP_90642_BCB',#5516,#3003,$);
#3047=PRODUCT_DEFINITION_SHAPE('Placement #19',
'Placement of TO39_CAP_90642_BCB with respect to MLX90642BCB_ASM',#3046);
#3049=PROPERTY_DEFINITION('geometric validation property',
'centroid of TO39_CAP_90642_BCB',#3047);
#3050=REPRESENTATION('centroid',(#3048),#2993);
#3051=PROPERTY_DEFINITION_REPRESENTATION(#3049,#3050);
#3059=COLOUR_RGB('',3.921568627451E-1,3.529411764706E-1,3.921568627451E-1);
#3064=CIRCLE('',#3063,3.325E0);
#3069=CIRCLE('',#3068,3.325E0);
#3082=CIRCLE('',#3081,3.025E0);
#3087=CIRCLE('',#3086,3.025E0);
#3096=CIRCLE('',#3095,3.325E0);
#3105=CIRCLE('',#3104,3.325E0);
#3110=CIRCLE('',#3109,9.7E0);
#3115=CIRCLE('',#3114,9.7E0);
#3135=EDGE_CURVE('',#3118,#3119,#3064,.T.);
#3137=EDGE_CURVE('',#3121,#3119,#3115,.T.);
#3139=EDGE_CURVE('',#3121,#3118,#3110,.T.);
#3143=ADVANCED_FACE('',(#3142),#3134,.T.);
#3156=EDGE_CURVE('',#3128,#3129,#3069,.T.);
#3158=EDGE_CURVE('',#3119,#3129,#3100,.T.);
#3161=EDGE_CURVE('',#3118,#3128,#3073,.T.);
#3165=ADVANCED_FACE('',(#3164),#3155,.T.);
#3178=EDGE_CURVE('',#3124,#3125,#3082,.T.);
#3180=EDGE_CURVE('',#3125,#3129,#3091,.T.);
#3183=EDGE_CURVE('',#3124,#3128,#3077,.T.);
#3187=ADVANCED_FACE('',(#3186),#3177,.T.);
#3201=EDGE_CURVE('',#3125,#3124,#3087,.T.);
#3205=ADVANCED_FACE('',(#3204),#3199,.T.);
#3220=EDGE_CURVE('',#3129,#3128,#3096,.T.);
#3225=ADVANCED_FACE('',(#3224),#3217,.T.);
#3240=EDGE_CURVE('',#3119,#3118,#3105,.T.);
#3245=ADVANCED_FACE('',(#3244),#3237,.T.);
#3263=ADVANCED_FACE('',(#3262),#3257,.T.);
#3271=CLOSED_SHELL('',(#3143,#3165,#3187,#3205,#3225,#3245,#3263));
#3272=MANIFOLD_SOLID_BREP('',#3271);
#3273=(LENGTH_UNIT()NAMED_UNIT(*)SI_UNIT(.MILLI.,.METRE.));
#3274=(NAMED_UNIT(*)PLANE_ANGLE_UNIT()SI_UNIT($,.RADIAN.));
#3277=(NAMED_UNIT(*)SI_UNIT($,.STERADIAN.)SOLID_ANGLE_UNIT());
#3279=(GEOMETRIC_REPRESENTATION_CONTEXT(3)GLOBAL_UNCERTAINTY_ASSIGNED_CONTEXT((
#3278))GLOBAL_UNIT_ASSIGNED_CONTEXT((#3273,#3276,#3277))REPRESENTATION_CONTEXT(
'ID6','3'));
#3283=AXIS2_PLACEMENT_3D('',#3280,#3281,#3282);
#3284=ADVANCED_BREP_SHAPE_REPRESENTATION('',(#3283,#3272),#3279);
#3288=PRODUCT_DEFINITION('part definition','',#3287,#2999);
#3289=PRODUCT_DEFINITION_SHAPE('','SHAPE FOR LENS_NARROW_02.',#3288);
#3290=SHAPE_ASPECT('','solid data associated with LENS_NARROW_02',#3289,.F.);
#3291=PROPERTY_DEFINITION('',
'shape for solid data with which properties are associated',#3290);
#3292=SHAPE_REPRESENTATION('',(#3272),#3279);
#3293=SHAPE_DEFINITION_REPRESENTATION(#3291,#3292);
#3294=(LENGTH_UNIT()NAMED_UNIT(*)SI_UNIT(.MILLI.,.METRE.));
#3298=PROPERTY_DEFINITION('geometric validation property',
'area of LENS_NARROW_02',#3290);
#3299=REPRESENTATION('surface area',(#3297),#3279);
#3300=PROPERTY_DEFINITION_REPRESENTATION(#3298,#3299);
#3301=(LENGTH_UNIT()NAMED_UNIT(*)SI_UNIT(.MILLI.,.METRE.));
#3305=PROPERTY_DEFINITION('geometric validation property',
'volume of LENS_NARROW_02',#3290);
#3306=REPRESENTATION('volume',(#3304),#3279);
#3307=PROPERTY_DEFINITION_REPRESENTATION(#3305,#3306);
#3309=PROPERTY_DEFINITION('geometric validation property',
'centroid of LENS_NARROW_02',#3290);
#3310=REPRESENTATION('centroid',(#3308),#3279);
#3311=PROPERTY_DEFINITION_REPRESENTATION(#3309,#3310);
#3312=(LENGTH_UNIT()NAMED_UNIT(*)SI_UNIT(.MILLI.,.METRE.));
#3316=PROPERTY_DEFINITION('geometric validation property',
'area of LENS_NARROW_02',#3289);
#3317=REPRESENTATION('surface area',(#3315),#3279);
#3318=PROPERTY_DEFINITION_REPRESENTATION(#3316,#3317);
#3319=(LENGTH_UNIT()NAMED_UNIT(*)SI_UNIT(.MILLI.,.METRE.));
#3323=PROPERTY_DEFINITION('geometric validation property',
'volume of LENS_NARROW_02',#3289);
#3324=REPRESENTATION('volume',(#3322),#3279);
#3325=PROPERTY_DEFINITION_REPRESENTATION(#3323,#3324);
#3327=PROPERTY_DEFINITION('geometric validation property',
'centroid of LENS_NARROW_02',#3289);
#3328=REPRESENTATION('centroid',(#3326),#3279);
#3329=PROPERTY_DEFINITION_REPRESENTATION(#3327,#3328);
#3330=SHAPE_DEFINITION_REPRESENTATION(#3289,#3284);
#3331=NEXT_ASSEMBLY_USAGE_OCCURRENCE('20','Next assembly relationship',
'LENS_NARROW_02',#5516,#3288,$);
#3332=PRODUCT_DEFINITION_SHAPE('Placement #20',
'Placement of LENS_NARROW_02 with respect to MLX90642BCB_ASM',#3331);
#3334=PROPERTY_DEFINITION('geometric validation property',
'centroid of LENS_NARROW_02',#3332);
#3335=REPRESENTATION('centroid',(#3333),#3279);
#3336=PROPERTY_DEFINITION_REPRESENTATION(#3334,#3335);
#3344=COLOUR_RGB('',1.372549019608E-1,1.176470588235E-1,1.568627450980E-1);
#3350=CIRCLE('',#3349,4.145E0);
#3365=CIRCLE('',#3364,4.145E0);
#3380=CIRCLE('',#3379,4.65E0);
#3388=CIRCLE('',#3387,4.65E0);
#3396=CIRCLE('',#3395,4.65E0);
#3411=CIRCLE('',#3410,4.65E0);
#3426=CIRCLE('',#3425,7.5E-1);
#3434=CIRCLE('',#3433,4.65E0);
#3442=CIRCLE('',#3441,7.5E-1);
#3450=CIRCLE('',#3449,4.65E0);
#3458=CIRCLE('',#3457,4.650573321745E0);
#3473=CIRCLE('',#3472,4.650573321745E0);
#3488=CIRCLE('',#3487,7.5E-1);
#3496=CIRCLE('',#3495,4.650573321745E0);
#3504=CIRCLE('',#3503,7.5E-1);
#3512=CIRCLE('',#3511,4.650573321745E0);
#3520=CIRCLE('',#3519,4.65E0);
#3535=CIRCLE('',#3534,4.65E0);
#3557=CIRCLE('',#3556,4.15E0);
#3572=CIRCLE('',#3571,4.15E0);
#3580=CIRCLE('',#3579,3.4E0);
#3588=CIRCLE('',#3587,3.4E0);
#3604=B_SPLINE_CURVE_WITH_KNOTS('',3,(#3592,#3593,#3594,#3595,#3596,#3597,#3598,
#3599,#3600,#3601,#3602,#3603),.UNSPECIFIED.,.F.,.F.,(4,1,1,1,1,1,1,1,1,4),
(0.E0,1.111111111111E-1,2.222222222222E-1,3.333333333333E-1,4.444444444444E-1,
5.555555555556E-1,6.666666666667E-1,7.777777777778E-1,8.888888888889E-1,1.E0),
.UNSPECIFIED.);
#3623=B_SPLINE_CURVE_WITH_KNOTS('',3,(#3615,#3616,#3617,#3618,#3619,#3620,#3621,
#3622),.UNSPECIFIED.,.F.,.F.,(4,1,1,1,1,4),(0.E0,2.E-1,4.E-1,6.E-1,8.E-1,1.E0),
.UNSPECIFIED.);
#3631=CIRCLE('',#3630,2.5E0);
#3645=B_SPLINE_CURVE_WITH_KNOTS('',3,(#3635,#3636,#3637,#3638,#3639,#3640,#3641,
#3642,#3643,#3644),.UNSPECIFIED.,.F.,.F.,(4,1,1,1,1,1,1,4),(0.E0,
1.428571428571E-1,2.857142857143E-1,4.285714285714E-1,5.714285714286E-1,
7.142857142857E-1,8.571428571429E-1,1.E0),.UNSPECIFIED.);
#3670=B_SPLINE_CURVE_WITH_KNOTS('',3,(#3663,#3664,#3665,#3666,#3667,#3668,
#3669),.UNSPECIFIED.,.F.,.F.,(4,1,1,1,4),(0.E0,2.5E-1,5.E-1,7.5E-1,1.E0),
.UNSPECIFIED.);
#3703=B_SPLINE_CURVE_WITH_KNOTS('',3,(#3674,#3675,#3676,#3677,#3678,#3679,#3680,
#3681,#3682,#3683,#3684,#3685,#3686,#3687,#3688,#3689,#3690,#3691,#3692,#3693,
#3694,#3695,#3696,#3697,#3698,#3699,#3700,#3701,#3702),.UNSPECIFIED.,.F.,.F.,(4,
1,1,1,1,1,1,1,1,1,1,1,1,1,1,1,1,1,1,1,1,1,1,1,1,1,4),(0.E0,3.846153846154E-2,
7.692307692308E-2,1.153846153846E-1,1.538461538462E-1,1.923076923077E-1,
2.307692307692E-1,2.692307692308E-1,3.076923076923E-1,3.461538461538E-1,
3.846153846154E-1,4.230769230769E-1,4.615384615385E-1,5.E-1,5.384615384615E-1,
5.769230769231E-1,6.153846153846E-1,6.538461538462E-1,6.923076923077E-1,
7.307692307692E-1,7.692307692308E-1,8.076923076923E-1,8.461538461538E-1,
8.846153846154E-1,9.230769230769E-1,9.615384615385E-1,1.E0),.UNSPECIFIED.);
#3771=B_SPLINE_CURVE_WITH_KNOTS('',3,(#3714,#3715,#3716,#3717,#3718,#3719,#3720,
#3721,#3722,#3723,#3724,#3725,#3726,#3727,#3728,#3729,#3730,#3731,#3732,#3733,
#3734,#3735,#3736,#3737,#3738,#3739,#3740,#3741,#3742,#3743,#3744,#3745,#3746,
#3747,#3748,#3749,#3750,#3751,#3752,#3753,#3754,#3755,#3756,#3757,#3758,#3759,
#3760,#3761,#3762,#3763,#3764,#3765,#3766,#3767,#3768,#3769,#3770),
.UNSPECIFIED.,.F.,.F.,(4,1,1,1,1,1,1,1,1,1,1,1,1,1,1,1,1,1,1,1,1,1,1,1,1,1,1,1,
1,1,1,1,1,1,1,1,1,1,1,1,1,1,1,1,1,1,1,1,1,1,1,1,1,1,4),(0.E0,1.851851851852E-2,
3.703703703704E-2,5.555555555556E-2,7.407407407407E-2,9.259259259259E-2,
1.111111111111E-1,1.296296296296E-1,1.481481481481E-1,1.666666666667E-1,
1.851851851852E-1,2.037037037037E-1,2.222222222222E-1,2.407407407407E-1,
2.592592592593E-1,2.777777777778E-1,2.962962962963E-1,3.148148148148E-1,
3.333333333333E-1,3.518518518519E-1,3.703703703704E-1,3.888888888889E-1,
4.074074074074E-1,4.259259259259E-1,4.444444444444E-1,4.629629629630E-1,
4.814814814815E-1,5.E-1,5.185185185185E-1,5.370370370370E-1,5.555555555556E-1,
5.740740740741E-1,5.925925925926E-1,6.111111111111E-1,6.296296296296E-1,
6.481481481481E-1,6.666666666667E-1,6.851851851852E-1,7.037037037037E-1,
7.222222222222E-1,7.407407407407E-1,7.592592592593E-1,7.777777777778E-1,
7.962962962963E-1,8.148148148148E-1,8.333333333333E-1,8.518518518519E-1,
8.703703703704E-1,8.888888888889E-1,9.074074074074E-1,9.259259259259E-1,
9.444444444444E-1,9.629629629630E-1,9.814814814815E-1,1.E0),.UNSPECIFIED.);
#3793=B_SPLINE_CURVE_WITH_KNOTS('',3,(#3782,#3783,#3784,#3785,#3786,#3787,#3788,
#3789,#3790,#3791,#3792),.UNSPECIFIED.,.F.,.F.,(4,1,1,1,1,1,1,1,4),(0.E0,
1.25E-1,2.5E-1,3.75E-1,5.E-1,6.25E-1,7.5E-1,8.75E-1,1.E0),.UNSPECIFIED.);
#3808=B_SPLINE_CURVE_WITH_KNOTS('',3,(#3797,#3798,#3799,#3800,#3801,#3802,#3803,
#3804,#3805,#3806,#3807),.UNSPECIFIED.,.F.,.F.,(4,1,1,1,1,1,1,1,4),(0.E0,
1.25E-1,2.5E-1,3.75E-1,5.E-1,6.25E-1,7.5E-1,8.75E-1,1.E0),.UNSPECIFIED.);
#3822=B_SPLINE_CURVE_WITH_KNOTS('',3,(#3812,#3813,#3814,#3815,#3816,#3817,#3818,
#3819,#3820,#3821),.UNSPECIFIED.,.F.,.F.,(4,1,1,1,1,1,1,4),(0.E0,
1.428571428571E-1,2.857142857143E-1,4.285714285714E-1,5.714285714286E-1,
7.142857142857E-1,8.571428571429E-1,1.E0),.UNSPECIFIED.);
#3836=B_SPLINE_CURVE_WITH_KNOTS('',3,(#3826,#3827,#3828,#3829,#3830,#3831,#3832,
#3833,#3834,#3835),.UNSPECIFIED.,.F.,.F.,(4,1,1,1,1,1,1,4),(0.E0,
1.428571428571E-1,2.857142857143E-1,4.285714285714E-1,5.714285714286E-1,
7.142857142857E-1,8.571428571429E-1,1.E0),.UNSPECIFIED.);
#3846=B_SPLINE_CURVE_WITH_KNOTS('',3,(#3840,#3841,#3842,#3843,#3844,#3845),
.UNSPECIFIED.,.F.,.F.,(4,1,1,4),(0.E0,3.333333333333E-1,6.666666666667E-1,1.E0),
.UNSPECIFIED.);
#3861=B_SPLINE_CURVE_WITH_KNOTS('',3,(#3850,#3851,#3852,#3853,#3854,#3855,#3856,
#3857,#3858,#3859,#3860),.UNSPECIFIED.,.F.,.F.,(4,1,1,1,1,1,1,1,4),(0.E0,
1.25E-1,2.5E-1,3.75E-1,5.E-1,6.25E-1,7.5E-1,8.75E-1,1.E0),.UNSPECIFIED.);
#3876=B_SPLINE_CURVE_WITH_KNOTS('',3,(#3865,#3866,#3867,#3868,#3869,#3870,#3871,
#3872,#3873,#3874,#3875),.UNSPECIFIED.,.F.,.F.,(4,1,1,1,1,1,1,1,4),(0.E0,
1.25E-1,2.5E-1,3.75E-1,5.E-1,6.25E-1,7.5E-1,8.75E-1,1.E0),.UNSPECIFIED.);
#3891=B_SPLINE_CURVE_WITH_KNOTS('',3,(#3880,#3881,#3882,#3883,#3884,#3885,#3886,
#3887,#3888,#3889,#3890),.UNSPECIFIED.,.F.,.F.,(4,1,1,1,1,1,1,1,4),(0.E0,
1.25E-1,2.5E-1,3.75E-1,5.E-1,6.25E-1,7.5E-1,8.75E-1,1.E0),.UNSPECIFIED.);
#3904=B_SPLINE_CURVE_WITH_KNOTS('',3,(#3895,#3896,#3897,#3898,#3899,#3900,#3901,
#3902,#3903),.UNSPECIFIED.,.F.,.F.,(4,1,1,1,1,1,4),(0.E0,1.666666666667E-1,
3.333333333333E-1,5.E-1,6.666666666667E-1,8.333333333333E-1,1.E0),
.UNSPECIFIED.);
#3914=B_SPLINE_CURVE_WITH_KNOTS('',3,(#3908,#3909,#3910,#3911,#3912,#3913),
.UNSPECIFIED.,.F.,.F.,(4,1,1,4),(0.E0,3.333333333333E-1,6.666666666667E-1,1.E0),
.UNSPECIFIED.);
#3929=B_SPLINE_CURVE_WITH_KNOTS('',3,(#3918,#3919,#3920,#3921,#3922,#3923,#3924,
#3925,#3926,#3927,#3928),.UNSPECIFIED.,.F.,.F.,(4,1,1,1,1,1,1,1,4),(0.E0,
1.25E-1,2.5E-1,3.75E-1,5.E-1,6.25E-1,7.5E-1,8.75E-1,1.E0),.UNSPECIFIED.);
#3944=B_SPLINE_CURVE_WITH_KNOTS('',3,(#3933,#3934,#3935,#3936,#3937,#3938,#3939,
#3940,#3941,#3942,#3943),.UNSPECIFIED.,.F.,.F.,(4,1,1,1,1,1,1,1,4),(0.E0,
1.25E-1,2.5E-1,3.75E-1,5.E-1,6.25E-1,7.5E-1,8.75E-1,1.E0),.UNSPECIFIED.);
#3962=B_SPLINE_CURVE_WITH_KNOTS('',3,(#3948,#3949,#3950,#3951,#3952,#3953,#3954,
#3955,#3956,#3957,#3958,#3959,#3960,#3961),.UNSPECIFIED.,.F.,.F.,(4,1,1,1,1,1,1,
1,1,1,1,4),(0.E0,9.090909090909E-2,1.818181818182E-1,2.727272727273E-1,
3.636363636364E-1,4.545454545455E-1,5.454545454545E-1,6.363636363636E-1,
7.272727272727E-1,8.181818181818E-1,9.090909090909E-1,1.E0),.UNSPECIFIED.);
#3970=CIRCLE('',#3969,2.5E0);
#3988=B_SPLINE_CURVE_WITH_KNOTS('',3,(#3974,#3975,#3976,#3977,#3978,#3979,#3980,
#3981,#3982,#3983,#3984,#3985,#3986,#3987),.UNSPECIFIED.,.F.,.F.,(4,1,1,1,1,1,1,
1,1,1,1,4),(0.E0,9.090909090909E-2,1.818181818182E-1,2.727272727273E-1,
3.636363636364E-1,4.545454545455E-1,5.454545454545E-1,6.363636363636E-1,
7.272727272727E-1,8.181818181818E-1,9.090909090909E-1,1.E0),.UNSPECIFIED.);
#4005=B_SPLINE_CURVE_WITH_KNOTS('',3,(#3999,#4000,#4001,#4002,#4003,#4004),
.UNSPECIFIED.,.F.,.F.,(4,1,1,4),(0.E0,3.333333333333E-1,6.666666666667E-1,1.E0),
.UNSPECIFIED.);
#4018=B_SPLINE_CURVE_WITH_KNOTS('',3,(#4009,#4010,#4011,#4012,#4013,#4014,#4015,
#4016,#4017),.UNSPECIFIED.,.F.,.F.,(4,1,1,1,1,1,4),(0.E0,1.666666666667E-1,
3.333333333333E-1,5.E-1,6.666666666667E-1,8.333333333333E-1,1.E0),
.UNSPECIFIED.);
#4028=B_SPLINE_CURVE_WITH_KNOTS('',3,(#4022,#4023,#4024,#4025,#4026,#4027),
.UNSPECIFIED.,.F.,.F.,(4,1,1,4),(0.E0,3.333333333333E-1,6.666666666667E-1,1.E0),
.UNSPECIFIED.);
#4050=B_SPLINE_CURVE_WITH_KNOTS('',3,(#4039,#4040,#4041,#4042,#4043,#4044,#4045,
#4046,#4047,#4048,#4049),.UNSPECIFIED.,.F.,.F.,(4,1,1,1,1,1,1,1,4),(0.E0,
1.25E-1,2.5E-1,3.75E-1,5.E-1,6.25E-1,7.5E-1,8.75E-1,1.E0),.UNSPECIFIED.);
#4072=B_SPLINE_CURVE_WITH_KNOTS('',3,(#4061,#4062,#4063,#4064,#4065,#4066,#4067,
#4068,#4069,#4070,#4071),.UNSPECIFIED.,.F.,.F.,(4,1,1,1,1,1,1,1,4),(0.E0,
1.25E-1,2.5E-1,3.75E-1,5.E-1,6.25E-1,7.5E-1,8.75E-1,1.E0),.UNSPECIFIED.);
#4094=B_SPLINE_CURVE_WITH_KNOTS('',3,(#4083,#4084,#4085,#4086,#4087,#4088,#4089,
#4090,#4091,#4092,#4093),.UNSPECIFIED.,.F.,.F.,(4,1,1,1,1,1,1,1,4),(0.E0,
1.25E-1,2.5E-1,3.75E-1,5.E-1,6.25E-1,7.5E-1,8.75E-1,1.E0),.UNSPECIFIED.);
#4116=B_SPLINE_CURVE_WITH_KNOTS('',3,(#4105,#4106,#4107,#4108,#4109,#4110,#4111,
#4112,#4113,#4114,#4115),.UNSPECIFIED.,.F.,.F.,(4,1,1,1,1,1,1,1,4),(0.E0,
1.25E-1,2.5E-1,3.75E-1,5.E-1,6.25E-1,7.5E-1,8.75E-1,1.E0),.UNSPECIFIED.);
#4138=B_SPLINE_CURVE_WITH_KNOTS('',3,(#4127,#4128,#4129,#4130,#4131,#4132,#4133,
#4134,#4135,#4136,#4137),.UNSPECIFIED.,.F.,.F.,(4,1,1,1,1,1,1,1,4),(0.E0,
1.25E-1,2.5E-1,3.75E-1,5.E-1,6.25E-1,7.5E-1,8.75E-1,1.E0),.UNSPECIFIED.);
#4160=B_SPLINE_CURVE_WITH_KNOTS('',3,(#4149,#4150,#4151,#4152,#4153,#4154,#4155,
#4156,#4157,#4158,#4159),.UNSPECIFIED.,.F.,.F.,(4,1,1,1,1,1,1,1,4),(0.E0,
1.25E-1,2.5E-1,3.75E-1,5.E-1,6.25E-1,7.5E-1,8.75E-1,1.E0),.UNSPECIFIED.);
#4182=B_SPLINE_CURVE_WITH_KNOTS('',3,(#4171,#4172,#4173,#4174,#4175,#4176,#4177,
#4178,#4179,#4180,#4181),.UNSPECIFIED.,.F.,.F.,(4,1,1,1,1,1,1,1,4),(0.E0,
1.25E-1,2.5E-1,3.75E-1,5.E-1,6.25E-1,7.5E-1,8.75E-1,1.E0),.UNSPECIFIED.);
#4214=B_SPLINE_CURVE_WITH_KNOTS('',3,(#4193,#4194,#4195,#4196,#4197,#4198,#4199,
#4200,#4201,#4202,#4203,#4204,#4205,#4206,#4207,#4208,#4209,#4210,#4211,#4212,
#4213),.UNSPECIFIED.,.F.,.F.,(4,1,1,1,1,1,1,1,1,1,1,1,1,1,1,1,1,1,4),(0.E0,
5.555555555556E-2,1.111111111111E-1,1.666666666667E-1,2.222222222222E-1,
2.777777777778E-1,3.333333333333E-1,3.888888888889E-1,4.444444444444E-1,5.E-1,
5.555555555556E-1,6.111111111111E-1,6.666666666667E-1,7.222222222222E-1,
7.777777777778E-1,8.333333333333E-1,8.888888888889E-1,9.444444444444E-1,1.E0),
.UNSPECIFIED.);
#4222=CIRCLE('',#4221,4.145E0);
#4230=CIRCLE('',#4229,4.145E0);
#4250=B_SPLINE_CURVE_WITH_KNOTS('',3,(#4234,#4235,#4236,#4237,#4238,#4239,#4240,
#4241,#4242,#4243,#4244,#4245,#4246,#4247,#4248,#4249),.UNSPECIFIED.,.F.,.F.,(4,
1,1,1,1,1,1,1,1,1,1,1,1,4),(0.E0,7.692307692308E-2,1.538461538462E-1,
2.307692307692E-1,3.076923076923E-1,3.846153846154E-1,4.615384615385E-1,
5.384615384615E-1,6.153846153846E-1,6.923076923077E-1,7.692307692308E-1,
8.461538461538E-1,9.230769230769E-1,1.E0),.UNSPECIFIED.);
#4270=B_SPLINE_CURVE_WITH_KNOTS('',3,(#4254,#4255,#4256,#4257,#4258,#4259,#4260,
#4261,#4262,#4263,#4264,#4265,#4266,#4267,#4268,#4269),.UNSPECIFIED.,.F.,.F.,(4,
1,1,1,1,1,1,1,1,1,1,1,1,4),(0.E0,7.692307692308E-2,1.538461538462E-1,
2.307692307692E-1,3.076923076923E-1,3.846153846154E-1,4.615384615385E-1,
5.384615384615E-1,6.153846153846E-1,6.923076923077E-1,7.692307692308E-1,
8.461538461538E-1,9.230769230769E-1,1.E0),.UNSPECIFIED.);
#4360=EDGE_CURVE('',#4283,#4284,#3357,.T.);
#4362=EDGE_CURVE('',#4284,#4302,#4222,.T.);
#4364=EDGE_CURVE('',#4301,#4302,#3372,.T.);
#4366=EDGE_CURVE('',#4283,#4301,#3350,.T.);
#4370=ADVANCED_FACE('',(#4369),#4359,.F.);
#4377=EDGE_CURVE('',#4283,#4301,#3365,.T.);
#4380=EDGE_CURVE('',#4284,#4302,#4230,.T.);
#4384=ADVANCED_FACE('',(#4383),#4375,.F.);
#4390=EDGE_CURVE('',#4298,#4316,#3380,.T.);
#4392=EDGE_CURVE('',#4298,#4316,#3388,.T.);
#4400=ADVANCED_FACE('',(#4395,#4399),#4389,.T.);
#4406=EDGE_CURVE('',#4296,#4298,#3403,.T.);
#4409=EDGE_CURVE('',#4314,#4316,#3418,.T.);
#4411=EDGE_CURVE('',#4296,#4314,#3396,.T.);
#4415=ADVANCED_FACE('',(#4414),#4405,.T.);
#4422=EDGE_CURVE('',#4296,#4314,#3411,.T.);
#4428=ADVANCED_FACE('',(#4427),#4420,.T.);
#4434=EDGE_CURVE('',#4294,#4296,#3426,.T.);
#4436=EDGE_CURVE('',#4294,#4312,#3434,.T.);
#4438=EDGE_CURVE('',#4312,#4314,#3442,.T.);
#4443=ADVANCED_FACE('',(#4442),#4433,.F.);
#4452=EDGE_CURVE('',#4294,#4312,#3450,.T.);
#4456=ADVANCED_FACE('',(#4455),#4448,.F.);
#4462=EDGE_CURVE('',#4292,#4294,#3465,.T.);
#4465=EDGE_CURVE('',#4310,#4312,#3480,.T.);
#4467=EDGE_CURVE('',#4292,#4310,#3458,.T.);
#4471=ADVANCED_FACE('',(#4470),#4461,.T.);
#4478=EDGE_CURVE('',#4292,#4310,#3473,.T.);
#4484=ADVANCED_FACE('',(#4483),#4476,.T.);
#4490=EDGE_CURVE('',#4290,#4292,#3488,.T.);
#4492=EDGE_CURVE('',#4290,#4308,#3496,.T.);
#4494=EDGE_CURVE('',#4308,#4310,#3504,.T.);
#4499=ADVANCED_FACE('',(#4498),#4489,.F.);
#4508=EDGE_CURVE('',#4290,#4308,#3512,.T.);
#4512=ADVANCED_FACE('',(#4511),#4504,.F.);
#4518=EDGE_CURVE('',#4288,#4290,#3527,.T.);
#4521=EDGE_CURVE('',#4306,#4308,#3542,.T.);
#4523=EDGE_CURVE('',#4288,#4306,#3520,.T.);
#4527=ADVANCED_FACE('',(#4526),#4517,.T.);
#4534=EDGE_CURVE('',#4288,#4306,#3535,.T.);
#4540=ADVANCED_FACE('',(#4539),#4532,.T.);
#4546=EDGE_CURVE('',#4287,#4288,#3549,.T.);
#4548=EDGE_CURVE('',#4287,#4305,#3557,.T.);
#4550=EDGE_CURVE('',#4305,#4306,#3564,.T.);
#4555=ADVANCED_FACE('',(#4554),#4545,.T.);
#4564=EDGE_CURVE('',#4287,#4305,#3572,.T.);
#4568=ADVANCED_FACE('',(#4567),#4560,.T.);
#4578=EDGE_CURVE('',#4319,#4320,#3580,.T.);
#4580=EDGE_CURVE('',#4319,#4320,#3588,.T.);
#4584=ADVANCED_FACE('',(#4577,#4583),#4573,.F.);
#4590=EDGE_CURVE('',#4326,#4327,#3604,.T.);
#4592=EDGE_CURVE('',#4327,#4319,#3659,.T.);
#4595=EDGE_CURVE('',#4326,#4320,#3652,.T.);
#4599=ADVANCED_FACE('',(#4598),#4589,.F.);
#4678=EDGE_CURVE('',#4328,#4326,#3645,.T.);
#4680=EDGE_CURVE('',#4338,#4328,#3822,.T.);
#4682=EDGE_CURVE('',#4338,#4321,#3611,.T.);
#4684=EDGE_CURVE('',#4329,#4321,#3703,.T.);
#4686=EDGE_CURVE('',#4327,#4329,#3670,.T.);
#4690=ADVANCED_FACE('',(#4689),#4676,.F.);
#4696=EDGE_CURVE('',#4329,#4334,#3623,.T.);
#4698=EDGE_CURVE('',#4334,#4328,#3631,.T.);
#4707=ADVANCED_FACE('',(#4706),#4695,.F.);
#4787=EDGE_CURVE('',#4321,#4348,#3710,.T.);
#4789=EDGE_CURVE('',#4348,#4351,#3904,.T.);
#4791=EDGE_CURVE('',#4351,#4352,#4138,.T.);
#4793=EDGE_CURVE('',#4352,#4334,#3836,.T.);
#4797=ADVANCED_FACE('',(#4796),#4784,.F.);
#4939=EDGE_CURVE('',#4344,#4345,#3876,.T.);
#4941=EDGE_CURVE('',#4345,#4347,#4182,.T.);
#4943=EDGE_CURVE('',#4347,#4348,#3914,.T.);
#4946=EDGE_CURVE('',#4321,#4322,#3771,.T.);
#4948=EDGE_CURVE('',#4322,#4354,#3778,.T.);
#4950=EDGE_CURVE('',#4354,#4333,#4005,.T.);
#4952=EDGE_CURVE('',#4333,#4346,#3808,.T.);
#4954=EDGE_CURVE('',#4346,#4349,#4050,.T.);
#4956=EDGE_CURVE('',#4349,#4350,#3944,.T.);
#4958=EDGE_CURVE('',#4350,#4344,#4094,.T.);
#4962=ADVANCED_FACE('',(#4961),#4938,.F.);
#4968=EDGE_CURVE('',#4332,#4333,#3995,.T.);
#4970=EDGE_CURVE('',#4335,#4332,#3793,.T.);
#4972=EDGE_CURVE('',#4335,#4346,#4057,.T.);
#4977=ADVANCED_FACE('',(#4976),#4967,.F.);
#4986=EDGE_CURVE('',#4339,#4352,#4123,.T.);
#4988=EDGE_CURVE('',#4338,#4339,#3846,.T.);
#4992=ADVANCED_FACE('',(#4991),#4982,.F.);
#4998=EDGE_CURVE('',#4336,#4337,#3861,.T.);
#5000=EDGE_CURVE('',#4336,#4345,#4189,.T.);
#5003=EDGE_CURVE('',#4337,#4344,#4079,.T.);
#5007=ADVANCED_FACE('',(#5006),#4997,.F.);
#5013=EDGE_CURVE('',#4340,#4341,#3891,.T.);
#5015=EDGE_CURVE('',#4340,#4351,#4145,.T.);
#5019=EDGE_CURVE('',#4341,#4347,#4167,.T.);
#5023=ADVANCED_FACE('',(#5022),#5012,.F.);
#5029=EDGE_CURVE('',#4342,#4343,#3929,.T.);
#5031=EDGE_CURVE('',#4342,#4350,#4101,.T.);
#5034=EDGE_CURVE('',#4343,#4349,#4035,.T.);
#5038=ADVANCED_FACE('',(#5037),#5028,.F.);
#5044=EDGE_CURVE('',#4354,#4325,#3962,.T.);
#5046=EDGE_CURVE('',#4324,#4325,#3970,.T.);
#5048=EDGE_CURVE('',#4324,#4332,#3988,.T.);
#5054=ADVANCED_FACE('',(#5053),#5043,.F.);
#5060=EDGE_CURVE('',#4353,#4335,#4018,.T.);
#5062=EDGE_CURVE('',#4343,#4353,#4028,.T.);
#5069=ADVANCED_FACE('',(#5068),#5059,.F.);
#5075=EDGE_CURVE('',#4337,#4342,#4072,.T.);
#5082=ADVANCED_FACE('',(#5081),#5074,.F.);
#5088=EDGE_CURVE('',#4339,#4340,#4116,.T.);
#5095=ADVANCED_FACE('',(#5094),#5087,.F.);
#5101=EDGE_CURVE('',#4341,#4336,#4160,.T.);
#5108=ADVANCED_FACE('',(#5107),#5100,.F.);
#5154=EDGE_CURVE('',#4325,#4323,#4270,.T.);
#5158=EDGE_CURVE('',#4322,#4323,#4214,.T.);
#5162=ADVANCED_FACE('',(#5161),#5153,.F.);
#5172=EDGE_CURVE('',#4323,#4324,#4250,.T.);
#5178=ADVANCED_FACE('',(#5171,#5177),#5167,.T.);
#5258=EDGE_CURVE('',#4353,#4322,#4277,.T.);
#5265=ADVANCED_FACE('',(#5264),#5255,.F.);
#5420=ADVANCED_FACE('',(#5419),#5406,.F.);
#5421=CLOSED_SHELL('',(#4370,#4384,#4400,#4415,#4428,#4443,#4456,#4471,#4484,
#4499,#4512,#4527,#4540,#4555,#4568,#4584,#4599,#4690,#4707,#4797,#4962,#4977,
#4992,#5007,#5023,#5038,#5054,#5069,#5082,#5095,#5108,#5162,#5178,#5265,#5420));
#5422=MANIFOLD_SOLID_BREP('',#5421);
#5429=(LENGTH_UNIT()NAMED_UNIT(*)SI_UNIT(.MILLI.,.METRE.));
#5430=(NAMED_UNIT(*)PLANE_ANGLE_UNIT()SI_UNIT($,.RADIAN.));
#5433=(NAMED_UNIT(*)SI_UNIT($,.STERADIAN.)SOLID_ANGLE_UNIT());
#5435=(GEOMETRIC_REPRESENTATION_CONTEXT(3)GLOBAL_UNCERTAINTY_ASSIGNED_CONTEXT((
#5434))GLOBAL_UNIT_ASSIGNED_CONTEXT((#5429,#5432,#5433))REPRESENTATION_CONTEXT(
'ID7','3'));
#5439=AXIS2_PLACEMENT_3D('',#5436,#5437,#5438);
#5440=ADVANCED_BREP_SHAPE_REPRESENTATION('',(#5439,#5422),#5435);
#5445=PRODUCT_DEFINITION('part definition','',#5444,#5441);
#5446=PRODUCT_DEFINITION_SHAPE('','SHAPE FOR 90642_EA_BCB_02.',#5445);
#5447=SHAPE_ASPECT('','solid data associated with 90642_EA_BCB_02',#5446,.F.);
#5448=PROPERTY_DEFINITION('',
'shape for solid data with which properties are associated',#5447);
#5449=SHAPE_REPRESENTATION('',(#5422),#5435);
#5450=SHAPE_DEFINITION_REPRESENTATION(#5448,#5449);
#5451=(LENGTH_UNIT()NAMED_UNIT(*)SI_UNIT(.MILLI.,.METRE.));
#5455=PROPERTY_DEFINITION('geometric validation property',
'area of 90642_EA_BCB_02',#5447);
#5456=REPRESENTATION('surface area',(#5454),#5435);
#5457=PROPERTY_DEFINITION_REPRESENTATION(#5455,#5456);
#5458=(LENGTH_UNIT()NAMED_UNIT(*)SI_UNIT(.MILLI.,.METRE.));
#5462=PROPERTY_DEFINITION('geometric validation property',
'volume of 90642_EA_BCB_02',#5447);
#5463=REPRESENTATION('volume',(#5461),#5435);
#5464=PROPERTY_DEFINITION_REPRESENTATION(#5462,#5463);
#5466=PROPERTY_DEFINITION('geometric validation property',
'centroid of 90642_EA_BCB_02',#5447);
#5467=REPRESENTATION('centroid',(#5465),#5435);
#5468=PROPERTY_DEFINITION_REPRESENTATION(#5466,#5467);
#5469=(LENGTH_UNIT()NAMED_UNIT(*)SI_UNIT(.MILLI.,.METRE.));
#5473=PROPERTY_DEFINITION('geometric validation property',
'area of 90642_EA_BCB_02',#5446);
#5474=REPRESENTATION('surface area',(#5472),#5435);
#5475=PROPERTY_DEFINITION_REPRESENTATION(#5473,#5474);
#5476=(LENGTH_UNIT()NAMED_UNIT(*)SI_UNIT(.MILLI.,.METRE.));
#5480=PROPERTY_DEFINITION('geometric validation property',
'volume of 90642_EA_BCB_02',#5446);
#5481=REPRESENTATION('volume',(#5479),#5435);
#5482=PROPERTY_DEFINITION_REPRESENTATION(#5480,#5481);
#5484=PROPERTY_DEFINITION('geometric validation property',
'centroid of 90642_EA_BCB_02',#5446);
#5485=REPRESENTATION('centroid',(#5483),#5435);
#5486=PROPERTY_DEFINITION_REPRESENTATION(#5484,#5485);
#5487=SHAPE_DEFINITION_REPRESENTATION(#5446,#5440);
#5488=NEXT_ASSEMBLY_USAGE_OCCURRENCE('21','Next assembly relationship',
'90642_EA_BCB_02',#5516,#5445,$);
#5489=PRODUCT_DEFINITION_SHAPE('Placement #21',
'Placement of 90642_EA_BCB_02 with respect to MLX90642BCB_ASM',#5488);
#5491=PROPERTY_DEFINITION('geometric validation property',
'centroid of 90642_EA_BCB_02',#5489);
#5492=REPRESENTATION('centroid',(#5490),#5435);
#5493=PROPERTY_DEFINITION_REPRESENTATION(#5491,#5492);
#5501=(LENGTH_UNIT()NAMED_UNIT(*)SI_UNIT(.MILLI.,.METRE.));
#5502=(NAMED_UNIT(*)PLANE_ANGLE_UNIT()SI_UNIT($,.RADIAN.));
#5505=(NAMED_UNIT(*)SI_UNIT($,.STERADIAN.)SOLID_ANGLE_UNIT());
#5507=(GEOMETRIC_REPRESENTATION_CONTEXT(3)GLOBAL_UNCERTAINTY_ASSIGNED_CONTEXT((
#5506))GLOBAL_UNIT_ASSIGNED_CONTEXT((#5501,#5504,#5505))REPRESENTATION_CONTEXT(
'ID8','3'));
#5511=AXIS2_PLACEMENT_3D('',#5508,#5509,#5510);
#5516=PRODUCT_DEFINITION('part definition','',#5515,#5441);
#5517=(LENGTH_UNIT()NAMED_UNIT(*)SI_UNIT(.MILLI.,.METRE.));
#5521=PROPERTY_DEFINITION('geometric validation property',
'area of MLX90642BCB_ASM',#1371);
#5522=REPRESENTATION('surface area',(#5520),#5507);
#5523=PROPERTY_DEFINITION_REPRESENTATION(#5521,#5522);
#5524=(LENGTH_UNIT()NAMED_UNIT(*)SI_UNIT(.MILLI.,.METRE.));
#5528=PROPERTY_DEFINITION('geometric validation property',
'volume of MLX90642BCB_ASM',#1371);
#5529=REPRESENTATION('volume',(#5527),#5507);
#5530=PROPERTY_DEFINITION_REPRESENTATION(#5528,#5529);
#5532=PROPERTY_DEFINITION('geometric validation property',
'centroid of MLX90642BCB_ASM',#1371);
#5533=REPRESENTATION('centroid',(#5531),#5507);
#5534=PROPERTY_DEFINITION_REPRESENTATION(#5532,#5533);
ENDSEC;
END-ISO-10303-21;
