ISO-10303-21;
HEADER;
FILE_DESCRIPTION((''),'2;1');
FILE_NAME('MLX90642BCA_ASM','2025-01-30T15:16:57',('aga'),(''),
'CREO PARAMETRIC BY PTC INC, 2023294','CREO PARAMETRIC BY PTC INC, 2023294','');
FILE_SCHEMA(('AUTOMOTIVE_DESIGN { 1 0 10303 214 1 1 1 1 }'));
ENDSEC;
DATA;
#15=DIRECTION('',(0.E0,1.E0,0.E0));
#16=VECTOR('',#15,5.146148857472E-1);
#17=CARTESIAN_POINT('',(4.E-1,4.687845987231E0,0.E0));
#18=LINE('',#17,#16);
#19=CARTESIAN_POINT('',(2.5E-1,5.202460872978E0,0.E0));
#20=DIRECTION('',(0.E0,0.E0,1.E0));
#21=DIRECTION('',(1.E0,0.E0,0.E0));
#22=AXIS2_PLACEMENT_3D('',#19,#20,#21);
#24=DIRECTION('',(-1.E0,0.E0,0.E0));
#25=VECTOR('',#24,5.E-1);
#26=CARTESIAN_POINT('',(2.5E-1,5.352460872978E0,0.E0));
#27=LINE('',#26,#25);
#28=CARTESIAN_POINT('',(-2.5E-1,5.202460872978E0,0.E0));
#29=DIRECTION('',(0.E0,0.E0,1.E0));
#30=DIRECTION('',(-2.220446049250E-14,1.E0,0.E0));
#31=AXIS2_PLACEMENT_3D('',#28,#29,#30);
#33=DIRECTION('',(0.E0,-1.E0,0.E0));
#34=VECTOR('',#33,5.146148857472E-1);
#35=CARTESIAN_POINT('',(-4.E-1,5.202460872978E0,0.E0));
#36=LINE('',#35,#34);
#37=CARTESIAN_POINT('',(-5.5E-1,4.687845987231E0,0.E0));
#38=DIRECTION('',(0.E0,0.E0,-1.E0));
#39=DIRECTION('',(1.E0,0.E0,0.E0));
#40=AXIS2_PLACEMENT_3D('',#37,#38,#39);
#42=CARTESIAN_POINT('',(0.E0,0.E0,0.E0));
#43=DIRECTION('',(0.E0,0.E0,1.E0));
#44=DIRECTION('',(-1.165254237288E-1,9.931877091592E-1,0.E0));
#45=AXIS2_PLACEMENT_3D('',#42,#43,#44);
#47=CARTESIAN_POINT('',(5.5E-1,4.687845987231E0,0.E0));
#48=DIRECTION('',(0.E0,0.E0,-1.E0));
#49=DIRECTION('',(-1.165254237288E-1,-9.931877091592E-1,0.E0));
#50=AXIS2_PLACEMENT_3D('',#47,#48,#49);
#52=CARTESIAN_POINT('',(-1.1174E0,2.6977E0,0.E0));
#53=DIRECTION('',(0.E0,0.E0,1.E0));
#54=DIRECTION('',(1.E0,0.E0,0.E0));
#55=AXIS2_PLACEMENT_3D('',#52,#53,#54);
#57=CARTESIAN_POINT('',(-1.1174E0,2.6977E0,0.E0));
#58=DIRECTION('',(0.E0,0.E0,1.E0));
#59=DIRECTION('',(-1.E0,0.E0,0.E0));
#60=AXIS2_PLACEMENT_3D('',#57,#58,#59);
#62=CARTESIAN_POINT('',(1.1174E0,2.6977E0,0.E0));
#63=DIRECTION('',(0.E0,0.E0,1.E0));
#64=DIRECTION('',(1.E0,0.E0,0.E0));
#65=AXIS2_PLACEMENT_3D('',#62,#63,#64);
#67=CARTESIAN_POINT('',(1.1174E0,2.6977E0,0.E0));
#68=DIRECTION('',(0.E0,0.E0,1.E0));
#69=DIRECTION('',(-1.E0,0.E0,0.E0));
#70=AXIS2_PLACEMENT_3D('',#67,#68,#69);
#72=CARTESIAN_POINT('',(-1.1174E0,-2.6977E0,0.E0));
#73=DIRECTION('',(0.E0,0.E0,1.E0));
#74=DIRECTION('',(1.E0,0.E0,0.E0));
#75=AXIS2_PLACEMENT_3D('',#72,#73,#74);
#77=CARTESIAN_POINT('',(-1.1174E0,-2.6977E0,0.E0));
#78=DIRECTION('',(0.E0,0.E0,1.E0));
#79=DIRECTION('',(-1.E0,0.E0,0.E0));
#80=AXIS2_PLACEMENT_3D('',#77,#78,#79);
#82=CARTESIAN_POINT('',(1.1174E0,-2.6977E0,0.E0));
#83=DIRECTION('',(0.E0,0.E0,1.E0));
#84=DIRECTION('',(-1.E0,0.E0,0.E0));
#85=AXIS2_PLACEMENT_3D('',#82,#83,#84);
#87=CARTESIAN_POINT('',(1.1174E0,-2.6977E0,0.E0));
#88=DIRECTION('',(0.E0,0.E0,1.E0));
#89=DIRECTION('',(1.E0,0.E0,0.E0));
#90=AXIS2_PLACEMENT_3D('',#87,#88,#89);
#92=DIRECTION('',(0.E0,0.E0,1.E0));
#93=VECTOR('',#92,4.E-1);
#94=CARTESIAN_POINT('',(4.E-1,4.687845987231E0,0.E0));
#95=LINE('',#94,#93);
#96=DIRECTION('',(0.E0,0.E0,1.E0));
#97=VECTOR('',#96,4.E-1);
#98=CARTESIAN_POINT('',(5.325211864407E-1,4.538867830857E0,0.E0));
#99=LINE('',#98,#97);
#100=DIRECTION('',(0.E0,0.E0,1.E0));
#101=VECTOR('',#100,4.E-1);
#102=CARTESIAN_POINT('',(-5.325211864407E-1,4.538867830857E0,0.E0));
#103=LINE('',#102,#101);
#104=DIRECTION('',(0.E0,0.E0,1.E0));
#105=VECTOR('',#104,4.E-1);
#106=CARTESIAN_POINT('',(-4.E-1,4.687845987231E0,0.E0));
#107=LINE('',#106,#105);
#108=DIRECTION('',(0.E0,0.E0,1.E0));
#109=VECTOR('',#108,4.E-1);
#110=CARTESIAN_POINT('',(-4.E-1,5.202460872978E0,0.E0));
#111=LINE('',#110,#109);
#112=DIRECTION('',(0.E0,0.E0,1.E0));
#113=VECTOR('',#112,4.E-1);
#114=CARTESIAN_POINT('',(-2.5E-1,5.352460872978E0,0.E0));
#115=LINE('',#114,#113);
#116=DIRECTION('',(0.E0,0.E0,1.E0));
#117=VECTOR('',#116,4.E-1);
#118=CARTESIAN_POINT('',(2.5E-1,5.352460872978E0,0.E0));
#119=LINE('',#118,#117);
#120=DIRECTION('',(0.E0,0.E0,1.E0));
#121=VECTOR('',#120,4.E-1);
#122=CARTESIAN_POINT('',(4.E-1,5.202460872978E0,0.E0));
#123=LINE('',#122,#121);
#124=DIRECTION('',(0.E0,1.E0,0.E0));
#125=VECTOR('',#124,5.146148857472E-1);
#126=CARTESIAN_POINT('',(4.E-1,4.687845987231E0,4.E-1));
#127=LINE('',#126,#125);
#128=CARTESIAN_POINT('',(5.5E-1,4.687845987231E0,4.E-1));
#129=DIRECTION('',(0.E0,0.E0,-1.E0));
#130=DIRECTION('',(-1.165254237288E-1,-9.931877091592E-1,0.E0));
#131=AXIS2_PLACEMENT_3D('',#128,#129,#130);
#133=CARTESIAN_POINT('',(0.E0,0.E0,4.E-1));
#134=DIRECTION('',(0.E0,0.E0,1.E0));
#135=DIRECTION('',(-1.165254237288E-1,9.931877091592E-1,0.E0));
#136=AXIS2_PLACEMENT_3D('',#133,#134,#135);
#138=CARTESIAN_POINT('',(-5.5E-1,4.687845987231E0,4.E-1));
#139=DIRECTION('',(0.E0,0.E0,-1.E0));
#140=DIRECTION('',(1.E0,0.E0,0.E0));
#141=AXIS2_PLACEMENT_3D('',#138,#139,#140);
#143=DIRECTION('',(0.E0,-1.E0,0.E0));
#144=VECTOR('',#143,5.146148857472E-1);
#145=CARTESIAN_POINT('',(-4.E-1,5.202460872978E0,4.E-1));
#146=LINE('',#145,#144);
#147=CARTESIAN_POINT('',(-2.5E-1,5.202460872978E0,4.E-1));
#148=DIRECTION('',(0.E0,0.E0,1.E0));
#149=DIRECTION('',(-2.220446049250E-14,1.E0,0.E0));
#150=AXIS2_PLACEMENT_3D('',#147,#148,#149);
#152=DIRECTION('',(-1.E0,0.E0,0.E0));
#153=VECTOR('',#152,5.E-1);
#154=CARTESIAN_POINT('',(2.5E-1,5.352460872978E0,4.E-1));
#155=LINE('',#154,#153);
#156=CARTESIAN_POINT('',(2.5E-1,5.202460872978E0,4.E-1));
#157=DIRECTION('',(0.E0,0.E0,1.E0));
#158=DIRECTION('',(1.E0,0.E0,0.E0));
#159=AXIS2_PLACEMENT_3D('',#156,#157,#158);
#161=CARTESIAN_POINT('',(0.E0,0.E0,4.E-1));
#162=DIRECTION('',(0.E0,0.E0,1.E0));
#163=DIRECTION('',(1.E0,0.E0,0.E0));
#164=AXIS2_PLACEMENT_3D('',#161,#162,#163);
#166=CARTESIAN_POINT('',(0.E0,0.E0,4.E-1));
#167=DIRECTION('',(0.E0,0.E0,1.E0));
#168=DIRECTION('',(-1.E0,0.E0,0.E0));
#169=AXIS2_PLACEMENT_3D('',#166,#167,#168);
#171=CARTESIAN_POINT('',(0.E0,0.E0,4.E-1));
#172=DIRECTION('',(0.E0,0.E0,-1.E0));
#173=DIRECTION('',(0.E0,-1.E0,0.E0));
#174=AXIS2_PLACEMENT_3D('',#171,#172,#173);
#176=CARTESIAN_POINT('',(0.E0,0.E0,4.E-1));
#177=DIRECTION('',(0.E0,0.E0,-1.E0));
#178=DIRECTION('',(0.E0,1.E0,0.E0));
#179=AXIS2_PLACEMENT_3D('',#176,#177,#178);
#181=CARTESIAN_POINT('',(0.E0,0.E0,4.E-1));
#182=DIRECTION('',(0.E0,0.E0,-1.E0));
#183=DIRECTION('',(0.E0,-1.E0,0.E0));
#184=AXIS2_PLACEMENT_3D('',#181,#182,#183);
#186=CARTESIAN_POINT('',(0.E0,0.E0,4.E-1));
#187=DIRECTION('',(0.E0,0.E0,-1.E0));
#188=DIRECTION('',(0.E0,1.E0,0.E0));
#189=AXIS2_PLACEMENT_3D('',#186,#187,#188);
#191=CARTESIAN_POINT('',(4.01E0,-3.679488658204E-10,6.E-1));
#192=DIRECTION('',(9.175782356152E-11,1.E0,0.E0));
#193=DIRECTION('',(-1.337320032491E-8,0.E0,-1.E0));
#194=AXIS2_PLACEMENT_3D('',#191,#192,#193);
#196=CARTESIAN_POINT('',(-4.01E0,3.679489768427E-10,6.E-1));
#197=DIRECTION('',(-9.175785131710E-11,-1.E0,0.E0));
#198=DIRECTION('',(1.337320920669E-8,0.E0,-1.E0));
#199=AXIS2_PLACEMENT_3D('',#196,#197,#198);
#201=CARTESIAN_POINT('',(0.E0,0.E0,1.3E0));
#202=DIRECTION('',(0.E0,0.E0,1.E0));
#203=DIRECTION('',(-1.E0,0.E0,0.E0));
#204=AXIS2_PLACEMENT_3D('',#201,#202,#203);
#206=CARTESIAN_POINT('',(0.E0,0.E0,6.E-1));
#207=DIRECTION('',(0.E0,0.E0,1.E0));
#208=DIRECTION('',(-1.E0,0.E0,0.E0));
#209=AXIS2_PLACEMENT_3D('',#206,#207,#208);
#211=DIRECTION('',(0.E0,2.653217590076E-8,1.E0));
#212=VECTOR('',#211,7.E-1);
#213=CARTESIAN_POINT('',(-3.81E0,-1.857000532775E-8,6.E-1));
#214=LINE('',#213,#212);
#215=CARTESIAN_POINT('',(-3.61E0,4.516748086658E-12,1.3E0));
#216=DIRECTION('',(-1.251172776495E-12,-1.E0,0.E0));
#217=DIRECTION('',(0.E0,0.E0,1.E0));
#218=AXIS2_PLACEMENT_3D('',#215,#216,#217);
#220=CARTESIAN_POINT('',(0.E0,0.E0,1.5E0));
#221=DIRECTION('',(0.E0,0.E0,1.E0));
#222=DIRECTION('',(1.E0,0.E0,0.E0));
#223=AXIS2_PLACEMENT_3D('',#220,#221,#222);
#225=CARTESIAN_POINT('',(0.E0,0.E0,1.5E0));
#226=DIRECTION('',(0.E0,0.E0,1.E0));
#227=DIRECTION('',(-1.E0,0.E0,0.E0));
#228=AXIS2_PLACEMENT_3D('',#225,#226,#227);
#230=CARTESIAN_POINT('',(-1.1174E0,2.6977E0,1.5E0));
#231=DIRECTION('',(0.E0,0.E0,1.E0));
#232=DIRECTION('',(1.E0,0.E0,0.E0));
#233=AXIS2_PLACEMENT_3D('',#230,#231,#232);
#235=CARTESIAN_POINT('',(-1.1174E0,2.6977E0,1.5E0));
#236=DIRECTION('',(0.E0,0.E0,1.E0));
#237=DIRECTION('',(-1.E0,0.E0,0.E0));
#238=AXIS2_PLACEMENT_3D('',#235,#236,#237);
#240=CARTESIAN_POINT('',(1.1174E0,2.6977E0,1.5E0));
#241=DIRECTION('',(0.E0,0.E0,1.E0));
#242=DIRECTION('',(1.E0,0.E0,0.E0));
#243=AXIS2_PLACEMENT_3D('',#240,#241,#242);
#245=CARTESIAN_POINT('',(1.1174E0,2.6977E0,1.5E0));
#246=DIRECTION('',(0.E0,0.E0,1.E0));
#247=DIRECTION('',(-1.E0,0.E0,0.E0));
#248=AXIS2_PLACEMENT_3D('',#245,#246,#247);
#250=CARTESIAN_POINT('',(-1.1174E0,-2.6977E0,1.5E0));
#251=DIRECTION('',(0.E0,0.E0,1.E0));
#252=DIRECTION('',(1.E0,0.E0,0.E0));
#253=AXIS2_PLACEMENT_3D('',#250,#251,#252);
#255=CARTESIAN_POINT('',(-1.1174E0,-2.6977E0,1.5E0));
#256=DIRECTION('',(0.E0,0.E0,1.E0));
#257=DIRECTION('',(-1.E0,0.E0,0.E0));
#258=AXIS2_PLACEMENT_3D('',#255,#256,#257);
#260=CARTESIAN_POINT('',(3.61E0,-4.516442775326E-12,1.3E0));
#261=DIRECTION('',(1.251089509768E-12,1.E0,0.E0));
#262=DIRECTION('',(0.E0,0.E0,1.E0));
#263=AXIS2_PLACEMENT_3D('',#260,#261,#262);
#265=CARTESIAN_POINT('',(0.E0,0.E0,1.3E0));
#266=DIRECTION('',(0.E0,0.E0,1.E0));
#267=DIRECTION('',(1.E0,0.E0,0.E0));
#268=AXIS2_PLACEMENT_3D('',#265,#266,#267);
#270=CARTESIAN_POINT('',(0.E0,0.E0,6.E-1));
#271=DIRECTION('',(0.E0,0.E0,1.E0));
#272=DIRECTION('',(1.E0,0.E0,0.E0));
#273=AXIS2_PLACEMENT_3D('',#270,#271,#272);
#275=DIRECTION('',(0.E0,-2.653217459977E-8,1.E0));
#276=VECTOR('',#275,7.E-1);
#277=CARTESIAN_POINT('',(3.81E0,1.857000514257E-8,6.E-1));
#278=LINE('',#277,#276);
#279=DIRECTION('',(0.E0,0.E0,-1.E0));
#280=VECTOR('',#279,1.5E0);
#281=CARTESIAN_POINT('',(-5.574E-1,2.6977E0,1.5E0));
#282=LINE('',#281,#280);
#283=DIRECTION('',(0.E0,0.E0,-1.E0));
#284=VECTOR('',#283,1.5E0);
#285=CARTESIAN_POINT('',(-1.6774E0,2.6977E0,1.5E0));
#286=LINE('',#285,#284);
#287=DIRECTION('',(0.E0,0.E0,-1.E0));
#288=VECTOR('',#287,1.5E0);
#289=CARTESIAN_POINT('',(1.6774E0,2.6977E0,1.5E0));
#290=LINE('',#289,#288);
#291=DIRECTION('',(0.E0,0.E0,-1.E0));
#292=VECTOR('',#291,1.5E0);
#293=CARTESIAN_POINT('',(5.574E-1,2.6977E0,1.5E0));
#294=LINE('',#293,#292);
#295=DIRECTION('',(0.E0,0.E0,-1.E0));
#296=VECTOR('',#295,1.5E0);
#297=CARTESIAN_POINT('',(-5.574E-1,-2.6977E0,1.5E0));
#298=LINE('',#297,#296);
#299=DIRECTION('',(0.E0,0.E0,-1.E0));
#300=VECTOR('',#299,1.5E0);
#301=CARTESIAN_POINT('',(-1.6774E0,-2.6977E0,1.5E0));
#302=LINE('',#301,#300);
#303=DIRECTION('',(0.E0,6.087614290087E-1,7.933533402912E-1));
#304=VECTOR('',#303,6.302362070051E-2);
#305=CARTESIAN_POINT('',(0.E0,4.215E0,4.E-1));
#306=LINE('',#305,#304);
#307=DIRECTION('',(0.E0,-6.087614290087E-1,7.933533402912E-1));
#308=VECTOR('',#307,6.302362070051E-2);
#309=CARTESIAN_POINT('',(0.E0,-4.215E0,4.E-1));
#310=LINE('',#309,#308);
#311=CARTESIAN_POINT('',(0.E0,0.E0,4.5E-1));
#312=DIRECTION('',(0.E0,0.E0,-1.E0));
#313=DIRECTION('',(0.E0,-1.E0,0.E0));
#314=AXIS2_PLACEMENT_3D('',#311,#312,#313);
#316=CARTESIAN_POINT('',(0.E0,0.E0,4.5E-1));
#317=DIRECTION('',(0.E0,0.E0,1.E0));
#318=DIRECTION('',(0.E0,-1.E0,0.E0));
#319=AXIS2_PLACEMENT_3D('',#316,#317,#318);
#321=DIRECTION('',(0.E0,-6.087614290087E-1,-7.933533402912E-1));
#322=VECTOR('',#321,6.302362070051E-2);
#323=CARTESIAN_POINT('',(0.E0,-4.376633650601E0,4.5E-1));
#324=LINE('',#323,#322);
#325=CARTESIAN_POINT('',(0.E0,0.E0,4.5E-1));
#326=DIRECTION('',(0.E0,0.E0,1.E0));
#327=DIRECTION('',(0.E0,-1.E0,0.E0));
#328=AXIS2_PLACEMENT_3D('',#325,#326,#327);
#330=DIRECTION('',(0.E0,6.087614290087E-1,-7.933533402912E-1));
#331=VECTOR('',#330,6.302362070051E-2);
#332=CARTESIAN_POINT('',(0.E0,4.376633650601E0,4.5E-1));
#333=LINE('',#332,#331);
#334=CARTESIAN_POINT('',(0.E0,0.E0,4.5E-1));
#335=DIRECTION('',(0.E0,0.E0,-1.E0));
#336=DIRECTION('',(0.E0,-1.E0,0.E0));
#337=AXIS2_PLACEMENT_3D('',#334,#335,#336);
#339=CARTESIAN_POINT('',(4.424E-1,-2.697700000015E0,1.E-1));
#340=DIRECTION('',(2.149919131611E-11,-1.E0,0.E0));
#341=DIRECTION('',(5.125455615484E-11,0.E0,-1.E0));
#342=AXIS2_PLACEMENT_3D('',#339,#340,#341);
#344=CARTESIAN_POINT('',(1.7924E0,-2.697699999985E0,1.E-1));
#345=DIRECTION('',(-2.149891376035E-11,1.E0,0.E0));
#346=DIRECTION('',(-5.125677660089E-11,0.E0,-1.E0));
#347=AXIS2_PLACEMENT_3D('',#344,#345,#346);
#349=CARTESIAN_POINT('',(1.1174E0,-2.6977E0,2.E-1));
#350=DIRECTION('',(0.E0,0.E0,1.E0));
#351=DIRECTION('',(1.E0,0.E0,0.E0));
#352=AXIS2_PLACEMENT_3D('',#349,#350,#351);
#354=CARTESIAN_POINT('',(1.1174E0,-2.6977E0,1.E-1));
#355=DIRECTION('',(0.E0,0.E0,1.E0));
#356=DIRECTION('',(1.E0,0.E0,0.E0));
#357=AXIS2_PLACEMENT_3D('',#354,#355,#356);
#359=DIRECTION('',(0.E0,-1.154431217287E-8,1.E0));
#360=VECTOR('',#359,1.E-1);
#361=CARTESIAN_POINT('',(5.424E-1,-2.697700000003E0,1.E-1));
#362=LINE('',#361,#360);
#363=CARTESIAN_POINT('',(1.5924E0,-2.697699996180E0,2.E-1));
#364=DIRECTION('',(-8.041582066909E-9,1.E0,0.E0));
#365=DIRECTION('',(0.E0,0.E0,1.E0));
#366=AXIS2_PLACEMENT_3D('',#363,#364,#365);
#368=CARTESIAN_POINT('',(1.1174E0,-2.6977E0,3.E-1));
#369=DIRECTION('',(0.E0,0.E0,1.E0));
#370=DIRECTION('',(-1.E0,0.E0,0.E0));
#371=AXIS2_PLACEMENT_3D('',#368,#369,#370);
#373=CARTESIAN_POINT('',(1.1174E0,-2.6977E0,3.E-1));
#374=DIRECTION('',(0.E0,0.E0,1.E0));
#375=DIRECTION('',(1.E0,0.E0,0.E0));
#376=AXIS2_PLACEMENT_3D('',#373,#374,#375);
#378=CARTESIAN_POINT('',(6.424E-1,-2.697700003820E0,2.E-1));
#379=DIRECTION('',(8.041579402374E-9,-1.E0,0.E0));
#380=DIRECTION('',(0.E0,0.E0,1.E0));
#381=AXIS2_PLACEMENT_3D('',#378,#379,#380);
#383=CARTESIAN_POINT('',(1.1174E0,-2.6977E0,2.E-1));
#384=DIRECTION('',(0.E0,0.E0,1.E0));
#385=DIRECTION('',(-1.E0,0.E0,0.E0));
#386=AXIS2_PLACEMENT_3D('',#383,#384,#385);
#388=CARTESIAN_POINT('',(1.1174E0,-2.6977E0,1.E-1));
#389=DIRECTION('',(0.E0,0.E0,1.E0));
#390=DIRECTION('',(-1.E0,0.E0,0.E0));
#391=AXIS2_PLACEMENT_3D('',#388,#389,#390);
#393=DIRECTION('',(0.E0,1.154431661377E-8,1.E0));
#394=VECTOR('',#393,1.E-1);
#395=CARTESIAN_POINT('',(1.6924E0,-2.697699999997E0,1.E-1));
#396=LINE('',#395,#394);
#397=CARTESIAN_POINT('',(4.E-1,4.687845987231E0,0.E0));
#398=CARTESIAN_POINT('',(4.E-1,5.202460872978E0,0.E0));
#399=VERTEX_POINT('',#397);
#400=VERTEX_POINT('',#398);
#401=CARTESIAN_POINT('',(2.5E-1,5.352460872978E0,0.E0));
#402=VERTEX_POINT('',#401);
#403=CARTESIAN_POINT('',(-2.5E-1,5.352460872978E0,0.E0));
#404=VERTEX_POINT('',#403);
#405=CARTESIAN_POINT('',(-4.E-1,5.202460872978E0,0.E0));
#406=VERTEX_POINT('',#405);
#407=CARTESIAN_POINT('',(-4.E-1,4.687845987231E0,0.E0));
#408=VERTEX_POINT('',#407);
#409=CARTESIAN_POINT('',(-5.325211864407E-1,4.538867830857E0,0.E0));
#410=VERTEX_POINT('',#409);
#411=CARTESIAN_POINT('',(5.325211864407E-1,4.538867830857E0,0.E0));
#412=VERTEX_POINT('',#411);
#413=CARTESIAN_POINT('',(4.E-1,4.687845987231E0,4.E-1));
#414=CARTESIAN_POINT('',(4.E-1,5.202460872978E0,4.E-1));
#415=VERTEX_POINT('',#413);
#416=VERTEX_POINT('',#414);
#417=CARTESIAN_POINT('',(2.5E-1,5.352460872978E0,4.E-1));
#418=VERTEX_POINT('',#417);
#419=CARTESIAN_POINT('',(-2.5E-1,5.352460872978E0,4.E-1));
#420=VERTEX_POINT('',#419);
#421=CARTESIAN_POINT('',(-4.E-1,5.202460872978E0,4.E-1));
#422=VERTEX_POINT('',#421);
#423=CARTESIAN_POINT('',(-4.E-1,4.687845987231E0,4.E-1));
#424=VERTEX_POINT('',#423);
#425=CARTESIAN_POINT('',(-5.325211864407E-1,4.538867830857E0,4.E-1));
#426=VERTEX_POINT('',#425);
#427=CARTESIAN_POINT('',(5.325211864407E-1,4.538867830857E0,4.E-1));
#428=VERTEX_POINT('',#427);
#429=CARTESIAN_POINT('',(4.01E0,0.E0,4.E-1));
#430=CARTESIAN_POINT('',(-4.01E0,0.E0,4.E-1));
#431=VERTEX_POINT('',#429);
#432=VERTEX_POINT('',#430);
#433=CARTESIAN_POINT('',(3.81E0,0.E0,6.E-1));
#434=CARTESIAN_POINT('',(-3.81E0,0.E0,6.E-1));
#435=VERTEX_POINT('',#433);
#436=VERTEX_POINT('',#434);
#437=CARTESIAN_POINT('',(3.61E0,0.E0,1.5E0));
#438=CARTESIAN_POINT('',(-3.61E0,0.E0,1.5E0));
#439=VERTEX_POINT('',#437);
#440=VERTEX_POINT('',#438);
#441=CARTESIAN_POINT('',(3.81E0,0.E0,1.3E0));
#442=CARTESIAN_POINT('',(-3.81E0,0.E0,1.3E0));
#443=VERTEX_POINT('',#441);
#444=VERTEX_POINT('',#442);
#445=CARTESIAN_POINT('',(-5.574E-1,2.6977E0,1.5E0));
#446=CARTESIAN_POINT('',(-1.6774E0,2.6977E0,1.5E0));
#447=VERTEX_POINT('',#445);
#448=VERTEX_POINT('',#446);
#449=CARTESIAN_POINT('',(-5.574E-1,2.6977E0,0.E0));
#450=VERTEX_POINT('',#449);
#451=CARTESIAN_POINT('',(-1.6774E0,2.6977E0,0.E0));
#452=VERTEX_POINT('',#451);
#453=CARTESIAN_POINT('',(1.6774E0,2.6977E0,0.E0));
#454=CARTESIAN_POINT('',(5.574E-1,2.6977E0,0.E0));
#455=VERTEX_POINT('',#453);
#456=VERTEX_POINT('',#454);
#457=CARTESIAN_POINT('',(1.6774E0,2.6977E0,1.5E0));
#458=CARTESIAN_POINT('',(5.574E-1,2.6977E0,1.5E0));
#459=VERTEX_POINT('',#457);
#460=VERTEX_POINT('',#458);
#461=CARTESIAN_POINT('',(-5.574E-1,-2.6977E0,0.E0));
#462=CARTESIAN_POINT('',(-1.6774E0,-2.6977E0,0.E0));
#463=VERTEX_POINT('',#461);
#464=VERTEX_POINT('',#462);
#465=CARTESIAN_POINT('',(-5.574E-1,-2.6977E0,1.5E0));
#466=CARTESIAN_POINT('',(-1.6774E0,-2.6977E0,1.5E0));
#467=VERTEX_POINT('',#465);
#468=VERTEX_POINT('',#466);
#469=CARTESIAN_POINT('',(4.424E-1,-2.6977E0,0.E0));
#470=CARTESIAN_POINT('',(1.7924E0,-2.6977E0,0.E0));
#471=VERTEX_POINT('',#469);
#472=VERTEX_POINT('',#470);
#473=CARTESIAN_POINT('',(5.424E-1,-2.6977E0,1.E-1));
#474=CARTESIAN_POINT('',(1.6924E0,-2.6977E0,1.E-1));
#475=VERTEX_POINT('',#473);
#476=VERTEX_POINT('',#474);
#477=CARTESIAN_POINT('',(6.424E-1,-2.6977E0,3.E-1));
#478=CARTESIAN_POINT('',(1.5924E0,-2.6977E0,3.E-1));
#479=VERTEX_POINT('',#477);
#480=VERTEX_POINT('',#478);
#481=CARTESIAN_POINT('',(5.424E-1,-2.6977E0,2.E-1));
#482=CARTESIAN_POINT('',(1.6924E0,-2.6977E0,2.E-1));
#483=VERTEX_POINT('',#481);
#484=VERTEX_POINT('',#482);
#485=CARTESIAN_POINT('',(0.E0,-4.253366349399E0,4.5E-1));
#486=CARTESIAN_POINT('',(0.E0,4.253366349399E0,4.5E-1));
#487=VERTEX_POINT('',#485);
#488=VERTEX_POINT('',#486);
#489=CARTESIAN_POINT('',(0.E0,-4.376633650601E0,4.5E-1));
#490=CARTESIAN_POINT('',(0.E0,4.376633650601E0,4.5E-1));
#491=VERTEX_POINT('',#489);
#492=VERTEX_POINT('',#490);
#493=CARTESIAN_POINT('',(0.E0,-4.215E0,4.E-1));
#494=CARTESIAN_POINT('',(0.E0,4.215E0,4.E-1));
#495=VERTEX_POINT('',#493);
#496=VERTEX_POINT('',#494);
#497=CARTESIAN_POINT('',(0.E0,-4.415E0,4.E-1));
#498=CARTESIAN_POINT('',(0.E0,4.415E0,4.E-1));
#499=VERTEX_POINT('',#497);
#500=VERTEX_POINT('',#498);
#501=CARTESIAN_POINT('',(0.E0,0.E0,0.E0));
#502=DIRECTION('',(0.E0,0.E0,1.E0));
#503=DIRECTION('',(1.E0,0.E0,0.E0));
#504=AXIS2_PLACEMENT_3D('',#501,#502,#503);
#505=PLANE('',#504);
#507=ORIENTED_EDGE('',*,*,#506,.T.);
#509=ORIENTED_EDGE('',*,*,#508,.T.);
#511=ORIENTED_EDGE('',*,*,#510,.T.);
#513=ORIENTED_EDGE('',*,*,#512,.T.);
#515=ORIENTED_EDGE('',*,*,#514,.T.);
#517=ORIENTED_EDGE('',*,*,#516,.T.);
#519=ORIENTED_EDGE('',*,*,#518,.T.);
#521=ORIENTED_EDGE('',*,*,#520,.T.);
#522=EDGE_LOOP('',(#507,#509,#511,#513,#515,#517,#519,#521));
#523=FACE_OUTER_BOUND('',#522,.F.);
#525=ORIENTED_EDGE('',*,*,#524,.F.);
#527=ORIENTED_EDGE('',*,*,#526,.F.);
#528=EDGE_LOOP('',(#525,#527));
#529=FACE_BOUND('',#528,.F.);
#531=ORIENTED_EDGE('',*,*,#530,.F.);
#533=ORIENTED_EDGE('',*,*,#532,.F.);
#534=EDGE_LOOP('',(#531,#533));
#535=FACE_BOUND('',#534,.F.);
#537=ORIENTED_EDGE('',*,*,#536,.F.);
#539=ORIENTED_EDGE('',*,*,#538,.F.);
#540=EDGE_LOOP('',(#537,#539));
#541=FACE_BOUND('',#540,.F.);
#543=ORIENTED_EDGE('',*,*,#542,.F.);
#545=ORIENTED_EDGE('',*,*,#544,.F.);
#546=EDGE_LOOP('',(#543,#545));
#547=FACE_BOUND('',#546,.F.);
#549=FILL_AREA_STYLE_COLOUR('',#14);
#550=FILL_AREA_STYLE('',(#549));
#551=SURFACE_STYLE_FILL_AREA(#550);
#552=SURFACE_SIDE_STYLE('',(#551));
#553=SURFACE_STYLE_USAGE(.POSITIVE.,#552);
#554=PRESENTATION_STYLE_ASSIGNMENT((#553));
#555=STYLED_ITEM('',(#554),#548);
#556=CARTESIAN_POINT('',(4.E-1,4.687845987231E0,0.E0));
#557=DIRECTION('',(1.E0,0.E0,0.E0));
#558=DIRECTION('',(0.E0,1.E0,0.E0));
#559=AXIS2_PLACEMENT_3D('',#556,#557,#558);
#560=PLANE('',#559);
#561=ORIENTED_EDGE('',*,*,#506,.F.);
#563=ORIENTED_EDGE('',*,*,#562,.T.);
#565=ORIENTED_EDGE('',*,*,#564,.T.);
#567=ORIENTED_EDGE('',*,*,#566,.F.);
#568=EDGE_LOOP('',(#561,#563,#565,#567));
#569=FACE_OUTER_BOUND('',#568,.F.);
#571=FILL_AREA_STYLE_COLOUR('',#14);
#572=FILL_AREA_STYLE('',(#571));
#573=SURFACE_STYLE_FILL_AREA(#572);
#574=SURFACE_SIDE_STYLE('',(#573));
#575=SURFACE_STYLE_USAGE(.POSITIVE.,#574);
#576=PRESENTATION_STYLE_ASSIGNMENT((#575));
#577=STYLED_ITEM('',(#576),#570);
#578=CARTESIAN_POINT('',(5.5E-1,4.687845987231E0,0.E0));
#579=DIRECTION('',(0.E0,0.E0,1.E0));
#580=DIRECTION('',(1.E0,0.E0,0.E0));
#581=AXIS2_PLACEMENT_3D('',#578,#579,#580);
#582=CYLINDRICAL_SURFACE('',#581,1.5E-1);
#583=ORIENTED_EDGE('',*,*,#520,.F.);
#585=ORIENTED_EDGE('',*,*,#584,.T.);
#587=ORIENTED_EDGE('',*,*,#586,.T.);
#588=ORIENTED_EDGE('',*,*,#562,.F.);
#589=EDGE_LOOP('',(#583,#585,#587,#588));
#590=FACE_OUTER_BOUND('',#589,.F.);
#592=FILL_AREA_STYLE_COLOUR('',#14);
#593=FILL_AREA_STYLE('',(#592));
#594=SURFACE_STYLE_FILL_AREA(#593);
#595=SURFACE_SIDE_STYLE('',(#594));
#596=SURFACE_STYLE_USAGE(.POSITIVE.,#595);
#597=PRESENTATION_STYLE_ASSIGNMENT((#596));
#598=STYLED_ITEM('',(#597),#591);
#599=CARTESIAN_POINT('',(0.E0,0.E0,0.E0));
#600=DIRECTION('',(0.E0,0.E0,1.E0));
#601=DIRECTION('',(1.E0,0.E0,0.E0));
#602=AXIS2_PLACEMENT_3D('',#599,#600,#601);
#603=CYLINDRICAL_SURFACE('',#602,4.57E0);
#604=ORIENTED_EDGE('',*,*,#518,.F.);
#606=ORIENTED_EDGE('',*,*,#605,.T.);
#608=ORIENTED_EDGE('',*,*,#607,.T.);
#609=ORIENTED_EDGE('',*,*,#584,.F.);
#610=EDGE_LOOP('',(#604,#606,#608,#609));
#611=FACE_OUTER_BOUND('',#610,.F.);
#613=FILL_AREA_STYLE_COLOUR('',#14);
#614=FILL_AREA_STYLE('',(#613));
#615=SURFACE_STYLE_FILL_AREA(#614);
#616=SURFACE_SIDE_STYLE('',(#615));
#617=SURFACE_STYLE_USAGE(.POSITIVE.,#616);
#618=PRESENTATION_STYLE_ASSIGNMENT((#617));
#619=STYLED_ITEM('',(#618),#612);
#620=CARTESIAN_POINT('',(-5.5E-1,4.687845987231E0,0.E0));
#621=DIRECTION('',(0.E0,0.E0,1.E0));
#622=DIRECTION('',(1.E0,0.E0,0.E0));
#623=AXIS2_PLACEMENT_3D('',#620,#621,#622);
#624=CYLINDRICAL_SURFACE('',#623,1.5E-1);
#625=ORIENTED_EDGE('',*,*,#516,.F.);
#627=ORIENTED_EDGE('',*,*,#626,.T.);
#629=ORIENTED_EDGE('',*,*,#628,.T.);
#630=ORIENTED_EDGE('',*,*,#605,.F.);
#631=EDGE_LOOP('',(#625,#627,#629,#630));
#632=FACE_OUTER_BOUND('',#631,.F.);
#634=FILL_AREA_STYLE_COLOUR('',#14);
#635=FILL_AREA_STYLE('',(#634));
#636=SURFACE_STYLE_FILL_AREA(#635);
#637=SURFACE_SIDE_STYLE('',(#636));
#638=SURFACE_STYLE_USAGE(.POSITIVE.,#637);
#639=PRESENTATION_STYLE_ASSIGNMENT((#638));
#640=STYLED_ITEM('',(#639),#633);
#641=CARTESIAN_POINT('',(-4.E-1,5.202460872978E0,0.E0));
#642=DIRECTION('',(-1.E0,0.E0,0.E0));
#643=DIRECTION('',(0.E0,-1.E0,0.E0));
#644=AXIS2_PLACEMENT_3D('',#641,#642,#643);
#645=PLANE('',#644);
#646=ORIENTED_EDGE('',*,*,#514,.F.);
#648=ORIENTED_EDGE('',*,*,#647,.T.);
#650=ORIENTED_EDGE('',*,*,#649,.T.);
#651=ORIENTED_EDGE('',*,*,#626,.F.);
#652=EDGE_LOOP('',(#646,#648,#650,#651));
#653=FACE_OUTER_BOUND('',#652,.F.);
#655=FILL_AREA_STYLE_COLOUR('',#14);
#656=FILL_AREA_STYLE('',(#655));
#657=SURFACE_STYLE_FILL_AREA(#656);
#658=SURFACE_SIDE_STYLE('',(#657));
#659=SURFACE_STYLE_USAGE(.POSITIVE.,#658);
#660=PRESENTATION_STYLE_ASSIGNMENT((#659));
#661=STYLED_ITEM('',(#660),#654);
#662=CARTESIAN_POINT('',(-2.5E-1,5.202460872978E0,0.E0));
#663=DIRECTION('',(0.E0,0.E0,1.E0));
#664=DIRECTION('',(1.E0,0.E0,0.E0));
#665=AXIS2_PLACEMENT_3D('',#662,#663,#664);
#666=CYLINDRICAL_SURFACE('',#665,1.5E-1);
#667=ORIENTED_EDGE('',*,*,#512,.F.);
#669=ORIENTED_EDGE('',*,*,#668,.T.);
#671=ORIENTED_EDGE('',*,*,#670,.T.);
#672=ORIENTED_EDGE('',*,*,#647,.F.);
#673=EDGE_LOOP('',(#667,#669,#671,#672));
#674=FACE_OUTER_BOUND('',#673,.F.);
#676=FILL_AREA_STYLE_COLOUR('',#14);
#677=FILL_AREA_STYLE('',(#676));
#678=SURFACE_STYLE_FILL_AREA(#677);
#679=SURFACE_SIDE_STYLE('',(#678));
#680=SURFACE_STYLE_USAGE(.POSITIVE.,#679);
#681=PRESENTATION_STYLE_ASSIGNMENT((#680));
#682=STYLED_ITEM('',(#681),#675);
#683=CARTESIAN_POINT('',(2.5E-1,5.352460872978E0,0.E0));
#684=DIRECTION('',(0.E0,1.E0,0.E0));
#685=DIRECTION('',(-1.E0,0.E0,0.E0));
#686=AXIS2_PLACEMENT_3D('',#683,#684,#685);
#687=PLANE('',#686);
#688=ORIENTED_EDGE('',*,*,#510,.F.);
#690=ORIENTED_EDGE('',*,*,#689,.T.);
#692=ORIENTED_EDGE('',*,*,#691,.T.);
#693=ORIENTED_EDGE('',*,*,#668,.F.);
#694=EDGE_LOOP('',(#688,#690,#692,#693));
#695=FACE_OUTER_BOUND('',#694,.F.);
#697=FILL_AREA_STYLE_COLOUR('',#14);
#698=FILL_AREA_STYLE('',(#697));
#699=SURFACE_STYLE_FILL_AREA(#698);
#700=SURFACE_SIDE_STYLE('',(#699));
#701=SURFACE_STYLE_USAGE(.POSITIVE.,#700);
#702=PRESENTATION_STYLE_ASSIGNMENT((#701));
#703=STYLED_ITEM('',(#702),#696);
#704=CARTESIAN_POINT('',(2.5E-1,5.202460872978E0,0.E0));
#705=DIRECTION('',(0.E0,0.E0,1.E0));
#706=DIRECTION('',(1.E0,0.E0,0.E0));
#707=AXIS2_PLACEMENT_3D('',#704,#705,#706);
#708=CYLINDRICAL_SURFACE('',#707,1.5E-1);
#709=ORIENTED_EDGE('',*,*,#508,.F.);
#710=ORIENTED_EDGE('',*,*,#566,.T.);
#712=ORIENTED_EDGE('',*,*,#711,.T.);
#713=ORIENTED_EDGE('',*,*,#689,.F.);
#714=EDGE_LOOP('',(#709,#710,#712,#713));
#715=FACE_OUTER_BOUND('',#714,.F.);
#717=FILL_AREA_STYLE_COLOUR('',#14);
#718=FILL_AREA_STYLE('',(#717));
#719=SURFACE_STYLE_FILL_AREA(#718);
#720=SURFACE_SIDE_STYLE('',(#719));
#721=SURFACE_STYLE_USAGE(.POSITIVE.,#720);
#722=PRESENTATION_STYLE_ASSIGNMENT((#721));
#723=STYLED_ITEM('',(#722),#716);
#724=CARTESIAN_POINT('',(0.E0,0.E0,4.E-1));
#725=DIRECTION('',(0.E0,0.E0,1.E0));
#726=DIRECTION('',(1.E0,0.E0,0.E0));
#727=AXIS2_PLACEMENT_3D('',#724,#725,#726);
#728=PLANE('',#727);
#729=ORIENTED_EDGE('',*,*,#564,.F.);
#730=ORIENTED_EDGE('',*,*,#586,.F.);
#731=ORIENTED_EDGE('',*,*,#607,.F.);
#732=ORIENTED_EDGE('',*,*,#628,.F.);
#733=ORIENTED_EDGE('',*,*,#649,.F.);
#734=ORIENTED_EDGE('',*,*,#670,.F.);
#735=ORIENTED_EDGE('',*,*,#691,.F.);
#736=ORIENTED_EDGE('',*,*,#711,.F.);
#737=EDGE_LOOP('',(#729,#730,#731,#732,#733,#734,#735,#736));
#738=FACE_OUTER_BOUND('',#737,.F.);
#740=ORIENTED_EDGE('',*,*,#739,.F.);
#742=ORIENTED_EDGE('',*,*,#741,.F.);
#743=EDGE_LOOP('',(#740,#742));
#744=FACE_BOUND('',#743,.F.);
#746=FILL_AREA_STYLE_COLOUR('',#14);
#747=FILL_AREA_STYLE('',(#746));
#748=SURFACE_STYLE_FILL_AREA(#747);
#749=SURFACE_SIDE_STYLE('',(#748));
#750=SURFACE_STYLE_USAGE(.POSITIVE.,#749);
#751=PRESENTATION_STYLE_ASSIGNMENT((#750));
#752=STYLED_ITEM('',(#751),#745);
#753=CARTESIAN_POINT('',(0.E0,0.E0,4.E-1));
#754=DIRECTION('',(0.E0,0.E0,1.E0));
#755=DIRECTION('',(1.E0,0.E0,0.E0));
#756=AXIS2_PLACEMENT_3D('',#753,#754,#755);
#757=PLANE('',#756);
#759=ORIENTED_EDGE('',*,*,#758,.T.);
#761=ORIENTED_EDGE('',*,*,#760,.T.);
#762=EDGE_LOOP('',(#759,#761));
#763=FACE_OUTER_BOUND('',#762,.F.);
#765=ORIENTED_EDGE('',*,*,#764,.T.);
#767=ORIENTED_EDGE('',*,*,#766,.T.);
#768=EDGE_LOOP('',(#765,#767));
#769=FACE_BOUND('',#768,.F.);
#771=FILL_AREA_STYLE_COLOUR('',#14);
#772=FILL_AREA_STYLE('',(#771));
#773=SURFACE_STYLE_FILL_AREA(#772);
#774=SURFACE_SIDE_STYLE('',(#773));
#775=SURFACE_STYLE_USAGE(.POSITIVE.,#774);
#776=PRESENTATION_STYLE_ASSIGNMENT((#775));
#777=STYLED_ITEM('',(#776),#770);
#778=CARTESIAN_POINT('',(0.E0,0.E0,6.E-1));
#779=DIRECTION('',(0.E0,0.E0,1.E0));
#780=DIRECTION('',(9.992009190380E-1,-3.996903043221E-2,0.E0));
#781=AXIS2_PLACEMENT_3D('',#778,#779,#780);
#782=TOROIDAL_SURFACE('',#781,4.01E0,2.E-1);
#783=ORIENTED_EDGE('',*,*,#764,.F.);
#785=ORIENTED_EDGE('',*,*,#784,.T.);
#787=ORIENTED_EDGE('',*,*,#786,.T.);
#789=ORIENTED_EDGE('',*,*,#788,.F.);
#790=EDGE_LOOP('',(#783,#785,#787,#789));
#791=FACE_OUTER_BOUND('',#790,.F.);
#793=FILL_AREA_STYLE_COLOUR('',#14);
#794=FILL_AREA_STYLE('',(#793));
#795=SURFACE_STYLE_FILL_AREA(#794);
#796=SURFACE_SIDE_STYLE('',(#795));
#797=SURFACE_STYLE_USAGE(.POSITIVE.,#796);
#798=PRESENTATION_STYLE_ASSIGNMENT((#797));
#799=STYLED_ITEM('',(#798),#792);
#800=CARTESIAN_POINT('',(0.E0,0.E0,6.E-1));
#801=DIRECTION('',(0.E0,0.E0,1.E0));
#802=DIRECTION('',(-9.992009190380E-1,3.996903043221E-2,0.E0));
#803=AXIS2_PLACEMENT_3D('',#800,#801,#802);
#804=TOROIDAL_SURFACE('',#803,4.01E0,2.E-1);
#805=ORIENTED_EDGE('',*,*,#766,.F.);
#806=ORIENTED_EDGE('',*,*,#788,.T.);
#808=ORIENTED_EDGE('',*,*,#807,.T.);
#809=ORIENTED_EDGE('',*,*,#784,.F.);
#810=EDGE_LOOP('',(#805,#806,#808,#809));
#811=FACE_OUTER_BOUND('',#810,.F.);
#813=FILL_AREA_STYLE_COLOUR('',#14);
#814=FILL_AREA_STYLE('',(#813));
#815=SURFACE_STYLE_FILL_AREA(#814);
#816=SURFACE_SIDE_STYLE('',(#815));
#817=SURFACE_STYLE_USAGE(.POSITIVE.,#816);
#818=PRESENTATION_STYLE_ASSIGNMENT((#817));
#819=STYLED_ITEM('',(#818),#812);
#820=CARTESIAN_POINT('',(0.E0,0.E0,0.E0));
#821=DIRECTION('',(0.E0,0.E0,1.E0));
#822=DIRECTION('',(1.E0,0.E0,0.E0));
#823=AXIS2_PLACEMENT_3D('',#820,#821,#822);
#824=CYLINDRICAL_SURFACE('',#823,3.81E0);
#826=ORIENTED_EDGE('',*,*,#825,.T.);
#828=ORIENTED_EDGE('',*,*,#827,.F.);
#829=ORIENTED_EDGE('',*,*,#807,.F.);
#831=ORIENTED_EDGE('',*,*,#830,.T.);
#832=EDGE_LOOP('',(#826,#828,#829,#831));
#833=FACE_OUTER_BOUND('',#832,.F.);
#835=FILL_AREA_STYLE_COLOUR('',#14);
#836=FILL_AREA_STYLE('',(#835));
#837=SURFACE_STYLE_FILL_AREA(#836);
#838=SURFACE_SIDE_STYLE('',(#837));
#839=SURFACE_STYLE_USAGE(.POSITIVE.,#838);
#840=PRESENTATION_STYLE_ASSIGNMENT((#839));
#841=STYLED_ITEM('',(#840),#834);
#842=CARTESIAN_POINT('',(0.E0,0.E0,1.3E0));
#843=DIRECTION('',(0.E0,0.E0,1.E0));
#844=DIRECTION('',(-9.992009190380E-1,3.996903043221E-2,0.E0));
#845=AXIS2_PLACEMENT_3D('',#842,#843,#844);
#846=TOROIDAL_SURFACE('',#845,3.61E0,2.E-1);
#848=ORIENTED_EDGE('',*,*,#847,.T.);
#850=ORIENTED_EDGE('',*,*,#849,.T.);
#851=ORIENTED_EDGE('',*,*,#825,.F.);
#853=ORIENTED_EDGE('',*,*,#852,.F.);
#854=EDGE_LOOP('',(#848,#850,#851,#853));
#855=FACE_OUTER_BOUND('',#854,.F.);
#857=FILL_AREA_STYLE_COLOUR('',#14);
#858=FILL_AREA_STYLE('',(#857));
#859=SURFACE_STYLE_FILL_AREA(#858);
#860=SURFACE_SIDE_STYLE('',(#859));
#861=SURFACE_STYLE_USAGE(.POSITIVE.,#860);
#862=PRESENTATION_STYLE_ASSIGNMENT((#861));
#863=STYLED_ITEM('',(#862),#856);
#864=CARTESIAN_POINT('',(0.E0,0.E0,1.5E0));
#865=DIRECTION('',(0.E0,0.E0,1.E0));
#866=DIRECTION('',(1.E0,0.E0,0.E0));
#867=AXIS2_PLACEMENT_3D('',#864,#865,#866);
#868=PLANE('',#867);
#870=ORIENTED_EDGE('',*,*,#869,.F.);
#871=ORIENTED_EDGE('',*,*,#847,.F.);
#872=EDGE_LOOP('',(#870,#871));
#873=FACE_OUTER_BOUND('',#872,.F.);
#875=ORIENTED_EDGE('',*,*,#874,.T.);
#877=ORIENTED_EDGE('',*,*,#876,.T.);
#878=EDGE_LOOP('',(#875,#877));
#879=FACE_BOUND('',#878,.F.);
#881=ORIENTED_EDGE('',*,*,#880,.T.);
#883=ORIENTED_EDGE('',*,*,#882,.T.);
#884=EDGE_LOOP('',(#881,#883));
#885=FACE_BOUND('',#884,.F.);
#887=ORIENTED_EDGE('',*,*,#886,.T.);
#889=ORIENTED_EDGE('',*,*,#888,.T.);
#890=EDGE_LOOP('',(#887,#889));
#891=FACE_BOUND('',#890,.F.);
#893=FILL_AREA_STYLE_COLOUR('',#14);
#894=FILL_AREA_STYLE('',(#893));
#895=SURFACE_STYLE_FILL_AREA(#894);
#896=SURFACE_SIDE_STYLE('',(#895));
#897=SURFACE_STYLE_USAGE(.POSITIVE.,#896);
#898=PRESENTATION_STYLE_ASSIGNMENT((#897));
#899=STYLED_ITEM('',(#898),#892);
#900=CARTESIAN_POINT('',(0.E0,0.E0,1.3E0));
#901=DIRECTION('',(0.E0,0.E0,1.E0));
#902=DIRECTION('',(9.992009190380E-1,-3.996903043221E-2,0.E0));
#903=AXIS2_PLACEMENT_3D('',#900,#901,#902);
#904=TOROIDAL_SURFACE('',#903,3.61E0,2.E-1);
#905=ORIENTED_EDGE('',*,*,#869,.T.);
#906=ORIENTED_EDGE('',*,*,#852,.T.);
#908=ORIENTED_EDGE('',*,*,#907,.F.);
#909=ORIENTED_EDGE('',*,*,#849,.F.);
#910=EDGE_LOOP('',(#905,#906,#908,#909));
#911=FACE_OUTER_BOUND('',#910,.F.);
#913=FILL_AREA_STYLE_COLOUR('',#14);
#914=FILL_AREA_STYLE('',(#913));
#915=SURFACE_STYLE_FILL_AREA(#914);
#916=SURFACE_SIDE_STYLE('',(#915));
#917=SURFACE_STYLE_USAGE(.POSITIVE.,#916);
#918=PRESENTATION_STYLE_ASSIGNMENT((#917));
#919=STYLED_ITEM('',(#918),#912);
#920=CARTESIAN_POINT('',(0.E0,0.E0,0.E0));
#921=DIRECTION('',(0.E0,0.E0,1.E0));
#922=DIRECTION('',(1.E0,0.E0,0.E0));
#923=AXIS2_PLACEMENT_3D('',#920,#921,#922);
#924=CYLINDRICAL_SURFACE('',#923,3.81E0);
#925=ORIENTED_EDGE('',*,*,#907,.T.);
#926=ORIENTED_EDGE('',*,*,#830,.F.);
#927=ORIENTED_EDGE('',*,*,#786,.F.);
#928=ORIENTED_EDGE('',*,*,#827,.T.);
#929=EDGE_LOOP('',(#925,#926,#927,#928));
#930=FACE_OUTER_BOUND('',#929,.F.);
#932=FILL_AREA_STYLE_COLOUR('',#14);
#933=FILL_AREA_STYLE('',(#932));
#934=SURFACE_STYLE_FILL_AREA(#933);
#935=SURFACE_SIDE_STYLE('',(#934));
#936=SURFACE_STYLE_USAGE(.POSITIVE.,#935);
#937=PRESENTATION_STYLE_ASSIGNMENT((#936));
#938=STYLED_ITEM('',(#937),#931);
#939=CARTESIAN_POINT('',(-1.1174E0,2.6977E0,1.5E0));
#940=DIRECTION('',(0.E0,0.E0,1.E0));
#941=DIRECTION('',(1.E0,0.E0,0.E0));
#942=AXIS2_PLACEMENT_3D('',#939,#940,#941);
#943=CYLINDRICAL_SURFACE('',#942,5.6E-1);
#944=ORIENTED_EDGE('',*,*,#874,.F.);
#946=ORIENTED_EDGE('',*,*,#945,.T.);
#947=ORIENTED_EDGE('',*,*,#524,.T.);
#949=ORIENTED_EDGE('',*,*,#948,.F.);
#950=EDGE_LOOP('',(#944,#946,#947,#949));
#951=FACE_OUTER_BOUND('',#950,.F.);
#953=FILL_AREA_STYLE_COLOUR('',#14);
#954=FILL_AREA_STYLE('',(#953));
#955=SURFACE_STYLE_FILL_AREA(#954);
#956=SURFACE_SIDE_STYLE('',(#955));
#957=SURFACE_STYLE_USAGE(.POSITIVE.,#956);
#958=PRESENTATION_STYLE_ASSIGNMENT((#957));
#959=STYLED_ITEM('',(#958),#952);
#960=CARTESIAN_POINT('',(-1.1174E0,2.6977E0,1.5E0));
#961=DIRECTION('',(0.E0,0.E0,1.E0));
#962=DIRECTION('',(1.E0,0.E0,0.E0));
#963=AXIS2_PLACEMENT_3D('',#960,#961,#962);
#964=CYLINDRICAL_SURFACE('',#963,5.6E-1);
#965=ORIENTED_EDGE('',*,*,#876,.F.);
#966=ORIENTED_EDGE('',*,*,#948,.T.);
#967=ORIENTED_EDGE('',*,*,#526,.T.);
#968=ORIENTED_EDGE('',*,*,#945,.F.);
#969=EDGE_LOOP('',(#965,#966,#967,#968));
#970=FACE_OUTER_BOUND('',#969,.F.);
#972=FILL_AREA_STYLE_COLOUR('',#14);
#973=FILL_AREA_STYLE('',(#972));
#974=SURFACE_STYLE_FILL_AREA(#973);
#975=SURFACE_SIDE_STYLE('',(#974));
#976=SURFACE_STYLE_USAGE(.POSITIVE.,#975);
#977=PRESENTATION_STYLE_ASSIGNMENT((#976));
#978=STYLED_ITEM('',(#977),#971);
#979=CARTESIAN_POINT('',(1.1174E0,2.6977E0,1.5E0));
#980=DIRECTION('',(0.E0,0.E0,1.E0));
#981=DIRECTION('',(1.E0,0.E0,0.E0));
#982=AXIS2_PLACEMENT_3D('',#979,#980,#981);
#983=CYLINDRICAL_SURFACE('',#982,5.6E-1);
#984=ORIENTED_EDGE('',*,*,#530,.T.);
#986=ORIENTED_EDGE('',*,*,#985,.F.);
#987=ORIENTED_EDGE('',*,*,#880,.F.);
#989=ORIENTED_EDGE('',*,*,#988,.T.);
#990=EDGE_LOOP('',(#984,#986,#987,#989));
#991=FACE_OUTER_BOUND('',#990,.F.);
#993=FILL_AREA_STYLE_COLOUR('',#14);
#994=FILL_AREA_STYLE('',(#993));
#995=SURFACE_STYLE_FILL_AREA(#994);
#996=SURFACE_SIDE_STYLE('',(#995));
#997=SURFACE_STYLE_USAGE(.POSITIVE.,#996);
#998=PRESENTATION_STYLE_ASSIGNMENT((#997));
#999=STYLED_ITEM('',(#998),#992);
#1000=CARTESIAN_POINT('',(1.1174E0,2.6977E0,1.5E0));
#1001=DIRECTION('',(0.E0,0.E0,1.E0));
#1002=DIRECTION('',(1.E0,0.E0,0.E0));
#1003=AXIS2_PLACEMENT_3D('',#1000,#1001,#1002);
#1004=CYLINDRICAL_SURFACE('',#1003,5.6E-1);
#1005=ORIENTED_EDGE('',*,*,#532,.T.);
#1006=ORIENTED_EDGE('',*,*,#988,.F.);
#1007=ORIENTED_EDGE('',*,*,#882,.F.);
#1008=ORIENTED_EDGE('',*,*,#985,.T.);
#1009=EDGE_LOOP('',(#1005,#1006,#1007,#1008));
#1010=FACE_OUTER_BOUND('',#1009,.F.);
#1012=FILL_AREA_STYLE_COLOUR('',#14);
#1013=FILL_AREA_STYLE('',(#1012));
#1014=SURFACE_STYLE_FILL_AREA(#1013);
#1015=SURFACE_SIDE_STYLE('',(#1014));
#1016=SURFACE_STYLE_USAGE(.POSITIVE.,#1015);
#1017=PRESENTATION_STYLE_ASSIGNMENT((#1016));
#1018=STYLED_ITEM('',(#1017),#1011);
#1019=CARTESIAN_POINT('',(-1.1174E0,-2.6977E0,1.5E0));
#1020=DIRECTION('',(0.E0,0.E0,1.E0));
#1021=DIRECTION('',(1.E0,0.E0,0.E0));
#1022=AXIS2_PLACEMENT_3D('',#1019,#1020,#1021);
#1023=CYLINDRICAL_SURFACE('',#1022,5.6E-1);
#1024=ORIENTED_EDGE('',*,*,#536,.T.);
#1026=ORIENTED_EDGE('',*,*,#1025,.F.);
#1027=ORIENTED_EDGE('',*,*,#886,.F.);
#1029=ORIENTED_EDGE('',*,*,#1028,.T.);
#1030=EDGE_LOOP('',(#1024,#1026,#1027,#1029));
#1031=FACE_OUTER_BOUND('',#1030,.F.);
#1033=FILL_AREA_STYLE_COLOUR('',#14);
#1034=FILL_AREA_STYLE('',(#1033));
#1035=SURFACE_STYLE_FILL_AREA(#1034);
#1036=SURFACE_SIDE_STYLE('',(#1035));
#1037=SURFACE_STYLE_USAGE(.POSITIVE.,#1036);
#1038=PRESENTATION_STYLE_ASSIGNMENT((#1037));
#1039=STYLED_ITEM('',(#1038),#1032);
#1040=CARTESIAN_POINT('',(-1.1174E0,-2.6977E0,1.5E0));
#1041=DIRECTION('',(0.E0,0.E0,1.E0));
#1042=DIRECTION('',(1.E0,0.E0,0.E0));
#1043=AXIS2_PLACEMENT_3D('',#1040,#1041,#1042);
#1044=CYLINDRICAL_SURFACE('',#1043,5.6E-1);
#1045=ORIENTED_EDGE('',*,*,#538,.T.);
#1046=ORIENTED_EDGE('',*,*,#1028,.F.);
#1047=ORIENTED_EDGE('',*,*,#888,.F.);
#1048=ORIENTED_EDGE('',*,*,#1025,.T.);
#1049=EDGE_LOOP('',(#1045,#1046,#1047,#1048));
#1050=FACE_OUTER_BOUND('',#1049,.F.);
#1052=FILL_AREA_STYLE_COLOUR('',#14);
#1053=FILL_AREA_STYLE('',(#1052));
#1054=SURFACE_STYLE_FILL_AREA(#1053);
#1055=SURFACE_SIDE_STYLE('',(#1054));
#1056=SURFACE_STYLE_USAGE(.POSITIVE.,#1055);
#1057=PRESENTATION_STYLE_ASSIGNMENT((#1056));
#1058=STYLED_ITEM('',(#1057),#1051);
#1059=CARTESIAN_POINT('',(0.E0,0.E0,4.25E-1));
#1060=DIRECTION('',(0.E0,0.E0,1.E0));
#1061=DIRECTION('',(0.E0,1.E0,0.E0));
#1062=AXIS2_PLACEMENT_3D('',#1059,#1060,#1061);
#1063=CONICAL_SURFACE('',#1062,4.234183174699E0,3.75E1);
#1064=ORIENTED_EDGE('',*,*,#758,.F.);
#1066=ORIENTED_EDGE('',*,*,#1065,.T.);
#1068=ORIENTED_EDGE('',*,*,#1067,.T.);
#1070=ORIENTED_EDGE('',*,*,#1069,.F.);
#1071=EDGE_LOOP('',(#1064,#1066,#1068,#1070));
#1072=FACE_OUTER_BOUND('',#1071,.F.);
#1074=FILL_AREA_STYLE_COLOUR('',#14);
#1075=FILL_AREA_STYLE('',(#1074));
#1076=SURFACE_STYLE_FILL_AREA(#1075);
#1077=SURFACE_SIDE_STYLE('',(#1076));
#1078=SURFACE_STYLE_USAGE(.POSITIVE.,#1077);
#1079=PRESENTATION_STYLE_ASSIGNMENT((#1078));
#1080=STYLED_ITEM('',(#1079),#1073);
#1081=CARTESIAN_POINT('',(0.E0,0.E0,4.25E-1));
#1082=DIRECTION('',(0.E0,0.E0,1.E0));
#1083=DIRECTION('',(0.E0,1.E0,0.E0));
#1084=AXIS2_PLACEMENT_3D('',#1081,#1082,#1083);
#1085=CONICAL_SURFACE('',#1084,4.234183174699E0,3.75E1);
#1086=ORIENTED_EDGE('',*,*,#760,.F.);
#1087=ORIENTED_EDGE('',*,*,#1069,.T.);
#1089=ORIENTED_EDGE('',*,*,#1088,.F.);
#1090=ORIENTED_EDGE('',*,*,#1065,.F.);
#1091=EDGE_LOOP('',(#1086,#1087,#1089,#1090));
#1092=FACE_OUTER_BOUND('',#1091,.F.);
#1094=FILL_AREA_STYLE_COLOUR('',#14);
#1095=FILL_AREA_STYLE('',(#1094));
#1096=SURFACE_STYLE_FILL_AREA(#1095);
#1097=SURFACE_SIDE_STYLE('',(#1096));
#1098=SURFACE_STYLE_USAGE(.POSITIVE.,#1097);
#1099=PRESENTATION_STYLE_ASSIGNMENT((#1098));
#1100=STYLED_ITEM('',(#1099),#1093);
#1101=CARTESIAN_POINT('',(0.E0,0.E0,4.5E-1));
#1102=DIRECTION('',(0.E0,0.E0,-1.E0));
#1103=DIRECTION('',(0.E0,-1.E0,0.E0));
#1104=AXIS2_PLACEMENT_3D('',#1101,#1102,#1103);
#1105=PLANE('',#1104);
#1107=ORIENTED_EDGE('',*,*,#1106,.F.);
#1109=ORIENTED_EDGE('',*,*,#1108,.T.);
#1110=EDGE_LOOP('',(#1107,#1109));
#1111=FACE_OUTER_BOUND('',#1110,.F.);
#1112=ORIENTED_EDGE('',*,*,#1067,.F.);
#1113=ORIENTED_EDGE('',*,*,#1088,.T.);
#1114=EDGE_LOOP('',(#1112,#1113));
#1115=FACE_BOUND('',#1114,.F.);
#1117=FILL_AREA_STYLE_COLOUR('',#14);
#1118=FILL_AREA_STYLE('',(#1117));
#1119=SURFACE_STYLE_FILL_AREA(#1118);
#1120=SURFACE_SIDE_STYLE('',(#1119));
#1121=SURFACE_STYLE_USAGE(.POSITIVE.,#1120);
#1122=PRESENTATION_STYLE_ASSIGNMENT((#1121));
#1123=STYLED_ITEM('',(#1122),#1116);
#1124=CARTESIAN_POINT('',(0.E0,0.E0,4.25E-1));
#1125=DIRECTION('',(0.E0,0.E0,-1.E0));
#1126=DIRECTION('',(0.E0,-1.E0,0.E0));
#1127=AXIS2_PLACEMENT_3D('',#1124,#1125,#1126);
#1128=CONICAL_SURFACE('',#1127,4.395816825301E0,3.75E1);
#1129=ORIENTED_EDGE('',*,*,#741,.T.);
#1131=ORIENTED_EDGE('',*,*,#1130,.F.);
#1132=ORIENTED_EDGE('',*,*,#1106,.T.);
#1134=ORIENTED_EDGE('',*,*,#1133,.T.);
#1135=EDGE_LOOP('',(#1129,#1131,#1132,#1134));
#1136=FACE_OUTER_BOUND('',#1135,.F.);
#1138=FILL_AREA_STYLE_COLOUR('',#14);
#1139=FILL_AREA_STYLE('',(#1138));
#1140=SURFACE_STYLE_FILL_AREA(#1139);
#1141=SURFACE_SIDE_STYLE('',(#1140));
#1142=SURFACE_STYLE_USAGE(.POSITIVE.,#1141);
#1143=PRESENTATION_STYLE_ASSIGNMENT((#1142));
#1144=STYLED_ITEM('',(#1143),#1137);
#1145=CARTESIAN_POINT('',(0.E0,0.E0,4.25E-1));
#1146=DIRECTION('',(0.E0,0.E0,-1.E0));
#1147=DIRECTION('',(0.E0,-1.E0,0.E0));
#1148=AXIS2_PLACEMENT_3D('',#1145,#1146,#1147);
#1149=CONICAL_SURFACE('',#1148,4.395816825301E0,3.75E1);
#1150=ORIENTED_EDGE('',*,*,#739,.T.);
#1151=ORIENTED_EDGE('',*,*,#1133,.F.);
#1152=ORIENTED_EDGE('',*,*,#1108,.F.);
#1153=ORIENTED_EDGE('',*,*,#1130,.T.);
#1154=EDGE_LOOP('',(#1150,#1151,#1152,#1153));
#1155=FACE_OUTER_BOUND('',#1154,.F.);
#1157=FILL_AREA_STYLE_COLOUR('',#14);
#1158=FILL_AREA_STYLE('',(#1157));
#1159=SURFACE_STYLE_FILL_AREA(#1158);
#1160=SURFACE_SIDE_STYLE('',(#1159));
#1161=SURFACE_STYLE_USAGE(.POSITIVE.,#1160);
#1162=PRESENTATION_STYLE_ASSIGNMENT((#1161));
#1163=STYLED_ITEM('',(#1162),#1156);
#1164=CARTESIAN_POINT('',(1.1174E0,-2.6977E0,1.E-1));
#1165=DIRECTION('',(0.E0,0.E0,-1.E0));
#1166=DIRECTION('',(-9.300241615019E-1,3.674983796192E-1,0.E0));
#1167=AXIS2_PLACEMENT_3D('',#1164,#1165,#1166);
#1168=TOROIDAL_SURFACE('',#1167,6.75E-1,1.E-1);
#1169=ORIENTED_EDGE('',*,*,#542,.T.);
#1171=ORIENTED_EDGE('',*,*,#1170,.T.);
#1173=ORIENTED_EDGE('',*,*,#1172,.F.);
#1175=ORIENTED_EDGE('',*,*,#1174,.F.);
#1176=EDGE_LOOP('',(#1169,#1171,#1173,#1175));
#1177=FACE_OUTER_BOUND('',#1176,.F.);
#1179=FILL_AREA_STYLE_COLOUR('',#14);
#1180=FILL_AREA_STYLE('',(#1179));
#1181=SURFACE_STYLE_FILL_AREA(#1180);
#1182=SURFACE_SIDE_STYLE('',(#1181));
#1183=SURFACE_STYLE_USAGE(.POSITIVE.,#1182);
#1184=PRESENTATION_STYLE_ASSIGNMENT((#1183));
#1185=STYLED_ITEM('',(#1184),#1178);
#1186=CARTESIAN_POINT('',(1.1174E0,-2.6977E0,1.E-1));
#1187=DIRECTION('',(0.E0,0.E0,-1.E0));
#1188=DIRECTION('',(9.300241615019E-1,-3.674983796192E-1,0.E0));
#1189=AXIS2_PLACEMENT_3D('',#1186,#1187,#1188);
#1190=TOROIDAL_SURFACE('',#1189,6.75E-1,1.E-1);
#1191=ORIENTED_EDGE('',*,*,#544,.T.);
#1192=ORIENTED_EDGE('',*,*,#1174,.T.);
#1194=ORIENTED_EDGE('',*,*,#1193,.F.);
#1195=ORIENTED_EDGE('',*,*,#1170,.F.);
#1196=EDGE_LOOP('',(#1191,#1192,#1194,#1195));
#1197=FACE_OUTER_BOUND('',#1196,.F.);
#1199=FILL_AREA_STYLE_COLOUR('',#14);
#1200=FILL_AREA_STYLE('',(#1199));
#1201=SURFACE_STYLE_FILL_AREA(#1200);
#1202=SURFACE_SIDE_STYLE('',(#1201));
#1203=SURFACE_STYLE_USAGE(.POSITIVE.,#1202);
#1204=PRESENTATION_STYLE_ASSIGNMENT((#1203));
#1205=STYLED_ITEM('',(#1204),#1198);
#1206=CARTESIAN_POINT('',(1.1174E0,-2.6977E0,0.E0));
#1207=DIRECTION('',(0.E0,0.E0,-1.E0));
#1208=DIRECTION('',(-1.E0,0.E0,0.E0));
#1209=AXIS2_PLACEMENT_3D('',#1206,#1207,#1208);
#1210=CYLINDRICAL_SURFACE('',#1209,5.75E-1);
#1212=ORIENTED_EDGE('',*,*,#1211,.F.);
#1214=ORIENTED_EDGE('',*,*,#1213,.F.);
#1215=ORIENTED_EDGE('',*,*,#1193,.T.);
#1217=ORIENTED_EDGE('',*,*,#1216,.T.);
#1218=EDGE_LOOP('',(#1212,#1214,#1215,#1217));
#1219=FACE_OUTER_BOUND('',#1218,.F.);
#1221=FILL_AREA_STYLE_COLOUR('',#14);
#1222=FILL_AREA_STYLE('',(#1221));
#1223=SURFACE_STYLE_FILL_AREA(#1222);
#1224=SURFACE_SIDE_STYLE('',(#1223));
#1225=SURFACE_STYLE_USAGE(.POSITIVE.,#1224);
#1226=PRESENTATION_STYLE_ASSIGNMENT((#1225));
#1227=STYLED_ITEM('',(#1226),#1220);
#1228=CARTESIAN_POINT('',(1.1174E0,-2.6977E0,2.E-1));
#1229=DIRECTION('',(0.E0,0.E0,-1.E0));
#1230=DIRECTION('',(9.300241615019E-1,-3.674983796192E-1,0.E0));
#1231=AXIS2_PLACEMENT_3D('',#1228,#1229,#1230);
#1232=TOROIDAL_SURFACE('',#1231,4.75E-1,1.E-1);
#1234=ORIENTED_EDGE('',*,*,#1233,.F.);
#1236=ORIENTED_EDGE('',*,*,#1235,.T.);
#1237=ORIENTED_EDGE('',*,*,#1211,.T.);
#1239=ORIENTED_EDGE('',*,*,#1238,.F.);
#1240=EDGE_LOOP('',(#1234,#1236,#1237,#1239));
#1241=FACE_OUTER_BOUND('',#1240,.F.);
#1243=FILL_AREA_STYLE_COLOUR('',#14);
#1244=FILL_AREA_STYLE('',(#1243));
#1245=SURFACE_STYLE_FILL_AREA(#1244);
#1246=SURFACE_SIDE_STYLE('',(#1245));
#1247=SURFACE_STYLE_USAGE(.POSITIVE.,#1246);
#1248=PRESENTATION_STYLE_ASSIGNMENT((#1247));
#1249=STYLED_ITEM('',(#1248),#1242);
#1250=CARTESIAN_POINT('',(0.E0,0.E0,3.E-1));
#1251=DIRECTION('',(0.E0,0.E0,-1.E0));
#1252=DIRECTION('',(-1.E0,0.E0,0.E0));
#1253=AXIS2_PLACEMENT_3D('',#1250,#1251,#1252);
#1254=PLANE('',#1253);
#1256=ORIENTED_EDGE('',*,*,#1255,.T.);
#1257=ORIENTED_EDGE('',*,*,#1233,.T.);
#1258=EDGE_LOOP('',(#1256,#1257));
#1259=FACE_OUTER_BOUND('',#1258,.F.);
#1261=FILL_AREA_STYLE_COLOUR('',#14);
#1262=FILL_AREA_STYLE('',(#1261));
#1263=SURFACE_STYLE_FILL_AREA(#1262);
#1264=SURFACE_SIDE_STYLE('',(#1263));
#1265=SURFACE_STYLE_USAGE(.POSITIVE.,#1264);
#1266=PRESENTATION_STYLE_ASSIGNMENT((#1265));
#1267=STYLED_ITEM('',(#1266),#1260);
#1268=CARTESIAN_POINT('',(1.1174E0,-2.6977E0,2.E-1));
#1269=DIRECTION('',(0.E0,0.E0,-1.E0));
#1270=DIRECTION('',(-9.300241615019E-1,3.674983796192E-1,0.E0));
#1271=AXIS2_PLACEMENT_3D('',#1268,#1269,#1270);
#1272=TOROIDAL_SURFACE('',#1271,4.75E-1,1.E-1);
#1273=ORIENTED_EDGE('',*,*,#1255,.F.);
#1274=ORIENTED_EDGE('',*,*,#1238,.T.);
#1276=ORIENTED_EDGE('',*,*,#1275,.T.);
#1277=ORIENTED_EDGE('',*,*,#1235,.F.);
#1278=EDGE_LOOP('',(#1273,#1274,#1276,#1277));
#1279=FACE_OUTER_BOUND('',#1278,.F.);
#1281=FILL_AREA_STYLE_COLOUR('',#14);
#1282=FILL_AREA_STYLE('',(#1281));
#1283=SURFACE_STYLE_FILL_AREA(#1282);
#1284=SURFACE_SIDE_STYLE('',(#1283));
#1285=SURFACE_STYLE_USAGE(.POSITIVE.,#1284);
#1286=PRESENTATION_STYLE_ASSIGNMENT((#1285));
#1287=STYLED_ITEM('',(#1286),#1280);
#1288=CARTESIAN_POINT('',(1.1174E0,-2.6977E0,0.E0));
#1289=DIRECTION('',(0.E0,0.E0,-1.E0));
#1290=DIRECTION('',(-1.E0,0.E0,0.E0));
#1291=AXIS2_PLACEMENT_3D('',#1288,#1289,#1290);
#1292=CYLINDRICAL_SURFACE('',#1291,5.75E-1);
#1293=ORIENTED_EDGE('',*,*,#1275,.F.);
#1294=ORIENTED_EDGE('',*,*,#1216,.F.);
#1295=ORIENTED_EDGE('',*,*,#1172,.T.);
#1296=ORIENTED_EDGE('',*,*,#1213,.T.);
#1297=EDGE_LOOP('',(#1293,#1294,#1295,#1296));
#1298=FACE_OUTER_BOUND('',#1297,.F.);
#1300=FILL_AREA_STYLE_COLOUR('',#14);
#1301=FILL_AREA_STYLE('',(#1300));
#1302=SURFACE_STYLE_FILL_AREA(#1301);
#1303=SURFACE_SIDE_STYLE('',(#1302));
#1304=SURFACE_STYLE_USAGE(.POSITIVE.,#1303);
#1305=PRESENTATION_STYLE_ASSIGNMENT((#1304));
#1306=STYLED_ITEM('',(#1305),#1299);
#1311=PLANE_ANGLE_MEASURE_WITH_UNIT(PLANE_ANGLE_MEASURE(1.745329251994E-2),
#1310);
#1312=(CONVERSION_BASED_UNIT('DEGREE',#1311)NAMED_UNIT(*)PLANE_ANGLE_UNIT());
#1314=UNCERTAINTY_MEASURE_WITH_UNIT(LENGTH_MEASURE(9.906E-3),#1309,
'distance_accuracy_value',
'Maximum model space distance between geometric entities at asserted connectivities');
#1316=CARTESIAN_POINT('',(0.E0,0.E0,0.E0));
#1317=DIRECTION('',(0.E0,0.E0,1.E0));
#1318=DIRECTION('',(1.E0,0.E0,0.E0));
#1321=APPLICATION_CONTEXT('automotive_design');
#1322=APPLICATION_PROTOCOL_DEFINITION('international standard',
'automotive_design',2001,#1321);
#1323=PRODUCT_DEFINITION_CONTEXT('part definition',#1321,'design');
#1324=PRODUCT_CONTEXT('',#1321,'mechanical');
#1325=PRODUCT('9064X_BASE','9064X_BASE','NOT SPECIFIED',(#1324));
#1326=PRODUCT_DEFINITION_FORMATION('10','LAST_VERSION',#1325);
#1334=DERIVED_UNIT_ELEMENT(#1333,2.E0);
#1335=DERIVED_UNIT((#1334));
#1336=MEASURE_REPRESENTATION_ITEM('surface area measure',AREA_MEASURE(
1.787700831587E2),#1335);
#1341=DERIVED_UNIT_ELEMENT(#1340,3.E0);
#1342=DERIVED_UNIT((#1341));
#1343=MEASURE_REPRESENTATION_ITEM('volume measure',VOLUME_MEASURE(
7.213847191139E1),#1342);
#1347=CARTESIAN_POINT('centre point',(1.805459849140E-2,-2.634518172180E-2,
6.858300795443E-1));
#1352=DERIVED_UNIT_ELEMENT(#1351,2.E0);
#1353=DERIVED_UNIT((#1352));
#1354=MEASURE_REPRESENTATION_ITEM('surface area measure',AREA_MEASURE(
1.787700831587E2),#1353);
#1359=DERIVED_UNIT_ELEMENT(#1358,3.E0);
#1360=DERIVED_UNIT((#1359));
#1361=MEASURE_REPRESENTATION_ITEM('volume measure',VOLUME_MEASURE(
7.213847191139E1),#1360);
#1365=CARTESIAN_POINT('centre point',(1.805459849140E-2,-2.634518172180E-2,
6.858300795443E-1));
#1375=CARTESIAN_POINT('centre point',(1.985283891925E-1,1.545267308177E-1,
-8.141699204557E-1));
#1379=CARTESIAN_POINT('',(1.804737907011E-1,1.808719125395E-1,-1.5E0));
#1380=DIRECTION('',(0.E0,0.E0,1.E0));
#1381=DIRECTION('',(1.E0,0.E0,0.E0));
#1382=AXIS2_PLACEMENT_3D('',#1379,#1380,#1381);
#1383=ITEM_DEFINED_TRANSFORMATION('','',#1319,#1382);
#1384=(REPRESENTATION_RELATIONSHIP('','',#1320,#1372)REPRESENTATION_RELATIONSHIP_WITH_TRANSFORMATION(#1383)SHAPE_REPRESENTATION_RELATIONSHIP());
#1385=CONTEXT_DEPENDENT_SHAPE_REPRESENTATION(#1384,#1374);
#1387=CARTESIAN_POINT('',(0.E0,7.5E-1,0.E0));
#1388=DIRECTION('',(0.E0,1.E0,0.E0));
#1389=DIRECTION('',(-1.E0,0.E0,0.E0));
#1390=AXIS2_PLACEMENT_3D('',#1387,#1388,#1389);
#1392=CARTESIAN_POINT('',(-2.25E-1,7.5E-1,0.E0));
#1393=CARTESIAN_POINT('',(-2.808333333333E-1,7.166666666667E-1,0.E0));
#1394=CARTESIAN_POINT('',(-3.925E-1,6.833333333333E-1,0.E0));
#1395=CARTESIAN_POINT('',(-5.041666666667E-1,7.166666666667E-1,0.E0));
#1396=CARTESIAN_POINT('',(-5.6E-1,7.5E-1,0.E0));
#1398=CARTESIAN_POINT('',(2.25E-1,7.5E-1,0.E0));
#1399=CARTESIAN_POINT('',(2.808333333333E-1,7.166666666667E-1,0.E0));
#1400=CARTESIAN_POINT('',(3.925E-1,6.833333333333E-1,0.E0));
#1401=CARTESIAN_POINT('',(5.041666666667E-1,7.166666666667E-1,0.E0));
#1402=CARTESIAN_POINT('',(5.6E-1,7.5E-1,0.E0));
#1404=CARTESIAN_POINT('',(0.E0,7.5E-1,0.E0));
#1405=DIRECTION('',(0.E0,-1.E0,0.E0));
#1406=DIRECTION('',(-1.E0,0.E0,0.E0));
#1407=AXIS2_PLACEMENT_3D('',#1404,#1405,#1406);
#1409=DIRECTION('',(0.E0,-1.E0,0.E0));
#1410=VECTOR('',#1409,1.5E0);
#1411=CARTESIAN_POINT('',(-5.6E-1,7.5E-1,0.E0));
#1412=LINE('',#1411,#1410);
#1413=DIRECTION('',(0.E0,-1.E0,0.E0));
#1414=VECTOR('',#1413,1.5E0);
#1415=CARTESIAN_POINT('',(5.6E-1,7.5E-1,0.E0));
#1416=LINE('',#1415,#1414);
#1417=CARTESIAN_POINT('',(0.E0,7.5E-1,0.E0));
#1418=DIRECTION('',(0.E0,-1.E0,0.E0));
#1419=DIRECTION('',(-1.E0,0.E0,0.E0));
#1420=AXIS2_PLACEMENT_3D('',#1417,#1418,#1419);
#1422=CARTESIAN_POINT('',(0.E0,7.5E-1,0.E0));
#1423=DIRECTION('',(0.E0,1.E0,0.E0));
#1424=DIRECTION('',(-1.E0,0.E0,0.E0));
#1425=AXIS2_PLACEMENT_3D('',#1422,#1423,#1424);
#1427=CARTESIAN_POINT('',(0.E0,-7.5E-1,0.E0));
#1428=DIRECTION('',(0.E0,1.E0,0.E0));
#1429=DIRECTION('',(-1.E0,0.E0,0.E0));
#1430=AXIS2_PLACEMENT_3D('',#1427,#1428,#1429);
#1432=CARTESIAN_POINT('',(-5.6E-1,-7.5E-1,0.E0));
#1433=CARTESIAN_POINT('',(-5.041666666667E-1,-7.166666666667E-1,0.E0));
#1434=CARTESIAN_POINT('',(-3.925E-1,-6.833333333333E-1,0.E0));
#1435=CARTESIAN_POINT('',(-2.808333333333E-1,-7.166666666667E-1,0.E0));
#1436=CARTESIAN_POINT('',(-2.25E-1,-7.5E-1,0.E0));
#1438=CARTESIAN_POINT('',(5.6E-1,-7.5E-1,0.E0));
#1439=CARTESIAN_POINT('',(5.041666666667E-1,-7.166666666667E-1,0.E0));
#1440=CARTESIAN_POINT('',(3.925E-1,-6.833333333333E-1,0.E0));
#1441=CARTESIAN_POINT('',(2.808333333333E-1,-7.166666666667E-1,0.E0));
#1442=CARTESIAN_POINT('',(2.25E-1,-7.5E-1,0.E0));
#1444=CARTESIAN_POINT('',(0.E0,-7.5E-1,0.E0));
#1445=DIRECTION('',(0.E0,-1.E0,0.E0));
#1446=DIRECTION('',(-1.E0,0.E0,0.E0));
#1447=AXIS2_PLACEMENT_3D('',#1444,#1445,#1446);
#1449=DIRECTION('',(0.E0,1.E0,0.E0));
#1450=VECTOR('',#1449,1.5E0);
#1451=CARTESIAN_POINT('',(-2.25E-1,-7.5E-1,0.E0));
#1452=LINE('',#1451,#1450);
#1453=DIRECTION('',(0.E0,1.E0,0.E0));
#1454=VECTOR('',#1453,1.5E0);
#1455=CARTESIAN_POINT('',(2.25E-1,-7.5E-1,0.E0));
#1456=LINE('',#1455,#1454);
#1457=CARTESIAN_POINT('',(0.E0,-7.5E-1,0.E0));
#1458=DIRECTION('',(0.E0,-1.E0,0.E0));
#1459=DIRECTION('',(-1.E0,0.E0,0.E0));
#1460=AXIS2_PLACEMENT_3D('',#1457,#1458,#1459);
#1462=CARTESIAN_POINT('',(0.E0,-7.5E-1,0.E0));
#1463=DIRECTION('',(0.E0,1.E0,0.E0));
#1464=DIRECTION('',(-1.E0,0.E0,0.E0));
#1465=AXIS2_PLACEMENT_3D('',#1462,#1463,#1464);
#1467=VERTEX_POINT('',#1392);
#1468=VERTEX_POINT('',#1396);
#1469=CARTESIAN_POINT('',(-5.6E-1,-7.5E-1,0.E0));
#1470=VERTEX_POINT('',#1469);
#1471=VERTEX_POINT('',#1436);
#1472=VERTEX_POINT('',#1398);
#1473=VERTEX_POINT('',#1402);
#1474=CARTESIAN_POINT('',(5.6E-1,-7.5E-1,0.E0));
#1475=VERTEX_POINT('',#1474);
#1476=VERTEX_POINT('',#1442);
#1477=CARTESIAN_POINT('',(-6.091409194670E-1,7.836414132101E-1,0.E0));
#1478=CARTESIAN_POINT('',(-5.927606129780E-1,7.709930918595E-1,0.E0));
#1479=CARTESIAN_POINT('',(-5.205469731557E-1,7.215563103947E-1,0.E0));
#1480=CARTESIAN_POINT('',(-3.925E-1,6.833333333333E-1,0.E0));
#1481=CARTESIAN_POINT('',(-2.630799697140E-1,7.219661781948E-1,0.E0));
#1482=CARTESIAN_POINT('',(-1.894932727614E-1,7.728831354588E-1,0.E0));
#1483=CARTESIAN_POINT('',(-1.717399091421E-1,7.868523372076E-1,0.E0));
#1485=DRAUGHTING_PRE_DEFINED_CURVE_FONT('continuous');
#1486=CURVE_STYLE('',#1485,POSITIVE_LENGTH_MEASURE(2.E-2),#1386);
#1487=PRESENTATION_STYLE_ASSIGNMENT((#1486));
#1488=STYLED_ITEM('',(#1487),#1484);
#1489=CARTESIAN_POINT('',(0.E0,-8.25E-1,0.E0));
#1490=DIRECTION('',(0.E0,1.E0,0.E0));
#1491=AXIS1_PLACEMENT('',#1489,#1490);
#1492=SURFACE_OF_REVOLUTION('',#1484,#1491);
#1494=ORIENTED_EDGE('',*,*,#1493,.F.);
#1496=ORIENTED_EDGE('',*,*,#1495,.T.);
#1498=ORIENTED_EDGE('',*,*,#1497,.T.);
#1500=ORIENTED_EDGE('',*,*,#1499,.F.);
#1501=EDGE_LOOP('',(#1494,#1496,#1498,#1500));
#1502=FACE_OUTER_BOUND('',#1501,.F.);
#1504=FILL_AREA_STYLE_COLOUR('',#1386);
#1505=FILL_AREA_STYLE('',(#1504));
#1506=SURFACE_STYLE_FILL_AREA(#1505);
#1507=SURFACE_SIDE_STYLE('',(#1506));
#1508=SURFACE_STYLE_USAGE(.POSITIVE.,#1507);
#1509=PRESENTATION_STYLE_ASSIGNMENT((#1508));
#1510=STYLED_ITEM('',(#1509),#1503);
#1511=CARTESIAN_POINT('',(-6.091409194670E-1,7.836414132101E-1,0.E0));
#1512=CARTESIAN_POINT('',(-5.927606129780E-1,7.709930918595E-1,0.E0));
#1513=CARTESIAN_POINT('',(-5.205469731557E-1,7.215563103947E-1,0.E0));
#1514=CARTESIAN_POINT('',(-3.925E-1,6.833333333333E-1,0.E0));
#1515=CARTESIAN_POINT('',(-2.630799697140E-1,7.219661781948E-1,0.E0));
#1516=CARTESIAN_POINT('',(-1.894932727614E-1,7.728831354588E-1,0.E0));
#1517=CARTESIAN_POINT('',(-1.717399091421E-1,7.868523372076E-1,0.E0));
#1519=CURVE_STYLE('',#1485,POSITIVE_LENGTH_MEASURE(2.E-2),#1386);
#1520=PRESENTATION_STYLE_ASSIGNMENT((#1519));
#1521=STYLED_ITEM('',(#1520),#1518);
#1522=CARTESIAN_POINT('',(0.E0,-8.25E-1,0.E0));
#1523=DIRECTION('',(0.E0,1.E0,0.E0));
#1524=AXIS1_PLACEMENT('',#1522,#1523);
#1525=SURFACE_OF_REVOLUTION('',#1518,#1524);
#1526=ORIENTED_EDGE('',*,*,#1493,.T.);
#1528=ORIENTED_EDGE('',*,*,#1527,.T.);
#1529=ORIENTED_EDGE('',*,*,#1497,.F.);
#1531=ORIENTED_EDGE('',*,*,#1530,.F.);
#1532=EDGE_LOOP('',(#1526,#1528,#1529,#1531));
#1533=FACE_OUTER_BOUND('',#1532,.F.);
#1535=FILL_AREA_STYLE_COLOUR('',#1386);
#1536=FILL_AREA_STYLE('',(#1535));
#1537=SURFACE_STYLE_FILL_AREA(#1536);
#1538=SURFACE_SIDE_STYLE('',(#1537));
#1539=SURFACE_STYLE_USAGE(.POSITIVE.,#1538);
#1540=PRESENTATION_STYLE_ASSIGNMENT((#1539));
#1541=STYLED_ITEM('',(#1540),#1534);
#1542=CARTESIAN_POINT('',(0.E0,-8.25E-1,0.E0));
#1543=DIRECTION('',(0.E0,1.E0,0.E0));
#1544=DIRECTION('',(1.E0,0.E0,0.E0));
#1545=AXIS2_PLACEMENT_3D('',#1542,#1543,#1544);
#1546=CYLINDRICAL_SURFACE('',#1545,5.6E-1);
#1548=ORIENTED_EDGE('',*,*,#1547,.T.);
#1550=ORIENTED_EDGE('',*,*,#1549,.T.);
#1552=ORIENTED_EDGE('',*,*,#1551,.F.);
#1553=ORIENTED_EDGE('',*,*,#1527,.F.);
#1554=EDGE_LOOP('',(#1548,#1550,#1552,#1553));
#1555=FACE_OUTER_BOUND('',#1554,.F.);
#1557=FILL_AREA_STYLE_COLOUR('',#1386);
#1558=FILL_AREA_STYLE('',(#1557));
#1559=SURFACE_STYLE_FILL_AREA(#1558);
#1560=SURFACE_SIDE_STYLE('',(#1559));
#1561=SURFACE_STYLE_USAGE(.POSITIVE.,#1560);
#1562=PRESENTATION_STYLE_ASSIGNMENT((#1561));
#1563=STYLED_ITEM('',(#1562),#1556);
#1564=CARTESIAN_POINT('',(0.E0,-8.25E-1,0.E0));
#1565=DIRECTION('',(0.E0,1.E0,0.E0));
#1566=DIRECTION('',(1.E0,0.E0,0.E0));
#1567=AXIS2_PLACEMENT_3D('',#1564,#1565,#1566);
#1568=CYLINDRICAL_SURFACE('',#1567,5.6E-1);
#1569=ORIENTED_EDGE('',*,*,#1547,.F.);
#1570=ORIENTED_EDGE('',*,*,#1499,.T.);
#1571=ORIENTED_EDGE('',*,*,#1551,.T.);
#1573=ORIENTED_EDGE('',*,*,#1572,.F.);
#1574=EDGE_LOOP('',(#1569,#1570,#1571,#1573));
#1575=FACE_OUTER_BOUND('',#1574,.F.);
#1577=FILL_AREA_STYLE_COLOUR('',#1386);
#1578=FILL_AREA_STYLE('',(#1577));
#1579=SURFACE_STYLE_FILL_AREA(#1578);
#1580=SURFACE_SIDE_STYLE('',(#1579));
#1581=SURFACE_STYLE_USAGE(.POSITIVE.,#1580);
#1582=PRESENTATION_STYLE_ASSIGNMENT((#1581));
#1583=STYLED_ITEM('',(#1582),#1576);
#1584=CARTESIAN_POINT('',(-1.758590805330E-1,-7.836414132101E-1,0.E0));
#1585=CARTESIAN_POINT('',(-1.922393870220E-1,-7.709930918595E-1,0.E0));
#1586=CARTESIAN_POINT('',(-2.644530268443E-1,-7.215563103947E-1,0.E0));
#1587=CARTESIAN_POINT('',(-3.925E-1,-6.833333333333E-1,0.E0));
#1588=CARTESIAN_POINT('',(-5.219200302860E-1,-7.219661781948E-1,0.E0));
#1589=CARTESIAN_POINT('',(-5.955067272386E-1,-7.728831354588E-1,0.E0));
#1590=CARTESIAN_POINT('',(-6.132600908579E-1,-7.868523372076E-1,0.E0));
#1592=CURVE_STYLE('',#1485,POSITIVE_LENGTH_MEASURE(2.E-2),#1386);
#1593=PRESENTATION_STYLE_ASSIGNMENT((#1592));
#1594=STYLED_ITEM('',(#1593),#1591);
#1595=CARTESIAN_POINT('',(0.E0,-8.25E-1,0.E0));
#1596=DIRECTION('',(0.E0,1.E0,0.E0));
#1597=AXIS1_PLACEMENT('',#1595,#1596);
#1598=SURFACE_OF_REVOLUTION('',#1591,#1597);
#1600=ORIENTED_EDGE('',*,*,#1599,.F.);
#1601=ORIENTED_EDGE('',*,*,#1572,.T.);
#1603=ORIENTED_EDGE('',*,*,#1602,.T.);
#1605=ORIENTED_EDGE('',*,*,#1604,.F.);
#1606=EDGE_LOOP('',(#1600,#1601,#1603,#1605));
#1607=FACE_OUTER_BOUND('',#1606,.F.);
#1609=FILL_AREA_STYLE_COLOUR('',#1386);
#1610=FILL_AREA_STYLE('',(#1609));
#1611=SURFACE_STYLE_FILL_AREA(#1610);
#1612=SURFACE_SIDE_STYLE('',(#1611));
#1613=SURFACE_STYLE_USAGE(.POSITIVE.,#1612);
#1614=PRESENTATION_STYLE_ASSIGNMENT((#1613));
#1615=STYLED_ITEM('',(#1614),#1608);
#1616=CARTESIAN_POINT('',(-1.758590805330E-1,-7.836414132101E-1,0.E0));
#1617=CARTESIAN_POINT('',(-1.922393870220E-1,-7.709930918595E-1,0.E0));
#1618=CARTESIAN_POINT('',(-2.644530268443E-1,-7.215563103947E-1,0.E0));
#1619=CARTESIAN_POINT('',(-3.925E-1,-6.833333333333E-1,0.E0));
#1620=CARTESIAN_POINT('',(-5.219200302860E-1,-7.219661781948E-1,0.E0));
#1621=CARTESIAN_POINT('',(-5.955067272386E-1,-7.728831354588E-1,0.E0));
#1622=CARTESIAN_POINT('',(-6.132600908579E-1,-7.868523372076E-1,0.E0));
#1624=CURVE_STYLE('',#1485,POSITIVE_LENGTH_MEASURE(2.E-2),#1386);
#1625=PRESENTATION_STYLE_ASSIGNMENT((#1624));
#1626=STYLED_ITEM('',(#1625),#1623);
#1627=CARTESIAN_POINT('',(0.E0,-8.25E-1,0.E0));
#1628=DIRECTION('',(0.E0,1.E0,0.E0));
#1629=AXIS1_PLACEMENT('',#1627,#1628);
#1630=SURFACE_OF_REVOLUTION('',#1623,#1629);
#1631=ORIENTED_EDGE('',*,*,#1599,.T.);
#1633=ORIENTED_EDGE('',*,*,#1632,.T.);
#1634=ORIENTED_EDGE('',*,*,#1602,.F.);
#1635=ORIENTED_EDGE('',*,*,#1549,.F.);
#1636=EDGE_LOOP('',(#1631,#1633,#1634,#1635));
#1637=FACE_OUTER_BOUND('',#1636,.F.);
#1639=FILL_AREA_STYLE_COLOUR('',#1386);
#1640=FILL_AREA_STYLE('',(#1639));
#1641=SURFACE_STYLE_FILL_AREA(#1640);
#1642=SURFACE_SIDE_STYLE('',(#1641));
#1643=SURFACE_STYLE_USAGE(.POSITIVE.,#1642);
#1644=PRESENTATION_STYLE_ASSIGNMENT((#1643));
#1645=STYLED_ITEM('',(#1644),#1638);
#1646=CARTESIAN_POINT('',(0.E0,-8.25E-1,0.E0));
#1647=DIRECTION('',(0.E0,1.E0,0.E0));
#1648=DIRECTION('',(1.E0,0.E0,0.E0));
#1649=AXIS2_PLACEMENT_3D('',#1646,#1647,#1648);
#1650=CYLINDRICAL_SURFACE('',#1649,2.25E-1);
#1652=ORIENTED_EDGE('',*,*,#1651,.T.);
#1653=ORIENTED_EDGE('',*,*,#1530,.T.);
#1655=ORIENTED_EDGE('',*,*,#1654,.F.);
#1656=ORIENTED_EDGE('',*,*,#1632,.F.);
#1657=EDGE_LOOP('',(#1652,#1653,#1655,#1656));
#1658=FACE_OUTER_BOUND('',#1657,.F.);
#1660=FILL_AREA_STYLE_COLOUR('',#1386);
#1661=FILL_AREA_STYLE('',(#1660));
#1662=SURFACE_STYLE_FILL_AREA(#1661);
#1663=SURFACE_SIDE_STYLE('',(#1662));
#1664=SURFACE_STYLE_USAGE(.POSITIVE.,#1663);
#1665=PRESENTATION_STYLE_ASSIGNMENT((#1664));
#1666=STYLED_ITEM('',(#1665),#1659);
#1667=CARTESIAN_POINT('',(0.E0,-8.25E-1,0.E0));
#1668=DIRECTION('',(0.E0,1.E0,0.E0));
#1669=DIRECTION('',(1.E0,0.E0,0.E0));
#1670=AXIS2_PLACEMENT_3D('',#1667,#1668,#1669);
#1671=CYLINDRICAL_SURFACE('',#1670,2.25E-1);
#1672=ORIENTED_EDGE('',*,*,#1651,.F.);
#1673=ORIENTED_EDGE('',*,*,#1604,.T.);
#1674=ORIENTED_EDGE('',*,*,#1654,.T.);
#1675=ORIENTED_EDGE('',*,*,#1495,.F.);
#1676=EDGE_LOOP('',(#1672,#1673,#1674,#1675));
#1677=FACE_OUTER_BOUND('',#1676,.F.);
#1679=FILL_AREA_STYLE_COLOUR('',#1386);
#1680=FILL_AREA_STYLE('',(#1679));
#1681=SURFACE_STYLE_FILL_AREA(#1680);
#1682=SURFACE_SIDE_STYLE('',(#1681));
#1683=SURFACE_STYLE_USAGE(.POSITIVE.,#1682);
#1684=PRESENTATION_STYLE_ASSIGNMENT((#1683));
#1685=STYLED_ITEM('',(#1684),#1678);
#1690=PLANE_ANGLE_MEASURE_WITH_UNIT(PLANE_ANGLE_MEASURE(1.745329251994E-2),
#1689);
#1691=(CONVERSION_BASED_UNIT('DEGREE',#1690)NAMED_UNIT(*)PLANE_ANGLE_UNIT());
#1693=UNCERTAINTY_MEASURE_WITH_UNIT(LENGTH_MEASURE(9.906E-3),#1688,
'distance_accuracy_value',
'Maximum model space distance between geometric entities at asserted connectivities');
#1695=CARTESIAN_POINT('',(0.E0,0.E0,0.E0));
#1696=DIRECTION('',(0.E0,0.E0,1.E0));
#1697=DIRECTION('',(1.E0,0.E0,0.E0));
#1700=PRODUCT_CONTEXT('',#1321,'mechanical');
#1701=PRODUCT('GLASS_BEED','GLASS_BEED','NOT SPECIFIED',(#1700));
#1702=PRODUCT_DEFINITION_FORMATION('2','LAST_VERSION',#1701);
#1710=DERIVED_UNIT_ELEMENT(#1709,2.E0);
#1711=DERIVED_UNIT((#1710));
#1712=MEASURE_REPRESENTATION_ITEM('surface area measure',AREA_MEASURE(
9.144250406927E0),#1711);
#1717=DERIVED_UNIT_ELEMENT(#1716,3.E0);
#1718=DERIVED_UNIT((#1717));
#1719=MEASURE_REPRESENTATION_ITEM('volume measure',VOLUME_MEASURE(
1.184163136908E0),#1718);
#1723=CARTESIAN_POINT('centre point',(0.E0,0.E0,0.E0));
#1728=DERIVED_UNIT_ELEMENT(#1727,2.E0);
#1729=DERIVED_UNIT((#1728));
#1730=MEASURE_REPRESENTATION_ITEM('surface area measure',AREA_MEASURE(
9.144250406927E0),#1729);
#1735=DERIVED_UNIT_ELEMENT(#1734,3.E0);
#1736=DERIVED_UNIT((#1735));
#1737=MEASURE_REPRESENTATION_ITEM('volume measure',VOLUME_MEASURE(
1.184163136908E0),#1736);
#1741=CARTESIAN_POINT('centre point',(0.E0,0.E0,0.E0));
#1748=CARTESIAN_POINT('centre point',(-9.369262092989E-1,-2.516828087461E0,
-7.5E-1));
#1752=CARTESIAN_POINT('',(-9.369262092989E-1,-2.516828087461E0,-7.5E-1));
#1753=DIRECTION('',(0.E0,-1.E0,0.E0));
#1754=DIRECTION('',(1.E0,0.E0,0.E0));
#1755=AXIS2_PLACEMENT_3D('',#1752,#1753,#1754);
#1756=ITEM_DEFINED_TRANSFORMATION('','',#1698,#1755);
#1757=(REPRESENTATION_RELATIONSHIP('','',#1699,#1372)REPRESENTATION_RELATIONSHIP_WITH_TRANSFORMATION(#1756)SHAPE_REPRESENTATION_RELATIONSHIP());
#1758=CONTEXT_DEPENDENT_SHAPE_REPRESENTATION(#1757,#1747);
#1761=CARTESIAN_POINT('centre point',(1.297873790701E0,2.878571912539E0,
-7.5E-1));
#1765=CARTESIAN_POINT('',(1.297873790701E0,2.878571912539E0,-7.5E-1));
#1766=DIRECTION('',(0.E0,-1.E0,0.E0));
#1767=DIRECTION('',(1.E0,0.E0,0.E0));
#1768=AXIS2_PLACEMENT_3D('',#1765,#1766,#1767);
#1769=ITEM_DEFINED_TRANSFORMATION('','',#1698,#1768);
#1770=(REPRESENTATION_RELATIONSHIP('','',#1699,#1372)REPRESENTATION_RELATIONSHIP_WITH_TRANSFORMATION(#1769)SHAPE_REPRESENTATION_RELATIONSHIP());
#1771=CONTEXT_DEPENDENT_SHAPE_REPRESENTATION(#1770,#1760);
#1774=CARTESIAN_POINT('centre point',(-9.369262092989E-1,2.878571912539E0,
-7.5E-1));
#1778=CARTESIAN_POINT('',(-9.369262092989E-1,2.878571912539E0,-7.5E-1));
#1779=DIRECTION('',(0.E0,-1.E0,0.E0));
#1780=DIRECTION('',(1.E0,0.E0,0.E0));
#1781=AXIS2_PLACEMENT_3D('',#1778,#1779,#1780);
#1782=ITEM_DEFINED_TRANSFORMATION('','',#1698,#1781);
#1783=(REPRESENTATION_RELATIONSHIP('','',#1699,#1372)REPRESENTATION_RELATIONSHIP_WITH_TRANSFORMATION(#1782)SHAPE_REPRESENTATION_RELATIONSHIP());
#1784=CONTEXT_DEPENDENT_SHAPE_REPRESENTATION(#1783,#1773);
#1786=CARTESIAN_POINT('',(0.E0,0.E0,0.E0));
#1787=DIRECTION('',(0.E0,0.E0,1.E0));
#1788=DIRECTION('',(1.E0,0.E0,0.E0));
#1789=AXIS2_PLACEMENT_3D('',#1786,#1787,#1788);
#1791=CARTESIAN_POINT('',(0.E0,0.E0,0.E0));
#1792=DIRECTION('',(0.E0,0.E0,1.E0));
#1793=DIRECTION('',(-1.E0,0.E0,0.E0));
#1794=AXIS2_PLACEMENT_3D('',#1791,#1792,#1793);
#1796=DIRECTION('',(0.E0,0.E0,1.E0));
#1797=VECTOR('',#1796,8.E0);
#1798=CARTESIAN_POINT('',(2.25E-1,0.E0,0.E0));
#1799=LINE('',#1798,#1797);
#1800=DIRECTION('',(0.E0,0.E0,1.E0));
#1801=VECTOR('',#1800,8.E0);
#1802=CARTESIAN_POINT('',(-2.25E-1,0.E0,0.E0));
#1803=LINE('',#1802,#1801);
#1804=CARTESIAN_POINT('',(0.E0,0.E0,8.E0));
#1805=DIRECTION('',(0.E0,0.E0,1.E0));
#1806=DIRECTION('',(1.E0,0.E0,0.E0));
#1807=AXIS2_PLACEMENT_3D('',#1804,#1805,#1806);
#1809=CARTESIAN_POINT('',(0.E0,0.E0,8.E0));
#1810=DIRECTION('',(0.E0,0.E0,1.E0));
#1811=DIRECTION('',(-1.E0,0.E0,0.E0));
#1812=AXIS2_PLACEMENT_3D('',#1809,#1810,#1811);
#1814=CARTESIAN_POINT('',(2.25E-1,0.E0,0.E0));
#1815=CARTESIAN_POINT('',(-2.25E-1,0.E0,0.E0));
#1816=VERTEX_POINT('',#1814);
#1817=VERTEX_POINT('',#1815);
#1818=CARTESIAN_POINT('',(2.25E-1,0.E0,8.E0));
#1819=CARTESIAN_POINT('',(-2.25E-1,0.E0,8.E0));
#1820=VERTEX_POINT('',#1818);
#1821=VERTEX_POINT('',#1819);
#1822=CARTESIAN_POINT('',(0.E0,0.E0,0.E0));
#1823=DIRECTION('',(0.E0,0.E0,1.E0));
#1824=DIRECTION('',(1.E0,0.E0,0.E0));
#1825=AXIS2_PLACEMENT_3D('',#1822,#1823,#1824);
#1826=PLANE('',#1825);
#1828=ORIENTED_EDGE('',*,*,#1827,.T.);
#1830=ORIENTED_EDGE('',*,*,#1829,.T.);
#1831=EDGE_LOOP('',(#1828,#1830));
#1832=FACE_OUTER_BOUND('',#1831,.F.);
#1834=FILL_AREA_STYLE_COLOUR('',#1785);
#1835=FILL_AREA_STYLE('',(#1834));
#1836=SURFACE_STYLE_FILL_AREA(#1835);
#1837=SURFACE_SIDE_STYLE('',(#1836));
#1838=SURFACE_STYLE_USAGE(.POSITIVE.,#1837);
#1839=PRESENTATION_STYLE_ASSIGNMENT((#1838));
#1840=STYLED_ITEM('',(#1839),#1833);
#1841=CARTESIAN_POINT('',(0.E0,0.E0,0.E0));
#1842=DIRECTION('',(0.E0,0.E0,1.E0));
#1843=DIRECTION('',(1.E0,0.E0,0.E0));
#1844=AXIS2_PLACEMENT_3D('',#1841,#1842,#1843);
#1845=CYLINDRICAL_SURFACE('',#1844,2.25E-1);
#1846=ORIENTED_EDGE('',*,*,#1827,.F.);
#1848=ORIENTED_EDGE('',*,*,#1847,.T.);
#1850=ORIENTED_EDGE('',*,*,#1849,.T.);
#1852=ORIENTED_EDGE('',*,*,#1851,.F.);
#1853=EDGE_LOOP('',(#1846,#1848,#1850,#1852));
#1854=FACE_OUTER_BOUND('',#1853,.F.);
#1856=FILL_AREA_STYLE_COLOUR('',#1785);
#1857=FILL_AREA_STYLE('',(#1856));
#1858=SURFACE_STYLE_FILL_AREA(#1857);
#1859=SURFACE_SIDE_STYLE('',(#1858));
#1860=SURFACE_STYLE_USAGE(.POSITIVE.,#1859);
#1861=PRESENTATION_STYLE_ASSIGNMENT((#1860));
#1862=STYLED_ITEM('',(#1861),#1855);
#1863=CARTESIAN_POINT('',(0.E0,0.E0,0.E0));
#1864=DIRECTION('',(0.E0,0.E0,1.E0));
#1865=DIRECTION('',(1.E0,0.E0,0.E0));
#1866=AXIS2_PLACEMENT_3D('',#1863,#1864,#1865);
#1867=CYLINDRICAL_SURFACE('',#1866,2.25E-1);
#1868=ORIENTED_EDGE('',*,*,#1829,.F.);
#1869=ORIENTED_EDGE('',*,*,#1851,.T.);
#1871=ORIENTED_EDGE('',*,*,#1870,.T.);
#1872=ORIENTED_EDGE('',*,*,#1847,.F.);
#1873=EDGE_LOOP('',(#1868,#1869,#1871,#1872));
#1874=FACE_OUTER_BOUND('',#1873,.F.);
#1876=FILL_AREA_STYLE_COLOUR('',#1785);
#1877=FILL_AREA_STYLE('',(#1876));
#1878=SURFACE_STYLE_FILL_AREA(#1877);
#1879=SURFACE_SIDE_STYLE('',(#1878));
#1880=SURFACE_STYLE_USAGE(.POSITIVE.,#1879);
#1881=PRESENTATION_STYLE_ASSIGNMENT((#1880));
#1882=STYLED_ITEM('',(#1881),#1875);
#1883=CARTESIAN_POINT('',(0.E0,0.E0,8.E0));
#1884=DIRECTION('',(0.E0,0.E0,1.E0));
#1885=DIRECTION('',(1.E0,0.E0,0.E0));
#1886=AXIS2_PLACEMENT_3D('',#1883,#1884,#1885);
#1887=PLANE('',#1886);
#1888=ORIENTED_EDGE('',*,*,#1849,.F.);
#1889=ORIENTED_EDGE('',*,*,#1870,.F.);
#1890=EDGE_LOOP('',(#1888,#1889));
#1891=FACE_OUTER_BOUND('',#1890,.F.);
#1893=FILL_AREA_STYLE_COLOUR('',#1785);
#1894=FILL_AREA_STYLE('',(#1893));
#1895=SURFACE_STYLE_FILL_AREA(#1894);
#1896=SURFACE_SIDE_STYLE('',(#1895));
#1897=SURFACE_STYLE_USAGE(.POSITIVE.,#1896);
#1898=PRESENTATION_STYLE_ASSIGNMENT((#1897));
#1899=STYLED_ITEM('',(#1898),#1892);
#1904=PLANE_ANGLE_MEASURE_WITH_UNIT(PLANE_ANGLE_MEASURE(1.745329251994E-2),
#1903);
#1905=(CONVERSION_BASED_UNIT('DEGREE',#1904)NAMED_UNIT(*)PLANE_ANGLE_UNIT());
#1907=UNCERTAINTY_MEASURE_WITH_UNIT(LENGTH_MEASURE(9.906E-3),#1902,
'distance_accuracy_value',
'Maximum model space distance between geometric entities at asserted connectivities');
#1909=CARTESIAN_POINT('',(0.E0,0.E0,0.E0));
#1910=DIRECTION('',(0.E0,0.E0,1.E0));
#1911=DIRECTION('',(1.E0,0.E0,0.E0));
#1914=PRODUCT_DEFINITION_CONTEXT('part definition',#1321,'design');
#1915=PRODUCT_CONTEXT('',#1321,'mechanical');
#1916=PRODUCT('PIN_LONG','PIN_LONG','NOT SPECIFIED',(#1915));
#1917=PRODUCT_DEFINITION_FORMATION('3','LAST_VERSION',#1916);
#1925=DERIVED_UNIT_ELEMENT(#1924,2.E0);
#1926=DERIVED_UNIT((#1925));
#1927=MEASURE_REPRESENTATION_ITEM('surface area measure',AREA_MEASURE(
1.162781980910E1),#1926);
#1932=DERIVED_UNIT_ELEMENT(#1931,3.E0);
#1933=DERIVED_UNIT((#1932));
#1934=MEASURE_REPRESENTATION_ITEM('volume measure',VOLUME_MEASURE(
1.272345024704E0),#1933);
#1938=CARTESIAN_POINT('centre point',(0.E0,0.E0,4.E0));
#1943=DERIVED_UNIT_ELEMENT(#1942,2.E0);
#1944=DERIVED_UNIT((#1943));
#1945=MEASURE_REPRESENTATION_ITEM('surface area measure',AREA_MEASURE(
1.162781980910E1),#1944);
#1950=DERIVED_UNIT_ELEMENT(#1949,3.E0);
#1951=DERIVED_UNIT((#1950));
#1952=MEASURE_REPRESENTATION_ITEM('volume measure',VOLUME_MEASURE(
1.272345024704E0),#1951);
#1956=CARTESIAN_POINT('centre point',(0.E0,0.E0,4.E0));
#1963=CARTESIAN_POINT('centre point',(-9.369262092989E-1,-2.516828087461E0,
-3.5E0));
#1967=CARTESIAN_POINT('',(-9.369262092989E-1,-2.516828087461E0,-7.5E0));
#1968=DIRECTION('',(0.E0,0.E0,1.E0));
#1969=DIRECTION('',(1.E0,0.E0,0.E0));
#1970=AXIS2_PLACEMENT_3D('',#1967,#1968,#1969);
#1971=ITEM_DEFINED_TRANSFORMATION('','',#1912,#1970);
#1972=(REPRESENTATION_RELATIONSHIP('','',#1913,#1372)REPRESENTATION_RELATIONSHIP_WITH_TRANSFORMATION(#1971)SHAPE_REPRESENTATION_RELATIONSHIP());
#1973=CONTEXT_DEPENDENT_SHAPE_REPRESENTATION(#1972,#1962);
#1976=CARTESIAN_POINT('centre point',(-9.369262092989E-1,2.878571912539E0,
-3.5E0));
#1980=CARTESIAN_POINT('',(-9.369262092989E-1,2.878571912539E0,-7.5E0));
#1981=DIRECTION('',(0.E0,0.E0,1.E0));
#1982=DIRECTION('',(1.E0,0.E0,0.E0));
#1983=AXIS2_PLACEMENT_3D('',#1980,#1981,#1982);
#1984=ITEM_DEFINED_TRANSFORMATION('','',#1912,#1983);
#1985=(REPRESENTATION_RELATIONSHIP('','',#1913,#1372)REPRESENTATION_RELATIONSHIP_WITH_TRANSFORMATION(#1984)SHAPE_REPRESENTATION_RELATIONSHIP());
#1986=CONTEXT_DEPENDENT_SHAPE_REPRESENTATION(#1985,#1975);
#1989=CARTESIAN_POINT('centre point',(1.297873790701E0,2.878571912539E0,
-3.5E0));
#1993=CARTESIAN_POINT('',(1.297873790701E0,2.878571912539E0,-7.5E0));
#1994=DIRECTION('',(0.E0,0.E0,1.E0));
#1995=DIRECTION('',(1.E0,0.E0,0.E0));
#1996=AXIS2_PLACEMENT_3D('',#1993,#1994,#1995);
#1997=ITEM_DEFINED_TRANSFORMATION('','',#1912,#1996);
#1998=(REPRESENTATION_RELATIONSHIP('','',#1913,#1372)REPRESENTATION_RELATIONSHIP_WITH_TRANSFORMATION(#1997)SHAPE_REPRESENTATION_RELATIONSHIP());
#1999=CONTEXT_DEPENDENT_SHAPE_REPRESENTATION(#1998,#1988);
#2001=CARTESIAN_POINT('',(0.E0,0.E0,0.E0));
#2002=DIRECTION('',(0.E0,0.E0,1.E0));
#2003=DIRECTION('',(1.E0,0.E0,0.E0));
#2004=AXIS2_PLACEMENT_3D('',#2001,#2002,#2003);
#2006=CARTESIAN_POINT('',(0.E0,0.E0,0.E0));
#2007=DIRECTION('',(0.E0,0.E0,1.E0));
#2008=DIRECTION('',(-1.E0,0.E0,0.E0));
#2009=AXIS2_PLACEMENT_3D('',#2006,#2007,#2008);
#2011=CARTESIAN_POINT('',(0.E0,0.E0,1.E-1));
#2012=DIRECTION('',(0.E0,0.E0,1.E0));
#2013=DIRECTION('',(1.E0,0.E0,0.E0));
#2014=AXIS2_PLACEMENT_3D('',#2011,#2012,#2013);
#2016=DIRECTION('',(-5.854267836440E-5,-9.337928221799E-5,9.999999939265E-1));
#2017=VECTOR('',#2016,1.000058542603E-1);
#2018=CARTESIAN_POINT('',(3.25E-1,0.E0,0.E0));
#2019=LINE('',#2018,#2017);
#2020=DIRECTION('',(7.071067799988E-1,-2.031820881138E-5,-7.071067820824E-1));
#2021=VECTOR('',#2020,1.414188088842E-1);
#2022=CARTESIAN_POINT('',(2.249959468081E-1,-6.465097999700E-6,
2.000040525290E-1));
#2023=LINE('',#2022,#2021);
#2024=CARTESIAN_POINT('',(0.E0,0.E0,2.E-1));
#2025=DIRECTION('',(0.E0,0.E0,1.E0));
#2026=DIRECTION('',(1.E0,0.E0,0.E0));
#2027=AXIS2_PLACEMENT_3D('',#2024,#2025,#2026);
#2029=DIRECTION('',(6.644581343106E-7,1.059852835205E-6,9.999999999992E-1));
#2030=VECTOR('',#2029,6.099995947476E0);
#2031=CARTESIAN_POINT('',(2.249959468081E-1,-6.465097999700E-6,
2.000040525290E-1));
#2032=LINE('',#2031,#2030);
#2033=CARTESIAN_POINT('',(0.E0,0.E0,2.E-1));
#2034=DIRECTION('',(0.E0,0.E0,1.E0));
#2035=DIRECTION('',(-1.E0,0.E0,0.E0));
#2036=AXIS2_PLACEMENT_3D('',#2033,#2034,#2035);
#2038=DIRECTION('',(-6.644581343106E-7,-1.059852835203E-6,9.999999999992E-1));
#2039=VECTOR('',#2038,6.099995947476E0);
#2040=CARTESIAN_POINT('',(-2.249959468081E-1,6.465097999688E-6,
2.000040525290E-1));
#2041=LINE('',#2040,#2039);
#2042=DIRECTION('',(-7.071067799988E-1,2.031820881120E-5,-7.071067820824E-1));
#2043=VECTOR('',#2042,1.414188088842E-1);
#2044=CARTESIAN_POINT('',(-2.249959468081E-1,6.465097999688E-6,
2.000040525290E-1));
#2045=LINE('',#2044,#2043);
#2046=CARTESIAN_POINT('',(0.E0,0.E0,1.E-1));
#2047=DIRECTION('',(0.E0,0.E0,1.E0));
#2048=DIRECTION('',(-1.E0,0.E0,0.E0));
#2049=AXIS2_PLACEMENT_3D('',#2046,#2047,#2048);
#2051=DIRECTION('',(5.854267836440E-5,9.337928221762E-5,9.999999939265E-1));
#2052=VECTOR('',#2051,1.000058542603E-1);
#2053=CARTESIAN_POINT('',(-3.25E-1,0.E0,0.E0));
#2054=LINE('',#2053,#2052);
#2055=CARTESIAN_POINT('',(0.E0,0.E0,6.3E0));
#2056=DIRECTION('',(0.E0,0.E0,1.E0));
#2057=DIRECTION('',(1.E0,0.E0,0.E0));
#2058=AXIS2_PLACEMENT_3D('',#2055,#2056,#2057);
#2060=CARTESIAN_POINT('',(0.E0,0.E0,6.3E0));
#2061=DIRECTION('',(0.E0,0.E0,1.E0));
#2062=DIRECTION('',(-1.E0,0.E0,0.E0));
#2063=AXIS2_PLACEMENT_3D('',#2060,#2061,#2062);
#2065=CARTESIAN_POINT('',(2.25E-1,0.E0,6.3E0));
#2066=CARTESIAN_POINT('',(-2.25E-1,0.E0,6.3E0));
#2067=VERTEX_POINT('',#2065);
#2068=VERTEX_POINT('',#2066);
#2069=CARTESIAN_POINT('',(3.25E-1,0.E0,0.E0));
#2070=CARTESIAN_POINT('',(-3.25E-1,0.E0,0.E0));
#2071=VERTEX_POINT('',#2069);
#2072=VERTEX_POINT('',#2070);
#2073=CARTESIAN_POINT('',(-2.25E-1,0.E0,2.E-1));
#2074=CARTESIAN_POINT('',(2.25E-1,0.E0,2.E-1));
#2075=VERTEX_POINT('',#2073);
#2076=VERTEX_POINT('',#2074);
#2077=CARTESIAN_POINT('',(-3.25E-1,0.E0,1.E-1));
#2078=CARTESIAN_POINT('',(3.25E-1,0.E0,1.E-1));
#2079=VERTEX_POINT('',#2077);
#2080=VERTEX_POINT('',#2078);
#2081=CARTESIAN_POINT('',(0.E0,0.E0,0.E0));
#2082=DIRECTION('',(0.E0,0.E0,1.E0));
#2083=DIRECTION('',(1.E0,0.E0,0.E0));
#2084=AXIS2_PLACEMENT_3D('',#2081,#2082,#2083);
#2085=PLANE('',#2084);
#2087=ORIENTED_EDGE('',*,*,#2086,.T.);
#2089=ORIENTED_EDGE('',*,*,#2088,.T.);
#2090=EDGE_LOOP('',(#2087,#2089));
#2091=FACE_OUTER_BOUND('',#2090,.F.);
#2093=FILL_AREA_STYLE_COLOUR('',#2000);
#2094=FILL_AREA_STYLE('',(#2093));
#2095=SURFACE_STYLE_FILL_AREA(#2094);
#2096=SURFACE_SIDE_STYLE('',(#2095));
#2097=SURFACE_STYLE_USAGE(.POSITIVE.,#2096);
#2098=PRESENTATION_STYLE_ASSIGNMENT((#2097));
#2099=STYLED_ITEM('',(#2098),#2092);
#2100=CARTESIAN_POINT('',(0.E0,0.E0,0.E0));
#2101=DIRECTION('',(0.E0,0.E0,1.E0));
#2102=DIRECTION('',(1.E0,0.E0,0.E0));
#2103=AXIS2_PLACEMENT_3D('',#2100,#2101,#2102);
#2104=CYLINDRICAL_SURFACE('',#2103,3.25E-1);
#2106=ORIENTED_EDGE('',*,*,#2105,.T.);
#2108=ORIENTED_EDGE('',*,*,#2107,.F.);
#2109=ORIENTED_EDGE('',*,*,#2086,.F.);
#2111=ORIENTED_EDGE('',*,*,#2110,.T.);
#2112=EDGE_LOOP('',(#2106,#2108,#2109,#2111));
#2113=FACE_OUTER_BOUND('',#2112,.F.);
#2115=FILL_AREA_STYLE_COLOUR('',#2000);
#2116=FILL_AREA_STYLE('',(#2115));
#2117=SURFACE_STYLE_FILL_AREA(#2116);
#2118=SURFACE_SIDE_STYLE('',(#2117));
#2119=SURFACE_STYLE_USAGE(.POSITIVE.,#2118);
#2120=PRESENTATION_STYLE_ASSIGNMENT((#2119));
#2121=STYLED_ITEM('',(#2120),#2114);
#2122=CARTESIAN_POINT('',(0.E0,0.E0,1.500041854969E-1));
#2123=DIRECTION('',(0.E0,0.E0,-1.E0));
#2124=DIRECTION('',(0.E0,-1.E0,0.E0));
#2125=AXIS2_PLACEMENT_3D('',#2122,#2123,#2124);
#2126=CONICAL_SURFACE('',#2125,2.749958145031E-1,4.5E1);
#2128=ORIENTED_EDGE('',*,*,#2127,.T.);
#2130=ORIENTED_EDGE('',*,*,#2129,.T.);
#2131=ORIENTED_EDGE('',*,*,#2105,.F.);
#2133=ORIENTED_EDGE('',*,*,#2132,.F.);
#2134=EDGE_LOOP('',(#2128,#2130,#2131,#2133));
#2135=FACE_OUTER_BOUND('',#2134,.F.);
#2137=FILL_AREA_STYLE_COLOUR('',#2000);
#2138=FILL_AREA_STYLE('',(#2137));
#2139=SURFACE_STYLE_FILL_AREA(#2138);
#2140=SURFACE_SIDE_STYLE('',(#2139));
#2141=SURFACE_STYLE_USAGE(.POSITIVE.,#2140);
#2142=PRESENTATION_STYLE_ASSIGNMENT((#2141));
#2143=STYLED_ITEM('',(#2142),#2136);
#2144=CARTESIAN_POINT('',(0.E0,0.E0,0.E0));
#2145=DIRECTION('',(0.E0,0.E0,1.E0));
#2146=DIRECTION('',(1.E0,0.E0,0.E0));
#2147=AXIS2_PLACEMENT_3D('',#2144,#2145,#2146);
#2148=CYLINDRICAL_SURFACE('',#2147,2.25E-1);
#2149=ORIENTED_EDGE('',*,*,#2127,.F.);
#2151=ORIENTED_EDGE('',*,*,#2150,.T.);
#2153=ORIENTED_EDGE('',*,*,#2152,.T.);
#2155=ORIENTED_EDGE('',*,*,#2154,.F.);
#2156=EDGE_LOOP('',(#2149,#2151,#2153,#2155));
#2157=FACE_OUTER_BOUND('',#2156,.F.);
#2159=FILL_AREA_STYLE_COLOUR('',#2000);
#2160=FILL_AREA_STYLE('',(#2159));
#2161=SURFACE_STYLE_FILL_AREA(#2160);
#2162=SURFACE_SIDE_STYLE('',(#2161));
#2163=SURFACE_STYLE_USAGE(.POSITIVE.,#2162);
#2164=PRESENTATION_STYLE_ASSIGNMENT((#2163));
#2165=STYLED_ITEM('',(#2164),#2158);
#2166=CARTESIAN_POINT('',(0.E0,0.E0,0.E0));
#2167=DIRECTION('',(0.E0,0.E0,1.E0));
#2168=DIRECTION('',(1.E0,0.E0,0.E0));
#2169=AXIS2_PLACEMENT_3D('',#2166,#2167,#2168);
#2170=CYLINDRICAL_SURFACE('',#2169,2.25E-1);
#2172=ORIENTED_EDGE('',*,*,#2171,.F.);
#2173=ORIENTED_EDGE('',*,*,#2154,.T.);
#2175=ORIENTED_EDGE('',*,*,#2174,.T.);
#2176=ORIENTED_EDGE('',*,*,#2150,.F.);
#2177=EDGE_LOOP('',(#2172,#2173,#2175,#2176));
#2178=FACE_OUTER_BOUND('',#2177,.F.);
#2180=FILL_AREA_STYLE_COLOUR('',#2000);
#2181=FILL_AREA_STYLE('',(#2180));
#2182=SURFACE_STYLE_FILL_AREA(#2181);
#2183=SURFACE_SIDE_STYLE('',(#2182));
#2184=SURFACE_STYLE_USAGE(.POSITIVE.,#2183);
#2185=PRESENTATION_STYLE_ASSIGNMENT((#2184));
#2186=STYLED_ITEM('',(#2185),#2179);
#2187=CARTESIAN_POINT('',(0.E0,0.E0,1.500041854969E-1));
#2188=DIRECTION('',(0.E0,0.E0,-1.E0));
#2189=DIRECTION('',(0.E0,-1.E0,0.E0));
#2190=AXIS2_PLACEMENT_3D('',#2187,#2188,#2189);
#2191=CONICAL_SURFACE('',#2190,2.749958145031E-1,4.5E1);
#2192=ORIENTED_EDGE('',*,*,#2171,.T.);
#2193=ORIENTED_EDGE('',*,*,#2132,.T.);
#2195=ORIENTED_EDGE('',*,*,#2194,.F.);
#2196=ORIENTED_EDGE('',*,*,#2129,.F.);
#2197=EDGE_LOOP('',(#2192,#2193,#2195,#2196));
#2198=FACE_OUTER_BOUND('',#2197,.F.);
#2200=FILL_AREA_STYLE_COLOUR('',#2000);
#2201=FILL_AREA_STYLE('',(#2200));
#2202=SURFACE_STYLE_FILL_AREA(#2201);
#2203=SURFACE_SIDE_STYLE('',(#2202));
#2204=SURFACE_STYLE_USAGE(.POSITIVE.,#2203);
#2205=PRESENTATION_STYLE_ASSIGNMENT((#2204));
#2206=STYLED_ITEM('',(#2205),#2199);
#2207=CARTESIAN_POINT('',(0.E0,0.E0,0.E0));
#2208=DIRECTION('',(0.E0,0.E0,1.E0));
#2209=DIRECTION('',(1.E0,0.E0,0.E0));
#2210=AXIS2_PLACEMENT_3D('',#2207,#2208,#2209);
#2211=CYLINDRICAL_SURFACE('',#2210,3.25E-1);
#2212=ORIENTED_EDGE('',*,*,#2194,.T.);
#2213=ORIENTED_EDGE('',*,*,#2110,.F.);
#2214=ORIENTED_EDGE('',*,*,#2088,.F.);
#2215=ORIENTED_EDGE('',*,*,#2107,.T.);
#2216=EDGE_LOOP('',(#2212,#2213,#2214,#2215));
#2217=FACE_OUTER_BOUND('',#2216,.F.);
#2219=FILL_AREA_STYLE_COLOUR('',#2000);
#2220=FILL_AREA_STYLE('',(#2219));
#2221=SURFACE_STYLE_FILL_AREA(#2220);
#2222=SURFACE_SIDE_STYLE('',(#2221));
#2223=SURFACE_STYLE_USAGE(.POSITIVE.,#2222);
#2224=PRESENTATION_STYLE_ASSIGNMENT((#2223));
#2225=STYLED_ITEM('',(#2224),#2218);
#2226=CARTESIAN_POINT('',(0.E0,0.E0,6.3E0));
#2227=DIRECTION('',(0.E0,0.E0,1.E0));
#2228=DIRECTION('',(1.E0,0.E0,0.E0));
#2229=AXIS2_PLACEMENT_3D('',#2226,#2227,#2228);
#2230=PLANE('',#2229);
#2231=ORIENTED_EDGE('',*,*,#2152,.F.);
#2232=ORIENTED_EDGE('',*,*,#2174,.F.);
#2233=EDGE_LOOP('',(#2231,#2232));
#2234=FACE_OUTER_BOUND('',#2233,.F.);
#2236=FILL_AREA_STYLE_COLOUR('',#2000);
#2237=FILL_AREA_STYLE('',(#2236));
#2238=SURFACE_STYLE_FILL_AREA(#2237);
#2239=SURFACE_SIDE_STYLE('',(#2238));
#2240=SURFACE_STYLE_USAGE(.POSITIVE.,#2239);
#2241=PRESENTATION_STYLE_ASSIGNMENT((#2240));
#2242=STYLED_ITEM('',(#2241),#2235);
#2247=PLANE_ANGLE_MEASURE_WITH_UNIT(PLANE_ANGLE_MEASURE(1.745329251994E-2),
#2246);
#2248=(CONVERSION_BASED_UNIT('DEGREE',#2247)NAMED_UNIT(*)PLANE_ANGLE_UNIT());
#2250=UNCERTAINTY_MEASURE_WITH_UNIT(LENGTH_MEASURE(9.906E-3),#2245,
'distance_accuracy_value',
'Maximum model space distance between geometric entities at asserted connectivities');
#2252=CARTESIAN_POINT('',(0.E0,0.E0,0.E0));
#2253=DIRECTION('',(0.E0,0.E0,1.E0));
#2254=DIRECTION('',(1.E0,0.E0,0.E0));
#2257=PRODUCT_CONTEXT('',#1321,'mechanical');
#2258=PRODUCT('PIN_SHORT','PIN_SHORT','NOT SPECIFIED',(#2257));
#2259=PRODUCT_DEFINITION_FORMATION('4','LAST_VERSION',#2258);
#2267=DERIVED_UNIT_ELEMENT(#2266,2.E0);
#2268=DERIVED_UNIT((#2267));
#2269=MEASURE_REPRESENTATION_ITEM('surface area measure',AREA_MEASURE(
9.563090146845E0),#2268);
#2274=DERIVED_UNIT_ELEMENT(#2273,3.E0);
#2275=DERIVED_UNIT((#2274));
#2276=MEASURE_REPRESENTATION_ITEM('volume measure',VOLUME_MEASURE(
1.027377566922E0),#2275);
#2280=CARTESIAN_POINT('centre point',(0.E0,0.E0,3.073999506024E0));
#2285=DERIVED_UNIT_ELEMENT(#2284,2.E0);
#2286=DERIVED_UNIT((#2285));
#2287=MEASURE_REPRESENTATION_ITEM('surface area measure',AREA_MEASURE(
9.563090146845E0),#2286);
#2292=DERIVED_UNIT_ELEMENT(#2291,3.E0);
#2293=DERIVED_UNIT((#2292));
#2294=MEASURE_REPRESENTATION_ITEM('volume measure',VOLUME_MEASURE(
1.027377566922E0),#2293);
#2298=CARTESIAN_POINT('centre point',(0.E0,0.E0,3.073999506024E0));
#2305=CARTESIAN_POINT('centre point',(1.300195745093E0,-2.508498591158E0,
-4.273999506024E0));
#2309=CARTESIAN_POINT('',(1.300195745093E0,-2.508498591158E0,-1.2E0));
#2310=DIRECTION('',(0.E0,0.E0,-1.E0));
#2311=DIRECTION('',(-9.952684255387E-1,-9.716357921467E-2,0.E0));
#2312=AXIS2_PLACEMENT_3D('',#2309,#2310,#2311);
#2313=ITEM_DEFINED_TRANSFORMATION('','',#2255,#2312);
#2314=(REPRESENTATION_RELATIONSHIP('','',#2256,#1372)REPRESENTATION_RELATIONSHIP_WITH_TRANSFORMATION(#2313)SHAPE_REPRESENTATION_RELATIONSHIP());
#2315=CONTEXT_DEPENDENT_SHAPE_REPRESENTATION(#2314,#2304);
#2318=CARTESIAN_POINT('',(0.E0,4.5E-1,0.E0));
#2319=DIRECTION('',(0.E0,1.E0,0.E0));
#2320=DIRECTION('',(-1.E0,0.E0,0.E0));
#2321=AXIS2_PLACEMENT_3D('',#2318,#2319,#2320);
#2323=DIRECTION('',(0.E0,1.E0,0.E0));
#2324=VECTOR('',#2323,2.57E0);
#2325=CARTESIAN_POINT('',(-3.85E0,4.5E-1,0.E0));
#2326=LINE('',#2325,#2324);
#2327=DIRECTION('',(0.E0,1.E0,0.E0));
#2328=VECTOR('',#2327,2.57E0);
#2329=CARTESIAN_POINT('',(3.85E0,4.5E-1,0.E0));
#2330=LINE('',#2329,#2328);
#2331=CARTESIAN_POINT('',(0.E0,4.5E-1,0.E0));
#2332=DIRECTION('',(0.E0,-1.E0,0.E0));
#2333=DIRECTION('',(-1.E0,0.E0,0.E0));
#2334=AXIS2_PLACEMENT_3D('',#2331,#2332,#2333);
#2336=CARTESIAN_POINT('',(-3.65E0,3.02E0,0.E0));
#2337=DIRECTION('',(0.E0,0.E0,-1.E0));
#2338=DIRECTION('',(-1.E0,0.E0,0.E0));
#2339=AXIS2_PLACEMENT_3D('',#2336,#2337,#2338);
#2341=CARTESIAN_POINT('',(3.65E0,3.02E0,0.E0));
#2342=DIRECTION('',(0.E0,0.E0,1.E0));
#2343=DIRECTION('',(1.E0,0.E0,0.E0));
#2344=AXIS2_PLACEMENT_3D('',#2341,#2342,#2343);
#2346=CARTESIAN_POINT('',(0.E0,3.02E0,0.E0));
#2347=DIRECTION('',(0.E0,-1.E0,0.E0));
#2348=DIRECTION('',(-1.E0,0.E0,0.E0));
#2349=AXIS2_PLACEMENT_3D('',#2346,#2347,#2348);
#2351=CARTESIAN_POINT('',(0.E0,3.02E0,0.E0));
#2352=DIRECTION('',(0.E0,1.E0,0.E0));
#2353=DIRECTION('',(-1.E0,0.E0,0.E0));
#2354=AXIS2_PLACEMENT_3D('',#2351,#2352,#2353);
#2356=CARTESIAN_POINT('',(0.E0,3.22E0,0.E0));
#2357=DIRECTION('',(0.E0,-1.E0,0.E0));
#2358=DIRECTION('',(-1.E0,0.E0,0.E0));
#2359=AXIS2_PLACEMENT_3D('',#2356,#2357,#2358);
#2361=CARTESIAN_POINT('',(0.E0,3.22E0,0.E0));
#2362=DIRECTION('',(0.E0,1.E0,0.E0));
#2363=DIRECTION('',(-1.E0,0.E0,0.E0));
#2364=AXIS2_PLACEMENT_3D('',#2361,#2362,#2363);
#2366=CARTESIAN_POINT('',(0.E0,3.22E0,0.E0));
#2367=DIRECTION('',(0.E0,1.E0,0.E0));
#2368=DIRECTION('',(-1.E0,0.E0,0.E0));
#2369=AXIS2_PLACEMENT_3D('',#2366,#2367,#2368);
#2371=CARTESIAN_POINT('',(-3.331490600424E0,3.732092612775E0,0.E0));
#2372=DIRECTION('',(0.E0,0.E0,1.E0));
#2373=DIRECTION('',(3.415647548077E-2,-9.994164973537E-1,0.E0));
#2374=AXIS2_PLACEMENT_3D('',#2371,#2372,#2373);
#2376=CARTESIAN_POINT('',(3.331490600424E0,3.732092612775E0,0.E0));
#2377=DIRECTION('',(0.E0,0.E0,-1.E0));
#2378=DIRECTION('',(-3.415647548077E-2,-9.994164973537E-1,0.E0));
#2379=AXIS2_PLACEMENT_3D('',#2376,#2377,#2378);
#2381=CARTESIAN_POINT('',(0.E0,3.22E0,0.E0));
#2382=DIRECTION('',(0.E0,-1.E0,0.E0));
#2383=DIRECTION('',(-1.E0,0.E0,0.E0));
#2384=AXIS2_PLACEMENT_3D('',#2381,#2382,#2383);
#2386=DIRECTION('',(3.420201433257E-1,9.396926207859E-1,0.E0));
#2387=VECTOR('',#2386,4.616958494353E-1);
#2388=CARTESIAN_POINT('',(-2.85E0,3.556844366142E0,0.E0));
#2389=LINE('',#2388,#2387);
#2390=DIRECTION('',(-3.420201433257E-1,9.396926207859E-1,0.E0));
#2391=VECTOR('',#2390,4.616958494353E-1);
#2392=CARTESIAN_POINT('',(2.85E0,3.556844366142E0,0.E0));
#2393=LINE('',#2392,#2391);
#2394=CARTESIAN_POINT('',(0.E0,3.556844366142E0,0.E0));
#2395=DIRECTION('',(0.E0,-1.E0,0.E0));
#2396=DIRECTION('',(-1.E0,0.E0,0.E0));
#2397=AXIS2_PLACEMENT_3D('',#2394,#2395,#2396);
#2399=CARTESIAN_POINT('',(0.E0,3.556844366142E0,0.E0));
#2400=DIRECTION('',(0.E0,1.E0,0.E0));
#2401=DIRECTION('',(-1.E0,0.E0,0.E0));
#2402=AXIS2_PLACEMENT_3D('',#2399,#2400,#2401);
#2404=CARTESIAN_POINT('',(0.E0,3.990696548904E0,0.E0));
#2405=DIRECTION('',(0.E0,1.E0,0.E0));
#2406=DIRECTION('',(-1.E0,0.E0,0.E0));
#2407=AXIS2_PLACEMENT_3D('',#2404,#2405,#2406);
#2409=CARTESIAN_POINT('',(-2.550270347849E0,3.939078155046E0,0.E0));
#2410=DIRECTION('',(0.E0,0.E0,-1.E0));
#2411=DIRECTION('',(-9.396926207859E-1,3.420201433257E-1,0.E0));
#2412=AXIS2_PLACEMENT_3D('',#2409,#2410,#2411);
#2414=CARTESIAN_POINT('',(2.550270347849E0,3.939078155046E0,0.E0));
#2415=DIRECTION('',(0.E0,0.E0,1.E0));
#2416=DIRECTION('',(9.396926207859E-1,3.420201433257E-1,0.E0));
#2417=AXIS2_PLACEMENT_3D('',#2414,#2415,#2416);
#2419=CARTESIAN_POINT('',(0.E0,3.990696548904E0,0.E0));
#2420=DIRECTION('',(0.E0,-1.E0,0.E0));
#2421=DIRECTION('',(-1.E0,0.E0,0.E0));
#2422=AXIS2_PLACEMENT_3D('',#2419,#2420,#2421);
#2424=CARTESIAN_POINT('',(0.E0,4.09E0,0.E0));
#2425=DIRECTION('',(0.E0,-1.E0,0.E0));
#2426=DIRECTION('',(-1.E0,0.E0,0.E0));
#2427=AXIS2_PLACEMENT_3D('',#2424,#2425,#2426);
#2429=CARTESIAN_POINT('',(0.E0,4.09E0,0.E0));
#2430=DIRECTION('',(0.E0,1.E0,0.E0));
#2431=DIRECTION('',(-1.E0,0.E0,0.E0));
#2432=AXIS2_PLACEMENT_3D('',#2429,#2430,#2431);
#2434=CARTESIAN_POINT('',(0.E0,4.09E0,0.E0));
#2435=DIRECTION('',(0.E0,1.E0,0.E0));
#2436=DIRECTION('',(-1.E0,0.E0,0.E0));
#2437=AXIS2_PLACEMENT_3D('',#2434,#2435,#2436);
#2439=DIRECTION('',(0.E0,1.E0,0.E0));
#2440=VECTOR('',#2439,2.3E-1);
#2441=CARTESIAN_POINT('',(-1.3E0,4.09E0,0.E0));
#2442=LINE('',#2441,#2440);
#2443=DIRECTION('',(0.E0,1.E0,0.E0));
#2444=VECTOR('',#2443,2.3E-1);
#2445=CARTESIAN_POINT('',(1.3E0,4.09E0,0.E0));
#2446=LINE('',#2445,#2444);
#2447=CARTESIAN_POINT('',(0.E0,4.09E0,0.E0));
#2448=DIRECTION('',(0.E0,-1.E0,0.E0));
#2449=DIRECTION('',(-1.E0,0.E0,0.E0));
#2450=AXIS2_PLACEMENT_3D('',#2447,#2448,#2449);
#2452=CARTESIAN_POINT('',(0.E0,4.32E0,0.E0));
#2453=DIRECTION('',(0.E0,-1.E0,0.E0));
#2454=DIRECTION('',(-1.E0,0.E0,0.E0));
#2455=AXIS2_PLACEMENT_3D('',#2452,#2453,#2454);
#2457=CARTESIAN_POINT('',(0.E0,4.32E0,0.E0));
#2458=DIRECTION('',(0.E0,1.E0,0.E0));
#2459=DIRECTION('',(-1.E0,0.E0,0.E0));
#2460=AXIS2_PLACEMENT_3D('',#2457,#2458,#2459);
#2462=CARTESIAN_POINT('',(0.E0,4.32E0,0.E0));
#2463=DIRECTION('',(0.E0,1.E0,0.E0));
#2464=DIRECTION('',(-1.E0,0.E0,0.E0));
#2465=AXIS2_PLACEMENT_3D('',#2462,#2463,#2464);
#2467=CARTESIAN_POINT('',(-2.540410946562E0,3.925174048102E0,0.E0));
#2468=DIRECTION('',(0.E0,0.E0,1.E0));
#2469=DIRECTION('',(-2.427962650524E-2,9.997052064168E-1,0.E0));
#2470=AXIS2_PLACEMENT_3D('',#2467,#2468,#2469);
#2472=CARTESIAN_POINT('',(2.540410946562E0,3.925174048102E0,0.E0));
#2473=DIRECTION('',(0.E0,0.E0,-1.E0));
#2474=DIRECTION('',(2.427962650524E-2,9.997052064168E-1,0.E0));
#2475=AXIS2_PLACEMENT_3D('',#2472,#2473,#2474);
#2477=CARTESIAN_POINT('',(0.E0,4.32E0,0.E0));
#2478=DIRECTION('',(0.E0,-1.E0,0.E0));
#2479=DIRECTION('',(-1.E0,0.E0,0.E0));
#2480=AXIS2_PLACEMENT_3D('',#2477,#2478,#2479);
#2482=DIRECTION('',(-3.420201433257E-1,-9.396926207859E-1,0.E0));
#2483=VECTOR('',#2482,4.925575821459E-1);
#2484=CARTESIAN_POINT('',(-2.911535385158E0,4.060252296960E0,0.E0));
#2485=LINE('',#2484,#2483);
#2486=DIRECTION('',(3.420201433257E-1,-9.396926207859E-1,0.E0));
#2487=VECTOR('',#2486,4.925575821459E-1);
#2488=CARTESIAN_POINT('',(2.911535385158E0,4.060252296960E0,0.E0));
#2489=LINE('',#2488,#2487);
#2490=CARTESIAN_POINT('',(0.E0,4.060252296960E0,0.E0));
#2491=DIRECTION('',(0.E0,-1.E0,0.E0));
#2492=DIRECTION('',(-1.E0,0.E0,0.E0));
#2493=AXIS2_PLACEMENT_3D('',#2490,#2491,#2492);
#2495=CARTESIAN_POINT('',(0.E0,4.060252296960E0,0.E0));
#2496=DIRECTION('',(0.E0,1.E0,0.E0));
#2497=DIRECTION('',(-1.E0,0.E0,0.E0));
#2498=AXIS2_PLACEMENT_3D('',#2495,#2496,#2497);
#2500=CARTESIAN_POINT('',(0.E0,3.597399571705E0,0.E0));
#2501=DIRECTION('',(0.E0,1.E0,0.E0));
#2502=DIRECTION('',(-1.E0,0.E0,0.E0));
#2503=AXIS2_PLACEMENT_3D('',#2500,#2501,#2502);
#2505=CARTESIAN_POINT('',(-3.291484965550E0,3.674373804160E0,0.E0));
#2506=DIRECTION('',(0.E0,0.E0,-1.E0));
#2507=DIRECTION('',(9.396926207859E-1,-3.420201433257E-1,0.E0));
#2508=AXIS2_PLACEMENT_3D('',#2505,#2506,#2507);
#2510=CARTESIAN_POINT('',(3.291484965550E0,3.674373804160E0,0.E0));
#2511=DIRECTION('',(0.E0,0.E0,1.E0));
#2512=DIRECTION('',(-9.396926207859E-1,-3.420201433257E-1,0.E0));
#2513=AXIS2_PLACEMENT_3D('',#2510,#2511,#2512);
#2515=CARTESIAN_POINT('',(0.E0,3.597399571705E0,0.E0));
#2516=DIRECTION('',(0.E0,-1.E0,0.E0));
#2517=DIRECTION('',(-1.E0,0.E0,0.E0));
#2518=AXIS2_PLACEMENT_3D('',#2515,#2516,#2517);
#2520=CARTESIAN_POINT('',(0.E0,3.45E0,0.E0));
#2521=DIRECTION('',(0.E0,-1.E0,0.E0));
#2522=DIRECTION('',(-1.E0,0.E0,0.E0));
#2523=AXIS2_PLACEMENT_3D('',#2520,#2521,#2522);
#2525=CARTESIAN_POINT('',(0.E0,3.45E0,0.E0));
#2526=DIRECTION('',(0.E0,1.E0,0.E0));
#2527=DIRECTION('',(-1.E0,0.E0,0.E0));
#2528=AXIS2_PLACEMENT_3D('',#2525,#2526,#2527);
#2530=CARTESIAN_POINT('',(0.E0,3.45E0,0.E0));
#2531=DIRECTION('',(0.E0,1.E0,0.E0));
#2532=DIRECTION('',(-1.E0,0.E0,0.E0));
#2533=AXIS2_PLACEMENT_3D('',#2530,#2531,#2532);
#2535=CARTESIAN_POINT('',(-3.65E0,3.02E0,0.E0));
#2536=DIRECTION('',(0.E0,0.E0,1.E0));
#2537=DIRECTION('',(0.E0,1.E0,0.E0));
#2538=AXIS2_PLACEMENT_3D('',#2535,#2536,#2537);
#2540=CARTESIAN_POINT('',(3.65E0,3.02E0,0.E0));
#2541=DIRECTION('',(0.E0,0.E0,-1.E0));
#2542=DIRECTION('',(0.E0,1.E0,0.E0));
#2543=AXIS2_PLACEMENT_3D('',#2540,#2541,#2542);
#2545=CARTESIAN_POINT('',(0.E0,3.45E0,0.E0));
#2546=DIRECTION('',(0.E0,-1.E0,0.E0));
#2547=DIRECTION('',(-1.E0,0.E0,0.E0));
#2548=AXIS2_PLACEMENT_3D('',#2545,#2546,#2547);
#2550=DIRECTION('',(0.E0,-1.E0,0.E0));
#2551=VECTOR('',#2550,2.57E0);
#2552=CARTESIAN_POINT('',(-4.08E0,3.02E0,0.E0));
#2553=LINE('',#2552,#2551);
#2554=DIRECTION('',(0.E0,-1.E0,0.E0));
#2555=VECTOR('',#2554,2.57E0);
#2556=CARTESIAN_POINT('',(4.08E0,3.02E0,0.E0));
#2557=LINE('',#2556,#2555);
#2558=CARTESIAN_POINT('',(0.E0,3.02E0,0.E0));
#2559=DIRECTION('',(0.E0,-1.E0,0.E0));
#2560=DIRECTION('',(-1.E0,0.E0,0.E0));
#2561=AXIS2_PLACEMENT_3D('',#2558,#2559,#2560);
#2563=CARTESIAN_POINT('',(0.E0,3.02E0,0.E0));
#2564=DIRECTION('',(0.E0,1.E0,0.E0));
#2565=DIRECTION('',(-1.E0,0.E0,0.E0));
#2566=AXIS2_PLACEMENT_3D('',#2563,#2564,#2565);
#2568=CARTESIAN_POINT('',(0.E0,4.5E-1,0.E0));
#2569=DIRECTION('',(0.E0,1.E0,0.E0));
#2570=DIRECTION('',(-1.E0,0.E0,0.E0));
#2571=AXIS2_PLACEMENT_3D('',#2568,#2569,#2570);
#2573=CARTESIAN_POINT('',(-4.279878622486E0,4.307987811979E-1,0.E0));
#2574=DIRECTION('',(0.E0,0.E0,-1.E0));
#2575=DIRECTION('',(9.954175084830E-1,9.562418002501E-2,0.E0));
#2576=AXIS2_PLACEMENT_3D('',#2573,#2574,#2575);
#2578=CARTESIAN_POINT('',(4.279878622486E0,4.307987811979E-1,0.E0));
#2579=DIRECTION('',(0.E0,0.E0,1.E0));
#2580=DIRECTION('',(-9.954175084830E-1,9.562418002501E-2,0.E0));
#2581=AXIS2_PLACEMENT_3D('',#2578,#2579,#2580);
#2583=CARTESIAN_POINT('',(0.E0,4.5E-1,0.E0));
#2584=DIRECTION('',(0.E0,-1.E0,0.E0));
#2585=DIRECTION('',(-1.E0,0.E0,0.E0));
#2586=AXIS2_PLACEMENT_3D('',#2583,#2584,#2585);
#2588=CARTESIAN_POINT('',(0.E0,2.3E-1,0.E0));
#2589=DIRECTION('',(0.E0,-1.E0,0.E0));
#2590=DIRECTION('',(-1.E0,0.E0,0.E0));
#2591=AXIS2_PLACEMENT_3D('',#2588,#2589,#2590);
#2593=CARTESIAN_POINT('',(0.E0,2.3E-1,0.E0));
#2594=DIRECTION('',(0.E0,1.E0,0.E0));
#2595=DIRECTION('',(-1.E0,0.E0,0.E0));
#2596=AXIS2_PLACEMENT_3D('',#2593,#2594,#2595);
#2598=CARTESIAN_POINT('',(0.E0,2.3E-1,0.E0));
#2599=DIRECTION('',(0.E0,1.E0,0.E0));
#2600=DIRECTION('',(-1.E0,0.E0,0.E0));
#2601=AXIS2_PLACEMENT_3D('',#2598,#2599,#2600);
#2603=DIRECTION('',(0.E0,-1.E0,0.E0));
#2604=VECTOR('',#2603,2.3E-1);
#2605=CARTESIAN_POINT('',(-4.5E0,2.3E-1,0.E0));
#2606=LINE('',#2605,#2604);
#2607=DIRECTION('',(0.E0,-1.E0,0.E0));
#2608=VECTOR('',#2607,2.3E-1);
#2609=CARTESIAN_POINT('',(4.5E0,2.3E-1,0.E0));
#2610=LINE('',#2609,#2608);
#2611=CARTESIAN_POINT('',(0.E0,2.3E-1,0.E0));
#2612=DIRECTION('',(0.E0,-1.E0,0.E0));
#2613=DIRECTION('',(-1.E0,0.E0,0.E0));
#2614=AXIS2_PLACEMENT_3D('',#2611,#2612,#2613);
#2616=CARTESIAN_POINT('',(0.E0,0.E0,0.E0));
#2617=DIRECTION('',(0.E0,-1.E0,0.E0));
#2618=DIRECTION('',(-1.E0,0.E0,0.E0));
#2619=AXIS2_PLACEMENT_3D('',#2616,#2617,#2618);
#2621=CARTESIAN_POINT('',(0.E0,0.E0,0.E0));
#2622=DIRECTION('',(0.E0,1.E0,0.E0));
#2623=DIRECTION('',(-1.E0,0.E0,0.E0));
#2624=AXIS2_PLACEMENT_3D('',#2621,#2622,#2623);
#2626=CARTESIAN_POINT('',(0.E0,0.E0,0.E0));
#2627=DIRECTION('',(0.E0,1.E0,0.E0));
#2628=DIRECTION('',(-1.E0,0.E0,0.E0));
#2629=AXIS2_PLACEMENT_3D('',#2626,#2627,#2628);
#2631=CARTESIAN_POINT('',(-4.279787583281E0,4.302415186030E-1,0.E0));
#2632=DIRECTION('',(0.E0,0.E0,1.E0));
#2633=DIRECTION('',(0.E0,-1.E0,0.E0));
#2634=AXIS2_PLACEMENT_3D('',#2631,#2632,#2633);
#2636=CARTESIAN_POINT('',(4.279787583281E0,4.302415186030E-1,0.E0));
#2637=DIRECTION('',(0.E0,0.E0,-1.E0));
#2638=DIRECTION('',(0.E0,-1.E0,0.E0));
#2639=AXIS2_PLACEMENT_3D('',#2636,#2637,#2638);
#2641=CARTESIAN_POINT('',(0.E0,0.E0,0.E0));
#2642=DIRECTION('',(0.E0,-1.E0,0.E0));
#2643=DIRECTION('',(-1.E0,0.E0,0.E0));
#2644=AXIS2_PLACEMENT_3D('',#2641,#2642,#2643);
#2646=CARTESIAN_POINT('',(-3.85E0,4.5E-1,0.E0));
#2647=CARTESIAN_POINT('',(-3.85E0,3.02E0,0.E0));
#2648=VERTEX_POINT('',#2646);
#2649=VERTEX_POINT('',#2647);
#2650=CARTESIAN_POINT('',(-3.65E0,3.22E0,0.E0));
#2651=VERTEX_POINT('',#2650);
#2652=CARTESIAN_POINT('',(-1.3E0,4.09E0,0.E0));
#2653=CARTESIAN_POINT('',(-1.3E0,4.32E0,0.E0));
#2654=VERTEX_POINT('',#2652);
#2655=VERTEX_POINT('',#2653);
#2656=CARTESIAN_POINT('',(-3.65E0,3.45E0,0.E0));
#2657=CARTESIAN_POINT('',(-4.08E0,3.02E0,0.E0));
#2658=VERTEX_POINT('',#2656);
#2659=VERTEX_POINT('',#2657);
#2660=CARTESIAN_POINT('',(-4.08E0,4.5E-1,0.E0));
#2661=VERTEX_POINT('',#2660);
#2662=CARTESIAN_POINT('',(-4.279878622486E0,2.3E-1,0.E0));
#2663=VERTEX_POINT('',#2662);
#2664=CARTESIAN_POINT('',(-4.5E0,2.3E-1,0.E0));
#2665=CARTESIAN_POINT('',(-4.5E0,0.E0,0.E0));
#2666=VERTEX_POINT('',#2664);
#2667=VERTEX_POINT('',#2665);
#2668=CARTESIAN_POINT('',(-4.279787583281E0,0.E0,0.E0));
#2669=VERTEX_POINT('',#2668);
#2670=CARTESIAN_POINT('',(3.85E0,4.5E-1,0.E0));
#2671=CARTESIAN_POINT('',(3.85E0,3.02E0,0.E0));
#2672=VERTEX_POINT('',#2670);
#2673=VERTEX_POINT('',#2671);
#2674=CARTESIAN_POINT('',(3.65E0,3.22E0,0.E0));
#2675=VERTEX_POINT('',#2674);
#2676=CARTESIAN_POINT('',(1.3E0,4.09E0,0.E0));
#2677=CARTESIAN_POINT('',(1.3E0,4.32E0,0.E0));
#2678=VERTEX_POINT('',#2676);
#2679=VERTEX_POINT('',#2677);
#2680=CARTESIAN_POINT('',(3.65E0,3.45E0,0.E0));
#2681=CARTESIAN_POINT('',(4.08E0,3.02E0,0.E0));
#2682=VERTEX_POINT('',#2680);
#2683=VERTEX_POINT('',#2681);
#2684=CARTESIAN_POINT('',(4.08E0,4.5E-1,0.E0));
#2685=VERTEX_POINT('',#2684);
#2686=CARTESIAN_POINT('',(4.279878622486E0,2.3E-1,0.E0));
#2687=VERTEX_POINT('',#2686);
#2688=CARTESIAN_POINT('',(4.5E0,2.3E-1,0.E0));
#2689=CARTESIAN_POINT('',(4.5E0,0.E0,0.E0));
#2690=VERTEX_POINT('',#2688);
#2691=VERTEX_POINT('',#2689);
#2692=CARTESIAN_POINT('',(4.279787583281E0,0.E0,0.E0));
#2693=VERTEX_POINT('',#2692);
#2694=CARTESIAN_POINT('',(-3.313989109485E0,3.22E0,0.E0));
#2695=CARTESIAN_POINT('',(-2.85E0,3.556844366142E0,0.E0));
#2696=VERTEX_POINT('',#2694);
#2697=VERTEX_POINT('',#2695);
#2698=CARTESIAN_POINT('',(-2.692090719403E0,3.990696548904E0,0.E0));
#2699=VERTEX_POINT('',#2698);
#2700=CARTESIAN_POINT('',(-2.55E0,4.09E0,0.E0));
#2701=VERTEX_POINT('',#2700);
#2702=CARTESIAN_POINT('',(-2.55E0,4.32E0,0.E0));
#2703=CARTESIAN_POINT('',(-2.911535385158E0,4.060252296960E0,0.E0));
#2704=VERTEX_POINT('',#2702);
#2705=VERTEX_POINT('',#2703);
#2706=CARTESIAN_POINT('',(-3.08E0,3.597399571705E0,0.E0));
#2707=VERTEX_POINT('',#2706);
#2708=CARTESIAN_POINT('',(-3.273954445809E0,3.45E0,0.E0));
#2709=VERTEX_POINT('',#2708);
#2710=CARTESIAN_POINT('',(3.313989109485E0,3.22E0,0.E0));
#2711=CARTESIAN_POINT('',(2.85E0,3.556844366142E0,0.E0));
#2712=VERTEX_POINT('',#2710);
#2713=VERTEX_POINT('',#2711);
#2714=CARTESIAN_POINT('',(2.692090719403E0,3.990696548904E0,0.E0));
#2715=VERTEX_POINT('',#2714);
#2716=CARTESIAN_POINT('',(2.55E0,4.09E0,0.E0));
#2717=VERTEX_POINT('',#2716);
#2718=CARTESIAN_POINT('',(2.55E0,4.32E0,0.E0));
#2719=CARTESIAN_POINT('',(2.911535385158E0,4.060252296960E0,0.E0));
#2720=VERTEX_POINT('',#2718);
#2721=VERTEX_POINT('',#2719);
#2722=CARTESIAN_POINT('',(3.08E0,3.597399571705E0,0.E0));
#2723=VERTEX_POINT('',#2722);
#2724=CARTESIAN_POINT('',(3.273954445809E0,3.45E0,0.E0));
#2725=VERTEX_POINT('',#2724);
#2726=CARTESIAN_POINT('',(0.E0,-2.16E-1,0.E0));
#2727=DIRECTION('',(0.E0,1.E0,0.E0));
#2728=DIRECTION('',(1.E0,0.E0,0.E0));
#2729=AXIS2_PLACEMENT_3D('',#2726,#2727,#2728);
#2730=CYLINDRICAL_SURFACE('',#2729,3.85E0);
#2732=ORIENTED_EDGE('',*,*,#2731,.F.);
#2734=ORIENTED_EDGE('',*,*,#2733,.T.);
#2736=ORIENTED_EDGE('',*,*,#2735,.T.);
#2738=ORIENTED_EDGE('',*,*,#2737,.F.);
#2739=EDGE_LOOP('',(#2732,#2734,#2736,#2738));
#2740=FACE_OUTER_BOUND('',#2739,.F.);
#2742=FILL_AREA_STYLE_COLOUR('',#2316);
#2743=FILL_AREA_STYLE('',(#2742));
#2744=SURFACE_STYLE_FILL_AREA(#2743);
#2745=SURFACE_SIDE_STYLE('',(#2744));
#2746=SURFACE_STYLE_USAGE(.POSITIVE.,#2745);
#2747=PRESENTATION_STYLE_ASSIGNMENT((#2746));
#2748=STYLED_ITEM('',(#2747),#2741);
#2749=CARTESIAN_POINT('',(0.E0,-2.16E-1,0.E0));
#2750=DIRECTION('',(0.E0,1.E0,0.E0));
#2751=DIRECTION('',(1.E0,0.E0,0.E0));
#2752=AXIS2_PLACEMENT_3D('',#2749,#2750,#2751);
#2753=CYLINDRICAL_SURFACE('',#2752,3.85E0);
#2754=ORIENTED_EDGE('',*,*,#2731,.T.);
#2756=ORIENTED_EDGE('',*,*,#2755,.T.);
#2757=ORIENTED_EDGE('',*,*,#2735,.F.);
#2759=ORIENTED_EDGE('',*,*,#2758,.F.);
#2760=EDGE_LOOP('',(#2754,#2756,#2757,#2759));
#2761=FACE_OUTER_BOUND('',#2760,.F.);
#2763=FILL_AREA_STYLE_COLOUR('',#2316);
#2764=FILL_AREA_STYLE('',(#2763));
#2765=SURFACE_STYLE_FILL_AREA(#2764);
#2766=SURFACE_SIDE_STYLE('',(#2765));
#2767=SURFACE_STYLE_USAGE(.POSITIVE.,#2766);
#2768=PRESENTATION_STYLE_ASSIGNMENT((#2767));
#2769=STYLED_ITEM('',(#2768),#2762);
#2770=CARTESIAN_POINT('',(0.E0,3.02E0,0.E0));
#2771=DIRECTION('',(0.E0,1.E0,0.E0));
#2772=DIRECTION('',(1.E0,0.E0,0.E0));
#2773=AXIS2_PLACEMENT_3D('',#2770,#2771,#2772);
#2774=TOROIDAL_SURFACE('',#2773,3.65E0,2.E-1);
#2776=ORIENTED_EDGE('',*,*,#2775,.T.);
#2778=ORIENTED_EDGE('',*,*,#2777,.T.);
#2780=ORIENTED_EDGE('',*,*,#2779,.F.);
#2781=ORIENTED_EDGE('',*,*,#2755,.F.);
#2782=EDGE_LOOP('',(#2776,#2778,#2780,#2781));
#2783=FACE_OUTER_BOUND('',#2782,.F.);
#2785=FILL_AREA_STYLE_COLOUR('',#2316);
#2786=FILL_AREA_STYLE('',(#2785));
#2787=SURFACE_STYLE_FILL_AREA(#2786);
#2788=SURFACE_SIDE_STYLE('',(#2787));
#2789=SURFACE_STYLE_USAGE(.POSITIVE.,#2788);
#2790=PRESENTATION_STYLE_ASSIGNMENT((#2789));
#2791=STYLED_ITEM('',(#2790),#2784);
#2792=CARTESIAN_POINT('',(0.E0,3.02E0,0.E0));
#2793=DIRECTION('',(0.E0,1.E0,0.E0));
#2794=DIRECTION('',(1.E0,0.E0,0.E0));
#2795=AXIS2_PLACEMENT_3D('',#2792,#2793,#2794);
#2796=TOROIDAL_SURFACE('',#2795,3.65E0,2.E-1);
#2797=ORIENTED_EDGE('',*,*,#2775,.F.);
#2798=ORIENTED_EDGE('',*,*,#2737,.T.);
#2799=ORIENTED_EDGE('',*,*,#2779,.T.);
#2801=ORIENTED_EDGE('',*,*,#2800,.F.);
#2802=EDGE_LOOP('',(#2797,#2798,#2799,#2801));
#2803=FACE_OUTER_BOUND('',#2802,.F.);
#2805=FILL_AREA_STYLE_COLOUR('',#2316);
#2806=FILL_AREA_STYLE('',(#2805));
#2807=SURFACE_STYLE_FILL_AREA(#2806);
#2808=SURFACE_SIDE_STYLE('',(#2807));
#2809=SURFACE_STYLE_USAGE(.POSITIVE.,#2808);
#2810=PRESENTATION_STYLE_ASSIGNMENT((#2809));
#2811=STYLED_ITEM('',(#2810),#2804);
#2812=CARTESIAN_POINT('',(0.E0,3.22E0,0.E0));
#2813=DIRECTION('',(0.E0,1.E0,0.E0));
#2814=DIRECTION('',(1.E0,0.E0,0.E0));
#2815=AXIS2_PLACEMENT_3D('',#2812,#2813,#2814);
#2816=PLANE('',#2815);
#2817=ORIENTED_EDGE('',*,*,#2777,.F.);
#2818=ORIENTED_EDGE('',*,*,#2800,.T.);
#2819=EDGE_LOOP('',(#2817,#2818));
#2820=FACE_OUTER_BOUND('',#2819,.F.);
#2822=ORIENTED_EDGE('',*,*,#2821,.F.);
#2824=ORIENTED_EDGE('',*,*,#2823,.T.);
#2825=EDGE_LOOP('',(#2822,#2824));
#2826=FACE_BOUND('',#2825,.F.);
#2828=FILL_AREA_STYLE_COLOUR('',#2316);
#2829=FILL_AREA_STYLE('',(#2828));
#2830=SURFACE_STYLE_FILL_AREA(#2829);
#2831=SURFACE_SIDE_STYLE('',(#2830));
#2832=SURFACE_STYLE_USAGE(.POSITIVE.,#2831);
#2833=PRESENTATION_STYLE_ASSIGNMENT((#2832));
#2834=STYLED_ITEM('',(#2833),#2827);
#2835=CARTESIAN_POINT('',(0.E0,3.732092612775E0,0.E0));
#2836=DIRECTION('',(0.E0,1.E0,0.E0));
#2837=DIRECTION('',(1.E0,0.E0,0.E0));
#2838=AXIS2_PLACEMENT_3D('',#2835,#2836,#2837);
#2839=TOROIDAL_SURFACE('',#2838,3.331490600424E0,5.123915946268E-1);
#2841=ORIENTED_EDGE('',*,*,#2840,.F.);
#2842=ORIENTED_EDGE('',*,*,#2821,.T.);
#2844=ORIENTED_EDGE('',*,*,#2843,.T.);
#2846=ORIENTED_EDGE('',*,*,#2845,.F.);
#2847=EDGE_LOOP('',(#2841,#2842,#2844,#2846));
#2848=FACE_OUTER_BOUND('',#2847,.F.);
#2850=FILL_AREA_STYLE_COLOUR('',#2316);
#2851=FILL_AREA_STYLE('',(#2850));
#2852=SURFACE_STYLE_FILL_AREA(#2851);
#2853=SURFACE_SIDE_STYLE('',(#2852));
#2854=SURFACE_STYLE_USAGE(.POSITIVE.,#2853);
#2855=PRESENTATION_STYLE_ASSIGNMENT((#2854));
#2856=STYLED_ITEM('',(#2855),#2849);
#2857=CARTESIAN_POINT('',(0.E0,3.732092612775E0,0.E0));
#2858=DIRECTION('',(0.E0,1.E0,0.E0));
#2859=DIRECTION('',(1.E0,0.E0,0.E0));
#2860=AXIS2_PLACEMENT_3D('',#2857,#2858,#2859);
#2861=TOROIDAL_SURFACE('',#2860,3.331490600424E0,5.123915946268E-1);
#2862=ORIENTED_EDGE('',*,*,#2840,.T.);
#2864=ORIENTED_EDGE('',*,*,#2863,.T.);
#2865=ORIENTED_EDGE('',*,*,#2843,.F.);
#2866=ORIENTED_EDGE('',*,*,#2823,.F.);
#2867=EDGE_LOOP('',(#2862,#2864,#2865,#2866));
#2868=FACE_OUTER_BOUND('',#2867,.F.);
#2870=FILL_AREA_STYLE_COLOUR('',#2316);
#2871=FILL_AREA_STYLE('',(#2870));
#2872=SURFACE_STYLE_FILL_AREA(#2871);
#2873=SURFACE_SIDE_STYLE('',(#2872));
#2874=SURFACE_STYLE_USAGE(.POSITIVE.,#2873);
#2875=PRESENTATION_STYLE_ASSIGNMENT((#2874));
#2876=STYLED_ITEM('',(#2875),#2869);
#2877=CARTESIAN_POINT('',(0.E0,3.773770457523E0,0.E0));
#2878=DIRECTION('',(0.E0,-1.E0,0.E0));
#2879=DIRECTION('',(-1.E0,0.E0,0.E0));
#2880=AXIS2_PLACEMENT_3D('',#2877,#2878,#2879);
#2881=CONICAL_SURFACE('',#2880,2.771045359702E0,2.E1);
#2883=ORIENTED_EDGE('',*,*,#2882,.T.);
#2885=ORIENTED_EDGE('',*,*,#2884,.T.);
#2887=ORIENTED_EDGE('',*,*,#2886,.F.);
#2888=ORIENTED_EDGE('',*,*,#2863,.F.);
#2889=EDGE_LOOP('',(#2883,#2885,#2887,#2888));
#2890=FACE_OUTER_BOUND('',#2889,.F.);
#2892=FILL_AREA_STYLE_COLOUR('',#2316);
#2893=FILL_AREA_STYLE('',(#2892));
#2894=SURFACE_STYLE_FILL_AREA(#2893);
#2895=SURFACE_SIDE_STYLE('',(#2894));
#2896=SURFACE_STYLE_USAGE(.POSITIVE.,#2895);
#2897=PRESENTATION_STYLE_ASSIGNMENT((#2896));
#2898=STYLED_ITEM('',(#2897),#2891);
#2899=CARTESIAN_POINT('',(0.E0,3.773770457523E0,0.E0));
#2900=DIRECTION('',(0.E0,-1.E0,0.E0));
#2901=DIRECTION('',(-1.E0,0.E0,0.E0));
#2902=AXIS2_PLACEMENT_3D('',#2899,#2900,#2901);
#2903=CONICAL_SURFACE('',#2902,2.771045359702E0,2.E1);
#2904=ORIENTED_EDGE('',*,*,#2882,.F.);
#2905=ORIENTED_EDGE('',*,*,#2845,.T.);
#2906=ORIENTED_EDGE('',*,*,#2886,.T.);
#2908=ORIENTED_EDGE('',*,*,#2907,.F.);
#2909=EDGE_LOOP('',(#2904,#2905,#2906,#2908));
#2910=FACE_OUTER_BOUND('',#2909,.F.);
#2912=FILL_AREA_STYLE_COLOUR('',#2316);
#2913=FILL_AREA_STYLE('',(#2912));
#2914=SURFACE_STYLE_FILL_AREA(#2913);
#2915=SURFACE_SIDE_STYLE('',(#2914));
#2916=SURFACE_STYLE_USAGE(.POSITIVE.,#2915);
#2917=PRESENTATION_STYLE_ASSIGNMENT((#2916));
#2918=STYLED_ITEM('',(#2917),#2911);
#2919=CARTESIAN_POINT('',(0.E0,3.939078155046E0,0.E0));
#2920=DIRECTION('',(0.E0,1.E0,0.E0));
#2921=DIRECTION('',(1.E0,0.E0,0.E0));
#2922=AXIS2_PLACEMENT_3D('',#2919,#2920,#2921);
#2923=TOROIDAL_SURFACE('',#2922,2.550270347849E0,1.509220870925E-1);
#2925=ORIENTED_EDGE('',*,*,#2924,.F.);
#2926=ORIENTED_EDGE('',*,*,#2907,.T.);
#2928=ORIENTED_EDGE('',*,*,#2927,.T.);
#2930=ORIENTED_EDGE('',*,*,#2929,.F.);
#2931=EDGE_LOOP('',(#2925,#2926,#2928,#2930));
#2932=FACE_OUTER_BOUND('',#2931,.F.);
#2934=FILL_AREA_STYLE_COLOUR('',#2316);
#2935=FILL_AREA_STYLE('',(#2934));
#2936=SURFACE_STYLE_FILL_AREA(#2935);
#2937=SURFACE_SIDE_STYLE('',(#2936));
#2938=SURFACE_STYLE_USAGE(.POSITIVE.,#2937);
#2939=PRESENTATION_STYLE_ASSIGNMENT((#2938));
#2940=STYLED_ITEM('',(#2939),#2933);
#2941=CARTESIAN_POINT('',(0.E0,3.939078155046E0,0.E0));
#2942=DIRECTION('',(0.E0,1.E0,0.E0));
#2943=DIRECTION('',(1.E0,0.E0,0.E0));
#2944=AXIS2_PLACEMENT_3D('',#2941,#2942,#2943);
#2945=TOROIDAL_SURFACE('',#2944,2.550270347849E0,1.509220870925E-1);
#2946=ORIENTED_EDGE('',*,*,#2924,.T.);
#2948=ORIENTED_EDGE('',*,*,#2947,.T.);
#2949=ORIENTED_EDGE('',*,*,#2927,.F.);
#2950=ORIENTED_EDGE('',*,*,#2884,.F.);
#2951=EDGE_LOOP('',(#2946,#2948,#2949,#2950));
#2952=FACE_OUTER_BOUND('',#2951,.F.);
#2954=FILL_AREA_STYLE_COLOUR('',#2316);
#2955=FILL_AREA_STYLE('',(#2954));
#2956=SURFACE_STYLE_FILL_AREA(#2955);
#2957=SURFACE_SIDE_STYLE('',(#2956));
#2958=SURFACE_STYLE_USAGE(.POSITIVE.,#2957);
#2959=PRESENTATION_STYLE_ASSIGNMENT((#2958));
#2960=STYLED_ITEM('',(#2959),#2953);
#2961=CARTESIAN_POINT('',(0.E0,4.09E0,0.E0));
#2962=DIRECTION('',(0.E0,1.E0,0.E0));
#2963=DIRECTION('',(1.E0,0.E0,0.E0));
#2964=AXIS2_PLACEMENT_3D('',#2961,#2962,#2963);
#2965=PLANE('',#2964);
#2966=ORIENTED_EDGE('',*,*,#2947,.F.);
#2967=ORIENTED_EDGE('',*,*,#2929,.T.);
#2968=EDGE_LOOP('',(#2966,#2967));
#2969=FACE_OUTER_BOUND('',#2968,.F.);
#2971=ORIENTED_EDGE('',*,*,#2970,.F.);
#2973=ORIENTED_EDGE('',*,*,#2972,.T.);
#2974=EDGE_LOOP('',(#2971,#2973));
#2975=FACE_BOUND('',#2974,.F.);
#2977=FILL_AREA_STYLE_COLOUR('',#2316);
#2978=FILL_AREA_STYLE('',(#2977));
#2979=SURFACE_STYLE_FILL_AREA(#2978);
#2980=SURFACE_SIDE_STYLE('',(#2979));
#2981=SURFACE_STYLE_USAGE(.POSITIVE.,#2980);
#2982=PRESENTATION_STYLE_ASSIGNMENT((#2981));
#2983=STYLED_ITEM('',(#2982),#2976);
#2984=CARTESIAN_POINT('',(0.E0,-2.16E-1,0.E0));
#2985=DIRECTION('',(0.E0,1.E0,0.E0));
#2986=DIRECTION('',(1.E0,0.E0,0.E0));
#2987=AXIS2_PLACEMENT_3D('',#2984,#2985,#2986);
#2988=CYLINDRICAL_SURFACE('',#2987,1.3E0);
#2990=ORIENTED_EDGE('',*,*,#2989,.F.);
#2991=ORIENTED_EDGE('',*,*,#2970,.T.);
#2993=ORIENTED_EDGE('',*,*,#2992,.T.);
#2995=ORIENTED_EDGE('',*,*,#2994,.F.);
#2996=EDGE_LOOP('',(#2990,#2991,#2993,#2995));
#2997=FACE_OUTER_BOUND('',#2996,.F.);
#2999=FILL_AREA_STYLE_COLOUR('',#2316);
#3000=FILL_AREA_STYLE('',(#2999));
#3001=SURFACE_STYLE_FILL_AREA(#3000);
#3002=SURFACE_SIDE_STYLE('',(#3001));
#3003=SURFACE_STYLE_USAGE(.POSITIVE.,#3002);
#3004=PRESENTATION_STYLE_ASSIGNMENT((#3003));
#3005=STYLED_ITEM('',(#3004),#2998);
#3006=CARTESIAN_POINT('',(0.E0,-2.16E-1,0.E0));
#3007=DIRECTION('',(0.E0,1.E0,0.E0));
#3008=DIRECTION('',(1.E0,0.E0,0.E0));
#3009=AXIS2_PLACEMENT_3D('',#3006,#3007,#3008);
#3010=CYLINDRICAL_SURFACE('',#3009,1.3E0);
#3011=ORIENTED_EDGE('',*,*,#2989,.T.);
#3013=ORIENTED_EDGE('',*,*,#3012,.T.);
#3014=ORIENTED_EDGE('',*,*,#2992,.F.);
#3015=ORIENTED_EDGE('',*,*,#2972,.F.);
#3016=EDGE_LOOP('',(#3011,#3013,#3014,#3015));
#3017=FACE_OUTER_BOUND('',#3016,.F.);
#3019=FILL_AREA_STYLE_COLOUR('',#2316);
#3020=FILL_AREA_STYLE('',(#3019));
#3021=SURFACE_STYLE_FILL_AREA(#3020);
#3022=SURFACE_SIDE_STYLE('',(#3021));
#3023=SURFACE_STYLE_USAGE(.POSITIVE.,#3022);
#3024=PRESENTATION_STYLE_ASSIGNMENT((#3023));
#3025=STYLED_ITEM('',(#3024),#3018);
#3026=CARTESIAN_POINT('',(0.E0,4.32E0,0.E0));
#3027=DIRECTION('',(0.E0,1.E0,0.E0));
#3028=DIRECTION('',(1.E0,0.E0,0.E0));
#3029=AXIS2_PLACEMENT_3D('',#3026,#3027,#3028);
#3030=PLANE('',#3029);
#3032=ORIENTED_EDGE('',*,*,#3031,.F.);
#3034=ORIENTED_EDGE('',*,*,#3033,.T.);
#3035=EDGE_LOOP('',(#3032,#3034));
#3036=FACE_OUTER_BOUND('',#3035,.F.);
#3037=ORIENTED_EDGE('',*,*,#3012,.F.);
#3038=ORIENTED_EDGE('',*,*,#2994,.T.);
#3039=EDGE_LOOP('',(#3037,#3038));
#3040=FACE_BOUND('',#3039,.F.);
#3042=FILL_AREA_STYLE_COLOUR('',#2316);
#3043=FILL_AREA_STYLE('',(#3042));
#3044=SURFACE_STYLE_FILL_AREA(#3043);
#3045=SURFACE_SIDE_STYLE('',(#3044));
#3046=SURFACE_STYLE_USAGE(.POSITIVE.,#3045);
#3047=PRESENTATION_STYLE_ASSIGNMENT((#3046));
#3048=STYLED_ITEM('',(#3047),#3041);
#3049=CARTESIAN_POINT('',(0.E0,3.925174048102E0,0.E0));
#3050=DIRECTION('',(0.E0,1.E0,0.E0));
#3051=DIRECTION('',(1.E0,0.E0,0.E0));
#3052=AXIS2_PLACEMENT_3D('',#3049,#3050,#3051);
#3053=TOROIDAL_SURFACE('',#3052,2.540410946562E0,3.949423783769E-1);
#3055=ORIENTED_EDGE('',*,*,#3054,.F.);
#3056=ORIENTED_EDGE('',*,*,#3031,.T.);
#3058=ORIENTED_EDGE('',*,*,#3057,.T.);
#3060=ORIENTED_EDGE('',*,*,#3059,.F.);
#3061=EDGE_LOOP('',(#3055,#3056,#3058,#3060));
#3062=FACE_OUTER_BOUND('',#3061,.F.);
#3064=FILL_AREA_STYLE_COLOUR('',#2316);
#3065=FILL_AREA_STYLE('',(#3064));
#3066=SURFACE_STYLE_FILL_AREA(#3065);
#3067=SURFACE_SIDE_STYLE('',(#3066));
#3068=SURFACE_STYLE_USAGE(.POSITIVE.,#3067);
#3069=PRESENTATION_STYLE_ASSIGNMENT((#3068));
#3070=STYLED_ITEM('',(#3069),#3063);
#3071=CARTESIAN_POINT('',(0.E0,3.925174048102E0,0.E0));
#3072=DIRECTION('',(0.E0,1.E0,0.E0));
#3073=DIRECTION('',(1.E0,0.E0,0.E0));
#3074=AXIS2_PLACEMENT_3D('',#3071,#3072,#3073);
#3075=TOROIDAL_SURFACE('',#3074,2.540410946562E0,3.949423783769E-1);
#3076=ORIENTED_EDGE('',*,*,#3054,.T.);
#3078=ORIENTED_EDGE('',*,*,#3077,.T.);
#3079=ORIENTED_EDGE('',*,*,#3057,.F.);
#3080=ORIENTED_EDGE('',*,*,#3033,.F.);
#3081=EDGE_LOOP('',(#3076,#3078,#3079,#3080));
#3082=FACE_OUTER_BOUND('',#3081,.F.);
#3084=FILL_AREA_STYLE_COLOUR('',#2316);
#3085=FILL_AREA_STYLE('',(#3084));
#3086=SURFACE_STYLE_FILL_AREA(#3085);
#3087=SURFACE_SIDE_STYLE('',(#3086));
#3088=SURFACE_STYLE_USAGE(.POSITIVE.,#3087);
#3089=PRESENTATION_STYLE_ASSIGNMENT((#3088));
#3090=STYLED_ITEM('',(#3089),#3083);
#3091=CARTESIAN_POINT('',(0.E0,3.828825934333E0,0.E0));
#3092=DIRECTION('',(0.E0,-1.E0,0.E0));
#3093=DIRECTION('',(-1.E0,0.E0,0.E0));
#3094=AXIS2_PLACEMENT_3D('',#3091,#3092,#3093);
#3095=CONICAL_SURFACE('',#3094,2.995767692579E0,2.E1);
#3097=ORIENTED_EDGE('',*,*,#3096,.T.);
#3099=ORIENTED_EDGE('',*,*,#3098,.T.);
#3101=ORIENTED_EDGE('',*,*,#3100,.F.);
#3102=ORIENTED_EDGE('',*,*,#3077,.F.);
#3103=EDGE_LOOP('',(#3097,#3099,#3101,#3102));
#3104=FACE_OUTER_BOUND('',#3103,.F.);
#3106=FILL_AREA_STYLE_COLOUR('',#2316);
#3107=FILL_AREA_STYLE('',(#3106));
#3108=SURFACE_STYLE_FILL_AREA(#3107);
#3109=SURFACE_SIDE_STYLE('',(#3108));
#3110=SURFACE_STYLE_USAGE(.POSITIVE.,#3109);
#3111=PRESENTATION_STYLE_ASSIGNMENT((#3110));
#3112=STYLED_ITEM('',(#3111),#3105);
#3113=CARTESIAN_POINT('',(0.E0,3.828825934333E0,0.E0));
#3114=DIRECTION('',(0.E0,-1.E0,0.E0));
#3115=DIRECTION('',(-1.E0,0.E0,0.E0));
#3116=AXIS2_PLACEMENT_3D('',#3113,#3114,#3115);
#3117=CONICAL_SURFACE('',#3116,2.995767692579E0,2.E1);
#3118=ORIENTED_EDGE('',*,*,#3096,.F.);
#3119=ORIENTED_EDGE('',*,*,#3059,.T.);
#3120=ORIENTED_EDGE('',*,*,#3100,.T.);
#3122=ORIENTED_EDGE('',*,*,#3121,.F.);
#3123=EDGE_LOOP('',(#3118,#3119,#3120,#3122));
#3124=FACE_OUTER_BOUND('',#3123,.F.);
#3126=FILL_AREA_STYLE_COLOUR('',#2316);
#3127=FILL_AREA_STYLE('',(#3126));
#3128=SURFACE_STYLE_FILL_AREA(#3127);
#3129=SURFACE_SIDE_STYLE('',(#3128));
#3130=SURFACE_STYLE_USAGE(.POSITIVE.,#3129);
#3131=PRESENTATION_STYLE_ASSIGNMENT((#3130));
#3132=STYLED_ITEM('',(#3131),#3125);
#3133=CARTESIAN_POINT('',(0.E0,3.674373804160E0,0.E0));
#3134=DIRECTION('',(0.E0,1.E0,0.E0));
#3135=DIRECTION('',(1.E0,0.E0,0.E0));
#3136=AXIS2_PLACEMENT_3D('',#3133,#3134,#3135);
#3137=TOROIDAL_SURFACE('',#3136,3.291484965550E0,2.250575995512E-1);
#3139=ORIENTED_EDGE('',*,*,#3138,.F.);
#3140=ORIENTED_EDGE('',*,*,#3121,.T.);
#3142=ORIENTED_EDGE('',*,*,#3141,.T.);
#3144=ORIENTED_EDGE('',*,*,#3143,.F.);
#3145=EDGE_LOOP('',(#3139,#3140,#3142,#3144));
#3146=FACE_OUTER_BOUND('',#3145,.F.);
#3148=FILL_AREA_STYLE_COLOUR('',#2316);
#3149=FILL_AREA_STYLE('',(#3148));
#3150=SURFACE_STYLE_FILL_AREA(#3149);
#3151=SURFACE_SIDE_STYLE('',(#3150));
#3152=SURFACE_STYLE_USAGE(.POSITIVE.,#3151);
#3153=PRESENTATION_STYLE_ASSIGNMENT((#3152));
#3154=STYLED_ITEM('',(#3153),#3147);
#3155=CARTESIAN_POINT('',(0.E0,3.674373804160E0,0.E0));
#3156=DIRECTION('',(0.E0,1.E0,0.E0));
#3157=DIRECTION('',(1.E0,0.E0,0.E0));
#3158=AXIS2_PLACEMENT_3D('',#3155,#3156,#3157);
#3159=TOROIDAL_SURFACE('',#3158,3.291484965550E0,2.250575995512E-1);
#3160=ORIENTED_EDGE('',*,*,#3138,.T.);
#3162=ORIENTED_EDGE('',*,*,#3161,.T.);
#3163=ORIENTED_EDGE('',*,*,#3141,.F.);
#3164=ORIENTED_EDGE('',*,*,#3098,.F.);
#3165=EDGE_LOOP('',(#3160,#3162,#3163,#3164));
#3166=FACE_OUTER_BOUND('',#3165,.F.);
#3168=FILL_AREA_STYLE_COLOUR('',#2316);
#3169=FILL_AREA_STYLE('',(#3168));
#3170=SURFACE_STYLE_FILL_AREA(#3169);
#3171=SURFACE_SIDE_STYLE('',(#3170));
#3172=SURFACE_STYLE_USAGE(.POSITIVE.,#3171);
#3173=PRESENTATION_STYLE_ASSIGNMENT((#3172));
#3174=STYLED_ITEM('',(#3173),#3167);
#3175=CARTESIAN_POINT('',(0.E0,3.45E0,0.E0));
#3176=DIRECTION('',(0.E0,1.E0,0.E0));
#3177=DIRECTION('',(1.E0,0.E0,0.E0));
#3178=AXIS2_PLACEMENT_3D('',#3175,#3176,#3177);
#3179=PLANE('',#3178);
#3181=ORIENTED_EDGE('',*,*,#3180,.F.);
#3183=ORIENTED_EDGE('',*,*,#3182,.T.);
#3184=EDGE_LOOP('',(#3181,#3183));
#3185=FACE_OUTER_BOUND('',#3184,.F.);
#3186=ORIENTED_EDGE('',*,*,#3161,.F.);
#3187=ORIENTED_EDGE('',*,*,#3143,.T.);
#3188=EDGE_LOOP('',(#3186,#3187));
#3189=FACE_BOUND('',#3188,.F.);
#3191=FILL_AREA_STYLE_COLOUR('',#2316);
#3192=FILL_AREA_STYLE('',(#3191));
#3193=SURFACE_STYLE_FILL_AREA(#3192);
#3194=SURFACE_SIDE_STYLE('',(#3193));
#3195=SURFACE_STYLE_USAGE(.POSITIVE.,#3194);
#3196=PRESENTATION_STYLE_ASSIGNMENT((#3195));
#3197=STYLED_ITEM('',(#3196),#3190);
#3198=CARTESIAN_POINT('',(0.E0,3.02E0,0.E0));
#3199=DIRECTION('',(0.E0,1.E0,0.E0));
#3200=DIRECTION('',(1.E0,0.E0,0.E0));
#3201=AXIS2_PLACEMENT_3D('',#3198,#3199,#3200);
#3202=TOROIDAL_SURFACE('',#3201,3.65E0,4.3E-1);
#3204=ORIENTED_EDGE('',*,*,#3203,.F.);
#3205=ORIENTED_EDGE('',*,*,#3180,.T.);
#3207=ORIENTED_EDGE('',*,*,#3206,.T.);
#3209=ORIENTED_EDGE('',*,*,#3208,.F.);
#3210=EDGE_LOOP('',(#3204,#3205,#3207,#3209));
#3211=FACE_OUTER_BOUND('',#3210,.F.);
#3213=FILL_AREA_STYLE_COLOUR('',#2316);
#3214=FILL_AREA_STYLE('',(#3213));
#3215=SURFACE_STYLE_FILL_AREA(#3214);
#3216=SURFACE_SIDE_STYLE('',(#3215));
#3217=SURFACE_STYLE_USAGE(.POSITIVE.,#3216);
#3218=PRESENTATION_STYLE_ASSIGNMENT((#3217));
#3219=STYLED_ITEM('',(#3218),#3212);
#3220=CARTESIAN_POINT('',(0.E0,3.02E0,0.E0));
#3221=DIRECTION('',(0.E0,1.E0,0.E0));
#3222=DIRECTION('',(1.E0,0.E0,0.E0));
#3223=AXIS2_PLACEMENT_3D('',#3220,#3221,#3222);
#3224=TOROIDAL_SURFACE('',#3223,3.65E0,4.3E-1);
#3225=ORIENTED_EDGE('',*,*,#3203,.T.);
#3227=ORIENTED_EDGE('',*,*,#3226,.T.);
#3228=ORIENTED_EDGE('',*,*,#3206,.F.);
#3229=ORIENTED_EDGE('',*,*,#3182,.F.);
#3230=EDGE_LOOP('',(#3225,#3227,#3228,#3229));
#3231=FACE_OUTER_BOUND('',#3230,.F.);
#3233=FILL_AREA_STYLE_COLOUR('',#2316);
#3234=FILL_AREA_STYLE('',(#3233));
#3235=SURFACE_STYLE_FILL_AREA(#3234);
#3236=SURFACE_SIDE_STYLE('',(#3235));
#3237=SURFACE_STYLE_USAGE(.POSITIVE.,#3236);
#3238=PRESENTATION_STYLE_ASSIGNMENT((#3237));
#3239=STYLED_ITEM('',(#3238),#3232);
#3240=CARTESIAN_POINT('',(0.E0,-2.16E-1,0.E0));
#3241=DIRECTION('',(0.E0,1.E0,0.E0));
#3242=DIRECTION('',(1.E0,0.E0,0.E0));
#3243=AXIS2_PLACEMENT_3D('',#3240,#3241,#3242);
#3244=CYLINDRICAL_SURFACE('',#3243,4.08E0);
#3246=ORIENTED_EDGE('',*,*,#3245,.T.);
#3248=ORIENTED_EDGE('',*,*,#3247,.T.);
#3250=ORIENTED_EDGE('',*,*,#3249,.F.);
#3251=ORIENTED_EDGE('',*,*,#3226,.F.);
#3252=EDGE_LOOP('',(#3246,#3248,#3250,#3251));
#3253=FACE_OUTER_BOUND('',#3252,.F.);
#3255=FILL_AREA_STYLE_COLOUR('',#2316);
#3256=FILL_AREA_STYLE('',(#3255));
#3257=SURFACE_STYLE_FILL_AREA(#3256);
#3258=SURFACE_SIDE_STYLE('',(#3257));
#3259=SURFACE_STYLE_USAGE(.POSITIVE.,#3258);
#3260=PRESENTATION_STYLE_ASSIGNMENT((#3259));
#3261=STYLED_ITEM('',(#3260),#3254);
#3262=CARTESIAN_POINT('',(0.E0,-2.16E-1,0.E0));
#3263=DIRECTION('',(0.E0,1.E0,0.E0));
#3264=DIRECTION('',(1.E0,0.E0,0.E0));
#3265=AXIS2_PLACEMENT_3D('',#3262,#3263,#3264);
#3266=CYLINDRICAL_SURFACE('',#3265,4.08E0);
#3267=ORIENTED_EDGE('',*,*,#3245,.F.);
#3268=ORIENTED_EDGE('',*,*,#3208,.T.);
#3269=ORIENTED_EDGE('',*,*,#3249,.T.);
#3271=ORIENTED_EDGE('',*,*,#3270,.F.);
#3272=EDGE_LOOP('',(#3267,#3268,#3269,#3271));
#3273=FACE_OUTER_BOUND('',#3272,.F.);
#3275=FILL_AREA_STYLE_COLOUR('',#2316);
#3276=FILL_AREA_STYLE('',(#3275));
#3277=SURFACE_STYLE_FILL_AREA(#3276);
#3278=SURFACE_SIDE_STYLE('',(#3277));
#3279=SURFACE_STYLE_USAGE(.POSITIVE.,#3278);
#3280=PRESENTATION_STYLE_ASSIGNMENT((#3279));
#3281=STYLED_ITEM('',(#3280),#3274);
#3282=CARTESIAN_POINT('',(0.E0,4.307987811979E-1,0.E0));
#3283=DIRECTION('',(0.E0,1.E0,0.E0));
#3284=DIRECTION('',(1.E0,0.E0,0.E0));
#3285=AXIS2_PLACEMENT_3D('',#3282,#3283,#3284);
#3286=TOROIDAL_SURFACE('',#3285,4.279878622486E0,2.007987811979E-1);
#3288=ORIENTED_EDGE('',*,*,#3287,.F.);
#3289=ORIENTED_EDGE('',*,*,#3270,.T.);
#3291=ORIENTED_EDGE('',*,*,#3290,.T.);
#3293=ORIENTED_EDGE('',*,*,#3292,.F.);
#3294=EDGE_LOOP('',(#3288,#3289,#3291,#3293));
#3295=FACE_OUTER_BOUND('',#3294,.F.);
#3297=FILL_AREA_STYLE_COLOUR('',#2316);
#3298=FILL_AREA_STYLE('',(#3297));
#3299=SURFACE_STYLE_FILL_AREA(#3298);
#3300=SURFACE_SIDE_STYLE('',(#3299));
#3301=SURFACE_STYLE_USAGE(.POSITIVE.,#3300);
#3302=PRESENTATION_STYLE_ASSIGNMENT((#3301));
#3303=STYLED_ITEM('',(#3302),#3296);
#3304=CARTESIAN_POINT('',(0.E0,4.307987811979E-1,0.E0));
#3305=DIRECTION('',(0.E0,1.E0,0.E0));
#3306=DIRECTION('',(1.E0,0.E0,0.E0));
#3307=AXIS2_PLACEMENT_3D('',#3304,#3305,#3306);
#3308=TOROIDAL_SURFACE('',#3307,4.279878622486E0,2.007987811979E-1);
#3309=ORIENTED_EDGE('',*,*,#3287,.T.);
#3311=ORIENTED_EDGE('',*,*,#3310,.T.);
#3312=ORIENTED_EDGE('',*,*,#3290,.F.);
#3313=ORIENTED_EDGE('',*,*,#3247,.F.);
#3314=EDGE_LOOP('',(#3309,#3311,#3312,#3313));
#3315=FACE_OUTER_BOUND('',#3314,.F.);
#3317=FILL_AREA_STYLE_COLOUR('',#2316);
#3318=FILL_AREA_STYLE('',(#3317));
#3319=SURFACE_STYLE_FILL_AREA(#3318);
#3320=SURFACE_SIDE_STYLE('',(#3319));
#3321=SURFACE_STYLE_USAGE(.POSITIVE.,#3320);
#3322=PRESENTATION_STYLE_ASSIGNMENT((#3321));
#3323=STYLED_ITEM('',(#3322),#3316);
#3324=CARTESIAN_POINT('',(0.E0,2.3E-1,0.E0));
#3325=DIRECTION('',(0.E0,1.E0,0.E0));
#3326=DIRECTION('',(1.E0,0.E0,0.E0));
#3327=AXIS2_PLACEMENT_3D('',#3324,#3325,#3326);
#3328=PLANE('',#3327);
#3330=ORIENTED_EDGE('',*,*,#3329,.F.);
#3332=ORIENTED_EDGE('',*,*,#3331,.T.);
#3333=EDGE_LOOP('',(#3330,#3332));
#3334=FACE_OUTER_BOUND('',#3333,.F.);
#3335=ORIENTED_EDGE('',*,*,#3310,.F.);
#3336=ORIENTED_EDGE('',*,*,#3292,.T.);
#3337=EDGE_LOOP('',(#3335,#3336));
#3338=FACE_BOUND('',#3337,.F.);
#3340=FILL_AREA_STYLE_COLOUR('',#2316);
#3341=FILL_AREA_STYLE('',(#3340));
#3342=SURFACE_STYLE_FILL_AREA(#3341);
#3343=SURFACE_SIDE_STYLE('',(#3342));
#3344=SURFACE_STYLE_USAGE(.POSITIVE.,#3343);
#3345=PRESENTATION_STYLE_ASSIGNMENT((#3344));
#3346=STYLED_ITEM('',(#3345),#3339);
#3347=CARTESIAN_POINT('',(0.E0,-2.16E-1,0.E0));
#3348=DIRECTION('',(0.E0,1.E0,0.E0));
#3349=DIRECTION('',(1.E0,0.E0,0.E0));
#3350=AXIS2_PLACEMENT_3D('',#3347,#3348,#3349);
#3351=CYLINDRICAL_SURFACE('',#3350,4.5E0);
#3353=ORIENTED_EDGE('',*,*,#3352,.F.);
#3354=ORIENTED_EDGE('',*,*,#3329,.T.);
#3356=ORIENTED_EDGE('',*,*,#3355,.T.);
#3358=ORIENTED_EDGE('',*,*,#3357,.F.);
#3359=EDGE_LOOP('',(#3353,#3354,#3356,#3358));
#3360=FACE_OUTER_BOUND('',#3359,.F.);
#3362=FILL_AREA_STYLE_COLOUR('',#2316);
#3363=FILL_AREA_STYLE('',(#3362));
#3364=SURFACE_STYLE_FILL_AREA(#3363);
#3365=SURFACE_SIDE_STYLE('',(#3364));
#3366=SURFACE_STYLE_USAGE(.POSITIVE.,#3365);
#3367=PRESENTATION_STYLE_ASSIGNMENT((#3366));
#3368=STYLED_ITEM('',(#3367),#3361);
#3369=CARTESIAN_POINT('',(0.E0,-2.16E-1,0.E0));
#3370=DIRECTION('',(0.E0,1.E0,0.E0));
#3371=DIRECTION('',(1.E0,0.E0,0.E0));
#3372=AXIS2_PLACEMENT_3D('',#3369,#3370,#3371);
#3373=CYLINDRICAL_SURFACE('',#3372,4.5E0);
#3374=ORIENTED_EDGE('',*,*,#3352,.T.);
#3376=ORIENTED_EDGE('',*,*,#3375,.T.);
#3377=ORIENTED_EDGE('',*,*,#3355,.F.);
#3378=ORIENTED_EDGE('',*,*,#3331,.F.);
#3379=EDGE_LOOP('',(#3374,#3376,#3377,#3378));
#3380=FACE_OUTER_BOUND('',#3379,.F.);
#3382=FILL_AREA_STYLE_COLOUR('',#2316);
#3383=FILL_AREA_STYLE('',(#3382));
#3384=SURFACE_STYLE_FILL_AREA(#3383);
#3385=SURFACE_SIDE_STYLE('',(#3384));
#3386=SURFACE_STYLE_USAGE(.POSITIVE.,#3385);
#3387=PRESENTATION_STYLE_ASSIGNMENT((#3386));
#3388=STYLED_ITEM('',(#3387),#3381);
#3389=CARTESIAN_POINT('',(0.E0,0.E0,0.E0));
#3390=DIRECTION('',(0.E0,1.E0,0.E0));
#3391=DIRECTION('',(1.E0,0.E0,0.E0));
#3392=AXIS2_PLACEMENT_3D('',#3389,#3390,#3391);
#3393=PLANE('',#3392);
#3394=ORIENTED_EDGE('',*,*,#3375,.F.);
#3395=ORIENTED_EDGE('',*,*,#3357,.T.);
#3396=EDGE_LOOP('',(#3394,#3395));
#3397=FACE_OUTER_BOUND('',#3396,.F.);
#3399=ORIENTED_EDGE('',*,*,#3398,.F.);
#3401=ORIENTED_EDGE('',*,*,#3400,.T.);
#3402=EDGE_LOOP('',(#3399,#3401));
#3403=FACE_BOUND('',#3402,.F.);
#3405=FILL_AREA_STYLE_COLOUR('',#2316);
#3406=FILL_AREA_STYLE('',(#3405));
#3407=SURFACE_STYLE_FILL_AREA(#3406);
#3408=SURFACE_SIDE_STYLE('',(#3407));
#3409=SURFACE_STYLE_USAGE(.POSITIVE.,#3408);
#3410=PRESENTATION_STYLE_ASSIGNMENT((#3409));
#3411=STYLED_ITEM('',(#3410),#3404);
#3412=CARTESIAN_POINT('',(0.E0,4.302415186030E-1,0.E0));
#3413=DIRECTION('',(0.E0,1.E0,0.E0));
#3414=DIRECTION('',(1.E0,0.E0,0.E0));
#3415=AXIS2_PLACEMENT_3D('',#3412,#3413,#3414);
#3416=TOROIDAL_SURFACE('',#3415,4.279787583281E0,4.302415186030E-1);
#3418=ORIENTED_EDGE('',*,*,#3417,.F.);
#3419=ORIENTED_EDGE('',*,*,#3398,.T.);
#3421=ORIENTED_EDGE('',*,*,#3420,.T.);
#3422=ORIENTED_EDGE('',*,*,#2733,.F.);
#3423=EDGE_LOOP('',(#3418,#3419,#3421,#3422));
#3424=FACE_OUTER_BOUND('',#3423,.F.);
#3426=FILL_AREA_STYLE_COLOUR('',#2316);
#3427=FILL_AREA_STYLE('',(#3426));
#3428=SURFACE_STYLE_FILL_AREA(#3427);
#3429=SURFACE_SIDE_STYLE('',(#3428));
#3430=SURFACE_STYLE_USAGE(.POSITIVE.,#3429);
#3431=PRESENTATION_STYLE_ASSIGNMENT((#3430));
#3432=STYLED_ITEM('',(#3431),#3425);
#3433=CARTESIAN_POINT('',(0.E0,4.302415186030E-1,0.E0));
#3434=DIRECTION('',(0.E0,1.E0,0.E0));
#3435=DIRECTION('',(1.E0,0.E0,0.E0));
#3436=AXIS2_PLACEMENT_3D('',#3433,#3434,#3435);
#3437=TOROIDAL_SURFACE('',#3436,4.279787583281E0,4.302415186030E-1);
#3438=ORIENTED_EDGE('',*,*,#3417,.T.);
#3439=ORIENTED_EDGE('',*,*,#2758,.T.);
#3440=ORIENTED_EDGE('',*,*,#3420,.F.);
#3441=ORIENTED_EDGE('',*,*,#3400,.F.);
#3442=EDGE_LOOP('',(#3438,#3439,#3440,#3441));
#3443=FACE_OUTER_BOUND('',#3442,.F.);
#3445=FILL_AREA_STYLE_COLOUR('',#2316);
#3446=FILL_AREA_STYLE('',(#3445));
#3447=SURFACE_STYLE_FILL_AREA(#3446);
#3448=SURFACE_SIDE_STYLE('',(#3447));
#3449=SURFACE_STYLE_USAGE(.POSITIVE.,#3448);
#3450=PRESENTATION_STYLE_ASSIGNMENT((#3449));
#3451=STYLED_ITEM('',(#3450),#3444);
#3456=PLANE_ANGLE_MEASURE_WITH_UNIT(PLANE_ANGLE_MEASURE(1.745329251994E-2),
#3455);
#3457=(CONVERSION_BASED_UNIT('DEGREE',#3456)NAMED_UNIT(*)PLANE_ANGLE_UNIT());
#3459=UNCERTAINTY_MEASURE_WITH_UNIT(LENGTH_MEASURE(9.906E-3),#3454,
'distance_accuracy_value',
'Maximum model space distance between geometric entities at asserted connectivities');
#3461=CARTESIAN_POINT('',(0.E0,0.E0,0.E0));
#3462=DIRECTION('',(0.E0,0.E0,1.E0));
#3463=DIRECTION('',(1.E0,0.E0,0.E0));
#3466=PRODUCT_DEFINITION_CONTEXT('part definition',#1321,'design');
#3467=PRODUCT_CONTEXT('',#1321,'mechanical');
#3468=PRODUCT('TO39_CAP_BCA','TO39_CAP_BCA','NOT SPECIFIED',(#3467));
#3469=PRODUCT_DEFINITION_FORMATION('4','LAST_VERSION',#3468);
#3477=DERIVED_UNIT_ELEMENT(#3476,2.E0);
#3478=DERIVED_UNIT((#3477));
#3479=MEASURE_REPRESENTATION_ITEM('surface area measure',AREA_MEASURE(
2.899905773649E2),#3478);
#3484=DERIVED_UNIT_ELEMENT(#3483,3.E0);
#3485=DERIVED_UNIT((#3484));
#3486=MEASURE_REPRESENTATION_ITEM('volume measure',VOLUME_MEASURE(
3.229616990033E1),#3485);
#3490=CARTESIAN_POINT('centre point',(0.E0,2.324892187579E0,0.E0));
#3495=DERIVED_UNIT_ELEMENT(#3494,2.E0);
#3496=DERIVED_UNIT((#3495));
#3497=MEASURE_REPRESENTATION_ITEM('surface area measure',AREA_MEASURE(
2.899905773649E2),#3496);
#3502=DERIVED_UNIT_ELEMENT(#3501,3.E0);
#3503=DERIVED_UNIT((#3502));
#3504=MEASURE_REPRESENTATION_ITEM('volume measure',VOLUME_MEASURE(
3.229616990033E1),#3503);
#3508=CARTESIAN_POINT('centre point',(0.E0,2.324892187579E0,0.E0));
#3515=CARTESIAN_POINT('centre point',(1.738106671510E-1,1.953194674497E-1,
1.274892187579E0));
#3519=CARTESIAN_POINT('',(1.738106671510E-1,1.953194674497E-1,-1.05E0));
#3520=DIRECTION('',(0.E0,-1.E0,0.E0));
#3521=DIRECTION('',(1.E0,0.E0,0.E0));
#3522=AXIS2_PLACEMENT_3D('',#3519,#3520,#3521);
#3523=ITEM_DEFINED_TRANSFORMATION('','',#3464,#3522);
#3524=(REPRESENTATION_RELATIONSHIP('','',#3465,#1372)REPRESENTATION_RELATIONSHIP_WITH_TRANSFORMATION(#3523)SHAPE_REPRESENTATION_RELATIONSHIP());
#3525=CONTEXT_DEPENDENT_SHAPE_REPRESENTATION(#3524,#3514);
#3528=DIRECTION('',(-5.E-1,-8.660254037844E-1,0.E0));
#3529=VECTOR('',#3528,1.789786E0);
#3530=CARTESIAN_POINT('',(-8.94893E-1,1.550000143338E0,0.E0));
#3531=LINE('',#3530,#3529);
#3532=DIRECTION('',(5.E-1,-8.660254037844E-1,0.E0));
#3533=VECTOR('',#3532,1.789786E0);
#3534=CARTESIAN_POINT('',(-1.789786E0,0.E0,0.E0));
#3535=LINE('',#3534,#3533);
#3536=DIRECTION('',(1.E0,0.E0,0.E0));
#3537=VECTOR('',#3536,1.789786E0);
#3538=CARTESIAN_POINT('',(-8.94893E-1,-1.550000143338E0,0.E0));
#3539=LINE('',#3538,#3537);
#3540=DIRECTION('',(5.E-1,8.660254037844E-1,0.E0));
#3541=VECTOR('',#3540,1.789786E0);
#3542=CARTESIAN_POINT('',(8.94893E-1,-1.550000143338E0,0.E0));
#3543=LINE('',#3542,#3541);
#3544=DIRECTION('',(-5.E-1,8.660254037844E-1,0.E0));
#3545=VECTOR('',#3544,1.789786E0);
#3546=CARTESIAN_POINT('',(1.789786E0,0.E0,0.E0));
#3547=LINE('',#3546,#3545);
#3548=DIRECTION('',(-1.E0,0.E0,0.E0));
#3549=VECTOR('',#3548,1.789786E0);
#3550=CARTESIAN_POINT('',(8.94893E-1,1.550000143338E0,0.E0));
#3551=LINE('',#3550,#3549);
#3552=CARTESIAN_POINT('',(0.E0,0.E0,0.E0));
#3553=DIRECTION('',(0.E0,0.E0,-1.E0));
#3554=DIRECTION('',(-1.E0,0.E0,0.E0));
#3555=AXIS2_PLACEMENT_3D('',#3552,#3553,#3554);
#3557=CARTESIAN_POINT('',(0.E0,0.E0,0.E0));
#3558=DIRECTION('',(0.E0,0.E0,-1.E0));
#3559=DIRECTION('',(1.E0,0.E0,0.E0));
#3560=AXIS2_PLACEMENT_3D('',#3557,#3558,#3559);
#3562=DIRECTION('',(0.E0,0.E0,1.E0));
#3563=VECTOR('',#3562,8.7E-1);
#3564=CARTESIAN_POINT('',(-8.94893E-1,1.550000143338E0,0.E0));
#3565=LINE('',#3564,#3563);
#3566=DIRECTION('',(0.E0,0.E0,1.E0));
#3567=VECTOR('',#3566,8.7E-1);
#3568=CARTESIAN_POINT('',(8.94893E-1,1.550000143338E0,0.E0));
#3569=LINE('',#3568,#3567);
#3570=DIRECTION('',(0.E0,0.E0,1.E0));
#3571=VECTOR('',#3570,8.7E-1);
#3572=CARTESIAN_POINT('',(1.789786E0,0.E0,0.E0));
#3573=LINE('',#3572,#3571);
#3574=DIRECTION('',(0.E0,0.E0,1.E0));
#3575=VECTOR('',#3574,8.7E-1);
#3576=CARTESIAN_POINT('',(8.94893E-1,-1.550000143338E0,0.E0));
#3577=LINE('',#3576,#3575);
#3578=DIRECTION('',(0.E0,0.E0,1.E0));
#3579=VECTOR('',#3578,8.7E-1);
#3580=CARTESIAN_POINT('',(-8.94893E-1,-1.550000143338E0,0.E0));
#3581=LINE('',#3580,#3579);
#3582=DIRECTION('',(0.E0,0.E0,1.E0));
#3583=VECTOR('',#3582,8.7E-1);
#3584=CARTESIAN_POINT('',(-1.789786E0,0.E0,0.E0));
#3585=LINE('',#3584,#3583);
#3586=DIRECTION('',(-5.E-1,-8.660254037844E-1,0.E0));
#3587=VECTOR('',#3586,1.789786E0);
#3588=CARTESIAN_POINT('',(-8.94893E-1,1.550000143338E0,8.7E-1));
#3589=LINE('',#3588,#3587);
#3590=DIRECTION('',(-1.E0,0.E0,0.E0));
#3591=VECTOR('',#3590,1.789786E0);
#3592=CARTESIAN_POINT('',(8.94893E-1,1.550000143338E0,8.7E-1));
#3593=LINE('',#3592,#3591);
#3594=DIRECTION('',(-5.E-1,8.660254037844E-1,0.E0));
#3595=VECTOR('',#3594,1.789786E0);
#3596=CARTESIAN_POINT('',(1.789786E0,0.E0,8.7E-1));
#3597=LINE('',#3596,#3595);
#3598=DIRECTION('',(5.E-1,8.660254037844E-1,0.E0));
#3599=VECTOR('',#3598,1.789786E0);
#3600=CARTESIAN_POINT('',(8.94893E-1,-1.550000143338E0,8.7E-1));
#3601=LINE('',#3600,#3599);
#3602=DIRECTION('',(1.E0,0.E0,0.E0));
#3603=VECTOR('',#3602,1.789786E0);
#3604=CARTESIAN_POINT('',(-8.94893E-1,-1.550000143338E0,8.7E-1));
#3605=LINE('',#3604,#3603);
#3606=DIRECTION('',(5.E-1,-8.660254037844E-1,0.E0));
#3607=VECTOR('',#3606,1.789786E0);
#3608=CARTESIAN_POINT('',(-1.789786E0,0.E0,8.7E-1));
#3609=LINE('',#3608,#3607);
#3610=CARTESIAN_POINT('',(0.E0,0.E0,4.769696007085E0));
#3611=DIRECTION('',(0.E0,-1.E0,0.E0));
#3612=DIRECTION('',(0.E0,0.E0,-1.E0));
#3613=AXIS2_PLACEMENT_3D('',#3610,#3611,#3612);
#3615=CARTESIAN_POINT('',(0.E0,0.E0,4.769696007085E0));
#3616=DIRECTION('',(0.E0,1.E0,0.E0));
#3617=DIRECTION('',(0.E0,0.E0,-1.E0));
#3618=AXIS2_PLACEMENT_3D('',#3615,#3616,#3617);
#3620=CARTESIAN_POINT('',(-1.5E0,0.E0,0.E0));
#3621=CARTESIAN_POINT('',(1.5E0,0.E0,0.E0));
#3622=VERTEX_POINT('',#3620);
#3623=VERTEX_POINT('',#3621);
#3624=CARTESIAN_POINT('',(0.E0,0.E0,-2.303039929153E-1));
#3625=VERTEX_POINT('',#3624);
#3626=CARTESIAN_POINT('',(-8.94893E-1,1.550000143338E0,0.E0));
#3627=CARTESIAN_POINT('',(-1.789786E0,0.E0,0.E0));
#3628=VERTEX_POINT('',#3626);
#3629=VERTEX_POINT('',#3627);
#3630=CARTESIAN_POINT('',(-8.94893E-1,-1.550000143338E0,0.E0));
#3631=VERTEX_POINT('',#3630);
#3632=CARTESIAN_POINT('',(8.94893E-1,-1.550000143338E0,0.E0));
#3633=VERTEX_POINT('',#3632);
#3634=CARTESIAN_POINT('',(1.789786E0,0.E0,0.E0));
#3635=VERTEX_POINT('',#3634);
#3636=CARTESIAN_POINT('',(8.94893E-1,1.550000143338E0,0.E0));
#3637=VERTEX_POINT('',#3636);
#3638=CARTESIAN_POINT('',(-8.94893E-1,1.550000143338E0,8.7E-1));
#3639=CARTESIAN_POINT('',(-1.789786E0,0.E0,8.7E-1));
#3640=VERTEX_POINT('',#3638);
#3641=VERTEX_POINT('',#3639);
#3642=CARTESIAN_POINT('',(-8.94893E-1,-1.550000143338E0,8.7E-1));
#3643=VERTEX_POINT('',#3642);
#3644=CARTESIAN_POINT('',(8.94893E-1,-1.550000143338E0,8.7E-1));
#3645=VERTEX_POINT('',#3644);
#3646=CARTESIAN_POINT('',(1.789786E0,0.E0,8.7E-1));
#3647=VERTEX_POINT('',#3646);
#3648=CARTESIAN_POINT('',(8.94893E-1,1.550000143338E0,8.7E-1));
#3649=VERTEX_POINT('',#3648);
#3650=CARTESIAN_POINT('',(0.E0,0.E0,0.E0));
#3651=DIRECTION('',(0.E0,0.E0,1.E0));
#3652=DIRECTION('',(1.E0,0.E0,0.E0));
#3653=AXIS2_PLACEMENT_3D('',#3650,#3651,#3652);
#3654=PLANE('',#3653);
#3656=ORIENTED_EDGE('',*,*,#3655,.T.);
#3658=ORIENTED_EDGE('',*,*,#3657,.T.);
#3660=ORIENTED_EDGE('',*,*,#3659,.T.);
#3662=ORIENTED_EDGE('',*,*,#3661,.T.);
#3664=ORIENTED_EDGE('',*,*,#3663,.T.);
#3666=ORIENTED_EDGE('',*,*,#3665,.T.);
#3667=EDGE_LOOP('',(#3656,#3658,#3660,#3662,#3664,#3666));
#3668=FACE_OUTER_BOUND('',#3667,.F.);
#3670=ORIENTED_EDGE('',*,*,#3669,.T.);
#3672=ORIENTED_EDGE('',*,*,#3671,.T.);
#3673=EDGE_LOOP('',(#3670,#3672));
#3674=FACE_BOUND('',#3673,.F.);
#3676=FILL_AREA_STYLE_COLOUR('',#3526);
#3677=FILL_AREA_STYLE('',(#3676));
#3678=SURFACE_STYLE_FILL_AREA(#3677);
#3679=SURFACE_SIDE_STYLE('',(#3678));
#3680=SURFACE_STYLE_USAGE(.POSITIVE.,#3679);
#3681=PRESENTATION_STYLE_ASSIGNMENT((#3680));
#3682=STYLED_ITEM('',(#3681),#3675);
#3683=CARTESIAN_POINT('',(-8.94893E-1,1.550000143338E0,0.E0));
#3684=DIRECTION('',(-8.660254037844E-1,5.E-1,0.E0));
#3685=DIRECTION('',(-5.E-1,-8.660254037844E-1,0.E0));
#3686=AXIS2_PLACEMENT_3D('',#3683,#3684,#3685);
#3687=PLANE('',#3686);
#3688=ORIENTED_EDGE('',*,*,#3655,.F.);
#3690=ORIENTED_EDGE('',*,*,#3689,.T.);
#3692=ORIENTED_EDGE('',*,*,#3691,.T.);
#3694=ORIENTED_EDGE('',*,*,#3693,.F.);
#3695=EDGE_LOOP('',(#3688,#3690,#3692,#3694));
#3696=FACE_OUTER_BOUND('',#3695,.F.);
#3698=FILL_AREA_STYLE_COLOUR('',#3526);
#3699=FILL_AREA_STYLE('',(#3698));
#3700=SURFACE_STYLE_FILL_AREA(#3699);
#3701=SURFACE_SIDE_STYLE('',(#3700));
#3702=SURFACE_STYLE_USAGE(.POSITIVE.,#3701);
#3703=PRESENTATION_STYLE_ASSIGNMENT((#3702));
#3704=STYLED_ITEM('',(#3703),#3697);
#3705=CARTESIAN_POINT('',(8.94893E-1,1.550000143338E0,0.E0));
#3706=DIRECTION('',(0.E0,1.E0,0.E0));
#3707=DIRECTION('',(-1.E0,0.E0,0.E0));
#3708=AXIS2_PLACEMENT_3D('',#3705,#3706,#3707);
#3709=PLANE('',#3708);
#3710=ORIENTED_EDGE('',*,*,#3665,.F.);
#3712=ORIENTED_EDGE('',*,*,#3711,.T.);
#3714=ORIENTED_EDGE('',*,*,#3713,.T.);
#3715=ORIENTED_EDGE('',*,*,#3689,.F.);
#3716=EDGE_LOOP('',(#3710,#3712,#3714,#3715));
#3717=FACE_OUTER_BOUND('',#3716,.F.);
#3719=CARTESIAN_POINT('',(1.789786E0,0.E0,0.E0));
#3720=DIRECTION('',(8.660254037844E-1,5.E-1,0.E0));
#3721=DIRECTION('',(-5.E-1,8.660254037844E-1,0.E0));
#3722=AXIS2_PLACEMENT_3D('',#3719,#3720,#3721);
#3723=PLANE('',#3722);
#3724=ORIENTED_EDGE('',*,*,#3663,.F.);
#3726=ORIENTED_EDGE('',*,*,#3725,.T.);
#3728=ORIENTED_EDGE('',*,*,#3727,.T.);
#3729=ORIENTED_EDGE('',*,*,#3711,.F.);
#3730=EDGE_LOOP('',(#3724,#3726,#3728,#3729));
#3731=FACE_OUTER_BOUND('',#3730,.F.);
#3733=FILL_AREA_STYLE_COLOUR('',#3526);
#3734=FILL_AREA_STYLE('',(#3733));
#3735=SURFACE_STYLE_FILL_AREA(#3734);
#3736=SURFACE_SIDE_STYLE('',(#3735));
#3737=SURFACE_STYLE_USAGE(.POSITIVE.,#3736);
#3738=PRESENTATION_STYLE_ASSIGNMENT((#3737));
#3739=STYLED_ITEM('',(#3738),#3732);
#3740=CARTESIAN_POINT('',(8.94893E-1,-1.550000143338E0,0.E0));
#3741=DIRECTION('',(8.660254037844E-1,-5.E-1,0.E0));
#3742=DIRECTION('',(5.E-1,8.660254037844E-1,0.E0));
#3743=AXIS2_PLACEMENT_3D('',#3740,#3741,#3742);
#3744=PLANE('',#3743);
#3745=ORIENTED_EDGE('',*,*,#3661,.F.);
#3747=ORIENTED_EDGE('',*,*,#3746,.T.);
#3749=ORIENTED_EDGE('',*,*,#3748,.T.);
#3750=ORIENTED_EDGE('',*,*,#3725,.F.);
#3751=EDGE_LOOP('',(#3745,#3747,#3749,#3750));
#3752=FACE_OUTER_BOUND('',#3751,.F.);
#3754=FILL_AREA_STYLE_COLOUR('',#3526);
#3755=FILL_AREA_STYLE('',(#3754));
#3756=SURFACE_STYLE_FILL_AREA(#3755);
#3757=SURFACE_SIDE_STYLE('',(#3756));
#3758=SURFACE_STYLE_USAGE(.POSITIVE.,#3757);
#3759=PRESENTATION_STYLE_ASSIGNMENT((#3758));
#3760=STYLED_ITEM('',(#3759),#3753);
#3761=CARTESIAN_POINT('',(-8.94893E-1,-1.550000143338E0,0.E0));
#3762=DIRECTION('',(0.E0,-1.E0,0.E0));
#3763=DIRECTION('',(1.E0,0.E0,0.E0));
#3764=AXIS2_PLACEMENT_3D('',#3761,#3762,#3763);
#3765=PLANE('',#3764);
#3766=ORIENTED_EDGE('',*,*,#3659,.F.);
#3768=ORIENTED_EDGE('',*,*,#3767,.T.);
#3770=ORIENTED_EDGE('',*,*,#3769,.T.);
#3771=ORIENTED_EDGE('',*,*,#3746,.F.);
#3772=EDGE_LOOP('',(#3766,#3768,#3770,#3771));
#3773=FACE_OUTER_BOUND('',#3772,.F.);
#3775=FILL_AREA_STYLE_COLOUR('',#3526);
#3776=FILL_AREA_STYLE('',(#3775));
#3777=SURFACE_STYLE_FILL_AREA(#3776);
#3778=SURFACE_SIDE_STYLE('',(#3777));
#3779=SURFACE_STYLE_USAGE(.POSITIVE.,#3778);
#3780=PRESENTATION_STYLE_ASSIGNMENT((#3779));
#3781=STYLED_ITEM('',(#3780),#3774);
#3782=CARTESIAN_POINT('',(-1.789786E0,0.E0,0.E0));
#3783=DIRECTION('',(-8.660254037844E-1,-5.E-1,0.E0));
#3784=DIRECTION('',(5.E-1,-8.660254037844E-1,0.E0));
#3785=AXIS2_PLACEMENT_3D('',#3782,#3783,#3784);
#3786=PLANE('',#3785);
#3787=ORIENTED_EDGE('',*,*,#3657,.F.);
#3788=ORIENTED_EDGE('',*,*,#3693,.T.);
#3790=ORIENTED_EDGE('',*,*,#3789,.T.);
#3791=ORIENTED_EDGE('',*,*,#3767,.F.);
#3792=EDGE_LOOP('',(#3787,#3788,#3790,#3791));
#3793=FACE_OUTER_BOUND('',#3792,.F.);
#3795=FILL_AREA_STYLE_COLOUR('',#3526);
#3796=FILL_AREA_STYLE('',(#3795));
#3797=SURFACE_STYLE_FILL_AREA(#3796);
#3798=SURFACE_SIDE_STYLE('',(#3797));
#3799=SURFACE_STYLE_USAGE(.POSITIVE.,#3798);
#3800=PRESENTATION_STYLE_ASSIGNMENT((#3799));
#3801=STYLED_ITEM('',(#3800),#3794);
#3802=CARTESIAN_POINT('',(0.E0,0.E0,8.7E-1));
#3803=DIRECTION('',(0.E0,0.E0,1.E0));
#3804=DIRECTION('',(1.E0,0.E0,0.E0));
#3805=AXIS2_PLACEMENT_3D('',#3802,#3803,#3804);
#3806=PLANE('',#3805);
#3807=ORIENTED_EDGE('',*,*,#3691,.F.);
#3808=ORIENTED_EDGE('',*,*,#3713,.F.);
#3809=ORIENTED_EDGE('',*,*,#3727,.F.);
#3810=ORIENTED_EDGE('',*,*,#3748,.F.);
#3811=ORIENTED_EDGE('',*,*,#3769,.F.);
#3812=ORIENTED_EDGE('',*,*,#3789,.F.);
#3813=EDGE_LOOP('',(#3807,#3808,#3809,#3810,#3811,#3812));
#3814=FACE_OUTER_BOUND('',#3813,.F.);
#3816=FILL_AREA_STYLE_COLOUR('',#3526);
#3817=FILL_AREA_STYLE('',(#3816));
#3818=SURFACE_STYLE_FILL_AREA(#3817);
#3819=SURFACE_SIDE_STYLE('',(#3818));
#3820=SURFACE_STYLE_USAGE(.POSITIVE.,#3819);
#3821=PRESENTATION_STYLE_ASSIGNMENT((#3820));
#3822=STYLED_ITEM('',(#3821),#3815);
#3823=CARTESIAN_POINT('',(0.E0,0.E0,4.769696007085E0));
#3824=DIRECTION('',(0.E0,0.E0,-1.E0));
#3825=DIRECTION('',(1.E0,0.E0,0.E0));
#3826=AXIS2_PLACEMENT_3D('',#3823,#3824,#3825);
#3827=SPHERICAL_SURFACE('',#3826,5.E0);
#3828=ORIENTED_EDGE('',*,*,#3669,.F.);
#3830=ORIENTED_EDGE('',*,*,#3829,.F.);
#3832=ORIENTED_EDGE('',*,*,#3831,.T.);
#3833=EDGE_LOOP('',(#3828,#3830,#3832));
#3834=FACE_OUTER_BOUND('',#3833,.F.);
#3836=FILL_AREA_STYLE_COLOUR('',#3526);
#3837=FILL_AREA_STYLE('',(#3836));
#3838=SURFACE_STYLE_FILL_AREA(#3837);
#3839=SURFACE_SIDE_STYLE('',(#3838));
#3840=SURFACE_STYLE_USAGE(.POSITIVE.,#3839);
#3841=PRESENTATION_STYLE_ASSIGNMENT((#3840));
#3842=STYLED_ITEM('',(#3841),#3835);
#3843=CARTESIAN_POINT('',(0.E0,0.E0,4.769696007085E0));
#3844=DIRECTION('',(0.E0,0.E0,-1.E0));
#3845=DIRECTION('',(1.E0,0.E0,0.E0));
#3846=AXIS2_PLACEMENT_3D('',#3843,#3844,#3845);
#3847=SPHERICAL_SURFACE('',#3846,5.E0);
#3848=ORIENTED_EDGE('',*,*,#3671,.F.);
#3849=ORIENTED_EDGE('',*,*,#3831,.F.);
#3850=ORIENTED_EDGE('',*,*,#3829,.T.);
#3851=EDGE_LOOP('',(#3848,#3849,#3850));
#3852=FACE_OUTER_BOUND('',#3851,.F.);
#3854=FILL_AREA_STYLE_COLOUR('',#3526);
#3855=FILL_AREA_STYLE('',(#3854));
#3856=SURFACE_STYLE_FILL_AREA(#3855);
#3857=SURFACE_SIDE_STYLE('',(#3856));
#3858=SURFACE_STYLE_USAGE(.POSITIVE.,#3857);
#3859=PRESENTATION_STYLE_ASSIGNMENT((#3858));
#3860=STYLED_ITEM('',(#3859),#3853);
#3865=PLANE_ANGLE_MEASURE_WITH_UNIT(PLANE_ANGLE_MEASURE(1.745329251994E-2),
#3864);
#3866=(CONVERSION_BASED_UNIT('DEGREE',#3865)NAMED_UNIT(*)PLANE_ANGLE_UNIT());
#3868=UNCERTAINTY_MEASURE_WITH_UNIT(LENGTH_MEASURE(9.906E-3),#3863,
'distance_accuracy_value',
'Maximum model space distance between geometric entities at asserted connectivities');
#3870=CARTESIAN_POINT('',(0.E0,0.E0,0.E0));
#3871=DIRECTION('',(0.E0,0.E0,1.E0));
#3872=DIRECTION('',(1.E0,0.E0,0.E0));
#3875=PRODUCT_CONTEXT('',#1321,'mechanical');
#3876=PRODUCT('LENS_WIDE_02','LENS_WIDE_02','NOT SPECIFIED',(#3875));
#3877=PRODUCT_DEFINITION_FORMATION('5','LAST_VERSION',#3876);
#3885=DERIVED_UNIT_ELEMENT(#3884,2.E0);
#3886=DERIVED_UNIT((#3885));
#3887=MEASURE_REPRESENTATION_ITEM('surface area measure',AREA_MEASURE(
2.615432411104E1),#3886);
#3892=DERIVED_UNIT_ELEMENT(#3891,3.E0);
#3893=DERIVED_UNIT((#3892));
#3894=MEASURE_REPRESENTATION_ITEM('volume measure',VOLUME_MEASURE(
8.060937351378E0),#3893);
#3898=CARTESIAN_POINT('centre point',(0.E0,0.E0,3.828871803313E-1));
#3903=DERIVED_UNIT_ELEMENT(#3902,2.E0);
#3904=DERIVED_UNIT((#3903));
#3905=MEASURE_REPRESENTATION_ITEM('surface area measure',AREA_MEASURE(
2.615432411104E1),#3904);
#3910=DERIVED_UNIT_ELEMENT(#3909,3.E0);
#3911=DERIVED_UNIT((#3910));
#3912=MEASURE_REPRESENTATION_ITEM('volume measure',VOLUME_MEASURE(
8.060937351378E0),#3911);
#3916=CARTESIAN_POINT('centre point',(0.E0,0.E0,3.828871803313E-1));
#3923=CARTESIAN_POINT('centre point',(1.908333817658E-1,1.717710520885E-1,
2.552887180331E0));
#3927=CARTESIAN_POINT('',(1.908333817658E-1,1.717710520885E-1,2.17E0));
#3928=DIRECTION('',(0.E0,0.E0,1.E0));
#3929=DIRECTION('',(1.E0,0.E0,0.E0));
#3930=AXIS2_PLACEMENT_3D('',#3927,#3928,#3929);
#3931=ITEM_DEFINED_TRANSFORMATION('','',#3873,#3930);
#3932=(REPRESENTATION_RELATIONSHIP('','',#3874,#1372)REPRESENTATION_RELATIONSHIP_WITH_TRANSFORMATION(#3931)SHAPE_REPRESENTATION_RELATIONSHIP());
#3933=CONTEXT_DEPENDENT_SHAPE_REPRESENTATION(#3932,#3922);
#3935=CARTESIAN_POINT('',(0.E0,0.E0,0.E0));
#3936=DIRECTION('',(0.E0,1.E0,0.E0));
#3937=DIRECTION('',(-1.E0,0.E0,0.E0));
#3938=AXIS2_PLACEMENT_3D('',#3935,#3936,#3937);
#3940=DIRECTION('',(0.E0,1.E0,0.E0));
#3941=VECTOR('',#3940,3.15E0);
#3942=CARTESIAN_POINT('',(-4.15E0,0.E0,0.E0));
#3943=LINE('',#3942,#3941);
#3944=DIRECTION('',(0.E0,1.E0,0.E0));
#3945=VECTOR('',#3944,3.15E0);
#3946=CARTESIAN_POINT('',(4.15E0,0.E0,0.E0));
#3947=LINE('',#3946,#3945);
#3948=CARTESIAN_POINT('',(0.E0,0.E0,0.E0));
#3949=DIRECTION('',(0.E0,-1.E0,0.E0));
#3950=DIRECTION('',(-1.E0,0.E0,0.E0));
#3951=AXIS2_PLACEMENT_3D('',#3948,#3949,#3950);
#3953=CARTESIAN_POINT('',(0.E0,3.15E0,0.E0));
#3954=DIRECTION('',(0.E0,-1.E0,0.E0));
#3955=DIRECTION('',(-1.E0,0.E0,0.E0));
#3956=AXIS2_PLACEMENT_3D('',#3953,#3954,#3955);
#3958=CARTESIAN_POINT('',(0.E0,3.15E0,0.E0));
#3959=DIRECTION('',(0.E0,1.E0,0.E0));
#3960=DIRECTION('',(-1.E0,0.E0,0.E0));
#3961=AXIS2_PLACEMENT_3D('',#3958,#3959,#3960);
#3963=CARTESIAN_POINT('',(0.E0,3.15E0,0.E0));
#3964=DIRECTION('',(0.E0,1.E0,0.E0));
#3965=DIRECTION('',(-1.E0,0.E0,0.E0));
#3966=AXIS2_PLACEMENT_3D('',#3963,#3964,#3965);
#3968=DIRECTION('',(0.E0,1.E0,0.E0));
#3969=VECTOR('',#3968,7.7E-1);
#3970=CARTESIAN_POINT('',(-3.075E0,3.15E0,0.E0));
#3971=LINE('',#3970,#3969);
#3972=DIRECTION('',(0.E0,1.E0,0.E0));
#3973=VECTOR('',#3972,7.7E-1);
#3974=CARTESIAN_POINT('',(3.075E0,3.15E0,0.E0));
#3975=LINE('',#3974,#3973);
#3976=CARTESIAN_POINT('',(0.E0,3.15E0,0.E0));
#3977=DIRECTION('',(0.E0,-1.E0,0.E0));
#3978=DIRECTION('',(-1.E0,0.E0,0.E0));
#3979=AXIS2_PLACEMENT_3D('',#3976,#3977,#3978);
#3981=CARTESIAN_POINT('',(0.E0,3.92E0,0.E0));
#3982=DIRECTION('',(0.E0,-1.E0,0.E0));
#3983=DIRECTION('',(-1.E0,0.E0,0.E0));
#3984=AXIS2_PLACEMENT_3D('',#3981,#3982,#3983);
#3986=CARTESIAN_POINT('',(0.E0,3.92E0,0.E0));
#3987=DIRECTION('',(0.E0,1.E0,0.E0));
#3988=DIRECTION('',(-1.E0,0.E0,0.E0));
#3989=AXIS2_PLACEMENT_3D('',#3986,#3987,#3988);
#3991=CARTESIAN_POINT('',(0.E0,3.92E0,0.E0));
#3992=DIRECTION('',(0.E0,1.E0,0.E0));
#3993=DIRECTION('',(-1.E0,0.E0,0.E0));
#3994=AXIS2_PLACEMENT_3D('',#3991,#3992,#3993);
#3996=DIRECTION('',(0.E0,1.E0,0.E0));
#3997=VECTOR('',#3996,3.E-1);
#3998=CARTESIAN_POINT('',(-1.3E0,3.92E0,0.E0));
#3999=LINE('',#3998,#3997);
#4000=DIRECTION('',(0.E0,1.E0,0.E0));
#4001=VECTOR('',#4000,3.E-1);
#4002=CARTESIAN_POINT('',(1.3E0,3.92E0,0.E0));
#4003=LINE('',#4002,#4001);
#4004=CARTESIAN_POINT('',(0.E0,3.92E0,0.E0));
#4005=DIRECTION('',(0.E0,-1.E0,0.E0));
#4006=DIRECTION('',(-1.E0,0.E0,0.E0));
#4007=AXIS2_PLACEMENT_3D('',#4004,#4005,#4006);
#4009=DIRECTION('',(-9.384413744070E-1,3.454385427265E-1,0.E0));
#4010=VECTOR('',#4009,1.823768694215E0);
#4011=CARTESIAN_POINT('',(-1.3E0,4.22E0,0.E0));
#4012=LINE('',#4011,#4010);
#4013=DIRECTION('',(9.384413744070E-1,3.454385427265E-1,0.E0));
#4014=VECTOR('',#4013,1.823768694215E0);
#4015=CARTESIAN_POINT('',(1.3E0,4.22E0,0.E0));
#4016=LINE('',#4015,#4014);
#4017=CARTESIAN_POINT('',(0.E0,4.22E0,0.E0));
#4018=DIRECTION('',(0.E0,-1.E0,0.E0));
#4019=DIRECTION('',(-1.E0,0.E0,0.E0));
#4020=AXIS2_PLACEMENT_3D('',#4017,#4018,#4019);
#4022=CARTESIAN_POINT('',(0.E0,4.22E0,0.E0));
#4023=DIRECTION('',(0.E0,1.E0,0.E0));
#4024=DIRECTION('',(-1.E0,0.E0,0.E0));
#4025=AXIS2_PLACEMENT_3D('',#4022,#4023,#4024);
#4027=CARTESIAN_POINT('',(0.E0,4.85E0,0.E0));
#4028=DIRECTION('',(0.E0,-1.E0,0.E0));
#4029=DIRECTION('',(-1.E0,0.E0,0.E0));
#4030=AXIS2_PLACEMENT_3D('',#4027,#4028,#4029);
#4032=CARTESIAN_POINT('',(0.E0,4.85E0,0.E0));
#4033=DIRECTION('',(0.E0,1.E0,0.E0));
#4034=DIRECTION('',(-1.E0,0.E0,0.E0));
#4035=AXIS2_PLACEMENT_3D('',#4032,#4033,#4034);
#4037=CARTESIAN_POINT('',(0.E0,4.85E0,0.E0));
#4038=DIRECTION('',(0.E0,1.E0,0.E0));
#4039=DIRECTION('',(-1.E0,0.E0,0.E0));
#4040=AXIS2_PLACEMENT_3D('',#4037,#4038,#4039);
#4042=DIRECTION('',(-7.071067811865E-1,-7.071067811865E-1,0.E0));
#4043=VECTOR('',#4042,7.071067811865E-1);
#4044=CARTESIAN_POINT('',(-4.15E0,4.85E0,0.E0));
#4045=LINE('',#4044,#4043);
#4046=DIRECTION('',(7.071067811865E-1,-7.071067811865E-1,0.E0));
#4047=VECTOR('',#4046,7.071067811865E-1);
#4048=CARTESIAN_POINT('',(4.15E0,4.85E0,0.E0));
#4049=LINE('',#4048,#4047);
#4050=CARTESIAN_POINT('',(0.E0,4.85E0,0.E0));
#4051=DIRECTION('',(0.E0,-1.E0,0.E0));
#4052=DIRECTION('',(-1.E0,0.E0,0.E0));
#4053=AXIS2_PLACEMENT_3D('',#4050,#4051,#4052);
#4055=DIRECTION('',(0.E0,-1.E0,0.E0));
#4056=VECTOR('',#4055,4.35E0);
#4057=CARTESIAN_POINT('',(-4.65E0,4.35E0,0.E0));
#4058=LINE('',#4057,#4056);
#4059=DIRECTION('',(0.E0,-1.E0,0.E0));
#4060=VECTOR('',#4059,4.35E0);
#4061=CARTESIAN_POINT('',(4.65E0,4.35E0,0.E0));
#4062=LINE('',#4061,#4060);
#4063=CARTESIAN_POINT('',(0.E0,4.35E0,0.E0));
#4064=DIRECTION('',(0.E0,-1.E0,0.E0));
#4065=DIRECTION('',(-1.E0,0.E0,0.E0));
#4066=AXIS2_PLACEMENT_3D('',#4063,#4064,#4065);
#4068=CARTESIAN_POINT('',(0.E0,4.35E0,0.E0));
#4069=DIRECTION('',(0.E0,1.E0,0.E0));
#4070=DIRECTION('',(-1.E0,0.E0,0.E0));
#4071=AXIS2_PLACEMENT_3D('',#4068,#4069,#4070);
#4073=CARTESIAN_POINT('',(0.E0,0.E0,0.E0));
#4074=DIRECTION('',(0.E0,-1.E0,0.E0));
#4075=DIRECTION('',(-1.E0,0.E0,0.E0));
#4076=AXIS2_PLACEMENT_3D('',#4073,#4074,#4075);
#4078=CARTESIAN_POINT('',(0.E0,0.E0,0.E0));
#4079=DIRECTION('',(0.E0,1.E0,0.E0));
#4080=DIRECTION('',(-1.E0,0.E0,0.E0));
#4081=AXIS2_PLACEMENT_3D('',#4078,#4079,#4080);
#4083=CARTESIAN_POINT('',(-4.15E0,0.E0,0.E0));
#4084=CARTESIAN_POINT('',(-4.15E0,3.15E0,0.E0));
#4085=VERTEX_POINT('',#4083);
#4086=VERTEX_POINT('',#4084);
#4087=CARTESIAN_POINT('',(-3.075E0,3.15E0,0.E0));
#4088=CARTESIAN_POINT('',(-3.075E0,3.92E0,0.E0));
#4089=VERTEX_POINT('',#4087);
#4090=VERTEX_POINT('',#4088);
#4091=CARTESIAN_POINT('',(-1.3E0,3.92E0,0.E0));
#4092=CARTESIAN_POINT('',(-1.3E0,4.22E0,0.E0));
#4093=VERTEX_POINT('',#4091);
#4094=VERTEX_POINT('',#4092);
#4095=CARTESIAN_POINT('',(-3.0115E0,4.85E0,0.E0));
#4096=VERTEX_POINT('',#4095);
#4097=CARTESIAN_POINT('',(-4.15E0,4.85E0,0.E0));
#4098=CARTESIAN_POINT('',(-4.65E0,4.35E0,0.E0));
#4099=VERTEX_POINT('',#4097);
#4100=VERTEX_POINT('',#4098);
#4101=CARTESIAN_POINT('',(-4.65E0,0.E0,0.E0));
#4102=VERTEX_POINT('',#4101);
#4103=CARTESIAN_POINT('',(4.15E0,0.E0,0.E0));
#4104=CARTESIAN_POINT('',(4.15E0,3.15E0,0.E0));
#4105=VERTEX_POINT('',#4103);
#4106=VERTEX_POINT('',#4104);
#4107=CARTESIAN_POINT('',(3.075E0,3.15E0,0.E0));
#4108=CARTESIAN_POINT('',(3.075E0,3.92E0,0.E0));
#4109=VERTEX_POINT('',#4107);
#4110=VERTEX_POINT('',#4108);
#4111=CARTESIAN_POINT('',(1.3E0,3.92E0,0.E0));
#4112=CARTESIAN_POINT('',(1.3E0,4.22E0,0.E0));
#4113=VERTEX_POINT('',#4111);
#4114=VERTEX_POINT('',#4112);
#4115=CARTESIAN_POINT('',(3.0115E0,4.85E0,0.E0));
#4116=VERTEX_POINT('',#4115);
#4117=CARTESIAN_POINT('',(4.15E0,4.85E0,0.E0));
#4118=CARTESIAN_POINT('',(4.65E0,4.35E0,0.E0));
#4119=VERTEX_POINT('',#4117);
#4120=VERTEX_POINT('',#4118);
#4121=CARTESIAN_POINT('',(4.65E0,0.E0,0.E0));
#4122=VERTEX_POINT('',#4121);
#4123=CARTESIAN_POINT('',(0.E0,-2.425E-1,0.E0));
#4124=DIRECTION('',(0.E0,1.E0,0.E0));
#4125=DIRECTION('',(1.E0,0.E0,0.E0));
#4126=AXIS2_PLACEMENT_3D('',#4123,#4124,#4125);
#4127=CYLINDRICAL_SURFACE('',#4126,4.15E0);
#4129=ORIENTED_EDGE('',*,*,#4128,.F.);
#4131=ORIENTED_EDGE('',*,*,#4130,.T.);
#4133=ORIENTED_EDGE('',*,*,#4132,.T.);
#4135=ORIENTED_EDGE('',*,*,#4134,.F.);
#4136=EDGE_LOOP('',(#4129,#4131,#4133,#4135));
#4137=FACE_OUTER_BOUND('',#4136,.F.);
#4139=FILL_AREA_STYLE_COLOUR('',#3934);
#4140=FILL_AREA_STYLE('',(#4139));
#4141=SURFACE_STYLE_FILL_AREA(#4140);
#4142=SURFACE_SIDE_STYLE('',(#4141));
#4143=SURFACE_STYLE_USAGE(.POSITIVE.,#4142);
#4144=PRESENTATION_STYLE_ASSIGNMENT((#4143));
#4145=STYLED_ITEM('',(#4144),#4138);
#4146=CARTESIAN_POINT('',(0.E0,-2.425E-1,0.E0));
#4147=DIRECTION('',(0.E0,1.E0,0.E0));
#4148=DIRECTION('',(1.E0,0.E0,0.E0));
#4149=AXIS2_PLACEMENT_3D('',#4146,#4147,#4148);
#4150=CYLINDRICAL_SURFACE('',#4149,4.15E0);
#4151=ORIENTED_EDGE('',*,*,#4128,.T.);
#4153=ORIENTED_EDGE('',*,*,#4152,.T.);
#4154=ORIENTED_EDGE('',*,*,#4132,.F.);
#4156=ORIENTED_EDGE('',*,*,#4155,.F.);
#4157=EDGE_LOOP('',(#4151,#4153,#4154,#4156));
#4158=FACE_OUTER_BOUND('',#4157,.F.);
#4160=FILL_AREA_STYLE_COLOUR('',#3934);
#4161=FILL_AREA_STYLE('',(#4160));
#4162=SURFACE_STYLE_FILL_AREA(#4161);
#4163=SURFACE_SIDE_STYLE('',(#4162));
#4164=SURFACE_STYLE_USAGE(.POSITIVE.,#4163);
#4165=PRESENTATION_STYLE_ASSIGNMENT((#4164));
#4166=STYLED_ITEM('',(#4165),#4159);
#4167=CARTESIAN_POINT('',(0.E0,3.15E0,0.E0));
#4168=DIRECTION('',(0.E0,1.E0,0.E0));
#4169=DIRECTION('',(1.E0,0.E0,0.E0));
#4170=AXIS2_PLACEMENT_3D('',#4167,#4168,#4169);
#4171=PLANE('',#4170);
#4172=ORIENTED_EDGE('',*,*,#4152,.F.);
#4173=ORIENTED_EDGE('',*,*,#4134,.T.);
#4174=EDGE_LOOP('',(#4172,#4173));
#4175=FACE_OUTER_BOUND('',#4174,.F.);
#4177=ORIENTED_EDGE('',*,*,#4176,.F.);
#4179=ORIENTED_EDGE('',*,*,#4178,.T.);
#4180=EDGE_LOOP('',(#4177,#4179));
#4181=FACE_BOUND('',#4180,.F.);
#4183=FILL_AREA_STYLE_COLOUR('',#3934);
#4184=FILL_AREA_STYLE('',(#4183));
#4185=SURFACE_STYLE_FILL_AREA(#4184);
#4186=SURFACE_SIDE_STYLE('',(#4185));
#4187=SURFACE_STYLE_USAGE(.POSITIVE.,#4186);
#4188=PRESENTATION_STYLE_ASSIGNMENT((#4187));
#4189=STYLED_ITEM('',(#4188),#4182);
#4190=CARTESIAN_POINT('',(0.E0,-2.425E-1,0.E0));
#4191=DIRECTION('',(0.E0,1.E0,0.E0));
#4192=DIRECTION('',(1.E0,0.E0,0.E0));
#4193=AXIS2_PLACEMENT_3D('',#4190,#4191,#4192);
#4194=CYLINDRICAL_SURFACE('',#4193,3.075E0);
#4196=ORIENTED_EDGE('',*,*,#4195,.F.);
#4197=ORIENTED_EDGE('',*,*,#4176,.T.);
#4199=ORIENTED_EDGE('',*,*,#4198,.T.);
#4201=ORIENTED_EDGE('',*,*,#4200,.F.);
#4202=EDGE_LOOP('',(#4196,#4197,#4199,#4201));
#4203=FACE_OUTER_BOUND('',#4202,.F.);
#4205=FILL_AREA_STYLE_COLOUR('',#3934);
#4206=FILL_AREA_STYLE('',(#4205));
#4207=SURFACE_STYLE_FILL_AREA(#4206);
#4208=SURFACE_SIDE_STYLE('',(#4207));
#4209=SURFACE_STYLE_USAGE(.POSITIVE.,#4208);
#4210=PRESENTATION_STYLE_ASSIGNMENT((#4209));
#4211=STYLED_ITEM('',(#4210),#4204);
#4212=CARTESIAN_POINT('',(0.E0,-2.425E-1,0.E0));
#4213=DIRECTION('',(0.E0,1.E0,0.E0));
#4214=DIRECTION('',(1.E0,0.E0,0.E0));
#4215=AXIS2_PLACEMENT_3D('',#4212,#4213,#4214);
#4216=CYLINDRICAL_SURFACE('',#4215,3.075E0);
#4217=ORIENTED_EDGE('',*,*,#4195,.T.);
#4219=ORIENTED_EDGE('',*,*,#4218,.T.);
#4220=ORIENTED_EDGE('',*,*,#4198,.F.);
#4221=ORIENTED_EDGE('',*,*,#4178,.F.);
#4222=EDGE_LOOP('',(#4217,#4219,#4220,#4221));
#4223=FACE_OUTER_BOUND('',#4222,.F.);
#4225=FILL_AREA_STYLE_COLOUR('',#3934);
#4226=FILL_AREA_STYLE('',(#4225));
#4227=SURFACE_STYLE_FILL_AREA(#4226);
#4228=SURFACE_SIDE_STYLE('',(#4227));
#4229=SURFACE_STYLE_USAGE(.POSITIVE.,#4228);
#4230=PRESENTATION_STYLE_ASSIGNMENT((#4229));
#4231=STYLED_ITEM('',(#4230),#4224);
#4232=CARTESIAN_POINT('',(0.E0,3.92E0,0.E0));
#4233=DIRECTION('',(0.E0,1.E0,0.E0));
#4234=DIRECTION('',(1.E0,0.E0,0.E0));
#4235=AXIS2_PLACEMENT_3D('',#4232,#4233,#4234);
#4236=PLANE('',#4235);
#4237=ORIENTED_EDGE('',*,*,#4218,.F.);
#4238=ORIENTED_EDGE('',*,*,#4200,.T.);
#4239=EDGE_LOOP('',(#4237,#4238));
#4240=FACE_OUTER_BOUND('',#4239,.F.);
#4242=ORIENTED_EDGE('',*,*,#4241,.F.);
#4244=ORIENTED_EDGE('',*,*,#4243,.T.);
#4245=EDGE_LOOP('',(#4242,#4244));
#4246=FACE_BOUND('',#4245,.F.);
#4248=FILL_AREA_STYLE_COLOUR('',#3934);
#4249=FILL_AREA_STYLE('',(#4248));
#4250=SURFACE_STYLE_FILL_AREA(#4249);
#4251=SURFACE_SIDE_STYLE('',(#4250));
#4252=SURFACE_STYLE_USAGE(.POSITIVE.,#4251);
#4253=PRESENTATION_STYLE_ASSIGNMENT((#4252));
#4254=STYLED_ITEM('',(#4253),#4247);
#4255=CARTESIAN_POINT('',(0.E0,-2.425E-1,0.E0));
#4256=DIRECTION('',(0.E0,1.E0,0.E0));
#4257=DIRECTION('',(1.E0,0.E0,0.E0));
#4258=AXIS2_PLACEMENT_3D('',#4255,#4256,#4257);
#4259=CYLINDRICAL_SURFACE('',#4258,1.3E0);
#4261=ORIENTED_EDGE('',*,*,#4260,.F.);
#4262=ORIENTED_EDGE('',*,*,#4241,.T.);
#4264=ORIENTED_EDGE('',*,*,#4263,.T.);
#4266=ORIENTED_EDGE('',*,*,#4265,.F.);
#4267=EDGE_LOOP('',(#4261,#4262,#4264,#4266));
#4268=FACE_OUTER_BOUND('',#4267,.F.);
#4270=FILL_AREA_STYLE_COLOUR('',#3934);
#4271=FILL_AREA_STYLE('',(#4270));
#4272=SURFACE_STYLE_FILL_AREA(#4271);
#4273=SURFACE_SIDE_STYLE('',(#4272));
#4274=SURFACE_STYLE_USAGE(.POSITIVE.,#4273);
#4275=PRESENTATION_STYLE_ASSIGNMENT((#4274));
#4276=STYLED_ITEM('',(#4275),#4269);
#4277=CARTESIAN_POINT('',(0.E0,-2.425E-1,0.E0));
#4278=DIRECTION('',(0.E0,1.E0,0.E0));
#4279=DIRECTION('',(1.E0,0.E0,0.E0));
#4280=AXIS2_PLACEMENT_3D('',#4277,#4278,#4279);
#4281=CYLINDRICAL_SURFACE('',#4280,1.3E0);
#4282=ORIENTED_EDGE('',*,*,#4260,.T.);
#4284=ORIENTED_EDGE('',*,*,#4283,.T.);
#4285=ORIENTED_EDGE('',*,*,#4263,.F.);
#4286=ORIENTED_EDGE('',*,*,#4243,.F.);
#4287=EDGE_LOOP('',(#4282,#4284,#4285,#4286));
#4288=FACE_OUTER_BOUND('',#4287,.F.);
#4290=FILL_AREA_STYLE_COLOUR('',#3934);
#4291=FILL_AREA_STYLE('',(#4290));
#4292=SURFACE_STYLE_FILL_AREA(#4291);
#4293=SURFACE_SIDE_STYLE('',(#4292));
#4294=SURFACE_STYLE_USAGE(.POSITIVE.,#4293);
#4295=PRESENTATION_STYLE_ASSIGNMENT((#4294));
#4296=STYLED_ITEM('',(#4295),#4289);
#4297=CARTESIAN_POINT('',(0.E0,4.535E0,0.E0));
#4298=DIRECTION('',(0.E0,1.E0,0.E0));
#4299=DIRECTION('',(1.E0,0.E0,0.E0));
#4300=AXIS2_PLACEMENT_3D('',#4297,#4298,#4299);
#4301=CONICAL_SURFACE('',#4300,2.15575E0,6.979143166294E1);
#4303=ORIENTED_EDGE('',*,*,#4302,.T.);
#4305=ORIENTED_EDGE('',*,*,#4304,.T.);
#4307=ORIENTED_EDGE('',*,*,#4306,.F.);
#4308=ORIENTED_EDGE('',*,*,#4283,.F.);
#4309=EDGE_LOOP('',(#4303,#4305,#4307,#4308));
#4310=FACE_OUTER_BOUND('',#4309,.F.);
#4312=FILL_AREA_STYLE_COLOUR('',#3934);
#4313=FILL_AREA_STYLE('',(#4312));
#4314=SURFACE_STYLE_FILL_AREA(#4313);
#4315=SURFACE_SIDE_STYLE('',(#4314));
#4316=SURFACE_STYLE_USAGE(.POSITIVE.,#4315);
#4317=PRESENTATION_STYLE_ASSIGNMENT((#4316));
#4318=STYLED_ITEM('',(#4317),#4311);
#4319=CARTESIAN_POINT('',(0.E0,4.535E0,0.E0));
#4320=DIRECTION('',(0.E0,1.E0,0.E0));
#4321=DIRECTION('',(1.E0,0.E0,0.E0));
#4322=AXIS2_PLACEMENT_3D('',#4319,#4320,#4321);
#4323=CONICAL_SURFACE('',#4322,2.15575E0,6.979143166294E1);
#4324=ORIENTED_EDGE('',*,*,#4302,.F.);
#4325=ORIENTED_EDGE('',*,*,#4265,.T.);
#4326=ORIENTED_EDGE('',*,*,#4306,.T.);
#4328=ORIENTED_EDGE('',*,*,#4327,.F.);
#4329=EDGE_LOOP('',(#4324,#4325,#4326,#4328));
#4330=FACE_OUTER_BOUND('',#4329,.F.);
#4332=FILL_AREA_STYLE_COLOUR('',#3934);
#4333=FILL_AREA_STYLE('',(#4332));
#4334=SURFACE_STYLE_FILL_AREA(#4333);
#4335=SURFACE_SIDE_STYLE('',(#4334));
#4336=SURFACE_STYLE_USAGE(.POSITIVE.,#4335);
#4337=PRESENTATION_STYLE_ASSIGNMENT((#4336));
#4338=STYLED_ITEM('',(#4337),#4331);
#4339=CARTESIAN_POINT('',(0.E0,4.85E0,0.E0));
#4340=DIRECTION('',(0.E0,1.E0,0.E0));
#4341=DIRECTION('',(1.E0,0.E0,0.E0));
#4342=AXIS2_PLACEMENT_3D('',#4339,#4340,#4341);
#4343=PLANE('',#4342);
#4345=ORIENTED_EDGE('',*,*,#4344,.F.);
#4347=ORIENTED_EDGE('',*,*,#4346,.T.);
#4348=EDGE_LOOP('',(#4345,#4347));
#4349=FACE_OUTER_BOUND('',#4348,.F.);
#4350=ORIENTED_EDGE('',*,*,#4304,.F.);
#4351=ORIENTED_EDGE('',*,*,#4327,.T.);
#4352=EDGE_LOOP('',(#4350,#4351));
#4353=FACE_BOUND('',#4352,.F.);
#4355=FILL_AREA_STYLE_COLOUR('',#3934);
#4356=FILL_AREA_STYLE('',(#4355));
#4357=SURFACE_STYLE_FILL_AREA(#4356);
#4358=SURFACE_SIDE_STYLE('',(#4357));
#4359=SURFACE_STYLE_USAGE(.POSITIVE.,#4358);
#4360=PRESENTATION_STYLE_ASSIGNMENT((#4359));
#4361=STYLED_ITEM('',(#4360),#4354);
#4362=CARTESIAN_POINT('',(0.E0,4.6E0,0.E0));
#4363=DIRECTION('',(0.E0,-1.E0,0.E0));
#4364=DIRECTION('',(-1.E0,0.E0,0.E0));
#4365=AXIS2_PLACEMENT_3D('',#4362,#4363,#4364);
#4366=CONICAL_SURFACE('',#4365,4.4E0,4.5E1);
#4368=ORIENTED_EDGE('',*,*,#4367,.F.);
#4369=ORIENTED_EDGE('',*,*,#4344,.T.);
#4371=ORIENTED_EDGE('',*,*,#4370,.T.);
#4373=ORIENTED_EDGE('',*,*,#4372,.F.);
#4374=EDGE_LOOP('',(#4368,#4369,#4371,#4373));
#4375=FACE_OUTER_BOUND('',#4374,.F.);
#4377=FILL_AREA_STYLE_COLOUR('',#3934);
#4378=FILL_AREA_STYLE('',(#4377));
#4379=SURFACE_STYLE_FILL_AREA(#4378);
#4380=SURFACE_SIDE_STYLE('',(#4379));
#4381=SURFACE_STYLE_USAGE(.POSITIVE.,#4380);
#4382=PRESENTATION_STYLE_ASSIGNMENT((#4381));
#4383=STYLED_ITEM('',(#4382),#4376);
#4384=CARTESIAN_POINT('',(0.E0,4.6E0,0.E0));
#4385=DIRECTION('',(0.E0,-1.E0,0.E0));
#4386=DIRECTION('',(-1.E0,0.E0,0.E0));
#4387=AXIS2_PLACEMENT_3D('',#4384,#4385,#4386);
#4388=CONICAL_SURFACE('',#4387,4.4E0,4.5E1);
#4389=ORIENTED_EDGE('',*,*,#4367,.T.);
#4391=ORIENTED_EDGE('',*,*,#4390,.T.);
#4392=ORIENTED_EDGE('',*,*,#4370,.F.);
#4393=ORIENTED_EDGE('',*,*,#4346,.F.);
#4394=EDGE_LOOP('',(#4389,#4391,#4392,#4393));
#4395=FACE_OUTER_BOUND('',#4394,.F.);
#4397=FILL_AREA_STYLE_COLOUR('',#3934);
#4398=FILL_AREA_STYLE('',(#4397));
#4399=SURFACE_STYLE_FILL_AREA(#4398);
#4400=SURFACE_SIDE_STYLE('',(#4399));
#4401=SURFACE_STYLE_USAGE(.POSITIVE.,#4400);
#4402=PRESENTATION_STYLE_ASSIGNMENT((#4401));
#4403=STYLED_ITEM('',(#4402),#4396);
#4404=CARTESIAN_POINT('',(0.E0,-2.425E-1,0.E0));
#4405=DIRECTION('',(0.E0,1.E0,0.E0));
#4406=DIRECTION('',(1.E0,0.E0,0.E0));
#4407=AXIS2_PLACEMENT_3D('',#4404,#4405,#4406);
#4408=CYLINDRICAL_SURFACE('',#4407,4.65E0);
#4410=ORIENTED_EDGE('',*,*,#4409,.T.);
#4412=ORIENTED_EDGE('',*,*,#4411,.T.);
#4414=ORIENTED_EDGE('',*,*,#4413,.F.);
#4415=ORIENTED_EDGE('',*,*,#4390,.F.);
#4416=EDGE_LOOP('',(#4410,#4412,#4414,#4415));
#4417=FACE_OUTER_BOUND('',#4416,.F.);
#4419=FILL_AREA_STYLE_COLOUR('',#3934);
#4420=FILL_AREA_STYLE('',(#4419));
#4421=SURFACE_STYLE_FILL_AREA(#4420);
#4422=SURFACE_SIDE_STYLE('',(#4421));
#4423=SURFACE_STYLE_USAGE(.POSITIVE.,#4422);
#4424=PRESENTATION_STYLE_ASSIGNMENT((#4423));
#4425=STYLED_ITEM('',(#4424),#4418);
#4426=CARTESIAN_POINT('',(0.E0,-2.425E-1,0.E0));
#4427=DIRECTION('',(0.E0,1.E0,0.E0));
#4428=DIRECTION('',(1.E0,0.E0,0.E0));
#4429=AXIS2_PLACEMENT_3D('',#4426,#4427,#4428);
#4430=CYLINDRICAL_SURFACE('',#4429,4.65E0);
#4431=ORIENTED_EDGE('',*,*,#4409,.F.);
#4432=ORIENTED_EDGE('',*,*,#4372,.T.);
#4433=ORIENTED_EDGE('',*,*,#4413,.T.);
#4435=ORIENTED_EDGE('',*,*,#4434,.F.);
#4436=EDGE_LOOP('',(#4431,#4432,#4433,#4435));
#4437=FACE_OUTER_BOUND('',#4436,.F.);
#4439=FILL_AREA_STYLE_COLOUR('',#3934);
#4440=FILL_AREA_STYLE('',(#4439));
#4441=SURFACE_STYLE_FILL_AREA(#4440);
#4442=SURFACE_SIDE_STYLE('',(#4441));
#4443=SURFACE_STYLE_USAGE(.POSITIVE.,#4442);
#4444=PRESENTATION_STYLE_ASSIGNMENT((#4443));
#4445=STYLED_ITEM('',(#4444),#4438);
#4446=CARTESIAN_POINT('',(0.E0,0.E0,0.E0));
#4447=DIRECTION('',(0.E0,1.E0,0.E0));
#4448=DIRECTION('',(1.E0,0.E0,0.E0));
#4449=AXIS2_PLACEMENT_3D('',#4446,#4447,#4448);
#4450=PLANE('',#4449);
#4451=ORIENTED_EDGE('',*,*,#4411,.F.);
#4452=ORIENTED_EDGE('',*,*,#4434,.T.);
#4453=EDGE_LOOP('',(#4451,#4452));
#4454=FACE_OUTER_BOUND('',#4453,.F.);
#4455=ORIENTED_EDGE('',*,*,#4130,.F.);
#4456=ORIENTED_EDGE('',*,*,#4155,.T.);
#4457=EDGE_LOOP('',(#4455,#4456));
#4458=FACE_BOUND('',#4457,.F.);
#4460=FILL_AREA_STYLE_COLOUR('',#3934);
#4461=FILL_AREA_STYLE('',(#4460));
#4462=SURFACE_STYLE_FILL_AREA(#4461);
#4463=SURFACE_SIDE_STYLE('',(#4462));
#4464=SURFACE_STYLE_USAGE(.POSITIVE.,#4463);
#4465=PRESENTATION_STYLE_ASSIGNMENT((#4464));
#4466=STYLED_ITEM('',(#4465),#4459);
#4471=PLANE_ANGLE_MEASURE_WITH_UNIT(PLANE_ANGLE_MEASURE(1.745329251994E-2),
#4470);
#4472=(CONVERSION_BASED_UNIT('DEGREE',#4471)NAMED_UNIT(*)PLANE_ANGLE_UNIT());
#4474=UNCERTAINTY_MEASURE_WITH_UNIT(LENGTH_MEASURE(9.906E-3),#4469,
'distance_accuracy_value',
'Maximum model space distance between geometric entities at asserted connectivities');
#4476=CARTESIAN_POINT('',(0.E0,0.E0,0.E0));
#4477=DIRECTION('',(0.E0,0.E0,1.E0));
#4478=DIRECTION('',(1.E0,0.E0,0.E0));
#4481=PRODUCT_DEFINITION_CONTEXT('part definition',#1321,'design');
#4482=PRODUCT_CONTEXT('',#1321,'mechanical');
#4483=PRODUCT('EA_BCA','EA_BCA','NOT SPECIFIED',(#4482));
#4484=PRODUCT_DEFINITION_FORMATION('6','LAST_VERSION',#4483);
#4492=DERIVED_UNIT_ELEMENT(#4491,2.E0);
#4493=DERIVED_UNIT((#4492));
#4494=MEASURE_REPRESENTATION_ITEM('surface area measure',AREA_MEASURE(
3.590434702476E2),#4493);
#4499=DERIVED_UNIT_ELEMENT(#4498,3.E0);
#4500=DERIVED_UNIT((#4499));
#4501=MEASURE_REPRESENTATION_ITEM('volume measure',VOLUME_MEASURE(
1.213535294404E2),#4500);
#4505=CARTESIAN_POINT('centre point',(0.E0,3.147839802940E0,0.E0));
#4510=DERIVED_UNIT_ELEMENT(#4509,2.E0);
#4511=DERIVED_UNIT((#4510));
#4512=MEASURE_REPRESENTATION_ITEM('surface area measure',AREA_MEASURE(
3.590434702476E2),#4511);
#4517=DERIVED_UNIT_ELEMENT(#4516,3.E0);
#4518=DERIVED_UNIT((#4517));
#4519=MEASURE_REPRESENTATION_ITEM('volume measure',VOLUME_MEASURE(
1.213535294404E2),#4518);
#4523=CARTESIAN_POINT('centre point',(0.E0,3.147839802940E0,0.E0));
#4530=CARTESIAN_POINT('centre point',(1.764480172105E-1,1.971831037526E-1,
2.497839802940E0));
#4534=CARTESIAN_POINT('',(1.764480172105E-1,1.971831037526E-1,-6.5E-1));
#4535=DIRECTION('',(0.E0,-1.E0,0.E0));
#4536=DIRECTION('',(1.E0,0.E0,0.E0));
#4537=AXIS2_PLACEMENT_3D('',#4534,#4535,#4536);
#4538=ITEM_DEFINED_TRANSFORMATION('','',#4479,#4537);
#4539=(REPRESENTATION_RELATIONSHIP('','',#4480,#1372)REPRESENTATION_RELATIONSHIP_WITH_TRANSFORMATION(#4538)SHAPE_REPRESENTATION_RELATIONSHIP());
#4540=CONTEXT_DEPENDENT_SHAPE_REPRESENTATION(#4539,#4529);
#4543=PLANE_ANGLE_MEASURE_WITH_UNIT(PLANE_ANGLE_MEASURE(1.745329251994E-2),
#4542);
#4544=(CONVERSION_BASED_UNIT('DEGREE',#4543)NAMED_UNIT(*)PLANE_ANGLE_UNIT());
#4546=UNCERTAINTY_MEASURE_WITH_UNIT(LENGTH_MEASURE(9.906E-3),#4541,
'distance_accuracy_value',
'Maximum model space distance between geometric entities at asserted connectivities');
#4548=CARTESIAN_POINT('',(0.E0,0.E0,0.E0));
#4549=DIRECTION('',(0.E0,0.E0,1.E0));
#4550=DIRECTION('',(1.E0,0.E0,0.E0));
#4552=MECHANICAL_DESIGN_GEOMETRIC_PRESENTATION_REPRESENTATION('',(#555,#577,
#598,#619,#640,#661,#682,#703,#723,#752,#777,#799,#819,#841,#863,#899,#919,#938,
#959,#978,#999,#1018,#1039,#1058,#1080,#1100,#1123,#1144,#1163,#1185,#1205,
#1227,#1249,#1267,#1287,#1306,#1488,#1510,#1521,#1541,#1563,#1583,#1594,#1615,
#1626,#1645,#1666,#1685,#1840,#1862,#1882,#1899,#2099,#2121,#2143,#2165,#2186,
#2206,#2225,#2242,#2748,#2769,#2791,#2811,#2834,#2856,#2876,#2898,#2918,#2940,
#2960,#2983,#3005,#3025,#3048,#3070,#3090,#3112,#3132,#3154,#3174,#3197,#3219,
#3239,#3261,#3281,#3303,#3323,#3346,#3368,#3388,#3411,#3432,#3451,#3682,#3704,
#3739,#3760,#3781,#3801,#3822,#3842,#3860,#4145,#4166,#4189,#4211,#4231,#4254,
#4276,#4296,#4318,#4338,#4361,#4383,#4403,#4425,#4445,#4466),#4547);
#4553=PRODUCT_CONTEXT('',#1321,'mechanical');
#4554=PRODUCT('MLX90642BCA_ASM','MLX90642BCA_ASM','NOT SPECIFIED',(#4553));
#4555=PRODUCT_DEFINITION_FORMATION('20','LAST_VERSION',#4554);
#4558=DERIVED_UNIT_ELEMENT(#4557,2.E0);
#4559=DERIVED_UNIT((#4558));
#4560=MEASURE_REPRESENTATION_ITEM('surface area measure',AREA_MEASURE(
9.258377556771E2),#4559);
#4565=DERIVED_UNIT_ELEMENT(#4564,3.E0);
#4566=DERIVED_UNIT((#4565));
#4567=MEASURE_REPRESENTATION_ITEM('volume measure',VOLUME_MEASURE(
2.422460106552E2),#4566);
#4571=CARTESIAN_POINT('centre point',(1.767076975814E-1,1.987714099337E-1,
1.179488977516E0));
#4575=PRODUCT_RELATED_PRODUCT_CATEGORY('part','',(#4554,#1325,#1701,#1916,#2258,
#3468,#3876,#4483));
#1=DRAUGHTING_PRE_DEFINED_COLOUR('green');
#2=COLOUR_RGB('',1.1E-2,1.2E-2,1.E0);
#3=COLOUR_RGB('',4.1E-1,2.61589E-1,1.12848E-1);
#4=COLOUR_RGB('',5.04854E-1,1.5455E-2,1.5455E-2);
#5=COLOUR_RGB('',6.35294E-1,6.86275E-1,7.4902E-1);
#6=COLOUR_RGB('',6.40777E-1,6.40777E-1,6.40777E-1);
#7=COLOUR_RGB('',6.69062E-1,6.69903E-1,6.55217E-1);
#8=COLOUR_RGB('',9.21569E-1,7.05882E-1,4.70588E-1);
#9=DRAUGHTING_PRE_DEFINED_COLOUR('red');
#10=DRAUGHTING_PRE_DEFINED_COLOUR('yellow');
#11=COLOUR_RGB('',1.E0,1.E0,5.3E-1);
#12=COLOUR_RGB('',1.E0,1.E0,9.49E-1);
#13=DRAUGHTING_PRE_DEFINED_COLOUR('white');
#14=COLOUR_RGB('',1.E0,7.058823529412E-1,0.E0);
#23=CIRCLE('',#22,1.5E-1);
#32=CIRCLE('',#31,1.5E-1);
#41=CIRCLE('',#40,1.5E-1);
#46=CIRCLE('',#45,4.57E0);
#51=CIRCLE('',#50,1.5E-1);
#56=CIRCLE('',#55,5.6E-1);
#61=CIRCLE('',#60,5.6E-1);
#66=CIRCLE('',#65,5.6E-1);
#71=CIRCLE('',#70,5.6E-1);
#76=CIRCLE('',#75,5.6E-1);
#81=CIRCLE('',#80,5.6E-1);
#86=CIRCLE('',#85,6.75E-1);
#91=CIRCLE('',#90,6.75E-1);
#132=CIRCLE('',#131,1.5E-1);
#137=CIRCLE('',#136,4.57E0);
#142=CIRCLE('',#141,1.5E-1);
#151=CIRCLE('',#150,1.5E-1);
#160=CIRCLE('',#159,1.5E-1);
#165=CIRCLE('',#164,4.01E0);
#170=CIRCLE('',#169,4.01E0);
#175=CIRCLE('',#174,4.215E0);
#180=CIRCLE('',#179,4.215E0);
#185=CIRCLE('',#184,4.415E0);
#190=CIRCLE('',#189,4.415E0);
#195=CIRCLE('',#194,2.E-1);
#200=CIRCLE('',#199,2.E-1);
#205=CIRCLE('',#204,3.81E0);
#210=CIRCLE('',#209,3.81E0);
#219=CIRCLE('',#218,2.E-1);
#224=CIRCLE('',#223,3.61E0);
#229=CIRCLE('',#228,3.61E0);
#234=CIRCLE('',#233,5.6E-1);
#239=CIRCLE('',#238,5.6E-1);
#244=CIRCLE('',#243,5.6E-1);
#249=CIRCLE('',#248,5.6E-1);
#254=CIRCLE('',#253,5.6E-1);
#259=CIRCLE('',#258,5.6E-1);
#264=CIRCLE('',#263,2.E-1);
#269=CIRCLE('',#268,3.81E0);
#274=CIRCLE('',#273,3.81E0);
#315=CIRCLE('',#314,4.253366349399E0);
#320=CIRCLE('',#319,4.253366349399E0);
#329=CIRCLE('',#328,4.376633650601E0);
#338=CIRCLE('',#337,4.376633650601E0);
#343=CIRCLE('',#342,1.E-1);
#348=CIRCLE('',#347,1.E-1);
#353=CIRCLE('',#352,5.75E-1);
#358=CIRCLE('',#357,5.75E-1);
#367=CIRCLE('',#366,1.E-1);
#372=CIRCLE('',#371,4.75E-1);
#377=CIRCLE('',#376,4.75E-1);
#382=CIRCLE('',#381,1.E-1);
#387=CIRCLE('',#386,5.75E-1);
#392=CIRCLE('',#391,5.75E-1);
#506=EDGE_CURVE('',#399,#400,#18,.T.);
#508=EDGE_CURVE('',#400,#402,#23,.T.);
#510=EDGE_CURVE('',#402,#404,#27,.T.);
#512=EDGE_CURVE('',#404,#406,#32,.T.);
#514=EDGE_CURVE('',#406,#408,#36,.T.);
#516=EDGE_CURVE('',#408,#410,#41,.T.);
#518=EDGE_CURVE('',#410,#412,#46,.T.);
#520=EDGE_CURVE('',#412,#399,#51,.T.);
#524=EDGE_CURVE('',#450,#452,#56,.T.);
#526=EDGE_CURVE('',#452,#450,#61,.T.);
#530=EDGE_CURVE('',#455,#456,#66,.T.);
#532=EDGE_CURVE('',#456,#455,#71,.T.);
#536=EDGE_CURVE('',#463,#464,#76,.T.);
#538=EDGE_CURVE('',#464,#463,#81,.T.);
#542=EDGE_CURVE('',#471,#472,#86,.T.);
#544=EDGE_CURVE('',#472,#471,#91,.T.);
#548=ADVANCED_FACE('',(#523,#529,#535,#541,#547),#505,.F.);
#562=EDGE_CURVE('',#399,#415,#95,.T.);
#564=EDGE_CURVE('',#415,#416,#127,.T.);
#566=EDGE_CURVE('',#400,#416,#123,.T.);
#570=ADVANCED_FACE('',(#569),#560,.T.);
#584=EDGE_CURVE('',#412,#428,#99,.T.);
#586=EDGE_CURVE('',#428,#415,#132,.T.);
#591=ADVANCED_FACE('',(#590),#582,.F.);
#605=EDGE_CURVE('',#410,#426,#103,.T.);
#607=EDGE_CURVE('',#426,#428,#137,.T.);
#612=ADVANCED_FACE('',(#611),#603,.T.);
#626=EDGE_CURVE('',#408,#424,#107,.T.);
#628=EDGE_CURVE('',#424,#426,#142,.T.);
#633=ADVANCED_FACE('',(#632),#624,.F.);
#647=EDGE_CURVE('',#406,#422,#111,.T.);
#649=EDGE_CURVE('',#422,#424,#146,.T.);
#654=ADVANCED_FACE('',(#653),#645,.T.);
#668=EDGE_CURVE('',#404,#420,#115,.T.);
#670=EDGE_CURVE('',#420,#422,#151,.T.);
#675=ADVANCED_FACE('',(#674),#666,.T.);
#689=EDGE_CURVE('',#402,#418,#119,.T.);
#691=EDGE_CURVE('',#418,#420,#155,.T.);
#696=ADVANCED_FACE('',(#695),#687,.T.);
#711=EDGE_CURVE('',#416,#418,#160,.T.);
#716=ADVANCED_FACE('',(#715),#708,.T.);
#739=EDGE_CURVE('',#499,#500,#185,.T.);
#741=EDGE_CURVE('',#500,#499,#190,.T.);
#745=ADVANCED_FACE('',(#738,#744),#728,.T.);
#758=EDGE_CURVE('',#495,#496,#175,.T.);
#760=EDGE_CURVE('',#496,#495,#180,.T.);
#764=EDGE_CURVE('',#431,#432,#165,.T.);
#766=EDGE_CURVE('',#432,#431,#170,.T.);
#770=ADVANCED_FACE('',(#763,#769),#757,.T.);
#784=EDGE_CURVE('',#431,#435,#195,.T.);
#786=EDGE_CURVE('',#435,#436,#274,.T.);
#788=EDGE_CURVE('',#432,#436,#200,.T.);
#792=ADVANCED_FACE('',(#791),#782,.F.);
#807=EDGE_CURVE('',#436,#435,#210,.T.);
#812=ADVANCED_FACE('',(#811),#804,.F.);
#825=EDGE_CURVE('',#444,#443,#205,.T.);
#827=EDGE_CURVE('',#435,#443,#278,.T.);
#830=EDGE_CURVE('',#436,#444,#214,.T.);
#834=ADVANCED_FACE('',(#833),#824,.T.);
#847=EDGE_CURVE('',#440,#439,#229,.T.);
#849=EDGE_CURVE('',#439,#443,#264,.T.);
#852=EDGE_CURVE('',#440,#444,#219,.T.);
#856=ADVANCED_FACE('',(#855),#846,.T.);
#869=EDGE_CURVE('',#439,#440,#224,.T.);
#874=EDGE_CURVE('',#447,#448,#234,.T.);
#876=EDGE_CURVE('',#448,#447,#239,.T.);
#880=EDGE_CURVE('',#459,#460,#244,.T.);
#882=EDGE_CURVE('',#460,#459,#249,.T.);
#886=EDGE_CURVE('',#467,#468,#254,.T.);
#888=EDGE_CURVE('',#468,#467,#259,.T.);
#892=ADVANCED_FACE('',(#873,#879,#885,#891),#868,.T.);
#907=EDGE_CURVE('',#443,#444,#269,.T.);
#912=ADVANCED_FACE('',(#911),#904,.T.);
#931=ADVANCED_FACE('',(#930),#924,.T.);
#945=EDGE_CURVE('',#447,#450,#282,.T.);
#948=EDGE_CURVE('',#448,#452,#286,.T.);
#952=ADVANCED_FACE('',(#951),#943,.F.);
#971=ADVANCED_FACE('',(#970),#964,.F.);
#985=EDGE_CURVE('',#460,#456,#294,.T.);
#988=EDGE_CURVE('',#459,#455,#290,.T.);
#992=ADVANCED_FACE('',(#991),#983,.F.);
#1011=ADVANCED_FACE('',(#1010),#1004,.F.);
#1025=EDGE_CURVE('',#468,#464,#302,.T.);
#1028=EDGE_CURVE('',#467,#463,#298,.T.);
#1032=ADVANCED_FACE('',(#1031),#1023,.F.);
#1051=ADVANCED_FACE('',(#1050),#1044,.F.);
#1065=EDGE_CURVE('',#495,#487,#310,.T.);
#1067=EDGE_CURVE('',#487,#488,#315,.T.);
#1069=EDGE_CURVE('',#496,#488,#306,.T.);
#1073=ADVANCED_FACE('',(#1072),#1063,.F.);
#1088=EDGE_CURVE('',#487,#488,#320,.T.);
#1093=ADVANCED_FACE('',(#1092),#1085,.F.);
#1106=EDGE_CURVE('',#491,#492,#329,.T.);
#1108=EDGE_CURVE('',#491,#492,#338,.T.);
#1116=ADVANCED_FACE('',(#1111,#1115),#1105,.F.);
#1130=EDGE_CURVE('',#491,#499,#324,.T.);
#1133=EDGE_CURVE('',#492,#500,#333,.T.);
#1137=ADVANCED_FACE('',(#1136),#1128,.T.);
#1156=ADVANCED_FACE('',(#1155),#1149,.T.);
#1170=EDGE_CURVE('',#472,#476,#348,.T.);
#1172=EDGE_CURVE('',#475,#476,#392,.T.);
#1174=EDGE_CURVE('',#471,#475,#343,.T.);
#1178=ADVANCED_FACE('',(#1177),#1168,.T.);
#1193=EDGE_CURVE('',#476,#475,#358,.T.);
#1198=ADVANCED_FACE('',(#1197),#1190,.T.);
#1211=EDGE_CURVE('',#484,#483,#353,.T.);
#1213=EDGE_CURVE('',#476,#484,#396,.T.);
#1216=EDGE_CURVE('',#475,#483,#362,.T.);
#1220=ADVANCED_FACE('',(#1219),#1210,.F.);
#1233=EDGE_CURVE('',#480,#479,#377,.T.);
#1235=EDGE_CURVE('',#480,#484,#367,.T.);
#1238=EDGE_CURVE('',#479,#483,#382,.T.);
#1242=ADVANCED_FACE('',(#1241),#1232,.F.);
#1255=EDGE_CURVE('',#479,#480,#372,.T.);
#1260=ADVANCED_FACE('',(#1259),#1254,.T.);
#1275=EDGE_CURVE('',#483,#484,#387,.T.);
#1280=ADVANCED_FACE('',(#1279),#1272,.F.);
#1299=ADVANCED_FACE('',(#1298),#1292,.F.);
#1307=CLOSED_SHELL('',(#548,#570,#591,#612,#633,#654,#675,#696,#716,#745,#770,
#792,#812,#834,#856,#892,#912,#931,#952,#971,#992,#1011,#1032,#1051,#1073,#1093,
#1116,#1137,#1156,#1178,#1198,#1220,#1242,#1260,#1280,#1299));
#1308=MANIFOLD_SOLID_BREP('',#1307);
#1309=(LENGTH_UNIT()NAMED_UNIT(*)SI_UNIT(.MILLI.,.METRE.));
#1310=(NAMED_UNIT(*)PLANE_ANGLE_UNIT()SI_UNIT($,.RADIAN.));
#1313=(NAMED_UNIT(*)SI_UNIT($,.STERADIAN.)SOLID_ANGLE_UNIT());
#1315=(GEOMETRIC_REPRESENTATION_CONTEXT(3)GLOBAL_UNCERTAINTY_ASSIGNED_CONTEXT((
#1314))GLOBAL_UNIT_ASSIGNED_CONTEXT((#1309,#1312,#1313))REPRESENTATION_CONTEXT(
'ID1','3'));
#1319=AXIS2_PLACEMENT_3D('',#1316,#1317,#1318);
#1320=ADVANCED_BREP_SHAPE_REPRESENTATION('',(#1319,#1308),#1315);
#1327=PRODUCT_DEFINITION('part definition','',#1326,#1323);
#1328=PRODUCT_DEFINITION_SHAPE('','SHAPE FOR 9064X_BASE.',#1327);
#1329=SHAPE_ASPECT('','solid data associated with 9064X_BASE',#1328,.F.);
#1330=PROPERTY_DEFINITION('',
'shape for solid data with which properties are associated',#1329);
#1331=SHAPE_REPRESENTATION('',(#1308),#1315);
#1332=SHAPE_DEFINITION_REPRESENTATION(#1330,#1331);
#1333=(LENGTH_UNIT()NAMED_UNIT(*)SI_UNIT(.MILLI.,.METRE.));
#1337=PROPERTY_DEFINITION('geometric validation property','area of 9064X_BASE',
#1329);
#1338=REPRESENTATION('surface area',(#1336),#1315);
#1339=PROPERTY_DEFINITION_REPRESENTATION(#1337,#1338);
#1340=(LENGTH_UNIT()NAMED_UNIT(*)SI_UNIT(.MILLI.,.METRE.));
#1344=PROPERTY_DEFINITION('geometric validation property',
'volume of 9064X_BASE',#1329);
#1345=REPRESENTATION('volume',(#1343),#1315);
#1346=PROPERTY_DEFINITION_REPRESENTATION(#1344,#1345);
#1348=PROPERTY_DEFINITION('geometric validation property',
'centroid of 9064X_BASE',#1329);
#1349=REPRESENTATION('centroid',(#1347),#1315);
#1350=PROPERTY_DEFINITION_REPRESENTATION(#1348,#1349);
#1351=(LENGTH_UNIT()NAMED_UNIT(*)SI_UNIT(.MILLI.,.METRE.));
#1355=PROPERTY_DEFINITION('geometric validation property','area of 9064X_BASE',
#1328);
#1356=REPRESENTATION('surface area',(#1354),#1315);
#1357=PROPERTY_DEFINITION_REPRESENTATION(#1355,#1356);
#1358=(LENGTH_UNIT()NAMED_UNIT(*)SI_UNIT(.MILLI.,.METRE.));
#1362=PROPERTY_DEFINITION('geometric validation property',
'volume of 9064X_BASE',#1328);
#1363=REPRESENTATION('volume',(#1361),#1315);
#1364=PROPERTY_DEFINITION_REPRESENTATION(#1362,#1363);
#1366=PROPERTY_DEFINITION('geometric validation property',
'centroid of 9064X_BASE',#1328);
#1367=REPRESENTATION('centroid',(#1365),#1315);
#1368=PROPERTY_DEFINITION_REPRESENTATION(#1366,#1367);
#1369=SHAPE_DEFINITION_REPRESENTATION(#1328,#1320);
#1370=SHAPE_DEFINITION_REPRESENTATION(#1371,#1372);
#1371=PRODUCT_DEFINITION_SHAPE('','SHAPE FOR MLX90642BCA_ASM.',#4556);
#1372=SHAPE_REPRESENTATION('',(#1382,#1755,#1768,#1781,#1970,#1983,#1996,#2312,
#3522,#3930,#4537,#4551),#4547);
#1373=NEXT_ASSEMBLY_USAGE_OCCURRENCE('0','Next assembly relationship',
'9064X_BASE',#4556,#1327,$);
#1374=PRODUCT_DEFINITION_SHAPE('Placement #0',
'Placement of 9064X_BASE with respect to MLX90642BCA_ASM',#1373);
#1376=PROPERTY_DEFINITION('geometric validation property',
'centroid of 9064X_BASE',#1374);
#1377=REPRESENTATION('centroid',(#1375),#1315);
#1378=PROPERTY_DEFINITION_REPRESENTATION(#1376,#1377);
#1386=COLOUR_RGB('',7.843137254902E-2,7.843137254902E-2,7.843137254902E-2);
#1391=CIRCLE('',#1390,2.25E-1);
#1397=B_SPLINE_CURVE_WITH_KNOTS('',3,(#1392,#1393,#1394,#1395,#1396),
.UNSPECIFIED.,.F.,.F.,(4,1,4),(0.E0,5.E-1,1.E0),.UNSPECIFIED.);
#1403=B_SPLINE_CURVE_WITH_KNOTS('',3,(#1398,#1399,#1400,#1401,#1402),
.UNSPECIFIED.,.F.,.F.,(4,1,4),(0.E0,5.E-1,1.E0),.UNSPECIFIED.);
#1408=CIRCLE('',#1407,2.25E-1);
#1421=CIRCLE('',#1420,5.6E-1);
#1426=CIRCLE('',#1425,5.6E-1);
#1431=CIRCLE('',#1430,5.6E-1);
#1437=B_SPLINE_CURVE_WITH_KNOTS('',3,(#1432,#1433,#1434,#1435,#1436),
.UNSPECIFIED.,.F.,.F.,(4,1,4),(0.E0,5.E-1,1.E0),.UNSPECIFIED.);
#1443=B_SPLINE_CURVE_WITH_KNOTS('',3,(#1438,#1439,#1440,#1441,#1442),
.UNSPECIFIED.,.F.,.F.,(4,1,4),(0.E0,5.E-1,1.E0),.UNSPECIFIED.);
#1448=CIRCLE('',#1447,5.6E-1);
#1461=CIRCLE('',#1460,2.25E-1);
#1466=CIRCLE('',#1465,2.25E-1);
#1484=B_SPLINE_CURVE_WITH_KNOTS('',3,(#1477,#1478,#1479,#1480,#1481,#1482,
#1483),.UNSPECIFIED.,.F.,.F.,(4,1,1,1,4),(0.E0,1.123475216266E-1,
4.952913101551E-1,8.782350986836E-1,1.E0),.UNSPECIFIED.);
#1493=EDGE_CURVE('',#1467,#1468,#1397,.T.);
#1495=EDGE_CURVE('',#1467,#1472,#1391,.T.);
#1497=EDGE_CURVE('',#1472,#1473,#1403,.T.);
#1499=EDGE_CURVE('',#1468,#1473,#1426,.T.);
#1503=ADVANCED_FACE('',(#1502),#1492,.T.);
#1518=B_SPLINE_CURVE_WITH_KNOTS('',3,(#1511,#1512,#1513,#1514,#1515,#1516,
#1517),.UNSPECIFIED.,.F.,.F.,(4,1,1,1,4),(0.E0,1.123475216266E-1,
4.952913101551E-1,8.782350986836E-1,1.E0),.UNSPECIFIED.);
#1527=EDGE_CURVE('',#1468,#1473,#1421,.T.);
#1530=EDGE_CURVE('',#1467,#1472,#1408,.T.);
#1534=ADVANCED_FACE('',(#1533),#1525,.T.);
#1547=EDGE_CURVE('',#1468,#1470,#1412,.T.);
#1549=EDGE_CURVE('',#1470,#1475,#1448,.T.);
#1551=EDGE_CURVE('',#1473,#1475,#1416,.T.);
#1556=ADVANCED_FACE('',(#1555),#1546,.T.);
#1572=EDGE_CURVE('',#1470,#1475,#1431,.T.);
#1576=ADVANCED_FACE('',(#1575),#1568,.T.);
#1591=B_SPLINE_CURVE_WITH_KNOTS('',3,(#1584,#1585,#1586,#1587,#1588,#1589,
#1590),.UNSPECIFIED.,.F.,.F.,(4,1,1,1,4),(0.E0,1.123475216266E-1,
4.952913101551E-1,8.782350986836E-1,1.E0),.UNSPECIFIED.);
#1599=EDGE_CURVE('',#1470,#1471,#1437,.T.);
#1602=EDGE_CURVE('',#1475,#1476,#1443,.T.);
#1604=EDGE_CURVE('',#1471,#1476,#1466,.T.);
#1608=ADVANCED_FACE('',(#1607),#1598,.T.);
#1623=B_SPLINE_CURVE_WITH_KNOTS('',3,(#1616,#1617,#1618,#1619,#1620,#1621,
#1622),.UNSPECIFIED.,.F.,.F.,(4,1,1,1,4),(0.E0,1.123475216266E-1,
4.952913101551E-1,8.782350986836E-1,1.E0),.UNSPECIFIED.);
#1632=EDGE_CURVE('',#1471,#1476,#1461,.T.);
#1638=ADVANCED_FACE('',(#1637),#1630,.T.);
#1651=EDGE_CURVE('',#1471,#1467,#1452,.T.);
#1654=EDGE_CURVE('',#1476,#1472,#1456,.T.);
#1659=ADVANCED_FACE('',(#1658),#1650,.F.);
#1678=ADVANCED_FACE('',(#1677),#1671,.F.);
#1686=CLOSED_SHELL('',(#1503,#1534,#1556,#1576,#1608,#1638,#1659,#1678));
#1687=MANIFOLD_SOLID_BREP('',#1686);
#1688=(LENGTH_UNIT()NAMED_UNIT(*)SI_UNIT(.MILLI.,.METRE.));
#1689=(NAMED_UNIT(*)PLANE_ANGLE_UNIT()SI_UNIT($,.RADIAN.));
#1692=(NAMED_UNIT(*)SI_UNIT($,.STERADIAN.)SOLID_ANGLE_UNIT());
#1694=(GEOMETRIC_REPRESENTATION_CONTEXT(3)GLOBAL_UNCERTAINTY_ASSIGNED_CONTEXT((
#1693))GLOBAL_UNIT_ASSIGNED_CONTEXT((#1688,#1691,#1692))REPRESENTATION_CONTEXT(
'ID2','3'));
#1698=AXIS2_PLACEMENT_3D('',#1695,#1696,#1697);
#1699=ADVANCED_BREP_SHAPE_REPRESENTATION('',(#1698,#1687),#1694);
#1703=PRODUCT_DEFINITION('part definition','',#1702,#1323);
#1704=PRODUCT_DEFINITION_SHAPE('','SHAPE FOR GLASS_BEED.',#1703);
#1705=SHAPE_ASPECT('','solid data associated with GLASS_BEED',#1704,.F.);
#1706=PROPERTY_DEFINITION('',
'shape for solid data with which properties are associated',#1705);
#1707=SHAPE_REPRESENTATION('',(#1687),#1694);
#1708=SHAPE_DEFINITION_REPRESENTATION(#1706,#1707);
#1709=(LENGTH_UNIT()NAMED_UNIT(*)SI_UNIT(.MILLI.,.METRE.));
#1713=PROPERTY_DEFINITION('geometric validation property','area of GLASS_BEED',
#1705);
#1714=REPRESENTATION('surface area',(#1712),#1694);
#1715=PROPERTY_DEFINITION_REPRESENTATION(#1713,#1714);
#1716=(LENGTH_UNIT()NAMED_UNIT(*)SI_UNIT(.MILLI.,.METRE.));
#1720=PROPERTY_DEFINITION('geometric validation property',
'volume of GLASS_BEED',#1705);
#1721=REPRESENTATION('volume',(#1719),#1694);
#1722=PROPERTY_DEFINITION_REPRESENTATION(#1720,#1721);
#1724=PROPERTY_DEFINITION('geometric validation property',
'centroid of GLASS_BEED',#1705);
#1725=REPRESENTATION('centroid',(#1723),#1694);
#1726=PROPERTY_DEFINITION_REPRESENTATION(#1724,#1725);
#1727=(LENGTH_UNIT()NAMED_UNIT(*)SI_UNIT(.MILLI.,.METRE.));
#1731=PROPERTY_DEFINITION('geometric validation property','area of GLASS_BEED',
#1704);
#1732=REPRESENTATION('surface area',(#1730),#1694);
#1733=PROPERTY_DEFINITION_REPRESENTATION(#1731,#1732);
#1734=(LENGTH_UNIT()NAMED_UNIT(*)SI_UNIT(.MILLI.,.METRE.));
#1738=PROPERTY_DEFINITION('geometric validation property',
'volume of GLASS_BEED',#1704);
#1739=REPRESENTATION('volume',(#1737),#1694);
#1740=PROPERTY_DEFINITION_REPRESENTATION(#1738,#1739);
#1742=PROPERTY_DEFINITION('geometric validation property',
'centroid of GLASS_BEED',#1704);
#1743=REPRESENTATION('centroid',(#1741),#1694);
#1744=PROPERTY_DEFINITION_REPRESENTATION(#1742,#1743);
#1745=SHAPE_DEFINITION_REPRESENTATION(#1704,#1699);
#1746=NEXT_ASSEMBLY_USAGE_OCCURRENCE('1','Next assembly relationship',
'GLASS_BEED',#4556,#1703,$);
#1747=PRODUCT_DEFINITION_SHAPE('Placement #1',
'Placement of GLASS_BEED with respect to MLX90642BCA_ASM',#1746);
#1749=PROPERTY_DEFINITION('geometric validation property',
'centroid of GLASS_BEED',#1747);
#1750=REPRESENTATION('centroid',(#1748),#1694);
#1751=PROPERTY_DEFINITION_REPRESENTATION(#1749,#1750);
#1759=NEXT_ASSEMBLY_USAGE_OCCURRENCE('2','Next assembly relationship',
'GLASS_BEED',#4556,#1703,$);
#1760=PRODUCT_DEFINITION_SHAPE('Placement #2',
'Placement of GLASS_BEED with respect to MLX90642BCA_ASM',#1759);
#1762=PROPERTY_DEFINITION('geometric validation property',
'centroid of GLASS_BEED',#1760);
#1763=REPRESENTATION('centroid',(#1761),#1694);
#1764=PROPERTY_DEFINITION_REPRESENTATION(#1762,#1763);
#1772=NEXT_ASSEMBLY_USAGE_OCCURRENCE('3','Next assembly relationship',
'GLASS_BEED',#4556,#1703,$);
#1773=PRODUCT_DEFINITION_SHAPE('Placement #3',
'Placement of GLASS_BEED with respect to MLX90642BCA_ASM',#1772);
#1775=PROPERTY_DEFINITION('geometric validation property',
'centroid of GLASS_BEED',#1773);
#1776=REPRESENTATION('centroid',(#1774),#1694);
#1777=PROPERTY_DEFINITION_REPRESENTATION(#1775,#1776);
#1785=COLOUR_RGB('',1.E0,7.058823529412E-1,0.E0);
#1790=CIRCLE('',#1789,2.25E-1);
#1795=CIRCLE('',#1794,2.25E-1);
#1808=CIRCLE('',#1807,2.25E-1);
#1813=CIRCLE('',#1812,2.25E-1);
#1827=EDGE_CURVE('',#1816,#1817,#1790,.T.);
#1829=EDGE_CURVE('',#1817,#1816,#1795,.T.);
#1833=ADVANCED_FACE('',(#1832),#1826,.F.);
#1847=EDGE_CURVE('',#1816,#1820,#1799,.T.);
#1849=EDGE_CURVE('',#1820,#1821,#1808,.T.);
#1851=EDGE_CURVE('',#1817,#1821,#1803,.T.);
#1855=ADVANCED_FACE('',(#1854),#1845,.T.);
#1870=EDGE_CURVE('',#1821,#1820,#1813,.T.);
#1875=ADVANCED_FACE('',(#1874),#1867,.T.);
#1892=ADVANCED_FACE('',(#1891),#1887,.T.);
#1900=CLOSED_SHELL('',(#1833,#1855,#1875,#1892));
#1901=MANIFOLD_SOLID_BREP('',#1900);
#1902=(LENGTH_UNIT()NAMED_UNIT(*)SI_UNIT(.MILLI.,.METRE.));
#1903=(NAMED_UNIT(*)PLANE_ANGLE_UNIT()SI_UNIT($,.RADIAN.));
#1906=(NAMED_UNIT(*)SI_UNIT($,.STERADIAN.)SOLID_ANGLE_UNIT());
#1908=(GEOMETRIC_REPRESENTATION_CONTEXT(3)GLOBAL_UNCERTAINTY_ASSIGNED_CONTEXT((
#1907))GLOBAL_UNIT_ASSIGNED_CONTEXT((#1902,#1905,#1906))REPRESENTATION_CONTEXT(
'ID3','3'));
#1912=AXIS2_PLACEMENT_3D('',#1909,#1910,#1911);
#1913=ADVANCED_BREP_SHAPE_REPRESENTATION('',(#1912,#1901),#1908);
#1918=PRODUCT_DEFINITION('part definition','',#1917,#1914);
#1919=PRODUCT_DEFINITION_SHAPE('','SHAPE FOR PIN_LONG.',#1918);
#1920=SHAPE_ASPECT('','solid data associated with PIN_LONG',#1919,.F.);
#1921=PROPERTY_DEFINITION('',
'shape for solid data with which properties are associated',#1920);
#1922=SHAPE_REPRESENTATION('',(#1901),#1908);
#1923=SHAPE_DEFINITION_REPRESENTATION(#1921,#1922);
#1924=(LENGTH_UNIT()NAMED_UNIT(*)SI_UNIT(.MILLI.,.METRE.));
#1928=PROPERTY_DEFINITION('geometric validation property','area of PIN_LONG',
#1920);
#1929=REPRESENTATION('surface area',(#1927),#1908);
#1930=PROPERTY_DEFINITION_REPRESENTATION(#1928,#1929);
#1931=(LENGTH_UNIT()NAMED_UNIT(*)SI_UNIT(.MILLI.,.METRE.));
#1935=PROPERTY_DEFINITION('geometric validation property','volume of PIN_LONG',
#1920);
#1936=REPRESENTATION('volume',(#1934),#1908);
#1937=PROPERTY_DEFINITION_REPRESENTATION(#1935,#1936);
#1939=PROPERTY_DEFINITION('geometric validation property',
'centroid of PIN_LONG',#1920);
#1940=REPRESENTATION('centroid',(#1938),#1908);
#1941=PROPERTY_DEFINITION_REPRESENTATION(#1939,#1940);
#1942=(LENGTH_UNIT()NAMED_UNIT(*)SI_UNIT(.MILLI.,.METRE.));
#1946=PROPERTY_DEFINITION('geometric validation property','area of PIN_LONG',
#1919);
#1947=REPRESENTATION('surface area',(#1945),#1908);
#1948=PROPERTY_DEFINITION_REPRESENTATION(#1946,#1947);
#1949=(LENGTH_UNIT()NAMED_UNIT(*)SI_UNIT(.MILLI.,.METRE.));
#1953=PROPERTY_DEFINITION('geometric validation property','volume of PIN_LONG',
#1919);
#1954=REPRESENTATION('volume',(#1952),#1908);
#1955=PROPERTY_DEFINITION_REPRESENTATION(#1953,#1954);
#1957=PROPERTY_DEFINITION('geometric validation property',
'centroid of PIN_LONG',#1919);
#1958=REPRESENTATION('centroid',(#1956),#1908);
#1959=PROPERTY_DEFINITION_REPRESENTATION(#1957,#1958);
#1960=SHAPE_DEFINITION_REPRESENTATION(#1919,#1913);
#1961=NEXT_ASSEMBLY_USAGE_OCCURRENCE('4','Next assembly relationship',
'PIN_LONG',#4556,#1918,$);
#1962=PRODUCT_DEFINITION_SHAPE('Placement #4',
'Placement of PIN_LONG with respect to MLX90642BCA_ASM',#1961);
#1964=PROPERTY_DEFINITION('geometric validation property',
'centroid of PIN_LONG',#1962);
#1965=REPRESENTATION('centroid',(#1963),#1908);
#1966=PROPERTY_DEFINITION_REPRESENTATION(#1964,#1965);
#1974=NEXT_ASSEMBLY_USAGE_OCCURRENCE('5','Next assembly relationship',
'PIN_LONG',#4556,#1918,$);
#1975=PRODUCT_DEFINITION_SHAPE('Placement #5',
'Placement of PIN_LONG with respect to MLX90642BCA_ASM',#1974);
#1977=PROPERTY_DEFINITION('geometric validation property',
'centroid of PIN_LONG',#1975);
#1978=REPRESENTATION('centroid',(#1976),#1908);
#1979=PROPERTY_DEFINITION_REPRESENTATION(#1977,#1978);
#1987=NEXT_ASSEMBLY_USAGE_OCCURRENCE('6','Next assembly relationship',
'PIN_LONG',#4556,#1918,$);
#1988=PRODUCT_DEFINITION_SHAPE('Placement #6',
'Placement of PIN_LONG with respect to MLX90642BCA_ASM',#1987);
#1990=PROPERTY_DEFINITION('geometric validation property',
'centroid of PIN_LONG',#1988);
#1991=REPRESENTATION('centroid',(#1989),#1908);
#1992=PROPERTY_DEFINITION_REPRESENTATION(#1990,#1991);
#2000=COLOUR_RGB('',1.E0,7.058823529412E-1,0.E0);
#2005=CIRCLE('',#2004,3.25E-1);
#2010=CIRCLE('',#2009,3.25E-1);
#2015=CIRCLE('',#2014,3.25E-1);
#2028=CIRCLE('',#2027,2.25E-1);
#2037=CIRCLE('',#2036,2.25E-1);
#2050=CIRCLE('',#2049,3.25E-1);
#2059=CIRCLE('',#2058,2.25E-1);
#2064=CIRCLE('',#2063,2.25E-1);
#2086=EDGE_CURVE('',#2071,#2072,#2005,.T.);
#2088=EDGE_CURVE('',#2072,#2071,#2010,.T.);
#2092=ADVANCED_FACE('',(#2091),#2085,.F.);
#2105=EDGE_CURVE('',#2080,#2079,#2015,.T.);
#2107=EDGE_CURVE('',#2072,#2079,#2054,.T.);
#2110=EDGE_CURVE('',#2071,#2080,#2019,.T.);
#2114=ADVANCED_FACE('',(#2113),#2104,.T.);
#2127=EDGE_CURVE('',#2076,#2075,#2028,.T.);
#2129=EDGE_CURVE('',#2075,#2079,#2045,.T.);
#2132=EDGE_CURVE('',#2076,#2080,#2023,.T.);
#2136=ADVANCED_FACE('',(#2135),#2126,.T.);
#2150=EDGE_CURVE('',#2076,#2067,#2032,.T.);
#2152=EDGE_CURVE('',#2067,#2068,#2059,.T.);
#2154=EDGE_CURVE('',#2075,#2068,#2041,.T.);
#2158=ADVANCED_FACE('',(#2157),#2148,.T.);
#2171=EDGE_CURVE('',#2075,#2076,#2037,.T.);
#2174=EDGE_CURVE('',#2068,#2067,#2064,.T.);
#2179=ADVANCED_FACE('',(#2178),#2170,.T.);
#2194=EDGE_CURVE('',#2079,#2080,#2050,.T.);
#2199=ADVANCED_FACE('',(#2198),#2191,.T.);
#2218=ADVANCED_FACE('',(#2217),#2211,.T.);
#2235=ADVANCED_FACE('',(#2234),#2230,.T.);
#2243=CLOSED_SHELL('',(#2092,#2114,#2136,#2158,#2179,#2199,#2218,#2235));
#2244=MANIFOLD_SOLID_BREP('',#2243);
#2245=(LENGTH_UNIT()NAMED_UNIT(*)SI_UNIT(.MILLI.,.METRE.));
#2246=(NAMED_UNIT(*)PLANE_ANGLE_UNIT()SI_UNIT($,.RADIAN.));
#2249=(NAMED_UNIT(*)SI_UNIT($,.STERADIAN.)SOLID_ANGLE_UNIT());
#2251=(GEOMETRIC_REPRESENTATION_CONTEXT(3)GLOBAL_UNCERTAINTY_ASSIGNED_CONTEXT((
#2250))GLOBAL_UNIT_ASSIGNED_CONTEXT((#2245,#2248,#2249))REPRESENTATION_CONTEXT(
'ID4','3'));
#2255=AXIS2_PLACEMENT_3D('',#2252,#2253,#2254);
#2256=ADVANCED_BREP_SHAPE_REPRESENTATION('',(#2255,#2244),#2251);
#2260=PRODUCT_DEFINITION('part definition','',#2259,#1914);
#2261=PRODUCT_DEFINITION_SHAPE('','SHAPE FOR PIN_SHORT.',#2260);
#2262=SHAPE_ASPECT('','solid data associated with PIN_SHORT',#2261,.F.);
#2263=PROPERTY_DEFINITION('',
'shape for solid data with which properties are associated',#2262);
#2264=SHAPE_REPRESENTATION('',(#2244),#2251);
#2265=SHAPE_DEFINITION_REPRESENTATION(#2263,#2264);
#2266=(LENGTH_UNIT()NAMED_UNIT(*)SI_UNIT(.MILLI.,.METRE.));
#2270=PROPERTY_DEFINITION('geometric validation property','area of PIN_SHORT',
#2262);
#2271=REPRESENTATION('surface area',(#2269),#2251);
#2272=PROPERTY_DEFINITION_REPRESENTATION(#2270,#2271);
#2273=(LENGTH_UNIT()NAMED_UNIT(*)SI_UNIT(.MILLI.,.METRE.));
#2277=PROPERTY_DEFINITION('geometric validation property','volume of PIN_SHORT',
#2262);
#2278=REPRESENTATION('volume',(#2276),#2251);
#2279=PROPERTY_DEFINITION_REPRESENTATION(#2277,#2278);
#2281=PROPERTY_DEFINITION('geometric validation property',
'centroid of PIN_SHORT',#2262);
#2282=REPRESENTATION('centroid',(#2280),#2251);
#2283=PROPERTY_DEFINITION_REPRESENTATION(#2281,#2282);
#2284=(LENGTH_UNIT()NAMED_UNIT(*)SI_UNIT(.MILLI.,.METRE.));
#2288=PROPERTY_DEFINITION('geometric validation property','area of PIN_SHORT',
#2261);
#2289=REPRESENTATION('surface area',(#2287),#2251);
#2290=PROPERTY_DEFINITION_REPRESENTATION(#2288,#2289);
#2291=(LENGTH_UNIT()NAMED_UNIT(*)SI_UNIT(.MILLI.,.METRE.));
#2295=PROPERTY_DEFINITION('geometric validation property','volume of PIN_SHORT',
#2261);
#2296=REPRESENTATION('volume',(#2294),#2251);
#2297=PROPERTY_DEFINITION_REPRESENTATION(#2295,#2296);
#2299=PROPERTY_DEFINITION('geometric validation property',
'centroid of PIN_SHORT',#2261);
#2300=REPRESENTATION('centroid',(#2298),#2251);
#2301=PROPERTY_DEFINITION_REPRESENTATION(#2299,#2300);
#2302=SHAPE_DEFINITION_REPRESENTATION(#2261,#2256);
#2303=NEXT_ASSEMBLY_USAGE_OCCURRENCE('7','Next assembly relationship',
'PIN_SHORT',#4556,#2260,$);
#2304=PRODUCT_DEFINITION_SHAPE('Placement #7',
'Placement of PIN_SHORT with respect to MLX90642BCA_ASM',#2303);
#2306=PROPERTY_DEFINITION('geometric validation property',
'centroid of PIN_SHORT',#2304);
#2307=REPRESENTATION('centroid',(#2305),#2251);
#2308=PROPERTY_DEFINITION_REPRESENTATION(#2306,#2307);
#2316=COLOUR_RGB('',4.470588235294E-1,4.549019607843E-1,4.470588235294E-1);
#2317=COLOUR_RGB('',7.098039215686E-1,7.137254901961E-1,7.098039215686E-1);
#2322=CIRCLE('',#2321,3.85E0);
#2335=CIRCLE('',#2334,3.85E0);
#2340=CIRCLE('',#2339,2.E-1);
#2345=CIRCLE('',#2344,2.E-1);
#2350=CIRCLE('',#2349,3.85E0);
#2355=CIRCLE('',#2354,3.85E0);
#2360=CIRCLE('',#2359,3.65E0);
#2365=CIRCLE('',#2364,3.65E0);
#2370=CIRCLE('',#2369,3.313989109485E0);
#2375=CIRCLE('',#2374,5.123915946268E-1);
#2380=CIRCLE('',#2379,5.123915946268E-1);
#2385=CIRCLE('',#2384,3.313989109485E0);
#2398=CIRCLE('',#2397,2.85E0);
#2403=CIRCLE('',#2402,2.85E0);
#2408=CIRCLE('',#2407,2.692090719403E0);
#2413=CIRCLE('',#2412,1.509220870925E-1);
#2418=CIRCLE('',#2417,1.509220870925E-1);
#2423=CIRCLE('',#2422,2.692090719403E0);
#2428=CIRCLE('',#2427,2.55E0);
#2433=CIRCLE('',#2432,2.55E0);
#2438=CIRCLE('',#2437,1.3E0);
#2451=CIRCLE('',#2450,1.3E0);
#2456=CIRCLE('',#2455,1.3E0);
#2461=CIRCLE('',#2460,1.3E0);
#2466=CIRCLE('',#2465,2.55E0);
#2471=CIRCLE('',#2470,3.949423783769E-1);
#2476=CIRCLE('',#2475,3.949423783769E-1);
#2481=CIRCLE('',#2480,2.55E0);
#2494=CIRCLE('',#2493,2.911535385158E0);
#2499=CIRCLE('',#2498,2.911535385158E0);
#2504=CIRCLE('',#2503,3.08E0);
#2509=CIRCLE('',#2508,2.250575995512E-1);
#2514=CIRCLE('',#2513,2.250575995512E-1);
#2519=CIRCLE('',#2518,3.08E0);
#2524=CIRCLE('',#2523,3.273954445809E0);
#2529=CIRCLE('',#2528,3.273954445809E0);
#2534=CIRCLE('',#2533,3.65E0);
#2539=CIRCLE('',#2538,4.3E-1);
#2544=CIRCLE('',#2543,4.3E-1);
#2549=CIRCLE('',#2548,3.65E0);
#2562=CIRCLE('',#2561,4.08E0);
#2567=CIRCLE('',#2566,4.08E0);
#2572=CIRCLE('',#2571,4.08E0);
#2577=CIRCLE('',#2576,2.007987811979E-1);
#2582=CIRCLE('',#2581,2.007987811979E-1);
#2587=CIRCLE('',#2586,4.08E0);
#2592=CIRCLE('',#2591,4.279878622486E0);
#2597=CIRCLE('',#2596,4.279878622486E0);
#2602=CIRCLE('',#2601,4.5E0);
#2615=CIRCLE('',#2614,4.5E0);
#2620=CIRCLE('',#2619,4.5E0);
#2625=CIRCLE('',#2624,4.5E0);
#2630=CIRCLE('',#2629,4.279787583281E0);
#2635=CIRCLE('',#2634,4.302415186030E-1);
#2640=CIRCLE('',#2639,4.302415186030E-1);
#2645=CIRCLE('',#2644,4.279787583281E0);
#2731=EDGE_CURVE('',#2648,#2649,#2326,.T.);
#2733=EDGE_CURVE('',#2648,#2672,#2322,.T.);
#2735=EDGE_CURVE('',#2672,#2673,#2330,.T.);
#2737=EDGE_CURVE('',#2649,#2673,#2355,.T.);
#2741=ADVANCED_FACE('',(#2740),#2730,.F.);
#2755=EDGE_CURVE('',#2649,#2673,#2350,.T.);
#2758=EDGE_CURVE('',#2648,#2672,#2335,.T.);
#2762=ADVANCED_FACE('',(#2761),#2753,.F.);
#2775=EDGE_CURVE('',#2649,#2651,#2340,.T.);
#2777=EDGE_CURVE('',#2651,#2675,#2360,.T.);
#2779=EDGE_CURVE('',#2673,#2675,#2345,.T.);
#2784=ADVANCED_FACE('',(#2783),#2774,.F.);
#2800=EDGE_CURVE('',#2651,#2675,#2365,.T.);
#2804=ADVANCED_FACE('',(#2803),#2796,.F.);
#2821=EDGE_CURVE('',#2696,#2712,#2370,.T.);
#2823=EDGE_CURVE('',#2696,#2712,#2385,.T.);
#2827=ADVANCED_FACE('',(#2820,#2826),#2816,.F.);
#2840=EDGE_CURVE('',#2696,#2697,#2375,.T.);
#2843=EDGE_CURVE('',#2712,#2713,#2380,.T.);
#2845=EDGE_CURVE('',#2697,#2713,#2403,.T.);
#2849=ADVANCED_FACE('',(#2848),#2839,.T.);
#2863=EDGE_CURVE('',#2697,#2713,#2398,.T.);
#2869=ADVANCED_FACE('',(#2868),#2861,.T.);
#2882=EDGE_CURVE('',#2697,#2699,#2389,.T.);
#2884=EDGE_CURVE('',#2699,#2715,#2423,.T.);
#2886=EDGE_CURVE('',#2713,#2715,#2393,.T.);
#2891=ADVANCED_FACE('',(#2890),#2881,.F.);
#2907=EDGE_CURVE('',#2699,#2715,#2408,.T.);
#2911=ADVANCED_FACE('',(#2910),#2903,.F.);
#2924=EDGE_CURVE('',#2699,#2701,#2413,.T.);
#2927=EDGE_CURVE('',#2715,#2717,#2418,.T.);
#2929=EDGE_CURVE('',#2701,#2717,#2433,.T.);
#2933=ADVANCED_FACE('',(#2932),#2923,.F.);
#2947=EDGE_CURVE('',#2701,#2717,#2428,.T.);
#2953=ADVANCED_FACE('',(#2952),#2945,.F.);
#2970=EDGE_CURVE('',#2654,#2678,#2438,.T.);
#2972=EDGE_CURVE('',#2654,#2678,#2451,.T.);
#2976=ADVANCED_FACE('',(#2969,#2975),#2965,.F.);
#2989=EDGE_CURVE('',#2654,#2655,#2442,.T.);
#2992=EDGE_CURVE('',#2678,#2679,#2446,.T.);
#2994=EDGE_CURVE('',#2655,#2679,#2461,.T.);
#2998=ADVANCED_FACE('',(#2997),#2988,.F.);
#3012=EDGE_CURVE('',#2655,#2679,#2456,.T.);
#3018=ADVANCED_FACE('',(#3017),#3010,.F.);
#3031=EDGE_CURVE('',#2704,#2720,#2466,.T.);
#3033=EDGE_CURVE('',#2704,#2720,#2481,.T.);
#3041=ADVANCED_FACE('',(#3036,#3040),#3030,.T.);
#3054=EDGE_CURVE('',#2704,#2705,#2471,.T.);
#3057=EDGE_CURVE('',#2720,#2721,#2476,.T.);
#3059=EDGE_CURVE('',#2705,#2721,#2499,.T.);
#3063=ADVANCED_FACE('',(#3062),#3053,.T.);
#3077=EDGE_CURVE('',#2705,#2721,#2494,.T.);
#3083=ADVANCED_FACE('',(#3082),#3075,.T.);
#3096=EDGE_CURVE('',#2705,#2707,#2485,.T.);
#3098=EDGE_CURVE('',#2707,#2723,#2519,.T.);
#3100=EDGE_CURVE('',#2721,#2723,#2489,.T.);
#3105=ADVANCED_FACE('',(#3104),#3095,.T.);
#3121=EDGE_CURVE('',#2707,#2723,#2504,.T.);
#3125=ADVANCED_FACE('',(#3124),#3117,.T.);
#3138=EDGE_CURVE('',#2707,#2709,#2509,.T.);
#3141=EDGE_CURVE('',#2723,#2725,#2514,.T.);
#3143=EDGE_CURVE('',#2709,#2725,#2529,.T.);
#3147=ADVANCED_FACE('',(#3146),#3137,.F.);
#3161=EDGE_CURVE('',#2709,#2725,#2524,.T.);
#3167=ADVANCED_FACE('',(#3166),#3159,.F.);
#3180=EDGE_CURVE('',#2658,#2682,#2534,.T.);
#3182=EDGE_CURVE('',#2658,#2682,#2549,.T.);
#3190=ADVANCED_FACE('',(#3185,#3189),#3179,.T.);
#3203=EDGE_CURVE('',#2658,#2659,#2539,.T.);
#3206=EDGE_CURVE('',#2682,#2683,#2544,.T.);
#3208=EDGE_CURVE('',#2659,#2683,#2567,.T.);
#3212=ADVANCED_FACE('',(#3211),#3202,.T.);
#3226=EDGE_CURVE('',#2659,#2683,#2562,.T.);
#3232=ADVANCED_FACE('',(#3231),#3224,.T.);
#3245=EDGE_CURVE('',#2659,#2661,#2553,.T.);
#3247=EDGE_CURVE('',#2661,#2685,#2587,.T.);
#3249=EDGE_CURVE('',#2683,#2685,#2557,.T.);
#3254=ADVANCED_FACE('',(#3253),#3244,.T.);
#3270=EDGE_CURVE('',#2661,#2685,#2572,.T.);
#3274=ADVANCED_FACE('',(#3273),#3266,.T.);
#3287=EDGE_CURVE('',#2661,#2663,#2577,.T.);
#3290=EDGE_CURVE('',#2685,#2687,#2582,.T.);
#3292=EDGE_CURVE('',#2663,#2687,#2597,.T.);
#3296=ADVANCED_FACE('',(#3295),#3286,.F.);
#3310=EDGE_CURVE('',#2663,#2687,#2592,.T.);
#3316=ADVANCED_FACE('',(#3315),#3308,.F.);
#3329=EDGE_CURVE('',#2666,#2690,#2602,.T.);
#3331=EDGE_CURVE('',#2666,#2690,#2615,.T.);
#3339=ADVANCED_FACE('',(#3334,#3338),#3328,.T.);
#3352=EDGE_CURVE('',#2666,#2667,#2606,.T.);
#3355=EDGE_CURVE('',#2690,#2691,#2610,.T.);
#3357=EDGE_CURVE('',#2667,#2691,#2625,.T.);
#3361=ADVANCED_FACE('',(#3360),#3351,.T.);
#3375=EDGE_CURVE('',#2667,#2691,#2620,.T.);
#3381=ADVANCED_FACE('',(#3380),#3373,.T.);
#3398=EDGE_CURVE('',#2669,#2693,#2630,.T.);
#3400=EDGE_CURVE('',#2669,#2693,#2645,.T.);
#3404=ADVANCED_FACE('',(#3397,#3403),#3393,.F.);
#3417=EDGE_CURVE('',#2669,#2648,#2635,.T.);
#3420=EDGE_CURVE('',#2693,#2672,#2640,.T.);
#3425=ADVANCED_FACE('',(#3424),#3416,.T.);
#3444=ADVANCED_FACE('',(#3443),#3437,.T.);
#3452=CLOSED_SHELL('',(#2741,#2762,#2784,#2804,#2827,#2849,#2869,#2891,#2911,
#2933,#2953,#2976,#2998,#3018,#3041,#3063,#3083,#3105,#3125,#3147,#3167,#3190,
#3212,#3232,#3254,#3274,#3296,#3316,#3339,#3361,#3381,#3404,#3425,#3444));
#3453=MANIFOLD_SOLID_BREP('',#3452);
#3454=(LENGTH_UNIT()NAMED_UNIT(*)SI_UNIT(.MILLI.,.METRE.));
#3455=(NAMED_UNIT(*)PLANE_ANGLE_UNIT()SI_UNIT($,.RADIAN.));
#3458=(NAMED_UNIT(*)SI_UNIT($,.STERADIAN.)SOLID_ANGLE_UNIT());
#3460=(GEOMETRIC_REPRESENTATION_CONTEXT(3)GLOBAL_UNCERTAINTY_ASSIGNED_CONTEXT((
#3459))GLOBAL_UNIT_ASSIGNED_CONTEXT((#3454,#3457,#3458))REPRESENTATION_CONTEXT(
'ID5','3'));
#3464=AXIS2_PLACEMENT_3D('',#3461,#3462,#3463);
#3465=ADVANCED_BREP_SHAPE_REPRESENTATION('',(#3464,#3453),#3460);
#3470=PRODUCT_DEFINITION('part definition','',#3469,#3466);
#3471=PRODUCT_DEFINITION_SHAPE('','SHAPE FOR TO39_CAP_BCA.',#3470);
#3472=SHAPE_ASPECT('','solid data associated with TO39_CAP_BCA',#3471,.F.);
#3473=PROPERTY_DEFINITION('',
'shape for solid data with which properties are associated',#3472);
#3474=SHAPE_REPRESENTATION('',(#3453),#3460);
#3475=SHAPE_DEFINITION_REPRESENTATION(#3473,#3474);
#3476=(LENGTH_UNIT()NAMED_UNIT(*)SI_UNIT(.MILLI.,.METRE.));
#3480=PROPERTY_DEFINITION('geometric validation property',
'area of TO39_CAP_BCA',#3472);
#3481=REPRESENTATION('surface area',(#3479),#3460);
#3482=PROPERTY_DEFINITION_REPRESENTATION(#3480,#3481);
#3483=(LENGTH_UNIT()NAMED_UNIT(*)SI_UNIT(.MILLI.,.METRE.));
#3487=PROPERTY_DEFINITION('geometric validation property',
'volume of TO39_CAP_BCA',#3472);
#3488=REPRESENTATION('volume',(#3486),#3460);
#3489=PROPERTY_DEFINITION_REPRESENTATION(#3487,#3488);
#3491=PROPERTY_DEFINITION('geometric validation property',
'centroid of TO39_CAP_BCA',#3472);
#3492=REPRESENTATION('centroid',(#3490),#3460);
#3493=PROPERTY_DEFINITION_REPRESENTATION(#3491,#3492);
#3494=(LENGTH_UNIT()NAMED_UNIT(*)SI_UNIT(.MILLI.,.METRE.));
#3498=PROPERTY_DEFINITION('geometric validation property',
'area of TO39_CAP_BCA',#3471);
#3499=REPRESENTATION('surface area',(#3497),#3460);
#3500=PROPERTY_DEFINITION_REPRESENTATION(#3498,#3499);
#3501=(LENGTH_UNIT()NAMED_UNIT(*)SI_UNIT(.MILLI.,.METRE.));
#3505=PROPERTY_DEFINITION('geometric validation property',
'volume of TO39_CAP_BCA',#3471);
#3506=REPRESENTATION('volume',(#3504),#3460);
#3507=PROPERTY_DEFINITION_REPRESENTATION(#3505,#3506);
#3509=PROPERTY_DEFINITION('geometric validation property',
'centroid of TO39_CAP_BCA',#3471);
#3510=REPRESENTATION('centroid',(#3508),#3460);
#3511=PROPERTY_DEFINITION_REPRESENTATION(#3509,#3510);
#3512=SHAPE_DEFINITION_REPRESENTATION(#3471,#3465);
#3513=NEXT_ASSEMBLY_USAGE_OCCURRENCE('8','Next assembly relationship',
'TO39_CAP_BCA',#4556,#3470,$);
#3514=PRODUCT_DEFINITION_SHAPE('Placement #8',
'Placement of TO39_CAP_BCA with respect to MLX90642BCA_ASM',#3513);
#3516=PROPERTY_DEFINITION('geometric validation property',
'centroid of TO39_CAP_BCA',#3514);
#3517=REPRESENTATION('centroid',(#3515),#3460);
#3518=PROPERTY_DEFINITION_REPRESENTATION(#3516,#3517);
#3526=COLOUR_RGB('',3.921568627451E-1,3.529411764706E-1,3.921568627451E-1);
#3527=COLOUR_RGB('',7.843137254902E-1,7.843137254902E-1,7.843137254902E-1);
#3556=CIRCLE('',#3555,1.5E0);
#3561=CIRCLE('',#3560,1.5E0);
#3614=CIRCLE('',#3613,5.E0);
#3619=CIRCLE('',#3618,5.E0);
#3655=EDGE_CURVE('',#3628,#3629,#3531,.T.);
#3657=EDGE_CURVE('',#3629,#3631,#3535,.T.);
#3659=EDGE_CURVE('',#3631,#3633,#3539,.T.);
#3661=EDGE_CURVE('',#3633,#3635,#3543,.T.);
#3663=EDGE_CURVE('',#3635,#3637,#3547,.T.);
#3665=EDGE_CURVE('',#3637,#3628,#3551,.T.);
#3669=EDGE_CURVE('',#3622,#3623,#3556,.T.);
#3671=EDGE_CURVE('',#3623,#3622,#3561,.T.);
#3675=ADVANCED_FACE('',(#3668,#3674),#3654,.F.);
#3689=EDGE_CURVE('',#3628,#3640,#3565,.T.);
#3691=EDGE_CURVE('',#3640,#3641,#3589,.T.);
#3693=EDGE_CURVE('',#3629,#3641,#3585,.T.);
#3697=ADVANCED_FACE('',(#3696),#3687,.T.);
#3711=EDGE_CURVE('',#3637,#3649,#3569,.T.);
#3713=EDGE_CURVE('',#3649,#3640,#3593,.T.);
#3718=ADVANCED_FACE('',(#3717),#3709,.T.);
#3725=EDGE_CURVE('',#3635,#3647,#3573,.T.);
#3727=EDGE_CURVE('',#3647,#3649,#3597,.T.);
#3732=ADVANCED_FACE('',(#3731),#3723,.T.);
#3746=EDGE_CURVE('',#3633,#3645,#3577,.T.);
#3748=EDGE_CURVE('',#3645,#3647,#3601,.T.);
#3753=ADVANCED_FACE('',(#3752),#3744,.T.);
#3767=EDGE_CURVE('',#3631,#3643,#3581,.T.);
#3769=EDGE_CURVE('',#3643,#3645,#3605,.T.);
#3774=ADVANCED_FACE('',(#3773),#3765,.T.);
#3789=EDGE_CURVE('',#3641,#3643,#3609,.T.);
#3794=ADVANCED_FACE('',(#3793),#3786,.T.);
#3815=ADVANCED_FACE('',(#3814),#3806,.T.);
#3829=EDGE_CURVE('',#3625,#3622,#3619,.T.);
#3831=EDGE_CURVE('',#3625,#3623,#3614,.T.);
#3835=ADVANCED_FACE('',(#3834),#3827,.T.);
#3853=ADVANCED_FACE('',(#3852),#3847,.T.);
#3861=CLOSED_SHELL('',(#3675,#3697,#3718,#3732,#3753,#3774,#3794,#3815,#3835,
#3853));
#3862=MANIFOLD_SOLID_BREP('',#3861);
#3863=(LENGTH_UNIT()NAMED_UNIT(*)SI_UNIT(.MILLI.,.METRE.));
#3864=(NAMED_UNIT(*)PLANE_ANGLE_UNIT()SI_UNIT($,.RADIAN.));
#3867=(NAMED_UNIT(*)SI_UNIT($,.STERADIAN.)SOLID_ANGLE_UNIT());
#3869=(GEOMETRIC_REPRESENTATION_CONTEXT(3)GLOBAL_UNCERTAINTY_ASSIGNED_CONTEXT((
#3868))GLOBAL_UNIT_ASSIGNED_CONTEXT((#3863,#3866,#3867))REPRESENTATION_CONTEXT(
'ID6','3'));
#3873=AXIS2_PLACEMENT_3D('',#3870,#3871,#3872);
#3874=ADVANCED_BREP_SHAPE_REPRESENTATION('',(#3873,#3862),#3869);
#3878=PRODUCT_DEFINITION('part definition','',#3877,#3466);
#3879=PRODUCT_DEFINITION_SHAPE('','SHAPE FOR LENS_WIDE_02.',#3878);
#3880=SHAPE_ASPECT('','solid data associated with LENS_WIDE_02',#3879,.F.);
#3881=PROPERTY_DEFINITION('',
'shape for solid data with which properties are associated',#3880);
#3882=SHAPE_REPRESENTATION('',(#3862),#3869);
#3883=SHAPE_DEFINITION_REPRESENTATION(#3881,#3882);
#3884=(LENGTH_UNIT()NAMED_UNIT(*)SI_UNIT(.MILLI.,.METRE.));
#3888=PROPERTY_DEFINITION('geometric validation property',
'area of LENS_WIDE_02',#3880);
#3889=REPRESENTATION('surface area',(#3887),#3869);
#3890=PROPERTY_DEFINITION_REPRESENTATION(#3888,#3889);
#3891=(LENGTH_UNIT()NAMED_UNIT(*)SI_UNIT(.MILLI.,.METRE.));
#3895=PROPERTY_DEFINITION('geometric validation property',
'volume of LENS_WIDE_02',#3880);
#3896=REPRESENTATION('volume',(#3894),#3869);
#3897=PROPERTY_DEFINITION_REPRESENTATION(#3895,#3896);
#3899=PROPERTY_DEFINITION('geometric validation property',
'centroid of LENS_WIDE_02',#3880);
#3900=REPRESENTATION('centroid',(#3898),#3869);
#3901=PROPERTY_DEFINITION_REPRESENTATION(#3899,#3900);
#3902=(LENGTH_UNIT()NAMED_UNIT(*)SI_UNIT(.MILLI.,.METRE.));
#3906=PROPERTY_DEFINITION('geometric validation property',
'area of LENS_WIDE_02',#3879);
#3907=REPRESENTATION('surface area',(#3905),#3869);
#3908=PROPERTY_DEFINITION_REPRESENTATION(#3906,#3907);
#3909=(LENGTH_UNIT()NAMED_UNIT(*)SI_UNIT(.MILLI.,.METRE.));
#3913=PROPERTY_DEFINITION('geometric validation property',
'volume of LENS_WIDE_02',#3879);
#3914=REPRESENTATION('volume',(#3912),#3869);
#3915=PROPERTY_DEFINITION_REPRESENTATION(#3913,#3914);
#3917=PROPERTY_DEFINITION('geometric validation property',
'centroid of LENS_WIDE_02',#3879);
#3918=REPRESENTATION('centroid',(#3916),#3869);
#3919=PROPERTY_DEFINITION_REPRESENTATION(#3917,#3918);
#3920=SHAPE_DEFINITION_REPRESENTATION(#3879,#3874);
#3921=NEXT_ASSEMBLY_USAGE_OCCURRENCE('9','Next assembly relationship',
'LENS_WIDE_02',#4556,#3878,$);
#3922=PRODUCT_DEFINITION_SHAPE('Placement #9',
'Placement of LENS_WIDE_02 with respect to MLX90642BCA_ASM',#3921);
#3924=PROPERTY_DEFINITION('geometric validation property',
'centroid of LENS_WIDE_02',#3922);
#3925=REPRESENTATION('centroid',(#3923),#3869);
#3926=PROPERTY_DEFINITION_REPRESENTATION(#3924,#3925);
#3934=COLOUR_RGB('',1.372549019608E-1,1.176470588235E-1,1.568627450980E-1);
#3939=CIRCLE('',#3938,4.15E0);
#3952=CIRCLE('',#3951,4.15E0);
#3957=CIRCLE('',#3956,4.15E0);
#3962=CIRCLE('',#3961,4.15E0);
#3967=CIRCLE('',#3966,3.075E0);
#3980=CIRCLE('',#3979,3.075E0);
#3985=CIRCLE('',#3984,3.075E0);
#3990=CIRCLE('',#3989,3.075E0);
#3995=CIRCLE('',#3994,1.3E0);
#4008=CIRCLE('',#4007,1.3E0);
#4021=CIRCLE('',#4020,1.3E0);
#4026=CIRCLE('',#4025,1.3E0);
#4031=CIRCLE('',#4030,3.0115E0);
#4036=CIRCLE('',#4035,3.0115E0);
#4041=CIRCLE('',#4040,4.15E0);
#4054=CIRCLE('',#4053,4.15E0);
#4067=CIRCLE('',#4066,4.65E0);
#4072=CIRCLE('',#4071,4.65E0);
#4077=CIRCLE('',#4076,4.65E0);
#4082=CIRCLE('',#4081,4.65E0);
#4128=EDGE_CURVE('',#4085,#4086,#3943,.T.);
#4130=EDGE_CURVE('',#4085,#4105,#3939,.T.);
#4132=EDGE_CURVE('',#4105,#4106,#3947,.T.);
#4134=EDGE_CURVE('',#4086,#4106,#3962,.T.);
#4138=ADVANCED_FACE('',(#4137),#4127,.F.);
#4152=EDGE_CURVE('',#4086,#4106,#3957,.T.);
#4155=EDGE_CURVE('',#4085,#4105,#3952,.T.);
#4159=ADVANCED_FACE('',(#4158),#4150,.F.);
#4176=EDGE_CURVE('',#4089,#4109,#3967,.T.);
#4178=EDGE_CURVE('',#4089,#4109,#3980,.T.);
#4182=ADVANCED_FACE('',(#4175,#4181),#4171,.F.);
#4195=EDGE_CURVE('',#4089,#4090,#3971,.T.);
#4198=EDGE_CURVE('',#4109,#4110,#3975,.T.);
#4200=EDGE_CURVE('',#4090,#4110,#3990,.T.);
#4204=ADVANCED_FACE('',(#4203),#4194,.F.);
#4218=EDGE_CURVE('',#4090,#4110,#3985,.T.);
#4224=ADVANCED_FACE('',(#4223),#4216,.F.);
#4241=EDGE_CURVE('',#4093,#4113,#3995,.T.);
#4243=EDGE_CURVE('',#4093,#4113,#4008,.T.);
#4247=ADVANCED_FACE('',(#4240,#4246),#4236,.F.);
#4260=EDGE_CURVE('',#4093,#4094,#3999,.T.);
#4263=EDGE_CURVE('',#4113,#4114,#4003,.T.);
#4265=EDGE_CURVE('',#4094,#4114,#4026,.T.);
#4269=ADVANCED_FACE('',(#4268),#4259,.F.);
#4283=EDGE_CURVE('',#4094,#4114,#4021,.T.);
#4289=ADVANCED_FACE('',(#4288),#4281,.F.);
#4302=EDGE_CURVE('',#4094,#4096,#4012,.T.);
#4304=EDGE_CURVE('',#4096,#4116,#4031,.T.);
#4306=EDGE_CURVE('',#4114,#4116,#4016,.T.);
#4311=ADVANCED_FACE('',(#4310),#4301,.F.);
#4327=EDGE_CURVE('',#4096,#4116,#4036,.T.);
#4331=ADVANCED_FACE('',(#4330),#4323,.F.);
#4344=EDGE_CURVE('',#4099,#4119,#4041,.T.);
#4346=EDGE_CURVE('',#4099,#4119,#4054,.T.);
#4354=ADVANCED_FACE('',(#4349,#4353),#4343,.T.);
#4367=EDGE_CURVE('',#4099,#4100,#4045,.T.);
#4370=EDGE_CURVE('',#4119,#4120,#4049,.T.);
#4372=EDGE_CURVE('',#4100,#4120,#4072,.T.);
#4376=ADVANCED_FACE('',(#4375),#4366,.T.);
#4390=EDGE_CURVE('',#4100,#4120,#4067,.T.);
#4396=ADVANCED_FACE('',(#4395),#4388,.T.);
#4409=EDGE_CURVE('',#4100,#4102,#4058,.T.);
#4411=EDGE_CURVE('',#4102,#4122,#4077,.T.);
#4413=EDGE_CURVE('',#4120,#4122,#4062,.T.);
#4418=ADVANCED_FACE('',(#4417),#4408,.T.);
#4434=EDGE_CURVE('',#4102,#4122,#4082,.T.);
#4438=ADVANCED_FACE('',(#4437),#4430,.T.);
#4459=ADVANCED_FACE('',(#4454,#4458),#4450,.F.);
#4467=CLOSED_SHELL('',(#4138,#4159,#4182,#4204,#4224,#4247,#4269,#4289,#4311,
#4331,#4354,#4376,#4396,#4418,#4438,#4459));
#4468=MANIFOLD_SOLID_BREP('',#4467);
#4469=(LENGTH_UNIT()NAMED_UNIT(*)SI_UNIT(.MILLI.,.METRE.));
#4470=(NAMED_UNIT(*)PLANE_ANGLE_UNIT()SI_UNIT($,.RADIAN.));
#4473=(NAMED_UNIT(*)SI_UNIT($,.STERADIAN.)SOLID_ANGLE_UNIT());
#4475=(GEOMETRIC_REPRESENTATION_CONTEXT(3)GLOBAL_UNCERTAINTY_ASSIGNED_CONTEXT((
#4474))GLOBAL_UNIT_ASSIGNED_CONTEXT((#4469,#4472,#4473))REPRESENTATION_CONTEXT(
'ID7','3'));
#4479=AXIS2_PLACEMENT_3D('',#4476,#4477,#4478);
#4480=ADVANCED_BREP_SHAPE_REPRESENTATION('',(#4479,#4468),#4475);
#4485=PRODUCT_DEFINITION('part definition','',#4484,#4481);
#4486=PRODUCT_DEFINITION_SHAPE('','SHAPE FOR EA_BCA.',#4485);
#4487=SHAPE_ASPECT('','solid data associated with EA_BCA',#4486,.F.);
#4488=PROPERTY_DEFINITION('',
'shape for solid data with which properties are associated',#4487);
#4489=SHAPE_REPRESENTATION('',(#4468),#4475);
#4490=SHAPE_DEFINITION_REPRESENTATION(#4488,#4489);
#4491=(LENGTH_UNIT()NAMED_UNIT(*)SI_UNIT(.MILLI.,.METRE.));
#4495=PROPERTY_DEFINITION('geometric validation property','area of EA_BCA',
#4487);
#4496=REPRESENTATION('surface area',(#4494),#4475);
#4497=PROPERTY_DEFINITION_REPRESENTATION(#4495,#4496);
#4498=(LENGTH_UNIT()NAMED_UNIT(*)SI_UNIT(.MILLI.,.METRE.));
#4502=PROPERTY_DEFINITION('geometric validation property','volume of EA_BCA',
#4487);
#4503=REPRESENTATION('volume',(#4501),#4475);
#4504=PROPERTY_DEFINITION_REPRESENTATION(#4502,#4503);
#4506=PROPERTY_DEFINITION('geometric validation property','centroid of EA_BCA',
#4487);
#4507=REPRESENTATION('centroid',(#4505),#4475);
#4508=PROPERTY_DEFINITION_REPRESENTATION(#4506,#4507);
#4509=(LENGTH_UNIT()NAMED_UNIT(*)SI_UNIT(.MILLI.,.METRE.));
#4513=PROPERTY_DEFINITION('geometric validation property','area of EA_BCA',
#4486);
#4514=REPRESENTATION('surface area',(#4512),#4475);
#4515=PROPERTY_DEFINITION_REPRESENTATION(#4513,#4514);
#4516=(LENGTH_UNIT()NAMED_UNIT(*)SI_UNIT(.MILLI.,.METRE.));
#4520=PROPERTY_DEFINITION('geometric validation property','volume of EA_BCA',
#4486);
#4521=REPRESENTATION('volume',(#4519),#4475);
#4522=PROPERTY_DEFINITION_REPRESENTATION(#4520,#4521);
#4524=PROPERTY_DEFINITION('geometric validation property','centroid of EA_BCA',
#4486);
#4525=REPRESENTATION('centroid',(#4523),#4475);
#4526=PROPERTY_DEFINITION_REPRESENTATION(#4524,#4525);
#4527=SHAPE_DEFINITION_REPRESENTATION(#4486,#4480);
#4528=NEXT_ASSEMBLY_USAGE_OCCURRENCE('10','Next assembly relationship','EA_BCA',
#4556,#4485,$);
#4529=PRODUCT_DEFINITION_SHAPE('Placement #10',
'Placement of EA_BCA with respect to MLX90642BCA_ASM',#4528);
#4531=PROPERTY_DEFINITION('geometric validation property','centroid of EA_BCA',
#4529);
#4532=REPRESENTATION('centroid',(#4530),#4475);
#4533=PROPERTY_DEFINITION_REPRESENTATION(#4531,#4532);
#4541=(LENGTH_UNIT()NAMED_UNIT(*)SI_UNIT(.MILLI.,.METRE.));
#4542=(NAMED_UNIT(*)PLANE_ANGLE_UNIT()SI_UNIT($,.RADIAN.));
#4545=(NAMED_UNIT(*)SI_UNIT($,.STERADIAN.)SOLID_ANGLE_UNIT());
#4547=(GEOMETRIC_REPRESENTATION_CONTEXT(3)GLOBAL_UNCERTAINTY_ASSIGNED_CONTEXT((
#4546))GLOBAL_UNIT_ASSIGNED_CONTEXT((#4541,#4544,#4545))REPRESENTATION_CONTEXT(
'ID8','3'));
#4551=AXIS2_PLACEMENT_3D('',#4548,#4549,#4550);
#4556=PRODUCT_DEFINITION('part definition','',#4555,#4481);
#4557=(LENGTH_UNIT()NAMED_UNIT(*)SI_UNIT(.MILLI.,.METRE.));
#4561=PROPERTY_DEFINITION('geometric validation property',
'area of MLX90642BCA_ASM',#1371);
#4562=REPRESENTATION('surface area',(#4560),#4547);
#4563=PROPERTY_DEFINITION_REPRESENTATION(#4561,#4562);
#4564=(LENGTH_UNIT()NAMED_UNIT(*)SI_UNIT(.MILLI.,.METRE.));
#4568=PROPERTY_DEFINITION('geometric validation property',
'volume of MLX90642BCA_ASM',#1371);
#4569=REPRESENTATION('volume',(#4567),#4547);
#4570=PROPERTY_DEFINITION_REPRESENTATION(#4568,#4569);
#4572=PROPERTY_DEFINITION('geometric validation property',
'centroid of MLX90642BCA_ASM',#1371);
#4573=REPRESENTATION('centroid',(#4571),#4547);
#4574=PROPERTY_DEFINITION_REPRESENTATION(#4572,#4573);
ENDSEC;
END-ISO-10303-21;
