ISO-10303-21;
HEADER;
/* Generated by software containing ST-Developer
 * from STEP Tools, Inc. (www.steptools.com) 
 */

FILE_DESCRIPTION(
/* description */ ('STEP AP214'),
/* implementation_level */ '2;1');

FILE_NAME(
/* name */ 'MYOUNG-MY-2450-05.step',
/* time_stamp */ '2025-05-09T23:45:32+02:00',
/* author */ (''),
/* organization */ (''),
/* preprocessor_version */ 'ST-DEVELOPER v20.1',
/* originating_system */ 'Autodesk Translation Framework v14.4.0.0',
/* authorisation */ '');

FILE_SCHEMA (('AUTOMOTIVE_DESIGN { 1 0 10303 214 3 1 1 }'));
ENDSEC;

DATA;
#10=MECHANICAL_DESIGN_GEOMETRIC_PRESENTATION_REPRESENTATION('',(#13),#2757);
#11=SHAPE_REPRESENTATION_RELATIONSHIP('SRR','None',#2764,#12);
#12=ADVANCED_BREP_SHAPE_REPRESENTATION('',(#14),#2756);
#13=STYLED_ITEM('',(#2774),#14);
#14=MANIFOLD_SOLID_BREP('Body1',#1683);
#15=ELLIPSE('',#1738,0.679745084638575,0.549999994498152);
#16=ELLIPSE('',#1760,0.679745093644999,0.55000000902874);
#17=ELLIPSE('',#1777,0.476428068807185,0.412543588079967);
#18=FACE_BOUND('',#173,.T.);
#19=FACE_BOUND('',#174,.T.);
#20=FACE_BOUND('',#205,.T.);
#21=FACE_BOUND('',#206,.T.);
#22=CYLINDRICAL_SURFACE('',#1717,1.15);
#23=CYLINDRICAL_SURFACE('',#1719,1.15);
#24=CYLINDRICAL_SURFACE('',#1729,1.61393867263768);
#25=CYLINDRICAL_SURFACE('',#1732,1.61393867263768);
#26=CYLINDRICAL_SURFACE('',#1740,0.750000000000001);
#27=CYLINDRICAL_SURFACE('',#1746,3.5);
#28=CYLINDRICAL_SURFACE('',#1748,12.);
#29=CYLINDRICAL_SURFACE('',#1750,3.5);
#30=CYLINDRICAL_SURFACE('',#1755,0.750000000000001);
#31=CYLINDRICAL_SURFACE('',#1762,0.750000000000001);
#32=CYLINDRICAL_SURFACE('',#1781,0.55);
#33=CYLINDRICAL_SURFACE('',#1784,0.55);
#34=CYLINDRICAL_SURFACE('',#1787,0.55);
#35=CYLINDRICAL_SURFACE('',#1796,0.5);
#36=CYLINDRICAL_SURFACE('',#1805,0.5);
#37=CYLINDRICAL_SURFACE('',#1818,0.750000000000001);
#38=CYLINDRICAL_SURFACE('',#1819,0.750000000000001);
#39=CIRCLE('',#1702,0.750000000000001);
#40=CIRCLE('',#1703,0.5);
#41=CIRCLE('',#1705,1.15);
#42=CIRCLE('',#1707,0.5);
#43=CIRCLE('',#1708,0.750000000000001);
#44=CIRCLE('',#1710,0.5);
#45=CIRCLE('',#1711,0.750000000000001);
#46=CIRCLE('',#1713,0.750000000000001);
#47=CIRCLE('',#1714,0.5);
#48=CIRCLE('',#1716,1.15);
#49=CIRCLE('',#1718,1.15);
#50=CIRCLE('',#1720,1.15);
#51=CIRCLE('',#1722,3.5);
#52=CIRCLE('',#1723,12.);
#53=CIRCLE('',#1724,3.5);
#54=CIRCLE('',#1725,1.61393867263768);
#55=CIRCLE('',#1726,1.61393867263768);
#56=CIRCLE('',#1730,1.61393867263768);
#57=CIRCLE('',#1733,1.61393867263768);
#58=CIRCLE('',#1741,0.750000000000001);
#59=CIRCLE('',#1742,0.750000000000001);
#60=CIRCLE('',#1747,3.5);
#61=CIRCLE('',#1749,12.);
#62=CIRCLE('',#1751,3.5);
#63=CIRCLE('',#1756,0.750000000000001);
#64=CIRCLE('',#1757,0.750000000000001);
#65=CIRCLE('',#1763,0.750000000000001);
#66=CIRCLE('',#1764,0.750000000000001);
#67=CIRCLE('',#1782,0.55);
#68=CIRCLE('',#1783,0.55);
#69=CIRCLE('',#1785,0.55);
#70=CIRCLE('',#1786,0.55);
#71=CIRCLE('',#1788,0.55);
#72=CIRCLE('',#1789,0.55);
#73=FACE_OUTER_BOUND('',#160,.T.);
#74=FACE_OUTER_BOUND('',#161,.T.);
#75=FACE_OUTER_BOUND('',#162,.T.);
#76=FACE_OUTER_BOUND('',#163,.T.);
#77=FACE_OUTER_BOUND('',#164,.T.);
#78=FACE_OUTER_BOUND('',#165,.T.);
#79=FACE_OUTER_BOUND('',#166,.T.);
#80=FACE_OUTER_BOUND('',#167,.T.);
#81=FACE_OUTER_BOUND('',#168,.T.);
#82=FACE_OUTER_BOUND('',#169,.T.);
#83=FACE_OUTER_BOUND('',#170,.T.);
#84=FACE_OUTER_BOUND('',#171,.T.);
#85=FACE_OUTER_BOUND('',#172,.T.);
#86=FACE_OUTER_BOUND('',#175,.T.);
#87=FACE_OUTER_BOUND('',#176,.T.);
#88=FACE_OUTER_BOUND('',#177,.T.);
#89=FACE_OUTER_BOUND('',#178,.T.);
#90=FACE_OUTER_BOUND('',#179,.T.);
#91=FACE_OUTER_BOUND('',#180,.T.);
#92=FACE_OUTER_BOUND('',#181,.T.);
#93=FACE_OUTER_BOUND('',#182,.T.);
#94=FACE_OUTER_BOUND('',#183,.T.);
#95=FACE_OUTER_BOUND('',#184,.T.);
#96=FACE_OUTER_BOUND('',#185,.T.);
#97=FACE_OUTER_BOUND('',#186,.T.);
#98=FACE_OUTER_BOUND('',#187,.T.);
#99=FACE_OUTER_BOUND('',#188,.T.);
#100=FACE_OUTER_BOUND('',#189,.T.);
#101=FACE_OUTER_BOUND('',#190,.T.);
#102=FACE_OUTER_BOUND('',#191,.T.);
#103=FACE_OUTER_BOUND('',#192,.T.);
#104=FACE_OUTER_BOUND('',#193,.T.);
#105=FACE_OUTER_BOUND('',#194,.T.);
#106=FACE_OUTER_BOUND('',#195,.T.);
#107=FACE_OUTER_BOUND('',#196,.T.);
#108=FACE_OUTER_BOUND('',#197,.T.);
#109=FACE_OUTER_BOUND('',#198,.T.);
#110=FACE_OUTER_BOUND('',#199,.T.);
#111=FACE_OUTER_BOUND('',#200,.T.);
#112=FACE_OUTER_BOUND('',#201,.T.);
#113=FACE_OUTER_BOUND('',#202,.T.);
#114=FACE_OUTER_BOUND('',#203,.T.);
#115=FACE_OUTER_BOUND('',#204,.T.);
#116=FACE_OUTER_BOUND('',#207,.T.);
#117=FACE_OUTER_BOUND('',#208,.T.);
#118=FACE_OUTER_BOUND('',#209,.T.);
#119=FACE_OUTER_BOUND('',#210,.T.);
#120=FACE_OUTER_BOUND('',#211,.T.);
#121=FACE_OUTER_BOUND('',#212,.T.);
#122=FACE_OUTER_BOUND('',#213,.T.);
#123=FACE_OUTER_BOUND('',#214,.T.);
#124=FACE_OUTER_BOUND('',#215,.T.);
#125=FACE_OUTER_BOUND('',#216,.T.);
#126=FACE_OUTER_BOUND('',#217,.T.);
#127=FACE_OUTER_BOUND('',#218,.T.);
#128=FACE_OUTER_BOUND('',#219,.T.);
#129=FACE_OUTER_BOUND('',#220,.T.);
#130=FACE_OUTER_BOUND('',#221,.T.);
#131=FACE_OUTER_BOUND('',#222,.T.);
#132=FACE_OUTER_BOUND('',#223,.T.);
#133=FACE_OUTER_BOUND('',#224,.T.);
#134=FACE_OUTER_BOUND('',#225,.T.);
#135=FACE_OUTER_BOUND('',#226,.T.);
#136=FACE_OUTER_BOUND('',#227,.T.);
#137=FACE_OUTER_BOUND('',#228,.T.);
#138=FACE_OUTER_BOUND('',#229,.T.);
#139=FACE_OUTER_BOUND('',#230,.T.);
#140=FACE_OUTER_BOUND('',#231,.T.);
#141=FACE_OUTER_BOUND('',#232,.T.);
#142=FACE_OUTER_BOUND('',#233,.T.);
#143=FACE_OUTER_BOUND('',#234,.T.);
#144=FACE_OUTER_BOUND('',#235,.T.);
#145=FACE_OUTER_BOUND('',#236,.T.);
#146=FACE_OUTER_BOUND('',#237,.T.);
#147=FACE_OUTER_BOUND('',#238,.T.);
#148=FACE_OUTER_BOUND('',#239,.T.);
#149=FACE_OUTER_BOUND('',#240,.T.);
#150=FACE_OUTER_BOUND('',#241,.T.);
#151=FACE_OUTER_BOUND('',#242,.T.);
#152=FACE_OUTER_BOUND('',#243,.T.);
#153=FACE_OUTER_BOUND('',#244,.T.);
#154=FACE_OUTER_BOUND('',#245,.T.);
#155=FACE_OUTER_BOUND('',#246,.T.);
#156=FACE_OUTER_BOUND('',#247,.T.);
#157=FACE_OUTER_BOUND('',#248,.T.);
#158=FACE_OUTER_BOUND('',#249,.T.);
#159=FACE_OUTER_BOUND('',#250,.T.);
#160=EDGE_LOOP('',(#1048,#1049,#1050,#1051));
#161=EDGE_LOOP('',(#1052,#1053,#1054,#1055));
#162=EDGE_LOOP('',(#1056,#1057,#1058,#1059));
#163=EDGE_LOOP('',(#1060,#1061,#1062,#1063));
#164=EDGE_LOOP('',(#1064,#1065,#1066,#1067,#1068,#1069));
#165=EDGE_LOOP('',(#1070,#1071,#1072,#1073,#1074,#1075));
#166=EDGE_LOOP('',(#1076,#1077,#1078,#1079,#1080,#1081));
#167=EDGE_LOOP('',(#1082,#1083,#1084,#1085,#1086,#1087));
#168=EDGE_LOOP('',(#1088,#1089,#1090,#1091,#1092,#1093));
#169=EDGE_LOOP('',(#1094,#1095,#1096,#1097,#1098,#1099));
#170=EDGE_LOOP('',(#1100,#1101,#1102,#1103));
#171=EDGE_LOOP('',(#1104,#1105,#1106,#1107));
#172=EDGE_LOOP('',(#1108,#1109,#1110,#1111,#1112,#1113,#1114,#1115,#1116,
#1117,#1118,#1119,#1120,#1121,#1122,#1123,#1124,#1125,#1126,#1127));
#173=EDGE_LOOP('',(#1128,#1129,#1130,#1131));
#174=EDGE_LOOP('',(#1132,#1133,#1134,#1135));
#175=EDGE_LOOP('',(#1136,#1137,#1138,#1139,#1140,#1141));
#176=EDGE_LOOP('',(#1142,#1143,#1144,#1145));
#177=EDGE_LOOP('',(#1146,#1147,#1148,#1149));
#178=EDGE_LOOP('',(#1150,#1151,#1152,#1153));
#179=EDGE_LOOP('',(#1154,#1155,#1156,#1157));
#180=EDGE_LOOP('',(#1158,#1159,#1160,#1161));
#181=EDGE_LOOP('',(#1162,#1163,#1164,#1165,#1166,#1167));
#182=EDGE_LOOP('',(#1168,#1169,#1170,#1171));
#183=EDGE_LOOP('',(#1172,#1173,#1174,#1175,#1176));
#184=EDGE_LOOP('',(#1177,#1178,#1179,#1180));
#185=EDGE_LOOP('',(#1181,#1182,#1183,#1184));
#186=EDGE_LOOP('',(#1185,#1186,#1187,#1188));
#187=EDGE_LOOP('',(#1189,#1190,#1191,#1192));
#188=EDGE_LOOP('',(#1193,#1194,#1195,#1196));
#189=EDGE_LOOP('',(#1197,#1198,#1199,#1200));
#190=EDGE_LOOP('',(#1201,#1202,#1203,#1204));
#191=EDGE_LOOP('',(#1205,#1206,#1207,#1208));
#192=EDGE_LOOP('',(#1209,#1210,#1211,#1212));
#193=EDGE_LOOP('',(#1213,#1214,#1215,#1216));
#194=EDGE_LOOP('',(#1217,#1218,#1219,#1220));
#195=EDGE_LOOP('',(#1221,#1222,#1223,#1224));
#196=EDGE_LOOP('',(#1225,#1226,#1227,#1228));
#197=EDGE_LOOP('',(#1229,#1230,#1231,#1232,#1233));
#198=EDGE_LOOP('',(#1234,#1235,#1236,#1237));
#199=EDGE_LOOP('',(#1238,#1239,#1240,#1241));
#200=EDGE_LOOP('',(#1242,#1243,#1244,#1245,#1246,#1247));
#201=EDGE_LOOP('',(#1248,#1249,#1250,#1251,#1252,#1253));
#202=EDGE_LOOP('',(#1254,#1255,#1256,#1257,#1258,#1259));
#203=EDGE_LOOP('',(#1260,#1261,#1262,#1263));
#204=EDGE_LOOP('',(#1264,#1265,#1266,#1267,#1268,#1269,#1270,#1271,#1272,
#1273,#1274,#1275,#1276,#1277,#1278,#1279,#1280,#1281,#1282,#1283));
#205=EDGE_LOOP('',(#1284,#1285,#1286,#1287,#1288,#1289));
#206=EDGE_LOOP('',(#1290,#1291,#1292,#1293,#1294,#1295));
#207=EDGE_LOOP('',(#1296,#1297,#1298,#1299,#1300,#1301));
#208=EDGE_LOOP('',(#1302,#1303,#1304,#1305));
#209=EDGE_LOOP('',(#1306,#1307,#1308,#1309,#1310,#1311));
#210=EDGE_LOOP('',(#1312,#1313,#1314,#1315,#1316,#1317,#1318,#1319,#1320,
#1321));
#211=EDGE_LOOP('',(#1322,#1323,#1324,#1325,#1326,#1327,#1328,#1329,#1330,
#1331));
#212=EDGE_LOOP('',(#1332,#1333,#1334,#1335));
#213=EDGE_LOOP('',(#1336,#1337,#1338));
#214=EDGE_LOOP('',(#1339,#1340,#1341,#1342));
#215=EDGE_LOOP('',(#1343,#1344,#1345,#1346));
#216=EDGE_LOOP('',(#1347,#1348,#1349,#1350));
#217=EDGE_LOOP('',(#1351,#1352,#1353,#1354,#1355,#1356));
#218=EDGE_LOOP('',(#1357,#1358,#1359,#1360,#1361,#1362));
#219=EDGE_LOOP('',(#1363,#1364,#1365,#1366,#1367,#1368));
#220=EDGE_LOOP('',(#1369,#1370,#1371,#1372));
#221=EDGE_LOOP('',(#1373,#1374,#1375,#1376,#1377,#1378));
#222=EDGE_LOOP('',(#1379,#1380,#1381,#1382,#1383,#1384,#1385,#1386));
#223=EDGE_LOOP('',(#1387,#1388,#1389,#1390));
#224=EDGE_LOOP('',(#1391,#1392,#1393,#1394));
#225=EDGE_LOOP('',(#1395,#1396,#1397,#1398));
#226=EDGE_LOOP('',(#1399,#1400,#1401,#1402));
#227=EDGE_LOOP('',(#1403,#1404,#1405,#1406));
#228=EDGE_LOOP('',(#1407,#1408,#1409,#1410));
#229=EDGE_LOOP('',(#1411,#1412,#1413,#1414));
#230=EDGE_LOOP('',(#1415,#1416,#1417,#1418,#1419,#1420,#1421,#1422));
#231=EDGE_LOOP('',(#1423,#1424,#1425,#1426,#1427,#1428));
#232=EDGE_LOOP('',(#1429,#1430,#1431,#1432));
#233=EDGE_LOOP('',(#1433,#1434,#1435,#1436));
#234=EDGE_LOOP('',(#1437,#1438,#1439,#1440));
#235=EDGE_LOOP('',(#1441,#1442,#1443,#1444));
#236=EDGE_LOOP('',(#1445,#1446,#1447,#1448));
#237=EDGE_LOOP('',(#1449,#1450,#1451,#1452));
#238=EDGE_LOOP('',(#1453,#1454,#1455,#1456));
#239=EDGE_LOOP('',(#1457,#1458,#1459,#1460,#1461,#1462,#1463));
#240=EDGE_LOOP('',(#1464,#1465,#1466,#1467,#1468,#1469));
#241=EDGE_LOOP('',(#1470,#1471,#1472,#1473));
#242=EDGE_LOOP('',(#1474,#1475,#1476,#1477));
#243=EDGE_LOOP('',(#1478,#1479,#1480,#1481));
#244=EDGE_LOOP('',(#1482,#1483,#1484,#1485,#1486,#1487,#1488,#1489,#1490,
#1491));
#245=EDGE_LOOP('',(#1492,#1493,#1494,#1495,#1496,#1497,#1498,#1499,#1500,
#1501));
#246=EDGE_LOOP('',(#1502,#1503,#1504,#1505));
#247=EDGE_LOOP('',(#1506,#1507,#1508,#1509,#1510,#1511));
#248=EDGE_LOOP('',(#1512,#1513,#1514,#1515));
#249=EDGE_LOOP('',(#1516,#1517,#1518,#1519));
#250=EDGE_LOOP('',(#1520,#1521,#1522,#1523,#1524,#1525));
#251=LINE('',#2277,#453);
#252=LINE('',#2279,#454);
#253=LINE('',#2281,#455);
#254=LINE('',#2282,#456);
#255=LINE('',#2286,#457);
#256=LINE('',#2288,#458);
#257=LINE('',#2290,#459);
#258=LINE('',#2291,#460);
#259=LINE('',#2295,#461);
#260=LINE('',#2297,#462);
#261=LINE('',#2299,#463);
#262=LINE('',#2300,#464);
#263=LINE('',#2304,#465);
#264=LINE('',#2306,#466);
#265=LINE('',#2308,#467);
#266=LINE('',#2309,#468);
#267=LINE('',#2312,#469);
#268=LINE('',#2316,#470);
#269=LINE('',#2319,#471);
#270=LINE('',#2323,#472);
#271=LINE('',#2324,#473);
#272=LINE('',#2327,#474);
#273=LINE('',#2331,#475);
#274=LINE('',#2335,#476);
#275=LINE('',#2339,#477);
#276=LINE('',#2342,#478);
#277=LINE('',#2345,#479);
#278=LINE('',#2349,#480);
#279=LINE('',#2352,#481);
#280=LINE('',#2355,#482);
#281=LINE('',#2363,#483);
#282=LINE('',#2365,#484);
#283=LINE('',#2367,#485);
#284=LINE('',#2369,#486);
#285=LINE('',#2371,#487);
#286=LINE('',#2373,#488);
#287=LINE('',#2375,#489);
#288=LINE('',#2377,#490);
#289=LINE('',#2379,#491);
#290=LINE('',#2381,#492);
#291=LINE('',#2383,#493);
#292=LINE('',#2385,#494);
#293=LINE('',#2393,#495);
#294=LINE('',#2395,#496);
#295=LINE('',#2397,#497);
#296=LINE('',#2399,#498);
#297=LINE('',#2400,#499);
#298=LINE('',#2403,#500);
#299=LINE('',#2405,#501);
#300=LINE('',#2407,#502);
#301=LINE('',#2411,#503);
#302=LINE('',#2415,#504);
#303=LINE('',#2416,#505);
#304=LINE('',#2419,#506);
#305=LINE('',#2421,#507);
#306=LINE('',#2423,#508);
#307=LINE('',#2425,#509);
#308=LINE('',#2426,#510);
#309=LINE('',#2429,#511);
#310=LINE('',#2430,#512);
#311=LINE('',#2433,#513);
#312=LINE('',#2436,#514);
#313=LINE('',#2439,#515);
#314=LINE('',#2442,#516);
#315=LINE('',#2445,#517);
#316=LINE('',#2446,#518);
#317=LINE('',#2450,#519);
#318=LINE('',#2452,#520);
#319=LINE('',#2453,#521);
#320=LINE('',#2454,#522);
#321=LINE('',#2456,#523);
#322=LINE('',#2462,#524);
#323=LINE('',#2463,#525);
#324=LINE('',#2464,#526);
#325=LINE('',#2467,#527);
#326=LINE('',#2468,#528);
#327=LINE('',#2473,#529);
#328=LINE('',#2477,#530);
#329=LINE('',#2479,#531);
#330=LINE('',#2480,#532);
#331=LINE('',#2483,#533);
#332=LINE('',#2484,#534);
#333=LINE('',#2487,#535);
#334=LINE('',#2488,#536);
#335=LINE('',#2491,#537);
#336=LINE('',#2495,#538);
#337=LINE('',#2499,#539);
#338=LINE('',#2503,#540);
#339=LINE('',#2504,#541);
#340=LINE('',#2507,#542);
#341=LINE('',#2508,#543);
#342=LINE('',#2511,#544);
#343=LINE('',#2512,#545);
#344=LINE('',#2517,#546);
#345=LINE('',#2522,#547);
#346=LINE('',#2523,#548);
#347=LINE('',#2524,#549);
#348=LINE('',#2527,#550);
#349=LINE('',#2529,#551);
#350=LINE('',#2533,#552);
#351=LINE('',#2534,#553);
#352=LINE('',#2540,#554);
#353=LINE('',#2543,#555);
#354=LINE('',#2545,#556);
#355=LINE('',#2547,#557);
#356=LINE('',#2548,#558);
#357=LINE('',#2552,#559);
#358=LINE('',#2554,#560);
#359=LINE('',#2556,#561);
#360=LINE('',#2557,#562);
#361=LINE('',#2558,#563);
#362=LINE('',#2562,#564);
#363=LINE('',#2564,#565);
#364=LINE('',#2566,#566);
#365=LINE('',#2567,#567);
#366=LINE('',#2568,#568);
#367=LINE('',#2570,#569);
#368=LINE('',#2573,#570);
#369=LINE('',#2575,#571);
#370=LINE('',#2577,#572);
#371=LINE('',#2578,#573);
#372=LINE('',#2580,#574);
#373=LINE('',#2581,#575);
#374=LINE('',#2582,#576);
#375=LINE('',#2584,#577);
#376=LINE('',#2586,#578);
#377=LINE('',#2587,#579);
#378=LINE('',#2588,#580);
#379=LINE('',#2592,#581);
#380=LINE('',#2593,#582);
#381=LINE('',#2595,#583);
#382=LINE('',#2596,#584);
#383=LINE('',#2599,#585);
#384=LINE('',#2600,#586);
#385=LINE('',#2603,#587);
#386=LINE('',#2605,#588);
#387=LINE('',#2606,#589);
#388=LINE('',#2609,#590);
#389=LINE('',#2611,#591);
#390=LINE('',#2613,#592);
#391=LINE('',#2614,#593);
#392=LINE('',#2615,#594);
#393=LINE('',#2617,#595);
#394=LINE('',#2619,#596);
#395=LINE('',#2621,#597);
#396=LINE('',#2622,#598);
#397=LINE('',#2625,#599);
#398=LINE('',#2627,#600);
#399=LINE('',#2629,#601);
#400=LINE('',#2630,#602);
#401=LINE('',#2631,#603);
#402=LINE('',#2633,#604);
#403=LINE('',#2635,#605);
#404=LINE('',#2637,#606);
#405=LINE('',#2638,#607);
#406=LINE('',#2641,#608);
#407=LINE('',#2643,#609);
#408=LINE('',#2644,#610);
#409=LINE('',#2648,#611);
#410=LINE('',#2650,#612);
#411=LINE('',#2652,#613);
#412=LINE('',#2658,#614);
#413=LINE('',#2662,#615);
#414=LINE('',#2669,#616);
#415=LINE('',#2672,#617);
#416=LINE('',#2675,#618);
#417=LINE('',#2676,#619);
#418=LINE('',#2679,#620);
#419=LINE('',#2680,#621);
#420=LINE('',#2683,#622);
#421=LINE('',#2684,#623);
#422=LINE('',#2687,#624);
#423=LINE('',#2688,#625);
#424=LINE('',#2690,#626);
#425=LINE('',#2694,#627);
#426=LINE('',#2695,#628);
#427=LINE('',#2698,#629);
#428=LINE('',#2699,#630);
#429=LINE('',#2701,#631);
#430=LINE('',#2704,#632);
#431=LINE('',#2705,#633);
#432=LINE('',#2708,#634);
#433=LINE('',#2709,#635);
#434=LINE('',#2712,#636);
#435=LINE('',#2713,#637);
#436=LINE('',#2716,#638);
#437=LINE('',#2717,#639);
#438=LINE('',#2719,#640);
#439=LINE('',#2721,#641);
#440=LINE('',#2724,#642);
#441=LINE('',#2725,#643);
#442=LINE('',#2728,#644);
#443=LINE('',#2729,#645);
#444=LINE('',#2731,#646);
#445=LINE('',#2734,#647);
#446=LINE('',#2735,#648);
#447=LINE('',#2738,#649);
#448=LINE('',#2739,#650);
#449=LINE('',#2741,#651);
#450=LINE('',#2745,#652);
#451=LINE('',#2747,#653);
#452=LINE('',#2752,#654);
#453=VECTOR('',#1825,10.);
#454=VECTOR('',#1826,10.);
#455=VECTOR('',#1827,10.);
#456=VECTOR('',#1828,10.);
#457=VECTOR('',#1831,10.);
#458=VECTOR('',#1832,10.);
#459=VECTOR('',#1833,10.);
#460=VECTOR('',#1834,10.);
#461=VECTOR('',#1837,10.);
#462=VECTOR('',#1838,10.);
#463=VECTOR('',#1839,10.);
#464=VECTOR('',#1840,10.);
#465=VECTOR('',#1843,10.);
#466=VECTOR('',#1844,10.);
#467=VECTOR('',#1845,10.);
#468=VECTOR('',#1846,10.);
#469=VECTOR('',#1849,1000.);
#470=VECTOR('',#1852,1000.);
#471=VECTOR('',#1855,1000.);
#472=VECTOR('',#1860,1000.);
#473=VECTOR('',#1861,1000.);
#474=VECTOR('',#1864,1000.);
#475=VECTOR('',#1867,1000.);
#476=VECTOR('',#1872,1000.);
#477=VECTOR('',#1875,1000.);
#478=VECTOR('',#1878,1000.);
#479=VECTOR('',#1881,1000.);
#480=VECTOR('',#1884,1000.);
#481=VECTOR('',#1887,1000.);
#482=VECTOR('',#1892,1000.);
#483=VECTOR('',#1903,1000.);
#484=VECTOR('',#1904,1000.);
#485=VECTOR('',#1905,1000.);
#486=VECTOR('',#1906,1000.);
#487=VECTOR('',#1907,1000.);
#488=VECTOR('',#1908,1000.);
#489=VECTOR('',#1909,1000.);
#490=VECTOR('',#1910,1000.);
#491=VECTOR('',#1911,1000.);
#492=VECTOR('',#1912,1000.);
#493=VECTOR('',#1913,1000.);
#494=VECTOR('',#1914,1000.);
#495=VECTOR('',#1921,1000.);
#496=VECTOR('',#1922,1000.);
#497=VECTOR('',#1923,1000.);
#498=VECTOR('',#1924,1000.);
#499=VECTOR('',#1925,1000.);
#500=VECTOR('',#1926,1000.);
#501=VECTOR('',#1927,1000.);
#502=VECTOR('',#1928,1000.);
#503=VECTOR('',#1931,1000.);
#504=VECTOR('',#1934,1000.);
#505=VECTOR('',#1935,1000.);
#506=VECTOR('',#1938,1000.);
#507=VECTOR('',#1939,1000.);
#508=VECTOR('',#1940,1000.);
#509=VECTOR('',#1941,1000.);
#510=VECTOR('',#1942,1000.);
#511=VECTOR('',#1945,1000.);
#512=VECTOR('',#1946,1000.);
#513=VECTOR('',#1949,1000.);
#514=VECTOR('',#1954,1000.);
#515=VECTOR('',#1957,1000.);
#516=VECTOR('',#1960,1000.);
#517=VECTOR('',#1963,1000.);
#518=VECTOR('',#1964,1000.);
#519=VECTOR('',#1967,1000.);
#520=VECTOR('',#1968,1000.);
#521=VECTOR('',#1969,1000.);
#522=VECTOR('',#1970,1000.);
#523=VECTOR('',#1973,1000.);
#524=VECTOR('',#1978,1000.);
#525=VECTOR('',#1979,1000.);
#526=VECTOR('',#1980,1000.);
#527=VECTOR('',#1983,1000.);
#528=VECTOR('',#1984,1000.);
#529=VECTOR('',#1989,1000.);
#530=VECTOR('',#1994,1000.);
#531=VECTOR('',#1995,1000.);
#532=VECTOR('',#1996,1000.);
#533=VECTOR('',#1999,1000.);
#534=VECTOR('',#2000,1000.);
#535=VECTOR('',#2003,1000.);
#536=VECTOR('',#2004,1000.);
#537=VECTOR('',#2007,1000.);
#538=VECTOR('',#2012,1000.);
#539=VECTOR('',#2017,1000.);
#540=VECTOR('',#2022,1000.);
#541=VECTOR('',#2023,1000.);
#542=VECTOR('',#2026,1000.);
#543=VECTOR('',#2027,1000.);
#544=VECTOR('',#2030,1000.);
#545=VECTOR('',#2031,1000.);
#546=VECTOR('',#2036,1000.);
#547=VECTOR('',#2041,1000.);
#548=VECTOR('',#2042,1000.);
#549=VECTOR('',#2043,1000.);
#550=VECTOR('',#2046,1000.);
#551=VECTOR('',#2047,1000.);
#552=VECTOR('',#2052,1000.);
#553=VECTOR('',#2053,1000.);
#554=VECTOR('',#2060,1000.);
#555=VECTOR('',#2063,1000.);
#556=VECTOR('',#2064,1000.);
#557=VECTOR('',#2065,1000.);
#558=VECTOR('',#2066,1000.);
#559=VECTOR('',#2069,1000.);
#560=VECTOR('',#2070,1000.);
#561=VECTOR('',#2071,1000.);
#562=VECTOR('',#2072,1000.);
#563=VECTOR('',#2073,1000.);
#564=VECTOR('',#2076,1000.);
#565=VECTOR('',#2077,1000.);
#566=VECTOR('',#2078,1000.);
#567=VECTOR('',#2079,1000.);
#568=VECTOR('',#2080,1000.);
#569=VECTOR('',#2083,1000.);
#570=VECTOR('',#2086,1000.);
#571=VECTOR('',#2087,1000.);
#572=VECTOR('',#2088,1000.);
#573=VECTOR('',#2089,1000.);
#574=VECTOR('',#2090,1000.);
#575=VECTOR('',#2091,1000.);
#576=VECTOR('',#2092,1000.);
#577=VECTOR('',#2093,1000.);
#578=VECTOR('',#2094,1000.);
#579=VECTOR('',#2095,1000.);
#580=VECTOR('',#2096,1000.);
#581=VECTOR('',#2099,1000.);
#582=VECTOR('',#2100,1000.);
#583=VECTOR('',#2101,1000.);
#584=VECTOR('',#2102,1000.);
#585=VECTOR('',#2105,1000.);
#586=VECTOR('',#2106,1000.);
#587=VECTOR('',#2109,1000.);
#588=VECTOR('',#2110,1000.);
#589=VECTOR('',#2111,1000.);
#590=VECTOR('',#2114,1000.);
#591=VECTOR('',#2115,1000.);
#592=VECTOR('',#2116,1000.);
#593=VECTOR('',#2117,1000.);
#594=VECTOR('',#2118,1000.);
#595=VECTOR('',#2119,1000.);
#596=VECTOR('',#2120,1000.);
#597=VECTOR('',#2121,1000.);
#598=VECTOR('',#2122,1000.);
#599=VECTOR('',#2125,1000.);
#600=VECTOR('',#2126,1000.);
#601=VECTOR('',#2127,1000.);
#602=VECTOR('',#2128,1000.);
#603=VECTOR('',#2129,1000.);
#604=VECTOR('',#2130,1000.);
#605=VECTOR('',#2131,1000.);
#606=VECTOR('',#2132,1000.);
#607=VECTOR('',#2133,1000.);
#608=VECTOR('',#2136,1000.);
#609=VECTOR('',#2137,1000.);
#610=VECTOR('',#2138,1000.);
#611=VECTOR('',#2145,1000.);
#612=VECTOR('',#2148,1000.);
#613=VECTOR('',#2151,1000.);
#614=VECTOR('',#2158,1000.);
#615=VECTOR('',#2161,1000.);
#616=VECTOR('',#2170,1000.);
#617=VECTOR('',#2175,1000.);
#618=VECTOR('',#2178,1000.);
#619=VECTOR('',#2179,1000.);
#620=VECTOR('',#2182,1000.);
#621=VECTOR('',#2183,1000.);
#622=VECTOR('',#2186,1000.);
#623=VECTOR('',#2187,1000.);
#624=VECTOR('',#2190,1000.);
#625=VECTOR('',#2191,1000.);
#626=VECTOR('',#2194,1000.);
#627=VECTOR('',#2199,1000.);
#628=VECTOR('',#2200,1000.);
#629=VECTOR('',#2203,1000.);
#630=VECTOR('',#2204,1000.);
#631=VECTOR('',#2207,1000.);
#632=VECTOR('',#2210,1000.);
#633=VECTOR('',#2211,1000.);
#634=VECTOR('',#2214,1000.);
#635=VECTOR('',#2215,1000.);
#636=VECTOR('',#2218,1000.);
#637=VECTOR('',#2219,1000.);
#638=VECTOR('',#2222,1000.);
#639=VECTOR('',#2223,1000.);
#640=VECTOR('',#2226,1000.);
#641=VECTOR('',#2229,1000.);
#642=VECTOR('',#2232,1000.);
#643=VECTOR('',#2233,1000.);
#644=VECTOR('',#2236,1000.);
#645=VECTOR('',#2237,1000.);
#646=VECTOR('',#2240,1000.);
#647=VECTOR('',#2243,1000.);
#648=VECTOR('',#2244,1000.);
#649=VECTOR('',#2247,1000.);
#650=VECTOR('',#2248,1000.);
#651=VECTOR('',#2251,1000.);
#652=VECTOR('',#2258,1000.);
#653=VECTOR('',#2261,1000.);
#654=VECTOR('',#2270,1000.);
#655=VERTEX_POINT('',#2275);
#656=VERTEX_POINT('',#2276);
#657=VERTEX_POINT('',#2278);
#658=VERTEX_POINT('',#2280);
#659=VERTEX_POINT('',#2284);
#660=VERTEX_POINT('',#2285);
#661=VERTEX_POINT('',#2287);
#662=VERTEX_POINT('',#2289);
#663=VERTEX_POINT('',#2293);
#664=VERTEX_POINT('',#2294);
#665=VERTEX_POINT('',#2296);
#666=VERTEX_POINT('',#2298);
#667=VERTEX_POINT('',#2302);
#668=VERTEX_POINT('',#2303);
#669=VERTEX_POINT('',#2305);
#670=VERTEX_POINT('',#2307);
#671=VERTEX_POINT('',#2311);
#672=VERTEX_POINT('',#2313);
#673=VERTEX_POINT('',#2315);
#674=VERTEX_POINT('',#2317);
#675=VERTEX_POINT('',#2322);
#676=VERTEX_POINT('',#2326);
#677=VERTEX_POINT('',#2328);
#678=VERTEX_POINT('',#2330);
#679=VERTEX_POINT('',#2334);
#680=VERTEX_POINT('',#2336);
#681=VERTEX_POINT('',#2338);
#682=VERTEX_POINT('',#2340);
#683=VERTEX_POINT('',#2344);
#684=VERTEX_POINT('',#2346);
#685=VERTEX_POINT('',#2348);
#686=VERTEX_POINT('',#2350);
#687=VERTEX_POINT('',#2361);
#688=VERTEX_POINT('',#2362);
#689=VERTEX_POINT('',#2364);
#690=VERTEX_POINT('',#2366);
#691=VERTEX_POINT('',#2368);
#692=VERTEX_POINT('',#2370);
#693=VERTEX_POINT('',#2372);
#694=VERTEX_POINT('',#2374);
#695=VERTEX_POINT('',#2376);
#696=VERTEX_POINT('',#2378);
#697=VERTEX_POINT('',#2380);
#698=VERTEX_POINT('',#2382);
#699=VERTEX_POINT('',#2384);
#700=VERTEX_POINT('',#2386);
#701=VERTEX_POINT('',#2388);
#702=VERTEX_POINT('',#2390);
#703=VERTEX_POINT('',#2392);
#704=VERTEX_POINT('',#2394);
#705=VERTEX_POINT('',#2396);
#706=VERTEX_POINT('',#2398);
#707=VERTEX_POINT('',#2401);
#708=VERTEX_POINT('',#2402);
#709=VERTEX_POINT('',#2404);
#710=VERTEX_POINT('',#2406);
#711=VERTEX_POINT('',#2409);
#712=VERTEX_POINT('',#2410);
#713=VERTEX_POINT('',#2412);
#714=VERTEX_POINT('',#2414);
#715=VERTEX_POINT('',#2418);
#716=VERTEX_POINT('',#2420);
#717=VERTEX_POINT('',#2422);
#718=VERTEX_POINT('',#2424);
#719=VERTEX_POINT('',#2428);
#720=VERTEX_POINT('',#2432);
#721=VERTEX_POINT('',#2438);
#722=VERTEX_POINT('',#2440);
#723=VERTEX_POINT('',#2444);
#724=VERTEX_POINT('',#2448);
#725=VERTEX_POINT('',#2449);
#726=VERTEX_POINT('',#2451);
#727=VERTEX_POINT('',#2458);
#728=VERTEX_POINT('',#2459);
#729=VERTEX_POINT('',#2461);
#730=VERTEX_POINT('',#2466);
#731=VERTEX_POINT('',#2470);
#732=VERTEX_POINT('',#2472);
#733=VERTEX_POINT('',#2476);
#734=VERTEX_POINT('',#2478);
#735=VERTEX_POINT('',#2482);
#736=VERTEX_POINT('',#2486);
#737=VERTEX_POINT('',#2490);
#738=VERTEX_POINT('',#2494);
#739=VERTEX_POINT('',#2498);
#740=VERTEX_POINT('',#2502);
#741=VERTEX_POINT('',#2506);
#742=VERTEX_POINT('',#2510);
#743=VERTEX_POINT('',#2514);
#744=VERTEX_POINT('',#2516);
#745=VERTEX_POINT('',#2520);
#746=VERTEX_POINT('',#2521);
#747=VERTEX_POINT('',#2526);
#748=VERTEX_POINT('',#2528);
#749=VERTEX_POINT('',#2532);
#750=VERTEX_POINT('',#2536);
#751=VERTEX_POINT('',#2538);
#752=VERTEX_POINT('',#2542);
#753=VERTEX_POINT('',#2544);
#754=VERTEX_POINT('',#2546);
#755=VERTEX_POINT('',#2550);
#756=VERTEX_POINT('',#2551);
#757=VERTEX_POINT('',#2553);
#758=VERTEX_POINT('',#2555);
#759=VERTEX_POINT('',#2560);
#760=VERTEX_POINT('',#2561);
#761=VERTEX_POINT('',#2563);
#762=VERTEX_POINT('',#2565);
#763=VERTEX_POINT('',#2572);
#764=VERTEX_POINT('',#2574);
#765=VERTEX_POINT('',#2576);
#766=VERTEX_POINT('',#2579);
#767=VERTEX_POINT('',#2583);
#768=VERTEX_POINT('',#2585);
#769=VERTEX_POINT('',#2590);
#770=VERTEX_POINT('',#2591);
#771=VERTEX_POINT('',#2594);
#772=VERTEX_POINT('',#2598);
#773=VERTEX_POINT('',#2602);
#774=VERTEX_POINT('',#2604);
#775=VERTEX_POINT('',#2608);
#776=VERTEX_POINT('',#2610);
#777=VERTEX_POINT('',#2612);
#778=VERTEX_POINT('',#2616);
#779=VERTEX_POINT('',#2618);
#780=VERTEX_POINT('',#2620);
#781=VERTEX_POINT('',#2624);
#782=VERTEX_POINT('',#2626);
#783=VERTEX_POINT('',#2628);
#784=VERTEX_POINT('',#2632);
#785=VERTEX_POINT('',#2634);
#786=VERTEX_POINT('',#2636);
#787=VERTEX_POINT('',#2640);
#788=VERTEX_POINT('',#2642);
#789=VERTEX_POINT('',#2654);
#790=VERTEX_POINT('',#2656);
#791=VERTEX_POINT('',#2660);
#792=VERTEX_POINT('',#2661);
#793=VERTEX_POINT('',#2666);
#794=VERTEX_POINT('',#2668);
#795=VERTEX_POINT('',#2674);
#796=VERTEX_POINT('',#2678);
#797=VERTEX_POINT('',#2682);
#798=VERTEX_POINT('',#2686);
#799=VERTEX_POINT('',#2693);
#800=VERTEX_POINT('',#2697);
#801=VERTEX_POINT('',#2703);
#802=VERTEX_POINT('',#2707);
#803=VERTEX_POINT('',#2711);
#804=VERTEX_POINT('',#2715);
#805=VERTEX_POINT('',#2723);
#806=VERTEX_POINT('',#2727);
#807=VERTEX_POINT('',#2733);
#808=VERTEX_POINT('',#2737);
#809=EDGE_CURVE('',#655,#656,#251,.T.);
#810=EDGE_CURVE('',#657,#655,#252,.T.);
#811=EDGE_CURVE('',#658,#657,#253,.T.);
#812=EDGE_CURVE('',#656,#658,#254,.T.);
#813=EDGE_CURVE('',#659,#660,#255,.T.);
#814=EDGE_CURVE('',#661,#659,#256,.T.);
#815=EDGE_CURVE('',#662,#661,#257,.T.);
#816=EDGE_CURVE('',#660,#662,#258,.T.);
#817=EDGE_CURVE('',#663,#664,#259,.T.);
#818=EDGE_CURVE('',#665,#663,#260,.T.);
#819=EDGE_CURVE('',#666,#665,#261,.T.);
#820=EDGE_CURVE('',#664,#666,#262,.T.);
#821=EDGE_CURVE('',#667,#668,#263,.T.);
#822=EDGE_CURVE('',#669,#667,#264,.T.);
#823=EDGE_CURVE('',#670,#669,#265,.T.);
#824=EDGE_CURVE('',#668,#670,#266,.T.);
#825=EDGE_CURVE('',#671,#661,#267,.T.);
#826=EDGE_CURVE('',#672,#671,#39,.T.);
#827=EDGE_CURVE('',#673,#672,#268,.T.);
#828=EDGE_CURVE('',#674,#673,#40,.T.);
#829=EDGE_CURVE('',#674,#662,#269,.T.);
#830=EDGE_CURVE('',#659,#656,#41,.T.);
#831=EDGE_CURVE('',#675,#658,#270,.T.);
#832=EDGE_CURVE('',#671,#675,#271,.T.);
#833=EDGE_CURVE('',#657,#676,#272,.T.);
#834=EDGE_CURVE('',#676,#677,#42,.T.);
#835=EDGE_CURVE('',#677,#678,#273,.T.);
#836=EDGE_CURVE('',#675,#678,#43,.T.);
#837=EDGE_CURVE('',#669,#679,#274,.T.);
#838=EDGE_CURVE('',#679,#680,#44,.T.);
#839=EDGE_CURVE('',#680,#681,#275,.T.);
#840=EDGE_CURVE('',#682,#681,#45,.T.);
#841=EDGE_CURVE('',#682,#670,#276,.T.);
#842=EDGE_CURVE('',#665,#683,#277,.T.);
#843=EDGE_CURVE('',#684,#683,#46,.T.);
#844=EDGE_CURVE('',#684,#685,#278,.T.);
#845=EDGE_CURVE('',#685,#686,#47,.T.);
#846=EDGE_CURVE('',#686,#666,#279,.T.);
#847=EDGE_CURVE('',#664,#667,#48,.T.);
#848=EDGE_CURVE('',#686,#679,#280,.T.);
#849=EDGE_CURVE('',#663,#668,#49,.T.);
#850=EDGE_CURVE('',#660,#655,#50,.T.);
#851=EDGE_CURVE('',#687,#688,#281,.T.);
#852=EDGE_CURVE('',#688,#689,#282,.T.);
#853=EDGE_CURVE('',#689,#690,#283,.T.);
#854=EDGE_CURVE('',#690,#691,#284,.T.);
#855=EDGE_CURVE('',#691,#692,#285,.T.);
#856=EDGE_CURVE('',#692,#693,#286,.T.);
#857=EDGE_CURVE('',#693,#694,#287,.T.);
#858=EDGE_CURVE('',#694,#695,#288,.T.);
#859=EDGE_CURVE('',#695,#696,#289,.T.);
#860=EDGE_CURVE('',#696,#697,#290,.T.);
#861=EDGE_CURVE('',#697,#698,#291,.T.);
#862=EDGE_CURVE('',#698,#699,#292,.T.);
#863=EDGE_CURVE('',#699,#700,#51,.T.);
#864=EDGE_CURVE('',#700,#701,#52,.T.);
#865=EDGE_CURVE('',#701,#702,#53,.T.);
#866=EDGE_CURVE('',#702,#703,#293,.T.);
#867=EDGE_CURVE('',#703,#704,#294,.T.);
#868=EDGE_CURVE('',#704,#705,#295,.T.);
#869=EDGE_CURVE('',#706,#705,#296,.T.);
#870=EDGE_CURVE('',#706,#687,#297,.T.);
#871=EDGE_CURVE('',#707,#708,#298,.T.);
#872=EDGE_CURVE('',#708,#709,#299,.T.);
#873=EDGE_CURVE('',#709,#710,#300,.T.);
#874=EDGE_CURVE('',#710,#707,#54,.T.);
#875=EDGE_CURVE('',#711,#712,#301,.T.);
#876=EDGE_CURVE('',#712,#713,#55,.T.);
#877=EDGE_CURVE('',#713,#714,#302,.T.);
#878=EDGE_CURVE('',#714,#711,#303,.T.);
#879=EDGE_CURVE('',#709,#715,#304,.T.);
#880=EDGE_CURVE('',#716,#708,#305,.T.);
#881=EDGE_CURVE('',#717,#716,#306,.T.);
#882=EDGE_CURVE('',#718,#717,#307,.T.);
#883=EDGE_CURVE('',#715,#718,#308,.T.);
#884=EDGE_CURVE('',#719,#707,#309,.T.);
#885=EDGE_CURVE('',#716,#719,#310,.T.);
#886=EDGE_CURVE('',#720,#710,#311,.T.);
#887=EDGE_CURVE('',#719,#720,#56,.T.);
#888=EDGE_CURVE('',#720,#715,#312,.T.);
#889=EDGE_CURVE('',#721,#712,#313,.T.);
#890=EDGE_CURVE('',#722,#721,#57,.T.);
#891=EDGE_CURVE('',#713,#722,#314,.T.);
#892=EDGE_CURVE('',#721,#723,#315,.T.);
#893=EDGE_CURVE('',#723,#711,#316,.T.);
#894=EDGE_CURVE('',#724,#725,#317,.T.);
#895=EDGE_CURVE('',#726,#724,#318,.T.);
#896=EDGE_CURVE('',#723,#726,#319,.T.);
#897=EDGE_CURVE('',#725,#714,#320,.T.);
#898=EDGE_CURVE('',#725,#722,#321,.T.);
#899=EDGE_CURVE('',#727,#728,#15,.T.);
#900=EDGE_CURVE('',#728,#729,#322,.T.);
#901=EDGE_CURVE('',#729,#689,#323,.T.);
#902=EDGE_CURVE('',#688,#727,#324,.T.);
#903=EDGE_CURVE('',#687,#730,#325,.T.);
#904=EDGE_CURVE('',#730,#727,#326,.T.);
#905=EDGE_CURVE('',#731,#706,#58,.T.);
#906=EDGE_CURVE('',#731,#732,#327,.T.);
#907=EDGE_CURVE('',#732,#687,#59,.T.);
#908=EDGE_CURVE('',#705,#733,#328,.T.);
#909=EDGE_CURVE('',#734,#704,#329,.T.);
#910=EDGE_CURVE('',#733,#734,#330,.T.);
#911=EDGE_CURVE('',#735,#703,#331,.T.);
#912=EDGE_CURVE('',#734,#735,#332,.T.);
#913=EDGE_CURVE('',#702,#736,#333,.T.);
#914=EDGE_CURVE('',#736,#735,#334,.T.);
#915=EDGE_CURVE('',#701,#737,#335,.T.);
#916=EDGE_CURVE('',#737,#736,#60,.T.);
#917=EDGE_CURVE('',#738,#700,#336,.T.);
#918=EDGE_CURVE('',#737,#738,#61,.T.);
#919=EDGE_CURVE('',#699,#739,#337,.T.);
#920=EDGE_CURVE('',#739,#738,#62,.T.);
#921=EDGE_CURVE('',#740,#698,#338,.T.);
#922=EDGE_CURVE('',#739,#740,#339,.T.);
#923=EDGE_CURVE('',#741,#697,#340,.T.);
#924=EDGE_CURVE('',#740,#741,#341,.T.);
#925=EDGE_CURVE('',#696,#742,#342,.T.);
#926=EDGE_CURVE('',#742,#741,#343,.T.);
#927=EDGE_CURVE('',#694,#743,#63,.T.);
#928=EDGE_CURVE('',#743,#744,#344,.T.);
#929=EDGE_CURVE('',#744,#695,#64,.T.);
#930=EDGE_CURVE('',#745,#746,#345,.T.);
#931=EDGE_CURVE('',#746,#694,#346,.T.);
#932=EDGE_CURVE('',#745,#693,#347,.T.);
#933=EDGE_CURVE('',#692,#747,#348,.T.);
#934=EDGE_CURVE('',#747,#748,#349,.T.);
#935=EDGE_CURVE('',#748,#745,#16,.T.);
#936=EDGE_CURVE('',#691,#749,#350,.T.);
#937=EDGE_CURVE('',#747,#749,#351,.T.);
#938=EDGE_CURVE('',#750,#691,#65,.T.);
#939=EDGE_CURVE('',#690,#751,#66,.T.);
#940=EDGE_CURVE('',#751,#750,#352,.T.);
#941=EDGE_CURVE('',#752,#729,#353,.T.);
#942=EDGE_CURVE('',#753,#752,#354,.T.);
#943=EDGE_CURVE('',#753,#754,#355,.T.);
#944=EDGE_CURVE('',#754,#690,#356,.T.);
#945=EDGE_CURVE('',#755,#756,#357,.T.);
#946=EDGE_CURVE('',#756,#757,#358,.T.);
#947=EDGE_CURVE('',#757,#758,#359,.T.);
#948=EDGE_CURVE('',#758,#715,#360,.T.);
#949=EDGE_CURVE('',#718,#755,#361,.T.);
#950=EDGE_CURVE('',#759,#760,#362,.T.);
#951=EDGE_CURVE('',#759,#761,#363,.T.);
#952=EDGE_CURVE('',#761,#762,#364,.T.);
#953=EDGE_CURVE('',#717,#762,#365,.T.);
#954=EDGE_CURVE('',#760,#716,#366,.T.);
#955=EDGE_CURVE('',#755,#762,#367,.T.);
#956=EDGE_CURVE('',#763,#748,#368,.T.);
#957=EDGE_CURVE('',#749,#764,#369,.T.);
#958=EDGE_CURVE('',#764,#765,#370,.T.);
#959=EDGE_CURVE('',#765,#752,#371,.T.);
#960=EDGE_CURVE('',#728,#766,#372,.T.);
#961=EDGE_CURVE('',#733,#766,#373,.T.);
#962=EDGE_CURVE('',#742,#763,#374,.T.);
#963=EDGE_CURVE('',#723,#767,#375,.T.);
#964=EDGE_CURVE('',#767,#768,#376,.T.);
#965=EDGE_CURVE('',#768,#725,#377,.T.);
#966=EDGE_CURVE('',#758,#760,#378,.T.);
#967=EDGE_CURVE('',#769,#770,#379,.T.);
#968=EDGE_CURVE('',#770,#724,#380,.T.);
#969=EDGE_CURVE('',#768,#771,#381,.T.);
#970=EDGE_CURVE('',#771,#769,#382,.T.);
#971=EDGE_CURVE('',#772,#770,#383,.T.);
#972=EDGE_CURVE('',#726,#772,#384,.T.);
#973=EDGE_CURVE('',#773,#772,#385,.T.);
#974=EDGE_CURVE('',#773,#774,#386,.T.);
#975=EDGE_CURVE('',#767,#774,#387,.T.);
#976=EDGE_CURVE('',#775,#731,#388,.T.);
#977=EDGE_CURVE('',#776,#775,#389,.T.);
#978=EDGE_CURVE('',#777,#776,#390,.T.);
#979=EDGE_CURVE('',#680,#777,#391,.T.);
#980=EDGE_CURVE('',#685,#680,#392,.T.);
#981=EDGE_CURVE('',#778,#685,#393,.T.);
#982=EDGE_CURVE('',#779,#778,#394,.T.);
#983=EDGE_CURVE('',#780,#779,#395,.T.);
#984=EDGE_CURVE('',#732,#780,#396,.T.);
#985=EDGE_CURVE('',#781,#743,#397,.T.);
#986=EDGE_CURVE('',#782,#781,#398,.T.);
#987=EDGE_CURVE('',#783,#782,#399,.T.);
#988=EDGE_CURVE('',#677,#783,#400,.T.);
#989=EDGE_CURVE('',#673,#677,#401,.T.);
#990=EDGE_CURVE('',#784,#673,#402,.T.);
#991=EDGE_CURVE('',#785,#784,#403,.T.);
#992=EDGE_CURVE('',#786,#785,#404,.T.);
#993=EDGE_CURVE('',#744,#786,#405,.T.);
#994=EDGE_CURVE('',#787,#751,#406,.T.);
#995=EDGE_CURVE('',#788,#787,#407,.T.);
#996=EDGE_CURVE('',#750,#788,#408,.T.);
#997=EDGE_CURVE('',#753,#765,#17,.T.);
#998=EDGE_CURVE('',#759,#757,#409,.T.);
#999=EDGE_CURVE('',#756,#761,#410,.T.);
#1000=EDGE_CURVE('',#771,#774,#411,.T.);
#1001=EDGE_CURVE('',#746,#789,#67,.T.);
#1002=EDGE_CURVE('',#790,#763,#68,.T.);
#1003=EDGE_CURVE('',#789,#790,#412,.T.);
#1004=EDGE_CURVE('',#791,#792,#413,.T.);
#1005=EDGE_CURVE('',#766,#791,#69,.T.);
#1006=EDGE_CURVE('',#792,#730,#70,.T.);
#1007=EDGE_CURVE('',#793,#764,#71,.T.);
#1008=EDGE_CURVE('',#794,#793,#414,.T.);
#1009=EDGE_CURVE('',#754,#794,#72,.T.);
#1010=EDGE_CURVE('',#773,#769,#415,.T.);
#1011=EDGE_CURVE('',#795,#780,#416,.T.);
#1012=EDGE_CURVE('',#792,#795,#417,.T.);
#1013=EDGE_CURVE('',#791,#796,#418,.T.);
#1014=EDGE_CURVE('',#796,#775,#419,.T.);
#1015=EDGE_CURVE('',#776,#797,#420,.T.);
#1016=EDGE_CURVE('',#797,#796,#421,.T.);
#1017=EDGE_CURVE('',#798,#797,#422,.T.);
#1018=EDGE_CURVE('',#777,#798,#423,.T.);
#1019=EDGE_CURVE('',#681,#798,#424,.T.);
#1020=EDGE_CURVE('',#684,#799,#425,.T.);
#1021=EDGE_CURVE('',#799,#778,#426,.T.);
#1022=EDGE_CURVE('',#800,#799,#427,.T.);
#1023=EDGE_CURVE('',#779,#800,#428,.T.);
#1024=EDGE_CURVE('',#795,#800,#429,.T.);
#1025=EDGE_CURVE('',#801,#786,#430,.T.);
#1026=EDGE_CURVE('',#790,#801,#431,.T.);
#1027=EDGE_CURVE('',#802,#789,#432,.T.);
#1028=EDGE_CURVE('',#781,#802,#433,.T.);
#1029=EDGE_CURVE('',#803,#802,#434,.T.);
#1030=EDGE_CURVE('',#782,#803,#435,.T.);
#1031=EDGE_CURVE('',#804,#803,#436,.T.);
#1032=EDGE_CURVE('',#783,#804,#437,.T.);
#1033=EDGE_CURVE('',#678,#804,#438,.T.);
#1034=EDGE_CURVE('',#674,#676,#439,.T.);
#1035=EDGE_CURVE('',#672,#805,#440,.T.);
#1036=EDGE_CURVE('',#805,#784,#441,.T.);
#1037=EDGE_CURVE('',#806,#805,#442,.T.);
#1038=EDGE_CURVE('',#785,#806,#443,.T.);
#1039=EDGE_CURVE('',#801,#806,#444,.T.);
#1040=EDGE_CURVE('',#807,#788,#445,.T.);
#1041=EDGE_CURVE('',#793,#807,#446,.T.);
#1042=EDGE_CURVE('',#808,#794,#447,.T.);
#1043=EDGE_CURVE('',#787,#808,#448,.T.);
#1044=EDGE_CURVE('',#807,#808,#449,.T.);
#1045=EDGE_CURVE('',#678,#672,#450,.T.);
#1046=EDGE_CURVE('',#681,#684,#451,.T.);
#1047=EDGE_CURVE('',#683,#682,#452,.T.);
#1048=ORIENTED_EDGE('',*,*,#809,.F.);
#1049=ORIENTED_EDGE('',*,*,#810,.F.);
#1050=ORIENTED_EDGE('',*,*,#811,.F.);
#1051=ORIENTED_EDGE('',*,*,#812,.F.);
#1052=ORIENTED_EDGE('',*,*,#813,.F.);
#1053=ORIENTED_EDGE('',*,*,#814,.F.);
#1054=ORIENTED_EDGE('',*,*,#815,.F.);
#1055=ORIENTED_EDGE('',*,*,#816,.F.);
#1056=ORIENTED_EDGE('',*,*,#817,.F.);
#1057=ORIENTED_EDGE('',*,*,#818,.F.);
#1058=ORIENTED_EDGE('',*,*,#819,.F.);
#1059=ORIENTED_EDGE('',*,*,#820,.F.);
#1060=ORIENTED_EDGE('',*,*,#821,.F.);
#1061=ORIENTED_EDGE('',*,*,#822,.F.);
#1062=ORIENTED_EDGE('',*,*,#823,.F.);
#1063=ORIENTED_EDGE('',*,*,#824,.F.);
#1064=ORIENTED_EDGE('',*,*,#815,.T.);
#1065=ORIENTED_EDGE('',*,*,#825,.F.);
#1066=ORIENTED_EDGE('',*,*,#826,.F.);
#1067=ORIENTED_EDGE('',*,*,#827,.F.);
#1068=ORIENTED_EDGE('',*,*,#828,.F.);
#1069=ORIENTED_EDGE('',*,*,#829,.T.);
#1070=ORIENTED_EDGE('',*,*,#814,.T.);
#1071=ORIENTED_EDGE('',*,*,#830,.T.);
#1072=ORIENTED_EDGE('',*,*,#812,.T.);
#1073=ORIENTED_EDGE('',*,*,#831,.F.);
#1074=ORIENTED_EDGE('',*,*,#832,.F.);
#1075=ORIENTED_EDGE('',*,*,#825,.T.);
#1076=ORIENTED_EDGE('',*,*,#811,.T.);
#1077=ORIENTED_EDGE('',*,*,#833,.T.);
#1078=ORIENTED_EDGE('',*,*,#834,.T.);
#1079=ORIENTED_EDGE('',*,*,#835,.T.);
#1080=ORIENTED_EDGE('',*,*,#836,.F.);
#1081=ORIENTED_EDGE('',*,*,#831,.T.);
#1082=ORIENTED_EDGE('',*,*,#823,.T.);
#1083=ORIENTED_EDGE('',*,*,#837,.T.);
#1084=ORIENTED_EDGE('',*,*,#838,.T.);
#1085=ORIENTED_EDGE('',*,*,#839,.T.);
#1086=ORIENTED_EDGE('',*,*,#840,.F.);
#1087=ORIENTED_EDGE('',*,*,#841,.T.);
#1088=ORIENTED_EDGE('',*,*,#819,.T.);
#1089=ORIENTED_EDGE('',*,*,#842,.T.);
#1090=ORIENTED_EDGE('',*,*,#843,.F.);
#1091=ORIENTED_EDGE('',*,*,#844,.T.);
#1092=ORIENTED_EDGE('',*,*,#845,.T.);
#1093=ORIENTED_EDGE('',*,*,#846,.T.);
#1094=ORIENTED_EDGE('',*,*,#822,.T.);
#1095=ORIENTED_EDGE('',*,*,#847,.F.);
#1096=ORIENTED_EDGE('',*,*,#820,.T.);
#1097=ORIENTED_EDGE('',*,*,#846,.F.);
#1098=ORIENTED_EDGE('',*,*,#848,.T.);
#1099=ORIENTED_EDGE('',*,*,#837,.F.);
#1100=ORIENTED_EDGE('',*,*,#821,.T.);
#1101=ORIENTED_EDGE('',*,*,#849,.F.);
#1102=ORIENTED_EDGE('',*,*,#817,.T.);
#1103=ORIENTED_EDGE('',*,*,#847,.T.);
#1104=ORIENTED_EDGE('',*,*,#813,.T.);
#1105=ORIENTED_EDGE('',*,*,#850,.T.);
#1106=ORIENTED_EDGE('',*,*,#809,.T.);
#1107=ORIENTED_EDGE('',*,*,#830,.F.);
#1108=ORIENTED_EDGE('',*,*,#851,.T.);
#1109=ORIENTED_EDGE('',*,*,#852,.T.);
#1110=ORIENTED_EDGE('',*,*,#853,.T.);
#1111=ORIENTED_EDGE('',*,*,#854,.T.);
#1112=ORIENTED_EDGE('',*,*,#855,.T.);
#1113=ORIENTED_EDGE('',*,*,#856,.T.);
#1114=ORIENTED_EDGE('',*,*,#857,.T.);
#1115=ORIENTED_EDGE('',*,*,#858,.T.);
#1116=ORIENTED_EDGE('',*,*,#859,.T.);
#1117=ORIENTED_EDGE('',*,*,#860,.T.);
#1118=ORIENTED_EDGE('',*,*,#861,.T.);
#1119=ORIENTED_EDGE('',*,*,#862,.T.);
#1120=ORIENTED_EDGE('',*,*,#863,.T.);
#1121=ORIENTED_EDGE('',*,*,#864,.T.);
#1122=ORIENTED_EDGE('',*,*,#865,.T.);
#1123=ORIENTED_EDGE('',*,*,#866,.T.);
#1124=ORIENTED_EDGE('',*,*,#867,.T.);
#1125=ORIENTED_EDGE('',*,*,#868,.T.);
#1126=ORIENTED_EDGE('',*,*,#869,.F.);
#1127=ORIENTED_EDGE('',*,*,#870,.T.);
#1128=ORIENTED_EDGE('',*,*,#871,.T.);
#1129=ORIENTED_EDGE('',*,*,#872,.T.);
#1130=ORIENTED_EDGE('',*,*,#873,.T.);
#1131=ORIENTED_EDGE('',*,*,#874,.T.);
#1132=ORIENTED_EDGE('',*,*,#875,.T.);
#1133=ORIENTED_EDGE('',*,*,#876,.T.);
#1134=ORIENTED_EDGE('',*,*,#877,.T.);
#1135=ORIENTED_EDGE('',*,*,#878,.T.);
#1136=ORIENTED_EDGE('',*,*,#879,.F.);
#1137=ORIENTED_EDGE('',*,*,#872,.F.);
#1138=ORIENTED_EDGE('',*,*,#880,.F.);
#1139=ORIENTED_EDGE('',*,*,#881,.F.);
#1140=ORIENTED_EDGE('',*,*,#882,.F.);
#1141=ORIENTED_EDGE('',*,*,#883,.F.);
#1142=ORIENTED_EDGE('',*,*,#871,.F.);
#1143=ORIENTED_EDGE('',*,*,#884,.F.);
#1144=ORIENTED_EDGE('',*,*,#885,.F.);
#1145=ORIENTED_EDGE('',*,*,#880,.T.);
#1146=ORIENTED_EDGE('',*,*,#886,.F.);
#1147=ORIENTED_EDGE('',*,*,#887,.F.);
#1148=ORIENTED_EDGE('',*,*,#884,.T.);
#1149=ORIENTED_EDGE('',*,*,#874,.F.);
#1150=ORIENTED_EDGE('',*,*,#888,.F.);
#1151=ORIENTED_EDGE('',*,*,#886,.T.);
#1152=ORIENTED_EDGE('',*,*,#873,.F.);
#1153=ORIENTED_EDGE('',*,*,#879,.T.);
#1154=ORIENTED_EDGE('',*,*,#889,.F.);
#1155=ORIENTED_EDGE('',*,*,#890,.F.);
#1156=ORIENTED_EDGE('',*,*,#891,.F.);
#1157=ORIENTED_EDGE('',*,*,#876,.F.);
#1158=ORIENTED_EDGE('',*,*,#892,.F.);
#1159=ORIENTED_EDGE('',*,*,#889,.T.);
#1160=ORIENTED_EDGE('',*,*,#875,.F.);
#1161=ORIENTED_EDGE('',*,*,#893,.F.);
#1162=ORIENTED_EDGE('',*,*,#894,.F.);
#1163=ORIENTED_EDGE('',*,*,#895,.F.);
#1164=ORIENTED_EDGE('',*,*,#896,.F.);
#1165=ORIENTED_EDGE('',*,*,#893,.T.);
#1166=ORIENTED_EDGE('',*,*,#878,.F.);
#1167=ORIENTED_EDGE('',*,*,#897,.F.);
#1168=ORIENTED_EDGE('',*,*,#877,.F.);
#1169=ORIENTED_EDGE('',*,*,#891,.T.);
#1170=ORIENTED_EDGE('',*,*,#898,.F.);
#1171=ORIENTED_EDGE('',*,*,#897,.T.);
#1172=ORIENTED_EDGE('',*,*,#899,.T.);
#1173=ORIENTED_EDGE('',*,*,#900,.T.);
#1174=ORIENTED_EDGE('',*,*,#901,.T.);
#1175=ORIENTED_EDGE('',*,*,#852,.F.);
#1176=ORIENTED_EDGE('',*,*,#902,.T.);
#1177=ORIENTED_EDGE('',*,*,#851,.F.);
#1178=ORIENTED_EDGE('',*,*,#903,.T.);
#1179=ORIENTED_EDGE('',*,*,#904,.T.);
#1180=ORIENTED_EDGE('',*,*,#902,.F.);
#1181=ORIENTED_EDGE('',*,*,#905,.F.);
#1182=ORIENTED_EDGE('',*,*,#906,.T.);
#1183=ORIENTED_EDGE('',*,*,#907,.T.);
#1184=ORIENTED_EDGE('',*,*,#870,.F.);
#1185=ORIENTED_EDGE('',*,*,#908,.F.);
#1186=ORIENTED_EDGE('',*,*,#868,.F.);
#1187=ORIENTED_EDGE('',*,*,#909,.F.);
#1188=ORIENTED_EDGE('',*,*,#910,.F.);
#1189=ORIENTED_EDGE('',*,*,#909,.T.);
#1190=ORIENTED_EDGE('',*,*,#867,.F.);
#1191=ORIENTED_EDGE('',*,*,#911,.F.);
#1192=ORIENTED_EDGE('',*,*,#912,.F.);
#1193=ORIENTED_EDGE('',*,*,#913,.T.);
#1194=ORIENTED_EDGE('',*,*,#914,.T.);
#1195=ORIENTED_EDGE('',*,*,#911,.T.);
#1196=ORIENTED_EDGE('',*,*,#866,.F.);
#1197=ORIENTED_EDGE('',*,*,#913,.F.);
#1198=ORIENTED_EDGE('',*,*,#865,.F.);
#1199=ORIENTED_EDGE('',*,*,#915,.T.);
#1200=ORIENTED_EDGE('',*,*,#916,.T.);
#1201=ORIENTED_EDGE('',*,*,#915,.F.);
#1202=ORIENTED_EDGE('',*,*,#864,.F.);
#1203=ORIENTED_EDGE('',*,*,#917,.F.);
#1204=ORIENTED_EDGE('',*,*,#918,.F.);
#1205=ORIENTED_EDGE('',*,*,#917,.T.);
#1206=ORIENTED_EDGE('',*,*,#863,.F.);
#1207=ORIENTED_EDGE('',*,*,#919,.T.);
#1208=ORIENTED_EDGE('',*,*,#920,.T.);
#1209=ORIENTED_EDGE('',*,*,#921,.F.);
#1210=ORIENTED_EDGE('',*,*,#922,.F.);
#1211=ORIENTED_EDGE('',*,*,#919,.F.);
#1212=ORIENTED_EDGE('',*,*,#862,.F.);
#1213=ORIENTED_EDGE('',*,*,#861,.F.);
#1214=ORIENTED_EDGE('',*,*,#923,.F.);
#1215=ORIENTED_EDGE('',*,*,#924,.F.);
#1216=ORIENTED_EDGE('',*,*,#921,.T.);
#1217=ORIENTED_EDGE('',*,*,#860,.F.);
#1218=ORIENTED_EDGE('',*,*,#925,.T.);
#1219=ORIENTED_EDGE('',*,*,#926,.T.);
#1220=ORIENTED_EDGE('',*,*,#923,.T.);
#1221=ORIENTED_EDGE('',*,*,#927,.T.);
#1222=ORIENTED_EDGE('',*,*,#928,.T.);
#1223=ORIENTED_EDGE('',*,*,#929,.T.);
#1224=ORIENTED_EDGE('',*,*,#858,.F.);
#1225=ORIENTED_EDGE('',*,*,#930,.T.);
#1226=ORIENTED_EDGE('',*,*,#931,.T.);
#1227=ORIENTED_EDGE('',*,*,#857,.F.);
#1228=ORIENTED_EDGE('',*,*,#932,.F.);
#1229=ORIENTED_EDGE('',*,*,#932,.T.);
#1230=ORIENTED_EDGE('',*,*,#856,.F.);
#1231=ORIENTED_EDGE('',*,*,#933,.T.);
#1232=ORIENTED_EDGE('',*,*,#934,.T.);
#1233=ORIENTED_EDGE('',*,*,#935,.T.);
#1234=ORIENTED_EDGE('',*,*,#855,.F.);
#1235=ORIENTED_EDGE('',*,*,#936,.T.);
#1236=ORIENTED_EDGE('',*,*,#937,.F.);
#1237=ORIENTED_EDGE('',*,*,#933,.F.);
#1238=ORIENTED_EDGE('',*,*,#938,.T.);
#1239=ORIENTED_EDGE('',*,*,#854,.F.);
#1240=ORIENTED_EDGE('',*,*,#939,.T.);
#1241=ORIENTED_EDGE('',*,*,#940,.T.);
#1242=ORIENTED_EDGE('',*,*,#941,.F.);
#1243=ORIENTED_EDGE('',*,*,#942,.F.);
#1244=ORIENTED_EDGE('',*,*,#943,.T.);
#1245=ORIENTED_EDGE('',*,*,#944,.T.);
#1246=ORIENTED_EDGE('',*,*,#853,.F.);
#1247=ORIENTED_EDGE('',*,*,#901,.F.);
#1248=ORIENTED_EDGE('',*,*,#945,.T.);
#1249=ORIENTED_EDGE('',*,*,#946,.T.);
#1250=ORIENTED_EDGE('',*,*,#947,.T.);
#1251=ORIENTED_EDGE('',*,*,#948,.T.);
#1252=ORIENTED_EDGE('',*,*,#883,.T.);
#1253=ORIENTED_EDGE('',*,*,#949,.T.);
#1254=ORIENTED_EDGE('',*,*,#950,.F.);
#1255=ORIENTED_EDGE('',*,*,#951,.T.);
#1256=ORIENTED_EDGE('',*,*,#952,.T.);
#1257=ORIENTED_EDGE('',*,*,#953,.F.);
#1258=ORIENTED_EDGE('',*,*,#881,.T.);
#1259=ORIENTED_EDGE('',*,*,#954,.F.);
#1260=ORIENTED_EDGE('',*,*,#882,.T.);
#1261=ORIENTED_EDGE('',*,*,#953,.T.);
#1262=ORIENTED_EDGE('',*,*,#955,.F.);
#1263=ORIENTED_EDGE('',*,*,#949,.F.);
#1264=ORIENTED_EDGE('',*,*,#956,.T.);
#1265=ORIENTED_EDGE('',*,*,#934,.F.);
#1266=ORIENTED_EDGE('',*,*,#937,.T.);
#1267=ORIENTED_EDGE('',*,*,#957,.T.);
#1268=ORIENTED_EDGE('',*,*,#958,.T.);
#1269=ORIENTED_EDGE('',*,*,#959,.T.);
#1270=ORIENTED_EDGE('',*,*,#941,.T.);
#1271=ORIENTED_EDGE('',*,*,#900,.F.);
#1272=ORIENTED_EDGE('',*,*,#960,.T.);
#1273=ORIENTED_EDGE('',*,*,#961,.F.);
#1274=ORIENTED_EDGE('',*,*,#910,.T.);
#1275=ORIENTED_EDGE('',*,*,#912,.T.);
#1276=ORIENTED_EDGE('',*,*,#914,.F.);
#1277=ORIENTED_EDGE('',*,*,#916,.F.);
#1278=ORIENTED_EDGE('',*,*,#918,.T.);
#1279=ORIENTED_EDGE('',*,*,#920,.F.);
#1280=ORIENTED_EDGE('',*,*,#922,.T.);
#1281=ORIENTED_EDGE('',*,*,#924,.T.);
#1282=ORIENTED_EDGE('',*,*,#926,.F.);
#1283=ORIENTED_EDGE('',*,*,#962,.T.);
#1284=ORIENTED_EDGE('',*,*,#892,.T.);
#1285=ORIENTED_EDGE('',*,*,#963,.T.);
#1286=ORIENTED_EDGE('',*,*,#964,.T.);
#1287=ORIENTED_EDGE('',*,*,#965,.T.);
#1288=ORIENTED_EDGE('',*,*,#898,.T.);
#1289=ORIENTED_EDGE('',*,*,#890,.T.);
#1290=ORIENTED_EDGE('',*,*,#887,.T.);
#1291=ORIENTED_EDGE('',*,*,#888,.T.);
#1292=ORIENTED_EDGE('',*,*,#948,.F.);
#1293=ORIENTED_EDGE('',*,*,#966,.T.);
#1294=ORIENTED_EDGE('',*,*,#954,.T.);
#1295=ORIENTED_EDGE('',*,*,#885,.T.);
#1296=ORIENTED_EDGE('',*,*,#967,.T.);
#1297=ORIENTED_EDGE('',*,*,#968,.T.);
#1298=ORIENTED_EDGE('',*,*,#894,.T.);
#1299=ORIENTED_EDGE('',*,*,#965,.F.);
#1300=ORIENTED_EDGE('',*,*,#969,.T.);
#1301=ORIENTED_EDGE('',*,*,#970,.T.);
#1302=ORIENTED_EDGE('',*,*,#971,.F.);
#1303=ORIENTED_EDGE('',*,*,#972,.F.);
#1304=ORIENTED_EDGE('',*,*,#895,.T.);
#1305=ORIENTED_EDGE('',*,*,#968,.F.);
#1306=ORIENTED_EDGE('',*,*,#896,.T.);
#1307=ORIENTED_EDGE('',*,*,#972,.T.);
#1308=ORIENTED_EDGE('',*,*,#973,.F.);
#1309=ORIENTED_EDGE('',*,*,#974,.T.);
#1310=ORIENTED_EDGE('',*,*,#975,.F.);
#1311=ORIENTED_EDGE('',*,*,#963,.F.);
#1312=ORIENTED_EDGE('',*,*,#906,.F.);
#1313=ORIENTED_EDGE('',*,*,#976,.F.);
#1314=ORIENTED_EDGE('',*,*,#977,.F.);
#1315=ORIENTED_EDGE('',*,*,#978,.F.);
#1316=ORIENTED_EDGE('',*,*,#979,.F.);
#1317=ORIENTED_EDGE('',*,*,#980,.F.);
#1318=ORIENTED_EDGE('',*,*,#981,.F.);
#1319=ORIENTED_EDGE('',*,*,#982,.F.);
#1320=ORIENTED_EDGE('',*,*,#983,.F.);
#1321=ORIENTED_EDGE('',*,*,#984,.F.);
#1322=ORIENTED_EDGE('',*,*,#928,.F.);
#1323=ORIENTED_EDGE('',*,*,#985,.F.);
#1324=ORIENTED_EDGE('',*,*,#986,.F.);
#1325=ORIENTED_EDGE('',*,*,#987,.F.);
#1326=ORIENTED_EDGE('',*,*,#988,.F.);
#1327=ORIENTED_EDGE('',*,*,#989,.F.);
#1328=ORIENTED_EDGE('',*,*,#990,.F.);
#1329=ORIENTED_EDGE('',*,*,#991,.F.);
#1330=ORIENTED_EDGE('',*,*,#992,.F.);
#1331=ORIENTED_EDGE('',*,*,#993,.F.);
#1332=ORIENTED_EDGE('',*,*,#940,.F.);
#1333=ORIENTED_EDGE('',*,*,#994,.F.);
#1334=ORIENTED_EDGE('',*,*,#995,.F.);
#1335=ORIENTED_EDGE('',*,*,#996,.F.);
#1336=ORIENTED_EDGE('',*,*,#942,.T.);
#1337=ORIENTED_EDGE('',*,*,#959,.F.);
#1338=ORIENTED_EDGE('',*,*,#997,.F.);
#1339=ORIENTED_EDGE('',*,*,#998,.F.);
#1340=ORIENTED_EDGE('',*,*,#950,.T.);
#1341=ORIENTED_EDGE('',*,*,#966,.F.);
#1342=ORIENTED_EDGE('',*,*,#947,.F.);
#1343=ORIENTED_EDGE('',*,*,#955,.T.);
#1344=ORIENTED_EDGE('',*,*,#952,.F.);
#1345=ORIENTED_EDGE('',*,*,#999,.F.);
#1346=ORIENTED_EDGE('',*,*,#945,.F.);
#1347=ORIENTED_EDGE('',*,*,#964,.F.);
#1348=ORIENTED_EDGE('',*,*,#975,.T.);
#1349=ORIENTED_EDGE('',*,*,#1000,.F.);
#1350=ORIENTED_EDGE('',*,*,#969,.F.);
#1351=ORIENTED_EDGE('',*,*,#1001,.F.);
#1352=ORIENTED_EDGE('',*,*,#930,.F.);
#1353=ORIENTED_EDGE('',*,*,#935,.F.);
#1354=ORIENTED_EDGE('',*,*,#956,.F.);
#1355=ORIENTED_EDGE('',*,*,#1002,.F.);
#1356=ORIENTED_EDGE('',*,*,#1003,.F.);
#1357=ORIENTED_EDGE('',*,*,#1004,.F.);
#1358=ORIENTED_EDGE('',*,*,#1005,.F.);
#1359=ORIENTED_EDGE('',*,*,#960,.F.);
#1360=ORIENTED_EDGE('',*,*,#899,.F.);
#1361=ORIENTED_EDGE('',*,*,#904,.F.);
#1362=ORIENTED_EDGE('',*,*,#1006,.F.);
#1363=ORIENTED_EDGE('',*,*,#943,.F.);
#1364=ORIENTED_EDGE('',*,*,#997,.T.);
#1365=ORIENTED_EDGE('',*,*,#958,.F.);
#1366=ORIENTED_EDGE('',*,*,#1007,.F.);
#1367=ORIENTED_EDGE('',*,*,#1008,.F.);
#1368=ORIENTED_EDGE('',*,*,#1009,.F.);
#1369=ORIENTED_EDGE('',*,*,#1010,.F.);
#1370=ORIENTED_EDGE('',*,*,#973,.T.);
#1371=ORIENTED_EDGE('',*,*,#971,.T.);
#1372=ORIENTED_EDGE('',*,*,#967,.F.);
#1373=ORIENTED_EDGE('',*,*,#907,.F.);
#1374=ORIENTED_EDGE('',*,*,#984,.T.);
#1375=ORIENTED_EDGE('',*,*,#1011,.F.);
#1376=ORIENTED_EDGE('',*,*,#1012,.F.);
#1377=ORIENTED_EDGE('',*,*,#1006,.T.);
#1378=ORIENTED_EDGE('',*,*,#903,.F.);
#1379=ORIENTED_EDGE('',*,*,#1013,.T.);
#1380=ORIENTED_EDGE('',*,*,#1014,.T.);
#1381=ORIENTED_EDGE('',*,*,#976,.T.);
#1382=ORIENTED_EDGE('',*,*,#905,.T.);
#1383=ORIENTED_EDGE('',*,*,#869,.T.);
#1384=ORIENTED_EDGE('',*,*,#908,.T.);
#1385=ORIENTED_EDGE('',*,*,#961,.T.);
#1386=ORIENTED_EDGE('',*,*,#1005,.T.);
#1387=ORIENTED_EDGE('',*,*,#1015,.F.);
#1388=ORIENTED_EDGE('',*,*,#977,.T.);
#1389=ORIENTED_EDGE('',*,*,#1014,.F.);
#1390=ORIENTED_EDGE('',*,*,#1016,.F.);
#1391=ORIENTED_EDGE('',*,*,#1017,.F.);
#1392=ORIENTED_EDGE('',*,*,#1018,.F.);
#1393=ORIENTED_EDGE('',*,*,#978,.T.);
#1394=ORIENTED_EDGE('',*,*,#1015,.T.);
#1395=ORIENTED_EDGE('',*,*,#1018,.T.);
#1396=ORIENTED_EDGE('',*,*,#1019,.F.);
#1397=ORIENTED_EDGE('',*,*,#839,.F.);
#1398=ORIENTED_EDGE('',*,*,#979,.T.);
#1399=ORIENTED_EDGE('',*,*,#980,.T.);
#1400=ORIENTED_EDGE('',*,*,#838,.F.);
#1401=ORIENTED_EDGE('',*,*,#848,.F.);
#1402=ORIENTED_EDGE('',*,*,#845,.F.);
#1403=ORIENTED_EDGE('',*,*,#1020,.T.);
#1404=ORIENTED_EDGE('',*,*,#1021,.T.);
#1405=ORIENTED_EDGE('',*,*,#981,.T.);
#1406=ORIENTED_EDGE('',*,*,#844,.F.);
#1407=ORIENTED_EDGE('',*,*,#982,.T.);
#1408=ORIENTED_EDGE('',*,*,#1021,.F.);
#1409=ORIENTED_EDGE('',*,*,#1022,.F.);
#1410=ORIENTED_EDGE('',*,*,#1023,.F.);
#1411=ORIENTED_EDGE('',*,*,#1011,.T.);
#1412=ORIENTED_EDGE('',*,*,#983,.T.);
#1413=ORIENTED_EDGE('',*,*,#1023,.T.);
#1414=ORIENTED_EDGE('',*,*,#1024,.F.);
#1415=ORIENTED_EDGE('',*,*,#929,.F.);
#1416=ORIENTED_EDGE('',*,*,#993,.T.);
#1417=ORIENTED_EDGE('',*,*,#1025,.F.);
#1418=ORIENTED_EDGE('',*,*,#1026,.F.);
#1419=ORIENTED_EDGE('',*,*,#1002,.T.);
#1420=ORIENTED_EDGE('',*,*,#962,.F.);
#1421=ORIENTED_EDGE('',*,*,#925,.F.);
#1422=ORIENTED_EDGE('',*,*,#859,.F.);
#1423=ORIENTED_EDGE('',*,*,#927,.F.);
#1424=ORIENTED_EDGE('',*,*,#931,.F.);
#1425=ORIENTED_EDGE('',*,*,#1001,.T.);
#1426=ORIENTED_EDGE('',*,*,#1027,.F.);
#1427=ORIENTED_EDGE('',*,*,#1028,.F.);
#1428=ORIENTED_EDGE('',*,*,#985,.T.);
#1429=ORIENTED_EDGE('',*,*,#1028,.T.);
#1430=ORIENTED_EDGE('',*,*,#1029,.F.);
#1431=ORIENTED_EDGE('',*,*,#1030,.F.);
#1432=ORIENTED_EDGE('',*,*,#986,.T.);
#1433=ORIENTED_EDGE('',*,*,#1031,.F.);
#1434=ORIENTED_EDGE('',*,*,#1032,.F.);
#1435=ORIENTED_EDGE('',*,*,#987,.T.);
#1436=ORIENTED_EDGE('',*,*,#1030,.T.);
#1437=ORIENTED_EDGE('',*,*,#1032,.T.);
#1438=ORIENTED_EDGE('',*,*,#1033,.F.);
#1439=ORIENTED_EDGE('',*,*,#835,.F.);
#1440=ORIENTED_EDGE('',*,*,#988,.T.);
#1441=ORIENTED_EDGE('',*,*,#1034,.F.);
#1442=ORIENTED_EDGE('',*,*,#828,.T.);
#1443=ORIENTED_EDGE('',*,*,#989,.T.);
#1444=ORIENTED_EDGE('',*,*,#834,.F.);
#1445=ORIENTED_EDGE('',*,*,#1035,.T.);
#1446=ORIENTED_EDGE('',*,*,#1036,.T.);
#1447=ORIENTED_EDGE('',*,*,#990,.T.);
#1448=ORIENTED_EDGE('',*,*,#827,.T.);
#1449=ORIENTED_EDGE('',*,*,#991,.T.);
#1450=ORIENTED_EDGE('',*,*,#1036,.F.);
#1451=ORIENTED_EDGE('',*,*,#1037,.F.);
#1452=ORIENTED_EDGE('',*,*,#1038,.F.);
#1453=ORIENTED_EDGE('',*,*,#1038,.T.);
#1454=ORIENTED_EDGE('',*,*,#1039,.F.);
#1455=ORIENTED_EDGE('',*,*,#1025,.T.);
#1456=ORIENTED_EDGE('',*,*,#992,.T.);
#1457=ORIENTED_EDGE('',*,*,#938,.F.);
#1458=ORIENTED_EDGE('',*,*,#996,.T.);
#1459=ORIENTED_EDGE('',*,*,#1040,.F.);
#1460=ORIENTED_EDGE('',*,*,#1041,.F.);
#1461=ORIENTED_EDGE('',*,*,#1007,.T.);
#1462=ORIENTED_EDGE('',*,*,#957,.F.);
#1463=ORIENTED_EDGE('',*,*,#936,.F.);
#1464=ORIENTED_EDGE('',*,*,#939,.F.);
#1465=ORIENTED_EDGE('',*,*,#944,.F.);
#1466=ORIENTED_EDGE('',*,*,#1009,.T.);
#1467=ORIENTED_EDGE('',*,*,#1042,.F.);
#1468=ORIENTED_EDGE('',*,*,#1043,.F.);
#1469=ORIENTED_EDGE('',*,*,#994,.T.);
#1470=ORIENTED_EDGE('',*,*,#1043,.T.);
#1471=ORIENTED_EDGE('',*,*,#1044,.F.);
#1472=ORIENTED_EDGE('',*,*,#1040,.T.);
#1473=ORIENTED_EDGE('',*,*,#995,.T.);
#1474=ORIENTED_EDGE('',*,*,#999,.T.);
#1475=ORIENTED_EDGE('',*,*,#951,.F.);
#1476=ORIENTED_EDGE('',*,*,#998,.T.);
#1477=ORIENTED_EDGE('',*,*,#946,.F.);
#1478=ORIENTED_EDGE('',*,*,#1000,.T.);
#1479=ORIENTED_EDGE('',*,*,#974,.F.);
#1480=ORIENTED_EDGE('',*,*,#1010,.T.);
#1481=ORIENTED_EDGE('',*,*,#970,.F.);
#1482=ORIENTED_EDGE('',*,*,#1027,.T.);
#1483=ORIENTED_EDGE('',*,*,#1003,.T.);
#1484=ORIENTED_EDGE('',*,*,#1026,.T.);
#1485=ORIENTED_EDGE('',*,*,#1039,.T.);
#1486=ORIENTED_EDGE('',*,*,#1037,.T.);
#1487=ORIENTED_EDGE('',*,*,#1035,.F.);
#1488=ORIENTED_EDGE('',*,*,#1045,.F.);
#1489=ORIENTED_EDGE('',*,*,#1033,.T.);
#1490=ORIENTED_EDGE('',*,*,#1031,.T.);
#1491=ORIENTED_EDGE('',*,*,#1029,.T.);
#1492=ORIENTED_EDGE('',*,*,#1012,.T.);
#1493=ORIENTED_EDGE('',*,*,#1024,.T.);
#1494=ORIENTED_EDGE('',*,*,#1022,.T.);
#1495=ORIENTED_EDGE('',*,*,#1020,.F.);
#1496=ORIENTED_EDGE('',*,*,#1046,.F.);
#1497=ORIENTED_EDGE('',*,*,#1019,.T.);
#1498=ORIENTED_EDGE('',*,*,#1017,.T.);
#1499=ORIENTED_EDGE('',*,*,#1016,.T.);
#1500=ORIENTED_EDGE('',*,*,#1013,.F.);
#1501=ORIENTED_EDGE('',*,*,#1004,.T.);
#1502=ORIENTED_EDGE('',*,*,#1042,.T.);
#1503=ORIENTED_EDGE('',*,*,#1008,.T.);
#1504=ORIENTED_EDGE('',*,*,#1041,.T.);
#1505=ORIENTED_EDGE('',*,*,#1044,.T.);
#1506=ORIENTED_EDGE('',*,*,#816,.T.);
#1507=ORIENTED_EDGE('',*,*,#829,.F.);
#1508=ORIENTED_EDGE('',*,*,#1034,.T.);
#1509=ORIENTED_EDGE('',*,*,#833,.F.);
#1510=ORIENTED_EDGE('',*,*,#810,.T.);
#1511=ORIENTED_EDGE('',*,*,#850,.F.);
#1512=ORIENTED_EDGE('',*,*,#836,.T.);
#1513=ORIENTED_EDGE('',*,*,#1045,.T.);
#1514=ORIENTED_EDGE('',*,*,#826,.T.);
#1515=ORIENTED_EDGE('',*,*,#832,.T.);
#1516=ORIENTED_EDGE('',*,*,#840,.T.);
#1517=ORIENTED_EDGE('',*,*,#1046,.T.);
#1518=ORIENTED_EDGE('',*,*,#843,.T.);
#1519=ORIENTED_EDGE('',*,*,#1047,.T.);
#1520=ORIENTED_EDGE('',*,*,#824,.T.);
#1521=ORIENTED_EDGE('',*,*,#841,.F.);
#1522=ORIENTED_EDGE('',*,*,#1047,.F.);
#1523=ORIENTED_EDGE('',*,*,#842,.F.);
#1524=ORIENTED_EDGE('',*,*,#818,.T.);
#1525=ORIENTED_EDGE('',*,*,#849,.T.);
#1526=PLANE('',#1697);
#1527=PLANE('',#1698);
#1528=PLANE('',#1699);
#1529=PLANE('',#1700);
#1530=PLANE('',#1701);
#1531=PLANE('',#1704);
#1532=PLANE('',#1706);
#1533=PLANE('',#1709);
#1534=PLANE('',#1712);
#1535=PLANE('',#1715);
#1536=PLANE('',#1721);
#1537=PLANE('',#1727);
#1538=PLANE('',#1728);
#1539=PLANE('',#1731);
#1540=PLANE('',#1734);
#1541=PLANE('',#1735);
#1542=PLANE('',#1736);
#1543=PLANE('',#1737);
#1544=PLANE('',#1739);
#1545=PLANE('',#1743);
#1546=PLANE('',#1744);
#1547=PLANE('',#1745);
#1548=PLANE('',#1752);
#1549=PLANE('',#1753);
#1550=PLANE('',#1754);
#1551=PLANE('',#1758);
#1552=PLANE('',#1759);
#1553=PLANE('',#1761);
#1554=PLANE('',#1765);
#1555=PLANE('',#1766);
#1556=PLANE('',#1767);
#1557=PLANE('',#1768);
#1558=PLANE('',#1769);
#1559=PLANE('',#1770);
#1560=PLANE('',#1771);
#1561=PLANE('',#1772);
#1562=PLANE('',#1773);
#1563=PLANE('',#1774);
#1564=PLANE('',#1775);
#1565=PLANE('',#1776);
#1566=PLANE('',#1778);
#1567=PLANE('',#1779);
#1568=PLANE('',#1780);
#1569=PLANE('',#1790);
#1570=PLANE('',#1791);
#1571=PLANE('',#1792);
#1572=PLANE('',#1793);
#1573=PLANE('',#1794);
#1574=PLANE('',#1795);
#1575=PLANE('',#1797);
#1576=PLANE('',#1798);
#1577=PLANE('',#1799);
#1578=PLANE('',#1800);
#1579=PLANE('',#1801);
#1580=PLANE('',#1802);
#1581=PLANE('',#1803);
#1582=PLANE('',#1804);
#1583=PLANE('',#1806);
#1584=PLANE('',#1807);
#1585=PLANE('',#1808);
#1586=PLANE('',#1809);
#1587=PLANE('',#1810);
#1588=PLANE('',#1811);
#1589=PLANE('',#1812);
#1590=PLANE('',#1813);
#1591=PLANE('',#1814);
#1592=PLANE('',#1815);
#1593=PLANE('',#1816);
#1594=PLANE('',#1817);
#1595=PLANE('',#1820);
#1596=ADVANCED_FACE('',(#73),#1526,.F.);
#1597=ADVANCED_FACE('',(#74),#1527,.F.);
#1598=ADVANCED_FACE('',(#75),#1528,.F.);
#1599=ADVANCED_FACE('',(#76),#1529,.F.);
#1600=ADVANCED_FACE('',(#77),#1530,.F.);
#1601=ADVANCED_FACE('',(#78),#1531,.F.);
#1602=ADVANCED_FACE('',(#79),#1532,.T.);
#1603=ADVANCED_FACE('',(#80),#1533,.T.);
#1604=ADVANCED_FACE('',(#81),#1534,.T.);
#1605=ADVANCED_FACE('',(#82),#1535,.F.);
#1606=ADVANCED_FACE('',(#83),#22,.F.);
#1607=ADVANCED_FACE('',(#84),#23,.F.);
#1608=ADVANCED_FACE('',(#85,#18,#19),#1536,.T.);
#1609=ADVANCED_FACE('',(#86),#1537,.F.);
#1610=ADVANCED_FACE('',(#87),#1538,.F.);
#1611=ADVANCED_FACE('',(#88),#24,.F.);
#1612=ADVANCED_FACE('',(#89),#1539,.F.);
#1613=ADVANCED_FACE('',(#90),#25,.F.);
#1614=ADVANCED_FACE('',(#91),#1540,.F.);
#1615=ADVANCED_FACE('',(#92),#1541,.F.);
#1616=ADVANCED_FACE('',(#93),#1542,.F.);
#1617=ADVANCED_FACE('',(#94),#1543,.T.);
#1618=ADVANCED_FACE('',(#95),#1544,.F.);
#1619=ADVANCED_FACE('',(#96),#26,.T.);
#1620=ADVANCED_FACE('',(#97),#1545,.F.);
#1621=ADVANCED_FACE('',(#98),#1546,.F.);
#1622=ADVANCED_FACE('',(#99),#1547,.T.);
#1623=ADVANCED_FACE('',(#100),#27,.T.);
#1624=ADVANCED_FACE('',(#101),#28,.F.);
#1625=ADVANCED_FACE('',(#102),#29,.T.);
#1626=ADVANCED_FACE('',(#103),#1548,.F.);
#1627=ADVANCED_FACE('',(#104),#1549,.F.);
#1628=ADVANCED_FACE('',(#105),#1550,.T.);
#1629=ADVANCED_FACE('',(#106),#30,.T.);
#1630=ADVANCED_FACE('',(#107),#1551,.F.);
#1631=ADVANCED_FACE('',(#108),#1552,.T.);
#1632=ADVANCED_FACE('',(#109),#1553,.F.);
#1633=ADVANCED_FACE('',(#110),#31,.T.);
#1634=ADVANCED_FACE('',(#111),#1554,.F.);
#1635=ADVANCED_FACE('',(#112),#1555,.T.);
#1636=ADVANCED_FACE('',(#113),#1556,.F.);
#1637=ADVANCED_FACE('',(#114),#1557,.F.);
#1638=ADVANCED_FACE('',(#115,#20,#21),#1558,.T.);
#1639=ADVANCED_FACE('',(#116),#1559,.T.);
#1640=ADVANCED_FACE('',(#117),#1560,.F.);
#1641=ADVANCED_FACE('',(#118),#1561,.F.);
#1642=ADVANCED_FACE('',(#119),#1562,.F.);
#1643=ADVANCED_FACE('',(#120),#1563,.F.);
#1644=ADVANCED_FACE('',(#121),#1564,.F.);
#1645=ADVANCED_FACE('',(#122),#1565,.F.);
#1646=ADVANCED_FACE('',(#123),#1566,.F.);
#1647=ADVANCED_FACE('',(#124),#1567,.F.);
#1648=ADVANCED_FACE('',(#125),#1568,.F.);
#1649=ADVANCED_FACE('',(#126),#32,.F.);
#1650=ADVANCED_FACE('',(#127),#33,.F.);
#1651=ADVANCED_FACE('',(#128),#34,.F.);
#1652=ADVANCED_FACE('',(#129),#1569,.F.);
#1653=ADVANCED_FACE('',(#130),#1570,.F.);
#1654=ADVANCED_FACE('',(#131),#1571,.T.);
#1655=ADVANCED_FACE('',(#132),#1572,.F.);
#1656=ADVANCED_FACE('',(#133),#1573,.F.);
#1657=ADVANCED_FACE('',(#134),#1574,.F.);
#1658=ADVANCED_FACE('',(#135),#35,.F.);
#1659=ADVANCED_FACE('',(#136),#1575,.T.);
#1660=ADVANCED_FACE('',(#137),#1576,.F.);
#1661=ADVANCED_FACE('',(#138),#1577,.F.);
#1662=ADVANCED_FACE('',(#139),#1578,.F.);
#1663=ADVANCED_FACE('',(#140),#1579,.F.);
#1664=ADVANCED_FACE('',(#141),#1580,.F.);
#1665=ADVANCED_FACE('',(#142),#1581,.F.);
#1666=ADVANCED_FACE('',(#143),#1582,.F.);
#1667=ADVANCED_FACE('',(#144),#36,.F.);
#1668=ADVANCED_FACE('',(#145),#1583,.T.);
#1669=ADVANCED_FACE('',(#146),#1584,.F.);
#1670=ADVANCED_FACE('',(#147),#1585,.F.);
#1671=ADVANCED_FACE('',(#148),#1586,.F.);
#1672=ADVANCED_FACE('',(#149),#1587,.F.);
#1673=ADVANCED_FACE('',(#150),#1588,.F.);
#1674=ADVANCED_FACE('',(#151),#1589,.F.);
#1675=ADVANCED_FACE('',(#152),#1590,.F.);
#1676=ADVANCED_FACE('',(#153),#1591,.F.);
#1677=ADVANCED_FACE('',(#154),#1592,.F.);
#1678=ADVANCED_FACE('',(#155),#1593,.F.);
#1679=ADVANCED_FACE('',(#156),#1594,.F.);
#1680=ADVANCED_FACE('',(#157),#37,.T.);
#1681=ADVANCED_FACE('',(#158),#38,.T.);
#1682=ADVANCED_FACE('',(#159),#1595,.F.);
#1683=CLOSED_SHELL('',(#1596,#1597,#1598,#1599,#1600,#1601,#1602,#1603,
#1604,#1605,#1606,#1607,#1608,#1609,#1610,#1611,#1612,#1613,#1614,#1615,
#1616,#1617,#1618,#1619,#1620,#1621,#1622,#1623,#1624,#1625,#1626,#1627,
#1628,#1629,#1630,#1631,#1632,#1633,#1634,#1635,#1636,#1637,#1638,#1639,
#1640,#1641,#1642,#1643,#1644,#1645,#1646,#1647,#1648,#1649,#1650,#1651,
#1652,#1653,#1654,#1655,#1656,#1657,#1658,#1659,#1660,#1661,#1662,#1663,
#1664,#1665,#1666,#1667,#1668,#1669,#1670,#1671,#1672,#1673,#1674,#1675,
#1676,#1677,#1678,#1679,#1680,#1681,#1682));
#1684=DERIVED_UNIT_ELEMENT(#1686,1.);
#1685=DERIVED_UNIT_ELEMENT(#2759,-3.);
#1686=(
MASS_UNIT()
NAMED_UNIT(*)
SI_UNIT(.KILO.,.GRAM.)
);
#1687=DERIVED_UNIT((#1684,#1685));
#1688=MEASURE_REPRESENTATION_ITEM('density measure',
POSITIVE_RATIO_MEASURE(7850.),#1687);
#1689=PROPERTY_DEFINITION_REPRESENTATION(#1694,#1691);
#1690=PROPERTY_DEFINITION_REPRESENTATION(#1695,#1692);
#1691=REPRESENTATION('material name',(#1693),#2756);
#1692=REPRESENTATION('density',(#1688),#2756);
#1693=DESCRIPTIVE_REPRESENTATION_ITEM('Steel','Steel');
#1694=PROPERTY_DEFINITION('material property','material name',#2766);
#1695=PROPERTY_DEFINITION('material property','density of part',#2766);
#1696=AXIS2_PLACEMENT_3D('',#2273,#1821,#1822);
#1697=AXIS2_PLACEMENT_3D('',#2274,#1823,#1824);
#1698=AXIS2_PLACEMENT_3D('',#2283,#1829,#1830);
#1699=AXIS2_PLACEMENT_3D('',#2292,#1835,#1836);
#1700=AXIS2_PLACEMENT_3D('',#2301,#1841,#1842);
#1701=AXIS2_PLACEMENT_3D('',#2310,#1847,#1848);
#1702=AXIS2_PLACEMENT_3D('',#2314,#1850,#1851);
#1703=AXIS2_PLACEMENT_3D('',#2318,#1853,#1854);
#1704=AXIS2_PLACEMENT_3D('',#2320,#1856,#1857);
#1705=AXIS2_PLACEMENT_3D('',#2321,#1858,#1859);
#1706=AXIS2_PLACEMENT_3D('',#2325,#1862,#1863);
#1707=AXIS2_PLACEMENT_3D('',#2329,#1865,#1866);
#1708=AXIS2_PLACEMENT_3D('',#2332,#1868,#1869);
#1709=AXIS2_PLACEMENT_3D('',#2333,#1870,#1871);
#1710=AXIS2_PLACEMENT_3D('',#2337,#1873,#1874);
#1711=AXIS2_PLACEMENT_3D('',#2341,#1876,#1877);
#1712=AXIS2_PLACEMENT_3D('',#2343,#1879,#1880);
#1713=AXIS2_PLACEMENT_3D('',#2347,#1882,#1883);
#1714=AXIS2_PLACEMENT_3D('',#2351,#1885,#1886);
#1715=AXIS2_PLACEMENT_3D('',#2353,#1888,#1889);
#1716=AXIS2_PLACEMENT_3D('',#2354,#1890,#1891);
#1717=AXIS2_PLACEMENT_3D('',#2356,#1893,#1894);
#1718=AXIS2_PLACEMENT_3D('',#2357,#1895,#1896);
#1719=AXIS2_PLACEMENT_3D('',#2358,#1897,#1898);
#1720=AXIS2_PLACEMENT_3D('',#2359,#1899,#1900);
#1721=AXIS2_PLACEMENT_3D('',#2360,#1901,#1902);
#1722=AXIS2_PLACEMENT_3D('',#2387,#1915,#1916);
#1723=AXIS2_PLACEMENT_3D('',#2389,#1917,#1918);
#1724=AXIS2_PLACEMENT_3D('',#2391,#1919,#1920);
#1725=AXIS2_PLACEMENT_3D('',#2408,#1929,#1930);
#1726=AXIS2_PLACEMENT_3D('',#2413,#1932,#1933);
#1727=AXIS2_PLACEMENT_3D('',#2417,#1936,#1937);
#1728=AXIS2_PLACEMENT_3D('',#2427,#1943,#1944);
#1729=AXIS2_PLACEMENT_3D('',#2431,#1947,#1948);
#1730=AXIS2_PLACEMENT_3D('',#2434,#1950,#1951);
#1731=AXIS2_PLACEMENT_3D('',#2435,#1952,#1953);
#1732=AXIS2_PLACEMENT_3D('',#2437,#1955,#1956);
#1733=AXIS2_PLACEMENT_3D('',#2441,#1958,#1959);
#1734=AXIS2_PLACEMENT_3D('',#2443,#1961,#1962);
#1735=AXIS2_PLACEMENT_3D('',#2447,#1965,#1966);
#1736=AXIS2_PLACEMENT_3D('',#2455,#1971,#1972);
#1737=AXIS2_PLACEMENT_3D('',#2457,#1974,#1975);
#1738=AXIS2_PLACEMENT_3D('',#2460,#1976,#1977);
#1739=AXIS2_PLACEMENT_3D('',#2465,#1981,#1982);
#1740=AXIS2_PLACEMENT_3D('',#2469,#1985,#1986);
#1741=AXIS2_PLACEMENT_3D('',#2471,#1987,#1988);
#1742=AXIS2_PLACEMENT_3D('',#2474,#1990,#1991);
#1743=AXIS2_PLACEMENT_3D('',#2475,#1992,#1993);
#1744=AXIS2_PLACEMENT_3D('',#2481,#1997,#1998);
#1745=AXIS2_PLACEMENT_3D('',#2485,#2001,#2002);
#1746=AXIS2_PLACEMENT_3D('',#2489,#2005,#2006);
#1747=AXIS2_PLACEMENT_3D('',#2492,#2008,#2009);
#1748=AXIS2_PLACEMENT_3D('',#2493,#2010,#2011);
#1749=AXIS2_PLACEMENT_3D('',#2496,#2013,#2014);
#1750=AXIS2_PLACEMENT_3D('',#2497,#2015,#2016);
#1751=AXIS2_PLACEMENT_3D('',#2500,#2018,#2019);
#1752=AXIS2_PLACEMENT_3D('',#2501,#2020,#2021);
#1753=AXIS2_PLACEMENT_3D('',#2505,#2024,#2025);
#1754=AXIS2_PLACEMENT_3D('',#2509,#2028,#2029);
#1755=AXIS2_PLACEMENT_3D('',#2513,#2032,#2033);
#1756=AXIS2_PLACEMENT_3D('',#2515,#2034,#2035);
#1757=AXIS2_PLACEMENT_3D('',#2518,#2037,#2038);
#1758=AXIS2_PLACEMENT_3D('',#2519,#2039,#2040);
#1759=AXIS2_PLACEMENT_3D('',#2525,#2044,#2045);
#1760=AXIS2_PLACEMENT_3D('',#2530,#2048,#2049);
#1761=AXIS2_PLACEMENT_3D('',#2531,#2050,#2051);
#1762=AXIS2_PLACEMENT_3D('',#2535,#2054,#2055);
#1763=AXIS2_PLACEMENT_3D('',#2537,#2056,#2057);
#1764=AXIS2_PLACEMENT_3D('',#2539,#2058,#2059);
#1765=AXIS2_PLACEMENT_3D('',#2541,#2061,#2062);
#1766=AXIS2_PLACEMENT_3D('',#2549,#2067,#2068);
#1767=AXIS2_PLACEMENT_3D('',#2559,#2074,#2075);
#1768=AXIS2_PLACEMENT_3D('',#2569,#2081,#2082);
#1769=AXIS2_PLACEMENT_3D('',#2571,#2084,#2085);
#1770=AXIS2_PLACEMENT_3D('',#2589,#2097,#2098);
#1771=AXIS2_PLACEMENT_3D('',#2597,#2103,#2104);
#1772=AXIS2_PLACEMENT_3D('',#2601,#2107,#2108);
#1773=AXIS2_PLACEMENT_3D('',#2607,#2112,#2113);
#1774=AXIS2_PLACEMENT_3D('',#2623,#2123,#2124);
#1775=AXIS2_PLACEMENT_3D('',#2639,#2134,#2135);
#1776=AXIS2_PLACEMENT_3D('',#2645,#2139,#2140);
#1777=AXIS2_PLACEMENT_3D('',#2646,#2141,#2142);
#1778=AXIS2_PLACEMENT_3D('',#2647,#2143,#2144);
#1779=AXIS2_PLACEMENT_3D('',#2649,#2146,#2147);
#1780=AXIS2_PLACEMENT_3D('',#2651,#2149,#2150);
#1781=AXIS2_PLACEMENT_3D('',#2653,#2152,#2153);
#1782=AXIS2_PLACEMENT_3D('',#2655,#2154,#2155);
#1783=AXIS2_PLACEMENT_3D('',#2657,#2156,#2157);
#1784=AXIS2_PLACEMENT_3D('',#2659,#2159,#2160);
#1785=AXIS2_PLACEMENT_3D('',#2663,#2162,#2163);
#1786=AXIS2_PLACEMENT_3D('',#2664,#2164,#2165);
#1787=AXIS2_PLACEMENT_3D('',#2665,#2166,#2167);
#1788=AXIS2_PLACEMENT_3D('',#2667,#2168,#2169);
#1789=AXIS2_PLACEMENT_3D('',#2670,#2171,#2172);
#1790=AXIS2_PLACEMENT_3D('',#2671,#2173,#2174);
#1791=AXIS2_PLACEMENT_3D('',#2673,#2176,#2177);
#1792=AXIS2_PLACEMENT_3D('',#2677,#2180,#2181);
#1793=AXIS2_PLACEMENT_3D('',#2681,#2184,#2185);
#1794=AXIS2_PLACEMENT_3D('',#2685,#2188,#2189);
#1795=AXIS2_PLACEMENT_3D('',#2689,#2192,#2193);
#1796=AXIS2_PLACEMENT_3D('',#2691,#2195,#2196);
#1797=AXIS2_PLACEMENT_3D('',#2692,#2197,#2198);
#1798=AXIS2_PLACEMENT_3D('',#2696,#2201,#2202);
#1799=AXIS2_PLACEMENT_3D('',#2700,#2205,#2206);
#1800=AXIS2_PLACEMENT_3D('',#2702,#2208,#2209);
#1801=AXIS2_PLACEMENT_3D('',#2706,#2212,#2213);
#1802=AXIS2_PLACEMENT_3D('',#2710,#2216,#2217);
#1803=AXIS2_PLACEMENT_3D('',#2714,#2220,#2221);
#1804=AXIS2_PLACEMENT_3D('',#2718,#2224,#2225);
#1805=AXIS2_PLACEMENT_3D('',#2720,#2227,#2228);
#1806=AXIS2_PLACEMENT_3D('',#2722,#2230,#2231);
#1807=AXIS2_PLACEMENT_3D('',#2726,#2234,#2235);
#1808=AXIS2_PLACEMENT_3D('',#2730,#2238,#2239);
#1809=AXIS2_PLACEMENT_3D('',#2732,#2241,#2242);
#1810=AXIS2_PLACEMENT_3D('',#2736,#2245,#2246);
#1811=AXIS2_PLACEMENT_3D('',#2740,#2249,#2250);
#1812=AXIS2_PLACEMENT_3D('',#2742,#2252,#2253);
#1813=AXIS2_PLACEMENT_3D('',#2743,#2254,#2255);
#1814=AXIS2_PLACEMENT_3D('',#2744,#2256,#2257);
#1815=AXIS2_PLACEMENT_3D('',#2746,#2259,#2260);
#1816=AXIS2_PLACEMENT_3D('',#2748,#2262,#2263);
#1817=AXIS2_PLACEMENT_3D('',#2749,#2264,#2265);
#1818=AXIS2_PLACEMENT_3D('',#2750,#2266,#2267);
#1819=AXIS2_PLACEMENT_3D('',#2751,#2268,#2269);
#1820=AXIS2_PLACEMENT_3D('',#2753,#2271,#2272);
#1821=DIRECTION('axis',(0.,0.,1.));
#1822=DIRECTION('refdir',(1.,0.,0.));
#1823=DIRECTION('center_axis',(-1.,0.,0.));
#1824=DIRECTION('ref_axis',(0.,1.,0.));
#1825=DIRECTION('',(0.,0.,-1.));
#1826=DIRECTION('',(0.,1.,0.));
#1827=DIRECTION('',(0.,0.,1.));
#1828=DIRECTION('',(0.,-1.,0.));
#1829=DIRECTION('center_axis',(-1.,0.,0.));
#1830=DIRECTION('ref_axis',(0.,1.,0.));
#1831=DIRECTION('',(0.,0.,1.));
#1832=DIRECTION('',(0.,-1.,0.));
#1833=DIRECTION('',(0.,0.,-1.));
#1834=DIRECTION('',(0.,1.,0.));
#1835=DIRECTION('center_axis',(1.,0.,0.));
#1836=DIRECTION('ref_axis',(0.,-1.,0.));
#1837=DIRECTION('',(0.,0.,1.));
#1838=DIRECTION('',(0.,1.,0.));
#1839=DIRECTION('',(0.,0.,-1.));
#1840=DIRECTION('',(0.,-1.,4.59401798074172E-33));
#1841=DIRECTION('center_axis',(1.,0.,0.));
#1842=DIRECTION('ref_axis',(0.,-1.,0.));
#1843=DIRECTION('',(0.,0.,-1.));
#1844=DIRECTION('',(0.,-1.,4.59401798074172E-33));
#1845=DIRECTION('',(0.,0.,1.));
#1846=DIRECTION('',(0.,1.,0.));
#1847=DIRECTION('center_axis',(0.,-1.,0.));
#1848=DIRECTION('ref_axis',(0.,0.,-1.));
#1849=DIRECTION('',(1.,0.,0.));
#1850=DIRECTION('center_axis',(-1.55141395053634E-16,-1.,0.));
#1851=DIRECTION('ref_axis',(1.,-1.55141395053634E-16,0.));
#1852=DIRECTION('',(-1.,0.,0.));
#1853=DIRECTION('center_axis',(-9.74563750548768E-17,1.,0.));
#1854=DIRECTION('ref_axis',(1.,9.74563750548768E-17,0.));
#1855=DIRECTION('',(1.,0.,0.));
#1856=DIRECTION('center_axis',(0.,0.,1.));
#1857=DIRECTION('ref_axis',(1.,0.,0.));
#1858=DIRECTION('center_axis',(0.,0.,1.));
#1859=DIRECTION('ref_axis',(-1.,0.,0.));
#1860=DIRECTION('',(1.,3.40141858034668E-16,0.));
#1861=DIRECTION('',(-1.55141395053634E-16,-1.,0.));
#1862=DIRECTION('center_axis',(3.40141858034668E-16,-1.,0.));
#1863=DIRECTION('ref_axis',(1.,3.40141858034668E-16,0.));
#1864=DIRECTION('',(-1.,0.,0.));
#1865=DIRECTION('center_axis',(-9.74563750548768E-17,1.,0.));
#1866=DIRECTION('ref_axis',(1.,9.74563750548768E-17,0.));
#1867=DIRECTION('',(-1.,-3.40141858034668E-16,0.));
#1868=DIRECTION('center_axis',(1.55141395053634E-16,1.,0.));
#1869=DIRECTION('ref_axis',(1.,-1.55141395053634E-16,0.));
#1870=DIRECTION('center_axis',(0.,1.,0.));
#1871=DIRECTION('ref_axis',(0.,0.,1.));
#1872=DIRECTION('',(1.,0.,-4.71392248906741E-17));
#1873=DIRECTION('center_axis',(9.74563750548768E-17,-1.,0.));
#1874=DIRECTION('ref_axis',(1.,9.74563750548768E-17,0.));
#1875=DIRECTION('',(1.,0.,0.));
#1876=DIRECTION('center_axis',(1.55141395053634E-16,-1.,0.));
#1877=DIRECTION('ref_axis',(-1.,-1.55141395053634E-16,0.));
#1878=DIRECTION('',(-1.,0.,0.));
#1879=DIRECTION('center_axis',(0.,-1.,0.));
#1880=DIRECTION('ref_axis',(0.,0.,-1.));
#1881=DIRECTION('',(1.,0.,0.));
#1882=DIRECTION('center_axis',(-1.55141395053634E-16,1.,0.));
#1883=DIRECTION('ref_axis',(-1.,-1.55141395053634E-16,0.));
#1884=DIRECTION('',(-1.,0.,0.));
#1885=DIRECTION('center_axis',(-9.74563750548768E-17,1.,0.));
#1886=DIRECTION('ref_axis',(1.,9.74563750548768E-17,0.));
#1887=DIRECTION('',(-1.,0.,4.71392248906741E-17));
#1888=DIRECTION('center_axis',(-4.71392248906741E-17,-4.59401798074172E-33,
-1.));
#1889=DIRECTION('ref_axis',(-1.,0.,4.71392248906741E-17));
#1890=DIRECTION('center_axis',(0.,0.,1.));
#1891=DIRECTION('ref_axis',(-1.,0.,0.));
#1892=DIRECTION('',(-9.74563750548768E-17,1.,0.));
#1893=DIRECTION('center_axis',(0.,0.,-1.));
#1894=DIRECTION('ref_axis',(1.,1.22464679914735E-16,0.));
#1895=DIRECTION('center_axis',(0.,0.,1.));
#1896=DIRECTION('ref_axis',(-1.,0.,0.));
#1897=DIRECTION('center_axis',(0.,0.,-1.));
#1898=DIRECTION('ref_axis',(-1.,0.,0.));
#1899=DIRECTION('center_axis',(0.,0.,1.));
#1900=DIRECTION('ref_axis',(-1.,0.,0.));
#1901=DIRECTION('center_axis',(0.,0.,1.));
#1902=DIRECTION('ref_axis',(1.,0.,0.));
#1903=DIRECTION('',(0.,-1.,0.));
#1904=DIRECTION('',(0.809126847211438,-0.587634023114453,0.));
#1905=DIRECTION('',(1.,0.,0.));
#1906=DIRECTION('',(1.,0.,0.));
#1907=DIRECTION('',(1.,0.,0.));
#1908=DIRECTION('',(0.809126847211439,0.587634023114453,0.));
#1909=DIRECTION('',(0.,1.,0.));
#1910=DIRECTION('',(0.,1.,0.));
#1911=DIRECTION('',(-1.,0.,0.));
#1912=DIRECTION('',(0.,1.,0.));
#1913=DIRECTION('',(1.,0.,0.));
#1914=DIRECTION('',(0.,1.,0.));
#1915=DIRECTION('center_axis',(0.,0.,1.));
#1916=DIRECTION('ref_axis',(1.,0.,0.));
#1917=DIRECTION('center_axis',(0.,0.,-1.));
#1918=DIRECTION('ref_axis',(1.,0.,0.));
#1919=DIRECTION('center_axis',(0.,0.,1.));
#1920=DIRECTION('ref_axis',(1.,0.,0.));
#1921=DIRECTION('',(0.,-1.,0.));
#1922=DIRECTION('',(1.,0.,0.));
#1923=DIRECTION('',(0.,-1.,0.));
#1924=DIRECTION('',(1.,0.,0.));
#1925=DIRECTION('',(0.,-1.,0.));
#1926=DIRECTION('',(0.,1.,0.));
#1927=DIRECTION('',(1.,0.,0.));
#1928=DIRECTION('',(0.,-1.,0.));
#1929=DIRECTION('center_axis',(0.,0.,-1.));
#1930=DIRECTION('ref_axis',(-1.,0.,0.));
#1931=DIRECTION('',(0.,-1.,0.));
#1932=DIRECTION('center_axis',(0.,0.,-1.));
#1933=DIRECTION('ref_axis',(-1.,0.,0.));
#1934=DIRECTION('',(0.,1.,0.));
#1935=DIRECTION('',(1.,0.,0.));
#1936=DIRECTION('center_axis',(0.,0.258819045102514,-0.96592582628907));
#1937=DIRECTION('ref_axis',(0.,0.96592582628907,0.258819045102514));
#1938=DIRECTION('',(0.,-0.96592582628907,-0.258819045102514));
#1939=DIRECTION('',(0.,0.96592582628907,0.258819045102514));
#1940=DIRECTION('',(0.,0.96592582628907,0.258819045102514));
#1941=DIRECTION('',(-1.,0.,0.));
#1942=DIRECTION('',(0.,-0.96592582628907,-0.258819045102514));
#1943=DIRECTION('center_axis',(-1.,1.00882799257029E-16,0.));
#1944=DIRECTION('ref_axis',(-1.00882799257029E-16,-1.,0.));
#1945=DIRECTION('',(0.,0.,1.));
#1946=DIRECTION('',(-1.00882799257029E-16,-1.,0.));
#1947=DIRECTION('center_axis',(0.,0.,-1.));
#1948=DIRECTION('ref_axis',(-1.,0.,0.));
#1949=DIRECTION('',(0.,0.,1.));
#1950=DIRECTION('center_axis',(0.,0.,1.));
#1951=DIRECTION('ref_axis',(-1.,0.,0.));
#1952=DIRECTION('center_axis',(1.,0.,0.));
#1953=DIRECTION('ref_axis',(0.,0.,-1.));
#1954=DIRECTION('',(0.,1.,0.));
#1955=DIRECTION('center_axis',(0.,0.,-1.));
#1956=DIRECTION('ref_axis',(-1.,0.,0.));
#1957=DIRECTION('',(0.,0.,1.));
#1958=DIRECTION('center_axis',(0.,0.,1.));
#1959=DIRECTION('ref_axis',(-1.,0.,0.));
#1960=DIRECTION('',(0.,0.,-1.));
#1961=DIRECTION('center_axis',(1.,-2.01765598514057E-16,0.));
#1962=DIRECTION('ref_axis',(2.01765598514057E-16,1.,0.));
#1963=DIRECTION('',(2.01765598514057E-16,1.,0.));
#1964=DIRECTION('',(0.,0.965925826289069,0.258819045102519));
#1965=DIRECTION('center_axis',(0.,0.258819045102514,-0.96592582628907));
#1966=DIRECTION('ref_axis',(0.,0.96592582628907,0.258819045102514));
#1967=DIRECTION('',(0.,0.96592582628907,0.258819045102514));
#1968=DIRECTION('',(-1.,0.,0.));
#1969=DIRECTION('',(0.,-0.96592582628907,-0.258819045102514));
#1970=DIRECTION('',(0.,0.96592582628907,0.258819045102514));
#1971=DIRECTION('center_axis',(-1.,0.,0.));
#1972=DIRECTION('ref_axis',(0.,0.,1.));
#1973=DIRECTION('',(0.,-1.,0.));
#1974=DIRECTION('center_axis',(-0.587634023114453,-0.809126847211438,0.));
#1975=DIRECTION('ref_axis',(0.809126847211438,-0.587634023114453,0.));
#1976=DIRECTION('center_axis',(0.587634023114409,0.809126847211471,1.38507712144172E-12));
#1977=DIRECTION('ref_axis',(0.809126847211471,-0.587634023114409,1.12502625534814E-9));
#1978=DIRECTION('',(0.809126847211438,-0.587634023114453,0.));
#1979=DIRECTION('',(0.,0.,1.));
#1980=DIRECTION('',(0.,0.,-1.));
#1981=DIRECTION('center_axis',(1.,1.73472347597681E-16,0.));
#1982=DIRECTION('ref_axis',(-1.73472347597681E-16,1.,0.));
#1983=DIRECTION('',(0.,0.,-1.));
#1984=DIRECTION('',(1.55141395053634E-16,-1.,0.));
#1985=DIRECTION('center_axis',(9.74563750548768E-17,-1.,0.));
#1986=DIRECTION('ref_axis',(1.,9.74563750548768E-17,0.));
#1987=DIRECTION('center_axis',(-9.74563750548768E-17,1.,0.));
#1988=DIRECTION('ref_axis',(1.,9.74563750548768E-17,0.));
#1989=DIRECTION('',(9.74563750548768E-17,-1.,0.));
#1990=DIRECTION('center_axis',(-9.74563750548768E-17,1.,0.));
#1991=DIRECTION('ref_axis',(1.,9.74563750548768E-17,0.));
#1992=DIRECTION('center_axis',(1.,0.,0.));
#1993=DIRECTION('ref_axis',(0.,0.,-1.));
#1994=DIRECTION('',(0.,0.,-1.));
#1995=DIRECTION('',(0.,0.,1.));
#1996=DIRECTION('',(0.,1.,0.));
#1997=DIRECTION('center_axis',(0.,1.,0.));
#1998=DIRECTION('ref_axis',(0.,0.,1.));
#1999=DIRECTION('',(0.,0.,1.));
#2000=DIRECTION('',(-1.,0.,0.));
#2001=DIRECTION('center_axis',(-1.,1.0842021724855E-15,0.));
#2002=DIRECTION('ref_axis',(-1.0842021724855E-15,-1.,0.));
#2003=DIRECTION('',(0.,0.,-1.));
#2004=DIRECTION('',(-1.0842021724855E-15,-1.,0.));
#2005=DIRECTION('center_axis',(0.,0.,1.));
#2006=DIRECTION('ref_axis',(1.,0.,0.));
#2007=DIRECTION('',(0.,0.,-1.));
#2008=DIRECTION('center_axis',(0.,0.,1.));
#2009=DIRECTION('ref_axis',(1.,0.,0.));
#2010=DIRECTION('center_axis',(0.,0.,1.));
#2011=DIRECTION('ref_axis',(1.,0.,0.));
#2012=DIRECTION('',(0.,0.,1.));
#2013=DIRECTION('center_axis',(0.,0.,1.));
#2014=DIRECTION('ref_axis',(1.,0.,0.));
#2015=DIRECTION('center_axis',(0.,0.,1.));
#2016=DIRECTION('ref_axis',(1.,0.,0.));
#2017=DIRECTION('',(0.,0.,-1.));
#2018=DIRECTION('center_axis',(0.,0.,1.));
#2019=DIRECTION('ref_axis',(1.,0.,0.));
#2020=DIRECTION('center_axis',(-1.,0.,0.));
#2021=DIRECTION('ref_axis',(0.,0.,1.));
#2022=DIRECTION('',(0.,0.,1.));
#2023=DIRECTION('',(0.,-1.,0.));
#2024=DIRECTION('center_axis',(0.,1.,0.));
#2025=DIRECTION('ref_axis',(0.,0.,1.));
#2026=DIRECTION('',(0.,0.,1.));
#2027=DIRECTION('',(-1.,0.,0.));
#2028=DIRECTION('center_axis',(1.,0.,0.));
#2029=DIRECTION('ref_axis',(0.,0.,-1.));
#2030=DIRECTION('',(0.,0.,-1.));
#2031=DIRECTION('',(0.,1.,0.));
#2032=DIRECTION('center_axis',(-9.74563750548768E-17,1.,0.));
#2033=DIRECTION('ref_axis',(-1.,-9.74563750548768E-17,0.));
#2034=DIRECTION('center_axis',(-9.74563750548768E-17,1.,0.));
#2035=DIRECTION('ref_axis',(-1.,-9.74563750548768E-17,0.));
#2036=DIRECTION('',(-9.74563750548768E-17,1.,0.));
#2037=DIRECTION('center_axis',(9.74563750548768E-17,-1.,0.));
#2038=DIRECTION('ref_axis',(-1.,-9.74563750548768E-17,0.));
#2039=DIRECTION('center_axis',(-1.,0.,0.));
#2040=DIRECTION('ref_axis',(0.,0.,1.));
#2041=DIRECTION('',(1.55141395053634E-16,1.,0.));
#2042=DIRECTION('',(0.,0.,1.));
#2043=DIRECTION('',(0.,0.,1.));
#2044=DIRECTION('center_axis',(0.587634023114453,-0.809126847211439,0.));
#2045=DIRECTION('ref_axis',(0.809126847211439,0.587634023114453,0.));
#2046=DIRECTION('',(0.,0.,-1.));
#2047=DIRECTION('',(0.809126847211439,0.587634023114453,0.));
#2048=DIRECTION('center_axis',(-0.587634023114399,0.809126847211478,-1.97868160205759E-13));
#2049=DIRECTION('ref_axis',(0.809126847211478,0.587634023114399,1.90880014752538E-9));
#2050=DIRECTION('center_axis',(0.,1.,0.));
#2051=DIRECTION('ref_axis',(0.,0.,1.));
#2052=DIRECTION('',(0.,0.,-1.));
#2053=DIRECTION('',(-1.,0.,0.));
#2054=DIRECTION('center_axis',(-1.,-9.74563750548768E-17,0.));
#2055=DIRECTION('ref_axis',(9.74563750548768E-17,-1.,0.));
#2056=DIRECTION('center_axis',(-1.,-9.74563750548768E-17,0.));
#2057=DIRECTION('ref_axis',(9.74563750548768E-17,-1.,0.));
#2058=DIRECTION('center_axis',(1.,9.74563750548768E-17,0.));
#2059=DIRECTION('ref_axis',(9.74563750548768E-17,-1.,-2.31296463463574E-15));
#2060=DIRECTION('',(1.,9.74563750548768E-17,0.));
#2061=DIRECTION('center_axis',(0.,1.,0.));
#2062=DIRECTION('ref_axis',(0.,0.,1.));
#2063=DIRECTION('',(-1.,0.,0.));
#2064=DIRECTION('',(0.,0.,1.));
#2065=DIRECTION('',(1.,0.,0.));
#2066=DIRECTION('',(0.,0.,1.));
#2067=DIRECTION('center_axis',(1.,0.,0.));
#2068=DIRECTION('ref_axis',(0.,0.,-1.));
#2069=DIRECTION('',(0.,4.33680868994201E-16,-1.));
#2070=DIRECTION('',(0.,1.,3.21245088143853E-16));
#2071=DIRECTION('',(0.,0.96592582628907,0.258819045102514));
#2072=DIRECTION('',(0.,-1.,0.));
#2073=DIRECTION('',(0.,-1.,0.));
#2074=DIRECTION('center_axis',(1.,0.,0.));
#2075=DIRECTION('ref_axis',(0.,0.,-1.));
#2076=DIRECTION('',(0.,0.96592582628907,0.258819045102514));
#2077=DIRECTION('',(0.,-1.,-3.21245088143853E-16));
#2078=DIRECTION('',(0.,-4.33680868994201E-16,1.));
#2079=DIRECTION('',(0.,-1.,0.));
#2080=DIRECTION('',(0.,-1.,0.));
#2081=DIRECTION('center_axis',(0.,0.,-1.));
#2082=DIRECTION('ref_axis',(-1.,0.,0.));
#2083=DIRECTION('',(-1.,0.,0.));
#2084=DIRECTION('center_axis',(0.,0.,-1.));
#2085=DIRECTION('ref_axis',(-1.,0.,0.));
#2086=DIRECTION('',(0.,-1.,0.));
#2087=DIRECTION('',(0.,1.,0.));
#2088=DIRECTION('',(-1.,0.,0.));
#2089=DIRECTION('',(0.0053087062188225,-0.999985908719859,0.));
#2090=DIRECTION('',(0.,1.,0.));
#2091=DIRECTION('',(-1.,0.,0.));
#2092=DIRECTION('',(1.,0.,0.));
#2093=DIRECTION('',(0.,1.,0.));
#2094=DIRECTION('',(-1.,0.,0.));
#2095=DIRECTION('',(0.,-1.,0.));
#2096=DIRECTION('',(-1.,0.,0.));
#2097=DIRECTION('center_axis',(-1.,0.,0.));
#2098=DIRECTION('ref_axis',(0.,0.,1.));
#2099=DIRECTION('',(0.,-2.16840434497101E-16,1.));
#2100=DIRECTION('',(0.,1.,0.));
#2101=DIRECTION('',(0.,-0.96592582628907,-0.258819045102515));
#2102=DIRECTION('',(0.,-1.,0.));
#2103=DIRECTION('center_axis',(0.,6.42490176287707E-16,-1.));
#2104=DIRECTION('ref_axis',(0.,1.,6.42490176287707E-16));
#2105=DIRECTION('',(-1.,0.,0.));
#2106=DIRECTION('',(0.,-1.,-6.42490176287707E-16));
#2107=DIRECTION('center_axis',(-1.,0.,0.));
#2108=DIRECTION('ref_axis',(0.,0.,1.));
#2109=DIRECTION('',(0.,0.,1.));
#2110=DIRECTION('',(0.,1.,0.));
#2111=DIRECTION('',(0.,-0.96592582628907,-0.258819045102515));
#2112=DIRECTION('center_axis',(1.,9.74563750548768E-17,0.));
#2113=DIRECTION('ref_axis',(-9.74563750548768E-17,1.,0.));
#2114=DIRECTION('',(0.,0.,1.));
#2115=DIRECTION('',(-9.74563750548768E-17,1.,0.));
#2116=DIRECTION('',(0.,0.,-1.));
#2117=DIRECTION('',(-9.74563750548768E-17,1.,0.));
#2118=DIRECTION('',(-9.74563750548768E-17,1.,0.));
#2119=DIRECTION('',(-9.74563750548768E-17,1.,0.));
#2120=DIRECTION('',(0.,0.,1.));
#2121=DIRECTION('',(-9.74563750548768E-17,1.,0.));
#2122=DIRECTION('',(0.,0.,-1.));
#2123=DIRECTION('center_axis',(-1.,-9.74563750548768E-17,0.));
#2124=DIRECTION('ref_axis',(9.74563750548768E-17,-1.,0.));
#2125=DIRECTION('',(0.,0.,1.));
#2126=DIRECTION('',(9.74563750548768E-17,-1.,0.));
#2127=DIRECTION('',(0.,0.,-1.));
#2128=DIRECTION('',(9.74563750548768E-17,-1.,0.));
#2129=DIRECTION('',(9.74563750548768E-17,-1.,0.));
#2130=DIRECTION('',(9.74563750548768E-17,-1.,0.));
#2131=DIRECTION('',(0.,0.,1.));
#2132=DIRECTION('',(9.74563750548768E-17,-1.,0.));
#2133=DIRECTION('',(0.,0.,-1.));
#2134=DIRECTION('center_axis',(-9.74563750548768E-17,1.,0.));
#2135=DIRECTION('ref_axis',(-1.,-9.74563750548768E-17,0.));
#2136=DIRECTION('',(0.,0.,1.));
#2137=DIRECTION('',(-1.,-9.74563750548768E-17,0.));
#2138=DIRECTION('',(0.,0.,-1.));
#2139=DIRECTION('center_axis',(0.999985908719859,0.00530870621881744,0.));
#2140=DIRECTION('ref_axis',(-0.00530870621881744,0.999985908719859,0.));
#2141=DIRECTION('center_axis',(-0.999985908719859,-0.00530870621881304,
-3.02789413449578E-14));
#2142=DIRECTION('ref_axis',(0.00530320763816961,-0.998950156704938,-0.045502312116271));
#2143=DIRECTION('center_axis',(0.,-0.258819045102514,0.96592582628907));
#2144=DIRECTION('ref_axis',(0.,-0.96592582628907,-0.258819045102514));
#2145=DIRECTION('',(1.,0.,0.));
#2146=DIRECTION('center_axis',(0.,1.,4.33680868994201E-16));
#2147=DIRECTION('ref_axis',(0.,-4.33680868994201E-16,1.));
#2148=DIRECTION('',(-1.,0.,0.));
#2149=DIRECTION('center_axis',(0.,-0.258819045102515,0.96592582628907));
#2150=DIRECTION('ref_axis',(0.,-0.96592582628907,-0.258819045102515));
#2151=DIRECTION('',(1.,0.,0.));
#2152=DIRECTION('center_axis',(-1.55141395053634E-16,-1.,0.));
#2153=DIRECTION('ref_axis',(1.,-1.55141395053634E-16,0.));
#2154=DIRECTION('center_axis',(1.55141395053634E-16,1.,0.));
#2155=DIRECTION('ref_axis',(1.,-1.55141395053634E-16,0.));
#2156=DIRECTION('center_axis',(-1.55141395053634E-16,-1.,0.));
#2157=DIRECTION('ref_axis',(1.,-1.55141395053634E-16,0.));
#2158=DIRECTION('',(1.55141395053634E-16,1.,0.));
#2159=DIRECTION('center_axis',(-1.55141395053634E-16,1.,0.));
#2160=DIRECTION('ref_axis',(-1.,-1.55141395053634E-16,0.));
#2161=DIRECTION('',(1.55141395053634E-16,-1.,0.));
#2162=DIRECTION('center_axis',(1.55141395053634E-16,-1.,0.));
#2163=DIRECTION('ref_axis',(-1.,-1.55141395053634E-16,-4.73106402539129E-15));
#2164=DIRECTION('center_axis',(-1.55141395053634E-16,1.,0.));
#2165=DIRECTION('ref_axis',(-1.,-1.55141395053634E-16,0.));
#2166=DIRECTION('center_axis',(-1.,0.,0.));
#2167=DIRECTION('ref_axis',(0.,0.,1.));
#2168=DIRECTION('center_axis',(-1.,0.,0.));
#2169=DIRECTION('ref_axis',(0.,0.,1.));
#2170=DIRECTION('',(1.,0.,0.));
#2171=DIRECTION('center_axis',(1.,0.,0.));
#2172=DIRECTION('ref_axis',(0.,0.,1.));
#2173=DIRECTION('center_axis',(0.,1.,2.16840434497101E-16));
#2174=DIRECTION('ref_axis',(0.,-2.16840434497101E-16,1.));
#2175=DIRECTION('',(-1.,0.,0.));
#2176=DIRECTION('center_axis',(0.,1.,0.));
#2177=DIRECTION('ref_axis',(0.,0.,1.));
#2178=DIRECTION('',(-1.,0.,0.));
#2179=DIRECTION('',(0.,0.,-1.));
#2180=DIRECTION('center_axis',(0.,1.,0.));
#2181=DIRECTION('ref_axis',(0.,0.,1.));
#2182=DIRECTION('',(0.,0.,-1.));
#2183=DIRECTION('',(-1.,0.,0.));
#2184=DIRECTION('center_axis',(0.,0.,1.));
#2185=DIRECTION('ref_axis',(1.,0.,0.));
#2186=DIRECTION('',(1.,0.,0.));
#2187=DIRECTION('',(0.,1.,0.));
#2188=DIRECTION('center_axis',(0.,1.,0.));
#2189=DIRECTION('ref_axis',(0.,0.,1.));
#2190=DIRECTION('',(0.,0.,-1.));
#2191=DIRECTION('',(1.,0.,0.));
#2192=DIRECTION('center_axis',(0.,0.,1.));
#2193=DIRECTION('ref_axis',(1.,0.,0.));
#2194=DIRECTION('',(0.,1.,0.));
#2195=DIRECTION('center_axis',(9.74563750548768E-17,-1.,0.));
#2196=DIRECTION('ref_axis',(1.,9.74563750548768E-17,0.));
#2197=DIRECTION('center_axis',(0.,0.,-1.));
#2198=DIRECTION('ref_axis',(-1.,0.,0.));
#2199=DIRECTION('',(0.,-1.,0.));
#2200=DIRECTION('',(-1.,0.,0.));
#2201=DIRECTION('center_axis',(0.,-1.,0.));
#2202=DIRECTION('ref_axis',(0.,0.,-1.));
#2203=DIRECTION('',(0.,0.,1.));
#2204=DIRECTION('',(1.,0.,0.));
#2205=DIRECTION('center_axis',(0.,0.,1.));
#2206=DIRECTION('ref_axis',(1.,0.,0.));
#2207=DIRECTION('',(0.,1.,0.));
#2208=DIRECTION('center_axis',(0.,-1.,0.));
#2209=DIRECTION('ref_axis',(0.,0.,-1.));
#2210=DIRECTION('',(1.,0.,0.));
#2211=DIRECTION('',(0.,0.,-1.));
#2212=DIRECTION('center_axis',(0.,1.,0.));
#2213=DIRECTION('ref_axis',(0.,0.,1.));
#2214=DIRECTION('',(0.,0.,1.));
#2215=DIRECTION('',(-1.,0.,0.));
#2216=DIRECTION('center_axis',(0.,0.,1.));
#2217=DIRECTION('ref_axis',(1.,0.,0.));
#2218=DIRECTION('',(0.,-1.,0.));
#2219=DIRECTION('',(-1.,0.,0.));
#2220=DIRECTION('center_axis',(0.,-1.,0.));
#2221=DIRECTION('ref_axis',(0.,0.,-1.));
#2222=DIRECTION('',(0.,0.,-1.));
#2223=DIRECTION('',(-1.,0.,0.));
#2224=DIRECTION('center_axis',(0.,0.,1.));
#2225=DIRECTION('ref_axis',(1.,0.,0.));
#2226=DIRECTION('',(0.,-1.,0.));
#2227=DIRECTION('center_axis',(9.74563750548768E-17,-1.,0.));
#2228=DIRECTION('ref_axis',(1.,9.74563750548768E-17,0.));
#2229=DIRECTION('',(9.74563750548768E-17,-1.,0.));
#2230=DIRECTION('center_axis',(0.,0.,-1.));
#2231=DIRECTION('ref_axis',(-1.,0.,0.));
#2232=DIRECTION('',(0.,1.,0.));
#2233=DIRECTION('',(1.,0.,0.));
#2234=DIRECTION('center_axis',(0.,1.,0.));
#2235=DIRECTION('ref_axis',(0.,0.,1.));
#2236=DIRECTION('',(0.,0.,1.));
#2237=DIRECTION('',(-1.,0.,0.));
#2238=DIRECTION('center_axis',(0.,0.,1.));
#2239=DIRECTION('ref_axis',(1.,0.,0.));
#2240=DIRECTION('',(0.,-1.,0.));
#2241=DIRECTION('center_axis',(-1.,0.,0.));
#2242=DIRECTION('ref_axis',(0.,0.,1.));
#2243=DIRECTION('',(0.,-1.,0.));
#2244=DIRECTION('',(0.,0.,-1.));
#2245=DIRECTION('center_axis',(1.,0.,0.));
#2246=DIRECTION('ref_axis',(0.,0.,-1.));
#2247=DIRECTION('',(0.,0.,1.));
#2248=DIRECTION('',(0.,1.,0.));
#2249=DIRECTION('center_axis',(0.,0.,1.));
#2250=DIRECTION('ref_axis',(1.,0.,0.));
#2251=DIRECTION('',(-1.,0.,0.));
#2252=DIRECTION('center_axis',(0.,-3.21245088143853E-16,1.));
#2253=DIRECTION('ref_axis',(0.,-1.,-3.21245088143853E-16));
#2254=DIRECTION('center_axis',(0.,0.,1.));
#2255=DIRECTION('ref_axis',(1.,0.,0.));
#2256=DIRECTION('center_axis',(1.,-1.55141395053634E-16,0.));
#2257=DIRECTION('ref_axis',(1.55141395053634E-16,1.,0.));
#2258=DIRECTION('',(1.55141395053634E-16,1.,0.));
#2259=DIRECTION('center_axis',(-1.,-1.55141395053634E-16,0.));
#2260=DIRECTION('ref_axis',(1.55141395053634E-16,-1.,0.));
#2261=DIRECTION('',(1.55141395053634E-16,-1.,0.));
#2262=DIRECTION('center_axis',(0.,-1.,0.));
#2263=DIRECTION('ref_axis',(0.,0.,-1.));
#2264=DIRECTION('center_axis',(0.,0.,-1.));
#2265=DIRECTION('ref_axis',(-1.,0.,0.));
#2266=DIRECTION('center_axis',(-1.55141395053634E-16,-1.,0.));
#2267=DIRECTION('ref_axis',(1.,-1.55141395053634E-16,0.));
#2268=DIRECTION('center_axis',(-1.55141395053634E-16,1.,0.));
#2269=DIRECTION('ref_axis',(-1.,-1.55141395053634E-16,0.));
#2270=DIRECTION('',(-1.55141395053634E-16,1.,0.));
#2271=DIRECTION('center_axis',(0.,0.,1.));
#2272=DIRECTION('ref_axis',(1.,0.,0.));
#2273=CARTESIAN_POINT('',(0.,0.,0.));
#2274=CARTESIAN_POINT('Origin',(15.25,-11.6049661121537,5.8));
#2275=CARTESIAN_POINT('',(15.25,0.399999999999995,0.25));
#2276=CARTESIAN_POINT('',(15.25,0.399999999999995,0.));
#2277=CARTESIAN_POINT('',(15.25,0.399999999999995,5.55));
#2278=CARTESIAN_POINT('',(15.25,-1.,0.25));
#2279=CARTESIAN_POINT('',(15.25,3.54751694392316,0.25));
#2280=CARTESIAN_POINT('',(15.25,-1.00000000000001,0.));
#2281=CARTESIAN_POINT('',(15.25,-1.00000000000001,-9.2));
#2282=CARTESIAN_POINT('',(15.25,-5.80248305607684,0.));
#2283=CARTESIAN_POINT('Origin',(15.25,-11.6049661121537,5.8));
#2284=CARTESIAN_POINT('',(15.25,2.69999999999999,0.));
#2285=CARTESIAN_POINT('',(15.25,2.69999999999999,0.25));
#2286=CARTESIAN_POINT('',(15.25,2.69999999999999,5.55));
#2287=CARTESIAN_POINT('',(15.25,4.09999999999999,0.));
#2288=CARTESIAN_POINT('',(15.25,-5.80248305607684,0.));
#2289=CARTESIAN_POINT('',(15.25,4.09999999999999,0.25));
#2290=CARTESIAN_POINT('',(15.25,4.09999999999999,-9.2));
#2291=CARTESIAN_POINT('',(15.25,3.54751694392316,0.25));
#2292=CARTESIAN_POINT('Origin',(-15.25,11.5950338878463,5.8));
#2293=CARTESIAN_POINT('',(-15.25,0.399999999999996,0.));
#2294=CARTESIAN_POINT('',(-15.25,0.399999999999996,0.25));
#2295=CARTESIAN_POINT('',(-15.25,0.399999999999996,5.55));
#2296=CARTESIAN_POINT('',(-15.25,-1.,0.));
#2297=CARTESIAN_POINT('',(-15.25,5.79751694392316,0.));
#2298=CARTESIAN_POINT('',(-15.25,-1.,0.25));
#2299=CARTESIAN_POINT('',(-15.25,-1.,-9.2));
#2300=CARTESIAN_POINT('',(-15.25,15.1475169439232,0.25));
#2301=CARTESIAN_POINT('Origin',(-15.25,11.5950338878463,5.8));
#2302=CARTESIAN_POINT('',(-15.25,2.69999999999999,0.25));
#2303=CARTESIAN_POINT('',(-15.25,2.69999999999999,0.));
#2304=CARTESIAN_POINT('',(-15.25,2.69999999999999,5.55));
#2305=CARTESIAN_POINT('',(-15.25,4.09999999999999,0.25));
#2306=CARTESIAN_POINT('',(-15.25,15.1475169439232,0.25));
#2307=CARTESIAN_POINT('',(-15.25,4.09999999999999,0.));
#2308=CARTESIAN_POINT('',(-15.25,4.09999999999999,-9.2));
#2309=CARTESIAN_POINT('',(-15.25,5.79751694392316,0.));
#2310=CARTESIAN_POINT('Origin',(0.,4.09999999999999,-24.2));
#2311=CARTESIAN_POINT('',(13.2,4.09999999999999,-4.33680868994202E-16));
#2312=CARTESIAN_POINT('',(0.,4.09999999999999,0.));
#2313=CARTESIAN_POINT('',(12.45,4.09999999999999,0.75));
#2314=CARTESIAN_POINT('Origin',(13.2,4.09999999999999,0.75));
#2315=CARTESIAN_POINT('',(12.7,4.09999999999999,0.75));
#2316=CARTESIAN_POINT('',(0.,4.09999999999999,0.750000000000001));
#2317=CARTESIAN_POINT('',(13.2,4.09999999999999,0.25));
#2318=CARTESIAN_POINT('Origin',(13.2,4.09999999999999,0.75));
#2319=CARTESIAN_POINT('',(13.2,4.09999999999999,0.25));
#2320=CARTESIAN_POINT('Origin',(0.,0.,0.));
#2321=CARTESIAN_POINT('Origin',(15.25,1.54999999999999,0.));
#2322=CARTESIAN_POINT('',(13.2,-1.00000000000001,-4.33680868994202E-16));
#2323=CARTESIAN_POINT('',(3.40141858034672E-16,-1.00000000000001,0.));
#2324=CARTESIAN_POINT('',(13.2,6.2,-8.67361737988404E-16));
#2325=CARTESIAN_POINT('Origin',(3.40141858034672E-16,-1.00000000000001,
-24.2));
#2326=CARTESIAN_POINT('',(13.2,-1.00000000000001,0.25));
#2327=CARTESIAN_POINT('',(13.2,-1.,0.25));
#2328=CARTESIAN_POINT('',(12.7,-1.00000000000001,0.75));
#2329=CARTESIAN_POINT('Origin',(13.2,-1.00000000000001,0.75));
#2330=CARTESIAN_POINT('',(12.45,-1.00000000000001,0.75));
#2331=CARTESIAN_POINT('',(3.40141858034672E-16,-1.00000000000001,0.750000000000001));
#2332=CARTESIAN_POINT('Origin',(13.2,-1.00000000000001,0.75));
#2333=CARTESIAN_POINT('Origin',(0.,4.09999999999999,-24.2));
#2334=CARTESIAN_POINT('',(-13.2,4.09999999999999,0.25));
#2335=CARTESIAN_POINT('',(-17.8,4.09999999999999,0.25));
#2336=CARTESIAN_POINT('',(-12.7,4.09999999999999,0.75));
#2337=CARTESIAN_POINT('Origin',(-13.2,4.09999999999999,0.75));
#2338=CARTESIAN_POINT('',(-12.45,4.09999999999999,0.75));
#2339=CARTESIAN_POINT('',(0.,4.09999999999999,0.750000000000001));
#2340=CARTESIAN_POINT('',(-13.2,4.09999999999999,-4.33680868994202E-16));
#2341=CARTESIAN_POINT('Origin',(-13.2,4.09999999999999,0.75));
#2342=CARTESIAN_POINT('',(0.,4.09999999999999,0.));
#2343=CARTESIAN_POINT('Origin',(0.,-1.,-24.2));
#2344=CARTESIAN_POINT('',(-13.2,-1.,-4.33680868994202E-16));
#2345=CARTESIAN_POINT('',(0.,-1.,0.));
#2346=CARTESIAN_POINT('',(-12.45,-1.,0.75));
#2347=CARTESIAN_POINT('Origin',(-13.2,-1.,0.75));
#2348=CARTESIAN_POINT('',(-12.7,-1.,0.75));
#2349=CARTESIAN_POINT('',(0.,-1.,0.750000000000001));
#2350=CARTESIAN_POINT('',(-13.2,-1.,0.25));
#2351=CARTESIAN_POINT('Origin',(-13.2,-1.,0.75));
#2352=CARTESIAN_POINT('',(-17.8,-1.,0.25));
#2353=CARTESIAN_POINT('Origin',(-17.8,18.7,0.25));
#2354=CARTESIAN_POINT('Origin',(-15.25,1.54999999999999,0.25));
#2355=CARTESIAN_POINT('',(-13.2,18.7,0.25));
#2356=CARTESIAN_POINT('Origin',(-15.25,1.54999999999999,5.55));
#2357=CARTESIAN_POINT('Origin',(-15.25,1.54999999999999,0.));
#2358=CARTESIAN_POINT('Origin',(15.25,1.54999999999999,5.55));
#2359=CARTESIAN_POINT('Origin',(15.25,1.54999999999999,0.25));
#2360=CARTESIAN_POINT('Origin',(0.,0.,5.8));
#2361=CARTESIAN_POINT('',(-11.95,-4.8,5.8));
#2362=CARTESIAN_POINT('',(-11.95,-5.34469273743017,5.8));
#2363=CARTESIAN_POINT('',(-11.95,0.,5.8));
#2364=CARTESIAN_POINT('',(-4.78269230769231,-10.55,5.8));
#2365=CARTESIAN_POINT('',(-11.95,-5.34469273743017,5.8));
#2366=CARTESIAN_POINT('',(-3.75,-10.55,5.8));
#2367=CARTESIAN_POINT('',(0.,-10.55,5.8));
#2368=CARTESIAN_POINT('',(3.75,-10.55,5.8));
#2369=CARTESIAN_POINT('',(0.,-10.55,5.8));
#2370=CARTESIAN_POINT('',(4.78269230769231,-10.55,5.8));
#2371=CARTESIAN_POINT('',(0.,-10.55,5.8));
#2372=CARTESIAN_POINT('',(11.95,-5.34469273743017,5.8));
#2373=CARTESIAN_POINT('',(4.78269230769231,-10.55,5.8));
#2374=CARTESIAN_POINT('',(11.95,-4.8,5.8));
#2375=CARTESIAN_POINT('',(11.95,0.,5.8));
#2376=CARTESIAN_POINT('',(11.95,6.2,5.8));
#2377=CARTESIAN_POINT('',(11.95,0.,5.8));
#2378=CARTESIAN_POINT('',(11.7,6.2,5.8));
#2379=CARTESIAN_POINT('',(0.,6.2,5.8));
#2380=CARTESIAN_POINT('',(11.7,6.4,5.8));
#2381=CARTESIAN_POINT('',(11.7,0.,5.8));
#2382=CARTESIAN_POINT('',(12.45,6.4,5.8));
#2383=CARTESIAN_POINT('',(0.,6.4,5.8));
#2384=CARTESIAN_POINT('',(12.45,7.8,5.8));
#2385=CARTESIAN_POINT('',(12.45,0.,5.8));
#2386=CARTESIAN_POINT('',(6.92903225806451,10.6575670396434,5.8));
#2387=CARTESIAN_POINT('Origin',(8.95,7.8,5.8));
#2388=CARTESIAN_POINT('',(-6.92903225806451,10.6575670396434,5.8));
#2389=CARTESIAN_POINT('Origin',(0.,20.4549397469921,5.8));
#2390=CARTESIAN_POINT('',(-12.45,7.8,5.8));
#2391=CARTESIAN_POINT('Origin',(-8.94999999999999,7.8,5.8));
#2392=CARTESIAN_POINT('',(-12.45,6.4,5.8));
#2393=CARTESIAN_POINT('',(-12.45,0.,5.8));
#2394=CARTESIAN_POINT('',(-11.7,6.4,5.8));
#2395=CARTESIAN_POINT('',(0.,6.4,5.8));
#2396=CARTESIAN_POINT('',(-11.7,6.2,5.8));
#2397=CARTESIAN_POINT('',(-11.7,0.,5.8));
#2398=CARTESIAN_POINT('',(-11.95,6.2,5.8));
#2399=CARTESIAN_POINT('',(0.,6.2,5.8));
#2400=CARTESIAN_POINT('',(-11.95,0.,5.8));
#2401=CARTESIAN_POINT('',(5.4,-0.797716799853515,5.8));
#2402=CARTESIAN_POINT('',(5.4,7.55,5.8));
#2403=CARTESIAN_POINT('',(5.4,0.,5.8));
#2404=CARTESIAN_POINT('',(8.6,7.55,5.8));
#2405=CARTESIAN_POINT('',(0.,7.55,5.8));
#2406=CARTESIAN_POINT('',(8.6,-0.797716799853515,5.8));
#2407=CARTESIAN_POINT('',(8.6,0.,5.8));
#2408=CARTESIAN_POINT('Origin',(7.,-0.586061327362324,5.8));
#2409=CARTESIAN_POINT('',(-5.4,7.55,5.8));
#2410=CARTESIAN_POINT('',(-5.4,-0.797716799853501,5.8));
#2411=CARTESIAN_POINT('',(-5.4,0.,5.8));
#2412=CARTESIAN_POINT('',(-8.6,-0.797716799853508,5.8));
#2413=CARTESIAN_POINT('Origin',(-7.,-0.586061327362323,5.8));
#2414=CARTESIAN_POINT('',(-8.6,7.55,5.8));
#2415=CARTESIAN_POINT('',(-8.6,0.,5.8));
#2416=CARTESIAN_POINT('',(0.,7.55,5.8));
#2417=CARTESIAN_POINT('Origin',(5.4,7.55,5.8));
#2418=CARTESIAN_POINT('',(8.6,6.61698729810776,5.55));
#2419=CARTESIAN_POINT('',(8.6,7.55,5.8));
#2420=CARTESIAN_POINT('',(5.4,6.61698729810776,5.55));
#2421=CARTESIAN_POINT('',(5.4,7.55,5.8));
#2422=CARTESIAN_POINT('',(5.4,0.649999999999999,3.9511505722253));
#2423=CARTESIAN_POINT('',(5.4,7.55,5.8));
#2424=CARTESIAN_POINT('',(8.6,0.649999999999997,3.9511505722253));
#2425=CARTESIAN_POINT('',(5.4,0.649999999999998,3.9511505722253));
#2426=CARTESIAN_POINT('',(8.6,7.55,5.8));
#2427=CARTESIAN_POINT('Origin',(5.4,7.8,6.3));
#2428=CARTESIAN_POINT('',(5.4,-0.797716799853515,5.55));
#2429=CARTESIAN_POINT('',(5.4,-0.797716799853514,6.3));
#2430=CARTESIAN_POINT('',(5.4,7.8,5.55));
#2431=CARTESIAN_POINT('Origin',(7.,-0.586061327362324,6.3));
#2432=CARTESIAN_POINT('',(8.6,-0.797716799853515,5.55));
#2433=CARTESIAN_POINT('',(8.6,-0.797716799853514,6.3));
#2434=CARTESIAN_POINT('Origin',(7.,-0.586061327362324,5.55));
#2435=CARTESIAN_POINT('Origin',(8.6,-0.797716799853514,6.3));
#2436=CARTESIAN_POINT('',(8.6,-0.797716799853514,5.55));
#2437=CARTESIAN_POINT('Origin',(-7.,-0.586061327362323,6.3));
#2438=CARTESIAN_POINT('',(-5.4,-0.797716799853508,5.55));
#2439=CARTESIAN_POINT('',(-5.4,-0.797716799853514,6.3));
#2440=CARTESIAN_POINT('',(-8.6,-0.797716799853515,5.55));
#2441=CARTESIAN_POINT('Origin',(-7.,-0.586061327362323,5.55));
#2442=CARTESIAN_POINT('',(-8.6,-0.797716799853515,6.3));
#2443=CARTESIAN_POINT('Origin',(-5.4,7.8,6.3));
#2444=CARTESIAN_POINT('',(-5.4,6.61698729810777,5.55));
#2445=CARTESIAN_POINT('',(-5.4,7.8,5.55));
#2446=CARTESIAN_POINT('',(-5.4,6.61698729810776,5.55));
#2447=CARTESIAN_POINT('Origin',(-5.4,0.899999999999999,4.01813787033308));
#2448=CARTESIAN_POINT('',(-8.6,0.899999999999999,4.01813787033308));
#2449=CARTESIAN_POINT('',(-8.6,6.61698729810775,5.55));
#2450=CARTESIAN_POINT('',(-8.6,0.899999999999999,4.01813787033308));
#2451=CARTESIAN_POINT('',(-5.4,0.899999999999999,4.01813787033308));
#2452=CARTESIAN_POINT('',(-5.4,0.899999999999999,4.01813787033308));
#2453=CARTESIAN_POINT('',(-5.4,0.899999999999999,4.01813787033308));
#2454=CARTESIAN_POINT('',(-8.6,0.899999999999999,4.01813787033308));
#2455=CARTESIAN_POINT('Origin',(-8.6,-0.797716799853514,6.3));
#2456=CARTESIAN_POINT('',(-8.6,-0.797716799853514,5.55));
#2457=CARTESIAN_POINT('Origin',(-6.66774279234181,-9.18096892176294,-24.2));
#2458=CARTESIAN_POINT('',(-11.95,-5.34469273743017,5.54772255750517));
#2459=CARTESIAN_POINT('',(-11.9,-5.38100558659218,5.55));
#2460=CARTESIAN_POINT('Origin',(-11.9000000002638,-5.38100558639966,5.00000000550185));
#2461=CARTESIAN_POINT('',(-4.7826923076923,-10.55,5.55));
#2462=CARTESIAN_POINT('',(-6.66774279234181,-9.18096892176294,5.55));
#2463=CARTESIAN_POINT('',(-4.7826923076923,-10.55,-24.2));
#2464=CARTESIAN_POINT('',(-11.95,-5.34469273743017,-24.2));
#2465=CARTESIAN_POINT('Origin',(-11.95,-4.80000000000001,5.05));
#2466=CARTESIAN_POINT('',(-11.95,-4.80000000000001,5.54772255750517));
#2467=CARTESIAN_POINT('',(-11.95,-4.80000000000001,5.05));
#2468=CARTESIAN_POINT('',(-11.95,7.8,5.54772255750517));
#2469=CARTESIAN_POINT('Origin',(-11.95,18.7,5.05));
#2470=CARTESIAN_POINT('',(-12.7,6.2,5.05));
#2471=CARTESIAN_POINT('Origin',(-11.95,6.2,5.05));
#2472=CARTESIAN_POINT('',(-12.7,-4.8,5.05));
#2473=CARTESIAN_POINT('',(-12.7,18.7,5.05));
#2474=CARTESIAN_POINT('Origin',(-11.95,-4.8,5.05));
#2475=CARTESIAN_POINT('Origin',(-11.7,6.2,5.05));
#2476=CARTESIAN_POINT('',(-11.7,6.2,5.55));
#2477=CARTESIAN_POINT('',(-11.7,6.2,-24.2));
#2478=CARTESIAN_POINT('',(-11.7,6.4,5.55));
#2479=CARTESIAN_POINT('',(-11.7,6.4,5.05));
#2480=CARTESIAN_POINT('',(-11.7,6.2,5.55));
#2481=CARTESIAN_POINT('Origin',(-11.7,6.4,5.05));
#2482=CARTESIAN_POINT('',(-12.45,6.4,5.55));
#2483=CARTESIAN_POINT('',(-12.45,6.4,5.05));
#2484=CARTESIAN_POINT('',(-11.7,6.4,5.55));
#2485=CARTESIAN_POINT('Origin',(-12.45,1.34983170474445E-14,-24.2));
#2486=CARTESIAN_POINT('',(-12.45,7.8,5.55));
#2487=CARTESIAN_POINT('',(-12.45,7.8,-24.2));
#2488=CARTESIAN_POINT('',(-12.45,1.34983170474445E-14,5.55));
#2489=CARTESIAN_POINT('Origin',(-8.94999999999999,7.8,-24.2));
#2490=CARTESIAN_POINT('',(-6.92903225806451,10.6575670396434,5.55));
#2491=CARTESIAN_POINT('',(-6.92903225806451,10.6575670396434,-24.2));
#2492=CARTESIAN_POINT('Origin',(-8.94999999999999,7.8,5.55));
#2493=CARTESIAN_POINT('Origin',(0.,20.4549397469921,-24.2));
#2494=CARTESIAN_POINT('',(6.92903225806452,10.6575670396434,5.55));
#2495=CARTESIAN_POINT('',(6.92903225806451,10.6575670396434,-24.2));
#2496=CARTESIAN_POINT('Origin',(0.,20.4549397469921,5.55));
#2497=CARTESIAN_POINT('Origin',(8.95,7.8,-24.2));
#2498=CARTESIAN_POINT('',(12.45,7.8,5.55));
#2499=CARTESIAN_POINT('',(12.45,7.8,-24.2));
#2500=CARTESIAN_POINT('Origin',(8.95,7.8,5.55));
#2501=CARTESIAN_POINT('Origin',(12.45,0.,-24.2));
#2502=CARTESIAN_POINT('',(12.45,6.4,5.55));
#2503=CARTESIAN_POINT('',(12.45,6.4,-24.2));
#2504=CARTESIAN_POINT('',(12.45,0.,5.55));
#2505=CARTESIAN_POINT('Origin',(11.7,6.4,0.));
#2506=CARTESIAN_POINT('',(11.7,6.4,5.55));
#2507=CARTESIAN_POINT('',(11.7,6.4,0.));
#2508=CARTESIAN_POINT('',(11.7,6.4,5.55));
#2509=CARTESIAN_POINT('Origin',(11.7,0.,0.));
#2510=CARTESIAN_POINT('',(11.7,6.2,5.55));
#2511=CARTESIAN_POINT('',(11.7,6.2,-24.2));
#2512=CARTESIAN_POINT('',(11.7,0.,5.55));
#2513=CARTESIAN_POINT('Origin',(11.95,18.7,5.05));
#2514=CARTESIAN_POINT('',(12.7,-4.8,5.05));
#2515=CARTESIAN_POINT('Origin',(11.95,-4.8,5.05));
#2516=CARTESIAN_POINT('',(12.7,6.2,5.05));
#2517=CARTESIAN_POINT('',(12.7,18.7,5.05));
#2518=CARTESIAN_POINT('Origin',(11.95,6.2,5.05));
#2519=CARTESIAN_POINT('Origin',(11.95,-4.8,5.05));
#2520=CARTESIAN_POINT('',(11.95,-5.34469273743018,5.54772255750517));
#2521=CARTESIAN_POINT('',(11.95,-4.8,5.54772255750517));
#2522=CARTESIAN_POINT('',(11.95,7.8,5.54772255750517));
#2523=CARTESIAN_POINT('',(11.95,-4.8,5.05));
#2524=CARTESIAN_POINT('',(11.95,-5.34469273743018,5.05));
#2525=CARTESIAN_POINT('Origin',(6.6677427923418,-9.18096892176294,-24.2));
#2526=CARTESIAN_POINT('',(4.78269230769231,-10.55,5.55));
#2527=CARTESIAN_POINT('',(4.78269230769231,-10.55,-24.2));
#2528=CARTESIAN_POINT('',(11.9,-5.38100558659218,5.55));
#2529=CARTESIAN_POINT('',(6.6677427923418,-9.18096892176294,5.55));
#2530=CARTESIAN_POINT('Origin',(11.8999999995518,-5.38100558691786,4.99999999097126));
#2531=CARTESIAN_POINT('Origin',(8.75,-10.55,-16.95));
#2532=CARTESIAN_POINT('',(3.75,-10.55,5.55));
#2533=CARTESIAN_POINT('',(3.75,-10.55,5.55));
#2534=CARTESIAN_POINT('',(8.75,-10.55,5.55));
#2535=CARTESIAN_POINT('Origin',(1.02816475682895E-15,-10.55,5.05));
#2536=CARTESIAN_POINT('',(3.75,-11.3,5.05));
#2537=CARTESIAN_POINT('Origin',(3.75,-10.55,5.05));
#2538=CARTESIAN_POINT('',(-3.75,-11.3,5.05));
#2539=CARTESIAN_POINT('Origin',(-3.75,-10.55,5.05));
#2540=CARTESIAN_POINT('',(1.10125703812011E-15,-11.3,5.05));
#2541=CARTESIAN_POINT('Origin',(-3.75,-10.55,-16.95));
#2542=CARTESIAN_POINT('',(-3.75398158576975,-10.55,5.55));
#2543=CARTESIAN_POINT('',(-3.75,-10.55,5.55));
#2544=CARTESIAN_POINT('',(-3.75398158576975,-10.55,5.54772255750516));
#2545=CARTESIAN_POINT('',(-3.75398158576975,-10.55,-16.95));
#2546=CARTESIAN_POINT('',(-3.75,-10.55,5.54772255750516));
#2547=CARTESIAN_POINT('',(-8.94999999999999,-10.55,5.54772255750517));
#2548=CARTESIAN_POINT('',(-3.75,-10.55,-16.95));
#2549=CARTESIAN_POINT('Origin',(8.6,0.,0.));
#2550=CARTESIAN_POINT('',(8.6,-0.700000000000003,3.9511505722253));
#2551=CARTESIAN_POINT('',(8.6,-0.700000000000002,3.7011505722253));
#2552=CARTESIAN_POINT('',(8.6,-0.700000000000003,3.9511505722253));
#2553=CARTESIAN_POINT('',(8.6,0.649999999999996,3.7011505722253));
#2554=CARTESIAN_POINT('',(8.6,-0.700000000000003,3.7011505722253));
#2555=CARTESIAN_POINT('',(8.6,7.55,5.55));
#2556=CARTESIAN_POINT('',(8.6,0.649999999999997,3.7011505722253));
#2557=CARTESIAN_POINT('',(8.6,0.,5.55));
#2558=CARTESIAN_POINT('',(8.6,0.,3.9511505722253));
#2559=CARTESIAN_POINT('Origin',(5.4,0.,0.));
#2560=CARTESIAN_POINT('',(5.4,0.649999999999997,3.7011505722253));
#2561=CARTESIAN_POINT('',(5.4,7.55,5.55));
#2562=CARTESIAN_POINT('',(5.4,0.649999999999997,3.7011505722253));
#2563=CARTESIAN_POINT('',(5.4,-0.700000000000002,3.7011505722253));
#2564=CARTESIAN_POINT('',(5.4,-0.700000000000003,3.7011505722253));
#2565=CARTESIAN_POINT('',(5.4,-0.700000000000003,3.9511505722253));
#2566=CARTESIAN_POINT('',(5.4,-0.700000000000003,3.9511505722253));
#2567=CARTESIAN_POINT('',(5.4,0.,3.9511505722253));
#2568=CARTESIAN_POINT('',(5.4,0.,5.55));
#2569=CARTESIAN_POINT('Origin',(5.4,0.649999999999997,3.9511505722253));
#2570=CARTESIAN_POINT('',(5.4,-0.700000000000003,3.9511505722253));
#2571=CARTESIAN_POINT('Origin',(-8.94999999999999,7.8,5.55));
#2572=CARTESIAN_POINT('',(11.9,6.2,5.55));
#2573=CARTESIAN_POINT('',(11.9,7.8,5.55));
#2574=CARTESIAN_POINT('',(3.75,-10.5,5.55));
#2575=CARTESIAN_POINT('',(3.75,-11.3,5.55));
#2576=CARTESIAN_POINT('',(-3.75424702482107,-10.5,5.55));
#2577=CARTESIAN_POINT('',(-8.94999999999999,-10.5,5.55));
#2578=CARTESIAN_POINT('',(-3.75424702482107,-10.5,5.55));
#2579=CARTESIAN_POINT('',(-11.9,6.2,5.55));
#2580=CARTESIAN_POINT('',(-11.9,7.8,5.55));
#2581=CARTESIAN_POINT('',(0.,6.2,5.55));
#2582=CARTESIAN_POINT('',(0.,6.2,5.55));
#2583=CARTESIAN_POINT('',(-5.4,7.55,5.55));
#2584=CARTESIAN_POINT('',(-5.4,7.8,5.55));
#2585=CARTESIAN_POINT('',(-8.6,7.55,5.55));
#2586=CARTESIAN_POINT('',(-8.94999999999999,7.55,5.55));
#2587=CARTESIAN_POINT('',(-8.6,7.8,5.55));
#2588=CARTESIAN_POINT('',(-8.94999999999999,7.55,5.55));
#2589=CARTESIAN_POINT('Origin',(-8.6,0.,0.));
#2590=CARTESIAN_POINT('',(-8.6,-0.45,3.76813787033308));
#2591=CARTESIAN_POINT('',(-8.6,-0.45,4.01813787033308));
#2592=CARTESIAN_POINT('',(-8.6,-0.45,3.76813787033308));
#2593=CARTESIAN_POINT('',(-8.6,0.,4.01813787033308));
#2594=CARTESIAN_POINT('',(-8.6,0.900000000000001,3.76813787033308));
#2595=CARTESIAN_POINT('',(-8.6,7.55,5.55));
#2596=CARTESIAN_POINT('',(-8.6,0.899999999999999,3.76813787033308));
#2597=CARTESIAN_POINT('Origin',(-5.4,-0.45,4.01813787033308));
#2598=CARTESIAN_POINT('',(-5.4,-0.45,4.01813787033308));
#2599=CARTESIAN_POINT('',(-5.4,-0.45,4.01813787033308));
#2600=CARTESIAN_POINT('',(-5.4,-0.45,4.01813787033308));
#2601=CARTESIAN_POINT('Origin',(-5.4,0.,0.));
#2602=CARTESIAN_POINT('',(-5.4,-0.45,3.76813787033308));
#2603=CARTESIAN_POINT('',(-5.4,-0.45,0.));
#2604=CARTESIAN_POINT('',(-5.4,0.900000000000001,3.76813787033308));
#2605=CARTESIAN_POINT('',(-5.4,0.899999999999999,3.76813787033308));
#2606=CARTESIAN_POINT('',(-5.4,7.55,5.55));
#2607=CARTESIAN_POINT('Origin',(-12.7,18.7,0.750000000000004));
#2608=CARTESIAN_POINT('',(-12.7,6.2,0.));
#2609=CARTESIAN_POINT('',(-12.7,6.2,0.750000000000004));
#2610=CARTESIAN_POINT('',(-12.7,4.3,0.));
#2611=CARTESIAN_POINT('',(-12.7,18.7,0.));
#2612=CARTESIAN_POINT('',(-12.7,4.3,0.75));
#2613=CARTESIAN_POINT('',(-12.7,4.3,0.750000000000004));
#2614=CARTESIAN_POINT('',(-12.7,18.7,0.75));
#2615=CARTESIAN_POINT('',(-12.7,18.7,0.75));
#2616=CARTESIAN_POINT('',(-12.7,-1.2,0.75));
#2617=CARTESIAN_POINT('',(-12.7,18.7,0.75));
#2618=CARTESIAN_POINT('',(-12.7,-1.2,0.));
#2619=CARTESIAN_POINT('',(-12.7,-1.2,0.750000000000004));
#2620=CARTESIAN_POINT('',(-12.7,-4.8,0.));
#2621=CARTESIAN_POINT('',(-12.7,18.7,0.));
#2622=CARTESIAN_POINT('',(-12.7,-4.8,0.750000000000004));
#2623=CARTESIAN_POINT('Origin',(12.7,18.7,5.8));
#2624=CARTESIAN_POINT('',(12.7,-4.8,0.));
#2625=CARTESIAN_POINT('',(12.7,-4.8,5.8));
#2626=CARTESIAN_POINT('',(12.7,-1.20000000000001,0.));
#2627=CARTESIAN_POINT('',(12.7,18.7,0.));
#2628=CARTESIAN_POINT('',(12.7,-1.20000000000001,0.75));
#2629=CARTESIAN_POINT('',(12.7,-1.20000000000001,5.8));
#2630=CARTESIAN_POINT('',(12.7,18.7,0.75));
#2631=CARTESIAN_POINT('',(12.7,18.7,0.75));
#2632=CARTESIAN_POINT('',(12.7,4.3,0.75));
#2633=CARTESIAN_POINT('',(12.7,18.7,0.75));
#2634=CARTESIAN_POINT('',(12.7,4.3,0.));
#2635=CARTESIAN_POINT('',(12.7,4.3,5.8));
#2636=CARTESIAN_POINT('',(12.7,6.2,0.));
#2637=CARTESIAN_POINT('',(12.7,18.7,0.));
#2638=CARTESIAN_POINT('',(12.7,6.2,5.8));
#2639=CARTESIAN_POINT('Origin',(17.8,-11.3,5.8));
#2640=CARTESIAN_POINT('',(-3.75,-11.3,0.));
#2641=CARTESIAN_POINT('',(-3.75,-11.3,5.8));
#2642=CARTESIAN_POINT('',(3.75,-11.3,0.));
#2643=CARTESIAN_POINT('',(17.8,-11.3,0.));
#2644=CARTESIAN_POINT('',(3.75,-11.3,5.8));
#2645=CARTESIAN_POINT('Origin',(-3.75132719525658,-11.05,5.55));
#2646=CARTESIAN_POINT('Origin',(-3.7542138173563,-10.5062551957958,5.13731392487388));
#2647=CARTESIAN_POINT('Origin',(5.4,0.649999999999997,3.7011505722253));
#2648=CARTESIAN_POINT('',(5.4,0.649999999999997,3.7011505722253));
#2649=CARTESIAN_POINT('Origin',(5.4,-0.700000000000003,3.9511505722253));
#2650=CARTESIAN_POINT('',(5.4,-0.700000000000003,3.7011505722253));
#2651=CARTESIAN_POINT('Origin',(-5.4,7.55,5.55));
#2652=CARTESIAN_POINT('',(-5.4,0.899999999999997,3.76813787033308));
#2653=CARTESIAN_POINT('Origin',(11.9,7.8,5.));
#2654=CARTESIAN_POINT('',(12.45,-4.8,5.));
#2655=CARTESIAN_POINT('Origin',(11.9,-4.8,5.));
#2656=CARTESIAN_POINT('',(12.45,6.2,5.));
#2657=CARTESIAN_POINT('Origin',(11.9,6.2,5.));
#2658=CARTESIAN_POINT('',(12.45,7.8,5.));
#2659=CARTESIAN_POINT('Origin',(-11.9,7.8,5.));
#2660=CARTESIAN_POINT('',(-12.45,6.2,5.));
#2661=CARTESIAN_POINT('',(-12.45,-4.80000000000001,5.));
#2662=CARTESIAN_POINT('',(-12.45,7.8,5.));
#2663=CARTESIAN_POINT('Origin',(-11.9,6.2,5.));
#2664=CARTESIAN_POINT('Origin',(-11.9,-4.80000000000001,5.));
#2665=CARTESIAN_POINT('Origin',(-8.94999999999999,-10.5,5.));
#2666=CARTESIAN_POINT('',(3.75,-11.05,5.));
#2667=CARTESIAN_POINT('Origin',(3.75,-10.5,5.));
#2668=CARTESIAN_POINT('',(-3.75,-11.05,5.));
#2669=CARTESIAN_POINT('',(-8.94999999999999,-11.05,5.));
#2670=CARTESIAN_POINT('Origin',(-3.75,-10.5,5.));
#2671=CARTESIAN_POINT('Origin',(-5.4,-0.45,3.76813787033308));
#2672=CARTESIAN_POINT('',(-5.4,-0.45,3.76813787033308));
#2673=CARTESIAN_POINT('Origin',(-12.7,-4.80000000000001,5.05));
#2674=CARTESIAN_POINT('',(-12.45,-4.80000000000001,0.));
#2675=CARTESIAN_POINT('',(-12.7,-4.80000000000001,0.));
#2676=CARTESIAN_POINT('',(-12.45,-4.80000000000001,5.05));
#2677=CARTESIAN_POINT('Origin',(0.,6.2,-24.2));
#2678=CARTESIAN_POINT('',(-12.45,6.2,0.));
#2679=CARTESIAN_POINT('',(-12.45,6.2,-24.2));
#2680=CARTESIAN_POINT('',(0.,6.2,0.));
#2681=CARTESIAN_POINT('Origin',(0.,0.,0.));
#2682=CARTESIAN_POINT('',(-12.45,4.29999999999999,0.));
#2683=CARTESIAN_POINT('',(0.,4.29999999999999,0.));
#2684=CARTESIAN_POINT('',(-12.45,0.,0.));
#2685=CARTESIAN_POINT('Origin',(-12.45,4.29999999999999,0.75));
#2686=CARTESIAN_POINT('',(-12.45,4.29999999999999,0.75));
#2687=CARTESIAN_POINT('',(-12.45,4.29999999999999,0.75));
#2688=CARTESIAN_POINT('',(-12.45,4.29999999999999,0.75));
#2689=CARTESIAN_POINT('Origin',(0.,0.,0.75));
#2690=CARTESIAN_POINT('',(-12.45,0.,0.75));
#2691=CARTESIAN_POINT('Origin',(-13.2,18.7,0.75));
#2692=CARTESIAN_POINT('Origin',(0.,0.,0.75));
#2693=CARTESIAN_POINT('',(-12.45,-1.2,0.75));
#2694=CARTESIAN_POINT('',(-12.45,0.,0.75));
#2695=CARTESIAN_POINT('',(0.,-1.2,0.75));
#2696=CARTESIAN_POINT('Origin',(-12.45,-1.2,0.75));
#2697=CARTESIAN_POINT('',(-12.45,-1.2,0.));
#2698=CARTESIAN_POINT('',(-12.45,-1.2,0.75));
#2699=CARTESIAN_POINT('',(-12.45,-1.2,0.));
#2700=CARTESIAN_POINT('Origin',(0.,0.,0.));
#2701=CARTESIAN_POINT('',(-12.45,0.,0.));
#2702=CARTESIAN_POINT('Origin',(0.,6.2,-24.2));
#2703=CARTESIAN_POINT('',(12.45,6.2,0.));
#2704=CARTESIAN_POINT('',(0.,6.2,0.));
#2705=CARTESIAN_POINT('',(12.45,6.2,-24.2));
#2706=CARTESIAN_POINT('Origin',(12.7,-4.8,5.05));
#2707=CARTESIAN_POINT('',(12.45,-4.8,0.));
#2708=CARTESIAN_POINT('',(12.45,-4.8,5.05));
#2709=CARTESIAN_POINT('',(12.7,-4.8,0.));
#2710=CARTESIAN_POINT('Origin',(0.,0.,0.));
#2711=CARTESIAN_POINT('',(12.45,-1.20000000000001,0.));
#2712=CARTESIAN_POINT('',(12.45,0.,0.));
#2713=CARTESIAN_POINT('',(0.,-1.20000000000001,0.));
#2714=CARTESIAN_POINT('Origin',(12.45,-1.20000000000001,0.75));
#2715=CARTESIAN_POINT('',(12.45,-1.20000000000001,0.75));
#2716=CARTESIAN_POINT('',(12.45,-1.20000000000001,0.75));
#2717=CARTESIAN_POINT('',(12.45,-1.20000000000001,0.75));
#2718=CARTESIAN_POINT('Origin',(0.,0.,0.75));
#2719=CARTESIAN_POINT('',(12.45,0.,0.75));
#2720=CARTESIAN_POINT('Origin',(13.2,18.7,0.75));
#2721=CARTESIAN_POINT('',(13.2,18.7,0.25));
#2722=CARTESIAN_POINT('Origin',(0.,0.,0.75));
#2723=CARTESIAN_POINT('',(12.45,4.29999999999999,0.75));
#2724=CARTESIAN_POINT('',(12.45,0.,0.75));
#2725=CARTESIAN_POINT('',(0.,4.29999999999999,0.75));
#2726=CARTESIAN_POINT('Origin',(12.45,4.29999999999999,0.75));
#2727=CARTESIAN_POINT('',(12.45,4.29999999999999,0.));
#2728=CARTESIAN_POINT('',(12.45,4.29999999999999,0.75));
#2729=CARTESIAN_POINT('',(12.45,4.29999999999999,0.));
#2730=CARTESIAN_POINT('Origin',(0.,0.,0.));
#2731=CARTESIAN_POINT('',(12.45,0.,0.));
#2732=CARTESIAN_POINT('Origin',(3.75,-11.3,5.55));
#2733=CARTESIAN_POINT('',(3.75,-11.05,0.));
#2734=CARTESIAN_POINT('',(3.75,-11.3,0.));
#2735=CARTESIAN_POINT('',(3.75,-11.05,5.55));
#2736=CARTESIAN_POINT('Origin',(-3.75,-11.3,-16.95));
#2737=CARTESIAN_POINT('',(-3.75,-11.05,0.));
#2738=CARTESIAN_POINT('',(-3.75,-11.05,-16.95));
#2739=CARTESIAN_POINT('',(-3.75,-11.3,0.));
#2740=CARTESIAN_POINT('Origin',(0.,0.,0.));
#2741=CARTESIAN_POINT('',(0.,-11.05,0.));
#2742=CARTESIAN_POINT('Origin',(5.4,-0.700000000000003,3.7011505722253));
#2743=CARTESIAN_POINT('Origin',(-5.4,0.899999999999999,3.76813787033308));
#2744=CARTESIAN_POINT('Origin',(12.45,6.2,5.55));
#2745=CARTESIAN_POINT('',(12.45,6.2,0.75));
#2746=CARTESIAN_POINT('Origin',(-12.45,6.2,5.55));
#2747=CARTESIAN_POINT('',(-12.45,6.2,0.75));
#2748=CARTESIAN_POINT('Origin',(3.75,-11.05,5.55));
#2749=CARTESIAN_POINT('Origin',(13.2,18.7,0.25));
#2750=CARTESIAN_POINT('Origin',(13.2,6.2,0.75));
#2751=CARTESIAN_POINT('Origin',(-13.2,6.2,0.75));
#2752=CARTESIAN_POINT('',(-13.2,6.2,-8.67361737988404E-16));
#2753=CARTESIAN_POINT('Origin',(0.,0.,0.));
#2754=UNCERTAINTY_MEASURE_WITH_UNIT(LENGTH_MEASURE(0.01),#2758,
'DISTANCE_ACCURACY_VALUE',
'Maximum model space distance between geometric entities at asserted c
onnectivities');
#2755=UNCERTAINTY_MEASURE_WITH_UNIT(LENGTH_MEASURE(0.01),#2758,
'DISTANCE_ACCURACY_VALUE',
'Maximum model space distance between geometric entities at asserted c
onnectivities');
#2756=(
GEOMETRIC_REPRESENTATION_CONTEXT(3)
GLOBAL_UNCERTAINTY_ASSIGNED_CONTEXT((#2754))
GLOBAL_UNIT_ASSIGNED_CONTEXT((#2758,#2760,#2761))
REPRESENTATION_CONTEXT('','3D')
);
#2757=(
GEOMETRIC_REPRESENTATION_CONTEXT(3)
GLOBAL_UNCERTAINTY_ASSIGNED_CONTEXT((#2755))
GLOBAL_UNIT_ASSIGNED_CONTEXT((#2758,#2760,#2761))
REPRESENTATION_CONTEXT('','3D')
);
#2758=(
LENGTH_UNIT()
NAMED_UNIT(*)
SI_UNIT(.MILLI.,.METRE.)
);
#2759=(
LENGTH_UNIT()
NAMED_UNIT(*)
SI_UNIT($,.METRE.)
);
#2760=(
NAMED_UNIT(*)
PLANE_ANGLE_UNIT()
SI_UNIT($,.RADIAN.)
);
#2761=(
NAMED_UNIT(*)
SI_UNIT($,.STERADIAN.)
SOLID_ANGLE_UNIT()
);
#2762=SHAPE_DEFINITION_REPRESENTATION(#2763,#2764);
#2763=PRODUCT_DEFINITION_SHAPE('',$,#2766);
#2764=SHAPE_REPRESENTATION('',(#1696),#2756);
#2765=PRODUCT_DEFINITION_CONTEXT('part definition',#2770,'design');
#2766=PRODUCT_DEFINITION('059E901D-BE59-4F5E-9573-FEEB05AE5571',
'MYOUNG-MY-2450-05 v2',#2767,#2765);
#2767=PRODUCT_DEFINITION_FORMATION('',$,#2772);
#2768=PRODUCT_RELATED_PRODUCT_CATEGORY('MYOUNG-MY-2450-05 v2',
'MYOUNG-MY-2450-05 v2',(#2772));
#2769=APPLICATION_PROTOCOL_DEFINITION('international standard',
'automotive_design',2009,#2770);
#2770=APPLICATION_CONTEXT(
'Core Data for Automotive Mechanical Design Process');
#2771=PRODUCT_CONTEXT('part definition',#2770,'mechanical');
#2772=PRODUCT('059E901D-BE59-4F5E-9573-FEEB05AE5571',
'MYOUNG-MY-2450-05 v2','STEP AP214',(#2771));
#2773=PRESENTATION_STYLE_ASSIGNMENT((#2775));
#2774=PRESENTATION_STYLE_ASSIGNMENT((#2776));
#2775=SURFACE_STYLE_USAGE(.BOTH.,#2777);
#2776=SURFACE_STYLE_USAGE(.BOTH.,#2778);
#2777=SURFACE_SIDE_STYLE('',(#2779));
#2778=SURFACE_SIDE_STYLE('',(#2780));
#2779=SURFACE_STYLE_FILL_AREA(#2781);
#2780=SURFACE_STYLE_FILL_AREA(#2782);
#2781=FILL_AREA_STYLE('Steel - Satin',(#2783));
#2782=FILL_AREA_STYLE('Opaque(202,209,238)',(#2784));
#2783=FILL_AREA_STYLE_COLOUR('Steel - Satin',#2785);
#2784=FILL_AREA_STYLE_COLOUR('Opaque(202,209,238)',#2786);
#2785=COLOUR_RGB('Steel - Satin',0.627450980392157,0.627450980392157,0.627450980392157);
#2786=COLOUR_RGB('Opaque(202,209,238)',0.792156862745098,0.819607843137255,
0.933333333333333);
ENDSEC;
END-ISO-10303-21;
