ISO-10303-21;
HEADER;
FILE_DESCRIPTION (( 'STEP AP214' ),
    '1' );
FILE_NAME ('E5F9CDA4-CD3D-4576-AA79-5A524CF9635F.STEP',
    '2025-08-28T20:38:44',
    ( '' ),
    ( '' ),
    'SwSTEP 2.0',
    'SolidWorks 2022',
    '' );
FILE_SCHEMA (( 'AUTOMOTIVE_DESIGN' ));
ENDSEC;

DATA;
#1 = ADVANCED_FACE ( 'NONE', ( #5544 ), #6286, .T. ) ;
#2 = ORIENTED_EDGE ( 'NONE', *, *, #3638, .F. ) ;
#3 =( NAMED_UNIT ( * ) SI_UNIT ( $, .STERADIAN. ) SOLID_ANGLE_UNIT ( ) );
#4 = ORIENTED_EDGE ( 'NONE', *, *, #5570, .T. ) ;
#5 = CARTESIAN_POINT ( 'NONE',  ( 0.3592993630569999985, -0.4978980891720000690, 0.005000000000000000104 ) ) ;
#6 = CARTESIAN_POINT ( 'NONE',  ( -0.08401273885349999637, -0.07445859872611000629, 0.0000000000000000000 ) ) ;
#7 = LINE ( 'NONE', #3841, #2354 ) ;
#8 = CARTESIAN_POINT ( 'NONE',  ( 0.7338216560510000264, -0.3073248407640000179, 0.0000000000000000000 ) ) ;
#9 = AXIS2_PLACEMENT_3D ( 'NONE', #484, #5018, #4950 ) ;
#10 = PRESENTATION_STYLE_ASSIGNMENT (( #2396 ) ) ;
#11 = EDGE_CURVE ( 'NONE', #6740, #825, #5024, .T. ) ;
#12 = CARTESIAN_POINT ( 'NONE',  ( -0.1471974522289999920, -0.3083439490450000098, 0.005000000000000000104 ) ) ;
#13 = CARTESIAN_POINT ( 'NONE',  ( 1.199999999999999956, -0.8400000000000000799, 0.7750000000000001332 ) ) ;
#14 = ORIENTED_EDGE ( 'NONE', *, *, #2928, .T. ) ;
#15 = DIRECTION ( 'NONE',  ( 0.0000000000000000000, -1.000000000000000000, 0.0000000000000000000 ) ) ;
#16 = ORIENTED_EDGE ( 'NONE', *, *, #2205, .F. ) ;
#17 = DIRECTION ( 'NONE',  ( 0.0000000000000000000, -1.000000000000000000, 0.0000000000000000000 ) ) ;
#18 = AXIS2_PLACEMENT_3D ( 'NONE', #2060, #3226, #6012 ) ;
#19 = PLANE ( 'NONE',  #3633 ) ;
#20 =( NAMED_UNIT ( * ) SI_UNIT ( $, .STERADIAN. ) SOLID_ANGLE_UNIT ( ) );
#21 = EDGE_CURVE ( 'NONE', #52, #6166, #1081, .T. ) ;
#22 = AXIS2_PLACEMENT_3D ( 'NONE', #5302, #5228, #209 ) ;
#23 = CARTESIAN_POINT ( 'NONE',  ( 0.5814649681529999725, 0.3837579617830000345, 0.7990000000000000435 ) ) ;
#24 = EDGE_CURVE ( 'NONE', #571, #1182, #2726, .T. ) ;
#25 = ORIENTED_EDGE ( 'NONE', *, *, #2540, .F. ) ;
#26 = FACE_OUTER_BOUND ( 'NONE', #5939, .T. ) ;
#27 = LINE ( 'NONE', #1647, #3227 ) ;
#28 = SURFACE_SIDE_STYLE ('',( #3432 ) ) ;
#29 = VECTOR ( 'NONE', #3354, 1000.000000000000000 ) ;
#30 = FACE_OUTER_BOUND ( 'NONE', #2891, .T. ) ;
#31 = ADVANCED_FACE ( 'NONE', ( #2763 ), #559, .T. ) ;
#32 = FILL_AREA_STYLE ('',( #6113 ) ) ;
#33 = ORIENTED_EDGE ( 'NONE', *, *, #4875, .F. ) ;
#34 =( LENGTH_UNIT ( ) NAMED_UNIT ( * ) SI_UNIT ( .MILLI., .METRE. ) );
#35 = CARTESIAN_POINT ( 'NONE',  ( 0.4214649681529999969, 0.1619745222929999950, 0.005000000000000000104 ) ) ;
#36 = ORIENTED_EDGE ( 'NONE', *, *, #1275, .F. ) ;
#37 = CARTESIAN_POINT ( 'NONE',  ( 0.3582802547769999846, 0.06681528662419999876, 0.7990000000000000435 ) ) ;
#38 = VERTEX_POINT ( 'NONE', #1601 ) ;
#39 = CARTESIAN_POINT ( 'NONE',  ( -0.08401273885350001025, -0.07445859872611999830, 0.001000000000000000021 ) ) ;
#40 = CARTESIAN_POINT ( 'NONE',  ( -0.03560509554139999755, 0.3827388535030000205, 0.8000000000000000444 ) ) ;
#41 = SURFACE_STYLE_USAGE ( .BOTH. , #6713 ) ;
#42 = VERTEX_POINT ( 'NONE', #4334 ) ;
#43 = VECTOR ( 'NONE', #523, 1000.000000000000000 ) ;
#44 = DIRECTION ( 'NONE',  ( -1.000000000000000000, 0.0000000000000000000, -0.0000000000000000000 ) ) ;
#45 = DIRECTION ( 'NONE',  ( 0.0000000000000000000, 0.0000000000000000000, -1.000000000000000000 ) ) ;
#46 = CARTESIAN_POINT ( 'NONE',  ( 0.5814649681529999725, 0.3837579617830000345, 0.8000000000000000444 ) ) ;
#47 = FACE_OUTER_BOUND ( 'NONE', #6710, .T. ) ;
#48 = CARTESIAN_POINT ( 'NONE',  ( -1.449999999999999956, -0.8499999999999999778, 0.2750000000000000222 ) ) ;
#49 = VERTEX_POINT ( 'NONE', #2693 ) ;
#50 = LINE ( 'NONE', #4518, #2989 ) ;
#51 = CARTESIAN_POINT ( 'NONE',  ( -0.5100000000000000089, -0.7914012738850000339, 0.005000000000000000104 ) ) ;
#52 = VERTEX_POINT ( 'NONE', #7204 ) ;
#53 = CARTESIAN_POINT ( 'NONE',  ( 0.8710615711253333338, 0.3584501061569999592, 0.8000000000000000444 ) ) ;
#54 = EDGE_CURVE ( 'NONE', #5905, #4789, #4479, .T. ) ;
#55 = CARTESIAN_POINT ( 'NONE',  ( 1.199999999999999956, -0.8170000000000000595, 0.7990000000000000435 ) ) ;
#56 = AXIS2_PLACEMENT_3D ( 'NONE', #5586, #562, #1531 ) ;
#57 = CARTESIAN_POINT ( 'NONE',  ( 1.699999999999999956, -0.5500000000000000444, 0.0000000000000000000 ) ) ;
#58 = ORIENTED_EDGE ( 'NONE', *, *, #4302, .T. ) ;
#59 = CARTESIAN_POINT ( 'NONE',  ( 0.5947133757960000322, 0.4978980891720000690, 0.7950000000000000400 ) ) ;
#60 = EDGE_CURVE ( 'NONE', #2059, #378, #662, .T. ) ;
#61 = FILL_AREA_STYLE ('',( #3430 ) ) ;
#62 = APPLICATION_PROTOCOL_DEFINITION ( 'draft international standard', 'automotive_design', 1998, #5047 ) ;
#63 = FACE_BOUND ( 'NONE', #618, .T. ) ;
#64 = EDGE_CURVE ( 'NONE', #1950, #6373, #6025, .T. ) ;
#65 = CARTESIAN_POINT ( 'NONE',  ( -1.199999999999999956, 0.8490000000000000879, 0.4000000000000000222 ) ) ;
#66 =( LENGTH_UNIT ( ) NAMED_UNIT ( * ) SI_UNIT ( .MILLI., .METRE. ) );
#67 = CARTESIAN_POINT ( 'NONE',  ( 0.8710615711253333338, -0.3584501061569999592, 0.0000000000000000000 ) ) ;
#68 = STYLED_ITEM ( 'NONE', ( #1869 ), #7094 ) ;
#69 = ORIENTED_EDGE ( 'NONE', *, *, #916, .F. ) ;
#70 = CARTESIAN_POINT ( 'NONE',  ( -0.9250000000000000444, 0.8400000000000000799, 0.02500000000000000139 ) ) ;
#71 = SURFACE_STYLE_FILL_AREA ( #579 ) ;
#72 = EDGE_CURVE ( 'NONE', #3241, #4562, #4851, .T. ) ;
#73 = ORIENTED_EDGE ( 'NONE', *, *, #1336, .T. ) ;
#74 =( LENGTH_UNIT ( ) NAMED_UNIT ( * ) SI_UNIT ( .MILLI., .METRE. ) );
#75 = ORIENTED_EDGE ( 'NONE', *, *, #3338, .T. ) ;
#76 = DIRECTION ( 'NONE',  ( -0.0000000000000000000, -0.0000000000000000000, -1.000000000000000000 ) ) ;
#77 = EDGE_CURVE ( 'NONE', #7263, #2574, #2211, .T. ) ;
#78 = EDGE_LOOP ( 'NONE', ( #5719, #5454, #6764, #1209 ) ) ;
#79 = VECTOR ( 'NONE', #6610, 1000.000000000000000 ) ;
#80 = LINE ( 'NONE', #5165, #285 ) ;
#81 = LINE ( 'NONE', #5611, #822 ) ;
#82 = VERTEX_POINT ( 'NONE', #3775 ) ;
#83 = UNCERTAINTY_MEASURE_WITH_UNIT (LENGTH_MEASURE( 1.000000000000000082E-05 ), #2637, 'distance_accuracy_value', 'NONE');
#84 =( LENGTH_UNIT ( ) NAMED_UNIT ( * ) SI_UNIT ( .MILLI., .METRE. ) );
#85 = SURFACE_SIDE_STYLE ('',( #4547 ) ) ;
#86 = CARTESIAN_POINT ( 'NONE',  ( 0.5753503184710000440, -0.2358598726109999988, 0.7990000000000000435 ) ) ;
#87 = CARTESIAN_POINT ( 'NONE',  ( 0.2339490445859999934, -0.4978980891720000690, 0.0000000000000000000 ) ) ;
#88 = CARTESIAN_POINT ( 'NONE',  ( 0.4965392796959949284, -0.4870275986757031106, 0.001000000000000000021 ) ) ;
#89 = ORIENTED_EDGE ( 'NONE', *, *, #2835, .F. ) ;
#90 = CARTESIAN_POINT ( 'NONE',  ( -0.4383227145268757674, 0.2005307785002634624, 0.001000000000000000021 ) ) ;
#91 = CARTESIAN_POINT ( 'NONE',  ( 0.4612101910829999873, 0.3209554140129999844, 0.005000000000000000104 ) ) ;
#92 = VERTEX_POINT ( 'NONE', #1569 ) ;
#93 = DIRECTION ( 'NONE',  ( -1.299999999999999924E-16, 1.000000000000000000, -0.0000000000000000000 ) ) ;
#94 = CARTESIAN_POINT ( 'NONE',  ( 0.4260509554140000654, 0.3027388535030000605, 0.7990000000000000435 ) ) ;
#95 = ORIENTED_EDGE ( 'NONE', *, *, #4712, .T. ) ;
#96 =( LENGTH_UNIT ( ) NAMED_UNIT ( * ) SI_UNIT ( .MILLI., .METRE. ) );
#97 = EDGE_CURVE ( 'NONE', #4904, #2594, #5020, .T. ) ;
#98 = VECTOR ( 'NONE', #237, 1000.000000000000000 ) ;
#99 = ORIENTED_EDGE ( 'NONE', *, *, #2087, .F. ) ;
#100 = CARTESIAN_POINT ( 'NONE',  ( 1.699999999999999956, -0.8499999999999999778, 0.0000000000000000000 ) ) ;
#101 = DIRECTION ( 'NONE',  ( -0.0000000000000000000, -0.0000000000000000000, -1.000000000000000000 ) ) ;
#102 = DIRECTION ( 'NONE',  ( 0.0000000000000000000, 1.000000000000000000, 0.0000000000000000000 ) ) ;
#103 = MECHANICAL_DESIGN_GEOMETRIC_PRESENTATION_REPRESENTATION (  '', ( #5846 ), #1043 ) ;
#104 = LINE ( 'NONE', #5151, #3834 ) ;
#105 = ORIENTED_EDGE ( 'NONE', *, *, #2790, .F. ) ;
#106 = ADVANCED_FACE ( 'NONE', ( #3316 ), #5181, .T. ) ;
#107 = DIRECTION ( 'NONE',  ( 0.0000000000000000000, -1.000000000000000000, 0.0000000000000000000 ) ) ;
#108 = ORIENTED_EDGE ( 'NONE', *, *, #3496, .F. ) ;
#109 = AXIS2_PLACEMENT_3D ( 'NONE', #2428, #3756, #2468 ) ;
#110 = CARTESIAN_POINT ( 'NONE',  ( 0.8978980891719999802, -0.2935668789809999790, 0.0009999999999999998040 ) ) ;
#111 = ORIENTED_EDGE ( 'NONE', *, *, #3408, .T. ) ;
#112 = B_SPLINE_CURVE_WITH_KNOTS ( 'NONE', 3,
 ( #4256, #2546, #779, #197 ),
 .UNSPECIFIED., .F., .F.,
 ( 4, 4 ),
 ( 0.0000000000000000000, 1.000000000000000000 ),
 .UNSPECIFIED. ) ;
#113 = CARTESIAN_POINT ( 'NONE',  ( 0.05662420382166000188, 0.08617834394904000384, 0.7950000000000000400 ) ) ;
#114 =( GEOMETRIC_REPRESENTATION_CONTEXT ( 3 ) GLOBAL_UNCERTAINTY_ASSIGNED_CONTEXT ( ( #2348 ) ) GLOBAL_UNIT_ASSIGNED_CONTEXT ( ( #96, #1857, #5701 ) ) REPRESENTATION_CONTEXT ( 'NONE', 'WORKASPACE' ) );
#115 = ORIENTED_EDGE ( 'NONE', *, *, #4135, .F. ) ;
#116 = ADVANCED_FACE ( 'NONE', ( #3219 ), #6040, .F. ) ;
#117 = DIRECTION ( 'NONE',  ( -0.0000000000000000000, 0.0000000000000000000, -1.000000000000000000 ) ) ;
#118 =( NAMED_UNIT ( * ) PLANE_ANGLE_UNIT ( ) SI_UNIT ( $, .RADIAN. ) );
#119 = ORIENTED_EDGE ( 'NONE', *, *, #2677, .T. ) ;
#120 = PRESENTATION_LAYER_ASSIGNMENT (  '', '', ( #5495 ) ) ;
#121 = LINE ( 'NONE', #2352, #134 ) ;
#122 = PLANE ( 'NONE',  #978 ) ;
#123 = PRESENTATION_STYLE_ASSIGNMENT (( #5130 ) ) ;
#124 = STYLED_ITEM ( 'NONE', ( #2422 ), #2078 ) ;
#125 = CARTESIAN_POINT ( 'NONE',  ( -0.4228662420379999953, 0.4978980891720000690, 0.7989999999999999325 ) ) ;
#126 = VERTEX_POINT ( 'NONE', #2127 ) ;
#127 = LINE ( 'NONE', #91, #6677 ) ;
#128 = ORIENTED_EDGE ( 'NONE', *, *, #6105, .F. ) ;
#129 = CYLINDRICAL_SURFACE ( 'NONE', #3067, 0.02300000000000001696 ) ;
#130 = CIRCLE ( 'NONE', #6799, 0.02400000000000000050 ) ;
#131 = CARTESIAN_POINT ( 'NONE',  ( -0.6475796178339999765, 0.7914012738850000339, 0.7950000000000000400 ) ) ;
#132 = ORIENTED_EDGE ( 'NONE', *, *, #2585, .F. ) ;
#133 = LINE ( 'NONE', #4008, #3149 ) ;
#134 = VECTOR ( 'NONE', #5724, 1000.000000000000000 ) ;
#135 = VECTOR ( 'NONE', #592, 1000.000000000000000 ) ;
#136 = ORIENTED_EDGE ( 'NONE', *, *, #4585, .F. ) ;
#137 = CARTESIAN_POINT ( 'NONE',  ( -0.5196815286620000141, 0.3499999999999999778, 0.005000000000000000104 ) ) ;
#138 =( NAMED_UNIT ( * ) PLANE_ANGLE_UNIT ( ) SI_UNIT ( $, .RADIAN. ) );
#139 = PRESENTATION_STYLE_ASSIGNMENT (( #5042 ) ) ;
#140 = AXIS2_PLACEMENT_3D ( 'NONE', #5484, #3092, #5910 ) ;
#141 = VECTOR ( 'NONE', #5316, 1000.000000000000000 ) ;
#142 = CARTESIAN_POINT ( 'NONE',  ( -0.2873248407640000002, 0.4978980891720000690, 0.8000000000000000444 ) ) ;
#143 = ORIENTED_EDGE ( 'NONE', *, *, #4527, .T. ) ;
#144 =( LENGTH_UNIT ( ) NAMED_UNIT ( * ) SI_UNIT ( .MILLI., .METRE. ) );
#145 = ORIENTED_EDGE ( 'NONE', *, *, #6788, .F. ) ;
#146 = VECTOR ( 'NONE', #1801, 1000.000000000000000 ) ;
#147 = ORIENTED_EDGE ( 'NONE', *, *, #24, .T. ) ;
#148 = CARTESIAN_POINT ( 'NONE',  ( -0.2873248407640000002, 0.4978980891720000690, 0.7950000000000000400 ) ) ;
#149 = ADVANCED_FACE ( 'NONE', ( #30 ), #4959, .T. ) ;
#150 = ORIENTED_EDGE ( 'NONE', *, *, #4577, .T. ) ;
#151 = LINE ( 'NONE', #2966, #3544 ) ;
#152 =( NAMED_UNIT ( * ) PLANE_ANGLE_UNIT ( ) SI_UNIT ( $, .RADIAN. ) );
#153 = ORIENTED_EDGE ( 'NONE', *, *, #3547, .F. ) ;
#154 = UNCERTAINTY_MEASURE_WITH_UNIT (LENGTH_MEASURE( 1.000000000000000082E-05 ), #6806, 'distance_accuracy_value', 'NONE');
#155 = FACE_OUTER_BOUND ( 'NONE', #5862, .T. ) ;
#156 =( LENGTH_UNIT ( ) NAMED_UNIT ( * ) SI_UNIT ( .MILLI., .METRE. ) );
#157 = EDGE_CURVE ( 'NONE', #1620, #1768, #5005, .T. ) ;
#158 = CARTESIAN_POINT ( 'NONE',  ( -0.1471974522289999920, 0.3083439490450000098, 0.7990000000000001545 ) ) ;
#159 = SURFACE_STYLE_USAGE ( .BOTH. , #265 ) ;
#160 = EDGE_CURVE ( 'NONE', #259, #838, #2231, .T. ) ;
#161 = CARTESIAN_POINT ( 'NONE',  ( -0.2124203821660000102, 0.4978980891720000690, 0.8000000000000000444 ) ) ;
#162 = CARTESIAN_POINT ( 'NONE',  ( -0.1979830176471160663, -0.3499999924243265004, 0.7990000000000000435 ) ) ;
#163 = FILL_AREA_STYLE_COLOUR ( '', #2579 ) ;
#164 = ORIENTED_EDGE ( 'NONE', *, *, #298, .T. ) ;
#165 = PLANE ( 'NONE',  #1230 ) ;
#166 = PRESENTATION_STYLE_ASSIGNMENT (( #1887 ) ) ;
#167 = VERTEX_POINT ( 'NONE', #6704 ) ;
#168 = ADVANCED_FACE ( 'NONE', ( #1585 ), #6591, .T. ) ;
#169 = CARTESIAN_POINT ( 'NONE',  ( -0.1497452229300000048, -0.1578980891719999891, 0.8000000000000000444 ) ) ;
#170 = VERTEX_POINT ( 'NONE', #1864 ) ;
#171 = DIRECTION ( 'NONE',  ( 1.000000000000000000, -0.0000000000000000000, 0.0000000000000000000 ) ) ;
#172 = VERTEX_POINT ( 'NONE', #2918 ) ;
#173 = CARTESIAN_POINT ( 'NONE',  ( -0.5212101910830000406, 0.08006369426751999696, 0.8000000000000000444 ) ) ;
#174 = CARTESIAN_POINT ( 'NONE',  ( -1.699999999999999956, 0.5500000000000000444, 0.6750000000000000444 ) ) ;
#175 = ORIENTED_EDGE ( 'NONE', *, *, #3859, .F. ) ;
#176 = DIRECTION ( 'NONE',  ( 0.0000000000000000000, -0.0000000000000000000, -1.000000000000000000 ) ) ;
#177 = VERTEX_POINT ( 'NONE', #3433 ) ;
#178 = PRESENTATION_LAYER_ASSIGNMENT (  '', '', ( #3444 ) ) ;
#179 = CARTESIAN_POINT ( 'NONE',  ( 0.3582802547769999846, -0.1700849256900666684, 0.0000000000000000000 ) ) ;
#180 = EDGE_LOOP ( 'NONE', ( #4717, #652, #6436, #1518, #115, #4639, #2652, #5588 ) ) ;
#181 = LINE ( 'NONE', #803, #3515 ) ;
#182 = CIRCLE ( 'NONE', #4275, 0.3541666666669999741 ) ;
#183 = VERTEX_POINT ( 'NONE', #211 ) ;
#184 = SURFACE_STYLE_USAGE ( .BOTH. , #4610 ) ;
#185 = CARTESIAN_POINT ( 'NONE',  ( 0.5845222929940000478, -0.3499999999999999778, 0.7990000000000000435 ) ) ;
#186 = ORIENTED_EDGE ( 'NONE', *, *, #1229, .T. ) ;
#187 = ADVANCED_FACE ( 'NONE', ( #4012 ), #2957, .F. ) ;
#188 = CARTESIAN_POINT ( 'NONE',  ( 0.05662420382166000188, 0.1738216560510000008, 0.8000000000000000444 ) ) ;
#189 = DIRECTION ( 'NONE',  ( -0.0000000000000000000, -1.000000000000000000, -0.0000000000000000000 ) ) ;
#190 = AXIS2_PLACEMENT_3D ( 'NONE', #7036, #3180, #5414 ) ;
#191 = DIRECTION ( 'NONE',  ( 1.000000000000000000, 0.0000000000000000000, 0.0000000000000000000 ) ) ;
#192 =( LENGTH_UNIT ( ) NAMED_UNIT ( * ) SI_UNIT ( .MILLI., .METRE. ) );
#193 = CARTESIAN_POINT ( 'NONE',  ( -0.08401273885350001025, -0.07445859872611999830, 0.001000000000000000021 ) ) ;
#194 = CARTESIAN_POINT ( 'NONE',  ( 0.5845222929940000478, -0.3499999999999999778, 0.8000000000000000444 ) ) ;
#195 = ORIENTED_EDGE ( 'NONE', *, *, #2140, .F. ) ;
#196 = EDGE_CURVE ( 'NONE', #3464, #4603, #5464, .T. ) ;
#197 = CARTESIAN_POINT ( 'NONE',  ( 0.8978980891719999802, 0.2935668789809999790, 0.7990000000000000435 ) ) ;
#198 = DIRECTION ( 'NONE',  ( -0.0000000000000000000, 0.0000000000000000000, -1.000000000000000000 ) ) ;
#199 = ORIENTED_EDGE ( 'NONE', *, *, #5347, .T. ) ;
#200 = ADVANCED_FACE ( 'NONE', ( #5112 ), #4532, .T. ) ;
#201 = DIRECTION ( 'NONE',  ( -1.000000000000000000, 0.0000000000000000000, -0.0000000000000000000 ) ) ;
#202 = ORIENTED_EDGE ( 'NONE', *, *, #1510, .T. ) ;
#203 = CARTESIAN_POINT ( 'NONE',  ( 0.0000000000000000000, 0.8499999999999999778, 0.0000000000000000000 ) ) ;
#204 = EDGE_CURVE ( 'NONE', #4084, #6886, #6809, .T. ) ;
#205 = DIRECTION ( 'NONE',  ( -0.0000000000000000000, 0.0000000000000000000, -1.000000000000000000 ) ) ;
#206 = ORIENTED_EDGE ( 'NONE', *, *, #3157, .F. ) ;
#207 = DIRECTION ( 'NONE',  ( 0.0000000000000000000, 1.000000000000000000, -1.200000000000000024E-16 ) ) ;
#208 = FACE_OUTER_BOUND ( 'NONE', #3555, .T. ) ;
#209 = DIRECTION ( 'NONE',  ( 0.0000000000000000000, 2.699999999999999993E-16, 1.000000000000000000 ) ) ;
#210 = B_SPLINE_CURVE_WITH_KNOTS ( 'NONE', 3,
 ( #6989, #3567, #7029, #317 ),
 .UNSPECIFIED., .F., .F.,
 ( 4, 4 ),
 ( 0.0000000000000000000, 1.000000000000000000 ),
 .UNSPECIFIED. ) ;
#211 = CARTESIAN_POINT ( 'NONE',  ( 0.8938216560509999464, -0.1441401273890000057, 0.7990000000000000435 ) ) ;
#212 = B_SPLINE_SURFACE_WITH_KNOTS ( 'NONE', 2, 1, ( 
 ( #173, #1943 ),
 ( #713, #1350 ),
 ( #6988, #2410 ) ),
 .UNSPECIFIED., .F., .F., .F.,
 ( 3, 3 ),
 ( 2, 2 ),
 ( 0.0000000000000000000, 1.000000000000000000 ),
 ( 0.0000000000000000000, 1.000000000000000000 ),
 .UNSPECIFIED. ) ;
#213 = EDGE_LOOP ( 'NONE', ( #1706, #7116, #4447, #3964 ) ) ;
#214 = CARTESIAN_POINT ( 'NONE',  ( 0.5947133757960000322, 0.4978980891720000690, 0.7990000000000000435 ) ) ;
#215 = ORIENTED_EDGE ( 'NONE', *, *, #913, .T. ) ;
#216 = CARTESIAN_POINT ( 'NONE',  ( -0.9249999999999998224, -0.8400000000000000799, 0.02450000000000000094 ) ) ;
#217 = EDGE_LOOP ( 'NONE', ( #1594, #2703, #6123, #619 ) ) ;
#218 = LINE ( 'NONE', #3613, #6575 ) ;
#219 = VECTOR ( 'NONE', #4073, 1000.000000000000000 ) ;
#220 = VERTEX_POINT ( 'NONE', #3529 ) ;
#221 = AXIS2_PLACEMENT_3D ( 'NONE', #1616, #5487, #4973 ) ;
#222 =( NAMED_UNIT ( * ) SI_UNIT ( $, .STERADIAN. ) SOLID_ANGLE_UNIT ( ) );
#223 = FILL_AREA_STYLE ('',( #1443 ) ) ;
#224 = ORIENTED_EDGE ( 'NONE', *, *, #2620, .T. ) ;
#225 = DIRECTION ( 'NONE',  ( 0.0000000000000000000, 1.000000000000000000, 0.0000000000000000000 ) ) ;
#226 = CARTESIAN_POINT ( 'NONE',  ( -0.4814649681529999392, -0.1298726114650000096, 0.7990000000000000435 ) ) ;
#227 = CARTESIAN_POINT ( 'NONE',  ( 1.699000000000000288, 0.8490000000000000879, 0.2750000000000000222 ) ) ;
#228 = COLOUR_RGB ( '',0.0000000000000000000, 0.7843137254901960675, 0.4980392156862745168 ) ;
#229 = ADVANCED_FACE ( 'NONE', ( #3976 ), #2958, .T. ) ;
#230 = CARTESIAN_POINT ( 'NONE',  ( -1.449999999999999734, -0.8499999999999999778, 0.5250000000000000222 ) ) ;
#231 = ORIENTED_EDGE ( 'NONE', *, *, #5748, .T. ) ;
#232 = LINE ( 'NONE', #5246, #5324 ) ;
#233 = LINE ( 'NONE', #818, #249 ) ;
#234 = VERTEX_POINT ( 'NONE', #4125 ) ;
#235 =( NAMED_UNIT ( * ) PLANE_ANGLE_UNIT ( ) SI_UNIT ( $, .RADIAN. ) );
#236 = EDGE_CURVE ( 'NONE', #1338, #5592, #795, .T. ) ;
#237 = DIRECTION ( 'NONE',  ( -0.0000000000000000000, 1.000000000000000000, 0.0000000000000000000 ) ) ;
#238 = ORIENTED_EDGE ( 'NONE', *, *, #4170, .T. ) ;
#239 = DIRECTION ( 'NONE',  ( -0.0000000000000000000, 0.0000000000000000000, -1.000000000000000000 ) ) ;
#240 = LINE ( 'NONE', #543, #243 ) ;
#241 = ORIENTED_EDGE ( 'NONE', *, *, #3072, .T. ) ;
#242 = DIRECTION ( 'NONE',  ( 1.000000000000000000, 0.0000000000000000000, -0.0000000000000000000 ) ) ;
#243 = VECTOR ( 'NONE', #2271, 1000.000000000000000 ) ;
#244 = EDGE_CURVE ( 'NONE', #4431, #6676, #5961, .T. ) ;
#245 = CARTESIAN_POINT ( 'NONE',  ( -0.4554777070059999877, 0.3057961783440000247, 0.7990000000000000435 ) ) ;
#246 = EDGE_CURVE ( 'NONE', #4219, #82, #7030, .T. ) ;
#247 = PRESENTATION_LAYER_ASSIGNMENT (  '', '', ( #4590 ) ) ;
#248 = LINE ( 'NONE', #3568, #7228 ) ;
#249 = VECTOR ( 'NONE', #3705, 1000.000000000000000 ) ;
#250 = CARTESIAN_POINT ( 'NONE',  ( 1.699999999999999956, -0.8499999999999999778, 0.0000000000000000000 ) ) ;
#251 = ORIENTED_EDGE ( 'NONE', *, *, #2451, .T. ) ;
#252 =( LENGTH_UNIT ( ) NAMED_UNIT ( * ) SI_UNIT ( .MILLI., .METRE. ) );
#253 = VERTEX_POINT ( 'NONE', #5859 ) ;
#254 = ORIENTED_EDGE ( 'NONE', *, *, #2529, .T. ) ;
#255 = FACE_OUTER_BOUND ( 'NONE', #3001, .T. ) ;
#256 = STYLED_ITEM ( 'NONE', ( #425 ), #3323 ) ;
#257 = EDGE_CURVE ( 'NONE', #682, #4416, #7070, .T. ) ;
#258 = COLOUR_RGB ( '',0.7098039215686274828, 0.7098039215686274828, 0.7098039215686274828 ) ;
#259 = VERTEX_POINT ( 'NONE', #5303 ) ;
#260 = COLOUR_RGB ( '',0.7098039215686274828, 0.7098039215686274828, 0.7098039215686274828 ) ;
#261 = LINE ( 'NONE', #4209, #941 ) ;
#262 = ORIENTED_EDGE ( 'NONE', *, *, #7179, .T. ) ;
#263 = DIRECTION ( 'NONE',  ( -0.0000000000000000000, -0.0000000000000000000, -1.000000000000000000 ) ) ;
#264 = SURFACE_STYLE_USAGE ( .BOTH. , #885 ) ;
#265 = SURFACE_SIDE_STYLE ('',( #1809 ) ) ;
#266 = VECTOR ( 'NONE', #3744, 1000.000000000000000 ) ;
#267 = SURFACE_STYLE_USAGE ( .BOTH. , #4586 ) ;
#268 = CARTESIAN_POINT ( 'NONE',  ( 0.7980254777070000527, 0.08248407643312000159, 0.0000000000000000000 ) ) ;
#269 = CARTESIAN_POINT ( 'NONE',  ( -1.699000000000000288, -0.5500000000000000444, 0.5250000000000000222 ) ) ;
#270 = ORIENTED_EDGE ( 'NONE', *, *, #1265, .T. ) ;
#271 = CARTESIAN_POINT ( 'NONE',  ( -0.2873248407640000002, -0.4978980891720000690, 0.0000000000000000000 ) ) ;
#272 = LINE ( 'NONE', #6528, #4341 ) ;
#273 = SURFACE_SIDE_STYLE ('',( #1300 ) ) ;
#274 =( NAMED_UNIT ( * ) SI_UNIT ( $, .STERADIAN. ) SOLID_ANGLE_UNIT ( ) );
#275 = B_SPLINE_SURFACE_WITH_KNOTS ( 'NONE', 2, 1, ( 
 ( #4339, #4771 ),
 ( #866, #2044 ),
 ( #939, #2112 ) ),
 .UNSPECIFIED., .F., .F., .F.,
 ( 3, 3 ),
 ( 2, 2 ),
 ( 0.0000000000000000000, 1.000000000000000000 ),
 ( 0.0000000000000000000, 1.000000000000000000 ),
 .UNSPECIFIED. ) ;
#276 = CARTESIAN_POINT ( 'NONE',  ( -1.199999999999999956, -0.8499999999999999778, 0.02400000000000000050 ) ) ;
#277 = ORIENTED_EDGE ( 'NONE', *, *, #1820, .T. ) ;
#278 = CARTESIAN_POINT ( 'NONE',  ( 0.5157324840760000306, 0.3499999999999999778, 0.0000000000000000000 ) ) ;
#279 = CARTESIAN_POINT ( 'NONE',  ( -0.2944585987260000537, -0.3499999999999999778, 0.8000000000000000444 ) ) ;
#280 = ORIENTED_EDGE ( 'NONE', *, *, #3204, .T. ) ;
#281 = DIRECTION ( 'NONE',  ( -1.000000000000000000, 0.0000000000000000000, 0.0000000000000000000 ) ) ;
#282 = EDGE_CURVE ( 'NONE', #1367, #2147, #3684, .T. ) ;
#283 = CARTESIAN_POINT ( 'NONE',  ( 0.5753503184710000440, 0.2358598726109999988, 0.0000000000000000000 ) ) ;
#284 = CARTESIAN_POINT ( 'NONE',  ( -0.5212101910830000406, 0.2278343949040000094, 0.7990000000000000435 ) ) ;
#285 = VECTOR ( 'NONE', #2499, 1000.000000000000000 ) ;
#286 = DIRECTION ( 'NONE',  ( -1.000000000000000000, -0.0000000000000000000, 0.0000000000000000000 ) ) ;
#287 = EDGE_CURVE ( 'NONE', #3616, #5415, #6511, .T. ) ;
#288 = DIRECTION ( 'NONE',  ( 0.0000000000000000000, 0.0000000000000000000, -1.000000000000000000 ) ) ;
#289 = ORIENTED_EDGE ( 'NONE', *, *, #3446, .T. ) ;
#290 = ORIENTED_EDGE ( 'NONE', *, *, #4583, .F. ) ;
#291 = EDGE_CURVE ( 'NONE', #900, #5806, #1468, .T. ) ;
#292 = CARTESIAN_POINT ( 'NONE',  ( -0.3776857749466666636, -0.4978980891720000690, 0.0000000000000000000 ) ) ;
#293 = ORIENTED_EDGE ( 'NONE', *, *, #5292, .F. ) ;
#294 = CARTESIAN_POINT ( 'NONE',  ( -0.5196815286620000141, 0.3499999999999999778, 0.0000000000000000000 ) ) ;
#295 = MECHANICAL_DESIGN_GEOMETRIC_PRESENTATION_REPRESENTATION (  '', ( #3444 ), #4850 ) ;
#296 = ORIENTED_EDGE ( 'NONE', *, *, #1039, .F. ) ;
#297 = ORIENTED_EDGE ( 'NONE', *, *, #4585, .T. ) ;
#298 = EDGE_CURVE ( 'NONE', #5854, #1710, #6400, .T. ) ;
#299 = CARTESIAN_POINT ( 'NONE',  ( 1.699999999999999956, -0.8499999999999999778, 0.1250000000000000000 ) ) ;
#300 = CARTESIAN_POINT ( 'NONE',  ( 0.4591719745220000926, -0.4652866242040000211, 0.0009999999999999998040 ) ) ;
#301 = CARTESIAN_POINT ( 'NONE',  ( -0.5100000000000000089, -0.3878343949040000127, 0.0009999999999999998040 ) ) ;
#302 = COLOUR_RGB ( '',0.7372549019607843590, 0.6039215686274509443, 0.0000000000000000000 ) ;
#303 = CARTESIAN_POINT ( 'NONE',  ( 0.7781528662419999742, 0.4443949044590000397, 0.8000000000000000444 ) ) ;
#304 = VERTEX_POINT ( 'NONE', #3711 ) ;
#305 = CARTESIAN_POINT ( 'NONE',  ( 0.5947133757960000322, 0.4978980891720000690, 0.7990000000000000435 ) ) ;
#306 = CARTESIAN_POINT ( 'NONE',  ( -0.3902547770700000029, -0.3499999999999999223, 0.8000000000000000444 ) ) ;
#307 = DIRECTION ( 'NONE',  ( -0.0000000000000000000, -0.0000000000000000000, -1.000000000000000000 ) ) ;
#308 = CARTESIAN_POINT ( 'NONE',  ( -0.2455414012736666929, -0.2358598726110000265, 0.8000000000000000444 ) ) ;
#309 = CARTESIAN_POINT ( 'NONE',  ( 0.4214649681529999969, -0.1619745222929999950, 0.8000000000000000444 ) ) ;
#310 = ORIENTED_EDGE ( 'NONE', *, *, #477, .F. ) ;
#311 = DIRECTION ( 'NONE',  ( 0.0000000000000000000, 0.0000000000000000000, 1.000000000000000000 ) ) ;
#312 = CARTESIAN_POINT ( 'NONE',  ( -0.08401273885349998249, 0.07445859872611500230, 0.8000000000000000444 ) ) ;
#313 = VECTOR ( 'NONE', #3811, 1000.000000000000000 ) ;
#314 = ORIENTED_EDGE ( 'NONE', *, *, #916, .T. ) ;
#315 = CARTESIAN_POINT ( 'NONE',  ( 0.8938216560509999464, -0.1441401273890000057, 0.7990000000000000435 ) ) ;
#316 = CARTESIAN_POINT ( 'NONE',  ( 0.6787898089170000260, 0.3499999999999999778, 0.0009999999999999998040 ) ) ;
#317 = CARTESIAN_POINT ( 'NONE',  ( -0.5100000000000000089, 0.3878343949040000127, 0.7990000000000000435 ) ) ;
#318 = EDGE_CURVE ( 'NONE', #673, #1805, #2063, .T. ) ;
#319 = CARTESIAN_POINT ( 'NONE',  ( -0.1471974522289999920, 0.3083439490450000098, 0.8000000000000000444 ) ) ;
#320 = PLANE ( 'NONE',  #2332 ) ;
#321 = ORIENTED_EDGE ( 'NONE', *, *, #2129, .T. ) ;
#322 = UNCERTAINTY_MEASURE_WITH_UNIT (LENGTH_MEASURE( 1.000000000000000082E-05 ), #6297, 'distance_accuracy_value', 'NONE');
#323 = VERTEX_POINT ( 'NONE', #353 ) ;
#324 = ORIENTED_EDGE ( 'NONE', *, *, #326, .F. ) ;
#325 = CARTESIAN_POINT ( 'NONE',  ( -0.6475796178339999765, 0.3499999999999999778, 0.005000000000000000104 ) ) ;
#326 = EDGE_CURVE ( 'NONE', #5964, #6965, #3292, .T. ) ;
#327 = ORIENTED_EDGE ( 'NONE', *, *, #4740, .F. ) ;
#328 = DIRECTION ( 'NONE',  ( 0.0000000000000000000, 0.0000000000000000000, 1.000000000000000000 ) ) ;
#329 = DIRECTION ( 'NONE',  ( -0.0000000000000000000, -0.0000000000000000000, -1.000000000000000000 ) ) ;
#330 = ORIENTED_EDGE ( 'NONE', *, *, #3229, .F. ) ;
#331 = B_SPLINE_SURFACE_WITH_KNOTS ( 'NONE', 2, 1, ( 
 ( #481, #1111 ),
 ( #3953, #6751 ),
 ( #3372, #2826 ) ),
 .UNSPECIFIED., .F., .F., .F.,
 ( 3, 3 ),
 ( 2, 2 ),
 ( 0.0000000000000000000, 1.000000000000000000 ),
 ( 0.0000000000000000000, 1.000000000000000000 ),
 .UNSPECIFIED. ) ;
#332 = CARTESIAN_POINT ( 'NONE',  ( 0.7638853503180000892, -0.2970063694269999832, 0.7990000000000000435 ) ) ;
#333 = EDGE_CURVE ( 'NONE', #5248, #2837, #3108, .T. ) ;
#334 = CARTESIAN_POINT ( 'NONE',  ( 0.05662420382166000188, 0.1222292993630000046, 0.0009999999999999998040 ) ) ;
#335 = EDGE_CURVE ( 'NONE', #2368, #6327, #248, .T. ) ;
#336 = VECTOR ( 'NONE', #2542, 1000.000000000000000 ) ;
#337 = CARTESIAN_POINT ( 'NONE',  ( 0.4965392781313334725, -0.4870276008493333308, 0.0000000000000000000 ) ) ;
#338 = EDGE_LOOP ( 'NONE', ( #3141, #5492, #5245, #2278, #3540, #929, #6315, #6311, #700, #1580, #3989, #3441 ) ) ;
#339 = LINE ( 'NONE', #740, #880 ) ;
#340 = CARTESIAN_POINT ( 'NONE',  ( 1.699999999999999956, -0.5500000000000000444, 0.1250000000000000000 ) ) ;
#341 = AXIS2_PLACEMENT_3D ( 'NONE', #5372, #7072, #288 ) ;
#342 =( LENGTH_UNIT ( ) NAMED_UNIT ( * ) SI_UNIT ( .MILLI., .METRE. ) );
#343 = CARTESIAN_POINT ( 'NONE',  ( 0.3582802547769999846, 0.06681528662419999876, 0.8000000000000000444 ) ) ;
#344 = CARTESIAN_POINT ( 'NONE',  ( -0.4381528662420000608, -0.3499999999999999778, 0.8000000000000000444 ) ) ;
#345 = EDGE_LOOP ( 'NONE', ( #6706, #4310, #5069, #3010 ) ) ;
#346 = VECTOR ( 'NONE', #525, 1000.000000000000000 ) ;
#347 = FACE_OUTER_BOUND ( 'NONE', #743, .T. ) ;
#348 = LINE ( 'NONE', #2042, #4333 ) ;
#349 = ORIENTED_EDGE ( 'NONE', *, *, #6464, .T. ) ;
#350 = CARTESIAN_POINT ( 'NONE',  ( 0.3592993630569999985, 0.3674522292990000105, 0.8000000000000000444 ) ) ;
#351 = VECTOR ( 'NONE', #6999, 1000.000000000000000 ) ;
#352 = DIRECTION ( 'NONE',  ( 1.000000000000000000, 0.0000000000000000000, 0.0000000000000000000 ) ) ;
#353 = CARTESIAN_POINT ( 'NONE',  ( 1.199999999999999956, -0.8499999999999999778, 0.8000000000000000444 ) ) ;
#354 = FILL_AREA_STYLE ('',( #1539 ) ) ;
#355 = VERTEX_POINT ( 'NONE', #1977 ) ;
#356 = VECTOR ( 'NONE', #4193, 1000.000000000000000 ) ;
#357 = ORIENTED_EDGE ( 'NONE', *, *, #1507, .F. ) ;
#358 = CARTESIAN_POINT ( 'NONE',  ( -1.449999999999999734, -0.8499999999999999778, 0.5250000000000000222 ) ) ;
#359 = FILL_AREA_STYLE_COLOUR ( '', #5813 ) ;
#360 = CARTESIAN_POINT ( 'NONE',  ( 1.754166666666999941, 0.0000000000000000000, 0.0000000000000000000 ) ) ;
#361 = VECTOR ( 'NONE', #5915, 1000.000000000000000 ) ;
#362 = B_SPLINE_CURVE_WITH_KNOTS ( 'NONE', 3,
 ( #4980, #7231, #3873, #6122 ),
 .UNSPECIFIED., .F., .F.,
 ( 4, 4 ),
 ( 0.0000000000000000000, 1.000000000000000000 ),
 .UNSPECIFIED. ) ;
#363 = VERTEX_POINT ( 'NONE', #4270 ) ;
#364 = CARTESIAN_POINT ( 'NONE',  ( 1.399999999999999911, 0.0000000000000000000, 0.0000000000000000000 ) ) ;
#365 = DIRECTION ( 'NONE',  ( 0.0000000000000000000, -1.000000000000000000, 0.0000000000000000000 ) ) ;
#366 = ORIENTED_EDGE ( 'NONE', *, *, #5072, .T. ) ;
#367 = STYLED_ITEM ( 'NONE', ( #3023 ), #4396 ) ;
#368 = VECTOR ( 'NONE', #2595, 1000.000000000000000 ) ;
#369 =( NAMED_UNIT ( * ) PLANE_ANGLE_UNIT ( ) SI_UNIT ( $, .RADIAN. ) );
#370 = ORIENTED_EDGE ( 'NONE', *, *, #641, .F. ) ;
#371 = SURFACE_STYLE_FILL_AREA ( #7048 ) ;
#372 = ADVANCED_FACE ( 'NONE', ( #395 ), #6878, .T. ) ;
#373 = DIRECTION ( 'NONE',  ( 0.0000000000000000000, -0.0000000000000000000, -1.000000000000000000 ) ) ;
#374 = VECTOR ( 'NONE', #2774, 1000.000000000000000 ) ;
#375 = PRESENTATION_LAYER_ASSIGNMENT (  '', '', ( #6111 ) ) ;
#376 = EDGE_CURVE ( 'NONE', #949, #4202, #4852, .T. ) ;
#377 = LINE ( 'NONE', #1593, #1994 ) ;
#378 = VERTEX_POINT ( 'NONE', #2010 ) ;
#379 = CARTESIAN_POINT ( 'NONE',  ( 0.4851592356689999885, -0.2358598726109999988, 0.8000000000000000444 ) ) ;
#380 = CARTESIAN_POINT ( 'NONE',  ( 0.3715286624200000443, -0.2465605095540000236, 0.8000000000000000444 ) ) ;
#381 = VECTOR ( 'NONE', #5105, 1000.000000000000000 ) ;
#382 = EDGE_CURVE ( 'NONE', #2995, #2815, #1905, .T. ) ;
#383 = VECTOR ( 'NONE', #2851, 1000.000000000000000 ) ;
#384 = SURFACE_STYLE_USAGE ( .BOTH. , #2105 ) ;
#385 = B_SPLINE_CURVE_WITH_KNOTS ( 'NONE', 3,
 ( #1774, #2792, #6196, #4549 ),
 .UNSPECIFIED., .F., .F.,
 ( 4, 4 ),
 ( 0.0000000000000000000, 1.000000000000000000 ),
 .UNSPECIFIED. ) ;
#386 = CARTESIAN_POINT ( 'NONE',  ( 0.9386624203819999845, -0.08006369426751999696, 0.005000000000000000104 ) ) ;
#387 = ORIENTED_EDGE ( 'NONE', *, *, #1138, .F. ) ;
#388 = SURFACE_STYLE_USAGE ( .BOTH. , #936 ) ;
#389 = SURFACE_STYLE_FILL_AREA ( #6363 ) ;
#390 = FACE_OUTER_BOUND ( 'NONE', #5060, .T. ) ;
#391 = PLANE ( 'NONE',  #2020 ) ;
#392 = EDGE_CURVE ( 'NONE', #690, #4077, #742, .T. ) ;
#393 = FILL_AREA_STYLE ('',( #3782 ) ) ;
#394 = CARTESIAN_POINT ( 'NONE',  ( 0.0000000000000000000, 0.0000000000000000000, 0.7750000000000001332 ) ) ;
#395 = FACE_OUTER_BOUND ( 'NONE', #1639, .T. ) ;
#396 =( NAMED_UNIT ( * ) PLANE_ANGLE_UNIT ( ) SI_UNIT ( $, .RADIAN. ) );
#397 = VERTEX_POINT ( 'NONE', #6434 ) ;
#398 = UNCERTAINTY_MEASURE_WITH_UNIT (LENGTH_MEASURE( 1.000000000000000082E-05 ), #7217, 'distance_accuracy_value', 'NONE');
#399 = ORIENTED_EDGE ( 'NONE', *, *, #1098, .T. ) ;
#400 = CARTESIAN_POINT ( 'NONE',  ( 0.2339490445859999934, -0.4978980891720000690, 0.0009999999999999998040 ) ) ;
#401 = SURFACE_STYLE_FILL_AREA ( #6482 ) ;
#402 = DIRECTION ( 'NONE',  ( -0.0000000000000000000, 2.699999999999999993E-16, 1.000000000000000000 ) ) ;
#403 = B_SPLINE_SURFACE_WITH_KNOTS ( 'NONE', 2, 1, ( 
 ( #5950, #5362 ),
 ( #344, #1383 ),
 ( #1892, #4155 ) ),
 .UNSPECIFIED., .F., .F., .F.,
 ( 3, 3 ),
 ( 2, 2 ),
 ( 0.0000000000000000000, 1.000000000000000000 ),
 ( 0.0000000000000000000, 1.000000000000000000 ),
 .UNSPECIFIED. ) ;
#404 = ORIENTED_EDGE ( 'NONE', *, *, #244, .T. ) ;
#405 =( NAMED_UNIT ( * ) PLANE_ANGLE_UNIT ( ) SI_UNIT ( $, .RADIAN. ) );
#406 = ORIENTED_EDGE ( 'NONE', *, *, #6903, .F. ) ;
#407 = DIRECTION ( 'NONE',  ( -1.000000000000000000, 0.0000000000000000000, 0.0000000000000000000 ) ) ;
#408 = ORIENTED_EDGE ( 'NONE', *, *, #776, .T. ) ;
#409 = DIRECTION ( 'NONE',  ( 0.0000000000000000000, -1.000000000000000000, -0.0000000000000000000 ) ) ;
#410 = CARTESIAN_POINT ( 'NONE',  ( -0.1497452229300000048, 0.1578980891719999891, 0.001000000000000000021 ) ) ;
#411 = AXIS2_PLACEMENT_3D ( 'NONE', #1278, #3571, #176 ) ;
#412 = EDGE_CURVE ( 'NONE', #4510, #1620, #5590, .T. ) ;
#413 =( LENGTH_UNIT ( ) NAMED_UNIT ( * ) SI_UNIT ( .MILLI., .METRE. ) );
#414 = ORIENTED_EDGE ( 'NONE', *, *, #1464, .T. ) ;
#415 = DIRECTION ( 'NONE',  ( -0.0000000000000000000, -1.200000000000000024E-16, -1.000000000000000000 ) ) ;
#416 = CARTESIAN_POINT ( 'NONE',  ( 1.699999999999999956, 0.8499999999999999778, 0.5250000000000000222 ) ) ;
#417 = PRESENTATION_LAYER_ASSIGNMENT (  '', '', ( #6737 ) ) ;
#418 = CARTESIAN_POINT ( 'NONE',  ( -0.2873248407640000002, -0.4978980891720000690, 0.005000000000000000104 ) ) ;
#419 = EDGE_CURVE ( 'NONE', #1885, #4016, #4305, .T. ) ;
#420 = CARTESIAN_POINT ( 'NONE',  ( 0.03216560509553999941, 0.2507643312100000244, 0.7990000000000000435 ) ) ;
#421 = CARTESIAN_POINT ( 'NONE',  ( 0.4221443744201341386, -0.4435456453835588397, 0.001000000000000000021 ) ) ;
#422 = CARTESIAN_POINT ( 'NONE',  ( 1.699999999999999956, 0.8499999999999999778, 0.5250000000000000222 ) ) ;
#423 = DIRECTION ( 'NONE',  ( -0.0000000000000000000, 2.199999999999999757E-16, 1.000000000000000000 ) ) ;
#424 = ORIENTED_EDGE ( 'NONE', *, *, #2835, .T. ) ;
#425 = PRESENTATION_STYLE_ASSIGNMENT (( #2076 ) ) ;
#426 = EDGE_CURVE ( 'NONE', #5132, #42, #6583, .T. ) ;
#427 = CARTESIAN_POINT ( 'NONE',  ( 0.7338216560510000264, -0.3073248407640000179, 0.001000000000000000021 ) ) ;
#428 = EDGE_CURVE ( 'NONE', #6671, #5393, #1538, .T. ) ;
#429 = ORIENTED_EDGE ( 'NONE', *, *, #6646, .F. ) ;
#430 = ORIENTED_EDGE ( 'NONE', *, *, #5339, .T. ) ;
#431 = SURFACE_STYLE_FILL_AREA ( #1508 ) ;
#432 = SURFACE_STYLE_USAGE ( .BOTH. , #3218 ) ;
#433 = CARTESIAN_POINT ( 'NONE',  ( 0.9386624203819999845, -0.08006369426751999696, 0.0000000000000000000 ) ) ;
#434 = LINE ( 'NONE', #4147, #4432 ) ;
#435 = VERTEX_POINT ( 'NONE', #975 ) ;
#436 = CARTESIAN_POINT ( 'NONE',  ( -0.9020000000000000240, -0.8170000000000000595, 0.7990000000000000435 ) ) ;
#437 = LINE ( 'NONE', #7148, #6198 ) ;
#438 = EDGE_LOOP ( 'NONE', ( #2632, #2914, #164, #2056, #2893, #5786 ) ) ;
#439 = CARTESIAN_POINT ( 'NONE',  ( 0.4612101910829999873, -0.3209554140129999844, 0.7990000000000000435 ) ) ;
#440 = DIRECTION ( 'NONE',  ( -0.0000000000000000000, -1.200000000000000024E-16, -1.000000000000000000 ) ) ;
#441 = ORIENTED_EDGE ( 'NONE', *, *, #6155, .F. ) ;
#442 = DIRECTION ( 'NONE',  ( -0.0000000000000000000, 1.000000000000000000, 0.0000000000000000000 ) ) ;
#443 = DIRECTION ( 'NONE',  ( 0.0000000000000000000, -1.000000000000000000, -0.0000000000000000000 ) ) ;
#444 = FILL_AREA_STYLE ('',( #5916 ) ) ;
#445 = EDGE_CURVE ( 'NONE', #2968, #2581, #1638, .T. ) ;
#446 = DIRECTION ( 'NONE',  ( 1.000000000000000000, 0.0000000000000000000, 0.0000000000000000000 ) ) ;
#447 = STYLED_ITEM ( 'NONE', ( #4596 ), #610 ) ;
#448 = B_SPLINE_SURFACE_WITH_KNOTS ( 'NONE', 2, 1, ( 
 ( #5157, #653 ),
 ( #1732, #583 ),
 ( #6185, #4056 ) ),
 .UNSPECIFIED., .F., .F., .F.,
 ( 3, 3 ),
 ( 2, 2 ),
 ( 0.0000000000000000000, 1.000000000000000000 ),
 ( 0.0000000000000000000, 1.000000000000000000 ),
 .UNSPECIFIED. ) ;
#449 = SURFACE_STYLE_FILL_AREA ( #4955 ) ;
#450 = DIRECTION ( 'NONE',  ( -0.0000000000000000000, -0.0000000000000000000, -1.000000000000000000 ) ) ;
#451 = CARTESIAN_POINT ( 'NONE',  ( 0.7322929936309999777, 0.1594267515920000100, 0.001000000000000000021 ) ) ;
#452 = B_SPLINE_CURVE_WITH_KNOTS ( 'NONE', 3,
 ( #6935, #4691, #1925, #4145 ),
 .UNSPECIFIED., .F., .F.,
 ( 4, 4 ),
 ( 0.0000000000000000000, 1.000000000000000000 ),
 .UNSPECIFIED. ) ;
#453 = CARTESIAN_POINT ( 'NONE',  ( -0.3056687898089999744, -0.2358598726109999988, 0.7990000000000000435 ) ) ;
#454 = ORIENTED_EDGE ( 'NONE', *, *, #4577, .F. ) ;
#455 = CARTESIAN_POINT ( 'NONE',  ( -0.03560509554140001143, -0.3827388535030000205, 0.0000000000000000000 ) ) ;
#456 = PRESENTATION_STYLE_ASSIGNMENT (( #1048 ) ) ;
#457 = B_SPLINE_CURVE_WITH_KNOTS ( 'NONE', 3,
 ( #185, #1366, #767, #728 ),
 .UNSPECIFIED., .F., .F.,
 ( 4, 4 ),
 ( 0.0000000000000000000, 1.000000000000000000 ),
 .UNSPECIFIED. ) ;
#458 = EDGE_CURVE ( 'NONE', #6237, #1913, #3894, .T. ) ;
#459 = SURFACE_STYLE_FILL_AREA ( #3243 ) ;
#460 =( GEOMETRIC_REPRESENTATION_CONTEXT ( 3 ) GLOBAL_UNCERTAINTY_ASSIGNED_CONTEXT ( ( #3687 ) ) GLOBAL_UNIT_ASSIGNED_CONTEXT ( ( #3356, #4966, #1578 ) ) REPRESENTATION_CONTEXT ( 'NONE', 'WORKASPACE' ) );
#461 = CARTESIAN_POINT ( 'NONE',  ( 0.7766241995410717580, -0.2567091243477469531, 0.001000000000000000021 ) ) ;
#462 = CARTESIAN_POINT ( 'NONE',  ( -0.2995541401269999904, 0.3837579617830000345, 0.7950000000000000400 ) ) ;
#463 = EDGE_CURVE ( 'NONE', #2609, #2995, #1644, .T. ) ;
#464 = UNCERTAINTY_MEASURE_WITH_UNIT (LENGTH_MEASURE( 1.000000000000000082E-05 ), #5943, 'distance_accuracy_value', 'NONE');
#465 = ORIENTED_EDGE ( 'NONE', *, *, #3719, .F. ) ;
#466 = VECTOR ( 'NONE', #4724, 1000.000000000000000 ) ;
#467 = EDGE_CURVE ( 'NONE', #6836, #6439, #933, .T. ) ;
#468 = CARTESIAN_POINT ( 'NONE',  ( -0.2944585987260000537, 0.3499999999999999778, 0.0000000000000000000 ) ) ;
#469 = FILL_AREA_STYLE_COLOUR ( '', #5343 ) ;
#470 = COLOUR_RGB ( '',0.8000000000000000444, 0.8000000000000000444, 0.8000000000000000444 ) ;
#471 = CARTESIAN_POINT ( 'NONE',  ( 0.5845222929940000478, -0.3499999999999999778, 0.7990000000000000435 ) ) ;
#472 = VERTEX_POINT ( 'NONE', #2669 ) ;
#473 = SURFACE_SIDE_STYLE ('',( #5416 ) ) ;
#474 = ORIENTED_EDGE ( 'NONE', *, *, #6869, .F. ) ;
#475 = PLANE ( 'NONE',  #5334 ) ;
#476 = CARTESIAN_POINT ( 'NONE',  ( 0.7322929936309999777, -0.1594267515920000100, 0.8000000000000000444 ) ) ;
#477 = EDGE_CURVE ( 'NONE', #6490, #2314, #1894, .T. ) ;
#478 = AXIS2_PLACEMENT_3D ( 'NONE', #6093, #423, #4958 ) ;
#479 = CARTESIAN_POINT ( 'NONE',  ( -0.9250000000000000444, 0.8170000000000000595, 0.7990000000000000435 ) ) ;
#480 = VECTOR ( 'NONE', #1792, 1000.000000000000000 ) ;
#481 = CARTESIAN_POINT ( 'NONE',  ( -0.08401273885349999637, -0.07445859872611000629, 0.0000000000000000000 ) ) ;
#482 = ORIENTED_EDGE ( 'NONE', *, *, #1598, .T. ) ;
#483 = CARTESIAN_POINT ( 'NONE',  ( -0.04681528662420003650, -0.2363694267520000392, 0.8000000000000000444 ) ) ;
#484 = CARTESIAN_POINT ( 'NONE',  ( -0.6475796178339999765, -0.7914012738850000339, 0.005000000000000000104 ) ) ;
#485 = CARTESIAN_POINT ( 'NONE',  ( -0.5100000000000000089, 0.7914012738850000339, 0.7950000000000000400 ) ) ;
#486 = VECTOR ( 'NONE', #2548, 1000.000000000000000 ) ;
#487 = STYLED_ITEM ( 'NONE', ( #3699 ), #3528 ) ;
#488 = SURFACE_STYLE_USAGE ( .BOTH. , #1036 ) ;
#489 = DIRECTION ( 'NONE',  ( 1.000000000000000000, 0.0000000000000000000, 0.0000000000000000000 ) ) ;
#490 = CARTESIAN_POINT ( 'NONE',  ( 0.05662420382166000882, 0.08617834394904000384, 0.7990000000000000435 ) ) ;
#491 = CARTESIAN_POINT ( 'NONE',  ( 0.7980254777070000527, 0.02898089171974332912, 0.0000000000000000000 ) ) ;
#492 = PRESENTATION_STYLE_ASSIGNMENT (( #5547 ) ) ;
#493 = LINE ( 'NONE', #6134, #954 ) ;
#494 = FILL_AREA_STYLE ('',( #940 ) ) ;
#495 = CARTESIAN_POINT ( 'NONE',  ( -0.3797239915076666694, -0.2358598726110000265, 0.8000000000000000444 ) ) ;
#496 = CARTESIAN_POINT ( 'NONE',  ( 0.05662420382166000188, -0.08617834394904000384, 0.0009999999999999998040 ) ) ;
#497 = LINE ( 'NONE', #2735, #3481 ) ;
#498 = EDGE_CURVE ( 'NONE', #6237, #6592, #7173, .T. ) ;
#499 = VERTEX_POINT ( 'NONE', #6138 ) ;
#500 = LINE ( 'NONE', #3143, #2509 ) ;
#501 = SURFACE_STYLE_FILL_AREA ( #6004 ) ;
#502 = CARTESIAN_POINT ( 'NONE',  ( -0.2944585987260000537, 0.3499999999999999223, 0.0000000000000000000 ) ) ;
#503 = EDGE_CURVE ( 'NONE', #7175, #1103, #532, .T. ) ;
#504 = PRESENTATION_STYLE_ASSIGNMENT (( #984 ) ) ;
#505 = FILL_AREA_STYLE_COLOUR ( '', #678 ) ;
#506 = ORIENTED_EDGE ( 'NONE', *, *, #3938, .F. ) ;
#507 = ADVANCED_FACE ( 'NONE', ( #4345 ), #4647, .T. ) ;
#508 =( NAMED_UNIT ( * ) PLANE_ANGLE_UNIT ( ) SI_UNIT ( $, .RADIAN. ) );
#509 = LINE ( 'NONE', #4284, #1535 ) ;
#510 = ORIENTED_EDGE ( 'NONE', *, *, #426, .T. ) ;
#511 = CARTESIAN_POINT ( 'NONE',  ( -1.199999999999999956, 0.0000000000000000000, 0.02500000000000000139 ) ) ;
#512 = ORIENTED_EDGE ( 'NONE', *, *, #6637, .T. ) ;
#513 =( LENGTH_UNIT ( ) NAMED_UNIT ( * ) SI_UNIT ( .MILLI., .METRE. ) );
#514 = DIRECTION ( 'NONE',  ( 0.0000000000000000000, -2.699999999999999993E-16, -1.000000000000000000 ) ) ;
#515 = EDGE_CURVE ( 'NONE', #5869, #682, #4965, .T. ) ;
#516 = STYLED_ITEM ( 'NONE', ( #1699 ), #5976 ) ;
#517 = ADVANCED_FACE ( 'NONE', ( #1128 ), #4925, .T. ) ;
#518 =( LENGTH_UNIT ( ) NAMED_UNIT ( * ) SI_UNIT ( .MILLI., .METRE. ) );
#519 =( NAMED_UNIT ( * ) PLANE_ANGLE_UNIT ( ) SI_UNIT ( $, .RADIAN. ) );
#520 = ORIENTED_EDGE ( 'NONE', *, *, #2097, .F. ) ;
#521 = CARTESIAN_POINT ( 'NONE',  ( 0.9386624203819999845, 0.08006369426751999696, 0.7990000000000000435 ) ) ;
#522 = FACE_OUTER_BOUND ( 'NONE', #3686, .T. ) ;
#523 = DIRECTION ( 'NONE',  ( 1.000000000000000000, 0.0000000000000000000, 0.0000000000000000000 ) ) ;
#524 = ORIENTED_EDGE ( 'NONE', *, *, #60, .T. ) ;
#525 = DIRECTION ( 'NONE',  ( 0.0000000000000000000, 1.200000000000000024E-16, 1.000000000000000000 ) ) ;
#526 = VECTOR ( 'NONE', #442, 1000.000000000000000 ) ;
#527 = CARTESIAN_POINT ( 'NONE',  ( -0.5100000000000000089, 0.7914012738850000339, 0.8000000000000000444 ) ) ;
#528 = ORIENTED_EDGE ( 'NONE', *, *, #1546, .F. ) ;
#529 = CARTESIAN_POINT ( 'NONE',  ( -0.5212101910830000406, -0.08006369426751999696, 0.005000000000000000104 ) ) ;
#530 = DIRECTION ( 'NONE',  ( 0.0000000000000000000, 0.0000000000000000000, -1.000000000000000000 ) ) ;
#531 = VECTOR ( 'NONE', #6054, 1000.000000000000000 ) ;
#532 = LINE ( 'NONE', #1052, #7001 ) ;
#533 =( NAMED_UNIT ( * ) PLANE_ANGLE_UNIT ( ) SI_UNIT ( $, .RADIAN. ) );
#534 = ORIENTED_EDGE ( 'NONE', *, *, #2847, .T. ) ;
#535 = PLANE ( 'NONE',  #4687 ) ;
#536 = FILL_AREA_STYLE_COLOUR ( '', #4281 ) ;
#537 = FILL_AREA_STYLE_COLOUR ( '', #3314 ) ;
#538 = CARTESIAN_POINT ( 'NONE',  ( -0.1471974522289999920, 0.3083439490450000098, 0.7990000000000000435 ) ) ;
#539 = EDGE_CURVE ( 'NONE', #6439, #1158, #4245, .T. ) ;
#540 = CARTESIAN_POINT ( 'NONE',  ( 0.5386624213347637191, -0.3499999980642617969, 0.7990000000000000435 ) ) ;
#541 = ORIENTED_EDGE ( 'NONE', *, *, #735, .F. ) ;
#542 = SURFACE_STYLE_FILL_AREA ( #4429 ) ;
#543 = CARTESIAN_POINT ( 'NONE',  ( 1.699999999999999956, 0.8499999999999999778, 0.1250000000000000000 ) ) ;
#544 = ORIENTED_EDGE ( 'NONE', *, *, #3991, .T. ) ;
#545 = CARTESIAN_POINT ( 'NONE',  ( 0.4036305732480000019, 0.4326751592359999732, 0.7990000000000000435 ) ) ;
#546 = ORIENTED_EDGE ( 'NONE', *, *, #5292, .T. ) ;
#547 = VECTOR ( 'NONE', #1503, 1000.000000000000000 ) ;
#548 = EDGE_CURVE ( 'NONE', #4363, #3280, #4489, .T. ) ;
#549 = CARTESIAN_POINT ( 'NONE',  ( -0.1979830148620000119, -0.3499999999999999223, 0.8000000000000000444 ) ) ;
#550 = CARTESIAN_POINT ( 'NONE',  ( 1.699999999999999956, 0.8499999999999999778, 0.0000000000000000000 ) ) ;
#551 = LINE ( 'NONE', #4611, #2805 ) ;
#552 = VERTEX_POINT ( 'NONE', #5140 ) ;
#553 =( NAMED_UNIT ( * ) SI_UNIT ( $, .STERADIAN. ) SOLID_ANGLE_UNIT ( ) );
#554 = CARTESIAN_POINT ( 'NONE',  ( 1.699999999999999956, -0.8499999999999999778, 0.5250000000000000222 ) ) ;
#555 = EDGE_CURVE ( 'NONE', #363, #49, #1459, .T. ) ;
#556 = DIRECTION ( 'NONE',  ( 0.0000000000000000000, -1.000000000000000000, 0.0000000000000000000 ) ) ;
#557 = EDGE_CURVE ( 'NONE', #1981, #4974, #5073, .T. ) ;
#558 = CARTESIAN_POINT ( 'NONE',  ( -1.699999999999999956, 0.8499999999999999778, 0.6750000000000000444 ) ) ;
#559 = PLANE ( 'NONE',  #2069 ) ;
#560 = CARTESIAN_POINT ( 'NONE',  ( -0.3056687898089999744, 0.2358598726109999988, 0.0000000000000000000 ) ) ;
#561 = ORIENTED_EDGE ( 'NONE', *, *, #2205, .T. ) ;
#562 = DIRECTION ( 'NONE',  ( -0.0000000000000000000, 1.000000000000000000, 0.0000000000000000000 ) ) ;
#563 = CARTESIAN_POINT ( 'NONE',  ( 1.199999999999999956, 0.8489999999999999769, 0.1250000000000000000 ) ) ;
#564 = ORIENTED_EDGE ( 'NONE', *, *, #4040, .T. ) ;
#565 = CARTESIAN_POINT ( 'NONE',  ( -0.5196815286620000141, -0.3499999999999999778, 0.7950000000000000400 ) ) ;
#566 = COLOUR_RGB ( '',0.0000000000000000000, 0.7843137254901960675, 0.4980392156862745168 ) ;
#567 = DIRECTION ( 'NONE',  ( -0.0000000000000000000, -1.000000000000000000, -0.0000000000000000000 ) ) ;
#568 = LINE ( 'NONE', #5552, #1793 ) ;
#569 = VECTOR ( 'NONE', #718, 1000.000000000000000 ) ;
#570 = CARTESIAN_POINT ( 'NONE',  ( -0.04681528662420000875, -0.2363694267520000392, 0.7990000000000000435 ) ) ;
#571 = VERTEX_POINT ( 'NONE', #4629 ) ;
#572 = DIRECTION ( 'NONE',  ( -0.0000000000000000000, -1.000000000000000000, -0.0000000000000000000 ) ) ;
#573 = VECTOR ( 'NONE', #1208, 1000.000000000000000 ) ;
#574 = DIRECTION ( 'NONE',  ( 1.000000000000000000, -0.0000000000000000000, 0.0000000000000000000 ) ) ;
#575 = FILL_AREA_STYLE_COLOUR ( '', #4867 ) ;
#576 = CARTESIAN_POINT ( 'NONE',  ( 0.7322929936309999777, 0.1594267515920000100, 0.0000000000000000000 ) ) ;
#577 = ORIENTED_EDGE ( 'NONE', *, *, #2543, .F. ) ;
#578 = AXIS2_PLACEMENT_3D ( 'NONE', #48, #1154, #3923 ) ;
#579 = FILL_AREA_STYLE ('',( #1308 ) ) ;
#580 = EDGE_LOOP ( 'NONE', ( #6019, #3933, #3752, #6225, #2176, #5257, #3480, #1612, #1280, #3519, #6292, #3997, #4626, #3971, #5440 ) ) ;
#581 = CARTESIAN_POINT ( 'NONE',  ( 0.3582802589888622324, -0.03645434704050488223, 0.7990000000000000435 ) ) ;
#582 = ORIENTED_EDGE ( 'NONE', *, *, #4314, .T. ) ;
#583 = CARTESIAN_POINT ( 'NONE',  ( 0.6986624203819999934, -0.4978980891720000690, 0.0009999999999999998040 ) ) ;
#584 = CARTESIAN_POINT ( 'NONE',  ( 0.8639278104808023606, 0.2107218652375792700, 0.001000000000000000021 ) ) ;
#585 = CARTESIAN_POINT ( 'NONE',  ( 0.9386624203819999845, -0.08006369426751999696, 0.0009999999999999998040 ) ) ;
#586 = PRESENTATION_STYLE_ASSIGNMENT (( #3342 ) ) ;
#587 = ORIENTED_EDGE ( 'NONE', *, *, #4614, .T. ) ;
#588 = UNCERTAINTY_MEASURE_WITH_UNIT (LENGTH_MEASURE( 1.000000000000000082E-05 ), #2189, 'distance_accuracy_value', 'NONE');
#589 = EDGE_CURVE ( 'NONE', #6938, #1866, #2240, .T. ) ;
#590 = COLOUR_RGB ( '',0.8000000000000000444, 0.8000000000000000444, 0.8000000000000000444 ) ;
#591 = CARTESIAN_POINT ( 'NONE',  ( 0.7980254777070000527, 0.07802547770701000196, 0.7990000000000000435 ) ) ;
#592 = DIRECTION ( 'NONE',  ( -0.0000000000000000000, -1.000000000000000000, -0.0000000000000000000 ) ) ;
#593 = CARTESIAN_POINT ( 'NONE',  ( 0.6670700636940000150, -0.2358598726109999988, 0.8000000000000000444 ) ) ;
#594 = CARTESIAN_POINT ( 'NONE',  ( 0.6701273885349999793, 0.3837579617830000345, 0.8000000000000000444 ) ) ;
#595 = VECTOR ( 'NONE', #5855, 1000.000000000000000 ) ;
#596 = EDGE_CURVE ( 'NONE', #638, #3973, #6169, .T. ) ;
#597 = CARTESIAN_POINT ( 'NONE',  ( 1.199999999999999956, -0.8499999999999999778, 0.0000000000000000000 ) ) ;
#598 = ORIENTED_EDGE ( 'NONE', *, *, #6788, .T. ) ;
#599 = EDGE_CURVE ( 'NONE', #4789, #5470, #3390, .T. ) ;
#600 = CARTESIAN_POINT ( 'NONE',  ( 0.3582802547769999846, 0.08808917197452000025, 0.0000000000000000000 ) ) ;
#601 = CARTESIAN_POINT ( 'NONE',  ( 0.3592993630569999985, 0.3674522292990000105, 0.7990000000000000435 ) ) ;
#602 = ORIENTED_EDGE ( 'NONE', *, *, #2119, .F. ) ;
#603 = PRESENTATION_LAYER_ASSIGNMENT (  '', '', ( #709 ) ) ;
#604 = VECTOR ( 'NONE', #4251, 1000.000000000000000 ) ;
#605 = FILL_AREA_STYLE_COLOUR ( '', #4939 ) ;
#606 = CARTESIAN_POINT ( 'NONE',  ( 0.3715286624200000443, -0.2465605095540000236, 0.7990000000000000435 ) ) ;
#607 = DIRECTION ( 'NONE',  ( 1.000000000000000000, 0.0000000000000000000, 0.0000000000000000000 ) ) ;
#608 = ORIENTED_EDGE ( 'NONE', *, *, #5466, .F. ) ;
#609 = MECHANICAL_DESIGN_GEOMETRIC_PRESENTATION_REPRESENTATION (  '', ( #6927 ), #5052 ) ;
#610 = ADVANCED_FACE ( 'NONE', ( #2295 ), #6868, .T. ) ;
#611 = VERTEX_POINT ( 'NONE', #5774 ) ;
#612 = DIRECTION ( 'NONE',  ( 0.0000000000000000000, -0.0000000000000000000, -1.000000000000000000 ) ) ;
#613 = LINE ( 'NONE', #2300, #3566 ) ;
#614 = DIRECTION ( 'NONE',  ( 0.0000000000000000000, 0.0000000000000000000, -1.000000000000000000 ) ) ;
#615 = DIRECTION ( 'NONE',  ( -1.000000000000000000, 8.881784197001252323E-16, 0.0000000000000000000 ) ) ;
#616 = ORIENTED_EDGE ( 'NONE', *, *, #4593, .F. ) ;
#617 = CARTESIAN_POINT ( 'NONE',  ( -0.1497452229300000048, -0.3499999999999999778, 0.8000000000000000444 ) ) ;
#618 = EDGE_LOOP ( 'NONE', ( #2327, #5265, #1747, #1800, #4503, #36, #1387, #3572, #1761, #6348, #4022, #5736, #5107 ) ) ;
#619 = ORIENTED_EDGE ( 'NONE', *, *, #4831, .T. ) ;
#620 = PLANE ( 'NONE',  #6953 ) ;
#621 = EDGE_LOOP ( 'NONE', ( #6992, #1435, #4929, #2275 ) ) ;
#622 =( NAMED_UNIT ( * ) PLANE_ANGLE_UNIT ( ) SI_UNIT ( $, .RADIAN. ) );
#623 = CARTESIAN_POINT ( 'NONE',  ( 0.1375000000000000111, -3.000000000000000061E-17, 0.7990000000000000435 ) ) ;
#624 = CARTESIAN_POINT ( 'NONE',  ( 0.5753503184710000440, -0.2358598726109999988, 0.7950000000000000400 ) ) ;
#625 = CARTESIAN_POINT ( 'NONE',  ( 0.02214436677706960871, 0.1602760022075434554, 0.001000000000000000021 ) ) ;
#626 = VECTOR ( 'NONE', #117, 1000.000000000000000 ) ;
#627 = ADVANCED_FACE ( 'NONE', ( #3706 ), #3530, .T. ) ;
#628 =( NAMED_UNIT ( * ) PLANE_ANGLE_UNIT ( ) SI_UNIT ( $, .RADIAN. ) );
#629 = ORIENTED_EDGE ( 'NONE', *, *, #6030, .F. ) ;
#630 = CARTESIAN_POINT ( 'NONE',  ( -0.4814649681529999392, 0.1298726114650000096, 0.001000000000000000021 ) ) ;
#631 = ORIENTED_EDGE ( 'NONE', *, *, #64, .T. ) ;
#632 = VECTOR ( 'NONE', #7261, 1000.000000000000000 ) ;
#633 = CARTESIAN_POINT ( 'NONE',  ( 0.7781528662419999742, 0.4443949044590000397, 0.8000000000000000444 ) ) ;
#634 = LINE ( 'NONE', #4038, #29 ) ;
#635 = STYLED_ITEM ( 'NONE', ( #1008 ), #6317 ) ;
#636 = SURFACE_SIDE_STYLE ('',( #4524 ) ) ;
#637 = ORIENTED_EDGE ( 'NONE', *, *, #5121, .F. ) ;
#638 = VERTEX_POINT ( 'NONE', #309 ) ;
#639 = DIRECTION ( 'NONE',  ( 0.0000000000000000000, -0.0000000000000000000, 1.000000000000000000 ) ) ;
#640 = LINE ( 'NONE', #3974, #383 ) ;
#641 = EDGE_CURVE ( 'NONE', #1055, #5612, #4766, .T. ) ;
#642 = VECTOR ( 'NONE', #4834, 1000.000000000000000 ) ;
#643 = CARTESIAN_POINT ( 'NONE',  ( -0.9250000000000002665, 0.8400000000000001910, 0.7760000000000000231 ) ) ;
#644 = EDGE_CURVE ( 'NONE', #3464, #1742, #7020, .T. ) ;
#645 = CARTESIAN_POINT ( 'NONE',  ( 0.6701273885349999793, -0.3837579617830000345, 0.0000000000000000000 ) ) ;
#646 = AXIS2_PLACEMENT_3D ( 'NONE', #2457, #3656, #6291 ) ;
#647 = ORIENTED_EDGE ( 'NONE', *, *, #419, .T. ) ;
#648 = B_SPLINE_CURVE_WITH_KNOTS ( 'NONE', 3,
 ( #853, #6975, #4063, #775 ),
 .UNSPECIFIED., .F., .F.,
 ( 4, 4 ),
 ( 0.0000000000000000000, 1.000000000000000000 ),
 .UNSPECIFIED. ) ;
#649 = FILL_AREA_STYLE_COLOUR ( '', #3903 ) ;
#650 = VERTEX_POINT ( 'NONE', #5253 ) ;
#651 = CARTESIAN_POINT ( 'NONE',  ( 0.3592993630569999985, 0.3674522292990000105, 0.7990000000000000435 ) ) ;
#652 = ORIENTED_EDGE ( 'NONE', *, *, #5437, .F. ) ;
#653 = CARTESIAN_POINT ( 'NONE',  ( 0.5947133757960000322, -0.4978980891720000690, 0.0009999999999999998040 ) ) ;
#654 = ORIENTED_EDGE ( 'NONE', *, *, #6462, .T. ) ;
#655 = VECTOR ( 'NONE', #871, 1000.000000000000000 ) ;
#656 = CARTESIAN_POINT ( 'NONE',  ( 0.9386624203819999845, 0.04426751592356999859, 0.0000000000000000000 ) ) ;
#657 = SURFACE_STYLE_FILL_AREA ( #2244 ) ;
#658 = ORIENTED_EDGE ( 'NONE', *, *, #1422, .F. ) ;
#659 = UNCERTAINTY_MEASURE_WITH_UNIT (LENGTH_MEASURE( 1.000000000000000082E-05 ), #1725, 'distance_accuracy_value', 'NONE');
#660 = LINE ( 'NONE', #2935, #135 ) ;
#661 = CARTESIAN_POINT ( 'NONE',  ( -0.6475796178339999765, 0.3499999999999999778, 0.0009999999999999998040 ) ) ;
#662 = B_SPLINE_CURVE_WITH_KNOTS ( 'NONE', 3,
 ( #6059, #3738, #5502, #3203 ),
 .UNSPECIFIED., .F., .F.,
 ( 4, 4 ),
 ( 0.0000000000000000000, 1.000000000000000000 ),
 .UNSPECIFIED. ) ;
#663 = B_SPLINE_CURVE_WITH_KNOTS ( 'NONE', 3,
 ( #7178, #5874, #3125, #7219 ),
 .UNSPECIFIED., .F., .F.,
 ( 4, 4 ),
 ( 0.0000000000000000000, 1.000000000000000000 ),
 .UNSPECIFIED. ) ;
#664 = CARTESIAN_POINT ( 'NONE',  ( -1.449999999999999956, 0.8490000000000000879, 0.4000000000000000222 ) ) ;
#665 = ORIENTED_EDGE ( 'NONE', *, *, #4583, .T. ) ;
#666 = CARTESIAN_POINT ( 'NONE',  ( 0.3582802547769999846, 0.08808917197452000025, 0.0009999999999999998040 ) ) ;
#667 = VERTEX_POINT ( 'NONE', #276 ) ;
#668 = LINE ( 'NONE', #6171, #1190 ) ;
#669 = CARTESIAN_POINT ( 'NONE',  ( -0.4116560493257614972, 0.3577706954389886507, 0.7990000000000000435 ) ) ;
#670 =( NAMED_UNIT ( * ) SI_UNIT ( $, .STERADIAN. ) SOLID_ANGLE_UNIT ( ) );
#671 = VERTEX_POINT ( 'NONE', #1936 ) ;
#672 = VECTOR ( 'NONE', #2701, 1000.000000000000000 ) ;
#673 = VERTEX_POINT ( 'NONE', #1970 ) ;
#674 = FACE_OUTER_BOUND ( 'NONE', #3602, .T. ) ;
#675 = EDGE_CURVE ( 'NONE', #2776, #5740, #2438, .T. ) ;
#676 = CARTESIAN_POINT ( 'NONE',  ( -0.5212101910830000406, 0.08006369426751999696, 0.7950000000000000400 ) ) ;
#677 = CARTESIAN_POINT ( 'NONE',  ( -1.223999999999999977, -0.8499999999999999778, 0.7760000000000000231 ) ) ;
#678 = COLOUR_RGB ( '',0.7372549019607843590, 0.6039215686274509443, 0.0000000000000000000 ) ;
#679 = FILL_AREA_STYLE_COLOUR ( '', #4409 ) ;
#680 = EDGE_CURVE ( 'NONE', #2197, #1340, #2155, .T. ) ;
#681 = DIRECTION ( 'NONE',  ( 0.0000000000000000000, -2.699999999999999993E-16, -1.000000000000000000 ) ) ;
#682 = VERTEX_POINT ( 'NONE', #6943 ) ;
#683 = CARTESIAN_POINT ( 'NONE',  ( 0.5947133757960000322, 0.4978980891720000690, 0.8000000000000000444 ) ) ;
#684 = ORIENTED_EDGE ( 'NONE', *, *, #5254, .F. ) ;
#685 = EDGE_CURVE ( 'NONE', #435, #7100, #2038, .T. ) ;
#686 = LINE ( 'NONE', #6151, #6748 ) ;
#687 = ORIENTED_EDGE ( 'NONE', *, *, #5310, .F. ) ;
#688 = CARTESIAN_POINT ( 'NONE',  ( -0.006730362191217296487, 0.3463906566455125513, 0.7990000000000000435 ) ) ;
#689 =( GEOMETRIC_REPRESENTATION_CONTEXT ( 3 ) GLOBAL_UNCERTAINTY_ASSIGNED_CONTEXT ( ( #1183 ) ) GLOBAL_UNIT_ASSIGNED_CONTEXT ( ( #2797, #3238, #1042 ) ) REPRESENTATION_CONTEXT ( 'NONE', 'WORKASPACE' ) );
#690 = VERTEX_POINT ( 'NONE', #1419 ) ;
#691 = ADVANCED_FACE ( 'NONE', ( #862 ), #403, .T. ) ;
#692 = DIRECTION ( 'NONE',  ( -1.000000000000000000, 0.0000000000000000000, -0.0000000000000000000 ) ) ;
#693 = CARTESIAN_POINT ( 'NONE',  ( -1.449999999999999956, -0.8490000000000000879, 0.2750000000000000222 ) ) ;
#694 = MECHANICAL_DESIGN_GEOMETRIC_PRESENTATION_REPRESENTATION (  '', ( #124 ), #6437 ) ;
#695 = FACE_OUTER_BOUND ( 'NONE', #4977, .T. ) ;
#696 = CARTESIAN_POINT ( 'NONE',  ( -0.03560509554139999755, 0.3827388535030000205, 0.8000000000000000444 ) ) ;
#697 =( NAMED_UNIT ( * ) PLANE_ANGLE_UNIT ( ) SI_UNIT ( $, .RADIAN. ) );
#698 = PRESENTATION_LAYER_ASSIGNMENT (  '', '', ( #5271 ) ) ;
#699 = LINE ( 'NONE', #664, #5133 ) ;
#700 = ORIENTED_EDGE ( 'NONE', *, *, #685, .F. ) ;
#701 = CARTESIAN_POINT ( 'NONE',  ( 1.699999999999999956, 0.5500000000000000444, 0.2750000000000000222 ) ) ;
#702 = CARTESIAN_POINT ( 'NONE',  ( -0.2873248407640000002, 0.4978980891720000690, 0.7990000000000000435 ) ) ;
#703 = ORIENTED_EDGE ( 'NONE', *, *, #1824, .F. ) ;
#704 = VECTOR ( 'NONE', #6843, 1000.000000000000000 ) ;
#705 = FILL_AREA_STYLE_COLOUR ( '', #4237 ) ;
#706 = DIRECTION ( 'NONE',  ( 0.0000000000000000000, 0.0000000000000000000, -1.000000000000000000 ) ) ;
#707 = ORIENTED_EDGE ( 'NONE', *, *, #4491, .T. ) ;
#708 = CARTESIAN_POINT ( 'NONE',  ( -0.1456687898089999988, -0.4678343949039999727, 0.0000000000000000000 ) ) ;
#709 = STYLED_ITEM ( 'NONE', ( #5137 ), #4366 ) ;
#710 = PRESENTATION_LAYER_ASSIGNMENT (  '', '', ( #5391 ) ) ;
#711 = VERTEX_POINT ( 'NONE', #1343 ) ;
#712 = LINE ( 'NONE', #4703, #704 ) ;
#713 = CARTESIAN_POINT ( 'NONE',  ( -0.5212101910830000406, -0.06515923566879000539, 0.8000000000000000444 ) ) ;
#714 = VECTOR ( 'NONE', #6449, 1000.000000000000000 ) ;
#715 = PRESENTATION_LAYER_ASSIGNMENT (  '', '', ( #487 ) ) ;
#716 = EDGE_CURVE ( 'NONE', #6418, #4510, #3099, .T. ) ;
#717 =( LENGTH_UNIT ( ) NAMED_UNIT ( * ) SI_UNIT ( .MILLI., .METRE. ) );
#718 = DIRECTION ( 'NONE',  ( 0.0000000000000000000, 0.0000000000000000000, 1.000000000000000000 ) ) ;
#719 = ORIENTED_EDGE ( 'NONE', *, *, #6148, .T. ) ;
#720 = FILL_AREA_STYLE_COLOUR ( '', #2635 ) ;
#721 = VERTEX_POINT ( 'NONE', #2477 ) ;
#722 = PRESENTATION_LAYER_ASSIGNMENT (  '', '', ( #5998 ) ) ;
#723 = VECTOR ( 'NONE', #6885, 1000.000000000000000 ) ;
#724 = ORIENTED_EDGE ( 'NONE', *, *, #2171, .F. ) ;
#725 = EDGE_CURVE ( 'NONE', #3006, #4889, #3675, .T. ) ;
#726 = EDGE_LOOP ( 'NONE', ( #629, #465, #195, #1217, #1325, #7000, #4676, #4745 ) ) ;
#727 = SURFACE_SIDE_STYLE ('',( #1838 ) ) ;
#728 = CARTESIAN_POINT ( 'NONE',  ( 0.7638853503180000892, -0.2970063694269999832, 0.7990000000000000435 ) ) ;
#729 = ORIENTED_EDGE ( 'NONE', *, *, #2620, .F. ) ;
#730 = DIRECTION ( 'NONE',  ( 0.0000000000000000000, 2.199999999999999757E-16, 1.000000000000000000 ) ) ;
#731 = CARTESIAN_POINT ( 'NONE',  ( 0.5753503184710000440, 0.2358598726109999988, 0.0000000000000000000 ) ) ;
#732 = CARTESIAN_POINT ( 'NONE',  ( 0.5814649681529999725, -0.3837579617830000345, 0.0000000000000000000 ) ) ;
#733 = EDGE_CURVE ( 'NONE', #2999, #183, #1494, .T. ) ;
#734 = LINE ( 'NONE', #4721, #1926 ) ;
#735 = EDGE_CURVE ( 'NONE', #5674, #1856, #2676, .T. ) ;
#736 = B_SPLINE_CURVE_WITH_KNOTS ( 'NONE', 3,
 ( #332, #1097, #7006, #4934 ),
 .UNSPECIFIED., .F., .F.,
 ( 4, 4 ),
 ( 0.0000000000000000000, 1.000000000000000000 ),
 .UNSPECIFIED. ) ;
#737 =( NAMED_UNIT ( * ) PLANE_ANGLE_UNIT ( ) SI_UNIT ( $, .RADIAN. ) );
#738 = CARTESIAN_POINT ( 'NONE',  ( -0.2103821656050000044, -0.3837579617830000345, 0.0009999999999999998040 ) ) ;
#739 = EDGE_LOOP ( 'NONE', ( #5115, #3452, #4393, #729 ) ) ;
#740 = CARTESIAN_POINT ( 'NONE',  ( 1.199999999999999956, 0.8499999999999999778, 0.0000000000000000000 ) ) ;
#741 = LINE ( 'NONE', #5068, #1883 ) ;
#742 = B_SPLINE_CURVE_WITH_KNOTS ( 'NONE', 3,
 ( #4238, #1431, #6474, #3820 ),
 .UNSPECIFIED., .F., .F.,
 ( 4, 4 ),
 ( 0.0000000000000000000, 1.000000000000000000 ),
 .UNSPECIFIED. ) ;
#743 = EDGE_LOOP ( 'NONE', ( #4428, #224, #4646, #6394 ) ) ;
#744 = CARTESIAN_POINT ( 'NONE',  ( 1.699999999999999956, 0.8499999999999999778, 0.0000000000000000000 ) ) ;
#745 = CARTESIAN_POINT ( 'NONE',  ( 0.5152229299363333404, -0.2358598726109999988, 0.8000000000000000444 ) ) ;
#746 = ORIENTED_EDGE ( 'NONE', *, *, #6156, .F. ) ;
#747 = LINE ( 'NONE', #2993, #1752 ) ;
#748 = VECTOR ( 'NONE', #3188, 1000.000000000000000 ) ;
#749 = CARTESIAN_POINT ( 'NONE',  ( -0.3056687898089999189, -0.2358598726109999988, 0.7990000000000000435 ) ) ;
#750 = UNCERTAINTY_MEASURE_WITH_UNIT (LENGTH_MEASURE( 1.000000000000000082E-05 ), #6023, 'distance_accuracy_value', 'NONE');
#751 = EDGE_LOOP ( 'NONE', ( #7149, #2745, #2498, #2003 ) ) ;
#752 = CARTESIAN_POINT ( 'NONE',  ( 0.6913588093751239505, -0.3582802496825130412, 0.001000000000000000021 ) ) ;
#753 =( LENGTH_UNIT ( ) NAMED_UNIT ( * ) SI_UNIT ( .MILLI., .METRE. ) );
#754 = CARTESIAN_POINT ( 'NONE',  ( 0.7781528662419999742, -0.4443949044590000397, 0.0000000000000000000 ) ) ;
#755 = SURFACE_STYLE_USAGE ( .BOTH. , #6322 ) ;
#756 = SURFACE_STYLE_USAGE ( .BOTH. , #2452 ) ;
#757 = ORIENTED_EDGE ( 'NONE', *, *, #6589, .T. ) ;
#758 = CARTESIAN_POINT ( 'NONE',  ( 0.6888110403396666692, -0.2103821656046666599, 0.8000000000000000444 ) ) ;
#759 = ORIENTED_EDGE ( 'NONE', *, *, #821, .T. ) ;
#760 = CARTESIAN_POINT ( 'NONE',  ( 0.4260509554140000099, -0.3027388535030000605, 0.0000000000000000000 ) ) ;
#761 = ORIENTED_EDGE ( 'NONE', *, *, #5843, .T. ) ;
#762 = CARTESIAN_POINT ( 'NONE',  ( 0.3582802547769999846, 0.06681528662419999876, 0.7990000000000000435 ) ) ;
#763 = EDGE_CURVE ( 'NONE', #3833, #6000, #2991, .T. ) ;
#764 = MECHANICAL_DESIGN_GEOMETRIC_PRESENTATION_REPRESENTATION (  '', ( #4390 ), #2760 ) ;
#765 = EDGE_LOOP ( 'NONE', ( #4605, #4087, #3619 ) ) ;
#766 = CARTESIAN_POINT ( 'NONE',  ( -1.699000000000000288, -0.6999999999999999556, 0.5999999999999999778 ) ) ;
#767 = CARTESIAN_POINT ( 'NONE',  ( 0.7071549887769754683, -0.3323354529411548519, 0.7990000000000000435 ) ) ;
#768 = ORIENTED_EDGE ( 'NONE', *, *, #77, .T. ) ;
#769 = LINE ( 'NONE', #5799, #5327 ) ;
#770 = PLANE ( 'NONE',  #2713 ) ;
#771 = EDGE_CURVE ( 'NONE', #4016, #6745, #4699, .T. ) ;
#772 = DIRECTION ( 'NONE',  ( 0.0000000000000000000, 1.000000000000000000, 0.0000000000000000000 ) ) ;
#773 = SURFACE_STYLE_FILL_AREA ( #1258 ) ;
#774 = VECTOR ( 'NONE', #1615, 1000.000000000000000 ) ;
#775 = CARTESIAN_POINT ( 'NONE',  ( 0.5947133757960000322, -0.4978980891720000690, 0.0009999999999999998040 ) ) ;
#776 = EDGE_CURVE ( 'NONE', #1848, #6696, #785, .T. ) ;
#777 = FILL_AREA_STYLE ('',( #815 ) ) ;
#778 = ORIENTED_EDGE ( 'NONE', *, *, #539, .T. ) ;
#779 = CARTESIAN_POINT ( 'NONE',  ( 0.9250743072614914242, 0.2286836505476073644, 0.7990000000000000435 ) ) ;
#780 = CARTESIAN_POINT ( 'NONE',  ( -0.2944585987260000537, 0.3499999999999999778, 0.0000000000000000000 ) ) ;
#781 = ORIENTED_EDGE ( 'NONE', *, *, #4184, .F. ) ;
#782 = EDGE_CURVE ( 'NONE', #1787, #1953, #4836, .T. ) ;
#783 =( LENGTH_UNIT ( ) NAMED_UNIT ( * ) SI_UNIT ( .MILLI., .METRE. ) );
#784 = DIRECTION ( 'NONE',  ( 0.0000000000000000000, 0.0000000000000000000, -1.000000000000000000 ) ) ;
#785 = LINE ( 'NONE', #3027, #98 ) ;
#786 = ORIENTED_EDGE ( 'NONE', *, *, #6247, .T. ) ;
#787 =( NAMED_UNIT ( * ) SI_UNIT ( $, .STERADIAN. ) SOLID_ANGLE_UNIT ( ) );
#788 = B_SPLINE_CURVE_WITH_KNOTS ( 'NONE', 3,
 ( #633, #6204, #53, #2769 ),
 .UNSPECIFIED., .F., .F.,
 ( 4, 4 ),
 ( 0.0000000000000000000, 1.000000000000000000 ),
 .UNSPECIFIED. ) ;
#789 = DIRECTION ( 'NONE',  ( -0.0000000000000000000, -1.200000000000000024E-16, -1.000000000000000000 ) ) ;
#790 = VERTEX_POINT ( 'NONE', #6388 ) ;
#791 = DIRECTION ( 'NONE',  ( 0.0000000000000000000, -2.199999999999999757E-16, -1.000000000000000000 ) ) ;
#792 = ADVANCED_FACE ( 'NONE', ( #967 ), #3235, .T. ) ;
#793 = LINE ( 'NONE', #1976, #6574 ) ;
#794 = B_SPLINE_CURVE_WITH_KNOTS ( 'NONE', 3,
 ( #455, #2152, #3104, #7067 ),
 .UNSPECIFIED., .F., .F.,
 ( 4, 4 ),
 ( 0.0000000000000000000, 1.000000000000000000 ),
 .UNSPECIFIED. ) ;
#795 = LINE ( 'NONE', #5410, #655 ) ;
#796 = B_SPLINE_SURFACE_WITH_KNOTS ( 'NONE', 2, 1, ( 
 ( #887, #923 ),
 ( #3727, #334 ),
 ( #1591, #2062 ) ),
 .UNSPECIFIED., .F., .F., .F.,
 ( 3, 3 ),
 ( 2, 2 ),
 ( 0.0000000000000000000, 1.000000000000000000 ),
 ( 0.0000000000000000000, 1.000000000000000000 ),
 .UNSPECIFIED. ) ;
#797 = LINE ( 'NONE', #3434, #2099 ) ;
#798 = ORIENTED_EDGE ( 'NONE', *, *, #776, .F. ) ;
#799 = PRESENTATION_STYLE_ASSIGNMENT (( #6881 ) ) ;
#800 = ORIENTED_EDGE ( 'NONE', *, *, #3959, .T. ) ;
#801 = PLANE ( 'NONE',  #1364 ) ;
#802 = EDGE_LOOP ( 'NONE', ( #3429, #1252, #1813, #4266 ) ) ;
#803 = CARTESIAN_POINT ( 'NONE',  ( -1.699999999999999956, 0.8499999999999999778, 0.5250000000000000222 ) ) ;
#804 = COLOUR_RGB ( '',0.8000000000000000444, 0.8000000000000000444, 0.8000000000000000444 ) ;
#805 = B_SPLINE_CURVE_WITH_KNOTS ( 'NONE', 3,
 ( #857, #306, #1997, #4761 ),
 .UNSPECIFIED., .F., .F.,
 ( 4, 4 ),
 ( 0.0000000000000000000, 1.000000000000000000 ),
 .UNSPECIFIED. ) ;
#806 = ORIENTED_EDGE ( 'NONE', *, *, #2182, .T. ) ;
#807 =( GEOMETRIC_REPRESENTATION_CONTEXT ( 3 ) GLOBAL_UNCERTAINTY_ASSIGNED_CONTEXT ( ( #5798 ) ) GLOBAL_UNIT_ASSIGNED_CONTEXT ( ( #3474, #6830, #3054 ) ) REPRESENTATION_CONTEXT ( 'NONE', 'WORKASPACE' ) );
#808 = FILL_AREA_STYLE_COLOUR ( '', #4497 ) ;
#809 = ORIENTED_EDGE ( 'NONE', *, *, #814, .T. ) ;
#810 = CARTESIAN_POINT ( 'NONE',  ( -0.9019999999999999130, -0.8170000000000000595, 0.001000000000000000671 ) ) ;
#811 = CARTESIAN_POINT ( 'NONE',  ( 0.05662420219108244002, -0.1446072179697812654, 0.001000000000000000021 ) ) ;
#812 = DIRECTION ( 'NONE',  ( -0.0000000000000000000, -1.200000000000000024E-16, -1.000000000000000000 ) ) ;
#813 = CARTESIAN_POINT ( 'NONE',  ( 0.7980254777070000527, 0.08248407643312000159, 0.0009999999999999998040 ) ) ;
#814 = EDGE_CURVE ( 'NONE', #5029, #42, #6057, .T. ) ;
#815 = FILL_AREA_STYLE_COLOUR ( '', #1412 ) ;
#816 = EDGE_LOOP ( 'NONE', ( #6128, #290, #3532, #1213 ) ) ;
#817 = CARTESIAN_POINT ( 'NONE',  ( 0.4591719745220000370, -0.4652866242040000211, 0.0009999999999999998040 ) ) ;
#818 = CARTESIAN_POINT ( 'NONE',  ( 1.699999999999999956, 0.8499999999999999778, 0.6750000000000000444 ) ) ;
#819 = FILL_AREA_STYLE ('',( #5772 ) ) ;
#820 =( LENGTH_UNIT ( ) NAMED_UNIT ( * ) SI_UNIT ( .MILLI., .METRE. ) );
#821 = EDGE_CURVE ( 'NONE', #881, #611, #3810, .T. ) ;
#822 = VECTOR ( 'NONE', #2313, 1000.000000000000000 ) ;
#823 = DIRECTION ( 'NONE',  ( -1.000000000000000000, -0.0000000000000000000, -0.0000000000000000000 ) ) ;
#824 = EDGE_CURVE ( 'NONE', #1019, #2837, #1040, .T. ) ;
#825 = VERTEX_POINT ( 'NONE', #4410 ) ;
#826 = DIRECTION ( 'NONE',  ( 0.0000000000000000000, 1.200000000000000024E-16, 1.000000000000000000 ) ) ;
#827 = CARTESIAN_POINT ( 'NONE',  ( -0.1011677298028054450, 0.4477919303969565834, 0.7990000000000000435 ) ) ;
#828 = ORIENTED_EDGE ( 'NONE', *, *, #4312, .F. ) ;
#829 = MECHANICAL_DESIGN_GEOMETRIC_PRESENTATION_REPRESENTATION (  '', ( #945 ), #1650 ) ;
#830 = COLOUR_RGB ( '',0.8000000000000000444, 0.8000000000000000444, 0.8000000000000000444 ) ;
#831 = DIRECTION ( 'NONE',  ( 0.0000000000000000000, 2.699999999999999993E-16, 1.000000000000000000 ) ) ;
#832 = EDGE_CURVE ( 'NONE', #1529, #172, #6510, .T. ) ;
#833 = VECTOR ( 'NONE', #1563, 1000.000000000000000 ) ;
#834 = CARTESIAN_POINT ( 'NONE',  ( -0.03560509554139999061, -0.3827388535030000205, 0.0009999999999999998040 ) ) ;
#835 = EDGE_LOOP ( 'NONE', ( #528, #1973, #5084, #4787, #3659, #4422, #310, #5215 ) ) ;
#836 = VERTEX_POINT ( 'NONE', #2725 ) ;
#837 = CARTESIAN_POINT ( 'NONE',  ( 0.3582802547769999846, 0.06681528662419999876, 0.8000000000000000444 ) ) ;
#838 = VERTEX_POINT ( 'NONE', #1631 ) ;
#839 = DIRECTION ( 'NONE',  ( 0.0000000000000000000, -0.0000000000000000000, -1.000000000000000000 ) ) ;
#840 = PRESENTATION_LAYER_ASSIGNMENT (  '', '', ( #367 ) ) ;
#841 = VECTOR ( 'NONE', #2412, 1000.000000000000000 ) ;
#842 = EDGE_LOOP ( 'NONE', ( #2568, #270, #7096, #3879 ) ) ;
#843 = AXIS2_PLACEMENT_3D ( 'NONE', #1096, #614, #3901 ) ;
#844 = PLANE ( 'NONE',  #5081 ) ;
#845 = FACE_OUTER_BOUND ( 'NONE', #4208, .T. ) ;
#846 = ORIENTED_EDGE ( 'NONE', *, *, #1231, .F. ) ;
#847 = FACE_OUTER_BOUND ( 'NONE', #6335, .T. ) ;
#848 = DIRECTION ( 'NONE',  ( -0.0000000000000000000, -1.000000000000000000, -0.0000000000000000000 ) ) ;
#849 = CARTESIAN_POINT ( 'NONE',  ( 0.5152229317039073164, -0.2358598676875753031, 0.7990000000000000435 ) ) ;
#850 = CIRCLE ( 'NONE', #2608, 0.02299999999999999961 ) ;
#851 = VECTOR ( 'NONE', #1675, 1000.000000000000000 ) ;
#852 = PRESENTATION_STYLE_ASSIGNMENT (( #267 ) ) ;
#853 = CARTESIAN_POINT ( 'NONE',  ( 0.7781528662419999742, -0.4443949044590000397, 0.0009999999999999998040 ) ) ;
#854 = CARTESIAN_POINT ( 'NONE',  ( -1.699000000000000288, -0.6999999999999999556, 0.6750000000000000444 ) ) ;
#855 = ORIENTED_EDGE ( 'NONE', *, *, #2068, .T. ) ;
#856 = DIRECTION ( 'NONE',  ( -0.0000000000000000000, -1.000000000000000000, -0.0000000000000000000 ) ) ;
#857 = CARTESIAN_POINT ( 'NONE',  ( -0.2944585987260000537, -0.3499999999999999223, 0.8000000000000000444 ) ) ;
#858 = FILL_AREA_STYLE_COLOUR ( '', #3641 ) ;
#859 = EDGE_CURVE ( 'NONE', #6465, #3457, #4550, .T. ) ;
#860 = FILL_AREA_STYLE ('',( #6386 ) ) ;
#861 = B_SPLINE_SURFACE_WITH_KNOTS ( 'NONE', 2, 1, ( 
 ( #3453, #1745 ),
 ( #6652, #3320 ),
 ( #6729, #4997 ) ),
 .UNSPECIFIED., .F., .F., .F.,
 ( 3, 3 ),
 ( 2, 2 ),
 ( 0.0000000000000000000, 1.000000000000000000 ),
 ( 0.0000000000000000000, 1.000000000000000000 ),
 .UNSPECIFIED. ) ;
#862 = FACE_OUTER_BOUND ( 'NONE', #5101, .T. ) ;
#863 = VERTEX_POINT ( 'NONE', #2320 ) ;
#864 = CARTESIAN_POINT ( 'NONE',  ( 0.4214649681529999969, 0.1619745222929999950, 0.0000000000000000000 ) ) ;
#865 = ORIENTED_EDGE ( 'NONE', *, *, #2823, .F. ) ;
#866 = CARTESIAN_POINT ( 'NONE',  ( 0.4036305732480000019, -0.4326751592359999732, 0.0000000000000000000 ) ) ;
#867 = FACE_OUTER_BOUND ( 'NONE', #6084, .T. ) ;
#868 = EDGE_CURVE ( 'NONE', #919, #1356, #5545, .T. ) ;
#869 = CARTESIAN_POINT ( 'NONE',  ( 0.3715286624200000443, -0.2465605095540000236, 0.8000000000000000444 ) ) ;
#870 = MECHANICAL_DESIGN_GEOMETRIC_PRESENTATION_REPRESENTATION (  '', ( #516 ), #5550 ) ;
#871 = DIRECTION ( 'NONE',  ( 0.0000000000000000000, 1.200000000000000024E-16, 1.000000000000000000 ) ) ;
#872 = CARTESIAN_POINT ( 'NONE',  ( -0.03560509554139999061, -0.3827388535030000205, 0.0009999999999999998040 ) ) ;
#873 = ORIENTED_EDGE ( 'NONE', *, *, #3362, .T. ) ;
#874 = ORIENTED_EDGE ( 'NONE', *, *, #7018, .T. ) ;
#875 = CARTESIAN_POINT ( 'NONE',  ( 1.699000000000000288, 0.5500000000000000444, 0.2750000000000000222 ) ) ;
#876 = ORIENTED_EDGE ( 'NONE', *, *, #6703, .T. ) ;
#877 = DIRECTION ( 'NONE',  ( -1.000000000000000000, 0.0000000000000000000, -0.0000000000000000000 ) ) ;
#878 =( GEOMETRIC_REPRESENTATION_CONTEXT ( 3 ) GLOBAL_UNCERTAINTY_ASSIGNED_CONTEXT ( ( #1718 ) ) GLOBAL_UNIT_ASSIGNED_CONTEXT ( ( #4900, #405, #3660 ) ) REPRESENTATION_CONTEXT ( 'NONE', 'WORKASPACE' ) );
#879 = EDGE_CURVE ( 'NONE', #1737, #3570, #914, .T. ) ;
#880 = VECTOR ( 'NONE', #1967, 1000.000000000000000 ) ;
#881 = VERTEX_POINT ( 'NONE', #2834 ) ;
#882 = VERTEX_POINT ( 'NONE', #1153 ) ;
#883 = B_SPLINE_CURVE_WITH_KNOTS ( 'NONE', 3,
 ( #6711, #2859, #5055, #39 ),
 .UNSPECIFIED., .F., .F.,
 ( 4, 4 ),
 ( 0.0000000000000000000, 1.000000000000000000 ),
 .UNSPECIFIED. ) ;
#884 = CARTESIAN_POINT ( 'NONE',  ( 0.03216560509553999941, 0.2507643312100000244, 0.7990000000000000435 ) ) ;
#885 = SURFACE_SIDE_STYLE ('',( #371 ) ) ;
#886 = LINE ( 'NONE', #4754, #3301 ) ;
#887 = CARTESIAN_POINT ( 'NONE',  ( 0.05662420382166000188, -0.08617834394904000384, 0.0000000000000000000 ) ) ;
#888 = CARTESIAN_POINT ( 'NONE',  ( 1.699999999999999956, -0.8499999999999999778, 0.1250000000000000000 ) ) ;
#889 = ORIENTED_EDGE ( 'NONE', *, *, #6544, .T. ) ;
#890 = AXIS2_PLACEMENT_3D ( 'NONE', #5040, #1095, #3395 ) ;
#891 = DIRECTION ( 'NONE',  ( -1.000000000000000000, -0.0000000000000000000, -0.0000000000000000000 ) ) ;
#892 = CARTESIAN_POINT ( 'NONE',  ( -0.4167515923570000447, -0.2358598726109999988, 0.7990000000000001545 ) ) ;
#893 = DIRECTION ( 'NONE',  ( -1.000000000000000000, 0.0000000000000000000, 0.0000000000000000000 ) ) ;
#894 = CARTESIAN_POINT ( 'NONE',  ( -1.699999999999999956, 0.8499999999999999778, 0.2750000000000000222 ) ) ;
#895 = ORIENTED_EDGE ( 'NONE', *, *, #5419, .T. ) ;
#896 = CARTESIAN_POINT ( 'NONE',  ( 0.8978980891719999802, -0.2935668789809999790, 0.005000000000000000104 ) ) ;
#897 = CARTESIAN_POINT ( 'NONE',  ( -0.06447983171360545385, 0.4194267499299565993, 0.7990000000000000435 ) ) ;
#898 = B_SPLINE_CURVE_WITH_KNOTS ( 'NONE', 3,
 ( #2206, #2103, #4949, #483 ),
 .UNSPECIFIED., .F., .F.,
 ( 4, 4 ),
 ( 0.0000000000000000000, 1.000000000000000000 ),
 .UNSPECIFIED. ) ;
#899 = STYLED_ITEM ( 'NONE', ( #2888 ), #200 ) ;
#900 = VERTEX_POINT ( 'NONE', #3380 ) ;
#901 = CARTESIAN_POINT ( 'NONE',  ( 0.4591719745220000370, 0.4652866242039999656, 0.8000000000000000444 ) ) ;
#902 = DIRECTION ( 'NONE',  ( 0.0000000000000000000, -0.0000000000000000000, -1.000000000000000000 ) ) ;
#903 = CARTESIAN_POINT ( 'NONE',  ( -0.5212101910830000406, 0.08006369426751999696, 0.8000000000000000444 ) ) ;
#904 = CARTESIAN_POINT ( 'NONE',  ( -0.1011677282378199982, -0.4477919320593333752, 0.0000000000000000000 ) ) ;
#905 = LINE ( 'NONE', #3749, #6072 ) ;
#906 = EDGE_LOOP ( 'NONE', ( #2071, #3730, #2954, #4114 ) ) ;
#907 = ADVANCED_FACE ( 'NONE', ( #47 ), #5098, .F. ) ;
#908 = UNCERTAINTY_MEASURE_WITH_UNIT (LENGTH_MEASURE( 1.000000000000000082E-05 ), #1736, 'distance_accuracy_value', 'NONE');
#909 = ORIENTED_EDGE ( 'NONE', *, *, #1094, .T. ) ;
#910 = DIRECTION ( 'NONE',  ( -0.0000000000000000000, -0.0000000000000000000, 1.000000000000000000 ) ) ;
#911 = CARTESIAN_POINT ( 'NONE',  ( 0.7338216560510000264, -0.3073248407640000179, 0.0000000000000000000 ) ) ;
#912 = SURFACE_SIDE_STYLE ('',( #5521 ) ) ;
#913 = EDGE_CURVE ( 'NONE', #2551, #1141, #3922, .T. ) ;
#914 = B_SPLINE_CURVE_WITH_KNOTS ( 'NONE', 3,
 ( #6164, #5689, #88, #5065 ),
 .UNSPECIFIED., .F., .F.,
 ( 4, 4 ),
 ( 0.0000000000000000000, 1.000000000000000000 ),
 .UNSPECIFIED. ) ;
#915 = ORIENTED_EDGE ( 'NONE', *, *, #3576, .F. ) ;
#916 = EDGE_CURVE ( 'NONE', #1710, #6978, #3962, .T. ) ;
#917 = FILL_AREA_STYLE ('',( #4940 ) ) ;
#918 = CARTESIAN_POINT ( 'NONE',  ( -0.6475796178339999765, -0.3499999999999999778, 0.8000000000000000444 ) ) ;
#919 = VERTEX_POINT ( 'NONE', #6197 ) ;
#920 = PRESENTATION_LAYER_ASSIGNMENT (  '', '', ( #447 ) ) ;
#921 = ORIENTED_EDGE ( 'NONE', *, *, #879, .F. ) ;
#922 = CARTESIAN_POINT ( 'NONE',  ( 0.03216560509553999941, -0.2507643312100000244, 0.0009999999999999998040 ) ) ;
#923 = CARTESIAN_POINT ( 'NONE',  ( 0.05662420382166000188, -0.08617834394904000384, 0.0009999999999999998040 ) ) ;
#924 = ADVANCED_FACE ( 'NONE', ( #1192 ), #2252, .F. ) ;
#925 = PRESENTATION_LAYER_ASSIGNMENT (  '', '', ( #1163 ) ) ;
#926 = B_SPLINE_SURFACE_WITH_KNOTS ( 'NONE', 2, 1, ( 
 ( #5766, #1882 ),
 ( #268, #813 ),
 ( #7010, #2088 ) ),
 .UNSPECIFIED., .F., .F., .F.,
 ( 3, 3 ),
 ( 2, 2 ),
 ( 0.0000000000000000000, 1.000000000000000000 ),
 ( 0.0000000000000000000, 1.000000000000000000 ),
 .UNSPECIFIED. ) ;
#927 = EDGE_CURVE ( 'NONE', #3466, #3888, #5208, .T. ) ;
#928 = CARTESIAN_POINT ( 'NONE',  ( 0.9237154959487394734, 0.07755838478280295545, 0.001000000000000000021 ) ) ;
#929 = ORIENTED_EDGE ( 'NONE', *, *, #2087, .T. ) ;
#930 = LINE ( 'NONE', #6086, #1485 ) ;
#931 = CARTESIAN_POINT ( 'NONE',  ( -0.2944585987260000537, 0.3499999999999999778, 0.0009999999999999998040 ) ) ;
#932 = LINE ( 'NONE', #418, #4459 ) ;
#933 = B_SPLINE_CURVE_WITH_KNOTS ( 'NONE', 3,
 ( #6066, #5445, #2222, #4421 ),
 .UNSPECIFIED., .F., .F.,
 ( 4, 4 ),
 ( 0.0000000000000000000, 1.000000000000000000 ),
 .UNSPECIFIED. ) ;
#934 = ORIENTED_EDGE ( 'NONE', *, *, #4795, .T. ) ;
#935 = VECTOR ( 'NONE', #6347, 1000.000000000000000 ) ;
#936 = SURFACE_SIDE_STYLE ('',( #4191 ) ) ;
#937 = CARTESIAN_POINT ( 'NONE',  ( -1.699000000000000288, -0.8490000000000000879, 0.5250000000000000222 ) ) ;
#938 = ORIENTED_EDGE ( 'NONE', *, *, #4373, .T. ) ;
#939 = CARTESIAN_POINT ( 'NONE',  ( 0.4591719745220000370, -0.4652866242040000211, 0.0000000000000000000 ) ) ;
#940 = FILL_AREA_STYLE_COLOUR ( '', #830 ) ;
#941 = VECTOR ( 'NONE', #3087, 1000.000000000000000 ) ;
#942 = FILL_AREA_STYLE ('',( #4963 ) ) ;
#943 = CARTESIAN_POINT ( 'NONE',  ( -0.06447983014861999318, -0.4194267515923333911, 0.0000000000000000000 ) ) ;
#944 = ORIENTED_EDGE ( 'NONE', *, *, #6827, .F. ) ;
#945 = STYLED_ITEM ( 'NONE', ( #6116 ), #2309 ) ;
#946 = ORIENTED_EDGE ( 'NONE', *, *, #157, .T. ) ;
#947 = CARTESIAN_POINT ( 'NONE',  ( -0.5212101910830000406, 0.01675159235668667937, 0.0000000000000000000 ) ) ;
#948 = DIRECTION ( 'NONE',  ( 0.0000000000000000000, 1.200000000000000024E-16, 1.000000000000000000 ) ) ;
#949 = VERTEX_POINT ( 'NONE', #5840 ) ;
#950 =( NAMED_UNIT ( * ) SI_UNIT ( $, .STERADIAN. ) SOLID_ANGLE_UNIT ( ) );
#951 = CARTESIAN_POINT ( 'NONE',  ( -0.9250000000000000444, -0.8170000000000000595, 0.02400000000000000050 ) ) ;
#952 = ORIENTED_EDGE ( 'NONE', *, *, #7133, .T. ) ;
#953 =( GEOMETRIC_REPRESENTATION_CONTEXT ( 3 ) GLOBAL_UNCERTAINTY_ASSIGNED_CONTEXT ( ( #5202 ) ) GLOBAL_UNIT_ASSIGNED_CONTEXT ( ( #3516, #5847, #1380 ) ) REPRESENTATION_CONTEXT ( 'NONE', 'WORKASPACE' ) );
#954 = VECTOR ( 'NONE', #4649, 1000.000000000000000 ) ;
#955 = VERTEX_POINT ( 'NONE', #193 ) ;
#956 = EDGE_CURVE ( 'NONE', #611, #1737, #648, .T. ) ;
#957 =( NAMED_UNIT ( * ) SI_UNIT ( $, .STERADIAN. ) SOLID_ANGLE_UNIT ( ) );
#958 = STYLED_ITEM ( 'NONE', ( #4143 ), #4628 ) ;
#959 = DIRECTION ( 'NONE',  ( 0.0000000000000000000, 0.0000000000000000000, -1.000000000000000000 ) ) ;
#960 = ORIENTED_EDGE ( 'NONE', *, *, #5738, .F. ) ;
#961 = CARTESIAN_POINT ( 'NONE',  ( -1.699000000000000288, -0.8489999999999999769, 0.6750000000000000444 ) ) ;
#962 = LINE ( 'NONE', #554, #2011 ) ;
#963 = MECHANICAL_DESIGN_GEOMETRIC_PRESENTATION_REPRESENTATION (  '', ( #1669 ), #4357 ) ;
#964 = DIRECTION ( 'NONE',  ( 0.0000000000000000000, 0.0000000000000000000, 1.000000000000000000 ) ) ;
#965 = EDGE_CURVE ( 'NONE', #6603, #2245, #4692, .T. ) ;
#966 = CARTESIAN_POINT ( 'NONE',  ( -1.699000000000000288, -0.8490000000000000879, 0.2750000000000000222 ) ) ;
#967 = FACE_OUTER_BOUND ( 'NONE', #6852, .T. ) ;
#968 = CARTESIAN_POINT ( 'NONE',  ( 0.5814649681529999725, -0.3837579617830000345, 0.005000000000000000104 ) ) ;
#969 = FACE_OUTER_BOUND ( 'NONE', #1176, .T. ) ;
#970 = CARTESIAN_POINT ( 'NONE',  ( -0.3056687898089999744, 0.2358598726109999988, 0.005000000000000000104 ) ) ;
#971 = ORIENTED_EDGE ( 'NONE', *, *, #6738, .T. ) ;
#972 = CARTESIAN_POINT ( 'NONE',  ( 0.4612101910829999873, 0.3209554140129999844, 0.0009999999999999998040 ) ) ;
#973 = CARTESIAN_POINT ( 'NONE',  ( 1.699999999999999956, -0.8499999999999999778, 0.0000000000000000000 ) ) ;
#974 =( NAMED_UNIT ( * ) SI_UNIT ( $, .STERADIAN. ) SOLID_ANGLE_UNIT ( ) );
#975 = CARTESIAN_POINT ( 'NONE',  ( -1.699999999999999956, -0.5500000000000000444, 0.5250000000000000222 ) ) ;
#976 = B_SPLINE_SURFACE_WITH_KNOTS ( 'NONE', 2, 1, ( 
 ( #1928, #6380 ),
 ( #6494, #2031 ),
 ( #6977, #3702 ) ),
 .UNSPECIFIED., .F., .F., .F.,
 ( 3, 3 ),
 ( 2, 2 ),
 ( 0.0000000000000000000, 1.000000000000000000 ),
 ( 0.0000000000000000000, 1.000000000000000000 ),
 .UNSPECIFIED. ) ;
#977 = SURFACE_STYLE_FILL_AREA ( #354 ) ;
#978 = AXIS2_PLACEMENT_3D ( 'NONE', #1189, #3445, #6089 ) ;
#979 = ORIENTED_EDGE ( 'NONE', *, *, #2384, .F. ) ;
#980 = UNCERTAINTY_MEASURE_WITH_UNIT (LENGTH_MEASURE( 1.000000000000000082E-05 ), #4494, 'distance_accuracy_value', 'NONE');
#981 = EDGE_LOOP ( 'NONE', ( #6714, #2819, #5778, #5077, #4128, #3697, #1174, #6408 ) ) ;
#982 =( NAMED_UNIT ( * ) PLANE_ANGLE_UNIT ( ) SI_UNIT ( $, .RADIAN. ) );
#983 = VECTOR ( 'NONE', #1557, 1000.000000000000000 ) ;
#984 = SURFACE_STYLE_USAGE ( .BOTH. , #2812 ) ;
#985 = CARTESIAN_POINT ( 'NONE',  ( -0.5100000000000000089, 0.7914012738850000339, 0.7950000000000000400 ) ) ;
#986 = VERTEX_POINT ( 'NONE', #5319 ) ;
#987 = PRESENTATION_STYLE_ASSIGNMENT (( #1479 ) ) ;
#988 = SURFACE_STYLE_FILL_AREA ( #6007 ) ;
#989 = ORIENTED_EDGE ( 'NONE', *, *, #1556, .T. ) ;
#990 = AXIS2_PLACEMENT_3D ( 'NONE', #3332, #107, #3942 ) ;
#991 = EDGE_CURVE ( 'NONE', #7127, #52, #2229, .T. ) ;
#992 = CARTESIAN_POINT ( 'NONE',  ( 0.3715286624200000443, -0.2465605095540000236, 0.7990000000000000435 ) ) ;
#993 = EDGE_LOOP ( 'NONE', ( #3392, #58, #4374, #1396 ) ) ;
#994 = LINE ( 'NONE', #6599, #5635 ) ;
#995 = CARTESIAN_POINT ( 'NONE',  ( 0.5845222929940000478, -0.3499999999999999778, 0.7950000000000000400 ) ) ;
#996 = AXIS2_PLACEMENT_3D ( 'NONE', #1908, #4264, #3494 ) ;
#997 = CARTESIAN_POINT ( 'NONE',  ( 1.199999999999999956, 0.8170000000000000595, 0.02400000000000000050 ) ) ;
#998 = ORIENTED_EDGE ( 'NONE', *, *, #1945, .F. ) ;
#999 = ADVANCED_FACE ( 'NONE', ( #2978 ), #926, .T. ) ;
#1000 = CARTESIAN_POINT ( 'NONE',  ( 1.199999999999999956, -0.8499999999999999778, 0.0000000000000000000 ) ) ;
#1001 = CARTESIAN_POINT ( 'NONE',  ( -0.2873248407640000002, -0.4978980891720000690, 0.0009999999999999998040 ) ) ;
#1002 = VECTOR ( 'NONE', #692, 1000.000000000000000 ) ;
#1003 = CARTESIAN_POINT ( 'NONE',  ( -0.6475796178339999765, 0.3499999999999999778, 0.005000000000000000104 ) ) ;
#1004 = ADVANCED_FACE ( 'NONE', ( #2503 ), #1547, .T. ) ;
#1005 = VECTOR ( 'NONE', #6744, 1000.000000000000000 ) ;
#1006 = CARTESIAN_POINT ( 'NONE',  ( 0.7781528662419999742, 0.4443949044590000397, 0.8000000000000000444 ) ) ;
#1007 = EDGE_CURVE ( 'NONE', #3616, #7263, #6936, .T. ) ;
#1008 = PRESENTATION_STYLE_ASSIGNMENT (( #1636 ) ) ;
#1009 = PRESENTATION_STYLE_ASSIGNMENT (( #4415 ) ) ;
#1010 = ORIENTED_EDGE ( 'NONE', *, *, #5560, .F. ) ;
#1011 = SURFACE_STYLE_FILL_AREA ( #7101 ) ;
#1012 = CARTESIAN_POINT ( 'NONE',  ( -0.1456687898089999988, -0.4678343949039999727, 0.005000000000000000104 ) ) ;
#1013 = FILL_AREA_STYLE_COLOUR ( '', #4812 ) ;
#1014 = CARTESIAN_POINT ( 'NONE',  ( 0.05662420382166000188, -0.08617834394904000384, 0.0000000000000000000 ) ) ;
#1015 = PRESENTATION_LAYER_ASSIGNMENT (  '', '', ( #6749 ) ) ;
#1016 = SURFACE_STYLE_FILL_AREA ( #3786 ) ;
#1017 = VERTEX_POINT ( 'NONE', #1927 ) ;
#1018 = EDGE_CURVE ( 'NONE', #838, #5612, #434, .T. ) ;
#1019 = VERTEX_POINT ( 'NONE', #6379 ) ;
#1020 = CARTESIAN_POINT ( 'NONE',  ( 0.5814649681529999725, -0.3837579617830000345, 0.001000000000000000021 ) ) ;
#1021 = CARTESIAN_POINT ( 'NONE',  ( 1.699000000000000288, 0.8490000000000000879, 0.4000000000000000222 ) ) ;
#1022 = CARTESIAN_POINT ( 'NONE',  ( 1.699999999999999956, -0.8499999999999999778, 0.2750000000000000222 ) ) ;
#1023 = FILL_AREA_STYLE ('',( #575 ) ) ;
#1024 = ORIENTED_EDGE ( 'NONE', *, *, #6014, .T. ) ;
#1025 = DIRECTION ( 'NONE',  ( -1.000000000000000000, -1.299999999999999924E-16, 0.0000000000000000000 ) ) ;
#1026 = CARTESIAN_POINT ( 'NONE',  ( -0.5196815286620000141, -0.2287261146500000064, 0.7950000000000000400 ) ) ;
#1027 = ORIENTED_EDGE ( 'NONE', *, *, #1324, .F. ) ;
#1028 = CARTESIAN_POINT ( 'NONE',  ( 0.3949681541563282439, -0.2764543514213357867, 0.7990000000000000435 ) ) ;
#1029 = ORIENTED_EDGE ( 'NONE', *, *, #3244, .F. ) ;
#1030 = CARTESIAN_POINT ( 'NONE',  ( 0.8639278131636667357, 0.2107218683656666147, 0.0000000000000000000 ) ) ;
#1031 = VECTOR ( 'NONE', #5023, 1000.000000000000000 ) ;
#1032 =( NAMED_UNIT ( * ) SI_UNIT ( $, .STERADIAN. ) SOLID_ANGLE_UNIT ( ) );
#1033 = ORIENTED_EDGE ( 'NONE', *, *, #4031, .T. ) ;
#1034 = CARTESIAN_POINT ( 'NONE',  ( -0.08401273885349999637, -0.07993630573248000637, 0.7990000000000000435 ) ) ;
#1035 = CARTESIAN_POINT ( 'NONE',  ( -0.9020000000000000240, -0.8170000000000000595, 0.7990000000000000435 ) ) ;
#1036 = SURFACE_SIDE_STYLE ('',( #1528 ) ) ;
#1037 = COLOUR_RGB ( '',0.8000000000000000444, 0.8000000000000000444, 0.8000000000000000444 ) ;
#1038 = B_SPLINE_SURFACE_WITH_KNOTS ( 'NONE', 2, 1, ( 
 ( #1500, #6579 ),
 ( #5957, #1534 ),
 ( #6537, #315 ) ),
 .UNSPECIFIED., .F., .F., .F.,
 ( 3, 3 ),
 ( 2, 2 ),
 ( 0.0000000000000000000, 1.000000000000000000 ),
 ( 0.0000000000000000000, 1.000000000000000000 ),
 .UNSPECIFIED. ) ;
#1039 = EDGE_CURVE ( 'NONE', #6166, #2339, #1880, .T. ) ;
#1040 = LINE ( 'NONE', #3275, #5476 ) ;
#1041 = CARTESIAN_POINT ( 'NONE',  ( -1.449999999999999956, -0.8499999999999999778, 0.2750000000000000222 ) ) ;
#1042 =( NAMED_UNIT ( * ) SI_UNIT ( $, .STERADIAN. ) SOLID_ANGLE_UNIT ( ) );
#1043 =( GEOMETRIC_REPRESENTATION_CONTEXT ( 3 ) GLOBAL_UNCERTAINTY_ASSIGNED_CONTEXT ( ( #3502 ) ) GLOBAL_UNIT_ASSIGNED_CONTEXT ( ( #4815, #6991, #4775 ) ) REPRESENTATION_CONTEXT ( 'NONE', 'WORKASPACE' ) );
#1044 = DIRECTION ( 'NONE',  ( -1.000000000000000000, 0.0000000000000000000, 0.0000000000000000000 ) ) ;
#1045 = DIRECTION ( 'NONE',  ( 0.0000000000000000000, 0.0000000000000000000, 1.000000000000000000 ) ) ;
#1046 = EDGE_LOOP ( 'NONE', ( #4013, #2482, #2291, #1909 ) ) ;
#1047 = DIRECTION ( 'NONE',  ( -0.0000000000000000000, 1.000000000000000000, 0.0000000000000000000 ) ) ;
#1048 = SURFACE_STYLE_USAGE ( .BOTH. , #3242 ) ;
#1049 = PLANE ( 'NONE',  #1447 ) ;
#1050 = EDGE_CURVE ( 'NONE', #4402, #2371, #1374, .T. ) ;
#1051 = VECTOR ( 'NONE', #3708, 1000.000000000000000 ) ;
#1052 = CARTESIAN_POINT ( 'NONE',  ( -0.03560509554139999755, 0.3827388535030000205, 0.7950000000000000400 ) ) ;
#1053 = SURFACE_STYLE_USAGE ( .BOTH. , #2192 ) ;
#1054 = PRODUCT_DEFINITION_CONTEXT ( 'detailed design', #1930, 'design' ) ;
#1055 = VERTEX_POINT ( 'NONE', #2744 ) ;
#1056 = DIRECTION ( 'NONE',  ( 0.0000000000000000000, 0.0000000000000000000, 1.000000000000000000 ) ) ;
#1057 = VECTOR ( 'NONE', #5244, 1000.000000000000000 ) ;
#1058 = CARTESIAN_POINT ( 'NONE',  ( -0.04681528662420000875, 0.2363694267520000392, 0.0009999999999999998040 ) ) ;
#1059 = CARTESIAN_POINT ( 'NONE',  ( -1.449999999999999956, -0.8499999999999999778, 0.2750000000000000222 ) ) ;
#1060 = ADVANCED_FACE ( 'NONE', ( #3865 ), #3829, .T. ) ;
#1061 = FILL_AREA_STYLE ('',( #469 ) ) ;
#1062 = MECHANICAL_DESIGN_GEOMETRIC_PRESENTATION_REPRESENTATION (  '', ( #6552 ), #4445 ) ;
#1063 = CARTESIAN_POINT ( 'NONE',  ( 0.8978980891719999802, -0.2935668789809999790, 0.0009999999999999998040 ) ) ;
#1064 = ORIENTED_EDGE ( 'NONE', *, *, #4412, .T. ) ;
#1065 = FACE_OUTER_BOUND ( 'NONE', #1224, .T. ) ;
#1066 = CARTESIAN_POINT ( 'NONE',  ( -1.699999999999999956, 0.3500000000001428635, 0.8000000000000000444 ) ) ;
#1067 = VERTEX_POINT ( 'NONE', #1063 ) ;
#1068 = DIRECTION ( 'NONE',  ( 0.0000000000000000000, -1.200000000000000024E-16, -1.000000000000000000 ) ) ;
#1069 = ORIENTED_EDGE ( 'NONE', *, *, #5987, .F. ) ;
#1070 = CARTESIAN_POINT ( 'NONE',  ( -0.03560509554139999061, -0.3827388535030000205, 0.0009999999999999998040 ) ) ;
#1071 = DIRECTION ( 'NONE',  ( -0.0000000000000000000, -1.000000000000000000, 0.0000000000000000000 ) ) ;
#1072 = COLOUR_RGB ( '',0.7372549019607843590, 0.6039215686274509443, 0.0000000000000000000 ) ;
#1073 = DIRECTION ( 'NONE',  ( 0.0000000000000000000, -2.699999999999999993E-16, -1.000000000000000000 ) ) ;
#1074 = ORIENTED_EDGE ( 'NONE', *, *, #4049, .T. ) ;
#1075 = CARTESIAN_POINT ( 'NONE',  ( 0.3808704928400692413, -0.2487261097226645401, 0.001000000000000000021 ) ) ;
#1076 = CARTESIAN_POINT ( 'NONE',  ( -0.08401273885349999637, -0.07445859872611000629, 0.0009999999999999998040 ) ) ;
#1077 = LINE ( 'NONE', #2248, #5507 ) ;
#1078 = STYLED_ITEM ( 'NONE', ( #139 ), #4938 ) ;
#1079 = VECTOR ( 'NONE', #6616, 1000.000000000000000 ) ;
#1080 = SURFACE_STYLE_USAGE ( .BOTH. , #6789 ) ;
#1081 = LINE ( 'NONE', #2795, #7105 ) ;
#1082 = CARTESIAN_POINT ( 'NONE',  ( -0.4167515923570000447, 0.2358598726109999988, 0.0000000000000000000 ) ) ;
#1083 = AXIS2_PLACEMENT_3D ( 'NONE', #5773, #2405, #5326 ) ;
#1084 = COLOUR_RGB ( '',0.7098039215686274828, 0.7098039215686274828, 0.7098039215686274828 ) ;
#1085 = LINE ( 'NONE', #4917, #7092 ) ;
#1086 = ORIENTED_EDGE ( 'NONE', *, *, #376, .T. ) ;
#1087 = ADVANCED_FACE ( 'NONE', ( #7181 ), #3793, .T. ) ;
#1088 = DIRECTION ( 'NONE',  ( 1.000000000000000000, -0.0000000000000000000, 0.0000000000000000000 ) ) ;
#1089 = CARTESIAN_POINT ( 'NONE',  ( 0.5753503184710000440, 0.2358598726109999988, 0.001000000000000000021 ) ) ;
#1090 = B_SPLINE_CURVE_WITH_KNOTS ( 'NONE', 3,
 ( #2041, #5952, #4262, #2479 ),
 .UNSPECIFIED., .F., .F.,
 ( 4, 4 ),
 ( 0.0000000000000000000, 1.000000000000000000 ),
 .UNSPECIFIED. ) ;
#1091 = FILL_AREA_STYLE_COLOUR ( '', #3370 ) ;
#1092 = ORIENTED_EDGE ( 'NONE', *, *, #3890, .T. ) ;
#1093 = SURFACE_SIDE_STYLE ('',( #3393 ) ) ;
#1094 = EDGE_CURVE ( 'NONE', #3176, #2089, #6952, .T. ) ;
#1095 = DIRECTION ( 'NONE',  ( -1.000000000000000000, 0.0000000000000000000, 0.0000000000000000000 ) ) ;
#1096 = CARTESIAN_POINT ( 'NONE',  ( 0.0000000000000000000, 1.000000000000000072E-17, 0.0000000000000000000 ) ) ;
#1097 = CARTESIAN_POINT ( 'NONE',  ( 0.8206157085698023712, -0.2616772792502459755, 0.7990000000000000435 ) ) ;
#1098 = EDGE_CURVE ( 'NONE', #7120, #6836, #2233, .T. ) ;
#1099 = SURFACE_SIDE_STYLE ('',( #6627 ) ) ;
#1100 = EDGE_LOOP ( 'NONE', ( #2492, #4205, #1450, #1937 ) ) ;
#1101 = LINE ( 'NONE', #1214, #4146 ) ;
#1102 = CARTESIAN_POINT ( 'NONE',  ( -0.2873248407640000002, 0.4978980891720000690, 0.8000000000000000444 ) ) ;
#1103 = VERTEX_POINT ( 'NONE', #2269 ) ;
#1104 = EDGE_CURVE ( 'NONE', #881, #7042, #2923, .T. ) ;
#1105 = DIRECTION ( 'NONE',  ( -0.0000000000000000000, -1.000000000000000000, 0.0000000000000000000 ) ) ;
#1106 = ORIENTED_EDGE ( 'NONE', *, *, #2315, .F. ) ;
#1107 = DIRECTION ( 'NONE',  ( 0.0000000000000000000, -1.000000000000000000, 1.200000000000000024E-16 ) ) ;
#1108 = CARTESIAN_POINT ( 'NONE',  ( 0.5753503184710000440, -0.2358598726109999988, 0.7990000000000000435 ) ) ;
#1109 = VECTOR ( 'NONE', #1659, 1000.000000000000000 ) ;
#1110 = LINE ( 'NONE', #2243, #1109 ) ;
#1111 = CARTESIAN_POINT ( 'NONE',  ( -0.08401273885349999637, -0.07445859872611000629, 0.0009999999999999998040 ) ) ;
#1112 = ORIENTED_EDGE ( 'NONE', *, *, #1717, .T. ) ;
#1113 = UNCERTAINTY_MEASURE_WITH_UNIT (LENGTH_MEASURE( 1.000000000000000082E-05 ), #4179, 'distance_accuracy_value', 'NONE');
#1114 = SURFACE_STYLE_FILL_AREA ( #6262 ) ;
#1115 = PRESENTATION_STYLE_ASSIGNMENT (( #6125 ) ) ;
#1116 = DIRECTION ( 'NONE',  ( 1.000000000000000000, -0.0000000000000000000, 0.0000000000000000000 ) ) ;
#1117 = MECHANICAL_DESIGN_GEOMETRIC_PRESENTATION_REPRESENTATION (  '', ( #2749 ), #878 ) ;
#1118 = FILL_AREA_STYLE ('',( #6641 ) ) ;
#1119 = CARTESIAN_POINT ( 'NONE',  ( -0.04681528662420000875, -0.2363694267520000392, 0.7990000000000000435 ) ) ;
#1120 = VERTEX_POINT ( 'NONE', #576 ) ;
#1121 = COLOUR_RGB ( '',0.0000000000000000000, 0.0000000000000000000, 0.0000000000000000000 ) ;
#1122 = DIRECTION ( 'NONE',  ( 0.0000000000000000000, 0.0000000000000000000, 1.000000000000000000 ) ) ;
#1123 =( NAMED_UNIT ( * ) SI_UNIT ( $, .STERADIAN. ) SOLID_ANGLE_UNIT ( ) );
#1124 = ORIENTED_EDGE ( 'NONE', *, *, #4086, .F. ) ;
#1125 = FACE_OUTER_BOUND ( 'NONE', #3639, .T. ) ;
#1126 = DIRECTION ( 'NONE',  ( -0.0000000000000000000, -0.0000000000000000000, -1.000000000000000000 ) ) ;
#1127 = VECTOR ( 'NONE', #2094, 1000.000000000000000 ) ;
#1128 = FACE_OUTER_BOUND ( 'NONE', #6261, .T. ) ;
#1129 = CARTESIAN_POINT ( 'NONE',  ( 0.05662420382165998106, -0.08617834394904000384, 0.0000000000000000000 ) ) ;
#1130 = UNCERTAINTY_MEASURE_WITH_UNIT (LENGTH_MEASURE( 1.000000000000000082E-05 ), #5529, 'distance_accuracy_value', 'NONE');
#1131 = ORIENTED_EDGE ( 'NONE', *, *, #6743, .F. ) ;
#1132 = STYLED_ITEM ( 'NONE', ( #3900 ), #4660 ) ;
#1133 = CARTESIAN_POINT ( 'NONE',  ( -1.699999999999999956, -0.5500000000000000444, 0.6750000000000000444 ) ) ;
#1134 = CARTESIAN_POINT ( 'NONE',  ( 0.0000000000000000000, 0.0000000000000000000, 0.0000000000000000000 ) ) ;
#1135 = LINE ( 'NONE', #5595, #6814 ) ;
#1136 = CARTESIAN_POINT ( 'NONE',  ( -1.699999999999999956, 0.5500000000000000444, 0.5250000000000000222 ) ) ;
#1137 = MECHANICAL_DESIGN_GEOMETRIC_PRESENTATION_REPRESENTATION (  '', ( #2421 ), #5935 ) ;
#1138 = EDGE_CURVE ( 'NONE', #4789, #3335, #2919, .T. ) ;
#1139 =( LENGTH_UNIT ( ) NAMED_UNIT ( * ) SI_UNIT ( .MILLI., .METRE. ) );
#1140 = CARTESIAN_POINT ( 'NONE',  ( -1.699999999999999956, 0.8499999999999999778, 0.0000000000000000000 ) ) ;
#1141 = VERTEX_POINT ( 'NONE', #2959 ) ;
#1142 = LINE ( 'NONE', #6181, #3855 ) ;
#1143 = ORIENTED_EDGE ( 'NONE', *, *, #2046, .F. ) ;
#1144 = PRESENTATION_STYLE_ASSIGNMENT (( #3334 ) ) ;
#1145 = VERTEX_POINT ( 'NONE', #4533 ) ;
#1146 = LINE ( 'NONE', #479, #6133 ) ;
#1147 = EDGE_CURVE ( 'NONE', #1941, #304, #3184, .T. ) ;
#1148 = PLANE ( 'NONE',  #5907 ) ;
#1149 = DIRECTION ( 'NONE',  ( 0.0000000000000000000, 0.0000000000000000000, 1.000000000000000000 ) ) ;
#1150 = ORIENTED_EDGE ( 'NONE', *, *, #1363, .F. ) ;
#1151 = CARTESIAN_POINT ( 'NONE',  ( -0.4992993630573333563, -0.2538216560506666997, 0.0000000000000000000 ) ) ;
#1152 = EDGE_CURVE ( 'NONE', #6603, #3578, #104, .T. ) ;
#1153 = CARTESIAN_POINT ( 'NONE',  ( -0.2873248407640000002, 0.4978980891720000690, 0.7990000000000000435 ) ) ;
#1154 = DIRECTION ( 'NONE',  ( 1.000000000000000000, 2.189528850507526673E-47, -8.900000000000000652E-16 ) ) ;
#1155 = ORIENTED_EDGE ( 'NONE', *, *, #5625, .T. ) ;
#1156 = CARTESIAN_POINT ( 'NONE',  ( 0.3582802547769999846, -0.06681528662419999876, 0.0000000000000000000 ) ) ;
#1157 = LINE ( 'NONE', #4880, #4450 ) ;
#1158 = VERTEX_POINT ( 'NONE', #2414 ) ;
#1159 = VECTOR ( 'NONE', #3133, 1000.000000000000000 ) ;
#1160 = DIRECTION ( 'NONE',  ( 0.0000000000000000000, 0.0000000000000000000, 1.000000000000000000 ) ) ;
#1161 = CARTESIAN_POINT ( 'NONE',  ( 0.4066878980890000217, -0.2914012738849999784, 0.8000000000000000444 ) ) ;
#1162 = CARTESIAN_POINT ( 'NONE',  ( -0.6475796178339999765, 0.7914012738849999229, 0.7950000000000000400 ) ) ;
#1163 = STYLED_ITEM ( 'NONE', ( #4638 ), #1187 ) ;
#1164 = CARTESIAN_POINT ( 'NONE',  ( 0.8206157112526668573, -0.2616772823783333202, 0.8000000000000000444 ) ) ;
#1165 = EDGE_LOOP ( 'NONE', ( #4710, #4166, #4316, #5086, #2899, #6865 ) ) ;
#1166 = FILL_AREA_STYLE ('',( #2330 ) ) ;
#1167 = PRESENTATION_LAYER_ASSIGNMENT (  '', '', ( #4317 ) ) ;
#1168 = CARTESIAN_POINT ( 'NONE',  ( 0.01585987261146465377, 0.3023991507433333448, 0.8000000000000000444 ) ) ;
#1169 =( NAMED_UNIT ( * ) SI_UNIT ( $, .STERADIAN. ) SOLID_ANGLE_UNIT ( ) );
#1170 = VERTEX_POINT ( 'NONE', #4083 ) ;
#1171 = VECTOR ( 'NONE', #3416, 1000.000000000000000 ) ;
#1172 =( NAMED_UNIT ( * ) SI_UNIT ( $, .STERADIAN. ) SOLID_ANGLE_UNIT ( ) );
#1173 = CARTESIAN_POINT ( 'NONE',  ( -0.4554777070059999877, -0.3057961783440000247, 0.0000000000000000000 ) ) ;
#1174 = ORIENTED_EDGE ( 'NONE', *, *, #2267, .F. ) ;
#1175 = CARTESIAN_POINT ( 'NONE',  ( -0.6475796178339999765, -0.7914012738849999229, 0.0009999999999999998040 ) ) ;
#1176 = EDGE_LOOP ( 'NONE', ( #5658, #1478, #3397, #4462 ) ) ;
#1177 = CARTESIAN_POINT ( 'NONE',  ( 0.5947133757960000322, -0.4978980891720000690, 0.0000000000000000000 ) ) ;
#1178 = ADVANCED_FACE ( 'NONE', ( #2997 ), #6016, .T. ) ;
#1179 = VECTOR ( 'NONE', #4318, 1000.000000000000000 ) ;
#1180 = ORIENTED_EDGE ( 'NONE', *, *, #3905, .T. ) ;
#1181 = CARTESIAN_POINT ( 'NONE',  ( -0.04681528662420000875, -0.2363694267520000392, 0.7990000000000000435 ) ) ;
#1182 = VERTEX_POINT ( 'NONE', #2336 ) ;
#1183 = UNCERTAINTY_MEASURE_WITH_UNIT (LENGTH_MEASURE( 1.000000000000000082E-05 ), #2797, 'distance_accuracy_value', 'NONE');
#1184 = MECHANICAL_DESIGN_GEOMETRIC_PRESENTATION_REPRESENTATION (  '', ( #3163 ), #2120 ) ;
#1185 = CARTESIAN_POINT ( 'NONE',  ( -1.699999999999999956, 0.8499999999999999778, 0.0000000000000000000 ) ) ;
#1186 =( NAMED_UNIT ( * ) SI_UNIT ( $, .STERADIAN. ) SOLID_ANGLE_UNIT ( ) );
#1187 = ADVANCED_FACE ( 'NONE', ( #1796 ), #5707, .F. ) ;
#1188 = DIRECTION ( 'NONE',  ( -1.299999999999999924E-16, 1.000000000000000000, -0.0000000000000000000 ) ) ;
#1189 = CARTESIAN_POINT ( 'NONE',  ( 0.0000000000000000000, 1.000000000000000072E-17, 0.8000000000000000444 ) ) ;
#1190 = VECTOR ( 'NONE', #1160, 1000.000000000000000 ) ;
#1191 = MECHANICAL_DESIGN_GEOMETRIC_PRESENTATION_REPRESENTATION (  '', ( #1301 ), #1657 ) ;
#1192 = FACE_OUTER_BOUND ( 'NONE', #6841, .T. ) ;
#1193 = PRODUCT_DEFINITION ( 'UNKNOWN', '', #6753, #1054 ) ;
#1194 = CARTESIAN_POINT ( 'NONE',  ( 0.5947133757960000322, -0.4978980891720000690, 0.0009999999999999998040 ) ) ;
#1195 = ORIENTED_EDGE ( 'NONE', *, *, #1845, .F. ) ;
#1196 = DIRECTION ( 'NONE',  ( 0.0000000000000000000, -0.0000000000000000000, -1.000000000000000000 ) ) ;
#1197 = CARTESIAN_POINT ( 'NONE',  ( -0.04681528662420003650, -0.2363694267520000392, 0.8000000000000000444 ) ) ;
#1198 = ORIENTED_EDGE ( 'NONE', *, *, #1606, .T. ) ;
#1199 = VECTOR ( 'NONE', #812, 1000.000000000000000 ) ;
#1200 = EDGE_CURVE ( 'NONE', #6965, #711, #5823, .T. ) ;
#1201 = VECTOR ( 'NONE', #6859, 1000.000000000000000 ) ;
#1202 = SURFACE_SIDE_STYLE ('',( #5659 ) ) ;
#1203 = CARTESIAN_POINT ( 'NONE',  ( 0.7338216560510000264, -0.3073248407640000179, 0.0000000000000000000 ) ) ;
#1204 = CIRCLE ( 'NONE', #6451, 0.02300000000000001696 ) ;
#1205 = CARTESIAN_POINT ( 'NONE',  ( -0.08401273885349998249, -0.02847133757961329073, 0.8000000000000000444 ) ) ;
#1206 = ORIENTED_EDGE ( 'NONE', *, *, #1379, .F. ) ;
#1207 = MECHANICAL_DESIGN_GEOMETRIC_PRESENTATION_REPRESENTATION (  '', ( #5884 ), #7166 ) ;
#1208 = DIRECTION ( 'NONE',  ( -0.0000000000000000000, -0.0000000000000000000, -1.000000000000000000 ) ) ;
#1209 = ORIENTED_EDGE ( 'NONE', *, *, #11, .T. ) ;
#1210 = CARTESIAN_POINT ( 'NONE',  ( -1.199999999999999956, 0.8499999999999999778, 0.02400000000000000050 ) ) ;
#1211 = COLOUR_RGB ( '',0.8000000000000000444, 0.8000000000000000444, 0.8000000000000000444 ) ;
#1212 = CARTESIAN_POINT ( 'NONE',  ( -0.1901698513803333213, 0.4878768577493333702, 0.8000000000000000444 ) ) ;
#1213 = ORIENTED_EDGE ( 'NONE', *, *, #4443, .T. ) ;
#1214 = CARTESIAN_POINT ( 'NONE',  ( 0.8978980891719999802, 0.2935668789809999790, 0.7950000000000000400 ) ) ;
#1215 = ORIENTED_EDGE ( 'NONE', *, *, #5715, .T. ) ;
#1216 =( NAMED_UNIT ( * ) PLANE_ANGLE_UNIT ( ) SI_UNIT ( $, .RADIAN. ) );
#1217 = ORIENTED_EDGE ( 'NONE', *, *, #6769, .F. ) ;
#1218 = LINE ( 'NONE', #5606, #146 ) ;
#1219 = CARTESIAN_POINT ( 'NONE',  ( -0.5212101910830000406, 0.06515923566879000539, 0.0000000000000000000 ) ) ;
#1220 = ORIENTED_EDGE ( 'NONE', *, *, #5800, .T. ) ;
#1221 = DIRECTION ( 'NONE',  ( -0.0000000000000000000, 1.200000000000000024E-16, 1.000000000000000000 ) ) ;
#1222 = FILL_AREA_STYLE_COLOUR ( '', #1037 ) ;
#1223 = EDGE_CURVE ( 'NONE', #1586, #4219, #5452, .T. ) ;
#1224 = EDGE_LOOP ( 'NONE', ( #6532, #3707, #231, #2771 ) ) ;
#1225 = CARTESIAN_POINT ( 'NONE',  ( -0.4554777070059999877, 0.3057961783440000247, 0.7990000000000000435 ) ) ;
#1226 = VERTEX_POINT ( 'NONE', #6218 ) ;
#1227 =( GEOMETRIC_REPRESENTATION_CONTEXT ( 3 ) GLOBAL_UNCERTAINTY_ASSIGNED_CONTEXT ( ( #1348 ) ) GLOBAL_UNIT_ASSIGNED_CONTEXT ( ( #34, #5049, #1172 ) ) REPRESENTATION_CONTEXT ( 'NONE', 'WORKASPACE' ) );
#1228 = LINE ( 'NONE', #4419, #7172 ) ;
#1229 = EDGE_CURVE ( 'NONE', #3159, #5479, #797, .T. ) ;
#1230 = AXIS2_PLACEMENT_3D ( 'NONE', #5808, #3591, #1339 ) ;
#1231 = EDGE_CURVE ( 'NONE', #3608, #3927, #4569, .T. ) ;
#1232 = VERTEX_POINT ( 'NONE', #174 ) ;
#1233 = FACE_OUTER_BOUND ( 'NONE', #1744, .T. ) ;
#1234 = ORIENTED_EDGE ( 'NONE', *, *, #4230, .F. ) ;
#1235 = CARTESIAN_POINT ( 'NONE',  ( 0.1375000000000000111, 0.6761146496819999685, 0.001000000000000000021 ) ) ;
#1236 = CARTESIAN_POINT ( 'NONE',  ( -0.5212101910830000406, 0.08006369426751999696, 0.8000000000000000444 ) ) ;
#1237 =( GEOMETRIC_REPRESENTATION_CONTEXT ( 3 ) GLOBAL_UNCERTAINTY_ASSIGNED_CONTEXT ( ( #2225 ) ) GLOBAL_UNIT_ASSIGNED_CONTEXT ( ( #3375, #6232, #5126 ) ) REPRESENTATION_CONTEXT ( 'NONE', 'WORKASPACE' ) );
#1238 = CARTESIAN_POINT ( 'NONE',  ( -0.9154730880654189384, 0.8304730880654189740, 0.7989999999999999325 ) ) ;
#1239 = ADVANCED_FACE ( 'NONE', ( #6435 ), #5264, .T. ) ;
#1240 = CARTESIAN_POINT ( 'NONE',  ( 0.05662420382166000188, -0.1222292993630000046, 0.8000000000000000444 ) ) ;
#1241 = ADVANCED_FACE ( 'NONE', ( #4200 ), #5930, .T. ) ;
#1242 = FILL_AREA_STYLE_COLOUR ( '', #6656 ) ;
#1243 = STYLED_ITEM ( 'NONE', ( #5594 ), #7237 ) ;
#1244 = ORIENTED_EDGE ( 'NONE', *, *, #4849, .T. ) ;
#1245 = VERTEX_POINT ( 'NONE', #3685 ) ;
#1246 = CARTESIAN_POINT ( 'NONE',  ( -1.699000000000000288, 0.8490000000000000879, 0.5250000000000000222 ) ) ;
#1247 = EDGE_LOOP ( 'NONE', ( #598, #707, #5015, #2673 ) ) ;
#1248 = LINE ( 'NONE', #4505, #4813 ) ;
#1249 = VECTOR ( 'NONE', #3606, 1000.000000000000000 ) ;
#1250 = FACE_OUTER_BOUND ( 'NONE', #981, .T. ) ;
#1251 = PLANE ( 'NONE',  #7028 ) ;
#1252 = ORIENTED_EDGE ( 'NONE', *, *, #733, .T. ) ;
#1253 = CARTESIAN_POINT ( 'NONE',  ( 0.7980254734264051741, 0.1802760033287502672, 0.7990000000000000435 ) ) ;
#1254 = CARTESIAN_POINT ( 'NONE',  ( -0.1901698513803333213, -0.4878768577493333702, 0.0000000000000000000 ) ) ;
#1255 = B_SPLINE_CURVE_WITH_KNOTS ( 'NONE', 3,
 ( #7165, #2148, #491, #4375 ),
 .UNSPECIFIED., .F., .F.,
 ( 4, 4 ),
 ( 0.0000000000000000000, 1.000000000000000000 ),
 .UNSPECIFIED. ) ;
#1256 = LINE ( 'NONE', #3889, #6452 ) ;
#1257 = CARTESIAN_POINT ( 'NONE',  ( -0.2995541401269999904, -0.3837579617830000345, 0.0000000000000000000 ) ) ;
#1258 = FILL_AREA_STYLE ('',( #2938 ) ) ;
#1259 = SURFACE_STYLE_FILL_AREA ( #2903 ) ;
#1260 = CARTESIAN_POINT ( 'NONE',  ( -0.4814649681529999947, -0.1298726114650000096, 0.8000000000000000444 ) ) ;
#1261 = ORIENTED_EDGE ( 'NONE', *, *, #6416, .F. ) ;
#1262 = CARTESIAN_POINT ( 'NONE',  ( -0.2154777070059999966, 0.2358598726109999988, 0.0009999999999999998040 ) ) ;
#1263 = DIRECTION ( 'NONE',  ( -1.000000000000000000, 0.0000000000000000000, -0.0000000000000000000 ) ) ;
#1264 = VERTEX_POINT ( 'NONE', #872 ) ;
#1265 = EDGE_CURVE ( 'NONE', #5006, #4995, #905, .T. ) ;
#1266 = CYLINDRICAL_SURFACE ( 'NONE', #6458, 0.02300000000000001696 ) ;
#1267 = CARTESIAN_POINT ( 'NONE',  ( 0.4712314238309042724, 0.3567515869562044029, 0.7990000000000000435 ) ) ;
#1268 = ORIENTED_EDGE ( 'NONE', *, *, #287, .T. ) ;
#1269 = CARTESIAN_POINT ( 'NONE',  ( 1.199999999999999956, -0.8170000000000000595, 0.7990000000000000435 ) ) ;
#1270 = VECTOR ( 'NONE', #6982, 1000.000000000000000 ) ;
#1271 = UNCERTAINTY_MEASURE_WITH_UNIT (LENGTH_MEASURE( 1.000000000000000082E-05 ), #5482, 'distance_accuracy_value', 'NONE');
#1272 = EDGE_LOOP ( 'NONE', ( #277, #2983, #1870, #1495 ) ) ;
#1273 = CARTESIAN_POINT ( 'NONE',  ( 0.05662420382165998106, -0.08617834394904000384, 0.0000000000000000000 ) ) ;
#1274 =( NAMED_UNIT ( * ) SI_UNIT ( $, .STERADIAN. ) SOLID_ANGLE_UNIT ( ) );
#1275 = EDGE_CURVE ( 'NONE', #3037, #1264, #5289, .T. ) ;
#1276 =( GEOMETRIC_REPRESENTATION_CONTEXT ( 3 ) GLOBAL_UNCERTAINTY_ASSIGNED_CONTEXT ( ( #1769 ) ) GLOBAL_UNIT_ASSIGNED_CONTEXT ( ( #3256, #2775, #1688 ) ) REPRESENTATION_CONTEXT ( 'NONE', 'WORKASPACE' ) );
#1277 = CARTESIAN_POINT ( 'NONE',  ( 1.199999999999999956, 0.8400000000000001910, 0.0000000000000000000 ) ) ;
#1278 = CARTESIAN_POINT ( 'NONE',  ( 1.699999999999999956, -0.8499999999999999778, 0.0000000000000000000 ) ) ;
#1279 = ADVANCED_FACE ( 'NONE', ( #5337 ), #320, .T. ) ;
#1280 = ORIENTED_EDGE ( 'NONE', *, *, #2927, .F. ) ;
#1281 = VECTOR ( 'NONE', #3322, 1000.000000000000000 ) ;
#1282 = CARTESIAN_POINT ( 'NONE',  ( -0.9252923940126573932, -0.8402923940126577618, 0.01079661132717866893 ) ) ;
#1283 = ORIENTED_EDGE ( 'NONE', *, *, #3157, .T. ) ;
#1284 = DIRECTION ( 'NONE',  ( -0.0000000000000000000, -0.0000000000000000000, -1.000000000000000000 ) ) ;
#1285 = ADVANCED_FACE ( 'NONE', ( #7138 ), #1716, .T. ) ;
#1286 = PRESENTATION_LAYER_ASSIGNMENT (  '', '', ( #3840 ) ) ;
#1287 =( NAMED_UNIT ( * ) PLANE_ANGLE_UNIT ( ) SI_UNIT ( $, .RADIAN. ) );
#1288 = DIRECTION ( 'NONE',  ( 0.0000000000000000000, 0.0000000000000000000, -1.000000000000000000 ) ) ;
#1289 = ORIENTED_EDGE ( 'NONE', *, *, #771, .F. ) ;
#1290 = DIRECTION ( 'NONE',  ( 0.0000000000000000000, -0.0000000000000000000, 1.000000000000000000 ) ) ;
#1291 =( GEOMETRIC_REPRESENTATION_CONTEXT ( 3 ) GLOBAL_UNCERTAINTY_ASSIGNED_CONTEXT ( ( #908 ) ) GLOBAL_UNIT_ASSIGNED_CONTEXT ( ( #1736, #152, #1839 ) ) REPRESENTATION_CONTEXT ( 'NONE', 'WORKASPACE' ) );
#1292 = CARTESIAN_POINT ( 'NONE',  ( 0.4260509554140000099, -0.3027388535030000605, 0.0009999999999999998040 ) ) ;
#1293 = CARTESIAN_POINT ( 'NONE',  ( 0.007707006369427000028, 0.3282165605099999772, 0.7990000000000000435 ) ) ;
#1294 = DIRECTION ( 'NONE',  ( -1.000000000000000000, -2.189528850507526673E-47, 8.900000000000000652E-16 ) ) ;
#1295 =( LENGTH_UNIT ( ) NAMED_UNIT ( * ) SI_UNIT ( .MILLI., .METRE. ) );
#1296 = ORIENTED_EDGE ( 'NONE', *, *, #2540, .T. ) ;
#1297 =( LENGTH_UNIT ( ) NAMED_UNIT ( * ) SI_UNIT ( .MILLI., .METRE. ) );
#1298 = CARTESIAN_POINT ( 'NONE',  ( -0.1497452229300000048, 0.3499999999999999778, 0.0000000000000000000 ) ) ;
#1299 = ORIENTED_EDGE ( 'NONE', *, *, #7248, .F. ) ;
#1300 = SURFACE_STYLE_FILL_AREA ( #819 ) ;
#1301 = STYLED_ITEM ( 'NONE', ( #1115 ), #2984 ) ;
#1302 = FILL_AREA_STYLE ('',( #6244 ) ) ;
#1303 = ORIENTED_EDGE ( 'NONE', *, *, #675, .T. ) ;
#1304 = SURFACE_STYLE_FILL_AREA ( #3427 ) ;
#1305 = COLOUR_RGB ( '',0.0000000000000000000, 0.0000000000000000000, 0.0000000000000000000 ) ;
#1306 = EDGE_CURVE ( 'NONE', #6543, #5854, #6695, .T. ) ;
#1307 = AXIS2_PLACEMENT_3D ( 'NONE', #2575, #4720, #6971 ) ;
#1308 = FILL_AREA_STYLE_COLOUR ( '', #3850 ) ;
#1309 = ORIENTED_EDGE ( 'NONE', *, *, #1138, .T. ) ;
#1310 = CARTESIAN_POINT ( 'NONE',  ( -0.4814649681529999947, 0.1298726114650000096, 0.0000000000000000000 ) ) ;
#1311 = CARTESIAN_POINT ( 'NONE',  ( 0.7638853503180000892, 0.2970063694269999832, 0.0000000000000000000 ) ) ;
#1312 = FACE_OUTER_BOUND ( 'NONE', #5412, .T. ) ;
#1313 = VECTOR ( 'NONE', #5821, 1000.000000000000000 ) ;
#1314 = VECTOR ( 'NONE', #101, 1000.000000000000000 ) ;
#1315 = DIRECTION ( 'NONE',  ( 0.0000000000000000000, 0.0000000000000000000, -1.000000000000000000 ) ) ;
#1316 = CARTESIAN_POINT ( 'NONE',  ( 0.5814649681529999725, -0.3837579617830000345, 0.0000000000000000000 ) ) ;
#1317 = ORIENTED_EDGE ( 'NONE', *, *, #3122, .F. ) ;
#1318 = EDGE_CURVE ( 'NONE', #6628, #7082, #4144, .T. ) ;
#1319 = CARTESIAN_POINT ( 'NONE',  ( -1.699999999999999956, 0.3500000000001428635, 0.0000000000000000000 ) ) ;
#1320 = ORIENTED_EDGE ( 'NONE', *, *, #2030, .F. ) ;
#1321 = LINE ( 'NONE', #3081, #6623 ) ;
#1322 = ORIENTED_EDGE ( 'NONE', *, *, #1811, .T. ) ;
#1323 = FACE_OUTER_BOUND ( 'NONE', #6484, .T. ) ;
#1324 = EDGE_CURVE ( 'NONE', #4607, #363, #6173, .T. ) ;
#1325 = ORIENTED_EDGE ( 'NONE', *, *, #1590, .F. ) ;
#1326 = ADVANCED_FACE ( 'NONE', ( #4382 ), #7078, .T. ) ;
#1327 = FACE_OUTER_BOUND ( 'NONE', #4751, .T. ) ;
#1328 = EDGE_LOOP ( 'NONE', ( #3103, #4942, #757, #6362 ) ) ;
#1329 = B_SPLINE_SURFACE_WITH_KNOTS ( 'NONE', 2, 1, ( 
 ( #5914, #4221 ),
 ( #5287, #6496 ),
 ( #271, #4726 ) ),
 .UNSPECIFIED., .F., .F., .F.,
 ( 3, 3 ),
 ( 2, 2 ),
 ( 0.0000000000000000000, 1.000000000000000000 ),
 ( 0.0000000000000000000, 1.000000000000000000 ),
 .UNSPECIFIED. ) ;
#1330 = CARTESIAN_POINT ( 'NONE',  ( -0.08401273885349999637, -0.07445859872611000629, 0.005000000000000000104 ) ) ;
#1331 = FILL_AREA_STYLE_COLOUR ( '', #4346 ) ;
#1332 = PLANE ( 'NONE',  #3514 ) ;
#1333 = CARTESIAN_POINT ( 'NONE',  ( -0.2124203821660000102, 0.4978980891720000690, 0.7990000000000000435 ) ) ;
#1334 = STYLED_ITEM ( 'NONE', ( #5977 ), #5619 ) ;
#1335 = FILL_AREA_STYLE ('',( #4723 ) ) ;
#1336 = EDGE_CURVE ( 'NONE', #2245, #4363, #497, .T. ) ;
#1337 = LINE ( 'NONE', #5356, #6786 ) ;
#1338 = VERTEX_POINT ( 'NONE', #1129 ) ;
#1339 = DIRECTION ( 'NONE',  ( 0.0000000000000000000, 0.0000000000000000000, 1.000000000000000000 ) ) ;
#1340 = VERTEX_POINT ( 'NONE', #5591 ) ;
#1341 = SURFACE_STYLE_USAGE ( .BOTH. , #273 ) ;
#1342 =( NAMED_UNIT ( * ) PLANE_ANGLE_UNIT ( ) SI_UNIT ( $, .RADIAN. ) );
#1343 = CARTESIAN_POINT ( 'NONE',  ( 0.9386624203819999845, 0.08006369426751999696, 0.7990000000000000435 ) ) ;
#1344 = ORIENTED_EDGE ( 'NONE', *, *, #1200, .T. ) ;
#1345 = CARTESIAN_POINT ( 'NONE',  ( 0.7980254777070000527, -0.07802547770701000196, 0.001000000000000000021 ) ) ;
#1346 = AXIS2_PLACEMENT_3D ( 'NONE', #6485, #6593, #4246 ) ;
#1347 =( NAMED_UNIT ( * ) PLANE_ANGLE_UNIT ( ) SI_UNIT ( $, .RADIAN. ) );
#1348 = UNCERTAINTY_MEASURE_WITH_UNIT (LENGTH_MEASURE( 1.000000000000000082E-05 ), #34, 'distance_accuracy_value', 'NONE');
#1349 = EDGE_LOOP ( 'NONE', ( #2329, #75, #5678, #3983, #865 ) ) ;
#1350 = CARTESIAN_POINT ( 'NONE',  ( -0.5212101910830000406, -0.06515923566879000539, 0.7990000000000000435 ) ) ;
#1351 = B_SPLINE_CURVE_WITH_KNOTS ( 'NONE', 3,
 ( #7011, #337, #4218, #1965 ),
 .UNSPECIFIED., .F., .F.,
 ( 4, 4 ),
 ( 0.0000000000000000000, 1.000000000000000000 ),
 .UNSPECIFIED. ) ;
#1352 = CARTESIAN_POINT ( 'NONE',  ( 1.699999999999999956, -0.8490000000000000879, 0.1250000000000000000 ) ) ;
#1353 = VECTOR ( 'NONE', #1671, 1000.000000000000000 ) ;
#1354 = DIRECTION ( 'NONE',  ( -8.900000000000000652E-16, -0.0000000000000000000, -1.000000000000000000 ) ) ;
#1355 = DIRECTION ( 'NONE',  ( -0.0000000000000000000, -0.0000000000000000000, -1.000000000000000000 ) ) ;
#1356 = VERTEX_POINT ( 'NONE', #570 ) ;
#1357 = SURFACE_SIDE_STYLE ('',( #389 ) ) ;
#1358 = VERTEX_POINT ( 'NONE', #5035 ) ;
#1359 = VECTOR ( 'NONE', #263, 1000.000000000000000 ) ;
#1360 = SURFACE_STYLE_USAGE ( .BOTH. , #5712 ) ;
#1361 = EDGE_LOOP ( 'NONE', ( #108, #5346, #1424, #5790, #1150, #4702, #324, #3913, #541, #3215, #5605, #4902, #1320, #3018, #3224 ) ) ;
#1362 = CARTESIAN_POINT ( 'NONE',  ( 0.3582802547769999846, -0.08808917197452000025, 0.7990000000000000435 ) ) ;
#1363 = EDGE_CURVE ( 'NONE', #2999, #234, #3615, .T. ) ;
#1364 = AXIS2_PLACEMENT_3D ( 'NONE', #4819, #3790, #2053 ) ;
#1365 = ORIENTED_EDGE ( 'NONE', *, *, #1910, .F. ) ;
#1366 = CARTESIAN_POINT ( 'NONE',  ( 0.6473673030023087138, -0.3499999964654881834, 0.7990000000000000435 ) ) ;
#1367 = VERTEX_POINT ( 'NONE', #2263 ) ;
#1368 = CARTESIAN_POINT ( 'NONE',  ( 1.699999999999999956, 0.5500000000000000444, 0.2750000000000000222 ) ) ;
#1369 = CARTESIAN_POINT ( 'NONE',  ( 0.3715286624200000443, -0.2465605095540000236, 0.8000000000000000444 ) ) ;
#1370 = FACE_OUTER_BOUND ( 'NONE', #78, .T. ) ;
#1371 = EDGE_CURVE ( 'NONE', #1971, #3888, #2881, .T. ) ;
#1372 =( NAMED_UNIT ( * ) SI_UNIT ( $, .STERADIAN. ) SOLID_ANGLE_UNIT ( ) );
#1373 = VECTOR ( 'NONE', #3276, 1000.000000000000000 ) ;
#1374 = LINE ( 'NONE', #2709, #3146 ) ;
#1375 = DIRECTION ( 'NONE',  ( 0.0000000000000000000, 0.0000000000000000000, 1.000000000000000000 ) ) ;
#1376 = ORIENTED_EDGE ( 'NONE', *, *, #6177, .T. ) ;
#1377 = LINE ( 'NONE', #2506, #1707 ) ;
#1378 = CARTESIAN_POINT ( 'NONE',  ( -0.4814649681529999947, -0.1298726114650000096, 0.7990000000000001545 ) ) ;
#1379 = EDGE_CURVE ( 'NONE', #3574, #4361, #2407, .T. ) ;
#1380 =( NAMED_UNIT ( * ) SI_UNIT ( $, .STERADIAN. ) SOLID_ANGLE_UNIT ( ) );
#1381 = EDGE_CURVE ( 'NONE', #3888, #3280, #133, .T. ) ;
#1382 = FILL_AREA_STYLE ('',( #2435 ) ) ;
#1383 = CARTESIAN_POINT ( 'NONE',  ( -0.4381528662420000608, -0.3499999999999999778, 0.7990000000000000435 ) ) ;
#1384 = ORIENTED_EDGE ( 'NONE', *, *, #204, .F. ) ;
#1385 = CARTESIAN_POINT ( 'NONE',  ( -0.5212101910830000406, -0.08006369426751999696, 0.0000000000000000000 ) ) ;
#1386 = PLANE ( 'NONE',  #478 ) ;
#1387 = ORIENTED_EDGE ( 'NONE', *, *, #3446, .F. ) ;
#1388 = DIRECTION ( 'NONE',  ( 0.0000000000000000000, 2.699999999999999993E-16, 1.000000000000000000 ) ) ;
#1389 = CARTESIAN_POINT ( 'NONE',  ( 0.3582802547769999846, -0.06681528662419999876, 0.0009999999999999998040 ) ) ;
#1390 = CARTESIAN_POINT ( 'NONE',  ( -2.000000000000000143E-17, -0.8489999999999999769, 0.6750000000000000444 ) ) ;
#1391 = B_SPLINE_SURFACE_WITH_KNOTS ( 'NONE', 2, 1, ( 
 ( #1728, #3943 ),
 ( #617, #5331 ),
 ( #279, #3643 ) ),
 .UNSPECIFIED., .F., .F., .F.,
 ( 3, 3 ),
 ( 2, 2 ),
 ( 0.0000000000000000000, 1.000000000000000000 ),
 ( 0.0000000000000000000, 1.000000000000000000 ),
 .UNSPECIFIED. ) ;
#1392 =( NAMED_UNIT ( * ) SI_UNIT ( $, .STERADIAN. ) SOLID_ANGLE_UNIT ( ) );
#1393 = EDGE_LOOP ( 'NONE', ( #2874, #759, #3563, #4168 ) ) ;
#1394 = ORIENTED_EDGE ( 'NONE', *, *, #3122, .T. ) ;
#1395 = DIRECTION ( 'NONE',  ( 0.0000000000000000000, -1.000000000000000000, -0.0000000000000000000 ) ) ;
#1396 = ORIENTED_EDGE ( 'NONE', *, *, #54, .F. ) ;
#1397 = MECHANICAL_DESIGN_GEOMETRIC_PRESENTATION_REPRESENTATION (  '', ( #6651 ), #4062 ) ;
#1398 = EDGE_LOOP ( 'NONE', ( #5048, #3750, #7139, #3495 ) ) ;
#1399 = VECTOR ( 'NONE', #1355, 1000.000000000000000 ) ;
#1400 = FILL_AREA_STYLE ('',( #808 ) ) ;
#1401 = CARTESIAN_POINT ( 'NONE',  ( -0.6475796178339999765, 0.7914012738850000339, 0.8000000000000000444 ) ) ;
#1402 = ORIENTED_EDGE ( 'NONE', *, *, #5885, .F. ) ;
#1403 = EDGE_CURVE ( 'NONE', #2968, #6228, #2441, .T. ) ;
#1404 = SURFACE_STYLE_USAGE ( .BOTH. , #3620 ) ;
#1405 = CARTESIAN_POINT ( 'NONE',  ( 0.6473673030023087138, 0.3499999964654881834, 0.001000000000000000021 ) ) ;
#1406 = DIRECTION ( 'NONE',  ( 0.0000000000000000000, -1.000000000000000000, -0.0000000000000000000 ) ) ;
#1407 = CARTESIAN_POINT ( 'NONE',  ( -0.1456687898089999988, 0.4678343949039999727, 0.8000000000000000444 ) ) ;
#1408 = CARTESIAN_POINT ( 'NONE',  ( -1.449999999999999956, 0.8499999999999999778, 0.2750000000000000222 ) ) ;
#1409 = SURFACE_STYLE_FILL_AREA ( #777 ) ;
#1410 = ORIENTED_EDGE ( 'NONE', *, *, #6790, .F. ) ;
#1411 = ADVANCED_FACE ( 'NONE', ( #2297 ), #6209, .T. ) ;
#1412 = COLOUR_RGB ( '',0.0000000000000000000, 0.7843137254901960675, 0.4980392156862745168 ) ;
#1413 = LINE ( 'NONE', #2432, #5558 ) ;
#1414 = CARTESIAN_POINT ( 'NONE',  ( 0.4248619957536666769, -0.3012526539276666471, 0.8000000000000000444 ) ) ;
#1415 = SURFACE_SIDE_STYLE ('',( #6423 ) ) ;
#1416 = FACE_OUTER_BOUND ( 'NONE', #6338, .T. ) ;
#1417 = MECHANICAL_DESIGN_GEOMETRIC_PRESENTATION_REPRESENTATION (  '', ( #2114 ), #1291 ) ;
#1418 = EDGE_CURVE ( 'NONE', #6259, #5797, #6279, .T. ) ;
#1419 = CARTESIAN_POINT ( 'NONE',  ( 0.03216560509553998554, 0.2507643312100000244, 0.8000000000000000444 ) ) ;
#1420 = ORIENTED_EDGE ( 'NONE', *, *, #5355, .F. ) ;
#1421 = CARTESIAN_POINT ( 'NONE',  ( 0.7322929936309999777, 0.1594267515920000100, 0.001000000000000000021 ) ) ;
#1422 = EDGE_CURVE ( 'NONE', #5201, #2961, #2328, .T. ) ;
#1423 = CARTESIAN_POINT ( 'NONE',  ( -0.1456687898089999988, 0.4678343949039999727, 0.7990000000000000435 ) ) ;
#1424 = ORIENTED_EDGE ( 'NONE', *, *, #991, .F. ) ;
#1425 = LINE ( 'NONE', #4121, #5745 ) ;
#1426 = VECTOR ( 'NONE', #1045, 1000.000000000000000 ) ;
#1427 = B_SPLINE_CURVE_WITH_KNOTS ( 'NONE', 3,
 ( #1001, #3839, #3733, #2655 ),
 .UNSPECIFIED., .F., .F.,
 ( 4, 4 ),
 ( 0.0000000000000000000, 1.000000000000000000 ),
 .UNSPECIFIED. ) ;
#1428 = CARTESIAN_POINT ( 'NONE',  ( 0.5845222929940000478, 0.3499999999999999778, 0.0000000000000000000 ) ) ;
#1429 = CARTESIAN_POINT ( 'NONE',  ( -0.6475796178339999765, 0.3499999999999999778, 0.0000000000000000000 ) ) ;
#1430 = AXIS2_PLACEMENT_3D ( 'NONE', #485, #2761, #3377 ) ;
#1431 = CARTESIAN_POINT ( 'NONE',  ( 0.04847133757961998024, 0.1994692144373333698, 0.8000000000000000444 ) ) ;
#1432 = AXIS2_PLACEMENT_3D ( 'NONE', #6949, #2483, #281 ) ;
#1433 = PRESENTATION_STYLE_ASSIGNMENT (( #2050 ) ) ;
#1434 = VERTEX_POINT ( 'NONE', #6803 ) ;
#1435 = ORIENTED_EDGE ( 'NONE', *, *, #6421, .T. ) ;
#1436 = DIRECTION ( 'NONE',  ( -0.0000000000000000000, 1.000000000000000000, 0.0000000000000000000 ) ) ;
#1437 = EDGE_LOOP ( 'NONE', ( #1533, #6349, #1778, #520 ) ) ;
#1438 = PRESENTATION_STYLE_ASSIGNMENT (( #5865 ) ) ;
#1439 =( GEOMETRIC_REPRESENTATION_CONTEXT ( 3 ) GLOBAL_UNCERTAINTY_ASSIGNED_CONTEXT ( ( #750 ) ) GLOBAL_UNIT_ASSIGNED_CONTEXT ( ( #6023, #4442, #7238 ) ) REPRESENTATION_CONTEXT ( 'NONE', 'WORKASPACE' ) );
#1440 = EDGE_LOOP ( 'NONE', ( #111, #5366, #6666, #4309 ) ) ;
#1441 = VECTOR ( 'NONE', #5119, 1000.000000000000000 ) ;
#1442 = FACE_OUTER_BOUND ( 'NONE', #5136, .T. ) ;
#1443 = FILL_AREA_STYLE_COLOUR ( '', #2227 ) ;
#1444 = ORIENTED_EDGE ( 'NONE', *, *, #3549, .F. ) ;
#1445 = CARTESIAN_POINT ( 'NONE',  ( 0.7638853503180000892, 0.2970063694269999832, 0.0009999999999999998040 ) ) ;
#1446 = CARTESIAN_POINT ( 'NONE',  ( 0.1375000000000000111, 0.3499999999999999778, 0.001000000000000000021 ) ) ;
#1447 = AXIS2_PLACEMENT_3D ( 'NONE', #6800, #2219, #6276 ) ;
#1448 = COLOUR_RGB ( '',0.0000000000000000000, 0.7843137254901960675, 0.4980392156862745168 ) ;
#1449 = DIRECTION ( 'NONE',  ( 0.0000000000000000000, -0.0000000000000000000, -1.000000000000000000 ) ) ;
#1450 = ORIENTED_EDGE ( 'NONE', *, *, #3485, .T. ) ;
#1451 = CARTESIAN_POINT ( 'NONE',  ( 0.5753503184710000440, 0.2358598726109999988, 0.001000000000000000021 ) ) ;
#1452 = LINE ( 'NONE', #3670, #361 ) ;
#1453 = DIRECTION ( 'NONE',  ( 0.0000000000000000000, -0.0000000000000000000, -1.000000000000000000 ) ) ;
#1454 = CARTESIAN_POINT ( 'NONE',  ( 1.699999999999999956, -0.8499999999999999778, 0.1250000000000000000 ) ) ;
#1455 = B_SPLINE_SURFACE_WITH_KNOTS ( 'NONE', 2, 1, ( 
 ( #2674, #3691 ),
 ( #3252, #3113 ),
 ( #911, #5966 ) ),
 .UNSPECIFIED., .F., .F., .F.,
 ( 3, 3 ),
 ( 2, 2 ),
 ( 0.0000000000000000000, 1.000000000000000000 ),
 ( 0.0000000000000000000, 1.000000000000000000 ),
 .UNSPECIFIED. ) ;
#1456 = EDGE_CURVE ( 'NONE', #5674, #863, #3482, .T. ) ;
#1457 = CARTESIAN_POINT ( 'NONE',  ( 0.6913588110403333653, 0.3582802547766666401, 0.8000000000000000444 ) ) ;
#1458 = ORIENTED_EDGE ( 'NONE', *, *, #1223, .T. ) ;
#1459 = B_SPLINE_CURVE_WITH_KNOTS ( 'NONE', 3,
 ( #2910, #6732, #5182, #1715 ),
 .UNSPECIFIED., .F., .F.,
 ( 4, 4 ),
 ( 0.0000000000000000000, 1.000000000000000000 ),
 .UNSPECIFIED. ) ;
#1460 = CARTESIAN_POINT ( 'NONE',  ( -0.5212101910830000406, 0.1785774946918400052, 0.8000000000000000444 ) ) ;
#1461 = CARTESIAN_POINT ( 'NONE',  ( 0.4851592356689999885, 0.2358598726109999988, 0.0000000000000000000 ) ) ;
#1462 = ORIENTED_EDGE ( 'NONE', *, *, #2097, .T. ) ;
#1463 = CARTESIAN_POINT ( 'NONE',  ( 0.5230360934183333477, 0.3837579617830000345, 0.8000000000000000444 ) ) ;
#1464 = EDGE_CURVE ( 'NONE', #836, #5295, #5665, .T. ) ;
#1465 = CARTESIAN_POINT ( 'NONE',  ( 0.5230360934183333477, -0.3837579617830000345, 0.0000000000000000000 ) ) ;
#1466 = ADVANCED_FACE ( 'NONE', ( #1233 ), #1521, .T. ) ;
#1467 = STYLED_ITEM ( 'NONE', ( #3541 ), #6050 ) ;
#1468 = LINE ( 'NONE', #2048, #3463 ) ;
#1469 = FILL_AREA_STYLE_COLOUR ( '', #7129 ) ;
#1470 = EDGE_LOOP ( 'NONE', ( #4074, #6944, #6407, #5568 ) ) ;
#1471 = ORIENTED_EDGE ( 'NONE', *, *, #3462, .F. ) ;
#1472 = LINE ( 'NONE', #5965, #5425 ) ;
#1473 = SURFACE_STYLE_USAGE ( .BOTH. , #7177 ) ;
#1474 = CARTESIAN_POINT ( 'NONE',  ( 0.3715286624200000443, 0.6761146496819999685, 0.0000000000000000000 ) ) ;
#1475 = MECHANICAL_DESIGN_GEOMETRIC_PRESENTATION_REPRESENTATION (  '', ( #5318 ), #1227 ) ;
#1476 = EDGE_CURVE ( 'NONE', #5415, #6671, #747, .T. ) ;
#1477 = MECHANICAL_DESIGN_GEOMETRIC_PRESENTATION_REPRESENTATION (  '', ( #4842 ), #4386 ) ;
#1478 = ORIENTED_EDGE ( 'NONE', *, *, #6924, .F. ) ;
#1479 = SURFACE_STYLE_USAGE ( .BOTH. , #5938 ) ;
#1480 = LINE ( 'NONE', #4392, #6083 ) ;
#1481 = ORIENTED_EDGE ( 'NONE', *, *, #735, .T. ) ;
#1482 = DIRECTION ( 'NONE',  ( 0.0000000000000000000, -0.0000000000000000000, -1.000000000000000000 ) ) ;
#1483 = EDGE_LOOP ( 'NONE', ( #5321, #5418, #2710, #4322, #4525, #1781, #2907, #5255 ) ) ;
#1484 = CARTESIAN_POINT ( 'NONE',  ( 0.05662420382166000882, -0.08617834394904000384, 0.0009999999999999998040 ) ) ;
#1485 = VECTOR ( 'NONE', #415, 1000.000000000000000 ) ;
#1486 = CARTESIAN_POINT ( 'NONE',  ( 0.05662420382166000882, -0.08617834394904000384, 0.0009999999999999998040 ) ) ;
#1487 = LINE ( 'NONE', #230, #935 ) ;
#1488 = ORIENTED_EDGE ( 'NONE', *, *, #3147, .T. ) ;
#1489 =( GEOMETRIC_REPRESENTATION_CONTEXT ( 3 ) GLOBAL_UNCERTAINTY_ASSIGNED_CONTEXT ( ( #4348 ) ) GLOBAL_UNIT_ASSIGNED_CONTEXT ( ( #74, #1216, #2818 ) ) REPRESENTATION_CONTEXT ( 'NONE', 'WORKASPACE' ) );
#1490 = LINE ( 'NONE', #1886, #2174 ) ;
#1491 = DIRECTION ( 'NONE',  ( 1.000000000000000000, -0.0000000000000000000, 0.0000000000000000000 ) ) ;
#1492 =( BOUNDED_CURVE ( )  B_SPLINE_CURVE ( 3, ( #1723, #1238, #3936, #643 ),
 .UNSPECIFIED., .F., .T. ) 
 B_SPLINE_CURVE_WITH_KNOTS ( ( 4, 4 ),
 ( 4.712388980384689674, 6.283185307179586232 ),
 .UNSPECIFIED. ) 
 CURVE ( )  GEOMETRIC_REPRESENTATION_ITEM ( )  RATIONAL_B_SPLINE_CURVE ( ( 1.000000000000000000, 0.8047378541243649375, 0.8047378541243649375, 1.000000000000000000 ) ) 
 REPRESENTATION_ITEM ( '' )  );
#1493 = PRESENTATION_STYLE_ASSIGNMENT (( #3132 ) ) ;
#1494 = LINE ( 'NONE', #4226, #3600 ) ;
#1495 = ORIENTED_EDGE ( 'NONE', *, *, #1734, .F. ) ;
#1496 = CARTESIAN_POINT ( 'NONE',  ( 0.5845222929940000478, 0.3499999999999999778, 0.0009999999999999998040 ) ) ;
#1497 = DIRECTION ( 'NONE',  ( 1.000000000000000000, 0.0000000000000000000, 0.0000000000000000000 ) ) ;
#1498 =( GEOMETRIC_REPRESENTATION_CONTEXT ( 3 ) GLOBAL_UNCERTAINTY_ASSIGNED_CONTEXT ( ( #2932 ) ) GLOBAL_UNIT_ASSIGNED_CONTEXT ( ( #717, #6876, #1169 ) ) REPRESENTATION_CONTEXT ( 'NONE', 'WORKASPACE' ) );
#1499 = ORIENTED_EDGE ( 'NONE', *, *, #3859, .T. ) ;
#1500 = CARTESIAN_POINT ( 'NONE',  ( 0.9386624203819999845, 0.08006369426751999696, 0.8000000000000000444 ) ) ;
#1501 = EDGE_CURVE ( 'NONE', #2089, #5713, #7033, .T. ) ;
#1502 = SURFACE_SIDE_STYLE ('',( #6471 ) ) ;
#1503 = DIRECTION ( 'NONE',  ( 0.0000000000000000000, 0.0000000000000000000, -1.000000000000000000 ) ) ;
#1504 = ORIENTED_EDGE ( 'NONE', *, *, #5339, .F. ) ;
#1505 = UNCERTAINTY_MEASURE_WITH_UNIT (LENGTH_MEASURE( 1.000000000000000082E-05 ), #4769, 'distance_accuracy_value', 'NONE');
#1506 = ORIENTED_EDGE ( 'NONE', *, *, #6544, .F. ) ;
#1507 = EDGE_CURVE ( 'NONE', #6978, #499, #4665, .T. ) ;
#1508 = FILL_AREA_STYLE ('',( #5268 ) ) ;
#1509 = PRESENTATION_STYLE_ASSIGNMENT (( #4860 ) ) ;
#1510 = EDGE_CURVE ( 'NONE', #7042, #1067, #3561, .T. ) ;
#1511 = ORIENTED_EDGE ( 'NONE', *, *, #4791, .T. ) ;
#1512 = CARTESIAN_POINT ( 'NONE',  ( 0.7338216560510000264, 0.3073248407640000179, 0.7990000000000000435 ) ) ;
#1513 = SURFACE_SIDE_STYLE ('',( #988 ) ) ;
#1514 = ORIENTED_EDGE ( 'NONE', *, *, #2344, .T. ) ;
#1515 = EDGE_CURVE ( 'NONE', #6000, #3352, #3677, .T. ) ;
#1516 = STYLED_ITEM ( 'NONE', ( #2190 ), #517 ) ;
#1517 = CARTESIAN_POINT ( 'NONE',  ( 0.5753503184710000440, 0.2358598726109999988, 0.0000000000000000000 ) ) ;
#1518 = ORIENTED_EDGE ( 'NONE', *, *, #1684, .F. ) ;
#1519 = B_SPLINE_CURVE_WITH_KNOTS ( 'NONE', 3,
 ( #6351, #308, #5848, #6866 ),
 .UNSPECIFIED., .F., .F.,
 ( 4, 4 ),
 ( 0.0000000000000000000, 1.000000000000000000 ),
 .UNSPECIFIED. ) ;
#1520 =( GEOMETRIC_REPRESENTATION_CONTEXT ( 3 ) GLOBAL_UNCERTAINTY_ASSIGNED_CONTEXT ( ( #1113 ) ) GLOBAL_UNIT_ASSIGNED_CONTEXT ( ( #4179, #737, #6553 ) ) REPRESENTATION_CONTEXT ( 'NONE', 'WORKASPACE' ) );
#1521 = B_SPLINE_SURFACE_WITH_KNOTS ( 'NONE', 2, 1, ( 
 ( #708, #4526 ),
 ( #5776, #2952 ),
 ( #5184, #6312 ) ),
 .UNSPECIFIED., .F., .F., .F.,
 ( 3, 3 ),
 ( 2, 2 ),
 ( 0.0000000000000000000, 1.000000000000000000 ),
 ( 0.0000000000000000000, 1.000000000000000000 ),
 .UNSPECIFIED. ) ;
#1522 = LINE ( 'NONE', #6525, #6075 ) ;
#1523 = ORIENTED_EDGE ( 'NONE', *, *, #1734, .T. ) ;
#1524 = FACE_OUTER_BOUND ( 'NONE', #2890, .T. ) ;
#1525 = FILL_AREA_STYLE_COLOUR ( '', #6097 ) ;
#1526 = VECTOR ( 'NONE', #826, 1000.000000000000000 ) ;
#1527 = PLANE ( 'NONE',  #4224 ) ;
#1528 = SURFACE_STYLE_FILL_AREA ( #6056 ) ;
#1529 = VERTEX_POINT ( 'NONE', #4768 ) ;
#1530 = AXIS2_PLACEMENT_3D ( 'NONE', #1938, #1972, #311 ) ;
#1531 = DIRECTION ( 'NONE',  ( 0.0000000000000000000, -0.0000000000000000000, 1.000000000000000000 ) ) ;
#1532 = DIRECTION ( 'NONE',  ( -0.0000000000000000000, -1.200000000000000024E-16, -1.000000000000000000 ) ) ;
#1533 = ORIENTED_EDGE ( 'NONE', *, *, #4267, .T. ) ;
#1534 = CARTESIAN_POINT ( 'NONE',  ( 0.9386624203819999845, -0.04426751592356999859, 0.7990000000000000435 ) ) ;
#1535 = VECTOR ( 'NONE', #2611, 1000.000000000000000 ) ;
#1536 = SURFACE_STYLE_USAGE ( .BOTH. , #2597 ) ;
#1537 = EDGE_CURVE ( 'NONE', #4431, #1358, #3135, .T. ) ;
#1538 = LINE ( 'NONE', #3785, #3951 ) ;
#1539 = FILL_AREA_STYLE_COLOUR ( '', #1635 ) ;
#1540 = ORIENTED_EDGE ( 'NONE', *, *, #4135, .T. ) ;
#1541 = AXIS2_PLACEMENT_3D ( 'NONE', #5809, #3097, #5845 ) ;
#1542 = ORIENTED_EDGE ( 'NONE', *, *, #5560, .T. ) ;
#1543 = LINE ( 'NONE', #7176, #2977 ) ;
#1544 = FILL_AREA_STYLE_COLOUR ( '', #6701 ) ;
#1545 =( GEOMETRIC_REPRESENTATION_CONTEXT ( 3 ) GLOBAL_UNCERTAINTY_ASSIGNED_CONTEXT ( ( #2787 ) ) GLOBAL_UNIT_ASSIGNED_CONTEXT ( ( #3990, #1808, #6263 ) ) REPRESENTATION_CONTEXT ( 'NONE', 'WORKASPACE' ) );
#1546 = EDGE_CURVE ( 'NONE', #2581, #1626, #3171, .T. ) ;
#1547 = PLANE ( 'NONE',  #109 ) ;
#1548 = ORIENTED_EDGE ( 'NONE', *, *, #3961, .F. ) ;
#1549 = CARTESIAN_POINT ( 'NONE',  ( -0.9154730880654187164, -0.8304730880654189740, 0.7989999999999999325 ) ) ;
#1550 = CARTESIAN_POINT ( 'NONE',  ( -1.699999999999999956, 0.8499999999999999778, 0.0000000000000000000 ) ) ;
#1551 = ORIENTED_EDGE ( 'NONE', *, *, #557, .T. ) ;
#1552 = COLOUR_RGB ( '',0.7372549019607843590, 0.6039215686274509443, 0.0000000000000000000 ) ;
#1553 = SURFACE_SIDE_STYLE ('',( #7188 ) ) ;
#1554 = VERTEX_POINT ( 'NONE', #1385 ) ;
#1555 = CARTESIAN_POINT ( 'NONE',  ( -2.000000000000000143E-17, -0.8490000000000000879, 0.5250000000000000222 ) ) ;
#1556 = EDGE_CURVE ( 'NONE', #4033, #6554, #5921, .T. ) ;
#1557 = DIRECTION ( 'NONE',  ( 0.0000000000000000000, 1.000000000000000000, 0.0000000000000000000 ) ) ;
#1558 =( GEOMETRIC_REPRESENTATION_CONTEXT ( 3 ) GLOBAL_UNCERTAINTY_ASSIGNED_CONTEXT ( ( #3896 ) ) GLOBAL_UNIT_ASSIGNED_CONTEXT ( ( #4811, #2045, #974 ) ) REPRESENTATION_CONTEXT ( 'NONE', 'WORKASPACE' ) );
#1559 = ADVANCED_FACE ( 'NONE', ( #347 ), #5424, .T. ) ;
#1560 = SURFACE_STYLE_USAGE ( .BOTH. , #4832 ) ;
#1561 = ORIENTED_EDGE ( 'NONE', *, *, #5252, .T. ) ;
#1562 = CARTESIAN_POINT ( 'NONE',  ( -0.08401273885349999637, 0.07445859872611000629, 0.8000000000000000444 ) ) ;
#1563 = DIRECTION ( 'NONE',  ( 0.0000000000000000000, -1.000000000000000000, -0.0000000000000000000 ) ) ;
#1564 = MECHANICAL_DESIGN_GEOMETRIC_PRESENTATION_REPRESENTATION (  '', ( #4698 ), #3418 ) ;
#1565 = STYLED_ITEM ( 'NONE', ( #4531 ), #4090 ) ;
#1566 = FILL_AREA_STYLE ('',( #3807 ) ) ;
#1567 = DIRECTION ( 'NONE',  ( -0.0000000000000000000, 0.0000000000000000000, 1.000000000000000000 ) ) ;
#1568 = EDGE_CURVE ( 'NONE', #3703, #1737, #3029, .T. ) ;
#1569 = CARTESIAN_POINT ( 'NONE',  ( 1.699000000000000288, -0.5500000000000000444, 0.5250000000000000222 ) ) ;
#1570 = CARTESIAN_POINT ( 'NONE',  ( 1.699000000000000288, -0.8489999999999999769, 0.6750000000000000444 ) ) ;
#1571 = DIRECTION ( 'NONE',  ( 0.0000000000000000000, -0.0000000000000000000, -1.000000000000000000 ) ) ;
#1572 = ORIENTED_EDGE ( 'NONE', *, *, #5427, .F. ) ;
#1573 = CARTESIAN_POINT ( 'NONE',  ( 0.4221443736726666618, 0.4435456475586665448, 0.8000000000000000444 ) ) ;
#1574 = CARTESIAN_POINT ( 'NONE',  ( 1.199999999999999956, -0.8400000000000000799, 0.7760000000000000231 ) ) ;
#1575 = FACE_OUTER_BOUND ( 'NONE', #4065, .T. ) ;
#1576 = CARTESIAN_POINT ( 'NONE',  ( 0.03216560509553999941, -0.2507643312100000244, 0.0009999999999999998040 ) ) ;
#1577 = B_SPLINE_SURFACE_WITH_KNOTS ( 'NONE', 2, 1, ( 
 ( #864, #6534 ),
 ( #1461, #2481 ),
 ( #7066, #6947 ) ),
 .UNSPECIFIED., .F., .F., .F.,
 ( 3, 3 ),
 ( 2, 2 ),
 ( 0.0000000000000000000, 1.000000000000000000 ),
 ( 0.0000000000000000000, 1.000000000000000000 ),
 .UNSPECIFIED. ) ;
#1578 =( NAMED_UNIT ( * ) SI_UNIT ( $, .STERADIAN. ) SOLID_ANGLE_UNIT ( ) );
#1579 = ORIENTED_EDGE ( 'NONE', *, *, #5398, .F. ) ;
#1580 = ORIENTED_EDGE ( 'NONE', *, *, #3075, .F. ) ;
#1581 = FILL_AREA_STYLE_COLOUR ( '', #5784 ) ;
#1582 = CARTESIAN_POINT ( 'NONE',  ( -1.699999999999999956, 0.5500000000000000444, 0.0000000000000000000 ) ) ;
#1583 = CARTESIAN_POINT ( 'NONE',  ( 0.4639278149312406341, -0.2112314175815753203, 0.7990000000000000435 ) ) ;
#1584 = PRESENTATION_LAYER_ASSIGNMENT (  '', '', ( #2860 ) ) ;
#1585 = FACE_OUTER_BOUND ( 'NONE', #4581, .T. ) ;
#1586 = VERTEX_POINT ( 'NONE', #5330 ) ;
#1587 =( NAMED_UNIT ( * ) PLANE_ANGLE_UNIT ( ) SI_UNIT ( $, .RADIAN. ) );
#1588 = FILL_AREA_STYLE_COLOUR ( '', #302 ) ;
#1589 =( NAMED_UNIT ( * ) PLANE_ANGLE_UNIT ( ) SI_UNIT ( $, .RADIAN. ) );
#1590 = EDGE_CURVE ( 'NONE', #4239, #5490, #1090, .T. ) ;
#1591 = CARTESIAN_POINT ( 'NONE',  ( -0.04681528662420000875, 0.2363694267520000392, 0.0000000000000000000 ) ) ;
#1592 = ADVANCED_FACE ( 'NONE', ( #4735 ), #6945, .T. ) ;
#1593 = CARTESIAN_POINT ( 'NONE',  ( -1.699000000000000288, 0.8490000000000000879, 0.4000000000000000222 ) ) ;
#1594 = ORIENTED_EDGE ( 'NONE', *, *, #2221, .T. ) ;
#1595 = CARTESIAN_POINT ( 'NONE',  ( -1.699000000000000288, -0.8490000000000001990, 0.1250000000000000000 ) ) ;
#1596 = CARTESIAN_POINT ( 'NONE',  ( 0.7781528662419999742, 0.4443949044590000397, 0.7990000000000000435 ) ) ;
#1597 = MECHANICAL_DESIGN_GEOMETRIC_PRESENTATION_REPRESENTATION (  '', ( #3558 ), #3450 ) ;
#1598 = EDGE_CURVE ( 'NONE', #49, #4088, #4654, .T. ) ;
#1599 =( GEOMETRIC_REPRESENTATION_CONTEXT ( 3 ) GLOBAL_UNCERTAINTY_ASSIGNED_CONTEXT ( ( #1271 ) ) GLOBAL_UNIT_ASSIGNED_CONTEXT ( ( #5482, #1613, #3825 ) ) REPRESENTATION_CONTEXT ( 'NONE', 'WORKASPACE' ) );
#1600 = CARTESIAN_POINT ( 'NONE',  ( 0.3715286624200000443, -0.2465605095540000236, 0.7950000000000000400 ) ) ;
#1601 = CARTESIAN_POINT ( 'NONE',  ( -0.5100000000000000089, 0.3878343949040000127, 0.8000000000000000444 ) ) ;
#1602 = CARTESIAN_POINT ( 'NONE',  ( -0.5212101910830000406, 0.08006369426751999696, 0.8000000000000000444 ) ) ;
#1603 = FILL_AREA_STYLE_COLOUR ( '', #4618 ) ;
#1604 = CYLINDRICAL_SURFACE ( 'NONE', #4568, 0.02300000000000001696 ) ;
#1605 = ORIENTED_EDGE ( 'NONE', *, *, #6283, .F. ) ;
#1606 = EDGE_CURVE ( 'NONE', #6745, #2671, #2553, .T. ) ;
#1607 = CARTESIAN_POINT ( 'NONE',  ( 0.7638853503180000892, -0.2970063694269999832, 0.7990000000000000435 ) ) ;
#1608 = DIRECTION ( 'NONE',  ( 0.0000000000000000000, 1.000000000000000000, 0.0000000000000000000 ) ) ;
#1609 = VECTOR ( 'NONE', #4164, 1000.000000000000000 ) ;
#1610 = FILL_AREA_STYLE_COLOUR ( '', #5726 ) ;
#1611 = B_SPLINE_CURVE_WITH_KNOTS ( 'NONE', 3,
 ( #2504, #3128, #2580, #194 ),
 .UNSPECIFIED., .F., .F.,
 ( 4, 4 ),
 ( 0.0000000000000000000, 1.000000000000000000 ),
 .UNSPECIFIED. ) ;
#1612 = ORIENTED_EDGE ( 'NONE', *, *, #1104, .F. ) ;
#1613 =( NAMED_UNIT ( * ) PLANE_ANGLE_UNIT ( ) SI_UNIT ( $, .RADIAN. ) );
#1614 = CARTESIAN_POINT ( 'NONE',  ( -0.3902547770700000029, 0.3499999999999999223, 0.0000000000000000000 ) ) ;
#1615 = DIRECTION ( 'NONE',  ( -0.0000000000000000000, 2.699999999999999993E-16, 1.000000000000000000 ) ) ;
#1616 = CARTESIAN_POINT ( 'NONE',  ( 1.199999999999999956, -0.8499999999999999778, 0.0000000000000000000 ) ) ;
#1617 = ORIENTED_EDGE ( 'NONE', *, *, #3247, .F. ) ;
#1618 = DIRECTION ( 'NONE',  ( -1.299999999999999924E-16, 1.000000000000000000, -0.0000000000000000000 ) ) ;
#1619 = CARTESIAN_POINT ( 'NONE',  ( -0.1893205962124198671, -0.3586199525095363771, 0.001000000000000000021 ) ) ;
#1620 = VERTEX_POINT ( 'NONE', #5585 ) ;
#1621 = DIRECTION ( 'NONE',  ( 0.0000000000000000000, -1.000000000000000000, 0.0000000000000000000 ) ) ;
#1622 = DIRECTION ( 'NONE',  ( -1.000000000000000000, -0.0000000000000000000, -0.0000000000000000000 ) ) ;
#1623 = LINE ( 'NONE', #7267, #4258 ) ;
#1624 = ADVANCED_FACE ( 'NONE', ( #6573 ), #5468, .T. ) ;
#1625 = CARTESIAN_POINT ( 'NONE',  ( 0.4214649681529999969, 0.1619745222929999950, 0.0000000000000000000 ) ) ;
#1626 = VERTEX_POINT ( 'NONE', #451 ) ;
#1627 = CARTESIAN_POINT ( 'NONE',  ( 0.3808704883226666227, 0.2487261146496666520, 0.8000000000000000444 ) ) ;
#1628 = CARTESIAN_POINT ( 'NONE',  ( -0.08401273885349999637, 0.07993630573248000637, 0.0000000000000000000 ) ) ;
#1629 = FACE_OUTER_BOUND ( 'NONE', #3847, .T. ) ;
#1630 = STYLED_ITEM ( 'NONE', ( #3329 ), #1087 ) ;
#1631 = CARTESIAN_POINT ( 'NONE',  ( 1.449999999999999956, 0.8490000000000000879, 0.5250000000000000222 ) ) ;
#1632 = EDGE_CURVE ( 'NONE', #5892, #167, #2661, .T. ) ;
#1633 = CARTESIAN_POINT ( 'NONE',  ( 0.3888535039318007369, 0.4109341804152255029, 0.7990000000000000435 ) ) ;
#1634 = FACE_OUTER_BOUND ( 'NONE', #5642, .T. ) ;
#1635 = COLOUR_RGB ( '',0.7372549019607843590, 0.6039215686274509443, 0.0000000000000000000 ) ;
#1636 = SURFACE_STYLE_USAGE ( .BOTH. , #6027 ) ;
#1637 =( NAMED_UNIT ( * ) PLANE_ANGLE_UNIT ( ) SI_UNIT ( $, .RADIAN. ) );
#1638 = B_SPLINE_CURVE_WITH_KNOTS ( 'NONE', 3,
 ( #427, #461, #3246, #3285 ),
 .UNSPECIFIED., .F., .F.,
 ( 4, 4 ),
 ( 0.0000000000000000000, 1.000000000000000000 ),
 .UNSPECIFIED. ) ;
#1639 = EDGE_LOOP ( 'NONE', ( #4, #1027, #241, #5421 ) ) ;
#1640 = LINE ( 'NONE', #529, #7052 ) ;
#1641 = LINE ( 'NONE', #4449, #3187 ) ;
#1642 = PLANE ( 'NONE',  #2487 ) ;
#1643 = EDGE_CURVE ( 'NONE', #3916, #7089, #2694, .T. ) ;
#1644 = LINE ( 'NONE', #3747, #2783 ) ;
#1645 = ADVANCED_FACE ( 'NONE', ( #1634 ), #6535, .T. ) ;
#1646 = ORIENTED_EDGE ( 'NONE', *, *, #6018, .T. ) ;
#1647 = CARTESIAN_POINT ( 'NONE',  ( 0.7980254777070000527, -0.07802547770701000196, 0.005000000000000000104 ) ) ;
#1648 = LINE ( 'NONE', #7257, #6222 ) ;
#1649 = CARTESIAN_POINT ( 'NONE',  ( 0.8978980891719999802, -0.2935668789809999790, 0.0009999999999999998040 ) ) ;
#1650 =( GEOMETRIC_REPRESENTATION_CONTEXT ( 3 ) GLOBAL_UNCERTAINTY_ASSIGNED_CONTEXT ( ( #2602 ) ) GLOBAL_UNIT_ASSIGNED_CONTEXT ( ( #3868, #1347, #2857 ) ) REPRESENTATION_CONTEXT ( 'NONE', 'WORKASPACE' ) );
#1651 = DIRECTION ( 'NONE',  ( 0.0000000000000000000, -0.0000000000000000000, 1.000000000000000000 ) ) ;
#1652 = VERTEX_POINT ( 'NONE', #13 ) ;
#1653 = ORIENTED_EDGE ( 'NONE', *, *, #2928, .F. ) ;
#1654 = SURFACE_STYLE_FILL_AREA ( #5641 ) ;
#1655 = ORIENTED_EDGE ( 'NONE', *, *, #3539, .T. ) ;
#1656 = CARTESIAN_POINT ( 'NONE',  ( 0.8206157112526668573, 0.2616772823783333202, 0.0000000000000000000 ) ) ;
#1657 =( GEOMETRIC_REPRESENTATION_CONTEXT ( 3 ) GLOBAL_UNCERTAINTY_ASSIGNED_CONTEXT ( ( #3177 ) ) GLOBAL_UNIT_ASSIGNED_CONTEXT ( ( #156, #3917, #1186 ) ) REPRESENTATION_CONTEXT ( 'NONE', 'WORKASPACE' ) );
#1658 = LINE ( 'NONE', #7192, #5666 ) ;
#1659 = DIRECTION ( 'NONE',  ( -1.000000000000000000, -0.0000000000000000000, -0.0000000000000000000 ) ) ;
#1660 = PLANE ( 'NONE',  #2916 ) ;
#1661 = ORIENTED_EDGE ( 'NONE', *, *, #6703, .F. ) ;
#1662 = LINE ( 'NONE', #5498, #642 ) ;
#1663 = SURFACE_SIDE_STYLE ('',( #4984 ) ) ;
#1664 = CARTESIAN_POINT ( 'NONE',  ( 1.449999999999999956, -0.8490000000000000879, 0.2750000000000000222 ) ) ;
#1665 = VECTOR ( 'NONE', #102, 1000.000000000000000 ) ;
#1666 = FACE_OUTER_BOUND ( 'NONE', #4240, .T. ) ;
#1667 = CARTESIAN_POINT ( 'NONE',  ( 0.8576433121019999550, 0.3908917197449999770, 0.8000000000000000444 ) ) ;
#1668 = CARTESIAN_POINT ( 'NONE',  ( 0.3592993630569999985, -0.3674522292990000105, 0.005000000000000000104 ) ) ;
#1669 = STYLED_ITEM ( 'NONE', ( #2549 ), #5263 ) ;
#1670 = VECTOR ( 'NONE', #948, 1000.000000000000000 ) ;
#1671 = DIRECTION ( 'NONE',  ( 1.000000000000000000, -0.0000000000000000000, -0.0000000000000000000 ) ) ;
#1672 = CARTESIAN_POINT ( 'NONE',  ( 0.0000000000000000000, 0.8499999999999999778, 0.8000000000000000444 ) ) ;
#1673 = ORIENTED_EDGE ( 'NONE', *, *, #3821, .T. ) ;
#1674 = CARTESIAN_POINT ( 'NONE',  ( 0.6670700636940000150, 0.2358598726109999988, 0.0000000000000000000 ) ) ;
#1675 = DIRECTION ( 'NONE',  ( -0.0000000000000000000, -0.0000000000000000000, 1.000000000000000000 ) ) ;
#1676 = EDGE_CURVE ( 'NONE', #3570, #167, #7202, .T. ) ;
#1677 = CARTESIAN_POINT ( 'NONE',  ( 0.9386624203819999845, -0.08006369426751999696, 0.0000000000000000000 ) ) ;
#1678 = CARTESIAN_POINT ( 'NONE',  ( 0.3715286624200000443, -3.000000000000000061E-17, 0.7990000000000000435 ) ) ;
#1679 = CARTESIAN_POINT ( 'NONE',  ( 1.699999999999999956, -0.8499999999999999778, 0.0000000000000000000 ) ) ;
#1680 = EDGE_CURVE ( 'NONE', #6777, #177, #3266, .T. ) ;
#1681 = VERTEX_POINT ( 'NONE', #4335 ) ;
#1682 = LINE ( 'NONE', #1235, #480 ) ;
#1683 = LINE ( 'NONE', #6736, #3413 ) ;
#1684 = EDGE_CURVE ( 'NONE', #1120, #2512, #1255, .T. ) ;
#1685 = DIRECTION ( 'NONE',  ( 0.0000000000000000000, 0.0000000000000000000, 1.000000000000000000 ) ) ;
#1686 = VECTOR ( 'NONE', #2502, 1000.000000000000000 ) ;
#1687 = CARTESIAN_POINT ( 'NONE',  ( -0.9250000000000000444, 0.8400000000000000799, 0.7750000000000001332 ) ) ;
#1688 =( NAMED_UNIT ( * ) SI_UNIT ( $, .STERADIAN. ) SOLID_ANGLE_UNIT ( ) );
#1689 = ORIENTED_EDGE ( 'NONE', *, *, #4946, .T. ) ;
#1690 = SURFACE_STYLE_USAGE ( .BOTH. , #6180 ) ;
#1691 = LINE ( 'NONE', #3398, #7032 ) ;
#1692 = ORIENTED_EDGE ( 'NONE', *, *, #5705, .T. ) ;
#1693 = LINE ( 'NONE', #2780, #4397 ) ;
#1694 =( NAMED_UNIT ( * ) SI_UNIT ( $, .STERADIAN. ) SOLID_ANGLE_UNIT ( ) );
#1695 = MECHANICAL_DESIGN_GEOMETRIC_PRESENTATION_REPRESENTATION (  '', ( #1467 ), #1939 ) ;
#1696 = EDGE_CURVE ( 'NONE', #2574, #1245, #2727, .T. ) ;
#1697 = CARTESIAN_POINT ( 'NONE',  ( -1.699999999999999956, 0.8499999999999999778, 0.2750000000000000222 ) ) ;
#1698 = VECTOR ( 'NONE', #3867, 1000.000000000000000 ) ;
#1699 = PRESENTATION_STYLE_ASSIGNMENT (( #4580 ) ) ;
#1700 = PRESENTATION_STYLE_ASSIGNMENT (( #41 ) ) ;
#1701 = VERTEX_POINT ( 'NONE', #5546 ) ;
#1702 = UNCERTAINTY_MEASURE_WITH_UNIT (LENGTH_MEASURE( 1.000000000000000082E-05 ), #6840, 'distance_accuracy_value', 'NONE');
#1703 = SURFACE_STYLE_USAGE ( .BOTH. , #6124 ) ;
#1704 = CARTESIAN_POINT ( 'NONE',  ( 0.3715286624200000443, -0.6761146496819999685, 0.7950000000000000400 ) ) ;
#1705 =( GEOMETRIC_REPRESENTATION_CONTEXT ( 3 ) GLOBAL_UNCERTAINTY_ASSIGNED_CONTEXT ( ( #6621 ) ) GLOBAL_UNIT_ASSIGNED_CONTEXT ( ( #144, #2379, #2592 ) ) REPRESENTATION_CONTEXT ( 'NONE', 'WORKASPACE' ) );
#1706 = ORIENTED_EDGE ( 'NONE', *, *, #6734, .F. ) ;
#1707 = VECTOR ( 'NONE', #3058, 1000.000000000000000 ) ;
#1708 = CARTESIAN_POINT ( 'NONE',  ( -0.3056687898089999744, 0.2358598726109999988, 0.0000000000000000000 ) ) ;
#1709 =( LENGTH_UNIT ( ) NAMED_UNIT ( * ) SI_UNIT ( .MILLI., .METRE. ) );
#1710 = VERTEX_POINT ( 'NONE', #1570 ) ;
#1711 = CARTESIAN_POINT ( 'NONE',  ( 0.4612101910829999873, 0.3209554140129999844, 0.0009999999999999998040 ) ) ;
#1712 = B_SPLINE_CURVE_WITH_KNOTS ( 'NONE', 3,
 ( #3361, #2917, #3396, #4048 ),
 .UNSPECIFIED., .F., .F.,
 ( 4, 4 ),
 ( 0.0000000000000000000, 1.000000000000000000 ),
 .UNSPECIFIED. ) ;
#1713 = DIRECTION ( 'NONE',  ( 0.0000000000000000000, 1.000000000000000000, 0.0000000000000000000 ) ) ;
#1714 = VECTOR ( 'NONE', #5278, 1000.000000000000000 ) ;
#1715 = CARTESIAN_POINT ( 'NONE',  ( -0.4554777070059999877, 0.3057961783440000247, 0.8000000000000000444 ) ) ;
#1716 = PLANE ( 'NONE',  #5129 ) ;
#1717 = EDGE_CURVE ( 'NONE', #378, #3694, #6611, .T. ) ;
#1718 = UNCERTAINTY_MEASURE_WITH_UNIT (LENGTH_MEASURE( 1.000000000000000082E-05 ), #4900, 'distance_accuracy_value', 'NONE');
#1719 = ORIENTED_EDGE ( 'NONE', *, *, #2224, .T. ) ;
#1720 =( GEOMETRIC_REPRESENTATION_CONTEXT ( 3 ) GLOBAL_UNCERTAINTY_ASSIGNED_CONTEXT ( ( #4561 ) ) GLOBAL_UNIT_ASSIGNED_CONTEXT ( ( #6549, #982, #2640 ) ) REPRESENTATION_CONTEXT ( 'NONE', 'WORKASPACE' ) );
#1721 = DIRECTION ( 'NONE',  ( 0.0000000000000000000, -0.0000000000000000000, -1.000000000000000000 ) ) ;
#1722 =( BOUNDED_CURVE ( )  B_SPLINE_CURVE ( 3, ( #436, #1549, #3759, #6006 ),
 .UNSPECIFIED., .F., .F. ) 
 B_SPLINE_CURVE_WITH_KNOTS ( ( 4, 4 ),
 ( 4.712388980384689674, 6.283185307179586232 ),
 .UNSPECIFIED. ) 
 CURVE ( )  GEOMETRIC_REPRESENTATION_ITEM ( )  RATIONAL_B_SPLINE_CURVE ( ( 1.000000000000000000, 0.8047378541243649375, 0.8047378541243649375, 1.000000000000000000 ) ) 
 REPRESENTATION_ITEM ( '' )  );
#1723 = CARTESIAN_POINT ( 'NONE',  ( -0.9020000000000002460, 0.8170000000000000595, 0.7990000000000000435 ) ) ;
#1724 = CARTESIAN_POINT ( 'NONE',  ( 0.8978980891719999802, 0.2935668789809999790, 0.8000000000000000444 ) ) ;
#1725 =( LENGTH_UNIT ( ) NAMED_UNIT ( * ) SI_UNIT ( .MILLI., .METRE. ) );
#1726 = EDGE_LOOP ( 'NONE', ( #828, #577, #1872, #2193, #602, #327, #3129 ) ) ;
#1727 = EDGE_CURVE ( 'NONE', #3578, #4202, #2764, .T. ) ;
#1728 = CARTESIAN_POINT ( 'NONE',  ( -0.04681528662420000875, -0.2363694267520000392, 0.8000000000000000444 ) ) ;
#1729 = ORIENTED_EDGE ( 'NONE', *, *, #1381, .F. ) ;
#1730 = CARTESIAN_POINT ( 'NONE',  ( 0.4591719745220000370, 0.4652866242040000211, 0.8000000000000000444 ) ) ;
#1731 = EDGE_LOOP ( 'NONE', ( #6326, #3095, #4285, #915, #4570, #1410 ) ) ;
#1732 = CARTESIAN_POINT ( 'NONE',  ( 0.6986624203819999934, -0.4978980891720000690, 0.0000000000000000000 ) ) ;
#1733 = ADVANCED_FACE ( 'NONE', ( #4516 ), #2100, .T. ) ;
#1734 = EDGE_CURVE ( 'NONE', #4434, #3570, #2397, .T. ) ;
#1735 = CARTESIAN_POINT ( 'NONE',  ( 0.8938216560509999464, 0.1441401273890000057, 0.0009999999999999998040 ) ) ;
#1736 =( LENGTH_UNIT ( ) NAMED_UNIT ( * ) SI_UNIT ( .MILLI., .METRE. ) );
#1737 = VERTEX_POINT ( 'NONE', #1194 ) ;
#1738 = FILL_AREA_STYLE_COLOUR ( '', #4453 ) ;
#1739 = CARTESIAN_POINT ( 'NONE',  ( 0.4214649681529999969, -0.1619745222929999950, 0.7950000000000000400 ) ) ;
#1740 = CARTESIAN_POINT ( 'NONE',  ( 0.05662419692568961688, 0.05276007864053009616, 0.001000000000000000021 ) ) ;
#1741 = DIRECTION ( 'NONE',  ( 0.0000000000000000000, 1.000000000000000000, 0.0000000000000000000 ) ) ;
#1742 = VERTEX_POINT ( 'NONE', #1260 ) ;
#1743 = CARTESIAN_POINT ( 'NONE',  ( -0.4814649681529999392, 0.1298726114650000096, 0.001000000000000000021 ) ) ;
#1744 = EDGE_LOOP ( 'NONE', ( #6669, #4233, #2423, #1234 ) ) ;
#1745 = CARTESIAN_POINT ( 'NONE',  ( 0.7980254777070000527, 0.07802547770701000196, 0.7990000000000000435 ) ) ;
#1746 = CARTESIAN_POINT ( 'NONE',  ( 0.7766242038216667476, -0.2567091295113333449, 0.0000000000000000000 ) ) ;
#1747 = ORIENTED_EDGE ( 'NONE', *, *, #2876, .F. ) ;
#1748 = MECHANICAL_DESIGN_GEOMETRIC_PRESENTATION_REPRESENTATION (  '', ( #1630 ), #7252 ) ;
#1749 = DIRECTION ( 'NONE',  ( -0.0000000000000000000, -1.200000000000000024E-16, -1.000000000000000000 ) ) ;
#1750 = VERTEX_POINT ( 'NONE', #3996 ) ;
#1751 = SURFACE_STYLE_FILL_AREA ( #4530 ) ;
#1752 = VECTOR ( 'NONE', #5221, 1000.000000000000000 ) ;
#1753 = LINE ( 'NONE', #2266, #5162 ) ;
#1754 = EDGE_CURVE ( 'NONE', #1953, #863, #6320, .T. ) ;
#1755 = CARTESIAN_POINT ( 'NONE',  ( 1.199999999999999956, 0.8499999999999999778, 0.6750000000000000444 ) ) ;
#1756 = CARTESIAN_POINT ( 'NONE',  ( -0.1456687898089999988, 0.4678343949039999727, 0.8000000000000000444 ) ) ;
#1757 = EDGE_LOOP ( 'NONE', ( #1322, #1802, #3758, #5531, #175, #6636, #4686, #3121, #6578, #2817, #5313, #1986 ) ) ;
#1758 = AXIS2_PLACEMENT_3D ( 'NONE', #6685, #6645, #5025 ) ;
#1759 = FILL_AREA_STYLE ('',( #2307 ) ) ;
#1760 = CARTESIAN_POINT ( 'NONE',  ( -0.03560509554139999755, -0.3827388535030000205, 0.005000000000000000104 ) ) ;
#1761 = ORIENTED_EDGE ( 'NONE', *, *, #3949, .F. ) ;
#1762 = SURFACE_STYLE_FILL_AREA ( #2714 ) ;
#1763 = ORIENTED_EDGE ( 'NONE', *, *, #5036, .T. ) ;
#1764 = DIRECTION ( 'NONE',  ( 0.0000000000000000000, 1.000000000000000000, 0.0000000000000000000 ) ) ;
#1765 = EDGE_CURVE ( 'NONE', #2594, #1358, #3381, .T. ) ;
#1766 = B_SPLINE_CURVE_WITH_KNOTS ( 'NONE', 3,
 ( #1181, #3406, #5646, #2898 ),
 .UNSPECIFIED., .F., .F.,
 ( 4, 4 ),
 ( 0.0000000000000000000, 1.000000000000000000 ),
 .UNSPECIFIED. ) ;
#1767 = CARTESIAN_POINT ( 'NONE',  ( -0.5212101910830000406, 0.06515923566879000539, 0.0009999999999999998040 ) ) ;
#1768 = VERTEX_POINT ( 'NONE', #2870 ) ;
#1769 = UNCERTAINTY_MEASURE_WITH_UNIT (LENGTH_MEASURE( 1.000000000000000082E-05 ), #3256, 'distance_accuracy_value', 'NONE');
#1770 = B_SPLINE_CURVE_WITH_KNOTS ( 'NONE', 3,
 ( #2547, #2622, #2507, #1968 ),
 .UNSPECIFIED., .F., .F.,
 ( 4, 4 ),
 ( 0.0000000000000000000, 1.000000000000000000 ),
 .UNSPECIFIED. ) ;
#1771 = EDGE_CURVE ( 'NONE', #1681, #6958, #699, .T. ) ;
#1772 = FACE_OUTER_BOUND ( 'NONE', #6930, .T. ) ;
#1773 = ADVANCED_FACE ( 'NONE', ( #4620 ), #1847, .T. ) ;
#1774 = CARTESIAN_POINT ( 'NONE',  ( 0.7980254777070000527, 0.07802547770701000196, 0.8000000000000000444 ) ) ;
#1775 = AXIS2_PLACEMENT_3D ( 'NONE', #100, #6213, #6107 ) ;
#1776 = CARTESIAN_POINT ( 'NONE',  ( -0.1154352469465160791, -0.3121231346749931412, 0.7990000000000000435 ) ) ;
#1777 = CARTESIAN_POINT ( 'NONE',  ( -0.4228662420379999953, 0.4978980891720000690, 0.8000000000000000444 ) ) ;
#1778 = ORIENTED_EDGE ( 'NONE', *, *, #782, .T. ) ;
#1779 = FILL_AREA_STYLE ('',( #6795 ) ) ;
#1780 = FILL_AREA_STYLE_COLOUR ( '', #590 ) ;
#1781 = ORIENTED_EDGE ( 'NONE', *, *, #6117, .F. ) ;
#1782 = DIRECTION ( 'NONE',  ( 0.0000000000000000000, -0.0000000000000000000, -1.000000000000000000 ) ) ;
#1783 = EDGE_CURVE ( 'NONE', #4219, #7175, #2567, .T. ) ;
#1784 = CARTESIAN_POINT ( 'NONE',  ( 0.4612101910829999873, -0.3209554140129999844, 0.8000000000000000444 ) ) ;
#1785 = VECTOR ( 'NONE', #1406, 1000.000000000000000 ) ;
#1786 = CARTESIAN_POINT ( 'NONE',  ( 1.699000000000000288, 0.6999999999999999556, 0.2000000000000000111 ) ) ;
#1787 = VERTEX_POINT ( 'NONE', #2979 ) ;
#1788 = VECTOR ( 'NONE', #4783, 1000.000000000000000 ) ;
#1789 = SURFACE_SIDE_STYLE ('',( #1304 ) ) ;
#1790 = UNCERTAINTY_MEASURE_WITH_UNIT (LENGTH_MEASURE( 1.000000000000000082E-05 ), #6735, 'distance_accuracy_value', 'NONE');
#1791 = ORIENTED_EDGE ( 'NONE', *, *, #7104, .T. ) ;
#1792 = DIRECTION ( 'NONE',  ( 1.000000000000000000, 0.0000000000000000000, -0.0000000000000000000 ) ) ;
#1793 = VECTOR ( 'NONE', #93, 1000.000000000000000 ) ;
#1794 = MECHANICAL_DESIGN_GEOMETRIC_PRESENTATION_REPRESENTATION (  '', ( #1565 ), #2124 ) ;
#1795 = DIRECTION ( 'NONE',  ( 0.0000000000000000000, 0.0000000000000000000, 1.000000000000000000 ) ) ;
#1796 = FACE_OUTER_BOUND ( 'NONE', #5732, .T. ) ;
#1797 = VERTEX_POINT ( 'NONE', #5210 ) ;
#1798 = EDGE_LOOP ( 'NONE', ( #6983, #2505, #430, #424, #1692, #7186 ) ) ;
#1799 = CARTESIAN_POINT ( 'NONE',  ( -1.199999999999999956, 0.8499999999999999778, 0.02400000000000000050 ) ) ;
#1800 = ORIENTED_EDGE ( 'NONE', *, *, #1147, .F. ) ;
#1801 = DIRECTION ( 'NONE',  ( 1.000000000000000000, 0.0000000000000000000, 0.0000000000000000000 ) ) ;
#1802 = ORIENTED_EDGE ( 'NONE', *, *, #4502, .F. ) ;
#1803 = DIRECTION ( 'NONE',  ( 1.000000000000000000, -0.0000000000000000000, 0.0000000000000000000 ) ) ;
#1804 = DIRECTION ( 'NONE',  ( 1.000000000000000000, 0.0000000000000000000, -0.0000000000000000000 ) ) ;
#1805 = VERTEX_POINT ( 'NONE', #4551 ) ;
#1806 = ADVANCED_FACE ( 'NONE', ( #6832 ), #2684, .T. ) ;
#1807 = LINE ( 'NONE', #2389, #1002 ) ;
#1808 =( NAMED_UNIT ( * ) PLANE_ANGLE_UNIT ( ) SI_UNIT ( $, .RADIAN. ) );
#1809 = SURFACE_STYLE_FILL_AREA ( #5280 ) ;
#1810 = VECTOR ( 'NONE', #373, 1000.000000000000000 ) ;
#1811 = EDGE_CURVE ( 'NONE', #2199, #3159, #6165, .T. ) ;
#1812 = CARTESIAN_POINT ( 'NONE',  ( -0.2995541401269999904, -0.3837579617830000345, 0.0000000000000000000 ) ) ;
#1813 = ORIENTED_EDGE ( 'NONE', *, *, #7044, .T. ) ;
#1814 = EDGE_CURVE ( 'NONE', #2730, #1866, #1337, .T. ) ;
#1815 = DIRECTION ( 'NONE',  ( -0.0000000000000000000, -1.200000000000000024E-16, -1.000000000000000000 ) ) ;
#1816 = DIRECTION ( 'NONE',  ( 1.000000000000000000, 0.0000000000000000000, -0.0000000000000000000 ) ) ;
#1817 = ORIENTED_EDGE ( 'NONE', *, *, #1507, .T. ) ;
#1818 = SURFACE_STYLE_USAGE ( .BOTH. , #1415 ) ;
#1819 = CARTESIAN_POINT ( 'NONE',  ( -0.9250000000000001554, -0.8400000000000000799, 0.7750000000000001332 ) ) ;
#1820 = EDGE_CURVE ( 'NONE', #4434, #3703, #1351, .T. ) ;
#1821 = AXIS2_PLACEMENT_3D ( 'NONE', #6604, #4404, #2621 ) ;
#1822 = EDGE_LOOP ( 'NONE', ( #5750, #6270, #5851, #6080 ) ) ;
#1823 = DIRECTION ( 'NONE',  ( 0.0000000000000000000, 0.0000000000000000000, 1.000000000000000000 ) ) ;
#1824 = EDGE_CURVE ( 'NONE', #6958, #2147, #5285, .T. ) ;
#1825 = VERTEX_POINT ( 'NONE', #3094 ) ;
#1826 = CARTESIAN_POINT ( 'NONE',  ( 0.5845222929940000478, -0.3499999999999999778, 0.8000000000000000444 ) ) ;
#1827 = CIRCLE ( 'NONE', #5563, 0.3541666666669997521 ) ;
#1828 =( NAMED_UNIT ( * ) SI_UNIT ( $, .STERADIAN. ) SOLID_ANGLE_UNIT ( ) );
#1829 = DIRECTION ( 'NONE',  ( 1.000000000000000000, -0.0000000000000000000, 0.0000000000000000000 ) ) ;
#1830 = ORIENTED_EDGE ( 'NONE', *, *, #5432, .T. ) ;
#1831 = CARTESIAN_POINT ( 'NONE',  ( 1.699000000000000288, -0.5500000000000000444, 0.1250000000000000000 ) ) ;
#1832 = ORIENTED_EDGE ( 'NONE', *, *, #298, .F. ) ;
#1833 = CARTESIAN_POINT ( 'NONE',  ( 0.5845222929940000478, 0.3499999999999999778, 0.0000000000000000000 ) ) ;
#1834 = ORIENTED_EDGE ( 'NONE', *, *, #7110, .F. ) ;
#1835 =( LENGTH_UNIT ( ) NAMED_UNIT ( * ) SI_UNIT ( .MILLI., .METRE. ) );
#1836 = ORIENTED_EDGE ( 'NONE', *, *, #2626, .T. ) ;
#1837 = MECHANICAL_DESIGN_GEOMETRIC_PRESENTATION_REPRESENTATION (  '', ( #3928 ), #6986 ) ;
#1838 = SURFACE_STYLE_FILL_AREA ( #6443 ) ;
#1839 =( NAMED_UNIT ( * ) SI_UNIT ( $, .STERADIAN. ) SOLID_ANGLE_UNIT ( ) );
#1840 = ORIENTED_EDGE ( 'NONE', *, *, #1771, .T. ) ;
#1841 = UNCERTAINTY_MEASURE_WITH_UNIT (LENGTH_MEASURE( 1.000000000000000082E-05 ), #3170, 'distance_accuracy_value', 'NONE');
#1842 = CARTESIAN_POINT ( 'NONE',  ( -1.699999999999999956, 0.5500000000000000444, 0.5250000000000000222 ) ) ;
#1843 = CARTESIAN_POINT ( 'NONE',  ( 0.6670700636940000150, 0.2358598726109999988, 0.0009999999999999998040 ) ) ;
#1844 = CARTESIAN_POINT ( 'NONE',  ( -0.9020000000000002460, 0.8170000000000000595, 0.7990000000000000435 ) ) ;
#1845 = EDGE_CURVE ( 'NONE', #6916, #6592, #4254, .T. ) ;
#1846 = CARTESIAN_POINT ( 'NONE',  ( 0.1375000000000000111, -3.000000000000000061E-17, 0.7990000000000000435 ) ) ;
#1847 = PLANE ( 'NONE',  #578 ) ;
#1848 = VERTEX_POINT ( 'NONE', #4758 ) ;
#1849 = PRESENTATION_STYLE_ASSIGNMENT (( #6863 ) ) ;
#1850 = LINE ( 'NONE', #2873, #3736 ) ;
#1851 = VERTEX_POINT ( 'NONE', #2470 ) ;
#1852 = SURFACE_STYLE_USAGE ( .BOTH. , #1933 ) ;
#1853 = B_SPLINE_CURVE_WITH_KNOTS ( 'NONE', 3,
 ( #1932, #1414, #3059, #380 ),
 .UNSPECIFIED., .F., .F.,
 ( 4, 4 ),
 ( 0.0000000000000000000, 1.000000000000000000 ),
 .UNSPECIFIED. ) ;
#1854 = EDGE_CURVE ( 'NONE', #1182, #6628, #2659, .T. ) ;
#1855 = DIRECTION ( 'NONE',  ( 0.0000000000000000000, -0.0000000000000000000, -1.000000000000000000 ) ) ;
#1856 = VERTEX_POINT ( 'NONE', #303 ) ;
#1857 =( NAMED_UNIT ( * ) PLANE_ANGLE_UNIT ( ) SI_UNIT ( $, .RADIAN. ) );
#1858 = UNCERTAINTY_MEASURE_WITH_UNIT (LENGTH_MEASURE( 1.000000000000000082E-05 ), #2026, 'distance_accuracy_value', 'NONE');
#1859 = ORIENTED_EDGE ( 'NONE', *, *, #7133, .F. ) ;
#1860 = CARTESIAN_POINT ( 'NONE',  ( 0.4612101910829999873, 0.3209554140129999844, 0.0009999999999999998040 ) ) ;
#1861 = EDGE_CURVE ( 'NONE', #323, #4287, #5879, .T. ) ;
#1862 = SURFACE_STYLE_FILL_AREA ( #6397 ) ;
#1863 = EDGE_CURVE ( 'NONE', #323, #4645, #2544, .T. ) ;
#1864 = CARTESIAN_POINT ( 'NONE',  ( 0.9386624203819999845, -0.08006369426751999696, 0.0009999999999999998040 ) ) ;
#1865 = CARTESIAN_POINT ( 'NONE',  ( 0.6701273885349999793, -0.3837579617830000345, 0.0009999999999999998040 ) ) ;
#1866 = VERTEX_POINT ( 'NONE', #4149 ) ;
#1867 = VERTEX_POINT ( 'NONE', #888 ) ;
#1868 = VECTOR ( 'NONE', #2370, 1000.000000000000000 ) ;
#1869 = PRESENTATION_STYLE_ASSIGNMENT (( #1360 ) ) ;
#1870 = ORIENTED_EDGE ( 'NONE', *, *, #879, .T. ) ;
#1871 = CARTESIAN_POINT ( 'NONE',  ( 0.4214649681529999969, -0.1619745222929999950, 0.8000000000000000444 ) ) ;
#1872 = ORIENTED_EDGE ( 'NONE', *, *, #1863, .F. ) ;
#1873 = SURFACE_STYLE_USAGE ( .BOTH. , #727 ) ;
#1874 = CYLINDRICAL_SURFACE ( 'NONE', #3493, 0.02299999999999999961 ) ;
#1875 = EDGE_LOOP ( 'NONE', ( #2786, #1402, #778, #2118 ) ) ;
#1876 = DIRECTION ( 'NONE',  ( 1.000000000000000000, -0.0000000000000000000, 0.0000000000000000000 ) ) ;
#1877 = CARTESIAN_POINT ( 'NONE',  ( 7.000000000000000347E-17, 0.8490000000000000879, 0.2750000000000000222 ) ) ;
#1878 = STYLED_ITEM ( 'NONE', ( #5796 ), #2138 ) ;
#1879 = LINE ( 'NONE', #4099, #3648 ) ;
#1880 = B_SPLINE_CURVE_WITH_KNOTS ( 'NONE', 3,
 ( #3587, #6041, #540, #471 ),
 .UNSPECIFIED., .F., .F.,
 ( 4, 4 ),
 ( 0.0000000000000000000, 1.000000000000000000 ),
 .UNSPECIFIED. ) ;
#1881 = DIRECTION ( 'NONE',  ( -0.0000000000000000000, -1.200000000000000024E-16, -1.000000000000000000 ) ) ;
#1882 = CARTESIAN_POINT ( 'NONE',  ( 0.7322929936309999777, 0.1594267515920000100, 0.0009999999999999998040 ) ) ;
#1883 = VECTOR ( 'NONE', #4001, 1000.000000000000000 ) ;
#1884 = FACE_OUTER_BOUND ( 'NONE', #4656, .T. ) ;
#1885 = VERTEX_POINT ( 'NONE', #5805 ) ;
#1886 = CARTESIAN_POINT ( 'NONE',  ( -1.699999999999999956, -0.8499999999999999778, 0.5250000000000000222 ) ) ;
#1887 = SURFACE_STYLE_USAGE ( .BOTH. , #6239 ) ;
#1888 = ORIENTED_EDGE ( 'NONE', *, *, #6860, .F. ) ;
#1889 = DIRECTION ( 'NONE',  ( 1.000000000000000000, -0.0000000000000000000, -0.0000000000000000000 ) ) ;
#1890 = VECTOR ( 'NONE', #612, 1000.000000000000000 ) ;
#1891 =( LENGTH_UNIT ( ) NAMED_UNIT ( * ) SI_UNIT ( .MILLI., .METRE. ) );
#1892 = CARTESIAN_POINT ( 'NONE',  ( -0.5196815286620000141, -0.2287261146500000064, 0.8000000000000000444 ) ) ;
#1893 = EDGE_LOOP ( 'NONE', ( #4711, #5830, #5842, #6469, #3028, #6810, #4803, #3065, #1504, #6812, #6152, #5549 ) ) ;
#1894 = B_SPLINE_CURVE_WITH_KNOTS ( 'NONE', 3,
 ( #2116, #6655, #6619, #6033 ),
 .UNSPECIFIED., .F., .F.,
 ( 4, 4 ),
 ( 0.0000000000000000000, 1.000000000000000000 ),
 .UNSPECIFIED. ) ;
#1895 = CARTESIAN_POINT ( 'NONE',  ( -0.3056687898089999744, 0.2358598726109999988, 0.0000000000000000000 ) ) ;
#1896 = VECTOR ( 'NONE', #6828, 1000.000000000000000 ) ;
#1897 = VECTOR ( 'NONE', #3505, 1000.000000000000000 ) ;
#1898 = CARTESIAN_POINT ( 'NONE',  ( -0.3776857749466666636, 0.4978980891720000690, 0.8000000000000000444 ) ) ;
#1899 = VERTEX_POINT ( 'NONE', #4796 ) ;
#1900 = LINE ( 'NONE', #4919, #368 ) ;
#1901 = EDGE_CURVE ( 'NONE', #1851, #5905, #1487, .T. ) ;
#1902 = LINE ( 'NONE', #6359, #5511 ) ;
#1903 = STYLED_ITEM ( 'NONE', ( #2733 ), #5102 ) ;
#1904 = VECTOR ( 'NONE', #2739, 1000.000000000000000 ) ;
#1905 = LINE ( 'NONE', #2488, #2683 ) ;
#1906 = EDGE_CURVE ( 'NONE', #234, #7127, #1611, .T. ) ;
#1907 = ORIENTED_EDGE ( 'NONE', *, *, #2292, .F. ) ;
#1908 = CARTESIAN_POINT ( 'NONE',  ( 1.699000000000000288, -0.6999999999999999556, 0.2000000000000000111 ) ) ;
#1909 = ORIENTED_EDGE ( 'NONE', *, *, #7242, .T. ) ;
#1910 = EDGE_CURVE ( 'NONE', #4378, #220, #7053, .T. ) ;
#1911 =( GEOMETRIC_REPRESENTATION_CONTEXT ( 3 ) GLOBAL_UNCERTAINTY_ASSIGNED_CONTEXT ( ( #3374 ) ) GLOBAL_UNIT_ASSIGNED_CONTEXT ( ( #5368, #4810, #6538 ) ) REPRESENTATION_CONTEXT ( 'NONE', 'WORKASPACE' ) );
#1912 = CARTESIAN_POINT ( 'NONE',  ( 0.0000000000000000000, 0.8490000000000000879, 0.02500000000000000139 ) ) ;
#1913 = VERTEX_POINT ( 'NONE', #269 ) ;
#1914 = DIRECTION ( 'NONE',  ( 0.0000000000000000000, 1.000000000000000000, -2.199999999999999757E-16 ) ) ;
#1915 = ORIENTED_EDGE ( 'NONE', *, *, #4623, .F. ) ;
#1916 =( LENGTH_UNIT ( ) NAMED_UNIT ( * ) SI_UNIT ( .MILLI., .METRE. ) );
#1917 = FILL_AREA_STYLE_COLOUR ( '', #3845 ) ;
#1918 = ORIENTED_EDGE ( 'NONE', *, *, #196, .T. ) ;
#1919 = ADVANCED_FACE ( 'NONE', ( #4655 ), #976, .T. ) ;
#1920 = B_SPLINE_SURFACE_WITH_KNOTS ( 'NONE', 2, 1, ( 
 ( #1173, #7262 ),
 ( #2443, #4537 ),
 ( #4118, #4464 ) ),
 .UNSPECIFIED., .F., .F., .F.,
 ( 3, 3 ),
 ( 2, 2 ),
 ( 0.0000000000000000000, 1.000000000000000000 ),
 ( 0.0000000000000000000, 1.000000000000000000 ),
 .UNSPECIFIED. ) ;
#1921 = DIRECTION ( 'NONE',  ( 0.0000000000000000000, -1.000000000000000000, 2.199999999999999757E-16 ) ) ;
#1922 = LINE ( 'NONE', #1369, #6808 ) ;
#1923 = PRESENTATION_LAYER_ASSIGNMENT (  '', '', ( #5769 ) ) ;
#1924 = DIRECTION ( 'NONE',  ( -0.0000000000000000000, -1.200000000000000024E-16, -1.000000000000000000 ) ) ;
#1925 = CARTESIAN_POINT ( 'NONE',  ( -0.2401061571123333516, 0.3837579617830000345, 0.8000000000000000444 ) ) ;
#1926 = VECTOR ( 'NONE', #1881, 1000.000000000000000 ) ;
#1927 = CARTESIAN_POINT ( 'NONE',  ( 1.399999999999999911, 0.0000000000000000000, 0.8000000000000000444 ) ) ;
#1928 = CARTESIAN_POINT ( 'NONE',  ( 0.4612101910829999873, 0.3209554140129999844, 0.0000000000000000000 ) ) ;
#1929 = ORIENTED_EDGE ( 'NONE', *, *, #1590, .T. ) ;
#1930 = APPLICATION_CONTEXT ( 'automotive_design' ) ;
#1931 = CARTESIAN_POINT ( 'NONE',  ( 0.5152229299360000514, -0.4978980891720000690, 0.0000000000000000000 ) ) ;
#1932 = CARTESIAN_POINT ( 'NONE',  ( 0.4612101910829999873, -0.3209554140129999844, 0.8000000000000000444 ) ) ;
#1933 = SURFACE_SIDE_STYLE ('',( #4037 ) ) ;
#1934 = VECTOR ( 'NONE', #4818, 1000.000000000000000 ) ;
#1935 = SURFACE_SIDE_STYLE ('',( #6941 ) ) ;
#1936 = CARTESIAN_POINT ( 'NONE',  ( 0.3582802547769999846, -0.06681528662419999876, 0.0009999999999999998040 ) ) ;
#1937 = ORIENTED_EDGE ( 'NONE', *, *, #1265, .F. ) ;
#1938 = CARTESIAN_POINT ( 'NONE',  ( 1.199999999999999956, -0.8170000000000000595, 0.7760000000000000231 ) ) ;
#1939 =( GEOMETRIC_REPRESENTATION_CONTEXT ( 3 ) GLOBAL_UNCERTAINTY_ASSIGNED_CONTEXT ( ( #6908 ) ) GLOBAL_UNIT_ASSIGNED_CONTEXT ( ( #1916, #3007, #6888 ) ) REPRESENTATION_CONTEXT ( 'NONE', 'WORKASPACE' ) );
#1940 = CARTESIAN_POINT ( 'NONE',  ( -0.1050743099786666523, 0.2580679405523333414, 0.8000000000000000444 ) ) ;
#1941 = VERTEX_POINT ( 'NONE', #5945 ) ;
#1942 = CARTESIAN_POINT ( 'NONE',  ( 0.5157324840760000306, -0.3499999999999999778, 0.8000000000000000444 ) ) ;
#1943 = CARTESIAN_POINT ( 'NONE',  ( -0.5212101910830000406, 0.08006369426751999696, 0.7990000000000000435 ) ) ;
#1944 = CARTESIAN_POINT ( 'NONE',  ( -0.08401274306581681117, 0.1801061515747658381, 0.7990000000000000435 ) ) ;
#1945 = EDGE_CURVE ( 'NONE', #4358, #170, #3504, .T. ) ;
#1946 = CARTESIAN_POINT ( 'NONE',  ( -0.1471974522289999920, 0.3083439490450000098, 0.7990000000000000435 ) ) ;
#1947 = PRESENTATION_STYLE_ASSIGNMENT (( #2560 ) ) ;
#1948 = ORIENTED_EDGE ( 'NONE', *, *, #4412, .F. ) ;
#1949 = COLOUR_RGB ( '',0.8000000000000000444, 0.8000000000000000444, 0.8000000000000000444 ) ;
#1950 = VERTEX_POINT ( 'NONE', #3158 ) ;
#1951 = DIRECTION ( 'NONE',  ( 0.0000000000000000000, -1.000000000000000000, -0.0000000000000000000 ) ) ;
#1952 = ADVANCED_FACE ( 'NONE', ( #1884 ), #4103, .T. ) ;
#1953 = VERTEX_POINT ( 'NONE', #6675 ) ;
#1954 = CARTESIAN_POINT ( 'NONE',  ( -0.9250000000000000444, -0.8400000000000000799, 0.7750000000000001332 ) ) ;
#1955 =( LENGTH_UNIT ( ) NAMED_UNIT ( * ) SI_UNIT ( .MILLI., .METRE. ) );
#1956 = ORIENTED_EDGE ( 'NONE', *, *, #6728, .T. ) ;
#1957 = CARTESIAN_POINT ( 'NONE',  ( 1.699999999999999956, -0.8499999999999999778, 0.6750000000000000444 ) ) ;
#1958 = CARTESIAN_POINT ( 'NONE',  ( -0.2944585987260000537, -0.3499999999999999778, 0.7950000000000000400 ) ) ;
#1959 = CARTESIAN_POINT ( 'NONE',  ( -0.3897452229300000237, -0.3837579617830000345, 0.0009999999999999998040 ) ) ;
#1960 = EDGE_CURVE ( 'NONE', #721, #7073, #377, .T. ) ;
#1961 = CARTESIAN_POINT ( 'NONE',  ( 0.5814649681529999725, 0.3837579617830000345, 0.7990000000000000435 ) ) ;
#1962 = EDGE_CURVE ( 'NONE', #3100, #1966, #1522, .T. ) ;
#1963 = MECHANICAL_DESIGN_GEOMETRIC_PRESENTATION_REPRESENTATION (  '', ( #6749 ), #1498 ) ;
#1964 = SURFACE_STYLE_USAGE ( .BOTH. , #3625 ) ;
#1965 = CARTESIAN_POINT ( 'NONE',  ( 0.5947133757960000322, -0.4978980891720000690, 0.0000000000000000000 ) ) ;
#1966 = VERTEX_POINT ( 'NONE', #3729 ) ;
#1967 = DIRECTION ( 'NONE',  ( -0.0000000000000000000, -0.0000000000000000000, -1.000000000000000000 ) ) ;
#1968 = CARTESIAN_POINT ( 'NONE',  ( -0.04681528662420003650, 0.2363694267520000392, 0.0000000000000000000 ) ) ;
#1969 = PRESENTATION_STYLE_ASSIGNMENT (( #6904 ) ) ;
#1970 = CARTESIAN_POINT ( 'NONE',  ( -0.1456687898089999988, -0.4678343949039999727, 0.0000000000000000000 ) ) ;
#1971 = VERTEX_POINT ( 'NONE', #4982 ) ;
#1972 = DIRECTION ( 'NONE',  ( -1.000000000000000000, 0.0000000000000000000, 0.0000000000000000000 ) ) ;
#1973 = ORIENTED_EDGE ( 'NONE', *, *, #445, .F. ) ;
#1974 = CARTESIAN_POINT ( 'NONE',  ( -0.1497452229300000048, 0.1578980891719999891, 0.001000000000000000021 ) ) ;
#1975 = DIRECTION ( 'NONE',  ( 1.000000000000000000, -0.0000000000000000000, 0.0000000000000000000 ) ) ;
#1976 = CARTESIAN_POINT ( 'NONE',  ( 0.1375000000000000111, -0.7914012738850000339, 0.001000000000000000021 ) ) ;
#1977 = CARTESIAN_POINT ( 'NONE',  ( 0.4591719745220000370, 0.4652866242039999656, 0.8000000000000000444 ) ) ;
#1978 = VECTOR ( 'NONE', #201, 1000.000000000000000 ) ;
#1979 = B_SPLINE_SURFACE_WITH_KNOTS ( 'NONE', 2, 1, ( 
 ( #2722, #4369 ),
 ( #6021, #5982 ),
 ( #3198, #1596 ) ),
 .UNSPECIFIED., .F., .F., .F.,
 ( 3, 3 ),
 ( 2, 2 ),
 ( 0.0000000000000000000, 1.000000000000000000 ),
 ( 0.0000000000000000000, 1.000000000000000000 ),
 .UNSPECIFIED. ) ;
#1980 = DIRECTION ( 'NONE',  ( 0.0000000000000000000, -0.0000000000000000000, -1.000000000000000000 ) ) ;
#1981 = VERTEX_POINT ( 'NONE', #5392 ) ;
#1982 = VERTEX_POINT ( 'NONE', #5979 ) ;
#1983 =( LENGTH_UNIT ( ) NAMED_UNIT ( * ) SI_UNIT ( .MILLI., .METRE. ) );
#1984 = EDGE_LOOP ( 'NONE', ( #482, #4272, #3041, #3057 ) ) ;
#1985 = CARTESIAN_POINT ( 'NONE',  ( -0.1154352469465160791, 0.3121231346749931412, 0.001000000000000000021 ) ) ;
#1986 = ORIENTED_EDGE ( 'NONE', *, *, #4269, .F. ) ;
#1987 = MECHANICAL_DESIGN_GEOMETRIC_PRESENTATION_REPRESENTATION (  '', ( #2213 ), #3610 ) ;
#1988 = ORIENTED_EDGE ( 'NONE', *, *, #6837, .T. ) ;
#1989 = FILL_AREA_STYLE_COLOUR ( '', #3918 ) ;
#1990 = LINE ( 'NONE', #4213, #6103 ) ;
#1991 = ADVANCED_FACE ( 'NONE', ( #2101, #3230 ), #1660, .F. ) ;
#1992 = DIRECTION ( 'NONE',  ( 1.000000000000000000, 0.0000000000000000000, 0.0000000000000000000 ) ) ;
#1993 = LINE ( 'NONE', #4216, #6017 ) ;
#1994 = VECTOR ( 'NONE', #1073, 1000.000000000000000 ) ;
#1995 = EDGE_CURVE ( 'NONE', #6880, #5794, #4388, .T. ) ;
#1996 = ORIENTED_EDGE ( 'NONE', *, *, #6283, .T. ) ;
#1997 = CARTESIAN_POINT ( 'NONE',  ( -0.4653290870486667119, -0.3095753715499999226, 0.8000000000000000444 ) ) ;
#1998 = ADVANCED_FACE ( 'NONE', ( #6565 ), #4947, .T. ) ;
#1999 = CARTESIAN_POINT ( 'NONE',  ( 1.699999999999999956, 0.5500000000000000444, 0.0000000000000000000 ) ) ;
#2000 = EDGE_LOOP ( 'NONE', ( #6709, #4978, #6298, #254 ) ) ;
#2001 = CARTESIAN_POINT ( 'NONE',  ( -0.4992993630573333563, 0.2538216560506666997, 0.8000000000000000444 ) ) ;
#2002 = SURFACE_STYLE_FILL_AREA ( #3166 ) ;
#2003 = ORIENTED_EDGE ( 'NONE', *, *, #733, .F. ) ;
#2004 = FACE_OUTER_BOUND ( 'NONE', #4227, .T. ) ;
#2005 = ADVANCED_FACE ( 'NONE', ( #2756 ), #331, .T. ) ;
#2006 = CIRCLE ( 'NONE', #5388, 0.02400000000000000050 ) ;
#2007 = CARTESIAN_POINT ( 'NONE',  ( -1.699000000000000288, -0.5500000000000000444, 0.5999999999999999778 ) ) ;
#2008 = CARTESIAN_POINT ( 'NONE',  ( 0.8576433121019999550, -0.3908917197449999770, 0.0009999999999999998040 ) ) ;
#2009 = STYLED_ITEM ( 'NONE', ( #1493 ), #4418 ) ;
#2010 = CARTESIAN_POINT ( 'NONE',  ( -0.2944585987260000537, 0.3499999999999999223, 0.0000000000000000000 ) ) ;
#2011 = VECTOR ( 'NONE', #2691, 1000.000000000000000 ) ;
#2012 = DIRECTION ( 'NONE',  ( 0.0000000000000000000, -1.000000000000000000, 0.0000000000000000000 ) ) ;
#2013 = ORIENTED_EDGE ( 'NONE', *, *, #5803, .F. ) ;
#2014 = ORIENTED_EDGE ( 'NONE', *, *, #1537, .T. ) ;
#2015 = CARTESIAN_POINT ( 'NONE',  ( -0.9157063887033188854, 0.8307063887033190319, 0.001000000000000039486 ) ) ;
#2016 = PLANE ( 'NONE',  #890 ) ;
#2017 = ORIENTED_EDGE ( 'NONE', *, *, #4269, .T. ) ;
#2018 = LINE ( 'NONE', #294, #3183 ) ;
#2019 = PRESENTATION_LAYER_ASSIGNMENT (  '', '', ( #1078 ) ) ;
#2020 = AXIS2_PLACEMENT_3D ( 'NONE', #6650, #1047, #1290 ) ;
#2021 = VECTOR ( 'NONE', #1713, 1000.000000000000000 ) ;
#2022 = ORIENTED_EDGE ( 'NONE', *, *, #3763, .F. ) ;
#2023 = VECTOR ( 'NONE', #1284, 1000.000000000000000 ) ;
#2024 = CARTESIAN_POINT ( 'NONE',  ( -1.699999999999999956, 0.5500000000000000444, 0.5250000000000000222 ) ) ;
#2025 = ORIENTED_EDGE ( 'NONE', *, *, #333, .F. ) ;
#2026 =( LENGTH_UNIT ( ) NAMED_UNIT ( * ) SI_UNIT ( .MILLI., .METRE. ) );
#2027 = VERTEX_POINT ( 'NONE', #5059 ) ;
#2028 = CARTESIAN_POINT ( 'NONE',  ( 1.699000000000000288, 0.8499999999999999778, 0.6750000000000000444 ) ) ;
#2029 = CARTESIAN_POINT ( 'NONE',  ( 0.5753503184710000440, 0.2358598726109999988, 0.0000000000000000000 ) ) ;
#2030 = EDGE_CURVE ( 'NONE', #1145, #4431, #551, .T. ) ;
#2031 = CARTESIAN_POINT ( 'NONE',  ( 0.4066878980890000217, 0.2914012738849999784, 0.0009999999999999998040 ) ) ;
#2032 = ORIENTED_EDGE ( 'NONE', *, *, #2577, .T. ) ;
#2033 = CARTESIAN_POINT ( 'NONE',  ( -0.08401273885349998249, -0.07445859872611500230, 0.0000000000000000000 ) ) ;
#2034 = CARTESIAN_POINT ( 'NONE',  ( -1.199999999999999956, -0.8499999999999999778, 0.1250000000000000000 ) ) ;
#2035 = B_SPLINE_CURVE_WITH_KNOTS ( 'NONE', 3,
 ( #5489, #5382, #3223, #1512 ),
 .UNSPECIFIED., .F., .F.,
 ( 4, 4 ),
 ( 0.0000000000000000000, 1.000000000000000000 ),
 .UNSPECIFIED. ) ;
#2036 = FACE_OUTER_BOUND ( 'NONE', #217, .T. ) ;
#2037 = DIRECTION ( 'NONE',  ( 0.0000000000000000000, 0.0000000000000000000, -1.000000000000000000 ) ) ;
#2038 = LINE ( 'NONE', #2511, #5360 ) ;
#2039 = ADVANCED_FACE ( 'NONE', ( #4472 ), #1251, .T. ) ;
#2040 = VERTEX_POINT ( 'NONE', #6855 ) ;
#2041 = CARTESIAN_POINT ( 'NONE',  ( -0.5212101910830000406, -0.08006369426751999696, 0.0009999999999999998040 ) ) ;
#2042 = CARTESIAN_POINT ( 'NONE',  ( 0.2339490445859999934, -0.6761146496819999685, 0.8000000000000000444 ) ) ;
#2043 = ORIENTED_EDGE ( 'NONE', *, *, #6903, .T. ) ;
#2044 = CARTESIAN_POINT ( 'NONE',  ( 0.4036305732480000019, -0.4326751592359999732, 0.0009999999999999998040 ) ) ;
#2045 =( NAMED_UNIT ( * ) PLANE_ANGLE_UNIT ( ) SI_UNIT ( $, .RADIAN. ) );
#2046 = EDGE_CURVE ( 'NONE', #2040, #3668, #81, .T. ) ;
#2047 = VECTOR ( 'NONE', #3915, 1000.000000000000000 ) ;
#2048 = CARTESIAN_POINT ( 'NONE',  ( -0.5196815286620000141, 0.3499999999999999778, 0.005000000000000000104 ) ) ;
#2049 = ADVANCED_FACE ( 'NONE', ( #2785 ), #6157, .F. ) ;
#2050 = SURFACE_STYLE_USAGE ( .BOTH. , #5962 ) ;
#2051 = VERTEX_POINT ( 'NONE', #4021 ) ;
#2052 = CARTESIAN_POINT ( 'NONE',  ( -1.199999999999999956, 0.8499999999999999778, 0.0000000000000000000 ) ) ;
#2053 = DIRECTION ( 'NONE',  ( 0.0000000000000000000, 0.0000000000000000000, -1.000000000000000000 ) ) ;
#2054 = FILL_AREA_STYLE_COLOUR ( '', #1084 ) ;
#2055 = STYLED_ITEM ( 'NONE', ( #4093 ), #6058 ) ;
#2056 = ORIENTED_EDGE ( 'NONE', *, *, #6963, .T. ) ;
#2057 = ORIENTED_EDGE ( 'NONE', *, *, #6860, .T. ) ;
#2058 = DIRECTION ( 'NONE',  ( 0.0000000000000000000, 0.0000000000000000000, 1.000000000000000000 ) ) ;
#2059 = VERTEX_POINT ( 'NONE', #5718 ) ;
#2060 = CARTESIAN_POINT ( 'NONE',  ( -1.699999999999999956, -0.8499999999999999778, 0.0000000000000000000 ) ) ;
#2061 =( GEOMETRIC_REPRESENTATION_CONTEXT ( 3 ) GLOBAL_UNCERTAINTY_ASSIGNED_CONTEXT ( ( #2809 ) ) GLOBAL_UNIT_ASSIGNED_CONTEXT ( ( #84, #622, #553 ) ) REPRESENTATION_CONTEXT ( 'NONE', 'WORKASPACE' ) );
#2062 = CARTESIAN_POINT ( 'NONE',  ( -0.04681528662420000875, 0.2363694267520000392, 0.0009999999999999998040 ) ) ;
#2063 = B_SPLINE_CURVE_WITH_KNOTS ( 'NONE', 3,
 ( #5896, #904, #943, #3036 ),
 .UNSPECIFIED., .F., .F.,
 ( 4, 4 ),
 ( 0.0000000000000000000, 1.000000000000000000 ),
 .UNSPECIFIED. ) ;
#2064 = ORIENTED_EDGE ( 'NONE', *, *, #5715, .F. ) ;
#2065 = LINE ( 'NONE', #3232, #531 ) ;
#2066 = LINE ( 'NONE', #2584, #5159 ) ;
#2067 = PRESENTATION_STYLE_ASSIGNMENT (( #384 ) ) ;
#2068 = EDGE_CURVE ( 'NONE', #1226, #5349, #2930, .T. ) ;
#2069 = AXIS2_PLACEMENT_3D ( 'NONE', #3349, #4956, #2253 ) ;
#2070 = CARTESIAN_POINT ( 'NONE',  ( 0.7781528662419999742, 0.4443949044590000397, 0.7990000000000000435 ) ) ;
#2071 = ORIENTED_EDGE ( 'NONE', *, *, #6121, .T. ) ;
#2072 =( NAMED_UNIT ( * ) PLANE_ANGLE_UNIT ( ) SI_UNIT ( $, .RADIAN. ) );
#2073 = CARTESIAN_POINT ( 'NONE',  ( 0.7071549893840000101, 0.3323354564756667018, 0.0000000000000000000 ) ) ;
#2074 = LINE ( 'NONE', #970, #2232 ) ;
#2075 = ORIENTED_EDGE ( 'NONE', *, *, #1783, .F. ) ;
#2076 = SURFACE_STYLE_USAGE ( .BOTH. , #4882 ) ;
#2077 = DIRECTION ( 'NONE',  ( 0.0000000000000000000, 0.0000000000000000000, -1.000000000000000000 ) ) ;
#2078 = ADVANCED_FACE ( 'NONE', ( #6372 ), #6968, .T. ) ;
#2079 = CARTESIAN_POINT ( 'NONE',  ( -0.1456687898089999988, -0.4678343949039999727, 0.0009999999999999998040 ) ) ;
#2080 = CARTESIAN_POINT ( 'NONE',  ( -2.000000000000000143E-17, -0.8490000000000000879, 0.2750000000000000222 ) ) ;
#2081 = ORIENTED_EDGE ( 'NONE', *, *, #3331, .T. ) ;
#2082 = ADVANCED_FACE ( 'NONE', ( #845 ), #4094, .T. ) ;
#2083 = UNCERTAINTY_MEASURE_WITH_UNIT (LENGTH_MEASURE( 1.000000000000000082E-05 ), #5873, 'distance_accuracy_value', 'NONE');
#2084 = EDGE_LOOP ( 'NONE', ( #5488, #1220, #238, #2715 ) ) ;
#2085 = SURFACE_STYLE_FILL_AREA ( #4859 ) ;
#2086 = DIRECTION ( 'NONE',  ( -1.000000000000000000, 0.0000000000000000000, 0.0000000000000000000 ) ) ;
#2087 = EDGE_CURVE ( 'NONE', #1226, #2385, #261, .T. ) ;
#2088 = CARTESIAN_POINT ( 'NONE',  ( 0.7980254777070000527, -0.07802547770701000196, 0.0009999999999999998040 ) ) ;
#2089 = VERTEX_POINT ( 'NONE', #2462 ) ;
#2090 = FACE_OUTER_BOUND ( 'NONE', #1247, .T. ) ;
#2091 = DIRECTION ( 'NONE',  ( 0.0000000000000000000, 0.0000000000000000000, -1.000000000000000000 ) ) ;
#2092 = ORIENTED_EDGE ( 'NONE', *, *, #1403, .T. ) ;
#2093 = B_SPLINE_SURFACE_WITH_KNOTS ( 'NONE', 2, 1, ( 
 ( #4471, #2276 ),
 ( #5574, #6821 ),
 ( #40, #4020 ) ),
 .UNSPECIFIED., .F., .F., .F.,
 ( 3, 3 ),
 ( 2, 2 ),
 ( 0.0000000000000000000, 1.000000000000000000 ),
 ( 0.0000000000000000000, 1.000000000000000000 ),
 .UNSPECIFIED. ) ;
#2094 = DIRECTION ( 'NONE',  ( 0.0000000000000000000, -1.000000000000000000, -0.0000000000000000000 ) ) ;
#2095 = ORIENTED_EDGE ( 'NONE', *, *, #5354, .T. ) ;
#2096 = CARTESIAN_POINT ( 'NONE',  ( 0.7980254777070000527, -0.08248407643312000159, 0.7990000000000000435 ) ) ;
#2097 = EDGE_CURVE ( 'NONE', #1856, #1953, #3120, .T. ) ;
#2098 = DIRECTION ( 'NONE',  ( -0.0000000000000000000, -0.0000000000000000000, -1.000000000000000000 ) ) ;
#2099 = VECTOR ( 'NONE', #1829, 1000.000000000000000 ) ;
#2100 = B_SPLINE_SURFACE_WITH_KNOTS ( 'NONE', 2, 1, ( 
 ( #2941, #5066 ),
 ( #4480, #738 ),
 ( #1812, #3448 ) ),
 .UNSPECIFIED., .F., .F., .F.,
 ( 3, 3 ),
 ( 2, 2 ),
 ( 0.0000000000000000000, 1.000000000000000000 ),
 ( 0.0000000000000000000, 1.000000000000000000 ),
 .UNSPECIFIED. ) ;
#2101 = FACE_BOUND ( 'NONE', #2682, .T. ) ;
#2102 = EDGE_LOOP ( 'NONE', ( #2308, #4634, #1309, #1283 ) ) ;
#2103 = CARTESIAN_POINT ( 'NONE',  ( 0.05662420382165998106, -0.05276008492565334440, 0.8000000000000000444 ) ) ;
#2104 = CARTESIAN_POINT ( 'NONE',  ( -1.199999999999999956, 0.8490000000000000879, 0.4000000000000000222 ) ) ;
#2105 = SURFACE_SIDE_STYLE ('',( #5397 ) ) ;
#2106 = CARTESIAN_POINT ( 'NONE',  ( -1.699000000000000288, -0.5500000000000000444, 0.1250000000000000000 ) ) ;
#2107 = CARTESIAN_POINT ( 'NONE',  ( -0.03560509554139999755, -0.3827388535030000205, 0.0009999999999999998040 ) ) ;
#2108 = CARTESIAN_POINT ( 'NONE',  ( 0.3715286624200000443, 0.2465605095540000236, 0.0000000000000000000 ) ) ;
#2109 = CARTESIAN_POINT ( 'NONE',  ( 0.6473673036093333666, 0.3499999999999999778, 0.0000000000000000000 ) ) ;
#2110 = DIRECTION ( 'NONE',  ( 0.0000000000000000000, -0.0000000000000000000, -1.000000000000000000 ) ) ;
#2111 = VERTEX_POINT ( 'NONE', #2024 ) ;
#2112 = CARTESIAN_POINT ( 'NONE',  ( 0.4591719745220000370, -0.4652866242040000211, 0.0009999999999999998040 ) ) ;
#2113 = DIRECTION ( 'NONE',  ( 0.0000000000000000000, -0.0000000000000000000, -1.000000000000000000 ) ) ;
#2114 = STYLED_ITEM ( 'NONE', ( #586 ), #2039 ) ;
#2115 = CARTESIAN_POINT ( 'NONE',  ( 0.6888110385741069708, 0.2103821605091189817, 0.001000000000000000021 ) ) ;
#2116 = CARTESIAN_POINT ( 'NONE',  ( 0.5753503184710000440, 0.2358598726109999988, 0.001000000000000000021 ) ) ;
#2117 = DIRECTION ( 'NONE',  ( 0.0000000000000000000, 0.0000000000000000000, 1.000000000000000000 ) ) ;
#2118 = ORIENTED_EDGE ( 'NONE', *, *, #3462, .T. ) ;
#2119 = EDGE_CURVE ( 'NONE', #4402, #1899, #4138, .T. ) ;
#2120 =( GEOMETRIC_REPRESENTATION_CONTEXT ( 3 ) GLOBAL_UNCERTAINTY_ASSIGNED_CONTEXT ( ( #6890 ) ) GLOBAL_UNIT_ASSIGNED_CONTEXT ( ( #1709, #1637, #1123 ) ) REPRESENTATION_CONTEXT ( 'NONE', 'WORKASPACE' ) );
#2121 = EDGE_LOOP ( 'NONE', ( #3078, #809, #6330, #6403 ) ) ;
#2122 = CARTESIAN_POINT ( 'NONE',  ( -0.5212101910830000406, -0.08006369426751999696, 0.0000000000000000000 ) ) ;
#2123 =( LENGTH_UNIT ( ) NAMED_UNIT ( * ) SI_UNIT ( .MILLI., .METRE. ) );
#2124 =( GEOMETRIC_REPRESENTATION_CONTEXT ( 3 ) GLOBAL_UNCERTAINTY_ASSIGNED_CONTEXT ( ( #154 ) ) GLOBAL_UNIT_ASSIGNED_CONTEXT ( ( #6806, #6698, #1274 ) ) REPRESENTATION_CONTEXT ( 'NONE', 'WORKASPACE' ) );
#2125 = STYLED_ITEM ( 'NONE', ( #3358 ), #3053 ) ;
#2126 = EDGE_CURVE ( 'NONE', #4363, #3466, #6929, .T. ) ;
#2127 = CARTESIAN_POINT ( 'NONE',  ( 1.199999999999999956, 0.8499999999999999778, 0.1250000000000000000 ) ) ;
#2128 = EDGE_LOOP ( 'NONE', ( #5691, #6595, #128, #1261 ) ) ;
#2129 = EDGE_CURVE ( 'NONE', #2339, #2270, #457, .T. ) ;
#2130 =( NAMED_UNIT ( * ) PLANE_ANGLE_UNIT ( ) SI_UNIT ( $, .RADIAN. ) );
#2131 = EDGE_LOOP ( 'NONE', ( #6514, #5446, #3470, #4520 ) ) ;
#2132 =( GEOMETRIC_REPRESENTATION_CONTEXT ( 3 ) GLOBAL_UNCERTAINTY_ASSIGNED_CONTEXT ( ( #4096 ) ) GLOBAL_UNIT_ASSIGNED_CONTEXT ( ( #3735, #4837, #6460 ) ) REPRESENTATION_CONTEXT ( 'NONE', 'WORKASPACE' ) );
#2133 = COLOUR_RGB ( '',0.7098039215686274828, 0.7098039215686274828, 0.7098039215686274828 ) ;
#2134 = FILL_AREA_STYLE_COLOUR ( '', #5212 ) ;
#2135 = ORIENTED_EDGE ( 'NONE', *, *, #6976, .T. ) ;
#2136 = CARTESIAN_POINT ( 'NONE',  ( 7.000000000000000347E-17, 0.8489999999999999769, 0.1250000000000000000 ) ) ;
#2137 = CARTESIAN_POINT ( 'NONE',  ( 1.699000000000000288, 0.5500000000000000444, 0.1250000000000000000 ) ) ;
#2138 = ADVANCED_FACE ( 'NONE', ( #1327 ), #1874, .T. ) ;
#2139 = VECTOR ( 'NONE', #5743, 1000.000000000000000 ) ;
#2140 = EDGE_CURVE ( 'NONE', #2151, #571, #3765, .T. ) ;
#2141 = EDGE_LOOP ( 'NONE', ( #6445, #631, #5332, #5951, #2431, #1074, #6856, #3178, #4734, #2545, #5864, #582 ) ) ;
#2142 = CARTESIAN_POINT ( 'NONE',  ( 0.5753503184710000440, -0.2358598726109999988, 0.8000000000000000444 ) ) ;
#2143 = CARTESIAN_POINT ( 'NONE',  ( 0.5947133757960000322, -0.4978980891720000690, 0.0000000000000000000 ) ) ;
#2144 = VECTOR ( 'NONE', #5070, 1000.000000000000000 ) ;
#2145 = CARTESIAN_POINT ( 'NONE',  ( 1.699999999999999956, -0.3500000000001428635, 0.8000000000000000444 ) ) ;
#2146 = DIRECTION ( 'NONE',  ( -0.0000000000000000000, -2.699999999999999993E-16, -1.000000000000000000 ) ) ;
#2147 = VERTEX_POINT ( 'NONE', #6519 ) ;
#2148 = CARTESIAN_POINT ( 'NONE',  ( 0.7761146496816666573, 0.1081316348194133470, 0.0000000000000000000 ) ) ;
#2149 = FILL_AREA_STYLE_COLOUR ( '', #2283 ) ;
#2150 = CARTESIAN_POINT ( 'NONE',  ( 7.000000000000000347E-17, 0.8490000000000001990, 0.7750000000000001332 ) ) ;
#2151 = VERTEX_POINT ( 'NONE', #6077 ) ;
#2152 = CARTESIAN_POINT ( 'NONE',  ( -0.006730360934182015066, -0.3463906581743333435, 0.0000000000000000000 ) ) ;
#2153 = CARTESIAN_POINT ( 'NONE',  ( 0.8489808917200001304, -0.2440127388540000164, 0.7990000000000000435 ) ) ;
#2154 = LINE ( 'NONE', #6539, #3654 ) ;
#2155 = B_SPLINE_CURVE_WITH_KNOTS ( 'NONE', 3,
 ( #5887, #1457, #6906, #6353 ),
 .UNSPECIFIED., .F., .F.,
 ( 4, 4 ),
 ( 0.0000000000000000000, 1.000000000000000000 ),
 .UNSPECIFIED. ) ;
#2156 = SURFACE_SIDE_STYLE ('',( #5553 ) ) ;
#2157 = B_SPLINE_SURFACE_WITH_KNOTS ( 'NONE', 2, 1, ( 
 ( #4257, #4798 ),
 ( #6384, #4835 ),
 ( #5247, #3162 ) ),
 .UNSPECIFIED., .F., .F., .F.,
 ( 3, 3 ),
 ( 2, 2 ),
 ( 0.0000000000000000000, 1.000000000000000000 ),
 ( 0.0000000000000000000, 1.000000000000000000 ),
 .UNSPECIFIED. ) ;
#2158 = CARTESIAN_POINT ( 'NONE',  ( -0.4554777070059999877, -0.3057961783440000247, 0.0000000000000000000 ) ) ;
#2159 = UNCERTAINTY_MEASURE_WITH_UNIT (LENGTH_MEASURE( 1.000000000000000082E-05 ), #3258, 'distance_accuracy_value', 'NONE');
#2160 = ORIENTED_EDGE ( 'NONE', *, *, #4279, .T. ) ;
#2161 = SURFACE_STYLE_USAGE ( .BOTH. , #4311 ) ;
#2162 =( NAMED_UNIT ( * ) PLANE_ANGLE_UNIT ( ) SI_UNIT ( $, .RADIAN. ) );
#2163 = CARTESIAN_POINT ( 'NONE',  ( -0.5196815286620000141, 0.2287261146500000064, 0.0000000000000000000 ) ) ;
#2164 = VECTOR ( 'NONE', #6154, 1000.000000000000000 ) ;
#2165 = ADVANCED_FACE ( 'NONE', ( #3796 ), #4941, .T. ) ;
#2166 = ORIENTED_EDGE ( 'NONE', *, *, #1771, .F. ) ;
#2167 = ORIENTED_EDGE ( 'NONE', *, *, #4740, .T. ) ;
#2168 = MECHANICAL_DESIGN_GEOMETRIC_PRESENTATION_REPRESENTATION (  '', ( #2055 ), #2985 ) ;
#2169 = ORIENTED_EDGE ( 'NONE', *, *, #1632, .F. ) ;
#2170 = FACE_OUTER_BOUND ( 'NONE', #6118, .T. ) ;
#2171 = EDGE_CURVE ( 'NONE', #5612, #1434, #3189, .T. ) ;
#2172 = CARTESIAN_POINT ( 'NONE',  ( 0.4214649681529999969, 0.1619745222929999950, 0.0000000000000000000 ) ) ;
#2173 = B_SPLINE_CURVE_WITH_KNOTS ( 'NONE', 3,
 ( #2740, #849, #1583, #5559 ),
 .UNSPECIFIED., .F., .F.,
 ( 4, 4 ),
 ( 0.0000000000000000000, 1.000000000000000000 ),
 .UNSPECIFIED. ) ;
#2174 = VECTOR ( 'NONE', #891, 1000.000000000000000 ) ;
#2175 = FILL_AREA_STYLE_COLOUR ( '', #7022 ) ;
#2176 = ORIENTED_EDGE ( 'NONE', *, *, #3588, .F. ) ;
#2177 = LINE ( 'NONE', #1000, #4732 ) ;
#2178 = LINE ( 'NONE', #3233, #3634 ) ;
#2179 = PRODUCT_RELATED_PRODUCT_CATEGORY ( 'part', '', ( #5361 ) ) ;
#2180 = MECHANICAL_DESIGN_GEOMETRIC_PRESENTATION_REPRESENTATION (  '', ( #6032 ), #1237 ) ;
#2181 = CARTESIAN_POINT ( 'NONE',  ( 0.7322929936309999777, -0.1594267515920000100, 0.7990000000000000435 ) ) ;
#2182 = EDGE_CURVE ( 'NONE', #5349, #6671, #509, .T. ) ;
#2183 = DIRECTION ( 'NONE',  ( -0.0000000000000000000, -0.0000000000000000000, -1.000000000000000000 ) ) ;
#2184 = CARTESIAN_POINT ( 'NONE',  ( 0.3949681528660000107, 0.2764543524413333175, 0.0000000000000000000 ) ) ;
#2185 = CARTESIAN_POINT ( 'NONE',  ( -0.08401273885349998249, -0.07445859872611500230, 0.0000000000000000000 ) ) ;
#2186 = CARTESIAN_POINT ( 'NONE',  ( 1.200000000000000178, -0.8400000000000000799, 0.02500000000000000139 ) ) ;
#2187 = ORIENTED_EDGE ( 'NONE', *, *, #4791, .F. ) ;
#2188 = DIRECTION ( 'NONE',  ( -1.000000000000000000, -0.0000000000000000000, -0.0000000000000000000 ) ) ;
#2189 =( LENGTH_UNIT ( ) NAMED_UNIT ( * ) SI_UNIT ( .MILLI., .METRE. ) );
#2190 = PRESENTATION_STYLE_ASSIGNMENT (( #7251 ) ) ;
#2191 = AXIS2_PLACEMENT_3D ( 'NONE', #1687, #2268, #3904 ) ;
#2192 = SURFACE_SIDE_STYLE ('',( #1016 ) ) ;
#2193 = ORIENTED_EDGE ( 'NONE', *, *, #3387, .F. ) ;
#2194 = CARTESIAN_POINT ( 'NONE',  ( -0.03560509554140001143, 0.3827388535030000205, 0.8000000000000000444 ) ) ;
#2195 = ORIENTED_EDGE ( 'NONE', *, *, #3719, .T. ) ;
#2196 = SURFACE_STYLE_USAGE ( .BOTH. , #1513 ) ;
#2197 = VERTEX_POINT ( 'NONE', #2681 ) ;
#2198 = CARTESIAN_POINT ( 'NONE',  ( 0.9237154959487394734, -0.07755838478280295545, 0.7990000000000000435 ) ) ;
#2199 = VERTEX_POINT ( 'NONE', #1066 ) ;
#2200 = SURFACE_STYLE_USAGE ( .BOTH. , #6049 ) ;
#2201 = CARTESIAN_POINT ( 'NONE',  ( 1.699999999999999956, -0.5500000000000000444, 0.6750000000000000444 ) ) ;
#2202 =( GEOMETRIC_REPRESENTATION_CONTEXT ( 3 ) GLOBAL_UNCERTAINTY_ASSIGNED_CONTEXT ( ( #1702 ) ) GLOBAL_UNIT_ASSIGNED_CONTEXT ( ( #6840, #2949, #670 ) ) REPRESENTATION_CONTEXT ( 'NONE', 'WORKASPACE' ) );
#2203 = FILL_AREA_STYLE ('',( #6712 ) ) ;
#2204 = ORIENTED_EDGE ( 'NONE', *, *, #2182, .F. ) ;
#2205 = EDGE_CURVE ( 'NONE', #5393, #3335, #1480, .T. ) ;
#2206 = CARTESIAN_POINT ( 'NONE',  ( 0.05662420382165998106, 0.08617834394904000384, 0.8000000000000000444 ) ) ;
#2207 = LINE ( 'NONE', #2104, #4801 ) ;
#2208 = CARTESIAN_POINT ( 'NONE',  ( -0.5100000000000000089, -0.3878343949040000127, 0.005000000000000000104 ) ) ;
#2209 = CARTESIAN_POINT ( 'NONE',  ( -1.199999999999999956, -0.8490000000000001990, 0.1250000000000000000 ) ) ;
#2210 = ADVANCED_FACE ( 'NONE', ( #3832 ), #3760, .T. ) ;
#2211 = LINE ( 'NONE', #4411, #4521 ) ;
#2212 = EDGE_CURVE ( 'NONE', #5479, #2609, #4823, .T. ) ;
#2213 = STYLED_ITEM ( 'NONE', ( #1947 ), #1241 ) ;
#2214 = FACE_OUTER_BOUND ( 'NONE', #5144, .T. ) ;
#2215 = LINE ( 'NONE', #1672, #6441 ) ;
#2216 = ORIENTED_EDGE ( 'NONE', *, *, #5653, .T. ) ;
#2217 = DIRECTION ( 'NONE',  ( -1.000000000000000000, 0.0000000000000000000, -0.0000000000000000000 ) ) ;
#2218 = CARTESIAN_POINT ( 'NONE',  ( 0.3715286624200000443, 0.2465605095540000236, 0.0000000000000000000 ) ) ;
#2219 = DIRECTION ( 'NONE',  ( 0.0000000000000000000, 0.0000000000000000000, -1.000000000000000000 ) ) ;
#2220 = MECHANICAL_DESIGN_GEOMETRIC_PRESENTATION_REPRESENTATION (  '', ( #3840 ), #3156 ) ;
#2221 = EDGE_CURVE ( 'NONE', #1701, #1055, #4976, .T. ) ;
#2222 = CARTESIAN_POINT ( 'NONE',  ( 0.3808704928400692413, 0.2487261097226645401, 0.7990000000000000435 ) ) ;
#2223 = DIRECTION ( 'NONE',  ( 0.0000000000000000000, -1.000000000000000000, 0.0000000000000000000 ) ) ;
#2224 = EDGE_CURVE ( 'NONE', #5740, #4120, #6557, .T. ) ;
#2225 = UNCERTAINTY_MEASURE_WITH_UNIT (LENGTH_MEASURE( 1.000000000000000082E-05 ), #3375, 'distance_accuracy_value', 'NONE');
#2226 = ORIENTED_EDGE ( 'NONE', *, *, #4831, .F. ) ;
#2227 = COLOUR_RGB ( '',0.8000000000000000444, 0.8000000000000000444, 0.8000000000000000444 ) ;
#2228 = FILL_AREA_STYLE ('',( #537 ) ) ;
#2229 = B_SPLINE_CURVE_WITH_KNOTS ( 'NONE', 3,
 ( #5453, #6346, #4757, #3550 ),
 .UNSPECIFIED., .F., .F.,
 ( 4, 4 ),
 ( 0.0000000000000000000, 1.000000000000000000 ),
 .UNSPECIFIED. ) ;
#2230 = SURFACE_STYLE_FILL_AREA ( #6845 ) ;
#2231 = LINE ( 'NONE', #6664, #774 ) ;
#2232 = VECTOR ( 'NONE', #1532, 1000.000000000000000 ) ;
#2233 = LINE ( 'NONE', #4461, #6775 ) ;
#2234 = EDGE_LOOP ( 'NONE', ( #524, #1112, #6862, #4743 ) ) ;
#2235 = LINE ( 'NONE', #5637, #3101 ) ;
#2236 = LINE ( 'NONE', #35, #2588 ) ;
#2237 = ORIENTED_EDGE ( 'NONE', *, *, #6564, .T. ) ;
#2238 = ORIENTED_EDGE ( 'NONE', *, *, #1515, .T. ) ;
#2239 = DIRECTION ( 'NONE',  ( 1.000000000000000000, -0.0000000000000000000, 0.0000000000000000000 ) ) ;
#2240 = B_SPLINE_CURVE_WITH_KNOTS ( 'NONE', 3,
 ( #169, #3931, #1205, #3425 ),
 .UNSPECIFIED., .F., .F.,
 ( 4, 4 ),
 ( 0.0000000000000000000, 1.000000000000000000 ),
 .UNSPECIFIED. ) ;
#2241 = MECHANICAL_DESIGN_GEOMETRIC_PRESENTATION_REPRESENTATION (  '', ( #6689 ), #1439 ) ;
#2242 = ORIENTED_EDGE ( 'NONE', *, *, #3306, .F. ) ;
#2243 = CARTESIAN_POINT ( 'NONE',  ( -1.699999999999999956, -0.8499999999999999778, 0.1250000000000000000 ) ) ;
#2244 = FILL_AREA_STYLE ('',( #6822 ) ) ;
#2245 = VERTEX_POINT ( 'NONE', #918 ) ;
#2246 = FILL_AREA_STYLE ('',( #3881 ) ) ;
#2247 = CARTESIAN_POINT ( 'NONE',  ( 0.6640127388533334507, -0.4978980891720000690, 0.0000000000000000000 ) ) ;
#2248 = CARTESIAN_POINT ( 'NONE',  ( 0.2339490445859999934, 0.6761146496819999685, 0.0000000000000000000 ) ) ;
#2249 = VECTOR ( 'NONE', #6588, 1000.000000000000000 ) ;
#2250 = AXIS2_PLACEMENT_3D ( 'NONE', #6550, #4820, #4931 ) ;
#2251 = EDGE_CURVE ( 'NONE', #1913, #435, #437, .T. ) ;
#2252 = PLANE ( 'NONE',  #3268 ) ;
#2253 = DIRECTION ( 'NONE',  ( 0.0000000000000000000, 0.0000000000000000000, 1.000000000000000000 ) ) ;
#2254 = DIRECTION ( 'NONE',  ( 0.0000000000000000000, -2.699999999999999993E-16, -1.000000000000000000 ) ) ;
#2255 = ORIENTED_EDGE ( 'NONE', *, *, #6360, .T. ) ;
#2256 = MECHANICAL_DESIGN_GEOMETRIC_PRESENTATION_REPRESENTATION (  '', ( #5889 ), #4920 ) ;
#2257 = CARTESIAN_POINT ( 'NONE',  ( 0.5753503184710000440, 0.2358598726109999988, 0.005000000000000000104 ) ) ;
#2258 = DIRECTION ( 'NONE',  ( -1.000000000000000000, -0.0000000000000000000, -0.0000000000000000000 ) ) ;
#2259 = ORIENTED_EDGE ( 'NONE', *, *, #868, .F. ) ;
#2260 = DIRECTION ( 'NONE',  ( -0.0000000000000000000, 1.000000000000000000, 0.0000000000000000000 ) ) ;
#2261 = EDGE_CURVE ( 'NONE', #1805, #1264, #6594, .T. ) ;
#2262 = DIRECTION ( 'NONE',  ( -0.0000000000000000000, -0.0000000000000000000, -1.000000000000000000 ) ) ;
#2263 = CARTESIAN_POINT ( 'NONE',  ( -1.449999999999999956, 0.8499999999999999778, 0.5250000000000000222 ) ) ;
#2264 = ORIENTED_EDGE ( 'NONE', *, *, #3109, .T. ) ;
#2265 = SURFACE_SIDE_STYLE ('',( #3326 ) ) ;
#2266 = CARTESIAN_POINT ( 'NONE',  ( -0.6475796178339999765, -0.3499999999999999778, 0.7950000000000000400 ) ) ;
#2267 = EDGE_CURVE ( 'NONE', #4378, #3464, #6051, .T. ) ;
#2268 = DIRECTION ( 'NONE',  ( -0.0000000000000000000, 1.000000000000000000, 0.0000000000000000000 ) ) ;
#2269 = CARTESIAN_POINT ( 'NONE',  ( -0.03560509554139999061, 0.3827388535030000205, 0.7990000000000000435 ) ) ;
#2270 = VERTEX_POINT ( 'NONE', #5817 ) ;
#2271 = DIRECTION ( 'NONE',  ( 0.0000000000000000000, -1.000000000000000000, -0.0000000000000000000 ) ) ;
#2272 = ORIENTED_EDGE ( 'NONE', *, *, #956, .F. ) ;
#2273 = CARTESIAN_POINT ( 'NONE',  ( 0.8710615685100672190, -0.3584501032333252124, 0.001000000000000000021 ) ) ;
#2274 = ORIENTED_EDGE ( 'NONE', *, *, #4535, .F. ) ;
#2275 = ORIENTED_EDGE ( 'NONE', *, *, #4211, .T. ) ;
#2276 = CARTESIAN_POINT ( 'NONE',  ( -0.1456687898089999988, 0.4678343949039999727, 0.7990000000000000435 ) ) ;
#2277 = SURFACE_SIDE_STYLE ('',( #657 ) ) ;
#2278 = ORIENTED_EDGE ( 'NONE', *, *, #5072, .F. ) ;
#2279 = UNCERTAINTY_MEASURE_WITH_UNIT (LENGTH_MEASURE( 1.000000000000000082E-05 ), #4030, 'distance_accuracy_value', 'NONE');
#2280 = PRESENTATION_STYLE_ASSIGNMENT (( #1703 ) ) ;
#2281 = CARTESIAN_POINT ( 'NONE',  ( -0.4992993586750184010, 0.2538216513978231448, 0.7990000000000000435 ) ) ;
#2282 = CARTESIAN_POINT ( 'NONE',  ( 1.699999999999999956, -0.5500000000000000444, 0.1250000000000000000 ) ) ;
#2283 = COLOUR_RGB ( '',0.8000000000000000444, 0.8000000000000000444, 0.8000000000000000444 ) ;
#2284 = CARTESIAN_POINT ( 'NONE',  ( 0.5814649681529999725, 0.3837579617830000345, 0.7990000000000000435 ) ) ;
#2285 = FILL_AREA_STYLE ('',( #2794 ) ) ;
#2286 = SURFACE_SIDE_STYLE ('',( #2358 ) ) ;
#2287 = ORIENTED_EDGE ( 'NONE', *, *, #1995, .T. ) ;
#2288 = STYLED_ITEM ( 'NONE', ( #2280 ), #6754 ) ;
#2289 =( NAMED_UNIT ( * ) PLANE_ANGLE_UNIT ( ) SI_UNIT ( $, .RADIAN. ) );
#2290 = CARTESIAN_POINT ( 'NONE',  ( -0.2373885355660363405, 0.4978980871667494923, 0.7990000000000000435 ) ) ;
#2291 = ORIENTED_EDGE ( 'NONE', *, *, #445, .T. ) ;
#2292 = EDGE_CURVE ( 'NONE', #2314, #5794, #2236, .T. ) ;
#2293 = CARTESIAN_POINT ( 'NONE',  ( 1.199999999999999956, 0.8499999999999999778, 0.1250000000000000000 ) ) ;
#2294 = PRESENTATION_LAYER_ASSIGNMENT (  '', '', ( #3455 ) ) ;
#2295 = FACE_OUTER_BOUND ( 'NONE', #5357, .T. ) ;
#2296 = ORIENTED_EDGE ( 'NONE', *, *, #1845, .T. ) ;
#2297 = FACE_OUTER_BOUND ( 'NONE', #3698, .T. ) ;
#2298 = UNCERTAINTY_MEASURE_WITH_UNIT (LENGTH_MEASURE( 1.000000000000000082E-05 ), #1891, 'distance_accuracy_value', 'NONE');
#2299 = EDGE_CURVE ( 'NONE', #2995, #6465, #1142, .T. ) ;
#2300 = CARTESIAN_POINT ( 'NONE',  ( 0.1375000000000000111, -0.8170000000000000595, 0.001000000000000000021 ) ) ;
#2301 = SURFACE_STYLE_FILL_AREA ( #2228 ) ;
#2302 = MECHANICAL_DESIGN_GEOMETRIC_PRESENTATION_REPRESENTATION (  '', ( #899 ), #5103 ) ;
#2303 = CARTESIAN_POINT ( 'NONE',  ( 1.699999999999999956, 0.5500000000000000444, 0.5250000000000000222 ) ) ;
#2304 = ADVANCED_FACE ( 'NONE', ( #5638 ), #1920, .T. ) ;
#2305 = FILL_AREA_STYLE ('',( #1242 ) ) ;
#2306 = VERTEX_POINT ( 'NONE', #2994 ) ;
#2307 = FILL_AREA_STYLE_COLOUR ( '', #3678 ) ;
#2308 = ORIENTED_EDGE ( 'NONE', *, *, #1901, .T. ) ;
#2309 = ADVANCED_FACE ( 'NONE', ( #5222 ), #3980, .T. ) ;
#2310 = ORIENTED_EDGE ( 'NONE', *, *, #4682, .F. ) ;
#2311 = CARTESIAN_POINT ( 'NONE',  ( 0.0000000000000000000, 1.000000000000000072E-17, 0.0000000000000000000 ) ) ;
#2312 = FACE_OUTER_BOUND ( 'NONE', #4999, .T. ) ;
#2313 = DIRECTION ( 'NONE',  ( -0.0000000000000000000, 1.000000000000000000, -2.199999999999999757E-16 ) ) ;
#2314 = VERTEX_POINT ( 'NONE', #6773 ) ;
#2315 = EDGE_CURVE ( 'NONE', #4817, #552, #240, .T. ) ;
#2316 = SURFACE_STYLE_USAGE ( .BOTH. , #6191 ) ;
#2317 = SURFACE_STYLE_USAGE ( .BOTH. , #85 ) ;
#2318 = DIRECTION ( 'NONE',  ( -0.0000000000000000000, -0.0000000000000000000, 1.000000000000000000 ) ) ;
#2319 = DIRECTION ( 'NONE',  ( -0.0000000000000000000, 1.000000000000000000, 0.0000000000000000000 ) ) ;
#2320 = CARTESIAN_POINT ( 'NONE',  ( 0.5947133757960000322, 0.4978980891720000690, 0.7990000000000000435 ) ) ;
#2321 = CARTESIAN_POINT ( 'NONE',  ( -0.06447983014861999318, 0.4194267515923333911, 0.8000000000000000444 ) ) ;
#2322 = EDGE_LOOP ( 'NONE', ( #6842, #5534, #280, #2092 ) ) ;
#2323 = CARTESIAN_POINT ( 'NONE',  ( -0.3056687898089999744, 0.2358598726109999988, 0.0009999999999999998040 ) ) ;
#2324 = ORIENTED_EDGE ( 'NONE', *, *, #7193, .T. ) ;
#2325 =( NAMED_UNIT ( * ) PLANE_ANGLE_UNIT ( ) SI_UNIT ( $, .RADIAN. ) );
#2326 = DIRECTION ( 'NONE',  ( 0.0000000000000000000, -0.0000000000000000000, 1.000000000000000000 ) ) ;
#2327 = ORIENTED_EDGE ( 'NONE', *, *, #5036, .F. ) ;
#2328 = LINE ( 'NONE', #1269, #4203 ) ;
#2329 = ORIENTED_EDGE ( 'NONE', *, *, #4527, .F. ) ;
#2330 = FILL_AREA_STYLE_COLOUR ( '', #5871 ) ;
#2331 = FILL_AREA_STYLE_COLOUR ( '', #260 ) ;
#2332 = AXIS2_PLACEMENT_3D ( 'NONE', #1679, #2223, #3213 ) ;
#2333 = CARTESIAN_POINT ( 'NONE',  ( 0.4591719745220000926, 0.4652866242040000211, 0.7990000000000000435 ) ) ;
#2334 = EDGE_CURVE ( 'NONE', #7111, #2368, #1691, .T. ) ;
#2335 = DIRECTION ( 'NONE',  ( -1.000000000000000000, 0.0000000000000000000, -0.0000000000000000000 ) ) ;
#2336 = CARTESIAN_POINT ( 'NONE',  ( -0.1471974522289999920, -0.3083439490450000098, 0.0000000000000000000 ) ) ;
#2337 = EDGE_LOOP ( 'NONE', ( #5461, #6208, #5632, #5768 ) ) ;
#2338 = LINE ( 'NONE', #4975, #1698 ) ;
#2339 = VERTEX_POINT ( 'NONE', #3522 ) ;
#2340 = DIRECTION ( 'NONE',  ( 1.000000000000000000, 0.0000000000000000000, -0.0000000000000000000 ) ) ;
#2341 = ORIENTED_EDGE ( 'NONE', *, *, #3109, .F. ) ;
#2342 = CARTESIAN_POINT ( 'NONE',  ( 0.03216560509553999941, 0.2507643312100000244, 0.7990000000000000435 ) ) ;
#2343 = EDGE_CURVE ( 'NONE', #38, #1586, #4029, .T. ) ;
#2344 = EDGE_CURVE ( 'NONE', #2612, #4239, #6216, .T. ) ;
#2345 = CARTESIAN_POINT ( 'NONE',  ( -0.5212101910830000406, -0.08006369426751999696, 0.0009999999999999998040 ) ) ;
#2346 = DIRECTION ( 'NONE',  ( 0.0000000000000000000, 0.0000000000000000000, 1.000000000000000000 ) ) ;
#2347 = ORIENTED_EDGE ( 'NONE', *, *, #6148, .F. ) ;
#2348 = UNCERTAINTY_MEASURE_WITH_UNIT (LENGTH_MEASURE( 1.000000000000000082E-05 ), #96, 'distance_accuracy_value', 'NONE');
#2349 = VECTOR ( 'NONE', #6686, 1000.000000000000000 ) ;
#2350 = PLANE ( 'NONE',  #2411 ) ;
#2351 = DIRECTION ( 'NONE',  ( 1.000000000000000000, -0.0000000000000000000, 0.0000000000000000000 ) ) ;
#2352 = CARTESIAN_POINT ( 'NONE',  ( 1.699000000000000288, -0.8499999999999999778, 0.2750000000000000222 ) ) ;
#2353 = CARTESIAN_POINT ( 'NONE',  ( 0.1375000000000000111, 3.000000000000000061E-17, 0.001000000000000000021 ) ) ;
#2354 = VECTOR ( 'NONE', #6787, 1000.000000000000000 ) ;
#2355 = ADVANCED_FACE ( 'NONE', ( #2778 ), #1391, .T. ) ;
#2356 = VECTOR ( 'NONE', #6457, 1000.000000000000000 ) ;
#2357 = DIRECTION ( 'NONE',  ( -0.0000000000000000000, -2.699999999999999993E-16, -1.000000000000000000 ) ) ;
#2358 = SURFACE_STYLE_FILL_AREA ( #5690 ) ;
#2359 = ORIENTED_EDGE ( 'NONE', *, *, #3770, .T. ) ;
#2360 = CARTESIAN_POINT ( 'NONE',  ( -0.3797239884122090570, 0.2358598655489301532, 0.001000000000000000021 ) ) ;
#2361 = CARTESIAN_POINT ( 'NONE',  ( 1.449999999999999956, -0.8499999999999999778, 0.2750000000000000222 ) ) ;
#2362 = ORIENTED_EDGE ( 'NONE', *, *, #257, .F. ) ;
#2363 = MECHANICAL_DESIGN_GEOMETRIC_PRESENTATION_REPRESENTATION (  '', ( #958 ), #4353 ) ;
#2364 =( GEOMETRIC_REPRESENTATION_CONTEXT ( 3 ) GLOBAL_UNCERTAINTY_ASSIGNED_CONTEXT ( ( #2083 ) ) GLOBAL_UNIT_ASSIGNED_CONTEXT ( ( #5873, #2616, #6412 ) ) REPRESENTATION_CONTEXT ( 'NONE', 'WORKASPACE' ) );
#2365 = CARTESIAN_POINT ( 'NONE',  ( 1.199999999999999956, 0.8400000000000000799, 0.7750000000000001332 ) ) ;
#2366 = CIRCLE ( 'NONE', #3074, 0.3541666666669999741 ) ;
#2367 = CARTESIAN_POINT ( 'NONE',  ( 0.5230360947439043340, 0.3837579563828710238, 0.7990000000000000435 ) ) ;
#2368 = VERTEX_POINT ( 'NONE', #5891 ) ;
#2369 = AXIS2_PLACEMENT_3D ( 'NONE', #4681, #4243, #5829 ) ;
#2370 = DIRECTION ( 'NONE',  ( 0.0000000000000000000, -0.0000000000000000000, 1.000000000000000000 ) ) ;
#2371 = VERTEX_POINT ( 'NONE', #5406 ) ;
#2372 = CARTESIAN_POINT ( 'NONE',  ( 0.5845222929940000478, 0.3499999999999999778, 0.0009999999999999998040 ) ) ;
#2373 = PLANE ( 'NONE',  #5644 ) ;
#2374 = MECHANICAL_DESIGN_GEOMETRIC_PRESENTATION_REPRESENTATION (  '', ( #5528 ), #953 ) ;
#2375 = CARTESIAN_POINT ( 'NONE',  ( 1.699999999999999956, 0.5500000000000000444, 0.1250000000000000000 ) ) ;
#2376 = SURFACE_SIDE_STYLE ('',( #5744 ) ) ;
#2377 = CARTESIAN_POINT ( 'NONE',  ( -0.2373885350320000254, 0.4978980891720000690, 0.8000000000000000444 ) ) ;
#2378 = ORIENTED_EDGE ( 'NONE', *, *, #458, .F. ) ;
#2379 =( NAMED_UNIT ( * ) PLANE_ANGLE_UNIT ( ) SI_UNIT ( $, .RADIAN. ) );
#2380 = ORIENTED_EDGE ( 'NONE', *, *, #6067, .F. ) ;
#2381 =( NAMED_UNIT ( * ) PLANE_ANGLE_UNIT ( ) SI_UNIT ( $, .RADIAN. ) );
#2382 = EDGE_LOOP ( 'NONE', ( #2347, #4282, #2711, #5527, #3237, #1834, #6897, #4136 ) ) ;
#2383 = CARTESIAN_POINT ( 'NONE',  ( -0.03560509554139999061, 0.3827388535030000205, 0.7990000000000000435 ) ) ;
#2384 = EDGE_CURVE ( 'NONE', #1103, #82, #6305, .T. ) ;
#2385 = VERTEX_POINT ( 'NONE', #4299 ) ;
#2386 = CARTESIAN_POINT ( 'NONE',  ( -0.1497452229300000048, 0.1578980891719999891, 0.001000000000000000021 ) ) ;
#2387 = DIRECTION ( 'NONE',  ( 1.000000000000000000, 0.0000000000000000000, -0.0000000000000000000 ) ) ;
#2388 = ORIENTED_EDGE ( 'NONE', *, *, #6453, .F. ) ;
#2389 = CARTESIAN_POINT ( 'NONE',  ( 0.0000000000000000000, 0.8400000000000000799, 0.7750000000000001332 ) ) ;
#2390 = CARTESIAN_POINT ( 'NONE',  ( 0.8938216560509999464, -0.1441401273890000057, 0.8000000000000000444 ) ) ;
#2391 = CARTESIAN_POINT ( 'NONE',  ( 0.0000000000000000000, -0.8499999999999999778, 0.8000000000000000444 ) ) ;
#2392 = ADVANCED_FACE ( 'NONE', ( #390 ), #3102, .T. ) ;
#2393 = CARTESIAN_POINT ( 'NONE',  ( 0.5814649681529999725, -0.3837579617830000345, 0.0009999999999999998040 ) ) ;
#2394 = CARTESIAN_POINT ( 'NONE',  ( -0.1456687898089999988, 0.4678343949039999727, 0.7990000000000000435 ) ) ;
#2395 = COLOUR_RGB ( '',0.8000000000000000444, 0.8000000000000000444, 0.8000000000000000444 ) ;
#2396 = SURFACE_STYLE_USAGE ( .BOTH. , #5617 ) ;
#2397 = LINE ( 'NONE', #6199, #6898 ) ;
#2398 = ORIENTED_EDGE ( 'NONE', *, *, #6368, .T. ) ;
#2399 = SURFACE_SIDE_STYLE ('',( #5134 ) ) ;
#2400 = FACE_OUTER_BOUND ( 'NONE', #2234, .T. ) ;
#2401 = ORIENTED_EDGE ( 'NONE', *, *, #4344, .T. ) ;
#2402 = AXIS2_PLACEMENT_3D ( 'NONE', #3979, #5565, #1497 ) ;
#2403 = EDGE_CURVE ( 'NONE', #2059, #5826, #4701, .T. ) ;
#2404 = DIRECTION ( 'NONE',  ( 0.0000000000000000000, 1.000000000000000000, 0.0000000000000000000 ) ) ;
#2405 = DIRECTION ( 'NONE',  ( -1.000000000000000000, 0.0000000000000000000, -0.0000000000000000000 ) ) ;
#2406 = EDGE_LOOP ( 'NONE', ( #2944, #4824, #1024, #2401 ) ) ;
#2407 = LINE ( 'NONE', #203, #6540 ) ;
#2408 = ORIENTED_EDGE ( 'NONE', *, *, #2299, .F. ) ;
#2409 = CARTESIAN_POINT ( 'NONE',  ( 0.4612101910829999873, -0.3209554140129999844, 0.7990000000000000435 ) ) ;
#2410 = CARTESIAN_POINT ( 'NONE',  ( -0.4814649681529999947, -0.1298726114650000096, 0.7990000000000000435 ) ) ;
#2411 = AXIS2_PLACEMENT_3D ( 'NONE', #299, #730, #2970 ) ;
#2412 = DIRECTION ( 'NONE',  ( 1.000000000000000000, 0.0000000000000000000, 0.0000000000000000000 ) ) ;
#2413 = FILL_AREA_STYLE ('',( #679 ) ) ;
#2414 = CARTESIAN_POINT ( 'NONE',  ( 0.5814649681529999725, 0.3837579617830000345, 0.7990000000000000435 ) ) ;
#2415 = ORIENTED_EDGE ( 'NONE', *, *, #965, .F. ) ;
#2416 = CARTESIAN_POINT ( 'NONE',  ( 0.4591719745220000370, 0.4652866242040000211, 0.7990000000000000435 ) ) ;
#2417 = VERTEX_POINT ( 'NONE', #5955 ) ;
#2418 = VERTEX_POINT ( 'NONE', #3136 ) ;
#2419 = CARTESIAN_POINT ( 'NONE',  ( -1.699999999999999956, 0.5500000000000000444, 0.6750000000000000444 ) ) ;
#2420 = ORIENTED_EDGE ( 'NONE', *, *, #771, .T. ) ;
#2421 = STYLED_ITEM ( 'NONE', ( #504 ), #116 ) ;
#2422 = PRESENTATION_STYLE_ASSIGNMENT (( #3580 ) ) ;
#2423 = ORIENTED_EDGE ( 'NONE', *, *, #3593, .T. ) ;
#2424 = UNCERTAINTY_MEASURE_WITH_UNIT (LENGTH_MEASURE( 1.000000000000000082E-05 ), #342, 'distance_accuracy_value', 'NONE');
#2425 = CARTESIAN_POINT ( 'NONE',  ( 0.7322929936309999777, 0.1594267515920000100, 0.0000000000000000000 ) ) ;
#2426 = DIRECTION ( 'NONE',  ( 0.0000000000000000000, 0.0000000000000000000, -1.000000000000000000 ) ) ;
#2427 = DIRECTION ( 'NONE',  ( -1.000000000000000000, -0.0000000000000000000, -0.0000000000000000000 ) ) ;
#2428 = CARTESIAN_POINT ( 'NONE',  ( -1.699999999999999956, 0.8499999999999999778, 0.0000000000000000000 ) ) ;
#2429 = ADVANCED_FACE ( 'NONE', ( #2593 ), #1577, .T. ) ;
#2430 = CARTESIAN_POINT ( 'NONE',  ( 1.199999999999999956, -0.8499999999999999778, 0.0000000000000000000 ) ) ;
#2431 = ORIENTED_EDGE ( 'NONE', *, *, #2315, .T. ) ;
#2432 = CARTESIAN_POINT ( 'NONE',  ( 0.3582802547769999846, -0.06681528662419999876, 0.005000000000000000104 ) ) ;
#2433 = DIRECTION ( 'NONE',  ( 0.0000000000000000000, 1.200000000000000024E-16, 1.000000000000000000 ) ) ;
#2434 = ORIENTED_EDGE ( 'NONE', *, *, #3283, .F. ) ;
#2435 = FILL_AREA_STYLE_COLOUR ( '', #4112 ) ;
#2436 = B_SPLINE_SURFACE_WITH_KNOTS ( 'NONE', 2, 1, ( 
 ( #1156, #5100 ),
 ( #600, #666 ),
 ( #5730, #4624 ) ),
 .UNSPECIFIED., .F., .F., .F.,
 ( 3, 3 ),
 ( 2, 2 ),
 ( 0.0000000000000000000, 1.000000000000000000 ),
 ( 0.0000000000000000000, 1.000000000000000000 ),
 .UNSPECIFIED. ) ;
#2437 = EDGE_CURVE ( 'NONE', #1866, #7114, #5350, .T. ) ;
#2438 = LINE ( 'NONE', #894, #1159 ) ;
#2439 = EDGE_CURVE ( 'NONE', #667, #1885, #2006, .T. ) ;
#2440 = VERTEX_POINT ( 'NONE', #5922 ) ;
#2441 = LINE ( 'NONE', #5630, #3720 ) ;
#2442 =( GEOMETRIC_REPRESENTATION_CONTEXT ( 3 ) GLOBAL_UNCERTAINTY_ASSIGNED_CONTEXT ( ( #2279 ) ) GLOBAL_UNIT_ASSIGNED_CONTEXT ( ( #4030, #697, #6720 ) ) REPRESENTATION_CONTEXT ( 'NONE', 'WORKASPACE' ) );
#2443 = CARTESIAN_POINT ( 'NONE',  ( -0.5212101910830000406, -0.2278343949040000094, 0.0000000000000000000 ) ) ;
#2444 = UNCERTAINTY_MEASURE_WITH_UNIT (LENGTH_MEASURE( 1.000000000000000082E-05 ), #5431, 'distance_accuracy_value', 'NONE');
#2445 = EDGE_LOOP ( 'NONE', ( #7062, #873, #5603, #5711 ) ) ;
#2446 =( NAMED_UNIT ( * ) SI_UNIT ( $, .STERADIAN. ) SOLID_ANGLE_UNIT ( ) );
#2447 = CARTESIAN_POINT ( 'NONE',  ( -0.3902547729253908471, 0.3499999919147842031, 0.001000000000000000021 ) ) ;
#2448 = CARTESIAN_POINT ( 'NONE',  ( 0.4712314225053332861, -0.3567515923563333580, 0.0000000000000000000 ) ) ;
#2449 = VECTOR ( 'NONE', #2357, 1000.000000000000000 ) ;
#2450 = CARTESIAN_POINT ( 'NONE',  ( -0.5212101910830000406, 0.08006369426751999696, 0.7990000000000000435 ) ) ;
#2451 = EDGE_CURVE ( 'NONE', #1750, #2089, #2074, .T. ) ;
#2452 = SURFACE_SIDE_STYLE ('',( #5191 ) ) ;
#2453 = ORIENTED_EDGE ( 'NONE', *, *, #6030, .T. ) ;
#2454 = SURFACE_SIDE_STYLE ('',( #5709 ) ) ;
#2455 = ORIENTED_EDGE ( 'NONE', *, *, #7142, .T. ) ;
#2456 = PRESENTATION_LAYER_ASSIGNMENT (  '', '', ( #7016 ) ) ;
#2457 = CARTESIAN_POINT ( 'NONE',  ( -1.223999999999999977, 0.8499999999999999778, 0.7760000000000000231 ) ) ;
#2458 = ORIENTED_EDGE ( 'NONE', *, *, #1381, .T. ) ;
#2459 = VECTOR ( 'NONE', #3056, 1000.000000000000000 ) ;
#2460 = ORIENTED_EDGE ( 'NONE', *, *, #1318, .F. ) ;
#2461 = DIRECTION ( 'NONE',  ( -0.0000000000000000000, 0.0000000000000000000, -1.000000000000000000 ) ) ;
#2462 = CARTESIAN_POINT ( 'NONE',  ( -0.3056687898089999744, 0.2358598726109999988, 0.0000000000000000000 ) ) ;
#2463 = ORIENTED_EDGE ( 'NONE', *, *, #1901, .F. ) ;
#2464 = LINE ( 'NONE', #1368, #3794 ) ;
#2465 = MECHANICAL_DESIGN_GEOMETRIC_PRESENTATION_REPRESENTATION (  '', ( #1878 ), #4214 ) ;
#2466 = DIRECTION ( 'NONE',  ( 0.0000000000000000000, -2.199999999999999757E-16, -1.000000000000000000 ) ) ;
#2467 = FACE_OUTER_BOUND ( 'NONE', #1875, .T. ) ;
#2468 = DIRECTION ( 'NONE',  ( 0.0000000000000000000, -0.0000000000000000000, 1.000000000000000000 ) ) ;
#2469 = AXIS2_PLACEMENT_3D ( 'NONE', #4232, #5439, #6468 ) ;
#2470 = CARTESIAN_POINT ( 'NONE',  ( -1.449999999999999956, -0.8490000000000000879, 0.5250000000000000222 ) ) ;
#2471 = ORIENTED_EDGE ( 'NONE', *, *, #4495, .T. ) ;
#2472 = CARTESIAN_POINT ( 'NONE',  ( 0.5947133757960000322, -0.4978980891720000690, 0.0000000000000000000 ) ) ;
#2473 = B_SPLINE_CURVE_WITH_KNOTS ( 'NONE', 3,
 ( #410, #4324, #4869, #7118 ),
 .UNSPECIFIED., .F., .F.,
 ( 4, 4 ),
 ( 0.0000000000000000000, 1.000000000000000000 ),
 .UNSPECIFIED. ) ;
#2474 = EDGE_CURVE ( 'NONE', #4572, #6354, #4265, .T. ) ;
#2475 = VECTOR ( 'NONE', #5145, 1000.000000000000000 ) ;
#2476 = LINE ( 'NONE', #6310, #6343 ) ;
#2477 = CARTESIAN_POINT ( 'NONE',  ( -1.699000000000000288, 0.8490000000000001990, 0.6750000000000000444 ) ) ;
#2478 = ORIENTED_EDGE ( 'NONE', *, *, #5347, .F. ) ;
#2479 = CARTESIAN_POINT ( 'NONE',  ( -0.4554777070059999877, -0.3057961783440000247, 0.001000000000000000021 ) ) ;
#2480 = VECTOR ( 'NONE', #4288, 1000.000000000000000 ) ;
#2481 = CARTESIAN_POINT ( 'NONE',  ( 0.4851592356689999885, 0.2358598726109999988, 0.0009999999999999998040 ) ) ;
#2482 = ORIENTED_EDGE ( 'NONE', *, *, #1403, .F. ) ;
#2483 = DIRECTION ( 'NONE',  ( -0.0000000000000000000, -0.0000000000000000000, -1.000000000000000000 ) ) ;
#2484 = PLANE ( 'NONE',  #7156 ) ;
#2485 = EDGE_CURVE ( 'NONE', #1825, #1145, #348, .T. ) ;
#2486 =( LENGTH_UNIT ( ) NAMED_UNIT ( * ) SI_UNIT ( .MILLI., .METRE. ) );
#2487 = AXIS2_PLACEMENT_3D ( 'NONE', #394, #6617, #4848 ) ;
#2488 = CARTESIAN_POINT ( 'NONE',  ( -1.699999999999999956, -0.8499999999999999778, 0.0000000000000000000 ) ) ;
#2489 = SURFACE_SIDE_STYLE ('',( #977 ) ) ;
#2490 = VERTEX_POINT ( 'NONE', #4806 ) ;
#2491 = ADVANCED_FACE ( 'NONE', ( #5994 ), #1386, .F. ) ;
#2492 = ORIENTED_EDGE ( 'NONE', *, *, #6267, .T. ) ;
#2493 = COLOUR_RGB ( '',0.8000000000000000444, 0.8000000000000000444, 0.8000000000000000444 ) ;
#2494 = CARTESIAN_POINT ( 'NONE',  ( 0.5845222929940000478, -0.3499999999999999778, 0.8000000000000000444 ) ) ;
#2495 = ORIENTED_EDGE ( 'NONE', *, *, #685, .T. ) ;
#2496 =( NAMED_UNIT ( * ) SI_UNIT ( $, .STERADIAN. ) SOLID_ANGLE_UNIT ( ) );
#2497 = ADVANCED_FACE ( 'NONE', ( #3240 ), #1604, .T. ) ;
#2498 = ORIENTED_EDGE ( 'NONE', *, *, #4799, .T. ) ;
#2499 = DIRECTION ( 'NONE',  ( 1.000000000000000000, 0.0000000000000000000, 0.0000000000000000000 ) ) ;
#2500 = ORIENTED_EDGE ( 'NONE', *, *, #599, .T. ) ;
#2501 = PLANE ( 'NONE',  #4622 ) ;
#2502 = DIRECTION ( 'NONE',  ( 0.0000000000000000000, 0.0000000000000000000, 1.000000000000000000 ) ) ;
#2503 = FACE_OUTER_BOUND ( 'NONE', #6726, .T. ) ;
#2504 = CARTESIAN_POINT ( 'NONE',  ( 0.7638853503180000892, -0.2970063694269999832, 0.8000000000000000444 ) ) ;
#2505 = ORIENTED_EDGE ( 'NONE', *, *, #5380, .F. ) ;
#2506 = CARTESIAN_POINT ( 'NONE',  ( -1.699999999999999956, 0.8499999999999999778, 0.5250000000000000222 ) ) ;
#2507 = CARTESIAN_POINT ( 'NONE',  ( 0.02214437367303997636, 0.1602760084926666828, 0.0000000000000000000 ) ) ;
#2508 = CYLINDRICAL_SURFACE ( 'NONE', #2598, 0.3541666666669999741 ) ;
#2509 = VECTOR ( 'NONE', #5376, 1000.000000000000000 ) ;
#2510 = CARTESIAN_POINT ( 'NONE',  ( 1.699999999999999956, -0.8499999999999999778, 0.5250000000000000222 ) ) ;
#2511 = CARTESIAN_POINT ( 'NONE',  ( -1.699999999999999956, -0.8499999999999999778, 0.5250000000000000222 ) ) ;
#2512 = VERTEX_POINT ( 'NONE', #3926 ) ;
#2513 = CARTESIAN_POINT ( 'NONE',  ( 0.7980254733244417364, 0.02898088614938904017, 0.001000000000000000021 ) ) ;
#2514 = PRESENTATION_LAYER_ASSIGNMENT (  '', '', ( #7087 ) ) ;
#2515 = DIRECTION ( 'NONE',  ( 0.0000000000000000000, 1.200000000000000024E-16, 1.000000000000000000 ) ) ;
#2516 = VERTEX_POINT ( 'NONE', #563 ) ;
#2517 = CARTESIAN_POINT ( 'NONE',  ( -1.699999999999999956, -0.5500000000000000444, 0.2750000000000000222 ) ) ;
#2518 = CARTESIAN_POINT ( 'NONE',  ( 0.6364968152863333950, 0.2358598726109999988, 0.0000000000000000000 ) ) ;
#2519 = MECHANICAL_DESIGN_GEOMETRIC_PRESENTATION_REPRESENTATION (  '', ( #635 ), #6731 ) ;
#2520 = CARTESIAN_POINT ( 'NONE',  ( 0.9250743099786666868, 0.2286836518050000266, 0.8000000000000000444 ) ) ;
#2521 = FILL_AREA_STYLE_COLOUR ( '', #5370 ) ;
#2522 = ORIENTED_EDGE ( 'NONE', *, *, #5893, .T. ) ;
#2523 = EDGE_CURVE ( 'NONE', #6106, #4680, #7245, .T. ) ;
#2524 = VERTEX_POINT ( 'NONE', #6614 ) ;
#2525 = VECTOR ( 'NONE', #1876, 1000.000000000000000 ) ;
#2526 = CARTESIAN_POINT ( 'NONE',  ( -0.5100000000000000089, -0.7914012738850000339, 0.0009999999999999998040 ) ) ;
#2527 = ORIENTED_EDGE ( 'NONE', *, *, #5016, .F. ) ;
#2528 = LINE ( 'NONE', #5270, #723 ) ;
#2529 = EDGE_CURVE ( 'NONE', #6833, #6938, #4377, .T. ) ;
#2530 =( GEOMETRIC_REPRESENTATION_CONTEXT ( 3 ) GLOBAL_UNCERTAINTY_ASSIGNED_CONTEXT ( ( #5739 ) ) GLOBAL_UNIT_ASSIGNED_CONTEXT ( ( #1983, #2381, #6329 ) ) REPRESENTATION_CONTEXT ( 'NONE', 'WORKASPACE' ) );
#2531 = ORIENTED_EDGE ( 'NONE', *, *, #3651, .F. ) ;
#2532 = EDGE_CURVE ( 'NONE', #6008, #92, #2766, .T. ) ;
#2533 = FILL_AREA_STYLE_COLOUR ( '', #4964 ) ;
#2534 =( NAMED_UNIT ( * ) SI_UNIT ( $, .STERADIAN. ) SOLID_ANGLE_UNIT ( ) );
#2535 = ORIENTED_EDGE ( 'NONE', *, *, #5710, .T. ) ;
#2536 = LINE ( 'NONE', #5203, #5802 ) ;
#2537 = CARTESIAN_POINT ( 'NONE',  ( 1.199999999999999956, 0.8499999999999999778, 0.0000000000000000000 ) ) ;
#2538 = DIRECTION ( 'NONE',  ( 0.0000000000000000000, -1.000000000000000000, -0.0000000000000000000 ) ) ;
#2539 =( NAMED_UNIT ( * ) PLANE_ANGLE_UNIT ( ) SI_UNIT ( $, .RADIAN. ) );
#2540 = EDGE_CURVE ( 'NONE', #3466, #38, #4483, .T. ) ;
#2541 = PRESENTATION_LAYER_ASSIGNMENT (  '', '', ( #899 ) ) ;
#2542 = DIRECTION ( 'NONE',  ( -0.0000000000000000000, 0.0000000000000000000, -1.000000000000000000 ) ) ;
#2543 = EDGE_CURVE ( 'NONE', #4645, #253, #2215, .T. ) ;
#2544 = LINE ( 'NONE', #5912, #5260 ) ;
#2545 = ORIENTED_EDGE ( 'NONE', *, *, #725, .T. ) ;
#2546 = CARTESIAN_POINT ( 'NONE',  ( 0.9386624176648247220, 0.1575159223097806760, 0.7990000000000000435 ) ) ;
#2547 = CARTESIAN_POINT ( 'NONE',  ( 0.05662420382165998106, -0.08617834394904000384, 0.0000000000000000000 ) ) ;
#2548 = DIRECTION ( 'NONE',  ( 0.0000000000000000000, 0.0000000000000000000, -1.000000000000000000 ) ) ;
#2549 = PRESENTATION_STYLE_ASSIGNMENT (( #4731 ) ) ;
#2550 = CARTESIAN_POINT ( 'NONE',  ( 0.8489808917200001304, 0.2440127388540000164, 0.0000000000000000000 ) ) ;
#2551 = VERTEX_POINT ( 'NONE', #2728 ) ;
#2552 = B_SPLINE_CURVE_WITH_KNOTS ( 'NONE', 3,
 ( #992, #1028, #5456, #439 ),
 .UNSPECIFIED., .F., .F.,
 ( 4, 4 ),
 ( 0.0000000000000000000, 1.000000000000000000 ),
 .UNSPECIFIED. ) ;
#2553 = LINE ( 'NONE', #4413, #4908 ) ;
#2554 = FILL_AREA_STYLE_COLOUR ( '', #4091 ) ;
#2555 = ORIENTED_EDGE ( 'NONE', *, *, #6517, .T. ) ;
#2556 = CARTESIAN_POINT ( 'NONE',  ( 0.5814649681529999725, -0.3837579617830000345, 0.0000000000000000000 ) ) ;
#2557 = CARTESIAN_POINT ( 'NONE',  ( -0.2995541401269999904, 0.3837579617830000345, 0.8000000000000000444 ) ) ;
#2558 = VECTOR ( 'NONE', #5219, 1000.000000000000000 ) ;
#2559 = B_SPLINE_SURFACE_WITH_KNOTS ( 'NONE', 2, 1, ( 
 ( #5053, #651 ),
 ( #6776, #545 ),
 ( #1730, #5009 ) ),
 .UNSPECIFIED., .F., .F., .F.,
 ( 3, 3 ),
 ( 2, 2 ),
 ( 0.0000000000000000000, 1.000000000000000000 ),
 ( 0.0000000000000000000, 1.000000000000000000 ),
 .UNSPECIFIED. ) ;
#2560 = SURFACE_STYLE_USAGE ( .BOTH. , #4308 ) ;
#2561 = ORIENTED_EDGE ( 'NONE', *, *, #4673, .T. ) ;
#2562 = ORIENTED_EDGE ( 'NONE', *, *, #5380, .T. ) ;
#2563 = ORIENTED_EDGE ( 'NONE', *, *, #5125, .T. ) ;
#2564 =( LENGTH_UNIT ( ) NAMED_UNIT ( * ) SI_UNIT ( .MILLI., .METRE. ) );
#2565 = MECHANICAL_DESIGN_GEOMETRIC_PRESENTATION_REPRESENTATION (  '', ( #3716 ), #1520 ) ;
#2566 = ADVANCED_FACE ( 'NONE', ( #6725 ), #5587, .T. ) ;
#2567 = B_SPLINE_CURVE_WITH_KNOTS ( 'NONE', 3,
 ( #2836, #4064, #2321, #5767 ),
 .UNSPECIFIED., .F., .F.,
 ( 4, 4 ),
 ( 0.0000000000000000000, 1.000000000000000000 ),
 .UNSPECIFIED. ) ;
#2568 = ORIENTED_EDGE ( 'NONE', *, *, #3588, .T. ) ;
#2569 = STYLED_ITEM ( 'NONE', ( #7212 ), #1285 ) ;
#2570 = CARTESIAN_POINT ( 'NONE',  ( -1.699000000000000288, 0.5500000000000000444, 0.2000000000000000111 ) ) ;
#2571 =( NAMED_UNIT ( * ) PLANE_ANGLE_UNIT ( ) SI_UNIT ( $, .RADIAN. ) );
#2572 = ORIENTED_EDGE ( 'NONE', *, *, #680, .F. ) ;
#2573 =( NAMED_UNIT ( * ) SI_UNIT ( $, .STERADIAN. ) SOLID_ANGLE_UNIT ( ) );
#2574 = VERTEX_POINT ( 'NONE', #2186 ) ;
#2575 = CARTESIAN_POINT ( 'NONE',  ( -1.699999999999999956, 0.8499999999999999778, 0.6750000000000000444 ) ) ;
#2576 = CARTESIAN_POINT ( 'NONE',  ( -0.5196815286620000141, 0.2287261146500000064, 0.0009999999999999998040 ) ) ;
#2577 = EDGE_CURVE ( 'NONE', #4088, #1742, #2648, .T. ) ;
#2578 = SURFACE_SIDE_STYLE ('',( #3126 ) ) ;
#2579 = COLOUR_RGB ( '',0.8000000000000000444, 0.8000000000000000444, 0.8000000000000000444 ) ;
#2580 = CARTESIAN_POINT ( 'NONE',  ( 0.6473673036093333666, -0.3499999999999999778, 0.8000000000000000444 ) ) ;
#2581 = VERTEX_POINT ( 'NONE', #3351 ) ;
#2582 = PRESENTATION_LAYER_ASSIGNMENT (  '', '', ( #5734 ) ) ;
#2583 = CARTESIAN_POINT ( 'NONE',  ( 0.4591719745220000370, -0.4652866242040000211, 0.0000000000000000000 ) ) ;
#2584 = CARTESIAN_POINT ( 'NONE',  ( 1.199999999999999956, 0.8499999999999999778, 0.0000000000000000000 ) ) ;
#2585 = EDGE_CURVE ( 'NONE', #1019, #6823, #1157, .T. ) ;
#2586 = ADVANCED_FACE ( 'NONE', ( #4337 ), #6476, .T. ) ;
#2587 = CARTESIAN_POINT ( 'NONE',  ( 0.3582802547769999846, -0.03645435244161333160, 0.8000000000000000444 ) ) ;
#2588 = VECTOR ( 'NONE', #789, 1000.000000000000000 ) ;
#2589 = CARTESIAN_POINT ( 'NONE',  ( 0.8938216560509999464, 0.1441401273890000057, 0.0000000000000000000 ) ) ;
#2590 = VERTEX_POINT ( 'NONE', #6202 ) ;
#2591 = DIRECTION ( 'NONE',  ( -1.000000000000000000, 0.0000000000000000000, -0.0000000000000000000 ) ) ;
#2592 =( NAMED_UNIT ( * ) SI_UNIT ( $, .STERADIAN. ) SOLID_ANGLE_UNIT ( ) );
#2593 = FACE_OUTER_BOUND ( 'NONE', #4247, .T. ) ;
#2594 = VERTEX_POINT ( 'NONE', #601 ) ;
#2595 = DIRECTION ( 'NONE',  ( 0.0000000000000000000, 1.000000000000000000, 0.0000000000000000000 ) ) ;
#2596 = AXIS2_PLACEMENT_3D ( 'NONE', #137, #207, #5186 ) ;
#2597 = SURFACE_SIDE_STYLE ('',( #4304 ) ) ;
#2598 = AXIS2_PLACEMENT_3D ( 'NONE', #3671, #307, #893 ) ;
#2599 = CARTESIAN_POINT ( 'NONE',  ( 1.199999999999999956, 0.8400000000000000799, 0.8000000000000000444 ) ) ;
#2600 = VECTOR ( 'NONE', #7026, 1000.000000000000000 ) ;
#2601 = ORIENTED_EDGE ( 'NONE', *, *, #1229, .F. ) ;
#2602 = UNCERTAINTY_MEASURE_WITH_UNIT (LENGTH_MEASURE( 1.000000000000000082E-05 ), #3868, 'distance_accuracy_value', 'NONE');
#2603 = EDGE_LOOP ( 'NONE', ( #5747, #5067, #4552, #3513 ) ) ;
#2604 = CARTESIAN_POINT ( 'NONE',  ( -0.5196815286620000141, 0.2287261146500000064, 0.005000000000000000104 ) ) ;
#2605 = SURFACE_SIDE_STYLE ('',( #6624 ) ) ;
#2606 = PLANE ( 'NONE',  #2250 ) ;
#2607 = AXIS2_PLACEMENT_3D ( 'NONE', #2311, #6817, #3947 ) ;
#2608 = AXIS2_PLACEMENT_3D ( 'NONE', #2692, #3771, #2037 ) ;
#2609 = VERTEX_POINT ( 'NONE', #3512 ) ;
#2610 = CARTESIAN_POINT ( 'NONE',  ( -1.199999999999999956, 0.0000000000000000000, 0.7750000000000001332 ) ) ;
#2611 = DIRECTION ( 'NONE',  ( -0.0000000000000000000, -1.000000000000000000, 0.0000000000000000000 ) ) ;
#2612 = VERTEX_POINT ( 'NONE', #630 ) ;
#2613 = EDGE_CURVE ( 'NONE', #4016, #3082, #130, .T. ) ;
#2614 = CARTESIAN_POINT ( 'NONE',  ( -1.699000000000000288, -0.5500000000000000444, 0.6750000000000000444 ) ) ;
#2615 = ORIENTED_EDGE ( 'NONE', *, *, #326, .T. ) ;
#2616 =( NAMED_UNIT ( * ) PLANE_ANGLE_UNIT ( ) SI_UNIT ( $, .RADIAN. ) );
#2617 = CARTESIAN_POINT ( 'NONE',  ( 0.7638853503180000892, -0.2970063694269999832, 0.7950000000000000400 ) ) ;
#2618 = DIRECTION ( 'NONE',  ( 0.0000000000000000000, -1.000000000000000000, 0.0000000000000000000 ) ) ;
#2619 = VERTEX_POINT ( 'NONE', #1197 ) ;
#2620 = EDGE_CURVE ( 'NONE', #6777, #4327, #127, .T. ) ;
#2621 = DIRECTION ( 'NONE',  ( -1.000000000000000000, 0.0000000000000000000, -0.0000000000000000000 ) ) ;
#2622 = CARTESIAN_POINT ( 'NONE',  ( 0.05662420382165998106, 0.05276008492565334440, 0.0000000000000000000 ) ) ;
#2623 = CARTESIAN_POINT ( 'NONE',  ( -0.9020000000000000240, 0.8170000000000000595, 0.001000000000000000671 ) ) ;
#2624 = B_SPLINE_SURFACE_WITH_KNOTS ( 'NONE', 2, 1, ( 
 ( #1708, #2323 ),
 ( #4034, #1262 ),
 ( #4066, #6201 ) ),
 .UNSPECIFIED., .F., .F., .F.,
 ( 3, 3 ),
 ( 2, 2 ),
 ( 0.0000000000000000000, 1.000000000000000000 ),
 ( 0.0000000000000000000, 1.000000000000000000 ),
 .UNSPECIFIED. ) ;
#2625 = VECTOR ( 'NONE', #3267, 1000.000000000000000 ) ;
#2626 = EDGE_CURVE ( 'NONE', #6288, #6354, #6308, .T. ) ;
#2627 = SURFACE_STYLE_USAGE ( .BOTH. , #4990 ) ;
#2628 = ORIENTED_EDGE ( 'NONE', *, *, #6790, .T. ) ;
#2629 =( LENGTH_UNIT ( ) NAMED_UNIT ( * ) SI_UNIT ( .MILLI., .METRE. ) );
#2630 = EDGE_CURVE ( 'NONE', #6696, #5154, #741, .T. ) ;
#2631 = CARTESIAN_POINT ( 'NONE',  ( -0.04681528662420000875, 0.2363694267520000392, 0.005000000000000000104 ) ) ;
#2632 = ORIENTED_EDGE ( 'NONE', *, *, #6014, .F. ) ;
#2633 = CARTESIAN_POINT ( 'NONE',  ( 0.4260509554140000099, 0.3027388535030000605, 0.8000000000000000444 ) ) ;
#2634 = CARTESIAN_POINT ( 'NONE',  ( -0.9250000000000002665, -0.8400000000000000799, 0.7750000000000001332 ) ) ;
#2635 = COLOUR_RGB ( '',0.7372549019607843590, 0.6039215686274509443, 0.0000000000000000000 ) ;
#2636 = CARTESIAN_POINT ( 'NONE',  ( -0.2103821656050000044, 0.3837579617830000345, 0.8000000000000000444 ) ) ;
#2637 =( LENGTH_UNIT ( ) NAMED_UNIT ( * ) SI_UNIT ( .MILLI., .METRE. ) );
#2638 = ORIENTED_EDGE ( 'NONE', *, *, #1632, .T. ) ;
#2639 = ORIENTED_EDGE ( 'NONE', *, *, #1371, .F. ) ;
#2640 =( NAMED_UNIT ( * ) SI_UNIT ( $, .STERADIAN. ) SOLID_ANGLE_UNIT ( ) );
#2641 = LINE ( 'NONE', #1582, #5171 ) ;
#2642 = VECTOR ( 'NONE', #3814, 1000.000000000000000 ) ;
#2643 = B_SPLINE_CURVE_WITH_KNOTS ( 'NONE', 3,
 ( #6081, #1030, #1656, #7153 ),
 .UNSPECIFIED., .F., .F.,
 ( 4, 4 ),
 ( 0.0000000000000000000, 1.000000000000000000 ),
 .UNSPECIFIED. ) ;
#2644 = VECTOR ( 'NONE', #4903, 1000.000000000000000 ) ;
#2645 = EDGE_LOOP ( 'NONE', ( #4492, #1646, #3401, #2561 ) ) ;
#2646 = ORIENTED_EDGE ( 'NONE', *, *, #4748, .T. ) ;
#2647 = VERTEX_POINT ( 'NONE', #4067 ) ;
#2648 = B_SPLINE_CURVE_WITH_KNOTS ( 'NONE', 3,
 ( #2799, #6168, #7131, #5028 ),
 .UNSPECIFIED., .F., .F.,
 ( 4, 4 ),
 ( 0.0000000000000000000, 1.000000000000000000 ),
 .UNSPECIFIED. ) ;
#2649 = DIRECTION ( 'NONE',  ( 1.000000000000000000, 0.0000000000000000000, 0.0000000000000000000 ) ) ;
#2650 = PRESENTATION_LAYER_ASSIGNMENT (  '', '', ( #6032 ) ) ;
#2651 = CARTESIAN_POINT ( 'NONE',  ( 0.4639278131636666580, 0.2112314225049999883, 0.0000000000000000000 ) ) ;
#2652 = ORIENTED_EDGE ( 'NONE', *, *, #1995, .F. ) ;
#2653 = PRESENTATION_LAYER_ASSIGNMENT (  '', '', ( #1243 ) ) ;
#2654 = CARTESIAN_POINT ( 'NONE',  ( 0.9386624203819999845, 0.1962420382170000088, 0.8000000000000000444 ) ) ;
#2655 = CARTESIAN_POINT ( 'NONE',  ( -0.5100000000000000089, -0.3878343949040000127, 0.0009999999999999998040 ) ) ;
#2656 = PLANE ( 'NONE',  #4578 ) ;
#2657 = CARTESIAN_POINT ( 'NONE',  ( 1.449999999999999956, -0.8490000000000000879, 0.4000000000000000222 ) ) ;
#2658 = EDGE_CURVE ( 'NONE', #1170, #7141, #6900, .T. ) ;
#2659 = B_SPLINE_CURVE_WITH_KNOTS ( 'NONE', 3,
 ( #3667, #4693, #3589, #5320 ),
 .UNSPECIFIED., .F., .F.,
 ( 4, 4 ),
 ( 0.0000000000000000000, 1.000000000000000000 ),
 .UNSPECIFIED. ) ;
#2660 = ORIENTED_EDGE ( 'NONE', *, *, #2854, .T. ) ;
#2661 = LINE ( 'NONE', #1668, #3043 ) ;
#2662 =( NAMED_UNIT ( * ) PLANE_ANGLE_UNIT ( ) SI_UNIT ( $, .RADIAN. ) );
#2663 = DIRECTION ( 'NONE',  ( 0.0000000000000000000, 1.200000000000000024E-16, 1.000000000000000000 ) ) ;
#2664 = ORIENTED_EDGE ( 'NONE', *, *, #3961, .T. ) ;
#2665 = FACE_OUTER_BOUND ( 'NONE', #802, .T. ) ;
#2666 = EDGE_CURVE ( 'NONE', #1358, #6901, #1850, .T. ) ;
#2667 = CARTESIAN_POINT ( 'NONE',  ( -0.5196815286620000141, -0.2287261146500000064, 0.7990000000000000435 ) ) ;
#2668 = ADVANCED_FACE ( 'NONE', ( #4035 ), #4625, .F. ) ;
#2669 = CARTESIAN_POINT ( 'NONE',  ( -0.2944585987260000537, -0.3499999999999999223, 0.8000000000000000444 ) ) ;
#2670 = DIRECTION ( 'NONE',  ( 0.0000000000000000000, 1.000000000000000000, -2.199999999999999757E-16 ) ) ;
#2671 = VERTEX_POINT ( 'NONE', #4591 ) ;
#2672 = UNCERTAINTY_MEASURE_WITH_UNIT (LENGTH_MEASURE( 1.000000000000000082E-05 ), #1297, 'distance_accuracy_value', 'NONE');
#2673 = ORIENTED_EDGE ( 'NONE', *, *, #2658, .F. ) ;
#2674 = CARTESIAN_POINT ( 'NONE',  ( 0.7980254777070000527, -0.07802547770701000196, 0.0000000000000000000 ) ) ;
#2675 = DIRECTION ( 'NONE',  ( -0.0000000000000000000, -0.0000000000000000000, -1.000000000000000000 ) ) ;
#2676 = B_SPLINE_CURVE_WITH_KNOTS ( 'NONE', 3,
 ( #7061, #5919, #4260, #6501 ),
 .UNSPECIFIED., .F., .F.,
 ( 4, 4 ),
 ( 0.0000000000000000000, 1.000000000000000000 ),
 .UNSPECIFIED. ) ;
#2677 = EDGE_CURVE ( 'NONE', #82, #882, #4122, .T. ) ;
#2678 = DIRECTION ( 'NONE',  ( -1.000000000000000000, 0.0000000000000000000, -0.0000000000000000000 ) ) ;
#2679 = CARTESIAN_POINT ( 'NONE',  ( 0.0000000000000000000, -0.8490000000000000879, 0.02500000000000000139 ) ) ;
#2680 = ORIENTED_EDGE ( 'NONE', *, *, #3331, .F. ) ;
#2681 = CARTESIAN_POINT ( 'NONE',  ( 0.7338216560510000264, 0.3073248407640000179, 0.8000000000000000444 ) ) ;
#2682 = EDGE_LOOP ( 'NONE', ( #4159, #5920, #3304, #6495, #293, #5505, #5152, #5329 ) ) ;
#2683 = VECTOR ( 'NONE', #6954, 1000.000000000000000 ) ;
#2684 = B_SPLINE_SURFACE_WITH_KNOTS ( 'NONE', 2, 1, ( 
 ( #4032, #6793 ),
 ( #1777, #125 ),
 ( #6269, #4587 ) ),
 .UNSPECIFIED., .F., .F., .F.,
 ( 3, 3 ),
 ( 2, 2 ),
 ( 0.0000000000000000000, 1.000000000000000000 ),
 ( 0.0000000000000000000, 1.000000000000000000 ),
 .UNSPECIFIED. ) ;
#2685 = CARTESIAN_POINT ( 'NONE',  ( 1.199999999999999956, 0.0000000000000000000, 0.02500000000000000139 ) ) ;
#2686 = ORIENTED_EDGE ( 'NONE', *, *, #5532, .T. ) ;
#2687 = CARTESIAN_POINT ( 'NONE',  ( 1.199999999999999956, 0.8400000000000000799, 0.02400000000000000050 ) ) ;
#2688 = PRESENTATION_LAYER_ASSIGNMENT (  '', '', ( #3716 ) ) ;
#2689 = ORIENTED_EDGE ( 'NONE', *, *, #2845, .T. ) ;
#2690 = CARTESIAN_POINT ( 'NONE',  ( 0.4214649681529999969, -0.1619745222929999950, 0.8000000000000000444 ) ) ;
#2691 = DIRECTION ( 'NONE',  ( 0.0000000000000000000, 1.000000000000000000, -0.0000000000000000000 ) ) ;
#2692 = CARTESIAN_POINT ( 'NONE',  ( 1.200000000000000178, -0.8170000000000000595, 0.02400000000000000050 ) ) ;
#2693 = CARTESIAN_POINT ( 'NONE',  ( -0.4554777070059999877, 0.3057961783440000247, 0.8000000000000000444 ) ) ;
#2694 = LINE ( 'NONE', #4297, #4558 ) ;
#2695 = CARTESIAN_POINT ( 'NONE',  ( -0.1497452229300000048, -0.1578980891719999891, 0.7990000000000000435 ) ) ;
#2696 = ORIENTED_EDGE ( 'NONE', *, *, #7018, .F. ) ;
#2697 = CARTESIAN_POINT ( 'NONE',  ( 0.3888535031843332601, 0.4109341825903332635, 0.8000000000000000444 ) ) ;
#2698 = EDGE_CURVE ( 'NONE', #790, #3426, #6864, .T. ) ;
#2699 = DIRECTION ( 'NONE',  ( -1.000000000000000000, 0.0000000000000000000, -0.0000000000000000000 ) ) ;
#2700 = SURFACE_SIDE_STYLE ('',( #459 ) ) ;
#2701 = DIRECTION ( 'NONE',  ( 0.0000000000000000000, 1.000000000000000000, 0.0000000000000000000 ) ) ;
#2702 = VECTOR ( 'NONE', #2515, 1000.000000000000000 ) ;
#2703 = ORIENTED_EDGE ( 'NONE', *, *, #641, .T. ) ;
#2704 = ADVANCED_FACE ( 'NONE', ( #2400 ), #7071, .T. ) ;
#2705 = LINE ( 'NONE', #1022, #714 ) ;
#2706 = VECTOR ( 'NONE', #5079, 1000.000000000000000 ) ;
#2707 = AXIS2_PLACEMENT_3D ( 'NONE', #7197, #7122, #7160 ) ;
#2708 = ADVANCED_FACE ( 'NONE', ( #3554 ), #4222, .T. ) ;
#2709 = CARTESIAN_POINT ( 'NONE',  ( 1.699999999999999956, -0.3499999999999999223, 0.0000000000000000000 ) ) ;
#2710 = ORIENTED_EDGE ( 'NONE', *, *, #6738, .F. ) ;
#2711 = ORIENTED_EDGE ( 'NONE', *, *, #77, .F. ) ;
#2712 = EDGE_CURVE ( 'NONE', #3426, #6543, #4152, .T. ) ;
#2713 = AXIS2_PLACEMENT_3D ( 'NONE', #5836, #6375, #3124 ) ;
#2714 = FILL_AREA_STYLE ('',( #2134 ) ) ;
#2715 = ORIENTED_EDGE ( 'NONE', *, *, #1717, .F. ) ;
#2716 = CARTESIAN_POINT ( 'NONE',  ( -0.1456687898089999988, -0.4678343949039999727, 0.0009999999999999998040 ) ) ;
#2717 = B_SPLINE_CURVE_WITH_KNOTS ( 'NONE', 3,
 ( #6515, #5413, #5518, #6547 ),
 .UNSPECIFIED., .F., .F.,
 ( 4, 4 ),
 ( 0.0000000000000000000, 1.000000000000000000 ),
 .UNSPECIFIED. ) ;
#2718 = DIRECTION ( 'NONE',  ( 1.000000000000000000, 0.0000000000000000000, 0.0000000000000000000 ) ) ;
#2719 = VECTOR ( 'NONE', #1914, 1000.000000000000000 ) ;
#2720 = CARTESIAN_POINT ( 'NONE',  ( -0.3895436136460000420, 0.1699091713879999910, 0.8000000000000000444 ) ) ;
#2721 = CARTESIAN_POINT ( 'NONE',  ( -1.199999999999999956, 0.8499999999999999778, 0.6750000000000000444 ) ) ;
#2722 = CARTESIAN_POINT ( 'NONE',  ( 0.5947133757960000322, 0.4978980891720000690, 0.8000000000000000444 ) ) ;
#2723 = PRESENTATION_LAYER_ASSIGNMENT (  '', '', ( #4698 ) ) ;
#2724 = CARTESIAN_POINT ( 'NONE',  ( 0.5947133757960000322, 0.4978980891720000690, 0.8000000000000000444 ) ) ;
#2725 = CARTESIAN_POINT ( 'NONE',  ( 1.449999999999999956, -0.8499999999999999778, 0.5250000000000000222 ) ) ;
#2726 = LINE ( 'NONE', #12, #313 ) ;
#2727 = LINE ( 'NONE', #3317, #5615 ) ;
#2728 = CARTESIAN_POINT ( 'NONE',  ( 1.199999999999999956, -0.8499999999999999778, 0.0000000000000000000 ) ) ;
#2729 = B_SPLINE_CURVE_WITH_KNOTS ( 'NONE', 3,
 ( #3045, #5273, #2929, #2386 ),
 .UNSPECIFIED., .F., .F.,
 ( 4, 4 ),
 ( 0.0000000000000000000, 1.000000000000000000 ),
 .UNSPECIFIED. ) ;
#2730 = VERTEX_POINT ( 'NONE', #3021 ) ;
#2731 = CARTESIAN_POINT ( 'NONE',  ( 0.5753503184710000440, 0.2358598726109999988, 0.0009999999999999998040 ) ) ;
#2732 = LINE ( 'NONE', #1574, #5409 ) ;
#2733 = PRESENTATION_STYLE_ASSIGNMENT (( #1536 ) ) ;
#2734 = CARTESIAN_POINT ( 'NONE',  ( 0.05662420382166000188, -0.1738216560510000008, 0.0000000000000000000 ) ) ;
#2735 = CARTESIAN_POINT ( 'NONE',  ( -0.6475796178339999765, -0.3499999999999999778, 0.8000000000000000444 ) ) ;
#2736 = EDGE_LOOP ( 'NONE', ( #1830, #4864, #5913, #6158 ) ) ;
#2737 = CARTESIAN_POINT ( 'NONE',  ( 0.03216560509553999941, -0.2507643312100000244, 0.0009999999999999998040 ) ) ;
#2738 = SURFACE_SIDE_STYLE ('',( #401 ) ) ;
#2739 = DIRECTION ( 'NONE',  ( -0.0000000000000000000, -1.000000000000000000, -0.0000000000000000000 ) ) ;
#2740 = CARTESIAN_POINT ( 'NONE',  ( 0.5753503184710000440, -0.2358598726109999988, 0.7990000000000000435 ) ) ;
#2741 = VECTOR ( 'NONE', #4715, 1000.000000000000000 ) ;
#2742 = ADVANCED_FACE ( 'NONE', ( #6980 ), #6531, .T. ) ;
#2743 = CARTESIAN_POINT ( 'NONE',  ( 0.8978980891719999802, 0.2935668789809999790, 0.7990000000000000435 ) ) ;
#2744 = CARTESIAN_POINT ( 'NONE',  ( 1.699000000000000288, 0.5500000000000000444, 0.5250000000000000222 ) ) ;
#2745 = ORIENTED_EDGE ( 'NONE', *, *, #5663, .T. ) ;
#2746 = PLANE ( 'NONE',  #990 ) ;
#2747 = CARTESIAN_POINT ( 'NONE',  ( -1.223999999999999977, -0.8499999999999999778, 0.8000000000000000444 ) ) ;
#2748 = ORIENTED_EDGE ( 'NONE', *, *, #6453, .T. ) ;
#2749 = STYLED_ITEM ( 'NONE', ( #4822 ), #6099 ) ;
#2750 = CARTESIAN_POINT ( 'NONE',  ( 1.699000000000000288, -0.8499999999999999778, 0.6750000000000000444 ) ) ;
#2751 = ORIENTED_EDGE ( 'NONE', *, *, #2712, .F. ) ;
#2752 = EDGE_CURVE ( 'NONE', #6886, #4645, #2066, .T. ) ;
#2753 = LINE ( 'NONE', #5011, #2164 ) ;
#2754 = ADVANCED_FACE ( 'NONE', ( #6939 ), #2157, .T. ) ;
#2755 =( NAMED_UNIT ( * ) PLANE_ANGLE_UNIT ( ) SI_UNIT ( $, .RADIAN. ) );
#2756 = FACE_OUTER_BOUND ( 'NONE', #4684, .T. ) ;
#2757 = VERTEX_POINT ( 'NONE', #2034 ) ;
#2758 = LINE ( 'NONE', #7235, #3339 ) ;
#2759 = FILL_AREA_STYLE ('',( #1525 ) ) ;
#2760 =( GEOMETRIC_REPRESENTATION_CONTEXT ( 3 ) GLOBAL_UNCERTAINTY_ASSIGNED_CONTEXT ( ( #1858 ) ) GLOBAL_UNIT_ASSIGNED_CONTEXT ( ( #2026, #369, #7151 ) ) REPRESENTATION_CONTEXT ( 'NONE', 'WORKASPACE' ) );
#2761 = DIRECTION ( 'NONE',  ( 1.000000000000000000, 0.0000000000000000000, 0.0000000000000000000 ) ) ;
#2762 = EDGE_CURVE ( 'NONE', #52, #5029, #1853, .T. ) ;
#2763 = FACE_OUTER_BOUND ( 'NONE', #3590, .T. ) ;
#2764 = LINE ( 'NONE', #5727, #4325 ) ;
#2765 = FILL_AREA_STYLE ('',( #1603 ) ) ;
#2766 = LINE ( 'NONE', #5504, #6206 ) ;
#2767 = ORIENTED_EDGE ( 'NONE', *, *, #1476, .F. ) ;
#2768 = CARTESIAN_POINT ( 'NONE',  ( -0.5196815286620000141, 0.2287261146500000064, 0.005000000000000000104 ) ) ;
#2769 = CARTESIAN_POINT ( 'NONE',  ( 0.8978980891719999802, 0.2935668789809999790, 0.8000000000000000444 ) ) ;
#2770 = CARTESIAN_POINT ( 'NONE',  ( 0.05662420382166000188, -0.1738216560510000008, 0.0009999999999999998040 ) ) ;
#2771 = ORIENTED_EDGE ( 'NONE', *, *, #725, .F. ) ;
#2772 = PRESENTATION_STYLE_ASSIGNMENT (( #5556 ) ) ;
#2773 = SURFACE_STYLE_USAGE ( .BOTH. , #2738 ) ;
#2774 = DIRECTION ( 'NONE',  ( 1.000000000000000000, 0.0000000000000000000, -0.0000000000000000000 ) ) ;
#2775 =( NAMED_UNIT ( * ) PLANE_ANGLE_UNIT ( ) SI_UNIT ( $, .RADIAN. ) );
#2776 = VERTEX_POINT ( 'NONE', #5395 ) ;
#2777 = CARTESIAN_POINT ( 'NONE',  ( 0.4612101910829999873, -0.3209554140129999844, 0.7990000000000000435 ) ) ;
#2778 = FACE_OUTER_BOUND ( 'NONE', #6221, .T. ) ;
#2779 = ORIENTED_EDGE ( 'NONE', *, *, #3576, .T. ) ;
#2780 = CARTESIAN_POINT ( 'NONE',  ( -1.699999999999999956, -0.8499999999999999778, 0.2750000000000000222 ) ) ;
#2781 = CARTESIAN_POINT ( 'NONE',  ( -1.199999999999999956, -0.8490000000000001990, 0.02500000000000000486 ) ) ;
#2782 = LINE ( 'NONE', #2201, #5196 ) ;
#2783 = VECTOR ( 'NONE', #5999, 1000.000000000000000 ) ;
#2784 = CARTESIAN_POINT ( 'NONE',  ( -0.4814649681529999947, 0.1298726114650000096, 0.0000000000000000000 ) ) ;
#2785 = FACE_OUTER_BOUND ( 'NONE', #835, .T. ) ;
#2786 = ORIENTED_EDGE ( 'NONE', *, *, #3244, .T. ) ;
#2787 = UNCERTAINTY_MEASURE_WITH_UNIT (LENGTH_MEASURE( 1.000000000000000082E-05 ), #3990, 'distance_accuracy_value', 'NONE');
#2788 = CARTESIAN_POINT ( 'NONE',  ( 0.5814649681529999725, -0.3837579617830000345, 0.001000000000000000021 ) ) ;
#2789 = CARTESIAN_POINT ( 'NONE',  ( 0.7781528662419999742, -0.4443949044590000397, 0.0000000000000000000 ) ) ;
#2790 = EDGE_CURVE ( 'NONE', #1797, #2516, #6497, .T. ) ;
#2791 = CARTESIAN_POINT ( 'NONE',  ( 0.6670700636940000150, -0.2358598726109999988, 0.7990000000000000435 ) ) ;
#2792 = CARTESIAN_POINT ( 'NONE',  ( 0.7980254777070000527, 0.1802760084923367145, 0.8000000000000000444 ) ) ;
#2793 = MECHANICAL_DESIGN_GEOMETRIC_PRESENTATION_REPRESENTATION (  '', ( #1163 ), #5953 ) ;
#2794 = FILL_AREA_STYLE_COLOUR ( '', #566 ) ;
#2795 = CARTESIAN_POINT ( 'NONE',  ( 0.4612101910829999873, -0.3209554140129999844, 0.7950000000000000400 ) ) ;
#2796 = EDGE_CURVE ( 'NONE', #4889, #2524, #233, .T. ) ;
#2797 =( LENGTH_UNIT ( ) NAMED_UNIT ( * ) SI_UNIT ( .MILLI., .METRE. ) );
#2798 = EDGE_LOOP ( 'NONE', ( #3552, #2238, #3070, #7037 ) ) ;
#2799 = CARTESIAN_POINT ( 'NONE',  ( -0.5212101910830000406, 0.08006369426751999696, 0.8000000000000000444 ) ) ;
#2800 = ORIENTED_EDGE ( 'NONE', *, *, #644, .F. ) ;
#2801 = CARTESIAN_POINT ( 'NONE',  ( -0.08401273885349999637, 0.07445859872611000629, 0.8000000000000000444 ) ) ;
#2802 = EDGE_CURVE ( 'NONE', #1338, #2059, #1770, .T. ) ;
#2803 = LINE ( 'NONE', #3929, #5057 ) ;
#2804 =( LENGTH_UNIT ( ) NAMED_UNIT ( * ) SI_UNIT ( .MILLI., .METRE. ) );
#2805 = VECTOR ( 'NONE', #5093, 1000.000000000000000 ) ;
#2806 = DIRECTION ( 'NONE',  ( 0.0000000000000000000, 2.699999999999999993E-16, 1.000000000000000000 ) ) ;
#2807 = B_SPLINE_CURVE_WITH_KNOTS ( 'NONE', 3,
 ( #2829, #1151, #5613, #3410 ),
 .UNSPECIFIED., .F., .F.,
 ( 4, 4 ),
 ( 0.0000000000000000000, 1.000000000000000000 ),
 .UNSPECIFIED. ) ;
#2808 =( LENGTH_UNIT ( ) NAMED_UNIT ( * ) SI_UNIT ( .MILLI., .METRE. ) );
#2809 = UNCERTAINTY_MEASURE_WITH_UNIT (LENGTH_MEASURE( 1.000000000000000082E-05 ), #84, 'distance_accuracy_value', 'NONE');
#2810 = ORIENTED_EDGE ( 'NONE', *, *, #4809, .T. ) ;
#2811 = FILL_AREA_STYLE_COLOUR ( '', #258 ) ;
#2812 = SURFACE_SIDE_STYLE ('',( #7144 ) ) ;
#2813 = AXIS2_PLACEMENT_3D ( 'NONE', #2361, #1816, #198 ) ;
#2814 = DIRECTION ( 'NONE',  ( -0.0000000000000000000, -0.0000000000000000000, -1.000000000000000000 ) ) ;
#2815 = VERTEX_POINT ( 'NONE', #7091 ) ;
#2816 = CARTESIAN_POINT ( 'NONE',  ( -0.5212101884335084145, 0.01675158698854974093, 0.001000000000000000021 ) ) ;
#2817 = ORIENTED_EDGE ( 'NONE', *, *, #1606, .F. ) ;
#2818 =( NAMED_UNIT ( * ) SI_UNIT ( $, .STERADIAN. ) SOLID_ANGLE_UNIT ( ) );
#2819 = ORIENTED_EDGE ( 'NONE', *, *, #4985, .F. ) ;
#2820 = DIRECTION ( 'NONE',  ( 0.0000000000000000000, 1.000000000000000000, -0.0000000000000000000 ) ) ;
#2821 = CARTESIAN_POINT ( 'NONE',  ( 0.8938216560509999464, 0.1441401273890000057, 0.0009999999999999998040 ) ) ;
#2822 = COLOUR_RGB ( '',0.8000000000000000444, 0.8000000000000000444, 0.8000000000000000444 ) ;
#2823 = EDGE_CURVE ( 'NONE', #3723, #2815, #272, .T. ) ;
#2824 = VECTOR ( 'NONE', #5909, 1000.000000000000000 ) ;
#2825 = CARTESIAN_POINT ( 'NONE',  ( 0.9386624203819999845, 0.04426751592356999859, 0.0009999999999999998040 ) ) ;
#2826 = CARTESIAN_POINT ( 'NONE',  ( -0.1471974522289999920, -0.3083439490450000098, 0.0009999999999999998040 ) ) ;
#2827 = EDGE_LOOP ( 'NONE', ( #4545, #4131, #14, #408, #5457, #1155, #143, #4534 ) ) ;
#2828 = CARTESIAN_POINT ( 'NONE',  ( -0.3596815270327615166, -0.3837579565853219687, 0.001000000000000000021 ) ) ;
#2829 = CARTESIAN_POINT ( 'NONE',  ( -0.4554777070059999877, -0.3057961783440000247, 0.0000000000000000000 ) ) ;
#2830 = DIRECTION ( 'NONE',  ( -0.0000000000000000000, 0.0000000000000000000, -1.000000000000000000 ) ) ;
#2831 = MECHANICAL_DESIGN_GEOMETRIC_PRESENTATION_REPRESENTATION (  '', ( #1903 ), #1558 ) ;
#2832 = VECTOR ( 'NONE', #5110, 1000.000000000000000 ) ;
#2833 = CARTESIAN_POINT ( 'NONE',  ( -1.699999999999999956, 0.8499999999999999778, 0.0000000000000000000 ) ) ;
#2834 = CARTESIAN_POINT ( 'NONE',  ( 0.7781528662419999742, -0.4443949044590000397, 0.0000000000000000000 ) ) ;
#2835 = EDGE_CURVE ( 'NONE', #4572, #6203, #5359, .T. ) ;
#2836 = CARTESIAN_POINT ( 'NONE',  ( -0.1456687898089999988, 0.4678343949039999727, 0.8000000000000000444 ) ) ;
#2837 = VERTEX_POINT ( 'NONE', #3631 ) ;
#2838 = MECHANICAL_DESIGN_GEOMETRIC_PRESENTATION_REPRESENTATION (  '', ( #5763 ), #3998 ) ;
#2839 = PRESENTATION_LAYER_ASSIGNMENT (  '', '', ( #3080 ) ) ;
#2840 = FACE_OUTER_BOUND ( 'NONE', #3653, .T. ) ;
#2841 = DIRECTION ( 'NONE',  ( 0.0000000000000000000, -1.000000000000000000, 0.0000000000000000000 ) ) ;
#2842 = ORIENTED_EDGE ( 'NONE', *, *, #3300, .T. ) ;
#2843 = DIRECTION ( 'NONE',  ( 0.0000000000000000000, 1.200000000000000024E-16, 1.000000000000000000 ) ) ;
#2844 = CARTESIAN_POINT ( 'NONE',  ( -1.199999999999999956, -0.8499999999999999778, 0.7760000000000000231 ) ) ;
#2845 = EDGE_CURVE ( 'NONE', #472, #949, #805, .T. ) ;
#2846 = DIRECTION ( 'NONE',  ( -1.000000000000000000, -0.0000000000000000000, -0.0000000000000000000 ) ) ;
#2847 = EDGE_CURVE ( 'NONE', #6106, #5248, #5882, .T. ) ;
#2848 = ORIENTED_EDGE ( 'NONE', *, *, #1754, .T. ) ;
#2849 = EDGE_LOOP ( 'NONE', ( #5233, #5931, #7168, #544 ) ) ;
#2850 =( LENGTH_UNIT ( ) NAMED_UNIT ( * ) SI_UNIT ( .MILLI., .METRE. ) );
#2851 = DIRECTION ( 'NONE',  ( 0.0000000000000000000, 1.200000000000000024E-16, 1.000000000000000000 ) ) ;
#2852 = SURFACE_SIDE_STYLE ('',( #2230 ) ) ;
#2853 = DIRECTION ( 'NONE',  ( -1.000000000000000000, 0.0000000000000000000, -0.0000000000000000000 ) ) ;
#2854 = EDGE_CURVE ( 'NONE', #5564, #7234, #1452, .T. ) ;
#2855 = PRESENTATION_STYLE_ASSIGNMENT (( #6705 ) ) ;
#2856 = ORIENTED_EDGE ( 'NONE', *, *, #1324, .T. ) ;
#2857 =( NAMED_UNIT ( * ) SI_UNIT ( $, .STERADIAN. ) SOLID_ANGLE_UNIT ( ) );
#2858 = EDGE_LOOP ( 'NONE', ( #6918, #4643, #7208, #251 ) ) ;
#2859 = CARTESIAN_POINT ( 'NONE',  ( -0.1050743141909834810, -0.2580679350143925133, 0.001000000000000000021 ) ) ;
#2860 = STYLED_ITEM ( 'NONE', ( #6002 ), #5918 ) ;
#2861 = LINE ( 'NONE', #550, #626 ) ;
#2862 = DIRECTION ( 'NONE',  ( 0.0000000000000000000, 1.000000000000000000, -0.0000000000000000000 ) ) ;
#2863 = ORIENTED_EDGE ( 'NONE', *, *, #5474, .T. ) ;
#2864 = UNCERTAINTY_MEASURE_WITH_UNIT (LENGTH_MEASURE( 1.000000000000000082E-05 ), #783, 'distance_accuracy_value', 'NONE');
#2865 = CARTESIAN_POINT ( 'NONE',  ( -0.4554777070059999877, -0.3057961783440000247, 0.001000000000000000021 ) ) ;
#2866 = FACE_OUTER_BOUND ( 'NONE', #2849, .T. ) ;
#2867 = CARTESIAN_POINT ( 'NONE',  ( 0.7322929936309999777, -0.1594267515920000100, 0.8000000000000000444 ) ) ;
#2868 = MECHANICAL_DESIGN_GEOMETRIC_PRESENTATION_REPRESENTATION (  '', ( #6964 ), #1705 ) ;
#2869 = CARTESIAN_POINT ( 'NONE',  ( 0.6913588110403333653, -0.3582802547766666401, 0.0000000000000000000 ) ) ;
#2870 = CARTESIAN_POINT ( 'NONE',  ( 1.699000000000000288, -0.8490000000000001990, 0.1250000000000000000 ) ) ;
#2871 = ORIENTED_EDGE ( 'NONE', *, *, #6831, .F. ) ;
#2872 = LINE ( 'NONE', #5692, #6612 ) ;
#2873 = CARTESIAN_POINT ( 'NONE',  ( 0.1375000000000000111, 0.4978980891720000690, 0.7990000000000000435 ) ) ;
#2874 = ORIENTED_EDGE ( 'NONE', *, *, #2927, .T. ) ;
#2875 = CARTESIAN_POINT ( 'NONE',  ( -0.5212101910830000406, -0.08006369426751999696, 0.0009999999999999998040 ) ) ;
#2876 = EDGE_CURVE ( 'NONE', #304, #4713, #1427, .T. ) ;
#2877 = CARTESIAN_POINT ( 'NONE',  ( -0.3596815270327615166, 0.3837579565853219687, 0.7990000000000000435 ) ) ;
#2878 = MECHANICAL_DESIGN_GEOMETRIC_PRESENTATION_REPRESENTATION (  '', ( #3455 ), #1720 ) ;
#2879 = SURFACE_STYLE_USAGE ( .BOTH. , #636 ) ;
#2880 = EDGE_LOOP ( 'NONE', ( #6132, #4015, #946, #3823 ) ) ;
#2881 = LINE ( 'NONE', #3458, #3273 ) ;
#2882 = EDGE_CURVE ( 'NONE', #2490, #2776, #2178, .T. ) ;
#2883 = VERTEX_POINT ( 'NONE', #5463 ) ;
#2884 =( LENGTH_UNIT ( ) NAMED_UNIT ( * ) SI_UNIT ( .MILLI., .METRE. ) );
#2885 = CARTESIAN_POINT ( 'NONE',  ( 1.199999999999999956, 0.8490000000000001990, 0.6750000000000000444 ) ) ;
#2886 = EDGE_CURVE ( 'NONE', #6327, #3006, #6055, .T. ) ;
#2887 =( NAMED_UNIT ( * ) PLANE_ANGLE_UNIT ( ) SI_UNIT ( $, .RADIAN. ) );
#2888 = PRESENTATION_STYLE_ASSIGNMENT (( #4674 ) ) ;
#2889 = CARTESIAN_POINT ( 'NONE',  ( -1.449999999999999956, -0.8499999999999999778, 0.2750000000000000222 ) ) ;
#2890 = EDGE_LOOP ( 'NONE', ( #2615, #1344, #349, #441 ) ) ;
#2891 = EDGE_LOOP ( 'NONE', ( #2863, #2095, #6179, #3536 ) ) ;
#2892 = CARTESIAN_POINT ( 'NONE',  ( 0.8978980891719999802, -0.2935668789809999790, 0.0000000000000000000 ) ) ;
#2893 = ORIENTED_EDGE ( 'NONE', *, *, #5702, .T. ) ;
#2894 = LINE ( 'NONE', #5753, #1441 ) ;
#2895 = EDGE_CURVE ( 'NONE', #949, #6603, #4912, .T. ) ;
#2896 = B_SPLINE_CURVE_WITH_KNOTS ( 'NONE', 3,
 ( #5721, #5017, #1253, #591 ),
 .UNSPECIFIED., .F., .F.,
 ( 4, 4 ),
 ( 0.0000000000000000000, 1.000000000000000000 ),
 .UNSPECIFIED. ) ;
#2897 = ORIENTED_EDGE ( 'NONE', *, *, #5427, .T. ) ;
#2898 = CARTESIAN_POINT ( 'NONE',  ( 0.05662420382166000882, 0.08617834394904000384, 0.7990000000000000435 ) ) ;
#2899 = ORIENTED_EDGE ( 'NONE', *, *, #5904, .T. ) ;
#2900 = CARTESIAN_POINT ( 'NONE',  ( -0.5212101867006850853, 0.1785774900389964781, 0.7990000000000000435 ) ) ;
#2901 = LINE ( 'NONE', #5540, #43 ) ;
#2902 = VECTOR ( 'NONE', #6102, 1000.000000000000000 ) ;
#2903 = FILL_AREA_STYLE ('',( #1222 ) ) ;
#2904 = VERTEX_POINT ( 'NONE', #3882 ) ;
#2905 =( NAMED_UNIT ( * ) SI_UNIT ( $, .STERADIAN. ) SOLID_ANGLE_UNIT ( ) );
#2906 = CARTESIAN_POINT ( 'NONE',  ( -0.2995541401269999904, 0.3837579617830000345, 0.7990000000000000435 ) ) ;
#2907 = ORIENTED_EDGE ( 'NONE', *, *, #2712, .T. ) ;
#2908 = CARTESIAN_POINT ( 'NONE',  ( 0.9386624203819999845, 0.08006369426751999696, 0.8000000000000000444 ) ) ;
#2909 = FACE_OUTER_BOUND ( 'NONE', #5676, .T. ) ;
#2910 = CARTESIAN_POINT ( 'NONE',  ( -0.2995541401269999904, 0.3837579617830000345, 0.8000000000000000444 ) ) ;
#2911 = ORIENTED_EDGE ( 'NONE', *, *, #5738, .T. ) ;
#2912 = VECTOR ( 'NONE', #239, 1000.000000000000000 ) ;
#2913 = EDGE_CURVE ( 'NONE', #5295, #1981, #962, .T. ) ;
#2914 = ORIENTED_EDGE ( 'NONE', *, *, #3852, .F. ) ;
#2915 = LINE ( 'NONE', #6766, #1314 ) ;
#2916 = AXIS2_PLACEMENT_3D ( 'NONE', #2720, #959, #3195 ) ;
#2917 = CARTESIAN_POINT ( 'NONE',  ( 0.6888110385741069708, -0.2103821605091189817, 0.7990000000000000435 ) ) ;
#2918 = CARTESIAN_POINT ( 'NONE',  ( 0.7980254777070000527, 0.07802547770701000196, 0.8000000000000000444 ) ) ;
#2919 = LINE ( 'NONE', #2889, #6422 ) ;
#2920 = ORIENTED_EDGE ( 'NONE', *, *, #160, .T. ) ;
#2921 = ADVANCED_FACE ( 'NONE', ( #7236 ), #4873, .T. ) ;
#2922 = PRESENTATION_LAYER_ASSIGNMENT (  '', '', ( #124 ) ) ;
#2923 = B_SPLINE_CURVE_WITH_KNOTS ( 'NONE', 3,
 ( #6739, #3940, #67, #4602 ),
 .UNSPECIFIED., .F., .F.,
 ( 4, 4 ),
 ( 0.0000000000000000000, 1.000000000000000000 ),
 .UNSPECIFIED. ) ;
#2924 = VERTEX_POINT ( 'NONE', #4330 ) ;
#2925 = ORIENTED_EDGE ( 'NONE', *, *, #5389, .F. ) ;
#2926 = SURFACE_SIDE_STYLE ('',( #7266 ) ) ;
#2927 = EDGE_CURVE ( 'NONE', #3703, #881, #5783, .T. ) ;
#2928 = EDGE_CURVE ( 'NONE', #4680, #1848, #2207, .T. ) ;
#2929 = CARTESIAN_POINT ( 'NONE',  ( -0.1059235712611744373, 0.1059235617831517234, 0.001000000000000000021 ) ) ;
#2930 = LINE ( 'NONE', #5166, #6905 ) ;
#2931 = ORIENTED_EDGE ( 'NONE', *, *, #5524, .F. ) ;
#2932 = UNCERTAINTY_MEASURE_WITH_UNIT (LENGTH_MEASURE( 1.000000000000000082E-05 ), #717, 'distance_accuracy_value', 'NONE');
#2933 = PRESENTATION_LAYER_ASSIGNMENT (  '', '', ( #4217 ) ) ;
#2934 = CARTESIAN_POINT ( 'NONE',  ( -0.4116560493257614972, -0.3577706954389886507, 0.001000000000000000021 ) ) ;
#2935 = CARTESIAN_POINT ( 'NONE',  ( 1.699999999999999956, 1.000000000000000072E-17, 0.0000000000000000000 ) ) ;
#2936 = FACE_OUTER_BOUND ( 'NONE', #1398, .T. ) ;
#2937 = LINE ( 'NONE', #5762, #7043 ) ;
#2938 = FILL_AREA_STYLE_COLOUR ( '', #5189 ) ;
#2939 = PRESENTATION_LAYER_ASSIGNMENT (  '', '', ( #2009 ) ) ;
#2940 = VECTOR ( 'NONE', #3592, 1000.000000000000000 ) ;
#2941 = CARTESIAN_POINT ( 'NONE',  ( -0.1471974522289999920, -0.3083439490450000098, 0.0000000000000000000 ) ) ;
#2942 = ORIENTED_EDGE ( 'NONE', *, *, #5205, .F. ) ;
#2943 = DIRECTION ( 'NONE',  ( 0.0000000000000000000, 2.699999999999999993E-16, 1.000000000000000000 ) ) ;
#2944 = ORIENTED_EDGE ( 'NONE', *, *, #3387, .T. ) ;
#2945 = AXIS2_PLACEMENT_3D ( 'NONE', #677, #6767, #3902 ) ;
#2946 = MECHANICAL_DESIGN_GEOMETRIC_PRESENTATION_REPRESENTATION (  '', ( #3871 ), #3174 ) ;
#2947 = PLANE ( 'NONE',  #3987 ) ;
#2948 = STYLED_ITEM ( 'NONE', ( #6609 ), #5345 ) ;
#2949 =( NAMED_UNIT ( * ) PLANE_ANGLE_UNIT ( ) SI_UNIT ( $, .RADIAN. ) );
#2950 = ORIENTED_EDGE ( 'NONE', *, *, #4593, .T. ) ;
#2951 = STYLED_ITEM ( 'NONE', ( #7143 ), #4003 ) ;
#2952 = CARTESIAN_POINT ( 'NONE',  ( -0.07891719745222999793, -0.4377707006370000764, 0.0009999999999999998040 ) ) ;
#2953 = UNCERTAINTY_MEASURE_WITH_UNIT (LENGTH_MEASURE( 1.000000000000000082E-05 ), #3431, 'distance_accuracy_value', 'NONE');
#2954 = ORIENTED_EDGE ( 'NONE', *, *, #4373, .F. ) ;
#2955 = FACE_OUTER_BOUND ( 'NONE', #6255, .T. ) ;
#2956 = CARTESIAN_POINT ( 'NONE',  ( 1.699999999999999956, 0.5500000000000000444, 0.5250000000000000222 ) ) ;
#2957 = PLANE ( 'NONE',  #3577 ) ;
#2958 = B_SPLINE_SURFACE_WITH_KNOTS ( 'NONE', 2, 1, ( 
 ( #6217, #5671 ),
 ( #1240, #5706 ),
 ( #6285, #4741 ) ),
 .UNSPECIFIED., .F., .F., .F.,
 ( 3, 3 ),
 ( 2, 2 ),
 ( 0.0000000000000000000, 1.000000000000000000 ),
 ( 0.0000000000000000000, 1.000000000000000000 ),
 .UNSPECIFIED. ) ;
#2959 = CARTESIAN_POINT ( 'NONE',  ( 1.199999999999999956, -0.8499999999999999778, 0.1250000000000000000 ) ) ;
#2960 = ORIENTED_EDGE ( 'NONE', *, *, #2261, .F. ) ;
#2961 = VERTEX_POINT ( 'NONE', #1035 ) ;
#2962 = DIRECTION ( 'NONE',  ( 0.0000000000000000000, -0.0000000000000000000, 1.000000000000000000 ) ) ;
#2963 = ORIENTED_EDGE ( 'NONE', *, *, #3283, .T. ) ;
#2964 = ADVANCED_FACE ( 'NONE', ( #3769 ), #1979, .T. ) ;
#2965 = ORIENTED_EDGE ( 'NONE', *, *, #1306, .F. ) ;
#2966 = CARTESIAN_POINT ( 'NONE',  ( 1.449999999999999956, -0.8499999999999999778, 0.0000000000000000000 ) ) ;
#2967 = SURFACE_STYLE_USAGE ( .BOTH. , #5758 ) ;
#2968 = VERTEX_POINT ( 'NONE', #3806 ) ;
#2969 = VECTOR ( 'NONE', #4779, 1000.000000000000000 ) ;
#2970 = DIRECTION ( 'NONE',  ( 0.0000000000000000000, -1.000000000000000000, 2.199999999999999757E-16 ) ) ;
#2971 = ADVANCED_FACE ( 'NONE', ( #3272 ), #5499, .T. ) ;
#2972 = CARTESIAN_POINT ( 'NONE',  ( -0.08401273885349999637, 0.07445859872611000629, 0.7990000000000001545 ) ) ;
#2973 = CARTESIAN_POINT ( 'NONE',  ( 1.200000000000000178, 0.8170000000000000595, 0.7760000000000000231 ) ) ;
#2974 = ADVANCED_FACE ( 'NONE', ( #4405 ), #5834, .T. ) ;
#2975 =( BOUNDED_CURVE ( )  B_SPLINE_CURVE ( 3, ( #4350, #6586, #2015, #4241 ),
 .UNSPECIFIED., .F., .T. ) 
 B_SPLINE_CURVE_WITH_KNOTS ( ( 4, 4 ),
 ( 3.119862075715682970, 4.712388980384687009 ),
 .UNSPECIFIED. ) 
 CURVE ( )  GEOMETRIC_REPRESENTATION_ITEM ( )  RATIONAL_B_SPLINE_CURVE ( ( 1.000000000000000000, 0.7995881831376570048, 0.7995881831376570048, 1.000000000000000000 ) ) 
 REPRESENTATION_ITEM ( '' )  );
#2976 = CARTESIAN_POINT ( 'NONE',  ( -0.2873248407640000002, 0.4978980891720000690, 0.7990000000000000435 ) ) ;
#2977 = VECTOR ( 'NONE', #6481, 1000.000000000000000 ) ;
#2978 = FACE_OUTER_BOUND ( 'NONE', #1822, .T. ) ;
#2979 = CARTESIAN_POINT ( 'NONE',  ( 0.8978980891719999802, 0.2935668789809999790, 0.7990000000000000435 ) ) ;
#2980 = EDGE_LOOP ( 'NONE', ( #330, #5624, #6632, #2057, #2296, #587 ) ) ;
#2981 = CARTESIAN_POINT ( 'NONE',  ( 0.3592993630569999985, -0.4978980891720000690, 0.0009999999999999998040 ) ) ;
#2982 = FILL_AREA_STYLE ('',( #1780 ) ) ;
#2983 = ORIENTED_EDGE ( 'NONE', *, *, #1568, .T. ) ;
#2984 = ADVANCED_FACE ( 'NONE', ( #3312, #5538, #522 ), #4440, .F. ) ;
#2985 =( GEOMETRIC_REPRESENTATION_CONTEXT ( 3 ) GLOBAL_UNCERTAINTY_ASSIGNED_CONTEXT ( ( #4119 ) ) GLOBAL_UNIT_ASSIGNED_CONTEXT ( ( #6296, #1287, #222 ) ) REPRESENTATION_CONTEXT ( 'NONE', 'WORKASPACE' ) );
#2986 =( NAMED_UNIT ( * ) PLANE_ANGLE_UNIT ( ) SI_UNIT ( $, .RADIAN. ) );
#2987 = EDGE_CURVE ( 'NONE', #4603, #6364, #7099, .T. ) ;
#2988 = FACE_OUTER_BOUND ( 'NONE', #2131, .T. ) ;
#2989 = VECTOR ( 'NONE', #5622, 1000.000000000000000 ) ;
#2990 = B_SPLINE_CURVE_WITH_KNOTS ( 'NONE', 3,
 ( #4793, #2651, #7050, #2029 ),
 .UNSPECIFIED., .F., .F.,
 ( 4, 4 ),
 ( 0.0000000000000000000, 1.000000000000000000 ),
 .UNSPECIFIED. ) ;
#2991 = LINE ( 'NONE', #5814, #1978 ) ;
#2992 = ORIENTED_EDGE ( 'NONE', *, *, #2882, .T. ) ;
#2993 = CARTESIAN_POINT ( 'NONE',  ( -2.000000000000000143E-17, -0.8490000000000001990, 0.1250000000000000000 ) ) ;
#2994 = CARTESIAN_POINT ( 'NONE',  ( -1.699999999999999956, 0.8499999999999999778, 0.6750000000000000444 ) ) ;
#2995 = VERTEX_POINT ( 'NONE', #4512 ) ;
#2996 = DIRECTION ( 'NONE',  ( 1.000000000000000000, 0.0000000000000000000, 0.0000000000000000000 ) ) ;
#2997 = FACE_OUTER_BOUND ( 'NONE', #2322, .T. ) ;
#2998 = COLOUR_RGB ( '',0.8000000000000000444, 0.8000000000000000444, 0.8000000000000000444 ) ;
#2999 = VERTEX_POINT ( 'NONE', #2390 ) ;
#3000 = FACE_OUTER_BOUND ( 'NONE', #2880, .T. ) ;
#3001 = EDGE_LOOP ( 'NONE', ( #4841, #2017, #406, #7012 ) ) ;
#3002 = LINE ( 'NONE', #5155, #5686 ) ;
#3003 = ORIENTED_EDGE ( 'NONE', *, *, #5960, .T. ) ;
#3004 = CYLINDRICAL_SURFACE ( 'NONE', #2369, 0.3541666666669997521 ) ;
#3005 = CLOSED_SHELL ( 'NONE', ( #4396, #4090, #4400, #2971, #6110, #6499, #5113, #1466, #1, #507, #5580, #2704, #4756, #3340, #3193, #3604, #5925, #3236, #6473, #3728, #5022, #149, #5978, #627, #4148, #1559, #1919, #2921, #2566, #6284, #2138, #4365, #1952, #1060, #3490, #3112, #2165, #6065, #2039, #4418, #4071, #3323, #2304, #4632, #1733, #2005, #2974, #6413, #1645, #5968, #4129, #4652, #1178, #7201, #999, #3415, #2429, #6427, #6996, #6779, #7237, #3995, #1239, #5148, #5485, #2049, #5064, #1624, #1187, #6205, #200, #4174, #4003, #1241, #4177, #4320, #5396, #5345, #6186, #187, #6317, #6195, #6339, #1411, #5102, #2309, #1285, #6058, #4628, #1773, #792, #6099, #3105, #6238, #2668, #6430, #1998, #3053, #7094, #7199, #517, #7230, #5619, #2491, #924, #6754, #5263, #3528, #4436, #6877, #6050, #168, #1279, #610, #4220, #4366, #3692, #3584, #6914, #2078, #1087, #3030, #1004, #1592, #2497, #5301, #4938, #3843, #2984, #116, #31, #5170, #4452, #1806, #5519, #5936, #5508, #6818, #229, #2355, #691, #2210, #3428, #3084, #2392, #7015, #6231, #2964, #106, #6600, #3287, #4187, #1326, #3139, #5216, #2082, #4542, #2708, #1991, #6555, #5447, #5027, #2586, #372, #3376, #6693, #6324, #2742, #4137, #2754, #5573, #5472, #4280, #3673, #4451, #6654, #3912, #5976, #907 ) ) ;
#3006 = VERTEX_POINT ( 'NONE', #4582 ) ;
#3007 =( NAMED_UNIT ( * ) PLANE_ANGLE_UNIT ( ) SI_UNIT ( $, .RADIAN. ) );
#3008 = SURFACE_SIDE_STYLE ('',( #3046 ) ) ;
#3009 = B_SPLINE_CURVE_WITH_KNOTS ( 'NONE', 3,
 ( #110, #2273, #6258, #3945 ),
 .UNSPECIFIED., .F., .F.,
 ( 4, 4 ),
 ( 0.0000000000000000000, 1.000000000000000000 ),
 .UNSPECIFIED. ) ;
#3010 = ORIENTED_EDGE ( 'NONE', *, *, #246, .F. ) ;
#3011 = UNCERTAINTY_MEASURE_WITH_UNIT (LENGTH_MEASURE( 1.000000000000000082E-05 ), #3355, 'distance_accuracy_value', 'NONE');
#3012 = EDGE_CURVE ( 'NONE', #7082, #1554, #2807, .T. ) ;
#3013 = LINE ( 'NONE', #6411, #3689 ) ;
#3014 = LINE ( 'NONE', #5387, #3642 ) ;
#3015 = CARTESIAN_POINT ( 'NONE',  ( -0.4814649681529999947, 0.1298726114650000096, 0.005000000000000000104 ) ) ;
#3016 = DIRECTION ( 'NONE',  ( 1.000000000000000000, 0.0000000000000000000, -0.0000000000000000000 ) ) ;
#3017 = CARTESIAN_POINT ( 'NONE',  ( -1.449999999999999956, 0.8499999999999999778, 0.2750000000000000222 ) ) ;
#3018 = ORIENTED_EDGE ( 'NONE', *, *, #2485, .F. ) ;
#3019 = EDGE_CURVE ( 'NONE', #5195, #673, #6396, .T. ) ;
#3020 =( NAMED_UNIT ( * ) PLANE_ANGLE_UNIT ( ) SI_UNIT ( $, .RADIAN. ) );
#3021 = CARTESIAN_POINT ( 'NONE',  ( -0.08401273885350001025, 0.07445859872611999830, 0.7990000000000000435 ) ) ;
#3022 = ORIENTED_EDGE ( 'NONE', *, *, #4853, .F. ) ;
#3023 = PRESENTATION_STYLE_ASSIGNMENT (( #1818 ) ) ;
#3024 = LINE ( 'NONE', #4225, #4589 ) ;
#3025 = B_SPLINE_SURFACE_WITH_KNOTS ( 'NONE', 2, 1, ( 
 ( #4292, #6527 ),
 ( #3732, #1034 ),
 ( #1562, #5462 ) ),
 .UNSPECIFIED., .F., .F., .F.,
 ( 3, 3 ),
 ( 2, 2 ),
 ( 0.0000000000000000000, 1.000000000000000000 ),
 ( 0.0000000000000000000, 1.000000000000000000 ),
 .UNSPECIFIED. ) ;
#3026 = EDGE_CURVE ( 'NONE', #2371, #6884, #660, .T. ) ;
#3027 = CARTESIAN_POINT ( 'NONE',  ( -1.199999999999999956, 0.8499999999999999778, 0.6750000000000000444 ) ) ;
#3028 = ORIENTED_EDGE ( 'NONE', *, *, #2913, .F. ) ;
#3029 = LINE ( 'NONE', #7063, #1051 ) ;
#3030 = ADVANCED_FACE ( 'NONE', ( #2866 ), #6858, .F. ) ;
#3031 = ORIENTED_EDGE ( 'NONE', *, *, #4890, .F. ) ;
#3032 = PLANE ( 'NONE',  #2596 ) ;
#3033 = CARTESIAN_POINT ( 'NONE',  ( -0.5196815286620000141, 0.2287261146500000064, 0.0009999999999999998040 ) ) ;
#3034 = PRESENTATION_STYLE_ASSIGNMENT (( #3138 ) ) ;
#3035 = VECTOR ( 'NONE', #3220, 1000.000000000000000 ) ;
#3036 = CARTESIAN_POINT ( 'NONE',  ( -0.03560509554140001143, -0.3827388535030000205, 0.0000000000000000000 ) ) ;
#3037 = VERTEX_POINT ( 'NONE', #2737 ) ;
#3038 = VERTEX_POINT ( 'NONE', #1133 ) ;
#3039 = VECTOR ( 'NONE', #2117, 1000.000000000000000 ) ;
#3040 = CARTESIAN_POINT ( 'NONE',  ( 0.3592993630569999985, 3.000000000000000061E-17, 0.001000000000000000021 ) ) ;
#3041 = ORIENTED_EDGE ( 'NONE', *, *, #2987, .T. ) ;
#3042 = CARTESIAN_POINT ( 'NONE',  ( -0.6475796178339999765, -0.7914012738849999229, 0.0000000000000000000 ) ) ;
#3043 = VECTOR ( 'NONE', #3885, 1000.000000000000000 ) ;
#3044 = ORIENTED_EDGE ( 'NONE', *, *, #5354, .F. ) ;
#3045 = CARTESIAN_POINT ( 'NONE',  ( -0.08401273885350001025, -0.07445859872611999830, 0.001000000000000000021 ) ) ;
#3046 = SURFACE_STYLE_FILL_AREA ( #223 ) ;
#3047 = ORIENTED_EDGE ( 'NONE', *, *, #3539, .F. ) ;
#3048 = FACE_OUTER_BOUND ( 'NONE', #621, .T. ) ;
#3049 = LINE ( 'NONE', #6341, #2824 ) ;
#3050 = VECTOR ( 'NONE', #3562, 1000.000000000000000 ) ;
#3051 = LINE ( 'NONE', #3546, #5984 ) ;
#3052 = FACE_OUTER_BOUND ( 'NONE', #6546, .T. ) ;
#3053 = ADVANCED_FACE ( 'NONE', ( #5593 ), #4529, .T. ) ;
#3054 =( NAMED_UNIT ( * ) SI_UNIT ( $, .STERADIAN. ) SOLID_ANGLE_UNIT ( ) );
#3055 = VECTOR ( 'NONE', #3421, 1000.000000000000000 ) ;
#3056 = DIRECTION ( 'NONE',  ( 0.0000000000000000000, 1.000000000000000000, 0.0000000000000000000 ) ) ;
#3057 = ORIENTED_EDGE ( 'NONE', *, *, #5205, .T. ) ;
#3058 = DIRECTION ( 'NONE',  ( 1.000000000000000000, 0.0000000000000000000, 0.0000000000000000000 ) ) ;
#3059 = CARTESIAN_POINT ( 'NONE',  ( 0.3949681528660000107, -0.2764543524413333175, 0.8000000000000000444 ) ) ;
#3060 = FACE_OUTER_BOUND ( 'NONE', #4807, .T. ) ;
#3061 = PRESENTATION_LAYER_ASSIGNMENT (  '', '', ( #7045 ) ) ;
#3062 = DIRECTION ( 'NONE',  ( 1.000000000000000000, 0.0000000000000000000, 0.0000000000000000000 ) ) ;
#3063 = EDGE_CURVE ( 'NONE', #3352, #4261, #1682, .T. ) ;
#3064 = CARTESIAN_POINT ( 'NONE',  ( 0.8978980891719999802, 0.2935668789809999790, 0.7990000000000000435 ) ) ;
#3065 = ORIENTED_EDGE ( 'NONE', *, *, #2474, .F. ) ;
#3066 = CARTESIAN_POINT ( 'NONE',  ( 0.2339490445859999934, 0.6761146496819999685, 0.005000000000000000104 ) ) ;
#3067 = AXIS2_PLACEMENT_3D ( 'NONE', #3632, #5180, #6940 ) ;
#3068 = AXIS2_PLACEMENT_3D ( 'NONE', #7190, #1107, #3336 ) ;
#3069 = SURFACE_STYLE_USAGE ( .BOTH. , #4736 ) ;
#3070 = ORIENTED_EDGE ( 'NONE', *, *, #3063, .T. ) ;
#3071 = CARTESIAN_POINT ( 'NONE',  ( -1.699999999999999956, -0.8499999999999999778, 0.1250000000000000000 ) ) ;
#3072 = EDGE_CURVE ( 'NONE', #4607, #4725, #4110, .T. ) ;
#3073 = PLANE ( 'NONE',  #22 ) ;
#3074 = AXIS2_PLACEMENT_3D ( 'NONE', #5634, #1795, #615 ) ;
#3075 = EDGE_CURVE ( 'NONE', #3038, #435, #6765, .T. ) ;
#3076 = CARTESIAN_POINT ( 'NONE',  ( 0.3592993630569999985, 0.4978980891720000690, 0.8000000000000000444 ) ) ;
#3077 = FILL_AREA_STYLE ('',( #2521 ) ) ;
#3078 = ORIENTED_EDGE ( 'NONE', *, *, #2762, .T. ) ;
#3079 = VECTOR ( 'NONE', #5021, 1000.000000000000000 ) ;
#3080 = STYLED_ITEM ( 'NONE', ( #3565 ), #4174 ) ;
#3081 = CARTESIAN_POINT ( 'NONE',  ( -1.199999999999999956, -0.8499999999999999778, 0.0000000000000000000 ) ) ;
#3082 = VERTEX_POINT ( 'NONE', #1210 ) ;
#3083 = LINE ( 'NONE', #6587, #1670 ) ;
#3084 = ADVANCED_FACE ( 'NONE', ( #26 ), #535, .T. ) ;
#3085 = ORIENTED_EDGE ( 'NONE', *, *, #6406, .F. ) ;
#3086 = DIRECTION ( 'NONE',  ( 1.000000000000000000, 0.0000000000000000000, -0.0000000000000000000 ) ) ;
#3087 = DIRECTION ( 'NONE',  ( 0.0000000000000000000, -0.0000000000000000000, 1.000000000000000000 ) ) ;
#3088 = EDGE_LOOP ( 'NONE', ( #719, #3330 ) ) ;
#3089 = B_SPLINE_SURFACE_WITH_KNOTS ( 'NONE', 2, 1, ( 
 ( #5610, #585 ),
 ( #656, #2825 ),
 ( #5058, #1735 ) ),
 .UNSPECIFIED., .F., .F., .F.,
 ( 3, 3 ),
 ( 2, 2 ),
 ( 0.0000000000000000000, 1.000000000000000000 ),
 ( 0.0000000000000000000, 1.000000000000000000 ),
 .UNSPECIFIED. ) ;
#3090 = LINE ( 'NONE', #6374, #2525 ) ;
#3091 = PLANE ( 'NONE',  #1307 ) ;
#3092 = DIRECTION ( 'NONE',  ( 0.0000000000000000000, 0.0000000000000000000, 1.000000000000000000 ) ) ;
#3093 = CARTESIAN_POINT ( 'NONE',  ( 0.4260509554140000099, 0.3027388535030000605, 0.8000000000000000444 ) ) ;
#3094 = CARTESIAN_POINT ( 'NONE',  ( 0.2339490445859999934, -0.6761146496819999685, 0.8000000000000000444 ) ) ;
#3095 = ORIENTED_EDGE ( 'NONE', *, *, #6328, .T. ) ;
#3096 = CARTESIAN_POINT ( 'NONE',  ( -1.699000000000000288, 0.5500000000000000444, 0.6750000000000000444 ) ) ;
#3097 = DIRECTION ( 'NONE',  ( -1.000000000000000000, 0.0000000000000000000, 0.0000000000000000000 ) ) ;
#3098 = B_SPLINE_CURVE_WITH_KNOTS ( 'NONE', 3,
 ( #4523, #6761, #1746, #1203 ),
 .UNSPECIFIED., .F., .F.,
 ( 4, 4 ),
 ( 0.0000000000000000000, 1.000000000000000000 ),
 .UNSPECIFIED. ) ;
#3099 = LINE ( 'NONE', #5850, #6768 ) ;
#3100 = VERTEX_POINT ( 'NONE', #5108 ) ;
#3101 = VECTOR ( 'NONE', #3436, 1000.000000000000000 ) ;
#3102 = PLANE ( 'NONE',  #2469 ) ;
#3103 = ORIENTED_EDGE ( 'NONE', *, *, #3809, .T. ) ;
#3104 = CARTESIAN_POINT ( 'NONE',  ( 0.01585987261146465377, -0.3023991507433333448, 0.0000000000000000000 ) ) ;
#3105 = ADVANCED_FACE ( 'NONE', ( #5000 ), #5039, .F. ) ;
#3106 =( NAMED_UNIT ( * ) PLANE_ANGLE_UNIT ( ) SI_UNIT ( $, .RADIAN. ) );
#3107 = FILL_AREA_STYLE_COLOUR ( '', #3412 ) ;
#3108 = LINE ( 'NONE', #2599, #3127 ) ;
#3109 = EDGE_CURVE ( 'NONE', #1848, #721, #4078, .T. ) ;
#3110 = DIRECTION ( 'NONE',  ( 0.0000000000000000000, 1.200000000000000024E-16, 1.000000000000000000 ) ) ;
#3111 = EDGE_LOOP ( 'NONE', ( #6141, #6200, #2992, #1303, #506, #703 ) ) ;
#3112 = ADVANCED_FACE ( 'NONE', ( #5741, #6910 ), #4668, .F. ) ;
#3113 = CARTESIAN_POINT ( 'NONE',  ( 0.7980254777070000527, -0.2314012738850000361, 0.0009999999999999989366 ) ) ;
#3114 = EDGE_LOOP ( 'NONE', ( #4857, #3767, #2458, #3270 ) ) ;
#3115 = SURFACE_STYLE_FILL_AREA ( #5236 ) ;
#3116 = COLOUR_RGB ( '',0.7372549019607843590, 0.6039215686274509443, 0.0000000000000000000 ) ;
#3117 = EDGE_CURVE ( 'NONE', #2199, #6465, #5631, .T. ) ;
#3118 = ORIENTED_EDGE ( 'NONE', *, *, #6406, .T. ) ;
#3119 = PLANE ( 'NONE',  #3911 ) ;
#3120 = LINE ( 'NONE', #4685, #4677 ) ;
#3121 = ORIENTED_EDGE ( 'NONE', *, *, #6192, .F. ) ;
#3122 = EDGE_CURVE ( 'NONE', #2961, #4597, #712, .T. ) ;
#3123 = DIRECTION ( 'NONE',  ( 0.0000000000000000000, -0.0000000000000000000, -1.000000000000000000 ) ) ;
#3124 = DIRECTION ( 'NONE',  ( 1.000000000000000000, 0.0000000000000000000, -0.0000000000000000000 ) ) ;
#3125 = CARTESIAN_POINT ( 'NONE',  ( 0.9250743072614914242, -0.2286836505476073644, 0.001000000000000000021 ) ) ;
#3126 = SURFACE_STYLE_FILL_AREA ( #6524 ) ;
#3127 = VECTOR ( 'NONE', #3173, 1000.000000000000000 ) ;
#3128 = CARTESIAN_POINT ( 'NONE',  ( 0.7071549893840000101, -0.3323354564756667018, 0.8000000000000000444 ) ) ;
#3129 = ORIENTED_EDGE ( 'NONE', *, *, #6946, .F. ) ;
#3130 = CARTESIAN_POINT ( 'NONE',  ( 0.4965392796959949284, 0.4870275986757031106, 0.7990000000000000435 ) ) ;
#3131 = DIRECTION ( 'NONE',  ( 0.0000000000000000000, -0.0000000000000000000, 1.000000000000000000 ) ) ;
#3132 = SURFACE_STYLE_USAGE ( .BOTH. , #7017 ) ;
#3133 = DIRECTION ( 'NONE',  ( 0.0000000000000000000, 1.000000000000000000, 0.0000000000000000000 ) ) ;
#3134 = ORIENTED_EDGE ( 'NONE', *, *, #555, .T. ) ;
#3135 = LINE ( 'NONE', #3640, #2912 ) ;
#3136 = CARTESIAN_POINT ( 'NONE',  ( -0.9250000000000001554, -0.8400000000000000799, 0.7760000000000000231 ) ) ;
#3137 = CARTESIAN_POINT ( 'NONE',  ( -0.1456687898089999988, 0.4678343949039999727, 0.8000000000000000444 ) ) ;
#3138 = SURFACE_STYLE_USAGE ( .BOTH. , #4672 ) ;
#3139 = ADVANCED_FACE ( 'NONE', ( #2955 ), #7125, .T. ) ;
#3140 = CARTESIAN_POINT ( 'NONE',  ( -0.1456687898089999988, 0.4678343949039999727, 0.7950000000000000400 ) ) ;
#3141 = ORIENTED_EDGE ( 'NONE', *, *, #2299, .T. ) ;
#3142 = ORIENTED_EDGE ( 'NONE', *, *, #2613, .T. ) ;
#3143 = CARTESIAN_POINT ( 'NONE',  ( -1.699000000000000288, 0.6999999999999999556, 0.1250000000000000000 ) ) ;
#3144 = FACE_OUTER_BOUND ( 'NONE', #1165, .T. ) ;
#3145 = FACE_OUTER_BOUND ( 'NONE', #4201, .T. ) ;
#3146 = VECTOR ( 'NONE', #5046, 1000.000000000000000 ) ;
#3147 = EDGE_CURVE ( 'NONE', #2647, #2385, #3525, .T. ) ;
#3148 = ORIENTED_EDGE ( 'NONE', *, *, #3717, .T. ) ;
#3149 = VECTOR ( 'NONE', #3972, 1000.000000000000000 ) ;
#3150 = CARTESIAN_POINT ( 'NONE',  ( -0.2995541401269999904, -0.3837579617830000345, 0.001000000000000000021 ) ) ;
#3151 = VERTEX_POINT ( 'NONE', #1974 ) ;
#3152 = ORIENTED_EDGE ( 'NONE', *, *, #6328, .F. ) ;
#3153 = DIRECTION ( 'NONE',  ( 0.0000000000000000000, -1.000000000000000000, -0.0000000000000000000 ) ) ;
#3154 = EDGE_CURVE ( 'NONE', #3856, #1338, #5514, .T. ) ;
#3155 = CARTESIAN_POINT ( 'NONE',  ( 0.5845222929940000478, 0.3499999999999999778, 0.0000000000000000000 ) ) ;
#3156 =( GEOMETRIC_REPRESENTATION_CONTEXT ( 3 ) GLOBAL_UNCERTAINTY_ASSIGNED_CONTEXT ( ( #4474 ) ) GLOBAL_UNIT_ASSIGNED_CONTEXT ( ( #4367, #519, #3877 ) ) REPRESENTATION_CONTEXT ( 'NONE', 'WORKASPACE' ) );
#3157 = EDGE_CURVE ( 'NONE', #3335, #1851, #1425, .T. ) ;
#3158 = CARTESIAN_POINT ( 'NONE',  ( 1.699999999999978417, 0.3500000000002823630, 0.8000000000000000444 ) ) ;
#3159 = VERTEX_POINT ( 'NONE', #6316 ) ;
#3160 = COLOUR_RGB ( '',0.0000000000000000000, 0.7843137254901960675, 0.4980392156862745168 ) ;
#3161 = CARTESIAN_POINT ( 'NONE',  ( -0.2995541401269999904, -0.3837579617830000345, 0.0000000000000000000 ) ) ;
#3162 = CARTESIAN_POINT ( 'NONE',  ( 0.3582802547769999846, 0.06681528662419999876, 0.7990000000000000435 ) ) ;
#3163 = STYLED_ITEM ( 'NONE', ( #1009 ), #2497 ) ;
#3164 = CARTESIAN_POINT ( 'NONE',  ( -1.699999999999999956, -0.8499999999999999778, 0.2750000000000000222 ) ) ;
#3165 = EDGE_LOOP ( 'NONE', ( #2562, #6757, #297, #2237 ) ) ;
#3166 = FILL_AREA_STYLE ('',( #2554 ) ) ;
#3167 = B_SPLINE_CURVE_WITH_KNOTS ( 'NONE', 3,
 ( #4604, #5153, #758, #3533 ),
 .UNSPECIFIED., .F., .F.,
 ( 4, 4 ),
 ( 0.0000000000000000000, 1.000000000000000000 ),
 .UNSPECIFIED. ) ;
#3168 = EDGE_LOOP ( 'NONE', ( #6742, #5683, #6794, #5995, #1836, #95 ) ) ;
#3169 = LINE ( 'NONE', #6470, #2600 ) ;
#3170 =( LENGTH_UNIT ( ) NAMED_UNIT ( * ) SI_UNIT ( .MILLI., .METRE. ) );
#3171 = B_SPLINE_CURVE_WITH_KNOTS ( 'NONE', 3,
 ( #1345, #2513, #5296, #1421 ),
 .UNSPECIFIED., .F., .F.,
 ( 4, 4 ),
 ( 0.0000000000000000000, 1.000000000000000000 ),
 .UNSPECIFIED. ) ;
#3172 =( GEOMETRIC_REPRESENTATION_CONTEXT ( 3 ) GLOBAL_UNCERTAINTY_ASSIGNED_CONTEXT ( ( #2424 ) ) GLOBAL_UNIT_ASSIGNED_CONTEXT ( ( #342, #5983, #4800 ) ) REPRESENTATION_CONTEXT ( 'NONE', 'WORKASPACE' ) );
#3173 = DIRECTION ( 'NONE',  ( 0.0000000000000000000, 0.0000000000000000000, 1.000000000000000000 ) ) ;
#3174 =( GEOMETRIC_REPRESENTATION_CONTEXT ( 3 ) GLOBAL_UNCERTAINTY_ASSIGNED_CONTEXT ( ( #6545 ) ) GLOBAL_UNIT_ASSIGNED_CONTEXT ( ( #513, #1589, #4905 ) ) REPRESENTATION_CONTEXT ( 'NONE', 'WORKASPACE' ) );
#3175 = SURFACE_STYLE_FILL_AREA ( #6401 ) ;
#3176 = VERTEX_POINT ( 'NONE', #1310 ) ;
#3177 = UNCERTAINTY_MEASURE_WITH_UNIT (LENGTH_MEASURE( 1.000000000000000082E-05 ), #156, 'distance_accuracy_value', 'NONE');
#3178 = ORIENTED_EDGE ( 'NONE', *, *, #335, .T. ) ;
#3179 = CARTESIAN_POINT ( 'NONE',  ( 0.4260509554140000654, -0.3027388535030000605, 0.001000000000000000021 ) ) ;
#3180 = DIRECTION ( 'NONE',  ( -0.0000000000000000000, 2.199999999999999757E-16, 1.000000000000000000 ) ) ;
#3181 = CARTESIAN_POINT ( 'NONE',  ( 0.5753503184710000440, -0.2358598726109999988, 0.8000000000000000444 ) ) ;
#3182 = VECTOR ( 'NONE', #2538, 1000.000000000000000 ) ;
#3183 = VECTOR ( 'NONE', #877, 1000.000000000000000 ) ;
#3184 = B_SPLINE_CURVE_WITH_KNOTS ( 'NONE', 3,
 ( #3977, #5746, #5673, #6254 ),
 .UNSPECIFIED., .F., .F.,
 ( 4, 4 ),
 ( 0.0000000000000000000, 1.000000000000000000 ),
 .UNSPECIFIED. ) ;
#3185 = AXIS2_PLACEMENT_3D ( 'NONE', #4371, #1567, #446 ) ;
#3186 = EDGE_LOOP ( 'NONE', ( #647, #3142, #7054, #5341 ) ) ;
#3187 = VECTOR ( 'NONE', #1088, 1000.000000000000000 ) ;
#3188 = DIRECTION ( 'NONE',  ( 0.0000000000000000000, 1.000000000000000000, 0.0000000000000000000 ) ) ;
#3189 = LINE ( 'NONE', #4901, #6085 ) ;
#3190 = ORIENTED_EDGE ( 'NONE', *, *, #6464, .F. ) ;
#3191 = DIRECTION ( 'NONE',  ( 1.000000000000000000, 0.0000000000000000000, 0.0000000000000000000 ) ) ;
#3192 = EDGE_LOOP ( 'NONE', ( #654, #474, #2453, #3333 ) ) ;
#3193 = ADVANCED_FACE ( 'NONE', ( #674 ), #3032, .T. ) ;
#3194 = CARTESIAN_POINT ( 'NONE',  ( -1.699000000000000288, 0.6999999999999999556, 0.2000000000000000111 ) ) ;
#3195 = DIRECTION ( 'NONE',  ( -1.000000000000000000, 0.0000000000000000000, -0.0000000000000000000 ) ) ;
#3196 = ORIENTED_EDGE ( 'NONE', *, *, #4314, .F. ) ;
#3197 = CARTESIAN_POINT ( 'NONE',  ( 0.8978980891719999802, 0.2935668789809999790, 0.8000000000000000444 ) ) ;
#3198 = CARTESIAN_POINT ( 'NONE',  ( 0.7781528662419999742, 0.4443949044590000397, 0.8000000000000000444 ) ) ;
#3199 = EDGE_CURVE ( 'NONE', #4327, #6522, #5793, .T. ) ;
#3200 = PRESENTATION_STYLE_ASSIGNMENT (( #488 ) ) ;
#3201 = B_SPLINE_SURFACE_WITH_KNOTS ( 'NONE', 2, 1, ( 
 ( #3197, #3271 ),
 ( #2654, #5981 ),
 ( #4911, #521 ) ),
 .UNSPECIFIED., .F., .F., .F.,
 ( 3, 3 ),
 ( 2, 2 ),
 ( 0.0000000000000000000, 1.000000000000000000 ),
 ( 0.0000000000000000000, 1.000000000000000000 ),
 .UNSPECIFIED. ) ;
#3202 = DIRECTION ( 'NONE',  ( 0.0000000000000000000, 1.200000000000000024E-16, 1.000000000000000000 ) ) ;
#3203 = CARTESIAN_POINT ( 'NONE',  ( -0.2944585987260000537, 0.3499999999999999223, 0.0000000000000000000 ) ) ;
#3204 = EDGE_CURVE ( 'NONE', #6740, #2968, #5164, .T. ) ;
#3205 = DIRECTION ( 'NONE',  ( -1.000000000000000000, -0.0000000000000000000, -0.0000000000000000000 ) ) ;
#3206 = CARTESIAN_POINT ( 'NONE',  ( -0.2154777070059999966, -0.2358598726109999988, 0.7990000000000000435 ) ) ;
#3207 = EDGE_LOOP ( 'NONE', ( #4612, #3196, #2897, #5306 ) ) ;
#3208 = EDGE_CURVE ( 'NONE', #2671, #3668, #5226, .T. ) ;
#3209 = DIRECTION ( 'NONE',  ( 0.0000000000000000000, -1.000000000000000000, 0.0000000000000000000 ) ) ;
#3210 = CARTESIAN_POINT ( 'NONE',  ( -0.3056687898089999744, -0.2358598726109999988, 0.8000000000000000444 ) ) ;
#3211 = MECHANICAL_DESIGN_GEOMETRIC_PRESENTATION_REPRESENTATION (  '', ( #7087 ), #3784 ) ;
#3212 = DIRECTION ( 'NONE',  ( 1.000000000000000000, -0.0000000000000000000, 0.0000000000000000000 ) ) ;
#3213 = DIRECTION ( 'NONE',  ( 0.0000000000000000000, -0.0000000000000000000, -1.000000000000000000 ) ) ;
#3214 = EDGE_LOOP ( 'NONE', ( #4598, #4250, #2748, #3897 ) ) ;
#3215 = ORIENTED_EDGE ( 'NONE', *, *, #4487, .F. ) ;
#3216 = CARTESIAN_POINT ( 'NONE',  ( 0.7980254777070000527, 0.07802547770701000196, 0.7950000000000000400 ) ) ;
#3217 = CARTESIAN_POINT ( 'NONE',  ( -1.699000000000000288, 0.8490000000000000879, 0.2750000000000000222 ) ) ;
#3218 = SURFACE_SIDE_STYLE ('',( #501 ) ) ;
#3219 = FACE_OUTER_BOUND ( 'NONE', #7021, .T. ) ;
#3220 = DIRECTION ( 'NONE',  ( 1.000000000000000000, 0.0000000000000000000, -0.0000000000000000000 ) ) ;
#3221 = MECHANICAL_DESIGN_GEOMETRIC_PRESENTATION_REPRESENTATION (  '', ( #2288 ), #2061 ) ;
#3222 = ORIENTED_EDGE ( 'NONE', *, *, #2626, .F. ) ;
#3223 = CARTESIAN_POINT ( 'NONE',  ( 0.6913588093751239505, 0.3582802496825130412, 0.7990000000000000435 ) ) ;
#3224 = ORIENTED_EDGE ( 'NONE', *, *, #5483, .F. ) ;
#3225 = EDGE_LOOP ( 'NONE', ( #5824, #6078, #6723, #4877, #4068, #3190, #4862, #6882, #4045, #296, #4255, #5038, #4394, #2388, #5974 ) ) ;
#3226 = DIRECTION ( 'NONE',  ( -1.000000000000000000, 0.0000000000000000000, 0.0000000000000000000 ) ) ;
#3227 = VECTOR ( 'NONE', #4493, 1000.000000000000000 ) ;
#3228 = CARTESIAN_POINT ( 'NONE',  ( 0.5386624203819999623, 0.3499999999999999778, 0.0000000000000000000 ) ) ;
#3229 = EDGE_CURVE ( 'NONE', #3723, #790, #1900, .T. ) ;
#3230 = FACE_OUTER_BOUND ( 'NONE', #5298, .T. ) ;
#3231 = ORIENTED_EDGE ( 'NONE', *, *, #3948, .T. ) ;
#3232 = CARTESIAN_POINT ( 'NONE',  ( 0.4591719745220000370, 0.4652866242040000211, 0.7950000000000000400 ) ) ;
#3233 = CARTESIAN_POINT ( 'NONE',  ( -1.699999999999999956, 0.5500000000000000444, 0.2750000000000000222 ) ) ;
#3234 = CARTESIAN_POINT ( 'NONE',  ( 0.3793418259023333405, -0.1127176220806800216, 0.8000000000000000444 ) ) ;
#3235 = PLANE ( 'NONE',  #5597 ) ;
#3236 = ADVANCED_FACE ( 'NONE', ( #2004 ), #275, .T. ) ;
#3237 = ORIENTED_EDGE ( 'NONE', *, *, #6957, .F. ) ;
#3238 =( NAMED_UNIT ( * ) PLANE_ANGLE_UNIT ( ) SI_UNIT ( $, .RADIAN. ) );
#3239 = CARTESIAN_POINT ( 'NONE',  ( -0.08401273885349998249, -0.1801061571127066663, 0.0000000000000000000 ) ) ;
#3240 = FACE_OUTER_BOUND ( 'NONE', #6512, .T. ) ;
#3241 = VERTEX_POINT ( 'NONE', #5367 ) ;
#3242 = SURFACE_SIDE_STYLE ('',( #5442 ) ) ;
#3243 = FILL_AREA_STYLE ('',( #1013 ) ) ;
#3244 = EDGE_CURVE ( 'NONE', #1340, #5183, #3488, .T. ) ;
#3245 = B_SPLINE_CURVE_WITH_KNOTS ( 'NONE', 3,
 ( #5494, #5572, #549, #6082 ),
 .UNSPECIFIED., .F., .F.,
 ( 4, 4 ),
 ( 0.0000000000000000000, 1.000000000000000000 ),
 .UNSPECIFIED. ) ;
#3246 = CARTESIAN_POINT ( 'NONE',  ( 0.7980254734264051741, -0.1802760033287502672, 0.001000000000000000021 ) ) ;
#3247 = EDGE_CURVE ( 'NONE', #4319, #4327, #6746, .T. ) ;
#3248 = ORIENTED_EDGE ( 'NONE', *, *, #2796, .F. ) ;
#3249 = UNCERTAINTY_MEASURE_WITH_UNIT (LENGTH_MEASURE( 1.000000000000000082E-05 ), #3975, 'distance_accuracy_value', 'NONE');
#3250 = ORIENTED_EDGE ( 'NONE', *, *, #1501, .F. ) ;
#3251 = LINE ( 'NONE', #3216, #2969 ) ;
#3252 = CARTESIAN_POINT ( 'NONE',  ( 0.7980254777070000527, -0.2314012738850000361, 0.0000000000000000000 ) ) ;
#3253 = CARTESIAN_POINT ( 'NONE',  ( -0.4381528662420000608, 0.3499999999999999778, 0.0009999999999999998040 ) ) ;
#3254 = AXIS2_PLACEMENT_3D ( 'NONE', #1846, #3994, #6235 ) ;
#3255 = SURFACE_SIDE_STYLE ('',( #5598 ) ) ;
#3256 =( LENGTH_UNIT ( ) NAMED_UNIT ( * ) SI_UNIT ( .MILLI., .METRE. ) );
#3257 = ORIENTED_EDGE ( 'NONE', *, *, #3959, .F. ) ;
#3258 =( LENGTH_UNIT ( ) NAMED_UNIT ( * ) SI_UNIT ( .MILLI., .METRE. ) );
#3259 = PRESENTATION_STYLE_ASSIGNMENT (( #2196 ) ) ;
#3260 = ORIENTED_EDGE ( 'NONE', *, *, #3755, .T. ) ;
#3261 = PRESENTATION_LAYER_ASSIGNMENT (  '', '', ( #5846 ) ) ;
#3262 = B_SPLINE_SURFACE_WITH_KNOTS ( 'NONE', 2, 1, ( 
 ( #5227, #6950 ),
 ( #4706, #6282 ),
 ( #6319, #1389 ) ),
 .UNSPECIFIED., .F., .F., .F.,
 ( 3, 3 ),
 ( 2, 2 ),
 ( 0.0000000000000000000, 1.000000000000000000 ),
 ( 0.0000000000000000000, 1.000000000000000000 ),
 .UNSPECIFIED. ) ;
#3263 = CARTESIAN_POINT ( 'NONE',  ( 1.699000000000000288, -0.8489999999999999769, 0.5250000000000000222 ) ) ;
#3264 = VERTEX_POINT ( 'NONE', #4808 ) ;
#3265 = FACE_OUTER_BOUND ( 'NONE', #3501, .T. ) ;
#3266 = B_SPLINE_CURVE_WITH_KNOTS ( 'NONE', 3,
 ( #7205, #7243, #2184, #2108 ),
 .UNSPECIFIED., .F., .F.,
 ( 4, 4 ),
 ( 0.0000000000000000000, 1.000000000000000000 ),
 .UNSPECIFIED. ) ;
#3267 = DIRECTION ( 'NONE',  ( -0.0000000000000000000, -0.0000000000000000000, -1.000000000000000000 ) ) ;
#3268 = AXIS2_PLACEMENT_3D ( 'NONE', #1408, #1294, #3510 ) ;
#3269 = DIRECTION ( 'NONE',  ( 0.0000000000000000000, 0.0000000000000000000, 1.000000000000000000 ) ) ;
#3270 = ORIENTED_EDGE ( 'NONE', *, *, #548, .F. ) ;
#3271 = CARTESIAN_POINT ( 'NONE',  ( 0.8978980891719999802, 0.2935668789809999790, 0.7990000000000000435 ) ) ;
#3272 = FACE_OUTER_BOUND ( 'NONE', #3803, .T. ) ;
#3273 = VECTOR ( 'NONE', #3391, 1000.000000000000000 ) ;
#3274 = DIRECTION ( 'NONE',  ( -0.0000000000000000000, -0.0000000000000000000, 1.000000000000000000 ) ) ;
#3275 = CARTESIAN_POINT ( 'NONE',  ( -0.9250000000000000444, 0.8400000000000000799, 0.7760000000000000231 ) ) ;
#3276 = DIRECTION ( 'NONE',  ( -8.900000000000000652E-16, 0.0000000000000000000, -1.000000000000000000 ) ) ;
#3277 = STYLED_ITEM ( 'NONE', ( #4870 ), #1952 ) ;
#3278 = CARTESIAN_POINT ( 'NONE',  ( -0.4167515923570000447, 0.2358598726109999988, 0.0009999999999999998040 ) ) ;
#3279 = SURFACE_SIDE_STYLE ('',( #6648 ) ) ;
#3280 = VERTEX_POINT ( 'NONE', #3681 ) ;
#3281 = DIRECTION ( 'NONE',  ( 0.0000000000000000000, 0.0000000000000000000, 1.000000000000000000 ) ) ;
#3282 = FACE_OUTER_BOUND ( 'NONE', #751, .T. ) ;
#3283 = EDGE_CURVE ( 'NONE', #1805, #3856, #794, .T. ) ;
#3284 = VECTOR ( 'NONE', #3500, 1000.000000000000000 ) ;
#3285 = CARTESIAN_POINT ( 'NONE',  ( 0.7980254777070000527, -0.07802547770701000196, 0.001000000000000000021 ) ) ;
#3286 = AXIS2_PLACEMENT_3D ( 'NONE', #3887, #6131, #2663 ) ;
#3287 = ADVANCED_FACE ( 'NONE', ( #2665 ), #1038, .T. ) ;
#3288 = ORIENTED_EDGE ( 'NONE', *, *, #1906, .T. ) ;
#3289 = DIRECTION ( 'NONE',  ( 1.000000000000000000, 0.0000000000000000000, 0.0000000000000000000 ) ) ;
#3290 = EDGE_CURVE ( 'NONE', #6676, #355, #6137, .T. ) ;
#3291 = LINE ( 'NONE', #4252, #2249 ) ;
#3292 = B_SPLINE_CURVE_WITH_KNOTS ( 'NONE', 3,
 ( #5262, #2520, #6990, #4814 ),
 .UNSPECIFIED., .F., .F.,
 ( 4, 4 ),
 ( 0.0000000000000000000, 1.000000000000000000 ),
 .UNSPECIFIED. ) ;
#3293 = VECTOR ( 'NONE', #2318, 1000.000000000000000 ) ;
#3294 = VECTOR ( 'NONE', #4727, 1000.000000000000000 ) ;
#3295 =( NAMED_UNIT ( * ) PLANE_ANGLE_UNIT ( ) SI_UNIT ( $, .RADIAN. ) );
#3296 = SURFACE_SIDE_STYLE ('',( #5083 ) ) ;
#3297 = ORIENTED_EDGE ( 'NONE', *, *, #2251, .F. ) ;
#3298 = SURFACE_SIDE_STYLE ('',( #542 ) ) ;
#3299 = DIRECTION ( 'NONE',  ( 0.0000000000000000000, 0.0000000000000000000, -1.000000000000000000 ) ) ;
#3300 = EDGE_CURVE ( 'NONE', #6659, #3578, #3169, .T. ) ;
#3301 = VECTOR ( 'NONE', #6414, 1000.000000000000000 ) ;
#3302 = VECTOR ( 'NONE', #6448, 1000.000000000000000 ) ;
#3303 = DIRECTION ( 'NONE',  ( 0.0000000000000000000, 0.0000000000000000000, 1.000000000000000000 ) ) ;
#3304 = ORIENTED_EDGE ( 'NONE', *, *, #2437, .F. ) ;
#3305 = CARTESIAN_POINT ( 'NONE',  ( -0.06447983171360545385, -0.4194267499299565993, 0.001000000000000000021 ) ) ;
#3306 = EDGE_CURVE ( 'NONE', #1434, #4084, #4846, .T. ) ;
#3307 = LINE ( 'NONE', #4398, #5076 ) ;
#3308 = MECHANICAL_DESIGN_GEOMETRIC_PRESENTATION_REPRESENTATION (  '', ( #5998 ), #5293 ) ;
#3309 = VECTOR ( 'NONE', #402, 1000.000000000000000 ) ;
#3310 = ORIENTED_EDGE ( 'NONE', *, *, #6957, .T. ) ;
#3311 = CARTESIAN_POINT ( 'NONE',  ( 0.3582802547769999846, -0.06681528662419999876, 0.0009999999999999998040 ) ) ;
#3312 = FACE_BOUND ( 'NONE', #5980, .T. ) ;
#3313 = PRESENTATION_LAYER_ASSIGNMENT (  '', '', ( #5763 ) ) ;
#3314 = COLOUR_RGB ( '',0.0000000000000000000, 0.7843137254901960675, 0.4980392156862745168 ) ;
#3315 = PRESENTATION_STYLE_ASSIGNMENT (( #1080 ) ) ;
#3316 = FACE_OUTER_BOUND ( 'NONE', #1437, .T. ) ;
#3317 = CARTESIAN_POINT ( 'NONE',  ( -0.9250000000000000444, -0.8400000000000000799, 0.02500000000000000139 ) ) ;
#3318 = SURFACE_STYLE_FILL_AREA ( #4376 ) ;
#3319 = VERTEX_POINT ( 'NONE', #5924 ) ;
#3320 = CARTESIAN_POINT ( 'NONE',  ( 0.7980254777070000527, 0.2314012738850000361, 0.7990000000000000435 ) ) ;
#3321 = CARTESIAN_POINT ( 'NONE',  ( 0.03216560509553999941, -0.2507643312100000244, 0.0000000000000000000 ) ) ;
#3322 = DIRECTION ( 'NONE',  ( -0.0000000000000000000, -2.699999999999999993E-16, -1.000000000000000000 ) ) ;
#3323 = ADVANCED_FACE ( 'NONE', ( #4234 ), #391, .T. ) ;
#3324 = UNCERTAINTY_MEASURE_WITH_UNIT (LENGTH_MEASURE( 1.000000000000000082E-05 ), #6571, 'distance_accuracy_value', 'NONE');
#3325 = VERTEX_POINT ( 'NONE', #6062 ) ;
#3326 = SURFACE_STYLE_FILL_AREA ( #1166 ) ;
#3327 = CARTESIAN_POINT ( 'NONE',  ( 1.699999999999999956, -0.8499999999999999778, 0.6750000000000000444 ) ) ;
#3328 = LINE ( 'NONE', #6112, #3182 ) ;
#3329 = PRESENTATION_STYLE_ASSIGNMENT (( #7221 ) ) ;
#3330 = ORIENTED_EDGE ( 'NONE', *, *, #5209, .F. ) ;
#3331 = EDGE_CURVE ( 'NONE', #6696, #2306, #1256, .T. ) ;
#3332 = CARTESIAN_POINT ( 'NONE',  ( 1.699999999999999956, 0.5500000000000000444, 0.6750000000000000444 ) ) ;
#3333 = ORIENTED_EDGE ( 'NONE', *, *, #3636, .T. ) ;
#3334 = SURFACE_STYLE_USAGE ( .BOTH. , #7226 ) ;
#3335 = VERTEX_POINT ( 'NONE', #693 ) ;
#3336 = DIRECTION ( 'NONE',  ( 0.0000000000000000000, -1.200000000000000024E-16, -1.000000000000000000 ) ) ;
#3337 = CARTESIAN_POINT ( 'NONE',  ( 0.7638853503180000892, 0.2970063694269999832, 0.0009999999999999998040 ) ) ;
#3338 = EDGE_CURVE ( 'NONE', #5235, #2609, #4579, .T. ) ;
#3339 = VECTOR ( 'NONE', #3838, 1000.000000000000000 ) ;
#3340 = ADVANCED_FACE ( 'NONE', ( #4961 ), #4417, .T. ) ;
#3341 = CARTESIAN_POINT ( 'NONE',  ( 0.3592993630569999985, -0.4978980891720000690, 0.005000000000000000104 ) ) ;
#3342 = SURFACE_STYLE_USAGE ( .BOTH. , #2277 ) ;
#3343 = ORIENTED_EDGE ( 'NONE', *, *, #2895, .F. ) ;
#3344 = DIRECTION ( 'NONE',  ( -0.0000000000000000000, 2.199999999999999757E-16, 1.000000000000000000 ) ) ;
#3345 = VECTOR ( 'NONE', #1068, 1000.000000000000000 ) ;
#3346 = FACE_OUTER_BOUND ( 'NONE', #3714, .T. ) ;
#3347 = CARTESIAN_POINT ( 'NONE',  ( 0.7338216560510000264, 0.3073248407640000179, 0.7990000000000000435 ) ) ;
#3348 = AXIS2_PLACEMENT_3D ( 'NONE', #4204, #6920, #2962 ) ;
#3349 = CARTESIAN_POINT ( 'NONE',  ( -0.6475796178339999765, -0.3499999999999999778, 0.7950000000000000400 ) ) ;
#3350 = PRESENTATION_STYLE_ASSIGNMENT (( #3739 ) ) ;
#3351 = CARTESIAN_POINT ( 'NONE',  ( 0.7980254777070000527, -0.07802547770701000196, 0.001000000000000000021 ) ) ;
#3352 = VERTEX_POINT ( 'NONE', #4059 ) ;
#3353 = PLANE ( 'NONE',  #5877 ) ;
#3354 = DIRECTION ( 'NONE',  ( 0.0000000000000000000, 0.0000000000000000000, 1.000000000000000000 ) ) ;
#3355 =( LENGTH_UNIT ( ) NAMED_UNIT ( * ) SI_UNIT ( .MILLI., .METRE. ) );
#3356 =( LENGTH_UNIT ( ) NAMED_UNIT ( * ) SI_UNIT ( .MILLI., .METRE. ) );
#3357 = ORIENTED_EDGE ( 'NONE', *, *, #3368, .T. ) ;
#3358 = PRESENTATION_STYLE_ASSIGNMENT (( #4968 ) ) ;
#3359 = DIRECTION ( 'NONE',  ( 0.0000000000000000000, 0.0000000000000000000, 1.000000000000000000 ) ) ;
#3360 = PRESENTATION_STYLE_ASSIGNMENT (( #6108 ) ) ;
#3361 = CARTESIAN_POINT ( 'NONE',  ( 0.7322929936309999777, -0.1594267515920000100, 0.7990000000000000435 ) ) ;
#3362 = EDGE_CURVE ( 'NONE', #2619, #1356, #4025, .T. ) ;
#3363 = ORIENTED_EDGE ( 'NONE', *, *, #5209, .T. ) ;
#3364 = CARTESIAN_POINT ( 'NONE',  ( -0.3902547729253908471, -0.3499999919147842031, 0.7990000000000000435 ) ) ;
#3365 = ORIENTED_EDGE ( 'NONE', *, *, #3378, .F. ) ;
#3366 = LINE ( 'NONE', #1799, #1005 ) ;
#3367 = ORIENTED_EDGE ( 'NONE', *, *, #24, .F. ) ;
#3368 = EDGE_CURVE ( 'NONE', #1554, #4239, #1640, .T. ) ;
#3369 = CARTESIAN_POINT ( 'NONE',  ( 0.8206157085698023712, 0.2616772792502459755, 0.001000000000000000021 ) ) ;
#3370 = COLOUR_RGB ( '',0.0000000000000000000, 0.0000000000000000000, 0.0000000000000000000 ) ;
#3371 = CARTESIAN_POINT ( 'NONE',  ( 0.1375000000000000111, -3.000000000000000061E-17, 0.7990000000000000435 ) ) ;
#3372 = CARTESIAN_POINT ( 'NONE',  ( -0.1471974522289999920, -0.3083439490450000098, 0.0000000000000000000 ) ) ;
#3373 = VERTEX_POINT ( 'NONE', #4996 ) ;
#3374 = UNCERTAINTY_MEASURE_WITH_UNIT (LENGTH_MEASURE( 1.000000000000000082E-05 ), #5368, 'distance_accuracy_value', 'NONE');
#3375 =( LENGTH_UNIT ( ) NAMED_UNIT ( * ) SI_UNIT ( .MILLI., .METRE. ) );
#3376 = ADVANCED_FACE ( 'NONE', ( #2936 ), #3772, .T. ) ;
#3377 = DIRECTION ( 'NONE',  ( 0.0000000000000000000, 0.0000000000000000000, -1.000000000000000000 ) ) ;
#3378 = EDGE_CURVE ( 'NONE', #177, #4319, #3817, .T. ) ;
#3379 = COLOUR_RGB ( '',0.7098039215686274828, 0.7098039215686274828, 0.7098039215686274828 ) ;
#3380 = CARTESIAN_POINT ( 'NONE',  ( -0.5196815286620000141, 0.3499999999999999778, 0.0000000000000000000 ) ) ;
#3381 = LINE ( 'NONE', #5620, #1171 ) ;
#3382 = ORIENTED_EDGE ( 'NONE', *, *, #3338, .F. ) ;
#3383 = PRESENTATION_LAYER_ASSIGNMENT (  '', '', ( #7256 ) ) ;
#3384 = LINE ( 'NONE', #3925, #4728 ) ;
#3385 = VERTEX_POINT ( 'NONE', #5589 ) ;
#3386 = CARTESIAN_POINT ( 'NONE',  ( 0.8938216560509999464, 0.1441401273890000057, 0.0009999999999999998040 ) ) ;
#3387 = EDGE_CURVE ( 'NONE', #1899, #323, #6301, .T. ) ;
#3388 = CARTESIAN_POINT ( 'NONE',  ( 0.3715286624200000443, -0.2465605095540000236, 0.8000000000000000444 ) ) ;
#3389 = COLOUR_RGB ( '',0.8000000000000000444, 0.8000000000000000444, 0.8000000000000000444 ) ;
#3390 = LINE ( 'NONE', #5628, #6063 ) ;
#3391 = DIRECTION ( 'NONE',  ( 0.0000000000000000000, 1.000000000000000000, 0.0000000000000000000 ) ) ;
#3392 = ORIENTED_EDGE ( 'NONE', *, *, #6508, .T. ) ;
#3393 = SURFACE_STYLE_FILL_AREA ( #61 ) ;
#3394 = AXIS2_PLACEMENT_3D ( 'NONE', #1026, #4863, #2091 ) ;
#3395 = DIRECTION ( 'NONE',  ( 0.0000000000000000000, 0.0000000000000000000, 1.000000000000000000 ) ) ;
#3396 = CARTESIAN_POINT ( 'NONE',  ( 0.6364968135207736966, -0.2358598675154522928, 0.7990000000000000435 ) ) ;
#3397 = ORIENTED_EDGE ( 'NONE', *, *, #5310, .T. ) ;
#3398 = CARTESIAN_POINT ( 'NONE',  ( 1.699999999999999956, 0.8499999999999999778, 0.2750000000000000222 ) ) ;
#3399 = ORIENTED_EDGE ( 'NONE', *, *, #4927, .F. ) ;
#3400 = FACE_OUTER_BOUND ( 'NONE', #5375, .T. ) ;
#3401 = ORIENTED_EDGE ( 'NONE', *, *, #5853, .T. ) ;
#3402 = CARTESIAN_POINT ( 'NONE',  ( 0.3592993630569999985, -0.3674522292990000105, 0.0000000000000000000 ) ) ;
#3403 = AXIS2_PLACEMENT_3D ( 'NONE', #1842, #5061, #1721 ) ;
#3404 = AXIS2_PLACEMENT_3D ( 'NONE', #6162, #556, #4476 ) ;
#3405 = VECTOR ( 'NONE', #4944, 1000.000000000000000 ) ;
#3406 = CARTESIAN_POINT ( 'NONE',  ( 0.02214436677706960871, -0.1602760022075452317, 0.7990000000000000435 ) ) ;
#3407 = ORIENTED_EDGE ( 'NONE', *, *, #1863, .T. ) ;
#3408 = EDGE_CURVE ( 'NONE', #2883, #900, #5723, .T. ) ;
#3409 = CARTESIAN_POINT ( 'NONE',  ( 1.449999999999999956, -0.8499999999999999778, 0.5250000000000000222 ) ) ;
#3410 = CARTESIAN_POINT ( 'NONE',  ( -0.5212101910830000406, -0.08006369426751999696, 0.0000000000000000000 ) ) ;
#3411 = LINE ( 'NONE', #1739, #3746 ) ;
#3412 = COLOUR_RGB ( '',0.0000000000000000000, 0.0000000000000000000, 0.0000000000000000000 ) ;
#3413 = VECTOR ( 'NONE', #4010, 1000.000000000000000 ) ;
#3414 = DIRECTION ( 'NONE',  ( 0.0000000000000000000, -0.0000000000000000000, 1.000000000000000000 ) ) ;
#3415 = ADVANCED_FACE ( 'NONE', ( #4448 ), #7187, .T. ) ;
#3416 = DIRECTION ( 'NONE',  ( 0.0000000000000000000, 1.000000000000000000, 0.0000000000000000000 ) ) ;
#3417 = ORIENTED_EDGE ( 'NONE', *, *, #7064, .T. ) ;
#3418 =( GEOMETRIC_REPRESENTATION_CONTEXT ( 3 ) GLOBAL_UNCERTAINTY_ASSIGNED_CONTEXT ( ( #2444 ) ) GLOBAL_UNIT_ASSIGNED_CONTEXT ( ( #5431, #4332, #6461 ) ) REPRESENTATION_CONTEXT ( 'NONE', 'WORKASPACE' ) );
#3419 = EDGE_CURVE ( 'NONE', #1652, #6543, #493, .T. ) ;
#3420 = CARTESIAN_POINT ( 'NONE',  ( 1.699999999999978417, 0.3500000000002823630, 0.0000000000000000000 ) ) ;
#3421 = DIRECTION ( 'NONE',  ( -0.0000000000000000000, 1.200000000000000024E-16, 1.000000000000000000 ) ) ;
#3422 = ORIENTED_EDGE ( 'NONE', *, *, #6475, .T. ) ;
#3423 = LINE ( 'NONE', #2218, #2144 ) ;
#3424 = CARTESIAN_POINT ( 'NONE',  ( -0.4554777070059999877, 0.3057961783440000247, 0.7990000000000000435 ) ) ;
#3425 = CARTESIAN_POINT ( 'NONE',  ( -0.08401273885349998249, 0.07445859872611500230, 0.8000000000000000444 ) ) ;
#3426 = VERTEX_POINT ( 'NONE', #6892 ) ;
#3427 = FILL_AREA_STYLE ('',( #4631 ) ) ;
#3428 = ADVANCED_FACE ( 'NONE', ( #1125 ), #3353, .T. ) ;
#3429 = ORIENTED_EDGE ( 'NONE', *, *, #4355, .T. ) ;
#3430 = FILL_AREA_STYLE_COLOUR ( '', #5277 ) ;
#3431 =( LENGTH_UNIT ( ) NAMED_UNIT ( * ) SI_UNIT ( .MILLI., .METRE. ) );
#3432 = SURFACE_STYLE_FILL_AREA ( #5002 ) ;
#3433 = CARTESIAN_POINT ( 'NONE',  ( 0.3715286624200000443, 0.2465605095540000236, 0.0000000000000000000 ) ) ;
#3434 = CARTESIAN_POINT ( 'NONE',  ( 0.0000000000000000000, 0.8499999999999999778, 0.8000000000000000444 ) ) ;
#3435 = ORIENTED_EDGE ( 'NONE', *, *, #3063, .F. ) ;
#3436 = DIRECTION ( 'NONE',  ( -0.0000000000000000000, -1.000000000000000000, -0.0000000000000000000 ) ) ;
#3437 = ORIENTED_EDGE ( 'NONE', *, *, #6637, .F. ) ;
#3438 = FACE_OUTER_BOUND ( 'NONE', #2603, .T. ) ;
#3439 = ORIENTED_EDGE ( 'NONE', *, *, #1094, .F. ) ;
#3440 = FILL_AREA_STYLE ('',( #3914 ) ) ;
#3441 = ORIENTED_EDGE ( 'NONE', *, *, #382, .F. ) ;
#3442 = UNCERTAINTY_MEASURE_WITH_UNIT (LENGTH_MEASURE( 1.000000000000000082E-05 ), #4498, 'distance_accuracy_value', 'NONE');
#3443 = PLANE ( 'NONE',  #5807 ) ;
#3444 = STYLED_ITEM ( 'NONE', ( #1849 ), #6430 ) ;
#3445 = DIRECTION ( 'NONE',  ( 0.0000000000000000000, 0.0000000000000000000, -1.000000000000000000 ) ) ;
#3446 = EDGE_CURVE ( 'NONE', #5592, #3037, #5344, .T. ) ;
#3447 = CARTESIAN_POINT ( 'NONE',  ( -1.699999999999999956, -0.3499999999999999223, 0.0000000000000000000 ) ) ;
#3448 = CARTESIAN_POINT ( 'NONE',  ( -0.2995541401269999904, -0.3837579617830000345, 0.0009999999999999998040 ) ) ;
#3449 = ORIENTED_EDGE ( 'NONE', *, *, #515, .F. ) ;
#3450 =( GEOMETRIC_REPRESENTATION_CONTEXT ( 3 ) GLOBAL_UNCERTAINTY_ASSIGNED_CONTEXT ( ( #5516 ) ) GLOBAL_UNIT_ASSIGNED_CONTEXT ( ( #5872, #5908, #2573 ) ) REPRESENTATION_CONTEXT ( 'NONE', 'WORKASPACE' ) );
#3451 = DIRECTION ( 'NONE',  ( 1.000000000000000000, -0.0000000000000000000, 0.0000000000000000000 ) ) ;
#3452 = ORIENTED_EDGE ( 'NONE', *, *, #3378, .T. ) ;
#3453 = CARTESIAN_POINT ( 'NONE',  ( 0.7980254777070000527, 0.07802547770701000196, 0.8000000000000000444 ) ) ;
#3454 = FACE_OUTER_BOUND ( 'NONE', #2121, .T. ) ;
#3455 = STYLED_ITEM ( 'NONE', ( #4351 ), #7199 ) ;
#3456 = EDGE_CURVE ( 'NONE', #5415, #2757, #6264, .T. ) ;
#3457 = VERTEX_POINT ( 'NONE', #4828 ) ;
#3458 = CARTESIAN_POINT ( 'NONE',  ( -0.5100000000000000089, -3.000000000000000061E-17, 0.7990000000000000435 ) ) ;
#3459 = ORIENTED_EDGE ( 'NONE', *, *, #3899, .F. ) ;
#3460 = CARTESIAN_POINT ( 'NONE',  ( -0.1471974522289999920, 0.3083439490450000098, 0.7990000000000000435 ) ) ;
#3461 = FACE_OUTER_BOUND ( 'NONE', #7195, .T. ) ;
#3462 = EDGE_CURVE ( 'NONE', #1158, #1340, #3049, .T. ) ;
#3463 = VECTOR ( 'NONE', #5929, 1000.000000000000000 ) ;
#3464 = VERTEX_POINT ( 'NONE', #226 ) ;
#3465 = CARTESIAN_POINT ( 'NONE',  ( 0.5152229299360000514, 0.4978980891720000690, 0.7990000000000000435 ) ) ;
#3466 = VERTEX_POINT ( 'NONE', #5351 ) ;
#3467 = PLANE ( 'NONE',  #3348 ) ;
#3468 = ORIENTED_EDGE ( 'NONE', *, *, #467, .F. ) ;
#3469 = SURFACE_STYLE_FILL_AREA ( #2203 ) ;
#3470 = ORIENTED_EDGE ( 'NONE', *, *, #4883, .F. ) ;
#3471 = CARTESIAN_POINT ( 'NONE',  ( -0.5196815286620000141, 0.2287261146500000064, 0.0000000000000000000 ) ) ;
#3472 =( NAMED_UNIT ( * ) SI_UNIT ( $, .STERADIAN. ) SOLID_ANGLE_UNIT ( ) );
#3473 = VECTOR ( 'NONE', #1608, 1000.000000000000000 ) ;
#3474 =( LENGTH_UNIT ( ) NAMED_UNIT ( * ) SI_UNIT ( .MILLI., .METRE. ) );
#3475 = SURFACE_STYLE_USAGE ( .BOTH. , #2286 ) ;
#3476 = ORIENTED_EDGE ( 'NONE', *, *, #5398, .T. ) ;
#3477 = CARTESIAN_POINT ( 'NONE',  ( 1.699999999999999956, -0.5500000000000000444, 0.2750000000000000222 ) ) ;
#3478 = CARTESIAN_POINT ( 'NONE',  ( -0.1456687898089999988, 0.4678343949039999727, 0.7990000000000000435 ) ) ;
#3479 = ORIENTED_EDGE ( 'NONE', *, *, #3019, .T. ) ;
#3480 = ORIENTED_EDGE ( 'NONE', *, *, #5474, .F. ) ;
#3481 = VECTOR ( 'NONE', #6657, 1000.000000000000000 ) ;
#3482 = LINE ( 'NONE', #59, #573 ) ;
#3483 = ORIENTED_EDGE ( 'NONE', *, *, #539, .F. ) ;
#3484 = CARTESIAN_POINT ( 'NONE',  ( 0.7338216560510000264, -0.3073248407640000179, 0.001000000000000000021 ) ) ;
#3485 = EDGE_CURVE ( 'NONE', #6522, #4995, #4895, .T. ) ;
#3486 = FACE_OUTER_BOUND ( 'NONE', #6370, .T. ) ;
#3487 = PRESENTATION_LAYER_ASSIGNMENT (  '', '', ( #3277 ) ) ;
#3488 = B_SPLINE_CURVE_WITH_KNOTS ( 'NONE', 3,
 ( #5996, #1463, #7169, #2633 ),
 .UNSPECIFIED., .F., .F.,
 ( 4, 4 ),
 ( 0.0000000000000000000, 1.000000000000000000 ),
 .UNSPECIFIED. ) ;
#3489 = FILL_AREA_STYLE ('',( #5785 ) ) ;
#3490 = ADVANCED_FACE ( 'NONE', ( #3583, #3621 ), #770, .F. ) ;
#3491 = CARTESIAN_POINT ( 'NONE',  ( 0.9386624203819999845, 0.08006369426751999696, 0.7950000000000000400 ) ) ;
#3492 = EDGE_LOOP ( 'NONE', ( #370, #4759, #6505, #5340, #5703, #4391 ) ) ;
#3493 = AXIS2_PLACEMENT_3D ( 'NONE', #951, #5530, #3299 ) ;
#3494 = DIRECTION ( 'NONE',  ( 0.0000000000000000000, 0.0000000000000000000, 1.000000000000000000 ) ) ;
#3495 = ORIENTED_EDGE ( 'NONE', *, *, #1814, .T. ) ;
#3496 = EDGE_CURVE ( 'NONE', #5029, #3319, #1922, .T. ) ;
#3497 = ORIENTED_EDGE ( 'NONE', *, *, #1960, .T. ) ;
#3498 = SURFACE_STYLE_USAGE ( .BOTH. , #2926 ) ;
#3499 = DIRECTION ( 'NONE',  ( 1.299999999999999924E-16, -1.000000000000000000, 0.0000000000000000000 ) ) ;
#3500 = DIRECTION ( 'NONE',  ( -0.0000000000000000000, -1.000000000000000000, -0.0000000000000000000 ) ) ;
#3501 = EDGE_LOOP ( 'NONE', ( #7107, #5566, #2911, #7084 ) ) ;
#3502 = UNCERTAINTY_MEASURE_WITH_UNIT (LENGTH_MEASURE( 1.000000000000000082E-05 ), #4815, 'distance_accuracy_value', 'NONE');
#3503 = EDGE_CURVE ( 'NONE', #6823, #5220, #3014, .T. ) ;
#3504 = B_SPLINE_CURVE_WITH_KNOTS ( 'NONE', 3,
 ( #5841, #928, #6417, #6896 ),
 .UNSPECIFIED., .F., .F.,
 ( 4, 4 ),
 ( 0.0000000000000000000, 1.000000000000000000 ),
 .UNSPECIFIED. ) ;
#3505 = DIRECTION ( 'NONE',  ( -0.0000000000000000000, -0.0000000000000000000, -1.000000000000000000 ) ) ;
#3506 = FACE_OUTER_BOUND ( 'NONE', #6114, .T. ) ;
#3507 = FACE_OUTER_BOUND ( 'NONE', #7227, .T. ) ;
#3508 = COLOUR_RGB ( '',0.8000000000000000444, 0.8000000000000000444, 0.8000000000000000444 ) ;
#3509 = VECTOR ( 'NONE', #4175, 1000.000000000000000 ) ;
#3510 = DIRECTION ( 'NONE',  ( 8.900000000000000652E-16, 0.0000000000000000000, 1.000000000000000000 ) ) ;
#3511 = ORIENTED_EDGE ( 'NONE', *, *, #6946, .T. ) ;
#3512 = CARTESIAN_POINT ( 'NONE',  ( -1.223999999999999977, -0.8499999999999999778, 0.8000000000000000444 ) ) ;
#3513 = ORIENTED_EDGE ( 'NONE', *, *, #4406, .F. ) ;
#3514 = AXIS2_PLACEMENT_3D ( 'NONE', #6972, #2466, #4690 ) ;
#3515 = VECTOR ( 'NONE', #1951, 1000.000000000000000 ) ;
#3516 =( LENGTH_UNIT ( ) NAMED_UNIT ( * ) SI_UNIT ( .MILLI., .METRE. ) );
#3517 = PRESENTATION_LAYER_ASSIGNMENT (  '', '', ( #2948 ) ) ;
#3518 =( NAMED_UNIT ( * ) PLANE_ANGLE_UNIT ( ) SI_UNIT ( $, .RADIAN. ) );
#3519 = ORIENTED_EDGE ( 'NONE', *, *, #1820, .F. ) ;
#3520 = VECTOR ( 'NONE', #2843, 1000.000000000000000 ) ;
#3521 = CARTESIAN_POINT ( 'NONE',  ( 0.7638853503180000892, -0.2970063694269999832, 0.8000000000000000444 ) ) ;
#3522 = CARTESIAN_POINT ( 'NONE',  ( 0.5845222929940000478, -0.3499999999999999778, 0.7990000000000000435 ) ) ;
#3523 = UNCERTAINTY_MEASURE_WITH_UNIT (LENGTH_MEASURE( 1.000000000000000082E-05 ), #5801, 'distance_accuracy_value', 'NONE');
#3524 = ORIENTED_EDGE ( 'NONE', *, *, #1811, .F. ) ;
#3525 = LINE ( 'NONE', #2517, #2475 ) ;
#3526 = CARTESIAN_POINT ( 'NONE',  ( 0.5845222929940000478, 0.3499999999999999778, 0.0009999999999999998040 ) ) ;
#3527 = FACE_OUTER_BOUND ( 'NONE', #3950, .T. ) ;
#3528 = ADVANCED_FACE ( 'NONE', ( #3545 ), #3091, .F. ) ;
#3529 = CARTESIAN_POINT ( 'NONE',  ( -0.3056687898089999744, -0.2358598726109999988, 0.8000000000000000444 ) ) ;
#3530 = B_SPLINE_SURFACE_WITH_KNOTS ( 'NONE', 2, 1, ( 
 ( #2589, #4662 ),
 ( #2550, #4733 ),
 ( #4802, #4113 ) ),
 .UNSPECIFIED., .F., .F., .F.,
 ( 3, 3 ),
 ( 2, 2 ),
 ( 0.0000000000000000000, 1.000000000000000000 ),
 ( 0.0000000000000000000, 1.000000000000000000 ),
 .UNSPECIFIED. ) ;
#3531 = CARTESIAN_POINT ( 'NONE',  ( 7.000000000000000347E-17, 0.8490000000000000879, 0.4000000000000000222 ) ) ;
#3532 = ORIENTED_EDGE ( 'NONE', *, *, #4709, .T. ) ;
#3533 = CARTESIAN_POINT ( 'NONE',  ( 0.7322929936309999777, -0.1594267515920000100, 0.8000000000000000444 ) ) ;
#3534 = ORIENTED_EDGE ( 'NONE', *, *, #1960, .F. ) ;
#3535 = LINE ( 'NONE', #3040, #6037 ) ;
#3536 = ORIENTED_EDGE ( 'NONE', *, *, #1510, .F. ) ;
#3537 = CARTESIAN_POINT ( 'NONE',  ( 0.03216560509553998554, -0.2507643312100000244, 0.0000000000000000000 ) ) ;
#3538 = VECTOR ( 'NONE', #5804, 1000.000000000000000 ) ;
#3539 = EDGE_CURVE ( 'NONE', #472, #919, #4689, .T. ) ;
#3540 = ORIENTED_EDGE ( 'NONE', *, *, #4875, .T. ) ;
#3541 = PRESENTATION_STYLE_ASSIGNMENT (( #184 ) ) ;
#3542 = DIRECTION ( 'NONE',  ( 0.0000000000000000000, 1.000000000000000000, 0.0000000000000000000 ) ) ;
#3543 = ORIENTED_EDGE ( 'NONE', *, *, #3456, .T. ) ;
#3544 = VECTOR ( 'NONE', #6854, 1000.000000000000000 ) ;
#3545 = FACE_OUTER_BOUND ( 'NONE', #5932, .T. ) ;
#3546 = CARTESIAN_POINT ( 'NONE',  ( 0.7322929936309999777, 0.1594267515920000100, 0.005000000000000000104 ) ) ;
#3547 = EDGE_CURVE ( 'NONE', #6958, #7225, #7005, .T. ) ;
#3548 = CARTESIAN_POINT ( 'NONE',  ( 1.199999999999999956, 0.8490000000000000879, 0.4000000000000000222 ) ) ;
#3549 = EDGE_CURVE ( 'NONE', #6478, #5901, #4790, .T. ) ;
#3550 = CARTESIAN_POINT ( 'NONE',  ( 0.4612101910829999873, -0.3209554140129999844, 0.8000000000000000444 ) ) ;
#3551 = CARTESIAN_POINT ( 'NONE',  ( -1.699999999999999956, 1.000000000000000072E-17, 0.8000000000000000444 ) ) ;
#3552 = ORIENTED_EDGE ( 'NONE', *, *, #763, .T. ) ;
#3553 = CARTESIAN_POINT ( 'NONE',  ( -0.1497452229300000048, 0.1578980891719999891, 0.0000000000000000000 ) ) ;
#3554 = FACE_OUTER_BOUND ( 'NONE', #3214, .T. ) ;
#3555 = EDGE_LOOP ( 'NONE', ( #5828, #889, #3866, #4778 ) ) ;
#3556 =( GEOMETRIC_REPRESENTATION_CONTEXT ( 3 ) GLOBAL_UNCERTAINTY_ASSIGNED_CONTEXT ( ( #7140 ) ) GLOBAL_UNIT_ASSIGNED_CONTEXT ( ( #252, #5405, #6256 ) ) REPRESENTATION_CONTEXT ( 'NONE', 'WORKASPACE' ) );
#3557 =( NAMED_UNIT ( * ) SI_UNIT ( $, .STERADIAN. ) SOLID_ANGLE_UNIT ( ) );
#3558 = STYLED_ITEM ( 'NONE', ( #3664 ), #6877 ) ;
#3559 = CARTESIAN_POINT ( 'NONE',  ( -1.699999999999999956, 0.8499999999999999778, 0.0000000000000000000 ) ) ;
#3560 = ORIENTED_EDGE ( 'NONE', *, *, #236, .T. ) ;
#3561 = LINE ( 'NONE', #896, #1526 ) ;
#3562 = DIRECTION ( 'NONE',  ( 0.0000000000000000000, 1.200000000000000024E-16, 1.000000000000000000 ) ) ;
#3563 = ORIENTED_EDGE ( 'NONE', *, *, #956, .T. ) ;
#3564 = CARTESIAN_POINT ( 'NONE',  ( 0.4612101910829999873, -0.3209554140129999844, 0.8000000000000000444 ) ) ;
#3565 = PRESENTATION_STYLE_ASSIGNMENT (( #6913 ) ) ;
#3566 = VECTOR ( 'NONE', #6697, 1000.000000000000000 ) ;
#3567 = CARTESIAN_POINT ( 'NONE',  ( -0.3776857717205792664, 0.4978980818335561054, 0.7990000000000000435 ) ) ;
#3568 = CARTESIAN_POINT ( 'NONE',  ( 1.699999999999999956, 0.8499999999999999778, 0.0000000000000000000 ) ) ;
#3569 = DIRECTION ( 'NONE',  ( 0.0000000000000000000, 0.0000000000000000000, -1.000000000000000000 ) ) ;
#3570 = VERTEX_POINT ( 'NONE', #300 ) ;
#3571 = DIRECTION ( 'NONE',  ( 0.0000000000000000000, -1.000000000000000000, 0.0000000000000000000 ) ) ;
#3572 = ORIENTED_EDGE ( 'NONE', *, *, #5419, .F. ) ;
#3573 = DIRECTION ( 'NONE',  ( -0.0000000000000000000, -0.0000000000000000000, 1.000000000000000000 ) ) ;
#3574 = VERTEX_POINT ( 'NONE', #2537 ) ;
#3575 = SURFACE_SIDE_STYLE ('',( #3115 ) ) ;
#3576 = EDGE_CURVE ( 'NONE', #2368, #6259, #1990, .T. ) ;
#3577 = AXIS2_PLACEMENT_3D ( 'NONE', #2303, #1315, #2335 ) ;
#3578 = VERTEX_POINT ( 'NONE', #5975 ) ;
#3579 = PLANE ( 'NONE',  #4263 ) ;
#3580 = SURFACE_STYLE_USAGE ( .BOTH. , #3008 ) ;
#3581 = ORIENTED_EDGE ( 'NONE', *, *, #6277, .T. ) ;
#3582 = LINE ( 'NONE', #6340, #1359 ) ;
#3583 = FACE_BOUND ( 'NONE', #6182, .T. ) ;
#3584 = ADVANCED_FACE ( 'NONE', ( #4395 ), #7229, .T. ) ;
#3585 = CARTESIAN_POINT ( 'NONE',  ( 1.199999999999999956, 0.8499999999999999778, 0.8000000000000000444 ) ) ;
#3586 = B_SPLINE_CURVE_WITH_KNOTS ( 'NONE', 3,
 ( #2122, #947, #4384, #4930 ),
 .UNSPECIFIED., .F., .F.,
 ( 4, 4 ),
 ( 0.0000000000000000000, 1.000000000000000000 ),
 .UNSPECIFIED. ) ;
#3587 = CARTESIAN_POINT ( 'NONE',  ( 0.4612101910829999873, -0.3209554140129999844, 0.7990000000000000435 ) ) ;
#3588 = EDGE_CURVE ( 'NONE', #2417, #5006, #2643, .T. ) ;
#3589 = CARTESIAN_POINT ( 'NONE',  ( -0.2401061571123333516, -0.3837579617830000345, 0.0000000000000000000 ) ) ;
#3590 = EDGE_LOOP ( 'NONE', ( #73, #4737, #4891, #4190 ) ) ;
#3591 = DIRECTION ( 'NONE',  ( -1.000000000000000000, 0.0000000000000000000, 0.0000000000000000000 ) ) ;
#3592 = DIRECTION ( 'NONE',  ( -1.000000000000000000, 0.0000000000000000000, -0.0000000000000000000 ) ) ;
#3593 = EDGE_CURVE ( 'NONE', #1264, #1941, #5251, .T. ) ;
#3594 = FILL_AREA_STYLE ('',( #6981 ) ) ;
#3595 = SURFACE_STYLE_USAGE ( .BOTH. , #1935 ) ;
#3596 = B_SPLINE_SURFACE_WITH_KNOTS ( 'NONE', 2, 1, ( 
 ( #5825, #2416 ),
 ( #6811, #3465 ),
 ( #683, #214 ) ),
 .UNSPECIFIED., .F., .F., .F.,
 ( 3, 3 ),
 ( 2, 2 ),
 ( 0.0000000000000000000, 1.000000000000000000 ),
 ( 0.0000000000000000000, 1.000000000000000000 ),
 .UNSPECIFIED. ) ;
#3597 = DIRECTION ( 'NONE',  ( 0.0000000000000000000, 1.000000000000000000, 0.0000000000000000000 ) ) ;
#3598 = ORIENTED_EDGE ( 'NONE', *, *, #5885, .T. ) ;
#3599 = FILL_AREA_STYLE ('',( #6391 ) ) ;
#3600 = VECTOR ( 'NONE', #6463, 1000.000000000000000 ) ;
#3601 = PRESENTATION_STYLE_ASSIGNMENT (( #3069 ) ) ;
#3602 = EDGE_LOOP ( 'NONE', ( #1092, #3459, #2646, #4659 ) ) ;
#3603 = CARTESIAN_POINT ( 'NONE',  ( 0.6405732467424574139, -0.3837579566888463245, 0.001000000000000000021 ) ) ;
#3604 = ADVANCED_FACE ( 'NONE', ( #5493 ), #6672, .T. ) ;
#3605 = CARTESIAN_POINT ( 'NONE',  ( 0.7638853503180000892, 0.2970063694269999832, 0.0009999999999999998040 ) ) ;
#3606 = DIRECTION ( 'NONE',  ( 1.000000000000000000, -0.0000000000000000000, 0.0000000000000000000 ) ) ;
#3607 = CARTESIAN_POINT ( 'NONE',  ( -0.006730362191239468855, -0.3463906566455405289, 0.001000000000000000021 ) ) ;
#3608 = VERTEX_POINT ( 'NONE', #2687 ) ;
#3609 = ORIENTED_EDGE ( 'NONE', *, *, #3713, .F. ) ;
#3610 =( GEOMETRIC_REPRESENTATION_CONTEXT ( 3 ) GLOBAL_UNCERTAINTY_ASSIGNED_CONTEXT ( ( #83 ) ) GLOBAL_UNIT_ASSIGNED_CONTEXT ( ( #2637, #396, #1392 ) ) REPRESENTATION_CONTEXT ( 'NONE', 'WORKASPACE' ) );
#3611 = CARTESIAN_POINT ( 'NONE',  ( -0.2873248407640000002, -0.4978980891720000690, 0.0000000000000000000 ) ) ;
#3612 = ORIENTED_EDGE ( 'NONE', *, *, #6247, .F. ) ;
#3613 = CARTESIAN_POINT ( 'NONE',  ( 1.699000000000000288, -0.5500000000000000444, 0.2750000000000000222 ) ) ;
#3614 = VECTOR ( 'NONE', #6454, 1000.000000000000000 ) ;
#3615 = B_SPLINE_CURVE_WITH_KNOTS ( 'NONE', 3,
 ( #3854, #5142, #1164, #3521 ),
 .UNSPECIFIED., .F., .F.,
 ( 4, 4 ),
 ( 0.0000000000000000000, 1.000000000000000000 ),
 .UNSPECIFIED. ) ;
#3616 = VERTEX_POINT ( 'NONE', #2781 ) ;
#3617 = SURFACE_STYLE_FILL_AREA ( #1400 ) ;
#3618 =( NAMED_UNIT ( * ) PLANE_ANGLE_UNIT ( ) SI_UNIT ( $, .RADIAN. ) );
#3619 = ORIENTED_EDGE ( 'NONE', *, *, #6360, .F. ) ;
#3620 = SURFACE_SIDE_STYLE ('',( #4212 ) ) ;
#3621 = FACE_OUTER_BOUND ( 'NONE', #7025, .T. ) ;
#3622 = AXIS2_PLACEMENT_3D ( 'NONE', #7041, #5274, #1288 ) ;
#3623 = LINE ( 'NONE', #5317, #1785 ) ;
#3624 = CARTESIAN_POINT ( 'NONE',  ( 0.03216560509553999941, 0.2507643312100000244, 0.7990000000000000435 ) ) ;
#3625 = SURFACE_SIDE_STYLE ('',( #7145 ) ) ;
#3626 = EDGE_CURVE ( 'NONE', #2440, #6389, #5569, .T. ) ;
#3627 = AXIS2_PLACEMENT_3D ( 'NONE', #6708, #5050, #205 ) ;
#3628 = SURFACE_SIDE_STYLE ('',( #1409 ) ) ;
#3629 = ORIENTED_EDGE ( 'NONE', *, *, #2403, .T. ) ;
#3630 = CARTESIAN_POINT ( 'NONE',  ( 0.4214649681529999969, 0.1619745222929999950, 0.001000000000000000021 ) ) ;
#3631 = CARTESIAN_POINT ( 'NONE',  ( 1.200000000000000178, 0.8400000000000000799, 0.7760000000000000231 ) ) ;
#3632 = CARTESIAN_POINT ( 'NONE',  ( -0.9020000000000000240, 0.8400000000000000799, 0.02400000000000000050 ) ) ;
#3633 = AXIS2_PLACEMENT_3D ( 'NONE', #4485, #5551, #1782 ) ;
#3634 = VECTOR ( 'NONE', #5429, 1000.000000000000000 ) ;
#3635 = PLANE ( 'NONE',  #3185 ) ;
#3636 = EDGE_CURVE ( 'NONE', #3151, #5713, #5422, .T. ) ;
#3637 = CARTESIAN_POINT ( 'NONE',  ( 1.699000000000000288, 0.5500000000000000444, 0.5250000000000000222 ) ) ;
#3638 = EDGE_CURVE ( 'NONE', #4261, #4319, #994, .T. ) ;
#3639 = EDGE_LOOP ( 'NONE', ( #5051, #6783, #2842, #5728 ) ) ;
#3640 = CARTESIAN_POINT ( 'NONE',  ( 0.3592993630569999985, 0.4978980891720000690, 0.7950000000000000400 ) ) ;
#3641 = COLOUR_RGB ( '',0.7098039215686274828, 0.7098039215686274828, 0.7098039215686274828 ) ;
#3642 = VECTOR ( 'NONE', #848, 1000.000000000000000 ) ;
#3643 = CARTESIAN_POINT ( 'NONE',  ( -0.2944585987260000537, -0.3499999999999999778, 0.7990000000000000435 ) ) ;
#3644 = ORIENTED_EDGE ( 'NONE', *, *, #3804, .T. ) ;
#3645 = CARTESIAN_POINT ( 'NONE',  ( 0.4876411680210000488, 0.03473532910594000211, 0.0000000000000000000 ) ) ;
#3646 = CARTESIAN_POINT ( 'NONE',  ( -0.4653290829040575005, 0.3095753634647841479, 0.001000000000000000021 ) ) ;
#3647 = CARTESIAN_POINT ( 'NONE',  ( 0.8576433121019999550, -0.3908917197449999770, 0.0000000000000000000 ) ) ;
#3648 = VECTOR ( 'NONE', #772, 1000.000000000000000 ) ;
#3649 = VECTOR ( 'NONE', #6922, 1000.000000000000000 ) ;
#3650 = CARTESIAN_POINT ( 'NONE',  ( -1.449999999999999956, 0.8499999999999999778, 0.2750000000000000222 ) ) ;
#3651 = EDGE_CURVE ( 'NONE', #4095, #2040, #6523, .T. ) ;
#3652 = EDGE_LOOP ( 'NONE', ( #2963, #800, #6170, #2960 ) ) ;
#3653 = EDGE_LOOP ( 'NONE', ( #2287, #1907, #4943, #1506 ) ) ;
#3654 = VECTOR ( 'NONE', #352, 1000.000000000000000 ) ;
#3655 = STYLED_ITEM ( 'NONE', ( #3968 ), #4320 ) ;
#3656 = DIRECTION ( 'NONE',  ( 0.0000000000000000000, 1.000000000000000000, 0.0000000000000000000 ) ) ;
#3657 = ORIENTED_EDGE ( 'NONE', *, *, #2529, .F. ) ;
#3658 = LINE ( 'NONE', #6961, #3875 ) ;
#3659 = ORIENTED_EDGE ( 'NONE', *, *, #6642, .F. ) ;
#3660 =( NAMED_UNIT ( * ) SI_UNIT ( $, .STERADIAN. ) SOLID_ANGLE_UNIT ( ) );
#3661 =( NAMED_UNIT ( * ) SI_UNIT ( $, .STERADIAN. ) SOLID_ANGLE_UNIT ( ) );
#3662 = ORIENTED_EDGE ( 'NONE', *, *, #2613, .F. ) ;
#3663 = B_SPLINE_SURFACE_WITH_KNOTS ( 'NONE', 2, 1, ( 
 ( #2690, #7159 ),
 ( #379, #4329 ),
 ( #2142, #4368 ) ),
 .UNSPECIFIED., .F., .F., .F.,
 ( 3, 3 ),
 ( 2, 2 ),
 ( 0.0000000000000000000, 1.000000000000000000 ),
 ( 0.0000000000000000000, 1.000000000000000000 ),
 .UNSPECIFIED. ) ;
#3664 = PRESENTATION_STYLE_ASSIGNMENT (( #1404 ) ) ;
#3665 = CARTESIAN_POINT ( 'NONE',  ( -0.2944585987260000537, 0.3499999999999999778, 0.0009999999999999998040 ) ) ;
#3666 = DIRECTION ( 'NONE',  ( 0.0000000000000000000, -1.000000000000000000, -0.0000000000000000000 ) ) ;
#3667 = CARTESIAN_POINT ( 'NONE',  ( -0.1471974522289999920, -0.3083439490450000098, 0.0000000000000000000 ) ) ;
#3668 = VERTEX_POINT ( 'NONE', #3726 ) ;
#3669 = FACE_OUTER_BOUND ( 'NONE', #4106, .T. ) ;
#3670 = CARTESIAN_POINT ( 'NONE',  ( 1.699000000000000288, 0.8499999999999999778, 0.2750000000000000222 ) ) ;
#3671 = CARTESIAN_POINT ( 'NONE',  ( 1.754166666666999941, 0.0000000000000000000, 0.0000000000000000000 ) ) ;
#3672 = AXIS2_PLACEMENT_3D ( 'NONE', #3194, #7008, #4830 ) ;
#3673 = ADVANCED_FACE ( 'NONE', ( #3265 ), #6352, .T. ) ;
#3674 = DIRECTION ( 'NONE',  ( -1.000000000000000000, -0.0000000000000000000, -0.0000000000000000000 ) ) ;
#3675 = LINE ( 'NONE', #1999, #2558 ) ;
#3676 = EDGE_LOOP ( 'NONE', ( #4833, #6184, #4937, #1719 ) ) ;
#3677 = LINE ( 'NONE', #3066, #5609 ) ;
#3678 = COLOUR_RGB ( '',0.8000000000000000444, 0.8000000000000000444, 0.8000000000000000444 ) ;
#3679 = CARTESIAN_POINT ( 'NONE',  ( -1.223999999999999977, -0.8499999999999999778, 0.02400000000000000050 ) ) ;
#3680 = EDGE_LOOP ( 'NONE', ( #3031, #4855, #2628, #6094 ) ) ;
#3681 = CARTESIAN_POINT ( 'NONE',  ( -0.6475796178339999765, 0.7914012738849999229, 0.7990000000000000435 ) ) ;
#3682 = EDGE_CURVE ( 'NONE', #1851, #6237, #4364, .T. ) ;
#3683 = CARTESIAN_POINT ( 'NONE',  ( -0.08401273885350001025, 0.07445859872611999830, 0.7990000000000000435 ) ) ;
#3684 = LINE ( 'NONE', #3650, #3701 ) ;
#3685 = CARTESIAN_POINT ( 'NONE',  ( -0.9249999999999998224, -0.8400000000000000799, 0.02450000000000000094 ) ) ;
#3686 = EDGE_LOOP ( 'NONE', ( #1317, #658, #2696, #4678 ) ) ;
#3687 = UNCERTAINTY_MEASURE_WITH_UNIT (LENGTH_MEASURE( 1.000000000000000082E-05 ), #3356, 'distance_accuracy_value', 'NONE');
#3688 = ORIENTED_EDGE ( 'NONE', *, *, #5757, .F. ) ;
#3689 = VECTOR ( 'NONE', #1921, 1000.000000000000000 ) ;
#3690 = LINE ( 'NONE', #2052, #6719 ) ;
#3691 = CARTESIAN_POINT ( 'NONE',  ( 0.7980254777070000527, -0.07802547770701000196, 0.0009999999999999989366 ) ) ;
#3692 = ADVANCED_FACE ( 'NONE', ( #2170 ), #5010, .T. ) ;
#3693 =( GEOMETRIC_REPRESENTATION_CONTEXT ( 3 ) GLOBAL_UNCERTAINTY_ASSIGNED_CONTEXT ( ( #2953 ) ) GLOBAL_UNIT_ASSIGNED_CONTEXT ( ( #3431, #5078, #6660 ) ) REPRESENTATION_CONTEXT ( 'NONE', 'WORKASPACE' ) );
#3694 = VERTEX_POINT ( 'NONE', #3984 ) ;
#3695 = LINE ( 'NONE', #2610, #748 ) ;
#3696 = DIRECTION ( 'NONE',  ( -0.0000000000000000000, -0.0000000000000000000, 1.000000000000000000 ) ) ;
#3697 = ORIENTED_EDGE ( 'NONE', *, *, #196, .F. ) ;
#3698 = EDGE_LOOP ( 'NONE', ( #5167, #5373, #3407, #5338, #1384, #6520, #534, #5308, #6993, #874, #938, #5088, #5866, #5937 ) ) ;
#3699 = PRESENTATION_STYLE_ASSIGNMENT (( #264 ) ) ;
#3700 = CARTESIAN_POINT ( 'NONE',  ( 1.699000000000000288, 0.8490000000000000879, 0.5250000000000000222 ) ) ;
#3701 = VECTOR ( 'NONE', #1354, 1000.000000000000000 ) ;
#3702 = CARTESIAN_POINT ( 'NONE',  ( 0.3715286624200000443, 0.2465605095540000236, 0.0009999999999999998040 ) ) ;
#3703 = VERTEX_POINT ( 'NONE', #1177 ) ;
#3704 = CARTESIAN_POINT ( 'NONE',  ( 0.4591719745220000926, 0.4652866242040000211, 0.7990000000000000435 ) ) ;
#3705 = DIRECTION ( 'NONE',  ( -0.0000000000000000000, 1.000000000000000000, 0.0000000000000000000 ) ) ;
#3706 = FACE_OUTER_BOUND ( 'NONE', #842, .T. ) ;
#3707 = ORIENTED_EDGE ( 'NONE', *, *, #2221, .F. ) ;
#3708 = DIRECTION ( 'NONE',  ( 0.0000000000000000000, 1.200000000000000024E-16, 1.000000000000000000 ) ) ;
#3709 = ORIENTED_EDGE ( 'NONE', *, *, #3026, .T. ) ;
#3710 = CARTESIAN_POINT ( 'NONE',  ( -0.1497452229300000048, -0.1578980891719999891, 0.7990000000000000435 ) ) ;
#3711 = CARTESIAN_POINT ( 'NONE',  ( -0.2873248407640000002, -0.4978980891720000690, 0.0009999999999999998040 ) ) ;
#3712 = VECTOR ( 'NONE', #5174, 1000.000000000000000 ) ;
#3713 = EDGE_CURVE ( 'NONE', #6554, #721, #1248, .T. ) ;
#3714 = EDGE_LOOP ( 'NONE', ( #7241, #6926, #5381, #2274 ) ) ;
#3715 = CARTESIAN_POINT ( 'NONE',  ( 0.4712314238309042724, -0.3567515869562044029, 0.001000000000000000021 ) ) ;
#3716 = STYLED_ITEM ( 'NONE', ( #4315 ), #1004 ) ;
#3717 = EDGE_CURVE ( 'NONE', #126, #4817, #1218, .T. ) ;
#3718 = ORIENTED_EDGE ( 'NONE', *, *, #3485, .F. ) ;
#3719 = EDGE_CURVE ( 'NONE', #571, #955, #883, .T. ) ;
#3720 = VECTOR ( 'NONE', #1749, 1000.000000000000000 ) ;
#3721 = LINE ( 'NONE', #2570, #6962 ) ;
#3722 = DIRECTION ( 'NONE',  ( -0.0000000000000000000, 2.699999999999999993E-16, 1.000000000000000000 ) ) ;
#3723 = VERTEX_POINT ( 'NONE', #6747 ) ;
#3724 = FACE_OUTER_BOUND ( 'NONE', #1757, .T. ) ;
#3725 = ORIENTED_EDGE ( 'NONE', *, *, #5940, .T. ) ;
#3726 = CARTESIAN_POINT ( 'NONE',  ( -1.199999999999999956, 0.8499999999999999778, 0.1250000000000000000 ) ) ;
#3727 = CARTESIAN_POINT ( 'NONE',  ( 0.05662420382166000188, 0.1222292993630000046, 0.0000000000000000000 ) ) ;
#3728 = ADVANCED_FACE ( 'NONE', ( #6226 ), #448, .T. ) ;
#3729 = CARTESIAN_POINT ( 'NONE',  ( 0.4260509554140000099, -0.3027388535030000605, 0.0000000000000000000 ) ) ;
#3730 = ORIENTED_EDGE ( 'NONE', *, *, #4211, .F. ) ;
#3731 = AXIS2_PLACEMENT_3D ( 'NONE', #5383, #365, #7185 ) ;
#3732 = CARTESIAN_POINT ( 'NONE',  ( -0.08401273885349999637, -0.07993630573248000637, 0.8000000000000000444 ) ) ;
#3733 = CARTESIAN_POINT ( 'NONE',  ( -0.4519108247992459360, -0.4612101837442226238, 0.001000000000000000021 ) ) ;
#3734 = B_SPLINE_CURVE_WITH_KNOTS ( 'NONE', 3,
 ( #2908, #7210, #4730, #5291 ),
 .UNSPECIFIED., .F., .F.,
 ( 4, 4 ),
 ( 0.0000000000000000000, 1.000000000000000000 ),
 .UNSPECIFIED. ) ;
#3735 =( LENGTH_UNIT ( ) NAMED_UNIT ( * ) SI_UNIT ( .MILLI., .METRE. ) );
#3736 = VECTOR ( 'NONE', #1263, 1000.000000000000000 ) ;
#3737 = CARTESIAN_POINT ( 'NONE',  ( 0.7781528662419999742, -0.4443949044590000397, 0.005000000000000000104 ) ) ;
#3738 = CARTESIAN_POINT ( 'NONE',  ( -0.1154352441614000246, 0.3121231422506666187, 0.0000000000000000000 ) ) ;
#3739 = SURFACE_STYLE_USAGE ( .BOTH. , #6026 ) ;
#3740 = CARTESIAN_POINT ( 'NONE',  ( -0.2154777070059999966, -0.2358598726109999988, 0.8000000000000000444 ) ) ;
#3741 = DIRECTION ( 'NONE',  ( 0.0000000000000000000, 1.000000000000000000, -0.0000000000000000000 ) ) ;
#3742 = ORIENTED_EDGE ( 'NONE', *, *, #4491, .F. ) ;
#3743 = FILL_AREA_STYLE_COLOUR ( '', #5044 ) ;
#3744 = DIRECTION ( 'NONE',  ( 0.0000000000000000000, -0.0000000000000000000, 1.000000000000000000 ) ) ;
#3745 = CARTESIAN_POINT ( 'NONE',  ( -0.1935668806156314314, -0.2098726062710083995, 0.7990000000000000435 ) ) ;
#3746 = VECTOR ( 'NONE', #6640, 1000.000000000000000 ) ;
#3747 = CARTESIAN_POINT ( 'NONE',  ( 0.0000000000000000000, -0.8499999999999999778, 0.8000000000000000444 ) ) ;
#3748 = VECTOR ( 'NONE', #440, 1000.000000000000000 ) ;
#3749 = CARTESIAN_POINT ( 'NONE',  ( 0.7638853503180000892, 0.2970063694269999832, 0.005000000000000000104 ) ) ;
#3750 = ORIENTED_EDGE ( 'NONE', *, *, #5583, .F. ) ;
#3751 = UNCERTAINTY_MEASURE_WITH_UNIT (LENGTH_MEASURE( 1.000000000000000082E-05 ), #1835, 'distance_accuracy_value', 'NONE');
#3752 = ORIENTED_EDGE ( 'NONE', *, *, #5614, .F. ) ;
#3753 = CARTESIAN_POINT ( 'NONE',  ( 1.199999999999999956, -0.8489999999999999769, 0.6750000000000000444 ) ) ;
#3754 = VECTOR ( 'NONE', #1764, 1000.000000000000000 ) ;
#3755 = EDGE_CURVE ( 'NONE', #5892, #4434, #5160, .T. ) ;
#3756 = DIRECTION ( 'NONE',  ( -0.0000000000000000000, 1.000000000000000000, 0.0000000000000000000 ) ) ;
#3757 =( GEOMETRIC_REPRESENTATION_CONTEXT ( 3 ) GLOBAL_UNCERTAINTY_ASSIGNED_CONTEXT ( ( #3324 ) ) GLOBAL_UNIT_ASSIGNED_CONTEXT ( ( #6571, #5465, #5399 ) ) REPRESENTATION_CONTEXT ( 'NONE', 'WORKASPACE' ) );
#3758 = ORIENTED_EDGE ( 'NONE', *, *, #3905, .F. ) ;
#3759 = CARTESIAN_POINT ( 'NONE',  ( -0.9249999999999999334, -0.8400000000000000799, 0.7894730880654188265 ) ) ;
#3760 = PLANE ( 'NONE',  #3394 ) ;
#3761 = ORIENTED_EDGE ( 'NONE', *, *, #2845, .F. ) ;
#3762 = ORIENTED_EDGE ( 'NONE', *, *, #257, .T. ) ;
#3763 = EDGE_CURVE ( 'NONE', #1586, #882, #5089, .T. ) ;
#3764 = LINE ( 'NONE', #995, #2625 ) ;
#3765 = B_SPLINE_CURVE_WITH_KNOTS ( 'NONE', 3,
 ( #3150, #6629, #1619, #6044 ),
 .UNSPECIFIED., .F., .F.,
 ( 4, 4 ),
 ( 0.0000000000000000000, 1.000000000000000000 ),
 .UNSPECIFIED. ) ;
#3766 = PRESENTATION_STYLE_ASSIGNMENT (( #1560 ) ) ;
#3767 = ORIENTED_EDGE ( 'NONE', *, *, #927, .T. ) ;
#3768 = CARTESIAN_POINT ( 'NONE',  ( 0.3582802547769999846, 0.1700849256900666684, 0.8000000000000000444 ) ) ;
#3769 = FACE_OUTER_BOUND ( 'NONE', #4767, .T. ) ;
#3770 = EDGE_CURVE ( 'NONE', #6212, #6745, #6293, .T. ) ;
#3771 = DIRECTION ( 'NONE',  ( -1.000000000000000000, -0.0000000000000000000, -0.0000000000000000000 ) ) ;
#3772 = B_SPLINE_SURFACE_WITH_KNOTS ( 'NONE', 2, 1, ( 
 ( #2801, #2972 ),
 ( #6095, #7247 ),
 ( #6688, #158 ) ),
 .UNSPECIFIED., .F., .F., .F.,
 ( 3, 3 ),
 ( 2, 2 ),
 ( 0.0000000000000000000, 1.000000000000000000 ),
 ( 0.0000000000000000000, 1.000000000000000000 ),
 .UNSPECIFIED. ) ;
#3773 = MECHANICAL_DESIGN_GEOMETRIC_PRESENTATION_REPRESENTATION (  '', ( #1334 ), #4140 ) ;
#3774 =( NAMED_UNIT ( * ) PLANE_ANGLE_UNIT ( ) SI_UNIT ( $, .RADIAN. ) );
#3775 = CARTESIAN_POINT ( 'NONE',  ( -0.1456687898089999988, 0.4678343949039999727, 0.7990000000000000435 ) ) ;
#3776 = DIRECTION ( 'NONE',  ( 0.0000000000000000000, -0.0000000000000000000, 1.000000000000000000 ) ) ;
#3777 = CARTESIAN_POINT ( 'NONE',  ( 0.2339490445859999934, 0.6761146496819999685, 0.005000000000000000104 ) ) ;
#3778 = FILL_AREA_STYLE_COLOUR ( '', #5501 ) ;
#3779 = ORIENTED_EDGE ( 'NONE', *, *, #5672, .T. ) ;
#3780 = VECTOR ( 'NONE', #2098, 1000.000000000000000 ) ;
#3781 = CARTESIAN_POINT ( 'NONE',  ( 7.000000000000000347E-17, 0.8490000000000001990, 0.6750000000000000444 ) ) ;
#3782 = FILL_AREA_STYLE_COLOUR ( '', #4359 ) ;
#3783 = CARTESIAN_POINT ( 'NONE',  ( -0.2455414029086313843, -0.2358598674173417453, 0.7990000000000000435 ) ) ;
#3784 =( GEOMETRIC_REPRESENTATION_CONTEXT ( 3 ) GLOBAL_UNCERTAINTY_ASSIGNED_CONTEXT ( ( #2159 ) ) GLOBAL_UNIT_ASSIGNED_CONTEXT ( ( #3258, #1587, #950 ) ) REPRESENTATION_CONTEXT ( 'NONE', 'WORKASPACE' ) );
#3785 = CARTESIAN_POINT ( 'NONE',  ( -1.699000000000000288, -0.8490000000000000879, 0.4000000000000000222 ) ) ;
#3786 = FILL_AREA_STYLE ('',( #1610 ) ) ;
#3787 = ORIENTED_EDGE ( 'NONE', *, *, #7060, .T. ) ;
#3788 = ORIENTED_EDGE ( 'NONE', *, *, #814, .F. ) ;
#3789 =( LENGTH_UNIT ( ) NAMED_UNIT ( * ) SI_UNIT ( .MILLI., .METRE. ) );
#3790 = DIRECTION ( 'NONE',  ( 1.000000000000000000, 0.0000000000000000000, 0.0000000000000000000 ) ) ;
#3791 = VECTOR ( 'NONE', #1815, 1000.000000000000000 ) ;
#3792 = CARTESIAN_POINT ( 'NONE',  ( 0.0000000000000000000, 1.000000000000000072E-17, 0.8000000000000000444 ) ) ;
#3793 = PLANE ( 'NONE',  #4192 ) ;
#3794 = VECTOR ( 'NONE', #4788, 1000.000000000000000 ) ;
#3795 = ORIENTED_EDGE ( 'NONE', *, *, #5803, .T. ) ;
#3796 = FACE_OUTER_BOUND ( 'NONE', #765, .T. ) ;
#3797 = PRESENTATION_STYLE_ASSIGNMENT (( #6046 ) ) ;
#3798 = ORIENTED_EDGE ( 'NONE', *, *, #6192, .T. ) ;
#3799 = FILL_AREA_STYLE ('',( #6634 ) ) ;
#3800 = PRESENTATION_LAYER_ASSIGNMENT (  '', '', ( #68 ) ) ;
#3801 = DIRECTION ( 'NONE',  ( 0.0000000000000000000, 0.0000000000000000000, 1.000000000000000000 ) ) ;
#3802 =( NAMED_UNIT ( * ) PLANE_ANGLE_UNIT ( ) SI_UNIT ( $, .RADIAN. ) );
#3803 = EDGE_LOOP ( 'NONE', ( #2810, #4058, #1763, #6622 ) ) ;
#3804 = EDGE_CURVE ( 'NONE', #2574, #6028, #5679, .T. ) ;
#3805 = CARTESIAN_POINT ( 'NONE',  ( 0.3592993630569999985, 0.3674522292990000105, 0.8000000000000000444 ) ) ;
#3806 = CARTESIAN_POINT ( 'NONE',  ( 0.7338216560510000264, -0.3073248407640000179, 0.001000000000000000021 ) ) ;
#3807 = FILL_AREA_STYLE_COLOUR ( '', #1305 ) ;
#3808 = FACE_OUTER_BOUND ( 'NONE', #3207, .T. ) ;
#3809 = EDGE_CURVE ( 'NONE', #5008, #3916, #2894, .T. ) ;
#3810 = LINE ( 'NONE', #3737, #5949 ) ;
#3811 = DIRECTION ( 'NONE',  ( -0.0000000000000000000, -1.200000000000000024E-16, -1.000000000000000000 ) ) ;
#3812 = CARTESIAN_POINT ( 'NONE',  ( -0.2944585987260000537, 0.3499999999999999778, 0.005000000000000000104 ) ) ;
#3813 = EDGE_CURVE ( 'NONE', #4562, #1103, #6477, .T. ) ;
#3814 = DIRECTION ( 'NONE',  ( -0.0000000000000000000, -2.699999999999999993E-16, -1.000000000000000000 ) ) ;
#3815 = CARTESIAN_POINT ( 'NONE',  ( -0.1497452229300000048, -0.1578980891719999891, 0.7950000000000000400 ) ) ;
#3816 = ORIENTED_EDGE ( 'NONE', *, *, #5833, .T. ) ;
#3817 = LINE ( 'NONE', #5506, #1201 ) ;
#3818 = CARTESIAN_POINT ( 'NONE',  ( 1.699999999999999956, -0.8499999999999999778, 0.2750000000000000222 ) ) ;
#3819 = CARTESIAN_POINT ( 'NONE',  ( -0.1456687898089999988, -0.4678343949039999727, 0.0000000000000000000 ) ) ;
#3820 = CARTESIAN_POINT ( 'NONE',  ( 0.05662420382165998106, 0.08617834394904000384, 0.8000000000000000444 ) ) ;
#3821 = EDGE_CURVE ( 'NONE', #4077, #3241, #4608, .T. ) ;
#3822 = UNCERTAINTY_MEASURE_WITH_UNIT (LENGTH_MEASURE( 1.000000000000000082E-05 ), #2884, 'distance_accuracy_value', 'NONE');
#3823 = ORIENTED_EDGE ( 'NONE', *, *, #5705, .F. ) ;
#3824 = CARTESIAN_POINT ( 'NONE',  ( 1.200000000000000178, -0.8170000000000000595, 0.001000000000000000238 ) ) ;
#3825 =( NAMED_UNIT ( * ) SI_UNIT ( $, .STERADIAN. ) SOLID_ANGLE_UNIT ( ) );
#3826 = CARTESIAN_POINT ( 'NONE',  ( -1.223999999999999977, 0.8499999999999999778, 0.0000000000000000000 ) ) ;
#3827 = DIRECTION ( 'NONE',  ( 0.0000000000000000000, 0.0000000000000000000, 1.000000000000000000 ) ) ;
#3828 = COLOUR_RGB ( '',0.8000000000000000444, 0.8000000000000000444, 0.8000000000000000444 ) ;
#3829 = PLANE ( 'NONE',  #221 ) ;
#3830 = ORIENTED_EDGE ( 'NONE', *, *, #236, .F. ) ;
#3831 = CARTESIAN_POINT ( 'NONE',  ( -0.5196815286620000141, -0.2287261146500000064, 0.7990000000000000435 ) ) ;
#3832 = FACE_OUTER_BOUND ( 'NONE', #6872, .T. ) ;
#3833 = VERTEX_POINT ( 'NONE', #1474 ) ;
#3834 = VECTOR ( 'NONE', #3569, 1000.000000000000000 ) ;
#3835 = ORIENTED_EDGE ( 'NONE', *, *, #72, .T. ) ;
#3836 = CARTESIAN_POINT ( 'NONE',  ( -0.1497452229300000048, 0.1578980891719999891, 0.0000000000000000000 ) ) ;
#3837 = ORIENTED_EDGE ( 'NONE', *, *, #2532, .F. ) ;
#3838 = DIRECTION ( 'NONE',  ( 1.000000000000000000, 0.0000000000000000000, 0.0000000000000000000 ) ) ;
#3839 = CARTESIAN_POINT ( 'NONE',  ( -0.3776857717205792664, -0.4978980818335561054, 0.001000000000000000021 ) ) ;
#3840 = STYLED_ITEM ( 'NONE', ( #3766 ), #1998 ) ;
#3841 = CARTESIAN_POINT ( 'NONE',  ( 0.8938216560509999464, 0.1441401273890000057, 0.005000000000000000104 ) ) ;
#3842 = LINE ( 'NONE', #558, #3079 ) ;
#3843 = ADVANCED_FACE ( 'NONE', ( #255 ), #3004, .F. ) ;
#3844 = CARTESIAN_POINT ( 'NONE',  ( 1.699999999999956657, 0.3500000000002790324, 0.0000000000000000000 ) ) ;
#3845 = COLOUR_RGB ( '',0.0000000000000000000, 0.7843137254901960675, 0.4980392156862745168 ) ;
#3846 = CARTESIAN_POINT ( 'NONE',  ( -0.4814649681529999947, 0.1298726114650000096, 0.0009999999999999998040 ) ) ;
#3847 = EDGE_LOOP ( 'NONE', ( #1296, #564, #5946, #6997 ) ) ;
#3848 = CARTESIAN_POINT ( 'NONE',  ( -0.04681528662420000875, -0.2363694267520000392, 0.7950000000000000400 ) ) ;
#3849 = CARTESIAN_POINT ( 'NONE',  ( 1.199999999999999956, -0.8499999999999999778, 0.6750000000000000444 ) ) ;
#3850 = COLOUR_RGB ( '',0.7098039215686274828, 0.7098039215686274828, 0.7098039215686274828 ) ;
#3851 = CARTESIAN_POINT ( 'NONE',  ( -0.3056687898089999189, -0.2358598726109999988, 0.7990000000000000435 ) ) ;
#3852 = EDGE_CURVE ( 'NONE', #5854, #4287, #3658, .T. ) ;
#3853 = FILL_AREA_STYLE ('',( #1091 ) ) ;
#3854 = CARTESIAN_POINT ( 'NONE',  ( 0.8938216560509999464, -0.1441401273890000057, 0.8000000000000000444 ) ) ;
#3855 = VECTOR ( 'NONE', #5602, 1000.000000000000000 ) ;
#3856 = VERTEX_POINT ( 'NONE', #3537 ) ;
#3857 =( NAMED_UNIT ( * ) PLANE_ANGLE_UNIT ( ) SI_UNIT ( $, .RADIAN. ) );
#3858 = CARTESIAN_POINT ( 'NONE',  ( -1.699000000000000288, -0.6999999999999999556, 0.2750000000000000222 ) ) ;
#3859 = EDGE_CURVE ( 'NONE', #4120, #2111, #181, .T. ) ;
#3860 = LINE ( 'NONE', #4971, #4805 ) ;
#3861 = MECHANICAL_DESIGN_GEOMETRIC_PRESENTATION_REPRESENTATION (  '', ( #709 ), #6807 ) ;
#3862 = EDGE_CURVE ( 'NONE', #259, #6259, #5902, .T. ) ;
#3863 =( GEOMETRIC_REPRESENTATION_CONTEXT ( 3 ) GLOBAL_UNCERTAINTY_ASSIGNED_CONTEXT ( ( #398 ) ) GLOBAL_UNIT_ASSIGNED_CONTEXT ( ( #7217, #3857, #4423 ) ) REPRESENTATION_CONTEXT ( 'NONE', 'WORKASPACE' ) );
#3864 =( NAMED_UNIT ( * ) PLANE_ANGLE_UNIT ( ) SI_UNIT ( $, .RADIAN. ) );
#3865 = FACE_OUTER_BOUND ( 'NONE', #5815, .T. ) ;
#3866 = ORIENTED_EDGE ( 'NONE', *, *, #6642, .T. ) ;
#3867 = DIRECTION ( 'NONE',  ( -0.0000000000000000000, -0.0000000000000000000, 1.000000000000000000 ) ) ;
#3868 =( LENGTH_UNIT ( ) NAMED_UNIT ( * ) SI_UNIT ( .MILLI., .METRE. ) );
#3869 = ORIENTED_EDGE ( 'NONE', *, *, #4809, .F. ) ;
#3870 = VECTOR ( 'NONE', #4792, 1000.000000000000000 ) ;
#3871 = STYLED_ITEM ( 'NONE', ( #3872 ), #3584 ) ;
#3872 = PRESENTATION_STYLE_ASSIGNMENT (( #2200 ) ) ;
#3873 = CARTESIAN_POINT ( 'NONE',  ( 0.7761146452991083411, -0.1081316292490590580, 0.7990000000000000435 ) ) ;
#3874 = VECTOR ( 'NONE', #5917, 1000.000000000000000 ) ;
#3875 = VECTOR ( 'NONE', #6483, 1000.000000000000000 ) ;
#3876 = SURFACE_SIDE_STYLE ('',( #3469 ) ) ;
#3877 =( NAMED_UNIT ( * ) SI_UNIT ( $, .STERADIAN. ) SOLID_ANGLE_UNIT ( ) );
#3878 = B_SPLINE_CURVE_WITH_KNOTS ( 'NONE', 3,
 ( #6404, #6959, #292, #3611 ),
 .UNSPECIFIED., .F., .F.,
 ( 4, 4 ),
 ( 0.0000000000000000000, 1.000000000000000000 ),
 .UNSPECIFIED. ) ;
#3879 = ORIENTED_EDGE ( 'NONE', *, *, #4495, .F. ) ;
#3880 = UNCERTAINTY_MEASURE_WITH_UNIT (LENGTH_MEASURE( 1.000000000000000082E-05 ), #6287, 'distance_accuracy_value', 'NONE');
#3881 = FILL_AREA_STYLE_COLOUR ( '', #1949 ) ;
#3882 = CARTESIAN_POINT ( 'NONE',  ( -0.08401273885349998249, -0.07445859872611500230, 0.0000000000000000000 ) ) ;
#3883 = CARTESIAN_POINT ( 'NONE',  ( -1.199999999999999956, -0.8499999999999999778, 0.6750000000000000444 ) ) ;
#3884 = ORIENTED_EDGE ( 'NONE', *, *, #2913, .T. ) ;
#3885 = DIRECTION ( 'NONE',  ( -0.0000000000000000000, -0.0000000000000000000, 1.000000000000000000 ) ) ;
#3886 = CARTESIAN_POINT ( 'NONE',  ( -0.1050743099786666523, -0.2580679405523333414, 0.0000000000000000000 ) ) ;
#3887 = CARTESIAN_POINT ( 'NONE',  ( 0.3715286624200000443, 0.6761146496819999685, 0.005000000000000000104 ) ) ;
#3888 = VERTEX_POINT ( 'NONE', #4169 ) ;
#3889 = CARTESIAN_POINT ( 'NONE',  ( -1.699999999999999956, 0.8499999999999999778, 0.6750000000000000444 ) ) ;
#3890 = EDGE_CURVE ( 'NONE', #900, #5008, #2018, .T. ) ;
#3891 = FILL_AREA_STYLE ('',( #605 ) ) ;
#3892 =( GEOMETRIC_REPRESENTATION_CONTEXT ( 3 ) GLOBAL_UNCERTAINTY_ASSIGNED_CONTEXT ( ( #4633 ) ) GLOBAL_UNIT_ASSIGNED_CONTEXT ( ( #192, #5725, #1372 ) ) REPRESENTATION_CONTEXT ( 'NONE', 'WORKASPACE' ) );
#3893 = CARTESIAN_POINT ( 'NONE',  ( 0.9386624203819999845, 0.002823779193206657490, 0.0000000000000000000 ) ) ;
#3894 = LINE ( 'NONE', #6541, #3473 ) ;
#3895 = CARTESIAN_POINT ( 'NONE',  ( 0.7638853503180000892, -0.2970063694269999832, 0.8000000000000000444 ) ) ;
#3896 = UNCERTAINTY_MEASURE_WITH_UNIT (LENGTH_MEASURE( 1.000000000000000082E-05 ), #4811, 'distance_accuracy_value', 'NONE');
#3897 = ORIENTED_EDGE ( 'NONE', *, *, #5645, .F. ) ;
#3898 = CARTESIAN_POINT ( 'NONE',  ( -1.699999999999999956, -0.5500000000000000444, 0.5250000000000000222 ) ) ;
#3899 = EDGE_CURVE ( 'NONE', #5448, #5008, #4134, .T. ) ;
#3900 = PRESENTATION_STYLE_ASSIGNMENT (( #5668 ) ) ;
#3901 = DIRECTION ( 'NONE',  ( -1.000000000000000000, 0.0000000000000000000, -0.0000000000000000000 ) ) ;
#3902 = DIRECTION ( 'NONE',  ( 0.0000000000000000000, 0.0000000000000000000, 1.000000000000000000 ) ) ;
#3903 = COLOUR_RGB ( '',0.8000000000000000444, 0.8000000000000000444, 0.8000000000000000444 ) ;
#3904 = DIRECTION ( 'NONE',  ( 0.0000000000000000000, -0.0000000000000000000, 1.000000000000000000 ) ) ;
#3905 = EDGE_CURVE ( 'NONE', #1232, #2306, #5934, .T. ) ;
#3906 =( NAMED_UNIT ( * ) PLANE_ANGLE_UNIT ( ) SI_UNIT ( $, .RADIAN. ) );
#3907 = ORIENTED_EDGE ( 'NONE', *, *, #4709, .F. ) ;
#3908 = PRESENTATION_STYLE_ASSIGNMENT (( #1690 ) ) ;
#3909 = CARTESIAN_POINT ( 'NONE',  ( -0.4814649681529999392, 0.1298726114650000096, 0.001000000000000000021 ) ) ;
#3910 = ORIENTED_EDGE ( 'NONE', *, *, #644, .T. ) ;
#3911 = AXIS2_PLACEMENT_3D ( 'NONE', #7147, #5348, #328 ) ;
#3912 = ADVANCED_FACE ( 'NONE', ( #1323 ), #5477, .T. ) ;
#3913 = ORIENTED_EDGE ( 'NONE', *, *, #4267, .F. ) ;
#3914 = FILL_AREA_STYLE_COLOUR ( '', #2133 ) ;
#3915 = DIRECTION ( 'NONE',  ( 1.000000000000000000, 0.0000000000000000000, 0.0000000000000000000 ) ) ;
#3916 = VERTEX_POINT ( 'NONE', #3042 ) ;
#3917 =( NAMED_UNIT ( * ) PLANE_ANGLE_UNIT ( ) SI_UNIT ( $, .RADIAN. ) );
#3918 = COLOUR_RGB ( '',0.8000000000000000444, 0.8000000000000000444, 0.8000000000000000444 ) ;
#3919 = LINE ( 'NONE', #6126, #5043 ) ;
#3920 = FACE_OUTER_BOUND ( 'NONE', #1726, .T. ) ;
#3921 = VECTOR ( 'NONE', #5751, 1000.000000000000000 ) ;
#3922 = LINE ( 'NONE', #597, #1031 ) ;
#3923 = DIRECTION ( 'NONE',  ( -8.900000000000000652E-16, 0.0000000000000000000, -1.000000000000000000 ) ) ;
#3924 = ORIENTED_EDGE ( 'NONE', *, *, #1231, .T. ) ;
#3925 = CARTESIAN_POINT ( 'NONE',  ( -1.699000000000000288, 0.6999999999999999556, 0.2750000000000000222 ) ) ;
#3926 = CARTESIAN_POINT ( 'NONE',  ( 0.7980254777070000527, -0.07802547770701000196, 0.0000000000000000000 ) ) ;
#3927 = VERTEX_POINT ( 'NONE', #6331 ) ;
#3928 = STYLED_ITEM ( 'NONE', ( #7180 ), #168 ) ;
#3929 = CARTESIAN_POINT ( 'NONE',  ( 1.699999999999999956, 1.000000000000000072E-17, 0.8000000000000000444 ) ) ;
#3930 = CARTESIAN_POINT ( 'NONE',  ( -1.699000000000000288, -0.5500000000000000444, 0.2000000000000000111 ) ) ;
#3931 = CARTESIAN_POINT ( 'NONE',  ( -0.1059235668789999946, -0.1059235668789866303, 0.8000000000000000444 ) ) ;
#3932 = CARTESIAN_POINT ( 'NONE',  ( 0.5845222929940000478, -0.3499999999999999778, 0.8000000000000000444 ) ) ;
#3933 = ORIENTED_EDGE ( 'NONE', *, *, #1680, .F. ) ;
#3934 = CARTESIAN_POINT ( 'NONE',  ( -0.2995541401269999904, 0.3837579617830000345, 0.7990000000000000435 ) ) ;
#3935 =( NAMED_UNIT ( * ) SI_UNIT ( $, .STERADIAN. ) SOLID_ANGLE_UNIT ( ) );
#3936 = CARTESIAN_POINT ( 'NONE',  ( -0.9250000000000000444, 0.8400000000000000799, 0.7894730880654188265 ) ) ;
#3937 = B_SPLINE_CURVE_WITH_KNOTS ( 'NONE', 3,
 ( #3311, #7121, #1075, #5394 ),
 .UNSPECIFIED., .F., .F.,
 ( 4, 4 ),
 ( 0.0000000000000000000, 1.000000000000000000 ),
 .UNSPECIFIED. ) ;
#3938 = EDGE_CURVE ( 'NONE', #2147, #5740, #2528, .T. ) ;
#3939 =( NAMED_UNIT ( * ) PLANE_ANGLE_UNIT ( ) SI_UNIT ( $, .RADIAN. ) );
#3940 = CARTESIAN_POINT ( 'NONE',  ( 0.8311464968153332578, -0.4087261146496666275, 0.0000000000000000000 ) ) ;
#3941 = ORIENTED_EDGE ( 'NONE', *, *, #2882, .F. ) ;
#3942 = DIRECTION ( 'NONE',  ( 0.0000000000000000000, -0.0000000000000000000, -1.000000000000000000 ) ) ;
#3943 = CARTESIAN_POINT ( 'NONE',  ( -0.04681528662420000875, -0.2363694267520000392, 0.7990000000000000435 ) ) ;
#3944 = ORIENTED_EDGE ( 'NONE', *, *, #1824, .T. ) ;
#3945 = CARTESIAN_POINT ( 'NONE',  ( 0.7781528662419999742, -0.4443949044590000397, 0.0009999999999999998040 ) ) ;
#3946 = ORIENTED_EDGE ( 'NONE', *, *, #6234, .T. ) ;
#3947 = DIRECTION ( 'NONE',  ( -1.000000000000000000, 0.0000000000000000000, -0.0000000000000000000 ) ) ;
#3948 = EDGE_CURVE ( 'NONE', #6288, #6203, #218, .T. ) ;
#3949 = EDGE_CURVE ( 'NONE', #3694, #5826, #5944, .T. ) ;
#3950 = EDGE_LOOP ( 'NONE', ( #2965, #2751, #5700, #6560, #5963, #4002, #206, #16, #5600, #2767, #6428, #6257, #3612, #5286, #4347, #4538, #2925, #357, #69, #1832 ) ) ;
#3951 = VECTOR ( 'NONE', #2806, 1000.000000000000000 ) ;
#3952 = DIRECTION ( 'NONE',  ( 0.0000000000000000000, 0.0000000000000000000, -1.000000000000000000 ) ) ;
#3953 = CARTESIAN_POINT ( 'NONE',  ( -0.08401273885349999637, -0.2329299363060000072, 0.0000000000000000000 ) ) ;
#3954 = ORIENTED_EDGE ( 'NONE', *, *, #3626, .F. ) ;
#3955 = UNCERTAINTY_MEASURE_WITH_UNIT (LENGTH_MEASURE( 1.000000000000000082E-05 ), #2123, 'distance_accuracy_value', 'NONE');
#3956 = CARTESIAN_POINT ( 'NONE',  ( -0.2995541401269999904, -0.3837579617830000345, 0.001000000000000000021 ) ) ;
#3957 = CARTESIAN_POINT ( 'NONE',  ( -0.2373885350320000254, -0.4978980891720000690, 0.0000000000000000000 ) ) ;
#3958 = PLANE ( 'NONE',  #3404 ) ;
#3959 = EDGE_CURVE ( 'NONE', #3856, #3037, #3083, .T. ) ;
#3960 = AXIS2_PLACEMENT_3D ( 'NONE', #3531, #6771, #681 ) ;
#3961 = EDGE_CURVE ( 'NONE', #1797, #5564, #4352, .T. ) ;
#3962 = LINE ( 'NONE', #6268, #2449 ) ;
#3963 = CARTESIAN_POINT ( 'NONE',  ( 0.5947133757960000322, 0.4978980891720000690, 0.7990000000000000435 ) ) ;
#3964 = ORIENTED_EDGE ( 'NONE', *, *, #6018, .F. ) ;
#3965 = LINE ( 'NONE', #2257, #3791 ) ;
#3966 =( NAMED_UNIT ( * ) PLANE_ANGLE_UNIT ( ) SI_UNIT ( $, .RADIAN. ) );
#3967 = ORIENTED_EDGE ( 'NONE', *, *, #6699, .F. ) ;
#3968 = PRESENTATION_STYLE_ASSIGNMENT (( #6135 ) ) ;
#3969 = B_SPLINE_CURVE_WITH_KNOTS ( 'NONE', 3,
 ( #2556, #1465, #2448, #6433 ),
 .UNSPECIFIED., .F., .F.,
 ( 4, 4 ),
 ( 0.0000000000000000000, 1.000000000000000000 ),
 .UNSPECIFIED. ) ;
#3970 = LINE ( 'NONE', #6730, #2021 ) ;
#3971 = ORIENTED_EDGE ( 'NONE', *, *, #4506, .F. ) ;
#3972 = DIRECTION ( 'NONE',  ( -1.000000000000000000, 0.0000000000000000000, -0.0000000000000000000 ) ) ;
#3973 = VERTEX_POINT ( 'NONE', #3181 ) ;
#3974 = CARTESIAN_POINT ( 'NONE',  ( 0.5845222929940000478, 0.3499999999999999778, 0.005000000000000000104 ) ) ;
#3975 =( LENGTH_UNIT ( ) NAMED_UNIT ( * ) SI_UNIT ( .MILLI., .METRE. ) );
#3976 = FACE_OUTER_BOUND ( 'NONE', #2445, .T. ) ;
#3977 = CARTESIAN_POINT ( 'NONE',  ( -0.1456687898089999988, -0.4678343949039999727, 0.0009999999999999998040 ) ) ;
#3978 = ORIENTED_EDGE ( 'NONE', *, *, #2802, .T. ) ;
#3979 = CARTESIAN_POINT ( 'NONE',  ( 1.699999999999999956, 0.8499999999999999778, 0.2750000000000000222 ) ) ;
#3980 = PLANE ( 'NONE',  #3627 ) ;
#3981 = ORIENTED_EDGE ( 'NONE', *, *, #6963, .F. ) ;
#3982 = DIRECTION ( 'NONE',  ( -0.0000000000000000000, -1.000000000000000000, -0.0000000000000000000 ) ) ;
#3983 = ORIENTED_EDGE ( 'NONE', *, *, #382, .T. ) ;
#3984 = CARTESIAN_POINT ( 'NONE',  ( -0.2944585987260000537, 0.3499999999999999778, 0.0009999999999999998040 ) ) ;
#3985 = EDGE_CURVE ( 'NONE', #4361, #6373, #6071, .T. ) ;
#3986 = MECHANICAL_DESIGN_GEOMETRIC_PRESENTATION_REPRESENTATION (  '', ( #2125 ), #3863 ) ;
#3987 = AXIS2_PLACEMENT_3D ( 'NONE', #4594, #2404, #6902 ) ;
#3988 = MECHANICAL_DESIGN_GEOMETRIC_PRESENTATION_REPRESENTATION (  '', ( #6215 ), #6459 ) ;
#3989 = ORIENTED_EDGE ( 'NONE', *, *, #4669, .F. ) ;
#3990 =( LENGTH_UNIT ( ) NAMED_UNIT ( * ) SI_UNIT ( .MILLI., .METRE. ) );
#3991 = EDGE_CURVE ( 'NONE', #2111, #1232, #2641, .T. ) ;
#3992 = LINE ( 'NONE', #1704, #5282 ) ;
#3993 = CARTESIAN_POINT ( 'NONE',  ( 0.5814649681529999725, -0.3837579617830000345, 0.0000000000000000000 ) ) ;
#3994 = DIRECTION ( 'NONE',  ( 0.0000000000000000000, 0.0000000000000000000, -1.000000000000000000 ) ) ;
#3995 = ADVANCED_FACE ( 'NONE', ( #5451 ), #5379, .F. ) ;
#3996 = CARTESIAN_POINT ( 'NONE',  ( -0.3056687898089999189, 0.2358598726109999988, 0.001000000000000000021 ) ) ;
#3997 = ORIENTED_EDGE ( 'NONE', *, *, #6177, .F. ) ;
#3998 =( GEOMETRIC_REPRESENTATION_CONTEXT ( 3 ) GLOBAL_UNCERTAINTY_ASSIGNED_CONTEXT ( ( #4998 ) ) GLOBAL_UNIT_ASSIGNED_CONTEXT ( ( #2804, #4005, #20 ) ) REPRESENTATION_CONTEXT ( 'NONE', 'WORKASPACE' ) );
#3999 = VECTOR ( 'NONE', #4004, 1000.000000000000000 ) ;
#4000 = CARTESIAN_POINT ( 'NONE',  ( -1.699000000000000288, 0.5500000000000000444, 0.1250000000000000000 ) ) ;
#4001 = DIRECTION ( 'NONE',  ( -0.0000000000000000000, -0.0000000000000000000, 1.000000000000000000 ) ) ;
#4002 = ORIENTED_EDGE ( 'NONE', *, *, #3682, .F. ) ;
#4003 = ADVANCED_FACE ( 'NONE', ( #3145 ), #2606, .T. ) ;
#4004 = DIRECTION ( 'NONE',  ( 0.0000000000000000000, -0.0000000000000000000, -1.000000000000000000 ) ) ;
#4005 =( NAMED_UNIT ( * ) PLANE_ANGLE_UNIT ( ) SI_UNIT ( $, .RADIAN. ) );
#4006 = CARTESIAN_POINT ( 'NONE',  ( 0.5753503184710000440, -0.2358598726109999988, 0.8000000000000000444 ) ) ;
#4007 = ORIENTED_EDGE ( 'NONE', *, *, #3713, .T. ) ;
#4008 = CARTESIAN_POINT ( 'NONE',  ( 0.1375000000000000111, 0.7914012738850000339, 0.7990000000000000435 ) ) ;
#4009 = EDGE_LOOP ( 'NONE', ( #89, #4559, #3222, #3231 ) ) ;
#4010 = DIRECTION ( 'NONE',  ( -0.0000000000000000000, -0.0000000000000000000, 1.000000000000000000 ) ) ;
#4011 = DIRECTION ( 'NONE',  ( -1.000000000000000000, -0.0000000000000000000, -0.0000000000000000000 ) ) ;
#4012 = FACE_OUTER_BOUND ( 'NONE', #3492, .T. ) ;
#4013 = ORIENTED_EDGE ( 'NONE', *, *, #5243, .T. ) ;
#4014 = PRESENTATION_STYLE_ASSIGNMENT (( #4640 ) ) ;
#4015 = ORIENTED_EDGE ( 'NONE', *, *, #4595, .F. ) ;
#4016 = VERTEX_POINT ( 'NONE', #3826 ) ;
#4017 = PRESENTATION_STYLE_ASSIGNMENT (( #3498 ) ) ;
#4018 = MECHANICAL_DESIGN_GEOMETRIC_PRESENTATION_REPRESENTATION (  '', ( #2860 ), #5314 ) ;
#4019 = COLOUR_RGB ( '',0.0000000000000000000, 0.0000000000000000000, 0.0000000000000000000 ) ;
#4020 = CARTESIAN_POINT ( 'NONE',  ( -0.03560509554139999755, 0.3827388535030000205, 0.7990000000000000435 ) ) ;
#4021 = CARTESIAN_POINT ( 'NONE',  ( 1.199999999999999956, 0.8489999999999999769, 0.02500000000000000486 ) ) ;
#4022 = ORIENTED_EDGE ( 'NONE', *, *, #4718, .F. ) ;
#4023 = UNCERTAINTY_MEASURE_WITH_UNIT (LENGTH_MEASURE( 1.000000000000000082E-05 ), #1955, 'distance_accuracy_value', 'NONE');
#4024 = LINE ( 'NONE', #5, #6618 ) ;
#4025 = LINE ( 'NONE', #3848, #1897 ) ;
#4026 = LINE ( 'NONE', #5206, #1896 ) ;
#4027 = PRESENTATION_LAYER_ASSIGNMENT (  '', '', ( #6964 ) ) ;
#4028 = B_SPLINE_CURVE_WITH_KNOTS ( 'NONE', 3,
 ( #3553, #4151, #6419, #2033 ),
 .UNSPECIFIED., .F., .F.,
 ( 4, 4 ),
 ( 0.0000000000000000000, 1.000000000000000000 ),
 .UNSPECIFIED. ) ;
#4029 = B_SPLINE_CURVE_WITH_KNOTS ( 'NONE', 3,
 ( #5777, #6668, #1898, #1102 ),
 .UNSPECIFIED., .F., .F.,
 ( 4, 4 ),
 ( 0.0000000000000000000, 1.000000000000000000 ),
 .UNSPECIFIED. ) ;
#4030 =( LENGTH_UNIT ( ) NAMED_UNIT ( * ) SI_UNIT ( .MILLI., .METRE. ) );
#4031 = EDGE_CURVE ( 'NONE', #5393, #2647, #4424, .T. ) ;
#4032 = CARTESIAN_POINT ( 'NONE',  ( -0.5100000000000000089, 0.3878343949040000127, 0.8000000000000000444 ) ) ;
#4033 = VERTEX_POINT ( 'NONE', #5633 ) ;
#4034 = CARTESIAN_POINT ( 'NONE',  ( -0.2154777070059999966, 0.2358598726109999988, 0.0000000000000000000 ) ) ;
#4035 = FACE_OUTER_BOUND ( 'NONE', #213, .T. ) ;
#4036 = ORIENTED_EDGE ( 'NONE', *, *, #5121, .T. ) ;
#4037 = SURFACE_STYLE_FILL_AREA ( #3594 ) ;
#4038 = CARTESIAN_POINT ( 'NONE',  ( -0.4554777070059999877, 0.3057961783440000247, 0.7950000000000000400 ) ) ;
#4039 = EDGE_CURVE ( 'NONE', #690, #4562, #2915, .T. ) ;
#4040 = EDGE_CURVE ( 'NONE', #38, #1971, #5041, .T. ) ;
#4041 = ORIENTED_EDGE ( 'NONE', *, *, #4755, .F. ) ;
#4042 = SURFACE_STYLE_USAGE ( .BOTH. , #1789 ) ;
#4043 = B_SPLINE_CURVE_WITH_KNOTS ( 'NONE', 3,
 ( #6718, #625, #1740, #4408 ),
 .UNSPECIFIED., .F., .F.,
 ( 4, 4 ),
 ( 0.0000000000000000000, 1.000000000000000000 ),
 .UNSPECIFIED. ) ;
#4044 = UNCERTAINTY_MEASURE_WITH_UNIT (LENGTH_MEASURE( 1.000000000000000082E-05 ), #3789, 'distance_accuracy_value', 'NONE');
#4045 = ORIENTED_EDGE ( 'NONE', *, *, #2129, .F. ) ;
#4046 = CARTESIAN_POINT ( 'NONE',  ( -1.699999999999999956, 0.8499999999999999778, 0.1250000000000000000 ) ) ;
#4047 = CARTESIAN_POINT ( 'NONE',  ( 0.7322929936309999777, 0.1594267515920000100, 0.0000000000000000000 ) ) ;
#4048 = CARTESIAN_POINT ( 'NONE',  ( 0.5753503184710000440, -0.2358598726109999988, 0.7990000000000000435 ) ) ;
#4049 = EDGE_CURVE ( 'NONE', #552, #7111, #1683, .T. ) ;
#4050 = B_SPLINE_CURVE_WITH_KNOTS ( 'NONE', 3,
 ( #5567, #2198, #7264, #4468 ),
 .UNSPECIFIED., .F., .F.,
 ( 4, 4 ),
 ( 0.0000000000000000000, 1.000000000000000000 ),
 .UNSPECIFIED. ) ;
#4051 = CARTESIAN_POINT ( 'NONE',  ( -0.5079617807901750659, -0.08673035556605641905, 0.7990000000000000435 ) ) ;
#4052 = EDGE_CURVE ( 'NONE', #2671, #2440, #1135, .T. ) ;
#4053 = ORIENTED_EDGE ( 'NONE', *, *, #1676, .F. ) ;
#4054 = ORIENTED_EDGE ( 'NONE', *, *, #6769, .T. ) ;
#4055 = VERTEX_POINT ( 'NONE', #3327 ) ;
#4056 = CARTESIAN_POINT ( 'NONE',  ( 0.7781528662419999742, -0.4443949044590000397, 0.0009999999999999998040 ) ) ;
#4057 = FILL_AREA_STYLE ('',( #6782 ) ) ;
#4058 = ORIENTED_EDGE ( 'NONE', *, *, #2658, .T. ) ;
#4059 = CARTESIAN_POINT ( 'NONE',  ( 0.2339490445859999934, 0.6761146496819999685, 0.0009999999999999998040 ) ) ;
#4060 = CARTESIAN_POINT ( 'NONE',  ( -0.5212101910830000406, 0.08006369426751999696, 0.7990000000000000435 ) ) ;
#4061 = CARTESIAN_POINT ( 'NONE',  ( -0.03560509554139999755, 0.3827388535030000205, 0.7990000000000000435 ) ) ;
#4062 =( GEOMETRIC_REPRESENTATION_CONTEXT ( 3 ) GLOBAL_UNCERTAINTY_ASSIGNED_CONTEXT ( ( #6230 ) ) GLOBAL_UNIT_ASSIGNED_CONTEXT ( ( #5988, #3774, #7240 ) ) REPRESENTATION_CONTEXT ( 'NONE', 'WORKASPACE' ) );
#4063 = CARTESIAN_POINT ( 'NONE',  ( 0.6640127372214297274, -0.4978980856054931459, 0.001000000000000000021 ) ) ;
#4064 = CARTESIAN_POINT ( 'NONE',  ( -0.1011677282378199982, 0.4477919320593333752, 0.8000000000000000444 ) ) ;
#4065 = EDGE_LOOP ( 'NONE', ( #4948, #684, #105, #5480, #5311, #1106 ) ) ;
#4066 = CARTESIAN_POINT ( 'NONE',  ( -0.1497452229300000048, 0.1578980891719999891, 0.0000000000000000000 ) ) ;
#4067 = CARTESIAN_POINT ( 'NONE',  ( -1.699000000000000288, -0.5500000000000000444, 0.2750000000000000222 ) ) ;
#4068 = ORIENTED_EDGE ( 'NONE', *, *, #782, .F. ) ;
#4069 = PRESENTATION_LAYER_ASSIGNMENT (  '', '', ( #4313 ) ) ;
#4070 =( NAMED_UNIT ( * ) SI_UNIT ( $, .STERADIAN. ) SOLID_ANGLE_UNIT ( ) );
#4071 = ADVANCED_FACE ( 'NONE', ( #7255 ), #6251, .T. ) ;
#4072 = SURFACE_SIDE_STYLE ('',( #4111 ) ) ;
#4073 = DIRECTION ( 'NONE',  ( 0.0000000000000000000, 0.0000000000000000000, 1.000000000000000000 ) ) ;
#4074 = ORIENTED_EDGE ( 'NONE', *, *, #2343, .T. ) ;
#4075 =( GEOMETRIC_REPRESENTATION_CONTEXT ( 3 ) GLOBAL_UNCERTAINTY_ASSIGNED_CONTEXT ( ( #5124 ) ) GLOBAL_UNIT_ASSIGNED_CONTEXT ( ( #2808, #533, #6034 ) ) REPRESENTATION_CONTEXT ( 'NONE', 'WORKASPACE' ) );
#4076 = CARTESIAN_POINT ( 'NONE',  ( 1.699999999999999956, -0.8499999999999999778, 0.5250000000000000222 ) ) ;
#4077 = VERTEX_POINT ( 'NONE', #5669 ) ;
#4078 = LINE ( 'NONE', #5299, #595 ) ;
#4079 = SURFACE_SIDE_STYLE ('',( #1862 ) ) ;
#4080 = EDGE_CURVE ( 'NONE', #7132, #6522, #640, .T. ) ;
#4081 =( GEOMETRIC_REPRESENTATION_CONTEXT ( 3 ) GLOBAL_UNCERTAINTY_ASSIGNED_CONTEXT ( ( #5577 ) ) GLOBAL_UNIT_ASSIGNED_CONTEXT ( ( #2629, #2072, #787 ) ) REPRESENTATION_CONTEXT ( 'NONE', 'WORKASPACE' ) );
#4082 = CARTESIAN_POINT ( 'NONE',  ( 1.199999999999999956, -0.8490000000000001990, 0.1250000000000000000 ) ) ;
#4083 = CARTESIAN_POINT ( 'NONE',  ( -0.5100000000000000089, -0.7914012738850000339, 0.0000000000000000000 ) ) ;
#4084 = VERTEX_POINT ( 'NONE', #2885 ) ;
#4085 = AXIS2_PLACEMENT_3D ( 'NONE', #4544, #2346, #1804 ) ;
#4086 = EDGE_CURVE ( 'NONE', #4088, #4603, #6143, .T. ) ;
#4087 = ORIENTED_EDGE ( 'NONE', *, *, #1696, .T. ) ;
#4088 = VERTEX_POINT ( 'NONE', #1236 ) ;
#4089 = CARTESIAN_POINT ( 'NONE',  ( 0.3582802547769999846, -0.08808917197452000025, 0.8000000000000000444 ) ) ;
#4090 = ADVANCED_FACE ( 'NONE', ( #63, #5557, #3461 ), #2373, .F. ) ;
#4091 = COLOUR_RGB ( '',0.8000000000000000444, 0.8000000000000000444, 0.8000000000000000444 ) ;
#4092 = ORIENTED_EDGE ( 'NONE', *, *, #3456, .F. ) ;
#4093 = PRESENTATION_STYLE_ASSIGNMENT (( #1873 ) ) ;
#4094 = PLANE ( 'NONE',  #3622 ) ;
#4095 = VERTEX_POINT ( 'NONE', #5300 ) ;
#4096 = UNCERTAINTY_MEASURE_WITH_UNIT (LENGTH_MEASURE( 1.000000000000000082E-05 ), #3735, 'distance_accuracy_value', 'NONE');
#4097 = LINE ( 'NONE', #1957, #1714 ) ;
#4098 = CARTESIAN_POINT ( 'NONE',  ( 0.5845222929940000478, 0.3499999999999999778, 0.0009999999999999998040 ) ) ;
#4099 = CARTESIAN_POINT ( 'NONE',  ( -1.699999999999999956, -0.5500000000000000444, 0.6750000000000000444 ) ) ;
#4100 = LINE ( 'NONE', #3548, #3538 ) ;
#4101 = VECTOR ( 'NONE', #3274, 1000.000000000000000 ) ;
#4102 = AXIS2_PLACEMENT_3D ( 'NONE', #5761, #189, #3281 ) ;
#4103 = CYLINDRICAL_SURFACE ( 'NONE', #4441, 0.02300000000000000308 ) ;
#4104 = ORIENTED_EDGE ( 'NONE', *, *, #7060, .F. ) ;
#4105 = CARTESIAN_POINT ( 'NONE',  ( 0.3582802589888622324, 0.03645434704050488223, 0.001000000000000000021 ) ) ;
#4106 = EDGE_LOOP ( 'NONE', ( #952, #1064, #5759, #3742 ) ) ;
#4107 = COLOUR_RGB ( '',0.0000000000000000000, 0.3333333333333333148, 0.0000000000000000000 ) ;
#4108 = VECTOR ( 'NONE', #5791, 1000.000000000000000 ) ;
#4109 = DIRECTION ( 'NONE',  ( 0.0000000000000000000, 0.0000000000000000000, 1.000000000000000000 ) ) ;
#4110 = B_SPLINE_CURVE_WITH_KNOTS ( 'NONE', 3,
 ( #3934, #4455, #6250, #3460 ),
 .UNSPECIFIED., .F., .F.,
 ( 4, 4 ),
 ( 0.0000000000000000000, 1.000000000000000000 ),
 .UNSPECIFIED. ) ;
#4111 = SURFACE_STYLE_FILL_AREA ( #1382 ) ;
#4112 = COLOUR_RGB ( '',0.0000000000000000000, 0.0000000000000000000, 0.0000000000000000000 ) ;
#4113 = CARTESIAN_POINT ( 'NONE',  ( 0.7638853503180000892, 0.2970063694269999832, 0.0009999999999999998040 ) ) ;
#4114 = ORIENTED_EDGE ( 'NONE', *, *, #1422, .T. ) ;
#4115 = PRESENTATION_LAYER_ASSIGNMENT (  '', '', ( #1565 ) ) ;
#4116 = CARTESIAN_POINT ( 'NONE',  ( -0.2455414012736666929, 0.2358598726110000265, 0.0000000000000000000 ) ) ;
#4117 = EDGE_CURVE ( 'NONE', #1055, #3006, #4636, .T. ) ;
#4118 = CARTESIAN_POINT ( 'NONE',  ( -0.5212101910830000406, -0.08006369426751999696, 0.0000000000000000000 ) ) ;
#4119 = UNCERTAINTY_MEASURE_WITH_UNIT (LENGTH_MEASURE( 1.000000000000000082E-05 ), #6296, 'distance_accuracy_value', 'NONE');
#4120 = VERTEX_POINT ( 'NONE', #5187 ) ;
#4121 = CARTESIAN_POINT ( 'NONE',  ( -1.449999999999999956, -0.8490000000000000879, 0.4000000000000000222 ) ) ;
#4122 = B_SPLINE_CURVE_WITH_KNOTS ( 'NONE', 3,
 ( #3478, #5731, #2290, #702 ),
 .UNSPECIFIED., .F., .F.,
 ( 4, 4 ),
 ( 0.0000000000000000000, 1.000000000000000000 ),
 .UNSPECIFIED. ) ;
#4123 = CARTESIAN_POINT ( 'NONE',  ( 0.8978980891719999802, -0.2935668789809999790, 0.0009999999999999998040 ) ) ;
#4124 = B_SPLINE_CURVE_WITH_KNOTS ( 'NONE', 3,
 ( #3630, #6899, #4105, #5881 ),
 .UNSPECIFIED., .F., .F.,
 ( 4, 4 ),
 ( 0.0000000000000000000, 1.000000000000000000 ),
 .UNSPECIFIED. ) ;
#4125 = CARTESIAN_POINT ( 'NONE',  ( 0.7638853503180000892, -0.2970063694269999832, 0.8000000000000000444 ) ) ;
#4126 = B_SPLINE_SURFACE_WITH_KNOTS ( 'NONE', 2, 1, ( 
 ( #754, #5857 ),
 ( #3647, #2008 ),
 ( #4637, #4123 ) ),
 .UNSPECIFIED., .F., .F., .F.,
 ( 3, 3 ),
 ( 2, 2 ),
 ( 0.0000000000000000000, 1.000000000000000000 ),
 ( 0.0000000000000000000, 1.000000000000000000 ),
 .UNSPECIFIED. ) ;
#4127 =( NAMED_UNIT ( * ) SI_UNIT ( $, .STERADIAN. ) SOLID_ANGLE_UNIT ( ) );
#4128 = ORIENTED_EDGE ( 'NONE', *, *, #2987, .F. ) ;
#4129 = ADVANCED_FACE ( 'NONE', ( #208 ), #3262, .T. ) ;
#4130 = FACE_OUTER_BOUND ( 'NONE', #2406, .T. ) ;
#4131 = ORIENTED_EDGE ( 'NONE', *, *, #6117, .T. ) ;
#4132 = CARTESIAN_POINT ( 'NONE',  ( -1.699999999999999956, -0.8499999999999999778, 0.5250000000000000222 ) ) ;
#4133 = ORIENTED_EDGE ( 'NONE', *, *, #2212, .F. ) ;
#4134 = LINE ( 'NONE', #325, #4108 ) ;
#4135 = EDGE_CURVE ( 'NONE', #6956, #1120, #5858, .T. ) ;
#4136 = ORIENTED_EDGE ( 'NONE', *, *, #4541, .F. ) ;
#4137 = ADVANCED_FACE ( 'NONE', ( #3486 ), #212, .T. ) ;
#4138 = LINE ( 'NONE', #5200, #3284 ) ;
#4139 = ORIENTED_EDGE ( 'NONE', *, *, #503, .F. ) ;
#4140 =( GEOMETRIC_REPRESENTATION_CONTEXT ( 3 ) GLOBAL_UNCERTAINTY_ASSIGNED_CONTEXT ( ( #464 ) ) GLOBAL_UNIT_ASSIGNED_CONTEXT ( ( #5943, #2539, #957 ) ) REPRESENTATION_CONTEXT ( 'NONE', 'WORKASPACE' ) );
#4141 = CARTESIAN_POINT ( 'NONE',  ( -0.1497452229300000048, -0.1578980891719999891, 0.7990000000000000435 ) ) ;
#4142 = CARTESIAN_POINT ( 'NONE',  ( 0.7071549887769754683, 0.3323354529411548519, 0.001000000000000000021 ) ) ;
#4143 = PRESENTATION_STYLE_ASSIGNMENT (( #159 ) ) ;
#4144 = B_SPLINE_CURVE_WITH_KNOTS ( 'NONE', 3,
 ( #4926, #5554, #4888, #2158 ),
 .UNSPECIFIED., .F., .F.,
 ( 4, 4 ),
 ( 0.0000000000000000000, 1.000000000000000000 ),
 .UNSPECIFIED. ) ;
#4145 = CARTESIAN_POINT ( 'NONE',  ( -0.2995541401269999904, 0.3837579617830000345, 0.8000000000000000444 ) ) ;
#4146 = VECTOR ( 'NONE', #5601, 1000.000000000000000 ) ;
#4147 = CARTESIAN_POINT ( 'NONE',  ( 7.000000000000000347E-17, 0.8490000000000000879, 0.5250000000000000222 ) ) ;
#4148 = ADVANCED_FACE ( 'NONE', ( #4196 ), #6009, .T. ) ;
#4149 = CARTESIAN_POINT ( 'NONE',  ( -0.08401273885349998249, 0.07445859872611500230, 0.8000000000000000444 ) ) ;
#4150 = ORIENTED_EDGE ( 'NONE', *, *, #1050, .T. ) ;
#4151 = CARTESIAN_POINT ( 'NONE',  ( -0.1059235668789999946, 0.1059235668789866303, 0.0000000000000000000 ) ) ;
#4152 = LINE ( 'NONE', #4695, #4794 ) ;
#4153 = COLOUR_RGB ( '',0.0000000000000000000, 0.0000000000000000000, 0.0000000000000000000 ) ;
#4154 = PRESENTATION_LAYER_ASSIGNMENT (  '', '', ( #2288 ) ) ;
#4155 = CARTESIAN_POINT ( 'NONE',  ( -0.5196815286620000141, -0.2287261146500000064, 0.7990000000000000435 ) ) ;
#4156 = ORIENTED_EDGE ( 'NONE', *, *, #5117, .T. ) ;
#4157 = CARTESIAN_POINT ( 'NONE',  ( -0.1935668789806667123, 0.2098726114646666530, 0.0000000000000000000 ) ) ;
#4158 = DIRECTION ( 'NONE',  ( -0.0000000000000000000, 1.000000000000000000, -0.0000000000000000000 ) ) ;
#4159 = ORIENTED_EDGE ( 'NONE', *, *, #555, .F. ) ;
#4160 = CARTESIAN_POINT ( 'NONE',  ( 0.5157324840760000306, -0.3499999999999999778, 0.7990000000000000435 ) ) ;
#4161 = CARTESIAN_POINT ( 'NONE',  ( 0.1375000000000000111, 3.000000000000000061E-17, 0.001000000000000000021 ) ) ;
#4162 = VECTOR ( 'NONE', #1105, 1000.000000000000000 ) ;
#4163 = CARTESIAN_POINT ( 'NONE',  ( 0.7638853503180000892, 0.2970063694269999832, 0.0000000000000000000 ) ) ;
#4164 = DIRECTION ( 'NONE',  ( -0.0000000000000000000, -0.0000000000000000000, -1.000000000000000000 ) ) ;
#4165 = PRESENTATION_STYLE_ASSIGNMENT (( #6955 ) ) ;
#4166 = ORIENTED_EDGE ( 'NONE', *, *, #3208, .F. ) ;
#4167 = ORIENTED_EDGE ( 'NONE', *, *, #4935, .F. ) ;
#4168 = ORIENTED_EDGE ( 'NONE', *, *, #1568, .F. ) ;
#4169 = CARTESIAN_POINT ( 'NONE',  ( -0.5100000000000000089, 0.7914012738850000339, 0.7990000000000000435 ) ) ;
#4170 = EDGE_CURVE ( 'NONE', #986, #3694, #4185, .T. ) ;
#4171 = ORIENTED_EDGE ( 'NONE', *, *, #7179, .F. ) ;
#4172 = FACE_OUTER_BOUND ( 'NONE', #5275, .T. ) ;
#4173 = EDGE_LOOP ( 'NONE', ( #5099, #5636, #1511, #3709, #136, #1661, #5198 ) ) ;
#4174 = ADVANCED_FACE ( 'NONE', ( #867 ), #2484, .T. ) ;
#4175 = DIRECTION ( 'NONE',  ( -1.000000000000000000, -0.0000000000000000000, -0.0000000000000000000 ) ) ;
#4176 = CARTESIAN_POINT ( 'NONE',  ( -0.4653290870486667119, 0.3095753715499999226, 0.0000000000000000000 ) ) ;
#4177 = ADVANCED_FACE ( 'NONE', ( #5958 ), #5926, .T. ) ;
#4178 = CARTESIAN_POINT ( 'NONE',  ( 0.4938216560509999797, 0.3837579617830000345, 0.8000000000000000444 ) ) ;
#4179 =( LENGTH_UNIT ( ) NAMED_UNIT ( * ) SI_UNIT ( .MILLI., .METRE. ) );
#4180 = CARTESIAN_POINT ( 'NONE',  ( -0.3056687898089999744, -0.2358598726109999988, 0.7950000000000000400 ) ) ;
#4181 = ORIENTED_EDGE ( 'NONE', *, *, #6140, .T. ) ;
#4182 = CARTESIAN_POINT ( 'NONE',  ( 0.5845222929940000478, 0.3499999999999999778, 0.0009999999999999998040 ) ) ;
#4183 = CARTESIAN_POINT ( 'NONE',  ( -0.3056687898089999744, -0.2358598726109999988, 0.8000000000000000444 ) ) ;
#4184 = EDGE_CURVE ( 'NONE', #1913, #6916, #6064, .T. ) ;
#4185 = B_SPLINE_CURVE_WITH_KNOTS ( 'NONE', 3,
 ( #3033, #3646, #2447, #4670 ),
 .UNSPECIFIED., .F., .F.,
 ( 4, 4 ),
 ( 0.0000000000000000000, 1.000000000000000000 ),
 .UNSPECIFIED. ) ;
#4186 = CARTESIAN_POINT ( 'NONE',  ( -0.6475796178339999765, 0.7914012738849999229, 0.8000000000000000444 ) ) ;
#4187 = ADVANCED_FACE ( 'NONE', ( #3282 ), #5420, .T. ) ;
#4188 = STYLED_ITEM ( 'NONE', ( #10 ), #907 ) ;
#4189 = CARTESIAN_POINT ( 'NONE',  ( -0.4814649681529999947, -0.1298726114650000096, 0.7950000000000000400 ) ) ;
#4190 = ORIENTED_EDGE ( 'NONE', *, *, #4894, .T. ) ;
#4191 = SURFACE_STYLE_FILL_AREA ( #3599 ) ;
#4192 = AXIS2_PLACEMENT_3D ( 'NONE', #1140, #6665, #1651 ) ;
#4193 = DIRECTION ( 'NONE',  ( 0.0000000000000000000, 0.0000000000000000000, 1.000000000000000000 ) ) ;
#4194 = ORIENTED_EDGE ( 'NONE', *, *, #3154, .T. ) ;
#4195 = CARTESIAN_POINT ( 'NONE',  ( 0.5386624213347637191, 0.3499999980642617969, 0.001000000000000000021 ) ) ;
#4196 = FACE_OUTER_BOUND ( 'NONE', #1100, .T. ) ;
#4197 = FILL_AREA_STYLE ('',( #3107 ) ) ;
#4198 = COLOUR_RGB ( '',0.7098039215686274828, 0.7098039215686274828, 0.7098039215686274828 ) ;
#4199 = CARTESIAN_POINT ( 'NONE',  ( -0.2103821656050000044, 0.3837579617830000345, 0.7990000000000000435 ) ) ;
#4200 = FACE_OUTER_BOUND ( 'NONE', #2645, .T. ) ;
#4201 = EDGE_LOOP ( 'NONE', ( #5238, #1817, #4454, #414, #3884, #608 ) ) ;
#4202 = VERTEX_POINT ( 'NONE', #2667 ) ;
#4203 = VECTOR ( 'NONE', #5075, 1000.000000000000000 ) ;
#4204 = CARTESIAN_POINT ( 'NONE',  ( -1.699999999999999956, 0.8499999999999999778, 0.0000000000000000000 ) ) ;
#4205 = ORIENTED_EDGE ( 'NONE', *, *, #4080, .T. ) ;
#4206 =( NAMED_UNIT ( * ) PLANE_ANGLE_UNIT ( ) SI_UNIT ( $, .RADIAN. ) );
#4207 =( GEOMETRIC_REPRESENTATION_CONTEXT ( 3 ) GLOBAL_UNCERTAINTY_ASSIGNED_CONTEXT ( ( #4273 ) ) GLOBAL_UNIT_ASSIGNED_CONTEXT ( ( #1295, #628, #5131 ) ) REPRESENTATION_CONTEXT ( 'NONE', 'WORKASPACE' ) );
#4208 = EDGE_LOOP ( 'NONE', ( #4438, #5178, #510, #3788 ) ) ;
#4209 = CARTESIAN_POINT ( 'NONE',  ( -1.699999999999999956, -0.5500000000000000444, 0.2750000000000000222 ) ) ;
#4210 = ORIENTED_EDGE ( 'NONE', *, *, #318, .F. ) ;
#4211 = EDGE_CURVE ( 'NONE', #3373, #2418, #2732, .T. ) ;
#4212 = SURFACE_STYLE_FILL_AREA ( #6970 ) ;
#4213 = CARTESIAN_POINT ( 'NONE',  ( -1.699999999999999956, 0.8499999999999999778, 0.2750000000000000222 ) ) ;
#4214 =( GEOMETRIC_REPRESENTATION_CONTEXT ( 3 ) GLOBAL_UNCERTAINTY_ASSIGNED_CONTEXT ( ( #4777 ) ) GLOBAL_UNIT_ASSIGNED_CONTEXT ( ( #4716, #3618, #2534 ) ) REPRESENTATION_CONTEXT ( 'NONE', 'WORKASPACE' ) );
#4215 = CARTESIAN_POINT ( 'NONE',  ( 1.754166666666999941, 0.0000000000000000000, 0.8000000000000000444 ) ) ;
#4216 = CARTESIAN_POINT ( 'NONE',  ( -1.199999999999999956, -0.8499999999999999778, 0.7760000000000000231 ) ) ;
#4217 = STYLED_ITEM ( 'NONE', ( #166 ), #2668 ) ;
#4218 = CARTESIAN_POINT ( 'NONE',  ( 0.5417197452226667487, -0.4978980891720000690, 0.0000000000000000000 ) ) ;
#4219 = VERTEX_POINT ( 'NONE', #3137 ) ;
#4220 = ADVANCED_FACE ( 'NONE', ( #4235 ), #4303, .T. ) ;
#4221 = CARTESIAN_POINT ( 'NONE',  ( -0.5100000000000000089, -0.3878343949040000127, 0.0009999999999999998040 ) ) ;
#4222 = PLANE ( 'NONE',  #1541 ) ;
#4223 = DIRECTION ( 'NONE',  ( 0.0000000000000000000, -1.000000000000000000, 0.0000000000000000000 ) ) ;
#4224 = AXIS2_PLACEMENT_3D ( 'NONE', #1003, #7123, #964 ) ;
#4225 = CARTESIAN_POINT ( 'NONE',  ( 1.699999999999999956, -0.5500000000000000444, 0.1250000000000000000 ) ) ;
#4226 = CARTESIAN_POINT ( 'NONE',  ( 0.8938216560509999464, -0.1441401273890000057, 0.7950000000000000400 ) ) ;
#4227 = EDGE_LOOP ( 'NONE', ( #3260, #1523, #6805, #2169 ) ) ;
#4228 = DIRECTION ( 'NONE',  ( 0.0000000000000000000, 1.200000000000000024E-16, 1.000000000000000000 ) ) ;
#4229 = VECTOR ( 'NONE', #574, 1000.000000000000000 ) ;
#4230 = EDGE_CURVE ( 'NONE', #673, #1941, #4342, .T. ) ;
#4231 =( GEOMETRIC_REPRESENTATION_CONTEXT ( 3 ) GLOBAL_UNCERTAINTY_ASSIGNED_CONTEXT ( ( #4856 ) ) GLOBAL_UNIT_ASSIGNED_CONTEXT ( ( #4301, #5441, #5168 ) ) REPRESENTATION_CONTEXT ( 'NONE', 'WORKASPACE' ) );
#4232 = CARTESIAN_POINT ( 'NONE',  ( 0.3592993630569999985, 0.4978980891720000690, 0.7950000000000000400 ) ) ;
#4233 = ORIENTED_EDGE ( 'NONE', *, *, #2261, .T. ) ;
#4234 = FACE_OUTER_BOUND ( 'NONE', #6053, .T. ) ;
#4235 = FACE_OUTER_BOUND ( 'NONE', #993, .T. ) ;
#4236 = FACE_OUTER_BOUND ( 'NONE', #1984, .T. ) ;
#4237 = COLOUR_RGB ( '',0.0000000000000000000, 0.7843137254901960675, 0.4980392156862745168 ) ;
#4238 = CARTESIAN_POINT ( 'NONE',  ( 0.03216560509553998554, 0.2507643312100000244, 0.8000000000000000444 ) ) ;
#4239 = VERTEX_POINT ( 'NONE', #2875 ) ;
#4240 = EDGE_LOOP ( 'NONE', ( #7254, #1471, #4881, #7039 ) ) ;
#4241 = CARTESIAN_POINT ( 'NONE',  ( -0.9020000000000000240, 0.8170000000000000595, 0.001000000000000000671 ) ) ;
#4242 = FILL_AREA_STYLE_COLOUR ( '', #3116 ) ;
#4243 = DIRECTION ( 'NONE',  ( -0.0000000000000000000, -0.0000000000000000000, -1.000000000000000000 ) ) ;
#4244 = ORIENTED_EDGE ( 'NONE', *, *, #60, .F. ) ;
#4245 = B_SPLINE_CURVE_WITH_KNOTS ( 'NONE', 3,
 ( #94, #1267, #2367, #23 ),
 .UNSPECIFIED., .F., .F.,
 ( 4, 4 ),
 ( 0.0000000000000000000, 1.000000000000000000 ),
 .UNSPECIFIED. ) ;
#4246 = DIRECTION ( 'NONE',  ( 0.0000000000000000000, 0.0000000000000000000, -1.000000000000000000 ) ) ;
#4247 = EDGE_LOOP ( 'NONE', ( #2216, #3085, #5175, #5880 ) ) ;
#4248 = PRODUCT_DEFINITION_SHAPE ( 'NONE', 'NONE',  #1193 ) ;
#4249 = CARTESIAN_POINT ( 'NONE',  ( 1.199999999999999956, 0.8499999999999999778, 0.6750000000000000444 ) ) ;
#4250 = ORIENTED_EDGE ( 'NONE', *, *, #5697, .F. ) ;
#4251 = DIRECTION ( 'NONE',  ( -0.0000000000000000000, -0.0000000000000000000, -1.000000000000000000 ) ) ;
#4252 = CARTESIAN_POINT ( 'NONE',  ( -1.449999999999999956, 0.8499999999999999778, 0.5250000000000000222 ) ) ;
#4253 = FACE_OUTER_BOUND ( 'NONE', #6366, .T. ) ;
#4254 = LINE ( 'NONE', #854, #3614 ) ;
#4255 = ORIENTED_EDGE ( 'NONE', *, *, #6966, .F. ) ;
#4256 = CARTESIAN_POINT ( 'NONE',  ( 0.9386624203819999845, 0.08006369426751999696, 0.7990000000000000435 ) ) ;
#4257 = CARTESIAN_POINT ( 'NONE',  ( 0.4260509554140000099, 0.3027388535030000605, 0.8000000000000000444 ) ) ;
#4258 = VECTOR ( 'NONE', #5608, 1000.000000000000000 ) ;
#4259 = EDGE_CURVE ( 'NONE', #2027, #5132, #1641, .T. ) ;
#4260 = CARTESIAN_POINT ( 'NONE',  ( 0.7251592356686665797, 0.4800636942676667074, 0.8000000000000000444 ) ) ;
#4261 = VERTEX_POINT ( 'NONE', #6691 ) ;
#4262 = CARTESIAN_POINT ( 'NONE',  ( -0.4992993586750184010, -0.2538216513978231448, 0.001000000000000000021 ) ) ;
#4263 = AXIS2_PLACEMENT_3D ( 'NONE', #6043, #1025, #4283 ) ;
#4264 = DIRECTION ( 'NONE',  ( -1.000000000000000000, 0.0000000000000000000, 0.0000000000000000000 ) ) ;
#4265 = LINE ( 'NONE', #5365, #356 ) ;
#4266 = ORIENTED_EDGE ( 'NONE', *, *, #1200, .F. ) ;
#4267 = EDGE_CURVE ( 'NONE', #1856, #5964, #788, .T. ) ;
#4268 = CARTESIAN_POINT ( 'NONE',  ( -0.2124203821660000102, -0.4978980891720000690, 0.0000000000000000000 ) ) ;
#4269 = EDGE_CURVE ( 'NONE', #2199, #6212, #1228, .T. ) ;
#4270 = CARTESIAN_POINT ( 'NONE',  ( -0.2995541401269999904, 0.3837579617830000345, 0.8000000000000000444 ) ) ;
#4271 = SURFACE_STYLE_FILL_AREA ( #3077 ) ;
#4272 = ORIENTED_EDGE ( 'NONE', *, *, #4086, .T. ) ;
#4273 = UNCERTAINTY_MEASURE_WITH_UNIT (LENGTH_MEASURE( 1.000000000000000082E-05 ), #1295, 'distance_accuracy_value', 'NONE');
#4274 = ORIENTED_EDGE ( 'NONE', *, *, #498, .T. ) ;
#4275 = AXIS2_PLACEMENT_3D ( 'NONE', #7083, #3303, #6521 ) ;
#4276 = DIRECTION ( 'NONE',  ( -1.000000000000000000, 0.0000000000000000000, 0.0000000000000000000 ) ) ;
#4277 = FACE_OUTER_BOUND ( 'NONE', #1046, .T. ) ;
#4278 = FILL_AREA_STYLE ('',( #2054 ) ) ;
#4279 = EDGE_CURVE ( 'NONE', #177, #3833, #3423, .T. ) ;
#4280 = ADVANCED_FACE ( 'NONE', ( #5626 ), #861, .T. ) ;
#4281 = COLOUR_RGB ( '',1.000000000000000000, 1.000000000000000000, 1.000000000000000000 ) ;
#4282 = ORIENTED_EDGE ( 'NONE', *, *, #1696, .F. ) ;
#4283 = DIRECTION ( 'NONE',  ( 1.299999999999999924E-16, -1.000000000000000000, 0.0000000000000000000 ) ) ;
#4284 = CARTESIAN_POINT ( 'NONE',  ( -1.699000000000000288, -0.6999999999999999556, 0.1250000000000000000 ) ) ;
#4285 = ORIENTED_EDGE ( 'NONE', *, *, #3862, .T. ) ;
#4286 = LINE ( 'NONE', #4826, #3345 ) ;
#4287 = VERTEX_POINT ( 'NONE', #3849 ) ;
#4288 = DIRECTION ( 'NONE',  ( 1.000000000000000000, 0.0000000000000000000, -0.0000000000000000000 ) ) ;
#4289 = CARTESIAN_POINT ( 'NONE',  ( -0.1471974522289999920, 0.3083439490450000098, 0.7950000000000000400 ) ) ;
#4290 = DIRECTION ( 'NONE',  ( -1.000000000000000000, 0.0000000000000000000, 0.0000000000000000000 ) ) ;
#4291 = ORIENTED_EDGE ( 'NONE', *, *, #5197, .F. ) ;
#4292 = CARTESIAN_POINT ( 'NONE',  ( -0.1497452229300000048, -0.1578980891719999891, 0.8000000000000000444 ) ) ;
#4293 = DIRECTION ( 'NONE',  ( -1.000000000000000000, -0.0000000000000000000, -0.0000000000000000000 ) ) ;
#4294 = PLANE ( 'NONE',  #6227 ) ;
#4295 = PRESENTATION_STYLE_ASSIGNMENT (( #2627 ) ) ;
#4296 = ORIENTED_EDGE ( 'NONE', *, *, #4946, .F. ) ;
#4297 = CARTESIAN_POINT ( 'NONE',  ( -0.6475796178339999765, -0.7914012738849999229, 0.005000000000000000104 ) ) ;
#4298 = CARTESIAN_POINT ( 'NONE',  ( 1.199999999999999956, 0.8400000000000000799, 0.02400000000000000050 ) ) ;
#4299 = CARTESIAN_POINT ( 'NONE',  ( -1.699999999999999956, -0.5500000000000000444, 0.2750000000000000222 ) ) ;
#4300 = ORIENTED_EDGE ( 'NONE', *, *, #824, .T. ) ;
#4301 =( LENGTH_UNIT ( ) NAMED_UNIT ( * ) SI_UNIT ( .MILLI., .METRE. ) );
#4302 = EDGE_CURVE ( 'NONE', #7100, #5470, #5031, .T. ) ;
#4303 = PLANE ( 'NONE',  #6934 ) ;
#4304 = SURFACE_STYLE_FILL_AREA ( #942 ) ;
#4305 = LINE ( 'NONE', #4381, #4306 ) ;
#4306 = VECTOR ( 'NONE', #5512, 1000.000000000000000 ) ;
#4307 = B_SPLINE_SURFACE_WITH_KNOTS ( 'NONE', 2, 1, ( 
 ( #6680, #86 ),
 ( #593, #2791 ),
 ( #2867, #2181 ) ),
 .UNSPECIFIED., .F., .F., .F.,
 ( 3, 3 ),
 ( 2, 2 ),
 ( 0.0000000000000000000, 1.000000000000000000 ),
 ( 0.0000000000000000000, 1.000000000000000000 ),
 .UNSPECIFIED. ) ;
#4308 = SURFACE_SIDE_STYLE ('',( #4271 ) ) ;
#4309 = ORIENTED_EDGE ( 'NONE', *, *, #5800, .F. ) ;
#4310 = ORIENTED_EDGE ( 'NONE', *, *, #503, .T. ) ;
#4311 = SURFACE_SIDE_STYLE ('',( #2085 ) ) ;
#4312 = EDGE_CURVE ( 'NONE', #253, #1950, #2803, .T. ) ;
#4313 = STYLED_ITEM ( 'NONE', ( #2855 ), #1060 ) ;
#4314 = EDGE_CURVE ( 'NONE', #2524, #253, #6241, .T. ) ;
#4315 = PRESENTATION_STYLE_ASSIGNMENT (( #1964 ) ) ;
#4316 = ORIENTED_EDGE ( 'NONE', *, *, #4052, .T. ) ;
#4317 = STYLED_ITEM ( 'NONE', ( #5890 ), #1592 ) ;
#4318 = DIRECTION ( 'NONE',  ( 0.0000000000000000000, -0.0000000000000000000, -1.000000000000000000 ) ) ;
#4319 = VERTEX_POINT ( 'NONE', #7249 ) ;
#4320 = ADVANCED_FACE ( 'NONE', ( #6098 ), #19, .T. ) ;
#4321 = CARTESIAN_POINT ( 'NONE',  ( -1.449999999999999956, 0.8490000000000000879, 0.2750000000000000222 ) ) ;
#4322 = ORIENTED_EDGE ( 'NONE', *, *, #2847, .F. ) ;
#4323 = CARTESIAN_POINT ( 'NONE',  ( 0.7980254777070000527, 0.07802547770701000196, 0.8000000000000000444 ) ) ;
#4324 = CARTESIAN_POINT ( 'NONE',  ( -0.1935668806156314314, 0.2098726062710083995, 0.001000000000000000021 ) ) ;
#4325 = VECTOR ( 'NONE', #1741, 1000.000000000000000 ) ;
#4326 = CARTESIAN_POINT ( 'NONE',  ( 0.3582802547769999846, -0.06681528662419999876, 0.0000000000000000000 ) ) ;
#4327 = VERTEX_POINT ( 'NONE', #1711 ) ;
#4328 = VECTOR ( 'NONE', #7081, 1000.000000000000000 ) ;
#4329 = CARTESIAN_POINT ( 'NONE',  ( 0.4851592356689999885, -0.2358598726109999988, 0.7990000000000000435 ) ) ;
#4330 = CARTESIAN_POINT ( 'NONE',  ( 0.7322929936309999777, -0.1594267515920000100, 0.7990000000000000435 ) ) ;
#4331 = FACE_OUTER_BOUND ( 'NONE', #1328, .T. ) ;
#4332 =( NAMED_UNIT ( * ) PLANE_ANGLE_UNIT ( ) SI_UNIT ( $, .RADIAN. ) );
#4333 = VECTOR ( 'NONE', #3741, 1000.000000000000000 ) ;
#4334 = CARTESIAN_POINT ( 'NONE',  ( 0.3715286624200000443, -0.2465605095540000236, 0.7990000000000000435 ) ) ;
#4335 = CARTESIAN_POINT ( 'NONE',  ( -1.449999999999999956, 0.8490000000000000879, 0.5250000000000000222 ) ) ;
#4336 = FACE_OUTER_BOUND ( 'NONE', #3680, .T. ) ;
#4337 = FACE_OUTER_BOUND ( 'NONE', #5116, .T. ) ;
#4338 = ORIENTED_EDGE ( 'NONE', *, *, #4906, .T. ) ;
#4339 = CARTESIAN_POINT ( 'NONE',  ( 0.3592993630569999985, -0.3674522292990000105, 0.0000000000000000000 ) ) ;
#4340 = MECHANICAL_DESIGN_GEOMETRIC_PRESENTATION_REPRESENTATION (  '', ( #3080 ), #6582 ) ;
#4341 = VECTOR ( 'NONE', #4293, 1000.000000000000000 ) ;
#4342 = LINE ( 'NONE', #1012, #3520 ) ;
#4343 = VECTOR ( 'NONE', #2830, 1000.000000000000000 ) ;
#4344 = EDGE_CURVE ( 'NONE', #4055, #1899, #668, .T. ) ;
#4345 = FACE_OUTER_BOUND ( 'NONE', #4588, .T. ) ;
#4346 = COLOUR_RGB ( '',0.8000000000000000444, 0.8000000000000000444, 0.8000000000000000444 ) ;
#4347 = ORIENTED_EDGE ( 'NONE', *, *, #157, .F. ) ;
#4348 = UNCERTAINTY_MEASURE_WITH_UNIT (LENGTH_MEASURE( 1.000000000000000082E-05 ), #74, 'distance_accuracy_value', 'NONE');
#4349 = ORIENTED_EDGE ( 'NONE', *, *, #5811, .T. ) ;
#4350 = CARTESIAN_POINT ( 'NONE',  ( -0.9250000000000001554, 0.8400000000000000799, 0.02450000000000000094 ) ) ;
#4351 = PRESENTATION_STYLE_ASSIGNMENT (( #1473 ) ) ;
#4352 = LINE ( 'NONE', #1021, #3309 ) ;
#4353 =( GEOMETRIC_REPRESENTATION_CONTEXT ( 3 ) GLOBAL_UNCERTAINTY_ASSIGNED_CONTEXT ( ( #3523 ) ) GLOBAL_UNIT_ASSIGNED_CONTEXT ( ( #5801, #6302, #3472 ) ) REPRESENTATION_CONTEXT ( 'NONE', 'WORKASPACE' ) );
#4354 = PRESENTATION_LAYER_ASSIGNMENT (  '', '', ( #5884 ) ) ;
#4355 = EDGE_CURVE ( 'NONE', #6965, #2999, #3734, .T. ) ;
#4356 =( NAMED_UNIT ( * ) SI_UNIT ( $, .STERADIAN. ) SOLID_ANGLE_UNIT ( ) );
#4357 =( GEOMETRIC_REPRESENTATION_CONTEXT ( 3 ) GLOBAL_UNCERTAINTY_ASSIGNED_CONTEXT ( ( #2298 ) ) GLOBAL_UNIT_ASSIGNED_CONTEXT ( ( #1891, #235, #274 ) ) REPRESENTATION_CONTEXT ( 'NONE', 'WORKASPACE' ) );
#4358 = VERTEX_POINT ( 'NONE', #3386 ) ;
#4359 = COLOUR_RGB ( '',0.7372549019607843590, 0.6039215686274509443, 0.0000000000000000000 ) ;
#4360 = DIRECTION ( 'NONE',  ( -1.000000000000000000, -0.0000000000000000000, 0.0000000000000000000 ) ) ;
#4361 = VERTEX_POINT ( 'NONE', #744 ) ;
#4362 = CARTESIAN_POINT ( 'NONE',  ( -1.754166666666999941, 0.0000000000000000000, 0.0000000000000000000 ) ) ;
#4363 = VERTEX_POINT ( 'NONE', #4186 ) ;
#4364 = LINE ( 'NONE', #1555, #3405 ) ;
#4365 = ADVANCED_FACE ( 'NONE', ( #3060 ), #129, .T. ) ;
#4366 = ADVANCED_FACE ( 'NONE', ( #5733 ), #2947, .F. ) ;
#4367 =( LENGTH_UNIT ( ) NAMED_UNIT ( * ) SI_UNIT ( .MILLI., .METRE. ) );
#4368 = CARTESIAN_POINT ( 'NONE',  ( 0.5753503184710000440, -0.2358598726109999988, 0.7990000000000000435 ) ) ;
#4369 = CARTESIAN_POINT ( 'NONE',  ( 0.5947133757960000322, 0.4978980891720000690, 0.7990000000000000435 ) ) ;
#4370 = DIRECTION ( 'NONE',  ( 0.0000000000000000000, 1.200000000000000024E-16, 1.000000000000000000 ) ) ;
#4371 = CARTESIAN_POINT ( 'NONE',  ( 1.699999999999999956, 0.8499999999999999778, 0.6750000000000000444 ) ) ;
#4372 = B_SPLINE_SURFACE_WITH_KNOTS ( 'NONE', 2, 1, ( 
 ( #6127, #3347 ),
 ( #594, #5128 ),
 ( #46, #2284 ) ),
 .UNSPECIFIED., .F., .F., .F.,
 ( 3, 3 ),
 ( 2, 2 ),
 ( 0.0000000000000000000, 1.000000000000000000 ),
 ( 0.0000000000000000000, 1.000000000000000000 ),
 .UNSPECIFIED. ) ;
#4373 = EDGE_CURVE ( 'NONE', #5201, #3373, #6923, .T. ) ;
#4374 = ORIENTED_EDGE ( 'NONE', *, *, #599, .F. ) ;
#4375 = CARTESIAN_POINT ( 'NONE',  ( 0.7980254777070000527, -0.07802547770701000196, 0.0000000000000000000 ) ) ;
#4376 = FILL_AREA_STYLE ('',( #2149 ) ) ;
#4377 = LINE ( 'NONE', #3815, #1426 ) ;
#4378 = VERTEX_POINT ( 'NONE', #6385 ) ;
#4379 = CIRCLE ( 'NONE', #7194, 0.02300000000000000308 ) ;
#4380 = PRESENTATION_STYLE_ASSIGNMENT (( #7134 ) ) ;
#4381 = CARTESIAN_POINT ( 'NONE',  ( -1.223999999999999977, 0.8499999999999999778, 0.0000000000000000000 ) ) ;
#4382 = FACE_OUTER_BOUND ( 'NONE', #4556, .T. ) ;
#4383 = ORIENTED_EDGE ( 'NONE', *, *, #2140, .T. ) ;
#4384 = CARTESIAN_POINT ( 'NONE',  ( -0.5079617834396666920, 0.08673036093419336789, 0.0000000000000000000 ) ) ;
#4385 = PLANE ( 'NONE',  #190 ) ;
#4386 =( GEOMETRIC_REPRESENTATION_CONTEXT ( 3 ) GLOBAL_UNCERTAINTY_ASSIGNED_CONTEXT ( ( #5143 ) ) GLOBAL_UNIT_ASSIGNED_CONTEXT ( ( #7206, #2289, #2905 ) ) REPRESENTATION_CONTEXT ( 'NONE', 'WORKASPACE' ) );
#4387 = DIRECTION ( 'NONE',  ( 0.0000000000000000000, -1.000000000000000000, -0.0000000000000000000 ) ) ;
#4388 = B_SPLINE_CURVE_WITH_KNOTS ( 'NONE', 3,
 ( #4326, #7119, #6635, #1625 ),
 .UNSPECIFIED., .F., .F.,
 ( 4, 4 ),
 ( 0.0000000000000000000, 1.000000000000000000 ),
 .UNSPECIFIED. ) ;
#4389 = FILL_AREA_STYLE ('',( #505 ) ) ;
#4390 = STYLED_ITEM ( 'NONE', ( #3797 ), #6914 ) ;
#4391 = ORIENTED_EDGE ( 'NONE', *, *, #1018, .T. ) ;
#4392 = CARTESIAN_POINT ( 'NONE',  ( -2.000000000000000143E-17, -0.8490000000000000879, 0.2750000000000000222 ) ) ;
#4393 = ORIENTED_EDGE ( 'NONE', *, *, #3247, .T. ) ;
#4394 = ORIENTED_EDGE ( 'NONE', *, *, #4259, .F. ) ;
#4395 = FACE_OUTER_BOUND ( 'NONE', #338, .T. ) ;
#4396 = ADVANCED_FACE ( 'NONE', ( #6350 ), #2508, .F. ) ;
#4397 = VECTOR ( 'NONE', #4573, 1000.000000000000000 ) ;
#4398 = CARTESIAN_POINT ( 'NONE',  ( 1.699000000000000288, -0.5500000000000000444, 0.1250000000000000000 ) ) ;
#4399 = B_SPLINE_CURVE_WITH_KNOTS ( 'NONE', 3,
 ( #3424, #669, #2877, #5660 ),
 .UNSPECIFIED., .F., .F.,
 ( 4, 4 ),
 ( 0.0000000000000000000, 1.000000000000000000 ),
 .UNSPECIFIED. ) ;
#4400 = ADVANCED_FACE ( 'NONE', ( #4331 ), #1527, .T. ) ;
#4401 = CARTESIAN_POINT ( 'NONE',  ( -1.223999999999999977, 0.8499999999999999778, 0.02400000000000000050 ) ) ;
#4402 = VERTEX_POINT ( 'NONE', #2145 ) ;
#4403 =( GEOMETRIC_REPRESENTATION_CONTEXT ( 3 ) GLOBAL_UNCERTAINTY_ASSIGNED_CONTEXT ( ( #3822 ) ) GLOBAL_UNIT_ASSIGNED_CONTEXT ( ( #2884, #4564, #4456 ) ) REPRESENTATION_CONTEXT ( 'NONE', 'WORKASPACE' ) );
#4404 = DIRECTION ( 'NONE',  ( 0.0000000000000000000, 0.0000000000000000000, -1.000000000000000000 ) ) ;
#4405 = FACE_OUTER_BOUND ( 'NONE', #3192, .T. ) ;
#4406 = EDGE_CURVE ( 'NONE', #6676, #2594, #7161, .T. ) ;
#4407 = DIRECTION ( 'NONE',  ( -0.0000000000000000000, 0.0000000000000000000, -1.000000000000000000 ) ) ;
#4408 = CARTESIAN_POINT ( 'NONE',  ( 0.05662420382166000882, -0.08617834394904000384, 0.0009999999999999998040 ) ) ;
#4409 = COLOUR_RGB ( '',0.8000000000000000444, 0.8000000000000000444, 0.8000000000000000444 ) ;
#4410 = CARTESIAN_POINT ( 'NONE',  ( 0.5814649681529999725, -0.3837579617830000345, 0.0000000000000000000 ) ) ;
#4411 = CARTESIAN_POINT ( 'NONE',  ( 1.199999999999999956, 0.0000000000000000000, 0.02500000000000000139 ) ) ;
#4412 = EDGE_CURVE ( 'NONE', #5195, #304, #932, .T. ) ;
#4413 = CARTESIAN_POINT ( 'NONE',  ( -1.699999999999999956, 0.8499999999999999778, 0.0000000000000000000 ) ) ;
#4414 = CARTESIAN_POINT ( 'NONE',  ( -0.1471974522289999920, -0.3083439490450000098, 0.0000000000000000000 ) ) ;
#4415 = SURFACE_STYLE_USAGE ( .BOTH. , #3279 ) ;
#4416 = VERTEX_POINT ( 'NONE', #2623 ) ;
#4417 = PLANE ( 'NONE',  #5985 ) ;
#4418 = ADVANCED_FACE ( 'NONE', ( #6606 ), #2656, .T. ) ;
#4419 = CARTESIAN_POINT ( 'NONE',  ( -1.699999999999999956, 0.3499999999999999223, 0.0000000000000000000 ) ) ;
#4420 = CARTESIAN_POINT ( 'NONE',  ( -0.4814649681529999947, -0.1298726114650000096, 0.8000000000000000444 ) ) ;
#4421 = CARTESIAN_POINT ( 'NONE',  ( 0.4260509554140000654, 0.3027388535030000605, 0.7990000000000000435 ) ) ;
#4422 = ORIENTED_EDGE ( 'NONE', *, *, #6551, .F. ) ;
#4423 =( NAMED_UNIT ( * ) SI_UNIT ( $, .STERADIAN. ) SOLID_ANGLE_UNIT ( ) );
#4424 = LINE ( 'NONE', #3858, #2832 ) ;
#4425 = LINE ( 'NONE', #1446, #374 ) ;
#4426 =( GEOMETRIC_REPRESENTATION_CONTEXT ( 3 ) GLOBAL_UNCERTAINTY_ASSIGNED_CONTEXT ( ( #3011 ) ) GLOBAL_UNIT_ASSIGNED_CONTEXT ( ( #3355, #3518, #5034 ) ) REPRESENTATION_CONTEXT ( 'NONE', 'WORKASPACE' ) );
#4427 =( NAMED_UNIT ( * ) SI_UNIT ( $, .STERADIAN. ) SOLID_ANGLE_UNIT ( ) );
#4428 = ORIENTED_EDGE ( 'NONE', *, *, #5614, .T. ) ;
#4429 = FILL_AREA_STYLE ('',( #649 ) ) ;
#4430 = SURFACE_STYLE_USAGE ( .BOTH. , #6355 ) ;
#4431 = VERTEX_POINT ( 'NONE', #7093 ) ;
#4432 = VECTOR ( 'NONE', #4897, 1000.000000000000000 ) ;
#4433 = CARTESIAN_POINT ( 'NONE',  ( 0.3793418301141955884, -0.1127176166795715723, 0.7990000000000000435 ) ) ;
#4434 = VERTEX_POINT ( 'NONE', #7058 ) ;
#4435 = CARTESIAN_POINT ( 'NONE',  ( -0.1011677298028054450, -0.4477919303969565834, 0.001000000000000000021 ) ) ;
#4436 = ADVANCED_FACE ( 'NONE', ( #2036 ), #4913, .T. ) ;
#4437 = CARTESIAN_POINT ( 'NONE',  ( -0.5212101910830000406, -0.08006369426751999696, 0.0000000000000000000 ) ) ;
#4438 = ORIENTED_EDGE ( 'NONE', *, *, #3496, .T. ) ;
#4439 = CARTESIAN_POINT ( 'NONE',  ( 1.699999999999999956, -0.8499999999999999778, 0.0000000000000000000 ) ) ;
#4440 = PLANE ( 'NONE',  #4921 ) ;
#4441 = AXIS2_PLACEMENT_3D ( 'NONE', #997, #4290, #3269 ) ;
#4442 =( NAMED_UNIT ( * ) PLANE_ANGLE_UNIT ( ) SI_UNIT ( $, .RADIAN. ) );
#4443 = EDGE_CURVE ( 'NONE', #5269, #638, #3411, .T. ) ;
#4444 = CARTESIAN_POINT ( 'NONE',  ( 0.4221443744201341386, 0.4435456453835588397, 0.7990000000000000435 ) ) ;
#4445 =( GEOMETRIC_REPRESENTATION_CONTEXT ( 3 ) GLOBAL_UNCERTAINTY_ASSIGNED_CONTEXT ( ( #5374 ) ) GLOBAL_UNIT_ASSIGNED_CONTEXT ( ( #5971, #2130, #6486 ) ) REPRESENTATION_CONTEXT ( 'NONE', 'WORKASPACE' ) );
#4446 = DIRECTION ( 'NONE',  ( 1.000000000000000000, -0.0000000000000000000, 0.0000000000000000000 ) ) ;
#4447 = ORIENTED_EDGE ( 'NONE', *, *, #716, .F. ) ;
#4448 = FACE_OUTER_BOUND ( 'NONE', #6402, .T. ) ;
#4449 = CARTESIAN_POINT ( 'NONE',  ( 0.1375000000000000111, -0.6761146496819999685, 0.7990000000000000435 ) ) ;
#4450 = VECTOR ( 'NONE', #2110, 1000.000000000000000 ) ;
#4451 = ADVANCED_FACE ( 'NONE', ( #1772 ), #4307, .T. ) ;
#4452 = ADVANCED_FACE ( 'NONE', ( #1629 ), #5097, .T. ) ;
#4453 = COLOUR_RGB ( '',0.8000000000000000444, 0.8000000000000000444, 0.8000000000000000444 ) ;
#4454 = ORIENTED_EDGE ( 'NONE', *, *, #6734, .T. ) ;
#4455 = CARTESIAN_POINT ( 'NONE',  ( -0.2401061588450865147, 0.3837579567555363669, 0.7990000000000000435 ) ) ;
#4456 =( NAMED_UNIT ( * ) SI_UNIT ( $, .STERADIAN. ) SOLID_ANGLE_UNIT ( ) );
#4457 = SURFACE_SIDE_STYLE ('',( #2301 ) ) ;
#4458 = LINE ( 'NONE', #6702, #841 ) ;
#4459 = VECTOR ( 'NONE', #4370, 1000.000000000000000 ) ;
#4460 = MECHANICAL_DESIGN_GEOMETRIC_PRESENTATION_REPRESENTATION (  '', ( #256 ), #4231 ) ;
#4461 = CARTESIAN_POINT ( 'NONE',  ( 0.3582802547769999846, 0.06681528662419999876, 0.7950000000000000400 ) ) ;
#4462 = ORIENTED_EDGE ( 'NONE', *, *, #1515, .F. ) ;
#4463 = SURFACE_STYLE_USAGE ( .BOTH. , #3298 ) ;
#4464 = CARTESIAN_POINT ( 'NONE',  ( -0.5212101910830000406, -0.08006369426751999696, 0.0009999999999999998040 ) ) ;
#4465 = ORIENTED_EDGE ( 'NONE', *, *, #458, .T. ) ;
#4466 =( GEOMETRIC_REPRESENTATION_CONTEXT ( 3 ) GLOBAL_UNCERTAINTY_ASSIGNED_CONTEXT ( ( #3249 ) ) GLOBAL_UNIT_ASSIGNED_CONTEXT ( ( #3975, #2887, #5111 ) ) REPRESENTATION_CONTEXT ( 'NONE', 'WORKASPACE' ) );
#4467 = MECHANICAL_DESIGN_GEOMETRIC_PRESENTATION_REPRESENTATION (  '', ( #2951 ), #5992 ) ;
#4468 = CARTESIAN_POINT ( 'NONE',  ( 0.9386624203819999845, 0.08006369426751999696, 0.7990000000000000435 ) ) ;
#4469 = LINE ( 'NONE', #6673, #2047 ) ;
#4470 = VECTOR ( 'NONE', #1975, 1000.000000000000000 ) ;
#4471 = CARTESIAN_POINT ( 'NONE',  ( -0.1456687898089999988, 0.4678343949039999727, 0.8000000000000000444 ) ) ;
#4472 = FACE_OUTER_BOUND ( 'NONE', #6921, .T. ) ;
#4473 = EDGE_LOOP ( 'NONE', ( #2160, #2324, #7106, #3365 ) ) ;
#4474 = UNCERTAINTY_MEASURE_WITH_UNIT (LENGTH_MEASURE( 1.000000000000000082E-05 ), #4367, 'distance_accuracy_value', 'NONE');
#4475 = FILL_AREA_STYLE_COLOUR ( '', #5444 ) ;
#4476 = DIRECTION ( 'NONE',  ( 0.0000000000000000000, -0.0000000000000000000, -1.000000000000000000 ) ) ;
#4477 =( LENGTH_UNIT ( ) NAMED_UNIT ( * ) SI_UNIT ( .MILLI., .METRE. ) );
#4478 = SURFACE_SIDE_STYLE ('',( #1259 ) ) ;
#4479 = LINE ( 'NONE', #1041, #1373 ) ;
#4480 = CARTESIAN_POINT ( 'NONE',  ( -0.2103821656050000044, -0.3837579617830000345, 0.0000000000000000000 ) ) ;
#4481 = ORIENTED_EDGE ( 'NONE', *, *, #3368, .F. ) ;
#4482 = FACE_OUTER_BOUND ( 'NONE', #2858, .T. ) ;
#4483 = LINE ( 'NONE', #527, #2349 ) ;
#4484 = ORIENTED_EDGE ( 'NONE', *, *, #3300, .F. ) ;
#4485 = CARTESIAN_POINT ( 'NONE',  ( 1.699999999999999956, -0.5500000000000000444, 0.2750000000000000222 ) ) ;
#4486 = PRESENTATION_LAYER_ASSIGNMENT (  '', '', ( #4954 ) ) ;
#4487 = EDGE_CURVE ( 'NONE', #355, #5674, #7069, .T. ) ;
#4488 = CARTESIAN_POINT ( 'NONE',  ( 0.9237154989383333792, 0.07755838641204666761, 0.0000000000000000000 ) ) ;
#4489 = LINE ( 'NONE', #1162, #5839 ) ;
#4490 = B_SPLINE_CURVE_WITH_KNOTS ( 'NONE', 3,
 ( #3710, #3745, #3783, #3851 ),
 .UNSPECIFIED., .F., .F.,
 ( 4, 4 ),
 ( 0.0000000000000000000, 1.000000000000000000 ),
 .UNSPECIFIED. ) ;
#4491 = EDGE_CURVE ( 'NONE', #7158, #4713, #5616, .T. ) ;
#4492 = ORIENTED_EDGE ( 'NONE', *, *, #1464, .F. ) ;
#4493 = DIRECTION ( 'NONE',  ( -0.0000000000000000000, -1.200000000000000024E-16, -1.000000000000000000 ) ) ;
#4494 =( LENGTH_UNIT ( ) NAMED_UNIT ( * ) SI_UNIT ( .MILLI., .METRE. ) );
#4495 = EDGE_CURVE ( 'NONE', #2417, #4358, #7, .T. ) ;
#4496 = CARTESIAN_POINT ( 'NONE',  ( -0.006730360934182015066, 0.3463906581743333435, 0.8000000000000000444 ) ) ;
#4497 = COLOUR_RGB ( '',0.8000000000000000444, 0.8000000000000000444, 0.8000000000000000444 ) ;
#4498 =( LENGTH_UNIT ( ) NAMED_UNIT ( * ) SI_UNIT ( .MILLI., .METRE. ) );
#4499 = CARTESIAN_POINT ( 'NONE',  ( -0.3056687898089999744, 0.2358598726109999988, 0.0000000000000000000 ) ) ;
#4500 = ORIENTED_EDGE ( 'NONE', *, *, #2895, .T. ) ;
#4501 = CARTESIAN_POINT ( 'NONE',  ( -0.5079617807901750659, 0.08673035556605641905, 0.001000000000000000021 ) ) ;
#4502 = EDGE_CURVE ( 'NONE', #2306, #3159, #4514, .T. ) ;
#4503 = ORIENTED_EDGE ( 'NONE', *, *, #3593, .F. ) ;
#4504 = CARTESIAN_POINT ( 'NONE',  ( 1.699000000000000288, -0.5500000000000000444, 0.5250000000000000222 ) ) ;
#4505 = CARTESIAN_POINT ( 'NONE',  ( -1.699000000000000288, 0.6999999999999999556, 0.6750000000000000444 ) ) ;
#4506 = EDGE_CURVE ( 'NONE', #6000, #3264, #1077, .T. ) ;
#4507 = MECHANICAL_DESIGN_GEOMETRIC_PRESENTATION_REPRESENTATION (  '', ( #6737 ), #1489 ) ;
#4508 = ORIENTED_EDGE ( 'NONE', *, *, #1336, .F. ) ;
#4509 = DIRECTION ( 'NONE',  ( 0.0000000000000000000, 0.0000000000000000000, -1.000000000000000000 ) ) ;
#4510 = VERTEX_POINT ( 'NONE', #1664 ) ;
#4511 = LINE ( 'NONE', #3409, #5090 ) ;
#4512 = CARTESIAN_POINT ( 'NONE',  ( -1.699999999999999956, -0.8499999999999999778, 0.8000000000000000444 ) ) ;
#4513 = STYLED_ITEM ( 'NONE', ( #6003 ), #7230 ) ;
#4514 = LINE ( 'NONE', #7198, #4101 ) ;
#4515 = CARTESIAN_POINT ( 'NONE',  ( -1.223999999999999977, 0.8499999999999999778, 0.8000000000000000444 ) ) ;
#4516 = FACE_OUTER_BOUND ( 'NONE', #7215, .T. ) ;
#4517 = ORIENTED_EDGE ( 'NONE', *, *, #6462, .F. ) ;
#4518 = CARTESIAN_POINT ( 'NONE',  ( -0.9250000000000000444, -0.8400000000000000799, 0.02400000000000000397 ) ) ;
#4519 = CARTESIAN_POINT ( 'NONE',  ( -0.04681528662420000875, 0.2363694267520000392, 0.0000000000000000000 ) ) ;
#4520 = ORIENTED_EDGE ( 'NONE', *, *, #5792, .T. ) ;
#4521 = VECTOR ( 'NONE', #6572, 1000.000000000000000 ) ;
#4522 = CARTESIAN_POINT ( 'NONE',  ( -1.699999999999999956, -0.8499999999999999778, 0.0000000000000000000 ) ) ;
#4523 = CARTESIAN_POINT ( 'NONE',  ( 0.7980254777070000527, -0.07802547770701000196, 0.0000000000000000000 ) ) ;
#4524 = SURFACE_STYLE_FILL_AREA ( #1302 ) ;
#4525 = ORIENTED_EDGE ( 'NONE', *, *, #2523, .T. ) ;
#4526 = CARTESIAN_POINT ( 'NONE',  ( -0.1456687898089999988, -0.4678343949039999727, 0.0009999999999999998040 ) ) ;
#4527 = EDGE_CURVE ( 'NONE', #5235, #3723, #4986, .T. ) ;
#4528 = ORIENTED_EDGE ( 'NONE', *, *, #3862, .F. ) ;
#4529 = PLANE ( 'NONE',  #1775 ) ;
#4530 = FILL_AREA_STYLE ('',( #536 ) ) ;
#4531 = PRESENTATION_STYLE_ASSIGNMENT (( #4565 ) ) ;
#4532 = PLANE ( 'NONE',  #6274 ) ;
#4533 = CARTESIAN_POINT ( 'NONE',  ( 0.2339490445859999934, 0.4978980891720000690, 0.8000000000000000444 ) ) ;
#4534 = ORIENTED_EDGE ( 'NONE', *, *, #3229, .T. ) ;
#4535 = EDGE_CURVE ( 'NONE', #3319, #5132, #3992, .T. ) ;
#4536 = PLANE ( 'NONE',  #2402 ) ;
#4537 = CARTESIAN_POINT ( 'NONE',  ( -0.5212101910830000406, -0.2278343949040000094, 0.0009999999999999998040 ) ) ;
#4538 = ORIENTED_EDGE ( 'NONE', *, *, #412, .F. ) ;
#4539 = ORIENTED_EDGE ( 'NONE', *, *, #1537, .F. ) ;
#4540 = CARTESIAN_POINT ( 'NONE',  ( -1.699999999999999956, 1.000000000000000072E-17, 0.0000000000000000000 ) ) ;
#4541 = EDGE_CURVE ( 'NONE', #5639, #3927, #3919, .T. ) ;
#4542 = ADVANCED_FACE ( 'NONE', ( #3346 ), #3958, .T. ) ;
#4543 = PRESENTATION_LAYER_ASSIGNMENT (  '', '', ( #6651 ) ) ;
#4544 = CARTESIAN_POINT ( 'NONE',  ( 0.1375000000000000111, 3.000000000000000061E-17, 0.001000000000000000021 ) ) ;
#4545 = ORIENTED_EDGE ( 'NONE', *, *, #2698, .T. ) ;
#4546 = PRESENTATION_STYLE_ASSIGNMENT (( #2316 ) ) ;
#4547 = SURFACE_STYLE_FILL_AREA ( #5096 ) ;
#4548 = CARTESIAN_POINT ( 'NONE',  ( 0.5417197452226667487, 0.4978980891720000690, 0.8000000000000000444 ) ) ;
#4549 = CARTESIAN_POINT ( 'NONE',  ( 0.7338216560510000264, 0.3073248407640000179, 0.8000000000000000444 ) ) ;
#4550 = LINE ( 'NONE', #3447, #3712 ) ;
#4551 = CARTESIAN_POINT ( 'NONE',  ( -0.03560509554140001143, -0.3827388535030000205, 0.0000000000000000000 ) ) ;
#4552 = ORIENTED_EDGE ( 'NONE', *, *, #97, .T. ) ;
#4553 = MECHANICAL_DESIGN_GEOMETRIC_PRESENTATION_REPRESENTATION (  '', ( #2569 ), #4075 ) ;
#4554 = FACE_OUTER_BOUND ( 'NONE', #6536, .T. ) ;
#4555 = CARTESIAN_POINT ( 'NONE',  ( -0.4554777070059999877, 0.3057961783440000247, 0.7990000000000000435 ) ) ;
#4556 = EDGE_LOOP ( 'NONE', ( #3288, #5091, #321, #6061 ) ) ;
#4557 = LINE ( 'NONE', #3930, #5526 ) ;
#4558 = VECTOR ( 'NONE', #4992, 1000.000000000000000 ) ;
#4559 = ORIENTED_EDGE ( 'NONE', *, *, #2474, .T. ) ;
#4560 = DIRECTION ( 'NONE',  ( -1.000000000000000000, -0.0000000000000000000, 0.0000000000000000000 ) ) ;
#4561 = UNCERTAINTY_MEASURE_WITH_UNIT (LENGTH_MEASURE( 1.000000000000000082E-05 ), #6549, 'distance_accuracy_value', 'NONE');
#4562 = VERTEX_POINT ( 'NONE', #5062 ) ;
#4563 = PRESENTATION_LAYER_ASSIGNMENT (  '', '', ( #6552 ) ) ;
#4564 =( NAMED_UNIT ( * ) PLANE_ANGLE_UNIT ( ) SI_UNIT ( $, .RADIAN. ) );
#4565 = SURFACE_STYLE_USAGE ( .BOTH. , #4457 ) ;
#4566 = LINE ( 'NONE', #65, #2139 ) ;
#4567 = CARTESIAN_POINT ( 'NONE',  ( 1.699999999999999956, -0.8499999999999999778, 0.6750000000000000444 ) ) ;
#4568 = AXIS2_PLACEMENT_3D ( 'NONE', #7207, #4918, #5548 ) ;
#4569 = LINE ( 'NONE', #1277, #569 ) ;
#4570 = ORIENTED_EDGE ( 'NONE', *, *, #2334, .F. ) ;
#4571 = FACE_OUTER_BOUND ( 'NONE', #1731, .T. ) ;
#4572 = VERTEX_POINT ( 'NONE', #2282 ) ;
#4573 = DIRECTION ( 'NONE',  ( -0.0000000000000000000, -1.000000000000000000, 0.0000000000000000000 ) ) ;
#4574 = ORIENTED_EDGE ( 'NONE', *, *, #2666, .T. ) ;
#4575 = CARTESIAN_POINT ( 'NONE',  ( 0.01585987135442936541, 0.3023991492145125526, 0.7990000000000000435 ) ) ;
#4576 = AXIS2_PLACEMENT_3D ( 'NONE', #5500, #6088, #4407 ) ;
#4577 = EDGE_CURVE ( 'NONE', #2418, #1019, #6755, .T. ) ;
#4578 = AXIS2_PLACEMENT_3D ( 'NONE', #4874, #4223, #1453 ) ;
#4579 = CIRCLE ( 'NONE', #4102, 0.02400000000000004213 ) ;
#4580 = SURFACE_STYLE_USAGE ( .BOTH. , #3876 ) ;
#4581 = EDGE_LOOP ( 'NONE', ( #2025, #971, #132, #4300 ) ) ;
#4582 = CARTESIAN_POINT ( 'NONE',  ( 1.699999999999999956, 0.5500000000000000444, 0.5250000000000000222 ) ) ;
#4583 = EDGE_CURVE ( 'NONE', #5756, #3973, #5651, .T. ) ;
#4584 = DIRECTION ( 'NONE',  ( 1.000000000000000000, -0.0000000000000000000, 0.0000000000000000000 ) ) ;
#4585 = EDGE_CURVE ( 'NONE', #2551, #6884, #4026, .T. ) ;
#4586 = SURFACE_SIDE_STYLE ('',( #773 ) ) ;
#4587 = CARTESIAN_POINT ( 'NONE',  ( -0.2873248407640000002, 0.4978980891720000690, 0.7989999999999999325 ) ) ;
#4588 = EDGE_LOOP ( 'NONE', ( #4194, #3560, #289, #3257 ) ) ;
#4589 = VECTOR ( 'NONE', #4697, 1000.000000000000000 ) ;
#4590 = STYLED_ITEM ( 'NONE', ( #4380 ), #4220 ) ;
#4591 = CARTESIAN_POINT ( 'NONE',  ( -1.699999999999999956, 0.8499999999999999778, 0.1250000000000000000 ) ) ;
#4592 = ORIENTED_EDGE ( 'NONE', *, *, #5960, .F. ) ;
#4593 = EDGE_CURVE ( 'NONE', #2612, #3176, #6932, .T. ) ;
#4594 = CARTESIAN_POINT ( 'NONE',  ( -1.699999999999999956, -0.5500000000000000444, 0.2750000000000000222 ) ) ;
#4595 = EDGE_CURVE ( 'NONE', #1620, #6288, #121, .T. ) ;
#4596 = PRESENTATION_STYLE_ASSIGNMENT (( #2879 ) ) ;
#4597 = VERTEX_POINT ( 'NONE', #1844 ) ;
#4598 = ORIENTED_EDGE ( 'NONE', *, *, #2485, .T. ) ;
#4599 = CARTESIAN_POINT ( 'NONE',  ( -0.5100000000000000089, 0.3878343949040000127, 0.7950000000000000400 ) ) ;
#4600 = LINE ( 'NONE', #1136, #6334 ) ;
#4601 =( GEOMETRIC_REPRESENTATION_CONTEXT ( 3 ) GLOBAL_UNCERTAINTY_ASSIGNED_CONTEXT ( ( #6314 ) ) GLOBAL_UNIT_ASSIGNED_CONTEXT ( ( #4477, #5688, #6163 ) ) REPRESENTATION_CONTEXT ( 'NONE', 'WORKASPACE' ) );
#4602 = CARTESIAN_POINT ( 'NONE',  ( 0.8978980891719999802, -0.2935668789809999790, 0.0000000000000000000 ) ) ;
#4603 = VERTEX_POINT ( 'NONE', #4060 ) ;
#4604 = CARTESIAN_POINT ( 'NONE',  ( 0.5753503184710000440, -0.2358598726109999988, 0.8000000000000000444 ) ) ;
#4605 = ORIENTED_EDGE ( 'NONE', *, *, #3804, .F. ) ;
#4606 = CARTESIAN_POINT ( 'NONE',  ( 1.449999999999999956, 0.8499999999999999778, 0.5250000000000000222 ) ) ;
#4607 = VERTEX_POINT ( 'NONE', #6342 ) ;
#4608 = LINE ( 'NONE', #113, #1788 ) ;
#4609 = PRESENTATION_LAYER_ASSIGNMENT (  '', '', ( #5318 ) ) ;
#4610 = SURFACE_SIDE_STYLE ('',( #5867 ) ) ;
#4611 = CARTESIAN_POINT ( 'NONE',  ( 0.2339490445859999934, 0.4978980891720000690, 0.8000000000000000444 ) ) ;
#4612 = ORIENTED_EDGE ( 'NONE', *, *, #2543, .T. ) ;
#4613 = UNCERTAINTY_MEASURE_WITH_UNIT (LENGTH_MEASURE( 1.000000000000000082E-05 ), #5967, 'distance_accuracy_value', 'NONE');
#4614 = EDGE_CURVE ( 'NONE', #6592, #790, #2937, .T. ) ;
#4615 = FACE_OUTER_BOUND ( 'NONE', #1798, .T. ) ;
#4616 = DIRECTION ( 'NONE',  ( 0.0000000000000000000, 1.000000000000000000, 0.0000000000000000000 ) ) ;
#4617 = CARTESIAN_POINT ( 'NONE',  ( 0.4260509554140000099, -0.3027388535030000605, 0.0000000000000000000 ) ) ;
#4618 = COLOUR_RGB ( '',0.7372549019607843590, 0.6039215686274509443, 0.0000000000000000000 ) ;
#4619 = LINE ( 'NONE', #5765, #1686 ) ;
#4620 = FACE_OUTER_BOUND ( 'NONE', #2102, .T. ) ;
#4621 = ORIENTED_EDGE ( 'NONE', *, *, #3503, .T. ) ;
#4622 = AXIS2_PLACEMENT_3D ( 'NONE', #5760, #1621, #1482 ) ;
#4623 = EDGE_CURVE ( 'NONE', #1626, #1120, #3051, .T. ) ;
#4624 = CARTESIAN_POINT ( 'NONE',  ( 0.4214649681529999969, 0.1619745222929999950, 0.0009999999999999998040 ) ) ;
#4625 = PLANE ( 'NONE',  #2813 ) ;
#4626 = ORIENTED_EDGE ( 'NONE', *, *, #5432, .F. ) ;
#4627 = SURFACE_STYLE_FILL_AREA ( #4763 ) ;
#4628 = ADVANCED_FACE ( 'NONE', ( #695 ), #1332, .F. ) ;
#4629 = CARTESIAN_POINT ( 'NONE',  ( -0.1471974522289999920, -0.3083439490450000098, 0.001000000000000000021 ) ) ;
#4630 = ORIENTED_EDGE ( 'NONE', *, *, #4031, .F. ) ;
#4631 = FILL_AREA_STYLE_COLOUR ( '', #4198 ) ;
#4632 = ADVANCED_FACE ( 'NONE', ( #3506 ), #5239, .T. ) ;
#4633 = UNCERTAINTY_MEASURE_WITH_UNIT (LENGTH_MEASURE( 1.000000000000000082E-05 ), #192, 'distance_accuracy_value', 'NONE');
#4634 = ORIENTED_EDGE ( 'NONE', *, *, #54, .T. ) ;
#4635 = CARTESIAN_POINT ( 'NONE',  ( 0.5845222929940000478, -0.3499999999999999778, 0.7990000000000000435 ) ) ;
#4636 = LINE ( 'NONE', #2956, #4470 ) ;
#4637 = CARTESIAN_POINT ( 'NONE',  ( 0.8978980891719999802, -0.2935668789809999790, 0.0000000000000000000 ) ) ;
#4638 = PRESENTATION_STYLE_ASSIGNMENT (( #756 ) ) ;
#4639 = ORIENTED_EDGE ( 'NONE', *, *, #5653, .F. ) ;
#4640 = SURFACE_STYLE_USAGE ( .BOTH. , #1357 ) ;
#4641 = EDGE_LOOP ( 'NONE', ( #6074, #3382, #6249, #5708 ) ) ;
#4642 = LINE ( 'NONE', #4606, #6382 ) ;
#4643 = ORIENTED_EDGE ( 'NONE', *, *, #3636, .F. ) ;
#4644 = CARTESIAN_POINT ( 'NONE',  ( 0.4214649681529999969, -0.1619745222929999950, 0.7990000000000000435 ) ) ;
#4645 = VERTEX_POINT ( 'NONE', #3585 ) ;
#4646 = ORIENTED_EDGE ( 'NONE', *, *, #3199, .T. ) ;
#4647 = B_SPLINE_SURFACE_WITH_KNOTS ( 'NONE', 2, 1, ( 
 ( #3321, #1576 ),
 ( #2734, #2770 ),
 ( #1014, #496 ) ),
 .UNSPECIFIED., .F., .F., .F.,
 ( 3, 3 ),
 ( 2, 2 ),
 ( 0.0000000000000000000, 1.000000000000000000 ),
 ( 0.0000000000000000000, 1.000000000000000000 ),
 .UNSPECIFIED. ) ;
#4648 = CARTESIAN_POINT ( 'NONE',  ( 0.05662420382166000188, 0.1738216560510000008, 0.7990000000000000435 ) ) ;
#4649 = DIRECTION ( 'NONE',  ( -0.0000000000000000000, -1.000000000000000000, 0.0000000000000000000 ) ) ;
#4650 = DIRECTION ( 'NONE',  ( 0.0000000000000000000, 0.0000000000000000000, 1.000000000000000000 ) ) ;
#4651 = CARTESIAN_POINT ( 'NONE',  ( -0.4554777070059999877, -0.3057961783440000247, 0.001000000000000000021 ) ) ;
#4652 = ADVANCED_FACE ( 'NONE', ( #1370 ), #4708, .T. ) ;
#4653 = PRESENTATION_LAYER_ASSIGNMENT (  '', '', ( #4188 ) ) ;
#4654 = B_SPLINE_CURVE_WITH_KNOTS ( 'NONE', 3,
 ( #7023, #2001, #1460, #1602 ),
 .UNSPECIFIED., .F., .F.,
 ( 4, 4 ),
 ( 0.0000000000000000000, 1.000000000000000000 ),
 .UNSPECIFIED. ) ;
#4655 = FACE_OUTER_BOUND ( 'NONE', #739, .T. ) ;
#4656 = EDGE_LOOP ( 'NONE', ( #5621, #1996, #761, #3762 ) ) ;
#4657 = DIRECTION ( 'NONE',  ( 0.0000000000000000000, 1.200000000000000024E-16, 1.000000000000000000 ) ) ;
#4658 = SURFACE_STYLE_FILL_AREA ( #2982 ) ;
#4659 = ORIENTED_EDGE ( 'NONE', *, *, #291, .F. ) ;
#4660 = ADVANCED_BREP_SHAPE_REPRESENTATION ( 'E5F9CDA4-CD3D-4576-AA79-5A524CF9635F', ( #5918, #6160 ), #5571 ) ;
#4661 = EDGE_CURVE ( 'NONE', #2837, #7047, #1204, .T. ) ;
#4662 = CARTESIAN_POINT ( 'NONE',  ( 0.8938216560509999464, 0.1441401273890000057, 0.0009999999999999998040 ) ) ;
#4663 = ORIENTED_EDGE ( 'NONE', *, *, #4853, .T. ) ;
#4664 = VECTOR ( 'NONE', #2591, 1000.000000000000000 ) ;
#4665 = LINE ( 'NONE', #6467, #4664 ) ;
#4666 = CARTESIAN_POINT ( 'NONE',  ( -0.4383227145268757674, -0.2005307785002634624, 0.7990000000000000435 ) ) ;
#4667 = ORIENTED_EDGE ( 'NONE', *, *, #4039, .F. ) ;
#4668 = PLANE ( 'NONE',  #6447 ) ;
#4669 = EDGE_CURVE ( 'NONE', #2815, #3038, #1879, .T. ) ;
#4670 = CARTESIAN_POINT ( 'NONE',  ( -0.2944585987260000537, 0.3499999999999999778, 0.0009999999999999998040 ) ) ;
#4671 = AXIS2_PLACEMENT_3D ( 'NONE', #4401, #2618, #7088 ) ;
#4672 = SURFACE_SIDE_STYLE ('',( #5335 ) ) ;
#4673 = EDGE_CURVE ( 'NONE', #650, #5295, #886, .T. ) ;
#4674 = SURFACE_STYLE_USAGE ( .BOTH. , #2376 ) ;
#4675 = CARTESIAN_POINT ( 'NONE',  ( 0.7338216560510000264, -0.3073248407640000179, 0.0009999999999999998040 ) ) ;
#4676 = ORIENTED_EDGE ( 'NONE', *, *, #6368, .F. ) ;
#4677 = VECTOR ( 'NONE', #329, 1000.000000000000000 ) ;
#4678 = ORIENTED_EDGE ( 'NONE', *, *, #5792, .F. ) ;
#4679 = CARTESIAN_POINT ( 'NONE',  ( 0.3582802547769999846, -0.06681528662419999876, 0.0000000000000000000 ) ) ;
#4680 = VERTEX_POINT ( 'NONE', #6039 ) ;
#4681 = CARTESIAN_POINT ( 'NONE',  ( -1.754166666666999941, 0.0000000000000000000, 0.0000000000000000000 ) ) ;
#4682 = EDGE_CURVE ( 'NONE', #378, #2883, #5229, .T. ) ;
#4683 = VECTOR ( 'NONE', #2943, 1000.000000000000000 ) ;
#4684 = EDGE_LOOP ( 'NONE', ( #3581, #3367, #2195, #5956 ) ) ;
#4685 = CARTESIAN_POINT ( 'NONE',  ( 0.7781528662419999742, 0.4443949044590000397, 0.7950000000000000400 ) ) ;
#4686 = ORIENTED_EDGE ( 'NONE', *, *, #675, .F. ) ;
#4687 = AXIS2_PLACEMENT_3D ( 'NONE', #6142, #5704, #639 ) ;
#4688 = CARTESIAN_POINT ( 'NONE',  ( 0.03216560509553999941, 0.2507643312100000244, 0.8000000000000000444 ) ) ;
#4689 = LINE ( 'NONE', #1958, #604 ) ;
#4690 = DIRECTION ( 'NONE',  ( 0.0000000000000000000, 1.000000000000000000, -2.199999999999999757E-16 ) ) ;
#4691 = CARTESIAN_POINT ( 'NONE',  ( -0.1893205944796666762, 0.3586199575369999892, 0.8000000000000000444 ) ) ;
#4692 = LINE ( 'NONE', #5878, #6533 ) ;
#4693 = CARTESIAN_POINT ( 'NONE',  ( -0.1893205944796666762, -0.3586199575369999892, 0.0000000000000000000 ) ) ;
#4694 = ORIENTED_EDGE ( 'NONE', *, *, #2343, .F. ) ;
#4695 = CARTESIAN_POINT ( 'NONE',  ( -2.000000000000000143E-17, -0.8489999999999999769, 0.7750000000000001332 ) ) ;
#4696 = STYLED_ITEM ( 'NONE', ( #3034 ), #5064 ) ;
#4697 = DIRECTION ( 'NONE',  ( 0.0000000000000000000, 1.000000000000000000, -0.0000000000000000000 ) ) ;
#4698 = STYLED_ITEM ( 'NONE', ( #3200 ), #5396 ) ;
#4699 = LINE ( 'NONE', #3559, #5242 ) ;
#4700 = ORIENTED_EDGE ( 'NONE', *, *, #2251, .T. ) ;
#4701 = LINE ( 'NONE', #2631, #2702 ) ;
#4702 = ORIENTED_EDGE ( 'NONE', *, *, #4355, .F. ) ;
#4703 = CARTESIAN_POINT ( 'NONE',  ( -0.9020000000000000240, -0.8400000000000000799, 0.7990000000000000435 ) ) ;
#4704 = EDGE_CURVE ( 'NONE', #4713, #7141, #3623, .T. ) ;
#4705 = PRODUCT_CONTEXT ( 'NONE', #5047, 'mechanical' ) ;
#4706 = CARTESIAN_POINT ( 'NONE',  ( 0.3582802547769999846, -0.2217197452230000032, 0.0000000000000000000 ) ) ;
#4707 = DIRECTION ( 'NONE',  ( 0.0000000000000000000, -1.000000000000000000, -0.0000000000000000000 ) ) ;
#4708 = B_SPLINE_SURFACE_WITH_KNOTS ( 'NONE', 2, 1, ( 
 ( #732, #2393 ),
 ( #5837, #6233 ),
 ( #4617, #1292 ) ),
 .UNSPECIFIED., .F., .F., .F.,
 ( 3, 3 ),
 ( 2, 2 ),
 ( 0.0000000000000000000, 1.000000000000000000 ),
 ( 0.0000000000000000000, 1.000000000000000000 ),
 .UNSPECIFIED. ) ;
#4709 = EDGE_CURVE ( 'NONE', #5756, #5269, #2173, .T. ) ;
#4710 = ORIENTED_EDGE ( 'NONE', *, *, #2046, .T. ) ;
#4711 = ORIENTED_EDGE ( 'NONE', *, *, #2119, .T. ) ;
#4712 = EDGE_CURVE ( 'NONE', #6354, #650, #2705, .T. ) ;
#4713 = VERTEX_POINT ( 'NONE', #301 ) ;
#4714 = ORIENTED_EDGE ( 'NONE', *, *, #246, .T. ) ;
#4715 = DIRECTION ( 'NONE',  ( -1.000000000000000000, -0.0000000000000000000, -0.0000000000000000000 ) ) ;
#4716 =( LENGTH_UNIT ( ) NAMED_UNIT ( * ) SI_UNIT ( .MILLI., .METRE. ) );
#4717 = ORIENTED_EDGE ( 'NONE', *, *, #4972, .F. ) ;
#4718 = EDGE_CURVE ( 'NONE', #5806, #986, #3328, .T. ) ;
#4719 = DIRECTION ( 'NONE',  ( -0.0000000000000000000, -1.200000000000000024E-16, -1.000000000000000000 ) ) ;
#4720 = DIRECTION ( 'NONE',  ( -0.0000000000000000000, 2.199999999999999757E-16, 1.000000000000000000 ) ) ;
#4721 = CARTESIAN_POINT ( 'NONE',  ( -0.2995541401269999904, -0.3837579617830000345, 0.005000000000000000104 ) ) ;
#4722 = PRESENTATION_LAYER_ASSIGNMENT (  '', '', ( #4838 ) ) ;
#4723 = FILL_AREA_STYLE_COLOUR ( '', #5604 ) ;
#4724 = DIRECTION ( 'NONE',  ( 0.0000000000000000000, 0.0000000000000000000, 1.000000000000000000 ) ) ;
#4725 = VERTEX_POINT ( 'NONE', #538 ) ;
#4726 = CARTESIAN_POINT ( 'NONE',  ( -0.2873248407640000002, -0.4978980891720000690, 0.0009999999999999998040 ) ) ;
#4727 = DIRECTION ( 'NONE',  ( -1.000000000000000000, -0.0000000000000000000, -0.0000000000000000000 ) ) ;
#4728 = VECTOR ( 'NONE', #5176, 1000.000000000000000 ) ;
#4729 = B_SPLINE_CURVE_WITH_KNOTS ( 'NONE', 3,
 ( #6758, #2360, #90, #1743 ),
 .UNSPECIFIED., .F., .F.,
 ( 4, 4 ),
 ( 0.0000000000000000000, 1.000000000000000000 ),
 .UNSPECIFIED. ) ;
#4730 = CARTESIAN_POINT ( 'NONE',  ( 0.9237154989383333792, -0.07755838641204666761, 0.8000000000000000444 ) ) ;
#4731 = SURFACE_STYLE_USAGE ( .BOTH. , #4072 ) ;
#4732 = VECTOR ( 'NONE', #6784, 1000.000000000000000 ) ;
#4733 = CARTESIAN_POINT ( 'NONE',  ( 0.8489808917200001304, 0.2440127388540000164, 0.0009999999999999998040 ) ) ;
#4734 = ORIENTED_EDGE ( 'NONE', *, *, #2886, .T. ) ;
#4735 = FACE_OUTER_BOUND ( 'NONE', #906, .T. ) ;
#4736 = SURFACE_SIDE_STYLE ('',( #2002 ) ) ;
#4737 = ORIENTED_EDGE ( 'NONE', *, *, #548, .T. ) ;
#4738 = CARTESIAN_POINT ( 'NONE',  ( 0.6888110403396666692, 0.2103821656046666599, 0.0000000000000000000 ) ) ;
#4739 = CARTESIAN_POINT ( 'NONE',  ( 0.7638853503180000892, 0.2970063694269999832, 0.0009999999999999998040 ) ) ;
#4740 = EDGE_CURVE ( 'NONE', #1017, #4402, #5522, .T. ) ;
#4741 = CARTESIAN_POINT ( 'NONE',  ( -0.04681528662420000875, -0.2363694267520000392, 0.7990000000000000435 ) ) ;
#4742 = ORIENTED_EDGE ( 'NONE', *, *, #5697, .T. ) ;
#4743 = ORIENTED_EDGE ( 'NONE', *, *, #2403, .F. ) ;
#4744 = CARTESIAN_POINT ( 'NONE',  ( -0.5100000000000000089, -0.3878343949040000127, 0.0000000000000000000 ) ) ;
#4745 = ORIENTED_EDGE ( 'NONE', *, *, #5661, .F. ) ;
#4746 = CARTESIAN_POINT ( 'NONE',  ( 0.3582802547769999846, 0.06681528662419999876, 0.8000000000000000444 ) ) ;
#4747 = VECTOR ( 'NONE', #4707, 1000.000000000000000 ) ;
#4748 = EDGE_CURVE ( 'NONE', #5448, #5806, #4425, .T. ) ;
#4749 = ORIENTED_EDGE ( 'NONE', *, *, #3147, .F. ) ;
#4750 = CARTESIAN_POINT ( 'NONE',  ( -1.699999999999999956, 0.8499999999999999778, 0.5250000000000000222 ) ) ;
#4751 = EDGE_LOOP ( 'NONE', ( #6687, #2255, #262, #6150 ) ) ;
#4752 = LINE ( 'NONE', #1330, #5680 ) ;
#4753 = CARTESIAN_POINT ( 'NONE',  ( -1.199999999999999956, -0.8499999999999999778, 0.1250000000000000000 ) ) ;
#4754 = CARTESIAN_POINT ( 'NONE',  ( 1.699999999999999956, -0.8499999999999999778, 0.0000000000000000000 ) ) ;
#4755 = EDGE_CURVE ( 'NONE', #170, #1067, #663, .T. ) ;
#4756 = ADVANCED_FACE ( 'NONE', ( #7049 ), #6596, .T. ) ;
#4757 = CARTESIAN_POINT ( 'NONE',  ( 0.4975583864116667199, -0.3403184713376666282, 0.8000000000000000444 ) ) ;
#4758 = CARTESIAN_POINT ( 'NONE',  ( -1.199999999999999956, 0.8490000000000001990, 0.6750000000000000444 ) ) ;
#4759 = ORIENTED_EDGE ( 'NONE', *, *, #4117, .T. ) ;
#4760 = FACE_OUTER_BOUND ( 'NONE', #1361, .T. ) ;
#4761 = CARTESIAN_POINT ( 'NONE',  ( -0.5196815286620000141, -0.2287261146500000064, 0.8000000000000000444 ) ) ;
#4762 = SURFACE_STYLE_FILL_AREA ( #444 ) ;
#4763 = FILL_AREA_STYLE ('',( #705 ) ) ;
#4764 = MECHANICAL_DESIGN_GEOMETRIC_PRESENTATION_REPRESENTATION (  '', ( #447 ), #2202 ) ;
#4765 = B_SPLINE_SURFACE_WITH_KNOTS ( 'NONE', 2, 1, ( 
 ( #2583, #817 ),
 ( #1931, #5844 ),
 ( #2472, #6383 ) ),
 .UNSPECIFIED., .F., .F., .F.,
 ( 3, 3 ),
 ( 2, 2 ),
 ( 0.0000000000000000000, 1.000000000000000000 ),
 ( 0.0000000000000000000, 1.000000000000000000 ),
 .UNSPECIFIED. ) ;
#4766 = LINE ( 'NONE', #3637, #6409 ) ;
#4767 = EDGE_LOOP ( 'NONE', ( #1481, #1462, #2848, #6245 ) ) ;
#4768 = CARTESIAN_POINT ( 'NONE',  ( 0.7322929936309999777, -0.1594267515920000100, 0.8000000000000000444 ) ) ;
#4769 =( LENGTH_UNIT ( ) NAMED_UNIT ( * ) SI_UNIT ( .MILLI., .METRE. ) );
#4770 = ORIENTED_EDGE ( 'NONE', *, *, #1727, .T. ) ;
#4771 = CARTESIAN_POINT ( 'NONE',  ( 0.3592993630569999985, -0.3674522292990000105, 0.0009999999999999998040 ) ) ;
#4772 = LINE ( 'NONE', #1352, #1313 ) ;
#4773 = AXIS2_PLACEMENT_3D ( 'NONE', #250, #2012, #1980 ) ;
#4774 = CARTESIAN_POINT ( 'NONE',  ( -0.2995541401269999904, 0.3837579617830000345, 0.7990000000000000435 ) ) ;
#4775 =( NAMED_UNIT ( * ) SI_UNIT ( $, .STERADIAN. ) SOLID_ANGLE_UNIT ( ) );
#4776 = ORIENTED_EDGE ( 'NONE', *, *, #5710, .F. ) ;
#4777 = UNCERTAINTY_MEASURE_WITH_UNIT (LENGTH_MEASURE( 1.000000000000000082E-05 ), #4716, 'distance_accuracy_value', 'NONE');
#4778 = ORIENTED_EDGE ( 'NONE', *, *, #1962, .T. ) ;
#4779 = DIRECTION ( 'NONE',  ( 0.0000000000000000000, 0.0000000000000000000, 1.000000000000000000 ) ) ;
#4780 = STYLED_ITEM ( 'NONE', ( #3350 ), #1624 ) ;
#4781 = FACE_OUTER_BOUND ( 'NONE', #1893, .T. ) ;
#4782 = ORIENTED_EDGE ( 'NONE', *, *, #3306, .T. ) ;
#4783 = DIRECTION ( 'NONE',  ( -0.0000000000000000000, -0.0000000000000000000, -1.000000000000000000 ) ) ;
#4784 = ORIENTED_EDGE ( 'NONE', *, *, #2439, .F. ) ;
#4785 = FACE_OUTER_BOUND ( 'NONE', #5054, .T. ) ;
#4786 = CARTESIAN_POINT ( 'NONE',  ( -1.699999999999999956, 0.5500000000000000444, 0.2750000000000000222 ) ) ;
#4787 = ORIENTED_EDGE ( 'NONE', *, *, #5849, .F. ) ;
#4788 = DIRECTION ( 'NONE',  ( 1.000000000000000000, 0.0000000000000000000, 0.0000000000000000000 ) ) ;
#4789 = VERTEX_POINT ( 'NONE', #1059 ) ;
#4790 = LINE ( 'NONE', #6491, #141 ) ;
#4791 = EDGE_CURVE ( 'NONE', #6069, #2371, #6813, .T. ) ;
#4792 = DIRECTION ( 'NONE',  ( -0.0000000000000000000, -1.000000000000000000, 0.0000000000000000000 ) ) ;
#4793 = CARTESIAN_POINT ( 'NONE',  ( 0.4214649681529999969, 0.1619745222929999950, 0.0000000000000000000 ) ) ;
#4794 = VECTOR ( 'NONE', #1491, 1000.000000000000000 ) ;
#4795 = EDGE_CURVE ( 'NONE', #4416, #6870, #3860, .T. ) ;
#4796 = CARTESIAN_POINT ( 'NONE',  ( 1.699999999999999956, -0.8499999999999999778, 0.8000000000000000444 ) ) ;
#4797 = CARTESIAN_POINT ( 'NONE',  ( -1.699999999999999956, -0.3500000000001428635, 0.8000000000000000444 ) ) ;
#4798 = CARTESIAN_POINT ( 'NONE',  ( 0.4260509554140000099, 0.3027388535030000605, 0.7990000000000000435 ) ) ;
#4799 = EDGE_CURVE ( 'NONE', #2270, #183, #736, .T. ) ;
#4800 =( NAMED_UNIT ( * ) SI_UNIT ( $, .STERADIAN. ) SOLID_ANGLE_UNIT ( ) );
#4801 = VECTOR ( 'NONE', #6568, 1000.000000000000000 ) ;
#4802 = CARTESIAN_POINT ( 'NONE',  ( 0.7638853503180000892, 0.2970063694269999832, 0.0000000000000000000 ) ) ;
#4803 = ORIENTED_EDGE ( 'NONE', *, *, #4712, .F. ) ;
#4804 = CARTESIAN_POINT ( 'NONE',  ( 0.5845222929940000478, 0.3499999999999999778, 0.0000000000000000000 ) ) ;
#4805 = VECTOR ( 'NONE', #4387, 1000.000000000000000 ) ;
#4806 = CARTESIAN_POINT ( 'NONE',  ( -1.699000000000000288, 0.5500000000000000444, 0.2750000000000000222 ) ) ;
#4807 = EDGE_LOOP ( 'NONE', ( #4171, #3363, #4349, #934 ) ) ;
#4808 = CARTESIAN_POINT ( 'NONE',  ( 0.2339490445859999934, -0.4978980891720000690, 0.0000000000000000000 ) ) ;
#4809 = EDGE_CURVE ( 'NONE', #3916, #1170, #1648, .T. ) ;
#4810 =( NAMED_UNIT ( * ) PLANE_ANGLE_UNIT ( ) SI_UNIT ( $, .RADIAN. ) );
#4811 =( LENGTH_UNIT ( ) NAMED_UNIT ( * ) SI_UNIT ( .MILLI., .METRE. ) );
#4812 = COLOUR_RGB ( '',0.8000000000000000444, 0.8000000000000000444, 0.8000000000000000444 ) ;
#4813 = VECTOR ( 'NONE', #2820, 1000.000000000000000 ) ;
#4814 = CARTESIAN_POINT ( 'NONE',  ( 0.9386624203819999845, 0.08006369426751999696, 0.8000000000000000444 ) ) ;
#4815 =( LENGTH_UNIT ( ) NAMED_UNIT ( * ) SI_UNIT ( .MILLI., .METRE. ) );
#4816 = ORIENTED_EDGE ( 'NONE', *, *, #376, .F. ) ;
#4817 = VERTEX_POINT ( 'NONE', #6663 ) ;
#4818 = DIRECTION ( 'NONE',  ( -0.0000000000000000000, -0.0000000000000000000, 1.000000000000000000 ) ) ;
#4819 = CARTESIAN_POINT ( 'NONE',  ( 1.449999999999999956, 0.8499999999999999778, 0.5250000000000000222 ) ) ;
#4820 = DIRECTION ( 'NONE',  ( -0.0000000000000000000, 0.0000000000000000000, 1.000000000000000000 ) ) ;
#4821 = EDGE_LOOP ( 'NONE', ( #1689, #4784, #6190, #3003, #366 ) ) ;
#4822 = PRESENTATION_STYLE_ASSIGNMENT (( #7184 ) ) ;
#4823 = LINE ( 'NONE', #2747, #4328 ) ;
#4824 = ORIENTED_EDGE ( 'NONE', *, *, #1861, .T. ) ;
#4825 = B_SPLINE_SURFACE_WITH_KNOTS ( 'NONE', 2, 1, ( 
 ( #5281, #1961 ),
 ( #4178, #5876 ),
 ( #3093, #7086 ) ),
 .UNSPECIFIED., .F., .F., .F.,
 ( 3, 3 ),
 ( 2, 2 ),
 ( 0.0000000000000000000, 1.000000000000000000 ),
 ( 0.0000000000000000000, 1.000000000000000000 ),
 .UNSPECIFIED. ) ;
#4826 = CARTESIAN_POINT ( 'NONE',  ( 0.2339490445859999934, -0.4978980891720000690, 0.005000000000000000104 ) ) ;
#4827 = ORIENTED_EDGE ( 'NONE', *, *, #2532, .T. ) ;
#4828 = CARTESIAN_POINT ( 'NONE',  ( -1.699999999999999956, -0.3500000000001428635, 0.0000000000000000000 ) ) ;
#4829 = AXIS2_PLACEMENT_3D ( 'NONE', #2353, #6266, #3016 ) ;
#4830 = DIRECTION ( 'NONE',  ( -0.0000000000000000000, 0.0000000000000000000, -1.000000000000000000 ) ) ;
#4831 = EDGE_CURVE ( 'NONE', #1434, #1701, #6625, .T. ) ;
#4832 = SURFACE_SIDE_STYLE ('',( #7233 ) ) ;
#4833 = ORIENTED_EDGE ( 'NONE', *, *, #6022, .F. ) ;
#4834 = DIRECTION ( 'NONE',  ( -0.0000000000000000000, -0.0000000000000000000, -1.000000000000000000 ) ) ;
#4835 = CARTESIAN_POINT ( 'NONE',  ( 0.3582802547769999846, 0.2217197452230000032, 0.7990000000000000435 ) ) ;
#4836 = B_SPLINE_CURVE_WITH_KNOTS ( 'NONE', 3,
 ( #3064, #5294, #5543, #2070 ),
 .UNSPECIFIED., .F., .F.,
 ( 4, 4 ),
 ( 0.0000000000000000000, 1.000000000000000000 ),
 .UNSPECIFIED. ) ;
#4837 =( NAMED_UNIT ( * ) PLANE_ANGLE_UNIT ( ) SI_UNIT ( $, .RADIAN. ) );
#4838 = STYLED_ITEM ( 'NONE', ( #6220 ), #6186 ) ;
#4839 = DIRECTION ( 'NONE',  ( 0.0000000000000000000, -2.199999999999999757E-16, -1.000000000000000000 ) ) ;
#4840 = EDGE_CURVE ( 'NONE', #1681, #1367, #3291, .T. ) ;
#4841 = ORIENTED_EDGE ( 'NONE', *, *, #3117, .F. ) ;
#4842 = STYLED_ITEM ( 'NONE', ( #492 ), #6339 ) ;
#4843 = FACE_OUTER_BOUND ( 'NONE', #7265, .T. ) ;
#4844 = DIRECTION ( 'NONE',  ( 0.0000000000000000000, 0.0000000000000000000, -1.000000000000000000 ) ) ;
#4845 = ORIENTED_EDGE ( 'NONE', *, *, #5466, .T. ) ;
#4846 = LINE ( 'NONE', #3781, #1079 ) ;
#4847 = CARTESIAN_POINT ( 'NONE',  ( 0.8938216560509999464, -0.1441401273890000057, 0.7990000000000000435 ) ) ;
#4848 = DIRECTION ( 'NONE',  ( -1.000000000000000000, 0.0000000000000000000, -0.0000000000000000000 ) ) ;
#4849 = EDGE_CURVE ( 'NONE', #7175, #690, #6333, .T. ) ;
#4850 =( GEOMETRIC_REPRESENTATION_CONTEXT ( 3 ) GLOBAL_UNCERTAINTY_ASSIGNED_CONTEXT ( ( #2672 ) ) GLOBAL_UNIT_ASSIGNED_CONTEXT ( ( #1297, #3020, #6456 ) ) REPRESENTATION_CONTEXT ( 'NONE', 'WORKASPACE' ) );
#4851 = B_SPLINE_CURVE_WITH_KNOTS ( 'NONE', 3,
 ( #490, #5467, #5434, #420 ),
 .UNSPECIFIED., .F., .F.,
 ( 4, 4 ),
 ( 0.0000000000000000000, 1.000000000000000000 ),
 .UNSPECIFIED. ) ;
#4852 = LINE ( 'NONE', #5822, #547 ) ;
#4853 = EDGE_CURVE ( 'NONE', #2924, #5756, #1712, .T. ) ;
#4854 = CARTESIAN_POINT ( 'NONE',  ( 0.01585987135440719217, -0.3023991492145405302, 0.001000000000000000021 ) ) ;
#4855 = ORIENTED_EDGE ( 'NONE', *, *, #6837, .F. ) ;
#4856 = UNCERTAINTY_MEASURE_WITH_UNIT (LENGTH_MEASURE( 1.000000000000000082E-05 ), #4301, 'distance_accuracy_value', 'NONE');
#4857 = ORIENTED_EDGE ( 'NONE', *, *, #2126, .T. ) ;
#4858 = VECTOR ( 'NONE', #6010, 1000.000000000000000 ) ;
#4859 = FILL_AREA_STYLE ('',( #1581 ) ) ;
#4860 = SURFACE_STYLE_USAGE ( .BOTH. , #912 ) ;
#4861 = COLOUR_RGB ( '',0.7372549019607843590, 0.6039215686274509443, 0.0000000000000000000 ) ;
#4862 = ORIENTED_EDGE ( 'NONE', *, *, #7044, .F. ) ;
#4863 = DIRECTION ( 'NONE',  ( 1.000000000000000000, 0.0000000000000000000, 0.0000000000000000000 ) ) ;
#4864 = ORIENTED_EDGE ( 'NONE', *, *, #6743, .T. ) ;
#4865 = CARTESIAN_POINT ( 'NONE',  ( -1.699999999999999956, 0.8499999999999999778, 0.0000000000000000000 ) ) ;
#4866 = EDGE_LOOP ( 'NONE', ( #855, #4291, #1488, #99 ) ) ;
#4867 = COLOUR_RGB ( '',0.8000000000000000444, 0.8000000000000000444, 0.8000000000000000444 ) ;
#4868 = CARTESIAN_POINT ( 'NONE',  ( 0.7322929936309999777, -0.1594267515920000100, 0.7990000000000000435 ) ) ;
#4869 = CARTESIAN_POINT ( 'NONE',  ( -0.2455414029086313843, 0.2358598674173417453, 0.001000000000000000021 ) ) ;
#4870 = PRESENTATION_STYLE_ASSIGNMENT (( #6052 ) ) ;
#4871 = ORIENTED_EDGE ( 'NONE', *, *, #2802, .F. ) ;
#4872 = LINE ( 'NONE', #4439, #6498 ) ;
#4873 = PLANE ( 'NONE',  #2707 ) ;
#4874 = CARTESIAN_POINT ( 'NONE',  ( 1.699999999999999956, -0.8499999999999999778, 0.0000000000000000000 ) ) ;
#4875 = EDGE_CURVE ( 'NONE', #397, #1226, #5523, .T. ) ;
#4876 = CARTESIAN_POINT ( 'NONE',  ( 0.7322929936309999777, -0.1594267515920000100, 0.8000000000000000444 ) ) ;
#4877 = ORIENTED_EDGE ( 'NONE', *, *, #1754, .F. ) ;
#4878 = SURFACE_STYLE_FILL_AREA ( #6060 ) ;
#4879 = DIRECTION ( 'NONE',  ( -1.000000000000000000, -0.0000000000000000000, -0.0000000000000000000 ) ) ;
#4880 = CARTESIAN_POINT ( 'NONE',  ( -0.9250000000000002665, 0.8400000000000000799, 0.7750000000000001332 ) ) ;
#4881 = ORIENTED_EDGE ( 'NONE', *, *, #6067, .T. ) ;
#4882 = SURFACE_SIDE_STYLE ('',( #1011 ) ) ;
#4883 = EDGE_CURVE ( 'NONE', #4597, #1019, #1492, .T. ) ;
#4884 = FACE_OUTER_BOUND ( 'NONE', #6309, .T. ) ;
#4885 = CARTESIAN_POINT ( 'NONE',  ( -1.699000000000000288, -0.8490000000000000879, 0.4000000000000000222 ) ) ;
#4886 = MECHANICAL_DESIGN_GEOMETRIC_PRESENTATION_REPRESENTATION (  '', ( #1516 ), #4426 ) ;
#4887 = B_SPLINE_SURFACE_WITH_KNOTS ( 'NONE', 2, 1, ( 
 ( #1784, #6207 ),
 ( #1161, #5698 ),
 ( #3388, #606 ) ),
 .UNSPECIFIED., .F., .F., .F.,
 ( 3, 3 ),
 ( 2, 2 ),
 ( 0.0000000000000000000, 1.000000000000000000 ),
 ( 0.0000000000000000000, 1.000000000000000000 ),
 .UNSPECIFIED. ) ;
#4888 = CARTESIAN_POINT ( 'NONE',  ( -0.4116560509553333636, -0.3577707006366666609, 0.0000000000000000000 ) ) ;
#4889 = VERTEX_POINT ( 'NONE', #5080 ) ;
#4890 = EDGE_CURVE ( 'NONE', #3325, #552, #5596, .T. ) ;
#4891 = ORIENTED_EDGE ( 'NONE', *, *, #6156, .T. ) ;
#4892 =( NAMED_UNIT ( * ) SI_UNIT ( $, .STERADIAN. ) SOLID_ANGLE_UNIT ( ) );
#4893 = SURFACE_STYLE_USAGE ( .BOTH. , #2605 ) ;
#4894 = EDGE_CURVE ( 'NONE', #6659, #2245, #1753, .T. ) ;
#4895 = B_SPLINE_CURVE_WITH_KNOTS ( 'NONE', 3,
 ( #4098, #1405, #4142, #1445 ),
 .UNSPECIFIED., .F., .F.,
 ( 4, 4 ),
 ( 0.0000000000000000000, 1.000000000000000000 ),
 .UNSPECIFIED. ) ;
#4896 = CARTESIAN_POINT ( 'NONE',  ( 0.9386624203819999845, -0.1962420382170000088, 0.0009999999999999998040 ) ) ;
#4897 = DIRECTION ( 'NONE',  ( 1.000000000000000000, 0.0000000000000000000, 0.0000000000000000000 ) ) ;
#4898 = ORIENTED_EDGE ( 'NONE', *, *, #6022, .T. ) ;
#4899 = VECTOR ( 'NONE', #5364, 1000.000000000000000 ) ;
#4900 =( LENGTH_UNIT ( ) NAMED_UNIT ( * ) SI_UNIT ( .MILLI., .METRE. ) );
#4901 = CARTESIAN_POINT ( 'NONE',  ( 1.699000000000000288, 0.8490000000000000879, 0.4000000000000000222 ) ) ;
#4902 = ORIENTED_EDGE ( 'NONE', *, *, #244, .F. ) ;
#4903 = DIRECTION ( 'NONE',  ( -0.0000000000000000000, 1.000000000000000000, 0.0000000000000000000 ) ) ;
#4904 = VERTEX_POINT ( 'NONE', #2333 ) ;
#4905 =( NAMED_UNIT ( * ) SI_UNIT ( $, .STERADIAN. ) SOLID_ANGLE_UNIT ( ) );
#4906 = EDGE_CURVE ( 'NONE', #2040, #3385, #4566, .T. ) ;
#4907 = CARTESIAN_POINT ( 'NONE',  ( -0.9250000000000001554, 0.8400000000000000799, 0.02450000000000000094 ) ) ;
#4908 = VECTOR ( 'NONE', #3776, 1000.000000000000000 ) ;
#4909 = FILL_AREA_STYLE ('',( #2175 ) ) ;
#4910 = ORIENTED_EDGE ( 'NONE', *, *, #282, .F. ) ;
#4911 = CARTESIAN_POINT ( 'NONE',  ( 0.9386624203819999845, 0.08006369426751999696, 0.8000000000000000444 ) ) ;
#4912 = LINE ( 'NONE', #6679, #833 ) ;
#4913 = PLANE ( 'NONE',  #4576 ) ;
#4914 = DIRECTION ( 'NONE',  ( 0.0000000000000000000, 1.000000000000000000, -2.199999999999999757E-16 ) ) ;
#4915 = CARTESIAN_POINT ( 'NONE',  ( 0.007707006369427000028, -0.3282165605099999772, 0.0000000000000000000 ) ) ;
#4916 = CARTESIAN_POINT ( 'NONE',  ( 0.3592993630569999985, -0.3674522292990000105, 0.0009999999999999998040 ) ) ;
#4917 = CARTESIAN_POINT ( 'NONE',  ( 7.000000000000000347E-17, 0.8490000000000000879, 0.2750000000000000222 ) ) ;
#4918 = DIRECTION ( 'NONE',  ( -1.299999999999999924E-16, 1.000000000000000000, 0.0000000000000000000 ) ) ;
#4919 = CARTESIAN_POINT ( 'NONE',  ( -1.199999999999999956, -0.8499999999999999778, 0.6750000000000000444 ) ) ;
#4920 =( GEOMETRIC_REPRESENTATION_CONTEXT ( 3 ) GLOBAL_UNCERTAINTY_ASSIGNED_CONTEXT ( ( #1841 ) ) GLOBAL_UNIT_ASSIGNED_CONTEXT ( ( #3170, #6580, #5510 ) ) REPRESENTATION_CONTEXT ( 'NONE', 'WORKASPACE' ) );
#4921 = AXIS2_PLACEMENT_3D ( 'NONE', #623, #6825, #44 ) ;
#4922 = CARTESIAN_POINT ( 'NONE',  ( 0.8489808917200001304, -0.2440127388540000164, 0.8000000000000000444 ) ) ;
#4923 = SURFACE_STYLE_USAGE ( .BOTH. , #2700 ) ;
#4924 = MECHANICAL_DESIGN_GEOMETRIC_PRESENTATION_REPRESENTATION (  '', ( #367 ), #3172 ) ;
#4925 = PLANE ( 'NONE',  #6294 ) ;
#4926 = CARTESIAN_POINT ( 'NONE',  ( -0.2995541401269999904, -0.3837579617830000345, 0.0000000000000000000 ) ) ;
#4927 = EDGE_CURVE ( 'NONE', #6373, #6069, #2366, .T. ) ;
#4928 = UNCERTAINTY_MEASURE_WITH_UNIT (LENGTH_MEASURE( 1.000000000000000082E-05 ), #518, 'distance_accuracy_value', 'NONE');
#4929 = ORIENTED_EDGE ( 'NONE', *, *, #6658, .F. ) ;
#4930 = CARTESIAN_POINT ( 'NONE',  ( -0.4814649681529999947, 0.1298726114650000096, 0.0000000000000000000 ) ) ;
#4931 = DIRECTION ( 'NONE',  ( 1.000000000000000000, 0.0000000000000000000, 0.0000000000000000000 ) ) ;
#4932 = PRESENTATION_LAYER_ASSIGNMENT (  '', '', ( #4696 ) ) ;
#4933 = PRESENTATION_LAYER_ASSIGNMENT (  '', '', ( #6927 ) ) ;
#4934 = CARTESIAN_POINT ( 'NONE',  ( 0.8938216560509999464, -0.1441401273890000057, 0.7990000000000000435 ) ) ;
#4935 = EDGE_CURVE ( 'NONE', #4033, #2111, #4600, .T. ) ;
#4936 = CARTESIAN_POINT ( 'NONE',  ( 0.9386624203819999845, -0.08006369426751999696, 0.0009999999999999998040 ) ) ;
#4937 = ORIENTED_EDGE ( 'NONE', *, *, #3938, .T. ) ;
#4938 = ADVANCED_FACE ( 'NONE', ( #6145 ), #5188, .T. ) ;
#4939 = COLOUR_RGB ( '',0.8000000000000000444, 0.8000000000000000444, 0.8000000000000000444 ) ;
#4940 = FILL_AREA_STYLE_COLOUR ( '', #4019 ) ;
#4941 = PLANE ( 'NONE',  #3731 ) ;
#4942 = ORIENTED_EDGE ( 'NONE', *, *, #1643, .T. ) ;
#4943 = ORIENTED_EDGE ( 'NONE', *, *, #6551, .T. ) ;
#4944 = DIRECTION ( 'NONE',  ( -1.000000000000000000, 0.0000000000000000000, -0.0000000000000000000 ) ) ;
#4945 = CARTESIAN_POINT ( 'NONE',  ( 0.5947133757960000322, 0.4978980891720000690, 0.8000000000000000444 ) ) ;
#4946 = EDGE_CURVE ( 'NONE', #7152, #1885, #4458, .T. ) ;
#4947 = CYLINDRICAL_SURFACE ( 'NONE', #4671, 0.02400000000000000050 ) ;
#4948 = ORIENTED_EDGE ( 'NONE', *, *, #3717, .F. ) ;
#4949 = CARTESIAN_POINT ( 'NONE',  ( 0.02214437367303997636, -0.1602760084926666828, 0.8000000000000000444 ) ) ;
#4950 = DIRECTION ( 'NONE',  ( 0.0000000000000000000, -1.200000000000000024E-16, -1.000000000000000000 ) ) ;
#4951 = CARTESIAN_POINT ( 'NONE',  ( 0.4591719745220000370, 0.4652866242039999656, 0.8000000000000000444 ) ) ;
#4952 = LINE ( 'NONE', #2657, #5056 ) ;
#4953 = B_SPLINE_SURFACE_WITH_KNOTS ( 'NONE', 2, 1, ( 
 ( #4437, #2345 ),
 ( #1219, #1767 ),
 ( #2784, #6260 ) ),
 .UNSPECIFIED., .F., .F., .F.,
 ( 3, 3 ),
 ( 2, 2 ),
 ( 0.0000000000000000000, 1.000000000000000000 ),
 ( 0.0000000000000000000, 1.000000000000000000 ),
 .UNSPECIFIED. ) ;
#4954 = STYLED_ITEM ( 'NONE', ( #852 ), #5485 ) ;
#4955 = FILL_AREA_STYLE ('',( #7203 ) ) ;
#4956 = DIRECTION ( 'NONE',  ( -1.000000000000000000, 0.0000000000000000000, 0.0000000000000000000 ) ) ;
#4957 =( LENGTH_UNIT ( ) NAMED_UNIT ( * ) SI_UNIT ( .MILLI., .METRE. ) );
#4958 = DIRECTION ( 'NONE',  ( 0.0000000000000000000, -1.000000000000000000, 2.199999999999999757E-16 ) ) ;
#4959 = B_SPLINE_SURFACE_WITH_KNOTS ( 'NONE', 2, 1, ( 
 ( #6146, #1649 ),
 ( #5486, #4896 ),
 ( #433, #4936 ) ),
 .UNSPECIFIED., .F., .F., .F.,
 ( 3, 3 ),
 ( 2, 2 ),
 ( 0.0000000000000000000, 1.000000000000000000 ),
 ( 0.0000000000000000000, 1.000000000000000000 ),
 .UNSPECIFIED. ) ;
#4960 = VERTEX_POINT ( 'NONE', #4082 ) ;
#4961 = FACE_OUTER_BOUND ( 'NONE', #1440, .T. ) ;
#4962 = DIRECTION ( 'NONE',  ( -1.000000000000000000, -0.0000000000000000000, -0.0000000000000000000 ) ) ;
#4963 = FILL_AREA_STYLE_COLOUR ( '', #4107 ) ;
#4964 = COLOUR_RGB ( '',0.0000000000000000000, 0.0000000000000000000, 0.0000000000000000000 ) ;
#4965 = LINE ( 'NONE', #5475, #5120 ) ;
#4966 =( NAMED_UNIT ( * ) PLANE_ANGLE_UNIT ( ) SI_UNIT ( $, .RADIAN. ) );
#4967 = ORIENTED_EDGE ( 'NONE', *, *, #2267, .T. ) ;
#4968 = SURFACE_STYLE_USAGE ( .BOTH. , #1093 ) ;
#4969 =( NAMED_UNIT ( * ) PLANE_ANGLE_UNIT ( ) SI_UNIT ( $, .RADIAN. ) );
#4970 = AXIS2_PLACEMENT_3D ( 'NONE', #3777, #1044, #1122 ) ;
#4971 = CARTESIAN_POINT ( 'NONE',  ( -0.9020000000000000240, 3.000000000000000061E-17, 0.001000000000000000021 ) ) ;
#4972 = EDGE_CURVE ( 'NONE', #825, #1966, #3969, .T. ) ;
#4973 = DIRECTION ( 'NONE',  ( 0.0000000000000000000, 0.0000000000000000000, 1.000000000000000000 ) ) ;
#4974 = VERTEX_POINT ( 'NONE', #6951 ) ;
#4975 = CARTESIAN_POINT ( 'NONE',  ( -1.699999999999999956, 0.5500000000000000444, 0.0000000000000000000 ) ) ;
#4976 = LINE ( 'NONE', #7224, #1179 ) ;
#4977 = EDGE_LOOP ( 'NONE', ( #5363, #4465, #4700, #2495, #6120, #2463 ) ) ;
#4978 = ORIENTED_EDGE ( 'NONE', *, *, #1814, .F. ) ;
#4979 = PRESENTATION_LAYER_ASSIGNMENT (  '', '', ( #4513 ) ) ;
#4980 = CARTESIAN_POINT ( 'NONE',  ( 0.7980254777070000527, 0.07802547770701000196, 0.7990000000000000435 ) ) ;
#4981 = FACE_OUTER_BOUND ( 'NONE', #345, .T. ) ;
#4982 = CARTESIAN_POINT ( 'NONE',  ( -0.5100000000000000089, 0.3878343949040000127, 0.7990000000000000435 ) ) ;
#4983 = DIRECTION ( 'NONE',  ( -0.0000000000000000000, 0.0000000000000000000, 1.000000000000000000 ) ) ;
#4984 = SURFACE_STYLE_FILL_AREA ( #2759 ) ;
#4985 = EDGE_CURVE ( 'NONE', #4725, #2730, #5903, .T. ) ;
#4986 = LINE ( 'NONE', #3883, #4343 ) ;
#4987 = EDGE_CURVE ( 'NONE', #1768, #4960, #4772, .T. ) ;
#4988 = LINE ( 'NONE', #87, #7171 ) ;
#4989 = VECTOR ( 'NONE', #286, 1000.000000000000000 ) ;
#4990 = SURFACE_SIDE_STYLE ('',( #449 ) ) ;
#4991 = CARTESIAN_POINT ( 'NONE',  ( 0.7781528662419999742, 0.4443949044590000397, 0.7990000000000000435 ) ) ;
#4992 = DIRECTION ( 'NONE',  ( 0.0000000000000000000, 0.0000000000000000000, 1.000000000000000000 ) ) ;
#4993 = CARTESIAN_POINT ( 'NONE',  ( -0.3056687898089999744, -0.2358598726109999988, 0.8000000000000000444 ) ) ;
#4994 = B_SPLINE_CURVE_WITH_KNOTS ( 'NONE', 3,
 ( #2185, #3239, #3886, #4414 ),
 .UNSPECIFIED., .F., .F.,
 ( 4, 4 ),
 ( 0.0000000000000000000, 1.000000000000000000 ),
 .UNSPECIFIED. ) ;
#4995 = VERTEX_POINT ( 'NONE', #4739 ) ;
#4996 = CARTESIAN_POINT ( 'NONE',  ( 1.199999999999999956, -0.8400000000000000799, 0.7760000000000000231 ) ) ;
#4997 = CARTESIAN_POINT ( 'NONE',  ( 0.7338216560510000264, 0.3073248407640000179, 0.7990000000000000435 ) ) ;
#4998 = UNCERTAINTY_MEASURE_WITH_UNIT (LENGTH_MEASURE( 1.000000000000000082E-05 ), #2804, 'distance_accuracy_value', 'NONE');
#4999 = EDGE_LOOP ( 'NONE', ( #3795, #616, #1514, #4481 ) ) ;
#5000 = FACE_OUTER_BOUND ( 'NONE', #5013, .T. ) ;
#5001 = CARTESIAN_POINT ( 'NONE',  ( 1.199999999999999956, -0.8490000000000001990, 0.02500000000000000486 ) ) ;
#5002 = FILL_AREA_STYLE ('',( #2331 ) ) ;
#5003 = CARTESIAN_POINT ( 'NONE',  ( -0.4381528662420000608, 0.3499999999999999778, 0.0000000000000000000 ) ) ;
#5004 = VECTOR ( 'NONE', #5400, 1000.000000000000000 ) ;
#5005 = LINE ( 'NONE', #5561, #5695 ) ;
#5006 = VERTEX_POINT ( 'NONE', #4163 ) ;
#5007 = CARTESIAN_POINT ( 'NONE',  ( 0.3592993630569999985, -0.4978980891720000690, 0.0000000000000000000 ) ) ;
#5008 = VERTEX_POINT ( 'NONE', #1429 ) ;
#5009 = CARTESIAN_POINT ( 'NONE',  ( 0.4591719745220000370, 0.4652866242040000211, 0.7990000000000000435 ) ) ;
#5010 = PLANE ( 'NONE',  #2607 ) ;
#5011 = CARTESIAN_POINT ( 'NONE',  ( 0.2339490445859999934, 0.4978980891720000690, 0.7950000000000000400 ) ) ;
#5012 = AXIS2_PLACEMENT_3D ( 'NONE', #6246, #4560, #1823 ) ;
#5013 = EDGE_LOOP ( 'NONE', ( #4092, #6774, #2204, #6280, #33, #4592 ) ) ;
#5014 = SURFACE_STYLE_FILL_AREA ( #4057 ) ;
#5015 = ORIENTED_EDGE ( 'NONE', *, *, #4704, .T. ) ;
#5016 = EDGE_CURVE ( 'NONE', #882, #1971, #210, .T. ) ;
#5017 = CARTESIAN_POINT ( 'NONE',  ( 0.7766241995410717580, 0.2567091243477469531, 0.7990000000000000435 ) ) ;
#5018 = DIRECTION ( 'NONE',  ( 0.0000000000000000000, -1.000000000000000000, 1.200000000000000024E-16 ) ) ;
#5019 = CARTESIAN_POINT ( 'NONE',  ( 0.4965392781313334725, 0.4870276008493333308, 0.8000000000000000444 ) ) ;
#5020 = B_SPLINE_CURVE_WITH_KNOTS ( 'NONE', 3,
 ( #6644, #4444, #1633, #6090 ),
 .UNSPECIFIED., .F., .F.,
 ( 4, 4 ),
 ( 0.0000000000000000000, 1.000000000000000000 ),
 .UNSPECIFIED. ) ;
#5021 = DIRECTION ( 'NONE',  ( -1.000000000000000000, -0.0000000000000000000, -0.0000000000000000000 ) ) ;
#5022 = ADVANCED_FACE ( 'NONE', ( #1312 ), #4126, .T. ) ;
#5023 = DIRECTION ( 'NONE',  ( 0.0000000000000000000, 0.0000000000000000000, 1.000000000000000000 ) ) ;
#5024 = LINE ( 'NONE', #968, #79 ) ;
#5025 = DIRECTION ( 'NONE',  ( 0.0000000000000000000, 0.0000000000000000000, -1.000000000000000000 ) ) ;
#5026 = ORIENTED_EDGE ( 'NONE', *, *, #1318, .T. ) ;
#5027 = ADVANCED_FACE ( 'NONE', ( #4236 ), #6410, .T. ) ;
#5028 = CARTESIAN_POINT ( 'NONE',  ( -0.4814649681529999947, -0.1298726114650000096, 0.8000000000000000444 ) ) ;
#5029 = VERTEX_POINT ( 'NONE', #869 ) ;
#5030 = DIRECTION ( 'NONE',  ( 0.0000000000000000000, -0.0000000000000000000, -1.000000000000000000 ) ) ;
#5031 = LINE ( 'NONE', #4522, #3999 ) ;
#5032 =( GEOMETRIC_REPRESENTATION_CONTEXT ( 3 ) GLOBAL_UNCERTAINTY_ASSIGNED_CONTEXT ( ( #1505 ) ) GLOBAL_UNIT_ASSIGNED_CONTEXT ( ( #4769, #6985, #7024 ) ) REPRESENTATION_CONTEXT ( 'NONE', 'WORKASPACE' ) );
#5033 = CARTESIAN_POINT ( 'NONE',  ( -1.199999999999999956, 0.8499999999999999778, 0.7760000000000000231 ) ) ;
#5034 =( NAMED_UNIT ( * ) SI_UNIT ( $, .STERADIAN. ) SOLID_ANGLE_UNIT ( ) );
#5035 = CARTESIAN_POINT ( 'NONE',  ( 0.3592993630569999985, 0.4978980891720000690, 0.7990000000000000435 ) ) ;
#5036 = EDGE_CURVE ( 'NONE', #7141, #7089, #793, .T. ) ;
#5037 = PRESENTATION_LAYER_ASSIGNMENT (  '', '', ( #1301 ) ) ;
#5038 = ORIENTED_EDGE ( 'NONE', *, *, #426, .F. ) ;
#5039 = PLANE ( 'NONE',  #5509 ) ;
#5040 = CARTESIAN_POINT ( 'NONE',  ( 1.699999999999999956, -0.8499999999999999778, 0.0000000000000000000 ) ) ;
#5041 = LINE ( 'NONE', #4599, #5404 ) ;
#5042 = SURFACE_STYLE_USAGE ( .BOTH. , #2852 ) ;
#5043 = VECTOR ( 'NONE', #1116, 1000.000000000000000 ) ;
#5044 = COLOUR_RGB ( '',0.7372549019607843590, 0.6039215686274509443, 0.0000000000000000000 ) ;
#5045 = DIRECTION ( 'NONE',  ( 0.0000000000000000000, 0.0000000000000000000, -1.000000000000000000 ) ) ;
#5046 = DIRECTION ( 'NONE',  ( -0.0000000000000000000, -0.0000000000000000000, -1.000000000000000000 ) ) ;
#5047 = APPLICATION_CONTEXT ( 'automotive_design' ) ;
#5048 = ORIENTED_EDGE ( 'NONE', *, *, #2437, .T. ) ;
#5049 =( NAMED_UNIT ( * ) PLANE_ANGLE_UNIT ( ) SI_UNIT ( $, .RADIAN. ) );
#5050 = DIRECTION ( 'NONE',  ( 1.000000000000000000, 0.0000000000000000000, -0.0000000000000000000 ) ) ;
#5051 = ORIENTED_EDGE ( 'NONE', *, *, #965, .T. ) ;
#5052 =( GEOMETRIC_REPRESENTATION_CONTEXT ( 3 ) GLOBAL_UNCERTAINTY_ASSIGNED_CONTEXT ( ( #5720 ) ) GLOBAL_UNIT_ASSIGNED_CONTEXT ( ( #2564, #4206, #2496 ) ) REPRESENTATION_CONTEXT ( 'NONE', 'WORKASPACE' ) );
#5053 = CARTESIAN_POINT ( 'NONE',  ( 0.3592993630569999985, 0.3674522292990000105, 0.8000000000000000444 ) ) ;
#5054 = EDGE_LOOP ( 'NONE', ( #6381, #1033, #5185, #806 ) ) ;
#5055 = CARTESIAN_POINT ( 'NONE',  ( -0.08401274306581681117, -0.1801061515747658381, 0.001000000000000000021 ) ) ;
#5056 = VECTOR ( 'NONE', #2146, 1000.000000000000000 ) ;
#5057 = VECTOR ( 'NONE', #567, 1000.000000000000000 ) ;
#5058 = CARTESIAN_POINT ( 'NONE',  ( 0.8938216560509999464, 0.1441401273890000057, 0.0000000000000000000 ) ) ;
#5059 = CARTESIAN_POINT ( 'NONE',  ( 0.2339490445859999934, -0.6761146496819999685, 0.7990000000000000435 ) ) ;
#5060 = EDGE_LOOP ( 'NONE', ( #404, #6278, #5267, #4539 ) ) ;
#5061 = DIRECTION ( 'NONE',  ( 0.0000000000000000000, -1.000000000000000000, 0.0000000000000000000 ) ) ;
#5062 = CARTESIAN_POINT ( 'NONE',  ( 0.03216560509553999941, 0.2507643312100000244, 0.7990000000000000435 ) ) ;
#5063 = CARTESIAN_POINT ( 'NONE',  ( 0.6405732484076667177, -0.3837579617830000345, 0.0000000000000000000 ) ) ;
#5064 = ADVANCED_FACE ( 'NONE', ( #3527 ), #3073, .F. ) ;
#5065 = CARTESIAN_POINT ( 'NONE',  ( 0.4591719745220000926, -0.4652866242040000211, 0.0009999999999999998040 ) ) ;
#5066 = CARTESIAN_POINT ( 'NONE',  ( -0.1471974522289999920, -0.3083439490450000098, 0.0009999999999999998040 ) ) ;
#5067 = ORIENTED_EDGE ( 'NONE', *, *, #6682, .T. ) ;
#5068 = CARTESIAN_POINT ( 'NONE',  ( -1.199999999999999956, 0.8499999999999999778, 0.7750000000000001332 ) ) ;
#5069 = ORIENTED_EDGE ( 'NONE', *, *, #2384, .T. ) ;
#5070 = DIRECTION ( 'NONE',  ( 0.0000000000000000000, 1.000000000000000000, 0.0000000000000000000 ) ) ;
#5071 = MECHANICAL_DESIGN_GEOMETRIC_PRESENTATION_REPRESENTATION (  '', ( #4954 ), #3892 ) ;
#5072 = EDGE_CURVE ( 'NONE', #397, #7152, #1902, .T. ) ;
#5073 = LINE ( 'NONE', #57, #219 ) ;
#5074 = ORIENTED_EDGE ( 'NONE', *, *, #7150, .T. ) ;
#5075 = DIRECTION ( 'NONE',  ( -1.000000000000000000, 0.0000000000000000000, 0.0000000000000000000 ) ) ;
#5076 = VECTOR ( 'NONE', #1071, 1000.000000000000000 ) ;
#5077 = ORIENTED_EDGE ( 'NONE', *, *, #5252, .F. ) ;
#5078 =( NAMED_UNIT ( * ) PLANE_ANGLE_UNIT ( ) SI_UNIT ( $, .RADIAN. ) );
#5079 = DIRECTION ( 'NONE',  ( -0.0000000000000000000, -0.0000000000000000000, -1.000000000000000000 ) ) ;
#5080 = CARTESIAN_POINT ( 'NONE',  ( 1.699999999999999956, 0.5500000000000000444, 0.6750000000000000444 ) ) ;
#5081 = AXIS2_PLACEMENT_3D ( 'NONE', #766, #3086, #2461 ) ;
#5082 = EDGE_CURVE ( 'NONE', #2418, #5220, #7068, .T. ) ;
#5083 = SURFACE_STYLE_FILL_AREA ( #32 ) ;
#5084 = ORIENTED_EDGE ( 'NONE', *, *, #3204, .F. ) ;
#5085 = CARTESIAN_POINT ( 'NONE',  ( -0.3797239884122090570, -0.2358598655489301532, 0.7990000000000000435 ) ) ;
#5086 = ORIENTED_EDGE ( 'NONE', *, *, #3626, .T. ) ;
#5087 = PRESENTATION_LAYER_ASSIGNMENT (  '', '', ( #4842 ) ) ;
#5088 = ORIENTED_EDGE ( 'NONE', *, *, #6658, .T. ) ;
#5089 = LINE ( 'NONE', #148, #5640 ) ;
#5090 = VECTOR ( 'NONE', #6857, 1000.000000000000000 ) ;
#5091 = ORIENTED_EDGE ( 'NONE', *, *, #5607, .T. ) ;
#5092 = CARTESIAN_POINT ( 'NONE',  ( 1.699000000000000288, -0.5500000000000000444, 0.6750000000000000444 ) ) ;
#5093 = DIRECTION ( 'NONE',  ( 1.000000000000000000, 0.0000000000000000000, 0.0000000000000000000 ) ) ;
#5094 = ORIENTED_EDGE ( 'NONE', *, *, #5254, .T. ) ;
#5095 = CARTESIAN_POINT ( 'NONE',  ( 0.4612101910829999873, 0.3209554140129999844, 0.0000000000000000000 ) ) ;
#5096 = FILL_AREA_STYLE ('',( #1738 ) ) ;
#5097 = PLANE ( 'NONE',  #1430 ) ;
#5098 = PLANE ( 'NONE',  #3254 ) ;
#5099 = ORIENTED_EDGE ( 'NONE', *, *, #3985, .T. ) ;
#5100 = CARTESIAN_POINT ( 'NONE',  ( 0.3582802547769999846, -0.06681528662419999876, 0.0009999999999999998040 ) ) ;
#5101 = EDGE_LOOP ( 'NONE', ( #2689, #1086, #4181, #3047 ) ) ;
#5102 = ADVANCED_FACE ( 'NONE', ( #5369 ), #1642, .F. ) ;
#5103 =( GEOMETRIC_REPRESENTATION_CONTEXT ( 3 ) GLOBAL_UNCERTAINTY_ASSIGNED_CONTEXT ( ( #7074 ) ) GLOBAL_UNIT_ASSIGNED_CONTEXT ( ( #66, #3939, #1828 ) ) REPRESENTATION_CONTEXT ( 'NONE', 'WORKASPACE' ) );
#5104 = B_SPLINE_CURVE_WITH_KNOTS ( 'NONE', 3,
 ( #5118, #4433, #581, #37 ),
 .UNSPECIFIED., .F., .F.,
 ( 4, 4 ),
 ( 0.0000000000000000000, 1.000000000000000000 ),
 .UNSPECIFIED. ) ;
#5105 = DIRECTION ( 'NONE',  ( 0.0000000000000000000, 1.000000000000000000, -0.0000000000000000000 ) ) ;
#5106 = ORIENTED_EDGE ( 'NONE', *, *, #7055, .T. ) ;
#5107 = ORIENTED_EDGE ( 'NONE', *, *, #6589, .F. ) ;
#5108 = CARTESIAN_POINT ( 'NONE',  ( 0.4260509554140000654, -0.3027388535030000605, 0.001000000000000000021 ) ) ;
#5109 = EDGE_CURVE ( 'NONE', #6833, #4378, #4490, .T. ) ;
#5110 = DIRECTION ( 'NONE',  ( 0.0000000000000000000, 1.000000000000000000, -0.0000000000000000000 ) ) ;
#5111 =( NAMED_UNIT ( * ) SI_UNIT ( $, .STERADIAN. ) SOLID_ANGLE_UNIT ( ) );
#5112 = FACE_OUTER_BOUND ( 'NONE', #438, .T. ) ;
#5113 = ADVANCED_FACE ( 'NONE', ( #4884 ), #6068, .T. ) ;
#5114 = DIRECTION ( 'NONE',  ( -2.189528850507526673E-47, 1.000000000000000000, 1.948680676951698882E-62 ) ) ;
#5115 = ORIENTED_EDGE ( 'NONE', *, *, #1680, .T. ) ;
#5116 = EDGE_LOOP ( 'NONE', ( #3134, #2942, #1561, #2856 ) ) ;
#5117 = EDGE_CURVE ( 'NONE', #1742, #220, #5542, .T. ) ;
#5118 = CARTESIAN_POINT ( 'NONE',  ( 0.4214649681529999969, -0.1619745222929999950, 0.7990000000000000435 ) ) ;
#5119 = DIRECTION ( 'NONE',  ( -0.0000000000000000000, -1.000000000000000000, 0.0000000000000000000 ) ) ;
#5120 = VECTOR ( 'NONE', #7211, 1000.000000000000000 ) ;
#5121 = EDGE_CURVE ( 'NONE', #7073, #1681, #2154, .T. ) ;
#5122 = ORIENTED_EDGE ( 'NONE', *, *, #1854, .T. ) ;
#5123 = ORIENTED_EDGE ( 'NONE', *, *, #1039, .T. ) ;
#5124 = UNCERTAINTY_MEASURE_WITH_UNIT (LENGTH_MEASURE( 1.000000000000000082E-05 ), #2808, 'distance_accuracy_value', 'NONE');
#5125 = EDGE_CURVE ( 'NONE', #1626, #6490, #6242, .T. ) ;
#5126 =( NAMED_UNIT ( * ) SI_UNIT ( $, .STERADIAN. ) SOLID_ANGLE_UNIT ( ) );
#5127 = CARTESIAN_POINT ( 'NONE',  ( -0.4554777070059999877, -0.3057961783440000247, 0.0000000000000000000 ) ) ;
#5128 = CARTESIAN_POINT ( 'NONE',  ( 0.6701273885349999793, 0.3837579617830000345, 0.7990000000000000435 ) ) ;
#5129 = AXIS2_PLACEMENT_3D ( 'NONE', #7253, #5478, #2670 ) ;
#5130 = SURFACE_STYLE_USAGE ( .BOTH. , #4478 ) ;
#5131 =( NAMED_UNIT ( * ) SI_UNIT ( $, .STERADIAN. ) SOLID_ANGLE_UNIT ( ) );
#5132 = VERTEX_POINT ( 'NONE', #5443 ) ;
#5133 = VECTOR ( 'NONE', #2254, 1000.000000000000000 ) ;
#5134 = SURFACE_STYLE_FILL_AREA ( #1779 ) ;
#5135 = DIRECTION ( 'NONE',  ( 0.0000000000000000000, 0.0000000000000000000, -1.000000000000000000 ) ) ;
#5136 = EDGE_LOOP ( 'NONE', ( #5386, #4621, #6802, #150 ) ) ;
#5137 = PRESENTATION_STYLE_ASSIGNMENT (( #1852 ) ) ;
#5138 = PLANE ( 'NONE',  #1083 ) ;
#5139 = VECTOR ( 'NONE', #1449, 1000.000000000000000 ) ;
#5140 = CARTESIAN_POINT ( 'NONE',  ( 1.699999999999999956, 0.5500000000000000444, 0.1250000000000000000 ) ) ;
#5141 = ORIENTED_EDGE ( 'NONE', *, *, #6277, .F. ) ;
#5142 = CARTESIAN_POINT ( 'NONE',  ( 0.8639278131636667357, -0.2107218683656666147, 0.8000000000000000444 ) ) ;
#5143 = UNCERTAINTY_MEASURE_WITH_UNIT (LENGTH_MEASURE( 1.000000000000000082E-05 ), #7206, 'distance_accuracy_value', 'NONE');
#5144 = EDGE_LOOP ( 'NONE', ( #3422, #5819, #2779, #5555 ) ) ;
#5145 = DIRECTION ( 'NONE',  ( -1.000000000000000000, -0.0000000000000000000, 0.0000000000000000000 ) ) ;
#5146 = DIRECTION ( 'NONE',  ( 1.000000000000000000, 0.0000000000000000000, 0.0000000000000000000 ) ) ;
#5147 = DIRECTION ( 'NONE',  ( 0.0000000000000000000, 0.0000000000000000000, -1.000000000000000000 ) ) ;
#5148 = ADVANCED_FACE ( 'NONE', ( #1575 ), #1049, .F. ) ;
#5149 = SURFACE_STYLE_FILL_AREA ( #2413 ) ;
#5150 = VECTOR ( 'NONE', #2258, 1000.000000000000000 ) ;
#5151 = CARTESIAN_POINT ( 'NONE',  ( -0.5196815286620000141, -0.3499999999999999778, 0.7950000000000000400 ) ) ;
#5152 = ORIENTED_EDGE ( 'NONE', *, *, #2577, .F. ) ;
#5153 = CARTESIAN_POINT ( 'NONE',  ( 0.6364968152863333950, -0.2358598726109999988, 0.8000000000000000444 ) ) ;
#5154 = VERTEX_POINT ( 'NONE', #5033 ) ;
#5155 = CARTESIAN_POINT ( 'NONE',  ( 0.3715286624200000443, 0.6761146496819999685, 0.005000000000000000104 ) ) ;
#5156 = ORIENTED_EDGE ( 'NONE', *, *, #6608, .F. ) ;
#5157 = CARTESIAN_POINT ( 'NONE',  ( 0.5947133757960000322, -0.4978980891720000690, 0.0000000000000000000 ) ) ;
#5158 = AXIS2_PLACEMENT_3D ( 'NONE', #6838, #1889, #4109 ) ;
#5159 = VECTOR ( 'NONE', #3131, 1000.000000000000000 ) ;
#5160 = B_SPLINE_CURVE_WITH_KNOTS ( 'NONE', 3,
 ( #3402, #6853, #5643, #6778 ),
 .UNSPECIFIED., .F., .F.,
 ( 4, 4 ),
 ( 0.0000000000000000000, 1.000000000000000000 ),
 .UNSPECIFIED. ) ;
#5161 = EDGE_CURVE ( 'NONE', #1982, #2417, #7213, .T. ) ;
#5162 = VECTOR ( 'NONE', #1685, 1000.000000000000000 ) ;
#5163 = PRESENTATION_LAYER_ASSIGNMENT (  '', '', ( #256 ) ) ;
#5164 = B_SPLINE_CURVE_WITH_KNOTS ( 'NONE', 3,
 ( #5780, #3603, #752, #3484 ),
 .UNSPECIFIED., .F., .F.,
 ( 4, 4 ),
 ( 0.0000000000000000000, 1.000000000000000000 ),
 .UNSPECIFIED. ) ;
#5165 = CARTESIAN_POINT ( 'NONE',  ( 1.699999999999999956, -0.8499999999999999778, 0.6750000000000000444 ) ) ;
#5166 = CARTESIAN_POINT ( 'NONE',  ( -1.699999999999999956, -0.5500000000000000444, 0.1250000000000000000 ) ) ;
#5167 = ORIENTED_EDGE ( 'NONE', *, *, #3852, .T. ) ;
#5168 =( NAMED_UNIT ( * ) SI_UNIT ( $, .STERADIAN. ) SOLID_ANGLE_UNIT ( ) );
#5169 = CARTESIAN_POINT ( 'NONE',  ( -0.4554777070059999877, -0.3057961783440000247, 0.0009999999999999998040 ) ) ;
#5170 = ADVANCED_FACE ( 'NONE', ( #6243 ), #6692, .T. ) ;
#5171 = VECTOR ( 'NONE', #7077, 1000.000000000000000 ) ;
#5172 = CARTESIAN_POINT ( 'NONE',  ( 0.9386624203819999845, -0.1575159235671733660, 0.0000000000000000000 ) ) ;
#5173 = EDGE_CURVE ( 'NONE', #7152, #3457, #3970, .T. ) ;
#5174 = DIRECTION ( 'NONE',  ( -0.0000000000000000000, -0.0000000000000000000, -1.000000000000000000 ) ) ;
#5175 = ORIENTED_EDGE ( 'NONE', *, *, #477, .T. ) ;
#5176 = DIRECTION ( 'NONE',  ( -0.0000000000000000000, -1.000000000000000000, -0.0000000000000000000 ) ) ;
#5177 = CARTESIAN_POINT ( 'NONE',  ( -0.04681528662420000875, 0.2363694267520000392, 0.0009999999999999998040 ) ) ;
#5178 = ORIENTED_EDGE ( 'NONE', *, *, #4535, .T. ) ;
#5179 = B_SPLINE_CURVE_WITH_KNOTS ( 'NONE', 3,
 ( #343, #2587, #3234, #7059 ),
 .UNSPECIFIED., .F., .F.,
 ( 4, 4 ),
 ( 0.0000000000000000000, 1.000000000000000000 ),
 .UNSPECIFIED. ) ;
#5180 = DIRECTION ( 'NONE',  ( 1.299999999999999924E-16, -1.000000000000000000, 0.0000000000000000000 ) ) ;
#5181 = B_SPLINE_SURFACE_WITH_KNOTS ( 'NONE', 2, 1, ( 
 ( #1006, #4991 ),
 ( #1667, #6626 ),
 ( #1724, #2743 ) ),
 .UNSPECIFIED., .F., .F., .F.,
 ( 3, 3 ),
 ( 2, 2 ),
 ( 0.0000000000000000000, 1.000000000000000000 ),
 ( 0.0000000000000000000, 1.000000000000000000 ),
 .UNSPECIFIED. ) ;
#5182 = CARTESIAN_POINT ( 'NONE',  ( -0.4116560509553333636, 0.3577707006366666609, 0.8000000000000000444 ) ) ;
#5183 = VERTEX_POINT ( 'NONE', #6136 ) ;
#5184 = CARTESIAN_POINT ( 'NONE',  ( -0.03560509554139999755, -0.3827388535030000205, 0.0000000000000000000 ) ) ;
#5185 = ORIENTED_EDGE ( 'NONE', *, *, #5197, .T. ) ;
#5186 = DIRECTION ( 'NONE',  ( 0.0000000000000000000, 1.200000000000000024E-16, 1.000000000000000000 ) ) ;
#5187 = CARTESIAN_POINT ( 'NONE',  ( -1.699999999999999956, 0.8499999999999999778, 0.5250000000000000222 ) ) ;
#5188 = CYLINDRICAL_SURFACE ( 'NONE', #2945, 0.02400000000000004213 ) ;
#5189 = COLOUR_RGB ( '',0.0000000000000000000, 0.7843137254901960675, 0.4980392156862745168 ) ;
#5190 = CARTESIAN_POINT ( 'NONE',  ( -0.4814649681529999392, -0.1298726114650000096, 0.7990000000000000435 ) ) ;
#5191 = SURFACE_STYLE_FILL_AREA ( #2305 ) ;
#5192 = ORIENTED_EDGE ( 'NONE', *, *, #2790, .T. ) ;
#5193 = ORIENTED_EDGE ( 'NONE', *, *, #1147, .T. ) ;
#5194 = CARTESIAN_POINT ( 'NONE',  ( 0.3808704883226666227, -0.2487261146496666520, 0.0000000000000000000 ) ) ;
#5195 = VERTEX_POINT ( 'NONE', #7250 ) ;
#5196 = VECTOR ( 'NONE', #2239, 1000.000000000000000 ) ;
#5197 = EDGE_CURVE ( 'NONE', #2647, #5349, #4557, .T. ) ;
#5198 = ORIENTED_EDGE ( 'NONE', *, *, #1379, .T. ) ;
#5199 = FILL_AREA_STYLE ('',( #6371 ) ) ;
#5200 = CARTESIAN_POINT ( 'NONE',  ( 1.699999999999999956, 1.000000000000000072E-17, 0.8000000000000000444 ) ) ;
#5201 = VERTEX_POINT ( 'NONE', #55 ) ;
#5202 = UNCERTAINTY_MEASURE_WITH_UNIT (LENGTH_MEASURE( 1.000000000000000082E-05 ), #3516, 'distance_accuracy_value', 'NONE');
#5203 = CARTESIAN_POINT ( 'NONE',  ( 1.199999999999999956, 0.8490000000000000879, 0.4000000000000000222 ) ) ;
#5204 = DIRECTION ( 'NONE',  ( 0.0000000000000000000, 0.0000000000000000000, -1.000000000000000000 ) ) ;
#5205 = EDGE_CURVE ( 'NONE', #6364, #49, #634, .T. ) ;
#5206 = CARTESIAN_POINT ( 'NONE',  ( 1.699999999999999956, -0.8499999999999999778, 0.0000000000000000000 ) ) ;
#5207 = CARTESIAN_POINT ( 'NONE',  ( 0.9250743099786666868, -0.2286836518050000266, 0.0000000000000000000 ) ) ;
#5208 = LINE ( 'NONE', #985, #336 ) ;
#5209 = EDGE_CURVE ( 'NONE', #1245, #5639, #568, .T. ) ;
#5210 = CARTESIAN_POINT ( 'NONE',  ( 1.699000000000000288, 0.8489999999999999769, 0.1250000000000000000 ) ) ;
#5211 = EDGE_LOOP ( 'NONE', ( #1791, #3417, #2522, #1143, #4338, #3310, #1268, #3543 ) ) ;
#5212 = COLOUR_RGB ( '',0.0000000000000000000, 0.3333333333333333148, 0.0000000000000000000 ) ;
#5213 = CARTESIAN_POINT ( 'NONE',  ( 1.199999999999999956, -0.8489999999999999769, 0.7750000000000001332 ) ) ;
#5214 = CARTESIAN_POINT ( 'NONE',  ( -0.4554777070059999877, 0.3057961783440000247, 0.8000000000000000444 ) ) ;
#5215 = ORIENTED_EDGE ( 'NONE', *, *, #5125, .F. ) ;
#5216 = ADVANCED_FACE ( 'NONE', ( #3454 ), #4887, .T. ) ;
#5217 = CARTESIAN_POINT ( 'NONE',  ( 0.4214649681529999969, -0.1619745222929999950, 0.7990000000000000435 ) ) ;
#5218 = PRESENTATION_LAYER_ASSIGNMENT (  '', '', ( #1132 ) ) ;
#5219 = DIRECTION ( 'NONE',  ( -0.0000000000000000000, -0.0000000000000000000, 1.000000000000000000 ) ) ;
#5220 = VERTEX_POINT ( 'NONE', #1819 ) ;
#5221 = DIRECTION ( 'NONE',  ( -1.000000000000000000, 0.0000000000000000000, -0.0000000000000000000 ) ) ;
#5222 = FACE_OUTER_BOUND ( 'NONE', #2827, .T. ) ;
#5223 = UNCERTAINTY_MEASURE_WITH_UNIT (LENGTH_MEASURE( 1.000000000000000082E-05 ), #820, 'distance_accuracy_value', 'NONE');
#5224 = PRESENTATION_LAYER_ASSIGNMENT (  '', '', ( #2421 ) ) ;
#5225 = ORIENTED_EDGE ( 'NONE', *, *, #1910, .T. ) ;
#5226 = LINE ( 'NONE', #4046, #5513 ) ;
#5227 = CARTESIAN_POINT ( 'NONE',  ( 0.4260509554140000099, -0.3027388535030000605, 0.0000000000000000000 ) ) ;
#5228 = DIRECTION ( 'NONE',  ( 0.0000000000000000000, 1.000000000000000000, -2.699999999999999993E-16 ) ) ;
#5229 = B_SPLINE_CURVE_WITH_KNOTS ( 'NONE', 3,
 ( #502, #1614, #4176, #2163 ),
 .UNSPECIFIED., .F., .F.,
 ( 4, 4 ),
 ( 0.0000000000000000000, 1.000000000000000000 ),
 .UNSPECIFIED. ) ;
#5230 = PRESENTATION_STYLE_ASSIGNMENT (( #755 ) ) ;
#5231 = ORIENTED_EDGE ( 'NONE', *, *, #7110, .T. ) ;
#5232 = FILL_AREA_STYLE ('',( #6917 ) ) ;
#5233 = ORIENTED_EDGE ( 'NONE', *, *, #6608, .T. ) ;
#5234 = DIRECTION ( 'NONE',  ( 0.0000000000000000000, 0.0000000000000000000, -1.000000000000000000 ) ) ;
#5235 = VERTEX_POINT ( 'NONE', #2844 ) ;
#5236 = FILL_AREA_STYLE ('',( #6440 ) ) ;
#5237 = ORIENTED_EDGE ( 'NONE', *, *, #868, .T. ) ;
#5238 = ORIENTED_EDGE ( 'NONE', *, *, #7007, .T. ) ;
#5239 = B_SPLINE_SURFACE_WITH_KNOTS ( 'NONE', 2, 1, ( 
 ( #1257, #6893 ),
 ( #6376, #1959 ),
 ( #5127, #5169 ) ),
 .UNSPECIFIED., .F., .F., .F.,
 ( 3, 3 ),
 ( 2, 2 ),
 ( 0.0000000000000000000, 1.000000000000000000 ),
 ( 0.0000000000000000000, 1.000000000000000000 ),
 .UNSPECIFIED. ) ;
#5240 = CARTESIAN_POINT ( 'NONE',  ( 0.3582802547769999846, 0.06681528662419999876, 0.7990000000000000435 ) ) ;
#5241 = FACE_OUTER_BOUND ( 'NONE', #726, .T. ) ;
#5242 = VECTOR ( 'NONE', #823, 1000.000000000000000 ) ;
#5243 = EDGE_CURVE ( 'NONE', #2512, #6228, #3098, .T. ) ;
#5244 = DIRECTION ( 'NONE',  ( -2.189528850507526673E-47, 1.000000000000000000, 1.948680676951698882E-62 ) ) ;
#5245 = ORIENTED_EDGE ( 'NONE', *, *, #5173, .F. ) ;
#5246 = CARTESIAN_POINT ( 'NONE',  ( 0.2339490445859999934, -3.000000000000000061E-17, 0.7990000000000000435 ) ) ;
#5247 = CARTESIAN_POINT ( 'NONE',  ( 0.3582802547769999846, 0.06681528662419999876, 0.8000000000000000444 ) ) ;
#5248 = VERTEX_POINT ( 'NONE', #2365 ) ;
#5249 = MECHANICAL_DESIGN_GEOMETRIC_PRESENTATION_REPRESENTATION (  '', ( #4313 ), #1276 ) ;
#5250 = PRESENTATION_STYLE_ASSIGNMENT (( #1341 ) ) ;
#5251 = B_SPLINE_CURVE_WITH_KNOTS ( 'NONE', 3,
 ( #1070, #3305, #4435, #2716 ),
 .UNSPECIFIED., .F., .F.,
 ( 4, 4 ),
 ( 0.0000000000000000000, 1.000000000000000000 ),
 .UNSPECIFIED. ) ;
#5252 = EDGE_CURVE ( 'NONE', #6364, #4607, #4399, .T. ) ;
#5253 = CARTESIAN_POINT ( 'NONE',  ( 1.699999999999999956, -0.8499999999999999778, 0.2750000000000000222 ) ) ;
#5254 = EDGE_CURVE ( 'NONE', #2516, #126, #6839, .T. ) ;
#5255 = ORIENTED_EDGE ( 'NONE', *, *, #3419, .F. ) ;
#5256 = MECHANICAL_DESIGN_GEOMETRIC_PRESENTATION_REPRESENTATION (  '', ( #4317 ), #4081 ) ;
#5257 = ORIENTED_EDGE ( 'NONE', *, *, #5161, .F. ) ;
#5258 = DIRECTION ( 'NONE',  ( 0.0000000000000000000, 0.0000000000000000000, 1.000000000000000000 ) ) ;
#5259 = APPLICATION_PROTOCOL_DEFINITION ( 'draft international standard', 'automotive_design', 1998, #1930 ) ;
#5260 = VECTOR ( 'NONE', #6937, 1000.000000000000000 ) ;
#5261 = DIRECTION ( 'NONE',  ( -1.000000000000000000, -0.0000000000000000000, 0.0000000000000000000 ) ) ;
#5262 = CARTESIAN_POINT ( 'NONE',  ( 0.8978980891719999802, 0.2935668789809999790, 0.8000000000000000444 ) ) ;
#5263 = ADVANCED_FACE ( 'NONE', ( #2909 ), #5138, .T. ) ;
#5264 = PLANE ( 'NONE',  #341 ) ;
#5265 = ORIENTED_EDGE ( 'NONE', *, *, #4704, .F. ) ;
#5266 = VECTOR ( 'NONE', #3696, 1000.000000000000000 ) ;
#5267 = ORIENTED_EDGE ( 'NONE', *, *, #1765, .T. ) ;
#5268 = FILL_AREA_STYLE_COLOUR ( '', #2998 ) ;
#5269 = VERTEX_POINT ( 'NONE', #5217 ) ;
#5270 = CARTESIAN_POINT ( 'NONE',  ( -1.699999999999999956, 0.8499999999999999778, 0.2750000000000000222 ) ) ;
#5271 = STYLED_ITEM ( 'NONE', ( #3601 ), #2491 ) ;
#5272 = ORIENTED_EDGE ( 'NONE', *, *, #6699, .T. ) ;
#5273 = CARTESIAN_POINT ( 'NONE',  ( -0.08401274323567442526, 0.02847133248377839085, 0.001000000000000000021 ) ) ;
#5274 = DIRECTION ( 'NONE',  ( 1.000000000000000000, 0.0000000000000000000, 0.0000000000000000000 ) ) ;
#5275 = EDGE_LOOP ( 'NONE', ( #4274, #1195, #781, #2378 ) ) ;
#5276 = PRESENTATION_LAYER_ASSIGNMENT (  '', '', ( #5528 ) ) ;
#5277 = COLOUR_RGB ( '',0.7372549019607843590, 0.6039215686274509443, 0.0000000000000000000 ) ;
#5278 = DIRECTION ( 'NONE',  ( -0.0000000000000000000, -1.000000000000000000, -0.0000000000000000000 ) ) ;
#5279 = CARTESIAN_POINT ( 'NONE',  ( 0.04847133594904243226, -0.1994692137234346241, 0.001000000000000000021 ) ) ;
#5280 = FILL_AREA_STYLE ('',( #5687 ) ) ;
#5281 = CARTESIAN_POINT ( 'NONE',  ( 0.5814649681529999725, 0.3837579617830000345, 0.8000000000000000444 ) ) ;
#5282 = VECTOR ( 'NONE', #45, 1000.000000000000000 ) ;
#5283 = VECTOR ( 'NONE', #4616, 1000.000000000000000 ) ;
#5284 = DIRECTION ( 'NONE',  ( -1.000000000000000000, -0.0000000000000000000, -0.0000000000000000000 ) ) ;
#5285 = LINE ( 'NONE', #3017, #1057 ) ;
#5286 = ORIENTED_EDGE ( 'NONE', *, *, #4987, .F. ) ;
#5287 = CARTESIAN_POINT ( 'NONE',  ( -0.4228662420379999953, -0.4978980891720000690, 0.0000000000000000000 ) ) ;
#5288 = CARTESIAN_POINT ( 'NONE',  ( 1.699999999999999956, 0.8490000000000000879, 0.1250000000000000000 ) ) ;
#5289 = B_SPLINE_CURVE_WITH_KNOTS ( 'NONE', 3,
 ( #6542, #4854, #3607, #834 ),
 .UNSPECIFIED., .F., .F.,
 ( 4, 4 ),
 ( 0.0000000000000000000, 1.000000000000000000 ),
 .UNSPECIFIED. ) ;
#5290 = AXIS2_PLACEMENT_3D ( 'NONE', #4215, #3827, #5352 ) ;
#5291 = CARTESIAN_POINT ( 'NONE',  ( 0.8938216560509999464, -0.1441401273890000057, 0.8000000000000000444 ) ) ;
#5292 = EDGE_CURVE ( 'NONE', #220, #6938, #1519, .T. ) ;
#5293 =( GEOMETRIC_REPRESENTATION_CONTEXT ( 3 ) GLOBAL_UNCERTAINTY_ASSIGNED_CONTEXT ( ( #5223 ) ) GLOBAL_UNIT_ASSIGNED_CONTEXT ( ( #820, #1342, #3557 ) ) REPRESENTATION_CONTEXT ( 'NONE', 'WORKASPACE' ) );
#5294 = CARTESIAN_POINT ( 'NONE',  ( 0.8710615685100672190, 0.3584501032333252124, 0.7990000000000000435 ) ) ;
#5295 = VERTEX_POINT ( 'NONE', #2510 ) ;
#5296 = CARTESIAN_POINT ( 'NONE',  ( 0.7761146452991083411, 0.1081316292490590580, 0.001000000000000000021 ) ) ;
#5297 = CARTESIAN_POINT ( 'NONE',  ( -0.08401273885349998249, 0.1801061571127066663, 0.8000000000000000444 ) ) ;
#5298 = EDGE_LOOP ( 'NONE', ( #3761, #2064, #429, #5860, #6229, #2075, #6721, #4694, #25, #5775, #4508, #2415, #3343 ) ) ;
#5299 = CARTESIAN_POINT ( 'NONE',  ( 7.000000000000000347E-17, 0.8490000000000001990, 0.6750000000000000444 ) ) ;
#5300 = CARTESIAN_POINT ( 'NONE',  ( -1.699000000000000288, 0.8489999999999999769, 0.1250000000000000000 ) ) ;
#5301 = ADVANCED_FACE ( 'NONE', ( #2988 ), #1266, .T. ) ;
#5302 = CARTESIAN_POINT ( 'NONE',  ( -2.000000000000000143E-17, -0.8490000000000000879, 0.4000000000000000222 ) ) ;
#5303 = CARTESIAN_POINT ( 'NONE',  ( 1.449999999999999956, 0.8490000000000000879, 0.2750000000000000222 ) ) ;
#5304 = B_SPLINE_SURFACE_WITH_KNOTS ( 'NONE', 2, 1, ( 
 ( #696, #4061 ),
 ( #6415, #1293 ),
 ( #6894, #3624 ) ),
 .UNSPECIFIED., .F., .F., .F.,
 ( 3, 3 ),
 ( 2, 2 ),
 ( 0.0000000000000000000, 1.000000000000000000 ),
 ( 0.0000000000000000000, 1.000000000000000000 ),
 .UNSPECIFIED. ) ;
#5305 = ORIENTED_EDGE ( 'NONE', *, *, #3154, .F. ) ;
#5306 = ORIENTED_EDGE ( 'NONE', *, *, #2752, .T. ) ;
#5307 = CARTESIAN_POINT ( 'NONE',  ( -1.699999999999999956, -0.8499999999999999778, 0.0000000000000000000 ) ) ;
#5308 = ORIENTED_EDGE ( 'NONE', *, *, #333, .T. ) ;
#5309 = CARTESIAN_POINT ( 'NONE',  ( -0.2944585987260000537, 0.3499999999999999778, 0.0009999999999999998040 ) ) ;
#5310 = EDGE_CURVE ( 'NONE', #5901, #3352, #2476, .T. ) ;
#5311 = ORIENTED_EDGE ( 'NONE', *, *, #4890, .T. ) ;
#5312 = DIRECTION ( 'NONE',  ( -1.000000000000000000, -1.299999999999999924E-16, 0.0000000000000000000 ) ) ;
#5313 = ORIENTED_EDGE ( 'NONE', *, *, #3770, .F. ) ;
#5314 =( GEOMETRIC_REPRESENTATION_CONTEXT ( 3 ) GLOBAL_UNCERTAINTY_ASSIGNED_CONTEXT ( ( #4044 ) ) GLOBAL_UNIT_ASSIGNED_CONTEXT ( ( #3789, #5450, #4892 ) ) REPRESENTATION_CONTEXT ( 'NONE', 'WORKASPACE' ) );
#5315 = CARTESIAN_POINT ( 'NONE',  ( 0.05662420382166000188, 0.08617834394904000384, 0.7990000000000000435 ) ) ;
#5316 = DIRECTION ( 'NONE',  ( -1.000000000000000000, -0.0000000000000000000, 0.0000000000000000000 ) ) ;
#5317 = CARTESIAN_POINT ( 'NONE',  ( -0.5100000000000000089, 3.000000000000000061E-17, 0.001000000000000000021 ) ) ;
#5318 = STYLED_ITEM ( 'NONE', ( #3908 ), #6195 ) ;
#5319 = CARTESIAN_POINT ( 'NONE',  ( -0.5196815286620000141, 0.2287261146500000064, 0.0009999999999999998040 ) ) ;
#5320 = CARTESIAN_POINT ( 'NONE',  ( -0.2995541401269999904, -0.3837579617830000345, 0.0000000000000000000 ) ) ;
#5321 = ORIENTED_EDGE ( 'NONE', *, *, #6421, .F. ) ;
#5322 = FACE_BOUND ( 'NONE', #5497, .T. ) ;
#5323 = CARTESIAN_POINT ( 'NONE',  ( -0.3056687898089999744, -0.2358598726109999988, 0.7990000000000001545 ) ) ;
#5324 = VECTOR ( 'NONE', #856, 1000.000000000000000 ) ;
#5325 = CARTESIAN_POINT ( 'NONE',  ( 0.3592993630569999985, 0.3674522292990000105, 0.7950000000000000400 ) ) ;
#5326 = DIRECTION ( 'NONE',  ( -0.0000000000000000000, 0.0000000000000000000, 1.000000000000000000 ) ) ;
#5327 = VECTOR ( 'NONE', #3123, 1000.000000000000000 ) ;
#5328 = DIRECTION ( 'NONE',  ( 0.0000000000000000000, 1.000000000000000000, -2.199999999999999757E-16 ) ) ;
#5329 = ORIENTED_EDGE ( 'NONE', *, *, #1598, .F. ) ;
#5330 = CARTESIAN_POINT ( 'NONE',  ( -0.2873248407640000002, 0.4978980891720000690, 0.8000000000000000444 ) ) ;
#5331 = CARTESIAN_POINT ( 'NONE',  ( -0.1497452229300000048, -0.3499999999999999778, 0.7990000000000000435 ) ) ;
#5332 = ORIENTED_EDGE ( 'NONE', *, *, #3985, .F. ) ;
#5333 = DIRECTION ( 'NONE',  ( 1.000000000000000000, 0.0000000000000000000, -0.0000000000000000000 ) ) ;
#5334 = AXIS2_PLACEMENT_3D ( 'NONE', #6815, #6119, #2340 ) ;
#5335 = SURFACE_STYLE_FILL_AREA ( #4197 ) ;
#5336 = DIRECTION ( 'NONE',  ( -0.0000000000000000000, -0.0000000000000000000, 1.000000000000000000 ) ) ;
#5337 = FACE_OUTER_BOUND ( 'NONE', #1349, .T. ) ;
#5338 = ORIENTED_EDGE ( 'NONE', *, *, #2752, .F. ) ;
#5339 = EDGE_CURVE ( 'NONE', #1867, #4572, #3024, .T. ) ;
#5340 = ORIENTED_EDGE ( 'NONE', *, *, #6475, .F. ) ;
#5341 = ORIENTED_EDGE ( 'NONE', *, *, #2439, .T. ) ;
#5342 = CARTESIAN_POINT ( 'NONE',  ( 1.449999999999999956, 0.8499999999999999778, 0.2750000000000000222 ) ) ;
#5343 = COLOUR_RGB ( '',0.7098039215686274828, 0.7098039215686274828, 0.7098039215686274828 ) ;
#5344 = B_SPLINE_CURVE_WITH_KNOTS ( 'NONE', 3,
 ( #1484, #811, #5279, #922 ),
 .UNSPECIFIED., .F., .F.,
 ( 4, 4 ),
 ( 0.0000000000000000000, 1.000000000000000000 ),
 .UNSPECIFIED. ) ;
#5345 = ADVANCED_FACE ( 'NONE', ( #1416 ), #3635, .F. ) ;
#5346 = ORIENTED_EDGE ( 'NONE', *, *, #2762, .F. ) ;
#5347 = EDGE_CURVE ( 'NONE', #7120, #638, #5179, .T. ) ;
#5348 = DIRECTION ( 'NONE',  ( -1.000000000000000000, 0.0000000000000000000, 0.0000000000000000000 ) ) ;
#5349 = VERTEX_POINT ( 'NONE', #2106 ) ;
#5350 = B_SPLINE_CURVE_WITH_KNOTS ( 'NONE', 3,
 ( #312, #5297, #1940, #7098 ),
 .UNSPECIFIED., .F., .F.,
 ( 4, 4 ),
 ( 0.0000000000000000000, 1.000000000000000000 ),
 .UNSPECIFIED. ) ;
#5351 = CARTESIAN_POINT ( 'NONE',  ( -0.5100000000000000089, 0.7914012738850000339, 0.8000000000000000444 ) ) ;
#5352 = DIRECTION ( 'NONE',  ( -1.000000000000000000, 0.0000000000000000000, 0.0000000000000000000 ) ) ;
#5353 = CARTESIAN_POINT ( 'NONE',  ( 0.4975583864116667199, 0.3403184713376666282, 0.0000000000000000000 ) ) ;
#5354 = EDGE_CURVE ( 'NONE', #1982, #170, #5986, .T. ) ;
#5355 = EDGE_CURVE ( 'NONE', #5869, #6028, #850, .T. ) ;
#5356 = CARTESIAN_POINT ( 'NONE',  ( -0.08401273885349999637, 0.07445859872611000629, 0.7950000000000000400 ) ) ;
#5357 = EDGE_LOOP ( 'NONE', ( #1888, #6480, #3297, #5888 ) ) ;
#5358 = FACE_OUTER_BOUND ( 'NONE', #1272, .T. ) ;
#5359 = LINE ( 'NONE', #340, #3294 ) ;
#5360 = VECTOR ( 'NONE', #6425, 1000.000000000000000 ) ;
#5361 = PRODUCT ( 'E5F9CDA4-CD3D-4576-AA79-5A524CF9635F', 'E5F9CDA4-CD3D-4576-AA79-5A524CF9635F', '', ( #4705 ) ) ;
#5362 = CARTESIAN_POINT ( 'NONE',  ( -0.2944585987260000537, -0.3499999999999999778, 0.7990000000000000435 ) ) ;
#5363 = ORIENTED_EDGE ( 'NONE', *, *, #3682, .T. ) ;
#5364 = DIRECTION ( 'NONE',  ( -0.0000000000000000000, 0.0000000000000000000, 1.000000000000000000 ) ) ;
#5365 = CARTESIAN_POINT ( 'NONE',  ( 1.699999999999999956, -0.5500000000000000444, 0.0000000000000000000 ) ) ;
#5366 = ORIENTED_EDGE ( 'NONE', *, *, #291, .T. ) ;
#5367 = CARTESIAN_POINT ( 'NONE',  ( 0.05662420382166000882, 0.08617834394904000384, 0.7990000000000000435 ) ) ;
#5368 =( LENGTH_UNIT ( ) NAMED_UNIT ( * ) SI_UNIT ( .MILLI., .METRE. ) );
#5369 = FACE_OUTER_BOUND ( 'NONE', #1483, .T. ) ;
#5370 = COLOUR_RGB ( '',0.7372549019607843590, 0.6039215686274509443, 0.0000000000000000000 ) ;
#5371 = CARTESIAN_POINT ( 'NONE',  ( -1.199999999999999956, -0.8490000000000000879, 0.4000000000000000222 ) ) ;
#5372 = CARTESIAN_POINT ( 'NONE',  ( 1.699999999999999956, 0.8499999999999999778, 0.0000000000000000000 ) ) ;
#5373 = ORIENTED_EDGE ( 'NONE', *, *, #1861, .F. ) ;
#5374 = UNCERTAINTY_MEASURE_WITH_UNIT (LENGTH_MEASURE( 1.000000000000000082E-05 ), #5971, 'distance_accuracy_value', 'NONE');
#5375 = EDGE_LOOP ( 'NONE', ( #6584, #3662, #2420, #1198, #5411 ) ) ;
#5376 = DIRECTION ( 'NONE',  ( 0.0000000000000000000, 1.000000000000000000, 0.0000000000000000000 ) ) ;
#5377 = MECHANICAL_DESIGN_GEOMETRIC_PRESENTATION_REPRESENTATION (  '', ( #3277 ), #6548 ) ;
#5378 = FILL_AREA_STYLE ('',( #359 ) ) ;
#5379 = CYLINDRICAL_SURFACE ( 'NONE', #5764, 0.3541666666669999741 ) ;
#5380 = EDGE_CURVE ( 'NONE', #1867, #1141, #7163, .T. ) ;
#5381 = ORIENTED_EDGE ( 'NONE', *, *, #4259, .T. ) ;
#5382 = CARTESIAN_POINT ( 'NONE',  ( 0.6405732467424574139, 0.3837579566888463245, 0.7990000000000000435 ) ) ;
#5383 = CARTESIAN_POINT ( 'NONE',  ( -0.9250000000000000444, -0.8400000000000000799, 0.02500000000000000139 ) ) ;
#5384 = EDGE_LOOP ( 'NONE', ( #5272, #399, #5401, #3598 ) ) ;
#5385 = CARTESIAN_POINT ( 'NONE',  ( 0.2339490445859999934, 0.4978980891720000690, 0.7990000000000000435 ) ) ;
#5386 = ORIENTED_EDGE ( 'NONE', *, *, #2585, .T. ) ;
#5387 = CARTESIAN_POINT ( 'NONE',  ( -0.9250000000000000444, 0.0000000000000000000, 0.7750000000000001332 ) ) ;
#5388 = AXIS2_PLACEMENT_3D ( 'NONE', #3679, #4158, #4844 ) ;
#5389 = EDGE_CURVE ( 'NONE', #499, #4510, #4952, .T. ) ;
#5390 = FACE_OUTER_BOUND ( 'NONE', #2128, .T. ) ;
#5391 = STYLED_ITEM ( 'NONE', ( #2772 ), #3105 ) ;
#5392 = CARTESIAN_POINT ( 'NONE',  ( 1.699999999999999956, -0.5500000000000000444, 0.5250000000000000222 ) ) ;
#5393 = VERTEX_POINT ( 'NONE', #966 ) ;
#5394 = CARTESIAN_POINT ( 'NONE',  ( 0.4260509554140000654, -0.3027388535030000605, 0.001000000000000000021 ) ) ;
#5395 = CARTESIAN_POINT ( 'NONE',  ( -1.699999999999999956, 0.5500000000000000444, 0.2750000000000000222 ) ) ;
#5396 = ADVANCED_FACE ( 'NONE', ( #3808 ), #4294, .T. ) ;
#5397 = SURFACE_STYLE_FILL_AREA ( #1566 ) ;
#5398 = EDGE_CURVE ( 'NONE', #172, #2197, #385, .T. ) ;
#5399 =( NAMED_UNIT ( * ) SI_UNIT ( $, .STERADIAN. ) SOLID_ANGLE_UNIT ( ) );
#5400 = DIRECTION ( 'NONE',  ( 0.0000000000000000000, 0.0000000000000000000, -1.000000000000000000 ) ) ;
#5401 = ORIENTED_EDGE ( 'NONE', *, *, #467, .T. ) ;
#5402 = CARTESIAN_POINT ( 'NONE',  ( -0.1497452229300000048, 0.1578980891719999891, 0.0000000000000000000 ) ) ;
#5403 =( GEOMETRIC_REPRESENTATION_CONTEXT ( 3 ) GLOBAL_UNCERTAINTY_ASSIGNED_CONTEXT ( ( #6248 ) ) GLOBAL_UNIT_ASSIGNED_CONTEXT ( ( #2486, #6875, #5781 ) ) REPRESENTATION_CONTEXT ( 'NONE', 'WORKASPACE' ) );
#5404 = VECTOR ( 'NONE', #5147, 1000.000000000000000 ) ;
#5405 =( NAMED_UNIT ( * ) PLANE_ANGLE_UNIT ( ) SI_UNIT ( $, .RADIAN. ) );
#5406 = CARTESIAN_POINT ( 'NONE',  ( 1.699999999999999956, -0.3500000000001428635, 0.0000000000000000000 ) ) ;
#5407 = ORIENTED_EDGE ( 'NONE', *, *, #5173, .T. ) ;
#5408 = MECHANICAL_DESIGN_GEOMETRIC_PRESENTATION_REPRESENTATION (  '', ( #2948 ), #3757 ) ;
#5409 = VECTOR ( 'NONE', #4962, 1000.000000000000000 ) ;
#5410 = CARTESIAN_POINT ( 'NONE',  ( 0.05662420382166000188, -0.08617834394904000384, 0.005000000000000000104 ) ) ;
#5411 = ORIENTED_EDGE ( 'NONE', *, *, #3208, .T. ) ;
#5412 = EDGE_LOOP ( 'NONE', ( #6850, #202, #3787, #5899 ) ) ;
#5413 = CARTESIAN_POINT ( 'NONE',  ( -0.08401274323567442526, -0.02847133248377839085, 0.7990000000000000435 ) ) ;
#5414 = DIRECTION ( 'NONE',  ( 0.0000000000000000000, -1.000000000000000000, 2.199999999999999757E-16 ) ) ;
#5415 = VERTEX_POINT ( 'NONE', #2209 ) ;
#5416 = SURFACE_STYLE_FILL_AREA ( #917 ) ;
#5417 = DIRECTION ( 'NONE',  ( 1.000000000000000000, -0.0000000000000000000, 0.0000000000000000000 ) ) ;
#5418 = ORIENTED_EDGE ( 'NONE', *, *, #3503, .F. ) ;
#5419 = EDGE_CURVE ( 'NONE', #5826, #5592, #4043, .T. ) ;
#5420 = B_SPLINE_SURFACE_WITH_KNOTS ( 'NONE', 2, 1, ( 
 ( #6507, #4847 ),
 ( #4922, #2153 ),
 ( #5473, #1607 ) ),
 .UNSPECIFIED., .F., .F., .F.,
 ( 3, 3 ),
 ( 2, 2 ),
 ( 0.0000000000000000000, 1.000000000000000000 ),
 ( 0.0000000000000000000, 1.000000000000000000 ),
 .UNSPECIFIED. ) ;
#5421 = ORIENTED_EDGE ( 'NONE', *, *, #5583, .T. ) ;
#5422 = LINE ( 'NONE', #5459, #3748 ) ;
#5423 = CARTESIAN_POINT ( 'NONE',  ( 0.2339490445859999934, -0.6761146496819999685, 0.7950000000000000400 ) ) ;
#5424 = B_SPLINE_SURFACE_WITH_KNOTS ( 'NONE', 2, 1, ( 
 ( #4804, #1496 ),
 ( #278, #5852 ),
 ( #6984, #5816 ) ),
 .UNSPECIFIED., .F., .F., .F.,
 ( 3, 3 ),
 ( 2, 2 ),
 ( 0.0000000000000000000, 1.000000000000000000 ),
 ( 0.0000000000000000000, 1.000000000000000000 ),
 .UNSPECIFIED. ) ;
#5425 = VECTOR ( 'NONE', #3289, 1000.000000000000000 ) ;
#5426 = ORIENTED_EDGE ( 'NONE', *, *, #1018, .F. ) ;
#5427 = EDGE_CURVE ( 'NONE', #2524, #6886, #3842, .T. ) ;
#5428 = LINE ( 'NONE', #5537, #526 ) ;
#5429 = DIRECTION ( 'NONE',  ( -1.000000000000000000, 0.0000000000000000000, -0.0000000000000000000 ) ) ;
#5430 = PRESENTATION_LAYER_ASSIGNMENT (  '', '', ( #2055 ) ) ;
#5431 =( LENGTH_UNIT ( ) NAMED_UNIT ( * ) SI_UNIT ( .MILLI., .METRE. ) );
#5432 = EDGE_CURVE ( 'NONE', #3264, #6356, #4988, .T. ) ;
#5433 = CARTESIAN_POINT ( 'NONE',  ( 0.7980254777070000527, -0.02898089171974332912, 0.8000000000000000444 ) ) ;
#5434 = CARTESIAN_POINT ( 'NONE',  ( 0.04847133594904243226, 0.1994692137234346241, 0.7990000000000000435 ) ) ;
#5435 = CARTESIAN_POINT ( 'NONE',  ( -0.3056687898089999744, 0.2358598726109999988, 0.0009999999999999998040 ) ) ;
#5436 = PRESENTATION_LAYER_ASSIGNMENT (  '', '', ( #635 ) ) ;
#5437 = EDGE_CURVE ( 'NONE', #6228, #825, #5699, .T. ) ;
#5438 = CARTESIAN_POINT ( 'NONE',  ( -0.1497452229300000048, -0.1578980891719999891, 0.8000000000000000444 ) ) ;
#5439 = DIRECTION ( 'NONE',  ( 1.000000000000000000, 0.0000000000000000000, 0.0000000000000000000 ) ) ;
#5440 = ORIENTED_EDGE ( 'NONE', *, *, #763, .F. ) ;
#5441 =( NAMED_UNIT ( * ) PLANE_ANGLE_UNIT ( ) SI_UNIT ( $, .RADIAN. ) );
#5442 = SURFACE_STYLE_FILL_AREA ( #494 ) ;
#5443 = CARTESIAN_POINT ( 'NONE',  ( 0.3715286624200000443, -0.6761146496819999685, 0.7990000000000000435 ) ) ;
#5444 = COLOUR_RGB ( '',0.8000000000000000444, 0.8000000000000000444, 0.8000000000000000444 ) ;
#5445 = CARTESIAN_POINT ( 'NONE',  ( 0.3582802592944024922, 0.1700849207630645565, 0.7990000000000000435 ) ) ;
#5446 = ORIENTED_EDGE ( 'NONE', *, *, #824, .F. ) ;
#5447 = ADVANCED_FACE ( 'NONE', ( #3920 ), #122, .F. ) ;
#5448 = VERTEX_POINT ( 'NONE', #661 ) ;
#5449 = CIRCLE ( 'NONE', #646, 0.02400000000000004213 ) ;
#5450 =( NAMED_UNIT ( * ) PLANE_ANGLE_UNIT ( ) SI_UNIT ( $, .RADIAN. ) );
#5451 = FACE_OUTER_BOUND ( 'NONE', #5969, .T. ) ;
#5452 = B_SPLINE_CURVE_WITH_KNOTS ( 'NONE', 3,
 ( #142, #2377, #1212, #1756 ),
 .UNSPECIFIED., .F., .F.,
 ( 4, 4 ),
 ( 0.0000000000000000000, 1.000000000000000000 ),
 .UNSPECIFIED. ) ;
#5453 = CARTESIAN_POINT ( 'NONE',  ( 0.5845222929940000478, -0.3499999999999999778, 0.8000000000000000444 ) ) ;
#5454 = ORIENTED_EDGE ( 'NONE', *, *, #1962, .F. ) ;
#5455 = ORIENTED_EDGE ( 'NONE', *, *, #5754, .F. ) ;
#5456 = CARTESIAN_POINT ( 'NONE',  ( 0.4248619970439949656, -0.3012526529076691162, 0.7990000000000000435 ) ) ;
#5457 = ORIENTED_EDGE ( 'NONE', *, *, #2630, .T. ) ;
#5458 = COLOUR_RGB ( '',0.8000000000000000444, 0.8000000000000000444, 0.8000000000000000444 ) ;
#5459 = CARTESIAN_POINT ( 'NONE',  ( -0.1497452229300000048, 0.1578980891719999891, 0.005000000000000000104 ) ) ;
#5460 = FILL_AREA_STYLE_COLOUR ( '', #6715 ) ;
#5461 = ORIENTED_EDGE ( 'NONE', *, *, #4487, .T. ) ;
#5462 = CARTESIAN_POINT ( 'NONE',  ( -0.08401273885349999637, 0.07445859872611000629, 0.7990000000000000435 ) ) ;
#5463 = CARTESIAN_POINT ( 'NONE',  ( -0.5196815286620000141, 0.2287261146500000064, 0.0000000000000000000 ) ) ;
#5464 = B_SPLINE_CURVE_WITH_KNOTS ( 'NONE', 3,
 ( #5190, #4051, #6770, #2450 ),
 .UNSPECIFIED., .F., .F.,
 ( 4, 4 ),
 ( 0.0000000000000000000, 1.000000000000000000 ),
 .UNSPECIFIED. ) ;
#5465 =( NAMED_UNIT ( * ) PLANE_ANGLE_UNIT ( ) SI_UNIT ( $, .RADIAN. ) );
#5466 = EDGE_CURVE ( 'NONE', #92, #1981, #2901, .T. ) ;
#5467 = CARTESIAN_POINT ( 'NONE',  ( 0.05662420219108244002, 0.1446072179697812654, 0.7990000000000000435 ) ) ;
#5468 = PLANE ( 'NONE',  #1758 ) ;
#5469 = FILL_AREA_STYLE ('',( #3778 ) ) ;
#5470 = VERTEX_POINT ( 'NONE', #6681 ) ;
#5471 = CARTESIAN_POINT ( 'NONE',  ( 0.3949681541563282439, 0.2764543514213357867, 0.001000000000000000021 ) ) ;
#5472 = ADVANCED_FACE ( 'NONE', ( #1666 ), #4372, .T. ) ;
#5473 = CARTESIAN_POINT ( 'NONE',  ( 0.7638853503180000892, -0.2970063694269999832, 0.8000000000000000444 ) ) ;
#5474 = EDGE_CURVE ( 'NONE', #7042, #1982, #6919, .T. ) ;
#5475 = CARTESIAN_POINT ( 'NONE',  ( 1.199999999999999956, 3.000000000000000061E-17, 0.001000000000000000021 ) ) ;
#5476 = VECTOR ( 'NONE', #489, 1000.000000000000000 ) ;
#5477 = B_SPLINE_SURFACE_WITH_KNOTS ( 'NONE', 2, 1, ( 
 ( #4746, #762 ),
 ( #4089, #1362 ),
 ( #1871, #4644 ) ),
 .UNSPECIFIED., .F., .F., .F.,
 ( 3, 3 ),
 ( 2, 2 ),
 ( 0.0000000000000000000, 1.000000000000000000 ),
 ( 0.0000000000000000000, 1.000000000000000000 ),
 .UNSPECIFIED. ) ;
#5478 = DIRECTION ( 'NONE',  ( 0.0000000000000000000, -2.199999999999999757E-16, -1.000000000000000000 ) ) ;
#5479 = VERTEX_POINT ( 'NONE', #4515 ) ;
#5480 = ORIENTED_EDGE ( 'NONE', *, *, #5672, .F. ) ;
#5481 = CARTESIAN_POINT ( 'NONE',  ( 0.3592993630569999985, -0.3674522292990000105, 0.0000000000000000000 ) ) ;
#5482 =( LENGTH_UNIT ( ) NAMED_UNIT ( * ) SI_UNIT ( .MILLI., .METRE. ) );
#5483 = EDGE_CURVE ( 'NONE', #3319, #1825, #6345, .T. ) ;
#5484 = CARTESIAN_POINT ( 'NONE',  ( 1.754166666666999941, 0.0000000000000000000, 0.0000000000000000000 ) ) ;
#5485 = ADVANCED_FACE ( 'NONE', ( #5241 ), #5838, .F. ) ;
#5486 = CARTESIAN_POINT ( 'NONE',  ( 0.9386624203819999845, -0.1962420382170000088, 0.0000000000000000000 ) ) ;
#5487 = DIRECTION ( 'NONE',  ( -1.000000000000000000, 0.0000000000000000000, 0.0000000000000000000 ) ) ;
#5488 = ORIENTED_EDGE ( 'NONE', *, *, #4682, .T. ) ;
#5489 = CARTESIAN_POINT ( 'NONE',  ( 0.5814649681529999725, 0.3837579617830000345, 0.7990000000000000435 ) ) ;
#5490 = VERTEX_POINT ( 'NONE', #4651 ) ;
#5491 = FACE_OUTER_BOUND ( 'NONE', #2382, .T. ) ;
#5492 = ORIENTED_EDGE ( 'NONE', *, *, #859, .T. ) ;
#5493 = FACE_OUTER_BOUND ( 'NONE', #2736, .T. ) ;
#5494 = CARTESIAN_POINT ( 'NONE',  ( -0.04681528662420003650, -0.2363694267520000392, 0.8000000000000000444 ) ) ;
#5495 = STYLED_ITEM ( 'NONE', ( #5654 ), #1773 ) ;
#5496 = DIRECTION ( 'NONE',  ( -0.0000000000000000000, -1.200000000000000024E-16, -1.000000000000000000 ) ) ;
#5497 = EDGE_LOOP ( 'NONE', ( #1029, #2572, #1579, #6849, #5832, #7075, #2478, #3967 ) ) ;
#5498 = CARTESIAN_POINT ( 'NONE',  ( 1.199999999999999956, -0.8400000000000001910, 0.8000000000000000444 ) ) ;
#5499 = PLANE ( 'NONE',  #9 ) ;
#5500 = CARTESIAN_POINT ( 'NONE',  ( 1.699000000000000288, 0.6999999999999999556, 0.5999999999999999778 ) ) ;
#5501 = COLOUR_RGB ( '',0.0000000000000000000, 0.7843137254901960675, 0.4980392156862745168 ) ;
#5502 = CARTESIAN_POINT ( 'NONE',  ( -0.1979830148620000119, 0.3499999999999999223, 0.0000000000000000000 ) ) ;
#5503 = SURFACE_SIDE_STYLE ('',( #3318 ) ) ;
#5504 = CARTESIAN_POINT ( 'NONE',  ( 1.699000000000000288, -0.5500000000000000444, 0.6750000000000000444 ) ) ;
#5505 = ORIENTED_EDGE ( 'NONE', *, *, #5117, .F. ) ;
#5506 = CARTESIAN_POINT ( 'NONE',  ( 0.3715286624200000443, 0.2465605095540000236, 0.005000000000000000104 ) ) ;
#5507 = VECTOR ( 'NONE', #5539, 1000.000000000000000 ) ;
#5508 = ADVANCED_FACE ( 'NONE', ( #3052 ), #5304, .T. ) ;
#5509 = AXIS2_PLACEMENT_3D ( 'NONE', #3071, #791, #6429 ) ;
#5510 =( NAMED_UNIT ( * ) SI_UNIT ( $, .STERADIAN. ) SOLID_ANGLE_UNIT ( ) );
#5511 = VECTOR ( 'NONE', #6653, 1000.000000000000000 ) ;
#5512 = DIRECTION ( 'NONE',  ( -0.0000000000000000000, 1.000000000000000000, -0.0000000000000000000 ) ) ;
#5513 = VECTOR ( 'NONE', #2996, 1000.000000000000000 ) ;
#5514 = B_SPLINE_CURVE_WITH_KNOTS ( 'NONE', 3,
 ( #6281, #5820, #6395, #1273 ),
 .UNSPECIFIED., .F., .F.,
 ( 4, 4 ),
 ( 0.0000000000000000000, 1.000000000000000000 ),
 .UNSPECIFIED. ) ;
#5515 = CARTESIAN_POINT ( 'NONE',  ( 0.5845222929940000478, -0.3499999999999999778, 0.7990000000000000435 ) ) ;
#5516 = UNCERTAINTY_MEASURE_WITH_UNIT (LENGTH_MEASURE( 1.000000000000000082E-05 ), #5872, 'distance_accuracy_value', 'NONE');
#5517 = ORIENTED_EDGE ( 'NONE', *, *, #64, .F. ) ;
#5518 = CARTESIAN_POINT ( 'NONE',  ( -0.1059235712611744373, -0.1059235617831517234, 0.7990000000000000435 ) ) ;
#5519 = ADVANCED_FACE ( 'NONE', ( #3507 ), #7002, .T. ) ;
#5520 = SURFACE_SIDE_STYLE ('',( #1751 ) ) ;
#5521 = SURFACE_STYLE_FILL_AREA ( #4278 ) ;
#5522 = CIRCLE ( 'NONE', #5290, 0.3541666666669999741 ) ;
#5523 = LINE ( 'NONE', #6176, #1665 ) ;
#5524 = EDGE_CURVE ( 'NONE', #2924, #1529, #4619, .T. ) ;
#5525 =( NAMED_UNIT ( * ) SI_UNIT ( $, .STERADIAN. ) SOLID_ANGLE_UNIT ( ) );
#5526 = VECTOR ( 'NONE', #1126, 1000.000000000000000 ) ;
#5527 = ORIENTED_EDGE ( 'NONE', *, *, #1007, .F. ) ;
#5528 = STYLED_ITEM ( 'NONE', ( #5250 ), #4365 ) ;
#5529 =( LENGTH_UNIT ( ) NAMED_UNIT ( * ) SI_UNIT ( .MILLI., .METRE. ) );
#5530 = DIRECTION ( 'NONE',  ( 1.000000000000000000, 0.0000000000000000000, 0.0000000000000000000 ) ) ;
#5531 = ORIENTED_EDGE ( 'NONE', *, *, #3991, .F. ) ;
#5532 = EDGE_CURVE ( 'NONE', #2151, #6628, #734, .T. ) ;
#5533 = CARTESIAN_POINT ( 'NONE',  ( 1.699999999999999956, -0.8499999999999999778, 0.0000000000000000000 ) ) ;
#5534 = ORIENTED_EDGE ( 'NONE', *, *, #11, .F. ) ;
#5535 = SURFACE_STYLE_FILL_AREA ( #3799 ) ;
#5536 = ORIENTED_EDGE ( 'NONE', *, *, #1098, .F. ) ;
#5537 = CARTESIAN_POINT ( 'NONE',  ( -0.6475796178339999765, 3.000000000000000061E-17, 0.001000000000000000021 ) ) ;
#5538 = FACE_BOUND ( 'NONE', #3225, .T. ) ;
#5539 = DIRECTION ( 'NONE',  ( -0.0000000000000000000, -1.000000000000000000, 0.0000000000000000000 ) ) ;
#5540 = CARTESIAN_POINT ( 'NONE',  ( 1.699999999999999956, -0.5500000000000000444, 0.5250000000000000222 ) ) ;
#5541 = VECTOR ( 'NONE', #2427, 1000.000000000000000 ) ;
#5542 = B_SPLINE_CURVE_WITH_KNOTS ( 'NONE', 3,
 ( #4420, #5997, #495, #3210 ),
 .UNSPECIFIED., .F., .F.,
 ( 4, 4 ),
 ( 0.0000000000000000000, 1.000000000000000000 ),
 .UNSPECIFIED. ) ;
#5543 = CARTESIAN_POINT ( 'NONE',  ( 0.8311464942000672540, 0.4087261117259918808, 0.7990000000000000435 ) ) ;
#5544 = FACE_OUTER_BOUND ( 'NONE', #3652, .T. ) ;
#5545 = B_SPLINE_CURVE_WITH_KNOTS ( 'NONE', 3,
 ( #6791, #162, #1776, #1119 ),
 .UNSPECIFIED., .F., .F.,
 ( 4, 4 ),
 ( 0.0000000000000000000, 1.000000000000000000 ),
 .UNSPECIFIED. ) ;
#5546 = CARTESIAN_POINT ( 'NONE',  ( 1.699000000000000288, 0.5500000000000000444, 0.6750000000000000444 ) ) ;
#5547 = SURFACE_STYLE_USAGE ( .BOTH. , #5503 ) ;
#5548 = DIRECTION ( 'NONE',  ( -1.000000000000000000, 0.0000000000000000000, 0.0000000000000000000 ) ) ;
#5549 = ORIENTED_EDGE ( 'NONE', *, *, #1050, .F. ) ;
#5550 =( GEOMETRIC_REPRESENTATION_CONTEXT ( 3 ) GLOBAL_UNCERTAINTY_ASSIGNED_CONTEXT ( ( #4928 ) ) GLOBAL_UNIT_ASSIGNED_CONTEXT ( ( #518, #2755, #3 ) ) REPRESENTATION_CONTEXT ( 'NONE', 'WORKASPACE' ) );
#5551 = DIRECTION ( 'NONE',  ( 0.0000000000000000000, -1.000000000000000000, 0.0000000000000000000 ) ) ;
#5552 = CARTESIAN_POINT ( 'NONE',  ( -0.9250000000000000444, 0.8400000000000000799, 0.02400000000000000397 ) ) ;
#5553 = SURFACE_STYLE_FILL_AREA ( #3853 ) ;
#5554 = CARTESIAN_POINT ( 'NONE',  ( -0.3596815286623333274, -0.3837579617830000345, 0.0000000000000000000 ) ) ;
#5555 = ORIENTED_EDGE ( 'NONE', *, *, #1418, .T. ) ;
#5556 = SURFACE_STYLE_USAGE ( .BOTH. , #2265 ) ;
#5557 = FACE_BOUND ( 'NONE', #6760, .T. ) ;
#5558 = VECTOR ( 'NONE', #4657, 1000.000000000000000 ) ;
#5559 = CARTESIAN_POINT ( 'NONE',  ( 0.4214649681529999969, -0.1619745222929999950, 0.7990000000000000435 ) ) ;
#5560 = EDGE_CURVE ( 'NONE', #2051, #2516, #4100, .T. ) ;
#5561 = CARTESIAN_POINT ( 'NONE',  ( 1.699000000000000288, -0.8490000000000000879, 0.4000000000000000222 ) ) ;
#5562 = CARTESIAN_POINT ( 'NONE',  ( -0.4814649681529999947, 0.1298726114650000096, 0.0000000000000000000 ) ) ;
#5563 = AXIS2_PLACEMENT_3D ( 'NONE', #4362, #2058, #407 ) ;
#5564 = VERTEX_POINT ( 'NONE', #227 ) ;
#5565 = DIRECTION ( 'NONE',  ( -0.0000000000000000000, 0.0000000000000000000, 1.000000000000000000 ) ) ;
#5566 = ORIENTED_EDGE ( 'NONE', *, *, #5833, .F. ) ;
#5567 = CARTESIAN_POINT ( 'NONE',  ( 0.8938216560509999464, -0.1441401273890000057, 0.7990000000000000435 ) ) ;
#5568 = ORIENTED_EDGE ( 'NONE', *, *, #4040, .F. ) ;
#5569 = LINE ( 'NONE', #7085, #2480 ) ;
#5570 = EDGE_CURVE ( 'NONE', #7114, #363, #452, .T. ) ;
#5571 =( GEOMETRIC_REPRESENTATION_CONTEXT ( 3 ) GLOBAL_UNCERTAINTY_ASSIGNED_CONTEXT ( ( #1790 ) ) GLOBAL_UNIT_ASSIGNED_CONTEXT ( ( #6735, #6175, #3935 ) ) REPRESENTATION_CONTEXT ( 'NONE', 'WORKASPACE' ) );
#5572 = CARTESIAN_POINT ( 'NONE',  ( -0.1154352441614000246, -0.3121231422506666187, 0.8000000000000000444 ) ) ;
#5573 = ADVANCED_FACE ( 'NONE', ( #2467 ), #4825, .T. ) ;
#5574 = CARTESIAN_POINT ( 'NONE',  ( -0.07891719745222999793, 0.4377707006370000764, 0.8000000000000000444 ) ) ;
#5575 = CARTESIAN_POINT ( 'NONE',  ( 1.199999999999999956, 0.8400000000000000799, 0.02500000000000000139 ) ) ;
#5576 = EDGE_LOOP ( 'NONE', ( #4528, #2920, #6036, #6598 ) ) ;
#5577 = UNCERTAINTY_MEASURE_WITH_UNIT (LENGTH_MEASURE( 1.000000000000000082E-05 ), #2629, 'distance_accuracy_value', 'NONE');
#5578 = DIRECTION ( 'NONE',  ( 0.0000000000000000000, -1.000000000000000000, 2.199999999999999757E-16 ) ) ;
#5579 = CARTESIAN_POINT ( 'NONE',  ( -0.1497452229300000048, 0.1578980891719999891, 0.0009999999999999998040 ) ) ;
#5580 = ADVANCED_FACE ( 'NONE', ( #4253 ), #796, .T. ) ;
#5581 = DIRECTION ( 'NONE',  ( 1.000000000000000000, 0.0000000000000000000, 0.0000000000000000000 ) ) ;
#5582 = VECTOR ( 'NONE', #2183, 1000.000000000000000 ) ;
#5583 = EDGE_CURVE ( 'NONE', #4725, #7114, #6015, .T. ) ;
#5584 = CARTESIAN_POINT ( 'NONE',  ( 0.007707006369427000028, -0.3282165605099999772, 0.0009999999999999998040 ) ) ;
#5585 = CARTESIAN_POINT ( 'NONE',  ( 1.699000000000000288, -0.8490000000000000879, 0.2750000000000000222 ) ) ;
#5586 = CARTESIAN_POINT ( 'NONE',  ( -1.699999999999999956, 0.8499999999999999778, 0.0000000000000000000 ) ) ;
#5587 = PLANE ( 'NONE',  #3286 ) ;
#5588 = ORIENTED_EDGE ( 'NONE', *, *, #7191, .F. ) ;
#5589 = CARTESIAN_POINT ( 'NONE',  ( -1.199999999999999956, 0.8489999999999999769, 0.02500000000000000486 ) ) ;
#5590 = LINE ( 'NONE', #2080, #5716 ) ;
#5591 = CARTESIAN_POINT ( 'NONE',  ( 0.5814649681529999725, 0.3837579617830000345, 0.8000000000000000444 ) ) ;
#5592 = VERTEX_POINT ( 'NONE', #1486 ) ;
#5593 = FACE_OUTER_BOUND ( 'NONE', #4821, .T. ) ;
#5594 = PRESENTATION_STYLE_ASSIGNMENT (( #2773 ) ) ;
#5595 = CARTESIAN_POINT ( 'NONE',  ( -1.699999999999999956, 0.5500000000000000444, 0.1250000000000000000 ) ) ;
#5596 = LINE ( 'NONE', #2375, #4229 ) ;
#5597 = AXIS2_PLACEMENT_3D ( 'NONE', #3164, #4839, #4914 ) ;
#5598 = SURFACE_STYLE_FILL_AREA ( #1023 ) ;
#5599 = CARTESIAN_POINT ( 'NONE',  ( -0.3797239915076666694, 0.2358598726110000265, 0.0000000000000000000 ) ) ;
#5600 = ORIENTED_EDGE ( 'NONE', *, *, #428, .F. ) ;
#5601 = DIRECTION ( 'NONE',  ( -0.0000000000000000000, -0.0000000000000000000, -1.000000000000000000 ) ) ;
#5602 = DIRECTION ( 'NONE',  ( 0.0000000000000000000, 1.000000000000000000, 0.0000000000000000000 ) ) ;
#5603 = ORIENTED_EDGE ( 'NONE', *, *, #5987, .T. ) ;
#5604 = COLOUR_RGB ( '',0.7372549019607843590, 0.6039215686274509443, 0.0000000000000000000 ) ;
#5605 = ORIENTED_EDGE ( 'NONE', *, *, #3290, .F. ) ;
#5606 = CARTESIAN_POINT ( 'NONE',  ( -1.699999999999999956, 0.8499999999999999778, 0.1250000000000000000 ) ) ;
#5607 = EDGE_CURVE ( 'NONE', #7127, #2339, #3764, .T. ) ;
#5608 = DIRECTION ( 'NONE',  ( -0.0000000000000000000, -1.000000000000000000, 0.0000000000000000000 ) ) ;
#5609 = VECTOR ( 'NONE', #4228, 1000.000000000000000 ) ;
#5610 = CARTESIAN_POINT ( 'NONE',  ( 0.9386624203819999845, -0.08006369426751999696, 0.0000000000000000000 ) ) ;
#5611 = CARTESIAN_POINT ( 'NONE',  ( -1.199999999999999956, 0.8499999999999999778, 0.1250000000000000000 ) ) ;
#5612 = VERTEX_POINT ( 'NONE', #3700 ) ;
#5613 = CARTESIAN_POINT ( 'NONE',  ( -0.5212101910830000406, -0.1785774946918400052, 0.0000000000000000000 ) ) ;
#5614 = EDGE_CURVE ( 'NONE', #7132, #6777, #5875, .T. ) ;
#5615 = VECTOR ( 'NONE', #3205, 1000.000000000000000 ) ;
#5616 = LINE ( 'NONE', #2208, #3293 ) ;
#5617 = SURFACE_SIDE_STYLE ('',( #5652 ) ) ;
#5618 = AXIS2_PLACEMENT_3D ( 'NONE', #4786, #3542, #5868 ) ;
#5619 = ADVANCED_FACE ( 'NONE', ( #5390 ), #6601, .F. ) ;
#5620 = CARTESIAN_POINT ( 'NONE',  ( 0.3592993630569999985, -3.000000000000000061E-17, 0.7990000000000000435 ) ) ;
#5621 = ORIENTED_EDGE ( 'NONE', *, *, #5811, .F. ) ;
#5622 = DIRECTION ( 'NONE',  ( -1.000000000000000000, -0.0000000000000000000, -0.0000000000000000000 ) ) ;
#5623 =( LENGTH_UNIT ( ) NAMED_UNIT ( * ) SI_UNIT ( .MILLI., .METRE. ) );
#5624 = ORIENTED_EDGE ( 'NONE', *, *, #2823, .T. ) ;
#5625 = EDGE_CURVE ( 'NONE', #5154, #5235, #1993, .T. ) ;
#5626 = FACE_OUTER_BOUND ( 'NONE', #6455, .T. ) ;
#5627 = MECHANICAL_DESIGN_GEOMETRIC_PRESENTATION_REPRESENTATION (  '', ( #4217 ), #7038 ) ;
#5628 = CARTESIAN_POINT ( 'NONE',  ( -1.699999999999999956, -0.8499999999999999778, 0.2750000000000000222 ) ) ;
#5630 = CARTESIAN_POINT ( 'NONE',  ( 0.7338216560510000264, -0.3073248407640000179, 0.005000000000000000104 ) ) ;
#5629 = B_SPLINE_CURVE_WITH_KNOTS ( 'NONE', 3,
 ( #760, #5194, #179, #4679 ),
 .UNSPECIFIED., .F., .F.,
 ( 4, 4 ),
 ( 0.0000000000000000000, 1.000000000000000000 ),
 .UNSPECIFIED. ) ;
#5631 = CIRCLE ( 'NONE', #1432, 0.3541666666669997521 ) ;
#5632 = ORIENTED_EDGE ( 'NONE', *, *, #6513, .T. ) ;
#5633 = CARTESIAN_POINT ( 'NONE',  ( -1.699000000000000288, 0.5500000000000000444, 0.5250000000000000222 ) ) ;
#5634 = CARTESIAN_POINT ( 'NONE',  ( 1.754166666666999941, 0.0000000000000000000, 0.0000000000000000000 ) ) ;
#5635 = VECTOR ( 'NONE', #409, 1000.000000000000000 ) ;
#5636 = ORIENTED_EDGE ( 'NONE', *, *, #4927, .T. ) ;
#5637 = CARTESIAN_POINT ( 'NONE',  ( -0.6475796178339999765, -3.000000000000000061E-17, 0.7990000000000000435 ) ) ;
#5638 = FACE_OUTER_BOUND ( 'NONE', #6909, .T. ) ;
#5639 = VERTEX_POINT ( 'NONE', #4907 ) ;
#5640 = VECTOR ( 'NONE', #76, 1000.000000000000000 ) ;
#5641 = FILL_AREA_STYLE ('',( #6670 ) ) ;
#5642 = EDGE_LOOP ( 'NONE', ( #909, #6219, #2398, #2950 ) ) ;
#5643 = CARTESIAN_POINT ( 'NONE',  ( 0.4221443736726666618, -0.4435456475586665448, 0.0000000000000000000 ) ) ;
#5644 = AXIS2_PLACEMENT_3D ( 'NONE', #4161, #6874, #5333 ) ;
#5645 = EDGE_CURVE ( 'NONE', #1825, #2027, #5911, .T. ) ;
#5646 = CARTESIAN_POINT ( 'NONE',  ( 0.05662419692568961688, -0.05276007864053188640, 0.7990000000000000435 ) ) ;
#5647 = ORIENTED_EDGE ( 'NONE', *, *, #204, .T. ) ;
#5648 = UNCERTAINTY_MEASURE_WITH_UNIT (LENGTH_MEASURE( 1.000000000000000082E-05 ), #2850, 'distance_accuracy_value', 'NONE');
#5649 = CARTESIAN_POINT ( 'NONE',  ( 0.7338216560510000264, 0.3073248407640000179, 0.7990000000000000435 ) ) ;
#5650 = CARTESIAN_POINT ( 'NONE',  ( -0.4554777070059999877, 0.3057961783440000247, 0.7990000000000000435 ) ) ;
#5651 = LINE ( 'NONE', #624, #6446 ) ;
#5652 = SURFACE_STYLE_FILL_AREA ( #2285 ) ;
#5653 = EDGE_CURVE ( 'NONE', #5794, #6956, #2990, .T. ) ;
#5654 = PRESENTATION_STYLE_ASSIGNMENT (( #3475 ) ) ;
#5655 = ORIENTED_EDGE ( 'NONE', *, *, #1854, .F. ) ;
#5656 = LINE ( 'NONE', #6724, #6144 ) ;
#5657 = CARTESIAN_POINT ( 'NONE',  ( -0.3897452229300000237, 0.3837579617830000345, 0.8000000000000000444 ) ) ;
#5658 = ORIENTED_EDGE ( 'NONE', *, *, #4506, .T. ) ;
#5659 = SURFACE_STYLE_FILL_AREA ( #3891 ) ;
#5660 = CARTESIAN_POINT ( 'NONE',  ( -0.2995541401269999904, 0.3837579617830000345, 0.7990000000000000435 ) ) ;
#5661 = EDGE_CURVE ( 'NONE', #3151, #1750, #2473, .T. ) ;
#5662 = CARTESIAN_POINT ( 'NONE',  ( 0.4214649681529999969, -0.1619745222929999950, 0.8000000000000000444 ) ) ;
#5663 = EDGE_CURVE ( 'NONE', #234, #2270, #7155, .T. ) ;
#5664 = ORIENTED_EDGE ( 'NONE', *, *, #160, .F. ) ;
#5665 = LINE ( 'NONE', #4076, #5959 ) ;
#5666 = VECTOR ( 'NONE', #514, 1000.000000000000000 ) ;
#5667 = ORIENTED_EDGE ( 'NONE', *, *, #6517, .F. ) ;
#5668 = SURFACE_STYLE_USAGE ( .BOTH. , #5520 ) ;
#5669 = CARTESIAN_POINT ( 'NONE',  ( 0.05662420382165998106, 0.08617834394904000384, 0.8000000000000000444 ) ) ;
#5670 = CARTESIAN_POINT ( 'NONE',  ( 0.03216560509553998554, 0.2507643312100000244, 0.8000000000000000444 ) ) ;
#5671 = CARTESIAN_POINT ( 'NONE',  ( 0.05662420382166000188, 0.08617834394904000384, 0.7990000000000000435 ) ) ;
#5672 = EDGE_CURVE ( 'NONE', #3325, #1797, #6563, .T. ) ;
#5673 = CARTESIAN_POINT ( 'NONE',  ( -0.2373885355660363405, -0.4978980871667494923, 0.001000000000000000021 ) ) ;
#5674 = VERTEX_POINT ( 'NONE', #4945 ) ;
#5675 = CARTESIAN_POINT ( 'NONE',  ( -0.4653290829040575005, -0.3095753634647841479, 0.7990000000000000435 ) ) ;
#5676 = EDGE_LOOP ( 'NONE', ( #3497, #2535, #989, #4007 ) ) ;
#5677 = LINE ( 'NONE', #4504, #4162 ) ;
#5678 = ORIENTED_EDGE ( 'NONE', *, *, #463, .T. ) ;
#5679 = LINE ( 'NONE', #5714, #2023 ) ;
#5680 = VECTOR ( 'NONE', #4719, 1000.000000000000000 ) ;
#5681 = FACE_OUTER_BOUND ( 'NONE', #6307, .T. ) ;
#5682 =( NAMED_UNIT ( * ) SI_UNIT ( $, .STERADIAN. ) SOLID_ANGLE_UNIT ( ) );
#5683 = ORIENTED_EDGE ( 'NONE', *, *, #716, .T. ) ;
#5684 = CARTESIAN_POINT ( 'NONE',  ( -1.699999999999999956, 0.8499999999999999778, 0.5250000000000000222 ) ) ;
#5685 = CARTESIAN_POINT ( 'NONE',  ( -0.5212101910830000406, 0.08006369426751999696, 0.7990000000000000435 ) ) ;
#5686 = VECTOR ( 'NONE', #3573, 1000.000000000000000 ) ;
#5687 = FILL_AREA_STYLE_COLOUR ( '', #2822 ) ;
#5688 =( NAMED_UNIT ( * ) PLANE_ANGLE_UNIT ( ) SI_UNIT ( $, .RADIAN. ) );
#5689 = CARTESIAN_POINT ( 'NONE',  ( 0.5417197467873282601, -0.4978980869983697377, 0.001000000000000000021 ) ) ;
#5690 = FILL_AREA_STYLE ('',( #163 ) ) ;
#5691 = ORIENTED_EDGE ( 'NONE', *, *, #5754, .T. ) ;
#5692 = CARTESIAN_POINT ( 'NONE',  ( 0.0000000000000000000, -0.8400000000000000799, 0.7750000000000001332 ) ) ;
#5693 =( NAMED_UNIT ( * ) SI_UNIT ( $, .STERADIAN. ) SOLID_ANGLE_UNIT ( ) );
#5694 = ORIENTED_EDGE ( 'NONE', *, *, #1945, .T. ) ;
#5695 = VECTOR ( 'NONE', #7258, 1000.000000000000000 ) ;
#5696 = CARTESIAN_POINT ( 'NONE',  ( 1.699999999999999956, 0.8499999999999999778, 0.0000000000000000000 ) ) ;
#5697 = EDGE_CURVE ( 'NONE', #6901, #1145, #2753, .T. ) ;
#5698 = CARTESIAN_POINT ( 'NONE',  ( 0.4066878980890000217, -0.2914012738849999784, 0.7990000000000000435 ) ) ;
#5699 = B_SPLINE_CURVE_WITH_KNOTS ( 'NONE', 3,
 ( #8, #2869, #5063, #3993 ),
 .UNSPECIFIED., .F., .F.,
 ( 4, 4 ),
 ( 0.0000000000000000000, 1.000000000000000000 ),
 .UNSPECIFIED. ) ;
#5700 = ORIENTED_EDGE ( 'NONE', *, *, #2698, .F. ) ;
#5701 =( NAMED_UNIT ( * ) SI_UNIT ( $, .STERADIAN. ) SOLID_ANGLE_UNIT ( ) );
#5702 = EDGE_CURVE ( 'NONE', #6008, #4974, #2782, .T. ) ;
#5703 = ORIENTED_EDGE ( 'NONE', *, *, #7102, .F. ) ;
#5704 = DIRECTION ( 'NONE',  ( -0.0000000000000000000, 1.000000000000000000, 0.0000000000000000000 ) ) ;
#5705 = EDGE_CURVE ( 'NONE', #6203, #1768, #3307, .T. ) ;
#5706 = CARTESIAN_POINT ( 'NONE',  ( 0.05662420382166000188, -0.1222292993630000046, 0.7990000000000000435 ) ) ;
#5707 = PLANE ( 'NONE',  #3960 ) ;
#5708 = ORIENTED_EDGE ( 'NONE', *, *, #7142, .F. ) ;
#5709 = SURFACE_STYLE_FILL_AREA ( #5232 ) ;
#5710 = EDGE_CURVE ( 'NONE', #7073, #4033, #1623, .T. ) ;
#5711 = ORIENTED_EDGE ( 'NONE', *, *, #3821, .F. ) ;
#5712 = SURFACE_SIDE_STYLE ('',( #1654 ) ) ;
#5713 = VERTEX_POINT ( 'NONE', #3836 ) ;
#5714 = CARTESIAN_POINT ( 'NONE',  ( 1.199999999999999956, -0.8400000000000000799, 0.0000000000000000000 ) ) ;
#5715 = EDGE_CURVE ( 'NONE', #2619, #472, #3245, .T. ) ;
#5716 = VECTOR ( 'NONE', #3212, 1000.000000000000000 ) ;
#5717 = PRESENTATION_LAYER_ASSIGNMENT (  '', '', ( #1630 ) ) ;
#5718 = CARTESIAN_POINT ( 'NONE',  ( -0.04681528662420003650, 0.2363694267520000392, 0.0000000000000000000 ) ) ;
#5719 = ORIENTED_EDGE ( 'NONE', *, *, #4972, .T. ) ;
#5720 = UNCERTAINTY_MEASURE_WITH_UNIT (LENGTH_MEASURE( 1.000000000000000082E-05 ), #2564, 'distance_accuracy_value', 'NONE');
#5721 = CARTESIAN_POINT ( 'NONE',  ( 0.7338216560510000264, 0.3073248407640000179, 0.7990000000000000435 ) ) ;
#5722 = CARTESIAN_POINT ( 'NONE',  ( -0.2873248407640000002, -0.4978980891720000690, 0.0000000000000000000 ) ) ;
#5723 = LINE ( 'NONE', #3471, #5283 ) ;
#5724 = DIRECTION ( 'NONE',  ( 0.0000000000000000000, 1.000000000000000000, 0.0000000000000000000 ) ) ;
#5725 =( NAMED_UNIT ( * ) PLANE_ANGLE_UNIT ( ) SI_UNIT ( $, .RADIAN. ) );
#5726 = COLOUR_RGB ( '',0.8000000000000000444, 0.8000000000000000444, 0.8000000000000000444 ) ;
#5727 = CARTESIAN_POINT ( 'NONE',  ( -0.5196815286620000141, -3.000000000000000061E-17, 0.7990000000000000435 ) ) ;
#5728 = ORIENTED_EDGE ( 'NONE', *, *, #1152, .F. ) ;
#5729 = MECHANICAL_DESIGN_GEOMETRIC_PRESENTATION_REPRESENTATION (  '', ( #5495 ), #4207 ) ;
#5730 = CARTESIAN_POINT ( 'NONE',  ( 0.4214649681529999969, 0.1619745222929999950, 0.0000000000000000000 ) ) ;
#5731 = CARTESIAN_POINT ( 'NONE',  ( -0.1901698519143696919, 0.4878768557440827935, 0.7990000000000000435 ) ) ;
#5732 = EDGE_LOOP ( 'NONE', ( #5664, #3152, #1548, #5192, #1010, #5231, #7034, #2531, #5455, #153, #2166, #637, #3534, #2341, #1653, #6816, #2871, #2242, #724, #5426 ) ) ;
#5733 = FACE_OUTER_BOUND ( 'NONE', #4866, .T. ) ;
#5734 = STYLED_ITEM ( 'NONE', ( #1700 ), #2049 ) ;
#5735 = CARTESIAN_POINT ( 'NONE',  ( -1.699999999999999956, -0.5500000000000000444, 0.5250000000000000222 ) ) ;
#5736 = ORIENTED_EDGE ( 'NONE', *, *, #4748, .F. ) ;
#5737 = DIRECTION ( 'NONE',  ( 1.000000000000000000, 0.0000000000000000000, 0.0000000000000000000 ) ) ;
#5738 = EDGE_CURVE ( 'NONE', #2590, #2924, #362, .T. ) ;
#5739 = UNCERTAINTY_MEASURE_WITH_UNIT (LENGTH_MEASURE( 1.000000000000000082E-05 ), #1983, 'distance_accuracy_value', 'NONE');
#5740 = VERTEX_POINT ( 'NONE', #1697 ) ;
#5741 = FACE_BOUND ( 'NONE', #180, .T. ) ;
#5742 = DIRECTION ( 'NONE',  ( 0.0000000000000000000, -1.000000000000000000, 0.0000000000000000000 ) ) ;
#5743 = DIRECTION ( 'NONE',  ( 0.0000000000000000000, -2.699999999999999993E-16, -1.000000000000000000 ) ) ;
#5744 = SURFACE_STYLE_FILL_AREA ( #3489 ) ;
#5745 = VECTOR ( 'NONE', #1388, 1000.000000000000000 ) ;
#5746 = CARTESIAN_POINT ( 'NONE',  ( -0.1901698519143696919, -0.4878768557440827935, 0.001000000000000000021 ) ) ;
#5747 = ORIENTED_EDGE ( 'NONE', *, *, #3290, .T. ) ;
#5748 = EDGE_CURVE ( 'NONE', #1701, #4889, #4469, .T. ) ;
#5749 = LINE ( 'NONE', #6504, #2642 ) ;
#5750 = ORIENTED_EDGE ( 'NONE', *, *, #1684, .T. ) ;
#5751 = DIRECTION ( 'NONE',  ( -1.000000000000000000, -0.0000000000000000000, 0.0000000000000000000 ) ) ;
#5752 = ORIENTED_EDGE ( 'NONE', *, *, #4443, .F. ) ;
#5753 = CARTESIAN_POINT ( 'NONE',  ( -0.6475796178339999765, 0.3499999999999999778, 0.0000000000000000000 ) ) ;
#5754 = EDGE_CURVE ( 'NONE', #7225, #4095, #1658, .T. ) ;
#5755 = MECHANICAL_DESIGN_GEOMETRIC_PRESENTATION_REPRESENTATION (  '', ( #1078 ), #4466 ) ;
#5756 = VERTEX_POINT ( 'NONE', #1108 ) ;
#5757 = EDGE_CURVE ( 'NONE', #4995, #4358, #6303, .T. ) ;
#5758 = SURFACE_SIDE_STYLE ('',( #6444 ) ) ;
#5759 = ORIENTED_EDGE ( 'NONE', *, *, #2876, .T. ) ;
#5760 = CARTESIAN_POINT ( 'NONE',  ( 1.199999999999999956, -0.8400000000000000799, 0.7750000000000001332 ) ) ;
#5761 = CARTESIAN_POINT ( 'NONE',  ( -1.223999999999999977, -0.8499999999999999778, 0.7760000000000000231 ) ) ;
#5762 = CARTESIAN_POINT ( 'NONE',  ( -2.000000000000000143E-17, -0.8489999999999999769, 0.6750000000000000444 ) ) ;
#5763 = STYLED_ITEM ( 'NONE', ( #7170 ), #5148 ) ;
#5764 = AXIS2_PLACEMENT_3D ( 'NONE', #360, #2675, #2086 ) ;
#5765 = CARTESIAN_POINT ( 'NONE',  ( 0.7322929936309999777, -0.1594267515920000100, 0.7950000000000000400 ) ) ;
#5766 = CARTESIAN_POINT ( 'NONE',  ( 0.7322929936309999777, 0.1594267515920000100, 0.0000000000000000000 ) ) ;
#5767 = CARTESIAN_POINT ( 'NONE',  ( -0.03560509554140001143, 0.3827388535030000205, 0.8000000000000000444 ) ) ;
#5768 = ORIENTED_EDGE ( 'NONE', *, *, #6682, .F. ) ;
#5769 = STYLED_ITEM ( 'NONE', ( #3315 ), #5447 ) ;
#5770 = CARTESIAN_POINT ( 'NONE',  ( 1.699999999999999956, -0.5500000000000000444, 0.2750000000000000222 ) ) ;
#5771 = ORIENTED_EDGE ( 'NONE', *, *, #3813, .T. ) ;
#5772 = FILL_AREA_STYLE_COLOUR ( '', #1448 ) ;
#5773 = CARTESIAN_POINT ( 'NONE',  ( -1.699000000000000288, 0.6999999999999999556, 0.5999999999999999778 ) ) ;
#5774 = CARTESIAN_POINT ( 'NONE',  ( 0.7781528662419999742, -0.4443949044590000397, 0.0009999999999999998040 ) ) ;
#5775 = ORIENTED_EDGE ( 'NONE', *, *, #2126, .F. ) ;
#5776 = CARTESIAN_POINT ( 'NONE',  ( -0.07891719745222999793, -0.4377707006370000764, 0.0000000000000000000 ) ) ;
#5777 = CARTESIAN_POINT ( 'NONE',  ( -0.5100000000000000089, 0.3878343949040000127, 0.8000000000000000444 ) ) ;
#5778 = ORIENTED_EDGE ( 'NONE', *, *, #3072, .F. ) ;
#5779 = VECTOR ( 'NONE', #3801, 1000.000000000000000 ) ;
#5780 = CARTESIAN_POINT ( 'NONE',  ( 0.5814649681529999725, -0.3837579617830000345, 0.001000000000000000021 ) ) ;
#5781 =( NAMED_UNIT ( * ) SI_UNIT ( $, .STERADIAN. ) SOLID_ANGLE_UNIT ( ) );
#5782 = B_SPLINE_CURVE_WITH_KNOTS ( 'NONE', 3,
 ( #2865, #2934, #2828, #3956 ),
 .UNSPECIFIED., .F., .F.,
 ( 4, 4 ),
 ( 0.0000000000000000000, 1.000000000000000000 ),
 .UNSPECIFIED. ) ;
#5783 = B_SPLINE_CURVE_WITH_KNOTS ( 'NONE', 3,
 ( #2143, #2247, #6605, #2789 ),
 .UNSPECIFIED., .F., .F.,
 ( 4, 4 ),
 ( 0.0000000000000000000, 1.000000000000000000 ),
 .UNSPECIFIED. ) ;
#5784 = COLOUR_RGB ( '',1.000000000000000000, 1.000000000000000000, 1.000000000000000000 ) ;
#5785 = FILL_AREA_STYLE_COLOUR ( '', #5458 ) ;
#5786 = ORIENTED_EDGE ( 'NONE', *, *, #6780, .T. ) ;
#5787 = CARTESIAN_POINT ( 'NONE',  ( 0.7338216560510000264, -0.3073248407640000179, 0.0000000000000000000 ) ) ;
#5788 = ORIENTED_EDGE ( 'NONE', *, *, #5748, .F. ) ;
#5789 = CARTESIAN_POINT ( 'NONE',  ( -0.9157063887033188854, -0.8307063887033190319, 0.001000000000000039486 ) ) ;
#5790 = ORIENTED_EDGE ( 'NONE', *, *, #1906, .F. ) ;
#5791 = DIRECTION ( 'NONE',  ( -0.0000000000000000000, -0.0000000000000000000, -1.000000000000000000 ) ) ;
#5792 = EDGE_CURVE ( 'NONE', #4597, #7047, #1146, .T. ) ;
#5793 = B_SPLINE_CURVE_WITH_KNOTS ( 'NONE', 3,
 ( #1860, #6357, #4195, #2372 ),
 .UNSPECIFIED., .F., .F.,
 ( 4, 4 ),
 ( 0.0000000000000000000, 1.000000000000000000 ),
 .UNSPECIFIED. ) ;
#5794 = VERTEX_POINT ( 'NONE', #2172 ) ;
#5795 = B_SPLINE_CURVE_WITH_KNOTS ( 'NONE', 3,
 ( #3831, #5675, #3364, #6076 ),
 .UNSPECIFIED., .F., .F.,
 ( 4, 4 ),
 ( 0.0000000000000000000, 1.000000000000000000 ),
 .UNSPECIFIED. ) ;
#5796 = PRESENTATION_STYLE_ASSIGNMENT (( #2967 ) ) ;
#5797 = VERTEX_POINT ( 'NONE', #6038 ) ;
#5798 = UNCERTAINTY_MEASURE_WITH_UNIT (LENGTH_MEASURE( 1.000000000000000082E-05 ), #3474, 'distance_accuracy_value', 'NONE');
#5799 = CARTESIAN_POINT ( 'NONE',  ( 1.699000000000000288, 0.5500000000000000444, 0.2750000000000000222 ) ) ;
#5800 = EDGE_CURVE ( 'NONE', #2883, #986, #6070, .T. ) ;
#5801 =( LENGTH_UNIT ( ) NAMED_UNIT ( * ) SI_UNIT ( .MILLI., .METRE. ) );
#5802 = VECTOR ( 'NONE', #6891, 1000.000000000000000 ) ;
#5803 = EDGE_CURVE ( 'NONE', #1554, #3176, #3586, .T. ) ;
#5804 = DIRECTION ( 'NONE',  ( -0.0000000000000000000, 2.699999999999999993E-16, 1.000000000000000000 ) ) ;
#5805 = CARTESIAN_POINT ( 'NONE',  ( -1.223999999999999977, -0.8499999999999999778, 0.0000000000000000000 ) ) ;
#5806 = VERTEX_POINT ( 'NONE', #5933 ) ;
#5807 = AXIS2_PLACEMENT_3D ( 'NONE', #5684, #3344, #5578 ) ;
#5808 = CARTESIAN_POINT ( 'NONE',  ( 1.699000000000000288, -0.6999999999999999556, 0.5999999999999999778 ) ) ;
#5809 = CARTESIAN_POINT ( 'NONE',  ( 0.2339490445859999934, -0.6761146496819999685, 0.7950000000000000400 ) ) ;
#5810 = ORIENTED_EDGE ( 'NONE', *, *, #3890, .F. ) ;
#5811 = EDGE_CURVE ( 'NONE', #5639, #4416, #2975, .T. ) ;
#5812 = CARTESIAN_POINT ( 'NONE',  ( -0.9250000000000000444, 0.8170000000000000595, 0.7760000000000000231 ) ) ;
#5813 = COLOUR_RGB ( '',0.8000000000000000444, 0.8000000000000000444, 0.8000000000000000444 ) ;
#5814 = CARTESIAN_POINT ( 'NONE',  ( 0.3715286624200000443, 0.6761146496819999685, 0.0000000000000000000 ) ) ;
#5815 = EDGE_LOOP ( 'NONE', ( #6047, #6585, #3924, #2135, #1542, #5094, #2555, #876, #215, #944, #786, #768, #3644, #1420 ) ) ;
#5816 = CARTESIAN_POINT ( 'NONE',  ( 0.4612101910829999873, 0.3209554140129999844, 0.0009999999999999998040 ) ) ;
#5817 = CARTESIAN_POINT ( 'NONE',  ( 0.7638853503180000892, -0.2970063694269999832, 0.7990000000000000435 ) ) ;
#5818 = PRESENTATION_LAYER_ASSIGNMENT (  '', '', ( #3928 ) ) ;
#5819 = ORIENTED_EDGE ( 'NONE', *, *, #335, .F. ) ;
#5820 = CARTESIAN_POINT ( 'NONE',  ( 0.04847133757961998024, -0.1994692144373333698, 0.0000000000000000000 ) ) ;
#5821 = DIRECTION ( 'NONE',  ( -1.000000000000000000, -0.0000000000000000000, 0.0000000000000000000 ) ) ;
#5822 = CARTESIAN_POINT ( 'NONE',  ( -0.5196815286620000141, -0.2287261146500000064, 0.7950000000000000400 ) ) ;
#5823 = LINE ( 'NONE', #3491, #1399 ) ;
#5824 = ORIENTED_EDGE ( 'NONE', *, *, #1765, .F. ) ;
#5825 = CARTESIAN_POINT ( 'NONE',  ( 0.4591719745220000370, 0.4652866242040000211, 0.8000000000000000444 ) ) ;
#5826 = VERTEX_POINT ( 'NONE', #7035 ) ;
#5827 = FACE_OUTER_BOUND ( 'NONE', #5576, .T. ) ;
#5828 = ORIENTED_EDGE ( 'NONE', *, *, #7191, .T. ) ;
#5829 = DIRECTION ( 'NONE',  ( -1.000000000000000000, 0.0000000000000000000, 0.0000000000000000000 ) ) ;
#5830 = ORIENTED_EDGE ( 'NONE', *, *, #4344, .F. ) ;
#5831 = PLANE ( 'NONE',  #6367 ) ;
#5832 = ORIENTED_EDGE ( 'NONE', *, *, #6234, .F. ) ;
#5833 = EDGE_CURVE ( 'NONE', #2590, #172, #3251, .T. ) ;
#5834 = B_SPLINE_SURFACE_WITH_KNOTS ( 'NONE', 2, 1, ( 
 ( #6639, #5579 ),
 ( #1628, #6087 ),
 ( #6, #1076 ) ),
 .UNSPECIFIED., .F., .F., .F.,
 ( 3, 3 ),
 ( 2, 2 ),
 ( 0.0000000000000000000, 1.000000000000000000 ),
 ( 0.0000000000000000000, 1.000000000000000000 ),
 .UNSPECIFIED. ) ;
#5835 = CARTESIAN_POINT ( 'NONE',  ( -0.9250000000000001554, 0.8400000000000000799, 0.7750000000000001332 ) ) ;
#5836 = CARTESIAN_POINT ( 'NONE',  ( -0.3895436136460000420, -0.1699091713879999910, 0.0000000000000000000 ) ) ;
#5837 = CARTESIAN_POINT ( 'NONE',  ( 0.4938216560509999797, -0.3837579617830000345, 0.0000000000000000000 ) ) ;
#5838 = PLANE ( 'NONE',  #4829 ) ;
#5839 = VECTOR ( 'NONE', #2262, 1000.000000000000000 ) ;
#5840 = CARTESIAN_POINT ( 'NONE',  ( -0.5196815286620000141, -0.2287261146500000064, 0.8000000000000000444 ) ) ;
#5841 = CARTESIAN_POINT ( 'NONE',  ( 0.8938216560509999464, 0.1441401273890000057, 0.0009999999999999998040 ) ) ;
#5842 = ORIENTED_EDGE ( 'NONE', *, *, #6780, .F. ) ;
#5843 = EDGE_CURVE ( 'NONE', #3608, #682, #4379, .T. ) ;
#5844 = CARTESIAN_POINT ( 'NONE',  ( 0.5152229299360000514, -0.4978980891720000690, 0.0009999999999999998040 ) ) ;
#5845 = DIRECTION ( 'NONE',  ( 0.0000000000000000000, 0.0000000000000000000, 1.000000000000000000 ) ) ;
#5846 = STYLED_ITEM ( 'NONE', ( #1433 ), #1239 ) ;
#5847 =( NAMED_UNIT ( * ) PLANE_ANGLE_UNIT ( ) SI_UNIT ( $, .RADIAN. ) );
#5848 = CARTESIAN_POINT ( 'NONE',  ( -0.1935668789806667123, -0.2098726114646666530, 0.8000000000000000444 ) ) ;
#5849 = EDGE_CURVE ( 'NONE', #3100, #6740, #6390, .T. ) ;
#5850 = CARTESIAN_POINT ( 'NONE',  ( 1.449999999999999956, -0.8499999999999999778, 0.2750000000000000222 ) ) ;
#5851 = ORIENTED_EDGE ( 'NONE', *, *, #1546, .T. ) ;
#5852 = CARTESIAN_POINT ( 'NONE',  ( 0.5157324840760000306, 0.3499999999999999778, 0.0009999999999999998040 ) ) ;
#5853 = EDGE_CURVE ( 'NONE', #6418, #650, #1472, .T. ) ;
#5854 = VERTEX_POINT ( 'NONE', #3753 ) ;
#5855 = DIRECTION ( 'NONE',  ( -1.000000000000000000, -0.0000000000000000000, -0.0000000000000000000 ) ) ;
#5856 = FILL_AREA_STYLE_COLOUR ( '', #2493 ) ;
#5857 = CARTESIAN_POINT ( 'NONE',  ( 0.7781528662419999742, -0.4443949044590000397, 0.0009999999999999998040 ) ) ;
#5858 = B_SPLINE_CURVE_WITH_KNOTS ( 'NONE', 3,
 ( #283, #2518, #4738, #4047 ),
 .UNSPECIFIED., .F., .F.,
 ( 4, 4 ),
 ( 0.0000000000000000000, 1.000000000000000000 ),
 .UNSPECIFIED. ) ;
#5859 = CARTESIAN_POINT ( 'NONE',  ( 1.699999999999999956, 0.8499999999999999778, 0.8000000000000000444 ) ) ;
#5860 = ORIENTED_EDGE ( 'NONE', *, *, #392, .F. ) ;
#5861 = PRESENTATION_LAYER_ASSIGNMENT (  '', '', ( #2114 ) ) ;
#5862 = EDGE_LOOP ( 'NONE', ( #4036, #6566, #4898, #1499, #4167, #4776 ) ) ;
#5863 = CARTESIAN_POINT ( 'NONE',  ( 1.699999999999999956, 0.5500000000000000444, 0.2750000000000000222 ) ) ;
#5864 = ORIENTED_EDGE ( 'NONE', *, *, #2796, .T. ) ;
#5865 = SURFACE_STYLE_USAGE ( .BOTH. , #3575 ) ;
#5866 = ORIENTED_EDGE ( 'NONE', *, *, #3419, .T. ) ;
#5867 = SURFACE_STYLE_FILL_AREA ( #5199 ) ;
#5868 = DIRECTION ( 'NONE',  ( 0.0000000000000000000, -0.0000000000000000000, 1.000000000000000000 ) ) ;
#5869 = VERTEX_POINT ( 'NONE', #3824 ) ;
#5870 = AXIS2_PLACEMENT_3D ( 'NONE', #3818, #2077, #2699 ) ;
#5871 = COLOUR_RGB ( '',0.8000000000000000444, 0.8000000000000000444, 0.8000000000000000444 ) ;
#5872 =( LENGTH_UNIT ( ) NAMED_UNIT ( * ) SI_UNIT ( .MILLI., .METRE. ) );
#5873 =( LENGTH_UNIT ( ) NAMED_UNIT ( * ) SI_UNIT ( .MILLI., .METRE. ) );
#5874 = CARTESIAN_POINT ( 'NONE',  ( 0.9386624176648247220, -0.1575159223097806760, 0.001000000000000000021 ) ) ;
#5875 = B_SPLINE_CURVE_WITH_KNOTS ( 'NONE', 3,
 ( #3155, #3228, #5353, #6492 ),
 .UNSPECIFIED., .F., .F.,
 ( 4, 4 ),
 ( 0.0000000000000000000, 1.000000000000000000 ),
 .UNSPECIFIED. ) ;
#5876 = CARTESIAN_POINT ( 'NONE',  ( 0.4938216560509999797, 0.3837579617830000345, 0.7990000000000000435 ) ) ;
#5877 = AXIS2_PLACEMENT_3D ( 'NONE', #565, #17, #5030 ) ;
#5878 = CARTESIAN_POINT ( 'NONE',  ( -0.5196815286620000141, -0.3499999999999999778, 0.8000000000000000444 ) ) ;
#5879 = LINE ( 'NONE', #2430, #5139 ) ;
#5880 = ORIENTED_EDGE ( 'NONE', *, *, #2292, .T. ) ;
#5881 = CARTESIAN_POINT ( 'NONE',  ( 0.3582802547769999846, -0.06681528662419999876, 0.0009999999999999998040 ) ) ;
#5882 = LINE ( 'NONE', #7014, #2356 ) ;
#5883 = MECHANICAL_DESIGN_GEOMETRIC_PRESENTATION_REPRESENTATION (  '', ( #4696 ), #5403 ) ;
#5884 = STYLED_ITEM ( 'NONE', ( #3360 ), #4071 ) ;
#5885 = EDGE_CURVE ( 'NONE', #6439, #5183, #1543, .T. ) ;
#5886 = COLOUR_RGB ( '',0.7372549019607843590, 0.6039215686274509443, 0.0000000000000000000 ) ;
#5887 = CARTESIAN_POINT ( 'NONE',  ( 0.7338216560510000264, 0.3073248407640000179, 0.8000000000000000444 ) ) ;
#5888 = ORIENTED_EDGE ( 'NONE', *, *, #4184, .T. ) ;
#5889 = STYLED_ITEM ( 'NONE', ( #456 ), #4177 ) ;
#5890 = PRESENTATION_STYLE_ASSIGNMENT (( #388 ) ) ;
#5891 = CARTESIAN_POINT ( 'NONE',  ( 1.699999999999999956, 0.8499999999999999778, 0.2750000000000000222 ) ) ;
#5892 = VERTEX_POINT ( 'NONE', #5481 ) ;
#5893 = EDGE_CURVE ( 'NONE', #3082, #3668, #3690, .T. ) ;
#5894 = CARTESIAN_POINT ( 'NONE',  ( -0.5212101910830000406, 0.2278343949040000094, 0.8000000000000000444 ) ) ;
#5895 = EDGE_CURVE ( 'NONE', #2730, #6833, #2717, .T. ) ;
#5896 = CARTESIAN_POINT ( 'NONE',  ( -0.1456687898089999988, -0.4678343949039999727, 0.0000000000000000000 ) ) ;
#5897 = B_SPLINE_SURFACE_WITH_KNOTS ( 'NONE', 2, 1, ( 
 ( #4993, #453 ),
 ( #3740, #3206 ),
 ( #5438, #2695 ) ),
 .UNSPECIFIED., .F., .F., .F.,
 ( 3, 3 ),
 ( 2, 2 ),
 ( 0.0000000000000000000, 1.000000000000000000 ),
 ( 0.0000000000000000000, 1.000000000000000000 ),
 .UNSPECIFIED. ) ;
#5898 = ORIENTED_EDGE ( 'NONE', *, *, #6867, .T. ) ;
#5899 = ORIENTED_EDGE ( 'NONE', *, *, #821, .F. ) ;
#5900 = CARTESIAN_POINT ( 'NONE',  ( -0.03560509554140001143, 0.3827388535030000205, 0.8000000000000000444 ) ) ;
#5901 = VERTEX_POINT ( 'NONE', #400 ) ;
#5902 = LINE ( 'NONE', #5342, #2719 ) ;
#5903 = B_SPLINE_CURVE_WITH_KNOTS ( 'NONE', 3,
 ( #6472, #6321, #1944, #3683 ),
 .UNSPECIFIED., .F., .F.,
 ( 4, 4 ),
 ( 0.0000000000000000000, 1.000000000000000000 ),
 .UNSPECIFIED. ) ;
#5904 = EDGE_CURVE ( 'NONE', #6389, #4095, #500, .T. ) ;
#5905 = VERTEX_POINT ( 'NONE', #358 ) ;
#5906 = ORIENTED_EDGE ( 'NONE', *, *, #4795, .F. ) ;
#5907 = AXIS2_PLACEMENT_3D ( 'NONE', #3371, #3952, #7232 ) ;
#5908 =( NAMED_UNIT ( * ) PLANE_ANGLE_UNIT ( ) SI_UNIT ( $, .RADIAN. ) );
#5909 = DIRECTION ( 'NONE',  ( 0.0000000000000000000, 0.0000000000000000000, 1.000000000000000000 ) ) ;
#5910 = DIRECTION ( 'NONE',  ( -1.000000000000000000, 0.0000000000000000000, 0.0000000000000000000 ) ) ;
#5911 = LINE ( 'NONE', #5423, #1810 ) ;
#5912 = CARTESIAN_POINT ( 'NONE',  ( 1.199999999999999956, 0.8499999999999999778, 0.8000000000000000444 ) ) ;
#5913 = ORIENTED_EDGE ( 'NONE', *, *, #3549, .T. ) ;
#5914 = CARTESIAN_POINT ( 'NONE',  ( -0.5100000000000000089, -0.3878343949040000127, 0.0000000000000000000 ) ) ;
#5915 = DIRECTION ( 'NONE',  ( -0.0000000000000000000, -1.000000000000000000, 0.0000000000000000000 ) ) ;
#5916 = FILL_AREA_STYLE_COLOUR ( '', #1072 ) ;
#5917 = DIRECTION ( 'NONE',  ( 0.0000000000000000000, 1.200000000000000024E-16, 1.000000000000000000 ) ) ;
#5918 = MANIFOLD_SOLID_BREP ( 'Imported1', #3005 ) ;
#5919 = CARTESIAN_POINT ( 'NONE',  ( 0.6640127388533334507, 0.4978980891720000690, 0.8000000000000000444 ) ) ;
#5920 = ORIENTED_EDGE ( 'NONE', *, *, #5570, .F. ) ;
#5921 = LINE ( 'NONE', #6503, #4899 ) ;
#5922 = CARTESIAN_POINT ( 'NONE',  ( -1.699999999999999956, 0.5500000000000000444, 0.1250000000000000000 ) ) ;
#5923 = ORIENTED_EDGE ( 'NONE', *, *, #7150, .F. ) ;
#5924 = CARTESIAN_POINT ( 'NONE',  ( 0.3715286624200000443, -0.6761146496819999685, 0.8000000000000000444 ) ) ;
#5925 = ADVANCED_FACE ( 'NONE', ( #5681 ), #620, .T. ) ;
#5926 = PLANE ( 'NONE',  #5870 ) ;
#5927 = MECHANICAL_DESIGN_GEOMETRIC_PRESENTATION_REPRESENTATION (  '', ( #4513 ), #1599 ) ;
#5928 = CARTESIAN_POINT ( 'NONE',  ( -0.4554777070059999877, 0.3057961783440000247, 0.8000000000000000444 ) ) ;
#5929 = DIRECTION ( 'NONE',  ( -0.0000000000000000000, -0.0000000000000000000, 1.000000000000000000 ) ) ;
#5930 = PLANE ( 'NONE',  #4773 ) ;
#5931 = ORIENTED_EDGE ( 'NONE', *, *, #1556, .F. ) ;
#5932 = EDGE_LOOP ( 'NONE', ( #798, #2264, #3609, #5156, #1180, #2680 ) ) ;
#5933 = CARTESIAN_POINT ( 'NONE',  ( -0.5196815286620000141, 0.3499999999999999778, 0.0009999999999999998040 ) ) ;
#5934 = LINE ( 'NONE', #2419, #3649 ) ;
#5935 =( GEOMETRIC_REPRESENTATION_CONTEXT ( 3 ) GLOBAL_UNCERTAINTY_ASSIGNED_CONTEXT ( ( #3442 ) ) GLOBAL_UNIT_ASSIGNED_CONTEXT ( ( #4498, #3864, #4356 ) ) REPRESENTATION_CONTEXT ( 'NONE', 'WORKASPACE' ) );
#5936 = ADVANCED_FACE ( 'NONE', ( #4981 ), #2093, .T. ) ;
#5937 = ORIENTED_EDGE ( 'NONE', *, *, #1306, .T. ) ;
#5938 = SURFACE_SIDE_STYLE ('',( #3617 ) ) ;
#5939 = EDGE_LOOP ( 'NONE', ( #6005, #2014, #4574, #4742 ) ) ;
#5940 = EDGE_CURVE ( 'NONE', #4817, #4361, #2861, .T. ) ;
#5941 = PLANE ( 'NONE',  #6500 ) ;
#5942 = ORIENTED_EDGE ( 'NONE', *, *, #3199, .F. ) ;
#5943 =( LENGTH_UNIT ( ) NAMED_UNIT ( * ) SI_UNIT ( .MILLI., .METRE. ) );
#5944 = B_SPLINE_CURVE_WITH_KNOTS ( 'NONE', 3,
 ( #5309, #6995, #1985, #1058 ),
 .UNSPECIFIED., .F., .F.,
 ( 4, 4 ),
 ( 0.0000000000000000000, 1.000000000000000000 ),
 .UNSPECIFIED. ) ;
#5945 = CARTESIAN_POINT ( 'NONE',  ( -0.1456687898089999988, -0.4678343949039999727, 0.0009999999999999998040 ) ) ;
#5946 = ORIENTED_EDGE ( 'NONE', *, *, #1371, .T. ) ;
#5947 = CARTESIAN_POINT ( 'NONE',  ( -0.5196815286620000141, -0.3499999999999999778, 0.8000000000000000444 ) ) ;
#5948 = CARTESIAN_POINT ( 'NONE',  ( -0.4167515923570000447, -0.2358598726109999988, 0.8000000000000000444 ) ) ;
#5949 = VECTOR ( 'NONE', #3202, 1000.000000000000000 ) ;
#5950 = CARTESIAN_POINT ( 'NONE',  ( -0.2944585987260000537, -0.3499999999999999778, 0.8000000000000000444 ) ) ;
#5951 = ORIENTED_EDGE ( 'NONE', *, *, #5940, .F. ) ;
#5952 = CARTESIAN_POINT ( 'NONE',  ( -0.5212101867006850853, -0.1785774900389964781, 0.001000000000000000021 ) ) ;
#5953 =( GEOMETRIC_REPRESENTATION_CONTEXT ( 3 ) GLOBAL_UNCERTAINTY_ASSIGNED_CONTEXT ( ( #3880 ) ) GLOBAL_UNIT_ASSIGNED_CONTEXT ( ( #6287, #6879, #4127 ) ) REPRESENTATION_CONTEXT ( 'NONE', 'WORKASPACE' ) );
#5954 = FACE_OUTER_BOUND ( 'NONE', #2337, .T. ) ;
#5955 = CARTESIAN_POINT ( 'NONE',  ( 0.8938216560509999464, 0.1441401273890000057, 0.0000000000000000000 ) ) ;
#5956 = ORIENTED_EDGE ( 'NONE', *, *, #6869, .T. ) ;
#5957 = CARTESIAN_POINT ( 'NONE',  ( 0.9386624203819999845, -0.04426751592356999859, 0.8000000000000000444 ) ) ;
#5958 = FACE_OUTER_BOUND ( 'NONE', #3168, .T. ) ;
#5959 = VECTOR ( 'NONE', #5737, 1000.000000000000000 ) ;
#5960 = EDGE_CURVE ( 'NONE', #2757, #397, #1110, .T. ) ;
#5961 = LINE ( 'NONE', #3076, #4747 ) ;
#5962 = SURFACE_SIDE_STYLE ('',( #3175 ) ) ;
#5963 = ORIENTED_EDGE ( 'NONE', *, *, #498, .F. ) ;
#5964 = VERTEX_POINT ( 'NONE', #6781 ) ;
#5965 = CARTESIAN_POINT ( 'NONE',  ( 1.699999999999999956, -0.8499999999999999778, 0.2750000000000000222 ) ) ;
#5966 = CARTESIAN_POINT ( 'NONE',  ( 0.7338216560510000264, -0.3073248407640000179, 0.0009999999999999989366 ) ) ;
#5967 =( LENGTH_UNIT ( ) NAMED_UNIT ( * ) SI_UNIT ( .MILLI., .METRE. ) );
#5968 = ADVANCED_FACE ( 'NONE', ( #2312 ), #4953, .T. ) ;
#5969 = EDGE_LOOP ( 'NONE', ( #6558, #2167, #4150, #2187 ) ) ;
#5970 = DIRECTION ( 'NONE',  ( -0.0000000000000000000, 0.0000000000000000000, -1.000000000000000000 ) ) ;
#5971 =( LENGTH_UNIT ( ) NAMED_UNIT ( * ) SI_UNIT ( .MILLI., .METRE. ) );
#5972 = ORIENTED_EDGE ( 'NONE', *, *, #1727, .F. ) ;
#5973 = LINE ( 'NONE', #511, #1127 ) ;
#5974 = ORIENTED_EDGE ( 'NONE', *, *, #2666, .F. ) ;
#5975 = CARTESIAN_POINT ( 'NONE',  ( -0.5196815286620000141, -0.3499999999999999778, 0.7990000000000000435 ) ) ;
#5976 = ADVANCED_FACE ( 'NONE', ( #1250 ), #1148, .F. ) ;
#5977 = PRESENTATION_STYLE_ASSIGNMENT (( #6450 ) ) ;
#5978 = ADVANCED_FACE ( 'NONE', ( #6750 ), #3089, .T. ) ;
#5979 = CARTESIAN_POINT ( 'NONE',  ( 0.9386624203819999845, -0.08006369426751999696, 0.0000000000000000000 ) ) ;
#5980 = EDGE_LOOP ( 'NONE', ( #1729, #2639, #2527, #7031, #979, #6526, #6772, #1069, #2259, #6948, #5972, #4484, #746 ) ) ;
#5981 = CARTESIAN_POINT ( 'NONE',  ( 0.9386624203819999845, 0.1962420382170000088, 0.7990000000000000435 ) ) ;
#5982 = CARTESIAN_POINT ( 'NONE',  ( 0.6986624203819999934, 0.4978980891720000690, 0.7990000000000000435 ) ) ;
#5983 =( NAMED_UNIT ( * ) PLANE_ANGLE_UNIT ( ) SI_UNIT ( $, .RADIAN. ) );
#5984 = VECTOR ( 'NONE', #1924, 1000.000000000000000 ) ;
#5985 = AXIS2_PLACEMENT_3D ( 'NONE', #2768, #2351, #5204 ) ;
#5986 = LINE ( 'NONE', #386, #3874 ) ;
#5987 = EDGE_CURVE ( 'NONE', #1356, #3241, #1766, .T. ) ;
#5988 =( LENGTH_UNIT ( ) NAMED_UNIT ( * ) SI_UNIT ( .MILLI., .METRE. ) );
#5989 = CARTESIAN_POINT ( 'NONE',  ( -0.03560509554139999755, -0.3827388535030000205, 0.0000000000000000000 ) ) ;
#5990 = CARTESIAN_POINT ( 'NONE',  ( 0.4591719745220000926, -0.4652866242040000211, 0.0009999999999999998040 ) ) ;
#5991 = PRESENTATION_LAYER_ASSIGNMENT (  '', '', ( #1903 ) ) ;
#5992 =( GEOMETRIC_REPRESENTATION_CONTEXT ( 3 ) GLOBAL_UNCERTAINTY_ASSIGNED_CONTEXT ( ( #3955 ) ) GLOBAL_UNIT_ASSIGNED_CONTEXT ( ( #2123, #4969, #7218 ) ) REPRESENTATION_CONTEXT ( 'NONE', 'WORKASPACE' ) );
#5993 = CARTESIAN_POINT ( 'NONE',  ( 0.5845222929940000478, 0.3499999999999999778, 0.0000000000000000000 ) ) ;
#5994 = FACE_OUTER_BOUND ( 'NONE', #3111, .T. ) ;
#5995 = ORIENTED_EDGE ( 'NONE', *, *, #4595, .T. ) ;
#5996 = CARTESIAN_POINT ( 'NONE',  ( 0.5814649681529999725, 0.3837579617830000345, 0.8000000000000000444 ) ) ;
#5997 = CARTESIAN_POINT ( 'NONE',  ( -0.4383227176223333243, -0.2005307855623333635, 0.8000000000000000444 ) ) ;
#5998 = STYLED_ITEM ( 'NONE', ( #1969 ), #5301 ) ;
#5999 = DIRECTION ( 'NONE',  ( -1.000000000000000000, 0.0000000000000000000, -0.0000000000000000000 ) ) ;
#6000 = VERTEX_POINT ( 'NONE', #6189 ) ;
#6001 = ORIENTED_EDGE ( 'NONE', *, *, #3408, .F. ) ;
#6002 = PRESENTATION_STYLE_ASSIGNMENT (( #2161 ) ) ;
#6003 = PRESENTATION_STYLE_ASSIGNMENT (( #4893 ) ) ;
#6004 = FILL_AREA_STYLE ('',( #1544 ) ) ;
#6005 = ORIENTED_EDGE ( 'NONE', *, *, #2030, .T. ) ;
#6006 = CARTESIAN_POINT ( 'NONE',  ( -0.9250000000000001554, -0.8400000000000000799, 0.7760000000000000231 ) ) ;
#6007 = FILL_AREA_STYLE ('',( #7113 ) ) ;
#6008 = VERTEX_POINT ( 'NONE', #5092 ) ;
#6009 = B_SPLINE_SURFACE_WITH_KNOTS ( 'NONE', 2, 1, ( 
 ( #1311, #3605 ),
 ( #6431, #316 ),
 ( #1428, #3526 ) ),
 .UNSPECIFIED., .F., .F., .F.,
 ( 3, 3 ),
 ( 2, 2 ),
 ( 0.0000000000000000000, 1.000000000000000000 ),
 ( 0.0000000000000000000, 1.000000000000000000 ),
 .UNSPECIFIED. ) ;
#6010 = DIRECTION ( 'NONE',  ( 0.0000000000000000000, 1.000000000000000000, 0.0000000000000000000 ) ) ;
#6011 = ORIENTED_EDGE ( 'NONE', *, *, #6121, .F. ) ;
#6012 = DIRECTION ( 'NONE',  ( 0.0000000000000000000, 0.0000000000000000000, 1.000000000000000000 ) ) ;
#6013 = PRESENTATION_LAYER_ASSIGNMENT (  '', '', ( #1334 ) ) ;
#6014 = EDGE_CURVE ( 'NONE', #4287, #4055, #80, .T. ) ;
#6015 = LINE ( 'NONE', #4289, #5779 ) ;
#6016 = B_SPLINE_SURFACE_WITH_KNOTS ( 'NONE', 2, 1, ( 
 ( #6325, #4675 ),
 ( #645, #1865 ),
 ( #1316, #6848 ) ),
 .UNSPECIFIED., .F., .F., .F.,
 ( 3, 3 ),
 ( 2, 2 ),
 ( 0.0000000000000000000, 1.000000000000000000 ),
 ( 0.0000000000000000000, 1.000000000000000000 ),
 .UNSPECIFIED. ) ;
#6017 = VECTOR ( 'NONE', #3666, 1000.000000000000000 ) ;
#6018 = EDGE_CURVE ( 'NONE', #836, #6418, #151, .T. ) ;
#6019 = ORIENTED_EDGE ( 'NONE', *, *, #4279, .F. ) ;
#6020 = CARTESIAN_POINT ( 'NONE',  ( 0.3582802547769999846, 0.06681528662419999876, 0.8000000000000000444 ) ) ;
#6021 = CARTESIAN_POINT ( 'NONE',  ( 0.6986624203819999934, 0.4978980891720000690, 0.8000000000000000444 ) ) ;
#6022 = EDGE_CURVE ( 'NONE', #1367, #4120, #6967, .T. ) ;
#6023 =( LENGTH_UNIT ( ) NAMED_UNIT ( * ) SI_UNIT ( .MILLI., .METRE. ) );
#6024 = PRESENTATION_LAYER_ASSIGNMENT (  '', '', ( #2749 ) ) ;
#6025 = LINE ( 'NONE', #3844, #5582 ) ;
#6026 = SURFACE_SIDE_STYLE ('',( #4878 ) ) ;
#6027 = SURFACE_SIDE_STYLE ('',( #7244 ) ) ;
#6028 = VERTEX_POINT ( 'NONE', #6998 ) ;
#6029 = CARTESIAN_POINT ( 'NONE',  ( 0.4248619970439949656, 0.3012526529076691162, 0.001000000000000000021 ) ) ;
#6030 = EDGE_CURVE ( 'NONE', #955, #3151, #2729, .T. ) ;
#6031 = CARTESIAN_POINT ( 'NONE',  ( -0.2873248407640000002, -0.4978980891720000690, 0.0009999999999999998040 ) ) ;
#6032 = STYLED_ITEM ( 'NONE', ( #4546 ), #6779 ) ;
#6033 = CARTESIAN_POINT ( 'NONE',  ( 0.4214649681529999969, 0.1619745222929999950, 0.001000000000000000021 ) ) ;
#6034 =( NAMED_UNIT ( * ) SI_UNIT ( $, .STERADIAN. ) SOLID_ANGLE_UNIT ( ) );
#6035 = EDGE_LOOP ( 'NONE', ( #6045, #2471, #5694, #3044 ) ) ;
#6036 = ORIENTED_EDGE ( 'NONE', *, *, #7102, .T. ) ;
#6037 = VECTOR ( 'NONE', #1395, 1000.000000000000000 ) ;
#6038 = CARTESIAN_POINT ( 'NONE',  ( 1.449999999999999956, 0.8499999999999999778, 0.5250000000000000222 ) ) ;
#6039 = CARTESIAN_POINT ( 'NONE',  ( -1.199999999999999956, 0.8490000000000001990, 0.7750000000000001332 ) ) ;
#6040 = PLANE ( 'NONE',  #6393 ) ;
#6041 = CARTESIAN_POINT ( 'NONE',  ( 0.4975583873644304211, -0.3403184694019284473, 0.7990000000000000435 ) ) ;
#6042 = ORIENTED_EDGE ( 'NONE', *, *, #4883, .T. ) ;
#6043 = CARTESIAN_POINT ( 'NONE',  ( -0.9250000000000000444, 0.8400000000000000799, 0.02500000000000000139 ) ) ;
#6044 = CARTESIAN_POINT ( 'NONE',  ( -0.1471974522289999920, -0.3083439490450000098, 0.001000000000000000021 ) ) ;
#6045 = ORIENTED_EDGE ( 'NONE', *, *, #5161, .T. ) ;
#6046 = SURFACE_STYLE_USAGE ( .BOTH. , #1553 ) ;
#6047 = ORIENTED_EDGE ( 'NONE', *, *, #515, .T. ) ;
#6048 = VECTOR ( 'NONE', #6253, 1000.000000000000000 ) ;
#6049 = SURFACE_SIDE_STYLE ('',( #5535 ) ) ;
#6050 = ADVANCED_FACE ( 'NONE', ( #1442 ), #5831, .T. ) ;
#6051 = B_SPLINE_CURVE_WITH_KNOTS ( 'NONE', 3,
 ( #749, #5085, #4666, #6149 ),
 .UNSPECIFIED., .F., .F.,
 ( 4, 4 ),
 ( 0.0000000000000000000, 1.000000000000000000 ),
 .UNSPECIFIED. ) ;
#6052 = SURFACE_STYLE_USAGE ( .BOTH. , #3628 ) ;
#6053 = EDGE_LOOP ( 'NONE', ( #3725, #1206, #5667, #3148 ) ) ;
#6054 = DIRECTION ( 'NONE',  ( -0.0000000000000000000, -0.0000000000000000000, -1.000000000000000000 ) ) ;
#6055 = LINE ( 'NONE', #416, #6211 ) ;
#6056 = FILL_AREA_STYLE ('',( #6529 ) ) ;
#6057 = LINE ( 'NONE', #1600, #5004 ) ;
#6058 = ADVANCED_FACE ( 'NONE', ( #4172 ), #844, .F. ) ;
#6059 = CARTESIAN_POINT ( 'NONE',  ( -0.04681528662420003650, 0.2363694267520000392, 0.0000000000000000000 ) ) ;
#6060 = FILL_AREA_STYLE ('',( #6091 ) ) ;
#6061 = ORIENTED_EDGE ( 'NONE', *, *, #5663, .F. ) ;
#6062 = CARTESIAN_POINT ( 'NONE',  ( 1.699000000000000288, 0.5500000000000000444, 0.1250000000000000000 ) ) ;
#6063 = VECTOR ( 'NONE', #2846, 1000.000000000000000 ) ;
#6064 = LINE ( 'NONE', #2007, #266 ) ;
#6065 = ADVANCED_FACE ( 'NONE', ( #6928 ), #3579, .T. ) ;
#6066 = CARTESIAN_POINT ( 'NONE',  ( 0.3582802547769999846, 0.06681528662419999876, 0.7990000000000000435 ) ) ;
#6067 = EDGE_CURVE ( 'NONE', #1158, #6752, #2035, .T. ) ;
#6068 = B_SPLINE_SURFACE_WITH_KNOTS ( 'NONE', 2, 1, ( 
 ( #7103, #6031 ),
 ( #4268, #7135 ),
 ( #3819, #2079 ) ),
 .UNSPECIFIED., .F., .F., .F.,
 ( 3, 3 ),
 ( 2, 2 ),
 ( 0.0000000000000000000, 1.000000000000000000 ),
 ( 0.0000000000000000000, 1.000000000000000000 ),
 .UNSPECIFIED. ) ;
#6069 = VERTEX_POINT ( 'NONE', #364 ) ;
#6070 = LINE ( 'NONE', #2604, #1934 ) ;
#6071 = LINE ( 'NONE', #6661, #1904 ) ;
#6072 = VECTOR ( 'NONE', #3110, 1000.000000000000000 ) ;
#6073 = CARTESIAN_POINT ( 'NONE',  ( -0.5196815286620000141, 0.2287261146500000064, 0.0000000000000000000 ) ) ;
#6074 = ORIENTED_EDGE ( 'NONE', *, *, #2212, .T. ) ;
#6075 = VECTOR ( 'NONE', #5496, 1000.000000000000000 ) ;
#6076 = CARTESIAN_POINT ( 'NONE',  ( -0.2944585987260000537, -0.3499999999999999778, 0.7990000000000000435 ) ) ;
#6077 = CARTESIAN_POINT ( 'NONE',  ( -0.2995541401269999904, -0.3837579617830000345, 0.001000000000000000021 ) ) ;
#6078 = ORIENTED_EDGE ( 'NONE', *, *, #97, .F. ) ;
#6079 = DIRECTION ( 'NONE',  ( 0.0000000000000000000, 0.0000000000000000000, -1.000000000000000000 ) ) ;
#6080 = ORIENTED_EDGE ( 'NONE', *, *, #4623, .T. ) ;
#6081 = CARTESIAN_POINT ( 'NONE',  ( 0.8938216560509999464, 0.1441401273890000057, 0.0000000000000000000 ) ) ;
#6082 = CARTESIAN_POINT ( 'NONE',  ( -0.2944585987260000537, -0.3499999999999999223, 0.8000000000000000444 ) ) ;
#6083 = VECTOR ( 'NONE', #5417, 1000.000000000000000 ) ;
#6084 = EDGE_LOOP ( 'NONE', ( #4845, #1551, #6438, #4827 ) ) ;
#6085 = VECTOR ( 'NONE', #3722, 1000.000000000000000 ) ;
#6086 = CARTESIAN_POINT ( 'NONE',  ( -0.4554777070059999877, -0.3057961783440000247, 0.005000000000000000104 ) ) ;
#6087 = CARTESIAN_POINT ( 'NONE',  ( -0.08401273885349999637, 0.07993630573248000637, 0.0009999999999999998040 ) ) ;
#6088 = DIRECTION ( 'NONE',  ( 1.000000000000000000, 0.0000000000000000000, -0.0000000000000000000 ) ) ;
#6089 = DIRECTION ( 'NONE',  ( -1.000000000000000000, 0.0000000000000000000, -0.0000000000000000000 ) ) ;
#6090 = CARTESIAN_POINT ( 'NONE',  ( 0.3592993630569999985, 0.3674522292990000105, 0.7990000000000000435 ) ) ;
#6091 = FILL_AREA_STYLE_COLOUR ( '', #6193 ) ;
#6092 = PLANE ( 'NONE',  #56 ) ;
#6093 = CARTESIAN_POINT ( 'NONE',  ( -1.699999999999999956, 0.8499999999999999778, 0.2750000000000000222 ) ) ;
#6094 = ORIENTED_EDGE ( 'NONE', *, *, #4049, .F. ) ;
#6095 = CARTESIAN_POINT ( 'NONE',  ( -0.08401273885349999637, 0.2329299363060000072, 0.8000000000000000444 ) ) ;
#6096 = MECHANICAL_DESIGN_GEOMETRIC_PRESENTATION_REPRESENTATION (  '', ( #2009 ), #2132 ) ;
#6097 = COLOUR_RGB ( '',0.0000000000000000000, 0.7843137254901960675, 0.4980392156862745168 ) ;
#6098 = FACE_OUTER_BOUND ( 'NONE', #4009, .T. ) ;
#6099 = ADVANCED_FACE ( 'NONE', ( #4785 ), #3119, .T. ) ;
#6100 = CARTESIAN_POINT ( 'NONE',  ( 0.7322929936309999777, 0.1594267515920000100, 0.001000000000000000021 ) ) ;
#6101 = VECTOR ( 'NONE', #6509, 1000.000000000000000 ) ;
#6102 = DIRECTION ( 'NONE',  ( 0.0000000000000000000, 2.699999999999999993E-16, 1.000000000000000000 ) ) ;
#6103 = VECTOR ( 'NONE', #1622, 1000.000000000000000 ) ;
#6104 = CARTESIAN_POINT ( 'NONE',  ( 0.7638853503180000892, -0.2970063694269999832, 0.7990000000000000435 ) ) ;
#6105 = EDGE_CURVE ( 'NONE', #2490, #6389, #3721, .T. ) ;
#6106 = VERTEX_POINT ( 'NONE', #7040 ) ;
#6107 = DIRECTION ( 'NONE',  ( 0.0000000000000000000, -0.0000000000000000000, -1.000000000000000000 ) ) ;
#6108 = SURFACE_STYLE_USAGE ( .BOTH. , #28 ) ;
#6109 = AXIS2_PLACEMENT_3D ( 'NONE', #131, #2260, #2326 ) ;
#6110 = ADVANCED_FACE ( 'NONE', ( #2090 ), #7112, .T. ) ;
#6111 = STYLED_ITEM ( 'NONE', ( #1509 ), #3995 ) ;
#6112 = CARTESIAN_POINT ( 'NONE',  ( -0.5196815286620000141, 3.000000000000000061E-17, 0.001000000000000000021 ) ) ;
#6113 = FILL_AREA_STYLE_COLOUR ( '', #3379 ) ;
#6114 = EDGE_LOOP ( 'NONE', ( #5026, #3437, #4054, #2686 ) ) ;
#6115 = SURFACE_STYLE_FILL_AREA ( #1759 ) ;
#6116 = PRESENTATION_STYLE_ASSIGNMENT (( #4430 ) ) ;
#6117 = EDGE_CURVE ( 'NONE', #3426, #4680, #3695, .T. ) ;
#6118 = EDGE_LOOP ( 'NONE', ( #2043, #2359, #1289, #6615, #4296, #5407 ) ) ;
#6119 = DIRECTION ( 'NONE',  ( 0.0000000000000000000, 0.0000000000000000000, 1.000000000000000000 ) ) ;
#6120 = ORIENTED_EDGE ( 'NONE', *, *, #6508, .F. ) ;
#6121 = EDGE_CURVE ( 'NONE', #2961, #2418, #1722, .T. ) ;
#6122 = CARTESIAN_POINT ( 'NONE',  ( 0.7322929936309999777, -0.1594267515920000100, 0.7990000000000000435 ) ) ;
#6123 = ORIENTED_EDGE ( 'NONE', *, *, #2171, .T. ) ;
#6124 = SURFACE_SIDE_STYLE ('',( #1114 ) ) ;
#6125 = SURFACE_STYLE_USAGE ( .BOTH. , #1663 ) ;
#6126 = CARTESIAN_POINT ( 'NONE',  ( 1.199999999999999956, 0.8400000000000000799, 0.02500000000000000139 ) ) ;
#6127 = CARTESIAN_POINT ( 'NONE',  ( 0.7338216560510000264, 0.3073248407640000179, 0.8000000000000000444 ) ) ;
#6128 = ORIENTED_EDGE ( 'NONE', *, *, #596, .T. ) ;
#6129 = CARTESIAN_POINT ( 'NONE',  ( -0.4814649681529999947, 0.1298726114650000096, 0.0000000000000000000 ) ) ;
#6130 = CARTESIAN_POINT ( 'NONE',  ( 1.449999999999999956, 0.8499999999999999778, 0.2750000000000000222 ) ) ;
#6131 = DIRECTION ( 'NONE',  ( 0.0000000000000000000, 1.000000000000000000, -1.200000000000000024E-16 ) ) ;
#6132 = ORIENTED_EDGE ( 'NONE', *, *, #3948, .F. ) ;
#6133 = VECTOR ( 'NONE', #2718, 1000.000000000000000 ) ;
#6134 = CARTESIAN_POINT ( 'NONE',  ( 1.199999999999999956, 0.8499999999999999778, 0.7750000000000001332 ) ) ;
#6135 = SURFACE_STYLE_USAGE ( .BOTH. , #1202 ) ;
#6136 = CARTESIAN_POINT ( 'NONE',  ( 0.4260509554140000099, 0.3027388535030000605, 0.8000000000000000444 ) ) ;
#6137 = B_SPLINE_CURVE_WITH_KNOTS ( 'NONE', 3,
 ( #350, #2697, #1573, #901 ),
 .UNSPECIFIED., .F., .F.,
 ( 4, 4 ),
 ( 0.0000000000000000000, 1.000000000000000000 ),
 .UNSPECIFIED. ) ;
#6138 = CARTESIAN_POINT ( 'NONE',  ( 1.449999999999999956, -0.8490000000000000879, 0.5250000000000000222 ) ) ;
#6139 = CARTESIAN_POINT ( 'NONE',  ( 0.6787898089170000260, -0.3499999999999999778, 0.7990000000000000435 ) ) ;
#6140 = EDGE_CURVE ( 'NONE', #4202, #919, #5795, .T. ) ;
#6141 = ORIENTED_EDGE ( 'NONE', *, *, #3547, .T. ) ;
#6142 = CARTESIAN_POINT ( 'NONE',  ( 0.2339490445859999934, 0.4978980891720000690, 0.7950000000000000400 ) ) ;
#6143 = LINE ( 'NONE', #676, #2706 ) ;
#6144 = VECTOR ( 'NONE', #6834, 1000.000000000000000 ) ;
#6145 = FACE_OUTER_BOUND ( 'NONE', #4641, .T. ) ;
#6146 = CARTESIAN_POINT ( 'NONE',  ( 0.8978980891719999802, -0.2935668789809999790, 0.0000000000000000000 ) ) ;
#6147 = ORIENTED_EDGE ( 'NONE', *, *, #3362, .F. ) ;
#6148 = EDGE_CURVE ( 'NONE', #1245, #5639, #6556, .T. ) ;
#6149 = CARTESIAN_POINT ( 'NONE',  ( -0.4814649681529999392, -0.1298726114650000096, 0.7990000000000000435 ) ) ;
#6150 = ORIENTED_EDGE ( 'NONE', *, *, #7248, .T. ) ;
#6151 = CARTESIAN_POINT ( 'NONE',  ( 1.199999999999999956, -3.000000000000000061E-17, 0.7990000000000000435 ) ) ;
#6152 = ORIENTED_EDGE ( 'NONE', *, *, #3026, .F. ) ;
#6153 =( NAMED_UNIT ( * ) PLANE_ANGLE_UNIT ( ) SI_UNIT ( $, .RADIAN. ) );
#6154 = DIRECTION ( 'NONE',  ( 0.0000000000000000000, -0.0000000000000000000, 1.000000000000000000 ) ) ;
#6155 = EDGE_CURVE ( 'NONE', #5964, #1787, #1101, .T. ) ;
#6156 = EDGE_CURVE ( 'NONE', #3280, #6659, #2235, .T. ) ;
#6157 = PLANE ( 'NONE',  #4085 ) ;
#6158 = ORIENTED_EDGE ( 'NONE', *, *, #6924, .T. ) ;
#6159 = UNCERTAINTY_MEASURE_WITH_UNIT (LENGTH_MEASURE( 1.000000000000000082E-05 ), #753, 'distance_accuracy_value', 'NONE');
#6160 = AXIS2_PLACEMENT_3D ( 'NONE', #1134, #3359, #5146 ) ;
#6161 =( BOUNDED_CURVE ( )  B_SPLINE_CURVE ( 3, ( #216, #1282, #5789, #6883 ),
 .UNSPECIFIED., .F., .F. ) 
 B_SPLINE_CURVE_WITH_KNOTS ( ( 4, 4 ),
 ( 3.119862075715682526, 4.712388980384687009 ),
 .UNSPECIFIED. ) 
 CURVE ( )  GEOMETRIC_REPRESENTATION_ITEM ( )  RATIONAL_B_SPLINE_CURVE ( ( 1.000000000000000000, 0.7995881831376570048, 0.7995881831376570048, 1.000000000000000000 ) ) 
 REPRESENTATION_ITEM ( '' )  );
#6162 = CARTESIAN_POINT ( 'NONE',  ( 0.3715286624200000443, -0.6761146496819999685, 0.7950000000000000400 ) ) ;
#6163 =( NAMED_UNIT ( * ) SI_UNIT ( $, .STERADIAN. ) SOLID_ANGLE_UNIT ( ) );
#6164 = CARTESIAN_POINT ( 'NONE',  ( 0.5947133757960000322, -0.4978980891720000690, 0.0009999999999999998040 ) ) ;
#6165 = LINE ( 'NONE', #3551, #2459 ) ;
#6166 = VERTEX_POINT ( 'NONE', #2777 ) ;
#6167 = CARTESIAN_POINT ( 'NONE',  ( 1.449999999999999956, -0.8499999999999999778, 0.2750000000000000222 ) ) ;
#6168 = CARTESIAN_POINT ( 'NONE',  ( -0.5212101910830000406, -0.01675159235668667937, 0.8000000000000000444 ) ) ;
#6169 = B_SPLINE_CURVE_WITH_KNOTS ( 'NONE', 3,
 ( #5662, #6801, #745, #4006 ),
 .UNSPECIFIED., .F., .F.,
 ( 4, 4 ),
 ( 0.0000000000000000000, 1.000000000000000000 ),
 .UNSPECIFIED. ) ;
#6170 = ORIENTED_EDGE ( 'NONE', *, *, #1275, .T. ) ;
#6171 = CARTESIAN_POINT ( 'NONE',  ( 1.699999999999999956, -0.8499999999999999778, 0.0000000000000000000 ) ) ;
#6172 = CARTESIAN_POINT ( 'NONE',  ( 0.8938216560509999464, 0.1441401273890000057, 0.0000000000000000000 ) ) ;
#6173 = LINE ( 'NONE', #462, #3039 ) ;
#6174 = ORIENTED_EDGE ( 'NONE', *, *, #4840, .F. ) ;
#6175 =( NAMED_UNIT ( * ) PLANE_ANGLE_UNIT ( ) SI_UNIT ( $, .RADIAN. ) );
#6176 = CARTESIAN_POINT ( 'NONE',  ( -1.699999999999999956, -0.5500000000000000444, 0.1250000000000000000 ) ) ;
#6177 = EDGE_CURVE ( 'NONE', #6356, #5892, #7223, .T. ) ;
#6178 = PRESENTATION_LAYER_ASSIGNMENT (  '', '', ( #1516 ) ) ;
#6179 = ORIENTED_EDGE ( 'NONE', *, *, #4755, .T. ) ;
#6180 = SURFACE_SIDE_STYLE ('',( #6115 ) ) ;
#6181 = CARTESIAN_POINT ( 'NONE',  ( -1.699999999999999956, 1.000000000000000072E-17, 0.8000000000000000444 ) ) ;
#6182 = EDGE_LOOP ( 'NONE', ( #2460, #5655, #5141, #4517, #3250, #3439, #2013, #6188 ) ) ;
#6183 = CARTESIAN_POINT ( 'NONE',  ( -0.4554777070059999877, -0.3057961783440000247, 0.0000000000000000000 ) ) ;
#6184 = ORIENTED_EDGE ( 'NONE', *, *, #282, .T. ) ;
#6185 = CARTESIAN_POINT ( 'NONE',  ( 0.7781528662419999742, -0.4443949044590000397, 0.0000000000000000000 ) ) ;
#6186 = ADVANCED_FACE ( 'NONE', ( #1065 ), #2746, .F. ) ;
#6187 = MECHANICAL_DESIGN_GEOMETRIC_PRESENTATION_REPRESENTATION (  '', ( #7256 ), #114 ) ;
#6188 = ORIENTED_EDGE ( 'NONE', *, *, #3012, .F. ) ;
#6189 = CARTESIAN_POINT ( 'NONE',  ( 0.2339490445859999934, 0.6761146496819999685, 0.0000000000000000000 ) ) ;
#6190 = ORIENTED_EDGE ( 'NONE', *, *, #7104, .F. ) ;
#6191 = SURFACE_SIDE_STYLE ('',( #6716 ) ) ;
#6192 = EDGE_CURVE ( 'NONE', #2440, #2776, #2338, .T. ) ;
#6193 = COLOUR_RGB ( '',0.7098039215686274828, 0.7098039215686274828, 0.7098039215686274828 ) ;
#6194 = CARTESIAN_POINT ( 'NONE',  ( -0.9250000000000000444, -0.8400000000000000799, 0.7760000000000000231 ) ) ;
#6195 = ADVANCED_FACE ( 'NONE', ( #4571 ), #4536, .F. ) ;
#6196 = CARTESIAN_POINT ( 'NONE',  ( 0.7766242038216667476, 0.2567091295113333449, 0.8000000000000000444 ) ) ;
#6197 = CARTESIAN_POINT ( 'NONE',  ( -0.2944585987260000537, -0.3499999999999999778, 0.7990000000000000435 ) ) ;
#6198 = VECTOR ( 'NONE', #4360, 1000.000000000000000 ) ;
#6199 = CARTESIAN_POINT ( 'NONE',  ( 0.4591719745220000370, -0.4652866242040000211, 0.005000000000000000104 ) ) ;
#6200 = ORIENTED_EDGE ( 'NONE', *, *, #6416, .T. ) ;
#6201 = CARTESIAN_POINT ( 'NONE',  ( -0.1497452229300000048, 0.1578980891719999891, 0.0009999999999999998040 ) ) ;
#6202 = CARTESIAN_POINT ( 'NONE',  ( 0.7980254777070000527, 0.07802547770701000196, 0.7990000000000000435 ) ) ;
#6203 = VERTEX_POINT ( 'NONE', #1831 ) ;
#6204 = CARTESIAN_POINT ( 'NONE',  ( 0.8311464968153332578, 0.4087261146496666275, 0.8000000000000000444 ) ) ;
#6205 = ADVANCED_FACE ( 'NONE', ( #4130 ), #7065, .T. ) ;
#6206 = VECTOR ( 'NONE', #1571, 1000.000000000000000 ) ;
#6207 = CARTESIAN_POINT ( 'NONE',  ( 0.4612101910829999873, -0.3209554140129999844, 0.7990000000000000435 ) ) ;
#6208 = ORIENTED_EDGE ( 'NONE', *, *, #1456, .T. ) ;
#6209 = PLANE ( 'NONE',  #5012 ) ;
#6210 =( GEOMETRIC_REPRESENTATION_CONTEXT ( 3 ) GLOBAL_UNCERTAINTY_ASSIGNED_CONTEXT ( ( #588 ) ) GLOBAL_UNIT_ASSIGNED_CONTEXT ( ( #2189, #2325, #6798 ) ) REPRESENTATION_CONTEXT ( 'NONE', 'WORKASPACE' ) );
#6211 = VECTOR ( 'NONE', #443, 1000.000000000000000 ) ;
#6212 = VERTEX_POINT ( 'NONE', #1319 ) ;
#6213 = DIRECTION ( 'NONE',  ( 0.0000000000000000000, -1.000000000000000000, 0.0000000000000000000 ) ) ;
#6214 = VECTOR ( 'NONE', #1188, 1000.000000000000000 ) ;
#6215 = STYLED_ITEM ( 'NONE', ( #4017 ), #3692 ) ;
#6216 = B_SPLINE_CURVE_WITH_KNOTS ( 'NONE', 3,
 ( #3909, #4501, #2816, #6741 ),
 .UNSPECIFIED., .F., .F.,
 ( 4, 4 ),
 ( 0.0000000000000000000, 1.000000000000000000 ),
 .UNSPECIFIED. ) ;
#6217 = CARTESIAN_POINT ( 'NONE',  ( 0.05662420382166000188, 0.08617834394904000384, 0.8000000000000000444 ) ) ;
#6218 = CARTESIAN_POINT ( 'NONE',  ( -1.699999999999999956, -0.5500000000000000444, 0.1250000000000000000 ) ) ;
#6219 = ORIENTED_EDGE ( 'NONE', *, *, #2451, .F. ) ;
#6220 = PRESENTATION_STYLE_ASSIGNMENT (( #4463 ) ) ;
#6221 = EDGE_LOOP ( 'NONE', ( #1215, #1655, #5237, #6147 ) ) ;
#6222 = VECTOR ( 'NONE', #1992, 1000.000000000000000 ) ;
#6223 =( GEOMETRIC_REPRESENTATION_CONTEXT ( 3 ) GLOBAL_UNCERTAINTY_ASSIGNED_CONTEXT ( ( #4613 ) ) GLOBAL_UNIT_ASSIGNED_CONTEXT ( ( #5967, #2162, #6516 ) ) REPRESENTATION_CONTEXT ( 'NONE', 'WORKASPACE' ) );
#6224 = CARTESIAN_POINT ( 'NONE',  ( 1.200000000000000178, 0.8170000000000000595, 0.7990000000000000435 ) ) ;
#6225 = ORIENTED_EDGE ( 'NONE', *, *, #6267, .F. ) ;
#6226 = FACE_OUTER_BOUND ( 'NONE', #1393, .T. ) ;
#6227 = AXIS2_PLACEMENT_3D ( 'NONE', #2833, #2319, #3414 ) ;
#6228 = VERTEX_POINT ( 'NONE', #5787 ) ;
#6229 = ORIENTED_EDGE ( 'NONE', *, *, #4849, .F. ) ;
#6230 = UNCERTAINTY_MEASURE_WITH_UNIT (LENGTH_MEASURE( 1.000000000000000082E-05 ), #5988, 'distance_accuracy_value', 'NONE');
#6231 = ADVANCED_FACE ( 'NONE', ( #5954 ), #3596, .T. ) ;
#6232 =( NAMED_UNIT ( * ) PLANE_ANGLE_UNIT ( ) SI_UNIT ( $, .RADIAN. ) );
#6233 = CARTESIAN_POINT ( 'NONE',  ( 0.4938216560509999797, -0.3837579617830000345, 0.0009999999999999998040 ) ) ;
#6234 = EDGE_CURVE ( 'NONE', #3973, #1529, #3167, .T. ) ;
#6235 = DIRECTION ( 'NONE',  ( -1.000000000000000000, 0.0000000000000000000, -0.0000000000000000000 ) ) ;
#6236 = CARTESIAN_POINT ( 'NONE',  ( 0.7781528662419999742, 0.4443949044590000397, 0.7990000000000000435 ) ) ;
#6237 = VERTEX_POINT ( 'NONE', #937 ) ;
#6238 = ADVANCED_FACE ( 'NONE', ( #3000 ), #6289, .F. ) ;
#6239 = SURFACE_SIDE_STYLE ('',( #4658 ) ) ;
#6240 = ORIENTED_EDGE ( 'NONE', *, *, #7004, .F. ) ;
#6241 = LINE ( 'NONE', #5696, #851 ) ;
#6242 = B_SPLINE_CURVE_WITH_KNOTS ( 'NONE', 3,
 ( #6100, #2115, #6581, #1089 ),
 .UNSPECIFIED., .F., .F.,
 ( 4, 4 ),
 ( 0.0000000000000000000, 1.000000000000000000 ),
 .UNSPECIFIED. ) ;
#6243 = FACE_OUTER_BOUND ( 'NONE', #3114, .T. ) ;
#6244 = FILL_AREA_STYLE_COLOUR ( '', #3828 ) ;
#6245 = ORIENTED_EDGE ( 'NONE', *, *, #1456, .F. ) ;
#6246 = CARTESIAN_POINT ( 'NONE',  ( 1.199999999999999956, -0.8499999999999999778, 0.7750000000000001332 ) ) ;
#6247 = EDGE_CURVE ( 'NONE', #4960, #7263, #5749, .T. ) ;
#6248 = UNCERTAINTY_MEASURE_WITH_UNIT (LENGTH_MEASURE( 1.000000000000000082E-05 ), #2486, 'distance_accuracy_value', 'NONE');
#6249 = ORIENTED_EDGE ( 'NONE', *, *, #5625, .F. ) ;
#6250 = CARTESIAN_POINT ( 'NONE',  ( -0.1893205962124198671, 0.3586199525095363771, 0.7990000000000000435 ) ) ;
#6251 = PLANE ( 'NONE',  #843 ) ;
#6252 = PRESENTATION_LAYER_ASSIGNMENT (  '', '', ( #6727 ) ) ;
#6253 = DIRECTION ( 'NONE',  ( 0.0000000000000000000, 1.000000000000000000, -2.199999999999999757E-16 ) ) ;
#6254 = CARTESIAN_POINT ( 'NONE',  ( -0.2873248407640000002, -0.4978980891720000690, 0.0009999999999999998040 ) ) ;
#6255 = EDGE_LOOP ( 'NONE', ( #6487, #7182, #5123, #6290 ) ) ;
#6256 =( NAMED_UNIT ( * ) SI_UNIT ( $, .STERADIAN. ) SOLID_ANGLE_UNIT ( ) );
#6257 = ORIENTED_EDGE ( 'NONE', *, *, #1007, .T. ) ;
#6258 = CARTESIAN_POINT ( 'NONE',  ( 0.8311464942000672540, -0.4087261117259918808, 0.001000000000000000021 ) ) ;
#6259 = VERTEX_POINT ( 'NONE', #6130 ) ;
#6260 = CARTESIAN_POINT ( 'NONE',  ( -0.4814649681529999947, 0.1298726114650000096, 0.0009999999999999998040 ) ) ;
#6261 = EDGE_LOOP ( 'NONE', ( #1988, #3779, #2664, #2660 ) ) ;
#6262 = FILL_AREA_STYLE ('',( #4475 ) ) ;
#6263 =( NAMED_UNIT ( * ) SI_UNIT ( $, .STERADIAN. ) SOLID_ANGLE_UNIT ( ) );
#6264 = LINE ( 'NONE', #4753, #3302 ) ;
#6265 = MECHANICAL_DESIGN_GEOMETRIC_PRESENTATION_REPRESENTATION (  '', ( #68 ), #2530 ) ;
#6266 = DIRECTION ( 'NONE',  ( 0.0000000000000000000, 0.0000000000000000000, 1.000000000000000000 ) ) ;
#6267 = EDGE_CURVE ( 'NONE', #5006, #7132, #6399, .T. ) ;
#6268 = CARTESIAN_POINT ( 'NONE',  ( 1.699000000000000288, -0.8490000000000000879, 0.4000000000000000222 ) ) ;
#6269 = CARTESIAN_POINT ( 'NONE',  ( -0.2873248407640000002, 0.4978980891720000690, 0.8000000000000000444 ) ) ;
#6270 = ORIENTED_EDGE ( 'NONE', *, *, #7242, .F. ) ;
#6271 = CARTESIAN_POINT ( 'NONE',  ( 0.3592993630569999985, -0.4978980891720000690, 0.0000000000000000000 ) ) ;
#6272 = CARTESIAN_POINT ( 'NONE',  ( -1.223999999999999977, 0.8499999999999999778, 0.02400000000000000050 ) ) ;
#6273 = ORIENTED_EDGE ( 'NONE', *, *, #7055, .F. ) ;
#6274 = AXIS2_PLACEMENT_3D ( 'NONE', #4567, #6847, #2853 ) ;
#6275 = FILL_AREA_STYLE ('',( #858 ) ) ;
#6276 = DIRECTION ( 'NONE',  ( -1.000000000000000000, 0.0000000000000000000, -0.0000000000000000000 ) ) ;
#6277 = EDGE_CURVE ( 'NONE', #2904, #1182, #4994, .T. ) ;
#6278 = ORIENTED_EDGE ( 'NONE', *, *, #4406, .T. ) ;
#6279 = LINE ( 'NONE', #6763, #1868 ) ;
#6280 = ORIENTED_EDGE ( 'NONE', *, *, #2068, .F. ) ;
#6281 = CARTESIAN_POINT ( 'NONE',  ( 0.03216560509553998554, -0.2507643312100000244, 0.0000000000000000000 ) ) ;
#6282 = CARTESIAN_POINT ( 'NONE',  ( 0.3582802547769999846, -0.2217197452230000032, 0.0009999999999999998040 ) ) ;
#6283 = EDGE_CURVE ( 'NONE', #5639, #3608, #6576, .T. ) ;
#6284 = ADVANCED_FACE ( 'NONE', ( #969 ), #7130, .T. ) ;
#6285 = CARTESIAN_POINT ( 'NONE',  ( -0.04681528662420000875, -0.2363694267520000392, 0.8000000000000000444 ) ) ;
#6286 = B_SPLINE_SURFACE_WITH_KNOTS ( 'NONE', 2, 1, ( 
 ( #5989, #2107 ),
 ( #4915, #5584 ),
 ( #6684, #7164 ) ),
 .UNSPECIFIED., .F., .F., .F.,
 ( 3, 3 ),
 ( 2, 2 ),
 ( 0.0000000000000000000, 1.000000000000000000 ),
 ( 0.0000000000000000000, 1.000000000000000000 ),
 .UNSPECIFIED. ) ;
#6287 =( LENGTH_UNIT ( ) NAMED_UNIT ( * ) SI_UNIT ( .MILLI., .METRE. ) );
#6288 = VERTEX_POINT ( 'NONE', #6647 ) ;
#6289 = PLANE ( 'NONE',  #996 ) ;
#6290 = ORIENTED_EDGE ( 'NONE', *, *, #5607, .F. ) ;
#6291 = DIRECTION ( 'NONE',  ( 0.0000000000000000000, 0.0000000000000000000, 1.000000000000000000 ) ) ;
#6292 = ORIENTED_EDGE ( 'NONE', *, *, #3755, .F. ) ;
#6293 = LINE ( 'NONE', #4540, #3754 ) ;
#6294 = AXIS2_PLACEMENT_3D ( 'NONE', #1786, #607, #706 ) ;
#6295 = STYLED_ITEM ( 'NONE', ( #123 ), #924 ) ;
#6296 =( LENGTH_UNIT ( ) NAMED_UNIT ( * ) SI_UNIT ( .MILLI., .METRE. ) );
#6297 =( LENGTH_UNIT ( ) NAMED_UNIT ( * ) SI_UNIT ( .MILLI., .METRE. ) );
#6298 = ORIENTED_EDGE ( 'NONE', *, *, #5895, .T. ) ;
#6299 = UNCERTAINTY_MEASURE_WITH_UNIT (LENGTH_MEASURE( 1.000000000000000082E-05 ), #5623, 'distance_accuracy_value', 'NONE');
#6300 = CARTESIAN_POINT ( 'NONE',  ( -0.5100000000000000089, -0.7914012738850000339, 0.0000000000000000000 ) ) ;
#6301 = LINE ( 'NONE', #2391, #6332 ) ;
#6302 =( NAMED_UNIT ( * ) PLANE_ANGLE_UNIT ( ) SI_UNIT ( $, .RADIAN. ) );
#6303 = B_SPLINE_CURVE_WITH_KNOTS ( 'NONE', 3,
 ( #3337, #3369, #584, #2821 ),
 .UNSPECIFIED., .F., .F.,
 ( 4, 4 ),
 ( 0.0000000000000000000, 1.000000000000000000 ),
 .UNSPECIFIED. ) ;
#6304 = CARTESIAN_POINT ( 'NONE',  ( 0.3715286624200000443, -0.6761146496819999685, 0.8000000000000000444 ) ) ;
#6305 = B_SPLINE_CURVE_WITH_KNOTS ( 'NONE', 3,
 ( #6392, #897, #827, #1423 ),
 .UNSPECIFIED., .F., .F.,
 ( 4, 4 ),
 ( 0.0000000000000000000, 1.000000000000000000 ),
 .UNSPECIFIED. ) ;
#6306 = CARTESIAN_POINT ( 'NONE',  ( 0.7251592340367629674, 0.4800636907011597843, 0.7990000000000000435 ) ) ;
#6307 = EDGE_LOOP ( 'NONE', ( #1376, #2638, #5074, #1131 ) ) ;
#6308 = LINE ( 'NONE', #5770, #7154 ) ;
#6309 = EDGE_LOOP ( 'NONE', ( #3479, #6907, #5193, #1948 ) ) ;
#6310 = CARTESIAN_POINT ( 'NONE',  ( 0.2339490445859999934, 3.000000000000000061E-17, 0.001000000000000000021 ) ) ;
#6311 = ORIENTED_EDGE ( 'NONE', *, *, #4302, .F. ) ;
#6312 = CARTESIAN_POINT ( 'NONE',  ( -0.03560509554139999755, -0.3827388535030000205, 0.0009999999999999998040 ) ) ;
#6313 = DIRECTION ( 'NONE',  ( -0.0000000000000000000, 1.000000000000000000, 0.0000000000000000000 ) ) ;
#6314 = UNCERTAINTY_MEASURE_WITH_UNIT (LENGTH_MEASURE( 1.000000000000000082E-05 ), #4477, 'distance_accuracy_value', 'NONE');
#6315 = ORIENTED_EDGE ( 'NONE', *, *, #7004, .T. ) ;
#6316 = CARTESIAN_POINT ( 'NONE',  ( -1.699999999999999956, 0.8499999999999999778, 0.8000000000000000444 ) ) ;
#6317 = ADVANCED_FACE ( 'NONE', ( #2214 ), #6092, .T. ) ;
#6318 = MECHANICAL_DESIGN_GEOMETRIC_PRESENTATION_REPRESENTATION (  '', ( #5271 ), #5032 ) ;
#6319 = CARTESIAN_POINT ( 'NONE',  ( 0.3582802547769999846, -0.06681528662419999876, 0.0000000000000000000 ) ) ;
#6320 = B_SPLINE_CURVE_WITH_KNOTS ( 'NONE', 3,
 ( #6236, #6306, #6722, #3963 ),
 .UNSPECIFIED., .F., .F.,
 ( 4, 4 ),
 ( 0.0000000000000000000, 1.000000000000000000 ),
 .UNSPECIFIED. ) ;
#6321 = CARTESIAN_POINT ( 'NONE',  ( -0.1050743141909834810, 0.2580679350143925133, 0.7990000000000000435 ) ) ;
#6322 = SURFACE_SIDE_STYLE ('',( #5149 ) ) ;
#6323 = MECHANICAL_DESIGN_GEOMETRIC_PRESENTATION_REPRESENTATION (  '', ( #5391 ), #6915 ) ;
#6324 = ADVANCED_FACE ( 'NONE', ( #4843 ), #5897, .T. ) ;
#6325 = CARTESIAN_POINT ( 'NONE',  ( 0.7338216560510000264, -0.3073248407640000179, 0.0000000000000000000 ) ) ;
#6326 = ORIENTED_EDGE ( 'NONE', *, *, #2854, .F. ) ;
#6327 = VERTEX_POINT ( 'NONE', #422 ) ;
#6328 = EDGE_CURVE ( 'NONE', #5564, #259, #1085, .T. ) ;
#6329 =( NAMED_UNIT ( * ) SI_UNIT ( $, .STERADIAN. ) SOLID_ANGLE_UNIT ( ) );
#6330 = ORIENTED_EDGE ( 'NONE', *, *, #6966, .T. ) ;
#6331 = CARTESIAN_POINT ( 'NONE',  ( 1.199999999999999956, 0.8400000000000000799, 0.02500000000000000139 ) ) ;
#6332 = VECTOR ( 'NONE', #2217, 1000.000000000000000 ) ;
#6333 = B_SPLINE_CURVE_WITH_KNOTS ( 'NONE', 3,
 ( #2194, #4496, #1168, #5670 ),
 .UNSPECIFIED., .F., .F.,
 ( 4, 4 ),
 ( 0.0000000000000000000, 1.000000000000000000 ),
 .UNSPECIFIED. ) ;
#6334 = VECTOR ( 'NONE', #4011, 1000.000000000000000 ) ;
#6335 = EDGE_LOOP ( 'NONE', ( #6969, #1673, #3835, #4667 ) ) ;
#6336 = MECHANICAL_DESIGN_GEOMETRIC_PRESENTATION_REPRESENTATION (  '', ( #6111 ), #6223 ) ;
#6337 = FILL_AREA_STYLE ('',( #1917 ) ) ;
#6338 = EDGE_LOOP ( 'NONE', ( #2226, #4782, #5647, #1572, #3248, #5788 ) ) ;
#6339 = ADVANCED_FACE ( 'NONE', ( #4336 ), #7167, .F. ) ;
#6340 = CARTESIAN_POINT ( 'NONE',  ( 1.399999999999999911, 0.0000000000000000000, 0.0000000000000000000 ) ) ;
#6341 = CARTESIAN_POINT ( 'NONE',  ( 0.5814649681529999725, 0.3837579617830000345, 0.7950000000000000400 ) ) ;
#6342 = CARTESIAN_POINT ( 'NONE',  ( -0.2995541401269999904, 0.3837579617830000345, 0.7990000000000000435 ) ) ;
#6343 = VECTOR ( 'NONE', #6424, 1000.000000000000000 ) ;
#6344 = MECHANICAL_DESIGN_GEOMETRIC_PRESENTATION_REPRESENTATION (  '', ( #3655 ), #6210 ) ;
#6345 = LINE ( 'NONE', #6304, #5541 ) ;
#6346 = CARTESIAN_POINT ( 'NONE',  ( 0.5386624203819999623, -0.3499999999999999778, 0.8000000000000000444 ) ) ;
#6347 = DIRECTION ( 'NONE',  ( 2.189528850507526673E-47, -1.000000000000000000, -1.948680676951698882E-62 ) ) ;
#6348 = ORIENTED_EDGE ( 'NONE', *, *, #4170, .F. ) ;
#6349 = ORIENTED_EDGE ( 'NONE', *, *, #6155, .T. ) ;
#6350 = FACE_OUTER_BOUND ( 'NONE', #6649, .T. ) ;
#6351 = CARTESIAN_POINT ( 'NONE',  ( -0.3056687898089999744, -0.2358598726109999988, 0.8000000000000000444 ) ) ;
#6352 = B_SPLINE_SURFACE_WITH_KNOTS ( 'NONE', 2, 1, ( 
 ( #476, #4868 ),
 ( #7117, #2096 ),
 ( #4323, #6561 ) ),
 .UNSPECIFIED., .F., .F., .F.,
 ( 3, 3 ),
 ( 2, 2 ),
 ( 0.0000000000000000000, 1.000000000000000000 ),
 ( 0.0000000000000000000, 1.000000000000000000 ),
 .UNSPECIFIED. ) ;
#6353 = CARTESIAN_POINT ( 'NONE',  ( 0.5814649681529999725, 0.3837579617830000345, 0.8000000000000000444 ) ) ;
#6354 = VERTEX_POINT ( 'NONE', #3477 ) ;
#6355 = SURFACE_SIDE_STYLE ('',( #71 ) ) ;
#6356 = VERTEX_POINT ( 'NONE', #6271 ) ;
#6357 = CARTESIAN_POINT ( 'NONE',  ( 0.4975583873644304211, 0.3403184694019284473, 0.001000000000000000021 ) ) ;
#6358 =( NAMED_UNIT ( * ) SI_UNIT ( $, .STERADIAN. ) SOLID_ANGLE_UNIT ( ) );
#6359 = CARTESIAN_POINT ( 'NONE',  ( -1.699999999999999956, -0.8499999999999999778, 0.0000000000000000000 ) ) ;
#6360 = EDGE_CURVE ( 'NONE', #6028, #1245, #50, .T. ) ;
#6361 = CARTESIAN_POINT ( 'NONE',  ( 0.1375000000000000111, 0.8170000000000000595, 0.001000000000000000021 ) ) ;
#6362 = ORIENTED_EDGE ( 'NONE', *, *, #3899, .T. ) ;
#6363 = FILL_AREA_STYLE ('',( #720 ) ) ;
#6364 = VERTEX_POINT ( 'NONE', #1225 ) ;
#6365 = CARTESIAN_POINT ( 'NONE',  ( -0.1471974522289999920, 0.3083439490450000098, 0.8000000000000000444 ) ) ;
#6366 = EDGE_LOOP ( 'NONE', ( #3978, #3629, #895, #3830 ) ) ;
#6367 = AXIS2_PLACEMENT_3D ( 'NONE', #1954, #5312, #3499 ) ;
#6368 = EDGE_CURVE ( 'NONE', #1750, #2612, #4729, .T. ) ;
#6369 = AXIS2_PLACEMENT_3D ( 'NONE', #701, #15, #1196 ) ;
#6370 = EDGE_LOOP ( 'NONE', ( #2032, #2800, #1918, #1124 ) ) ;
#6371 = FILL_AREA_STYLE_COLOUR ( '', #2395 ) ;
#6372 = FACE_OUTER_BOUND ( 'NONE', #6442, .T. ) ;
#6373 = VERTEX_POINT ( 'NONE', #3420 ) ;
#6374 = CARTESIAN_POINT ( 'NONE',  ( -1.699999999999999956, -0.5500000000000000444, 0.6750000000000000444 ) ) ;
#6375 = DIRECTION ( 'NONE',  ( 0.0000000000000000000, 0.0000000000000000000, 1.000000000000000000 ) ) ;
#6376 = CARTESIAN_POINT ( 'NONE',  ( -0.3897452229300000237, -0.3837579617830000345, 0.0000000000000000000 ) ) ;
#6377 = PRESENTATION_LAYER_ASSIGNMENT (  '', '', ( #3558 ) ) ;
#6378 = EDGE_CURVE ( 'NONE', #6752, #2197, #5656, .T. ) ;
#6379 = CARTESIAN_POINT ( 'NONE',  ( -0.9250000000000002665, 0.8400000000000001910, 0.7760000000000000231 ) ) ;
#6380 = CARTESIAN_POINT ( 'NONE',  ( 0.4612101910829999873, 0.3209554140129999844, 0.0009999999999999998040 ) ) ;
#6381 = ORIENTED_EDGE ( 'NONE', *, *, #428, .T. ) ;
#6382 = VECTOR ( 'NONE', #1436, 1000.000000000000000 ) ;
#6383 = CARTESIAN_POINT ( 'NONE',  ( 0.5947133757960000322, -0.4978980891720000690, 0.0009999999999999998040 ) ) ;
#6384 = CARTESIAN_POINT ( 'NONE',  ( 0.3582802547769999846, 0.2217197452230000032, 0.8000000000000000444 ) ) ;
#6385 = CARTESIAN_POINT ( 'NONE',  ( -0.3056687898089999189, -0.2358598726109999988, 0.7990000000000000435 ) ) ;
#6386 = FILL_AREA_STYLE_COLOUR ( '', #1211 ) ;
#6387 = MECHANICAL_DESIGN_GEOMETRIC_PRESENTATION_REPRESENTATION (  '', ( #1132 ), #4403 ) ;
#6388 = CARTESIAN_POINT ( 'NONE',  ( -1.199999999999999956, -0.8489999999999999769, 0.6750000000000000444 ) ) ;
#6389 = VERTEX_POINT ( 'NONE', #4000 ) ;
#6390 = B_SPLINE_CURVE_WITH_KNOTS ( 'NONE', 3,
 ( #3179, #3715, #7108, #1020 ),
 .UNSPECIFIED., .F., .F.,
 ( 4, 4 ),
 ( 0.0000000000000000000, 1.000000000000000000 ),
 .UNSPECIFIED. ) ;
#6391 = FILL_AREA_STYLE_COLOUR ( '', #228 ) ;
#6392 = CARTESIAN_POINT ( 'NONE',  ( -0.03560509554139999061, 0.3827388535030000205, 0.7990000000000000435 ) ) ;
#6393 = AXIS2_PLACEMENT_3D ( 'NONE', #3792, #5045, #2678 ) ;
#6394 = ORIENTED_EDGE ( 'NONE', *, *, #4080, .F. ) ;
#6395 = CARTESIAN_POINT ( 'NONE',  ( 0.05662420382165998106, -0.1446072186836800111, 0.0000000000000000000 ) ) ;
#6396 = B_SPLINE_CURVE_WITH_KNOTS ( 'NONE', 3,
 ( #5722, #3957, #1254, #6717 ),
 .UNSPECIFIED., .F., .F.,
 ( 4, 4 ),
 ( 0.0000000000000000000, 1.000000000000000000 ),
 .UNSPECIFIED. ) ;
#6397 = FILL_AREA_STYLE ('',( #5856 ) ) ;
#6398 = CARTESIAN_POINT ( 'NONE',  ( -0.5212101910830000406, 0.08006369426751999696, 0.7990000000000000435 ) ) ;
#6399 = B_SPLINE_CURVE_WITH_KNOTS ( 'NONE', 3,
 ( #6613, #2073, #2109, #5993 ),
 .UNSPECIFIED., .F., .F.,
 ( 4, 4 ),
 ( 0.0000000000000000000, 1.000000000000000000 ),
 .UNSPECIFIED. ) ;
#6400 = LINE ( 'NONE', #1390, #1249 ) ;
#6401 = FILL_AREA_STYLE ('',( #1469 ) ) ;
#6402 = EDGE_LOOP ( 'NONE', ( #1540, #1915, #2563, #3118 ) ) ;
#6403 = ORIENTED_EDGE ( 'NONE', *, *, #21, .F. ) ;
#6404 = CARTESIAN_POINT ( 'NONE',  ( -0.5100000000000000089, -0.3878343949040000127, 0.0000000000000000000 ) ) ;
#6405 = ORIENTED_EDGE ( 'NONE', *, *, #2630, .F. ) ;
#6406 = EDGE_CURVE ( 'NONE', #6490, #6956, #3965, .T. ) ;
#6407 = ORIENTED_EDGE ( 'NONE', *, *, #5016, .T. ) ;
#6408 = ORIENTED_EDGE ( 'NONE', *, *, #5109, .F. ) ;
#6409 = VECTOR ( 'NONE', #3597, 1000.000000000000000 ) ;
#6410 = B_SPLINE_SURFACE_WITH_KNOTS ( 'NONE', 2, 1, ( 
 ( #5928, #245 ),
 ( #5894, #284 ),
 ( #903, #6398 ) ),
 .UNSPECIFIED., .F., .F., .F.,
 ( 3, 3 ),
 ( 2, 2 ),
 ( 0.0000000000000000000, 1.000000000000000000 ),
 ( 0.0000000000000000000, 1.000000000000000000 ),
 .UNSPECIFIED. ) ;
#6411 = CARTESIAN_POINT ( 'NONE',  ( 1.199999999999999956, -0.8499999999999999778, 0.1250000000000000000 ) ) ;
#6412 =( NAMED_UNIT ( * ) SI_UNIT ( $, .STERADIAN. ) SOLID_ANGLE_UNIT ( ) );
#6413 = ADVANCED_FACE ( 'NONE', ( #4482 ), #2624, .T. ) ;
#6414 = DIRECTION ( 'NONE',  ( 0.0000000000000000000, 0.0000000000000000000, 1.000000000000000000 ) ) ;
#6415 = CARTESIAN_POINT ( 'NONE',  ( 0.007707006369427000028, 0.3282165605099999772, 0.8000000000000000444 ) ) ;
#6416 = EDGE_CURVE ( 'NONE', #7225, #2490, #3384, .T. ) ;
#6417 = CARTESIAN_POINT ( 'NONE',  ( 0.9386624173924063008, 0.002823777563962947927, 0.001000000000000000021 ) ) ;
#6418 = VERTEX_POINT ( 'NONE', #6167 ) ;
#6419 = CARTESIAN_POINT ( 'NONE',  ( -0.08401273885349998249, 0.02847133757961329073, 0.0000000000000000000 ) ) ;
#6420 = CARTESIAN_POINT ( 'NONE',  ( -0.1497452229300000048, 0.3499999999999999778, 0.0009999999999999998040 ) ) ;
#6421 = EDGE_CURVE ( 'NONE', #5220, #1652, #2872, .T. ) ;
#6422 = VECTOR ( 'NONE', #5114, 1000.000000000000000 ) ;
#6423 = SURFACE_STYLE_FILL_AREA ( #6275 ) ;
#6424 = DIRECTION ( 'NONE',  ( -0.0000000000000000000, 1.000000000000000000, 0.0000000000000000000 ) ) ;
#6425 = DIRECTION ( 'NONE',  ( -0.0000000000000000000, -1.000000000000000000, -0.0000000000000000000 ) ) ;
#6426 = ORIENTED_EDGE ( 'NONE', *, *, #6105, .T. ) ;
#6427 = ADVANCED_FACE ( 'NONE', ( #2840 ), #2436, .T. ) ;
#6428 = ORIENTED_EDGE ( 'NONE', *, *, #287, .F. ) ;
#6429 = DIRECTION ( 'NONE',  ( 0.0000000000000000000, 1.000000000000000000, -2.199999999999999757E-16 ) ) ;
#6430 = ADVANCED_FACE ( 'NONE', ( #4554 ), #165, .F. ) ;
#6431 = CARTESIAN_POINT ( 'NONE',  ( 0.6787898089170000260, 0.3499999999999999778, 0.0000000000000000000 ) ) ;
#6432 = PRESENTATION_LAYER_ASSIGNMENT (  '', '', ( #4780 ) ) ;
#6433 = CARTESIAN_POINT ( 'NONE',  ( 0.4260509554140000099, -0.3027388535030000605, 0.0000000000000000000 ) ) ;
#6434 = CARTESIAN_POINT ( 'NONE',  ( -1.699999999999999956, -0.8499999999999999778, 0.1250000000000000000 ) ) ;
#6435 = FACE_OUTER_BOUND ( 'NONE', #2141, .T. ) ;
#6436 = ORIENTED_EDGE ( 'NONE', *, *, #5243, .F. ) ;
#6437 =( GEOMETRIC_REPRESENTATION_CONTEXT ( 3 ) GLOBAL_UNCERTAINTY_ASSIGNED_CONTEXT ( ( #4023 ) ) GLOBAL_UNIT_ASSIGNED_CONTEXT ( ( #1955, #2571, #3661 ) ) REPRESENTATION_CONTEXT ( 'NONE', 'WORKASPACE' ) );
#6438 = ORIENTED_EDGE ( 'NONE', *, *, #5702, .F. ) ;
#6439 = VERTEX_POINT ( 'NONE', #7013 ) ;
#6440 = FILL_AREA_STYLE_COLOUR ( '', #6694 ) ;
#6441 = VECTOR ( 'NONE', #4446, 1000.000000000000000 ) ;
#6442 = EDGE_LOOP ( 'NONE', ( #3954, #3798, #3941, #6426 ) ) ;
#6443 = FILL_AREA_STYLE ('',( #2533 ) ) ;
#6444 = SURFACE_STYLE_FILL_AREA ( #6337 ) ;
#6445 = ORIENTED_EDGE ( 'NONE', *, *, #4312, .T. ) ;
#6446 = VECTOR ( 'NONE', #4650, 1000.000000000000000 ) ;
#6447 = AXIS2_PLACEMENT_3D ( 'NONE', #3645, #5258, #242 ) ;
#6448 = DIRECTION ( 'NONE',  ( -0.0000000000000000000, -1.000000000000000000, -0.0000000000000000000 ) ) ;
#6449 = DIRECTION ( 'NONE',  ( -0.0000000000000000000, -1.000000000000000000, -0.0000000000000000000 ) ) ;
#6450 = SURFACE_STYLE_USAGE ( .BOTH. , #2578 ) ;
#6451 = AXIS2_PLACEMENT_3D ( 'NONE', #2973, #191, #2426 ) ;
#6452 = VECTOR ( 'NONE', #2188, 1000.000000000000000 ) ;
#6453 = EDGE_CURVE ( 'NONE', #6901, #2027, #232, .T. ) ;
#6454 = DIRECTION ( 'NONE',  ( -0.0000000000000000000, -1.000000000000000000, -0.0000000000000000000 ) ) ;
#6455 = EDGE_LOOP ( 'NONE', ( #3476, #7146, #1956, #3816 ) ) ;
#6456 =( NAMED_UNIT ( * ) SI_UNIT ( $, .STERADIAN. ) SOLID_ANGLE_UNIT ( ) );
#6457 = DIRECTION ( 'NONE',  ( -0.0000000000000000000, -1.000000000000000000, 0.0000000000000000000 ) ) ;
#6458 = AXIS2_PLACEMENT_3D ( 'NONE', #5812, #3062, #784 ) ;
#6459 =( GEOMETRIC_REPRESENTATION_CONTEXT ( 3 ) GLOBAL_UNCERTAINTY_ASSIGNED_CONTEXT ( ( #3751 ) ) GLOBAL_UNIT_ASSIGNED_CONTEXT ( ( #1835, #6153, #1694 ) ) REPRESENTATION_CONTEXT ( 'NONE', 'WORKASPACE' ) );
#6460 =( NAMED_UNIT ( * ) SI_UNIT ( $, .STERADIAN. ) SOLID_ANGLE_UNIT ( ) );
#6461 =( NAMED_UNIT ( * ) SI_UNIT ( $, .STERADIAN. ) SOLID_ANGLE_UNIT ( ) );
#6462 = EDGE_CURVE ( 'NONE', #5713, #2904, #4028, .T. ) ;
#6463 = DIRECTION ( 'NONE',  ( -0.0000000000000000000, -0.0000000000000000000, -1.000000000000000000 ) ) ;
#6464 = EDGE_CURVE ( 'NONE', #711, #1787, #112, .T. ) ;
#6465 = VERTEX_POINT ( 'NONE', #4797 ) ;
#6466 = PRESENTATION_LAYER_ASSIGNMENT (  '', '', ( #5889 ) ) ;
#6467 = CARTESIAN_POINT ( 'NONE',  ( -2.000000000000000143E-17, -0.8490000000000000879, 0.5250000000000000222 ) ) ;
#6468 = DIRECTION ( 'NONE',  ( 0.0000000000000000000, 0.0000000000000000000, -1.000000000000000000 ) ) ;
#6469 = ORIENTED_EDGE ( 'NONE', *, *, #557, .F. ) ;
#6470 = CARTESIAN_POINT ( 'NONE',  ( 0.1375000000000000111, -0.3499999999999999778, 0.7990000000000000435 ) ) ;
#6471 = SURFACE_STYLE_FILL_AREA ( #393 ) ;
#6472 = CARTESIAN_POINT ( 'NONE',  ( -0.1471974522289999920, 0.3083439490450000098, 0.7990000000000000435 ) ) ;
#6473 = ADVANCED_FACE ( 'NONE', ( #5358 ), #4765, .T. ) ;
#6474 = CARTESIAN_POINT ( 'NONE',  ( 0.05662420382165998106, 0.1446072186836800111, 0.8000000000000000444 ) ) ;
#6475 = EDGE_CURVE ( 'NONE', #5797, #6327, #1377, .T. ) ;
#6476 = B_SPLINE_SURFACE_WITH_KNOTS ( 'NONE', 2, 1, ( 
 ( #6577, #2906 ),
 ( #5657, #6759 ),
 ( #5214, #4555 ) ),
 .UNSPECIFIED., .F., .F., .F.,
 ( 3, 3 ),
 ( 2, 2 ),
 ( 0.0000000000000000000, 1.000000000000000000 ),
 ( 0.0000000000000000000, 1.000000000000000000 ),
 .UNSPECIFIED. ) ;
#6477 = B_SPLINE_CURVE_WITH_KNOTS ( 'NONE', 3,
 ( #2342, #4575, #688, #2383 ),
 .UNSPECIFIED., .F., .F.,
 ( 4, 4 ),
 ( 0.0000000000000000000, 1.000000000000000000 ),
 .UNSPECIFIED. ) ;
#6478 = VERTEX_POINT ( 'NONE', #2981 ) ;
#6479 = UNCERTAINTY_MEASURE_WITH_UNIT (LENGTH_MEASURE( 1.000000000000000082E-05 ), #1139, 'distance_accuracy_value', 'NONE');
#6480 = ORIENTED_EDGE ( 'NONE', *, *, #3075, .T. ) ;
#6481 = DIRECTION ( 'NONE',  ( 0.0000000000000000000, 0.0000000000000000000, 1.000000000000000000 ) ) ;
#6482 = FILL_AREA_STYLE ('',( #4242 ) ) ;
#6483 = DIRECTION ( 'NONE',  ( 0.0000000000000000000, -1.000000000000000000, -0.0000000000000000000 ) ) ;
#6484 = EDGE_LOOP ( 'NONE', ( #199, #5752, #5106, #5536 ) ) ;
#6485 = CARTESIAN_POINT ( 'NONE',  ( -0.5100000000000000089, -0.7914012738850000339, 0.005000000000000000104 ) ) ;
#6486 =( NAMED_UNIT ( * ) SI_UNIT ( $, .STERADIAN. ) SOLID_ANGLE_UNIT ( ) );
#6487 = ORIENTED_EDGE ( 'NONE', *, *, #991, .T. ) ;
#6488 = PRESENTATION_LAYER_ASSIGNMENT (  '', '', ( #1467 ) ) ;
#6489 = CARTESIAN_POINT ( 'NONE',  ( 0.3582802547769999846, -0.06681528662419999876, 0.0000000000000000000 ) ) ;
#6490 = VERTEX_POINT ( 'NONE', #1451 ) ;
#6491 = CARTESIAN_POINT ( 'NONE',  ( 0.1375000000000000111, -0.4978980891720000690, 0.001000000000000000021 ) ) ;
#6492 = CARTESIAN_POINT ( 'NONE',  ( 0.4612101910829999873, 0.3209554140129999844, 0.0000000000000000000 ) ) ;
#6493 = MECHANICAL_DESIGN_GEOMETRIC_PRESENTATION_REPRESENTATION (  '', ( #4838 ), #6607 ) ;
#6494 = CARTESIAN_POINT ( 'NONE',  ( 0.4066878980890000217, 0.2914012738849999784, 0.0000000000000000000 ) ) ;
#6495 = ORIENTED_EDGE ( 'NONE', *, *, #589, .F. ) ;
#6496 = CARTESIAN_POINT ( 'NONE',  ( -0.4228662420379999953, -0.4978980891720000690, 0.0009999999999999998040 ) ) ;
#6497 = LINE ( 'NONE', #5288, #2940 ) ;
#6498 = VECTOR ( 'NONE', #4983, 1000.000000000000000 ) ;
#6499 = ADVANCED_FACE ( 'NONE', ( #3669 ), #1329, .T. ) ;
#6500 = AXIS2_PLACEMENT_3D ( 'NONE', #4865, #3191, #6079 ) ;
#6501 = CARTESIAN_POINT ( 'NONE',  ( 0.7781528662419999742, 0.4443949044590000397, 0.8000000000000000444 ) ) ;
#6502 = ORIENTED_EDGE ( 'NONE', *, *, #4502, .T. ) ;
#6503 = CARTESIAN_POINT ( 'NONE',  ( -1.699000000000000288, 0.5500000000000000444, 0.5999999999999999778 ) ) ;
#6504 = CARTESIAN_POINT ( 'NONE',  ( 1.199999999999999956, -0.8490000000000000879, 0.4000000000000000222 ) ) ;
#6505 = ORIENTED_EDGE ( 'NONE', *, *, #2886, .F. ) ;
#6506 = CARTESIAN_POINT ( 'NONE',  ( 0.3715286624200000443, 0.2465605095540000236, 0.0009999999999999998040 ) ) ;
#6507 = CARTESIAN_POINT ( 'NONE',  ( 0.8938216560509999464, -0.1441401273890000057, 0.8000000000000000444 ) ) ;
#6508 = EDGE_CURVE ( 'NONE', #5905, #7100, #1490, .T. ) ;
#6509 = DIRECTION ( 'NONE',  ( 0.0000000000000000000, -0.0000000000000000000, -1.000000000000000000 ) ) ;
#6510 = B_SPLINE_CURVE_WITH_KNOTS ( 'NONE', 3,
 ( #4876, #6643, #5433, #7126 ),
 .UNSPECIFIED., .F., .F.,
 ( 4, 4 ),
 ( 0.0000000000000000000, 1.000000000000000000 ),
 .UNSPECIFIED. ) ;
#6511 = LINE ( 'NONE', #5371, #6633 ) ;
#6512 = EDGE_LOOP ( 'NONE', ( #6042, #454, #6011, #1394 ) ) ;
#6513 = EDGE_CURVE ( 'NONE', #863, #4904, #7109, .T. ) ;
#6514 = ORIENTED_EDGE ( 'NONE', *, *, #4661, .F. ) ;
#6515 = CARTESIAN_POINT ( 'NONE',  ( -0.08401273885350001025, 0.07445859872611999830, 0.7990000000000000435 ) ) ;
#6516 =( NAMED_UNIT ( * ) SI_UNIT ( $, .STERADIAN. ) SOLID_ANGLE_UNIT ( ) );
#6517 = EDGE_CURVE ( 'NONE', #126, #3574, #339, .T. ) ;
#6518 = ORIENTED_EDGE ( 'NONE', *, *, #3809, .F. ) ;
#6519 = CARTESIAN_POINT ( 'NONE',  ( -1.449999999999999956, 0.8499999999999999778, 0.2750000000000000222 ) ) ;
#6520 = ORIENTED_EDGE ( 'NONE', *, *, #6831, .T. ) ;
#6521 = DIRECTION ( 'NONE',  ( -1.000000000000000000, 8.881784197001252323E-16, 0.0000000000000000000 ) ) ;
#6522 = VERTEX_POINT ( 'NONE', #4182 ) ;
#6523 = LINE ( 'NONE', #2136, #6570 ) ;
#6524 = FILL_AREA_STYLE ('',( #5460 ) ) ;
#6525 = CARTESIAN_POINT ( 'NONE',  ( 0.4260509554140000099, -0.3027388535030000605, 0.005000000000000000104 ) ) ;
#6526 = ORIENTED_EDGE ( 'NONE', *, *, #3813, .F. ) ;
#6527 = CARTESIAN_POINT ( 'NONE',  ( -0.1497452229300000048, -0.1578980891719999891, 0.7990000000000000435 ) ) ;
#6528 = CARTESIAN_POINT ( 'NONE',  ( -1.699999999999999956, -0.8499999999999999778, 0.6750000000000000444 ) ) ;
#6529 = FILL_AREA_STYLE_COLOUR ( '', #5886 ) ;
#6530 = MECHANICAL_DESIGN_GEOMETRIC_PRESENTATION_REPRESENTATION (  '', ( #4188 ), #2442 ) ;
#6531 = B_SPLINE_SURFACE_WITH_KNOTS ( 'NONE', 2, 1, ( 
 ( #7056, #1378 ),
 ( #5948, #892 ),
 ( #4183, #5323 ) ),
 .UNSPECIFIED., .F., .F., .F.,
 ( 3, 3 ),
 ( 2, 2 ),
 ( 0.0000000000000000000, 1.000000000000000000 ),
 ( 0.0000000000000000000, 1.000000000000000000 ),
 .UNSPECIFIED. ) ;
#6532 = ORIENTED_EDGE ( 'NONE', *, *, #4117, .F. ) ;
#6533 = VECTOR ( 'NONE', #5284, 1000.000000000000000 ) ;
#6534 = CARTESIAN_POINT ( 'NONE',  ( 0.4214649681529999969, 0.1619745222929999950, 0.0009999999999999998040 ) ) ;
#6535 = B_SPLINE_SURFACE_WITH_KNOTS ( 'NONE', 2, 1, ( 
 ( #6129, #3846 ),
 ( #1082, #3278 ),
 ( #560, #5435 ) ),
 .UNSPECIFIED., .F., .F., .F.,
 ( 3, 3 ),
 ( 2, 2 ),
 ( 0.0000000000000000000, 1.000000000000000000 ),
 ( 0.0000000000000000000, 1.000000000000000000 ),
 .UNSPECIFIED. ) ;
#6536 = EDGE_LOOP ( 'NONE', ( #3837, #3981, #314, #6960 ) ) ;
#6537 = CARTESIAN_POINT ( 'NONE',  ( 0.8938216560509999464, -0.1441401273890000057, 0.8000000000000000444 ) ) ;
#6538 =( NAMED_UNIT ( * ) SI_UNIT ( $, .STERADIAN. ) SOLID_ANGLE_UNIT ( ) );
#6539 = CARTESIAN_POINT ( 'NONE',  ( 7.000000000000000347E-17, 0.8490000000000000879, 0.5250000000000000222 ) ) ;
#6540 = VECTOR ( 'NONE', #171, 1000.000000000000000 ) ;
#6541 = CARTESIAN_POINT ( 'NONE',  ( -1.699000000000000288, -0.6999999999999999556, 0.5250000000000000222 ) ) ;
#6542 = CARTESIAN_POINT ( 'NONE',  ( 0.03216560509553999941, -0.2507643312100000244, 0.0009999999999999998040 ) ) ;
#6543 = VERTEX_POINT ( 'NONE', #5213 ) ;
#6544 = EDGE_CURVE ( 'NONE', #6880, #671, #1413, .T. ) ;
#6545 = UNCERTAINTY_MEASURE_WITH_UNIT (LENGTH_MEASURE( 1.000000000000000082E-05 ), #513, 'distance_accuracy_value', 'NONE');
#6546 = EDGE_LOOP ( 'NONE', ( #1244, #6630, #5771, #4139 ) ) ;
#6547 = CARTESIAN_POINT ( 'NONE',  ( -0.1497452229300000048, -0.1578980891719999891, 0.7990000000000000435 ) ) ;
#6548 =( GEOMETRIC_REPRESENTATION_CONTEXT ( 3 ) GLOBAL_UNCERTAINTY_ASSIGNED_CONTEXT ( ( #6824 ) ) GLOBAL_UNIT_ASSIGNED_CONTEXT ( ( #413, #3802, #1032 ) ) REPRESENTATION_CONTEXT ( 'NONE', 'WORKASPACE' ) );
#6549 =( LENGTH_UNIT ( ) NAMED_UNIT ( * ) SI_UNIT ( .MILLI., .METRE. ) );
#6550 = CARTESIAN_POINT ( 'NONE',  ( 1.699999999999999956, -0.5500000000000000444, 0.5250000000000000222 ) ) ;
#6551 = EDGE_CURVE ( 'NONE', #2314, #671, #4124, .T. ) ;
#6552 = STYLED_ITEM ( 'NONE', ( #3259 ), #2165 ) ;
#6553 =( NAMED_UNIT ( * ) SI_UNIT ( $, .STERADIAN. ) SOLID_ANGLE_UNIT ( ) );
#6554 = VERTEX_POINT ( 'NONE', #3096 ) ;
#6555 = ADVANCED_FACE ( 'NONE', ( #5322, #4760 ), #7090, .F. ) ;
#6556 = LINE ( 'NONE', #70, #6846 ) ;
#6557 = LINE ( 'NONE', #1550, #5266 ) ;
#6558 = ORIENTED_EDGE ( 'NONE', *, *, #6867, .F. ) ;
#6559 = LINE ( 'NONE', #2750, #4858 ) ;
#6560 = ORIENTED_EDGE ( 'NONE', *, *, #4614, .F. ) ;
#6561 = CARTESIAN_POINT ( 'NONE',  ( 0.7980254777070000527, 0.07802547770701000196, 0.7990000000000000435 ) ) ;
#6562 = PRESENTATION_LAYER_ASSIGNMENT (  '', '', ( #945 ) ) ;
#6563 = LINE ( 'NONE', #2137, #983 ) ;
#6564 = EDGE_CURVE ( 'NONE', #6884, #1867, #4872, .T. ) ;
#6565 = FACE_OUTER_BOUND ( 'NONE', #3186, .T. ) ;
#6566 = ORIENTED_EDGE ( 'NONE', *, *, #4840, .T. ) ;
#6567 = CARTESIAN_POINT ( 'NONE',  ( -0.6475796178339999765, -0.3499999999999999778, 0.7990000000000000435 ) ) ;
#6568 = DIRECTION ( 'NONE',  ( 0.0000000000000000000, -2.699999999999999993E-16, -1.000000000000000000 ) ) ;
#6569 = PRESENTATION_LAYER_ASSIGNMENT (  '', '', ( #6689 ) ) ;
#6570 = VECTOR ( 'NONE', #2649, 1000.000000000000000 ) ;
#6571 =( LENGTH_UNIT ( ) NAMED_UNIT ( * ) SI_UNIT ( .MILLI., .METRE. ) );
#6572 = DIRECTION ( 'NONE',  ( -0.0000000000000000000, 1.000000000000000000, 0.0000000000000000000 ) ) ;
#6573 = FACE_OUTER_BOUND ( 'NONE', #5211, .T. ) ;
#6574 = VECTOR ( 'NONE', #5261, 1000.000000000000000 ) ;
#6575 = VECTOR ( 'NONE', #839, 1000.000000000000000 ) ;
#6576 = LINE ( 'NONE', #4298, #1353 ) ;
#6577 = CARTESIAN_POINT ( 'NONE',  ( -0.2995541401269999904, 0.3837579617830000345, 0.8000000000000000444 ) ) ;
#6578 = ORIENTED_EDGE ( 'NONE', *, *, #4052, .F. ) ;
#6579 = CARTESIAN_POINT ( 'NONE',  ( 0.9386624203819999845, 0.08006369426751999696, 0.7990000000000000435 ) ) ;
#6580 =( NAMED_UNIT ( * ) PLANE_ANGLE_UNIT ( ) SI_UNIT ( $, .RADIAN. ) );
#6581 = CARTESIAN_POINT ( 'NONE',  ( 0.6364968135207736966, 0.2358598675154522928, 0.001000000000000000021 ) ) ;
#6582 =( GEOMETRIC_REPRESENTATION_CONTEXT ( 3 ) GLOBAL_UNCERTAINTY_ASSIGNED_CONTEXT ( ( #6159 ) ) GLOBAL_UNIT_ASSIGNED_CONTEXT ( ( #753, #3106, #6358 ) ) REPRESENTATION_CONTEXT ( 'NONE', 'WORKASPACE' ) );
#6583 = LINE ( 'NONE', #1678, #672 ) ;
#6584 = ORIENTED_EDGE ( 'NONE', *, *, #5893, .F. ) ;
#6585 = ORIENTED_EDGE ( 'NONE', *, *, #5843, .F. ) ;
#6586 = CARTESIAN_POINT ( 'NONE',  ( -0.9252923940126573932, 0.8402923940126577618, 0.01079661132717866026 ) ) ;
#6587 = CARTESIAN_POINT ( 'NONE',  ( 0.03216560509553999941, -0.2507643312100000244, 0.005000000000000000104 ) ) ;
#6588 = DIRECTION ( 'NONE',  ( -0.0000000000000000000, 1.000000000000000000, -2.199999999999999757E-16 ) ) ;
#6589 = EDGE_CURVE ( 'NONE', #7089, #5448, #5428, .T. ) ;
#6590 = MECHANICAL_DESIGN_GEOMETRIC_PRESENTATION_REPRESENTATION (  '', ( #5769 ), #4601 ) ;
#6591 = PLANE ( 'NONE',  #2191 ) ;
#6592 = VERTEX_POINT ( 'NONE', #961 ) ;
#6593 = DIRECTION ( 'NONE',  ( 1.000000000000000000, -0.0000000000000000000, 0.0000000000000000000 ) ) ;
#6594 = LINE ( 'NONE', #1760, #3050 ) ;
#6595 = ORIENTED_EDGE ( 'NONE', *, *, #5904, .F. ) ;
#6596 = B_SPLINE_SURFACE_WITH_KNOTS ( 'NONE', 2, 1, ( 
 ( #468, #3665 ),
 ( #5003, #3253 ),
 ( #6073, #2576 ) ),
 .UNSPECIFIED., .F., .F., .F.,
 ( 3, 3 ),
 ( 2, 2 ),
 ( 0.0000000000000000000, 1.000000000000000000 ),
 ( 0.0000000000000000000, 1.000000000000000000 ),
 .UNSPECIFIED. ) ;
#6597 = FILL_AREA_STYLE ('',( #1588 ) ) ;
#6598 = ORIENTED_EDGE ( 'NONE', *, *, #1418, .F. ) ;
#6599 = CARTESIAN_POINT ( 'NONE',  ( 0.3715286624200000443, 3.000000000000000061E-17, 0.001000000000000000021 ) ) ;
#6600 = ADVANCED_FACE ( 'NONE', ( #1524 ), #3201, .T. ) ;
#6601 = PLANE ( 'NONE',  #3672 ) ;
#6602 = PRESENTATION_LAYER_ASSIGNMENT (  '', '', ( #516 ) ) ;
#6603 = VERTEX_POINT ( 'NONE', #5947 ) ;
#6604 = CARTESIAN_POINT ( 'NONE',  ( 0.4876411680210000488, -0.03473532910594000211, 0.8000000000000000444 ) ) ;
#6605 = CARTESIAN_POINT ( 'NONE',  ( 0.7251592356686665797, -0.4800636942676667074, 0.0000000000000000000 ) ) ;
#6606 = FACE_OUTER_BOUND ( 'NONE', #3165, .T. ) ;
#6607 =( GEOMETRIC_REPRESENTATION_CONTEXT ( 3 ) GLOBAL_UNCERTAINTY_ASSIGNED_CONTEXT ( ( #1130 ) ) GLOBAL_UNIT_ASSIGNED_CONTEXT ( ( #5529, #508, #6707 ) ) REPRESENTATION_CONTEXT ( 'NONE', 'WORKASPACE' ) );
#6608 = EDGE_CURVE ( 'NONE', #1232, #6554, #2758, .T. ) ;
#6609 = PRESENTATION_STYLE_ASSIGNMENT (( #3595 ) ) ;
#6610 = DIRECTION ( 'NONE',  ( -0.0000000000000000000, -1.200000000000000024E-16, -1.000000000000000000 ) ) ;
#6611 = LINE ( 'NONE', #3812, #346 ) ;
#6612 = VECTOR ( 'NONE', #3451, 1000.000000000000000 ) ;
#6613 = CARTESIAN_POINT ( 'NONE',  ( 0.7638853503180000892, 0.2970063694269999832, 0.0000000000000000000 ) ) ;
#6614 = CARTESIAN_POINT ( 'NONE',  ( 1.699999999999999956, 0.8499999999999999778, 0.6750000000000000444 ) ) ;
#6615 = ORIENTED_EDGE ( 'NONE', *, *, #419, .F. ) ;
#6616 = DIRECTION ( 'NONE',  ( -1.000000000000000000, -0.0000000000000000000, -0.0000000000000000000 ) ) ;
#6617 = DIRECTION ( 'NONE',  ( 0.0000000000000000000, 0.0000000000000000000, -1.000000000000000000 ) ) ;
#6618 = VECTOR ( 'NONE', #1221, 1000.000000000000000 ) ;
#6619 = CARTESIAN_POINT ( 'NONE',  ( 0.4639278149312406341, 0.2112314175815753203, 0.001000000000000000021 ) ) ;
#6620 = CARTESIAN_POINT ( 'NONE',  ( 0.6787898089170000260, -0.3499999999999999778, 0.8000000000000000444 ) ) ;
#6621 = UNCERTAINTY_MEASURE_WITH_UNIT (LENGTH_MEASURE( 1.000000000000000082E-05 ), #144, 'distance_accuracy_value', 'NONE');
#6622 = ORIENTED_EDGE ( 'NONE', *, *, #1643, .F. ) ;
#6623 = VECTOR ( 'NONE', #5234, 1000.000000000000000 ) ;
#6624 = SURFACE_STYLE_FILL_AREA ( #5378 ) ;
#6625 = LINE ( 'NONE', #2028, #3870 ) ;
#6626 = CARTESIAN_POINT ( 'NONE',  ( 0.8576433121019999550, 0.3908917197449999770, 0.7990000000000000435 ) ) ;
#6627 = SURFACE_STYLE_FILL_AREA ( #4389 ) ;
#6628 = VERTEX_POINT ( 'NONE', #3161 ) ;
#6629 = CARTESIAN_POINT ( 'NONE',  ( -0.2401061588450865147, -0.3837579567555363669, 0.001000000000000000021 ) ) ;
#6630 = ORIENTED_EDGE ( 'NONE', *, *, #4039, .T. ) ;
#6631 = LINE ( 'NONE', #2685, #2644 ) ;
#6632 = ORIENTED_EDGE ( 'NONE', *, *, #4669, .T. ) ;
#6633 = VECTOR ( 'NONE', #831, 1000.000000000000000 ) ;
#6634 = FILL_AREA_STYLE_COLOUR ( '', #1552 ) ;
#6635 = CARTESIAN_POINT ( 'NONE',  ( 0.3793418259023333405, 0.1127176220806800216, 0.0000000000000000000 ) ) ;
#6636 = ORIENTED_EDGE ( 'NONE', *, *, #2224, .F. ) ;
#6637 = EDGE_CURVE ( 'NONE', #5490, #7082, #930, .T. ) ;
#6638 = CARTESIAN_POINT ( 'NONE',  ( 0.4260509554140000099, 0.3027388535030000605, 0.8000000000000000444 ) ) ;
#6639 = CARTESIAN_POINT ( 'NONE',  ( -0.1497452229300000048, 0.1578980891719999891, 0.0000000000000000000 ) ) ;
#6640 = DIRECTION ( 'NONE',  ( 0.0000000000000000000, 0.0000000000000000000, 1.000000000000000000 ) ) ;
#6641 = FILL_AREA_STYLE_COLOUR ( '', #6819 ) ;
#6642 = EDGE_CURVE ( 'NONE', #671, #3100, #3937, .T. ) ;
#6643 = CARTESIAN_POINT ( 'NONE',  ( 0.7761146496816666573, -0.1081316348194133470, 0.8000000000000000444 ) ) ;
#6644 = CARTESIAN_POINT ( 'NONE',  ( 0.4591719745220000926, 0.4652866242040000211, 0.7990000000000000435 ) ) ;
#6645 = DIRECTION ( 'NONE',  ( 1.000000000000000000, 0.0000000000000000000, 0.0000000000000000000 ) ) ;
#6646 = EDGE_CURVE ( 'NONE', #4077, #2619, #898, .T. ) ;
#6647 = CARTESIAN_POINT ( 'NONE',  ( 1.699000000000000288, -0.5500000000000000444, 0.2750000000000000222 ) ) ;
#6648 = SURFACE_STYLE_FILL_AREA ( #5469 ) ;
#6649 = EDGE_LOOP ( 'NONE', ( #3511, #5898, #3399, #5517 ) ) ;
#6650 = CARTESIAN_POINT ( 'NONE',  ( -1.699999999999999956, 0.8499999999999999778, 0.0000000000000000000 ) ) ;
#6651 = STYLED_ITEM ( 'NONE', ( #4295 ), #792 ) ;
#6652 = CARTESIAN_POINT ( 'NONE',  ( 0.7980254777070000527, 0.2314012738850000361, 0.8000000000000000444 ) ) ;
#6653 = DIRECTION ( 'NONE',  ( 0.0000000000000000000, -0.0000000000000000000, -1.000000000000000000 ) ) ;
#6654 = ADVANCED_FACE ( 'NONE', ( #6678 ), #3663, .T. ) ;
#6655 = CARTESIAN_POINT ( 'NONE',  ( 0.5152229317039073164, 0.2358598676875753031, 0.001000000000000000021 ) ) ;
#6656 = COLOUR_RGB ( '',0.0000000000000000000, 0.0000000000000000000, 0.0000000000000000000 ) ;
#6657 = DIRECTION ( 'NONE',  ( 0.0000000000000000000, 1.000000000000000000, -0.0000000000000000000 ) ) ;
#6658 = EDGE_CURVE ( 'NONE', #3373, #1652, #1662, .T. ) ;
#6659 = VERTEX_POINT ( 'NONE', #6567 ) ;
#6660 =( NAMED_UNIT ( * ) SI_UNIT ( $, .STERADIAN. ) SOLID_ANGLE_UNIT ( ) );
#6661 = CARTESIAN_POINT ( 'NONE',  ( 1.699999999999999956, 1.000000000000000072E-17, 0.0000000000000000000 ) ) ;
#6662 = PRESENTATION_LAYER_ASSIGNMENT (  '', '', ( #2569 ) ) ;
#6663 = CARTESIAN_POINT ( 'NONE',  ( 1.699999999999999956, 0.8499999999999999778, 0.1250000000000000000 ) ) ;
#6664 = CARTESIAN_POINT ( 'NONE',  ( 1.449999999999999956, 0.8490000000000000879, 0.4000000000000000222 ) ) ;
#6665 = DIRECTION ( 'NONE',  ( -0.0000000000000000000, 1.000000000000000000, 0.0000000000000000000 ) ) ;
#6666 = ORIENTED_EDGE ( 'NONE', *, *, #4718, .T. ) ;
#6667 = MECHANICAL_DESIGN_GEOMETRIC_PRESENTATION_REPRESENTATION (  '', ( #4780 ), #689 ) ;
#6668 = CARTESIAN_POINT ( 'NONE',  ( -0.4519108280253333332, 0.4612101910826666984, 0.8000000000000000444 ) ) ;
#6669 = ORIENTED_EDGE ( 'NONE', *, *, #318, .T. ) ;
#6670 = FILL_AREA_STYLE_COLOUR ( '', #4861 ) ;
#6671 = VERTEX_POINT ( 'NONE', #1595 ) ;
#6672 = PLANE ( 'NONE',  #3068 ) ;
#6673 = CARTESIAN_POINT ( 'NONE',  ( 1.699999999999999956, 0.5500000000000000444, 0.6750000000000000444 ) ) ;
#6674 = PRESENTATION_LAYER_ASSIGNMENT (  '', '', ( #1878 ) ) ;
#6675 = CARTESIAN_POINT ( 'NONE',  ( 0.7781528662419999742, 0.4443949044590000397, 0.7990000000000000435 ) ) ;
#6676 = VERTEX_POINT ( 'NONE', #3805 ) ;
#6677 = VECTOR ( 'NONE', #2433, 1000.000000000000000 ) ;
#6678 = FACE_OUTER_BOUND ( 'NONE', #816, .T. ) ;
#6679 = CARTESIAN_POINT ( 'NONE',  ( -0.5196815286620000141, -0.2287261146500000064, 0.8000000000000000444 ) ) ;
#6680 = CARTESIAN_POINT ( 'NONE',  ( 0.5753503184710000440, -0.2358598726109999988, 0.8000000000000000444 ) ) ;
#6681 = CARTESIAN_POINT ( 'NONE',  ( -1.699999999999999956, -0.8499999999999999778, 0.2750000000000000222 ) ) ;
#6682 = EDGE_CURVE ( 'NONE', #355, #4904, #2065, .T. ) ;
#6683 = MECHANICAL_DESIGN_GEOMETRIC_PRESENTATION_REPRESENTATION (  '', ( #7045 ), #1545 ) ;
#6684 = CARTESIAN_POINT ( 'NONE',  ( 0.03216560509553999941, -0.2507643312100000244, 0.0000000000000000000 ) ) ;
#6685 = CARTESIAN_POINT ( 'NONE',  ( -1.199999999999999956, 0.8499999999999999778, 0.0000000000000000000 ) ) ;
#6686 = DIRECTION ( 'NONE',  ( 0.0000000000000000000, -1.000000000000000000, -0.0000000000000000000 ) ) ;
#6687 = ORIENTED_EDGE ( 'NONE', *, *, #5355, .T. ) ;
#6688 = CARTESIAN_POINT ( 'NONE',  ( -0.1471974522289999920, 0.3083439490450000098, 0.8000000000000000444 ) ) ;
#6689 = STYLED_ITEM ( 'NONE', ( #2067 ), #4436 ) ;
#6690 = PRESENTATION_LAYER_ASSIGNMENT (  '', '', ( #3871 ) ) ;
#6691 = CARTESIAN_POINT ( 'NONE',  ( 0.3715286624200000443, 0.6761146496819999685, 0.0009999999999999998040 ) ) ;
#6692 = PLANE ( 'NONE',  #6109 ) ;
#6693 = ADVANCED_FACE ( 'NONE', ( #7196 ), #3025, .T. ) ;
#6694 = COLOUR_RGB ( '',0.7098039215686274828, 0.7098039215686274828, 0.7098039215686274828 ) ;
#6695 = LINE ( 'NONE', #7174, #1281 ) ;
#6696 = VERTEX_POINT ( 'NONE', #2721 ) ;
#6697 = DIRECTION ( 'NONE',  ( 1.000000000000000000, 0.0000000000000000000, -0.0000000000000000000 ) ) ;
#6698 =( NAMED_UNIT ( * ) PLANE_ANGLE_UNIT ( ) SI_UNIT ( $, .RADIAN. ) );
#6699 = EDGE_CURVE ( 'NONE', #5183, #7120, #7183, .T. ) ;
#6700 = VECTOR ( 'NONE', #3674, 1000.000000000000000 ) ;
#6701 = COLOUR_RGB ( '',0.8000000000000000444, 0.8000000000000000444, 0.8000000000000000444 ) ;
#6702 = CARTESIAN_POINT ( 'NONE',  ( 1.699999999999999956, -0.8499999999999999778, 0.0000000000000000000 ) ) ;
#6703 = EDGE_CURVE ( 'NONE', #3574, #2551, #2177, .T. ) ;
#6704 = CARTESIAN_POINT ( 'NONE',  ( 0.3592993630569999985, -0.3674522292990000105, 0.0009999999999999998040 ) ) ;
#6705 = SURFACE_STYLE_USAGE ( .BOTH. , #3296 ) ;
#6706 = ORIENTED_EDGE ( 'NONE', *, *, #1783, .T. ) ;
#6707 =( NAMED_UNIT ( * ) SI_UNIT ( $, .STERADIAN. ) SOLID_ANGLE_UNIT ( ) );
#6708 = CARTESIAN_POINT ( 'NONE',  ( -1.199999999999999956, -0.8499999999999999778, 0.6750000000000000444 ) ) ;
#6709 = ORIENTED_EDGE ( 'NONE', *, *, #589, .T. ) ;
#6710 = EDGE_LOOP ( 'NONE', ( #960, #7080, #2380, #3483, #3468, #6273, #3907, #3022 ) ) ;
#6711 = CARTESIAN_POINT ( 'NONE',  ( -0.1471974522289999920, -0.3083439490450000098, 0.001000000000000000021 ) ) ;
#6712 = FILL_AREA_STYLE_COLOUR ( '', #7079 ) ;
#6713 = SURFACE_SIDE_STYLE ('',( #5014 ) ) ;
#6714 = ORIENTED_EDGE ( 'NONE', *, *, #5895, .F. ) ;
#6715 = COLOUR_RGB ( '',0.0000000000000000000, 0.0000000000000000000, 0.0000000000000000000 ) ;
#6716 = SURFACE_STYLE_FILL_AREA ( #2246 ) ;
#6717 = CARTESIAN_POINT ( 'NONE',  ( -0.1456687898089999988, -0.4678343949039999727, 0.0000000000000000000 ) ) ;
#6718 = CARTESIAN_POINT ( 'NONE',  ( -0.04681528662420000875, 0.2363694267520000392, 0.0009999999999999998040 ) ) ;
#6719 = VECTOR ( 'NONE', #910, 1000.000000000000000 ) ;
#6720 =( NAMED_UNIT ( * ) SI_UNIT ( $, .STERADIAN. ) SOLID_ANGLE_UNIT ( ) );
#6721 = ORIENTED_EDGE ( 'NONE', *, *, #1223, .F. ) ;
#6722 = CARTESIAN_POINT ( 'NONE',  ( 0.6640127372214297274, 0.4978980856054931459, 0.7990000000000000435 ) ) ;
#6723 = ORIENTED_EDGE ( 'NONE', *, *, #6513, .F. ) ;
#6724 = CARTESIAN_POINT ( 'NONE',  ( 0.7338216560510000264, 0.3073248407640000179, 0.7950000000000000400 ) ) ;
#6725 = FACE_OUTER_BOUND ( 'NONE', #2798, .T. ) ;
#6726 = EDGE_LOOP ( 'NONE', ( #186, #2455, #6405, #2081, #6502 ) ) ;
#6727 = STYLED_ITEM ( 'NONE', ( #4014 ), #6205 ) ;
#6728 = EDGE_CURVE ( 'NONE', #6752, #2590, #2896, .T. ) ;
#6729 = CARTESIAN_POINT ( 'NONE',  ( 0.7338216560510000264, 0.3073248407640000179, 0.8000000000000000444 ) ) ;
#6730 = CARTESIAN_POINT ( 'NONE',  ( -1.699999999999999956, 1.000000000000000072E-17, 0.0000000000000000000 ) ) ;
#6731 =( GEOMETRIC_REPRESENTATION_CONTEXT ( 3 ) GLOBAL_UNCERTAINTY_ASSIGNED_CONTEXT ( ( #7214 ) ) GLOBAL_UNIT_ASSIGNED_CONTEXT ( ( #4957, #2662, #7097 ) ) REPRESENTATION_CONTEXT ( 'NONE', 'WORKASPACE' ) );
#6732 = CARTESIAN_POINT ( 'NONE',  ( -0.3596815286623333274, 0.3837579617830000345, 0.8000000000000000444 ) ) ;
#6733 = ORIENTED_EDGE ( 'NONE', *, *, #5532, .F. ) ;
#6734 = EDGE_CURVE ( 'NONE', #499, #836, #4511, .T. ) ;
#6735 =( LENGTH_UNIT ( ) NAMED_UNIT ( * ) SI_UNIT ( .MILLI., .METRE. ) );
#6736 = CARTESIAN_POINT ( 'NONE',  ( 1.699999999999999956, 0.5500000000000000444, 0.0000000000000000000 ) ) ;
#6737 = STYLED_ITEM ( 'NONE', ( #1144 ), #6996 ) ;
#6738 = EDGE_CURVE ( 'NONE', #5248, #6823, #1807, .T. ) ;
#6739 = CARTESIAN_POINT ( 'NONE',  ( 0.7781528662419999742, -0.4443949044590000397, 0.0000000000000000000 ) ) ;
#6740 = VERTEX_POINT ( 'NONE', #2788 ) ;
#6741 = CARTESIAN_POINT ( 'NONE',  ( -0.5212101910830000406, -0.08006369426751999696, 0.0009999999999999998040 ) ) ;
#6742 = ORIENTED_EDGE ( 'NONE', *, *, #5853, .F. ) ;
#6743 = EDGE_CURVE ( 'NONE', #6356, #6478, #4024, .T. ) ;
#6744 = DIRECTION ( 'NONE',  ( -0.0000000000000000000, 1.000000000000000000, 0.0000000000000000000 ) ) ;
#6745 = VERTEX_POINT ( 'NONE', #1185 ) ;
#6746 = B_SPLINE_CURVE_WITH_KNOTS ( 'NONE', 3,
 ( #6506, #5471, #6029, #972 ),
 .UNSPECIFIED., .F., .F.,
 ( 4, 4 ),
 ( 0.0000000000000000000, 1.000000000000000000 ),
 .UNSPECIFIED. ) ;
#6747 = CARTESIAN_POINT ( 'NONE',  ( -1.199999999999999956, -0.8499999999999999778, 0.6750000000000000444 ) ) ;
#6748 = VECTOR ( 'NONE', #3982, 1000.000000000000000 ) ;
#6749 = STYLED_ITEM ( 'NONE', ( #5230 ), #187 ) ;
#6750 = FACE_OUTER_BOUND ( 'NONE', #6035, .T. ) ;
#6751 = CARTESIAN_POINT ( 'NONE',  ( -0.08401273885349999637, -0.2329299363060000072, 0.0009999999999999998040 ) ) ;
#6752 = VERTEX_POINT ( 'NONE', #5649 ) ;
#6753 = PRODUCT_DEFINITION_FORMATION_WITH_SPECIFIED_SOURCE ( 'ANY', '', #5361, .NOT_KNOWN. ) ;
#6754 = ADVANCED_FACE ( 'NONE', ( #155 ), #3443, .T. ) ;
#6755 = LINE ( 'NONE', #6194, #6214 ) ;
#6756 = CARTESIAN_POINT ( 'NONE',  ( 0.8978980891719999802, -0.2935668789809999790, 0.0000000000000000000 ) ) ;
#6757 = ORIENTED_EDGE ( 'NONE', *, *, #913, .F. ) ;
#6758 = CARTESIAN_POINT ( 'NONE',  ( -0.3056687898089999189, 0.2358598726109999988, 0.001000000000000000021 ) ) ;
#6759 = CARTESIAN_POINT ( 'NONE',  ( -0.3897452229300000237, 0.3837579617830000345, 0.7990000000000000435 ) ) ;
#6760 = EDGE_LOOP ( 'NONE', ( #5923, #4053, #921, #2272, #4104, #4041, #998, #3688, #3718, #5942, #1617, #2, #3435, #687, #1444 ) ) ;
#6761 = CARTESIAN_POINT ( 'NONE',  ( 0.7980254777070000527, -0.1802760084923367145, 0.0000000000000000000 ) ) ;
#6762 = DIRECTION ( 'NONE',  ( 0.0000000000000000000, -1.000000000000000000, 0.0000000000000000000 ) ) ;
#6763 = CARTESIAN_POINT ( 'NONE',  ( 1.450000000000000178, 0.8499999999999999778, 0.0000000000000000000 ) ) ;
#6764 = ORIENTED_EDGE ( 'NONE', *, *, #5849, .T. ) ;
#6765 = LINE ( 'NONE', #3898, #1890 ) ;
#6766 = CARTESIAN_POINT ( 'NONE',  ( 0.03216560509553999941, 0.2507643312100000244, 0.7950000000000000400 ) ) ;
#6767 = DIRECTION ( 'NONE',  ( 0.0000000000000000000, 1.000000000000000000, 0.0000000000000000000 ) ) ;
#6768 = VECTOR ( 'NONE', #5328, 1000.000000000000000 ) ;
#6769 = EDGE_CURVE ( 'NONE', #5490, #2151, #5782, .T. ) ;
#6770 = CARTESIAN_POINT ( 'NONE',  ( -0.5212101884335084145, -0.01675158698854974093, 0.7990000000000000435 ) ) ;
#6771 = DIRECTION ( 'NONE',  ( 0.0000000000000000000, -1.000000000000000000, 2.699999999999999993E-16 ) ) ;
#6772 = ORIENTED_EDGE ( 'NONE', *, *, #72, .F. ) ;
#6773 = CARTESIAN_POINT ( 'NONE',  ( 0.4214649681529999969, 0.1619745222929999950, 0.001000000000000000021 ) ) ;
#6774 = ORIENTED_EDGE ( 'NONE', *, *, #1476, .T. ) ;
#6775 = VECTOR ( 'NONE', #2814, 1000.000000000000000 ) ;
#6776 = CARTESIAN_POINT ( 'NONE',  ( 0.4036305732480000019, 0.4326751592359999732, 0.8000000000000000444 ) ) ;
#6777 = VERTEX_POINT ( 'NONE', #5095 ) ;
#6778 = CARTESIAN_POINT ( 'NONE',  ( 0.4591719745220000370, -0.4652866242039999656, 0.0000000000000000000 ) ) ;
#6779 = ADVANCED_FACE ( 'NONE', ( #4615 ), #2350, .T. ) ;
#6780 = EDGE_CURVE ( 'NONE', #4974, #4055, #4097, .T. ) ;
#6781 = CARTESIAN_POINT ( 'NONE',  ( 0.8978980891719999802, 0.2935668789809999790, 0.8000000000000000444 ) ) ;
#6782 = FILL_AREA_STYLE_COLOUR ( '', #3160 ) ;
#6783 = ORIENTED_EDGE ( 'NONE', *, *, #4894, .F. ) ;
#6784 = DIRECTION ( 'NONE',  ( -0.0000000000000000000, -1.000000000000000000, 0.0000000000000000000 ) ) ;
#6785 = PRESENTATION_STYLE_ASSIGNMENT (( #2317 ) ) ;
#6786 = VECTOR ( 'NONE', #1375, 1000.000000000000000 ) ;
#6787 = DIRECTION ( 'NONE',  ( 0.0000000000000000000, 1.200000000000000024E-16, 1.000000000000000000 ) ) ;
#6788 = EDGE_CURVE ( 'NONE', #1170, #7158, #7003, .T. ) ;
#6789 = SURFACE_SIDE_STYLE ('',( #7239 ) ) ;
#6790 = EDGE_CURVE ( 'NONE', #7234, #7111, #2464, .T. ) ;
#6791 = CARTESIAN_POINT ( 'NONE',  ( -0.2944585987260000537, -0.3499999999999999778, 0.7990000000000000435 ) ) ;
#6792 = MECHANICAL_DESIGN_GEOMETRIC_PRESENTATION_REPRESENTATION (  '', ( #5734 ), #7268 ) ;
#6793 = CARTESIAN_POINT ( 'NONE',  ( -0.5100000000000000089, 0.3878343949040000127, 0.7989999999999999325 ) ) ;
#6794 = ORIENTED_EDGE ( 'NONE', *, *, #412, .T. ) ;
#6795 = FILL_AREA_STYLE_COLOUR ( '', #1121 ) ;
#6796 = DIRECTION ( 'NONE',  ( 1.000000000000000000, -0.0000000000000000000, 0.0000000000000000000 ) ) ;
#6797 = ORIENTED_EDGE ( 'NONE', *, *, #3019, .F. ) ;
#6798 =( NAMED_UNIT ( * ) SI_UNIT ( $, .STERADIAN. ) SOLID_ANGLE_UNIT ( ) );
#6799 = AXIS2_PLACEMENT_3D ( 'NONE', #6272, #2841, #5135 ) ;
#6800 = CARTESIAN_POINT ( 'NONE',  ( 1.699999999999999956, 0.5500000000000000444, 0.1250000000000000000 ) ) ;
#6801 = CARTESIAN_POINT ( 'NONE',  ( 0.4639278131636666580, -0.2112314225049999883, 0.8000000000000000444 ) ) ;
#6802 = ORIENTED_EDGE ( 'NONE', *, *, #5082, .F. ) ;
#6803 = CARTESIAN_POINT ( 'NONE',  ( 1.699000000000000288, 0.8490000000000001990, 0.6750000000000000444 ) ) ;
#6804 = PRESENTATION_LAYER_ASSIGNMENT (  '', '', ( #3655 ) ) ;
#6805 = ORIENTED_EDGE ( 'NONE', *, *, #1676, .T. ) ;
#6806 =( LENGTH_UNIT ( ) NAMED_UNIT ( * ) SI_UNIT ( .MILLI., .METRE. ) );
#6807 =( GEOMETRIC_REPRESENTATION_CONTEXT ( 3 ) GLOBAL_UNCERTAINTY_ASSIGNED_CONTEXT ( ( #2864 ) ) GLOBAL_UNIT_ASSIGNED_CONTEXT ( ( #783, #2986, #4070 ) ) REPRESENTATION_CONTEXT ( 'NONE', 'WORKASPACE' ) );
#6808 = VECTOR ( 'NONE', #3153, 1000.000000000000000 ) ;
#6809 = LINE ( 'NONE', #1755, #6048 ) ;
#6810 = ORIENTED_EDGE ( 'NONE', *, *, #4673, .F. ) ;
#6811 = CARTESIAN_POINT ( 'NONE',  ( 0.5152229299360000514, 0.4978980891720000690, 0.8000000000000000444 ) ) ;
#6812 = ORIENTED_EDGE ( 'NONE', *, *, #6564, .F. ) ;
#6813 = CIRCLE ( 'NONE', #140, 0.3541666666669999741 ) ;
#6814 = VECTOR ( 'NONE', #572, 1000.000000000000000 ) ;
#6815 = CARTESIAN_POINT ( 'NONE',  ( 0.0000000000000000000, 0.0000000000000000000, 0.02500000000000000139 ) ) ;
#6816 = ORIENTED_EDGE ( 'NONE', *, *, #2523, .F. ) ;
#6817 = DIRECTION ( 'NONE',  ( 0.0000000000000000000, 0.0000000000000000000, -1.000000000000000000 ) ) ;
#6818 = ADVANCED_FACE ( 'NONE', ( #847 ), #6942, .T. ) ;
#6819 = COLOUR_RGB ( '',0.7098039215686274828, 0.7098039215686274828, 0.7098039215686274828 ) ;
#6820 = MECHANICAL_DESIGN_GEOMETRIC_PRESENTATION_REPRESENTATION (  '', ( #4590 ), #1911 ) ;
#6821 = CARTESIAN_POINT ( 'NONE',  ( -0.07891719745222999793, 0.4377707006370000764, 0.7990000000000000435 ) ) ;
#6822 = FILL_AREA_STYLE_COLOUR ( '', #3389 ) ;
#6823 = VERTEX_POINT ( 'NONE', #5835 ) ;
#6824 = UNCERTAINTY_MEASURE_WITH_UNIT (LENGTH_MEASURE( 1.000000000000000082E-05 ), #413, 'distance_accuracy_value', 'NONE');
#6825 = DIRECTION ( 'NONE',  ( 0.0000000000000000000, 0.0000000000000000000, -1.000000000000000000 ) ) ;
#6826 = CARTESIAN_POINT ( 'NONE',  ( 0.7322929936309999777, 0.1594267515920000100, 0.0009999999999999998040 ) ) ;
#6827 = EDGE_CURVE ( 'NONE', #4960, #1141, #3013, .T. ) ;
#6828 = DIRECTION ( 'NONE',  ( 1.000000000000000000, 0.0000000000000000000, 0.0000000000000000000 ) ) ;
#6829 = CARTESIAN_POINT ( 'NONE',  ( 0.9386624203819999845, -0.08006369426751999696, 0.0000000000000000000 ) ) ;
#6830 =( NAMED_UNIT ( * ) PLANE_ANGLE_UNIT ( ) SI_UNIT ( $, .RADIAN. ) );
#6831 = EDGE_CURVE ( 'NONE', #4084, #6106, #2536, .T. ) ;
#6832 = FACE_OUTER_BOUND ( 'NONE', #1470, .T. ) ;
#6833 = VERTEX_POINT ( 'NONE', #4141 ) ;
#6834 = DIRECTION ( 'NONE',  ( 0.0000000000000000000, 0.0000000000000000000, 1.000000000000000000 ) ) ;
#6835 = CARTESIAN_POINT ( 'NONE',  ( -1.199999999999999956, -0.8490000000000000879, 0.4000000000000000222 ) ) ;
#6836 = VERTEX_POINT ( 'NONE', #5240 ) ;
#6837 = EDGE_CURVE ( 'NONE', #7234, #3325, #769, .T. ) ;
#6838 = CARTESIAN_POINT ( 'NONE',  ( 1.199999999999999956, -0.8170000000000000595, 0.7760000000000000231 ) ) ;
#6839 = LINE ( 'NONE', #2293, #381 ) ;
#6840 =( LENGTH_UNIT ( ) NAMED_UNIT ( * ) SI_UNIT ( .MILLI., .METRE. ) );
#6841 = EDGE_LOOP ( 'NONE', ( #6174, #1840, #3944, #4910 ) ) ;
#6842 = ORIENTED_EDGE ( 'NONE', *, *, #5437, .T. ) ;
#6843 = DIRECTION ( 'NONE',  ( -1.299999999999999924E-16, 1.000000000000000000, 0.0000000000000000000 ) ) ;
#6844 =( NAMED_UNIT ( * ) SI_UNIT ( $, .STERADIAN. ) SOLID_ANGLE_UNIT ( ) );
#6845 = FILL_AREA_STYLE ('',( #2811 ) ) ;
#6846 = VECTOR ( 'NONE', #1618, 1000.000000000000000 ) ;
#6847 = DIRECTION ( 'NONE',  ( 0.0000000000000000000, 0.0000000000000000000, -1.000000000000000000 ) ) ;
#6848 = CARTESIAN_POINT ( 'NONE',  ( 0.5814649681529999725, -0.3837579617830000345, 0.0009999999999999998040 ) ) ;
#6849 = ORIENTED_EDGE ( 'NONE', *, *, #832, .F. ) ;
#6850 = ORIENTED_EDGE ( 'NONE', *, *, #1104, .T. ) ;
#6851 = LINE ( 'NONE', #1912, #3921 ) ;
#6852 = EDGE_LOOP ( 'NONE', ( #561, #387, #2500, #6240, #4749, #4630 ) ) ;
#6853 = CARTESIAN_POINT ( 'NONE',  ( 0.3888535031843332601, -0.4109341825903332635, 0.0000000000000000000 ) ) ;
#6854 = DIRECTION ( 'NONE',  ( 0.0000000000000000000, -0.0000000000000000000, -1.000000000000000000 ) ) ;
#6855 = CARTESIAN_POINT ( 'NONE',  ( -1.199999999999999956, 0.8489999999999999769, 0.1250000000000000000 ) ) ;
#6856 = ORIENTED_EDGE ( 'NONE', *, *, #2334, .T. ) ;
#6857 = DIRECTION ( 'NONE',  ( 0.0000000000000000000, -1.000000000000000000, 2.199999999999999757E-16 ) ) ;
#6858 = PLANE ( 'NONE',  #3403 ) ;
#6859 = DIRECTION ( 'NONE',  ( -0.0000000000000000000, -0.0000000000000000000, 1.000000000000000000 ) ) ;
#6860 = EDGE_CURVE ( 'NONE', #3038, #6916, #3090, .T. ) ;
#6861 = DIRECTION ( 'NONE',  ( 0.0000000000000000000, 1.200000000000000024E-16, 1.000000000000000000 ) ) ;
#6862 = ORIENTED_EDGE ( 'NONE', *, *, #3949, .T. ) ;
#6863 = SURFACE_STYLE_USAGE ( .BOTH. , #2399 ) ;
#6864 = LINE ( 'NONE', #6835, #4683 ) ;
#6865 = ORIENTED_EDGE ( 'NONE', *, *, #3651, .T. ) ;
#6866 = CARTESIAN_POINT ( 'NONE',  ( -0.1497452229300000048, -0.1578980891719999891, 0.8000000000000000444 ) ) ;
#6867 = EDGE_CURVE ( 'NONE', #1017, #6069, #3582, .T. ) ;
#6868 = PLANE ( 'NONE',  #7124 ) ;
#6869 = EDGE_CURVE ( 'NONE', #955, #2904, #4752, .T. ) ;
#6870 = VERTEX_POINT ( 'NONE', #810 ) ;
#6871 = PRESENTATION_STYLE_ASSIGNMENT (( #4042 ) ) ;
#6872 = EDGE_LOOP ( 'NONE', ( #4500, #7189, #4770, #4816 ) ) ;
#6873 =( NAMED_UNIT ( * ) PLANE_ANGLE_UNIT ( ) SI_UNIT ( $, .RADIAN. ) );
#6874 = DIRECTION ( 'NONE',  ( 0.0000000000000000000, 0.0000000000000000000, 1.000000000000000000 ) ) ;
#6875 =( NAMED_UNIT ( * ) PLANE_ANGLE_UNIT ( ) SI_UNIT ( $, .RADIAN. ) );
#6876 =( NAMED_UNIT ( * ) PLANE_ANGLE_UNIT ( ) SI_UNIT ( $, .RADIAN. ) );
#6877 = ADVANCED_FACE ( 'NONE', ( #3048 ), #2501, .T. ) ;
#6878 = B_SPLINE_SURFACE_WITH_KNOTS ( 'NONE', 2, 1, ( 
 ( #319, #1946 ),
 ( #2636, #4199 ),
 ( #2557, #4774 ) ),
 .UNSPECIFIED., .F., .F., .F.,
 ( 3, 3 ),
 ( 2, 2 ),
 ( 0.0000000000000000000, 1.000000000000000000 ),
 ( 0.0000000000000000000, 1.000000000000000000 ),
 .UNSPECIFIED. ) ;
#6879 =( NAMED_UNIT ( * ) PLANE_ANGLE_UNIT ( ) SI_UNIT ( $, .RADIAN. ) );
#6880 = VERTEX_POINT ( 'NONE', #6489 ) ;
#6881 = SURFACE_STYLE_USAGE ( .BOTH. , #2454 ) ;
#6882 = ORIENTED_EDGE ( 'NONE', *, *, #4799, .F. ) ;
#6883 = CARTESIAN_POINT ( 'NONE',  ( -0.9019999999999999130, -0.8170000000000000595, 0.001000000000000000671 ) ) ;
#6884 = VERTEX_POINT ( 'NONE', #5533 ) ;
#6885 = DIRECTION ( 'NONE',  ( -1.000000000000000000, -0.0000000000000000000, -0.0000000000000000000 ) ) ;
#6886 = VERTEX_POINT ( 'NONE', #4249 ) ;
#6887 = MECHANICAL_DESIGN_GEOMETRIC_PRESENTATION_REPRESENTATION (  '', ( #6295 ), #807 ) ;
#6888 =( NAMED_UNIT ( * ) SI_UNIT ( $, .STERADIAN. ) SOLID_ANGLE_UNIT ( ) );
#6889 = EDGE_LOOP ( 'NONE', ( #4156, #1365, #4967, #3910 ) ) ;
#6890 = UNCERTAINTY_MEASURE_WITH_UNIT (LENGTH_MEASURE( 1.000000000000000082E-05 ), #1709, 'distance_accuracy_value', 'NONE');
#6891 = DIRECTION ( 'NONE',  ( -0.0000000000000000000, 2.699999999999999993E-16, 1.000000000000000000 ) ) ;
#6892 = CARTESIAN_POINT ( 'NONE',  ( -1.199999999999999956, -0.8489999999999999769, 0.7750000000000001332 ) ) ;
#6893 = CARTESIAN_POINT ( 'NONE',  ( -0.2995541401269999904, -0.3837579617830000345, 0.0009999999999999998040 ) ) ;
#6894 = CARTESIAN_POINT ( 'NONE',  ( 0.03216560509553999941, 0.2507643312100000244, 0.8000000000000000444 ) ) ;
#6895 = PRESENTATION_LAYER_ASSIGNMENT (  '', '', ( #2213 ) ) ;
#6896 = CARTESIAN_POINT ( 'NONE',  ( 0.9386624203819999845, -0.08006369426751999696, 0.0009999999999999998040 ) ) ;
#6897 = ORIENTED_EDGE ( 'NONE', *, *, #6976, .F. ) ;
#6898 = VECTOR ( 'NONE', #6861, 1000.000000000000000 ) ;
#6899 = CARTESIAN_POINT ( 'NONE',  ( 0.3793418301141955884, 0.1127176166795715723, 0.001000000000000000021 ) ) ;
#6900 = LINE ( 'NONE', #51, #3055 ) ;
#6901 = VERTEX_POINT ( 'NONE', #5385 ) ;
#6902 = DIRECTION ( 'NONE',  ( 0.0000000000000000000, -0.0000000000000000000, 1.000000000000000000 ) ) ;
#6903 = EDGE_CURVE ( 'NONE', #3457, #6212, #1827, .T. ) ;
#6904 = SURFACE_STYLE_USAGE ( .BOTH. , #7019 ) ;
#6905 = VECTOR ( 'NONE', #2387, 1000.000000000000000 ) ;
#6906 = CARTESIAN_POINT ( 'NONE',  ( 0.6405732484076667177, 0.3837579617830000345, 0.8000000000000000444 ) ) ;
#6907 = ORIENTED_EDGE ( 'NONE', *, *, #4230, .T. ) ;
#6908 = UNCERTAINTY_MEASURE_WITH_UNIT (LENGTH_MEASURE( 1.000000000000000082E-05 ), #1916, 'distance_accuracy_value', 'NONE');
#6909 = EDGE_LOOP ( 'NONE', ( #7222, #3357, #1929, #512 ) ) ;
#6910 = FACE_OUTER_BOUND ( 'NONE', #580, .T. ) ;
#6911 = PRESENTATION_LAYER_ASSIGNMENT (  '', '', ( #3163 ) ) ;
#6912 = SHAPE_DEFINITION_REPRESENTATION ( #4248, #4660 ) ;
#6913 = SURFACE_STYLE_USAGE ( .BOTH. , #4079 ) ;
#6914 = ADVANCED_FACE ( 'NONE', ( #3724 ), #5941, .F. ) ;
#6915 =( GEOMETRIC_REPRESENTATION_CONTEXT ( 3 ) GLOBAL_UNCERTAINTY_ASSIGNED_CONTEXT ( ( #5648 ) ) GLOBAL_UNIT_ASSIGNED_CONTEXT ( ( #2850, #6873, #2446 ) ) REPRESENTATION_CONTEXT ( 'NONE', 'WORKASPACE' ) );
#6916 = VERTEX_POINT ( 'NONE', #2614 ) ;
#6917 = FILL_AREA_STYLE_COLOUR ( '', #4153 ) ;
#6918 = ORIENTED_EDGE ( 'NONE', *, *, #1501, .T. ) ;
#6919 = B_SPLINE_CURVE_WITH_KNOTS ( 'NONE', 3,
 ( #6756, #5207, #5172, #6829 ),
 .UNSPECIFIED., .F., .F.,
 ( 4, 4 ),
 ( 0.0000000000000000000, 1.000000000000000000 ),
 .UNSPECIFIED. ) ;
#6920 = DIRECTION ( 'NONE',  ( -0.0000000000000000000, 1.000000000000000000, 0.0000000000000000000 ) ) ;
#6921 = EDGE_LOOP ( 'NONE', ( #6987, #846, #1605 ) ) ;
#6922 = DIRECTION ( 'NONE',  ( 0.0000000000000000000, 1.000000000000000000, 0.0000000000000000000 ) ) ;
#6923 = CIRCLE ( 'NONE', #5158, 0.02300000000000001696 ) ;
#6924 = EDGE_CURVE ( 'NONE', #5901, #3264, #4286, .T. ) ;
#6925 = MECHANICAL_DESIGN_GEOMETRIC_PRESENTATION_REPRESENTATION (  '', ( #487 ), #2364 ) ;
#6926 = ORIENTED_EDGE ( 'NONE', *, *, #5645, .T. ) ;
#6927 = STYLED_ITEM ( 'NONE', ( #1438 ), #3843 ) ;
#6928 = FACE_OUTER_BOUND ( 'NONE', #3088, .T. ) ;
#6929 = LINE ( 'NONE', #1401, #351 ) ;
#6930 = EDGE_LOOP ( 'NONE', ( #3946, #2931, #4663, #665 ) ) ;
#6931 = CARTESIAN_POINT ( 'NONE',  ( 0.05662420382166000188, 0.08617834394904000384, 0.8000000000000000444 ) ) ;
#6932 = LINE ( 'NONE', #3015, #1199 ) ;
#6933 = PRESENTATION_LAYER_ASSIGNMENT (  '', '', ( #1669 ) ) ;
#6934 = AXIS2_PLACEMENT_3D ( 'NONE', #973, #3209, #2113 ) ;
#6935 = CARTESIAN_POINT ( 'NONE',  ( -0.1471974522289999920, 0.3083439490450000098, 0.8000000000000000444 ) ) ;
#6936 = LINE ( 'NONE', #2679, #3035 ) ;
#6937 = DIRECTION ( 'NONE',  ( 0.0000000000000000000, 1.000000000000000000, -0.0000000000000000000 ) ) ;
#6938 = VERTEX_POINT ( 'NONE', #7115 ) ;
#6939 = FACE_OUTER_BOUND ( 'NONE', #5384, .T. ) ;
#6940 = DIRECTION ( 'NONE',  ( 1.000000000000000000, 0.0000000000000000000, 0.0000000000000000000 ) ) ;
#6941 = SURFACE_STYLE_FILL_AREA ( #860 ) ;
#6942 = B_SPLINE_SURFACE_WITH_KNOTS ( 'NONE', 2, 1, ( 
 ( #4688, #884 ),
 ( #188, #4648 ),
 ( #6931, #5315 ) ),
 .UNSPECIFIED., .F., .F., .F.,
 ( 3, 3 ),
 ( 2, 2 ),
 ( 0.0000000000000000000, 1.000000000000000000 ),
 ( 0.0000000000000000000, 1.000000000000000000 ),
 .UNSPECIFIED. ) ;
#6943 = CARTESIAN_POINT ( 'NONE',  ( 1.199999999999999956, 0.8170000000000000595, 0.001000000000000000238 ) ) ;
#6944 = ORIENTED_EDGE ( 'NONE', *, *, #3763, .T. ) ;
#6945 = CYLINDRICAL_SURFACE ( 'NONE', #1530, 0.02300000000000001696 ) ;
#6946 = EDGE_CURVE ( 'NONE', #1950, #1017, #182, .T. ) ;
#6947 = CARTESIAN_POINT ( 'NONE',  ( 0.5753503184710000440, 0.2358598726109999988, 0.0009999999999999998040 ) ) ;
#6948 = ORIENTED_EDGE ( 'NONE', *, *, #6140, .F. ) ;
#6949 = CARTESIAN_POINT ( 'NONE',  ( -1.754166666666999941, 0.0000000000000000000, 0.8000000000000000444 ) ) ;
#6950 = CARTESIAN_POINT ( 'NONE',  ( 0.4260509554140000099, -0.3027388535030000605, 0.0009999999999999998040 ) ) ;
#6951 = CARTESIAN_POINT ( 'NONE',  ( 1.699999999999999956, -0.5500000000000000444, 0.6750000000000000444 ) ) ;
#6952 = B_SPLINE_CURVE_WITH_KNOTS ( 'NONE', 3,
 ( #5562, #7259, #5599, #4499 ),
 .UNSPECIFIED., .F., .F.,
 ( 4, 4 ),
 ( 0.0000000000000000000, 1.000000000000000000 ),
 .UNSPECIFIED. ) ;
#6953 = AXIS2_PLACEMENT_3D ( 'NONE', #3341, #1803, #4509 ) ;
#6954 = DIRECTION ( 'NONE',  ( 0.0000000000000000000, -0.0000000000000000000, -1.000000000000000000 ) ) ;
#6955 = SURFACE_STYLE_USAGE ( .BOTH. , #2489 ) ;
#6956 = VERTEX_POINT ( 'NONE', #1517 ) ;
#6957 = EDGE_CURVE ( 'NONE', #3385, #3616, #5973, .T. ) ;
#6958 = VERTEX_POINT ( 'NONE', #4321 ) ;
#6959 = CARTESIAN_POINT ( 'NONE',  ( -0.4519108280253333332, -0.4612101910826666984, 0.0000000000000000000 ) ) ;
#6960 = ORIENTED_EDGE ( 'NONE', *, *, #7007, .F. ) ;
#6961 = CARTESIAN_POINT ( 'NONE',  ( 1.199999999999999956, -0.8499999999999999778, 0.6750000000000000444 ) ) ;
#6962 = VECTOR ( 'NONE', #5970, 1000.000000000000000 ) ;
#6963 = EDGE_CURVE ( 'NONE', #1710, #6008, #6559, .T. ) ;
#6964 = STYLED_ITEM ( 'NONE', ( #799 ), #6238 ) ;
#6965 = VERTEX_POINT ( 'NONE', #7046 ) ;
#6966 = EDGE_CURVE ( 'NONE', #42, #6166, #2552, .T. ) ;
#6967 = LINE ( 'NONE', #4750, #2741 ) ;
#6968 = PLANE ( 'NONE',  #5618 ) ;
#6969 = ORIENTED_EDGE ( 'NONE', *, *, #392, .T. ) ;
#6970 = FILL_AREA_STYLE ('',( #1989 ) ) ;
#6971 = DIRECTION ( 'NONE',  ( 0.0000000000000000000, -1.000000000000000000, 2.199999999999999757E-16 ) ) ;
#6972 = CARTESIAN_POINT ( 'NONE',  ( -1.699999999999999956, -0.8499999999999999778, 0.5250000000000000222 ) ) ;
#6973 = VECTOR ( 'NONE', #225, 1000.000000000000000 ) ;
#6974 = CARTESIAN_POINT ( 'NONE',  ( -0.2873248407640000002, 0.4978980891720000690, 0.8000000000000000444 ) ) ;
#6975 = CARTESIAN_POINT ( 'NONE',  ( 0.7251592340367629674, -0.4800636907011597843, 0.001000000000000000021 ) ) ;
#6976 = EDGE_CURVE ( 'NONE', #3927, #2051, #6631, .T. ) ;
#6977 = CARTESIAN_POINT ( 'NONE',  ( 0.3715286624200000443, 0.2465605095540000236, 0.0000000000000000000 ) ) ;
#6978 = VERTEX_POINT ( 'NONE', #3263 ) ;
#6979 = CARTESIAN_POINT ( 'NONE',  ( 0.5417197467873282601, 0.4978980869983697377, 0.7990000000000000435 ) ) ;
#6980 = FACE_OUTER_BOUND ( 'NONE', #6889, .T. ) ;
#6981 = FILL_AREA_STYLE_COLOUR ( '', #3508 ) ;
#6982 = DIRECTION ( 'NONE',  ( 0.0000000000000000000, 0.0000000000000000000, 1.000000000000000000 ) ) ;
#6983 = ORIENTED_EDGE ( 'NONE', *, *, #6827, .T. ) ;
#6984 = CARTESIAN_POINT ( 'NONE',  ( 0.4612101910829999873, 0.3209554140129999844, 0.0000000000000000000 ) ) ;
#6985 =( NAMED_UNIT ( * ) PLANE_ANGLE_UNIT ( ) SI_UNIT ( $, .RADIAN. ) );
#6986 =( GEOMETRIC_REPRESENTATION_CONTEXT ( 3 ) GLOBAL_UNCERTAINTY_ASSIGNED_CONTEXT ( ( #6479 ) ) GLOBAL_UNIT_ASSIGNED_CONTEXT ( ( #1139, #3295, #4427 ) ) REPRESENTATION_CONTEXT ( 'NONE', 'WORKASPACE' ) );
#6987 = ORIENTED_EDGE ( 'NONE', *, *, #4541, .T. ) ;
#6988 = CARTESIAN_POINT ( 'NONE',  ( -0.4814649681529999947, -0.1298726114650000096, 0.8000000000000000444 ) ) ;
#6989 = CARTESIAN_POINT ( 'NONE',  ( -0.2873248407640000002, 0.4978980891720000690, 0.7990000000000000435 ) ) ;
#6990 = CARTESIAN_POINT ( 'NONE',  ( 0.9386624203819999845, 0.1575159235671733660, 0.8000000000000000444 ) ) ;
#6991 =( NAMED_UNIT ( * ) PLANE_ANGLE_UNIT ( ) SI_UNIT ( $, .RADIAN. ) );
#6992 = ORIENTED_EDGE ( 'NONE', *, *, #5082, .T. ) ;
#6993 = ORIENTED_EDGE ( 'NONE', *, *, #4661, .T. ) ;
#6994 = ORIENTED_EDGE ( 'NONE', *, *, #463, .F. ) ;
#6995 = CARTESIAN_POINT ( 'NONE',  ( -0.1979830176471160663, 0.3499999924243265004, 0.001000000000000000021 ) ) ;
#6996 = ADVANCED_FACE ( 'NONE', ( #5491 ), #475, .F. ) ;
#6997 = ORIENTED_EDGE ( 'NONE', *, *, #927, .F. ) ;
#6998 = CARTESIAN_POINT ( 'NONE',  ( 1.200000000000000178, -0.8400000000000000799, 0.02400000000000000050 ) ) ;
#6999 = DIRECTION ( 'NONE',  ( 1.000000000000000000, 0.0000000000000000000, 0.0000000000000000000 ) ) ;
#7000 = ORIENTED_EDGE ( 'NONE', *, *, #2344, .F. ) ;
#7001 = VECTOR ( 'NONE', #7137, 1000.000000000000000 ) ;
#7002 = B_SPLINE_SURFACE_WITH_KNOTS ( 'NONE', 2, 1, ( 
 ( #6974, #2976 ),
 ( #161, #1333 ),
 ( #1407, #2394 ) ),
 .UNSPECIFIED., .F., .F., .F.,
 ( 3, 3 ),
 ( 2, 2 ),
 ( 0.0000000000000000000, 1.000000000000000000 ),
 ( 0.0000000000000000000, 1.000000000000000000 ),
 .UNSPECIFIED. ) ;
#7003 = LINE ( 'NONE', #6300, #6973 ) ;
#7004 = EDGE_CURVE ( 'NONE', #2385, #5470, #1693, .T. ) ;
#7005 = LINE ( 'NONE', #1877, #3509 ) ;
#7006 = CARTESIAN_POINT ( 'NONE',  ( 0.8639278104808023606, -0.2107218652375792700, 0.7990000000000000435 ) ) ;
#7007 = EDGE_CURVE ( 'NONE', #92, #6978, #5677, .T. ) ;
#7008 = DIRECTION ( 'NONE',  ( 1.000000000000000000, 0.0000000000000000000, -0.0000000000000000000 ) ) ;
#7009 = PRESENTATION_LAYER_ASSIGNMENT (  '', '', ( #6295 ) ) ;
#7010 = CARTESIAN_POINT ( 'NONE',  ( 0.7980254777070000527, -0.07802547770701000196, 0.0000000000000000000 ) ) ;
#7011 = CARTESIAN_POINT ( 'NONE',  ( 0.4591719745220000370, -0.4652866242039999656, 0.0000000000000000000 ) ) ;
#7012 = ORIENTED_EDGE ( 'NONE', *, *, #859, .F. ) ;
#7013 = CARTESIAN_POINT ( 'NONE',  ( 0.4260509554140000654, 0.3027388535030000605, 0.7990000000000000435 ) ) ;
#7014 = CARTESIAN_POINT ( 'NONE',  ( 1.199999999999999956, 0.8499999999999999778, 0.7750000000000001332 ) ) ;
#7015 = ADVANCED_FACE ( 'NONE', ( #3438 ), #2559, .T. ) ;
#7016 = STYLED_ITEM ( 'NONE', ( #4165 ), #1279 ) ;
#7017 = SURFACE_SIDE_STYLE ('',( #4762 ) ) ;
#7018 = EDGE_CURVE ( 'NONE', #7047, #5201, #686, .T. ) ;
#7019 = SURFACE_SIDE_STYLE ('',( #4627 ) ) ;
#7020 = LINE ( 'NONE', #4189, #1270 ) ;
#7021 = EDGE_LOOP ( 'NONE', ( #7260, #2408, #6994, #4133, #2601, #3524 ) ) ;
#7022 = COLOUR_RGB ( '',0.7098039215686274828, 0.7098039215686274828, 0.7098039215686274828 ) ;
#7023 = CARTESIAN_POINT ( 'NONE',  ( -0.4554777070059999877, 0.3057961783440000247, 0.8000000000000000444 ) ) ;
#7024 =( NAMED_UNIT ( * ) SI_UNIT ( $, .STERADIAN. ) SOLID_ANGLE_UNIT ( ) );
#7025 = EDGE_LOOP ( 'NONE', ( #2310, #4244, #4871, #5305, #2434, #4210, #6797, #1859, #145, #3869, #6518, #5810, #6001 ) ) ;
#7026 = DIRECTION ( 'NONE',  ( 1.000000000000000000, -0.0000000000000000000, 0.0000000000000000000 ) ) ;
#7027 = CARTESIAN_POINT ( 'NONE',  ( 1.699999999999999956, -0.5500000000000000444, 0.6750000000000000444 ) ) ;
#7028 = AXIS2_PLACEMENT_3D ( 'NONE', #5575, #2862, #1149 ) ;
#7029 = CARTESIAN_POINT ( 'NONE',  ( -0.4519108247992459360, 0.4612101837442226238, 0.7990000000000000435 ) ) ;
#7030 = LINE ( 'NONE', #3140, #1609 ) ;
#7031 = ORIENTED_EDGE ( 'NONE', *, *, #2677, .F. ) ;
#7032 = VECTOR ( 'NONE', #6313, 1000.000000000000000 ) ;
#7033 = B_SPLINE_CURVE_WITH_KNOTS ( 'NONE', 3,
 ( #1895, #4116, #4157, #5402 ),
 .UNSPECIFIED., .F., .F.,
 ( 4, 4 ),
 ( 0.0000000000000000000, 1.000000000000000000 ),
 .UNSPECIFIED. ) ;
#7034 = ORIENTED_EDGE ( 'NONE', *, *, #4906, .F. ) ;
#7035 = CARTESIAN_POINT ( 'NONE',  ( -0.04681528662420000875, 0.2363694267520000392, 0.0009999999999999998040 ) ) ;
#7036 = CARTESIAN_POINT ( 'NONE',  ( -1.699999999999999956, 0.8499999999999999778, 0.1250000000000000000 ) ) ;
#7037 = ORIENTED_EDGE ( 'NONE', *, *, #7193, .F. ) ;
#7038 =( GEOMETRIC_REPRESENTATION_CONTEXT ( 3 ) GLOBAL_UNCERTAINTY_ASSIGNED_CONTEXT ( ( #6299 ) ) GLOBAL_UNIT_ASSIGNED_CONTEXT ( ( #5623, #3966, #5693 ) ) REPRESENTATION_CONTEXT ( 'NONE', 'WORKASPACE' ) );
#7039 = ORIENTED_EDGE ( 'NONE', *, *, #6378, .T. ) ;
#7040 = CARTESIAN_POINT ( 'NONE',  ( 1.199999999999999956, 0.8490000000000001990, 0.7750000000000001332 ) ) ;
#7041 = CARTESIAN_POINT ( 'NONE',  ( 0.3715286624200000443, -0.2465605095540000236, 0.7950000000000000400 ) ) ;
#7042 = VERTEX_POINT ( 'NONE', #2892 ) ;
#7043 = VECTOR ( 'NONE', #4584, 1000.000000000000000 ) ;
#7044 = EDGE_CURVE ( 'NONE', #183, #711, #4050, .T. ) ;
#7045 = STYLED_ITEM ( 'NONE', ( #6785 ), #3030 ) ;
#7046 = CARTESIAN_POINT ( 'NONE',  ( 0.9386624203819999845, 0.08006369426751999696, 0.8000000000000000444 ) ) ;
#7047 = VERTEX_POINT ( 'NONE', #6224 ) ;
#7048 = FILL_AREA_STYLE ('',( #1331 ) ) ;
#7049 = FACE_OUTER_BOUND ( 'NONE', #2084, .T. ) ;
#7050 = CARTESIAN_POINT ( 'NONE',  ( 0.5152229299363333404, 0.2358598726109999988, 0.0000000000000000000 ) ) ;
#7051 = PRESENTATION_LAYER_ASSIGNMENT (  '', '', ( #958 ) ) ;
#7052 = VECTOR ( 'NONE', #7209, 1000.000000000000000 ) ;
#7053 = LINE ( 'NONE', #4180, #466 ) ;
#7054 = ORIENTED_EDGE ( 'NONE', *, *, #7064, .F. ) ;
#7055 = EDGE_CURVE ( 'NONE', #5269, #6836, #5104, .T. ) ;
#7056 = CARTESIAN_POINT ( 'NONE',  ( -0.4814649681529999947, -0.1298726114650000096, 0.8000000000000000444 ) ) ;
#7057 = PRESENTATION_LAYER_ASSIGNMENT (  '', '', ( #2951 ) ) ;
#7058 = CARTESIAN_POINT ( 'NONE',  ( 0.4591719745220000370, -0.4652866242039999656, 0.0000000000000000000 ) ) ;
#7059 = CARTESIAN_POINT ( 'NONE',  ( 0.4214649681529999969, -0.1619745222929999950, 0.8000000000000000444 ) ) ;
#7060 = EDGE_CURVE ( 'NONE', #1067, #611, #3009, .T. ) ;
#7061 = CARTESIAN_POINT ( 'NONE',  ( 0.5947133757960000322, 0.4978980891720000690, 0.8000000000000000444 ) ) ;
#7062 = ORIENTED_EDGE ( 'NONE', *, *, #6646, .T. ) ;
#7063 = CARTESIAN_POINT ( 'NONE',  ( 0.5947133757960000322, -0.4978980891720000690, 0.005000000000000000104 ) ) ;
#7064 = EDGE_CURVE ( 'NONE', #667, #3082, #3366, .T. ) ;
#7065 = PLANE ( 'NONE',  #411 ) ;
#7066 = CARTESIAN_POINT ( 'NONE',  ( 0.5753503184710000440, 0.2358598726109999988, 0.0000000000000000000 ) ) ;
#7067 = CARTESIAN_POINT ( 'NONE',  ( 0.03216560509553998554, -0.2507643312100000244, 0.0000000000000000000 ) ) ;
#7068 = LINE ( 'NONE', #2634, #6101 ) ;
#7069 = B_SPLINE_CURVE_WITH_KNOTS ( 'NONE', 3,
 ( #4951, #5019, #4548, #2724 ),
 .UNSPECIFIED., .F., .F.,
 ( 4, 4 ),
 ( 0.0000000000000000000, 1.000000000000000000 ),
 .UNSPECIFIED. ) ;
#7070 = LINE ( 'NONE', #6361, #4989 ) ;
#7071 = B_SPLINE_SURFACE_WITH_KNOTS ( 'NONE', 2, 1, ( 
 ( #4519, #5177 ),
 ( #1298, #6420 ),
 ( #780, #931 ) ),
 .UNSPECIFIED., .F., .F., .F.,
 ( 3, 3 ),
 ( 2, 2 ),
 ( 0.0000000000000000000, 1.000000000000000000 ),
 ( 0.0000000000000000000, 1.000000000000000000 ),
 .UNSPECIFIED. ) ;
#7072 = DIRECTION ( 'NONE',  ( 1.000000000000000000, 0.0000000000000000000, 0.0000000000000000000 ) ) ;
#7073 = VERTEX_POINT ( 'NONE', #1246 ) ;
#7074 = UNCERTAINTY_MEASURE_WITH_UNIT (LENGTH_MEASURE( 1.000000000000000082E-05 ), #66, 'distance_accuracy_value', 'NONE');
#7075 = ORIENTED_EDGE ( 'NONE', *, *, #596, .F. ) ;
#7076 = CARTESIAN_POINT ( 'NONE',  ( 1.199999999999999956, 0.8170000000000000595, 0.02400000000000000050 ) ) ;
#7077 = DIRECTION ( 'NONE',  ( -0.0000000000000000000, -0.0000000000000000000, 1.000000000000000000 ) ) ;
#7078 = B_SPLINE_SURFACE_WITH_KNOTS ( 'NONE', 2, 1, ( 
 ( #3895, #6104 ),
 ( #6620, #6139 ),
 ( #3932, #5515 ) ),
 .UNSPECIFIED., .F., .F., .F.,
 ( 3, 3 ),
 ( 2, 2 ),
 ( 0.0000000000000000000, 1.000000000000000000 ),
 ( 0.0000000000000000000, 1.000000000000000000 ),
 .UNSPECIFIED. ) ;
#7079 = COLOUR_RGB ( '',0.0000000000000000000, 0.7843137254901960675, 0.4980392156862745168 ) ;
#7080 = ORIENTED_EDGE ( 'NONE', *, *, #6728, .F. ) ;
#7081 = DIRECTION ( 'NONE',  ( -0.0000000000000000000, -1.000000000000000000, -0.0000000000000000000 ) ) ;
#7082 = VERTEX_POINT ( 'NONE', #6183 ) ;
#7083 = CARTESIAN_POINT ( 'NONE',  ( 1.754166666666999941, 0.0000000000000000000, 0.8000000000000000444 ) ) ;
#7084 = ORIENTED_EDGE ( 'NONE', *, *, #5524, .T. ) ;
#7085 = CARTESIAN_POINT ( 'NONE',  ( -1.699999999999999956, 0.5500000000000000444, 0.1250000000000000000 ) ) ;
#7086 = CARTESIAN_POINT ( 'NONE',  ( 0.4260509554140000099, 0.3027388535030000605, 0.7990000000000000435 ) ) ;
#7087 = STYLED_ITEM ( 'NONE', ( #987 ), #6065 ) ;
#7088 = DIRECTION ( 'NONE',  ( 0.0000000000000000000, 0.0000000000000000000, -1.000000000000000000 ) ) ;
#7089 = VERTEX_POINT ( 'NONE', #1175 ) ;
#7090 = PLANE ( 'NONE',  #1821 ) ;
#7091 = CARTESIAN_POINT ( 'NONE',  ( -1.699999999999999956, -0.8499999999999999778, 0.6750000000000000444 ) ) ;
#7092 = VECTOR ( 'NONE', #4879, 1000.000000000000000 ) ;
#7093 = CARTESIAN_POINT ( 'NONE',  ( 0.3592993630569999985, 0.4978980891720000690, 0.8000000000000000444 ) ) ;
#7094 = ADVANCED_FACE ( 'NONE', ( #3400 ), #3467, .T. ) ;
#7095 = PRESENTATION_LAYER_ASSIGNMENT (  '', '', ( #4390 ) ) ;
#7096 = ORIENTED_EDGE ( 'NONE', *, *, #5757, .T. ) ;
#7097 =( NAMED_UNIT ( * ) SI_UNIT ( $, .STERADIAN. ) SOLID_ANGLE_UNIT ( ) );
#7098 = CARTESIAN_POINT ( 'NONE',  ( -0.1471974522289999920, 0.3083439490450000098, 0.8000000000000000444 ) ) ;
#7099 = B_SPLINE_CURVE_WITH_KNOTS ( 'NONE', 3,
 ( #5685, #2900, #2281, #5650 ),
 .UNSPECIFIED., .F., .F.,
 ( 4, 4 ),
 ( 0.0000000000000000000, 1.000000000000000000 ),
 .UNSPECIFIED. ) ;
#7100 = VERTEX_POINT ( 'NONE', #4132 ) ;
#7101 = FILL_AREA_STYLE ('',( #3743 ) ) ;
#7102 = EDGE_CURVE ( 'NONE', #838, #5797, #4642, .T. ) ;
#7103 = CARTESIAN_POINT ( 'NONE',  ( -0.2873248407640000002, -0.4978980891720000690, 0.0000000000000000000 ) ) ;
#7104 = EDGE_CURVE ( 'NONE', #2757, #667, #1321, .T. ) ;
#7105 = VECTOR ( 'NONE', #450, 1000.000000000000000 ) ;
#7106 = ORIENTED_EDGE ( 'NONE', *, *, #3638, .T. ) ;
#7107 = ORIENTED_EDGE ( 'NONE', *, *, #832, .T. ) ;
#7108 = CARTESIAN_POINT ( 'NONE',  ( 0.5230360947439043340, -0.3837579563828710238, 0.001000000000000000021 ) ) ;
#7109 = B_SPLINE_CURVE_WITH_KNOTS ( 'NONE', 3,
 ( #305, #6979, #3130, #3704 ),
 .UNSPECIFIED., .F., .F.,
 ( 4, 4 ),
 ( 0.0000000000000000000, 1.000000000000000000 ),
 .UNSPECIFIED. ) ;
#7110 = EDGE_CURVE ( 'NONE', #2051, #3385, #6851, .T. ) ;
#7111 = VERTEX_POINT ( 'NONE', #5863 ) ;
#7112 = PLANE ( 'NONE',  #1346 ) ;
#7113 = FILL_AREA_STYLE_COLOUR ( '', #470 ) ;
#7114 = VERTEX_POINT ( 'NONE', #6365 ) ;
#7115 = CARTESIAN_POINT ( 'NONE',  ( -0.1497452229300000048, -0.1578980891719999891, 0.8000000000000000444 ) ) ;
#7116 = ORIENTED_EDGE ( 'NONE', *, *, #5389, .T. ) ;
#7117 = CARTESIAN_POINT ( 'NONE',  ( 0.7980254777070000527, -0.08248407643312000159, 0.8000000000000000444 ) ) ;
#7118 = CARTESIAN_POINT ( 'NONE',  ( -0.3056687898089999189, 0.2358598726109999988, 0.001000000000000000021 ) ) ;
#7119 = CARTESIAN_POINT ( 'NONE',  ( 0.3582802547769999846, 0.03645435244161333160, 0.0000000000000000000 ) ) ;
#7120 = VERTEX_POINT ( 'NONE', #837 ) ;
#7121 = CARTESIAN_POINT ( 'NONE',  ( 0.3582802592944024922, -0.1700849207630645565, 0.001000000000000000021 ) ) ;
#7122 = DIRECTION ( 'NONE',  ( 1.000000000000000000, -0.0000000000000000000, 0.0000000000000000000 ) ) ;
#7123 = DIRECTION ( 'NONE',  ( -1.000000000000000000, 0.0000000000000000000, 0.0000000000000000000 ) ) ;
#7124 = AXIS2_PLACEMENT_3D ( 'NONE', #5735, #6762, #1855 ) ;
#7125 = B_SPLINE_SURFACE_WITH_KNOTS ( 'NONE', 2, 1, ( 
 ( #1826, #4635 ),
 ( #1942, #4160 ),
 ( #3564, #2409 ) ),
 .UNSPECIFIED., .F., .F., .F.,
 ( 3, 3 ),
 ( 2, 2 ),
 ( 0.0000000000000000000, 1.000000000000000000 ),
 ( 0.0000000000000000000, 1.000000000000000000 ),
 .UNSPECIFIED. ) ;
#7126 = CARTESIAN_POINT ( 'NONE',  ( 0.7980254777070000527, 0.07802547770701000196, 0.8000000000000000444 ) ) ;
#7127 = VERTEX_POINT ( 'NONE', #2494 ) ;
#7128 = CARTESIAN_POINT ( 'NONE',  ( 0.3888535039318007369, -0.4109341804152255029, 0.001000000000000000021 ) ) ;
#7129 = COLOUR_RGB ( '',0.7372549019607843590, 0.6039215686274509443, 0.0000000000000000000 ) ;
#7130 = PLANE ( 'NONE',  #4970 ) ;
#7131 = CARTESIAN_POINT ( 'NONE',  ( -0.5079617834396666920, -0.08673036093419336789, 0.8000000000000000444 ) ) ;
#7132 = VERTEX_POINT ( 'NONE', #1833 ) ;
#7133 = EDGE_CURVE ( 'NONE', #7158, #5195, #3878, .T. ) ;
#7134 = SURFACE_STYLE_USAGE ( .BOTH. , #1502 ) ;
#7135 = CARTESIAN_POINT ( 'NONE',  ( -0.2124203821660000102, -0.4978980891720000690, 0.0009999999999999998040 ) ) ;
#7136 = MECHANICAL_DESIGN_GEOMETRIC_PRESENTATION_REPRESENTATION (  '', ( #7016 ), #460 ) ;
#7137 = DIRECTION ( 'NONE',  ( -0.0000000000000000000, -0.0000000000000000000, -1.000000000000000000 ) ) ;
#7138 = FACE_OUTER_BOUND ( 'NONE', #2980, .T. ) ;
#7139 = ORIENTED_EDGE ( 'NONE', *, *, #4985, .T. ) ;
#7140 = UNCERTAINTY_MEASURE_WITH_UNIT (LENGTH_MEASURE( 1.000000000000000082E-05 ), #252, 'distance_accuracy_value', 'NONE');
#7141 = VERTEX_POINT ( 'NONE', #2526 ) ;
#7142 = EDGE_CURVE ( 'NONE', #5479, #5154, #5449, .T. ) ;
#7143 = PRESENTATION_STYLE_ASSIGNMENT (( #432 ) ) ;
#7144 = SURFACE_STYLE_FILL_AREA ( #1061 ) ;
#7145 = SURFACE_STYLE_FILL_AREA ( #1335 ) ;
#7146 = ORIENTED_EDGE ( 'NONE', *, *, #6378, .F. ) ;
#7147 = CARTESIAN_POINT ( 'NONE',  ( -1.699000000000000288, -0.6999999999999999556, 0.2000000000000000111 ) ) ;
#7148 = CARTESIAN_POINT ( 'NONE',  ( -1.699999999999999956, -0.5500000000000000444, 0.5250000000000000222 ) ) ;
#7149 = ORIENTED_EDGE ( 'NONE', *, *, #1363, .T. ) ;
#7150 = EDGE_CURVE ( 'NONE', #167, #6478, #3535, .T. ) ;
#7151 =( NAMED_UNIT ( * ) SI_UNIT ( $, .STERADIAN. ) SOLID_ANGLE_UNIT ( ) );
#7152 = VERTEX_POINT ( 'NONE', #5307 ) ;
#7153 = CARTESIAN_POINT ( 'NONE',  ( 0.7638853503180000892, 0.2970063694269999832, 0.0000000000000000000 ) ) ;
#7154 = VECTOR ( 'NONE', #6796, 1000.000000000000000 ) ;
#7155 = LINE ( 'NONE', #2617, #3780 ) ;
#7156 = AXIS2_PLACEMENT_3D ( 'NONE', #7027, #5742, #902 ) ;
#7157 = PRESENTATION_LAYER_ASSIGNMENT (  '', '', ( #2125 ) ) ;
#7158 = VERTEX_POINT ( 'NONE', #4744 ) ;
#7159 = CARTESIAN_POINT ( 'NONE',  ( 0.4214649681529999969, -0.1619745222929999950, 0.7990000000000000435 ) ) ;
#7160 = DIRECTION ( 'NONE',  ( 0.0000000000000000000, 0.0000000000000000000, -1.000000000000000000 ) ) ;
#7161 = LINE ( 'NONE', #5325, #486 ) ;
#7162 = PRESENTATION_LAYER_ASSIGNMENT (  '', '', ( #6215 ) ) ;
#7163 = LINE ( 'NONE', #1454, #6700 ) ;
#7164 = CARTESIAN_POINT ( 'NONE',  ( 0.03216560509553999941, -0.2507643312100000244, 0.0009999999999999998040 ) ) ;
#7165 = CARTESIAN_POINT ( 'NONE',  ( 0.7322929936309999777, 0.1594267515920000100, 0.0000000000000000000 ) ) ;
#7166 =( GEOMETRIC_REPRESENTATION_CONTEXT ( 3 ) GLOBAL_UNCERTAINTY_ASSIGNED_CONTEXT ( ( #980 ) ) GLOBAL_UNIT_ASSIGNED_CONTEXT ( ( #4494, #138, #6844 ) ) REPRESENTATION_CONTEXT ( 'NONE', 'WORKASPACE' ) );
#7167 = PLANE ( 'NONE',  #6369 ) ;
#7168 = ORIENTED_EDGE ( 'NONE', *, *, #4935, .T. ) ;
#7169 = CARTESIAN_POINT ( 'NONE',  ( 0.4712314225053332861, 0.3567515923563333580, 0.8000000000000000444 ) ) ;
#7170 = PRESENTATION_STYLE_ASSIGNMENT (( #4923 ) ) ;
#7171 = VECTOR ( 'NONE', #5581, 1000.000000000000000 ) ;
#7172 = VECTOR ( 'NONE', #530, 1000.000000000000000 ) ;
#7173 = LINE ( 'NONE', #4885, #2902 ) ;
#7174 = CARTESIAN_POINT ( 'NONE',  ( 1.199999999999999956, -0.8490000000000000879, 0.4000000000000000222 ) ) ;
#7175 = VERTEX_POINT ( 'NONE', #5900 ) ;
#7176 = CARTESIAN_POINT ( 'NONE',  ( 0.4260509554140000099, 0.3027388535030000605, 0.7950000000000000400 ) ) ;
#7177 = SURFACE_SIDE_STYLE ('',( #431 ) ) ;
#7178 = CARTESIAN_POINT ( 'NONE',  ( 0.9386624203819999845, -0.08006369426751999696, 0.0009999999999999998040 ) ) ;
#7179 = EDGE_CURVE ( 'NONE', #1245, #6870, #6161, .T. ) ;
#7180 = PRESENTATION_STYLE_ASSIGNMENT (( #7220 ) ) ;
#7181 = FACE_OUTER_BOUND ( 'NONE', #3676, .T. ) ;
#7182 = ORIENTED_EDGE ( 'NONE', *, *, #21, .T. ) ;
#7183 = B_SPLINE_CURVE_WITH_KNOTS ( 'NONE', 3,
 ( #6638, #1627, #3768, #6020 ),
 .UNSPECIFIED., .F., .F.,
 ( 4, 4 ),
 ( 0.0000000000000000000, 1.000000000000000000 ),
 .UNSPECIFIED. ) ;
#7184 = SURFACE_STYLE_USAGE ( .BOTH. , #473 ) ;
#7185 = DIRECTION ( 'NONE',  ( 0.0000000000000000000, -0.0000000000000000000, -1.000000000000000000 ) ) ;
#7186 = ORIENTED_EDGE ( 'NONE', *, *, #4987, .T. ) ;
#7187 = B_SPLINE_SURFACE_WITH_KNOTS ( 'NONE', 2, 1, ( 
 ( #731, #2731 ),
 ( #1674, #1843 ),
 ( #2425, #6826 ) ),
 .UNSPECIFIED., .F., .F., .F.,
 ( 3, 3 ),
 ( 2, 2 ),
 ( 0.0000000000000000000, 1.000000000000000000 ),
 ( 0.0000000000000000000, 1.000000000000000000 ),
 .UNSPECIFIED. ) ;
#7188 = SURFACE_STYLE_FILL_AREA ( #6597 ) ;
#7189 = ORIENTED_EDGE ( 'NONE', *, *, #1152, .T. ) ;
#7190 = CARTESIAN_POINT ( 'NONE',  ( 0.2339490445859999934, -0.4978980891720000690, 0.005000000000000000104 ) ) ;
#7191 = EDGE_CURVE ( 'NONE', #1966, #6880, #5629, .T. ) ;
#7192 = CARTESIAN_POINT ( 'NONE',  ( -1.699000000000000288, 0.8490000000000000879, 0.4000000000000000222 ) ) ;
#7193 = EDGE_CURVE ( 'NONE', #3833, #4261, #3002, .T. ) ;
#7194 = AXIS2_PLACEMENT_3D ( 'NONE', #7076, #4276, #1056 ) ;
#7195 = EDGE_LOOP ( 'NONE', ( #5906, #2362, #3449, #1299 ) ) ;
#7196 = FACE_OUTER_BOUND ( 'NONE', #2000, .T. ) ;
#7197 = CARTESIAN_POINT ( 'NONE',  ( 0.3715286624200000443, 0.2465605095540000236, 0.005000000000000000104 ) ) ;
#7198 = CARTESIAN_POINT ( 'NONE',  ( -1.699999999999999956, 0.8499999999999999778, 0.0000000000000000000 ) ) ;
#7199 = ADVANCED_FACE ( 'NONE', ( #5827 ), #801, .F. ) ;
#7200 = MECHANICAL_DESIGN_GEOMETRIC_PRESENTATION_REPRESENTATION (  '', ( #6727 ), #3556 ) ;
#7201 = ADVANCED_FACE ( 'NONE', ( #4277 ), #1455, .T. ) ;
#7202 = B_SPLINE_CURVE_WITH_KNOTS ( 'NONE', 3,
 ( #5990, #421, #7128, #4916 ),
 .UNSPECIFIED., .F., .F.,
 ( 4, 4 ),
 ( 0.0000000000000000000, 1.000000000000000000 ),
 .UNSPECIFIED. ) ;
#7203 = FILL_AREA_STYLE_COLOUR ( '', #804 ) ;
#7204 = CARTESIAN_POINT ( 'NONE',  ( 0.4612101910829999873, -0.3209554140129999844, 0.8000000000000000444 ) ) ;
#7205 = CARTESIAN_POINT ( 'NONE',  ( 0.4612101910829999873, 0.3209554140129999844, 0.0000000000000000000 ) ) ;
#7206 =( LENGTH_UNIT ( ) NAMED_UNIT ( * ) SI_UNIT ( .MILLI., .METRE. ) );
#7207 = CARTESIAN_POINT ( 'NONE',  ( -0.9020000000000000240, -0.8400000000000000799, 0.7760000000000000231 ) ) ;
#7208 = ORIENTED_EDGE ( 'NONE', *, *, #5661, .T. ) ;
#7209 = DIRECTION ( 'NONE',  ( 0.0000000000000000000, 1.200000000000000024E-16, 1.000000000000000000 ) ) ;
#7210 = CARTESIAN_POINT ( 'NONE',  ( 0.9386624203819999845, -0.002823779193206657490, 0.8000000000000000444 ) ) ;
#7211 = DIRECTION ( 'NONE',  ( -0.0000000000000000000, 1.000000000000000000, 0.0000000000000000000 ) ) ;
#7212 = PRESENTATION_STYLE_ASSIGNMENT (( #1053 ) ) ;
#7213 = B_SPLINE_CURVE_WITH_KNOTS ( 'NONE', 3,
 ( #1677, #3893, #4488, #6172 ),
 .UNSPECIFIED., .F., .F.,
 ( 4, 4 ),
 ( 0.0000000000000000000, 1.000000000000000000 ),
 .UNSPECIFIED. ) ;
#7214 = UNCERTAINTY_MEASURE_WITH_UNIT (LENGTH_MEASURE( 1.000000000000000082E-05 ), #4957, 'distance_accuracy_value', 'NONE');
#7215 = EDGE_LOOP ( 'NONE', ( #5122, #6733, #4383, #147 ) ) ;
#7216 = MECHANICAL_DESIGN_GEOMETRIC_PRESENTATION_REPRESENTATION (  '', ( #1243 ), #3693 ) ;
#7217 =( LENGTH_UNIT ( ) NAMED_UNIT ( * ) SI_UNIT ( .MILLI., .METRE. ) );
#7218 =( NAMED_UNIT ( * ) SI_UNIT ( $, .STERADIAN. ) SOLID_ANGLE_UNIT ( ) );
#7219 = CARTESIAN_POINT ( 'NONE',  ( 0.8978980891719999802, -0.2935668789809999790, 0.0009999999999999998040 ) ) ;
#7220 = SURFACE_STYLE_USAGE ( .BOTH. , #3255 ) ;
#7221 = SURFACE_STYLE_USAGE ( .BOTH. , #1099 ) ;
#7222 = ORIENTED_EDGE ( 'NONE', *, *, #3012, .T. ) ;
#7223 = LINE ( 'NONE', #5007, #632 ) ;
#7224 = CARTESIAN_POINT ( 'NONE',  ( 1.699000000000000288, 0.5500000000000000444, 0.6750000000000000444 ) ) ;
#7225 = VERTEX_POINT ( 'NONE', #3217 ) ;
#7226 = SURFACE_SIDE_STYLE ('',( #1762 ) ) ;
#7227 = EDGE_LOOP ( 'NONE', ( #1458, #4714, #119, #2022 ) ) ;
#7228 = VECTOR ( 'NONE', #5336, 1000.000000000000000 ) ;
#7229 = PLANE ( 'NONE',  #18 ) ;
#7230 = ADVANCED_FACE ( 'NONE', ( #3144 ), #4385, .T. ) ;
#7231 = CARTESIAN_POINT ( 'NONE',  ( 0.7980254733244417364, -0.02898088614938904017, 0.7990000000000000435 ) ) ;
#7232 = DIRECTION ( 'NONE',  ( -1.000000000000000000, 0.0000000000000000000, -0.0000000000000000000 ) ) ;
#7233 = SURFACE_STYLE_FILL_AREA ( #4909 ) ;
#7234 = VERTEX_POINT ( 'NONE', #875 ) ;
#7235 = CARTESIAN_POINT ( 'NONE',  ( -1.699999999999999956, 0.5500000000000000444, 0.6750000000000000444 ) ) ;
#7236 = FACE_OUTER_BOUND ( 'NONE', #4473, .T. ) ;
#7237 = ADVANCED_FACE ( 'NONE', ( #4781 ), #2016, .F. ) ;
#7238 =( NAMED_UNIT ( * ) SI_UNIT ( $, .STERADIAN. ) SOLID_ANGLE_UNIT ( ) );
#7239 = SURFACE_STYLE_FILL_AREA ( #1118 ) ;
#7240 =( NAMED_UNIT ( * ) SI_UNIT ( $, .STERADIAN. ) SOLID_ANGLE_UNIT ( ) );
#7241 = ORIENTED_EDGE ( 'NONE', *, *, #5483, .T. ) ;
#7242 = EDGE_CURVE ( 'NONE', #2581, #2512, #27, .T. ) ;
#7243 = CARTESIAN_POINT ( 'NONE',  ( 0.4248619957536666769, 0.3012526539276666471, 0.0000000000000000000 ) ) ;
#7244 = SURFACE_STYLE_FILL_AREA ( #2765 ) ;
#7245 = LINE ( 'NONE', #2150, #5150 ) ;
#7246 = ORIENTED_EDGE ( 'NONE', *, *, #5109, .T. ) ;
#7247 = CARTESIAN_POINT ( 'NONE',  ( -0.08401273885349999637, 0.2329299363060000072, 0.7990000000000001545 ) ) ;
#7248 = EDGE_CURVE ( 'NONE', #6870, #5869, #613, .T. ) ;
#7249 = CARTESIAN_POINT ( 'NONE',  ( 0.3715286624200000443, 0.2465605095540000236, 0.0009999999999999998040 ) ) ;
#7250 = CARTESIAN_POINT ( 'NONE',  ( -0.2873248407640000002, -0.4978980891720000690, 0.0000000000000000000 ) ) ;
#7251 = SURFACE_STYLE_USAGE ( .BOTH. , #2156 ) ;
#7252 =( GEOMETRIC_REPRESENTATION_CONTEXT ( 3 ) GLOBAL_UNCERTAINTY_ASSIGNED_CONTEXT ( ( #659 ) ) GLOBAL_UNIT_ASSIGNED_CONTEXT ( ( #1725, #3906, #5525 ) ) REPRESENTATION_CONTEXT ( 'NONE', 'WORKASPACE' ) );
#7253 = CARTESIAN_POINT ( 'NONE',  ( -1.699999999999999956, -0.8499999999999999778, 0.6750000000000000444 ) ) ;
#7254 = ORIENTED_EDGE ( 'NONE', *, *, #680, .T. ) ;
#7255 = FACE_OUTER_BOUND ( 'NONE', #4173, .T. ) ;
#7256 = STYLED_ITEM ( 'NONE', ( #6871 ), #1411 ) ;
#7257 = CARTESIAN_POINT ( 'NONE',  ( -0.6475796178339999765, -0.7914012738850000339, 0.0000000000000000000 ) ) ;
#7258 = DIRECTION ( 'NONE',  ( -0.0000000000000000000, -2.699999999999999993E-16, -1.000000000000000000 ) ) ;
#7259 = CARTESIAN_POINT ( 'NONE',  ( -0.4383227176223333243, 0.2005307855623333635, 0.0000000000000000000 ) ) ;
#7260 = ORIENTED_EDGE ( 'NONE', *, *, #3117, .T. ) ;
#7261 = DIRECTION ( 'NONE',  ( 0.0000000000000000000, 1.000000000000000000, 0.0000000000000000000 ) ) ;
#7262 = CARTESIAN_POINT ( 'NONE',  ( -0.4554777070059999877, -0.3057961783440000247, 0.0009999999999999998040 ) ) ;
#7263 = VERTEX_POINT ( 'NONE', #5001 ) ;
#7264 = CARTESIAN_POINT ( 'NONE',  ( 0.9386624173924063008, -0.002823777563962947927, 0.7990000000000000435 ) ) ;
#7265 = EDGE_LOOP ( 'NONE', ( #546, #3657, #7246, #5225 ) ) ;
#7266 = SURFACE_STYLE_FILL_AREA ( #3440 ) ;
#7267 = CARTESIAN_POINT ( 'NONE',  ( -1.699000000000000288, 0.6999999999999999556, 0.5250000000000000222 ) ) ;
#7268 =( GEOMETRIC_REPRESENTATION_CONTEXT ( 3 ) GLOBAL_UNCERTAINTY_ASSIGNED_CONTEXT ( ( #322 ) ) GLOBAL_UNIT_ASSIGNED_CONTEXT ( ( #6297, #118, #5682 ) ) REPRESENTATION_CONTEXT ( 'NONE', 'WORKASPACE' ) );
ENDSEC;
END-ISO-10303-21;
