ISO-10303-21;
HEADER;
FILE_DESCRIPTION (( 'STEP AP214' ),
    '1' );
FILE_NAME ('D38D4B33-0953-4FDA-8A29-F5EDE33751D2.STEP',
    '2025-10-03T19:11:41',
    ( '' ),
    ( '' ),
    'SwSTEP 2.0',
    'SolidWorks 2022',
    '' );
FILE_SCHEMA (( 'AUTOMOTIVE_DESIGN' ));
ENDSEC;

DATA;
#1 = CARTESIAN_POINT ( 'NONE',  ( 10.94239328569946323, 5.034516436191182720, -3.199999999999999289 ) ) ;
#2 = DIRECTION ( 'NONE',  ( -1.000000000000000000, 0.0000000000000000000, 0.0000000000000000000 ) ) ;
#3 = CARTESIAN_POINT ( 'NONE',  ( 7.225734920505486159, 6.359999999999998543, 3.199999999999998401 ) ) ;
#4 = EDGE_CURVE ( 'NONE', #3668, #3063, #3004, .T. ) ;
#5 = VERTEX_POINT ( 'NONE', #1238 ) ;
#6 = DIRECTION ( 'NONE',  ( 0.0000000000000000000, 0.0000000000000000000, -1.000000000000000000 ) ) ;
#7 = APPLICATION_PROTOCOL_DEFINITION ( 'draft international standard', 'automotive_design', 1998, #1140 ) ;
#8 = PLANE ( 'NONE',  #1693 ) ;
#9 = EDGE_CURVE ( 'NONE', #324, #2564, #272, .T. ) ;
#10 = EDGE_LOOP ( 'NONE', ( #971, #1000, #4001, #1137, #3232 ) ) ;
#11 = DIRECTION ( 'NONE',  ( -1.000000000000000000, -0.0000000000000000000, -0.0000000000000000000 ) ) ;
#12 = CARTESIAN_POINT ( 'NONE',  ( 10.23749999302870606, 8.689946142381774763, -2.329946550606417865 ) ) ;
#13 = CARTESIAN_POINT ( 'NONE',  ( 7.000000000000002665, 5.629309621408166819, -3.041949176915937247 ) ) ;
#14 = CARTESIAN_POINT ( 'NONE',  ( 11.59999999999999964, 6.360000000000001208, 0.0000000000000000000 ) ) ;
#15 = EDGE_LOOP ( 'NONE', ( #2183, #2356, #1339, #2640 ) ) ;
#16 = CARTESIAN_POINT ( 'NONE',  ( 6.999999999999999112, 4.062367684342628849, 1.692294509935779345 ) ) ;
#17 = ORIENTED_EDGE ( 'NONE', *, *, #3426, .T. ) ;
#18 = FACE_OUTER_BOUND ( 'NONE', #530, .T. ) ;
#19 = DIRECTION ( 'NONE',  ( 0.0000000000000000000, -0.0000000000000000000, -1.000000000000000000 ) ) ;
#20 = DIRECTION ( 'NONE',  ( 0.0000000000000000000, -0.7071067811865505703, -0.7071067811865444641 ) ) ;
#21 = CARTESIAN_POINT ( 'NONE',  ( 10.82916665969537284, 3.269037428430357384, 0.8282212151083604423 ) ) ;
#22 = CARTESIAN_POINT ( 'NONE',  ( 8.270833326362039273, 2.790863686938986010, -0.9563468576424304368 ) ) ;
#23 = SURFACE_SIDE_STYLE ('',( #2874 ) ) ;
#24 = ADVANCED_FACE ( 'NONE', ( #2436 ), #2748, .F. ) ;
#25 = LINE ( 'NONE', #2264, #2618 ) ;
#26 = VERTEX_POINT ( 'NONE', #1838 ) ;
#27 = DIRECTION ( 'NONE',  ( -1.000000000000000000, 0.0000000000000000000, 0.0000000000000000000 ) ) ;
#28 = CARTESIAN_POINT ( 'NONE',  ( 8.945833326362039983, 5.621436844356212603, 2.756356187330898155 ) ) ;
#29 = EDGE_CURVE ( 'NONE', #386, #2722, #904, .T. ) ;
#30 = AXIS2_PLACEMENT_3D ( 'NONE', #352, #1323, #396 ) ;
#31 = CARTESIAN_POINT ( 'NONE',  ( 6.999999999999999112, 3.870458133311068138, 1.435748180037689670 ) ) ;
#32 = CARTESIAN_POINT ( 'NONE',  ( 10.87573492050548829, 6.360000000000005649, -3.199999999999998845 ) ) ;
#33 = ORIENTED_EDGE ( 'NONE', *, *, #930, .F. ) ;
#34 = VECTOR ( 'NONE', #3003, 1000.000000000000000 ) ;
#35 = AXIS2_PLACEMENT_3D ( 'NONE', #208, #1190, #1831 ) ;
#36 = VECTOR ( 'NONE', #3446, 1000.000000000000000 ) ;
#37 = VERTEX_POINT ( 'NONE', #2792 ) ;
#38 = CARTESIAN_POINT ( 'NONE',  ( 9.530000000000006466, 6.360000000000001208, 0.0000000000000000000 ) ) ;
#39 = CARTESIAN_POINT ( 'NONE',  ( 10.16249999302870677, 8.622741898021878626, 2.262741501572008485 ) ) ;
#40 = CONICAL_SURFACE ( 'NONE', #2690, 2.299999999999998934, 0.7853981633974297383 ) ;
#41 = VECTOR ( 'NONE', #805, 1000.000000000000000 ) ;
#42 = AXIS2_PLACEMENT_3D ( 'NONE', #968, #1853, #3466 ) ;
#43 = CARTESIAN_POINT ( 'NONE',  ( 7.729166659695374086, 3.269037428430357384, 0.8282212151083604423 ) ) ;
#44 = LINE ( 'NONE', #3236, #2223 ) ;
#45 = CARTESIAN_POINT ( 'NONE',  ( 10.77916665969537391, 9.116356057928870271, -0.7385636385787300862 ) ) ;
#46 = AXIS2_PLACEMENT_3D ( 'NONE', #1700, #2048, #1736 ) ;
#47 = FACE_OUTER_BOUND ( 'NONE', #2265, .T. ) ;
#48 = DIRECTION ( 'NONE',  ( 0.0000000000000000000, 0.0000000000000000000, -1.000000000000000000 ) ) ;
#49 = ORIENTED_EDGE ( 'NONE', *, *, #552, .F. ) ;
#50 = DIRECTION ( 'NONE',  ( 1.000000000000000000, 0.0000000000000000000, 0.0000000000000000000 ) ) ;
#51 = CARTESIAN_POINT ( 'NONE',  ( 8.654166659695372132, 5.507180168905804862, -3.182765824055378889 ) ) ;
#52 = CARTESIAN_POINT ( 'NONE',  ( 7.000000000000000000, 4.157225695005305255, -2.129000362708857175 ) ) ;
#53 = VERTEX_POINT ( 'NONE', #4077 ) ;
#54 = VERTEX_POINT ( 'NONE', #594 ) ;
#55 = ADVANCED_FACE ( 'NONE', ( #2203 ), #1858, .T. ) ;
#56 = CARTESIAN_POINT ( 'NONE',  ( -3.049999999999999822, -3.939999999999999947, 3.049999999999999822 ) ) ;
#57 = ORIENTED_EDGE ( 'NONE', *, *, #1953, .T. ) ;
#58 = DIRECTION ( 'NONE',  ( -0.0000000000000000000, -1.000000000000000000, -0.0000000000000000000 ) ) ;
#59 = CARTESIAN_POINT ( 'NONE',  ( 9.912499993028706768, 4.097258101978122902, -2.262741501572008040 ) ) ;
#60 = DIRECTION ( 'NONE',  ( 0.0000000000000000000, 0.0000000000000000000, 1.000000000000000000 ) ) ;
#61 = DIRECTION ( 'NONE',  ( 0.0000000000000000000, 0.0000000000000000000, -1.000000000000000000 ) ) ;
#62 = CARTESIAN_POINT ( 'NONE',  ( -3.500000000000000000, 9.860000000000001208, -3.500000000000000000 ) ) ;
#63 = EDGE_LOOP ( 'NONE', ( #3874, #1991, #2340, #219 ) ) ;
#64 = CARTESIAN_POINT ( 'NONE',  ( -2.029999999999999805, 0.5000000000000000000, 3.500000000000000000 ) ) ;
#65 = CARTESIAN_POINT ( 'NONE',  ( 9.399999999999998579, 6.360000000000001208, -0.5000000000000001110 ) ) ;
#66 = ORIENTED_EDGE ( 'NONE', *, *, #470, .T. ) ;
#67 = CARTESIAN_POINT ( 'NONE',  ( 3.500000000000000000, 9.860000000000001208, -3.500000000000000000 ) ) ;
#68 = CARTESIAN_POINT ( 'NONE',  ( 10.89583332636204105, 7.188220673547764505, -3.090962716680367706 ) ) ;
#69 = CARTESIAN_POINT ( 'NONE',  ( 2.029999999999999805, 0.0000000000000000000, 3.500000000000000000 ) ) ;
#70 = ORIENTED_EDGE ( 'NONE', *, *, #4, .F. ) ;
#71 = EDGE_LOOP ( 'NONE', ( #3885, #306, #4039, #1799 ) ) ;
#72 = EDGE_CURVE ( 'NONE', #3864, #1395, #2475, .T. ) ;
#73 = ADVANCED_FACE ( 'NONE', ( #3384, #3121 ), #2125, .F. ) ;
#74 = EDGE_CURVE ( 'NONE', #3852, #343, #3275, .T. ) ;
#75 = ORIENTED_EDGE ( 'NONE', *, *, #2279, .T. ) ;
#76 = SURFACE_STYLE_USAGE ( .BOTH. , #3961 ) ;
#77 = ORIENTED_EDGE ( 'NONE', *, *, #1637, .T. ) ;
#78 = DIRECTION ( 'NONE',  ( 0.0000000000000000000, 0.0000000000000000000, -1.000000000000000000 ) ) ;
#79 = CARTESIAN_POINT ( 'NONE',  ( 10.45416665969537284, 5.403652517017258461, -3.569136145501583979 ) ) ;
#80 = EDGE_CURVE ( 'NONE', #325, #3342, #3681, .T. ) ;
#81 = DIRECTION ( 'NONE',  ( -1.000000000000000000, -0.0000000000000000000, -0.0000000000000000000 ) ) ;
#82 = FACE_OUTER_BOUND ( 'NONE', #2271, .T. ) ;
#83 = CARTESIAN_POINT ( 'NONE',  ( 10.73749999302870606, 8.689946142381772987, -2.329946550606417421 ) ) ;
#84 = EDGE_LOOP ( 'NONE', ( #1595, #1839, #1121, #2112 ) ) ;
#85 = EDGE_LOOP ( 'NONE', ( #3416, #3359, #2149, #87, #2669, #3570, #3501, #810, #3494, #1623, #1085, #783 ) ) ;
#86 = DIRECTION ( 'NONE',  ( 0.0000000000000000000, 0.0000000000000000000, -1.000000000000000000 ) ) ;
#87 = ORIENTED_EDGE ( 'NONE', *, *, #1714, .T. ) ;
#88 = FACE_OUTER_BOUND ( 'NONE', #63, .T. ) ;
#89 = DIRECTION ( 'NONE',  ( 1.000000000000000000, 0.0000000000000000000, 0.0000000000000000000 ) ) ;
#90 = CARTESIAN_POINT ( 'NONE',  ( 11.15416665969537391, 5.507180168905804862, -3.182765824055378889 ) ) ;
#91 = CARTESIAN_POINT ( 'NONE',  ( -2.029999999999999805, 0.0000000000000000000, 3.500000000000000000 ) ) ;
#92 = VERTEX_POINT ( 'NONE', #3791 ) ;
#93 = VERTEX_POINT ( 'NONE', #3730 ) ;
#94 = AXIS2_PLACEMENT_3D ( 'NONE', #2597, #2532, #6 ) ;
#95 = CARTESIAN_POINT ( 'NONE',  ( -2.029999999999999805, 0.0000000000000000000, 3.500000000000000000 ) ) ;
#96 = ORIENTED_EDGE ( 'NONE', *, *, #1406, .T. ) ;
#97 = FACE_OUTER_BOUND ( 'NONE', #3861, .T. ) ;
#98 = CARTESIAN_POINT ( 'NONE',  ( 8.412499993028706768, 4.097258101978122902, -2.262741501572008040 ) ) ;
#99 = CIRCLE ( 'NONE', #2548, 2.299999999999998934 ) ;
#100 = VECTOR ( 'NONE', #4069, 1000.000000000000000 ) ;
#101 = ADVANCED_FACE ( 'NONE', ( #954 ), #634, .F. ) ;
#102 = CIRCLE ( 'NONE', #2758, 0.4300000000000032685 ) ;
#103 = DIRECTION ( 'NONE',  ( 0.0000000000000000000, 0.0000000000000000000, -1.000000000000000000 ) ) ;
#104 = AXIS2_PLACEMENT_3D ( 'NONE', #3741, #2153, #4048 ) ;
#105 = DIRECTION ( 'NONE',  ( 0.0000000000000000000, 0.0000000000000000000, 1.000000000000000000 ) ) ;
#106 = CARTESIAN_POINT ( 'NONE',  ( 7.154166659695373021, 5.507180168905804862, -3.182765824055378445 ) ) ;
#107 = EDGE_CURVE ( 'NONE', #413, #1730, #3473, .T. ) ;
#108 = CIRCLE ( 'NONE', #2967, 3.299999999999999822 ) ;
#109 = VERTEX_POINT ( 'NONE', #569 ) ;
#110 = EDGE_LOOP ( 'NONE', ( #181, #3831, #2846, #138 ) ) ;
#111 = DIRECTION ( 'NONE',  ( -0.0000000000000000000, 0.0000000000000000000, 1.000000000000000000 ) ) ;
#112 = PLANE ( 'NONE',  #3823 ) ;
#113 = AXIS2_PLACEMENT_3D ( 'NONE', #764, #730, #3559 ) ;
#114 = CARTESIAN_POINT ( 'NONE',  ( 6.999999999999999112, 9.559866947228533363, 0.02918081620417635816 ) ) ;
#115 = CARTESIAN_POINT ( 'NONE',  ( -3.500000000000000000, 9.860000000000001208, -3.500000000000000000 ) ) ;
#116 = FACE_OUTER_BOUND ( 'NONE', #1663, .T. ) ;
#117 = VERTEX_POINT ( 'NONE', #1632 ) ;
#118 = ORIENTED_EDGE ( 'NONE', *, *, #2615, .F. ) ;
#119 = CARTESIAN_POINT ( 'NONE',  ( 7.104166659695374086, 7.316347482982743067, 3.569136145501582646 ) ) ;
#120 = CARTESIAN_POINT ( 'NONE',  ( 10.69239328569946501, 7.685483563808820584, 3.199999999999998401 ) ) ;
#121 = ORIENTED_EDGE ( 'NONE', *, *, #3938, .T. ) ;
#122 = CARTESIAN_POINT ( 'NONE',  ( 9.537499993028706768, 8.972788830078274103, -2.612789287859152321 ) ) ;
#123 = LINE ( 'NONE', #3588, #3815 ) ;
#124 = EDGE_CURVE ( 'NONE', #54, #53, #25, .T. ) ;
#125 = CARTESIAN_POINT ( 'NONE',  ( 9.942393285699465011, 5.034516436191182720, -3.199999999999999289 ) ) ;
#126 = CARTESIAN_POINT ( 'NONE',  ( 6.987499993028706946, 4.030053857618228541, 2.329946550606417421 ) ) ;
#127 = ORIENTED_EDGE ( 'NONE', *, *, #3602, .F. ) ;
#128 = ORIENTED_EDGE ( 'NONE', *, *, #2286, .T. ) ;
#129 = DIRECTION ( 'NONE',  ( -0.0000000000000000000, 1.000000000000000000, -0.0000000000000000000 ) ) ;
#130 = DIRECTION ( 'NONE',  ( 1.000000000000000000, -0.0000000000000000000, -0.0000000000000000000 ) ) ;
#131 = CARTESIAN_POINT ( 'NONE',  ( 8.979166659695374975, 9.450962571569643700, -0.8282212151083626628 ) ) ;
#132 = ADVANCED_FACE ( 'NONE', ( #1654 ), #8, .F. ) ;
#133 = CARTESIAN_POINT ( 'NONE',  ( 8.579166659695374619, 9.450962571569643700, -0.8282212151083626628 ) ) ;
#134 = CARTESIAN_POINT ( 'NONE',  ( 8.975734920505486159, 6.359999999999999432, -3.199999999999998845 ) ) ;
#135 = ORIENTED_EDGE ( 'NONE', *, *, #1605, .F. ) ;
#136 = CARTESIAN_POINT ( 'NONE',  ( 8.145833326362039273, 5.531779326452235246, 3.090962716680367706 ) ) ;
#137 = VERTEX_POINT ( 'NONE', #3572 ) ;
#138 = ORIENTED_EDGE ( 'NONE', *, *, #1253, .T. ) ;
#139 = CARTESIAN_POINT ( 'NONE',  ( 11.07916665969537284, 9.450962571569643700, -0.8282212151083622187 ) ) ;
#140 = FACE_OUTER_BOUND ( 'NONE', #1722, .T. ) ;
#141 = SURFACE_STYLE_FILL_AREA ( #3314 ) ;
#142 = CARTESIAN_POINT ( 'NONE',  ( 8.279166659695373909, 9.116356057928870271, -0.7385636385787305302 ) ) ;
#143 = VERTEX_POINT ( 'NONE', #65 ) ;
#144 = VERTEX_POINT ( 'NONE', #2226 ) ;
#145 = DIRECTION ( 'NONE',  ( 0.0000000000000000000, 0.0000000000000000000, -1.000000000000000000 ) ) ;
#146 = CARTESIAN_POINT ( 'NONE',  ( 7.154166659695373021, 5.507180168905804862, -3.182765824055378889 ) ) ;
#147 =( BOUNDED_CURVE ( )  B_SPLINE_CURVE ( 2, ( #273, #2830, #3785, #4096, #21, #1891, #348, #1, #948 ),
 .UNSPECIFIED., .F., .T. ) 
 B_SPLINE_CURVE_WITH_KNOTS ( ( 3, 2, 2, 2, 3 ),
 ( 0.9124277831353657664, 0.9166666666666666297, 0.9333333333333333481, 0.9499999999999999556, 0.9624277831353658108 ),
 .UNSPECIFIED. ) 
 CURVE ( )  GEOMETRIC_REPRESENTATION_ITEM ( )  RATIONAL_B_SPLINE_CURVE ( ( 0.9491840436463321318, 0.9659258374293503424, 1.000000000000000000, 0.8660254037844387076, 1.000000000000000000, 0.8660254037844387076, 1.000000000000000000, 0.9000995663550881432, 0.9491840436463323538 ) ) 
 REPRESENTATION_ITEM ( '' )  );
#148 = CARTESIAN_POINT ( 'NONE',  ( 8.592393285699467143, 7.685483563808822360, 3.199999999999999289 ) ) ;
#149 = CARTESIAN_POINT ( 'NONE',  ( 8.725734920505486159, 6.359999999999996767, 3.199999999999999289 ) ) ;
#150 = CARTESIAN_POINT ( 'NONE',  ( -3.500000000000000000, 2.860000000000000764, 3.500000000000000000 ) ) ;
#151 = EDGE_CURVE ( 'NONE', #3895, #3241, #1282, .T. ) ;
#152 = EDGE_CURVE ( 'NONE', #376, #1145, #2899, .T. ) ;
#153 = CARTESIAN_POINT ( 'NONE',  ( 7.395833326362041049, 7.188220673547764505, -3.090962716680367706 ) ) ;
#154 = EDGE_LOOP ( 'NONE', ( #75, #3491, #1067, #3333, #2882, #858 ) ) ;
#155 = ORIENTED_EDGE ( 'NONE', *, *, #1173, .T. ) ;
#156 = CIRCLE ( 'NONE', #2691, 0.6350000000000000089 ) ;
#157 = VERTEX_POINT ( 'NONE', #1010 ) ;
#158 = CARTESIAN_POINT ( 'NONE',  ( 5.399999999999998579, 6.360000000000001208, -3.199999999999999734 ) ) ;
#159 = CARTESIAN_POINT ( 'NONE',  ( 10.37573492050548651, 6.360000000000005649, -3.199999999999998845 ) ) ;
#160 = CARTESIAN_POINT ( 'NONE',  ( 7.445833326362040872, 5.621436844356212603, 2.756356187330897711 ) ) ;
#161 = VECTOR ( 'NONE', #377, 1000.000000000000000 ) ;
#162 = VECTOR ( 'NONE', #519, 1000.000000000000000 ) ;
#163 = AXIS2_PLACEMENT_3D ( 'NONE', #515, #1785, #860 ) ;
#164 = ORIENTED_EDGE ( 'NONE', *, *, #4066, .T. ) ;
#165 = VERTEX_POINT ( 'NONE', #319 ) ;
#166 = CARTESIAN_POINT ( 'NONE',  ( 3.500000000000003109, 6.360000000000001208, -2.800000000000000266 ) ) ;
#167 = CARTESIAN_POINT ( 'NONE',  ( 9.529999999999999361, 6.360000000000001208, 0.0000000000000000000 ) ) ;
#168 = FACE_OUTER_BOUND ( 'NONE', #2907, .T. ) ;
#169 = CARTESIAN_POINT ( 'NONE',  ( 6.599999999999998757, 6.360000000000001208, -0.2999999999999999889 ) ) ;
#170 = MECHANICAL_DESIGN_GEOMETRIC_PRESENTATION_REPRESENTATION (  '', ( #2351 ), #3549 ) ;
#171 = VECTOR ( 'NONE', #27, 1000.000000000000000 ) ;
#172 = LINE ( 'NONE', #2025, #2752 ) ;
#173 = AXIS2_PLACEMENT_3D ( 'NONE', #3502, #710, #1622 ) ;
#174 = DIRECTION ( 'NONE',  ( -1.000000000000000000, -0.0000000000000000000, -0.0000000000000000000 ) ) ;
#175 = VERTEX_POINT ( 'NONE', #2856 ) ;
#176 = FACE_OUTER_BOUND ( 'NONE', #1060, .T. ) ;
#177 = LINE ( 'NONE', #408, #3088 ) ;
#178 = EDGE_CURVE ( 'NONE', #1213, #2722, #3200, .T. ) ;
#179 = STYLED_ITEM ( 'NONE', ( #1211 ), #3933 ) ;
#180 = CARTESIAN_POINT ( 'NONE',  ( 6.604166659695373198, 7.316347482982743067, 3.569136145501582646 ) ) ;
#181 = ORIENTED_EDGE ( 'NONE', *, *, #3582, .T. ) ;
#182 = EDGE_CURVE ( 'NONE', #2035, #2857, #378, .T. ) ;
#183 = DIRECTION ( 'NONE',  ( 0.0000000000000000000, 0.0000000000000000000, 1.000000000000000000 ) ) ;
#184 = ORIENTED_EDGE ( 'NONE', *, *, #2772, .T. ) ;
#185 = ADVANCED_FACE ( 'NONE', ( #1959 ), #1338, .T. ) ;
#186 = CARTESIAN_POINT ( 'NONE',  ( 7.000000000000000888, 9.060000000000000497, 0.0000000000000000000 ) ) ;
#187 = CARTESIAN_POINT ( 'NONE',  ( 5.800000000000001599, 6.360000000000001208, 2.699999999999999289 ) ) ;
#188 = ORIENTED_EDGE ( 'NONE', *, *, #2643, .F. ) ;
#189 = FACE_OUTER_BOUND ( 'NONE', #15, .T. ) ;
#190 = CARTESIAN_POINT ( 'NONE',  ( -2.029999999999999361, -0.0000000000000000000, -3.500000000000000000 ) ) ;
#191 = DIRECTION ( 'NONE',  ( -0.0000000000000000000, 1.000000000000000000, -0.0000000000000000000 ) ) ;
#192 = FACE_OUTER_BOUND ( 'NONE', #2930, .T. ) ;
#193 = CARTESIAN_POINT ( 'NONE',  ( 8.475734920505484382, 6.360000000000001208, -3.199999999999998401 ) ) ;
#194 = ORIENTED_EDGE ( 'NONE', *, *, #906, .T. ) ;
#195 = CARTESIAN_POINT ( 'NONE',  ( 9.979166659695374975, 9.450962571569643700, -0.8282212151083626628 ) ) ;
#196 = CARTESIAN_POINT ( 'NONE',  ( 10.89583332636204105, 7.188220673547764505, -3.090962716680367706 ) ) ;
#197 = CARTESIAN_POINT ( 'NONE',  ( 7.604166659695373198, 7.316347482982743067, 3.569136145501582646 ) ) ;
#198 = ORIENTED_EDGE ( 'NONE', *, *, #1961, .F. ) ;
#199 = CARTESIAN_POINT ( 'NONE',  ( 7.870833326362040694, 2.790863686938986010, -0.9563468576424304368 ) ) ;
#200 = ORIENTED_EDGE ( 'NONE', *, *, #513, .F. ) ;
#201 = DIRECTION ( 'NONE',  ( 0.0000000000000000000, 0.0000000000000000000, -1.000000000000000000 ) ) ;
#202 = DIRECTION ( 'NONE',  ( 0.0000000000000000000, 0.0000000000000000000, 1.000000000000000000 ) ) ;
#203 = CARTESIAN_POINT ( 'NONE',  ( 9.486332128962770227, 6.781287849684057178, -3.199999999999999734 ) ) ;
#204 = CARTESIAN_POINT ( 'NONE',  ( 9.362499993028707834, 8.377792902285083443, 2.017792548752169512 ) ) ;
#205 = EDGE_CURVE ( 'NONE', #157, #511, #2246, .T. ) ;
#206 = ADVANCED_FACE ( 'NONE', ( #3221 ), #1934, .F. ) ;
#207 = ORIENTED_EDGE ( 'NONE', *, *, #2588, .T. ) ;
#208 = CARTESIAN_POINT ( 'NONE',  ( -3.049999999999999378, -3.939999999999999947, -2.030000000000000249 ) ) ;
#209 = FACE_OUTER_BOUND ( 'NONE', #1877, .T. ) ;
#210 = DIRECTION ( 'NONE',  ( 0.0000000000000000000, -1.000000000000000000, 0.0000000000000000000 ) ) ;
#211 = DIRECTION ( 'NONE',  ( -0.0000000000000000000, -0.0000000000000000000, 1.000000000000000000 ) ) ;
#212 = PLANE ( 'NONE',  #3536 ) ;
#213 =( LENGTH_UNIT ( ) NAMED_UNIT ( * ) SI_UNIT ( .MILLI., .METRE. ) );
#214 = CARTESIAN_POINT ( 'NONE',  ( 7.395833326362041049, 7.188220673547764505, -3.090962716680367706 ) ) ;
#215 = CARTESIAN_POINT ( 'NONE',  ( 4.041334437186265510E-16, 2.860000000000000764, 3.299999999999999822 ) ) ;
#216 = CARTESIAN_POINT ( 'NONE',  ( 7.987499993028706946, 4.030053857618227653, 2.329946550606417421 ) ) ;
#217 = CARTESIAN_POINT ( 'NONE',  ( 10.18749999302870712, 3.747211169921727869, 2.612789287859151433 ) ) ;
#218 = EDGE_LOOP ( 'NONE', ( #425, #3836, #1515, #2524 ) ) ;
#219 = ORIENTED_EDGE ( 'NONE', *, *, #558, .F. ) ;
#220 = B_SPLINE_CURVE_WITH_KNOTS ( 'NONE', 3,
 ( #3758, #482, #3351, #510, #1780, #1469, #4000, #2417, #3186, #2539, #3129, #3796, #941, #3499, #2501, #641, #2861, #1939, #1882, #1865, #282, #4106, #3812, #2881, #3459, #2521 ),
 .UNSPECIFIED., .F., .F.,
 ( 4, 2, 2, 2, 2, 2, 2, 2, 2, 2, 2, 2, 4 ),
 ( 4.545381030238556642E-17, 0.0009463057022476482026, 0.001892611404495251086, 0.002838917106742853535, 0.003785222808990456635, 0.004258375660114257534, 0.004731528511238059301, 0.005204681362361859333, 0.005677834213485659365, 0.006150987064609460264, 0.006624139915733261164, 0.007097292766857062063, 0.007570445617980862095 ),
 .UNSPECIFIED. ) ;
#221 = CARTESIAN_POINT ( 'NONE',  ( 11.09999999999999787, 9.559866947228535139, 0.02918081620412977042 ) ) ;
#222 = CARTESIAN_POINT ( 'NONE',  ( 6.599999999999998757, 6.360000000000001208, 0.0000000000000000000 ) ) ;
#223 = CARTESIAN_POINT ( 'NONE',  ( 9.695833326362038207, 7.098563155643787148, -2.756356187330897711 ) ) ;
#224 = EDGE_CURVE ( 'NONE', #2798, #2235, #1671, .T. ) ;
#225 = VERTEX_POINT ( 'NONE', #2919 ) ;
#226 = AXIS2_PLACEMENT_3D ( 'NONE', #571, #3106, #4058 ) ;
#227 = CARTESIAN_POINT ( 'NONE',  ( 6.599999999999998757, 6.360000000000001208, 0.0000000000000000000 ) ) ;
#228 = EDGE_CURVE ( 'NONE', #3529, #735, #1425, .T. ) ;
#229 = VECTOR ( 'NONE', #738, 1000.000000000000000 ) ;
#230 = CARTESIAN_POINT ( 'NONE',  ( 8.612499993028707834, 4.342207097714918085, -2.017792548752169957 ) ) ;
#231 = CARTESIAN_POINT ( 'NONE',  ( 9.395833326362041049, 7.188220673547764505, -3.090962716680367706 ) ) ;
#232 = VECTOR ( 'NONE', #2139, 1000.000000000000000 ) ;
#233 = AXIS2_PLACEMENT_3D ( 'NONE', #1823, #3442, #905 ) ;
#234 = DIRECTION ( 'NONE',  ( 0.0000000000000000000, 0.0000000000000000000, -1.000000000000000000 ) ) ;
#235 = CARTESIAN_POINT ( 'NONE',  ( -3.049999999999999378, -3.939999999999999947, -3.049999999999999822 ) ) ;
#236 = EDGE_CURVE ( 'NONE', #2834, #2274, #767, .T. ) ;
#237 = VERTEX_POINT ( 'NONE', #3863 ) ;
#238 = FACE_OUTER_BOUND ( 'NONE', #3407, .T. ) ;
#239 = CARTESIAN_POINT ( 'NONE',  ( 9.399999999999998579, 6.360000000000001208, 0.0000000000000000000 ) ) ;
#240 = VECTOR ( 'NONE', #1719, 1000.000000000000000 ) ;
#241 = CIRCLE ( 'NONE', #574, 3.300000000000000266 ) ;
#242 = CARTESIAN_POINT ( 'NONE',  ( 11.16249999302870677, 8.622741898021878626, 2.262741501572008485 ) ) ;
#243 = AXIS2_PLACEMENT_3D ( 'NONE', #1681, #1409, #2607 ) ;
#244 = CARTESIAN_POINT ( 'NONE',  ( 10.10416665969537320, 7.316347482982743067, 3.569136145501582646 ) ) ;
#245 = CARTESIAN_POINT ( 'NONE',  ( -3.500000000000000000, 2.860000000000000764, -3.500000000000000888 ) ) ;
#246 = VECTOR ( 'NONE', #478, 1000.000000000000000 ) ;
#247 = DIRECTION ( 'NONE',  ( 1.000000000000000000, -0.0000000000000000000, -0.0000000000000000000 ) ) ;
#248 = CARTESIAN_POINT ( 'NONE',  ( 9.409999999999998366, 6.360000000000001208, 0.0000000000000000000 ) ) ;
#249 = CARTESIAN_POINT ( 'NONE',  ( 6.204166659695373731, 7.316347482982742179, 3.569136145501583979 ) ) ;
#250 = CARTESIAN_POINT ( 'NONE',  ( 10.36249999302870606, 8.377792902285083443, 2.017792548752169512 ) ) ;
#251 = DIRECTION ( 'NONE',  ( 0.0000000000000000000, 0.7071067811865477948, 0.7071067811865473507 ) ) ;
#252 = CARTESIAN_POINT ( 'NONE',  ( 3.500000000000000000, 0.0000000000000000000, 0.0000000000000000000 ) ) ;
#253 = CARTESIAN_POINT ( 'NONE',  ( 8.195833326362039983, 7.098563155643788036, -2.756356187330898599 ) ) ;
#254 = CARTESIAN_POINT ( 'NONE',  ( 3.500000000000000000, 0.0000000000000000000, 2.029999999999999805 ) ) ;
#255 = EDGE_CURVE ( 'NONE', #3916, #600, #2938, .T. ) ;
#256 = LINE ( 'NONE', #4076, #3083 ) ;
#257 = LINE ( 'NONE', #825, #1248 ) ;
#258 = DIRECTION ( 'NONE',  ( -1.000000000000000000, -0.0000000000000000000, -0.0000000000000000000 ) ) ;
#259 = EDGE_LOOP ( 'NONE', ( #2651, #789, #1189, #3263 ) ) ;
#260 = CYLINDRICAL_SURFACE ( 'NONE', #3413, 3.200000000000000178 ) ;
#261 = CARTESIAN_POINT ( 'NONE',  ( 3.500000000000000000, 0.5000000000000000000, 2.029999999999999805 ) ) ;
#262 = CARTESIAN_POINT ( 'NONE',  ( 10.91249999302870677, 4.097258101978122902, -2.262741501572008040 ) ) ;
#263 = ADVANCED_FACE ( 'NONE', ( #1052 ), #1614, .T. ) ;
#264 = CARTESIAN_POINT ( 'NONE',  ( 9.104166659695371422, 7.316347482982743067, 3.569136145501582646 ) ) ;
#265 = CARTESIAN_POINT ( 'NONE',  ( 9.576641042433752915, 6.410000000000001030, 0.3430308468197011962 ) ) ;
#266 = ORIENTED_EDGE ( 'NONE', *, *, #3763, .T. ) ;
#267 = CARTESIAN_POINT ( 'NONE',  ( 11.10000000000000142, 6.136949664243542379, -2.983436285196603421 ) ) ;
#268 = CARTESIAN_POINT ( 'NONE',  ( 9.409999999999998366, 6.410000000000001030, 1.000000000000014433 ) ) ;
#269 = CARTESIAN_POINT ( 'NONE',  ( 7.120833326362040694, 9.929136313061015073, 0.9563468576424304368 ) ) ;
#270 = CARTESIAN_POINT ( 'NONE',  ( 10.15416665969537391, 5.507180168905804862, -3.182765824055378445 ) ) ;
#271 = CARTESIAN_POINT ( 'NONE',  ( 5.800000000000000711, 6.360000000000001208, 0.0000000000000000000 ) ) ;
#272 = B_SPLINE_CURVE_WITH_KNOTS ( 'NONE', 3,
 ( #3452, #3469, #2776, #2495 ),
 .UNSPECIFIED., .F., .F.,
 ( 4, 4 ),
 ( 0.0006323103045302465829, 0.0007318740140006145577 ),
 .UNSPECIFIED. ) ;
#273 = CARTESIAN_POINT ( 'NONE',  ( 10.72573492050548793, 6.360000000000002984, 3.199999999999999289 ) ) ;
#274 = CARTESIAN_POINT ( 'NONE',  ( 7.529166659695373021, 3.603643942071130368, 0.7385636385787283098 ) ) ;
#275 = LINE ( 'NONE', #1260, #1105 ) ;
#276 = DIRECTION ( 'NONE',  ( 0.0000000000000000000, -1.000000000000000000, 0.0000000000000000000 ) ) ;
#277 = CARTESIAN_POINT ( 'NONE',  ( 9.975734920505487935, 6.360000000000005649, -3.199999999999998845 ) ) ;
#278 = ORIENTED_EDGE ( 'NONE', *, *, #224, .F. ) ;
#279 = LINE ( 'NONE', #297, #1951 ) ;
#280 = CARTESIAN_POINT ( 'NONE',  ( 7.195833326362039983, 7.098563155643788036, -2.756356187330898599 ) ) ;
#281 = CARTESIAN_POINT ( 'NONE',  ( 10.14583332636204105, 5.531779326452235246, 3.090962716680367706 ) ) ;
#282 = CARTESIAN_POINT ( 'NONE',  ( 11.09999999999999609, 3.527888185181199621, -0.6783950574262418431 ) ) ;
#283 = ORIENTED_EDGE ( 'NONE', *, *, #3907, .F. ) ;
#284 =( BOUNDED_CURVE ( )  B_SPLINE_CURVE ( 2, ( #722, #3239, #1916, #2555, #3790 ),
 .UNSPECIFIED., .F., .F. ) 
 B_SPLINE_CURVE_WITH_KNOTS ( ( 3, 2, 3 ),
 ( 0.08771639632052137536, 0.1000000000000000056, 0.1124277831353658191 ),
 .UNSPECIFIED. ) 
 CURVE ( )  GEOMETRIC_REPRESENTATION_ITEM ( )  RATIONAL_B_SPLINE_CURVE ( ( 0.9480652003184345533, 0.9012585494181921675, 1.000000000000000000, 0.9000995663550881432, 0.9491840436463323538 ) ) 
 REPRESENTATION_ITEM ( '' )  );
#285 = CARTESIAN_POINT ( 'NONE',  ( -3.500000000000000000, 0.5000000000000000000, 2.029999999999999805 ) ) ;
#286 = CARTESIAN_POINT ( 'NONE',  ( 35.75096679918780751, 6.360000000000000320, 0.0000000000000000000 ) ) ;
#287 = PLANE ( 'NONE',  #2964 ) ;
#288 = CARTESIAN_POINT ( 'NONE',  ( 3.049999999999999822, -3.939999999999999947, -3.049999999999999822 ) ) ;
#289 = CARTESIAN_POINT ( 'NONE',  ( -3.049999999999999378, -3.939999999999999947, -3.049999999999999822 ) ) ;
#290 = CARTESIAN_POINT ( 'NONE',  ( 9.570833326362039983, 3.177234026524032195, -0.8528192734489608018 ) ) ;
#291 = DIRECTION ( 'NONE',  ( 0.0000000000000000000, 0.0000000000000000000, 1.000000000000000000 ) ) ;
#292 = AXIS2_PLACEMENT_3D ( 'NONE', #953, #2576, #632 ) ;
#293 = ORIENTED_EDGE ( 'NONE', *, *, #877, .T. ) ;
#294 = CARTESIAN_POINT ( 'NONE',  ( 35.75096679918780751, 6.360000000000000320, 3.200000000000000178 ) ) ;
#295 = DIRECTION ( 'NONE',  ( -0.0000000000000000000, 0.0000000000000000000, 1.000000000000000000 ) ) ;
#296 = ORIENTED_EDGE ( 'NONE', *, *, #1253, .F. ) ;
#297 = CARTESIAN_POINT ( 'NONE',  ( 35.75096679918780751, 6.360000000000000320, -3.200000000000000178 ) ) ;
#298 = CARTESIAN_POINT ( 'NONE',  ( 10.27916665969537391, 9.116356057928870271, -0.7385636385787300862 ) ) ;
#299 = CIRCLE ( 'NONE', #1235, 9.687104830649868603 ) ;
#300 = AXIS2_PLACEMENT_3D ( 'NONE', #624, #3857, #346 ) ;
#301 = UNCERTAINTY_MEASURE_WITH_UNIT (LENGTH_MEASURE( 1.000000000000000082E-05 ), #1525, 'distance_accuracy_value', 'NONE');
#302 = CARTESIAN_POINT ( 'NONE',  ( 9.437499993028705347, 8.972788830078272326, -2.612789287859152321 ) ) ;
#303 = AXIS2_PLACEMENT_3D ( 'NONE', #3968, #1162, #3032 ) ;
#304 = CARTESIAN_POINT ( 'NONE',  ( 3.500000000000000000, 0.0000000000000000000, 3.500000000000000000 ) ) ;
#305 = AXIS2_PLACEMENT_3D ( 'NONE', #4003, #3375, #537 ) ;
#306 = ORIENTED_EDGE ( 'NONE', *, *, #2697, .F. ) ;
#307 = CIRCLE ( 'NONE', #3420, 2.000000000000000000 ) ;
#308 = DIRECTION ( 'NONE',  ( 0.0000000000000000000, 0.0000000000000000000, -1.000000000000000000 ) ) ;
#309 = VERTEX_POINT ( 'NONE', #2556 ) ;
#310 = EDGE_CURVE ( 'NONE', #109, #336, #724, .T. ) ;
#311 = CARTESIAN_POINT ( 'NONE',  ( 3.500000000000000000, 0.0000000000000000000, 2.029999999999999805 ) ) ;
#312 = CARTESIAN_POINT ( 'NONE',  ( 6.954166659695373731, 5.403652517017258461, -3.569136145501583979 ) ) ;
#313 = CARTESIAN_POINT ( 'NONE',  ( 7.625734920505487402, 6.359999999999998543, 3.199999999999998401 ) ) ;
#314 = CARTESIAN_POINT ( 'NONE',  ( 9.529999999999999361, 6.310000000000000497, -0.4974937185533099271 ) ) ;
#315 = CARTESIAN_POINT ( 'NONE',  ( 7.945833326362040872, 5.621436844356212603, 2.756356187330898155 ) ) ;
#316 = CARTESIAN_POINT ( 'NONE',  ( 6.599999999999998757, 6.310000000000000497, -0.2958039891549806844 ) ) ;
#317 = ORIENTED_EDGE ( 'NONE', *, *, #1993, .T. ) ;
#318 = CYLINDRICAL_SURFACE ( 'NONE', #2217, 3.200000000000000178 ) ;
#319 = CARTESIAN_POINT ( 'NONE',  ( -2.029999999999999361, 0.5000000000000000000, -2.029999999999999805 ) ) ;
#320 = ORIENTED_EDGE ( 'NONE', *, *, #3626, .F. ) ;
#321 = PLANE ( 'NONE',  #2350 ) ;
#322 = CARTESIAN_POINT ( 'NONE',  ( 8.904166659695373909, 7.212819831094197554, 3.182765824055378889 ) ) ;
#323 = CARTESIAN_POINT ( 'NONE',  ( 10.77083332636204283, 2.790863686938986010, -0.9563468576424304368 ) ) ;
#324 = VERTEX_POINT ( 'NONE', #3830 ) ;
#325 = VERTEX_POINT ( 'NONE', #1147 ) ;
#326 = CARTESIAN_POINT ( 'NONE',  ( 9.145833326362041049, 5.531779326452235246, 3.090962716680367706 ) ) ;
#327 = CARTESIAN_POINT ( 'NONE',  ( 7.287499993028707657, 3.747211169921726981, 2.612789287859151433 ) ) ;
#328 = ADVANCED_FACE ( 'NONE', ( #1769 ), #3616, .T. ) ;
#329 = LINE ( 'NONE', #1607, #3084 ) ;
#330 = DIRECTION ( 'NONE',  ( 0.0000000000000000000, -0.0000000000000000000, 1.000000000000000000 ) ) ;
#331 = DIRECTION ( 'NONE',  ( 0.0000000000000000000, 0.0000000000000000000, -1.000000000000000000 ) ) ;
#332 = ADVANCED_FACE ( 'NONE', ( #2982, #2961 ), #2325, .T. ) ;
#333 = CARTESIAN_POINT ( 'NONE',  ( 5.800000000000001599, 9.160000000000003695, 0.0000000000000000000 ) ) ;
#334 = FACE_OUTER_BOUND ( 'NONE', #1347, .T. ) ;
#335 = DIRECTION ( 'NONE',  ( 0.0000000000000000000, 0.0000000000000000000, -1.000000000000000000 ) ) ;
#336 = VERTEX_POINT ( 'NONE', #2004 ) ;
#337 = LINE ( 'NONE', #1634, #642 ) ;
#338 = CARTESIAN_POINT ( 'NONE',  ( 9.904166659695372132, 7.212819831094197554, 3.182765824055378889 ) ) ;
#339 = CARTESIAN_POINT ( 'NONE',  ( 7.000000000000001776, 3.502713291247593563, -0.8643641564040835945 ) ) ;
#340 = CARTESIAN_POINT ( 'NONE',  ( 9.975734920505487935, 6.360000000000005649, -3.199999999999998845 ) ) ;
#341 = EDGE_LOOP ( 'NONE', ( #2137, #1935, #759, #2349 ) ) ;
#342 = CARTESIAN_POINT ( 'NONE',  ( 35.75096679918780751, 6.360000000000000320, 0.0000000000000000000 ) ) ;
#343 = VERTEX_POINT ( 'NONE', #3262 ) ;
#344 = FACE_BOUND ( 'NONE', #4109, .T. ) ;
#345 = CARTESIAN_POINT ( 'NONE',  ( 9.495833326362040694, 7.188220673547766282, -3.090962716680368594 ) ) ;
#346 = DIRECTION ( 'NONE',  ( 0.0000000000000000000, 0.0000000000000000000, 1.000000000000000000 ) ) ;
#347 = ADVANCED_FACE ( 'NONE', ( #2403 ), #3335, .F. ) ;
#348 = CARTESIAN_POINT ( 'NONE',  ( 10.91249999302870677, 4.097258101978122902, -2.262741501572007152 ) ) ;
#349 = CARTESIAN_POINT ( 'NONE',  ( 10.07083332636203998, 3.177234026524032195, -0.8528192734489608018 ) ) ;
#350 = ADVANCED_FACE ( 'NONE', ( #1069 ), #485, .T. ) ;
#351 = CARTESIAN_POINT ( 'NONE',  ( 7.579166659695373731, 9.450962571569643700, -0.8282212151083626628 ) ) ;
#352 = CARTESIAN_POINT ( 'NONE',  ( 0.0000000000000000000, -3.939999999999999947, 0.0000000000000000000 ) ) ;
#353 = ORIENTED_EDGE ( 'NONE', *, *, #617, .F. ) ;
#354 = CARTESIAN_POINT ( 'NONE',  ( 35.75096679918780751, 6.360000000000000320, 3.200000000000000178 ) ) ;
#355 = CARTESIAN_POINT ( 'NONE',  ( 8.320833326362038207, 9.542765973475969332, 0.8528192734489598026 ) ) ;
#356 = VECTOR ( 'NONE', #89, 1000.000000000000000 ) ;
#357 = VECTOR ( 'NONE', #819, 1000.000000000000000 ) ;
#358 = CARTESIAN_POINT ( 'NONE',  ( 10.85416665969537320, 5.403652517017258461, -3.569136145501582646 ) ) ;
#359 = ORIENTED_EDGE ( 'NONE', *, *, #3633, .T. ) ;
#360 = ORIENTED_EDGE ( 'NONE', *, *, #205, .F. ) ;
#361 = CONICAL_SURFACE ( 'NONE', #1032, 0.2999999999999999889, 0.7853981633974725929 ) ;
#362 = VECTOR ( 'NONE', #3360, 1000.000000000000000 ) ;
#363 = AXIS2_PLACEMENT_3D ( 'NONE', #2073, #1790, #1458 ) ;
#364 = LINE ( 'NONE', #2884, #3224 ) ;
#365 = ORIENTED_EDGE ( 'NONE', *, *, #2042, .T. ) ;
#366 = LINE ( 'NONE', #2912, #1041 ) ;
#367 = CARTESIAN_POINT ( 'NONE',  ( 9.662499993028706768, 8.622741898021878626, 2.262741501572008485 ) ) ;
#368 = AXIS2_PLACEMENT_3D ( 'NONE', #3216, #1065, #2654 ) ;
#369 = CIRCLE ( 'NONE', #2345, 9.687104830649868603 ) ;
#370 = VECTOR ( 'NONE', #3818, 1000.000000000000000 ) ;
#371 = CARTESIAN_POINT ( 'NONE',  ( 3.049999999999999822, -3.939999999999999947, 3.049999999999999822 ) ) ;
#372 = CYLINDRICAL_SURFACE ( 'NONE', #3156, 3.299999999999999822 ) ;
#373 = CARTESIAN_POINT ( 'NONE',  ( 10.61249999302870606, 4.342207097714918085, -2.017792548752169957 ) ) ;
#374 = VECTOR ( 'NONE', #999, 1000.000000000000000 ) ;
#375 = ADVANCED_FACE ( 'NONE', ( #2642 ), #3078, .T. ) ;
#376 = VERTEX_POINT ( 'NONE', #2057 ) ;
#377 = DIRECTION ( 'NONE',  ( -0.0000000000000000000, -1.000000000000000000, -0.0000000000000000000 ) ) ;
#378 = LINE ( 'NONE', #1594, #3403 ) ;
#379 = VERTEX_POINT ( 'NONE', #1731 ) ;
#380 = DIRECTION ( 'NONE',  ( -1.000000000000000000, -0.0000000000000000000, -0.0000000000000000000 ) ) ;
#381 = CARTESIAN_POINT ( 'NONE',  ( 10.15416665969537391, 5.507180168905804862, -3.182765824055378889 ) ) ;
#382 = EDGE_CURVE ( 'NONE', #1740, #2722, #3905, .T. ) ;
#383 = ADVANCED_FACE ( 'NONE', ( #3284 ), #909, .T. ) ;
#384 = CARTESIAN_POINT ( 'NONE',  ( 6.999999999999999112, 3.712942382353635828, 1.157519080764711994 ) ) ;
#385 = LINE ( 'NONE', #1386, #2097 ) ;
#386 = VERTEX_POINT ( 'NONE', #2999 ) ;
#387 = EDGE_CURVE ( 'NONE', #3929, #336, #3319, .T. ) ;
#388 = EDGE_CURVE ( 'NONE', #309, #744, #3640, .T. ) ;
#389 = VERTEX_POINT ( 'NONE', #784 ) ;
#390 = CARTESIAN_POINT ( 'NONE',  ( 6.999999999999998224, 7.698286859673646454, 2.755824337081875353 ) ) ;
#391 = CARTESIAN_POINT ( 'NONE',  ( 10.37083332636204247, 2.790863686938985566, -0.9563468576424313250 ) ) ;
#392 = CARTESIAN_POINT ( 'NONE',  ( 7.875734920505486514, 6.360000000000001208, -3.199999999999998401 ) ) ;
#393 = CARTESIAN_POINT ( 'NONE',  ( 10.57083332636204176, 3.177234026524032195, -0.8528192734489608018 ) ) ;
#394 = ORIENTED_EDGE ( 'NONE', *, *, #3316, .T. ) ;
#395 = CARTESIAN_POINT ( 'NONE',  ( 9.553301653727634957, 6.310000000000000497, -0.3194361793031190166 ) ) ;
#396 = DIRECTION ( 'NONE',  ( 0.0000000000000000000, -0.0000000000000000000, -1.000000000000000000 ) ) ;
#397 = ORIENTED_EDGE ( 'NONE', *, *, #2822, .F. ) ;
#398 = CARTESIAN_POINT ( 'NONE',  ( 0.0000000000000000000, -3.939999999999999947, 0.0000000000000000000 ) ) ;
#399 = CARTESIAN_POINT ( 'NONE',  ( 8.375734920505482961, 6.360000000000001208, -3.199999999999998401 ) ) ;
#400 = CARTESIAN_POINT ( 'NONE',  ( 10.93749999302870712, 8.972788830078272326, -2.612789287859152321 ) ) ;
#401 = CARTESIAN_POINT ( 'NONE',  ( 7.342393285699466254, 5.034516436191182720, -3.199999999999999289 ) ) ;
#402 = VERTEX_POINT ( 'NONE', #2341 ) ;
#403 = ORIENTED_EDGE ( 'NONE', *, *, #1637, .F. ) ;
#404 = EDGE_CURVE ( 'NONE', #1362, #3562, #2045, .T. ) ;
#405 = DIRECTION ( 'NONE',  ( 0.0000000000000000000, 0.0000000000000000000, 1.000000000000000000 ) ) ;
#406 = ADVANCED_FACE ( 'NONE', ( #1127, #2681 ), #3951, .F. ) ;
#407 = ORIENTED_EDGE ( 'NONE', *, *, #2461, .F. ) ;
#408 = CARTESIAN_POINT ( 'NONE',  ( 2.029999999999999805, 0.0000000000000000000, -3.049999999999999822 ) ) ;
#409 = CARTESIAN_POINT ( 'NONE',  ( 8.954166659695374619, 5.403652517017258461, -3.569136145501583979 ) ) ;
#410 = CARTESIAN_POINT ( 'NONE',  ( 5.800000000000001599, 6.360000000000001208, 0.0000000000000000000 ) ) ;
#411 = LINE ( 'NONE', #1977, #1828 ) ;
#412 = CARTESIAN_POINT ( 'NONE',  ( 7.529166659695373021, 3.603643942071131256, 0.7385636385787287539 ) ) ;
#413 = VERTEX_POINT ( 'NONE', #1440 ) ;
#414 = VERTEX_POINT ( 'NONE', #2704 ) ;
#415 = DIRECTION ( 'NONE',  ( 0.0000000000000000000, 0.0000000000000000000, -1.000000000000000000 ) ) ;
#416 = FACE_OUTER_BOUND ( 'NONE', #2715, .T. ) ;
#417 = CARTESIAN_POINT ( 'NONE',  ( 8.687499993028707124, 3.747211169921727869, 2.612789287859151433 ) ) ;
#418 = CARTESIAN_POINT ( 'NONE',  ( 11.59999999999999964, 6.360000000000001208, 2.629999999999998561 ) ) ;
#419 = CARTESIAN_POINT ( 'NONE',  ( 11.59999999999999964, 6.360000000000001208, 0.0000000000000000000 ) ) ;
#420 = VERTEX_POINT ( 'NONE', #2365 ) ;
#421 = ORIENTED_EDGE ( 'NONE', *, *, #1297, .F. ) ;
#422 = CIRCLE ( 'NONE', #2745, 3.199999999999999734 ) ;
#423 = EDGE_CURVE ( 'NONE', #2728, #3737, #422, .T. ) ;
#424 = AXIS2_PLACEMENT_3D ( 'NONE', #2985, #2369, #2662 ) ;
#425 = ORIENTED_EDGE ( 'NONE', *, *, #2636, .F. ) ;
#426 = CARTESIAN_POINT ( 'NONE',  ( 9.599999999999999645, 6.360000000000001208, 0.0000000000000000000 ) ) ;
#427 = CARTESIAN_POINT ( 'NONE',  ( 10.03749999302870677, 8.972788830078274103, -2.612789287859152321 ) ) ;
#428 = AXIS2_PLACEMENT_3D ( 'NONE', #3711, #547, #3022 ) ;
#429 = ADVANCED_FACE ( 'NONE', ( #189 ), #1956, .T. ) ;
#430 = CIRCLE ( 'NONE', #3280, 3.199999999999999734 ) ;
#431 = ADVANCED_FACE ( 'NONE', ( #2805 ), #3115, .T. ) ;
#432 = AXIS2_PLACEMENT_3D ( 'NONE', #1023, #2594, #61 ) ;
#433 = DIRECTION ( 'NONE',  ( 1.000000000000000000, 0.0000000000000000000, 0.0000000000000000000 ) ) ;
#434 = VECTOR ( 'NONE', #2006, 1000.000000000000000 ) ;
#435 = CARTESIAN_POINT ( 'NONE',  ( 9.736332128962766674, 5.938712150315941685, 3.199999999999998401 ) ) ;
#436 = EDGE_CURVE ( 'NONE', #54, #3012, #1480, .T. ) ;
#437 = CIRCLE ( 'NONE', #576, 0.4350000000000013856 ) ;
#438 = ORIENTED_EDGE ( 'NONE', *, *, #1986, .F. ) ;
#439 = ORIENTED_EDGE ( 'NONE', *, *, #2255, .F. ) ;
#440 = DIRECTION ( 'NONE',  ( 0.0000000000000000000, 1.000000000000000000, 0.0000000000000000000 ) ) ;
#441 = CARTESIAN_POINT ( 'NONE',  ( 10.32916665969537284, 3.269037428430357384, 0.8282212151083604423 ) ) ;
#442 =( BOUNDED_CURVE ( )  B_SPLINE_CURVE ( 2, ( #193, #1113, #787, #3324, #133, #458, #807, #3340, #3662 ),
 .UNSPECIFIED., .F., .F. ) 
 B_SPLINE_CURVE_WITH_KNOTS ( ( 3, 2, 2, 2, 3 ),
 ( 0.4624277831353658108, 0.4666666666666666741, 0.4833333333333333370, 0.5000000000000000000, 0.5124277831353658552 ),
 .UNSPECIFIED. ) 
 CURVE ( )  GEOMETRIC_REPRESENTATION_ITEM ( )  RATIONAL_B_SPLINE_CURVE ( ( 0.9491840436463323538, 0.9659258374293504534, 1.000000000000000000, 0.8660254037844387076, 1.000000000000000000, 0.8660254037844387076, 1.000000000000000000, 0.9000995663550881432, 0.9491840436463323538 ) ) 
 REPRESENTATION_ITEM ( '' )  );
#443 = CARTESIAN_POINT ( 'NONE',  ( 8.625734920505484737, 6.359999999999998543, 3.199999999999998401 ) ) ;
#444 = LINE ( 'NONE', #2348, #1646 ) ;
#445 = EDGE_LOOP ( 'NONE', ( #1980, #1642, #2409, #3520, #1995, #1491 ) ) ;
#446 = ORIENTED_EDGE ( 'NONE', *, *, #475, .T. ) ;
#447 = CARTESIAN_POINT ( 'NONE',  ( 11.27916665969537391, 9.116356057928870271, -0.7385636385787305302 ) ) ;
#448 = ORIENTED_EDGE ( 'NONE', *, *, #3877, .T. ) ;
#449 = CARTESIAN_POINT ( 'NONE',  ( 6.529166659695373021, 3.603643942071130368, 0.7385636385787283098 ) ) ;
#450 = DIRECTION ( 'NONE',  ( 1.000000000000000000, 0.0000000000000000000, 0.0000000000000000000 ) ) ;
#451 = CARTESIAN_POINT ( 'NONE',  ( 9.599999999999999645, 6.360000000000001208, -2.299999999999998934 ) ) ;
#452 = CARTESIAN_POINT ( 'NONE',  ( 7.779166659695373909, 9.116356057928870271, -0.7385636385787305302 ) ) ;
#453 = ORIENTED_EDGE ( 'NONE', *, *, #107, .T. ) ;
#454 = EDGE_LOOP ( 'NONE', ( #2402, #3813, #802, #2165 ) ) ;
#455 = DIRECTION ( 'NONE',  ( 0.0000000000000000000, 0.0000000000000000000, 1.000000000000000000 ) ) ;
#456 = DIRECTION ( 'NONE',  ( -1.224646799147353207E-16, 0.0000000000000000000, -1.000000000000000000 ) ) ;
#457 = FACE_OUTER_BOUND ( 'NONE', #492, .T. ) ;
#458 = CARTESIAN_POINT ( 'NONE',  ( 8.620833326362038918, 9.929136313061015073, 0.9563468576424295486 ) ) ;
#459 = LINE ( 'NONE', #150, #2904 ) ;
#460 = EDGE_LOOP ( 'NONE', ( #3058, #1716, #127, #66 ) ) ;
#461 = CARTESIAN_POINT ( 'NONE',  ( 8.437499993028707124, 8.972788830078272326, -2.612789287859152321 ) ) ;
#462 = VERTEX_POINT ( 'NONE', #4095 ) ;
#463 = CARTESIAN_POINT ( 'NONE',  ( 9.812499993028707124, 4.097258101978122902, -2.262741501572007152 ) ) ;
#464 = ORIENTED_EDGE ( 'NONE', *, *, #72, .T. ) ;
#465 = VERTEX_POINT ( 'NONE', #1255 ) ;
#466 = FACE_OUTER_BOUND ( 'NONE', #3317, .T. ) ;
#467 = CARTESIAN_POINT ( 'NONE',  ( 6.695833326362039983, 7.098563155643787148, -2.756356187330897711 ) ) ;
#468 = ORIENTED_EDGE ( 'NONE', *, *, #477, .T. ) ;
#469 = EDGE_LOOP ( 'NONE', ( #2018, #2621, #2620, #4027, #631, #1390 ) ) ;
#470 = EDGE_CURVE ( 'NONE', #3715, #570, #1789, .T. ) ;
#471 = CARTESIAN_POINT ( 'NONE',  ( -3.500000000000000000, 1.700000000000000178, 3.500000000000000000 ) ) ;
#472 = CYLINDRICAL_SURFACE ( 'NONE', #1826, 2.299999999999998934 ) ;
#473 = CARTESIAN_POINT ( 'NONE',  ( 3.500000000000000000, 0.0000000000000000000, -2.029999999999999805 ) ) ;
#474 = CARTESIAN_POINT ( 'NONE',  ( 35.75096679918780751, 6.360000000000000320, 0.0000000000000000000 ) ) ;
#475 = EDGE_CURVE ( 'NONE', #3268, #4007, #863, .T. ) ;
#476 = CARTESIAN_POINT ( 'NONE',  ( 7.397501560549919475, 6.410000000000001030, 1.000000000000014433 ) ) ;
#477 = EDGE_CURVE ( 'NONE', #801, #4086, #1870, .T. ) ;
#478 = DIRECTION ( 'NONE',  ( -0.0000000000000000000, -1.000000000000000000, -0.0000000000000000000 ) ) ;
#479 = ORIENTED_EDGE ( 'NONE', *, *, #2853, .T. ) ;
#480 = CARTESIAN_POINT ( 'NONE',  ( 11.07083332636203998, 3.177234026524031307, -0.8528192734489599136 ) ) ;
#481 = ORIENTED_EDGE ( 'NONE', *, *, #591, .F. ) ;
#482 = CARTESIAN_POINT ( 'NONE',  ( 11.09999999999999787, 7.034359471643394812, 3.129696173989115593 ) ) ;
#483 = VERTEX_POINT ( 'NONE', #3135 ) ;
#484 = VECTOR ( 'NONE', #1322, 1000.000000000000000 ) ;
#485 = CONICAL_SURFACE ( 'NONE', #2542, 2.800000000000000266, 0.7853981633974537191 ) ;
#486 = CARTESIAN_POINT ( 'NONE',  ( 3.500000000000000000, 0.0000000000000000000, -3.500000000000000000 ) ) ;
#487 = CARTESIAN_POINT ( 'NONE',  ( 8.570833326362039983, 3.177234026524031307, -0.8528192734489599136 ) ) ;
#488 = AXIS2_PLACEMENT_3D ( 'NONE', #2508, #2197, #3116 ) ;
#489 = VECTOR ( 'NONE', #2742, 1000.000000000000000 ) ;
#490 = AXIS2_PLACEMENT_3D ( 'NONE', #2505, #2486, #555 ) ;
#491 = AXIS2_PLACEMENT_3D ( 'NONE', #3210, #2215, #3484 ) ;
#492 = EDGE_LOOP ( 'NONE', ( #283, #3105, #3047, #359 ) ) ;
#493 = DIRECTION ( 'NONE',  ( 0.0000000000000000000, 0.0000000000000000000, -1.000000000000000000 ) ) ;
#494 = DIRECTION ( 'NONE',  ( -0.0000000000000000000, 1.000000000000000000, -0.0000000000000000000 ) ) ;
#495 = CARTESIAN_POINT ( 'NONE',  ( 9.530000000000006466, 6.360000000000001208, 0.0000000000000000000 ) ) ;
#496 = AXIS2_PLACEMENT_3D ( 'NONE', #647, #1906, #3838 ) ;
#497 = CIRCLE ( 'NONE', #919, 0.5000000000000001110 ) ;
#498 = EDGE_CURVE ( 'NONE', #2838, #1730, #1169, .T. ) ;
#499 = LINE ( 'NONE', #2347, #2889 ) ;
#500 = AXIS2_PLACEMENT_3D ( 'NONE', #342, #944, #2523 ) ;
#501 =( NAMED_UNIT ( * ) SI_UNIT ( $, .STERADIAN. ) SOLID_ANGLE_UNIT ( ) );
#502 = EDGE_LOOP ( 'NONE', ( #1464, #2056, #2324, #3475 ) ) ;
#503 = VERTEX_POINT ( 'NONE', #3744 ) ;
#504 = CARTESIAN_POINT ( 'NONE',  ( 0.0000000000000000000, 0.0000000000000000000, 0.0000000000000000000 ) ) ;
#505 = CARTESIAN_POINT ( 'NONE',  ( 6.999999999999998224, 4.956088916978352188, 2.575773623281977454 ) ) ;
#506 = EDGE_CURVE ( 'NONE', #1431, #3268, #3053, .T. ) ;
#507 = CIRCLE ( 'NONE', #650, 2.370000000000000551 ) ;
#508 = CARTESIAN_POINT ( 'NONE',  ( 7.645833326362041049, 5.531779326452235246, 3.090962716680367706 ) ) ;
#509 = ORIENTED_EDGE ( 'NONE', *, *, #236, .F. ) ;
#510 = CARTESIAN_POINT ( 'NONE',  ( 11.09999999999999787, 6.084150861917482445, 3.147160341183065757 ) ) ;
#511 = VERTEX_POINT ( 'NONE', #288 ) ;
#512 = EDGE_CURVE ( 'NONE', #92, #225, #586, .T. ) ;
#513 = EDGE_CURVE ( 'NONE', #699, #2630, #561, .T. ) ;
#514 = CARTESIAN_POINT ( 'NONE',  ( 11.09999999999999254, 9.332822128011370566, -1.064225054182544428 ) ) ;
#515 = CARTESIAN_POINT ( 'NONE',  ( 0.0000000000000000000, 1.699999999999999956, 0.0000000000000000000 ) ) ;
#516 = CARTESIAN_POINT ( 'NONE',  ( 10.22916665969537497, 3.269037428430357384, 0.8282212151083604423 ) ) ;
#517 = CARTESIAN_POINT ( 'NONE',  ( 10.11249999302870606, 4.342207097714918085, -2.017792548752169068 ) ) ;
#518 = ORIENTED_EDGE ( 'NONE', *, *, #236, .T. ) ;
#519 = DIRECTION ( 'NONE',  ( 1.000000000000000000, -0.0000000000000000000, -0.0000000000000000000 ) ) ;
#520 = DIRECTION ( 'NONE',  ( 0.0000000000000000000, 0.0000000000000000000, 1.000000000000000000 ) ) ;
#521 = CARTESIAN_POINT ( 'NONE',  ( 7.015547792411511274, 3.743017223231747792, 1.258711622819818299 ) ) ;
#522 = CARTESIAN_POINT ( 'NONE',  ( -3.049999999999999822, -3.939999999999999947, 3.049999999999999822 ) ) ;
#523 = DIRECTION ( 'NONE',  ( 0.0000000000000000000, 0.0000000000000000000, 1.000000000000000000 ) ) ;
#524 = ORIENTED_EDGE ( 'NONE', *, *, #3131, .T. ) ;
#525 = CARTESIAN_POINT ( 'NONE',  ( 7.000000000000002665, 8.715788223532509704, 2.023181302704146312 ) ) ;
#526 = CARTESIAN_POINT ( 'NONE',  ( 7.029166659695373909, 3.603643942071130368, 0.7385636385787283098 ) ) ;
#527 = B_SPLINE_CURVE_WITH_KNOTS ( 'NONE', 3,
 ( #2294, #3498, #2251, #2860, #3850, #3811, #13, #1659, #2269, #1286, #52, #662, #3227, #3168, #2538, #339, #2626, #1618, #979, #1921, #3185, #1966, #2602, #2880, #384, #31, #3558, #1057 ),
 .UNSPECIFIED., .F., .F.,
 ( 4, 2, 2, 2, 2, 2, 2, 2, 2, 2, 2, 2, 2, 4 ),
 ( 5.164263338701470771E-17, 0.0009538146152156344983, 0.001430721922823427299, 0.001907629230431219991, 0.002861443845646807760, 0.003815258460862395746, 0.004292165768470189956, 0.004769073076077984599, 0.005245980383685777508, 0.005722887691293572152, 0.006199794998901365928, 0.006676702306509160571, 0.007153609614116953480, 0.007630516921724748991 ),
 .UNSPECIFIED. ) ;
#528 = EDGE_CURVE ( 'NONE', #26, #93, #2342, .T. ) ;
#529 = CARTESIAN_POINT ( 'NONE',  ( 6.812499993028707124, 4.097258101978122902, -2.262741501572007152 ) ) ;
#530 = EDGE_LOOP ( 'NONE', ( #2698, #2381, #1155, #695 ) ) ;
#531 = LINE ( 'NONE', #2148, #1172 ) ;
#532 = ORIENTED_EDGE ( 'NONE', *, *, #3632, .F. ) ;
#533 = EDGE_CURVE ( 'NONE', #1510, #760, #2120, .T. ) ;
#534 = EDGE_CURVE ( 'NONE', #3171, #3854, #839, .T. ) ;
#535 = ADVANCED_FACE ( 'NONE', ( #2451 ), #1810, .F. ) ;
#536 = LINE ( 'NONE', #1160, #3764 ) ;
#537 = DIRECTION ( 'NONE',  ( 0.0000000000000000000, 0.0000000000000000000, -1.000000000000000000 ) ) ;
#538 = CARTESIAN_POINT ( 'NONE',  ( 9.599999999999999645, 6.360000000000001208, 0.0000000000000000000 ) ) ;
#539 = CARTESIAN_POINT ( 'NONE',  ( 9.445833326362039983, 5.621436844356212603, 2.756356187330897711 ) ) ;
#540 = ADVANCED_FACE ( 'NONE', ( #910 ), #3768, .F. ) ;
#541 = ORIENTED_EDGE ( 'NONE', *, *, #1350, .F. ) ;
#542 = CARTESIAN_POINT ( 'NONE',  ( 3.049999999999999822, -3.939999999999999947, -2.029999999999999805 ) ) ;
#543 = DIRECTION ( 'NONE',  ( 1.000000000000000000, -0.0000000000000000000, -0.0000000000000000000 ) ) ;
#544 = CARTESIAN_POINT ( 'NONE',  ( 9.987499993028706058, 4.030053857618227653, 2.329946550606416977 ) ) ;
#545 = DIRECTION ( 'NONE',  ( 0.0000000000000000000, 0.0000000000000000000, -1.000000000000000000 ) ) ;
#546 = CARTESIAN_POINT ( 'NONE',  ( 35.75096679918780751, 6.360000000000000320, 3.200000000000000178 ) ) ;
#547 = DIRECTION ( 'NONE',  ( -1.000000000000000000, -0.0000000000000000000, -0.0000000000000000000 ) ) ;
#548 = DIRECTION ( 'NONE',  ( 1.000000000000000000, 0.0000000000000000000, 0.0000000000000000000 ) ) ;
#549 = CARTESIAN_POINT ( 'NONE',  ( 7.695833326362039983, 7.098563155643788036, -2.756356187330898599 ) ) ;
#550 =( BOUNDED_CURVE ( )  B_SPLINE_CURVE ( 2, ( #3374, #2717, #601, #1221, #925, #1867, #3066, #1496, #1141 ),
 .UNSPECIFIED., .F., .F. ) 
 B_SPLINE_CURVE_WITH_KNOTS ( ( 3, 2, 2, 2, 3 ),
 ( 0.4124277831353658219, 0.4166666666666666852, 0.4333333333333333481, 0.4500000000000000111, 0.4624277831353658108 ),
 .UNSPECIFIED. ) 
 CURVE ( )  GEOMETRIC_REPRESENTATION_ITEM ( )  RATIONAL_B_SPLINE_CURVE ( ( 0.9491840436463323538, 0.9659258374293504534, 1.000000000000000000, 0.8660254037844387076, 1.000000000000000000, 0.8660254037844387076, 1.000000000000000000, 0.9000995663550882542, 0.9491840436463323538 ) ) 
 REPRESENTATION_ITEM ( '' )  );
#551 = CARTESIAN_POINT ( 'NONE',  ( 7.725734920505487935, 6.359999999999998543, 3.199999999999998401 ) ) ;
#552 = EDGE_CURVE ( 'NONE', #376, #2864, #2176, .T. ) ;
#553 = CARTESIAN_POINT ( 'NONE',  ( -3.500000000000000000, 0.5000000000000004441, 3.500000000000000000 ) ) ;
#554 = DIRECTION ( 'NONE',  ( 1.000000000000000000, -0.0000000000000000000, -0.0000000000000000000 ) ) ;
#555 = DIRECTION ( 'NONE',  ( 0.0000000000000000000, -0.0000000000000000000, -1.000000000000000000 ) ) ;
#556 = CARTESIAN_POINT ( 'NONE',  ( 9.654166659695373909, 5.507180168905804862, -3.182765824055378445 ) ) ;
#557 = ADVANCED_FACE ( 'NONE', ( #1519 ), #1430, .T. ) ;
#558 = EDGE_CURVE ( 'NONE', #2051, #379, #2099, .T. ) ;
#559 = ORIENTED_EDGE ( 'NONE', *, *, #3127, .T. ) ;
#560 = VECTOR ( 'NONE', #2646, 1000.000000000000000 ) ;
#561 = LINE ( 'NONE', #1503, #489 ) ;
#562 = AXIS2_PLACEMENT_3D ( 'NONE', #2933, #1293, #989 ) ;
#563 = DIRECTION ( 'NONE',  ( 0.0000000000000000000, 0.0000000000000000000, -1.000000000000000000 ) ) ;
#564 = CARTESIAN_POINT ( 'NONE',  ( 9.779166659695373909, 9.116356057928870271, -0.7385636385787300862 ) ) ;
#565 = CARTESIAN_POINT ( 'NONE',  ( 9.625734920505488290, 6.359999999999996767, 3.199999999999999289 ) ) ;
#566 = AXIS2_PLACEMENT_3D ( 'NONE', #1912, #3136, #2852 ) ;
#567 = VECTOR ( 'NONE', #2145, 1000.000000000000000 ) ;
#568 = LINE ( 'NONE', #934, #4008 ) ;
#569 = CARTESIAN_POINT ( 'NONE',  ( 2.029999999999999805, 0.5000000000000000000, 3.500000000000000000 ) ) ;
#570 = VERTEX_POINT ( 'NONE', #2891 ) ;
#571 = CARTESIAN_POINT ( 'NONE',  ( 9.399999999999998579, 6.360000000000001208, 0.0000000000000000000 ) ) ;
#572 = CARTESIAN_POINT ( 'NONE',  ( -3.049999999999999822, 0.0000000000000000000, 2.029999999999999805 ) ) ;
#573 = VECTOR ( 'NONE', #1256, 1000.000000000000000 ) ;
#574 = AXIS2_PLACEMENT_3D ( 'NONE', #3242, #1656, #2290 ) ;
#575 = CARTESIAN_POINT ( 'NONE',  ( 7.070833326362040872, 3.177234026524031307, -0.8528192734489608018 ) ) ;
#576 = AXIS2_PLACEMENT_3D ( 'NONE', #1473, #2735, #4002 ) ;
#577 = CARTESIAN_POINT ( 'NONE',  ( 9.145833326362041049, 5.531779326452235246, 3.090962716680367706 ) ) ;
#578 = CARTESIAN_POINT ( 'NONE',  ( 9.599999999999999645, 6.360000000000001208, 0.0000000000000000000 ) ) ;
#579 = ORIENTED_EDGE ( 'NONE', *, *, #930, .T. ) ;
#580 = CIRCLE ( 'NONE', #4028, 0.5000000000000001110 ) ;
#581 =( BOUNDED_CURVE ( )  B_SPLINE_CURVE ( 2, ( #2307, #3196, #740, #991, #1651, #672, #3859, #2281, #3508 ),
 .UNSPECIFIED., .F., .F. ) 
 B_SPLINE_CURVE_WITH_KNOTS ( ( 3, 2, 2, 2, 3 ),
 ( 0.7624277831353658552, 0.7666666666666667185, 0.7833333333333333259, 0.8000000000000000444, 0.8124277831353657886 ),
 .UNSPECIFIED. ) 
 CURVE ( )  GEOMETRIC_REPRESENTATION_ITEM ( )  RATIONAL_B_SPLINE_CURVE ( ( 0.9491840436463323538, 0.9659258374293505645, 1.000000000000000000, 0.8660254037844387076, 1.000000000000000000, 0.8660254037844387076, 1.000000000000000000, 0.9000995663550883652, 0.9491840436463321318 ) ) 
 REPRESENTATION_ITEM ( '' )  );
#582 = CARTESIAN_POINT ( 'NONE',  ( 11.09999999999999787, 8.745430476247195273, -2.011900877825196332 ) ) ;
#583 = CARTESIAN_POINT ( 'NONE',  ( -3.049999999999999822, 0.0000000000000000000, 3.049999999999999822 ) ) ;
#584 = CARTESIAN_POINT ( 'NONE',  ( 6.537499993028707657, 8.972788830078274103, -2.612789287859152321 ) ) ;
#585 = CARTESIAN_POINT ( 'NONE',  ( 8.654166659695372132, 5.507180168905804862, -3.182765824055378445 ) ) ;
#586 = LINE ( 'NONE', #2430, #1697 ) ;
#587 = CARTESIAN_POINT ( 'NONE',  ( 0.0000000000000000000, 0.6999999999999999556, 0.0000000000000000000 ) ) ;
#588 = CARTESIAN_POINT ( 'NONE',  ( 7.362499993028706946, 8.377792902285083443, 2.017792548752170401 ) ) ;
#589 = DIRECTION ( 'NONE',  ( 1.000000000000000000, 0.0000000000000000000, 0.0000000000000000000 ) ) ;
#590 = EDGE_CURVE ( 'NONE', #3342, #1819, #3975, .T. ) ;
#591 = EDGE_CURVE ( 'NONE', #754, #2316, #2867, .T. ) ;
#592 = CARTESIAN_POINT ( 'NONE',  ( -3.500000000000000000, 9.860000000000001208, 3.500000000000000000 ) ) ;
#593 = SURFACE_STYLE_FILL_AREA ( #3995 ) ;
#594 = CARTESIAN_POINT ( 'NONE',  ( 9.409999999999998366, 6.310000000000000497, 0.2958039891549806844 ) ) ;
#595 = VERTEX_POINT ( 'NONE', #1318 ) ;
#596 = LINE ( 'NONE', #2795, #907 ) ;
#597 = CARTESIAN_POINT ( 'NONE',  ( 6.362499993028706946, 8.377792902285083443, 2.017792548752170401 ) ) ;
#598 = CARTESIAN_POINT ( 'NONE',  ( 9.312499993028707124, 4.097258101978122902, -2.262741501572007152 ) ) ;
#599 = CARTESIAN_POINT ( 'NONE',  ( 8.125734920505486514, 6.359999999999998543, 3.199999999999998401 ) ) ;
#600 = VERTEX_POINT ( 'NONE', #3784 ) ;
#601 = CARTESIAN_POINT ( 'NONE',  ( 8.245833326362040694, 5.531779326452235246, 3.090962716680367706 ) ) ;
#602 = DIRECTION ( 'NONE',  ( 0.0000000000000000000, 0.0000000000000000000, -1.000000000000000000 ) ) ;
#603 = CARTESIAN_POINT ( 'NONE',  ( 6.162499993028706768, 8.622741898021878626, 2.262741501572008485 ) ) ;
#604 = CARTESIAN_POINT ( 'NONE',  ( 10.48749999302870783, 4.030053857618228541, 2.329946550606417421 ) ) ;
#605 = DIRECTION ( 'NONE',  ( 0.0000000000000000000, 0.0000000000000000000, 1.000000000000000000 ) ) ;
#606 = CARTESIAN_POINT ( 'NONE',  ( 9.409999999999998366, 6.410000000000001030, 0.2958039891549808509 ) ) ;
#607 = CARTESIAN_POINT ( 'NONE',  ( 8.112499993028706058, 4.342207097714918085, -2.017792548752169957 ) ) ;
#608 = CARTESIAN_POINT ( 'NONE',  ( 7.000000000000000888, 7.362459203995130430, -3.038926709271785320 ) ) ;
#609 = EDGE_CURVE ( 'NONE', #2936, #1051, #1351, .T. ) ;
#610 = ORIENTED_EDGE ( 'NONE', *, *, #1124, .T. ) ;
#611 = DIRECTION ( 'NONE',  ( 0.0000000000000000000, -0.0000000000000000000, -1.000000000000000000 ) ) ;
#612 = CARTESIAN_POINT ( 'NONE',  ( 3.500000000000000000, 9.860000000000001208, 3.500000000000000000 ) ) ;
#613 = ORIENTED_EDGE ( 'NONE', *, *, #2207, .F. ) ;
#614 = LINE ( 'NONE', #2458, #3215 ) ;
#615 = CARTESIAN_POINT ( 'NONE',  ( 8.445833326362039983, 5.621436844356212603, 2.756356187330898155 ) ) ;
#616 = EDGE_CURVE ( 'NONE', #2201, #2049, #2196, .T. ) ;
#617 = EDGE_CURVE ( 'NONE', #343, #742, #1928, .T. ) ;
#618 = CARTESIAN_POINT ( 'NONE',  ( 8.770833326362039273, 2.790863686938985566, -0.9563468576424304368 ) ) ;
#619 = CARTESIAN_POINT ( 'NONE',  ( 3.500000000000003109, 6.360000000000001208, 0.0000000000000000000 ) ) ;
#620 = ORIENTED_EDGE ( 'NONE', *, *, #2739, .F. ) ;
#621 = CARTESIAN_POINT ( 'NONE',  ( 11.52999999999999936, 6.360000000000001208, 0.0000000000000000000 ) ) ;
#622 = DIRECTION ( 'NONE',  ( 0.0000000000000000000, 0.0000000000000000000, -1.000000000000000000 ) ) ;
#623 = CARTESIAN_POINT ( 'NONE',  ( 6.620833326362039806, 9.929136313061015073, 0.9563468576424304368 ) ) ;
#624 = CARTESIAN_POINT ( 'NONE',  ( 3.500000000000000000, 9.860000000000001208, 3.500000000000000000 ) ) ;
#625 = LINE ( 'NONE', #3195, #1241 ) ;
#626 = CARTESIAN_POINT ( 'NONE',  ( 9.737499993028706058, 8.689946142381772987, -2.329946550606417421 ) ) ;
#627 = VECTOR ( 'NONE', #3677, 1000.000000000000000 ) ;
#628 = PLANE ( 'NONE',  #3486 ) ;
#629 = VECTOR ( 'NONE', #3404, 1000.000000000000000 ) ;
#630 = AXIS2_PLACEMENT_3D ( 'NONE', #757, #1046, #103 ) ;
#631 = ORIENTED_EDGE ( 'NONE', *, *, #1402, .T. ) ;
#632 = DIRECTION ( 'NONE',  ( 0.0000000000000000000, 0.0000000000000000000, -1.000000000000000000 ) ) ;
#633 = PRODUCT_CONTEXT ( 'NONE', #943, 'mechanical' ) ;
#634 = CYLINDRICAL_SURFACE ( 'NONE', #2885, 2.299999999999998934 ) ;
#635 = ORIENTED_EDGE ( 'NONE', *, *, #978, .F. ) ;
#636 = FACE_OUTER_BOUND ( 'NONE', #3564, .T. ) ;
#637 = CARTESIAN_POINT ( 'NONE',  ( 8.404166659695372132, 7.212819831094197554, 3.182765824055378889 ) ) ;
#638 = AXIS2_PLACEMENT_3D ( 'NONE', #2528, #1627, #3464 ) ;
#639 = CARTESIAN_POINT ( 'NONE',  ( 11.10416665969537320, 7.316347482982743067, 3.569136145501582646 ) ) ;
#640 = AXIS2_PLACEMENT_3D ( 'NONE', #587, #4073, #1232 ) ;
#641 = CARTESIAN_POINT ( 'NONE',  ( 11.10000000000001208, 3.424330234345383417, 0.4152617419683383160 ) ) ;
#642 = VECTOR ( 'NONE', #2600, 1000.000000000000000 ) ;
#643 = EDGE_LOOP ( 'NONE', ( #1084, #2688, #446, #3187, #1438, #2364, #293, #2244 ) ) ;
#644 = EDGE_CURVE ( 'NONE', #5, #2396, #965, .T. ) ;
#645 = AXIS2_PLACEMENT_3D ( 'NONE', #3736, #1800, #2782 ) ;
#646 = ADVANCED_FACE ( 'NONE', ( #2259 ), #3235, .F. ) ;
#647 = CARTESIAN_POINT ( 'NONE',  ( 9.409999999999998366, 6.360000000000001208, 0.0000000000000000000 ) ) ;
#648 = EDGE_CURVE ( 'NONE', #2798, #754, #691, .T. ) ;
#649 = ORIENTED_EDGE ( 'NONE', *, *, #3932, .T. ) ;
#650 = AXIS2_PLACEMENT_3D ( 'NONE', #893, #1114, #1794 ) ;
#651 = CARTESIAN_POINT ( 'NONE',  ( 9.529999999999999361, 6.310000000000000497, 0.4974937185533100381 ) ) ;
#652 = CARTESIAN_POINT ( 'NONE',  ( 7.787499993028706768, 3.747211169921726981, 2.612789287859151433 ) ) ;
#653 = CARTESIAN_POINT ( 'NONE',  ( 7.636332128962767030, 5.938712150315943461, 3.199999999999998845 ) ) ;
#654 = CARTESIAN_POINT ( 'NONE',  ( 9.530000000000010019, 6.310000000000000497, 0.2958039891549855693 ) ) ;
#655 = CARTESIAN_POINT ( 'NONE',  ( 10.86249999302870606, 8.377792902285083443, 2.017792548752170401 ) ) ;
#656 = CARTESIAN_POINT ( 'NONE',  ( 7.225734920505486159, 6.359999999999998543, 3.199999999999998401 ) ) ;
#657 = CARTESIAN_POINT ( 'NONE',  ( 3.049999999999999822, 0.0000000000000000000, -3.049999999999999822 ) ) ;
#658 = DIRECTION ( 'NONE',  ( -1.000000000000000000, 0.0000000000000000000, 0.0000000000000000000 ) ) ;
#659 = VERTEX_POINT ( 'NONE', #3842 ) ;
#660 = LINE ( 'NONE', #3891, #356 ) ;
#661 = CARTESIAN_POINT ( 'NONE',  ( 8.362499993028706058, 8.377792902285083443, 2.017792548752170401 ) ) ;
#662 = CARTESIAN_POINT ( 'NONE',  ( 7.000000000000001776, 3.878382042117769046, -1.738483177216446851 ) ) ;
#663 = CARTESIAN_POINT ( 'NONE',  ( 7.937499993028707124, 8.972788830078272326, -2.612789287859152321 ) ) ;
#664 = ORIENTED_EDGE ( 'NONE', *, *, #877, .F. ) ;
#665 = ADVANCED_FACE ( 'NONE', ( #3175 ), #1007, .T. ) ;
#666 = EDGE_CURVE ( 'NONE', #3854, #3171, #2890, .T. ) ;
#667 = ORIENTED_EDGE ( 'NONE', *, *, #2781, .T. ) ;
#668 = DIRECTION ( 'NONE',  ( 0.0000000000000000000, 0.0000000000000000000, -1.000000000000000000 ) ) ;
#669 = CARTESIAN_POINT ( 'NONE',  ( 9.787499993028704992, 3.747211169921726981, 2.612789287859151433 ) ) ;
#670 = ADVANCED_FACE ( 'NONE', ( #2549 ), #1626, .F. ) ;
#671 = CARTESIAN_POINT ( 'NONE',  ( 2.029999999999999805, 0.0000000000000000000, 3.049999999999999822 ) ) ;
#672 = CARTESIAN_POINT ( 'NONE',  ( 10.52083332636203927, 9.929136313061015073, 0.9563468576424295486 ) ) ;
#673 = CARTESIAN_POINT ( 'NONE',  ( 8.229166659695374975, 3.269037428430357384, 0.8282212151083604423 ) ) ;
#674 = EDGE_CURVE ( 'NONE', #2948, #2517, #1022, .T. ) ;
#675 = ORIENTED_EDGE ( 'NONE', *, *, #1781, .T. ) ;
#676 = CARTESIAN_POINT ( 'NONE',  ( 0.0000000000000000000, 0.6999999999999999556, -2.000000000000000000 ) ) ;
#677 = DIRECTION ( 'NONE',  ( 0.0000000000000000000, 0.0000000000000000000, 1.000000000000000000 ) ) ;
#678 = CARTESIAN_POINT ( 'NONE',  ( -3.500000000000000000, 0.0000000000000000000, 0.0000000000000000000 ) ) ;
#679 = ORIENTED_EDGE ( 'NONE', *, *, #3193, .F. ) ;
#680 = LINE ( 'NONE', #3264, #2297 ) ;
#681 = CARTESIAN_POINT ( 'NONE',  ( 10.02916665969537391, 3.603643942071130368, 0.7385636385787283098 ) ) ;
#682 = CARTESIAN_POINT ( 'NONE',  ( 10.97916665969537320, 9.450962571569643700, -0.8282212151083626628 ) ) ;
#683 = CARTESIAN_POINT ( 'NONE',  ( 10.63633212896276881, 5.938712150315944349, 3.199999999999999734 ) ) ;
#684 = EDGE_LOOP ( 'NONE', ( #2334, #1378, #4046, #2980 ) ) ;
#685 = ORIENTED_EDGE ( 'NONE', *, *, #107, .F. ) ;
#686 = DIRECTION ( 'NONE',  ( -0.0000000000000000000, -1.000000000000000000, -0.0000000000000000000 ) ) ;
#687 = ORIENTED_EDGE ( 'NONE', *, *, #2407, .T. ) ;
#688 = CARTESIAN_POINT ( 'NONE',  ( 9.409999999999998366, 6.410000000000001030, 0.4974937185533100381 ) ) ;
#689 = CARTESIAN_POINT ( 'NONE',  ( 8.704166659695374619, 7.316347482982742179, 3.569136145501583979 ) ) ;
#690 =( BOUNDED_CURVE ( )  B_SPLINE_CURVE ( 2, ( #3732, #1753, #2730, #1197, #195, #3366, #1816, #871, #3059 ),
 .UNSPECIFIED., .F., .T. ) 
 B_SPLINE_CURVE_WITH_KNOTS ( ( 3, 2, 2, 2, 3 ),
 ( 0.6624277831353657664, 0.6666666666666666297, 0.6833333333333333481, 0.6999999999999999556, 0.7124277831353658108 ),
 .UNSPECIFIED. ) 
 CURVE ( )  GEOMETRIC_REPRESENTATION_ITEM ( )  RATIONAL_B_SPLINE_CURVE ( ( 0.9491840436463321318, 0.9659258374293503424, 1.000000000000000000, 0.8660254037844387076, 1.000000000000000000, 0.8660254037844387076, 1.000000000000000000, 0.9000995663550881432, 0.9491840436463323538 ) ) 
 REPRESENTATION_ITEM ( '' )  );
#691 = LINE ( 'NONE', #371, #2024 ) ;
#692 = DIRECTION ( 'NONE',  ( -0.0000000000000000000, 1.000000000000000000, -0.0000000000000000000 ) ) ;
#693 = CARTESIAN_POINT ( 'NONE',  ( 10.02916665969537391, 3.603643942071130368, 0.7385636385787283098 ) ) ;
#694 = EDGE_CURVE ( 'NONE', #3737, #2728, #3542, .T. ) ;
#695 = ORIENTED_EDGE ( 'NONE', *, *, #820, .F. ) ;
#696 = CARTESIAN_POINT ( 'NONE',  ( 7.475734920505485270, 6.360000000000001208, -3.199999999999998401 ) ) ;
#697 = EDGE_CURVE ( 'NONE', #37, #1362, #4010, .T. ) ;
#698 = CARTESIAN_POINT ( 'NONE',  ( 3.500000000000000000, 0.0000000000000000000, 3.500000000000000000 ) ) ;
#699 = VERTEX_POINT ( 'NONE', #3487 ) ;
#700 = DIRECTION ( 'NONE',  ( 1.000000000000000000, 0.0000000000000000000, 0.0000000000000000000 ) ) ;
#701 = CARTESIAN_POINT ( 'NONE',  ( 9.195833326362039983, 7.098563155643788036, -2.756356187330898599 ) ) ;
#702 = VECTOR ( 'NONE', #2313, 1000.000000000000000 ) ;
#703 = AXIS2_PLACEMENT_3D ( 'NONE', #3657, #111, #1380 ) ;
#704 = CARTESIAN_POINT ( 'NONE',  ( 11.02083332636204105, 9.929136313061015073, 0.9563468576424295486 ) ) ;
#705 = CARTESIAN_POINT ( 'NONE',  ( 0.0000000000000000000, 2.860000000000000764, 0.0000000000000000000 ) ) ;
#706 = ORIENTED_EDGE ( 'NONE', *, *, #2511, .F. ) ;
#707 = ORIENTED_EDGE ( 'NONE', *, *, #3788, .F. ) ;
#708 = CIRCLE ( 'NONE', #977, 9.687104830649868603 ) ;
#709 = PRODUCT_DEFINITION_SHAPE ( 'NONE', 'NONE',  #1545 ) ;
#710 = DIRECTION ( 'NONE',  ( -1.000000000000000000, 0.0000000000000000000, -0.0000000000000000000 ) ) ;
#711 = ORIENTED_EDGE ( 'NONE', *, *, #3071, .T. ) ;
#712 = DIRECTION ( 'NONE',  ( 1.000000000000000000, -0.0000000000000000000, -0.0000000000000000000 ) ) ;
#713 = CARTESIAN_POINT ( 'NONE',  ( 10.24583332636204069, 5.531779326452234358, 3.090962716680367706 ) ) ;
#714 = AXIS2_PLACEMENT_3D ( 'NONE', #2387, #2075, #866 ) ;
#715 = VECTOR ( 'NONE', #700, 1000.000000000000000 ) ;
#716 = CIRCLE ( 'NONE', #243, 0.2999999999999999889 ) ;
#717 = DIRECTION ( 'NONE',  ( 0.0000000000000000000, 0.0000000000000000000, -1.000000000000000000 ) ) ;
#718 = CARTESIAN_POINT ( 'NONE',  ( 9.829166659695372843, 3.269037428430357384, 0.8282212151083604423 ) ) ;
#719 = DIRECTION ( 'NONE',  ( 1.000000000000000000, 0.0000000000000000000, 0.0000000000000000000 ) ) ;
#720 =( BOUNDED_CURVE ( )  B_SPLINE_CURVE ( 2, ( #2431, #3726, #4035, #1770, #3036, #1191, #1170 ),
 .UNSPECIFIED., .F., .F. ) 
 B_SPLINE_CURVE_WITH_KNOTS ( ( 3, 2, 2, 3 ),
 ( 0.9624277831353658108, 0.9666666666666666741, 0.9833333333333332815, 0.9877163963205211061 ),
 .UNSPECIFIED. ) 
 CURVE ( )  GEOMETRIC_REPRESENTATION_ITEM ( )  RATIONAL_B_SPLINE_CURVE ( ( 0.9491840436463323538, 0.9659258374293505645, 1.000000000000000000, 0.8660254037844387076, 1.000000000000000000, 0.9647668543662485385, 0.9480652003184364407 ) ) 
 REPRESENTATION_ITEM ( '' )  );
#721 = ORIENTED_EDGE ( 'NONE', *, *, #436, .T. ) ;
#722 = CARTESIAN_POINT ( 'NONE',  ( 6.999999999999999112, 9.559866947228533363, 0.02918081620417635816 ) ) ;
#723 = EDGE_CURVE ( 'NONE', #2339, #3839, #329, .T. ) ;
#724 = LINE ( 'NONE', #743, #1494 ) ;
#725 = ORIENTED_EDGE ( 'NONE', *, *, #3525, .T. ) ;
#726 = CARTESIAN_POINT ( 'NONE',  ( 9.409999999999998366, 6.360000000000001208, 0.0000000000000000000 ) ) ;
#727 = CARTESIAN_POINT ( 'NONE',  ( 11.11249999302870606, 4.342207097714918085, -2.017792548752169957 ) ) ;
#728 = ADVANCED_FACE ( 'NONE', ( #2240 ), #3652, .T. ) ;
#729 = CARTESIAN_POINT ( 'NONE',  ( 11.43749999302870712, 8.972788830078272326, -2.612789287859152321 ) ) ;
#730 = DIRECTION ( 'NONE',  ( 1.000000000000000000, -0.0000000000000000000, -0.0000000000000000000 ) ) ;
#731 = ORIENTED_EDGE ( 'NONE', *, *, #3908, .F. ) ;
#732 = EDGE_LOOP ( 'NONE', ( #2908, #2563 ) ) ;
#733 = EDGE_LOOP ( 'NONE', ( #2415, #826, #49, #2733 ) ) ;
#734 = DIRECTION ( 'NONE',  ( -1.000000000000000000, -0.0000000000000000000, -0.0000000000000000000 ) ) ;
#735 = VERTEX_POINT ( 'NONE', #814 ) ;
#736 = CARTESIAN_POINT ( 'NONE',  ( 6.999999999999999112, 5.835445933801334917, 2.928528669864674416 ) ) ;
#737 = CARTESIAN_POINT ( 'NONE',  ( 8.245833326362040694, 5.531779326452234358, 3.090962716680367706 ) ) ;
#738 = DIRECTION ( 'NONE',  ( 1.000000000000000000, -0.0000000000000000000, -0.0000000000000000000 ) ) ;
#739 = CARTESIAN_POINT ( 'NONE',  ( 9.870833326362040694, 2.790863686938986010, -0.9563468576424304368 ) ) ;
#740 = CARTESIAN_POINT ( 'NONE',  ( 10.39583332636203927, 7.188220673547764505, -3.090962716680367706 ) ) ;
#741 = ORIENTED_EDGE ( 'NONE', *, *, #3432, .T. ) ;
#742 = VERTEX_POINT ( 'NONE', #3330 ) ;
#743 = CARTESIAN_POINT ( 'NONE',  ( 2.029999999999999805, 0.5000000000000000000, 3.500000000000000000 ) ) ;
#744 = VERTEX_POINT ( 'NONE', #2612 ) ;
#745 = CARTESIAN_POINT ( 'NONE',  ( 3.500000000000000888, 1.700000000000000178, -3.500000000000000000 ) ) ;
#746 = CARTESIAN_POINT ( 'NONE',  ( 9.125734920505488290, 6.359999999999996767, 3.199999999999999289 ) ) ;
#747 = LINE ( 'NONE', #3596, #560 ) ;
#748 = CARTESIAN_POINT ( 'NONE',  ( -3.500000000000000000, 0.5000000000000000000, -2.029999999999999805 ) ) ;
#749 = VERTEX_POINT ( 'NONE', #486 ) ;
#750 = VERTEX_POINT ( 'NONE', #797 ) ;
#751 = EDGE_CURVE ( 'NONE', #2629, #1139, #1097, .T. ) ;
#752 = ADVANCED_FACE ( 'NONE', ( #3313 ), #3880, .T. ) ;
#753 = CARTESIAN_POINT ( 'NONE',  ( 35.75096679918780751, 6.360000000000000320, 0.0000000000000000000 ) ) ;
#754 = VERTEX_POINT ( 'NONE', #3608 ) ;
#755 = CARTESIAN_POINT ( 'NONE',  ( 7.000000000000001776, 8.490343781842121018, 2.241672445319933704 ) ) ;
#756 = ADVANCED_FACE ( 'NONE', ( #140 ), #3031, .T. ) ;
#757 = CARTESIAN_POINT ( 'NONE',  ( 9.399999999999998579, 6.360000000000001208, 0.0000000000000000000 ) ) ;
#758 = CARTESIAN_POINT ( 'NONE',  ( -3.049999999999999822, -3.939999999999999947, 3.049999999999999822 ) ) ;
#759 = ORIENTED_EDGE ( 'NONE', *, *, #617, .T. ) ;
#760 = VERTEX_POINT ( 'NONE', #1064 ) ;
#761 = DIRECTION ( 'NONE',  ( -1.000000000000000000, 0.0000000000000000000, 0.0000000000000000000 ) ) ;
#762 = CARTESIAN_POINT ( 'NONE',  ( 10.28749999302870677, 3.747211169921727869, 2.612789287859151433 ) ) ;
#763 = DIRECTION ( 'NONE',  ( 0.0000000000000000000, 0.0000000000000000000, -1.000000000000000000 ) ) ;
#764 = CARTESIAN_POINT ( 'NONE',  ( 7.000000000000000888, 6.360000000000001208, 0.0000000000000000000 ) ) ;
#765 = ORIENTED_EDGE ( 'NONE', *, *, #4089, .F. ) ;
#766 = ORIENTED_EDGE ( 'NONE', *, *, #4047, .F. ) ;
#767 = CIRCLE ( 'NONE', #834, 9.687104830649868603 ) ;
#768 = CARTESIAN_POINT ( 'NONE',  ( 11.23749999302870606, 8.689946142381774763, -2.329946550606417865 ) ) ;
#769 = VECTOR ( 'NONE', #3577, 1000.000000000000000 ) ;
#770 = AXIS2_PLACEMENT_3D ( 'NONE', #410, #1392, #3900 ) ;
#771 = VERTEX_POINT ( 'NONE', #1122 ) ;
#772 = EDGE_CURVE ( 'NONE', #1583, #144, #3634, .T. ) ;
#773 = CARTESIAN_POINT ( 'NONE',  ( 8.279166659695373909, 9.116356057928870271, -0.7385636385787300862 ) ) ;
#774 = VECTOR ( 'NONE', #1466, 1000.000000000000000 ) ;
#775 = EDGE_CURVE ( 'NONE', #462, #3529, #2635, .T. ) ;
#776 = AXIS2_PLACEMENT_3D ( 'NONE', #3100, #2433, #545 ) ;
#777 = CARTESIAN_POINT ( 'NONE',  ( 11.59999999999999964, 6.360000000000001208, -2.629999999999998561 ) ) ;
#778 = CIRCLE ( 'NONE', #1167, 0.2999999999999999889 ) ;
#779 = CYLINDRICAL_SURFACE ( 'NONE', #368, 2.699999999999999289 ) ;
#780 = CARTESIAN_POINT ( 'NONE',  ( 8.195833326362039983, 7.098563155643787148, -2.756356187330897711 ) ) ;
#781 = AXIS2_PLACEMENT_3D ( 'NONE', #857, #1200, #1183 ) ;
#782 = VERTEX_POINT ( 'NONE', #3943 ) ;
#783 = ORIENTED_EDGE ( 'NONE', *, *, #1555, .F. ) ;
#784 = CARTESIAN_POINT ( 'NONE',  ( 2.029999999999999805, 0.0000000000000000000, -3.500000000000000000 ) ) ;
#785 = CARTESIAN_POINT ( 'NONE',  ( 9.409999999999998366, 6.360000000000001208, -0.2999999999999999889 ) ) ;
#786 =( GEOMETRIC_REPRESENTATION_CONTEXT ( 3 ) GLOBAL_UNCERTAINTY_ASSIGNED_CONTEXT ( ( #301 ) ) GLOBAL_UNIT_ASSIGNED_CONTEXT ( ( #1525, #1593, #2514 ) ) REPRESENTATION_CONTEXT ( 'NONE', 'WORKASPACE' ) );
#787 = CARTESIAN_POINT ( 'NONE',  ( 8.495833326362038918, 7.188220673547764505, -3.090962716680367706 ) ) ;
#788 = DIRECTION ( 'NONE',  ( -1.000000000000000000, 0.0000000000000000000, 0.0000000000000000000 ) ) ;
#789 = ORIENTED_EDGE ( 'NONE', *, *, #1661, .T. ) ;
#790 = ORIENTED_EDGE ( 'NONE', *, *, #1862, .T. ) ;
#791 = CARTESIAN_POINT ( 'NONE',  ( 10.82083332636203998, 9.542765973475969332, 0.8528192734489589144 ) ) ;
#792 = ORIENTED_EDGE ( 'NONE', *, *, #1856, .T. ) ;
#793 = CARTESIAN_POINT ( 'NONE',  ( 10.66249999302870677, 8.622741898021878626, 2.262741501572007596 ) ) ;
#794 = ORIENTED_EDGE ( 'NONE', *, *, #1119, .F. ) ;
#795 = CARTESIAN_POINT ( 'NONE',  ( 10.57916665969537462, 9.450962571569643700, -0.8282212151083622187 ) ) ;
#796 = ADVANCED_FACE ( 'NONE', ( #1998, #3257 ), #2361, .F. ) ;
#797 = CARTESIAN_POINT ( 'NONE',  ( -2.029999999999999805, 0.5000000000000000000, 3.500000000000000000 ) ) ;
#798 = CARTESIAN_POINT ( 'NONE',  ( 9.225734920505487935, 6.359999999999996767, 3.199999999999999289 ) ) ;
#799 = EDGE_CURVE ( 'NONE', #808, #2936, #3879, .T. ) ;
#800 = EDGE_CURVE ( 'NONE', #109, #3949, #3567, .T. ) ;
#801 = VERTEX_POINT ( 'NONE', #1102 ) ;
#802 = ORIENTED_EDGE ( 'NONE', *, *, #3604, .F. ) ;
#803 = DIRECTION ( 'NONE',  ( 0.0000000000000000000, 0.0000000000000000000, 1.000000000000000000 ) ) ;
#804 = CARTESIAN_POINT ( 'NONE',  ( 8.225734920505487935, 6.359999999999998543, 3.199999999999998401 ) ) ;
#805 = DIRECTION ( 'NONE',  ( -0.0000000000000000000, -1.000000000000000000, -0.0000000000000000000 ) ) ;
#806 = CARTESIAN_POINT ( 'NONE',  ( 8.875734920505488290, 6.360000000000001208, -3.199999999999998401 ) ) ;
#807 = CARTESIAN_POINT ( 'NONE',  ( 8.662499993028706768, 8.622741898021878626, 2.262741501572007596 ) ) ;
#808 = VERTEX_POINT ( 'NONE', #2336 ) ;
#809 = CARTESIAN_POINT ( 'NONE',  ( 7.187499993028708012, 3.747211169921727869, 2.612789287859151433 ) ) ;
#810 = ORIENTED_EDGE ( 'NONE', *, *, #3932, .F. ) ;
#811 = DIRECTION ( 'NONE',  ( -0.0000000000000000000, -0.0000000000000000000, 1.000000000000000000 ) ) ;
#812 = ORIENTED_EDGE ( 'NONE', *, *, #2331, .F. ) ;
#813 = ORIENTED_EDGE ( 'NONE', *, *, #799, .T. ) ;
#814 = CARTESIAN_POINT ( 'NONE',  ( 11.52999999999999936, 6.360000000000001208, 2.699999999999999289 ) ) ;
#815 = CARTESIAN_POINT ( 'NONE',  ( 10.27083332636203927, 2.790863686938986010, -0.9563468576424304368 ) ) ;
#816 = CARTESIAN_POINT ( 'NONE',  ( 8.362499993028706058, 8.377792902285083443, 2.017792548752169512 ) ) ;
#817 = EDGE_CURVE ( 'NONE', #3207, #1324, #2088, .T. ) ;
#818 = ORIENTED_EDGE ( 'NONE', *, *, #1854, .F. ) ;
#819 = DIRECTION ( 'NONE',  ( -1.000000000000000000, 0.0000000000000000000, 0.0000000000000000000 ) ) ;
#820 = EDGE_CURVE ( 'NONE', #2970, #3539, #123, .T. ) ;
#821 = CARTESIAN_POINT ( 'NONE',  ( 7.237499993028706946, 8.689946142381772987, -2.329946550606417421 ) ) ;
#822 = DIRECTION ( 'NONE',  ( 0.0000000000000000000, 0.0000000000000000000, -1.000000000000000000 ) ) ;
#823 = ADVANCED_FACE ( 'NONE', ( #466 ), #3685, .F. ) ;
#824 = CARTESIAN_POINT ( 'NONE',  ( 0.0000000000000000000, -3.939999999999999947, 0.0000000000000000000 ) ) ;
#825 = CARTESIAN_POINT ( 'NONE',  ( 35.75096679918780751, 6.360000000000000320, -3.200000000000000178 ) ) ;
#826 = ORIENTED_EDGE ( 'NONE', *, *, #3581, .F. ) ;
#827 = CARTESIAN_POINT ( 'NONE',  ( 10.93749999302870712, 8.972788830078272326, -2.612789287859152321 ) ) ;
#828 = CARTESIAN_POINT ( 'NONE',  ( 7.437499993028707124, 8.972788830078272326, -2.612789287859152321 ) ) ;
#829 = VERTEX_POINT ( 'NONE', #1373 ) ;
#830 = CARTESIAN_POINT ( 'NONE',  ( 7.975734920505486159, 6.360000000000001208, -3.199999999999998401 ) ) ;
#831 = ORIENTED_EDGE ( 'NONE', *, *, #2822, .T. ) ;
#832 = VECTOR ( 'NONE', #3846, 1000.000000000000000 ) ;
#833 = STYLED_ITEM ( 'NONE', ( #4040 ), #2464 ) ;
#834 = AXIS2_PLACEMENT_3D ( 'NONE', #678, #2598, #335 ) ;
#835 = CARTESIAN_POINT ( 'NONE',  ( 11.10000000000000320, 6.779465262928701108, -2.991989876989718855 ) ) ;
#836 = CARTESIAN_POINT ( 'NONE',  ( -3.500000000000000000, 0.0000000000000000000, 3.500000000000000000 ) ) ;
#837 = DIRECTION ( 'NONE',  ( 0.0000000000000000000, -1.000000000000000000, 0.0000000000000000000 ) ) ;
#838 = CARTESIAN_POINT ( 'NONE',  ( 7.695833326362039983, 7.098563155643787148, -2.756356187330897711 ) ) ;
#839 = CIRCLE ( 'NONE', #2686, 2.800000000000002043 ) ;
#840 = CONICAL_SURFACE ( 'NONE', #1364, 0.2999999999999999889, 0.7853981633974725929 ) ;
#841 = CONICAL_SURFACE ( 'NONE', #233, 2.199999999999998845, 0.7853981633974439491 ) ;
#842 = ORIENTED_EDGE ( 'NONE', *, *, #2058, .T. ) ;
#843 = DIRECTION ( 'NONE',  ( -1.000000000000000000, -0.0000000000000000000, -0.0000000000000000000 ) ) ;
#844 = DIRECTION ( 'NONE',  ( 0.0000000000000000000, 0.0000000000000000000, -1.000000000000000000 ) ) ;
#845 = PLANE ( 'NONE',  #1166 ) ;
#846 = STYLED_ITEM ( 'NONE', ( #2333 ), #3650 ) ;
#847 = DIRECTION ( 'NONE',  ( -1.000000000000000000, -0.0000000000000000000, -0.0000000000000000000 ) ) ;
#848 = VECTOR ( 'NONE', #2009, 1000.000000000000000 ) ;
#849 = ORIENTED_EDGE ( 'NONE', *, *, #987, .F. ) ;
#850 = CARTESIAN_POINT ( 'NONE',  ( 7.000000000000000000, 6.146650088796683953, 2.981384203355969653 ) ) ;
#851 = EDGE_CURVE ( 'NONE', #3854, #2728, #2378, .T. ) ;
#852 = EDGE_CURVE ( 'NONE', #1470, #2623, #430, .T. ) ;
#853 =( BOUNDED_CURVE ( )  B_SPLINE_CURVE ( 2, ( #2847, #2569, #326, #1603, #1647, #1019, #3172, #3540, #963 ),
 .UNSPECIFIED., .F., .F. ) 
 B_SPLINE_CURVE_WITH_KNOTS ( ( 3, 2, 2, 2, 3 ),
 ( 0.5124277831353658552, 0.5166666666666667185, 0.5333333333333333259, 0.5500000000000000444, 0.5624277831353657886 ),
 .UNSPECIFIED. ) 
 CURVE ( )  GEOMETRIC_REPRESENTATION_ITEM ( )  RATIONAL_B_SPLINE_CURVE ( ( 0.9491840436463323538, 0.9659258374293505645, 1.000000000000000000, 0.8660254037844387076, 1.000000000000000000, 0.8660254037844387076, 1.000000000000000000, 0.9000995663550883652, 0.9491840436463321318 ) ) 
 REPRESENTATION_ITEM ( '' )  );
#854 = PRODUCT_DEFINITION_CONTEXT ( 'detailed design', #1140, 'design' ) ;
#855 = CARTESIAN_POINT ( 'NONE',  ( 7.895833326362041049, 7.188220673547764505, -3.090962716680367706 ) ) ;
#856 = ORIENTED_EDGE ( 'NONE', *, *, #3881, .T. ) ;
#857 = CARTESIAN_POINT ( 'NONE',  ( -3.500000000000000000, 0.0000000000000000000, 0.0000000000000000000 ) ) ;
#858 = ORIENTED_EDGE ( 'NONE', *, *, #951, .T. ) ;
#859 = DIRECTION ( 'NONE',  ( -0.0000000000000000000, 1.000000000000000000, -0.0000000000000000000 ) ) ;
#860 = DIRECTION ( 'NONE',  ( 0.0000000000000000000, 0.0000000000000000000, -1.000000000000000000 ) ) ;
#861 =( NAMED_UNIT ( * ) PLANE_ANGLE_UNIT ( ) SI_UNIT ( $, .RADIAN. ) );
#862 = ORIENTED_EDGE ( 'NONE', *, *, #512, .T. ) ;
#863 = LINE ( 'NONE', #3096, #3945 ) ;
#864 = CARTESIAN_POINT ( 'NONE',  ( 8.162499993028708545, 8.622741898021878626, 2.262741501572007596 ) ) ;
#865 = CARTESIAN_POINT ( 'NONE',  ( 7.570833326362040872, 3.177234026524032195, -0.8528192734489608018 ) ) ;
#866 = DIRECTION ( 'NONE',  ( 0.0000000000000000000, 0.0000000000000000000, -1.000000000000000000 ) ) ;
#867 = DIRECTION ( 'NONE',  ( 1.000000000000000000, -0.0000000000000000000, -0.0000000000000000000 ) ) ;
#868 = CARTESIAN_POINT ( 'NONE',  ( 3.500000000000000000, 9.860000000000001208, -3.500000000000000000 ) ) ;
#869 = CARTESIAN_POINT ( 'NONE',  ( 9.986332128962766674, 6.781287849684060731, -3.199999999999998401 ) ) ;
#870 = ORIENTED_EDGE ( 'NONE', *, *, #2506, .F. ) ;
#871 = CARTESIAN_POINT ( 'NONE',  ( 10.09239328569946537, 7.685483563808818808, 3.200000000000000178 ) ) ;
#872 = CARTESIAN_POINT ( 'NONE',  ( 7.000000000000005329, 9.526338746632241339, 0.6640208299758466604 ) ) ;
#873 = CARTESIAN_POINT ( 'NONE',  ( 6.737499993028706058, 8.689946142381774763, -2.329946550606417865 ) ) ;
#874 = EDGE_CURVE ( 'NONE', #2990, #735, #2976, .T. ) ;
#875 = CARTESIAN_POINT ( 'NONE',  ( 9.020833326362041049, 9.929136313061015073, 0.9563468576424295486 ) ) ;
#876 = ORIENTED_EDGE ( 'NONE', *, *, #1608, .F. ) ;
#877 = EDGE_CURVE ( 'NONE', #1915, #3696, #2762, .T. ) ;
#878 = DIRECTION ( 'NONE',  ( 0.0000000000000000000, 0.0000000000000000000, -1.000000000000000000 ) ) ;
#879 = EDGE_CURVE ( 'NONE', #1960, #960, #1411, .T. ) ;
#880 = ORIENTED_EDGE ( 'NONE', *, *, #2767, .F. ) ;
#881 = EDGE_CURVE ( 'NONE', #1145, #1290, #2785, .T. ) ;
#882 =( BOUNDED_CURVE ( )  B_SPLINE_CURVE ( 2, ( #551, #3669, #4045, #901, #3110, #199, #2714, #3984, #830 ),
 .UNSPECIFIED., .F., .T. ) 
 B_SPLINE_CURVE_WITH_KNOTS ( ( 3, 2, 2, 2, 3 ),
 ( 0.3124277831353657886, 0.3166666666666666519, 0.3333333333333333148, 0.3499999999999999778, 0.3624277831353657775 ),
 .UNSPECIFIED. ) 
 CURVE ( )  GEOMETRIC_REPRESENTATION_ITEM ( )  RATIONAL_B_SPLINE_CURVE ( ( 0.9491840436463323538, 0.9659258374293504534, 1.000000000000000000, 0.8660254037844387076, 1.000000000000000000, 0.8660254037844387076, 1.000000000000000000, 0.9000995663550882542, 0.9491840436463323538 ) ) 
 REPRESENTATION_ITEM ( '' )  );
#883 = CARTESIAN_POINT ( 'NONE',  ( 11.09999999999998010, 9.120259962481767957, -1.490839999602318722 ) ) ;
#884 = ADVANCED_FACE ( 'NONE', ( #2399 ), #841, .F. ) ;
#885 = PLANE ( 'NONE',  #303 ) ;
#886 = CARTESIAN_POINT ( 'NONE',  ( 9.320833326362039983, 9.542765973475969332, 0.8528192734489589144 ) ) ;
#887 = VERTEX_POINT ( 'NONE', #1868 ) ;
#888 = CARTESIAN_POINT ( 'NONE',  ( 6.599999999999998757, 6.310000000000000497, 0.2958039891549806844 ) ) ;
#889 = DIRECTION ( 'NONE',  ( -1.000000000000000000, 0.0000000000000000000, 0.0000000000000000000 ) ) ;
#890 = CARTESIAN_POINT ( 'NONE',  ( 9.529166659695373909, 3.603643942071130368, 0.7385636385787283098 ) ) ;
#891 = CARTESIAN_POINT ( 'NONE',  ( 9.562499993028707124, 8.622741898021878626, 2.262741501572007596 ) ) ;
#892 = CARTESIAN_POINT ( 'NONE',  ( 9.409999999999998366, 6.360000000000001208, 0.0000000000000000000 ) ) ;
#893 = CARTESIAN_POINT ( 'NONE',  ( 11.59999999999999964, 6.360000000000001208, 0.0000000000000000000 ) ) ;
#894 = CARTESIAN_POINT ( 'NONE',  ( 0.0000000000000000000, 0.6999999999999999556, 0.0000000000000000000 ) ) ;
#895 = EDGE_LOOP ( 'NONE', ( #468, #3535, #1098, #962, #2044, #296 ) ) ;
#896 = DIRECTION ( 'NONE',  ( 0.0000000000000000000, 0.0000000000000000000, -1.000000000000000000 ) ) ;
#897 = DIRECTION ( 'NONE',  ( 1.000000000000000000, -0.0000000000000000000, -0.0000000000000000000 ) ) ;
#898 = CARTESIAN_POINT ( 'NONE',  ( 8.237499993028707834, 8.689946142381774763, -2.329946550606417865 ) ) ;
#899 = UNCERTAINTY_MEASURE_WITH_UNIT (LENGTH_MEASURE( 1.000000000000000082E-05 ), #3665, 'distance_accuracy_value', 'NONE');
#900 = CARTESIAN_POINT ( 'NONE',  ( 10.35416665969537320, 5.403652517017258461, -3.569136145501582646 ) ) ;
#901 = CARTESIAN_POINT ( 'NONE',  ( 7.787499993028706768, 3.747211169921727869, 2.612789287859151433 ) ) ;
#902 = ORIENTED_EDGE ( 'NONE', *, *, #2871, .F. ) ;
#903 = CARTESIAN_POINT ( 'NONE',  ( 11.09999999999999609, 7.992658924868618620, -2.607156171367063902 ) ) ;
#904 = CIRCLE ( 'NONE', #1419, 0.2999999999999999889 ) ;
#905 = DIRECTION ( 'NONE',  ( 0.0000000000000000000, 0.0000000000000000000, -1.000000000000000000 ) ) ;
#906 = EDGE_CURVE ( 'NONE', #829, #3675, #3671, .T. ) ;
#907 = VECTOR ( 'NONE', #2840, 1000.000000000000000 ) ;
#908 = ADVANCED_FACE ( 'NONE', ( #926 ), #2134, .F. ) ;
#909 = CONICAL_SURFACE ( 'NONE', #3750, 0.4350000000000013856, 0.7853981633974480570 ) ;
#910 = FACE_OUTER_BOUND ( 'NONE', #643, .T. ) ;
#911 = VECTOR ( 'NONE', #3825, 1000.000000000000000 ) ;
#912 = DIRECTION ( 'NONE',  ( 0.0000000000000000000, 0.0000000000000000000, 1.000000000000000000 ) ) ;
#913 = CARTESIAN_POINT ( 'NONE',  ( 8.779166659695372132, 9.116356057928870271, -0.7385636385787300862 ) ) ;
#914 = DIRECTION ( 'NONE',  ( 0.0000000000000000000, -1.000000000000000000, 0.0000000000000000000 ) ) ;
#915 = DIRECTION ( 'NONE',  ( -1.000000000000000000, -0.0000000000000000000, -0.0000000000000000000 ) ) ;
#916 = CARTESIAN_POINT ( 'NONE',  ( 9.995833326362040694, 7.188220673547764505, -3.090962716680367706 ) ) ;
#917 = ORIENTED_EDGE ( 'NONE', *, *, #1507, .F. ) ;
#918 = FACE_OUTER_BOUND ( 'NONE', #2599, .T. ) ;
#919 = AXIS2_PLACEMENT_3D ( 'NONE', #1442, #1718, #2367 ) ;
#920 = CARTESIAN_POINT ( 'NONE',  ( 6.820833326362039983, 9.542765973475969332, 0.8528192734489598026 ) ) ;
#921 = AXIS2_PLACEMENT_3D ( 'NONE', #621, #3519, #2910 ) ;
#922 = CARTESIAN_POINT ( 'NONE',  ( 9.812499993028707124, 4.097258101978122902, -2.262741501572007152 ) ) ;
#923 = CARTESIAN_POINT ( 'NONE',  ( 10.62573492050548651, 6.360000000000002984, 3.199999999999999289 ) ) ;
#924 = ORIENTED_EDGE ( 'NONE', *, *, #3274, .F. ) ;
#925 = CARTESIAN_POINT ( 'NONE',  ( 8.329166659695372843, 3.269037428430357384, 0.8282212151083604423 ) ) ;
#926 = FACE_OUTER_BOUND ( 'NONE', #1527, .T. ) ;
#927 = CARTESIAN_POINT ( 'NONE',  ( 7.537499993028707657, 8.972788830078274103, -2.612789287859152321 ) ) ;
#928 = CARTESIAN_POINT ( 'NONE',  ( 9.987499993028706058, 4.030053857618228541, 2.329946550606417421 ) ) ;
#929 = CARTESIAN_POINT ( 'NONE',  ( 9.576677929650671217, 6.410000000000001030, 0.4505644842810864747 ) ) ;
#930 = EDGE_CURVE ( 'NONE', #1324, #3207, #3690, .T. ) ;
#931 = DIRECTION ( 'NONE',  ( 0.0000000000000000000, 0.0000000000000000000, -1.000000000000000000 ) ) ;
#932 = CARTESIAN_POINT ( 'NONE',  ( 8.404166659695372132, 7.212819831094197554, 3.182765824055378889 ) ) ;
#933 = DIRECTION ( 'NONE',  ( -0.0000000000000000000, -0.0000000000000000000, 1.000000000000000000 ) ) ;
#934 = CARTESIAN_POINT ( 'NONE',  ( 0.0000000000000000000, -5.736051224213831290, 0.6350000000000000089 ) ) ;
#935 = CARTESIAN_POINT ( 'NONE',  ( 7.520833326362041049, 9.929136313061015073, 0.9563468576424295486 ) ) ;
#936 = EDGE_CURVE ( 'NONE', #2970, #3668, #2428, .T. ) ;
#937 = ORIENTED_EDGE ( 'NONE', *, *, #2877, .F. ) ;
#938 = DIRECTION ( 'NONE',  ( -1.000000000000000000, -0.0000000000000000000, -0.0000000000000000000 ) ) ;
#939 = CARTESIAN_POINT ( 'NONE',  ( 9.570833326362039983, 3.177234026524031307, -0.8528192734489608018 ) ) ;
#940 = CARTESIAN_POINT ( 'NONE',  ( 9.187499993028707124, 3.747211169921727869, 2.612789287859151433 ) ) ;
#941 = CARTESIAN_POINT ( 'NONE',  ( 11.09999999999999964, 3.604321388859932362, 1.183388656642381465 ) ) ;
#942 = EDGE_LOOP ( 'NONE', ( #2445, #4078, #2988, #3034, #3517, #2309, #2783, #3897 ) ) ;
#943 = APPLICATION_CONTEXT ( 'automotive_design' ) ;
#944 = DIRECTION ( 'NONE',  ( -1.000000000000000000, -0.0000000000000000000, -0.0000000000000000000 ) ) ;
#945 = DIRECTION ( 'NONE',  ( -0.0000000000000000000, 0.0000000000000000000, 1.000000000000000000 ) ) ;
#946 = CARTESIAN_POINT ( 'NONE',  ( 7.829166659695372843, 3.269037428430356496, 0.8282212151083599982 ) ) ;
#947 = DIRECTION ( 'NONE',  ( 1.000000000000000000, -0.0000000000000000000, -0.0000000000000000000 ) ) ;
#948 = CARTESIAN_POINT ( 'NONE',  ( 10.97573492050548616, 6.360000000000005649, -3.199999999999998845 ) ) ;
#949 = CARTESIAN_POINT ( 'NONE',  ( 7.820833326362040872, 9.542765973475969332, 0.8528192734489598026 ) ) ;
#950 = FACE_OUTER_BOUND ( 'NONE', #3957, .T. ) ;
#951 = EDGE_CURVE ( 'NONE', #771, #2308, #3112, .T. ) ;
#952 = ORIENTED_EDGE ( 'NONE', *, *, #2697, .T. ) ;
#953 = CARTESIAN_POINT ( 'NONE',  ( 0.0000000000000000000, 0.5000000000000000000, 0.0000000000000000000 ) ) ;
#954 = FACE_OUTER_BOUND ( 'NONE', #3598, .T. ) ;
#955 = ORIENTED_EDGE ( 'NONE', *, *, #3738, .T. ) ;
#956 = DIRECTION ( 'NONE',  ( 0.0000000000000000000, 0.0000000000000000000, -1.000000000000000000 ) ) ;
#957 = CARTESIAN_POINT ( 'NONE',  ( 9.112499993028707834, 4.342207097714918085, -2.017792548752169957 ) ) ;
#958 = ADVANCED_FACE ( 'NONE', ( #1223 ), #3765, .T. ) ;
#959 = CARTESIAN_POINT ( 'NONE',  ( 10.64583332636204105, 5.531779326452235246, 3.090962716680367706 ) ) ;
#960 = VERTEX_POINT ( 'NONE', #3133 ) ;
#961 = LINE ( 'NONE', #2273, #1901 ) ;
#962 = ORIENTED_EDGE ( 'NONE', *, *, #1555, .T. ) ;
#963 = CARTESIAN_POINT ( 'NONE',  ( 9.375734920505484737, 6.359999999999999432, -3.199999999999998845 ) ) ;
#964 = CARTESIAN_POINT ( 'NONE',  ( 7.037499993028706768, 8.972788830078274103, -2.612789287859152321 ) ) ;
#965 = LINE ( 'NONE', #3194, #911 ) ;
#966 = DIRECTION ( 'NONE',  ( 1.000000000000000000, -0.0000000000000000000, 0.0000000000000000000 ) ) ;
#967 = CARTESIAN_POINT ( 'NONE',  ( 10.48749999302870783, 4.030053857618227653, 2.329946550606416977 ) ) ;
#968 = CARTESIAN_POINT ( 'NONE',  ( 0.0000000000000000000, -5.736051224213831290, 0.0000000000000000000 ) ) ;
#969 = AXIS2_PLACEMENT_3D ( 'NONE', #2455, #3729, #523 ) ;
#970 = VECTOR ( 'NONE', #1334, 1000.000000000000000 ) ;
#971 = ORIENTED_EDGE ( 'NONE', *, *, #3632, .T. ) ;
#972 = CARTESIAN_POINT ( 'NONE',  ( 2.029999999999999805, -3.939999999999999947, 3.049999999999999822 ) ) ;
#973 = ORIENTED_EDGE ( 'NONE', *, *, #1254, .F. ) ;
#974 = DIRECTION ( 'NONE',  ( 1.000000000000000000, 0.0000000000000000000, 0.0000000000000000000 ) ) ;
#975 = CARTESIAN_POINT ( 'NONE',  ( 9.445833326362039983, 5.621436844356212603, 2.756356187330898155 ) ) ;
#976 = AXIS2_PLACEMENT_3D ( 'NONE', #2709, #1133, #2391 ) ;
#977 = AXIS2_PLACEMENT_3D ( 'NONE', #3051, #2117, #202 ) ;
#978 = EDGE_CURVE ( 'NONE', #2948, #2496, #1454, .T. ) ;
#979 = CARTESIAN_POINT ( 'NONE',  ( 6.999999999999999112, 3.414927167763628368, -0.2336626453612347110 ) ) ;
#980 = CARTESIAN_POINT ( 'NONE',  ( 35.75096679918780751, 6.360000000000000320, -3.200000000000000178 ) ) ;
#981 = VECTOR ( 'NONE', #2249, 1000.000000000000000 ) ;
#982 = ORIENTED_EDGE ( 'NONE', *, *, #1402, .F. ) ;
#983 = CARTESIAN_POINT ( 'NONE',  ( 9.125734920505488290, 6.359999999999996767, 3.199999999999999289 ) ) ;
#984 = ORIENTED_EDGE ( 'NONE', *, *, #3767, .T. ) ;
#985 = PRESENTATION_LAYER_ASSIGNMENT (  '', '', ( #179 ) ) ;
#986 = LINE ( 'NONE', #3191, #3481 ) ;
#987 = EDGE_CURVE ( 'NONE', #2079, #465, #2488, .T. ) ;
#988 = CARTESIAN_POINT ( 'NONE',  ( 7.329166659695373731, 3.269037428430356496, 0.8282212151083599982 ) ) ;
#989 = DIRECTION ( 'NONE',  ( -0.0000000000000000000, 0.0000000000000000000, 1.000000000000000000 ) ) ;
#990 = DIRECTION ( 'NONE',  ( 1.000000000000000000, 0.0000000000000000000, 0.0000000000000000000 ) ) ;
#991 = CARTESIAN_POINT ( 'NONE',  ( 10.43749999302870712, 8.972788830078272326, -2.612789287859152321 ) ) ;
#992 = LINE ( 'NONE', #3180, #2816 ) ;
#993 = CARTESIAN_POINT ( 'NONE',  ( 0.0000000000000000000, 0.0000000000000000000, 0.0000000000000000000 ) ) ;
#994 = DIRECTION ( 'NONE',  ( -0.0000000000000000000, 1.000000000000000000, -0.0000000000000000000 ) ) ;
#995 = ORIENTED_EDGE ( 'NONE', *, *, #3426, .F. ) ;
#996 = CARTESIAN_POINT ( 'NONE',  ( 11.52999999999999581, 6.360000000000001208, 2.299999999999998934 ) ) ;
#997 = CARTESIAN_POINT ( 'NONE',  ( 8.862499993028707834, 8.377792902285083443, 2.017792548752170401 ) ) ;
#998 = DIRECTION ( 'NONE',  ( 0.0000000000000000000, 0.0000000000000000000, 1.000000000000000000 ) ) ;
#999 = DIRECTION ( 'NONE',  ( 0.0000000000000000000, 0.0000000000000000000, -1.000000000000000000 ) ) ;
#1000 = ORIENTED_EDGE ( 'NONE', *, *, #906, .F. ) ;
#1001 = ORIENTED_EDGE ( 'NONE', *, *, #3986, .T. ) ;
#1002 = EDGE_CURVE ( 'NONE', #1729, #3312, #708, .T. ) ;
#1003 = ORIENTED_EDGE ( 'NONE', *, *, #3771, .F. ) ;
#1004 = CARTESIAN_POINT ( 'NONE',  ( 9.599999999999999645, 6.310000000000000497, 0.4270831300812555908 ) ) ;
#1005 = CARTESIAN_POINT ( 'NONE',  ( 9.162499993028706768, 8.622741898021878626, 2.262741501572008485 ) ) ;
#1006 = EDGE_CURVE ( 'NONE', #93, #1960, #3157, .T. ) ;
#1007 = CYLINDRICAL_SURFACE ( 'NONE', #2483, 3.200000000000000178 ) ;
#1008 = LINE ( 'NONE', #451, #3417 ) ;
#1009 = ORIENTED_EDGE ( 'NONE', *, *, #2136, .F. ) ;
#1010 = CARTESIAN_POINT ( 'NONE',  ( 2.029999999999999805, -3.939999999999999947, -3.049999999999999822 ) ) ;
#1011 = ORIENTED_EDGE ( 'NONE', *, *, #2591, .T. ) ;
#1012 = PLANE ( 'NONE',  #1424 ) ;
#1013 = CARTESIAN_POINT ( 'NONE',  ( 10.36249999302870606, 8.377792902285083443, 2.017792548752170401 ) ) ;
#1014 = CARTESIAN_POINT ( 'NONE',  ( 10.77083332636203927, 2.790863686938985566, -0.9563468576424304368 ) ) ;
#1015 = ORIENTED_EDGE ( 'NONE', *, *, #3576, .F. ) ;
#1016 = ORIENTED_EDGE ( 'NONE', *, *, #1423, .T. ) ;
#1017 = CARTESIAN_POINT ( 'NONE',  ( 11.52999999999999936, 6.360000000000001208, -2.699999999999999289 ) ) ;
#1018 = ORIENTED_EDGE ( 'NONE', *, *, #3931, .T. ) ;
#1019 = CARTESIAN_POINT ( 'NONE',  ( 9.270833326362042826, 2.790863686938986010, -0.9563468576424304368 ) ) ;
#1020 = CARTESIAN_POINT ( 'NONE',  ( 8.745833326362038918, 5.531779326452234358, 3.090962716680367706 ) ) ;
#1021 = ADVANCED_FACE ( 'NONE', ( #1186 ), #1516, .F. ) ;
#1022 = LINE ( 'NONE', #1587, #1298 ) ;
#1023 = CARTESIAN_POINT ( 'NONE',  ( 11.52999999999999581, 6.360000000000001208, 0.0000000000000000000 ) ) ;
#1024 = CARTESIAN_POINT ( 'NONE',  ( 10.65416665969537391, 5.507180168905804862, -3.182765824055378889 ) ) ;
#1025 = ADVANCED_FACE ( 'NONE', ( #2275 ), #1909, .T. ) ;
#1026 = ORIENTED_EDGE ( 'NONE', *, *, #2376, .T. ) ;
#1027 = CARTESIAN_POINT ( 'NONE',  ( -3.049999999999999378, -0.0000000000000000000, -2.030000000000000249 ) ) ;
#1028 = DIRECTION ( 'NONE',  ( 1.000000000000000000, 0.0000000000000000000, 0.0000000000000000000 ) ) ;
#1029 = ORIENTED_EDGE ( 'NONE', *, *, #3964, .T. ) ;
#1030 = DIRECTION ( 'NONE',  ( 0.0000000000000000000, 0.0000000000000000000, -1.000000000000000000 ) ) ;
#1031 = CARTESIAN_POINT ( 'NONE',  ( 11.07083332636203998, 3.177234026524031307, -0.8528192734489608018 ) ) ;
#1032 = AXIS2_PLACEMENT_3D ( 'NONE', #4017, #1174, #3079 ) ;
#1033 = AXIS2_PLACEMENT_3D ( 'NONE', #227, #4009, #3427 ) ;
#1034 = CARTESIAN_POINT ( 'NONE',  ( 11.18749999302870890, 3.747211169921727869, 2.612789287859151433 ) ) ;
#1035 = CARTESIAN_POINT ( 'NONE',  ( 7.136332128962767918, 5.938712150315941685, 3.199999999999998401 ) ) ;
#1036 = ORIENTED_EDGE ( 'NONE', *, *, #2903, .F. ) ;
#1037 = ORIENTED_EDGE ( 'NONE', *, *, #3810, .T. ) ;
#1038 = CIRCLE ( 'NONE', #3612, 0.4300000000000032685 ) ;
#1039 = VECTOR ( 'NONE', #3918, 1000.000000000000000 ) ;
#1040 = VECTOR ( 'NONE', #1150, 1000.000000000000000 ) ;
#1041 = VECTOR ( 'NONE', #58, 1000.000000000000000 ) ;
#1042 = CARTESIAN_POINT ( 'NONE',  ( 3.500000000000000000, 9.860000000000001208, 3.500000000000000000 ) ) ;
#1043 = ORIENTED_EDGE ( 'NONE', *, *, #3963, .T. ) ;
#1044 = PLANE ( 'NONE',  #3613 ) ;
#1045 =( GEOMETRIC_REPRESENTATION_CONTEXT ( 3 ) GLOBAL_UNCERTAINTY_ASSIGNED_CONTEXT ( ( #3497 ) ) GLOBAL_UNIT_ASSIGNED_CONTEXT ( ( #3007, #3311, #1117 ) ) REPRESENTATION_CONTEXT ( 'NONE', 'WORKASPACE' ) );
#1046 = DIRECTION ( 'NONE',  ( 1.000000000000000000, -0.0000000000000000000, -0.0000000000000000000 ) ) ;
#1047 = DIRECTION ( 'NONE',  ( 0.0000000000000000000, -1.000000000000000000, -0.0000000000000000000 ) ) ;
#1048 = LINE ( 'NONE', #3177, #2680 ) ;
#1049 = ADVANCED_FACE ( 'NONE', ( #18 ), #3820, .T. ) ;
#1050 = ORIENTED_EDGE ( 'NONE', *, *, #9, .F. ) ;
#1051 = VERTEX_POINT ( 'NONE', #3782 ) ;
#1052 = FACE_OUTER_BOUND ( 'NONE', #1479, .T. ) ;
#1053 = ORIENTED_EDGE ( 'NONE', *, *, #513, .T. ) ;
#1054 = CARTESIAN_POINT ( 'NONE',  ( 35.75096679918780751, 6.360000000000000320, -3.200000000000000178 ) ) ;
#1055 = DIRECTION ( 'NONE',  ( -1.000000000000000000, -0.0000000000000000000, -0.0000000000000000000 ) ) ;
#1056 = EDGE_CURVE ( 'NONE', #2990, #2110, #2958, .T. ) ;
#1057 = CARTESIAN_POINT ( 'NONE',  ( 6.999999999999999112, 4.062367684342628849, 1.692294509935779345 ) ) ;
#1058 = DIRECTION ( 'NONE',  ( -1.000000000000000000, -0.0000000000000000000, -0.0000000000000000000 ) ) ;
#1059 = EDGE_LOOP ( 'NONE', ( #3170, #955, #3281, #849 ) ) ;
#1060 = EDGE_LOOP ( 'NONE', ( #2377, #3222, #360, #4107 ) ) ;
#1061 = EDGE_LOOP ( 'NONE', ( #394, #96, #1830, #2104, #902, #1874 ) ) ;
#1062 = LINE ( 'NONE', #2319, #1827 ) ;
#1063 = CARTESIAN_POINT ( 'NONE',  ( 8.370833326362040694, 2.790863686938985566, -0.9563468576424313250 ) ) ;
#1064 = CARTESIAN_POINT ( 'NONE',  ( 3.500000000000000000, 0.0000000000000000000, -2.029999999999999805 ) ) ;
#1065 = DIRECTION ( 'NONE',  ( 1.000000000000000000, -0.0000000000000000000, -0.0000000000000000000 ) ) ;
#1066 = CARTESIAN_POINT ( 'NONE',  ( 7.070833326362040872, 3.177234026524031307, -0.8528192734489599136 ) ) ;
#1067 = ORIENTED_EDGE ( 'NONE', *, *, #3174, .T. ) ;
#1068 = ORIENTED_EDGE ( 'NONE', *, *, #3174, .F. ) ;
#1069 = FACE_OUTER_BOUND ( 'NONE', #3890, .T. ) ;
#1070 = CARTESIAN_POINT ( 'NONE',  ( 8.479166659695374975, 9.450962571569643700, -0.8282212151083626628 ) ) ;
#1071 = DIRECTION ( 'NONE',  ( 0.0000000000000000000, 0.0000000000000000000, -1.000000000000000000 ) ) ;
#1072 = DIRECTION ( 'NONE',  ( -0.0000000000000000000, -1.000000000000000000, -0.0000000000000000000 ) ) ;
#1073 = ORIENTED_EDGE ( 'NONE', *, *, #1802, .T. ) ;
#1074 = EDGE_LOOP ( 'NONE', ( #1739, #1706, #1388, #3937, #1106, #1107, #2843, #2354 ) ) ;
#1075 = EDGE_CURVE ( 'NONE', #2928, #309, #986, .T. ) ;
#1076 = CARTESIAN_POINT ( 'NONE',  ( 7.687499993028708012, 3.747211169921727869, 2.612789287859151433 ) ) ;
#1077 = LINE ( 'NONE', #1042, #3692 ) ;
#1078 = VERTEX_POINT ( 'NONE', #3855 ) ;
#1079 = CARTESIAN_POINT ( 'NONE',  ( 8.495833326362038918, 7.188220673547766282, -3.090962716680368594 ) ) ;
#1080 = CARTESIAN_POINT ( 'NONE',  ( 2.029999999999999805, 0.5000000000000000000, 3.500000000000000000 ) ) ;
#1081 = B_SPLINE_CURVE_WITH_KNOTS ( 'NONE', 3,
 ( #1653, #395, #2225, #3527 ),
 .UNSPECIFIED., .F., .F.,
 ( 4, 4 ),
 ( 0.001514779666605904976, 0.001614461375317871811 ),
 .UNSPECIFIED. ) ;
#1082 = CARTESIAN_POINT ( 'NONE',  ( -3.500000000000000000, 0.0000000000000000000, -3.500000000000000000 ) ) ;
#1083 = CARTESIAN_POINT ( 'NONE',  ( 8.154166659695373909, 5.507180168905804862, -3.182765824055378445 ) ) ;
#1084 = ORIENTED_EDGE ( 'NONE', *, *, #1075, .F. ) ;
#1085 = ORIENTED_EDGE ( 'NONE', *, *, #1406, .F. ) ;
#1086 = CARTESIAN_POINT ( 'NONE',  ( 0.0000000000000000000, -3.939999999999999947, 0.0000000000000000000 ) ) ;
#1087 = DIRECTION ( 'NONE',  ( 0.0000000000000000000, 0.0000000000000000000, 1.000000000000000000 ) ) ;
#1088 = CARTESIAN_POINT ( 'NONE',  ( 8.625734920505484737, 6.359999999999998543, 3.199999999999998401 ) ) ;
#1089 = DIRECTION ( 'NONE',  ( 0.0000000000000000000, -0.0000000000000000000, -1.000000000000000000 ) ) ;
#1090 = DIRECTION ( 'NONE',  ( 0.0000000000000000000, 0.0000000000000000000, 1.000000000000000000 ) ) ;
#1091 = ORIENTED_EDGE ( 'NONE', *, *, #1557, .F. ) ;
#1092 = AXIS2_PLACEMENT_3D ( 'NONE', #1149, #494, #1087 ) ;
#1093 = CARTESIAN_POINT ( 'NONE',  ( 8.312499993028707124, 4.097258101978122902, -2.262741501572007152 ) ) ;
#1094 = VERTEX_POINT ( 'NONE', #3504 ) ;
#1095 = AXIS2_PLACEMENT_3D ( 'NONE', #2923, #1342, #1903 ) ;
#1096 = CARTESIAN_POINT ( 'NONE',  ( 10.48633212896276667, 6.781287849684060731, -3.199999999999998401 ) ) ;
#1097 = CIRCLE ( 'NONE', #2820, 2.370000000000000551 ) ;
#1098 = ORIENTED_EDGE ( 'NONE', *, *, #533, .F. ) ;
#1099 = CARTESIAN_POINT ( 'NONE',  ( 6.904166659695373021, 7.212819831094197554, 3.182765824055378889 ) ) ;
#1100 = AXIS2_PLACEMENT_3D ( 'NONE', #3754, #1841, #956 ) ;
#1101 = AXIS2_PLACEMENT_3D ( 'NONE', #2280, #2613, #3609 ) ;
#1102 = CARTESIAN_POINT ( 'NONE',  ( 3.049999999999999822, -3.939999999999999947, -2.029999999999999805 ) ) ;
#1103 = VECTOR ( 'NONE', #2706, 1000.000000000000000 ) ;
#1104 = CARTESIAN_POINT ( 'NONE',  ( -2.029999999999999361, -3.939999999999999947, -3.049999999999999822 ) ) ;
#1105 = VECTOR ( 'NONE', #1914, 1000.000000000000000 ) ;
#1106 = ORIENTED_EDGE ( 'NONE', *, *, #2639, .F. ) ;
#1107 = ORIENTED_EDGE ( 'NONE', *, *, #3546, .T. ) ;
#1108 = DIRECTION ( 'NONE',  ( -1.000000000000000000, 0.0000000000000000000, 0.0000000000000000000 ) ) ;
#1109 = DIRECTION ( 'NONE',  ( -1.000000000000000000, -0.0000000000000000000, -0.0000000000000000000 ) ) ;
#1110 = CARTESIAN_POINT ( 'NONE',  ( 11.52999999999999581, 6.360000000000001208, -2.299999999999998934 ) ) ;
#1111 = CARTESIAN_POINT ( 'NONE',  ( 7.442393285699466787, 5.034516436191182720, -3.199999999999999289 ) ) ;
#1112 =( BOUNDED_SURFACE ( )  B_SPLINE_SURFACE ( 1, 2, ( 
 ( #2261, #3524, #1950, #3590, #2017, #1743, #3315, #2338, #467, #3011, #3278, #2096, #2978, #3636, #3299, #126, #1375, #1066, #1713, #106, #2379, #3902, #1766, #3969, #1394, #2655, #160, #3610, #412, #3673, #2720, #1144, #838, #2041, #452, #2638, #3920, #3654, #1437, #1728, #2995, #1689, #3033, #1083, #780, #2701, #142, #1413, #816, #2400, #2070, #2955, #3332, #487, #2676, #585, #2175, #3377, #2155, #1188, #2449, #1540, #3766, #4032, #1225, #3069, #2787, #2764, #2469, #3423, #2118, #886, #204, #3743, #539, #1806, #4050, #1206, #1849, #556, #223, #1476, #3358, #3444, #1163, #3723, #2135, #928, #3114, #3395, #517, #270, #1825, #2804, #4071, #3095, #250, #1518, #2487, #604, #3701, #1787, #2738, #4005, #2426, #2692, #3293, #791, #2649, #1389, #2989, #3044, #3005, #480, #3914, #2414, #2064, #768, #447, #2393, #1154 ),
 ( #1426, #180, #3647, #1136, #3667, #1449, #529, #2372, #2971, #3959, #1755, #2034, #2711, #119, #1115, #809, #3349, #3998, #3693, #3326, #153, #828, #3625, #3025, #2084, #197, #508, #1076, #2332, #1778, #1467, #2732, #855, #2109, #3369, #3601, #1723, #2050, #136, #1407, #2668, #3934, #1093, #2353, #3309, #461, #1738, #4105, #2128, #1551, #1533, #2797, #4044, #618, #2168, #1245, #2813, #2460, #2842, #875, #2147, #264, #577, #940, #3757, #2209, #598, #4062, #3109, #302, #1267, #3735, #2479, #2520, #3458, #3085, #3412, #1490, #922, #3388, #2754, #4083, #3438, #4024, #1843, #244, #281, #217, #2442, #1513, #3795, #900, #3714, #1864, #3128, #2500, #2190, #1881, #959, #1798, #3062, #1014, #3867, #358, #68, #400, #682, #704, #1598, #639, #3893, #1034, #1938, #2905, #1327, #1675, #3532, #729, #2232, #2581, #2943 ) ),
 .UNSPECIFIED., .F., .F., .T. ) 
 B_SPLINE_SURFACE_WITH_KNOTS ( ( 2, 2 ),
 ( 3, 2, 2, 2, 2, 2, 2, 2, 2, 2, 2, 2, 2, 2, 2, 2, 2, 2, 2, 2, 2, 2, 2, 2, 2, 2, 2, 2, 2, 2, 2, 2, 2, 2, 2, 2, 2, 2, 2, 2, 2, 2, 2, 2, 2, 2, 2, 2, 2, 2, 2, 2, 2, 2, 2, 2, 2, 2, 2, 2, 3 ),
 ( 0.0000000000000000000, 1.000000000000000000 ),
 ( 0.0000000000000000000, 0.01666666666666666644, 0.03333333333333333287, 0.05000000000000000278, 0.06666666666666666574, 0.08333333333333332871, 0.1000000000000000056, 0.1166666666666666685, 0.1333333333333333315, 0.1499999999999999944, 0.1666666666666666574, 0.1833333333333333204, 0.2000000000000000111, 0.2166666666666666741, 0.2333333333333333370, 0.2500000000000000000, 0.2666666666666666630, 0.2833333333333333259, 0.2999999999999999889, 0.3166666666666666519, 0.3333333333333333148, 0.3499999999999999778, 0.3666666666666666408, 0.3833333333333333592, 0.4000000000000000222, 0.4166666666666666852, 0.4333333333333333481, 0.4500000000000000111, 0.4666666666666666741, 0.4833333333333333370, 0.5000000000000000000, 0.5166666666666667185, 0.5333333333333333259, 0.5500000000000000444, 0.5666666666666666519, 0.5833333333333333703, 0.5999999999999999778, 0.6166666666666666963, 0.6333333333333333037, 0.6500000000000000222, 0.6666666666666666297, 0.6833333333333333481, 0.6999999999999999556, 0.7166666666666666741, 0.7333333333333332815, 0.7500000000000000000, 0.7666666666666667185, 0.7833333333333333259, 0.8000000000000000444, 0.8166666666666666519, 0.8333333333333333703, 0.8499999999999999778, 0.8666666666666666963, 0.8833333333333333037, 0.9000000000000000222, 0.9166666666666666297, 0.9333333333333333481, 0.9499999999999999556, 0.9666666666666666741, 0.9833333333333332815, 1.000000000000000000 ),
 .UNSPECIFIED. ) 
 GEOMETRIC_REPRESENTATION_ITEM ( )  RATIONAL_B_SPLINE_SURFACE ( (
 ( 1.000000000000000000, 0.8660254037844387076, 1.000000000000000000, 0.8660254037844387076, 1.000000000000000000, 0.8660254037844387076, 1.000000000000000000, 0.8660254037844387076, 1.000000000000000000, 0.8660254037844387076, 1.000000000000000000, 0.8660254037844387076, 1.000000000000000000, 0.8660254037844387076, 1.000000000000000000, 0.8660254037844387076, 1.000000000000000000, 0.8660254037844387076, 1.000000000000000000, 0.8660254037844387076, 1.000000000000000000, 0.8660254037844387076, 1.000000000000000000, 0.8660254037844387076, 1.000000000000000000, 0.8660254037844387076, 1.000000000000000000, 0.8660254037844387076, 1.000000000000000000, 0.8660254037844387076, 1.000000000000000000, 0.8660254037844387076, 1.000000000000000000, 0.8660254037844387076, 1.000000000000000000, 0.8660254037844387076, 1.000000000000000000, 0.8660254037844387076, 1.000000000000000000, 0.8660254037844387076, 1.000000000000000000, 0.8660254037844387076, 1.000000000000000000, 0.8660254037844387076, 1.000000000000000000, 0.8660254037844387076, 1.000000000000000000, 0.8660254037844387076, 1.000000000000000000, 0.8660254037844387076, 1.000000000000000000, 0.8660254037844387076, 1.000000000000000000, 0.8660254037844387076, 1.000000000000000000, 0.8660254037844387076, 1.000000000000000000, 0.8660254037844387076, 1.000000000000000000, 0.8660254037844387076, 1.000000000000000000, 0.8660254037844387076, 1.000000000000000000, 0.8660254037844387076, 1.000000000000000000, 0.8660254037844387076, 1.000000000000000000, 0.8660254037844387076, 1.000000000000000000, 0.8660254037844387076, 1.000000000000000000, 0.8660254037844387076, 1.000000000000000000, 0.8660254037844387076, 1.000000000000000000, 0.8660254037844387076, 1.000000000000000000, 0.8660254037844387076, 1.000000000000000000, 0.8660254037844387076, 1.000000000000000000, 0.8660254037844387076, 1.000000000000000000, 0.8660254037844387076, 1.000000000000000000, 0.8660254037844387076, 1.000000000000000000, 0.8660254037844387076, 1.000000000000000000, 0.8660254037844387076, 1.000000000000000000, 0.8660254037844387076, 1.000000000000000000, 0.8660254037844387076, 1.000000000000000000, 0.8660254037844387076, 1.000000000000000000, 0.8660254037844387076, 1.000000000000000000, 0.8660254037844387076, 1.000000000000000000, 0.8660254037844387076, 1.000000000000000000, 0.8660254037844387076, 1.000000000000000000, 0.8660254037844387076, 1.000000000000000000, 0.8660254037844387076, 1.000000000000000000, 0.8660254037844387076, 1.000000000000000000, 0.8660254037844387076, 1.000000000000000000, 0.8660254037844387076, 1.000000000000000000, 0.8660254037844387076, 1.000000000000000000, 0.8660254037844387076, 1.000000000000000000, 0.8660254037844387076, 1.000000000000000000),
 ( 1.000000000000000000, 0.8660254037844387076, 1.000000000000000000, 0.8660254037844387076, 1.000000000000000000, 0.8660254037844387076, 1.000000000000000000, 0.8660254037844387076, 1.000000000000000000, 0.8660254037844387076, 1.000000000000000000, 0.8660254037844387076, 1.000000000000000000, 0.8660254037844387076, 1.000000000000000000, 0.8660254037844387076, 1.000000000000000000, 0.8660254037844387076, 1.000000000000000000, 0.8660254037844387076, 1.000000000000000000, 0.8660254037844387076, 1.000000000000000000, 0.8660254037844387076, 1.000000000000000000, 0.8660254037844387076, 1.000000000000000000, 0.8660254037844387076, 1.000000000000000000, 0.8660254037844387076, 1.000000000000000000, 0.8660254037844387076, 1.000000000000000000, 0.8660254037844387076, 1.000000000000000000, 0.8660254037844387076, 1.000000000000000000, 0.8660254037844387076, 1.000000000000000000, 0.8660254037844387076, 1.000000000000000000, 0.8660254037844387076, 1.000000000000000000, 0.8660254037844387076, 1.000000000000000000, 0.8660254037844387076, 1.000000000000000000, 0.8660254037844387076, 1.000000000000000000, 0.8660254037844387076, 1.000000000000000000, 0.8660254037844387076, 1.000000000000000000, 0.8660254037844387076, 1.000000000000000000, 0.8660254037844387076, 1.000000000000000000, 0.8660254037844387076, 1.000000000000000000, 0.8660254037844387076, 1.000000000000000000, 0.8660254037844387076, 1.000000000000000000, 0.8660254037844387076, 1.000000000000000000, 0.8660254037844387076, 1.000000000000000000, 0.8660254037844387076, 1.000000000000000000, 0.8660254037844387076, 1.000000000000000000, 0.8660254037844387076, 1.000000000000000000, 0.8660254037844387076, 1.000000000000000000, 0.8660254037844387076, 1.000000000000000000, 0.8660254037844387076, 1.000000000000000000, 0.8660254037844387076, 1.000000000000000000, 0.8660254037844387076, 1.000000000000000000, 0.8660254037844387076, 1.000000000000000000, 0.8660254037844387076, 1.000000000000000000, 0.8660254037844387076, 1.000000000000000000, 0.8660254037844387076, 1.000000000000000000, 0.8660254037844387076, 1.000000000000000000, 0.8660254037844387076, 1.000000000000000000, 0.8660254037844387076, 1.000000000000000000, 0.8660254037844387076, 1.000000000000000000, 0.8660254037844387076, 1.000000000000000000, 0.8660254037844387076, 1.000000000000000000, 0.8660254037844387076, 1.000000000000000000, 0.8660254037844387076, 1.000000000000000000, 0.8660254037844387076, 1.000000000000000000, 0.8660254037844387076, 1.000000000000000000, 0.8660254037844387076, 1.000000000000000000, 0.8660254037844387076, 1.000000000000000000, 0.8660254037844387076, 1.000000000000000000, 0.8660254037844387076, 1.000000000000000000, 0.8660254037844387076, 1.000000000000000000) ) ) 
 REPRESENTATION_ITEM ( '' )  SURFACE ( )  );
#1113 = CARTESIAN_POINT ( 'NONE',  ( 8.486332128962768451, 6.781287849684058067, -3.199999999999998845 ) ) ;
#1114 = DIRECTION ( 'NONE',  ( -1.000000000000000000, 0.0000000000000000000, -0.0000000000000000000 ) ) ;
#1115 = CARTESIAN_POINT ( 'NONE',  ( 7.145833326362040161, 5.531779326452235246, 3.090962716680367706 ) ) ;
#1116 = ORIENTED_EDGE ( 'NONE', *, *, #388, .F. ) ;
#1117 =( NAMED_UNIT ( * ) SI_UNIT ( $, .STERADIAN. ) SOLID_ANGLE_UNIT ( ) );
#1118 = VERTEX_POINT ( 'NONE', #3521 ) ;
#1119 = EDGE_CURVE ( 'NONE', #117, #3752, #1974, .T. ) ;
#1120 = EDGE_CURVE ( 'NONE', #3397, #2201, #3282, .T. ) ;
#1121 = ORIENTED_EDGE ( 'NONE', *, *, #80, .T. ) ;
#1122 = CARTESIAN_POINT ( 'NONE',  ( 9.409999999999998366, 6.410000000000001030, -0.2958039891549808509 ) ) ;
#1123 = CARTESIAN_POINT ( 'NONE',  ( 10.18749999302870712, 3.747211169921727869, 2.612789287859151433 ) ) ;
#1124 = EDGE_CURVE ( 'NONE', #1745, #1139, #1332, .T. ) ;
#1125 = ORIENTED_EDGE ( 'NONE', *, *, #4047, .T. ) ;
#1126 = ORIENTED_EDGE ( 'NONE', *, *, #470, .F. ) ;
#1127 = FACE_BOUND ( 'NONE', #1330, .T. ) ;
#1128 = CARTESIAN_POINT ( 'NONE',  ( 8.120833326362040694, 9.929136313061015073, 0.9563468576424295486 ) ) ;
#1129 = CARTESIAN_POINT ( 'NONE',  ( 7.112499993028706946, 4.342207097714918085, -2.017792548752169957 ) ) ;
#1130 = CARTESIAN_POINT ( 'NONE',  ( 9.592393285699465366, 7.685483563808818808, 3.200000000000000178 ) ) ;
#1131 = CARTESIAN_POINT ( 'NONE',  ( 35.75096679918780751, 6.360000000000000320, -3.200000000000000178 ) ) ;
#1132 = DIRECTION ( 'NONE',  ( 0.0000000000000000000, -0.0000000000000000000, 1.000000000000000000 ) ) ;
#1133 = DIRECTION ( 'NONE',  ( -0.0000000000000000000, 0.0000000000000000000, 1.000000000000000000 ) ) ;
#1134 = DIRECTION ( 'NONE',  ( 1.000000000000000000, 0.0000000000000000000, 0.0000000000000000000 ) ) ;
#1135 =( BOUNDED_CURVE ( )  B_SPLINE_CURVE ( 2, ( #3568, #435, #2016, #3858, #718, #739, #3258, #125, #1999 ),
 .UNSPECIFIED., .F., .F. ) 
 B_SPLINE_CURVE_WITH_KNOTS ( ( 3, 2, 2, 2, 3 ),
 ( 0.7124277831353658108, 0.7166666666666666741, 0.7333333333333332815, 0.7500000000000000000, 0.7624277831353658552 ),
 .UNSPECIFIED. ) 
 CURVE ( )  GEOMETRIC_REPRESENTATION_ITEM ( )  RATIONAL_B_SPLINE_CURVE ( ( 0.9491840436463323538, 0.9659258374293505645, 1.000000000000000000, 0.8660254037844387076, 1.000000000000000000, 0.8660254037844387076, 1.000000000000000000, 0.9000995663550881432, 0.9491840436463323538 ) ) 
 REPRESENTATION_ITEM ( '' )  );
#1136 = CARTESIAN_POINT ( 'NONE',  ( 6.687499993028707124, 3.747211169921727869, 2.612789287859151433 ) ) ;
#1137 = ORIENTED_EDGE ( 'NONE', *, *, #2566, .F. ) ;
#1138 = CARTESIAN_POINT ( 'NONE',  ( -2.029999999999999361, 0.5000000000000000000, -3.500000000000000000 ) ) ;
#1139 = VERTEX_POINT ( 'NONE', #1624 ) ;
#1140 = APPLICATION_CONTEXT ( 'automotive_design' ) ;
#1141 = CARTESIAN_POINT ( 'NONE',  ( 8.475734920505484382, 6.360000000000001208, -3.199999999999998401 ) ) ;
#1142 = DIRECTION ( 'NONE',  ( 0.0000000000000000000, 0.0000000000000000000, -1.000000000000000000 ) ) ;
#1143 = CARTESIAN_POINT ( 'NONE',  ( 9.537499993028706768, 8.972788830078272326, -2.612789287859152321 ) ) ;
#1144 = CARTESIAN_POINT ( 'NONE',  ( 7.654166659695373021, 5.507180168905804862, -3.182765824055378445 ) ) ;
#1145 = VERTEX_POINT ( 'NONE', #3154 ) ;
#1146 = EDGE_CURVE ( 'NONE', #3539, #3063, #853, .T. ) ;
#1147 = CARTESIAN_POINT ( 'NONE',  ( 7.375734920505487402, 6.360000000000001208, -3.199999999999998401 ) ) ;
#1148 = CARTESIAN_POINT ( 'NONE',  ( 9.875734920505488290, 6.359999999999999432, -3.199999999999998845 ) ) ;
#1149 = CARTESIAN_POINT ( 'NONE',  ( 0.0000000000000000000, -5.736051224213831290, 0.0000000000000000000 ) ) ;
#1150 = DIRECTION ( 'NONE',  ( 0.0000000000000000000, 0.0000000000000000000, -1.000000000000000000 ) ) ;
#1151 = FACE_OUTER_BOUND ( 'NONE', #1074, .T. ) ;
#1152 = VERTEX_POINT ( 'NONE', #1251 ) ;
#1153 = LINE ( 'NONE', #3898, #2219 ) ;
#1154 = CARTESIAN_POINT ( 'NONE',  ( 11.36249999302870606, 8.377792902285083443, 2.017792548752169512 ) ) ;
#1155 = ORIENTED_EDGE ( 'NONE', *, *, #3101, .T. ) ;
#1156 = EDGE_LOOP ( 'NONE', ( #1943, #3639, #2192, #3960, #1126, #2089 ) ) ;
#1157 =( BOUNDED_CURVE ( )  B_SPLINE_CURVE ( 2, ( #696, #1958, #3219, #2937, #351, #1262, #2245, #2898, #3163 ),
 .UNSPECIFIED., .F., .F. ) 
 B_SPLINE_CURVE_WITH_KNOTS ( ( 3, 2, 2, 2, 3 ),
 ( 0.2624277831353657997, 0.2666666666666666630, 0.2833333333333333259, 0.2999999999999999889, 0.3124277831353657886 ),
 .UNSPECIFIED. ) 
 CURVE ( )  GEOMETRIC_REPRESENTATION_ITEM ( )  RATIONAL_B_SPLINE_CURVE ( ( 0.9491840436463323538, 0.9659258374293504534, 1.000000000000000000, 0.8660254037844387076, 1.000000000000000000, 0.8660254037844387076, 1.000000000000000000, 0.9000995663550882542, 0.9491840436463323538 ) ) 
 REPRESENTATION_ITEM ( '' )  );
#1158 = MECHANICAL_DESIGN_GEOMETRIC_PRESENTATION_REPRESENTATION (  '', ( #833 ), #2023 ) ;
#1159 = AXIS2_PLACEMENT_3D ( 'NONE', #1275, #2527, #2218 ) ;
#1160 = CARTESIAN_POINT ( 'NONE',  ( 3.500000000000000000, 0.5000000000000000000, 2.029999999999999805 ) ) ;
#1161 = CARTESIAN_POINT ( 'NONE',  ( 9.599999999999999645, 6.410000000000001030, -0.4270831300812557019 ) ) ;
#1162 = DIRECTION ( 'NONE',  ( 1.000000000000000000, 0.0000000000000000000, 0.0000000000000000000 ) ) ;
#1163 = CARTESIAN_POINT ( 'NONE',  ( 9.862499993028706058, 8.377792902285083443, 2.017792548752169512 ) ) ;
#1164 = CIRCLE ( 'NONE', #3543, 2.699999999999999289 ) ;
#1165 = AXIS2_PLACEMENT_3D ( 'NONE', #2525, #1558, #622 ) ;
#1166 = AXIS2_PLACEMENT_3D ( 'NONE', #2102, #2855, #3490 ) ;
#1167 = AXIS2_PLACEMENT_3D ( 'NONE', #4059, #938, #1878 ) ;
#1168 = EDGE_LOOP ( 'NONE', ( #1493, #1591, #278, #2481 ) ) ;
#1169 = LINE ( 'NONE', #3379, #1231 ) ;
#1170 = CARTESIAN_POINT ( 'NONE',  ( 11.09999999999999787, 9.559866947228535139, 0.02918081620412977042 ) ) ;
#1171 = CARTESIAN_POINT ( 'NONE',  ( 7.737499993028706058, 8.689946142381772987, -2.329946550606417421 ) ) ;
#1172 = VECTOR ( 'NONE', #3414, 1000.000000000000000 ) ;
#1173 = EDGE_CURVE ( 'NONE', #570, #3241, #2504, .T. ) ;
#1174 = DIRECTION ( 'NONE',  ( 1.000000000000000000, 0.0000000000000000000, 0.0000000000000000000 ) ) ;
#1175 = AXIS2_PLACEMENT_3D ( 'NONE', #419, #3910, #2329 ) ;
#1176 = FACE_OUTER_BOUND ( 'NONE', #1896, .T. ) ;
#1177 = CARTESIAN_POINT ( 'NONE',  ( 10.16249999302870677, 8.622741898021878626, 2.262741501572007596 ) ) ;
#1178 = ORIENTED_EDGE ( 'NONE', *, *, #3963, .F. ) ;
#1179 = FACE_OUTER_BOUND ( 'NONE', #1672, .T. ) ;
#1180 = CARTESIAN_POINT ( 'NONE',  ( 6.999999999999998224, 7.091253610944189489, 2.944190928021306330 ) ) ;
#1181 = CARTESIAN_POINT ( 'NONE',  ( 10.66249999302870677, 8.622741898021878626, 2.262741501572008485 ) ) ;
#1182 = ORIENTED_EDGE ( 'NONE', *, *, #3907, .T. ) ;
#1183 = DIRECTION ( 'NONE',  ( 0.0000000000000000000, 0.0000000000000000000, -1.000000000000000000 ) ) ;
#1184 = EDGE_LOOP ( 'NONE', ( #3614, #3230 ) ) ;
#1185 = DIRECTION ( 'NONE',  ( 1.000000000000000000, -0.0000000000000000000, -0.0000000000000000000 ) ) ;
#1186 = FACE_OUTER_BOUND ( 'NONE', #942, .T. ) ;
#1187 = CARTESIAN_POINT ( 'NONE',  ( 10.12573492050548829, 6.359999999999996767, 3.199999999999999289 ) ) ;
#1188 = CARTESIAN_POINT ( 'NONE',  ( 8.820833326362039983, 9.542765973475969332, 0.8528192734489589144 ) ) ;
#1189 = ORIENTED_EDGE ( 'NONE', *, *, #3198, .T. ) ;
#1190 = DIRECTION ( 'NONE',  ( 1.000000000000000000, 0.0000000000000000000, 0.0000000000000000000 ) ) ;
#1191 = CARTESIAN_POINT ( 'NONE',  ( 11.08900282860010122, 9.563844116060407075, -0.4069417034548662992 ) ) ;
#1192 = CARTESIAN_POINT ( 'NONE',  ( 8.987499993028707834, 4.030053857618227653, 2.329946550606416977 ) ) ;
#1193 = CARTESIAN_POINT ( 'NONE',  ( 9.479166659695373198, 9.450962571569643700, -0.8282212151083626628 ) ) ;
#1194 = LINE ( 'NONE', #294, #3676 ) ;
#1195 = CARTESIAN_POINT ( 'NONE',  ( 10.03749999302870677, 8.972788830078272326, -2.612789287859152321 ) ) ;
#1196 = ORIENTED_EDGE ( 'NONE', *, *, #1532, .T. ) ;
#1197 = CARTESIAN_POINT ( 'NONE',  ( 9.937499993028707124, 8.972788830078272326, -2.612789287859152321 ) ) ;
#1198 = CARTESIAN_POINT ( 'NONE',  ( 6.599999999999998757, 6.360000000000001208, 0.2999999999999999889 ) ) ;
#1199 = CARTESIAN_POINT ( 'NONE',  ( 7.820833326362040872, 9.542765973475969332, 0.8528192734489598026 ) ) ;
#1200 = DIRECTION ( 'NONE',  ( 1.000000000000000000, -0.0000000000000000000, 0.0000000000000000000 ) ) ;
#1201 = ORIENTED_EDGE ( 'NONE', *, *, #1297, .T. ) ;
#1202 = ADVANCED_FACE ( 'NONE', ( #344, #2887 ), #2194, .T. ) ;
#1203 = EDGE_CURVE ( 'NONE', #3012, #2171, #1499, .T. ) ;
#1204 = CARTESIAN_POINT ( 'NONE',  ( 11.10000000000000142, 4.211128632564900443, -1.927837466725588200 ) ) ;
#1205 = CARTESIAN_POINT ( 'NONE',  ( 9.245833326362040694, 5.531779326452235246, 3.090962716680367706 ) ) ;
#1206 = CARTESIAN_POINT ( 'NONE',  ( 9.570833326362039983, 3.177234026524031307, -0.8528192734489599136 ) ) ;
#1207 = DIRECTION ( 'NONE',  ( 0.0000000000000000000, 0.0000000000000000000, -1.000000000000000000 ) ) ;
#1208 = FACE_BOUND ( 'NONE', #3370, .T. ) ;
#1209 = CARTESIAN_POINT ( 'NONE',  ( 9.279166659695373909, 9.116356057928870271, -0.7385636385787300862 ) ) ;
#1210 = DIRECTION ( 'NONE',  ( 1.000000000000000000, -0.0000000000000000000, -0.0000000000000000000 ) ) ;
#1211 = PRESENTATION_STYLE_ASSIGNMENT (( #2185 ) ) ;
#1212 = DIRECTION ( 'NONE',  ( 0.0000000000000000000, 0.0000000000000000000, 1.000000000000000000 ) ) ;
#1213 = VERTEX_POINT ( 'NONE', #688 ) ;
#1214 = DIRECTION ( 'NONE',  ( -1.000000000000000000, -0.0000000000000000000, -0.0000000000000000000 ) ) ;
#1215 = CARTESIAN_POINT ( 'NONE',  ( -2.029999999999999361, -0.0000000000000000000, -3.500000000000000000 ) ) ;
#1216 = CARTESIAN_POINT ( 'NONE',  ( 7.945833326362040872, 5.621436844356212603, 2.756356187330898155 ) ) ;
#1217 = CARTESIAN_POINT ( 'NONE',  ( 9.529999999999999361, 6.310000000000000497, -0.4974937185533099271 ) ) ;
#1218 = ORIENTED_EDGE ( 'NONE', *, *, #3525, .F. ) ;
#1219 = ADVANCED_FACE ( 'NONE', ( #2257 ), #1944, .F. ) ;
#1220 = EDGE_CURVE ( 'NONE', #2834, #3752, #366, .T. ) ;
#1221 = CARTESIAN_POINT ( 'NONE',  ( 8.287499993028706768, 3.747211169921727869, 2.612789287859151433 ) ) ;
#1222 = EDGE_CURVE ( 'NONE', #2019, #389, #2731, .T. ) ;
#1223 = FACE_OUTER_BOUND ( 'NONE', #1548, .T. ) ;
#1224 = CARTESIAN_POINT ( 'NONE',  ( 7.662499993028707657, 8.622741898021878626, 2.262741501572008485 ) ) ;
#1225 = CARTESIAN_POINT ( 'NONE',  ( 9.029166659695372132, 3.603643942071131256, 0.7385636385787287539 ) ) ;
#1226 = VECTOR ( 'NONE', #1524, 1000.000000000000000 ) ;
#1227 = AXIS2_PLACEMENT_3D ( 'NONE', #2072, #1108, #1746 ) ;
#1228 = ADVANCED_FACE ( 'NONE', ( #97 ), #3272, .T. ) ;
#1229 = AXIS2_PLACEMENT_3D ( 'NONE', #1981, #3862, #2513 ) ;
#1230 = DIRECTION ( 'NONE',  ( -1.000000000000000000, -0.0000000000000000000, -0.0000000000000000000 ) ) ;
#1231 = VECTOR ( 'NONE', #3398, 1000.000000000000000 ) ;
#1232 = DIRECTION ( 'NONE',  ( 0.0000000000000000000, 0.0000000000000000000, -1.000000000000000000 ) ) ;
#1233 = CARTESIAN_POINT ( 'NONE',  ( 7.695833326362039983, 7.098563155643788036, -2.756356187330898599 ) ) ;
#1234 = CARTESIAN_POINT ( 'NONE',  ( 3.049999999999999822, -3.939999999999999947, -2.029999999999999805 ) ) ;
#1235 = AXIS2_PLACEMENT_3D ( 'NONE', #3074, #563, #1441 ) ;
#1236 = AXIS2_PLACEMENT_3D ( 'NONE', #286, #1291, #1925 ) ;
#1237 = FACE_OUTER_BOUND ( 'NONE', #3971, .T. ) ;
#1238 = CARTESIAN_POINT ( 'NONE',  ( 2.571758278209441464E-16, 0.6999999999999999556, 2.000000000000000000 ) ) ;
#1239 = ORIENTED_EDGE ( 'NONE', *, *, #1586, .T. ) ;
#1240 = DIRECTION ( 'NONE',  ( 0.0000000000000000000, 0.0000000000000000000, -1.000000000000000000 ) ) ;
#1241 = VECTOR ( 'NONE', #912, 1000.000000000000000 ) ;
#1242 = AXIS2_PLACEMENT_3D ( 'NONE', #3906, #210, #3680 ) ;
#1243 = CARTESIAN_POINT ( 'NONE',  ( 8.487499993028706058, 4.030053857618227653, 2.329946550606417421 ) ) ;
#1244 = AXIS2_PLACEMENT_3D ( 'NONE', #2222, #3773, #1568 ) ;
#1245 = CARTESIAN_POINT ( 'NONE',  ( 8.854166659695374975, 5.403652517017258461, -3.569136145501582646 ) ) ;
#1246 = CARTESIAN_POINT ( 'NONE',  ( 7.875734920505486514, 6.360000000000001208, -3.199999999999998401 ) ) ;
#1247 = EDGE_LOOP ( 'NONE', ( #2969, #1016, #3513, #200, #2979, #876 ) ) ;
#1248 = VECTOR ( 'NONE', #174, 1000.000000000000000 ) ;
#1249 = EDGE_CURVE ( 'NONE', #3864, #2035, #3982, .T. ) ;
#1250 = DIRECTION ( 'NONE',  ( 1.000000000000000000, -0.0000000000000000000, -0.0000000000000000000 ) ) ;
#1251 = CARTESIAN_POINT ( 'NONE',  ( 7.125734920505486514, 6.359999999999998543, 3.199999999999998401 ) ) ;
#1252 = CARTESIAN_POINT ( 'NONE',  ( 7.704166659695373731, 7.316347482982742179, 3.569136145501583979 ) ) ;
#1253 = EDGE_CURVE ( 'NONE', #801, #1336, #3233, .T. ) ;
#1254 = EDGE_CURVE ( 'NONE', #3343, #2623, #1987, .T. ) ;
#1255 = CARTESIAN_POINT ( 'NONE',  ( 0.0000000000000000000, 1.699999999999999956, -3.300000000000000266 ) ) ;
#1256 = DIRECTION ( 'NONE',  ( -0.0000000000000000000, -1.000000000000000000, -0.0000000000000000000 ) ) ;
#1257 = CARTESIAN_POINT ( 'NONE',  ( 8.445833326362039983, 5.621436844356212603, 2.756356187330898155 ) ) ;
#1258 = EDGE_CURVE ( 'NONE', #93, #1213, #1153, .T. ) ;
#1259 = EDGE_CURVE ( 'NONE', #402, #2227, #3347, .T. ) ;
#1260 = CARTESIAN_POINT ( 'NONE',  ( 2.029999999999999805, -3.939999999999999947, -2.029999999999999805 ) ) ;
#1261 = ORIENTED_EDGE ( 'NONE', *, *, #558, .T. ) ;
#1262 = CARTESIAN_POINT ( 'NONE',  ( 7.620833326362040694, 9.929136313061015073, 0.9563468576424295486 ) ) ;
#1263 = CARTESIAN_POINT ( 'NONE',  ( 10.22573492050548793, 6.360000000000002984, 3.199999999999999289 ) ) ;
#1264 = ORIENTED_EDGE ( 'NONE', *, *, #1507, .T. ) ;
#1265 = CYLINDRICAL_SURFACE ( 'NONE', #3402, 0.2999999999999999889 ) ;
#1266 = CARTESIAN_POINT ( 'NONE',  ( 9.654166659695373909, 5.507180168905804862, -3.182765824055378889 ) ) ;
#1267 = CARTESIAN_POINT ( 'NONE',  ( 9.479166659695373198, 9.450962571569643700, -0.8282212151083626628 ) ) ;
#1268 = CARTESIAN_POINT ( 'NONE',  ( 8.125734920505486514, 6.359999999999998543, 3.199999999999998401 ) ) ;
#1269 = VERTEX_POINT ( 'NONE', #215 ) ;
#1270 = CARTESIAN_POINT ( 'NONE',  ( 0.0000000000000000000, 0.6999999999999999556, 0.0000000000000000000 ) ) ;
#1271 = ORIENTED_EDGE ( 'NONE', *, *, #3576, .T. ) ;
#1272 = CARTESIAN_POINT ( 'NONE',  ( -6.299999999999999822, 1.699999999999999734, 0.0000000000000000000 ) ) ;
#1273 = CARTESIAN_POINT ( 'NONE',  ( 6.912499993028706768, 4.097258101978122902, -2.262741501572008040 ) ) ;
#1274 =( BOUNDED_CURVE ( )  B_SPLINE_CURVE ( 2, ( #3017, #3952, #3617, #762, #441, #3924, #3594, #1771, #3285 ),
 .UNSPECIFIED., .F., .T. ) 
 B_SPLINE_CURVE_WITH_KNOTS ( ( 3, 2, 2, 2, 3 ),
 ( 0.8124277831353657886, 0.8166666666666666519, 0.8333333333333333703, 0.8499999999999999778, 0.8624277831353658330 ),
 .UNSPECIFIED. ) 
 CURVE ( )  GEOMETRIC_REPRESENTATION_ITEM ( )  RATIONAL_B_SPLINE_CURVE ( ( 0.9491840436463321318, 0.9659258374293503424, 1.000000000000000000, 0.8660254037844387076, 1.000000000000000000, 0.8660254037844387076, 1.000000000000000000, 0.9000995663550881432, 0.9491840436463323538 ) ) 
 REPRESENTATION_ITEM ( '' )  );
#1275 = CARTESIAN_POINT ( 'NONE',  ( 3.500000000000003109, 6.360000000000001208, 0.0000000000000000000 ) ) ;
#1276 = CARTESIAN_POINT ( 'NONE',  ( -6.299999999999999822, 2.860000000000000764, 0.0000000000000000000 ) ) ;
#1277 = CARTESIAN_POINT ( 'NONE',  ( 7.120833326362040694, 9.929136313061015073, 0.9563468576424295486 ) ) ;
#1278 = EDGE_CURVE ( 'NONE', #2396, #3839, #3759, .T. ) ;
#1279 = EDGE_CURVE ( 'NONE', #2019, #2317, #177, .T. ) ;
#1280 = ORIENTED_EDGE ( 'NONE', *, *, #3877, .F. ) ;
#1281 = CARTESIAN_POINT ( 'NONE',  ( 9.409999999999998366, 6.410000000000001030, -0.4974937185533100381 ) ) ;
#1282 = LINE ( 'NONE', #698, #3607 ) ;
#1283 = ORIENTED_EDGE ( 'NONE', *, *, #852, .T. ) ;
#1284 = DIRECTION ( 'NONE',  ( 0.0000000000000000000, 0.0000000000000000000, -1.000000000000000000 ) ) ;
#1285 = CARTESIAN_POINT ( 'NONE',  ( 9.737499993028706058, 8.689946142381774763, -2.329946550606417865 ) ) ;
#1286 = CARTESIAN_POINT ( 'NONE',  ( 6.999999999999998224, 4.380075354798258047, -2.354054876675948371 ) ) ;
#1287 = LINE ( 'NONE', #3439, #374 ) ;
#1288 = EDGE_LOOP ( 'NONE', ( #687, #649, #1001, #2604, #2703, #3440 ) ) ;
#1289 = LINE ( 'NONE', #2541, #370 ) ;
#1290 = VERTEX_POINT ( 'NONE', #1448 ) ;
#1291 = DIRECTION ( 'NONE',  ( -1.000000000000000000, -0.0000000000000000000, -0.0000000000000000000 ) ) ;
#1292 = CARTESIAN_POINT ( 'NONE',  ( 6.995833326362040694, 7.188220673547766282, -3.090962716680368594 ) ) ;
#1293 = DIRECTION ( 'NONE',  ( -1.000000000000000000, 0.0000000000000000000, -0.0000000000000000000 ) ) ;
#1294 = LINE ( 'NONE', #2551, #573 ) ;
#1295 = CARTESIAN_POINT ( 'NONE',  ( 8.125734920505486514, 6.359999999999998543, 3.199999999999998401 ) ) ;
#1296 =( BOUNDED_CURVE ( )  B_SPLINE_CURVE ( 2, ( #2603, #1035, #2296, #1989, #3246, #1361, #3578, #401, #2944 ),
 .UNSPECIFIED., .F., .F. ) 
 B_SPLINE_CURVE_WITH_KNOTS ( ( 3, 2, 2, 2, 3 ),
 ( 0.1124277831353658191, 0.1166666666666666685, 0.1333333333333333315, 0.1499999999999999944, 0.1624277831353657942 ),
 .UNSPECIFIED. ) 
 CURVE ( )  GEOMETRIC_REPRESENTATION_ITEM ( )  RATIONAL_B_SPLINE_CURVE ( ( 0.9491840436463323538, 0.9659258374293505645, 1.000000000000000000, 0.8660254037844387076, 1.000000000000000000, 0.8660254037844387076, 1.000000000000000000, 0.9000995663550882542, 0.9491840436463323538 ) ) 
 REPRESENTATION_ITEM ( '' )  );
#1297 = EDGE_CURVE ( 'NONE', #3583, #3042, #2002, .T. ) ;
#1298 = VECTOR ( 'NONE', #1890, 1000.000000000000000 ) ;
#1299 = LINE ( 'NONE', #64, #161 ) ;
#1300 = DIRECTION ( 'NONE',  ( 0.0000000000000000000, 0.0000000000000000000, -1.000000000000000000 ) ) ;
#1301 = ORIENTED_EDGE ( 'NONE', *, *, #3076, .F. ) ;
#1302 = LINE ( 'NONE', #996, #1969 ) ;
#1303 = CARTESIAN_POINT ( 'NONE',  ( 10.73749999302870428, 8.689946142381774763, -2.329946550606417865 ) ) ;
#1304 = AXIS2_PLACEMENT_3D ( 'NONE', #504, #1447, #2778 ) ;
#1305 = ADVANCED_FACE ( 'NONE', ( #3875 ), #1044, .F. ) ;
#1306 = VECTOR ( 'NONE', #712, 1000.000000000000000 ) ;
#1307 = EDGE_CURVE ( 'NONE', #2035, #376, #1062, .T. ) ;
#1308 = CYLINDRICAL_SURFACE ( 'NONE', #1095, 3.200000000000000178 ) ;
#1309 = CYLINDRICAL_SURFACE ( 'NONE', #3697, 2.699999999999999289 ) ;
#1310 = AXIS2_PLACEMENT_3D ( 'NONE', #1638, #1988, #1360 ) ;
#1311 = EDGE_LOOP ( 'NONE', ( #439, #818, #862, #1752 ) ) ;
#1312 = ADVANCED_FACE ( 'NONE', ( #3808 ), #321, .F. ) ;
#1313 = AXIS2_PLACEMENT_3D ( 'NONE', #2821, #4090, #1582 ) ;
#1314 = ORIENTED_EDGE ( 'NONE', *, *, #80, .F. ) ;
#1315 = MECHANICAL_DESIGN_GEOMETRIC_PRESENTATION_REPRESENTATION (  '', ( #179 ), #786 ) ;
#1316 = DIRECTION ( 'NONE',  ( 0.0000000000000000000, 0.0000000000000000000, -1.000000000000000000 ) ) ;
#1317 = CARTESIAN_POINT ( 'NONE',  ( 9.620833326362040694, 9.929136313061015073, 0.9563468576424304368 ) ) ;
#1318 = CARTESIAN_POINT ( 'NONE',  ( 11.09999999999999787, 4.036481421500841549, -1.656573687368323444 ) ) ;
#1319 = FACE_OUTER_BOUND ( 'NONE', #3731, .T. ) ;
#1320 = CARTESIAN_POINT ( 'NONE',  ( 9.399999999999998579, 6.360000000000001208, 0.0000000000000000000 ) ) ;
#1321 = ORIENTED_EDGE ( 'NONE', *, *, #2903, .T. ) ;
#1322 = DIRECTION ( 'NONE',  ( -0.0000000000000000000, 1.000000000000000000, -0.0000000000000000000 ) ) ;
#1323 = DIRECTION ( 'NONE',  ( 0.0000000000000000000, -1.000000000000000000, 0.0000000000000000000 ) ) ;
#1324 = VERTEX_POINT ( 'NONE', #1198 ) ;
#1325 = LINE ( 'NONE', #354, #981 ) ;
#1326 = CARTESIAN_POINT ( 'NONE',  ( 9.154166659695372132, 5.507180168905804862, -3.182765824055378889 ) ) ;
#1327 = CARTESIAN_POINT ( 'NONE',  ( 11.31249999302870890, 4.097258101978122902, -2.262741501572007152 ) ) ;
#1328 = CARTESIAN_POINT ( 'NONE',  ( 5.800000000000000711, 6.360000000000001208, -2.800000000000002043 ) ) ;
#1329 = EDGE_LOOP ( 'NONE', ( #685, #3470 ) ) ;
#1330 = EDGE_LOOP ( 'NONE', ( #1456, #3352 ) ) ;
#1331 = VERTEX_POINT ( 'NONE', #2518 ) ;
#1332 = LINE ( 'NONE', #1887, #3545 ) ;
#1333 = CARTESIAN_POINT ( 'NONE',  ( 9.204166659695372843, 7.316347482982742179, 3.569136145501583979 ) ) ;
#1334 = DIRECTION ( 'NONE',  ( -1.000000000000000000, -0.0000000000000000000, -0.0000000000000000000 ) ) ;
#1335 = CARTESIAN_POINT ( 'NONE',  ( -2.029999999999999805, 0.5000000000000000000, 2.029999999999999805 ) ) ;
#1336 = VERTEX_POINT ( 'NONE', #2779 ) ;
#1337 = CARTESIAN_POINT ( 'NONE',  ( -2.029999999999999361, 0.5000000000000000000, -3.500000000000000000 ) ) ;
#1338 = PLANE ( 'NONE',  #30 ) ;
#1339 = ORIENTED_EDGE ( 'NONE', *, *, #2772, .F. ) ;
#1340 = DIRECTION ( 'NONE',  ( 0.7071067811865606734, 8.659560562354771388E-17, 0.7071067811865343611 ) ) ;
#1341 = CARTESIAN_POINT ( 'NONE',  ( 7.412499993028707657, 4.097258101978122902, -2.262741501572007152 ) ) ;
#1342 = DIRECTION ( 'NONE',  ( -1.000000000000000000, -0.0000000000000000000, -0.0000000000000000000 ) ) ;
#1343 = CYLINDRICAL_SURFACE ( 'NONE', #46, 3.299999999999999822 ) ;
#1344 = ORIENTED_EDGE ( 'NONE', *, *, #775, .T. ) ;
#1345 = ORIENTED_EDGE ( 'NONE', *, *, #72, .F. ) ;
#1346 = ORIENTED_EDGE ( 'NONE', *, *, #3323, .T. ) ;
#1347 = EDGE_LOOP ( 'NONE', ( #1408, #620, #1535, #856 ) ) ;
#1348 = CARTESIAN_POINT ( 'NONE',  ( 10.88633212896276525, 6.781287849684060731, -3.199999999999998401 ) ) ;
#1349 = CARTESIAN_POINT ( 'NONE',  ( 10.49583332636204069, 7.188220673547766282, -3.090962716680368594 ) ) ;
#1350 = EDGE_CURVE ( 'NONE', #3886, #3241, #3386, .T. ) ;
#1351 = LINE ( 'NONE', #2851, #3756 ) ;
#1352 = DIRECTION ( 'NONE',  ( -1.000000000000000000, -0.0000000000000000000, -0.0000000000000000000 ) ) ;
#1353 = CARTESIAN_POINT ( 'NONE',  ( 10.98749999302870606, 4.030053857618227653, 2.329946550606416977 ) ) ;
#1354 = ORIENTED_EDGE ( 'NONE', *, *, #2853, .F. ) ;
#1355 = VERTEX_POINT ( 'NONE', #3166 ) ;
#1356 = CARTESIAN_POINT ( 'NONE',  ( -2.029999999999999805, -3.939999999999999947, 3.049999999999999822 ) ) ;
#1357 = VERTEX_POINT ( 'NONE', #1529 ) ;
#1358 = CARTESIAN_POINT ( 'NONE',  ( 0.0000000000000000000, -3.740000000000001101, 0.0000000000000000000 ) ) ;
#1359 = CARTESIAN_POINT ( 'NONE',  ( 7.236332128962766674, 5.938712150315943461, 3.199999999999998845 ) ) ;
#1360 = DIRECTION ( 'NONE',  ( 0.0000000000000000000, 0.0000000000000000000, 1.000000000000000000 ) ) ;
#1361 = CARTESIAN_POINT ( 'NONE',  ( 7.270833326362041049, 2.790863686938986010, -0.9563468576424304368 ) ) ;
#1362 = VERTEX_POINT ( 'NONE', #3408 ) ;
#1363 = VECTOR ( 'NONE', #1436, 1000.000000000000000 ) ;
#1364 = AXIS2_PLACEMENT_3D ( 'NONE', #495, #589, #3682 ) ;
#1365 = AXIS2_PLACEMENT_3D ( 'NONE', #248, #2173, #602 ) ;
#1366 = VERTEX_POINT ( 'NONE', #3081 ) ;
#1367 = CARTESIAN_POINT ( 'NONE',  ( 10.49583332636204069, 7.188220673547764505, -3.090962716680367706 ) ) ;
#1368 = ORIENTED_EDGE ( 'NONE', *, *, #2386, .F. ) ;
#1369 = DIRECTION ( 'NONE',  ( -0.0000000000000000000, -0.0000000000000000000, -1.000000000000000000 ) ) ;
#1370 = CARTESIAN_POINT ( 'NONE',  ( 8.662499993028706768, 8.622741898021878626, 2.262741501572008485 ) ) ;
#1371 = AXIS2_PLACEMENT_3D ( 'NONE', #3091, #3355, #3050 ) ;
#1372 = VECTOR ( 'NONE', #2103, 1000.000000000000000 ) ;
#1373 = CARTESIAN_POINT ( 'NONE',  ( 3.500000000000000888, 2.860000000000000764, -3.500000000000000000 ) ) ;
#1374 = CYLINDRICAL_SURFACE ( 'NONE', #2825, 3.200000000000000178 ) ;
#1375 = CARTESIAN_POINT ( 'NONE',  ( 7.029166659695373909, 3.603643942071131256, 0.7385636385787287539 ) ) ;
#1376 = EDGE_CURVE ( 'NONE', #2838, #225, #2892, .T. ) ;
#1377 = ORIENTED_EDGE ( 'NONE', *, *, #3048, .T. ) ;
#1378 = ORIENTED_EDGE ( 'NONE', *, *, #3296, .F. ) ;
#1379 = EDGE_CURVE ( 'NONE', #2793, #503, #614, .T. ) ;
#1380 = DIRECTION ( 'NONE',  ( 1.000000000000000000, 0.0000000000000000000, 0.0000000000000000000 ) ) ;
#1381 = ADVANCED_FACE ( 'NONE', ( #4103 ), #1860, .F. ) ;
#1382 = CYLINDRICAL_SURFACE ( 'NONE', #3947, 3.200000000000000178 ) ;
#1383 = CARTESIAN_POINT ( 'NONE',  ( 9.599999999999999645, 6.360000000000001208, 0.0000000000000000000 ) ) ;
#1384 = CARTESIAN_POINT ( 'NONE',  ( 7.329166659695373731, 3.269037428430357384, 0.8282212151083604423 ) ) ;
#1385 = CARTESIAN_POINT ( 'NONE',  ( 35.75096679918780751, 6.360000000000000320, -3.200000000000000178 ) ) ;
#1386 = CARTESIAN_POINT ( 'NONE',  ( 9.399999999999998579, 6.310000000000000497, -0.4974937185533099271 ) ) ;
#1387 = ORIENTED_EDGE ( 'NONE', *, *, #694, .T. ) ;
#1388 = ORIENTED_EDGE ( 'NONE', *, *, #2849, .T. ) ;
#1389 = CARTESIAN_POINT ( 'NONE',  ( 10.90416665969537391, 7.212819831094197554, 3.182765824055378445 ) ) ;
#1390 = ORIENTED_EDGE ( 'NONE', *, *, #528, .T. ) ;
#1391 = CARTESIAN_POINT ( 'NONE',  ( 8.204166659695374619, 7.316347482982742179, 3.569136145501583979 ) ) ;
#1392 = DIRECTION ( 'NONE',  ( 1.000000000000000000, -0.0000000000000000000, -0.0000000000000000000 ) ) ;
#1393 = CYLINDRICAL_SURFACE ( 'NONE', #2895, 3.200000000000000178 ) ;
#1394 = CARTESIAN_POINT ( 'NONE',  ( 7.362499993028706946, 8.377792902285083443, 2.017792548752169512 ) ) ;
#1395 = VERTEX_POINT ( 'NONE', #572 ) ;
#1396 = ORIENTED_EDGE ( 'NONE', *, *, #1783, .F. ) ;
#1397 = EDGE_CURVE ( 'NONE', #771, #2564, #596, .T. ) ;
#1398 = DIRECTION ( 'NONE',  ( -1.000000000000000000, -0.0000000000000000000, -0.0000000000000000000 ) ) ;
#1399 = DIRECTION ( 'NONE',  ( -1.000000000000000000, 0.0000000000000000000, 1.224646799147352961E-16 ) ) ;
#1400 = CARTESIAN_POINT ( 'NONE',  ( 9.020833326362041049, 9.929136313061015073, 0.9563468576424295486 ) ) ;
#1401 = DIRECTION ( 'NONE',  ( -0.0000000000000000000, -1.000000000000000000, -0.0000000000000000000 ) ) ;
#1402 = EDGE_CURVE ( 'NONE', #1331, #26, #3471, .T. ) ;
#1403 = CARTESIAN_POINT ( 'NONE',  ( -3.500000000000000000, -0.0000000000000000000, -2.029999999999999805 ) ) ;
#1404 = ORIENTED_EDGE ( 'NONE', *, *, #616, .T. ) ;
#1405 = ORIENTED_EDGE ( 'NONE', *, *, #2407, .F. ) ;
#1406 = EDGE_CURVE ( 'NONE', #3301, #3760, #1511, .T. ) ;
#1407 = CARTESIAN_POINT ( 'NONE',  ( 8.187499993028707124, 3.747211169921727869, 2.612789287859151433 ) ) ;
#1408 = ORIENTED_EDGE ( 'NONE', *, *, #1483, .F. ) ;
#1409 = DIRECTION ( 'NONE',  ( 1.000000000000000000, 0.0000000000000000000, 0.0000000000000000000 ) ) ;
#1410 = ORIENTED_EDGE ( 'NONE', *, *, #2611, .F. ) ;
#1411 = B_SPLINE_CURVE_WITH_KNOTS ( 'NONE', 3,
 ( #3421, #2736, #3067, #1161 ),
 .UNSPECIFIED., .F., .F.,
 ( 4, 4 ),
 ( 0.0008518558709665642733, 0.0009511415743330006115 ),
 .UNSPECIFIED. ) ;
#1412 = DIRECTION ( 'NONE',  ( -1.000000000000000000, -0.0000000000000000000, -0.0000000000000000000 ) ) ;
#1413 = CARTESIAN_POINT ( 'NONE',  ( 8.320833326362038207, 9.542765973475969332, 0.8528192734489589144 ) ) ;
#1414 = ORIENTED_EDGE ( 'NONE', *, *, #772, .T. ) ;
#1415 = ORIENTED_EDGE ( 'NONE', *, *, #609, .F. ) ;
#1416 = CARTESIAN_POINT ( 'NONE',  ( 2.029999999999999805, -3.939999999999999947, 2.029999999999999805 ) ) ;
#1417 = CARTESIAN_POINT ( 'NONE',  ( 2.029999999999999805, 0.0000000000000000000, 3.500000000000000000 ) ) ;
#1418 = CARTESIAN_POINT ( 'NONE',  ( 11.32083332636204176, 9.542765973475969332, 0.8528192734489598026 ) ) ;
#1419 = AXIS2_PLACEMENT_3D ( 'NONE', #3434, #3104, #4038 ) ;
#1420 = LINE ( 'NONE', #1385, #3872 ) ;
#1421 = CARTESIAN_POINT ( 'NONE',  ( 9.162499993028706768, 8.622741898021878626, 2.262741501572007596 ) ) ;
#1422 = ORIENTED_EDGE ( 'NONE', *, *, #874, .F. ) ;
#1423 = EDGE_CURVE ( 'NONE', #771, #1801, #778, .T. ) ;
#1424 = AXIS2_PLACEMENT_3D ( 'NONE', #3203, #1919, #1616 ) ;
#1425 = CIRCLE ( 'NONE', #2952, 2.699999999999999289 ) ;
#1426 = CARTESIAN_POINT ( 'NONE',  ( 6.562499993028707124, 8.622741898021878626, 2.262741501572007596 ) ) ;
#1427 = ORIENTED_EDGE ( 'NONE', *, *, #2279, .F. ) ;
#1428 = CIRCLE ( 'NONE', #424, 2.699999999999999289 ) ;
#1429 = DIRECTION ( 'NONE',  ( -0.0000000000000000000, -1.000000000000000000, -0.0000000000000000000 ) ) ;
#1430 = CONICAL_SURFACE ( 'NONE', #4082, 0.4300000000000032685, 0.7853981633974211896 ) ;
#1431 = VERTEX_POINT ( 'NONE', #1215 ) ;
#1432 = CIRCLE ( 'NONE', #2086, 10.30000000000000071 ) ;
#1433 = VECTOR ( 'NONE', #3060, 1000.000000000000000 ) ;
#1434 = CIRCLE ( 'NONE', #714, 0.5000000000000001110 ) ;
#1435 = ORIENTED_EDGE ( 'NONE', *, *, #3145, .T. ) ;
#1436 = DIRECTION ( 'NONE',  ( -0.7071067811865513475, 8.659560562354886020E-17, -0.7071067811865436870 ) ) ;
#1437 = CARTESIAN_POINT ( 'NONE',  ( 7.945833326362040872, 5.621436844356212603, 2.756356187330897711 ) ) ;
#1438 = ORIENTED_EDGE ( 'NONE', *, *, #3348, .F. ) ;
#1439 = ORIENTED_EDGE ( 'NONE', *, *, #881, .F. ) ;
#1440 = CARTESIAN_POINT ( 'NONE',  ( 0.0000000000000000000, 0.6999999999999999556, 0.6350000000000000089 ) ) ;
#1441 = DIRECTION ( 'NONE',  ( -1.000000000000000000, 0.0000000000000000000, 0.0000000000000000000 ) ) ;
#1442 = CARTESIAN_POINT ( 'NONE',  ( 9.399999999999998579, 6.360000000000001208, 0.0000000000000000000 ) ) ;
#1443 = AXIS2_PLACEMENT_3D ( 'NONE', #3708, #3405, #2775 ) ;
#1444 = CARTESIAN_POINT ( 'NONE',  ( 2.029999999999999805, -3.939999999999999947, 2.029999999999999805 ) ) ;
#1445 = LINE ( 'NONE', #868, #2765 ) ;
#1446 = EDGE_LOOP ( 'NONE', ( #3307, #2766 ) ) ;
#1447 = DIRECTION ( 'NONE',  ( 0.0000000000000000000, 0.0000000000000000000, -1.000000000000000000 ) ) ;
#1448 = CARTESIAN_POINT ( 'NONE',  ( -3.049999999999999822, 0.0000000000000000000, 3.049999999999999822 ) ) ;
#1449 = CARTESIAN_POINT ( 'NONE',  ( 6.770833326362040161, 2.790863686938985566, -0.9563468576424304368 ) ) ;
#1450 = ORIENTED_EDGE ( 'NONE', *, *, #3076, .T. ) ;
#1451 = ORIENTED_EDGE ( 'NONE', *, *, #723, .T. ) ;
#1452 = ADVANCED_FACE ( 'NONE', ( #3733 ), #1265, .F. ) ;
#1453 = FACE_OUTER_BOUND ( 'NONE', #1845, .T. ) ;
#1454 = LINE ( 'NONE', #2718, #2418 ) ;
#1455 =( LENGTH_UNIT ( ) NAMED_UNIT ( * ) SI_UNIT ( .MILLI., .METRE. ) );
#1456 = ORIENTED_EDGE ( 'NONE', *, *, #3428, .F. ) ;
#1457 = CARTESIAN_POINT ( 'NONE',  ( 9.599999999999999645, 6.360000000000001208, 0.0000000000000000000 ) ) ;
#1458 = DIRECTION ( 'NONE',  ( 0.0000000000000000000, 0.0000000000000000000, -1.000000000000000000 ) ) ;
#1459 = LINE ( 'NONE', #2021, #4088 ) ;
#1460 = LINE ( 'NONE', #3363, #3287 ) ;
#1461 = DIRECTION ( 'NONE',  ( 1.000000000000000000, -0.0000000000000000000, -0.0000000000000000000 ) ) ;
#1462 = DIRECTION ( 'NONE',  ( -1.000000000000000000, -0.0000000000000000000, -0.0000000000000000000 ) ) ;
#1463 = ORIENTED_EDGE ( 'NONE', *, *, #3456, .T. ) ;
#1464 = ORIENTED_EDGE ( 'NONE', *, *, #666, .F. ) ;
#1465 =( NAMED_UNIT ( * ) PLANE_ANGLE_UNIT ( ) SI_UNIT ( $, .RADIAN. ) );
#1466 = DIRECTION ( 'NONE',  ( 1.000000000000000000, 0.0000000000000000000, 0.0000000000000000000 ) ) ;
#1467 = CARTESIAN_POINT ( 'NONE',  ( 7.812499993028707124, 4.097258101978122902, -2.262741501572007152 ) ) ;
#1468 = ORIENTED_EDGE ( 'NONE', *, *, #799, .F. ) ;
#1469 = CARTESIAN_POINT ( 'NONE',  ( 11.10000000000000142, 5.171128193598744538, 2.885044367733385240 ) ) ;
#1470 = VERTEX_POINT ( 'NONE', #3124 ) ;
#1471 = B_SPLINE_CURVE_WITH_KNOTS ( 'NONE', 3,
 ( #2241, #3159, #1929, #654 ),
 .UNSPECIFIED., .F., .F.,
 ( 4, 4 ),
 ( 0.0006323103045302467997, 0.0007318740140006147745 ),
 .UNSPECIFIED. ) ;
#1472 = ADVANCED_FACE ( 'NONE', ( #918 ), #3793, .F. ) ;
#1473 = CARTESIAN_POINT ( 'NONE',  ( 0.0000000000000000000, -3.939999999999999947, 0.0000000000000000000 ) ) ;
#1474 = CARTESIAN_POINT ( 'NONE',  ( 9.236332128962766674, 5.938712150315941685, 3.199999999999998401 ) ) ;
#1475 = CARTESIAN_POINT ( 'NONE',  ( 9.725734920505486159, 6.359999999999996767, 3.199999999999999289 ) ) ;
#1476 = CARTESIAN_POINT ( 'NONE',  ( 9.737499993028706058, 8.689946142381774763, -2.329946550606417865 ) ) ;
#1477 = EDGE_CURVE ( 'NONE', #175, #1583, #2489, .T. ) ;
#1478 = ADVANCED_FACE ( 'NONE', ( #636 ), #2188, .F. ) ;
#1479 = EDGE_LOOP ( 'NONE', ( #1422, #3999, #2382, #2012 ) ) ;
#1480 = LINE ( 'NONE', #888, #162 ) ;
#1481 = CYLINDRICAL_SURFACE ( 'NONE', #488, 3.200000000000000178 ) ;
#1482 = CARTESIAN_POINT ( 'NONE',  ( 3.500000000000000000, 9.032718306246465545, 3.500000000000000000 ) ) ;
#1483 = EDGE_CURVE ( 'NONE', #137, #3343, #279, .T. ) ;
#1484 = CARTESIAN_POINT ( 'NONE',  ( 8.787499993028706768, 3.747211169921727869, 2.612789287859151433 ) ) ;
#1485 = LINE ( 'NONE', #3686, #1954 ) ;
#1486 = DIRECTION ( 'NONE',  ( 1.000000000000000000, -0.0000000000000000000, -0.0000000000000000000 ) ) ;
#1487 = DIRECTION ( 'NONE',  ( 0.0000000000000000000, 0.0000000000000000000, 1.000000000000000000 ) ) ;
#1488 = CARTESIAN_POINT ( 'NONE',  ( 7.000000000000000000, 4.452988079134434507, 2.188305995526309555 ) ) ;
#1489 = CARTESIAN_POINT ( 'NONE',  ( 7.862499993028706058, 8.377792902285083443, 2.017792548752170401 ) ) ;
#1490 = CARTESIAN_POINT ( 'NONE',  ( 9.770833326362041049, 2.790863686938985566, -0.9563468576424304368 ) ) ;
#1491 = ORIENTED_EDGE ( 'NONE', *, *, #1307, .F. ) ;
#1492 = CARTESIAN_POINT ( 'NONE',  ( 0.0000000000000000000, 2.860000000000000764, 0.0000000000000000000 ) ) ;
#1493 = ORIENTED_EDGE ( 'NONE', *, *, #591, .T. ) ;
#1494 = VECTOR ( 'NONE', #86, 1000.000000000000000 ) ;
#1495 = AXIS2_PLACEMENT_3D ( 'NONE', #2068, #1726, #2653 ) ;
#1496 = CARTESIAN_POINT ( 'NONE',  ( 8.442393285699466787, 5.034516436191182720, -3.199999999999999289 ) ) ;
#1497 = DIRECTION ( 'NONE',  ( 1.000000000000000000, 0.0000000000000000000, 0.0000000000000000000 ) ) ;
#1498 = VECTOR ( 'NONE', #1811, 1000.000000000000000 ) ;
#1499 = CIRCLE ( 'NONE', #2293, 0.2999999999999999889 ) ;
#1500 = AXIS2_PLACEMENT_3D ( 'NONE', #3068, #837, #2095 ) ;
#1501 = AXIS2_PLACEMENT_3D ( 'NONE', #1320, #719, #331 ) ;
#1502 = VERTEX_POINT ( 'NONE', #2535 ) ;
#1503 = CARTESIAN_POINT ( 'NONE',  ( 9.409999999999998366, 6.310000000000000497, 1.000000000000014433 ) ) ;
#1504 = CARTESIAN_POINT ( 'NONE',  ( 5.800000000000001599, 6.360000000000001208, 0.0000000000000000000 ) ) ;
#1505 = CARTESIAN_POINT ( 'NONE',  ( 7.904166659695373909, 7.212819831094197554, 3.182765824055378889 ) ) ;
#1506 = CARTESIAN_POINT ( 'NONE',  ( 9.437499993028707124, 8.972788830078272326, -2.612789287859152321 ) ) ;
#1507 = EDGE_CURVE ( 'NONE', #808, #2170, #680, .T. ) ;
#1508 = CIRCLE ( 'NONE', #3556, 2.800000000000000266 ) ;
#1509 = DIRECTION ( 'NONE',  ( 0.0000000000000000000, -0.0000000000000000000, -1.000000000000000000 ) ) ;
#1510 = VERTEX_POINT ( 'NONE', #3848 ) ;
#1511 = LINE ( 'NONE', #3454, #2150 ) ;
#1512 = CARTESIAN_POINT ( 'NONE',  ( 10.62083332636204069, 9.929136313061015073, 0.9563468576424304368 ) ) ;
#1513 = CARTESIAN_POINT ( 'NONE',  ( 10.27083332636204105, 2.790863686938985566, -0.9563468576424304368 ) ) ;
#1514 = CARTESIAN_POINT ( 'NONE',  ( 9.553301653727634957, 6.410000000000001030, 0.3194361793031199603 ) ) ;
#1515 = ORIENTED_EDGE ( 'NONE', *, *, #1254, .T. ) ;
#1516 = CYLINDRICAL_SURFACE ( 'NONE', #2091, 0.2999999999999999889 ) ;
#1517 = FACE_OUTER_BOUND ( 'NONE', #2055, .T. ) ;
#1518 = CARTESIAN_POINT ( 'NONE',  ( 10.40416665969537569, 7.212819831094197554, 3.182765824055378445 ) ) ;
#1519 = FACE_OUTER_BOUND ( 'NONE', #3605, .T. ) ;
#1520 = CARTESIAN_POINT ( 'NONE',  ( -3.500000000000000000, 0.5000000000000004441, -3.500000000000000000 ) ) ;
#1521 = CARTESIAN_POINT ( 'NONE',  ( 7.612499993028706946, 4.342207097714918085, -2.017792548752169957 ) ) ;
#1522 = CARTESIAN_POINT ( 'NONE',  ( 8.745833326362038918, 5.531779326452235246, 3.090962716680367706 ) ) ;
#1523 = ADVANCED_FACE ( 'NONE', ( #3865 ), #1012, .F. ) ;
#1524 = DIRECTION ( 'NONE',  ( -0.7071067811865513475, 0.0000000000000000000, 0.7071067811865436870 ) ) ;
#1525 =( LENGTH_UNIT ( ) NAMED_UNIT ( * ) SI_UNIT ( .MILLI., .METRE. ) );
#1526 = DIRECTION ( 'NONE',  ( 1.000000000000000000, 0.0000000000000000000, 0.0000000000000000000 ) ) ;
#1527 = EDGE_LOOP ( 'NONE', ( #1899, #2945, #1682, #2959, #3006, #679 ) ) ;
#1528 = CARTESIAN_POINT ( 'NONE',  ( 35.75096679918780751, 6.360000000000000320, 0.0000000000000000000 ) ) ;
#1529 = CARTESIAN_POINT ( 'NONE',  ( 3.899999999999998135, 6.360000000000001208, 3.199999999999999734 ) ) ;
#1530 = CARTESIAN_POINT ( 'NONE',  ( 6.612499993028706946, 4.342207097714918085, -2.017792548752169957 ) ) ;
#1531 = EDGE_CURVE ( 'NONE', #2389, #4007, #2878, .T. ) ;
#1532 = EDGE_CURVE ( 'NONE', #144, #2629, #1302, .T. ) ;
#1533 = CARTESIAN_POINT ( 'NONE',  ( 8.645833326362041049, 5.531779326452235246, 3.090962716680367706 ) ) ;
#1534 = CARTESIAN_POINT ( 'NONE',  ( 5.399999999999998579, 6.360000000000000320, 3.199999999999999734 ) ) ;
#1535 = ORIENTED_EDGE ( 'NONE', *, *, #255, .T. ) ;
#1536 = CARTESIAN_POINT ( 'NONE',  ( 9.529999999999999361, 6.310000000000000497, 0.4974937185533100381 ) ) ;
#1537 =( BOUNDED_CURVE ( )  B_SPLINE_CURVE ( 2, ( #2059, #2121, #2743, #3320, #3991, #1128, #864, #3641, #804 ),
 .UNSPECIFIED., .F., .F. ) 
 B_SPLINE_CURVE_WITH_KNOTS ( ( 3, 2, 2, 2, 3 ),
 ( 0.3624277831353657775, 0.3666666666666666408, 0.3833333333333333592, 0.4000000000000000222, 0.4124277831353658219 ),
 .UNSPECIFIED. ) 
 CURVE ( )  GEOMETRIC_REPRESENTATION_ITEM ( )  RATIONAL_B_SPLINE_CURVE ( ( 0.9491840436463323538, 0.9659258374293504534, 1.000000000000000000, 0.8660254037844387076, 1.000000000000000000, 0.8660254037844387076, 1.000000000000000000, 0.9000995663550882542, 0.9491840436463323538 ) ) 
 REPRESENTATION_ITEM ( '' )  );
#1538 = CARTESIAN_POINT ( 'NONE',  ( 11.59999999999999964, 6.360000000000001208, 2.699999999999999289 ) ) ;
#1539 = CARTESIAN_POINT ( 'NONE',  ( 0.0000000000000000000, 2.860000000000000764, -3.299999999999999822 ) ) ;
#1540 = CARTESIAN_POINT ( 'NONE',  ( 8.904166659695373909, 7.212819831094197554, 3.182765824055378445 ) ) ;
#1541 = DIRECTION ( 'NONE',  ( 1.000000000000000000, -0.0000000000000000000, -0.0000000000000000000 ) ) ;
#1542 = DIRECTION ( 'NONE',  ( 0.0000000000000000000, 0.0000000000000000000, -1.000000000000000000 ) ) ;
#1543 = CARTESIAN_POINT ( 'NONE',  ( 8.070833326362039983, 3.177234026524032195, -0.8528192734489608018 ) ) ;
#1544 = CARTESIAN_POINT ( 'NONE',  ( 8.375734920505482961, 6.360000000000001208, -3.199999999999998401 ) ) ;
#1545 = PRODUCT_DEFINITION ( 'UNKNOWN', '', #3425, #854 ) ;
#1546 = FACE_OUTER_BOUND ( 'NONE', #259, .T. ) ;
#1547 = CARTESIAN_POINT ( 'NONE',  ( 7.479166659695373198, 9.450962571569643700, -0.8282212151083626628 ) ) ;
#1548 = EDGE_LOOP ( 'NONE', ( #3912, #3294, #1809, #3435, #3799, #3209 ) ) ;
#1549 = DIRECTION ( 'NONE',  ( 0.0000000000000000000, 0.0000000000000000000, -1.000000000000000000 ) ) ;
#1550 = CARTESIAN_POINT ( 'NONE',  ( 6.404166659695373021, 7.212819831094197554, 3.182765824055378889 ) ) ;
#1551 = CARTESIAN_POINT ( 'NONE',  ( 8.604166659695373198, 7.316347482982743067, 3.569136145501582646 ) ) ;
#1552 = DIRECTION ( 'NONE',  ( 1.000000000000000000, -0.0000000000000000000, -0.0000000000000000000 ) ) ;
#1553 = EDGE_CURVE ( 'NONE', #3579, #2857, #3183, .T. ) ;
#1554 = ORIENTED_EDGE ( 'NONE', *, *, #3546, .F. ) ;
#1555 = EDGE_CURVE ( 'NONE', #1510, #3301, #1962, .T. ) ;
#1556 = DIRECTION ( 'NONE',  ( -0.0000000000000000000, 1.000000000000000000, -0.0000000000000000000 ) ) ;
#1557 = EDGE_CURVE ( 'NONE', #503, #2948, #660, .T. ) ;
#1558 = DIRECTION ( 'NONE',  ( 1.000000000000000000, -0.0000000000000000000, -0.0000000000000000000 ) ) ;
#1559 = CARTESIAN_POINT ( 'NONE',  ( 7.204166659695373731, 7.316347482982742179, 3.569136145501583979 ) ) ;
#1560 = CIRCLE ( 'NONE', #292, 2.199999999999998845 ) ;
#1561 = AXIS2_PLACEMENT_3D ( 'NONE', #2875, #2533, #3806 ) ;
#1562 =( BOUNDED_SURFACE ( )  B_SPLINE_SURFACE ( 1, 2, ( 
 ( #603, #249, #3422, #3800, #4093, #3443, #3134, #3094, #3173, #584, #1848, #623, #3113, #2803, #2848, #2866, #3783, #2545, #1273, #312, #1292, #964, #3821, #269, #2216, #1559, #2824, #327, #988, #2174, #2239, #4070, #1888, #927, #1585, #3485, #1224, #1252, #2786, #652, #946, #2195, #3155, #4049, #2634, #2932, #2913, #2888, #3505, #1391, #737, #3917, #2320, #1063, #98, #3522, #1079, #3256, #2590, #2304, #1370, #689, #1020, #3211, #3587, #2975, #3841, #409, #2014, #1997, #3856, #3234, #1005, #1333, #3192, #1926, #1945, #3273, #3541, #3566, #345, #122, #2610, #1317, #367, #2950, #1708, #669, #2652, #1685, #59, #2571, #3899, #427, #1625, #1648, #39, #2276, #713, #1975, #3876, #391, #1665, #79, #1349, #4080, #795, #1512, #1181, #2107, #3295, #2992, #2358, #2036, #262, #1725, #3755, #1842, #139, #2673, #242 ),
 ( #597, #1550, #4022, #2440, #449, #3940, #1530, #1818, #3713, #873, #2335, #920, #3630, #1099, #2459, #3368, #526, #575, #1861, #2780, #280, #3108, #2146, #3125, #2796, #2812, #1797, #4060, #2127, #3387, #2167, #3606, #549, #3437, #3061, #1199, #1489, #3409, #1216, #216, #3082, #2751, #2478, #4042, #3734, #898, #773, #355, #661, #637, #615, #1243, #3225, #2560, #1658, #51, #2902, #1937, #4104, #2922, #997, #322, #28, #3204, #2519, #2859, #957, #1326, #701, #1578, #2250, #3849, #3833, #1597, #975, #2841, #3167, #939, #3778, #1266, #2580, #1285, #2879, #2189, #1963, #338, #3144, #3794, #681, #3531, #2498, #381, #3515, #12, #298, #1635, #1013, #3455, #2206, #2267, #3472, #2536, #1879, #1617, #3809, #1303, #2230, #3496, #1920, #3184, #3286, #2963, #3892, #1031, #727, #90, #3866, #2046, #3555, #1418, #3618 ) ),
 .UNSPECIFIED., .F., .F., .T. ) 
 B_SPLINE_SURFACE_WITH_KNOTS ( ( 2, 2 ),
 ( 3, 2, 2, 2, 2, 2, 2, 2, 2, 2, 2, 2, 2, 2, 2, 2, 2, 2, 2, 2, 2, 2, 2, 2, 2, 2, 2, 2, 2, 2, 2, 2, 2, 2, 2, 2, 2, 2, 2, 2, 2, 2, 2, 2, 2, 2, 2, 2, 2, 2, 2, 2, 2, 2, 2, 2, 2, 2, 2, 2, 3 ),
 ( 0.0000000000000000000, 1.000000000000000000 ),
 ( 0.0000000000000000000, 0.01666666666666666644, 0.03333333333333333287, 0.05000000000000000278, 0.06666666666666666574, 0.08333333333333332871, 0.1000000000000000056, 0.1166666666666666685, 0.1333333333333333315, 0.1499999999999999944, 0.1666666666666666574, 0.1833333333333333204, 0.2000000000000000111, 0.2166666666666666741, 0.2333333333333333370, 0.2500000000000000000, 0.2666666666666666630, 0.2833333333333333259, 0.2999999999999999889, 0.3166666666666666519, 0.3333333333333333148, 0.3499999999999999778, 0.3666666666666666408, 0.3833333333333333592, 0.4000000000000000222, 0.4166666666666666852, 0.4333333333333333481, 0.4500000000000000111, 0.4666666666666666741, 0.4833333333333333370, 0.5000000000000000000, 0.5166666666666667185, 0.5333333333333333259, 0.5500000000000000444, 0.5666666666666666519, 0.5833333333333333703, 0.5999999999999999778, 0.6166666666666666963, 0.6333333333333333037, 0.6500000000000000222, 0.6666666666666666297, 0.6833333333333333481, 0.6999999999999999556, 0.7166666666666666741, 0.7333333333333332815, 0.7500000000000000000, 0.7666666666666667185, 0.7833333333333333259, 0.8000000000000000444, 0.8166666666666666519, 0.8333333333333333703, 0.8499999999999999778, 0.8666666666666666963, 0.8833333333333333037, 0.9000000000000000222, 0.9166666666666666297, 0.9333333333333333481, 0.9499999999999999556, 0.9666666666666666741, 0.9833333333333332815, 1.000000000000000000 ),
 .UNSPECIFIED. ) 
 GEOMETRIC_REPRESENTATION_ITEM ( )  RATIONAL_B_SPLINE_SURFACE ( (
 ( 1.000000000000000000, 0.8660254037844387076, 1.000000000000000000, 0.8660254037844387076, 1.000000000000000000, 0.8660254037844387076, 1.000000000000000000, 0.8660254037844387076, 1.000000000000000000, 0.8660254037844387076, 1.000000000000000000, 0.8660254037844387076, 1.000000000000000000, 0.8660254037844387076, 1.000000000000000000, 0.8660254037844387076, 1.000000000000000000, 0.8660254037844387076, 1.000000000000000000, 0.8660254037844387076, 1.000000000000000000, 0.8660254037844387076, 1.000000000000000000, 0.8660254037844387076, 1.000000000000000000, 0.8660254037844387076, 1.000000000000000000, 0.8660254037844387076, 1.000000000000000000, 0.8660254037844387076, 1.000000000000000000, 0.8660254037844387076, 1.000000000000000000, 0.8660254037844387076, 1.000000000000000000, 0.8660254037844387076, 1.000000000000000000, 0.8660254037844387076, 1.000000000000000000, 0.8660254037844387076, 1.000000000000000000, 0.8660254037844387076, 1.000000000000000000, 0.8660254037844387076, 1.000000000000000000, 0.8660254037844387076, 1.000000000000000000, 0.8660254037844387076, 1.000000000000000000, 0.8660254037844387076, 1.000000000000000000, 0.8660254037844387076, 1.000000000000000000, 0.8660254037844387076, 1.000000000000000000, 0.8660254037844387076, 1.000000000000000000, 0.8660254037844387076, 1.000000000000000000, 0.8660254037844387076, 1.000000000000000000, 0.8660254037844387076, 1.000000000000000000, 0.8660254037844387076, 1.000000000000000000, 0.8660254037844387076, 1.000000000000000000, 0.8660254037844387076, 1.000000000000000000, 0.8660254037844387076, 1.000000000000000000, 0.8660254037844387076, 1.000000000000000000, 0.8660254037844387076, 1.000000000000000000, 0.8660254037844387076, 1.000000000000000000, 0.8660254037844387076, 1.000000000000000000, 0.8660254037844387076, 1.000000000000000000, 0.8660254037844387076, 1.000000000000000000, 0.8660254037844387076, 1.000000000000000000, 0.8660254037844387076, 1.000000000000000000, 0.8660254037844387076, 1.000000000000000000, 0.8660254037844387076, 1.000000000000000000, 0.8660254037844387076, 1.000000000000000000, 0.8660254037844387076, 1.000000000000000000, 0.8660254037844387076, 1.000000000000000000, 0.8660254037844387076, 1.000000000000000000, 0.8660254037844387076, 1.000000000000000000, 0.8660254037844387076, 1.000000000000000000, 0.8660254037844387076, 1.000000000000000000, 0.8660254037844387076, 1.000000000000000000, 0.8660254037844387076, 1.000000000000000000, 0.8660254037844387076, 1.000000000000000000, 0.8660254037844387076, 1.000000000000000000, 0.8660254037844387076, 1.000000000000000000, 0.8660254037844387076, 1.000000000000000000, 0.8660254037844387076, 1.000000000000000000, 0.8660254037844387076, 1.000000000000000000),
 ( 1.000000000000000000, 0.8660254037844387076, 1.000000000000000000, 0.8660254037844387076, 1.000000000000000000, 0.8660254037844387076, 1.000000000000000000, 0.8660254037844387076, 1.000000000000000000, 0.8660254037844387076, 1.000000000000000000, 0.8660254037844387076, 1.000000000000000000, 0.8660254037844387076, 1.000000000000000000, 0.8660254037844387076, 1.000000000000000000, 0.8660254037844387076, 1.000000000000000000, 0.8660254037844387076, 1.000000000000000000, 0.8660254037844387076, 1.000000000000000000, 0.8660254037844387076, 1.000000000000000000, 0.8660254037844387076, 1.000000000000000000, 0.8660254037844387076, 1.000000000000000000, 0.8660254037844387076, 1.000000000000000000, 0.8660254037844387076, 1.000000000000000000, 0.8660254037844387076, 1.000000000000000000, 0.8660254037844387076, 1.000000000000000000, 0.8660254037844387076, 1.000000000000000000, 0.8660254037844387076, 1.000000000000000000, 0.8660254037844387076, 1.000000000000000000, 0.8660254037844387076, 1.000000000000000000, 0.8660254037844387076, 1.000000000000000000, 0.8660254037844387076, 1.000000000000000000, 0.8660254037844387076, 1.000000000000000000, 0.8660254037844387076, 1.000000000000000000, 0.8660254037844387076, 1.000000000000000000, 0.8660254037844387076, 1.000000000000000000, 0.8660254037844387076, 1.000000000000000000, 0.8660254037844387076, 1.000000000000000000, 0.8660254037844387076, 1.000000000000000000, 0.8660254037844387076, 1.000000000000000000, 0.8660254037844387076, 1.000000000000000000, 0.8660254037844387076, 1.000000000000000000, 0.8660254037844387076, 1.000000000000000000, 0.8660254037844387076, 1.000000000000000000, 0.8660254037844387076, 1.000000000000000000, 0.8660254037844387076, 1.000000000000000000, 0.8660254037844387076, 1.000000000000000000, 0.8660254037844387076, 1.000000000000000000, 0.8660254037844387076, 1.000000000000000000, 0.8660254037844387076, 1.000000000000000000, 0.8660254037844387076, 1.000000000000000000, 0.8660254037844387076, 1.000000000000000000, 0.8660254037844387076, 1.000000000000000000, 0.8660254037844387076, 1.000000000000000000, 0.8660254037844387076, 1.000000000000000000, 0.8660254037844387076, 1.000000000000000000, 0.8660254037844387076, 1.000000000000000000, 0.8660254037844387076, 1.000000000000000000, 0.8660254037844387076, 1.000000000000000000, 0.8660254037844387076, 1.000000000000000000, 0.8660254037844387076, 1.000000000000000000, 0.8660254037844387076, 1.000000000000000000, 0.8660254037844387076, 1.000000000000000000, 0.8660254037844387076, 1.000000000000000000, 0.8660254037844387076, 1.000000000000000000, 0.8660254037844387076, 1.000000000000000000, 0.8660254037844387076, 1.000000000000000000, 0.8660254037844387076, 1.000000000000000000) ) ) 
 REPRESENTATION_ITEM ( '' )  SURFACE ( )  );
#1563 = AXIS2_PLACEMENT_3D ( 'NONE', #1566, #966, #1542 ) ;
#1564 = DIRECTION ( 'NONE',  ( 0.0000000000000000000, 0.0000000000000000000, -1.000000000000000000 ) ) ;
#1565 = AXIS2_PLACEMENT_3D ( 'NONE', #186, #1742, #2305 ) ;
#1566 = CARTESIAN_POINT ( 'NONE',  ( 11.59999999999999964, 6.360000000000001208, 0.0000000000000000000 ) ) ;
#1567 = CARTESIAN_POINT ( 'NONE',  ( 8.279166659695373909, 9.116356057928870271, -0.7385636385787300862 ) ) ;
#1568 = DIRECTION ( 'NONE',  ( 0.0000000000000000000, 0.0000000000000000000, 1.000000000000000000 ) ) ;
#1569 = AXIS2_PLACEMENT_3D ( 'NONE', #2123, #1210, #3993 ) ;
#1570 = VECTOR ( 'NONE', #2802, 1000.000000000000000 ) ;
#1571 = ORIENTED_EDGE ( 'NONE', *, *, #1863, .T. ) ;
#1572 = CYLINDRICAL_SURFACE ( 'NONE', #969, 3.200000000000000178 ) ;
#1573 = SURFACE_SIDE_STYLE ('',( #593 ) ) ;
#1574 = CARTESIAN_POINT ( 'NONE',  ( 35.75096679918780751, 6.360000000000000320, -3.200000000000000178 ) ) ;
#1575 = ORIENTED_EDGE ( 'NONE', *, *, #3193, .T. ) ;
#1576 = DIRECTION ( 'NONE',  ( -0.0000000000000000000, -0.0000000000000000000, -1.000000000000000000 ) ) ;
#1577 = VECTOR ( 'NONE', #811, 1000.000000000000000 ) ;
#1578 = CARTESIAN_POINT ( 'NONE',  ( 9.237499993028707834, 8.689946142381774763, -2.329946550606417865 ) ) ;
#1579 = LINE ( 'NONE', #980, #3162 ) ;
#1580 = ORIENTED_EDGE ( 'NONE', *, *, #2114, .T. ) ;
#1581 = ADVANCED_FACE ( 'NONE', ( #2921 ), #2644, .T. ) ;
#1582 = DIRECTION ( 'NONE',  ( 0.0000000000000000000, 0.0000000000000000000, -1.000000000000000000 ) ) ;
#1583 = VERTEX_POINT ( 'NONE', #3530 ) ;
#1584 = DIRECTION ( 'NONE',  ( 0.0000000000000000000, -0.0000000000000000000, 1.000000000000000000 ) ) ;
#1585 = CARTESIAN_POINT ( 'NONE',  ( 7.579166659695373731, 9.450962571569643700, -0.8282212151083622187 ) ) ;
#1586 = EDGE_CURVE ( 'NONE', #887, #829, #2558, .T. ) ;
#1587 = CARTESIAN_POINT ( 'NONE',  ( -2.029999999999999361, -3.939999999999999947, -3.049999999999999822 ) ) ;
#1588 = PLANE ( 'NONE',  #1894 ) ;
#1589 = CARTESIAN_POINT ( 'NONE',  ( 10.52916665969537391, 3.603643942071130368, 0.7385636385787283098 ) ) ;
#1590 = CARTESIAN_POINT ( 'NONE',  ( 7.625734920505487402, 6.359999999999998543, 3.199999999999998401 ) ) ;
#1591 = ORIENTED_EDGE ( 'NONE', *, *, #3449, .F. ) ;
#1592 = DIRECTION ( 'NONE',  ( 0.0000000000000000000, 0.0000000000000000000, -1.000000000000000000 ) ) ;
#1593 =( NAMED_UNIT ( * ) PLANE_ANGLE_UNIT ( ) SI_UNIT ( $, .RADIAN. ) );
#1594 = CARTESIAN_POINT ( 'NONE',  ( -2.029999999999999805, -3.939999999999999947, 2.029999999999999805 ) ) ;
#1595 = ORIENTED_EDGE ( 'NONE', *, *, #2380, .F. ) ;
#1596 = CARTESIAN_POINT ( 'NONE',  ( 9.599999999999999645, 6.410000000000001030, 1.000000000000014433 ) ) ;
#1597 = CARTESIAN_POINT ( 'NONE',  ( 9.404166659695372132, 7.212819831094197554, 3.182765824055378889 ) ) ;
#1598 = CARTESIAN_POINT ( 'NONE',  ( 11.06249999302870712, 8.622741898021878626, 2.262741501572007596 ) ) ;
#1599 = CARTESIAN_POINT ( 'NONE',  ( 3.500000000000000000, 0.5000000000000000000, 2.029999999999999805 ) ) ;
#1600 = ORIENTED_EDGE ( 'NONE', *, *, #3889, .T. ) ;
#1601 = CARTESIAN_POINT ( 'NONE',  ( -3.500000000000000000, 9.032718306246465545, 3.500000000000000000 ) ) ;
#1602 = ORIENTED_EDGE ( 'NONE', *, *, #2077, .F. ) ;
#1603 = CARTESIAN_POINT ( 'NONE',  ( 9.187499993028705347, 3.747211169921727869, 2.612789287859151433 ) ) ;
#1604 = CARTESIAN_POINT ( 'NONE',  ( 11.09999999999999787, 6.360000000000001208, 2.699999999999999289 ) ) ;
#1605 = EDGE_CURVE ( 'NONE', #225, #2838, #156, .T. ) ;
#1606 = EDGE_CURVE ( 'NONE', #3737, #1357, #1325, .T. ) ;
#1607 = CARTESIAN_POINT ( 'NONE',  ( 0.0000000000000000000, 0.5000000000000000000, -2.199999999999998845 ) ) ;
#1608 = EDGE_CURVE ( 'NONE', #2308, #420, #2352, .T. ) ;
#1609 = PLANE ( 'NONE',  #638 ) ;
#1610 = CARTESIAN_POINT ( 'NONE',  ( 10.23749999302870606, 8.689946142381772987, -2.329946550606417421 ) ) ;
#1611 = DIRECTION ( 'NONE',  ( -1.000000000000000000, 0.0000000000000000000, 0.0000000000000000000 ) ) ;
#1612 = ORIENTED_EDGE ( 'NONE', *, *, #3390, .T. ) ;
#1613 = FILL_AREA_STYLE ('',( #3492 ) ) ;
#1614 = CYLINDRICAL_SURFACE ( 'NONE', #3674, 2.699999999999999289 ) ;
#1615 = ORIENTED_EDGE ( 'NONE', *, *, #2666, .T. ) ;
#1616 = DIRECTION ( 'NONE',  ( -1.000000000000000000, 0.0000000000000000000, -0.0000000000000000000 ) ) ;
#1617 = CARTESIAN_POINT ( 'NONE',  ( 10.65416665969537391, 5.507180168905804862, -3.182765824055378889 ) ) ;
#1618 = CARTESIAN_POINT ( 'NONE',  ( 7.000000000000000000, 3.424101612827326058, -0.3919017715705747640 ) ) ;
#1619 = CARTESIAN_POINT ( 'NONE',  ( 7.886332128962767030, 6.781287849684058067, -3.199999999999998845 ) ) ;
#1620 = ORIENTED_EDGE ( 'NONE', *, *, #2951, .T. ) ;
#1621 = ORIENTED_EDGE ( 'NONE', *, *, #3048, .F. ) ;
#1622 = DIRECTION ( 'NONE',  ( -0.0000000000000000000, 0.0000000000000000000, 1.000000000000000000 ) ) ;
#1623 = ORIENTED_EDGE ( 'NONE', *, *, #2639, .T. ) ;
#1624 = CARTESIAN_POINT ( 'NONE',  ( 11.59999999999999964, 6.360000000000001208, -2.370000000000000551 ) ) ;
#1625 = CARTESIAN_POINT ( 'NONE',  ( 10.07916665969537284, 9.450962571569643700, -0.8282212151083622187 ) ) ;
#1626 = PLANE ( 'NONE',  #300 ) ;
#1627 = DIRECTION ( 'NONE',  ( 0.0000000000000000000, 0.0000000000000000000, 1.000000000000000000 ) ) ;
#1628 = CIRCLE ( 'NONE', #1640, 0.4350000000000013856 ) ;
#1629 = VECTOR ( 'NONE', #3994, 1000.000000000000000 ) ;
#1630 = VECTOR ( 'NONE', #2470, 1000.000000000000000 ) ;
#1631 = LINE ( 'NONE', #3829, #484 ) ;
#1632 = CARTESIAN_POINT ( 'NONE',  ( -3.500000000000000000, 2.860000000000000764, 3.500000000000000000 ) ) ;
#1633 = VERTEX_POINT ( 'NONE', #3514 ) ;
#1634 = CARTESIAN_POINT ( 'NONE',  ( -3.500000000000000000, 2.860000000000000764, -3.500000000000000000 ) ) ;
#1635 = CARTESIAN_POINT ( 'NONE',  ( 10.32083332636203821, 9.542765973475969332, 0.8528192734489598026 ) ) ;
#1636 = EDGE_CURVE ( 'NONE', #3752, #829, #337, .T. ) ;
#1637 = EDGE_CURVE ( 'NONE', #465, #2079, #241, .T. ) ;
#1638 = CARTESIAN_POINT ( 'NONE',  ( 5.399999999999998579, 6.360000000000001208, 0.0000000000000000000 ) ) ;
#1639 = DIRECTION ( 'NONE',  ( 0.0000000000000000000, 0.0000000000000000000, -1.000000000000000000 ) ) ;
#1640 = AXIS2_PLACEMENT_3D ( 'NONE', #2060, #3321, #844 ) ;
#1641 = ORIENTED_EDGE ( 'NONE', *, *, #3889, .F. ) ;
#1642 = ORIENTED_EDGE ( 'NONE', *, *, #3126, .T. ) ;
#1643 = VECTOR ( 'NONE', #1250, 1000.000000000000000 ) ;
#1644 = LINE ( 'NONE', #56, #2827 ) ;
#1645 = ORIENTED_EDGE ( 'NONE', *, *, #3244, .T. ) ;
#1646 = VECTOR ( 'NONE', #1058, 1000.000000000000000 ) ;
#1647 = CARTESIAN_POINT ( 'NONE',  ( 9.229166659695373198, 3.269037428430357384, 0.8282212151083604423 ) ) ;
#1648 = CARTESIAN_POINT ( 'NONE',  ( 10.12083332636203892, 9.929136313061015073, 0.9563468576424304368 ) ) ;
#1649 = DIRECTION ( 'NONE',  ( -1.000000000000000000, -0.0000000000000000000, -0.0000000000000000000 ) ) ;
#1650 = DIRECTION ( 'NONE',  ( -0.0000000000000000000, -1.000000000000000000, -0.0000000000000000000 ) ) ;
#1651 = CARTESIAN_POINT ( 'NONE',  ( 10.47916665969537320, 9.450962571569643700, -0.8282212151083626628 ) ) ;
#1652 = ORIENTED_EDGE ( 'NONE', *, *, #2441, .T. ) ;
#1653 = CARTESIAN_POINT ( 'NONE',  ( 9.530000000000006466, 6.310000000000000497, -0.2958039891549806844 ) ) ;
#1654 = FACE_OUTER_BOUND ( 'NONE', #895, .T. ) ;
#1655 = EDGE_LOOP ( 'NONE', ( #2648, #937, #610, #2815 ) ) ;
#1656 = DIRECTION ( 'NONE',  ( -0.0000000000000000000, -1.000000000000000000, -0.0000000000000000000 ) ) ;
#1657 = ADVANCED_FACE ( 'NONE', ( #416 ), #3553, .T. ) ;
#1658 = CARTESIAN_POINT ( 'NONE',  ( 8.612499993028707834, 4.342207097714918085, -2.017792548752169957 ) ) ;
#1659 = CARTESIAN_POINT ( 'NONE',  ( 7.000000000000002665, 5.176080100296389652, -2.885153588079818476 ) ) ;
#1660 = ORIENTED_EDGE ( 'NONE', *, *, #1379, .F. ) ;
#1661 = EDGE_CURVE ( 'NONE', #2728, #3562, #2624, .T. ) ;
#1662 = FACE_OUTER_BOUND ( 'NONE', #218, .T. ) ;
#1663 = EDGE_LOOP ( 'NONE', ( #438, #1301, #3028, #3638 ) ) ;
#1664 = CARTESIAN_POINT ( 'NONE',  ( 11.09999999999999787, 7.341733164202687512, 3.045685471992237048 ) ) ;
#1665 = CARTESIAN_POINT ( 'NONE',  ( 10.41249999302870677, 4.097258101978122902, -2.262741501572008040 ) ) ;
#1666 = CARTESIAN_POINT ( 'NONE',  ( 7.770833326362041049, 2.790863686938986010, -0.9563468576424304368 ) ) ;
#1667 = FACE_OUTER_BOUND ( 'NONE', #85, .T. ) ;
#1668 = CARTESIAN_POINT ( 'NONE',  ( 10.94583332636203998, 5.621436844356212603, 2.756356187330898155 ) ) ;
#1669 = ORIENTED_EDGE ( 'NONE', *, *, #2741, .F. ) ;
#1670 = DIRECTION ( 'NONE',  ( 0.0000000000000000000, 0.0000000000000000000, 1.000000000000000000 ) ) ;
#1671 = LINE ( 'NONE', #972, #4006 ) ;
#1672 = EDGE_LOOP ( 'NONE', ( #3372, #2584, #3871, #3702 ) ) ;
#1673 = DIRECTION ( 'NONE',  ( 0.0000000000000000000, -1.000000000000000000, 0.0000000000000000000 ) ) ;
#1674 = CARTESIAN_POINT ( 'NONE',  ( 8.395833326362039273, 7.188220673547764505, -3.090962716680367706 ) ) ;
#1675 = CARTESIAN_POINT ( 'NONE',  ( 11.35416665969537497, 5.403652517017258461, -3.569136145501582646 ) ) ;
#1676 = CARTESIAN_POINT ( 'NONE',  ( 9.079166659695374619, 9.450962571569643700, -0.8282212151083626628 ) ) ;
#1677 = VERTEX_POINT ( 'NONE', #745 ) ;
#1678 = PRODUCT_RELATED_PRODUCT_CATEGORY ( 'part', '', ( #2033 ) ) ;
#1679 = ADVANCED_FACE ( 'NONE', ( #1694 ), #112, .T. ) ;
#1680 = EDGE_CURVE ( 'NONE', #3760, #389, #3495, .T. ) ;
#1681 = CARTESIAN_POINT ( 'NONE',  ( 9.530000000000006466, 6.360000000000001208, 0.0000000000000000000 ) ) ;
#1682 = ORIENTED_EDGE ( 'NONE', *, *, #800, .F. ) ;
#1683 = EDGE_CURVE ( 'NONE', #3949, #2316, #3055, .T. ) ;
#1684 = DIRECTION ( 'NONE',  ( -0.0000000000000000000, 0.0000000000000000000, 1.000000000000000000 ) ) ;
#1685 = CARTESIAN_POINT ( 'NONE',  ( 9.870833326362040694, 2.790863686938985566, -0.9563468576424313250 ) ) ;
#1686 = EDGE_CURVE ( 'NONE', #2227, #402, #1829, .T. ) ;
#1687 = CARTESIAN_POINT ( 'NONE',  ( 11.52999999999999581, 6.360000000000001208, 0.0000000000000000000 ) ) ;
#1688 = FACE_OUTER_BOUND ( 'NONE', #3526, .T. ) ;
#1689 = CARTESIAN_POINT ( 'NONE',  ( 8.070833326362039983, 3.177234026524031307, -0.8528192734489599136 ) ) ;
#1690 = ORIENTED_EDGE ( 'NONE', *, *, #2739, .T. ) ;
#1691 = ORIENTED_EDGE ( 'NONE', *, *, #3198, .F. ) ;
#1692 = DIRECTION ( 'NONE',  ( 1.000000000000000000, -0.0000000000000000000, 0.0000000000000000000 ) ) ;
#1693 = AXIS2_PLACEMENT_3D ( 'NONE', #3164, #2311, #3551 ) ;
#1694 = FACE_OUTER_BOUND ( 'NONE', #454, .T. ) ;
#1695 = FACE_OUTER_BOUND ( 'NONE', #733, .T. ) ;
#1696 = AXIS2_PLACEMENT_3D ( 'NONE', #3927, #3306, #1071 ) ;
#1697 = VECTOR ( 'NONE', #251, 999.9999999999998863 ) ;
#1698 =( BOUNDED_CURVE ( )  B_SPLINE_CURVE ( 2, ( #1246, #1619, #3516, #663, #2210, #1904, #3779, #3474, #599 ),
 .UNSPECIFIED., .F., .F. ) 
 B_SPLINE_CURVE_WITH_KNOTS ( ( 3, 2, 2, 2, 3 ),
 ( 0.2624277831353657997, 0.2666666666666666630, 0.2833333333333333259, 0.2999999999999999889, 0.3124277831353657886 ),
 .UNSPECIFIED. ) 
 CURVE ( )  GEOMETRIC_REPRESENTATION_ITEM ( )  RATIONAL_B_SPLINE_CURVE ( ( 0.9491840436463323538, 0.9659258374293504534, 1.000000000000000000, 0.8660254037844387076, 1.000000000000000000, 0.8660254037844387076, 1.000000000000000000, 0.9000995663550882542, 0.9491840436463323538 ) ) 
 REPRESENTATION_ITEM ( '' )  );
#1699 = CARTESIAN_POINT ( 'NONE',  ( 3.899999999999998135, 6.360000000000001208, 0.0000000000000000000 ) ) ;
#1700 = CARTESIAN_POINT ( 'NONE',  ( 0.0000000000000000000, 0.0000000000000000000, 0.0000000000000000000 ) ) ;
#1701 = ORIENTED_EDGE ( 'NONE', *, *, #3633, .F. ) ;
#1702 = ORIENTED_EDGE ( 'NONE', *, *, #3432, .F. ) ;
#1703 = VECTOR ( 'NONE', #1369, 1000.000000000000000 ) ;
#1704 = AXIS2_PLACEMENT_3D ( 'NONE', #726, #50, #1030 ) ;
#1705 = CARTESIAN_POINT ( 'NONE',  ( 9.729166659695373198, 3.269037428430357384, 0.8282212151083604423 ) ) ;
#1706 = ORIENTED_EDGE ( 'NONE', *, *, #4111, .T. ) ;
#1707 = DIRECTION ( 'NONE',  ( -1.000000000000000000, 0.0000000000000000000, 0.0000000000000000000 ) ) ;
#1708 = CARTESIAN_POINT ( 'NONE',  ( 9.745833326362040694, 5.531779326452234358, 3.090962716680367706 ) ) ;
#1709 = VECTOR ( 'NONE', #933, 1000.000000000000000 ) ;
#1710 = AXIS2_PLACEMENT_3D ( 'NONE', #2663, #1837, #1132 ) ;
#1711 = DIRECTION ( 'NONE',  ( 0.0000000000000000000, 0.0000000000000000000, -1.000000000000000000 ) ) ;
#1712 = FACE_BOUND ( 'NONE', #732, .T. ) ;
#1713 = CARTESIAN_POINT ( 'NONE',  ( 7.112499993028706946, 4.342207097714918085, -2.017792548752169068 ) ) ;
#1714 = EDGE_CURVE ( 'NONE', #109, #750, #1459, .T. ) ;
#1715 = ORIENTED_EDGE ( 'NONE', *, *, #124, .T. ) ;
#1716 = ORIENTED_EDGE ( 'NONE', *, *, #648, .F. ) ;
#1717 = DIRECTION ( 'NONE',  ( 0.0000000000000000000, 0.0000000000000000000, 1.000000000000000000 ) ) ;
#1718 = DIRECTION ( 'NONE',  ( 1.000000000000000000, 0.0000000000000000000, 0.0000000000000000000 ) ) ;
#1719 = DIRECTION ( 'NONE',  ( 1.000000000000000000, -0.0000000000000000000, -0.0000000000000000000 ) ) ;
#1720 = PLANE ( 'NONE',  #2151 ) ;
#1721 = ORIENTED_EDGE ( 'NONE', *, *, #3965, .F. ) ;
#1722 = EDGE_LOOP ( 'NONE', ( #2925, #1435, #1377, #3922, #2214, #1011, #1396, #524 ) ) ;
#1723 = CARTESIAN_POINT ( 'NONE',  ( 8.062499993028707124, 8.622741898021878626, 2.262741501572007596 ) ) ;
#1724 = ORIENTED_EDGE ( 'NONE', *, *, #772, .F. ) ;
#1725 = CARTESIAN_POINT ( 'NONE',  ( 10.95416665969537284, 5.403652517017258461, -3.569136145501583979 ) ) ;
#1726 = DIRECTION ( 'NONE',  ( 0.0000000000000000000, -1.000000000000000000, 0.0000000000000000000 ) ) ;
#1727 = CARTESIAN_POINT ( 'NONE',  ( 9.579166659695372843, 9.450962571569643700, -0.8282212151083626628 ) ) ;
#1728 = CARTESIAN_POINT ( 'NONE',  ( 7.987499993028706946, 4.030053857618228541, 2.329946550606417421 ) ) ;
#1729 = VERTEX_POINT ( 'NONE', #1482 ) ;
#1730 = VERTEX_POINT ( 'NONE', #3992 ) ;
#1731 = CARTESIAN_POINT ( 'NONE',  ( 8.625734920505484737, 6.359999999999998543, 3.199999999999998401 ) ) ;
#1732 = CARTESIAN_POINT ( 'NONE',  ( 7.070833326362039983, 3.177234026524032195, -0.8528192734489608018 ) ) ;
#1733 = CYLINDRICAL_SURFACE ( 'NONE', #2554, 3.200000000000000178 ) ;
#1734 = EDGE_CURVE ( 'NONE', #343, #1973, #1274, .T. ) ;
#1735 = PLANE ( 'NONE',  #2546 ) ;
#1736 = DIRECTION ( 'NONE',  ( 0.0000000000000000000, 0.0000000000000000000, -1.000000000000000000 ) ) ;
#1737 = ORIENTED_EDGE ( 'NONE', *, *, #3296, .T. ) ;
#1738 = CARTESIAN_POINT ( 'NONE',  ( 8.479166659695374975, 9.450962571569643700, -0.8282212151083626628 ) ) ;
#1739 = ORIENTED_EDGE ( 'NONE', *, *, #1863, .F. ) ;
#1740 = VERTEX_POINT ( 'NONE', #3337 ) ;
#1741 = ORIENTED_EDGE ( 'NONE', *, *, #2588, .F. ) ;
#1742 = DIRECTION ( 'NONE',  ( 1.000000000000000000, 0.0000000000000000000, -0.0000000000000000000 ) ) ;
#1743 = CARTESIAN_POINT ( 'NONE',  ( 6.570833326362039095, 3.177234026524031307, -0.8528192734489599136 ) ) ;
#1744 = EDGE_LOOP ( 'NONE', ( #33, #1907, #2003, #721, #1941, #1346, #2729, #2144 ) ) ;
#1745 = VERTEX_POINT ( 'NONE', #1110 ) ;
#1746 = DIRECTION ( 'NONE',  ( 0.0000000000000000000, 0.0000000000000000000, 1.000000000000000000 ) ) ;
#1747 = DIRECTION ( 'NONE',  ( 0.0000000000000000000, 0.0000000000000000000, -1.000000000000000000 ) ) ;
#1748 = LINE ( 'NONE', #3362, #1103 ) ;
#1749 = CARTESIAN_POINT ( 'NONE',  ( 9.092393285699467143, 7.685483563808818808, 3.200000000000000178 ) ) ;
#1750 = DIRECTION ( 'NONE',  ( 0.0000000000000000000, 1.000000000000000000, 0.0000000000000000000 ) ) ;
#1751 = CARTESIAN_POINT ( 'NONE',  ( 3.500000000000003109, 6.360000000000001208, 2.800000000000000266 ) ) ;
#1752 = ORIENTED_EDGE ( 'NONE', *, *, #1376, .F. ) ;
#1753 = CARTESIAN_POINT ( 'NONE',  ( 9.886332128962768806, 6.781287849684057178, -3.199999999999999734 ) ) ;
#1754 = EDGE_CURVE ( 'NONE', #143, #1094, #497, .T. ) ;
#1755 = CARTESIAN_POINT ( 'NONE',  ( 6.979166659695374086, 9.450962571569643700, -0.8282212151083626628 ) ) ;
#1756 = ORIENTED_EDGE ( 'NONE', *, *, #3881, .F. ) ;
#1757 = CIRCLE ( 'NONE', #2156, 9.687104830649868603 ) ;
#1758 = CARTESIAN_POINT ( 'NONE',  ( -3.049999999999999822, 0.0000000000000000000, 3.049999999999999822 ) ) ;
#1759 = AXIS2_PLACEMENT_3D ( 'NONE', #3158, #2278, #3544 ) ;
#1760 = EDGE_LOOP ( 'NONE', ( #2757, #579 ) ) ;
#1761 = AXIS2_PLACEMENT_3D ( 'NONE', #1272, #3840, #1584 ) ;
#1762 = AXIS2_PLACEMENT_3D ( 'NONE', #4054, #2406, #1813 ) ;
#1763 = CARTESIAN_POINT ( 'NONE',  ( 11.59999999999999964, 6.360000000000001208, 0.0000000000000000000 ) ) ;
#1764 = VECTOR ( 'NONE', #3304, 1000.000000000000000 ) ;
#1765 = CARTESIAN_POINT ( 'NONE',  ( 11.52999999999999581, 6.360000000000001208, 0.0000000000000000000 ) ) ;
#1766 = CARTESIAN_POINT ( 'NONE',  ( 7.279166659695373021, 9.116356057928870271, -0.7385636385787305302 ) ) ;
#1767 = VECTOR ( 'NONE', #1185, 1000.000000000000000 ) ;
#1768 = ORIENTED_EDGE ( 'NONE', *, *, #3626, .T. ) ;
#1769 = FACE_OUTER_BOUND ( 'NONE', #2605, .T. ) ;
#1770 = CARTESIAN_POINT ( 'NONE',  ( 11.03749999302870677, 8.972788830078272326, -2.612789287859152321 ) ) ;
#1771 = CARTESIAN_POINT ( 'NONE',  ( 10.44239328569946501, 5.034516436191182720, -3.199999999999999289 ) ) ;
#1772 = AXIS2_PLACEMENT_3D ( 'NONE', #578, #1844, #2087 ) ;
#1773 = CARTESIAN_POINT ( 'NONE',  ( 9.386332128962767030, 6.781287849684057178, -3.199999999999999734 ) ) ;
#1774 = DIRECTION ( 'NONE',  ( -1.000000000000000000, -0.0000000000000000000, -0.0000000000000000000 ) ) ;
#1775 = ORIENTED_EDGE ( 'NONE', *, *, #1992, .F. ) ;
#1776 = CARTESIAN_POINT ( 'NONE',  ( -2.029999999999999361, -3.939999999999999947, -2.029999999999999805 ) ) ;
#1777 = CARTESIAN_POINT ( 'NONE',  ( 11.07991548025750106, 8.076706012000688162, 2.808777483262922203 ) ) ;
#1778 = CARTESIAN_POINT ( 'NONE',  ( 7.770833326362041049, 2.790863686938985566, -0.9563468576424304368 ) ) ;
#1779 = ORIENTED_EDGE ( 'NONE', *, *, #3684, .F. ) ;
#1780 = CARTESIAN_POINT ( 'NONE',  ( 11.10000000000000142, 5.771273031492560435, 3.090500456992259171 ) ) ;
#1781 = EDGE_CURVE ( 'NONE', #760, #4086, #2101, .T. ) ;
#1782 = ORIENTED_EDGE ( 'NONE', *, *, #1885, .F. ) ;
#1783 = EDGE_CURVE ( 'NONE', #53, #3397, #2725, .T. ) ;
#1784 = DIRECTION ( 'NONE',  ( 1.000000000000000000, -0.0000000000000000000, -0.0000000000000000000 ) ) ;
#1785 = DIRECTION ( 'NONE',  ( -0.0000000000000000000, -1.000000000000000000, -0.0000000000000000000 ) ) ;
#1786 = FACE_OUTER_BOUND ( 'NONE', #1061, .T. ) ;
#1787 = CARTESIAN_POINT ( 'NONE',  ( 10.57083332636203821, 3.177234026524031307, -0.8528192734489599136 ) ) ;
#1788 = EDGE_LOOP ( 'NONE', ( #2522, #2005, #479, #3292, #541, #880, #3789, #1615 ) ) ;
#1789 = LINE ( 'NONE', #4072, #1630 ) ;
#1790 = DIRECTION ( 'NONE',  ( 1.000000000000000000, -0.0000000000000000000, -0.0000000000000000000 ) ) ;
#1791 = CARTESIAN_POINT ( 'NONE',  ( 7.029166659695373909, 3.603643942071130368, 0.7385636385787283098 ) ) ;
#1792 = FACE_OUTER_BOUND ( 'NONE', #3182, .T. ) ;
#1793 = DIRECTION ( 'NONE',  ( 1.000000000000000000, 0.0000000000000000000, -0.0000000000000000000 ) ) ;
#1794 = DIRECTION ( 'NONE',  ( 0.0000000000000000000, 0.0000000000000000000, -1.000000000000000000 ) ) ;
#1795 = ORIENTED_EDGE ( 'NONE', *, *, #1608, .T. ) ;
#1796 = DIRECTION ( 'NONE',  ( 0.0000000000000000000, -1.000000000000000000, 0.0000000000000000000 ) ) ;
#1797 = CARTESIAN_POINT ( 'NONE',  ( 7.445833326362040872, 5.621436844356212603, 2.756356187330898155 ) ) ;
#1798 = CARTESIAN_POINT ( 'NONE',  ( 10.68749999302870712, 3.747211169921727869, 2.612789287859151433 ) ) ;
#1799 = ORIENTED_EDGE ( 'NONE', *, *, #228, .F. ) ;
#1800 = DIRECTION ( 'NONE',  ( -1.000000000000000000, -0.0000000000000000000, -0.0000000000000000000 ) ) ;
#1801 = VERTEX_POINT ( 'NONE', #785 ) ;
#1802 = EDGE_CURVE ( 'NONE', #511, #2317, #1748, .T. ) ;
#1803 = CARTESIAN_POINT ( 'NONE',  ( 11.09999999999999254, 9.437412862186334905, -0.7622428714334754662 ) ) ;
#1804 = DIRECTION ( 'NONE',  ( -0.0000000000000000000, -0.0000000000000000000, 1.000000000000000000 ) ) ;
#1805 = SURFACE_STYLE_USAGE ( .BOTH. , #3672 ) ;
#1806 = CARTESIAN_POINT ( 'NONE',  ( 9.487499993028707834, 4.030053857618228541, 2.329946550606417421 ) ) ;
#1807 = EDGE_CURVE ( 'NONE', #2227, #3312, #2828, .T. ) ;
#1808 = ADVANCED_FACE ( 'NONE', ( #168 ), #2659, .T. ) ;
#1809 = ORIENTED_EDGE ( 'NONE', *, *, #29, .T. ) ;
#1810 = PLANE ( 'NONE',  #35 ) ;
#1811 = DIRECTION ( 'NONE',  ( -0.0000000000000000000, -0.0000000000000000000, 1.000000000000000000 ) ) ;
#1812 = CARTESIAN_POINT ( 'NONE',  ( 7.404166659695373021, 7.212819831094197554, 3.182765824055378889 ) ) ;
#1813 = DIRECTION ( 'NONE',  ( 0.0000000000000000000, 0.0000000000000000000, -1.000000000000000000 ) ) ;
#1814 = CARTESIAN_POINT ( 'NONE',  ( -3.500000000000000000, 9.687104830649868603, 0.0000000000000000000 ) ) ;
#1815 = CARTESIAN_POINT ( 'NONE',  ( 7.386332128962767030, 6.781287849684058067, -3.199999999999998845 ) ) ;
#1816 = CARTESIAN_POINT ( 'NONE',  ( 10.06249999302870712, 8.622741898021878626, 2.262741501572007596 ) ) ;
#1817 = DIRECTION ( 'NONE',  ( -0.0000000000000000000, -0.0000000000000000000, 1.000000000000000000 ) ) ;
#1818 = CARTESIAN_POINT ( 'NONE',  ( 6.654166659695373021, 5.507180168905804862, -3.182765824055378889 ) ) ;
#1819 = VERTEX_POINT ( 'NONE', #2405 ) ;
#1820 = CIRCLE ( 'NONE', #1696, 0.3699999999999953326 ) ;
#1821 = AXIS2_PLACEMENT_3D ( 'NONE', #2829, #2507, #1207 ) ;
#1822 = DIRECTION ( 'NONE',  ( 0.0000000000000000000, 0.0000000000000000000, -1.000000000000000000 ) ) ;
#1823 = CARTESIAN_POINT ( 'NONE',  ( 0.0000000000000000000, 0.5000000000000000000, 0.0000000000000000000 ) ) ;
#1824 = CARTESIAN_POINT ( 'NONE',  ( 9.530000000000010019, 6.310000000000000497, 0.2958039891549855693 ) ) ;
#1825 = CARTESIAN_POINT ( 'NONE',  ( 10.19583332636203998, 7.098563155643787148, -2.756356187330897711 ) ) ;
#1826 = AXIS2_PLACEMENT_3D ( 'NONE', #2452, #543, #1747 ) ;
#1827 = VECTOR ( 'NONE', #1817, 1000.000000000000000 ) ;
#1828 = VECTOR ( 'NONE', #692, 1000.000000000000000 ) ;
#1829 = CIRCLE ( 'NONE', #1242, 2.978321675037803651 ) ;
#1830 = ORIENTED_EDGE ( 'NONE', *, *, #1680, .T. ) ;
#1831 = DIRECTION ( 'NONE',  ( 0.0000000000000000000, 0.0000000000000000000, -1.000000000000000000 ) ) ;
#1832 = CYLINDRICAL_SURFACE ( 'NONE', #363, 0.5000000000000001110 ) ;
#1833 = CARTESIAN_POINT ( 'NONE',  ( 8.029166659695373909, 3.603643942071130368, 0.7385636385787283098 ) ) ;
#1834 = VECTOR ( 'NONE', #686, 1000.000000000000000 ) ;
#1835 = LINE ( 'NONE', #2746, #2685 ) ;
#1836 = VECTOR ( 'NONE', #2480, 1000.000000000000000 ) ;
#1837 = DIRECTION ( 'NONE',  ( 0.0000000000000000000, 1.000000000000000000, 0.0000000000000000000 ) ) ;
#1838 = CARTESIAN_POINT ( 'NONE',  ( 9.599999999999999645, 6.410000000000001030, 0.4270831300812557019 ) ) ;
#1839 = ORIENTED_EDGE ( 'NONE', *, *, #1986, .T. ) ;
#1840 = CARTESIAN_POINT ( 'NONE',  ( 11.52999999999999581, 6.360000000000001208, 0.0000000000000000000 ) ) ;
#1841 = DIRECTION ( 'NONE',  ( 0.0000000000000000000, 1.000000000000000000, 0.0000000000000000000 ) ) ;
#1842 = CARTESIAN_POINT ( 'NONE',  ( 11.03749999302870677, 8.972788830078274103, -2.612789287859152321 ) ) ;
#1843 = CARTESIAN_POINT ( 'NONE',  ( 10.06249999302870712, 8.622741898021878626, 2.262741501572007596 ) ) ;
#1844 = DIRECTION ( 'NONE',  ( -1.000000000000000000, -0.0000000000000000000, -0.0000000000000000000 ) ) ;
#1845 = EDGE_LOOP ( 'NONE', ( #2373, #3350, #1451, #3670 ) ) ;
#1846 = CARTESIAN_POINT ( 'NONE',  ( 11.09999999999999432, 9.536828675485205409, -0.2909674937698835118 ) ) ;
#1847 = CARTESIAN_POINT ( 'NONE',  ( 3.500000000000000000, 2.860000000000000764, 3.500000000000000000 ) ) ;
#1848 = CARTESIAN_POINT ( 'NONE',  ( 6.579166659695373731, 9.450962571569643700, -0.8282212151083622187 ) ) ;
#1849 = CARTESIAN_POINT ( 'NONE',  ( 9.612499993028706058, 4.342207097714918085, -2.017792548752169068 ) ) ;
#1850 = CARTESIAN_POINT ( 'NONE',  ( 3.500000000000000000, 0.5000000000000000000, -2.029999999999999805 ) ) ;
#1851 = CARTESIAN_POINT ( 'NONE',  ( 3.049999999999999822, -3.939999999999999947, 3.049999999999999822 ) ) ;
#1852 = CARTESIAN_POINT ( 'NONE',  ( 9.029166659695372132, 3.603643942071130368, 0.7385636385787283098 ) ) ;
#1853 = DIRECTION ( 'NONE',  ( -0.0000000000000000000, 1.000000000000000000, -0.0000000000000000000 ) ) ;
#1854 = EDGE_CURVE ( 'NONE', #92, #1633, #1628, .T. ) ;
#1855 = DIRECTION ( 'NONE',  ( 8.659560562354931626E-17, 0.7071067811865477948, -0.7071067811865473507 ) ) ;
#1856 = EDGE_CURVE ( 'NONE', #2793, #2389, #2343, .T. ) ;
#1857 = SHAPE_DEFINITION_REPRESENTATION ( #709, #3933 ) ;
#1858 = PLANE ( 'NONE',  #3747 ) ;
#1859 = ORIENTED_EDGE ( 'NONE', *, *, #936, .F. ) ;
#1860 = PLANE ( 'NONE',  #3208 ) ;
#1861 = CARTESIAN_POINT ( 'NONE',  ( 7.112499993028706946, 4.342207097714918085, -2.017792548752169957 ) ) ;
#1862 = EDGE_CURVE ( 'NONE', #3583, #595, #3816, .T. ) ;
#1863 = EDGE_CURVE ( 'NONE', #1677, #2928, #2870, .T. ) ;
#1864 = CARTESIAN_POINT ( 'NONE',  ( 10.43749999302870712, 8.972788830078272326, -2.612789287859152321 ) ) ;
#1865 = CARTESIAN_POINT ( 'NONE',  ( 11.09999999999999787, 3.487831541673874103, -0.5264638539333137413 ) ) ;
#1866 = VERTEX_POINT ( 'NONE', #2614 ) ;
#1867 = CARTESIAN_POINT ( 'NONE',  ( 8.370833326362040694, 2.790863686938986010, -0.9563468576424304368 ) ) ;
#1868 = CARTESIAN_POINT ( 'NONE',  ( 3.500000000000000000, 9.032718306246465545, -3.500000000000000000 ) ) ;
#1869 = CARTESIAN_POINT ( 'NONE',  ( 0.0000000000000000000, 0.0000000000000000000, 0.0000000000000000000 ) ) ;
#1870 = LINE ( 'NONE', #542, #2413 ) ;
#1871 = CARTESIAN_POINT ( 'NONE',  ( -3.049999999999999378, -3.939999999999999947, -2.030000000000000249 ) ) ;
#1872 = CARTESIAN_POINT ( 'NONE',  ( 9.320833326362039983, 9.542765973475969332, 0.8528192734489598026 ) ) ;
#1873 = CYLINDRICAL_SURFACE ( 'NONE', #1244, 3.200000000000000178 ) ;
#1874 = ORIENTED_EDGE ( 'NONE', *, *, #3582, .F. ) ;
#1875 = CARTESIAN_POINT ( 'NONE',  ( 7.725734920505487935, 6.359999999999998543, 3.199999999999998401 ) ) ;
#1876 = CARTESIAN_POINT ( 'NONE',  ( 7.375734920505487402, 6.360000000000001208, -3.199999999999998401 ) ) ;
#1877 = EDGE_LOOP ( 'NONE', ( #1724, #2713, #831, #2010 ) ) ;
#1878 = DIRECTION ( 'NONE',  ( 0.0000000000000000000, 1.156482317317871449E-14, -1.000000000000000000 ) ) ;
#1879 = CARTESIAN_POINT ( 'NONE',  ( 10.61249999302870606, 4.342207097714918085, -2.017792548752169957 ) ) ;
#1880 = EDGE_CURVE ( 'NONE', #2496, #2793, #1048, .T. ) ;
#1881 = CARTESIAN_POINT ( 'NONE',  ( 10.60416665969537497, 7.316347482982743067, 3.569136145501582646 ) ) ;
#1882 = CARTESIAN_POINT ( 'NONE',  ( 11.10000000000000142, 3.432478146070347513, -0.2154125156801379726 ) ) ;
#1883 = EDGE_LOOP ( 'NONE', ( #207, #3688, #2671, #1073 ) ) ;
#1884 = EDGE_CURVE ( 'NONE', #2928, #3268, #3827, .T. ) ;
#1885 = EDGE_CURVE ( 'NONE', #1502, #600, #581, .T. ) ;
#1886 = DIRECTION ( 'NONE',  ( 1.000000000000000000, 0.0000000000000000000, 0.0000000000000000000 ) ) ;
#1887 = CARTESIAN_POINT ( 'NONE',  ( 11.52999999999999581, 6.360000000000001208, -2.299999999999998934 ) ) ;
#1888 = CARTESIAN_POINT ( 'NONE',  ( 7.495833326362039806, 7.188220673547766282, -3.090962716680368594 ) ) ;
#1889 = AXIS2_PLACEMENT_3D ( 'NONE', #2809, #276, #3805 ) ;
#1890 = DIRECTION ( 'NONE',  ( -0.0000000000000000000, 1.000000000000000000, -0.0000000000000000000 ) ) ;
#1891 = CARTESIAN_POINT ( 'NONE',  ( 10.87083332636204069, 2.790863686938986010, -0.9563468576424304368 ) ) ;
#1892 = CARTESIAN_POINT ( 'NONE',  ( 8.654166659695372132, 5.507180168905804862, -3.182765824055378889 ) ) ;
#1893 = CARTESIAN_POINT ( 'NONE',  ( 8.187499993028707124, 3.747211169921727869, 2.612789287859151433 ) ) ;
#1894 = AXIS2_PLACEMENT_3D ( 'NONE', #1276, #2161, #3429 ) ;
#1895 = VECTOR ( 'NONE', #2467, 1000.000000000000000 ) ;
#1896 = EDGE_LOOP ( 'NONE', ( #794, #1602, #1779, #509, #3365 ) ) ;
#1897 = FACE_OUTER_BOUND ( 'NONE', #3252, .T. ) ;
#1898 = DIRECTION ( 'NONE',  ( 0.0000000000000000000, 0.0000000000000000000, -1.000000000000000000 ) ) ;
#1899 = ORIENTED_EDGE ( 'NONE', *, *, #3449, .T. ) ;
#1900 = CARTESIAN_POINT ( 'NONE',  ( 7.397501560549919475, 6.310000000000000497, 1.000000000000014433 ) ) ;
#1901 = VECTOR ( 'NONE', #308, 1000.000000000000000 ) ;
#1902 = AXIS2_PLACEMENT_3D ( 'NONE', #3956, #3103, #234 ) ;
#1903 = DIRECTION ( 'NONE',  ( 0.0000000000000000000, 0.0000000000000000000, 1.000000000000000000 ) ) ;
#1904 = CARTESIAN_POINT ( 'NONE',  ( 8.020833326362039273, 9.929136313061015073, 0.9563468576424295486 ) ) ;
#1905 = ORIENTED_EDGE ( 'NONE', *, *, #4068, .F. ) ;
#1906 = DIRECTION ( 'NONE',  ( -1.000000000000000000, -0.0000000000000000000, -0.0000000000000000000 ) ) ;
#1907 = ORIENTED_EDGE ( 'NONE', *, *, #2983, .T. ) ;
#1908 = EDGE_CURVE ( 'NONE', #1583, #175, #3418, .T. ) ;
#1909 = CYLINDRICAL_SURFACE ( 'NONE', #2550, 3.200000000000000178 ) ;
#1910 = DIRECTION ( 'NONE',  ( 0.0000000000000000000, -1.000000000000000000, 0.0000000000000000000 ) ) ;
#1911 = CARTESIAN_POINT ( 'NONE',  ( 9.599999999999999645, 6.310000000000000497, 1.000000000000014433 ) ) ;
#1912 = CARTESIAN_POINT ( 'NONE',  ( 5.399999999999998579, 6.360000000000001208, 0.0000000000000000000 ) ) ;
#1913 = CARTESIAN_POINT ( 'NONE',  ( 35.75096679918780751, 6.360000000000000320, -3.200000000000000178 ) ) ;
#1914 = DIRECTION ( 'NONE',  ( -0.0000000000000000000, 1.000000000000000000, -0.0000000000000000000 ) ) ;
#1915 = VERTEX_POINT ( 'NONE', #2000 ) ;
#1916 = CARTESIAN_POINT ( 'NONE',  ( 7.062499993028708012, 8.622741898021878626, 2.262741501572007596 ) ) ;
#1917 = DIRECTION ( 'NONE',  ( -1.000000000000000000, -0.0000000000000000000, -0.0000000000000000000 ) ) ;
#1918 = ORIENTED_EDGE ( 'NONE', *, *, #1002, .T. ) ;
#1919 = DIRECTION ( 'NONE',  ( 0.0000000000000000000, 0.0000000000000000000, -1.000000000000000000 ) ) ;
#1920 = CARTESIAN_POINT ( 'NONE',  ( 10.86249999302870606, 8.377792902285083443, 2.017792548752170401 ) ) ;
#1921 = CARTESIAN_POINT ( 'NONE',  ( 6.999999999999999112, 3.422036598458451540, 0.08466154532984972170 ) ) ;
#1922 = ORIENTED_EDGE ( 'NONE', *, *, #936, .T. ) ;
#1923 = CARTESIAN_POINT ( 'NONE',  ( 9.725734920505486159, 6.359999999999996767, 3.199999999999999289 ) ) ;
#1924 = ORIENTED_EDGE ( 'NONE', *, *, #1961, .T. ) ;
#1925 = DIRECTION ( 'NONE',  ( 0.0000000000000000000, 0.0000000000000000000, 1.000000000000000000 ) ) ;
#1926 = CARTESIAN_POINT ( 'NONE',  ( 9.287499993028708545, 3.747211169921726981, 2.612789287859151433 ) ) ;
#1927 = EDGE_CURVE ( 'NONE', #3089, #1366, #3259, .T. ) ;
#1928 = LINE ( 'NONE', #2572, #970 ) ;
#1929 = CARTESIAN_POINT ( 'NONE',  ( 9.553301569605096688, 6.310000000000000497, 0.3194360939872946670 ) ) ;
#1930 = DIRECTION ( 'NONE',  ( -1.000000000000000000, -0.0000000000000000000, -0.0000000000000000000 ) ) ;
#1931 = ADVANCED_FACE ( 'NONE', ( #2574 ), #1112, .F. ) ;
#1932 = ORIENTED_EDGE ( 'NONE', *, *, #644, .T. ) ;
#1933 = CARTESIAN_POINT ( 'NONE',  ( 2.029999999999999805, 0.0000000000000000000, 3.049999999999999822 ) ) ;
#1934 = PLANE ( 'NONE',  #1561 ) ;
#1935 = ORIENTED_EDGE ( 'NONE', *, *, #1734, .F. ) ;
#1936 = DIRECTION ( 'NONE',  ( 1.000000000000000000, -0.0000000000000000000, -0.0000000000000000000 ) ) ;
#1937 = CARTESIAN_POINT ( 'NONE',  ( 8.737499993028707834, 8.689946142381774763, -2.329946550606417865 ) ) ;
#1938 = CARTESIAN_POINT ( 'NONE',  ( 11.22916665969537320, 3.269037428430357384, 0.8282212151083604423 ) ) ;
#1939 = CARTESIAN_POINT ( 'NONE',  ( 11.10000000000000320, 3.417449263302632545, -0.05582385127346659731 ) ) ;
#1940 = ORIENTED_EDGE ( 'NONE', *, *, #3456, .F. ) ;
#1941 = ORIENTED_EDGE ( 'NONE', *, *, #1203, .T. ) ;
#1942 = PLANE ( 'NONE',  #173 ) ;
#1943 = ORIENTED_EDGE ( 'NONE', *, *, #387, .T. ) ;
#1944 = PLANE ( 'NONE',  #491 ) ;
#1945 = CARTESIAN_POINT ( 'NONE',  ( 9.329166659695374619, 3.269037428430356496, 0.8282212151083599982 ) ) ;
#1946 = VECTOR ( 'NONE', #4101, 1000.000000000000000 ) ;
#1947 = CARTESIAN_POINT ( 'NONE',  ( 7.645833326362041049, 5.531779326452235246, 3.090962716680367706 ) ) ;
#1948 = ADVANCED_FACE ( 'NONE', ( #3205 ), #2159, .T. ) ;
#1949 = LINE ( 'NONE', #3919, #1967 ) ;
#1950 = CARTESIAN_POINT ( 'NONE',  ( 6.445833326362040872, 5.621436844356212603, 2.756356187330897711 ) ) ;
#1951 = VECTOR ( 'NONE', #11, 1000.000000000000000 ) ;
#1952 = VECTOR ( 'NONE', #3303, 1000.000000000000000 ) ;
#1953 = EDGE_CURVE ( 'NONE', #483, #3583, #527, .T. ) ;
#1954 = VECTOR ( 'NONE', #1855, 999.9999999999998863 ) ;
#1955 = ADVANCED_FACE ( 'NONE', ( #2315 ), #1308, .T. ) ;
#1956 = CONICAL_SURFACE ( 'NONE', #3479, 0.4300000000000032685, 0.7853981633974211896 ) ;
#1957 = EDGE_LOOP ( 'NONE', ( #3560, #1182, #2078, #353 ) ) ;
#1958 = CARTESIAN_POINT ( 'NONE',  ( 7.486332128962765786, 6.781287849684058067, -3.199999999999998845 ) ) ;
#1959 = FACE_OUTER_BOUND ( 'NONE', #110, .T. ) ;
#1960 = VERTEX_POINT ( 'NONE', #2562 ) ;
#1961 = EDGE_CURVE ( 'NONE', #887, #2834, #369, .T. ) ;
#1962 = LINE ( 'NONE', #2901, #171 ) ;
#1963 = CARTESIAN_POINT ( 'NONE',  ( 9.862499993028706058, 8.377792902285083443, 2.017792548752170401 ) ) ;
#1964 = EDGE_CURVE ( 'NONE', #2457, #735, #2062, .T. ) ;
#1965 = B_SPLINE_CURVE_WITH_KNOTS ( 'NONE', 3,
 ( #3046, #1514, #265, #2444 ),
 .UNSPECIFIED., .F., .F.,
 ( 4, 4 ),
 ( 0.001514779666605915384, 0.001614461375317883087 ),
 .UNSPECIFIED. ) ;
#1966 = CARTESIAN_POINT ( 'NONE',  ( 7.000000000000005329, 3.496740847300262356, 0.5582846501258673655 ) ) ;
#1967 = VECTOR ( 'NONE', #3298, 1000.000000000000000 ) ;
#1968 = DIRECTION ( 'NONE',  ( 0.0000000000000000000, 0.0000000000000000000, -1.000000000000000000 ) ) ;
#1969 = VECTOR ( 'NONE', #1340, 1000.000000000000114 ) ;
#1970 = VERTEX_POINT ( 'NONE', #3909 ) ;
#1971 = ORIENTED_EDGE ( 'NONE', *, *, #697, .T. ) ;
#1972 = FACE_OUTER_BOUND ( 'NONE', #341, .T. ) ;
#1973 = VERTEX_POINT ( 'NONE', #3644 ) ;
#1974 = LINE ( 'NONE', #2865, #3415 ) ;
#1975 = CARTESIAN_POINT ( 'NONE',  ( 10.28749999302870677, 3.747211169921726981, 2.612789287859151433 ) ) ;
#1976 = CARTESIAN_POINT ( 'NONE',  ( 7.687499993028707124, 3.747211169921727869, 2.612789287859151433 ) ) ;
#1977 = CARTESIAN_POINT ( 'NONE',  ( 2.029999999999999805, -3.939999999999999947, -3.049999999999999822 ) ) ;
#1978 = CARTESIAN_POINT ( 'NONE',  ( 11.06319390640057065, 3.255414612618416026, -0.5610454562212717766 ) ) ;
#1979 = EDGE_CURVE ( 'NONE', #782, #1819, #1420, .T. ) ;
#1980 = ORIENTED_EDGE ( 'NONE', *, *, #182, .T. ) ;
#1981 = CARTESIAN_POINT ( 'NONE',  ( 11.59999999999999964, 6.360000000000001208, 0.0000000000000000000 ) ) ;
#1982 = DIRECTION ( 'NONE',  ( -0.0000000000000000000, 1.000000000000000000, -0.0000000000000000000 ) ) ;
#1983 = ORIENTED_EDGE ( 'NONE', *, *, #1783, .T. ) ;
#1984 = DIRECTION ( 'NONE',  ( 0.0000000000000000000, 1.000000000000000000, 0.0000000000000000000 ) ) ;
#1985 = CARTESIAN_POINT ( 'NONE',  ( 8.842393285699468919, 5.034516436191182720, -3.199999999999999289 ) ) ;
#1986 = EDGE_CURVE ( 'NONE', #237, #325, #2687, .T. ) ;
#1987 =( BOUNDED_CURVE ( )  B_SPLINE_CURVE ( 2, ( #2303, #1348, #196, #827, #2609, #2013, #3253, #1777, #1664 ),
 .UNSPECIFIED., .F., .T. ) 
 B_SPLINE_CURVE_WITH_KNOTS ( ( 3, 2, 2, 2, 3 ),
 ( 0.8624277831353658330, 0.8666666666666666963, 0.8833333333333333037, 0.9000000000000000222, 0.9075553374992314515 ),
 .UNSPECIFIED. ) 
 CURVE ( )  GEOMETRIC_REPRESENTATION_ITEM ( )  RATIONAL_B_SPLINE_CURVE ( ( 0.9491840436463323538, 0.9659258374293505645, 1.000000000000000000, 0.8660254037844387076, 1.000000000000000000, 0.8660254037844387076, 1.000000000000000000, 0.9392666025560907350, 0.9335965629318250247 ) ) 
 REPRESENTATION_ITEM ( '' )  );
#1988 = DIRECTION ( 'NONE',  ( -1.000000000000000000, 0.0000000000000000000, 0.0000000000000000000 ) ) ;
#1989 = CARTESIAN_POINT ( 'NONE',  ( 7.187499993028708012, 3.747211169921727869, 2.612789287859151433 ) ) ;
#1990 = ORIENTED_EDGE ( 'NONE', *, *, #694, .F. ) ;
#1991 = ORIENTED_EDGE ( 'NONE', *, *, #1927, .T. ) ;
#1992 = EDGE_CURVE ( 'NONE', #1051, #2170, #1428, .T. ) ;
#1993 = EDGE_CURVE ( 'NONE', #1331, #324, #1820, .T. ) ;
#1994 = CARTESIAN_POINT ( 'NONE',  ( 9.875734920505488290, 6.359999999999999432, -3.199999999999998845 ) ) ;
#1995 = ORIENTED_EDGE ( 'NONE', *, *, #152, .F. ) ;
#1996 = CARTESIAN_POINT ( 'NONE',  ( 7.000000000000002665, 8.820107858317360439, 1.905894854154096318 ) ) ;
#1997 = CARTESIAN_POINT ( 'NONE',  ( 9.037499993028706768, 8.972788830078274103, -2.612789287859152321 ) ) ;
#1998 = FACE_OUTER_BOUND ( 'NONE', #3179, .T. ) ;
#1999 = CARTESIAN_POINT ( 'NONE',  ( 9.975734920505487935, 6.360000000000005649, -3.199999999999998845 ) ) ;
#2000 = CARTESIAN_POINT ( 'NONE',  ( -3.500000000000000000, 0.0000000000000000000, 2.029999999999999805 ) ) ;
#2001 = ORIENTED_EDGE ( 'NONE', *, *, #3071, .F. ) ;
#2002 = B_SPLINE_CURVE_WITH_KNOTS ( 'NONE', 3,
 ( #2392, #3666, #1488, #505, #3367, #736, #850, #4021, #1180, #390, #2106, #3586, #755, #525, #1996, #2439, #872, #2931 ),
 .UNSPECIFIED., .F., .F.,
 ( 4, 2, 2, 2, 2, 2, 2, 2, 4 ),
 ( 9.058118219994463212E-18, 0.0009424635090068122232, 0.001884927018013615339, 0.002827390527020418130, 0.003769854036027221571, 0.004712317545034026313, 0.005183549299537428684, 0.005654781054040831055, 0.007539708072054446611 ),
 .UNSPECIFIED. ) ;
#2003 = ORIENTED_EDGE ( 'NONE', *, *, #2181, .F. ) ;
#2004 = CARTESIAN_POINT ( 'NONE',  ( 2.029999999999999805, 0.5000000000000000000, 2.029999999999999805 ) ) ;
#2005 = ORIENTED_EDGE ( 'NONE', *, *, #3683, .F. ) ;
#2006 = DIRECTION ( 'NONE',  ( -0.0000000000000000000, -1.000000000000000000, -0.0000000000000000000 ) ) ;
#2007 = CARTESIAN_POINT ( 'NONE',  ( 8.812499993028707124, 4.097258101978122902, -2.262741501572007152 ) ) ;
#2008 = FACE_OUTER_BOUND ( 'NONE', #154, .T. ) ;
#2009 = DIRECTION ( 'NONE',  ( -0.0000000000000000000, -1.000000000000000000, -0.0000000000000000000 ) ) ;
#2010 = ORIENTED_EDGE ( 'NONE', *, *, #2877, .T. ) ;
#2011 =( BOUNDED_CURVE ( )  B_SPLINE_CURVE ( 2, ( #3243, #1359, #3953, #2022, #1384, #2645, #1341, #1111, #2625 ),
 .UNSPECIFIED., .F., .F. ) 
 B_SPLINE_CURVE_WITH_KNOTS ( ( 3, 2, 2, 2, 3 ),
 ( 0.2124277831353658108, 0.2166666666666666741, 0.2333333333333333370, 0.2500000000000000000, 0.2624277831353657997 ),
 .UNSPECIFIED. ) 
 CURVE ( )  GEOMETRIC_REPRESENTATION_ITEM ( )  RATIONAL_B_SPLINE_CURVE ( ( 0.9491840436463323538, 0.9659258374293504534, 1.000000000000000000, 0.8660254037844387076, 1.000000000000000000, 0.8660254037844387076, 1.000000000000000000, 0.9000995663550882542, 0.9491840436463323538 ) ) 
 REPRESENTATION_ITEM ( '' )  );
#2012 = ORIENTED_EDGE ( 'NONE', *, *, #228, .T. ) ;
#2013 = CARTESIAN_POINT ( 'NONE',  ( 11.02083332636203927, 9.929136313061015073, 0.9563468576424295486 ) ) ;
#2014 = CARTESIAN_POINT ( 'NONE',  ( 8.995833326362038918, 7.188220673547766282, -3.090962716680368594 ) ) ;
#2015 = DIRECTION ( 'NONE',  ( -1.000000000000000000, 0.0000000000000000000, -0.0000000000000000000 ) ) ;
#2016 = CARTESIAN_POINT ( 'NONE',  ( 9.745833326362040694, 5.531779326452235246, 3.090962716680367706 ) ) ;
#2017 = CARTESIAN_POINT ( 'NONE',  ( 6.529166659695373021, 3.603643942071131256, 0.7385636385787287539 ) ) ;
#2018 = ORIENTED_EDGE ( 'NONE', *, *, #1258, .T. ) ;
#2019 = VERTEX_POINT ( 'NONE', #2966 ) ;
#2020 = CARTESIAN_POINT ( 'NONE',  ( 6.599999999999998757, 6.410000000000001030, 0.2958039891549808509 ) ) ;
#2021 = CARTESIAN_POINT ( 'NONE',  ( -3.500000000000000000, 0.5000000000000004441, 3.500000000000000000 ) ) ;
#2022 = CARTESIAN_POINT ( 'NONE',  ( 7.287499993028708545, 3.747211169921727869, 2.612789287859151433 ) ) ;
#2023 =( GEOMETRIC_REPRESENTATION_CONTEXT ( 3 ) GLOBAL_UNCERTAINTY_ASSIGNED_CONTEXT ( ( #899 ) ) GLOBAL_UNIT_ASSIGNED_CONTEXT ( ( #3665, #1465, #4020 ) ) REPRESENTATION_CONTEXT ( 'NONE', 'WORKASPACE' ) );
#2024 = VECTOR ( 'NONE', #2914, 1000.000000000000000 ) ;
#2025 = CARTESIAN_POINT ( 'NONE',  ( 9.399999999999998579, 6.360000000000001208, 0.5000000000000001110 ) ) ;
#2026 = PLANE ( 'NONE',  #1710 ) ;
#2027 = ORIENTED_EDGE ( 'NONE', *, *, #2689, .T. ) ;
#2028 = ORIENTED_EDGE ( 'NONE', *, *, #590, .T. ) ;
#2029 = CIRCLE ( 'NONE', #3878, 3.199999999999999734 ) ;
#2030 = AXIS2_PLACEMENT_3D ( 'NONE', #2411, #3689, #2710 ) ;
#2031 = AXIS2_PLACEMENT_3D ( 'NONE', #522, #3056, #2707 ) ;
#2032 = VECTOR ( 'NONE', #1930, 1000.000000000000000 ) ;
#2033 = PRODUCT ( 'D38D4B33-0953-4FDA-8A29-F5EDE33751D2', 'D38D4B33-0953-4FDA-8A29-F5EDE33751D2', '', ( #633 ) ) ;
#2034 = CARTESIAN_POINT ( 'NONE',  ( 7.020833326362041049, 9.929136313061015073, 0.9563468576424295486 ) ) ;
#2035 = VERTEX_POINT ( 'NONE', #2076 ) ;
#2036 = CARTESIAN_POINT ( 'NONE',  ( 10.87083332636204069, 2.790863686938985566, -0.9563468576424313250 ) ) ;
#2037 = PRESENTATION_LAYER_ASSIGNMENT (  '', '', ( #846 ) ) ;
#2038 = ADVANCED_FACE ( 'NONE', ( #2047 ), #3620, .T. ) ;
#2039 = CARTESIAN_POINT ( 'NONE',  ( 9.599999999999999645, 6.360000000000001208, 2.299999999999998934 ) ) ;
#2040 = CARTESIAN_POINT ( 'NONE',  ( 0.0000000000000000000, 0.0000000000000000000, 0.0000000000000000000 ) ) ;
#2041 = CARTESIAN_POINT ( 'NONE',  ( 7.737499993028706946, 8.689946142381774763, -2.329946550606417865 ) ) ;
#2042 = EDGE_CURVE ( 'NONE', #3696, #3980, #747, .T. ) ;
#2043 = ORIENTED_EDGE ( 'NONE', *, *, #151, .F. ) ;
#2044 = ORIENTED_EDGE ( 'NONE', *, *, #3316, .F. ) ;
#2045 = LINE ( 'NONE', #166, #1952 ) ;
#2046 = CARTESIAN_POINT ( 'NONE',  ( 11.23749999302870606, 8.689946142381774763, -2.329946550606417865 ) ) ;
#2047 = FACE_OUTER_BOUND ( 'NONE', #3853, .T. ) ;
#2048 = DIRECTION ( 'NONE',  ( -0.0000000000000000000, -1.000000000000000000, -0.0000000000000000000 ) ) ;
#2049 = VERTEX_POINT ( 'NONE', #3266 ) ;
#2050 = CARTESIAN_POINT ( 'NONE',  ( 8.104166659695373198, 7.316347482982743067, 3.569136145501582646 ) ) ;
#2051 = VERTEX_POINT ( 'NONE', #149 ) ;
#2052 = EDGE_LOOP ( 'NONE', ( #1940, #1932, #407, #2997 ) ) ;
#2053 = DIRECTION ( 'NONE',  ( 1.000000000000000000, -0.0000000000000000000, -0.0000000000000000000 ) ) ;
#2054 = DIRECTION ( 'NONE',  ( 0.0000000000000000000, 0.0000000000000000000, -1.000000000000000000 ) ) ;
#2055 = EDGE_LOOP ( 'NONE', ( #1737, #1450, #3238, #266, #3966, #1612, #842, #559, #121, #1922, #1321, #4065, #3780, #2443, #3797, #1690, #3138, #995, #3261, #2531 ) ) ;
#2056 = ORIENTED_EDGE ( 'NONE', *, *, #851, .T. ) ;
#2057 = CARTESIAN_POINT ( 'NONE',  ( -2.029999999999999805, -3.939999999999999947, 3.049999999999999822 ) ) ;
#2058 = EDGE_CURVE ( 'NONE', #3089, #2051, #442, .T. ) ;
#2059 = CARTESIAN_POINT ( 'NONE',  ( 7.975734920505486159, 6.360000000000001208, -3.199999999999998401 ) ) ;
#2060 = CARTESIAN_POINT ( 'NONE',  ( 0.0000000000000000000, -3.939999999999999947, 0.0000000000000000000 ) ) ;
#2061 = CARTESIAN_POINT ( 'NONE',  ( 8.886332128962765253, 6.781287849684058067, -3.199999999999998845 ) ) ;
#2062 = LINE ( 'NONE', #418, #34 ) ;
#2063 = CARTESIAN_POINT ( 'NONE',  ( 9.409999999999998366, 6.360000000000001208, 0.0000000000000000000 ) ) ;
#2064 = CARTESIAN_POINT ( 'NONE',  ( 11.19583332636203998, 7.098563155643787148, -2.756356187330897711 ) ) ;
#2065 = ORIENTED_EDGE ( 'NONE', *, *, #666, .T. ) ;
#2066 = LINE ( 'NONE', #4026, #2229 ) ;
#2067 = ORIENTED_EDGE ( 'NONE', *, *, #2712, .T. ) ;
#2068 = CARTESIAN_POINT ( 'NONE',  ( 0.0000000000000000000, -3.939999999999999947, 0.0000000000000000000 ) ) ;
#2069 = PRESENTATION_STYLE_ASSIGNMENT (( #1805 ) ) ;
#2070 = CARTESIAN_POINT ( 'NONE',  ( 8.445833326362039983, 5.621436844356212603, 2.756356187330897711 ) ) ;
#2071 = ORIENTED_EDGE ( 'NONE', *, *, #2211, .F. ) ;
#2072 = CARTESIAN_POINT ( 'NONE',  ( 11.09999999999999787, 9.560000000000000497, 0.0000000000000000000 ) ) ;
#2073 = CARTESIAN_POINT ( 'NONE',  ( 9.399999999999998579, 6.360000000000001208, 0.0000000000000000000 ) ) ;
#2074 = CARTESIAN_POINT ( 'NONE',  ( 7.279166659695373021, 9.116356057928870271, -0.7385636385787300862 ) ) ;
#2075 = DIRECTION ( 'NONE',  ( -1.000000000000000000, -0.0000000000000000000, -0.0000000000000000000 ) ) ;
#2076 = CARTESIAN_POINT ( 'NONE',  ( -2.029999999999999805, -3.939999999999999947, 2.029999999999999805 ) ) ;
#2077 = EDGE_CURVE ( 'NONE', #3483, #117, #499, .T. ) ;
#2078 = ORIENTED_EDGE ( 'NONE', *, *, #2506, .T. ) ;
#2079 = VERTEX_POINT ( 'NONE', #3977 ) ;
#2080 = CARTESIAN_POINT ( 'NONE',  ( 0.0000000000000000000, 9.860000000000001208, 0.0000000000000000000 ) ) ;
#2081 = CIRCLE ( 'NONE', #3334, 0.2999999999999999889 ) ;
#2082 = VECTOR ( 'NONE', #48, 1000.000000000000000 ) ;
#2083 = UNCERTAINTY_MEASURE_WITH_UNIT (LENGTH_MEASURE( 1.000000000000000082E-05 ), #1455, 'distance_accuracy_value', 'NONE');
#2084 = CARTESIAN_POINT ( 'NONE',  ( 7.562499993028707124, 8.622741898021878626, 2.262741501572007596 ) ) ;
#2085 = ORIENTED_EDGE ( 'NONE', *, *, #1249, .T. ) ;
#2086 = AXIS2_PLACEMENT_3D ( 'NONE', #3507, #330, #2220 ) ;
#2087 = DIRECTION ( 'NONE',  ( 0.0000000000000000000, 0.0000000000000000000, -1.000000000000000000 ) ) ;
#2088 = CIRCLE ( 'NONE', #2619, 0.2999999999999999889 ) ;
#2089 = ORIENTED_EDGE ( 'NONE', *, *, #2131, .F. ) ;
#2090 = CIRCLE ( 'NONE', #2420, 2.000000000000000000 ) ;
#2091 = AXIS2_PLACEMENT_3D ( 'NONE', #2447, #3721, #3393 ) ;
#2092 = CARTESIAN_POINT ( 'NONE',  ( 11.09999999999999787, 6.360000000000001208, 0.0000000000000000000 ) ) ;
#2093 = AXIS2_PLACEMENT_3D ( 'NONE', #2784, #2801, #3111 ) ;
#2094 = CARTESIAN_POINT ( 'NONE',  ( 9.329166659695374619, 3.269037428430357384, 0.8282212151083604423 ) ) ;
#2095 = DIRECTION ( 'NONE',  ( 0.0000000000000000000, -0.0000000000000000000, -1.000000000000000000 ) ) ;
#2096 = CARTESIAN_POINT ( 'NONE',  ( 6.820833326362039983, 9.542765973475969332, 0.8528192734489589144 ) ) ;
#2097 = VECTOR ( 'NONE', #3928, 1000.000000000000000 ) ;
#2098 = ORIENTED_EDGE ( 'NONE', *, *, #2255, .T. ) ;
#2099 = LINE ( 'NONE', #2768, #362 ) ;
#2100 = DIRECTION ( 'NONE',  ( 0.0000000000000000000, 0.0000000000000000000, 1.000000000000000000 ) ) ;
#2101 = LINE ( 'NONE', #473, #2896 ) ;
#2102 = CARTESIAN_POINT ( 'NONE',  ( -2.029999999999999361, -3.939999999999999947, -2.029999999999999805 ) ) ;
#2103 = DIRECTION ( 'NONE',  ( 0.7071067811865436870, 8.659560562354979697E-17, 0.7071067811865513475 ) ) ;
#2104 = ORIENTED_EDGE ( 'NONE', *, *, #1222, .F. ) ;
#2105 = PLANE ( 'NONE',  #226 ) ;
#2106 = CARTESIAN_POINT ( 'NONE',  ( 7.000000000000000888, 7.979945680045620549, 2.616960570035638867 ) ) ;
#2107 = CARTESIAN_POINT ( 'NONE',  ( 10.70416665969537640, 7.316347482982742179, 3.569136145501583979 ) ) ;
#2108 = ADVANCED_FACE ( 'NONE', ( #2008 ), #1735, .F. ) ;
#2109 = CARTESIAN_POINT ( 'NONE',  ( 7.937499993028707124, 8.972788830078272326, -2.612789287859152321 ) ) ;
#2110 = VERTEX_POINT ( 'NONE', #3020 ) ;
#2111 = LINE ( 'NONE', #4063, #1836 ) ;
#2112 = ORIENTED_EDGE ( 'NONE', *, *, #3767, .F. ) ;
#2113 = EDGE_CURVE ( 'NONE', #1357, #3562, #3477, .T. ) ;
#2114 = EDGE_CURVE ( 'NONE', #1094, #1118, #172, .T. ) ;
#2115 = CARTESIAN_POINT ( 'NONE',  ( 11.09999999999999964, 4.941286324695136400, -2.548230979164682442 ) ) ;
#2116 =( BOUNDED_CURVE ( )  B_SPLINE_CURVE ( 2, ( #608, #2553, #2199, #1277, #2808, #3197, #3 ),
 .UNSPECIFIED., .F., .F. ) 
 B_SPLINE_CURVE_WITH_KNOTS ( ( 3, 2, 2, 3 ),
 ( 0.1676069854687417260, 0.1833333333333333204, 0.2000000000000000111, 0.2124277831353658108 ),
 .UNSPECIFIED. ) 
 CURVE ( )  GEOMETRIC_REPRESENTATION_ITEM ( )  RATIONAL_B_SPLINE_CURVE ( ( 0.9857354540837953705, 0.8735841336937532065, 1.000000000000000000, 0.8660254037844387076, 1.000000000000000000, 0.9000995663550882542, 0.9491840436463323538 ) ) 
 REPRESENTATION_ITEM ( '' )  );
#2117 = DIRECTION ( 'NONE',  ( -1.000000000000000000, 0.0000000000000000000, 0.0000000000000000000 ) ) ;
#2118 = CARTESIAN_POINT ( 'NONE',  ( 9.279166659695373909, 9.116356057928870271, -0.7385636385787305302 ) ) ;
#2119 = EDGE_LOOP ( 'NONE', ( #1600, #2085, #3302, #3142 ) ) ;
#2120 = LINE ( 'NONE', #1850, #2547 ) ;
#2121 = CARTESIAN_POINT ( 'NONE',  ( 7.986332128962766674, 6.781287849684058067, -3.199999999999998845 ) ) ;
#2122 = CARTESIAN_POINT ( 'NONE',  ( 9.862499993028706058, 8.377792902285083443, 2.017792548752170401 ) ) ;
#2123 = CARTESIAN_POINT ( 'NONE',  ( 3.899999999999998135, 6.360000000000001208, 0.0000000000000000000 ) ) ;
#2124 = CARTESIAN_POINT ( 'NONE',  ( 7.000000000000000888, 6.360000000000001208, -2.699999999999999289 ) ) ;
#2125 = PLANE ( 'NONE',  #2817 ) ;
#2126 = CARTESIAN_POINT ( 'NONE',  ( 0.0000000000000000000, 9.860000000000001208, 0.0000000000000000000 ) ) ;
#2127 = CARTESIAN_POINT ( 'NONE',  ( 7.529166659695373021, 3.603643942071130368, 0.7385636385787283098 ) ) ;
#2128 = CARTESIAN_POINT ( 'NONE',  ( 8.562499993028707124, 8.622741898021878626, 2.262741501572007596 ) ) ;
#2129 = DIRECTION ( 'NONE',  ( 0.0000000000000000000, 0.0000000000000000000, -1.000000000000000000 ) ) ;
#2130 = ORIENTED_EDGE ( 'NONE', *, *, #2511, .T. ) ;
#2131 = EDGE_CURVE ( 'NONE', #3929, #3715, #3289, .T. ) ;
#2132 = ADVANCED_FACE ( 'NONE', ( #1151 ), #1720, .F. ) ;
#2133 = CARTESIAN_POINT ( 'NONE',  ( 11.09999999999997833, 9.269328072032806176, -1.209914428801041053 ) ) ;
#2134 = PLANE ( 'NONE',  #104 ) ;
#2135 = CARTESIAN_POINT ( 'NONE',  ( 9.945833326362039983, 5.621436844356212603, 2.756356187330897711 ) ) ;
#2136 = EDGE_CURVE ( 'NONE', #2946, #3870, #1194, .T. ) ;
#2137 = ORIENTED_EDGE ( 'NONE', *, *, #2872, .F. ) ;
#2138 = DIRECTION ( 'NONE',  ( -0.0000000000000000000, -0.0000000000000000000, 1.000000000000000000 ) ) ;
#2139 = DIRECTION ( 'NONE',  ( 1.000000000000000000, 0.0000000000000000000, -0.0000000000000000000 ) ) ;
#2140 = CARTESIAN_POINT ( 'NONE',  ( 9.612499993028706058, 4.342207097714918085, -2.017792548752169957 ) ) ;
#2141 = CARTESIAN_POINT ( 'NONE',  ( 9.520833326362041049, 9.929136313061015073, 0.9563468576424295486 ) ) ;
#2142 = DIRECTION ( 'NONE',  ( 0.0000000000000000000, -1.000000000000000000, 0.0000000000000000000 ) ) ;
#2143 = DIRECTION ( 'NONE',  ( 0.0000000000000000000, -1.000000000000000000, 0.0000000000000000000 ) ) ;
#2144 = ORIENTED_EDGE ( 'NONE', *, *, #3457, .F. ) ;
#2145 = DIRECTION ( 'NONE',  ( -0.0000000000000000000, -1.000000000000000000, -0.0000000000000000000 ) ) ;
#2146 = CARTESIAN_POINT ( 'NONE',  ( 7.279166659695373021, 9.116356057928870271, -0.7385636385787300862 ) ) ;
#2147 = CARTESIAN_POINT ( 'NONE',  ( 9.062499993028707124, 8.622741898021878626, 2.262741501572007596 ) ) ;
#2148 = CARTESIAN_POINT ( 'NONE',  ( 35.75096679918780751, 6.360000000000000320, 3.200000000000000178 ) ) ;
#2149 = ORIENTED_EDGE ( 'NONE', *, *, #310, .F. ) ;
#2150 = VECTOR ( 'NONE', #1576, 1000.000000000000000 ) ;
#2151 = AXIS2_PLACEMENT_3D ( 'NONE', #115, #2708, #1793 ) ;
#2152 = LINE ( 'NONE', #2760, #1767 ) ;
#2153 = DIRECTION ( 'NONE',  ( 1.000000000000000000, 0.0000000000000000000, 0.0000000000000000000 ) ) ;
#2154 = FACE_OUTER_BOUND ( 'NONE', #2512, .T. ) ;
#2155 = CARTESIAN_POINT ( 'NONE',  ( 8.779166659695372132, 9.116356057928870271, -0.7385636385787305302 ) ) ;
#2156 = AXIS2_PLACEMENT_3D ( 'NONE', #252, #889, #3399 ) ;
#2157 = VECTOR ( 'NONE', #3093, 1000.000000000000000 ) ;
#2158 = VECTOR ( 'NONE', #2526, 1000.000000000000000 ) ;
#2159 = CONICAL_SURFACE ( 'NONE', #1310, 3.199999999999999734, 0.7853981633974428389 ) ;
#2160 = CARTESIAN_POINT ( 'NONE',  ( 9.599999999999999645, 6.410000000000001030, 0.4270831300812557019 ) ) ;
#2161 = DIRECTION ( 'NONE',  ( 0.0000000000000000000, -1.000000000000000000, -0.0000000000000000000 ) ) ;
#2162 = CARTESIAN_POINT ( 'NONE',  ( 9.904166659695372132, 7.212819831094197554, 3.182765824055378889 ) ) ;
#2163 = PLANE ( 'NONE',  #2031 ) ;
#2164 = CARTESIAN_POINT ( 'NONE',  ( 7.625734920505487402, 6.359999999999998543, 3.199999999999998401 ) ) ;
#2165 = ORIENTED_EDGE ( 'NONE', *, *, #3771, .T. ) ;
#2166 = DIRECTION ( 'NONE',  ( 0.0000000000000000000, 0.0000000000000000000, -1.000000000000000000 ) ) ;
#2167 = CARTESIAN_POINT ( 'NONE',  ( 7.612499993028706946, 4.342207097714918085, -2.017792548752169957 ) ) ;
#2168 = CARTESIAN_POINT ( 'NONE',  ( 8.812499993028707124, 4.097258101978122902, -2.262741501572007152 ) ) ;
#2169 = CARTESIAN_POINT ( 'NONE',  ( 10.68749999302870712, 3.747211169921727869, 2.612789287859151433 ) ) ;
#2170 = VERTEX_POINT ( 'NONE', #2124 ) ;
#2171 = VERTEX_POINT ( 'NONE', #3433 ) ;
#2172 = FACE_OUTER_BOUND ( 'NONE', #2256, .T. ) ;
#2173 = DIRECTION ( 'NONE',  ( 1.000000000000000000, 0.0000000000000000000, 0.0000000000000000000 ) ) ;
#2174 = CARTESIAN_POINT ( 'NONE',  ( 7.370833326362039806, 2.790863686938985566, -0.9563468576424313250 ) ) ;
#2175 = CARTESIAN_POINT ( 'NONE',  ( 8.695833326362039983, 7.098563155643787148, -2.756356187330897711 ) ) ;
#2176 = LINE ( 'NONE', #3725, #2346 ) ;
#2177 = EDGE_CURVE ( 'NONE', #309, #3696, #3364, .T. ) ;
#2178 = DIRECTION ( 'NONE',  ( 0.0000000000000000000, 0.0000000000000000000, -1.000000000000000000 ) ) ;
#2179 = CARTESIAN_POINT ( 'NONE',  ( 8.487499993028706058, 4.030053857618227653, 2.329946550606416977 ) ) ;
#2180 = CARTESIAN_POINT ( 'NONE',  ( 10.87573492050548829, 6.360000000000005649, -3.199999999999998845 ) ) ;
#2181 = EDGE_CURVE ( 'NONE', #54, #386, #2081, .T. ) ;
#2182 = EDGE_CURVE ( 'NONE', #570, #754, #256, .T. ) ;
#2183 = ORIENTED_EDGE ( 'NONE', *, *, #1120, .F. ) ;
#2184 = FACE_OUTER_BOUND ( 'NONE', #3573, .T. ) ;
#2185 = SURFACE_STYLE_USAGE ( .BOTH. , #1573 ) ;
#2186 = CARTESIAN_POINT ( 'NONE',  ( 7.562499993028707124, 8.622741898021878626, 2.262741501572007596 ) ) ;
#2187 = ORIENTED_EDGE ( 'NONE', *, *, #2712, .F. ) ;
#2188 = PLANE ( 'NONE',  #2421 ) ;
#2189 = CARTESIAN_POINT ( 'NONE',  ( 9.820833326362038207, 9.542765973475969332, 0.8528192734489598026 ) ) ;
#2190 = CARTESIAN_POINT ( 'NONE',  ( 10.56249999302870712, 8.622741898021878626, 2.262741501572007596 ) ) ;
#2191 = ORIENTED_EDGE ( 'NONE', *, *, #3602, .T. ) ;
#2192 = ORIENTED_EDGE ( 'NONE', *, *, #1350, .T. ) ;
#2193 = LINE ( 'NONE', #2212, #3290 ) ;
#2194 = PLANE ( 'NONE',  #1761 ) ;
#2195 = CARTESIAN_POINT ( 'NONE',  ( 7.870833326362040694, 2.790863686938985566, -0.9563468576424313250 ) ) ;
#2196 = LINE ( 'NONE', #1911, #3678 ) ;
#2197 = DIRECTION ( 'NONE',  ( -1.000000000000000000, -0.0000000000000000000, -0.0000000000000000000 ) ) ;
#2198 = CARTESIAN_POINT ( 'NONE',  ( 8.320833326362039983, 9.542765973475969332, 0.8528192734489598026 ) ) ;
#2199 = CARTESIAN_POINT ( 'NONE',  ( 7.079166659695373731, 9.450962571569643700, -0.8282212151083626628 ) ) ;
#2200 = ADVANCED_FACE ( 'NONE', ( #2184 ), #212, .T. ) ;
#2201 = VERTEX_POINT ( 'NONE', #3383 ) ;
#2202 = FACE_BOUND ( 'NONE', #1184, .T. ) ;
#2203 = FACE_OUTER_BOUND ( 'NONE', #4025, .T. ) ;
#2204 = ORIENTED_EDGE ( 'NONE', *, *, #2386, .T. ) ;
#2205 = DIRECTION ( 'NONE',  ( 4.251773225433350654E-16, 0.0000000000000000000, -1.000000000000000000 ) ) ;
#2206 = CARTESIAN_POINT ( 'NONE',  ( 10.44583332636203998, 5.621436844356212603, 2.756356187330898155 ) ) ;
#2207 = EDGE_CURVE ( 'NONE', #225, #413, #568, .T. ) ;
#2208 = ADVANCED_FACE ( 'NONE', ( #1546 ), #1572, .T. ) ;
#2209 = CARTESIAN_POINT ( 'NONE',  ( 9.270833326362042826, 2.790863686938985566, -0.9563468576424304368 ) ) ;
#2210 = CARTESIAN_POINT ( 'NONE',  ( 7.979166659695374086, 9.450962571569643700, -0.8282212151083626628 ) ) ;
#2211 = EDGE_CURVE ( 'NONE', #3453, #1970, #3139, .T. ) ;
#2212 = CARTESIAN_POINT ( 'NONE',  ( 9.599999999999999645, 6.310000000000000497, 1.000000000000014433 ) ) ;
#2213 = VECTOR ( 'NONE', #129, 1000.000000000000000 ) ;
#2214 = ORIENTED_EDGE ( 'NONE', *, *, #3964, .F. ) ;
#2215 = DIRECTION ( 'NONE',  ( 0.0000000000000000000, 0.0000000000000000000, -1.000000000000000000 ) ) ;
#2216 = CARTESIAN_POINT ( 'NONE',  ( 7.162499993028706768, 8.622741898021878626, 2.262741501572008485 ) ) ;
#2217 = AXIS2_PLACEMENT_3D ( 'NONE', #3845, #2918, #1670 ) ;
#2218 = DIRECTION ( 'NONE',  ( 0.0000000000000000000, 0.0000000000000000000, -1.000000000000000000 ) ) ;
#2219 = VECTOR ( 'NONE', #1707, 1000.000000000000000 ) ;
#2220 = DIRECTION ( 'NONE',  ( 1.000000000000000000, 0.0000000000000000000, 0.0000000000000000000 ) ) ;
#2221 = CARTESIAN_POINT ( 'NONE',  ( 10.19583332636203998, 7.098563155643788036, -2.756356187330898599 ) ) ;
#2222 = CARTESIAN_POINT ( 'NONE',  ( 35.75096679918780751, 6.360000000000000320, 0.0000000000000000000 ) ) ;
#2223 = VECTOR ( 'NONE', #2322, 1000.000000000000000 ) ;
#2224 = ORIENTED_EDGE ( 'NONE', *, *, #1379, .T. ) ;
#2225 = CARTESIAN_POINT ( 'NONE',  ( 9.576641042433752915, 6.310000000000000497, -0.3430308468197009741 ) ) ;
#2226 = CARTESIAN_POINT ( 'NONE',  ( 11.52999999999999581, 6.360000000000001208, 2.299999999999998934 ) ) ;
#2227 = VERTEX_POINT ( 'NONE', #4100 ) ;
#2228 = DIRECTION ( 'NONE',  ( 0.0000000000000000000, 0.0000000000000000000, -1.000000000000000000 ) ) ;
#2229 = VECTOR ( 'NONE', #878, 1000.000000000000000 ) ;
#2230 = CARTESIAN_POINT ( 'NONE',  ( 10.77916665969537391, 9.116356057928870271, -0.7385636385787300862 ) ) ;
#2231 =( GEOMETRIC_REPRESENTATION_CONTEXT ( 3 ) GLOBAL_UNCERTAINTY_ASSIGNED_CONTEXT ( ( #2499 ) ) GLOBAL_UNIT_ASSIGNED_CONTEXT ( ( #213, #3663, #501 ) ) REPRESENTATION_CONTEXT ( 'NONE', 'WORKASPACE' ) );
#2232 = CARTESIAN_POINT ( 'NONE',  ( 11.47916665969537320, 9.450962571569643700, -0.8282212151083626628 ) ) ;
#2233 = DIRECTION ( 'NONE',  ( -1.000000000000000000, -0.0000000000000000000, -0.0000000000000000000 ) ) ;
#2234 = ORIENTED_EDGE ( 'NONE', *, *, #2207, .T. ) ;
#2235 = VERTEX_POINT ( 'NONE', #3057 ) ;
#2236 = LINE ( 'NONE', #3189, #1643 ) ;
#2237 = ORIENTED_EDGE ( 'NONE', *, *, #978, .T. ) ;
#2238 = DIRECTION ( 'NONE',  ( -1.000000000000000000, -0.0000000000000000000, -0.0000000000000000000 ) ) ;
#2239 = CARTESIAN_POINT ( 'NONE',  ( 7.412499993028707657, 4.097258101978122902, -2.262741501572008040 ) ) ;
#2240 = FACE_OUTER_BOUND ( 'NONE', #2119, .T. ) ;
#2241 = CARTESIAN_POINT ( 'NONE',  ( 9.599999999999999645, 6.310000000000000497, 0.3666060555964624212 ) ) ;
#2242 = CARTESIAN_POINT ( 'NONE',  ( 10.90416665969537746, 7.212819831094197554, 3.182765824055378889 ) ) ;
#2243 = CARTESIAN_POINT ( 'NONE',  ( -3.500000000000000000, 0.0000000000000000000, -3.500000000000000000 ) ) ;
#2244 = ORIENTED_EDGE ( 'NONE', *, *, #2177, .F. ) ;
#2245 = CARTESIAN_POINT ( 'NONE',  ( 7.662499993028707657, 8.622741898021878626, 2.262741501572007596 ) ) ;
#2246 = LINE ( 'NONE', #2577, #3538 ) ;
#2247 = VERTEX_POINT ( 'NONE', #1875 ) ;
#2248 =( BOUNDED_CURVE ( )  B_SPLINE_CURVE ( 2, ( #1088, #2684, #2660, #417, #3595, #2942, #2007, #1985, #2601 ),
 .UNSPECIFIED., .F., .T. ) 
 B_SPLINE_CURVE_WITH_KNOTS ( ( 3, 2, 2, 2, 3 ),
 ( 0.4124277831353658219, 0.4166666666666666852, 0.4333333333333333481, 0.4500000000000000111, 0.4624277831353658108 ),
 .UNSPECIFIED. ) 
 CURVE ( )  GEOMETRIC_REPRESENTATION_ITEM ( )  RATIONAL_B_SPLINE_CURVE ( ( 0.9491840436463323538, 0.9659258374293504534, 1.000000000000000000, 0.8660254037844387076, 1.000000000000000000, 0.8660254037844387076, 1.000000000000000000, 0.9000995663550882542, 0.9491840436463323538 ) ) 
 REPRESENTATION_ITEM ( '' )  );
#2249 = DIRECTION ( 'NONE',  ( -1.000000000000000000, -0.0000000000000000000, -0.0000000000000000000 ) ) ;
#2250 = CARTESIAN_POINT ( 'NONE',  ( 9.279166659695373909, 9.116356057928870271, -0.7385636385787300862 ) ) ;
#2251 = CARTESIAN_POINT ( 'NONE',  ( 7.000000000000001776, 6.736928840464983637, -3.168288477368944367 ) ) ;
#2252 = FACE_OUTER_BOUND ( 'NONE', #2450, .T. ) ;
#2253 = ORIENTED_EDGE ( 'NONE', *, *, #182, .F. ) ;
#2254 = ORIENTED_EDGE ( 'NONE', *, *, #1120, .T. ) ;
#2255 = EDGE_CURVE ( 'NONE', #1633, #2838, #1485, .T. ) ;
#2256 = EDGE_LOOP ( 'NONE', ( #2695, #3248, #3950, #1924, #518, #2187 ) ) ;
#2257 = FACE_OUTER_BOUND ( 'NONE', #3599, .T. ) ;
#2258 = EDGE_CURVE ( 'NONE', #3283, #1152, #1835, .T. ) ;
#2259 = FACE_OUTER_BOUND ( 'NONE', #1883, .T. ) ;
#2260 = CARTESIAN_POINT ( 'NONE',  ( -3.500000000000000000, 9.032718306246465545, -3.500000000000000000 ) ) ;
#2261 = CARTESIAN_POINT ( 'NONE',  ( 6.362499993028706946, 8.377792902285083443, 2.017792548752169512 ) ) ;
#2262 = ORIENTED_EDGE ( 'NONE', *, *, #1908, .T. ) ;
#2263 = LINE ( 'NONE', #3199, #2956 ) ;
#2264 = CARTESIAN_POINT ( 'NONE',  ( 9.409999999999998366, 6.310000000000000497, 1.000000000000014433 ) ) ;
#2265 = EDGE_LOOP ( 'NONE', ( #1037, #1125, #1691, #2973 ) ) ;
#2266 = CARTESIAN_POINT ( 'NONE',  ( -3.500000000000000000, 0.5000000000000000000, 2.029999999999999805 ) ) ;
#2267 = CARTESIAN_POINT ( 'NONE',  ( 10.48749999302870783, 4.030053857618227653, 2.329946550606417421 ) ) ;
#2268 =( BOUNDED_CURVE ( )  B_SPLINE_CURVE ( 2, ( #1187, #3331, #2763, #1123, #516, #815, #2737, #2425, #159 ),
 .UNSPECIFIED., .F., .F. ) 
 B_SPLINE_CURVE_WITH_KNOTS ( ( 3, 2, 2, 2, 3 ),
 ( 0.7124277831353658108, 0.7166666666666666741, 0.7333333333333332815, 0.7500000000000000000, 0.7624277831353658552 ),
 .UNSPECIFIED. ) 
 CURVE ( )  GEOMETRIC_REPRESENTATION_ITEM ( )  RATIONAL_B_SPLINE_CURVE ( ( 0.9491840436463323538, 0.9659258374293505645, 1.000000000000000000, 0.8660254037844387076, 1.000000000000000000, 0.8660254037844387076, 1.000000000000000000, 0.9000995663550881432, 0.9491840436463323538 ) ) 
 REPRESENTATION_ITEM ( '' )  );
#2269 = CARTESIAN_POINT ( 'NONE',  ( 6.999999999999998224, 4.895781164838538757, -2.737309012881518289 ) ) ;
#2270 = CARTESIAN_POINT ( 'NONE',  ( 9.120833326362040694, 9.929136313061015073, 0.9563468576424295486 ) ) ;
#2271 = EDGE_LOOP ( 'NONE', ( #3694, #3664, #3065, #2575 ) ) ;
#2272 = ORIENTED_EDGE ( 'NONE', *, *, #1531, .T. ) ;
#2273 = CARTESIAN_POINT ( 'NONE',  ( 2.029999999999999805, -3.939999999999999947, -2.029999999999999805 ) ) ;
#2274 = VERTEX_POINT ( 'NONE', #1814 ) ;
#2275 = FACE_OUTER_BOUND ( 'NONE', #684, .T. ) ;
#2276 = CARTESIAN_POINT ( 'NONE',  ( 10.20416665969537462, 7.316347482982742179, 3.569136145501583979 ) ) ;
#2277 = ADVANCED_FACE ( 'NONE', ( #1237 ), #361, .F. ) ;
#2278 = DIRECTION ( 'NONE',  ( 1.000000000000000000, -0.0000000000000000000, -0.0000000000000000000 ) ) ;
#2279 = EDGE_CURVE ( 'NONE', #2308, #1960, #2434, .T. ) ;
#2280 = CARTESIAN_POINT ( 'NONE',  ( 0.0000000000000000000, 0.5000000000000000000, 0.0000000000000000000 ) ) ;
#2281 = CARTESIAN_POINT ( 'NONE',  ( 10.59239328569946714, 7.685483563808820584, 3.199999999999998401 ) ) ;
#2282 = CONICAL_SURFACE ( 'NONE', #94, 2.800000000000000266, 0.7853981633974537191 ) ;
#2283 = VECTOR ( 'NONE', #1649, 1000.000000000000000 ) ;
#2284 = ORIENTED_EDGE ( 'NONE', *, *, #2441, .F. ) ;
#2285 = CARTESIAN_POINT ( 'NONE',  ( 2.694222958124175527E-16, 0.5000000000000000000, 2.199999999999998845 ) ) ;
#2286 = EDGE_CURVE ( 'NONE', #3171, #3737, #4055, .T. ) ;
#2287 = DIRECTION ( 'NONE',  ( 1.000000000000000000, -0.0000000000000000000, -0.0000000000000000000 ) ) ;
#2288 = ADVANCED_FACE ( 'NONE', ( #2791 ), #2474, .T. ) ;
#2289 = ORIENTED_EDGE ( 'NONE', *, *, #987, .T. ) ;
#2290 = DIRECTION ( 'NONE',  ( 0.0000000000000000000, 0.0000000000000000000, -1.000000000000000000 ) ) ;
#2291 = LINE ( 'NONE', #3305, #240 ) ;
#2292 = PRESENTATION_LAYER_ASSIGNMENT (  '', '', ( #2351 ) ) ;
#2293 = AXIS2_PLACEMENT_3D ( 'NONE', #38, #4110, #1316 ) ;
#2294 = CARTESIAN_POINT ( 'NONE',  ( 7.000000000000000888, 7.362459203995130430, -3.038926709271785320 ) ) ;
#2295 = AXIS2_PLACEMENT_3D ( 'NONE', #3882, #1047, #3277 ) ;
#2296 = CARTESIAN_POINT ( 'NONE',  ( 7.145833326362040161, 5.531779326452235246, 3.090962716680367706 ) ) ;
#2297 = VECTOR ( 'NONE', #1936, 1000.000000000000000 ) ;
#2298 = ORIENTED_EDGE ( 'NONE', *, *, #3655, .F. ) ;
#2299 = ORIENTED_EDGE ( 'NONE', *, *, #3101, .F. ) ;
#2300 = AXIS2_PLACEMENT_3D ( 'NONE', #2092, #1784, #201 ) ;
#2301 = ORIENTED_EDGE ( 'NONE', *, *, #1006, .T. ) ;
#2302 = ORIENTED_EDGE ( 'NONE', *, *, #1119, .T. ) ;
#2303 = CARTESIAN_POINT ( 'NONE',  ( 10.87573492050548829, 6.360000000000005649, -3.199999999999998845 ) ) ;
#2304 = CARTESIAN_POINT ( 'NONE',  ( 8.620833326362038918, 9.929136313061015073, 0.9563468576424304368 ) ) ;
#2305 = DIRECTION ( 'NONE',  ( -0.0000000000000000000, 0.0000000000000000000, -1.000000000000000000 ) ) ;
#2306 = LINE ( 'NONE', #1082, #3090 ) ;
#2307 = CARTESIAN_POINT ( 'NONE',  ( 10.37573492050548651, 6.360000000000005649, -3.199999999999998845 ) ) ;
#2308 = VERTEX_POINT ( 'NONE', #1281 ) ;
#2309 = ORIENTED_EDGE ( 'NONE', *, *, #3655, .T. ) ;
#2310 = EDGE_CURVE ( 'NONE', #750, #3980, #1299, .T. ) ;
#2311 = DIRECTION ( 'NONE',  ( 0.0000000000000000000, 0.0000000000000000000, -1.000000000000000000 ) ) ;
#2312 = ORIENTED_EDGE ( 'NONE', *, *, #1636, .F. ) ;
#2313 = DIRECTION ( 'NONE',  ( -1.000000000000000000, -0.0000000000000000000, -0.0000000000000000000 ) ) ;
#2314 = CARTESIAN_POINT ( 'NONE',  ( 8.562499993028707124, 8.622741898021878626, 2.262741501572007596 ) ) ;
#2315 = FACE_OUTER_BOUND ( 'NONE', #3819, .T. ) ;
#2316 = VERTEX_POINT ( 'NONE', #1933 ) ;
#2317 = VERTEX_POINT ( 'NONE', #657 ) ;
#2318 = ORIENTED_EDGE ( 'NONE', *, *, #3220, .F. ) ;
#2319 = CARTESIAN_POINT ( 'NONE',  ( -2.029999999999999805, -3.939999999999999947, 3.049999999999999822 ) ) ;
#2320 = CARTESIAN_POINT ( 'NONE',  ( 8.329166659695372843, 3.269037428430356496, 0.8282212151083599982 ) ) ;
#2321 = DIRECTION ( 'NONE',  ( 1.000000000000000000, -0.0000000000000000000, -0.0000000000000000000 ) ) ;
#2322 = DIRECTION ( 'NONE',  ( -0.0000000000000000000, -1.000000000000000000, -0.0000000000000000000 ) ) ;
#2323 = EDGE_LOOP ( 'NONE', ( #2641, #4099 ) ) ;
#2324 = ORIENTED_EDGE ( 'NONE', *, *, #423, .T. ) ;
#2325 = PLANE ( 'NONE',  #3146 ) ;
#2326 = DIRECTION ( 'NONE',  ( -1.000000000000000000, 0.0000000000000000000, 0.0000000000000000000 ) ) ;
#2327 = CARTESIAN_POINT ( 'NONE',  ( 8.520833326362039273, 9.929136313061015073, 0.9563468576424295486 ) ) ;
#2328 = DIRECTION ( 'NONE',  ( 0.0000000000000000000, -0.0000000000000000000, 1.000000000000000000 ) ) ;
#2329 = DIRECTION ( 'NONE',  ( 0.0000000000000000000, 0.0000000000000000000, 1.000000000000000000 ) ) ;
#2330 = EDGE_LOOP ( 'NONE', ( #1983, #2254, #1404, #2027, #3651, #1715 ) ) ;
#2331 = EDGE_CURVE ( 'NONE', #2171, #659, #1081, .T. ) ;
#2332 = CARTESIAN_POINT ( 'NONE',  ( 7.729166659695374086, 3.269037428430357384, 0.8282212151083604423 ) ) ;
#2333 = PRESENTATION_STYLE_ASSIGNMENT (( #76 ) ) ;
#2334 = ORIENTED_EDGE ( 'NONE', *, *, #2258, .F. ) ;
#2335 = CARTESIAN_POINT ( 'NONE',  ( 6.779166659695373909, 9.116356057928870271, -0.7385636385787300862 ) ) ;
#2336 = CARTESIAN_POINT ( 'NONE',  ( 5.800000000000001599, 6.360000000000001208, -2.699999999999999289 ) ) ;
#2337 = PLANE ( 'NONE',  #1101 ) ;
#2338 = CARTESIAN_POINT ( 'NONE',  ( 6.654166659695373021, 5.507180168905804862, -3.182765824055378445 ) ) ;
#2339 = VERTEX_POINT ( 'NONE', #676 ) ;
#2340 = ORIENTED_EDGE ( 'NONE', *, *, #3070, .T. ) ;
#2341 = CARTESIAN_POINT ( 'NONE',  ( -2.978321675037803651, 9.860000000000001208, 0.0000000000000000000 ) ) ;
#2342 = B_SPLINE_CURVE_WITH_KNOTS ( 'NONE', 3,
 ( #2160, #929, #3703, #2788 ),
 .UNSPECIFIED., .F., .F.,
 ( 4, 4 ),
 ( 0.002108296003083530781, 0.002208476996106750485 ),
 .UNSPECIFIED. ) ;
#2343 = LINE ( 'NONE', #3000, #3941 ) ;
#2344 = DIRECTION ( 'NONE',  ( 0.0000000000000000000, 0.0000000000000000000, 1.000000000000000000 ) ) ;
#2345 = AXIS2_PLACEMENT_3D ( 'NONE', #3834, #998, #2388 ) ;
#2346 = VECTOR ( 'NONE', #843, 1000.000000000000000 ) ;
#2347 = CARTESIAN_POINT ( 'NONE',  ( -3.500000000000000000, 9.860000000000001208, 3.500000000000000000 ) ) ;
#2348 = CARTESIAN_POINT ( 'NONE',  ( -3.500000000000000000, 0.5000000000000000000, -2.029999999999999805 ) ) ;
#2349 = ORIENTED_EDGE ( 'NONE', *, *, #2909, .T. ) ;
#2350 = AXIS2_PLACEMENT_3D ( 'NONE', #2126, #2811, #2477 ) ;
#2351 = STYLED_ITEM ( 'NONE', ( #2069 ), #2981 ) ;
#2352 = CIRCLE ( 'NONE', #3024, 0.5000000000000001110 ) ;
#2353 = CARTESIAN_POINT ( 'NONE',  ( 8.354166659695374975, 5.403652517017258461, -3.569136145501582646 ) ) ;
#2354 = ORIENTED_EDGE ( 'NONE', *, *, #1884, .F. ) ;
#2355 = CARTESIAN_POINT ( 'NONE',  ( 9.636332128962767030, 5.938712150315941685, 3.199999999999998401 ) ) ;
#2356 = ORIENTED_EDGE ( 'NONE', *, *, #2591, .F. ) ;
#2357 = ADVANCED_FACE ( 'NONE', ( #334 ), #318, .T. ) ;
#2358 = CARTESIAN_POINT ( 'NONE',  ( 10.82916665969537284, 3.269037428430356496, 0.8282212151083599982 ) ) ;
#2359 = VECTOR ( 'NONE', #4075, 1000.000000000000000 ) ;
#2360 = ADVANCED_FACE ( 'NONE', ( #47 ), #2282, .T. ) ;
#2361 = PLANE ( 'NONE',  #1565 ) ;
#2362 = FILL_AREA_STYLE_COLOUR ( '', #3761 ) ;
#2363 = ORIENTED_EDGE ( 'NONE', *, *, #2182, .F. ) ;
#2364 = ORIENTED_EDGE ( 'NONE', *, *, #4068, .T. ) ;
#2365 = CARTESIAN_POINT ( 'NONE',  ( 9.409999999999998366, 6.360000000000001208, -0.5000000000000001110 ) ) ;
#2366 = DIRECTION ( 'NONE',  ( -1.000000000000000000, 0.0000000000000000000, 0.0000000000000000000 ) ) ;
#2367 = DIRECTION ( 'NONE',  ( 0.0000000000000000000, 0.0000000000000000000, -1.000000000000000000 ) ) ;
#2368 = CARTESIAN_POINT ( 'NONE',  ( 8.386332128962765253, 6.781287849684058067, -3.199999999999998845 ) ) ;
#2369 = DIRECTION ( 'NONE',  ( 1.000000000000000000, -0.0000000000000000000, -0.0000000000000000000 ) ) ;
#2370 = FACE_OUTER_BOUND ( 'NONE', #3776, .T. ) ;
#2371 = VERTEX_POINT ( 'NONE', #1337 ) ;
#2372 = CARTESIAN_POINT ( 'NONE',  ( 6.854166659695374086, 5.403652517017258461, -3.569136145501582646 ) ) ;
#2373 = ORIENTED_EDGE ( 'NONE', *, *, #644, .F. ) ;
#2374 = ORIENTED_EDGE ( 'NONE', *, *, #404, .T. ) ;
#2375 =( BOUNDED_CURVE ( )  B_SPLINE_CURVE ( 2, ( #3563, #2355, #2650, #3270, #1705, #3231, #463, #3251, #1994 ),
 .UNSPECIFIED., .F., .T. ) 
 B_SPLINE_CURVE_WITH_KNOTS ( ( 3, 2, 2, 2, 3 ),
 ( 0.6124277831353658330, 0.6166666666666666963, 0.6333333333333333037, 0.6500000000000000222, 0.6624277831353657664 ),
 .UNSPECIFIED. ) 
 CURVE ( )  GEOMETRIC_REPRESENTATION_ITEM ( )  RATIONAL_B_SPLINE_CURVE ( ( 0.9491840436463323538, 0.9659258374293505645, 1.000000000000000000, 0.8660254037844387076, 1.000000000000000000, 0.8660254037844387076, 1.000000000000000000, 0.9000995663550883652, 0.9491840436463321318 ) ) 
 REPRESENTATION_ITEM ( '' )  );
#2376 = EDGE_CURVE ( 'NONE', #1269, #2079, #2263, .T. ) ;
#2377 = ORIENTED_EDGE ( 'NONE', *, *, #1279, .T. ) ;
#2378 = LINE ( 'NONE', #158, #1363 ) ;
#2379 = CARTESIAN_POINT ( 'NONE',  ( 7.195833326362039983, 7.098563155643787148, -2.756356187330897711 ) ) ;
#2380 = EDGE_CURVE ( 'NONE', #237, #2247, #1157, .T. ) ;
#2381 = ORIENTED_EDGE ( 'NONE', *, *, #4089, .T. ) ;
#2382 = ORIENTED_EDGE ( 'NONE', *, *, #3391, .T. ) ;
#2383 = DIRECTION ( 'NONE',  ( 1.000000000000000000, -0.0000000000000000000, -0.0000000000000000000 ) ) ;
#2384 = FACE_OUTER_BOUND ( 'NONE', #3153, .T. ) ;
#2385 = CARTESIAN_POINT ( 'NONE',  ( 7.195833326362039983, 7.098563155643788036, -2.756356187330898599 ) ) ;
#2386 = EDGE_CURVE ( 'NONE', #462, #2457, #3019, .T. ) ;
#2387 = CARTESIAN_POINT ( 'NONE',  ( 9.409999999999998366, 6.360000000000001208, 0.0000000000000000000 ) ) ;
#2388 = DIRECTION ( 'NONE',  ( 1.000000000000000000, 0.0000000000000000000, 0.0000000000000000000 ) ) ;
#2389 = VERTEX_POINT ( 'NONE', #1027 ) ;
#2390 = ORIENTED_EDGE ( 'NONE', *, *, #1146, .T. ) ;
#2391 = DIRECTION ( 'NONE',  ( 1.000000000000000000, 0.0000000000000000000, 0.0000000000000000000 ) ) ;
#2392 = CARTESIAN_POINT ( 'NONE',  ( 6.999999999999999112, 4.062367684342628849, 1.692294509935779345 ) ) ;
#2393 = CARTESIAN_POINT ( 'NONE',  ( 11.32083332636204176, 9.542765973475969332, 0.8528192734489589144 ) ) ;
#2394 = ORIENTED_EDGE ( 'NONE', *, *, #609, .T. ) ;
#2395 = CARTESIAN_POINT ( 'NONE',  ( 2.029999999999999805, 0.5000000000000000000, -3.500000000000000000 ) ) ;
#2396 = VERTEX_POINT ( 'NONE', #2285 ) ;
#2397 = CARTESIAN_POINT ( 'NONE',  ( 11.09999999999999609, 9.478530872392022744, -0.6056187409578910330 ) ) ;
#2398 =( BOUNDED_CURVE ( )  B_SPLINE_CURVE ( 2, ( #2790, #1773, #231, #1506, #1193, #2141, #891, #1130, #565 ),
 .UNSPECIFIED., .F., .F. ) 
 B_SPLINE_CURVE_WITH_KNOTS ( ( 3, 2, 2, 2, 3 ),
 ( 0.5624277831353657886, 0.5666666666666666519, 0.5833333333333333703, 0.5999999999999999778, 0.6124277831353658330 ),
 .UNSPECIFIED. ) 
 CURVE ( )  GEOMETRIC_REPRESENTATION_ITEM ( )  RATIONAL_B_SPLINE_CURVE ( ( 0.9491840436463321318, 0.9659258374293503424, 1.000000000000000000, 0.8660254037844387076, 1.000000000000000000, 0.8660254037844387076, 1.000000000000000000, 0.9000995663550881432, 0.9491840436463323538 ) ) 
 REPRESENTATION_ITEM ( '' )  );
#2399 = FACE_OUTER_BOUND ( 'NONE', #2052, .T. ) ;
#2400 = CARTESIAN_POINT ( 'NONE',  ( 8.404166659695372132, 7.212819831094197554, 3.182765824055378445 ) ) ;
#2401 = EDGE_CURVE ( 'NONE', #3042, #1152, #284, .T. ) ;
#2402 = ORIENTED_EDGE ( 'NONE', *, *, #616, .F. ) ;
#2403 = FACE_OUTER_BOUND ( 'NONE', #1156, .T. ) ;
#2404 = CARTESIAN_POINT ( 'NONE',  ( 7.000000000000000888, 6.360000000000001208, 0.0000000000000000000 ) ) ;
#2405 = CARTESIAN_POINT ( 'NONE',  ( 7.875734920505486514, 6.360000000000001208, -3.199999999999998401 ) ) ;
#2406 = DIRECTION ( 'NONE',  ( 1.000000000000000000, 0.0000000000000000000, 0.0000000000000000000 ) ) ;
#2407 = EDGE_CURVE ( 'NONE', #2496, #165, #1631, .T. ) ;
#2408 = DIRECTION ( 'NONE',  ( -0.0000000000000000000, -0.0000000000000000000, 1.000000000000000000 ) ) ;
#2409 = ORIENTED_EDGE ( 'NONE', *, *, #2310, .T. ) ;
#2410 = ORIENTED_EDGE ( 'NONE', *, *, #1006, .F. ) ;
#2411 = CARTESIAN_POINT ( 'NONE',  ( 0.0000000000000000000, 0.5000000000000000000, 0.0000000000000000000 ) ) ;
#2412 = VECTOR ( 'NONE', #867, 1000.000000000000000 ) ;
#2413 = VECTOR ( 'NONE', #4051, 1000.000000000000000 ) ;
#2414 = CARTESIAN_POINT ( 'NONE',  ( 11.15416665969537391, 5.507180168905804862, -3.182765824055378445 ) ) ;
#2415 = ORIENTED_EDGE ( 'NONE', *, *, #881, .T. ) ;
#2416 = CIRCLE ( 'NONE', #2818, 0.5000000000000001110 ) ;
#2417 = CARTESIAN_POINT ( 'NONE',  ( 11.09999999999999432, 4.383732275402952183, 2.359371510673525574 ) ) ;
#2418 = VECTOR ( 'NONE', #1804, 1000.000000000000000 ) ;
#2419 = ORIENTED_EDGE ( 'NONE', *, *, #1124, .F. ) ;
#2420 = AXIS2_PLACEMENT_3D ( 'NONE', #3748, #914, #822 ) ;
#2421 = AXIS2_PLACEMENT_3D ( 'NONE', #1900, #3143, #2858 ) ;
#2422 = LINE ( 'NONE', #3698, #3621 ) ;
#2423 = CIRCLE ( 'NONE', #2300, 2.699999999999999289 ) ;
#2424 = CARTESIAN_POINT ( 'NONE',  ( 9.370833326362040694, 2.790863686938986010, -0.9563468576424304368 ) ) ;
#2425 = CARTESIAN_POINT ( 'NONE',  ( 10.34239328569946714, 5.034516436191182720, -3.199999999999999289 ) ) ;
#2426 = CARTESIAN_POINT ( 'NONE',  ( 10.69583332636203998, 7.098563155643787148, -2.756356187330897711 ) ) ;
#2427 = AXIS2_PLACEMENT_3D ( 'NONE', #705, #1072, #1968 ) ;
#2428 =( BOUNDED_CURVE ( )  B_SPLINE_CURVE ( 2, ( #4030, #1474, #1205, #3988, #2094, #2424, #2485, #3699, #3356 ),
 .UNSPECIFIED., .F., .T. ) 
 B_SPLINE_CURVE_WITH_KNOTS ( ( 3, 2, 2, 2, 3 ),
 ( 0.6124277831353658330, 0.6166666666666666963, 0.6333333333333333037, 0.6500000000000000222, 0.6624277831353657664 ),
 .UNSPECIFIED. ) 
 CURVE ( )  GEOMETRIC_REPRESENTATION_ITEM ( )  RATIONAL_B_SPLINE_CURVE ( ( 0.9491840436463323538, 0.9659258374293505645, 1.000000000000000000, 0.8660254037844387076, 1.000000000000000000, 0.8660254037844387076, 1.000000000000000000, 0.9000995663550883652, 0.9491840436463321318 ) ) 
 REPRESENTATION_ITEM ( '' )  );
#2429 = ORIENTED_EDGE ( 'NONE', *, *, #2666, .F. ) ;
#2430 = CARTESIAN_POINT ( 'NONE',  ( 0.0000000000000000000, -3.939999999999999947, 0.4350000000000013856 ) ) ;
#2431 = CARTESIAN_POINT ( 'NONE',  ( 10.97573492050548616, 6.360000000000005649, -3.199999999999998845 ) ) ;
#2432 = CARTESIAN_POINT ( 'NONE',  ( 7.779166659695373909, 9.116356057928870271, -0.7385636385787300862 ) ) ;
#2433 = DIRECTION ( 'NONE',  ( 1.000000000000000000, 0.0000000000000000000, 0.0000000000000000000 ) ) ;
#2434 = LINE ( 'NONE', #3707, #2412 ) ;
#2435 = LINE ( 'NONE', #1751, #1372 ) ;
#2436 = FACE_OUTER_BOUND ( 'NONE', #2665, .T. ) ;
#2437 = ORIENTED_EDGE ( 'NONE', *, *, #1880, .T. ) ;
#2438 = SPHERICAL_SURFACE ( 'NONE', #1304, 10.30000000000000071 ) ;
#2439 = CARTESIAN_POINT ( 'NONE',  ( 7.000000000000001776, 9.298978225783317342, 1.278574122539696489 ) ) ;
#2440 = CARTESIAN_POINT ( 'NONE',  ( 6.487499993028706946, 4.030053857618227653, 2.329946550606417421 ) ) ;
#2441 = EDGE_CURVE ( 'NONE', #2389, #1866, #992, .T. ) ;
#2442 = CARTESIAN_POINT ( 'NONE',  ( 10.22916665969537497, 3.269037428430357384, 0.8282212151083604423 ) ) ;
#2443 = ORIENTED_EDGE ( 'NONE', *, *, #1734, .T. ) ;
#2444 = CARTESIAN_POINT ( 'NONE',  ( 9.599999999999999645, 6.410000000000001030, 0.3666060555964625323 ) ) ;
#2445 = ORIENTED_EDGE ( 'NONE', *, *, #2983, .F. ) ;
#2446 = CARTESIAN_POINT ( 'NONE',  ( 11.10000000000000142, 4.428322589223266270, -2.162917795549409661 ) ) ;
#2447 = CARTESIAN_POINT ( 'NONE',  ( 6.599999999999998757, 6.360000000000001208, 0.0000000000000000000 ) ) ;
#2448 = DIRECTION ( 'NONE',  ( 1.000000000000000000, 0.0000000000000000000, 0.0000000000000000000 ) ) ;
#2449 = CARTESIAN_POINT ( 'NONE',  ( 8.862499993028707834, 8.377792902285083443, 2.017792548752169512 ) ) ;
#2450 = EDGE_LOOP ( 'NONE', ( #1415, #3510, #1264, #1775 ) ) ;
#2451 = FACE_OUTER_BOUND ( 'NONE', #3970, .T. ) ;
#2452 = CARTESIAN_POINT ( 'NONE',  ( 9.599999999999999645, 6.360000000000001208, 0.0000000000000000000 ) ) ;
#2453 = CARTESIAN_POINT ( 'NONE',  ( 8.237499993028706058, 8.689946142381772987, -2.329946550606417421 ) ) ;
#2454 = CARTESIAN_POINT ( 'NONE',  ( 8.736332128962766674, 5.938712150315941685, 3.199999999999998401 ) ) ;
#2455 = CARTESIAN_POINT ( 'NONE',  ( 35.75096679918780751, 6.360000000000000320, 0.0000000000000000000 ) ) ;
#2456 = CARTESIAN_POINT ( 'NONE',  ( 10.19239328569946501, 7.685483563808820584, 3.199999999999998401 ) ) ;
#2457 = VERTEX_POINT ( 'NONE', #3511 ) ;
#2458 = CARTESIAN_POINT ( 'NONE',  ( -3.049999999999999378, -3.939999999999999947, -2.030000000000000249 ) ) ;
#2459 = CARTESIAN_POINT ( 'NONE',  ( 6.945833326362039983, 5.621436844356212603, 2.756356187330898155 ) ) ;
#2460 = CARTESIAN_POINT ( 'NONE',  ( 8.937499993028707124, 8.972788830078272326, -2.612789287859152321 ) ) ;
#2461 = EDGE_CURVE ( 'NONE', #3839, #2396, #1560, .T. ) ;
#2462 = CARTESIAN_POINT ( 'NONE',  ( 3.500000000000000000, 2.860000000000000764, 3.500000000000000000 ) ) ;
#2463 = ORIENTED_EDGE ( 'NONE', *, *, #2570, .F. ) ;
#2464 = ADVANCED_FACE ( 'NONE', ( #2202, #1897 ), #2105, .T. ) ;
#2465 = CARTESIAN_POINT ( 'NONE',  ( 11.10000000000000320, 4.808061106332695012, -2.460463431175950788 ) ) ;
#2466 = ADVANCED_FACE ( 'NONE', ( #3344 ), #2438, .T. ) ;
#2467 = DIRECTION ( 'NONE',  ( -1.000000000000000000, -0.0000000000000000000, -0.0000000000000000000 ) ) ;
#2468 = FACE_OUTER_BOUND ( 'NONE', #3500, .T. ) ;
#2469 = CARTESIAN_POINT ( 'NONE',  ( 9.195833326362039983, 7.098563155643787148, -2.756356187330897711 ) ) ;
#2470 = DIRECTION ( 'NONE',  ( -0.0000000000000000000, 1.000000000000000000, -0.0000000000000000000 ) ) ;
#2471 = LINE ( 'NONE', #289, #36 ) ;
#2472 = CARTESIAN_POINT ( 'NONE',  ( 8.570833326362039983, 3.177234026524032195, -0.8528192734489608018 ) ) ;
#2473 = CARTESIAN_POINT ( 'NONE',  ( 9.599999999999999645, 6.410000000000001030, 1.000000000000014433 ) ) ;
#2474 = PLANE ( 'NONE',  #1889 ) ;
#2475 = LINE ( 'NONE', #2837, #1946 ) ;
#2476 = ORIENTED_EDGE ( 'NONE', *, *, #3476, .T. ) ;
#2477 = DIRECTION ( 'NONE',  ( 0.0000000000000000000, -0.0000000000000000000, -1.000000000000000000 ) ) ;
#2478 = CARTESIAN_POINT ( 'NONE',  ( 8.112499993028706058, 4.342207097714918085, -2.017792548752169957 ) ) ;
#2479 = CARTESIAN_POINT ( 'NONE',  ( 9.562499993028707124, 8.622741898021878626, 2.262741501572007596 ) ) ;
#2480 = DIRECTION ( 'NONE',  ( 1.000000000000000000, 0.0000000000000000000, 0.0000000000000000000 ) ) ;
#2481 = ORIENTED_EDGE ( 'NONE', *, *, #648, .T. ) ;
#2482 = AXIS2_PLACEMENT_3D ( 'NONE', #1699, #1461, #763 ) ;
#2483 = AXIS2_PLACEMENT_3D ( 'NONE', #3463, #81, #60 ) ;
#2484 = CARTESIAN_POINT ( 'NONE',  ( 11.10000000000000320, 7.708043297634657343, -2.749040623823777008 ) ) ;
#2485 = CARTESIAN_POINT ( 'NONE',  ( 9.412499993028706768, 4.097258101978122902, -2.262741501572007152 ) ) ;
#2486 = DIRECTION ( 'NONE',  ( 0.0000000000000000000, -1.000000000000000000, 0.0000000000000000000 ) ) ;
#2487 = CARTESIAN_POINT ( 'NONE',  ( 10.44583332636203998, 5.621436844356212603, 2.756356187330897711 ) ) ;
#2488 = CIRCLE ( 'NONE', #163, 3.300000000000000266 ) ;
#2489 = CIRCLE ( 'NONE', #3955, 2.299999999999998934 ) ;
#2490 = DIRECTION ( 'NONE',  ( -0.0000000000000000000, -1.000000000000000000, -0.0000000000000000000 ) ) ;
#2491 = FACE_OUTER_BOUND ( 'NONE', #502, .T. ) ;
#2492 = CARTESIAN_POINT ( 'NONE',  ( 7.987499993028706946, 4.030053857618227653, 2.329946550606416977 ) ) ;
#2493 = CYLINDRICAL_SURFACE ( 'NONE', #42, 0.6350000000000000089 ) ;
#2494 = CIRCLE ( 'NONE', #1313, 0.2999999999999999889 ) ;
#2495 = CARTESIAN_POINT ( 'NONE',  ( 9.530000000000010019, 6.410000000000001030, -0.2958039891549856804 ) ) ;
#2496 = VERTEX_POINT ( 'NONE', #1776 ) ;
#2497 = DIRECTION ( 'NONE',  ( -1.000000000000000000, 0.0000000000000000000, -4.251773225433350654E-16 ) ) ;
#2498 = CARTESIAN_POINT ( 'NONE',  ( 10.11249999302870606, 4.342207097714918085, -2.017792548752169957 ) ) ;
#2499 = UNCERTAINTY_MEASURE_WITH_UNIT (LENGTH_MEASURE( 1.000000000000000082E-05 ), #213, 'distance_accuracy_value', 'NONE');
#2500 = CARTESIAN_POINT ( 'NONE',  ( 10.52083332636203927, 9.929136313061015073, 0.9563468576424295486 ) ) ;
#2501 = CARTESIAN_POINT ( 'NONE',  ( 11.10000000000001386, 3.471365117153008661, 0.7265954525682033482 ) ) ;
#2502 = ORIENTED_EDGE ( 'NONE', *, *, #3691, .F. ) ;
#2503 = CARTESIAN_POINT ( 'NONE',  ( 3.049999999999999822, -3.939999999999999947, 3.049999999999999822 ) ) ;
#2504 = LINE ( 'NONE', #311, #1306 ) ;
#2505 = CARTESIAN_POINT ( 'NONE',  ( 0.0000000000000000000, 0.0000000000000000000, 0.0000000000000000000 ) ) ;
#2506 = EDGE_CURVE ( 'NONE', #2583, #742, #690, .T. ) ;
#2507 = DIRECTION ( 'NONE',  ( 1.000000000000000000, -0.0000000000000000000, 0.0000000000000000000 ) ) ;
#2508 = CARTESIAN_POINT ( 'NONE',  ( 35.75096679918780751, 6.360000000000000320, 0.0000000000000000000 ) ) ;
#2509 = CARTESIAN_POINT ( 'NONE',  ( 8.862499993028707834, 8.377792902285083443, 2.017792548752170401 ) ) ;
#2510 = LINE ( 'NONE', #1234, #1709 ) ;
#2511 = EDGE_CURVE ( 'NONE', #144, #1745, #99, .T. ) ;
#2512 = EDGE_LOOP ( 'NONE', ( #2284, #2272, #3962, #2608, #2543, #3229 ) ) ;
#2513 = DIRECTION ( 'NONE',  ( 0.0000000000000000000, 0.0000000000000000000, -1.000000000000000000 ) ) ;
#2514 =( NAMED_UNIT ( * ) SI_UNIT ( $, .STERADIAN. ) SOLID_ANGLE_UNIT ( ) );
#2515 = CARTESIAN_POINT ( 'NONE',  ( 7.592393285699468031, 7.685483563808822360, 3.199999999999999289 ) ) ;
#2516 = ADVANCED_FACE ( 'NONE', ( #238 ), #260, .T. ) ;
#2517 = VERTEX_POINT ( 'NONE', #3753 ) ;
#2518 = CARTESIAN_POINT ( 'NONE',  ( 9.599999999999999645, 6.410000000000001030, 0.3666060555964625323 ) ) ;
#2519 = CARTESIAN_POINT ( 'NONE',  ( 9.029166659695372132, 3.603643942071130368, 0.7385636385787283098 ) ) ;
#2520 = CARTESIAN_POINT ( 'NONE',  ( 9.604166659695373198, 7.316347482982743067, 3.569136145501582646 ) ) ;
#2521 = CARTESIAN_POINT ( 'NONE',  ( 11.09999999999999787, 4.036481421500841549, -1.656573687368323444 ) ) ;
#2522 = ORIENTED_EDGE ( 'NONE', *, *, #4111, .F. ) ;
#2523 = DIRECTION ( 'NONE',  ( 0.0000000000000000000, 0.0000000000000000000, 1.000000000000000000 ) ) ;
#2524 = ORIENTED_EDGE ( 'NONE', *, *, #852, .F. ) ;
#2525 = CARTESIAN_POINT ( 'NONE',  ( 11.09999999999999787, 6.360000000000001208, 0.0000000000000000000 ) ) ;
#2526 = DIRECTION ( 'NONE',  ( 1.000000000000000000, -0.0000000000000000000, -0.0000000000000000000 ) ) ;
#2527 = DIRECTION ( 'NONE',  ( 1.000000000000000000, -0.0000000000000000000, -0.0000000000000000000 ) ) ;
#2528 = CARTESIAN_POINT ( 'NONE',  ( -3.500000000000000000, 9.860000000000001208, -3.500000000000000000 ) ) ;
#2529 = CARTESIAN_POINT ( 'NONE',  ( 10.15416665969537391, 5.507180168905804862, -3.182765824055378889 ) ) ;
#2530 = LINE ( 'NONE', #316, #2359 ) ;
#2531 = ORIENTED_EDGE ( 'NONE', *, *, #1953, .F. ) ;
#2532 = DIRECTION ( 'NONE',  ( 1.000000000000000000, -0.0000000000000000000, -0.0000000000000000000 ) ) ;
#2533 = DIRECTION ( 'NONE',  ( -1.000000000000000000, 0.0000000000000000000, -0.0000000000000000000 ) ) ;
#2534 = ORIENTED_EDGE ( 'NONE', *, *, #1683, .T. ) ;
#2535 = CARTESIAN_POINT ( 'NONE',  ( 10.37573492050548651, 6.360000000000005649, -3.199999999999998845 ) ) ;
#2536 = CARTESIAN_POINT ( 'NONE',  ( 10.57083332636203821, 3.177234026524031307, -0.8528192734489608018 ) ) ;
#2537 = ADVANCED_FACE ( 'NONE', ( #1179 ), #2750, .T. ) ;
#2538 = CARTESIAN_POINT ( 'NONE',  ( 7.000000000000002665, 3.596646254310213564, -1.169054982664815556 ) ) ;
#2539 = CARTESIAN_POINT ( 'NONE',  ( 11.09999999999999964, 3.886780711342423533, 1.747146460720839789 ) ) ;
#2540 = ORIENTED_EDGE ( 'NONE', *, *, #1661, .F. ) ;
#2541 = CARTESIAN_POINT ( 'NONE',  ( -3.500000000000000000, 0.0000000000000000000, 3.500000000000000000 ) ) ;
#2542 = AXIS2_PLACEMENT_3D ( 'NONE', #2658, #3593, #145 ) ;
#2543 = ORIENTED_EDGE ( 'NONE', *, *, #2643, .T. ) ;
#2544 = CARTESIAN_POINT ( 'NONE',  ( 9.553342994910764219, 6.310000000000000497, 0.4740331259465881963 ) ) ;
#2545 = CARTESIAN_POINT ( 'NONE',  ( 6.870833326362040694, 2.790863686938985566, -0.9563468576424313250 ) ) ;
#2546 = AXIS2_PLACEMENT_3D ( 'NONE', #476, #1750, #2328 ) ;
#2547 = VECTOR ( 'NONE', #2490, 1000.000000000000000 ) ;
#2548 = AXIS2_PLACEMENT_3D ( 'NONE', #1840, #3385, #896 ) ;
#2549 = FACE_OUTER_BOUND ( 'NONE', #1788, .T. ) ;
#2550 = AXIS2_PLACEMENT_3D ( 'NONE', #4092, #2238, #3461 ) ;
#2551 = CARTESIAN_POINT ( 'NONE',  ( 0.0000000000000000000, 0.0000000000000000000, -3.299999999999999822 ) ) ;
#2552 = CARTESIAN_POINT ( 'NONE',  ( 10.11249999302870606, 4.342207097714918085, -2.017792548752169957 ) ) ;
#2553 = CARTESIAN_POINT ( 'NONE',  ( 7.040190972540030678, 9.003670967867227759, -2.497535620971101267 ) ) ;
#2554 = AXIS2_PLACEMENT_3D ( 'NONE', #474, #1055, #2344 ) ;
#2555 = CARTESIAN_POINT ( 'NONE',  ( 7.092393285699465366, 7.685483563808818808, 3.200000000000000178 ) ) ;
#2556 = CARTESIAN_POINT ( 'NONE',  ( -3.500000000000000000, 1.700000000000000178, 3.500000000000000000 ) ) ;
#2557 = ORIENTED_EDGE ( 'NONE', *, *, #2849, .F. ) ;
#2558 = LINE ( 'NONE', #67, #434 ) ;
#2559 = CIRCLE ( 'NONE', #781, 9.687104830649868603 ) ;
#2560 = CARTESIAN_POINT ( 'NONE',  ( 8.570833326362039983, 3.177234026524031307, -0.8528192734489608018 ) ) ;
#2561 = ADVANCED_FACE ( 'NONE', ( #176 ), #3981, .F. ) ;
#2562 = CARTESIAN_POINT ( 'NONE',  ( 9.529999999999999361, 6.410000000000001030, -0.4974937185533101491 ) ) ;
#2563 = ORIENTED_EDGE ( 'NONE', *, *, #1278, .T. ) ;
#2564 = VERTEX_POINT ( 'NONE', #2940 ) ;
#2565 = ADVANCED_FACE ( 'NONE', ( #88 ), #1382, .T. ) ;
#2566 = EDGE_CURVE ( 'NONE', #3312, #887, #1757, .T. ) ;
#2567 = DIRECTION ( 'NONE',  ( 0.0000000000000000000, -1.000000000000000000, 0.0000000000000000000 ) ) ;
#2568 = ORIENTED_EDGE ( 'NONE', *, *, #2131, .T. ) ;
#2569 = CARTESIAN_POINT ( 'NONE',  ( 9.136332128962768806, 5.938712150315941685, 3.199999999999998401 ) ) ;
#2570 = EDGE_CURVE ( 'NONE', #782, #2946, #1537, .T. ) ;
#2571 = CARTESIAN_POINT ( 'NONE',  ( 9.954166659695372843, 5.403652517017258461, -3.569136145501583979 ) ) ;
#2572 = CARTESIAN_POINT ( 'NONE',  ( 35.75096679918780751, 6.360000000000000320, 3.200000000000000178 ) ) ;
#2573 = DIRECTION ( 'NONE',  ( 1.000000000000000000, -0.0000000000000000000, -0.0000000000000000000 ) ) ;
#2574 = FACE_OUTER_BOUND ( 'NONE', #3911, .T. ) ;
#2575 = ORIENTED_EDGE ( 'NONE', *, *, #255, .F. ) ;
#2576 = DIRECTION ( 'NONE',  ( -0.0000000000000000000, 1.000000000000000000, -0.0000000000000000000 ) ) ;
#2577 = CARTESIAN_POINT ( 'NONE',  ( 2.029999999999999805, -3.939999999999999947, -3.049999999999999822 ) ) ;
#2578 = EDGE_LOOP ( 'NONE', ( #164, #3627 ) ) ;
#2579 = DIRECTION ( 'NONE',  ( 0.0000000000000000000, 1.908195823574487488E-14, -1.000000000000000000 ) ) ;
#2580 = CARTESIAN_POINT ( 'NONE',  ( 9.695833326362038207, 7.098563155643788036, -2.756356187330898599 ) ) ;
#2581 = CARTESIAN_POINT ( 'NONE',  ( 11.52083332636204105, 9.929136313061015073, 0.9563468576424295486 ) ) ;
#2582 = CARTESIAN_POINT ( 'NONE',  ( -3.049999999999999822, -3.939999999999999947, 2.029999999999999805 ) ) ;
#2583 = VERTEX_POINT ( 'NONE', #1148 ) ;
#2584 = ORIENTED_EDGE ( 'NONE', *, *, #3390, .F. ) ;
#2585 = ADVANCED_FACE ( 'NONE', ( #209 ), #472, .F. ) ;
#2586 = DIRECTION ( 'NONE',  ( 0.0000000000000000000, 0.0000000000000000000, -1.000000000000000000 ) ) ;
#2587 = ORIENTED_EDGE ( 'NONE', *, *, #1686, .T. ) ;
#2588 = EDGE_CURVE ( 'NONE', #2317, #4086, #3016, .T. ) ;
#2589 = CARTESIAN_POINT ( 'NONE',  ( 9.576677911009959132, 6.310000000000000497, 0.4505645030491102210 ) ) ;
#2590 = CARTESIAN_POINT ( 'NONE',  ( 8.579166659695374619, 9.450962571569643700, -0.8282212151083622187 ) ) ;
#2591 = EDGE_CURVE ( 'NONE', #3717, #3397, #2416, .T. ) ;
#2592 = EDGE_CURVE ( 'NONE', #3483, #1729, #299, .T. ) ;
#2593 = DIRECTION ( 'NONE',  ( 1.000000000000000000, -0.0000000000000000000, -0.0000000000000000000 ) ) ;
#2594 = DIRECTION ( 'NONE',  ( 1.000000000000000000, 0.0000000000000000000, 0.0000000000000000000 ) ) ;
#2595 = CARTESIAN_POINT ( 'NONE',  ( 11.09999999999999787, 4.036481421500841549, -1.656573687368323444 ) ) ;
#2596 = EDGE_LOOP ( 'NONE', ( #1468, #118 ) ) ;
#2597 = CARTESIAN_POINT ( 'NONE',  ( 3.500000000000003109, 6.360000000000001208, 0.0000000000000000000 ) ) ;
#2598 = DIRECTION ( 'NONE',  ( 1.000000000000000000, -0.0000000000000000000, 0.0000000000000000000 ) ) ;
#2599 = EDGE_LOOP ( 'NONE', ( #731, #532, #3724, #3903 ) ) ;
#2600 = DIRECTION ( 'NONE',  ( 1.000000000000000000, 0.0000000000000000000, 0.0000000000000000000 ) ) ;
#2601 = CARTESIAN_POINT ( 'NONE',  ( 8.875734920505488290, 6.360000000000001208, -3.199999999999998401 ) ) ;
#2602 = CARTESIAN_POINT ( 'NONE',  ( 6.999999999999973355, 3.537838347797722882, 0.7113189361742248140 ) ) ;
#2603 = CARTESIAN_POINT ( 'NONE',  ( 7.125734920505486514, 6.359999999999998543, 3.199999999999998401 ) ) ;
#2604 = ORIENTED_EDGE ( 'NONE', *, *, #1531, .F. ) ;
#2605 = EDGE_LOOP ( 'NONE', ( #1036, #2987, #2876, #2071 ) ) ;
#2606 = ORIENTED_EDGE ( 'NONE', *, *, #3772, .T. ) ;
#2607 = DIRECTION ( 'NONE',  ( 0.0000000000000000000, 0.0000000000000000000, -1.000000000000000000 ) ) ;
#2608 = ORIENTED_EDGE ( 'NONE', *, *, #506, .F. ) ;
#2609 = CARTESIAN_POINT ( 'NONE',  ( 10.97916665969537320, 9.450962571569643700, -0.8282212151083626628 ) ) ;
#2610 = CARTESIAN_POINT ( 'NONE',  ( 9.579166659695372843, 9.450962571569643700, -0.8282212151083622187 ) ) ;
#2611 = EDGE_CURVE ( 'NONE', #483, #3042, #2029, .T. ) ;
#2612 = CARTESIAN_POINT ( 'NONE',  ( 3.500000000000000000, 1.700000000000000178, 3.500000000000000000 ) ) ;
#2613 = DIRECTION ( 'NONE',  ( 0.0000000000000000000, -1.000000000000000000, 0.0000000000000000000 ) ) ;
#2614 = CARTESIAN_POINT ( 'NONE',  ( -3.049999999999999378, -0.0000000000000000000, -3.049999999999999822 ) ) ;
#2615 = EDGE_CURVE ( 'NONE', #2936, #808, #1164, .T. ) ;
#2616 = COLOUR_RGB ( '',1.000000000000000000, 1.000000000000000000, 1.000000000000000000 ) ;
#2617 = ADVANCED_FACE ( 'NONE', ( #2384 ), #1832, .T. ) ;
#2618 = VECTOR ( 'NONE', #3528, 1000.000000000000000 ) ;
#2619 = AXIS2_PLACEMENT_3D ( 'NONE', #3297, #450, #2993 ) ;
#2620 = ORIENTED_EDGE ( 'NONE', *, *, #382, .F. ) ;
#2621 = ORIENTED_EDGE ( 'NONE', *, *, #178, .T. ) ;
#2622 = CARTESIAN_POINT ( 'NONE',  ( 35.75096679918780751, 6.360000000000000320, 3.200000000000000178 ) ) ;
#2623 = VERTEX_POINT ( 'NONE', #4012 ) ;
#2624 = LINE ( 'NONE', #1054, #702 ) ;
#2625 = CARTESIAN_POINT ( 'NONE',  ( 7.475734920505485270, 6.360000000000001208, -3.199999999999998401 ) ) ;
#2626 = CARTESIAN_POINT ( 'NONE',  ( 7.000000000000000888, 3.467732996644032895, -0.7065468346345040729 ) ) ;
#2627 = VECTOR ( 'NONE', #3781, 1000.000000000000000 ) ;
#2628 = CYLINDRICAL_SURFACE ( 'NONE', #3958, 3.200000000000000178 ) ;
#2629 = VERTEX_POINT ( 'NONE', #3679 ) ;
#2630 = VERTEX_POINT ( 'NONE', #3336 ) ;
#2631 = CIRCLE ( 'NONE', #113, 2.699999999999999289 ) ;
#2632 = CARTESIAN_POINT ( 'NONE',  ( 9.475734920505487935, 6.359999999999999432, -3.199999999999998845 ) ) ;
#2633 = ORIENTED_EDGE ( 'NONE', *, *, #2696, .F. ) ;
#2634 = CARTESIAN_POINT ( 'NONE',  ( 7.995833326362040694, 7.188220673547766282, -3.090962716680368594 ) ) ;
#2635 = LINE ( 'NONE', #777, #1039 ) ;
#2636 = EDGE_CURVE ( 'NONE', #137, #1470, #720, .T. ) ;
#2637 = CARTESIAN_POINT ( 'NONE',  ( 7.776507174585692903E-17, -3.740000000000001101, -0.6350000000000000089 ) ) ;
#2638 = CARTESIAN_POINT ( 'NONE',  ( 7.820833326362040872, 9.542765973475969332, 0.8528192734489589144 ) ) ;
#2639 = EDGE_CURVE ( 'NONE', #2371, #3760, #3054, .T. ) ;
#2640 = ORIENTED_EDGE ( 'NONE', *, *, #2667, .F. ) ;
#2641 = ORIENTED_EDGE ( 'NONE', *, *, #1259, .F. ) ;
#2642 = FACE_OUTER_BOUND ( 'NONE', #71, .T. ) ;
#2643 = EDGE_CURVE ( 'NONE', #1431, #2517, #2724, .T. ) ;
#2644 = PLANE ( 'NONE',  #1704 ) ;
#2645 = CARTESIAN_POINT ( 'NONE',  ( 7.370833326362039806, 2.790863686938986010, -0.9563468576424304368 ) ) ;
#2646 = DIRECTION ( 'NONE',  ( 1.000000000000000000, 0.0000000000000000000, 0.0000000000000000000 ) ) ;
#2647 = LINE ( 'NONE', #748, #848 ) ;
#2648 = ORIENTED_EDGE ( 'NONE', *, *, #1532, .F. ) ;
#2649 = CARTESIAN_POINT ( 'NONE',  ( 10.86249999302870606, 8.377792902285083443, 2.017792548752169512 ) ) ;
#2650 = CARTESIAN_POINT ( 'NONE',  ( 9.645833326362041049, 5.531779326452235246, 3.090962716680367706 ) ) ;
#2651 = ORIENTED_EDGE ( 'NONE', *, *, #423, .F. ) ;
#2652 = CARTESIAN_POINT ( 'NONE',  ( 9.829166659695372843, 3.269037428430356496, 0.8282212151083599982 ) ) ;
#2653 = DIRECTION ( 'NONE',  ( 0.0000000000000000000, -0.0000000000000000000, -1.000000000000000000 ) ) ;
#2654 = DIRECTION ( 'NONE',  ( 0.0000000000000000000, 0.0000000000000000000, -1.000000000000000000 ) ) ;
#2655 = CARTESIAN_POINT ( 'NONE',  ( 7.404166659695373021, 7.212819831094197554, 3.182765824055378445 ) ) ;
#2656 = ORIENTED_EDGE ( 'NONE', *, *, #224, .T. ) ;
#2657 = ORIENTED_EDGE ( 'NONE', *, *, #3691, .T. ) ;
#2658 = CARTESIAN_POINT ( 'NONE',  ( 3.500000000000003109, 6.360000000000001208, 0.0000000000000000000 ) ) ;
#2659 = CYLINDRICAL_SURFACE ( 'NONE', #1092, 0.6350000000000000089 ) ;
#2660 = CARTESIAN_POINT ( 'NONE',  ( 8.645833326362041049, 5.531779326452235246, 3.090962716680367706 ) ) ;
#2661 = ADVANCED_FACE ( 'NONE', ( #3361 ), #1481, .T. ) ;
#2662 = DIRECTION ( 'NONE',  ( 0.0000000000000000000, 0.0000000000000000000, -1.000000000000000000 ) ) ;
#2663 = CARTESIAN_POINT ( 'NONE',  ( 7.397501560549919475, 6.410000000000001030, 1.000000000000014433 ) ) ;
#2664 = EDGE_LOOP ( 'NONE', ( #952, #2204 ) ) ;
#2665 = EDGE_LOOP ( 'NONE', ( #2606, #3921, #1091, #3552 ) ) ;
#2666 = EDGE_CURVE ( 'NONE', #760, #749, #3488, .T. ) ;
#2667 = EDGE_CURVE ( 'NONE', #2201, #3149, #1038, .T. ) ;
#2668 = CARTESIAN_POINT ( 'NONE',  ( 8.229166659695374975, 3.269037428430357384, 0.8282212151083604423 ) ) ;
#2669 = ORIENTED_EDGE ( 'NONE', *, *, #3126, .F. ) ;
#2670 = CARTESIAN_POINT ( 'NONE',  ( 10.72573492050548793, 6.360000000000002984, 3.199999999999999289 ) ) ;
#2671 = ORIENTED_EDGE ( 'NONE', *, *, #3339, .F. ) ;
#2672 =( BOUNDED_CURVE ( )  B_SPLINE_CURVE ( 2, ( #4014, #2454, #1522, #1484, #3077, #3976, #3018, #3431, #3401 ),
 .UNSPECIFIED., .F., .F. ) 
 B_SPLINE_CURVE_WITH_KNOTS ( ( 3, 2, 2, 2, 3 ),
 ( 0.5124277831353658552, 0.5166666666666667185, 0.5333333333333333259, 0.5500000000000000444, 0.5624277831353657886 ),
 .UNSPECIFIED. ) 
 CURVE ( )  GEOMETRIC_REPRESENTATION_ITEM ( )  RATIONAL_B_SPLINE_CURVE ( ( 0.9491840436463323538, 0.9659258374293505645, 1.000000000000000000, 0.8660254037844387076, 1.000000000000000000, 0.8660254037844387076, 1.000000000000000000, 0.9000995663550883652, 0.9491840436463321318 ) ) 
 REPRESENTATION_ITEM ( '' )  );
#2673 = CARTESIAN_POINT ( 'NONE',  ( 11.12083332636204069, 9.929136313061015073, 0.9563468576424304368 ) ) ;
#2674 = CARTESIAN_POINT ( 'NONE',  ( 11.09999999999999787, 6.360000000000001208, 0.0000000000000000000 ) ) ;
#2675 = FACE_OUTER_BOUND ( 'NONE', #1655, .T. ) ;
#2676 = CARTESIAN_POINT ( 'NONE',  ( 8.612499993028707834, 4.342207097714918085, -2.017792548752169068 ) ) ;
#2677 = AXIS2_PLACEMENT_3D ( 'NONE', #235, #295, #1526 ) ;
#2678 = ORIENTED_EDGE ( 'NONE', *, *, #1605, .T. ) ;
#2679 = ORIENTED_EDGE ( 'NONE', *, *, #3070, .F. ) ;
#2680 = VECTOR ( 'NONE', #3489, 1000.000000000000000 ) ;
#2681 = FACE_OUTER_BOUND ( 'NONE', #4057, .T. ) ;
#2682 = AXIS2_PLACEMENT_3D ( 'NONE', #3035, #1398, #803 ) ;
#2683 = DIRECTION ( 'NONE',  ( -1.000000000000000000, 0.0000000000000000000, 0.0000000000000000000 ) ) ;
#2684 = CARTESIAN_POINT ( 'NONE',  ( 8.636332128962765253, 5.938712150315943461, 3.199999999999998845 ) ) ;
#2685 = VECTOR ( 'NONE', #847, 1000.000000000000000 ) ;
#2686 = AXIS2_PLACEMENT_3D ( 'NONE', #271, #1541, #1564 ) ;
#2687 = LINE ( 'NONE', #1131, #769 ) ;
#2688 = ORIENTED_EDGE ( 'NONE', *, *, #1884, .T. ) ;
#2689 = EDGE_CURVE ( 'NONE', #2049, #3012, #1471, .T. ) ;
#2690 = AXIS2_PLACEMENT_3D ( 'NONE', #1765, #2700, #3944 ) ;
#2691 = AXIS2_PLACEMENT_3D ( 'NONE', #1358, #1984, #2962 ) ;
#2692 = CARTESIAN_POINT ( 'NONE',  ( 10.73749999302870428, 8.689946142381774763, -2.329946550606417865 ) ) ;
#2693 = ORIENTED_EDGE ( 'NONE', *, *, #1854, .T. ) ;
#2694 = FILL_AREA_STYLE ('',( #3915 ) ) ;
#2695 = ORIENTED_EDGE ( 'NONE', *, *, #1259, .T. ) ;
#2696 = EDGE_CURVE ( 'NONE', #503, #1866, #2471, .T. ) ;
#2697 = EDGE_CURVE ( 'NONE', #2457, #462, #3480, .T. ) ;
#2698 = ORIENTED_EDGE ( 'NONE', *, *, #3938, .F. ) ;
#2699 = DIRECTION ( 'NONE',  ( -0.0000000000000000000, -1.000000000000000000, -0.0000000000000000000 ) ) ;
#2700 = DIRECTION ( 'NONE',  ( 1.000000000000000000, 0.0000000000000000000, 0.0000000000000000000 ) ) ;
#2701 = CARTESIAN_POINT ( 'NONE',  ( 8.237499993028707834, 8.689946142381774763, -2.329946550606417865 ) ) ;
#2702 = ORIENTED_EDGE ( 'NONE', *, *, #3684, .T. ) ;
#2703 = ORIENTED_EDGE ( 'NONE', *, *, #1856, .F. ) ;
#2704 = CARTESIAN_POINT ( 'NONE',  ( 8.975734920505486159, 6.359999999999999432, -3.199999999999998845 ) ) ;
#2705 = DIRECTION ( 'NONE',  ( 1.000000000000000000, -0.0000000000000000000, -0.0000000000000000000 ) ) ;
#2706 = DIRECTION ( 'NONE',  ( -0.0000000000000000000, 1.000000000000000000, -0.0000000000000000000 ) ) ;
#2707 = DIRECTION ( 'NONE',  ( -1.000000000000000000, 0.0000000000000000000, -0.0000000000000000000 ) ) ;
#2708 = DIRECTION ( 'NONE',  ( 0.0000000000000000000, 0.0000000000000000000, 1.000000000000000000 ) ) ;
#2709 = CARTESIAN_POINT ( 'NONE',  ( 2.029999999999999805, -3.939999999999999947, -3.049999999999999822 ) ) ;
#2710 = DIRECTION ( 'NONE',  ( 0.0000000000000000000, 0.0000000000000000000, -1.000000000000000000 ) ) ;
#2711 = CARTESIAN_POINT ( 'NONE',  ( 7.062499993028708012, 8.622741898021878626, 2.262741501572007596 ) ) ;
#2712 = EDGE_CURVE ( 'NONE', #402, #2274, #1432, .T. ) ;
#2713 = ORIENTED_EDGE ( 'NONE', *, *, #1477, .F. ) ;
#2714 = CARTESIAN_POINT ( 'NONE',  ( 7.912499993028707657, 4.097258101978122902, -2.262741501572007152 ) ) ;
#2715 = EDGE_LOOP ( 'NONE', ( #2693, #741 ) ) ;
#2716 = ADVANCED_FACE ( 'NONE', ( #2491 ), #2957, .T. ) ;
#2717 = CARTESIAN_POINT ( 'NONE',  ( 8.236332128962766674, 5.938712150315943461, 3.199999999999998845 ) ) ;
#2718 = CARTESIAN_POINT ( 'NONE',  ( -2.029999999999999361, -3.939999999999999947, -2.029999999999999805 ) ) ;
#2719 = CARTESIAN_POINT ( 'NONE',  ( 9.620833326362040694, 9.929136313061015073, 0.9563468576424295486 ) ) ;
#2720 = CARTESIAN_POINT ( 'NONE',  ( 7.612499993028706946, 4.342207097714918085, -2.017792548752169068 ) ) ;
#2721 = ADVANCED_FACE ( 'NONE', ( #3176 ), #1609, .F. ) ;
#2722 = VERTEX_POINT ( 'NONE', #606 ) ;
#2723 = DIRECTION ( 'NONE',  ( -1.000000000000000000, 0.0000000000000000000, 0.0000000000000000000 ) ) ;
#2724 = LINE ( 'NONE', #190, #3086 ) ;
#2725 = LINE ( 'NONE', #2984, #2759 ) ;
#2726 = LINE ( 'NONE', #2473, #4087 ) ;
#2727 = DIRECTION ( 'NONE',  ( 1.000000000000000000, -0.0000000000000000000, -0.0000000000000000000 ) ) ;
#2728 = VERTEX_POINT ( 'NONE', #2869 ) ;
#2729 = ORIENTED_EDGE ( 'NONE', *, *, #3600, .F. ) ;
#2730 = CARTESIAN_POINT ( 'NONE',  ( 9.895833326362041049, 7.188220673547764505, -3.090962716680367706 ) ) ;
#2731 = LINE ( 'NONE', #3043, #1703 ) ;
#2732 = CARTESIAN_POINT ( 'NONE',  ( 7.854166659695374086, 5.403652517017258461, -3.569136145501582646 ) ) ;
#2733 = ORIENTED_EDGE ( 'NONE', *, *, #152, .T. ) ;
#2734 = ORIENTED_EDGE ( 'NONE', *, *, #3931, .F. ) ;
#2735 = DIRECTION ( 'NONE',  ( 0.0000000000000000000, -1.000000000000000000, 0.0000000000000000000 ) ) ;
#2736 = CARTESIAN_POINT ( 'NONE',  ( 9.553342994910764219, 6.410000000000001030, -0.4740331259465882519 ) ) ;
#2737 = CARTESIAN_POINT ( 'NONE',  ( 10.31249999302870712, 4.097258101978122902, -2.262741501572007152 ) ) ;
#2738 = CARTESIAN_POINT ( 'NONE',  ( 10.61249999302870606, 4.342207097714918085, -2.017792548752169068 ) ) ;
#2739 = EDGE_CURVE ( 'NONE', #3916, #137, #147, .T. ) ;
#2740 = ORIENTED_EDGE ( 'NONE', *, *, #3718, .F. ) ;
#2741 = EDGE_CURVE ( 'NONE', #3021, #465, #1294, .T. ) ;
#2742 = DIRECTION ( 'NONE',  ( 0.0000000000000000000, 0.0000000000000000000, 1.000000000000000000 ) ) ;
#2743 = CARTESIAN_POINT ( 'NONE',  ( 7.995833326362040694, 7.188220673547764505, -3.090962716680367706 ) ) ;
#2744 = CARTESIAN_POINT ( 'NONE',  ( 9.154166659695373909, 5.507180168905804862, -3.182765824055378889 ) ) ;
#2745 = AXIS2_PLACEMENT_3D ( 'NONE', #3972, #2383, #493 ) ;
#2746 = CARTESIAN_POINT ( 'NONE',  ( 35.75096679918780751, 6.360000000000000320, 3.200000000000000178 ) ) ;
#2747 = FILL_AREA_STYLE_COLOUR ( '', #2836 ) ;
#2748 = PLANE ( 'NONE',  #2677 ) ;
#2749 = ORIENTED_EDGE ( 'NONE', *, *, #2310, .F. ) ;
#2750 = CYLINDRICAL_SURFACE ( 'NONE', #428, 3.200000000000000178 ) ;
#2751 = CARTESIAN_POINT ( 'NONE',  ( 8.070833326362039983, 3.177234026524031307, -0.8528192734489608018 ) ) ;
#2752 = VECTOR ( 'NONE', #2727, 1000.000000000000000 ) ;
#2753 = AXIS2_PLACEMENT_3D ( 'NONE', #1687, #433, #3009 ) ;
#2754 = CARTESIAN_POINT ( 'NONE',  ( 9.895833326362041049, 7.188220673547764505, -3.090962716680367706 ) ) ;
#2755 = CARTESIAN_POINT ( 'NONE',  ( 3.049999999999999822, -3.939999999999999947, 2.029999999999999805 ) ) ;
#2756 = VECTOR ( 'NONE', #554, 1000.000000000000000 ) ;
#2757 = ORIENTED_EDGE ( 'NONE', *, *, #817, .T. ) ;
#2758 = AXIS2_PLACEMENT_3D ( 'NONE', #538, #2448, #2054 ) ;
#2759 = VECTOR ( 'NONE', #130, 1000.000000000000000 ) ;
#2760 = CARTESIAN_POINT ( 'NONE',  ( 11.59999999999999964, 6.360000000000001208, -2.699999999999999289 ) ) ;
#2761 = VECTOR ( 'NONE', #183, 1000.000000000000000 ) ;
#2762 = LINE ( 'NONE', #836, #1570 ) ;
#2763 = CARTESIAN_POINT ( 'NONE',  ( 10.14583332636204105, 5.531779326452235246, 3.090962716680367706 ) ) ;
#2764 = CARTESIAN_POINT ( 'NONE',  ( 9.154166659695372132, 5.507180168905804862, -3.182765824055378445 ) ) ;
#2765 = VECTOR ( 'NONE', #3687, 1000.000000000000000 ) ;
#2766 = ORIENTED_EDGE ( 'NONE', *, *, #697, .F. ) ;
#2767 = EDGE_CURVE ( 'NONE', #1510, #3886, #625, .T. ) ;
#2768 = CARTESIAN_POINT ( 'NONE',  ( 35.75096679918780751, 6.360000000000000320, 3.200000000000000178 ) ) ;
#2769 = DIRECTION ( 'NONE',  ( 1.000000000000000000, -0.0000000000000000000, -0.0000000000000000000 ) ) ;
#2770 = CARTESIAN_POINT ( 'NONE',  ( 7.654166659695373021, 5.507180168905804862, -3.182765824055378889 ) ) ;
#2771 = CARTESIAN_POINT ( 'NONE',  ( 2.029999999999999805, -3.939999999999999947, 3.049999999999999822 ) ) ;
#2772 = EDGE_CURVE ( 'NONE', #3149, #3717, #3896, .T. ) ;
#2773 = ADVANCED_FACE ( 'NONE', ( #1208, #3745 ), #1588, .T. ) ;
#2774 = CARTESIAN_POINT ( 'NONE',  ( 0.0000000000000000000, 0.0000000000000000000, 0.0000000000000000000 ) ) ;
#2775 = DIRECTION ( 'NONE',  ( 0.0000000000000000000, 0.0000000000000000000, 1.000000000000000000 ) ) ;
#2776 = CARTESIAN_POINT ( 'NONE',  ( 9.553301569605096688, 6.410000000000001030, -0.3194360939872948890 ) ) ;
#2777 = ORIENTED_EDGE ( 'NONE', *, *, #1993, .F. ) ;
#2778 = DIRECTION ( 'NONE',  ( -1.000000000000000000, 0.0000000000000000000, 0.0000000000000000000 ) ) ;
#2779 = CARTESIAN_POINT ( 'NONE',  ( 2.029999999999999805, -3.939999999999999947, -2.029999999999999805 ) ) ;
#2780 = CARTESIAN_POINT ( 'NONE',  ( 7.154166659695373021, 5.507180168905804862, -3.182765824055378889 ) ) ;
#2781 = EDGE_CURVE ( 'NONE', #1730, #413, #4084, .T. ) ;
#2782 = DIRECTION ( 'NONE',  ( 0.0000000000000000000, 0.0000000000000000000, 1.000000000000000000 ) ) ;
#2783 = ORIENTED_EDGE ( 'NONE', *, *, #382, .T. ) ;
#2784 = CARTESIAN_POINT ( 'NONE',  ( 0.0000000000000000000, 0.0000000000000000000, 0.0000000000000000000 ) ) ;
#2785 = LINE ( 'NONE', #583, #1895 ) ;
#2786 = CARTESIAN_POINT ( 'NONE',  ( 7.745833326362040694, 5.531779326452234358, 3.090962716680367706 ) ) ;
#2787 = CARTESIAN_POINT ( 'NONE',  ( 9.112499993028707834, 4.342207097714918085, -2.017792548752169068 ) ) ;
#2788 = CARTESIAN_POINT ( 'NONE',  ( 9.529999999999999361, 6.410000000000001030, 0.4974937185533100381 ) ) ;
#2789 = CARTESIAN_POINT ( 'NONE',  ( 8.737499993028707834, 8.689946142381772987, -2.329946550606417421 ) ) ;
#2790 = CARTESIAN_POINT ( 'NONE',  ( 9.375734920505484737, 6.359999999999999432, -3.199999999999998845 ) ) ;
#2791 = FACE_OUTER_BOUND ( 'NONE', #2991, .T. ) ;
#2792 = CARTESIAN_POINT ( 'NONE',  ( 3.500000000000003109, 6.360000000000001208, 2.800000000000000266 ) ) ;
#2793 = VERTEX_POINT ( 'NONE', #1871 ) ;
#2794 = SURFACE_STYLE_USAGE ( .BOTH. , #23 ) ;
#2795 = CARTESIAN_POINT ( 'NONE',  ( 6.599999999999998757, 6.410000000000001030, -0.2958039891549808509 ) ) ;
#2796 = CARTESIAN_POINT ( 'NONE',  ( 7.362499993028706946, 8.377792902285083443, 2.017792548752170401 ) ) ;
#2797 = CARTESIAN_POINT ( 'NONE',  ( 8.687499993028707124, 3.747211169921727869, 2.612789287859151433 ) ) ;
#2798 = VERTEX_POINT ( 'NONE', #1851 ) ;
#2799 = ADVANCED_FACE ( 'NONE', ( #82 ), #1393, .T. ) ;
#2800 = ADVANCED_FACE ( 'NONE', ( #1688 ), #1374, .T. ) ;
#2801 = DIRECTION ( 'NONE',  ( 0.0000000000000000000, 0.0000000000000000000, -1.000000000000000000 ) ) ;
#2802 = DIRECTION ( 'NONE',  ( -0.0000000000000000000, -0.0000000000000000000, 1.000000000000000000 ) ) ;
#2803 = CARTESIAN_POINT ( 'NONE',  ( 6.704166659695373731, 7.316347482982742179, 3.569136145501583979 ) ) ;
#2804 = CARTESIAN_POINT ( 'NONE',  ( 10.23749999302870606, 8.689946142381774763, -2.329946550606417865 ) ) ;
#2805 = FACE_OUTER_BOUND ( 'NONE', #1760, .T. ) ;
#2806 = CARTESIAN_POINT ( 'NONE',  ( 9.599999999999999645, 6.310000000000000497, -0.4270831300812555908 ) ) ;
#2807 = CARTESIAN_POINT ( 'NONE',  ( 8.904166659695372132, 7.212819831094197554, 3.182765824055378889 ) ) ;
#2808 = CARTESIAN_POINT ( 'NONE',  ( 7.162499993028706768, 8.622741898021878626, 2.262741501572007596 ) ) ;
#2809 = CARTESIAN_POINT ( 'NONE',  ( 0.0000000000000000000, 0.0000000000000000000, 0.0000000000000000000 ) ) ;
#2810 = ORIENTED_EDGE ( 'NONE', *, *, #590, .F. ) ;
#2811 = DIRECTION ( 'NONE',  ( 0.0000000000000000000, -1.000000000000000000, 0.0000000000000000000 ) ) ;
#2812 = CARTESIAN_POINT ( 'NONE',  ( 7.404166659695373021, 7.212819831094197554, 3.182765824055378889 ) ) ;
#2813 = CARTESIAN_POINT ( 'NONE',  ( 8.895833326362041049, 7.188220673547764505, -3.090962716680367706 ) ) ;
#2814 = DIRECTION ( 'NONE',  ( 0.0000000000000000000, 0.0000000000000000000, -1.000000000000000000 ) ) ;
#2815 = ORIENTED_EDGE ( 'NONE', *, *, #751, .F. ) ;
#2816 = VECTOR ( 'NONE', #1592, 1000.000000000000000 ) ;
#2817 = AXIS2_PLACEMENT_3D ( 'NONE', #612, #3751, #1212 ) ;
#2818 = AXIS2_PLACEMENT_3D ( 'NONE', #167, #2366, #3097 ) ;
#2819 = ADVANCED_FACE ( 'NONE', ( #1712, #1667 ), #2337, .T. ) ;
#2820 = AXIS2_PLACEMENT_3D ( 'NONE', #3967, #2015, #2953 ) ;
#2821 = CARTESIAN_POINT ( 'NONE',  ( 9.409999999999998366, 6.360000000000001208, 0.0000000000000000000 ) ) ;
#2822 = EDGE_CURVE ( 'NONE', #175, #1745, #1008, .T. ) ;
#2823 = DIRECTION ( 'NONE',  ( 0.7071067811865606734, 0.0000000000000000000, -0.7071067811865343611 ) ) ;
#2824 = CARTESIAN_POINT ( 'NONE',  ( 7.245833326362039806, 5.531779326452234358, 3.090962716680367706 ) ) ;
#2825 = AXIS2_PLACEMENT_3D ( 'NONE', #3547, #1352, #105 ) ;
#2826 = ADVANCED_FACE ( 'NONE', ( #2915 ), #2893, .F. ) ;
#2827 = VECTOR ( 'NONE', #1556, 1000.000000000000000 ) ;
#2828 = CIRCLE ( 'NONE', #2965, 10.30000000000000071 ) ;
#2829 = CARTESIAN_POINT ( 'NONE',  ( -3.500000000000000000, 9.860000000000001208, 3.500000000000000000 ) ) ;
#2830 = CARTESIAN_POINT ( 'NONE',  ( 10.73633212896276845, 5.938712150315944349, 3.199999999999999734 ) ) ;
#2831 = CARTESIAN_POINT ( 'NONE',  ( 8.945833326362039983, 5.621436844356212603, 2.756356187330898155 ) ) ;
#2832 = CARTESIAN_POINT ( 'NONE',  ( 8.145833326362039273, 5.531779326452235246, 3.090962716680367706 ) ) ;
#2833 = CIRCLE ( 'NONE', #921, 2.699999999999999289 ) ;
#2834 = VERTEX_POINT ( 'NONE', #2260 ) ;
#2835 = DIRECTION ( 'NONE',  ( -1.000000000000000000, -0.0000000000000000000, -0.0000000000000000000 ) ) ;
#2836 = COLOUR_RGB ( '',0.9686274509803921573, 0.8784313725490195957, 0.5999999999999999778 ) ;
#2837 = CARTESIAN_POINT ( 'NONE',  ( -3.049999999999999822, -3.939999999999999947, 2.029999999999999805 ) ) ;
#2838 = VERTEX_POINT ( 'NONE', #2637 ) ;
#2839 =( BOUNDED_CURVE ( )  B_SPLINE_CURVE ( 2, ( #1295, #3509, #2832, #1893, #673, #22, #3448, #3787, #1544 ),
 .UNSPECIFIED., .F., .T. ) 
 B_SPLINE_CURVE_WITH_KNOTS ( ( 3, 2, 2, 2, 3 ),
 ( 0.3124277831353657886, 0.3166666666666666519, 0.3333333333333333148, 0.3499999999999999778, 0.3624277831353657775 ),
 .UNSPECIFIED. ) 
 CURVE ( )  GEOMETRIC_REPRESENTATION_ITEM ( )  RATIONAL_B_SPLINE_CURVE ( ( 0.9491840436463323538, 0.9659258374293504534, 1.000000000000000000, 0.8660254037844387076, 1.000000000000000000, 0.8660254037844387076, 1.000000000000000000, 0.9000995663550882542, 0.9491840436463323538 ) ) 
 REPRESENTATION_ITEM ( '' )  );
#2840 = DIRECTION ( 'NONE',  ( 1.000000000000000000, -0.0000000000000000000, -0.0000000000000000000 ) ) ;
#2841 = CARTESIAN_POINT ( 'NONE',  ( 9.487499993028707834, 4.030053857618227653, 2.329946550606417421 ) ) ;
#2842 = CARTESIAN_POINT ( 'NONE',  ( 8.979166659695374975, 9.450962571569643700, -0.8282212151083626628 ) ) ;
#2843 = ORIENTED_EDGE ( 'NONE', *, *, #506, .T. ) ;
#2844 = ORIENTED_EDGE ( 'NONE', *, *, #820, .T. ) ;
#2845 = CARTESIAN_POINT ( 'NONE',  ( -2.029999999999999361, 0.5000000000000000000, -3.500000000000000000 ) ) ;
#2846 = ORIENTED_EDGE ( 'NONE', *, *, #3339, .T. ) ;
#2847 = CARTESIAN_POINT ( 'NONE',  ( 9.125734920505488290, 6.359999999999996767, 3.199999999999999289 ) ) ;
#2848 = CARTESIAN_POINT ( 'NONE',  ( 6.745833326362040694, 5.531779326452234358, 3.090962716680367706 ) ) ;
#2849 = EDGE_CURVE ( 'NONE', #749, #389, #2306, .T. ) ;
#2850 = ADVANCED_FACE ( 'NONE', ( #3901 ), #779, .T. ) ;
#2851 = CARTESIAN_POINT ( 'NONE',  ( 11.59999999999999964, 6.360000000000001208, 2.699999999999999289 ) ) ;
#2852 = DIRECTION ( 'NONE',  ( 0.0000000000000000000, 0.0000000000000000000, 1.000000000000000000 ) ) ;
#2853 = EDGE_CURVE ( 'NONE', #744, #3895, #44, .T. ) ;
#2854 = ADVANCED_FACE ( 'NONE', ( #1319 ), #372, .T. ) ;
#2855 = DIRECTION ( 'NONE',  ( -1.000000000000000000, 0.0000000000000000000, -0.0000000000000000000 ) ) ;
#2856 = CARTESIAN_POINT ( 'NONE',  ( 9.399999999999998579, 6.360000000000001208, -2.299999999999998934 ) ) ;
#2857 = VERTEX_POINT ( 'NONE', #1335 ) ;
#2858 = DIRECTION ( 'NONE',  ( 0.0000000000000000000, 0.0000000000000000000, -1.000000000000000000 ) ) ;
#2859 = CARTESIAN_POINT ( 'NONE',  ( 9.070833326362041760, 3.177234026524031307, -0.8528192734489608018 ) ) ;
#2860 = CARTESIAN_POINT ( 'NONE',  ( 6.999999999999998224, 6.256199040977060477, -3.155783057958933213 ) ) ;
#2861 = CARTESIAN_POINT ( 'NONE',  ( 11.10000000000000142, 3.413556674855555251, 0.2587772645595696752 ) ) ;
#2862 = ORIENTED_EDGE ( 'NONE', *, *, #1992, .T. ) ;
#2863 = LINE ( 'NONE', #2845, #1834 ) ;
#2864 = VERTEX_POINT ( 'NONE', #758 ) ;
#2865 = CARTESIAN_POINT ( 'NONE',  ( -3.500000000000000000, 2.860000000000000764, 3.500000000000000000 ) ) ;
#2866 = CARTESIAN_POINT ( 'NONE',  ( 6.787499993028705880, 3.747211169921726981, 2.612789287859151433 ) ) ;
#2867 = LINE ( 'NONE', #671, #2283 ) ;
#2868 = EDGE_CURVE ( 'NONE', #3453, #3852, #1135, .T. ) ;
#2869 = CARTESIAN_POINT ( 'NONE',  ( 5.399999999999998579, 6.360000000000000320, -3.199999999999999734 ) ) ;
#2870 = LINE ( 'NONE', #3569, #3288 ) ;
#2871 = EDGE_CURVE ( 'NONE', #157, #2019, #411, .T. ) ;
#2872 = EDGE_CURVE ( 'NONE', #1973, #1502, #1949, .T. ) ;
#2873 = ORIENTED_EDGE ( 'NONE', *, *, #1964, .F. ) ;
#2874 = SURFACE_STYLE_FILL_AREA ( #1613 ) ;
#2875 = CARTESIAN_POINT ( 'NONE',  ( 3.049999999999999822, -3.939999999999999947, 3.049999999999999822 ) ) ;
#2876 = ORIENTED_EDGE ( 'NONE', *, *, #3220, .T. ) ;
#2877 = EDGE_CURVE ( 'NONE', #1745, #144, #3954, .T. ) ;
#2878 = LINE ( 'NONE', #3574, #3749 ) ;
#2879 = CARTESIAN_POINT ( 'NONE',  ( 9.779166659695373909, 9.116356057928870271, -0.7385636385787300862 ) ) ;
#2880 = CARTESIAN_POINT ( 'NONE',  ( 6.999999999999972466, 3.645514974910579742, 1.010438057912824261 ) ) ;
#2881 = CARTESIAN_POINT ( 'NONE',  ( 11.09999999999999254, 3.850507334221876743, -1.399158086196228501 ) ) ;
#2882 = ORIENTED_EDGE ( 'NONE', *, *, #1397, .F. ) ;
#2883 = ORIENTED_EDGE ( 'NONE', *, *, #3683, .T. ) ;
#2884 = CARTESIAN_POINT ( 'NONE',  ( -3.500000000000000000, 0.0000000000000000000, 2.029999999999999805 ) ) ;
#2885 = AXIS2_PLACEMENT_3D ( 'NONE', #3080, #1486, #1898 ) ;
#2886 = EDGE_LOOP ( 'NONE', ( #3649, #2883, #1571, #2900 ) ) ;
#2887 = FACE_OUTER_BOUND ( 'NONE', #2886, .T. ) ;
#2888 = CARTESIAN_POINT ( 'NONE',  ( 8.120833326362040694, 9.929136313061015073, 0.9563468576424304368 ) ) ;
#2889 = VECTOR ( 'NONE', #1401, 1000.000000000000000 ) ;
#2890 = CIRCLE ( 'NONE', #3279, 2.800000000000002043 ) ;
#2891 = CARTESIAN_POINT ( 'NONE',  ( 3.049999999999999822, 0.0000000000000000000, 2.029999999999999805 ) ) ;
#2892 = CIRCLE ( 'NONE', #1100, 0.6350000000000000089 ) ;
#2893 = PLANE ( 'NONE',  #2295 ) ;
#2894 = CARTESIAN_POINT ( 'NONE',  ( 10.32083332636203821, 9.542765973475969332, 0.8528192734489598026 ) ) ;
#2895 = AXIS2_PLACEMENT_3D ( 'NONE', #2934, #2954, #3843 ) ;
#2896 = VECTOR ( 'NONE', #2326, 1000.000000000000000 ) ;
#2897 = ORIENTED_EDGE ( 'NONE', *, *, #3738, .F. ) ;
#2898 = CARTESIAN_POINT ( 'NONE',  ( 7.692393285699465899, 7.685483563808822360, 3.199999999999999289 ) ) ;
#2899 = LINE ( 'NONE', #1356, #3942 ) ;
#2900 = ORIENTED_EDGE ( 'NONE', *, *, #1075, .T. ) ;
#2901 = CARTESIAN_POINT ( 'NONE',  ( 3.500000000000000000, 0.5000000000000000000, -2.029999999999999805 ) ) ;
#2902 = CARTESIAN_POINT ( 'NONE',  ( 8.695833326362039983, 7.098563155643788036, -2.756356187330898599 ) ) ;
#2903 = EDGE_CURVE ( 'NONE', #3668, #3453, #3123, .T. ) ;
#2904 = VECTOR ( 'NONE', #788, 1000.000000000000000 ) ;
#2905 = CARTESIAN_POINT ( 'NONE',  ( 11.27083332636204105, 2.790863686938985566, -0.9563468576424304368 ) ) ;
#2906 = CARTESIAN_POINT ( 'NONE',  ( 0.0000000000000000000, 0.5000000000000000000, -2.199999999999998845 ) ) ;
#2907 = EDGE_LOOP ( 'NONE', ( #2678, #3008, #667, #613 ) ) ;
#2908 = ORIENTED_EDGE ( 'NONE', *, *, #2461, .T. ) ;
#2909 = EDGE_CURVE ( 'NONE', #742, #1502, #2268, .T. ) ;
#2910 = DIRECTION ( 'NONE',  ( 0.0000000000000000000, 0.0000000000000000000, -1.000000000000000000 ) ) ;
#2911 = ORIENTED_EDGE ( 'NONE', *, *, #534, .F. ) ;
#2912 = CARTESIAN_POINT ( 'NONE',  ( -3.500000000000000000, 9.860000000000001208, -3.500000000000000000 ) ) ;
#2913 = CARTESIAN_POINT ( 'NONE',  ( 8.079166659695372843, 9.450962571569643700, -0.8282212151083622187 ) ) ;
#2914 = DIRECTION ( 'NONE',  ( -0.0000000000000000000, 1.000000000000000000, -0.0000000000000000000 ) ) ;
#2915 = FACE_OUTER_BOUND ( 'NONE', #2330, .T. ) ;
#2916 = CARTESIAN_POINT ( 'NONE',  ( 10.36249999302870606, 8.377792902285083443, 2.017792548752170401 ) ) ;
#2917 = ORIENTED_EDGE ( 'NONE', *, *, #3788, .T. ) ;
#2918 = DIRECTION ( 'NONE',  ( -1.000000000000000000, -0.0000000000000000000, -0.0000000000000000000 ) ) ;
#2919 = CARTESIAN_POINT ( 'NONE',  ( 0.0000000000000000000, -3.740000000000001101, 0.6350000000000000089 ) ) ;
#2920 = ORIENTED_EDGE ( 'NONE', *, *, #4066, .F. ) ;
#2921 = FACE_OUTER_BOUND ( 'NONE', #1247, .T. ) ;
#2922 = CARTESIAN_POINT ( 'NONE',  ( 8.820833326362039983, 9.542765973475969332, 0.8528192734489598026 ) ) ;
#2923 = CARTESIAN_POINT ( 'NONE',  ( 35.75096679918780751, 6.360000000000000320, 0.0000000000000000000 ) ) ;
#2924 = CARTESIAN_POINT ( 'NONE',  ( 8.995833326362038918, 7.188220673547764505, -3.090962716680367706 ) ) ;
#2925 = ORIENTED_EDGE ( 'NONE', *, *, #2114, .F. ) ;
#2926 = ORIENTED_EDGE ( 'NONE', *, *, #512, .F. ) ;
#2927 = ADVANCED_FACE ( 'NONE', ( #2675 ), #40, .F. ) ;
#2928 = VERTEX_POINT ( 'NONE', #3376 ) ;
#2929 = ADVANCED_FACE ( 'NONE', ( #1786 ), #885, .F. ) ;
#2930 = EDGE_LOOP ( 'NONE', ( #3534, #188, #1554, #3310, #1405, #635 ) ) ;
#2931 = CARTESIAN_POINT ( 'NONE',  ( 6.999999999999999112, 9.559866947228533363, 0.02918081620417635816 ) ) ;
#2932 = CARTESIAN_POINT ( 'NONE',  ( 8.037499993028708545, 8.972788830078274103, -2.612789287859152321 ) ) ;
#2933 = CARTESIAN_POINT ( 'NONE',  ( 3.049999999999999822, -3.939999999999999947, -2.029999999999999805 ) ) ;
#2934 = CARTESIAN_POINT ( 'NONE',  ( 35.75096679918780751, 6.360000000000000320, 0.0000000000000000000 ) ) ;
#2935 = CARTESIAN_POINT ( 'NONE',  ( 10.40416665969537569, 7.212819831094197554, 3.182765824055378889 ) ) ;
#2936 = VERTEX_POINT ( 'NONE', #187 ) ;
#2937 = CARTESIAN_POINT ( 'NONE',  ( 7.537499993028709433, 8.972788830078272326, -2.612789287859152321 ) ) ;
#2938 = LINE ( 'NONE', #2622, #832 ) ;
#2939 = ORIENTED_EDGE ( 'NONE', *, *, #2401, .F. ) ;
#2940 = CARTESIAN_POINT ( 'NONE',  ( 9.530000000000010019, 6.410000000000001030, -0.2958039891549856804 ) ) ;
#2941 = DIRECTION ( 'NONE',  ( 0.0000000000000000000, -0.0000000000000000000, -1.000000000000000000 ) ) ;
#2942 = CARTESIAN_POINT ( 'NONE',  ( 8.770833326362041049, 2.790863686938986010, -0.9563468576424304368 ) ) ;
#2943 = CARTESIAN_POINT ( 'NONE',  ( 11.56249999302870890, 8.622741898021878626, 2.262741501572007596 ) ) ;
#2944 = CARTESIAN_POINT ( 'NONE',  ( 7.375734920505487402, 6.360000000000001208, -3.199999999999998401 ) ) ;
#2945 = ORIENTED_EDGE ( 'NONE', *, *, #1683, .F. ) ;
#2946 = VERTEX_POINT ( 'NONE', #3700 ) ;
#2947 = SURFACE_STYLE_FILL_AREA ( #2694 ) ;
#2948 = VERTEX_POINT ( 'NONE', #1104 ) ;
#2949 = DIRECTION ( 'NONE',  ( 1.000000000000000000, 0.0000000000000000000, 0.0000000000000000000 ) ) ;
#2950 = CARTESIAN_POINT ( 'NONE',  ( 9.704166659695372843, 7.316347482982742179, 3.569136145501583979 ) ) ;
#2951 = EDGE_CURVE ( 'NONE', #960, #26, #102, .T. ) ;
#2952 = AXIS2_PLACEMENT_3D ( 'NONE', #3493, #658, #1300 ) ;
#2953 = DIRECTION ( 'NONE',  ( 0.0000000000000000000, 0.0000000000000000000, -1.000000000000000000 ) ) ;
#2954 = DIRECTION ( 'NONE',  ( -1.000000000000000000, -0.0000000000000000000, -0.0000000000000000000 ) ) ;
#2955 = CARTESIAN_POINT ( 'NONE',  ( 8.487499993028706058, 4.030053857618228541, 2.329946550606417421 ) ) ;
#2956 = VECTOR ( 'NONE', #3468, 1000.000000000000000 ) ;
#2957 = CONICAL_SURFACE ( 'NONE', #566, 3.199999999999999734, 0.7853981633974428389 ) ;
#2958 = CIRCLE ( 'NONE', #1165, 2.699999999999999289 ) ;
#2959 = ORIENTED_EDGE ( 'NONE', *, *, #310, .T. ) ;
#2960 = ORIENTED_EDGE ( 'NONE', *, *, #1754, .T. ) ;
#2961 = FACE_BOUND ( 'NONE', #2578, .T. ) ;
#2962 = DIRECTION ( 'NONE',  ( 0.0000000000000000000, 0.0000000000000000000, -1.000000000000000000 ) ) ;
#2963 = CARTESIAN_POINT ( 'NONE',  ( 10.98749999302870606, 4.030053857618227653, 2.329946550606417421 ) ) ;
#2964 = AXIS2_PLACEMENT_3D ( 'NONE', #1869, #1910, #19 ) ;
#2965 = AXIS2_PLACEMENT_3D ( 'NONE', #3642, #456, #1399 ) ;
#2966 = CARTESIAN_POINT ( 'NONE',  ( 2.029999999999999805, 0.0000000000000000000, -3.049999999999999822 ) ) ;
#2967 = AXIS2_PLACEMENT_3D ( 'NONE', #1492, #3328, #3064 ) ;
#2968 = CARTESIAN_POINT ( 'NONE',  ( 9.037499993028706768, 8.972788830078272326, -2.612789287859152321 ) ) ;
#2969 = ORIENTED_EDGE ( 'NONE', *, *, #951, .F. ) ;
#2970 = VERTEX_POINT ( 'NONE', #798 ) ;
#2971 = CARTESIAN_POINT ( 'NONE',  ( 6.895833326362040161, 7.188220673547764505, -3.090962716680367706 ) ) ;
#2972 = CARTESIAN_POINT ( 'NONE',  ( 10.57916665969537462, 9.450962571569643700, -0.8282212151083626628 ) ) ;
#2973 = ORIENTED_EDGE ( 'NONE', *, *, #404, .F. ) ;
#2974 = DIRECTION ( 'NONE',  ( 0.0000000000000000000, 0.0000000000000000000, -1.000000000000000000 ) ) ;
#2975 = CARTESIAN_POINT ( 'NONE',  ( 8.870833326362038918, 2.790863686938985566, -0.9563468576424313250 ) ) ;
#2976 = LINE ( 'NONE', #1538, #2756 ) ;
#2977 = DIRECTION ( 'NONE',  ( -1.000000000000000000, -0.0000000000000000000, -0.0000000000000000000 ) ) ;
#2978 = CARTESIAN_POINT ( 'NONE',  ( 6.862499993028706946, 8.377792902285083443, 2.017792548752169512 ) ) ;
#2979 = ORIENTED_EDGE ( 'NONE', *, *, #4064, .F. ) ;
#2980 = ORIENTED_EDGE ( 'NONE', *, *, #2401, .T. ) ;
#2981 = ADVANCED_FACE ( 'NONE', ( #3653, #2994 ), #3010, .T. ) ;
#2982 = FACE_OUTER_BOUND ( 'NONE', #2664, .T. ) ;
#2983 = EDGE_CURVE ( 'NONE', #1324, #386, #4031, .T. ) ;
#2984 = CARTESIAN_POINT ( 'NONE',  ( 9.399999999999998579, 6.310000000000000497, 0.4974937185533099271 ) ) ;
#2985 = CARTESIAN_POINT ( 'NONE',  ( 7.000000000000000888, 6.360000000000001208, 0.0000000000000000000 ) ) ;
#2986 = CARTESIAN_POINT ( 'NONE',  ( 10.72573492050548793, 6.360000000000002984, 3.199999999999999289 ) ) ;
#2987 = ORIENTED_EDGE ( 'NONE', *, *, #4, .T. ) ;
#2988 = ORIENTED_EDGE ( 'NONE', *, *, #3457, .T. ) ;
#2989 = CARTESIAN_POINT ( 'NONE',  ( 10.94583332636203998, 5.621436844356212603, 2.756356187330897711 ) ) ;
#2990 = VERTEX_POINT ( 'NONE', #1604 ) ;
#2991 = EDGE_LOOP ( 'NONE', ( #3467, #3190, #2557, #2429, #675, #1741 ) ) ;
#2992 = CARTESIAN_POINT ( 'NONE',  ( 10.78749999302870677, 3.747211169921726981, 2.612789287859151433 ) ) ;
#2993 = DIRECTION ( 'NONE',  ( 0.0000000000000000000, 0.0000000000000000000, -1.000000000000000000 ) ) ;
#2994 = FACE_OUTER_BOUND ( 'NONE', #3327, .T. ) ;
#2995 = CARTESIAN_POINT ( 'NONE',  ( 8.029166659695373909, 3.603643942071131256, 0.7385636385787287539 ) ) ;
#2996 = ORIENTED_EDGE ( 'NONE', *, *, #3428, .T. ) ;
#2997 = ORIENTED_EDGE ( 'NONE', *, *, #723, .F. ) ;
#2998 = ADVANCED_FACE ( 'NONE', ( #2154 ), #3742, .T. ) ;
#2999 = CARTESIAN_POINT ( 'NONE',  ( 9.409999999999998366, 6.360000000000001208, 0.2999999999999999889 ) ) ;
#3000 = CARTESIAN_POINT ( 'NONE',  ( -3.049999999999999378, -3.939999999999999947, -2.030000000000000249 ) ) ;
#3001 = CARTESIAN_POINT ( 'NONE',  ( 9.375734920505486514, 6.359999999999999432, -3.199999999999998845 ) ) ;
#3002 = ADVANCED_FACE ( 'NONE', ( #2468 ), #287, .T. ) ;
#3003 = DIRECTION ( 'NONE',  ( -0.7071067811865474617, 0.0000000000000000000, 0.7071067811865475727 ) ) ;
#3004 = LINE ( 'NONE', #1574, #3939 ) ;
#3005 = CARTESIAN_POINT ( 'NONE',  ( 11.02916665969537213, 3.603643942071131256, 0.7385636385787287539 ) ) ;
#3006 = ORIENTED_EDGE ( 'NONE', *, *, #387, .F. ) ;
#3007 =( LENGTH_UNIT ( ) NAMED_UNIT ( * ) SI_UNIT ( .MILLI., .METRE. ) );
#3008 = ORIENTED_EDGE ( 'NONE', *, *, #498, .T. ) ;
#3009 = DIRECTION ( 'NONE',  ( 0.0000000000000000000, 0.0000000000000000000, -1.000000000000000000 ) ) ;
#3010 = PLANE ( 'NONE',  #1500 ) ;
#3011 = CARTESIAN_POINT ( 'NONE',  ( 6.737499993028706058, 8.689946142381774763, -2.329946550606417865 ) ) ;
#3012 = VERTEX_POINT ( 'NONE', #1824 ) ;
#3013 = ORIENTED_EDGE ( 'NONE', *, *, #2042, .F. ) ;
#3014 = CARTESIAN_POINT ( 'NONE',  ( 11.59999999999999964, 6.360000000000001208, 0.0000000000000000000 ) ) ;
#3015 = AXIS2_PLACEMENT_3D ( 'NONE', #3014, #761, #455 ) ;
#3016 = LINE ( 'NONE', #3380, #1498 ) ;
#3017 = CARTESIAN_POINT ( 'NONE',  ( 10.22573492050548793, 6.360000000000002984, 3.199999999999999289 ) ) ;
#3018 = CARTESIAN_POINT ( 'NONE',  ( 8.912499993028706768, 4.097258101978122902, -2.262741501572007152 ) ) ;
#3019 = CIRCLE ( 'NONE', #1229, 2.629999999999998561 ) ;
#3020 = CARTESIAN_POINT ( 'NONE',  ( 11.09999999999999787, 6.360000000000001208, -2.699999999999999289 ) ) ;
#3021 = VERTEX_POINT ( 'NONE', #1539 ) ;
#3022 = DIRECTION ( 'NONE',  ( 0.0000000000000000000, 0.0000000000000000000, 1.000000000000000000 ) ) ;
#3023 = ADVANCED_FACE ( 'NONE', ( #1517 ), #1562, .F. ) ;
#3024 = AXIS2_PLACEMENT_3D ( 'NONE', #3223, #3832, #2579 ) ;
#3025 = CARTESIAN_POINT ( 'NONE',  ( 7.520833326362041049, 9.929136313061015073, 0.9563468576424295486 ) ) ;
#3026 = ORIENTED_EDGE ( 'NONE', *, *, #2909, .F. ) ;
#3027 = CARTESIAN_POINT ( 'NONE',  ( -3.500000000000000000, 0.0000000000000000000, 3.500000000000000000 ) ) ;
#3028 = ORIENTED_EDGE ( 'NONE', *, *, #2258, .T. ) ;
#3029 = VECTOR ( 'NONE', #2129, 1000.000000000000000 ) ;
#3030 = CIRCLE ( 'NONE', #1772, 0.3699999999999953326 ) ;
#3031 = CYLINDRICAL_SURFACE ( 'NONE', #630, 0.5000000000000001110 ) ;
#3032 = DIRECTION ( 'NONE',  ( 0.0000000000000000000, 0.0000000000000000000, -1.000000000000000000 ) ) ;
#3033 = CARTESIAN_POINT ( 'NONE',  ( 8.112499993028706058, 4.342207097714918085, -2.017792548752169068 ) ) ;
#3034 = ORIENTED_EDGE ( 'NONE', *, *, #1423, .F. ) ;
#3035 = CARTESIAN_POINT ( 'NONE',  ( 35.75096679918780751, 6.360000000000000320, 0.0000000000000000000 ) ) ;
#3036 = CARTESIAN_POINT ( 'NONE',  ( 11.07916665969537284, 9.450962571569643700, -0.8282212151083626628 ) ) ;
#3037 = CARTESIAN_POINT ( 'NONE',  ( 7.320833326362040872, 9.542765973475969332, 0.8528192734489598026 ) ) ;
#3038 = PLANE ( 'NONE',  #776 ) ;
#3039 = DIRECTION ( 'NONE',  ( 0.0000000000000000000, -1.000000000000000000, 0.0000000000000000000 ) ) ;
#3040 = APPLICATION_PROTOCOL_DEFINITION ( 'draft international standard', 'automotive_design', 1998, #943 ) ;
#3041 = EDGE_LOOP ( 'NONE', ( #3930, #2302, #3979, #194 ) ) ;
#3042 = VERTEX_POINT ( 'NONE', #114 ) ;
#3043 = CARTESIAN_POINT ( 'NONE',  ( 2.029999999999999805, 0.0000000000000000000, -3.500000000000000000 ) ) ;
#3044 = CARTESIAN_POINT ( 'NONE',  ( 10.98749999302870606, 4.030053857618228541, 2.329946550606417421 ) ) ;
#3045 = ORIENTED_EDGE ( 'NONE', *, *, #3127, .F. ) ;
#3046 = CARTESIAN_POINT ( 'NONE',  ( 9.530000000000006466, 6.410000000000001030, 0.2958039891549808509 ) ) ;
#3047 = ORIENTED_EDGE ( 'NONE', *, *, #2211, .T. ) ;
#3048 = EDGE_CURVE ( 'NONE', #143, #420, #2291, .T. ) ;
#3049 = ADVANCED_FACE ( 'NONE', ( #457 ), #1733, .T. ) ;
#3050 = DIRECTION ( 'NONE',  ( 0.0000000000000000000, 0.0000000000000000000, -1.000000000000000000 ) ) ;
#3051 = CARTESIAN_POINT ( 'NONE',  ( 3.500000000000000000, 0.0000000000000000000, 0.0000000000000000000 ) ) ;
#3052 = EDGE_LOOP ( 'NONE', ( #813, #2394, #2734, #917 ) ) ;
#3053 = LINE ( 'NONE', #4034, #3213 ) ;
#3054 = LINE ( 'NONE', #1520, #232 ) ;
#3055 = LINE ( 'NONE', #1417, #1764 ) ;
#3056 = DIRECTION ( 'NONE',  ( 0.0000000000000000000, 0.0000000000000000000, -1.000000000000000000 ) ) ;
#3057 = CARTESIAN_POINT ( 'NONE',  ( 2.029999999999999805, -3.939999999999999947, 3.049999999999999822 ) ) ;
#3058 = ORIENTED_EDGE ( 'NONE', *, *, #2182, .T. ) ;
#3059 = CARTESIAN_POINT ( 'NONE',  ( 10.12573492050548829, 6.359999999999996767, 3.199999999999999289 ) ) ;
#3060 = DIRECTION ( 'NONE',  ( -1.000000000000000000, -0.0000000000000000000, -0.0000000000000000000 ) ) ;
#3061 = CARTESIAN_POINT ( 'NONE',  ( 7.779166659695373909, 9.116356057928870271, -0.7385636385787300862 ) ) ;
#3062 = CARTESIAN_POINT ( 'NONE',  ( 10.72916665969537320, 3.269037428430357384, 0.8282212151083604423 ) ) ;
#3063 = VERTEX_POINT ( 'NONE', #3001 ) ;
#3064 = DIRECTION ( 'NONE',  ( 0.0000000000000000000, 0.0000000000000000000, -1.000000000000000000 ) ) ;
#3065 = ORIENTED_EDGE ( 'NONE', *, *, #1885, .T. ) ;
#3066 = CARTESIAN_POINT ( 'NONE',  ( 8.412499993028706768, 4.097258101978122902, -2.262741501572007152 ) ) ;
#3067 = CARTESIAN_POINT ( 'NONE',  ( 9.576677911009959132, 6.410000000000001030, -0.4505645030491103320 ) ) ;
#3068 = CARTESIAN_POINT ( 'NONE',  ( 0.0000000000000000000, 0.6999999999999999556, 0.0000000000000000000 ) ) ;
#3069 = CARTESIAN_POINT ( 'NONE',  ( 9.070833326362041760, 3.177234026524031307, -0.8528192734489599136 ) ) ;
#3070 = EDGE_CURVE ( 'NONE', #1366, #379, #3518, .T. ) ;
#3071 = EDGE_CURVE ( 'NONE', #379, #1078, #2248, .T. ) ;
#3072 = ORIENTED_EDGE ( 'NONE', *, *, #3604, .T. ) ;
#3073 = DIRECTION ( 'NONE',  ( -1.000000000000000000, 0.0000000000000000000, 0.0000000000000000000 ) ) ;
#3074 = CARTESIAN_POINT ( 'NONE',  ( 0.0000000000000000000, 0.0000000000000000000, 3.500000000000000000 ) ) ;
#3075 = CARTESIAN_POINT ( 'NONE',  ( 8.362499993028706058, 8.377792902285083443, 2.017792548752170401 ) ) ;
#3076 = EDGE_CURVE ( 'NONE', #3283, #237, #2011, .T. ) ;
#3077 = CARTESIAN_POINT ( 'NONE',  ( 8.829166659695374619, 3.269037428430357384, 0.8282212151083604423 ) ) ;
#3078 = CONICAL_SURFACE ( 'NONE', #3015, 2.629999999999998561, 0.7853981633974482790 ) ;
#3079 = DIRECTION ( 'NONE',  ( 0.0000000000000000000, 0.0000000000000000000, -1.000000000000000000 ) ) ;
#3080 = CARTESIAN_POINT ( 'NONE',  ( 9.599999999999999645, 6.360000000000001208, 0.0000000000000000000 ) ) ;
#3081 = CARTESIAN_POINT ( 'NONE',  ( 8.375734920505484737, 6.360000000000001208, -3.199999999999998401 ) ) ;
#3082 = CARTESIAN_POINT ( 'NONE',  ( 8.029166659695373909, 3.603643942071130368, 0.7385636385787283098 ) ) ;
#3083 = VECTOR ( 'NONE', #2408, 1000.000000000000000 ) ;
#3084 = VECTOR ( 'NONE', #20, 1000.000000000000000 ) ;
#3085 = CARTESIAN_POINT ( 'NONE',  ( 9.687499993028707124, 3.747211169921727869, 2.612789287859151433 ) ) ;
#3086 = VECTOR ( 'NONE', #2100, 1000.000000000000000 ) ;
#3087 = LINE ( 'NONE', #1758, #3029 ) ;
#3088 = VECTOR ( 'NONE', #1134, 1000.000000000000000 ) ;
#3089 = VERTEX_POINT ( 'NONE', #3643 ) ;
#3090 = VECTOR ( 'NONE', #2977, 1000.000000000000000 ) ;
#3091 = CARTESIAN_POINT ( 'NONE',  ( 0.0000000000000000000, 0.5000000000000000000, 0.0000000000000000000 ) ) ;
#3092 = CIRCLE ( 'NONE', #496, 0.5000000000000001110 ) ;
#3093 = DIRECTION ( 'NONE',  ( 0.0000000000000000000, 0.0000000000000000000, 1.000000000000000000 ) ) ;
#3094 = CARTESIAN_POINT ( 'NONE',  ( 6.454166659695373731, 5.403652517017258461, -3.569136145501583979 ) ) ;
#3095 = CARTESIAN_POINT ( 'NONE',  ( 10.32083332636203821, 9.542765973475969332, 0.8528192734489589144 ) ) ;
#3096 = CARTESIAN_POINT ( 'NONE',  ( -3.500000000000000000, 0.0000000000000000000, 3.500000000000000000 ) ) ;
#3097 = DIRECTION ( 'NONE',  ( 0.0000000000000000000, 0.0000000000000000000, -1.000000000000000000 ) ) ;
#3098 = CARTESIAN_POINT ( 'NONE',  ( 8.529166659695372132, 3.603643942071130368, 0.7385636385787283098 ) ) ;
#3099 =( BOUNDED_CURVE ( )  B_SPLINE_CURVE ( 2, ( #3628, #1096, #1367, #3584, #2972, #3603, #793, #120, #2670 ),
 .UNSPECIFIED., .F., .F. ) 
 B_SPLINE_CURVE_WITH_KNOTS ( ( 3, 2, 2, 2, 3 ),
 ( 0.8624277831353658330, 0.8666666666666666963, 0.8833333333333333037, 0.9000000000000000222, 0.9124277831353657664 ),
 .UNSPECIFIED. ) 
 CURVE ( )  GEOMETRIC_REPRESENTATION_ITEM ( )  RATIONAL_B_SPLINE_CURVE ( ( 0.9491840436463323538, 0.9659258374293505645, 1.000000000000000000, 0.8660254037844387076, 1.000000000000000000, 0.8660254037844387076, 1.000000000000000000, 0.9000995663550883652, 0.9491840436463321318 ) ) 
 REPRESENTATION_ITEM ( '' )  );
#3100 = CARTESIAN_POINT ( 'NONE',  ( -3.049999999999999822, -3.939999999999999947, 3.049999999999999822 ) ) ;
#3101 = EDGE_CURVE ( 'NONE', #1078, #3539, #3255, .T. ) ;
#3102 = DIRECTION ( 'NONE',  ( 0.0000000000000000000, 0.0000000000000000000, -1.000000000000000000 ) ) ;
#3103 = DIRECTION ( 'NONE',  ( 1.000000000000000000, -0.0000000000000000000, 0.0000000000000000000 ) ) ;
#3104 = DIRECTION ( 'NONE',  ( -1.000000000000000000, -0.0000000000000000000, -0.0000000000000000000 ) ) ;
#3105 = ORIENTED_EDGE ( 'NONE', *, *, #2868, .F. ) ;
#3106 = DIRECTION ( 'NONE',  ( 1.000000000000000000, 0.0000000000000000000, 0.0000000000000000000 ) ) ;
#3107 = CARTESIAN_POINT ( 'NONE',  ( -3.049999999999999378, -3.939999999999999947, -2.030000000000000249 ) ) ;
#3108 = CARTESIAN_POINT ( 'NONE',  ( 7.237499993028707834, 8.689946142381774763, -2.329946550606417865 ) ) ;
#3109 = CARTESIAN_POINT ( 'NONE',  ( 9.395833326362041049, 7.188220673547764505, -3.090962716680367706 ) ) ;
#3110 = CARTESIAN_POINT ( 'NONE',  ( 7.829166659695372843, 3.269037428430357384, 0.8282212151083604423 ) ) ;
#3111 = DIRECTION ( 'NONE',  ( -1.000000000000000000, 0.0000000000000000000, 0.0000000000000000000 ) ) ;
#3112 = LINE ( 'NONE', #268, #100 ) ;
#3113 = CARTESIAN_POINT ( 'NONE',  ( 6.662499993028706768, 8.622741898021878626, 2.262741501572008485 ) ) ;
#3114 = CARTESIAN_POINT ( 'NONE',  ( 10.02916665969537391, 3.603643942071131256, 0.7385636385787287539 ) ) ;
#3115 = PLANE ( 'NONE',  #1033 ) ;
#3116 = DIRECTION ( 'NONE',  ( 0.0000000000000000000, 0.0000000000000000000, 1.000000000000000000 ) ) ;
#3117 = CARTESIAN_POINT ( 'NONE',  ( 9.195833326362039983, 7.098563155643788036, -2.756356187330898599 ) ) ;
#3118 = FACE_OUTER_BOUND ( 'NONE', #1957, .T. ) ;
#3119 = ADVANCED_FACE ( 'NONE', ( #1695 ), #2163, .F. ) ;
#3120 = CARTESIAN_POINT ( 'NONE',  ( 5.399999999999998579, 6.360000000000001208, 3.199999999999999734 ) ) ;
#3121 = FACE_BOUND ( 'NONE', #1446, .T. ) ;
#3122 = ORIENTED_EDGE ( 'NONE', *, *, #3631, .T. ) ;
#3123 =( BOUNDED_CURVE ( )  B_SPLINE_CURVE ( 2, ( #4004, #203, #3394, #1143, #1727, #2719, #3357, #3635, #1475 ),
 .UNSPECIFIED., .F., .F. ) 
 B_SPLINE_CURVE_WITH_KNOTS ( ( 3, 2, 2, 2, 3 ),
 ( 0.6624277831353657664, 0.6666666666666666297, 0.6833333333333333481, 0.6999999999999999556, 0.7124277831353658108 ),
 .UNSPECIFIED. ) 
 CURVE ( )  GEOMETRIC_REPRESENTATION_ITEM ( )  RATIONAL_B_SPLINE_CURVE ( ( 0.9491840436463321318, 0.9659258374293503424, 1.000000000000000000, 0.8660254037844387076, 1.000000000000000000, 0.8660254037844387076, 1.000000000000000000, 0.9000995663550881432, 0.9491840436463323538 ) ) 
 REPRESENTATION_ITEM ( '' )  );
#3124 = CARTESIAN_POINT ( 'NONE',  ( 11.09999999999999787, 9.559866947228535139, 0.02918081620412977042 ) ) ;
#3125 = CARTESIAN_POINT ( 'NONE',  ( 7.320833326362040872, 9.542765973475969332, 0.8528192734489598026 ) ) ;
#3126 = EDGE_CURVE ( 'NONE', #2857, #750, #1460, .T. ) ;
#3127 = EDGE_CURVE ( 'NONE', #2051, #414, #2672, .T. ) ;
#3128 = CARTESIAN_POINT ( 'NONE',  ( 10.47916665969537320, 9.450962571569643700, -0.8282212151083626628 ) ) ;
#3129 = CARTESIAN_POINT ( 'NONE',  ( 11.09999999999999432, 3.804410589212382732, 1.610212223213491445 ) ) ;
#3130 = ORIENTED_EDGE ( 'NONE', *, *, #528, .F. ) ;
#3131 = EDGE_CURVE ( 'NONE', #53, #1118, #1434, .T. ) ;
#3132 = CARTESIAN_POINT ( 'NONE',  ( 11.09999999999999787, 9.033928953904595716, -1.627047777387723881 ) ) ;
#3133 = CARTESIAN_POINT ( 'NONE',  ( 9.599999999999999645, 6.410000000000001030, -0.4270831300812557019 ) ) ;
#3134 = CARTESIAN_POINT ( 'NONE',  ( 6.412499993028707657, 4.097258101978122902, -2.262741501572008040 ) ) ;
#3135 = CARTESIAN_POINT ( 'NONE',  ( 7.000000000000000888, 7.362459203995130430, -3.038926709271785320 ) ) ;
#3136 = DIRECTION ( 'NONE',  ( -1.000000000000000000, 0.0000000000000000000, 0.0000000000000000000 ) ) ;
#3137 = CARTESIAN_POINT ( 'NONE',  ( 8.695833326362039983, 7.098563155643788036, -2.756356187330898599 ) ) ;
#3138 = ORIENTED_EDGE ( 'NONE', *, *, #2636, .T. ) ;
#3139 = LINE ( 'NONE', #546, #3212 ) ;
#3140 = DIRECTION ( 'NONE',  ( 1.000000000000000000, 0.0000000000000000000, 0.0000000000000000000 ) ) ;
#3141 = CARTESIAN_POINT ( 'NONE',  ( 7.437499993028708900, 8.972788830078272326, -2.612789287859152321 ) ) ;
#3142 = ORIENTED_EDGE ( 'NONE', *, *, #552, .T. ) ;
#3143 = DIRECTION ( 'NONE',  ( 0.0000000000000000000, -1.000000000000000000, -0.0000000000000000000 ) ) ;
#3144 = CARTESIAN_POINT ( 'NONE',  ( 9.945833326362039983, 5.621436844356212603, 2.756356187330898155 ) ) ;
#3145 = EDGE_CURVE ( 'NONE', #1094, #143, #3822, .T. ) ;
#3146 = AXIS2_PLACEMENT_3D ( 'NONE', #3923, #1692, #415 ) ;
#3147 = CARTESIAN_POINT ( 'NONE',  ( 10.84239328569946537, 5.034516436191182720, -3.199999999999999289 ) ) ;
#3148 = ADVANCED_FACE ( 'NONE', ( #1792 ), #3038, .F. ) ;
#3149 = VERTEX_POINT ( 'NONE', #3706 ) ;
#3150 = PRESENTATION_LAYER_ASSIGNMENT (  '', '', ( #833 ) ) ;
#3151 = AXIS2_PLACEMENT_3D ( 'NONE', #894, #2143, #3406 ) ;
#3152 = CYLINDRICAL_SURFACE ( 'NONE', #500, 3.200000000000000178 ) ;
#3153 = EDGE_LOOP ( 'NONE', ( #2960, #1580, #2476, #3814, #2301, #1427, #1795, #1621 ) ) ;
#3154 = CARTESIAN_POINT ( 'NONE',  ( -2.029999999999999805, 0.0000000000000000000, 3.049999999999999822 ) ) ;
#3155 = CARTESIAN_POINT ( 'NONE',  ( 7.912499993028707657, 4.097258101978122902, -2.262741501572008040 ) ) ;
#3156 = AXIS2_PLACEMENT_3D ( 'NONE', #2040, #1650, #3589 ) ;
#3157 = CIRCLE ( 'NONE', #305, 0.5000000000000001110 ) ;
#3158 = CARTESIAN_POINT ( 'NONE',  ( 5.399999999999998579, 6.360000000000001208, 0.0000000000000000000 ) ) ;
#3159 = CARTESIAN_POINT ( 'NONE',  ( 9.576640974222968339, 6.310000000000000497, 0.3430307779774416921 ) ) ;
#3160 = CARTESIAN_POINT ( 'NONE',  ( 9.487499993028706058, 4.030053857618227653, 2.329946550606416977 ) ) ;
#3161 = CARTESIAN_POINT ( 'NONE',  ( 2.029999999999999805, 0.5000000000000000000, -2.029999999999999805 ) ) ;
#3162 = VECTOR ( 'NONE', #2233, 1000.000000000000000 ) ;
#3163 = CARTESIAN_POINT ( 'NONE',  ( 7.725734920505487935, 6.359999999999998543, 3.199999999999998401 ) ) ;
#3164 = CARTESIAN_POINT ( 'NONE',  ( 2.029999999999999805, -3.939999999999999947, -2.029999999999999805 ) ) ;
#3165 = ORIENTED_EDGE ( 'NONE', *, *, #1553, .T. ) ;
#3166 = CARTESIAN_POINT ( 'NONE',  ( -3.500000000000000000, 0.5000000000000000000, -2.029999999999999805 ) ) ;
#3167 = CARTESIAN_POINT ( 'NONE',  ( 9.529166659695373909, 3.603643942071130368, 0.7385636385787283098 ) ) ;
#3168 = CARTESIAN_POINT ( 'NONE',  ( 7.000000000000003553, 3.655352356503340339, -1.316233671226898494 ) ) ;
#3169 = CARTESIAN_POINT ( 'NONE',  ( 10.72916665969537320, 3.269037428430357384, 0.8282212151083604423 ) ) ;
#3170 = ORIENTED_EDGE ( 'NONE', *, *, #2376, .F. ) ;
#3171 = VERTEX_POINT ( 'NONE', #3338 ) ;
#3172 = CARTESIAN_POINT ( 'NONE',  ( 9.312499993028707124, 4.097258101978122902, -2.262741501572007152 ) ) ;
#3173 = CARTESIAN_POINT ( 'NONE',  ( 6.495833326362039806, 7.188220673547766282, -3.090962716680368594 ) ) ;
#3174 = EDGE_CURVE ( 'NONE', #960, #324, #2726, .T. ) ;
#3175 = FACE_OUTER_BOUND ( 'NONE', #84, .T. ) ;
#3176 = FACE_OUTER_BOUND ( 'NONE', #3308, .T. ) ;
#3177 = CARTESIAN_POINT ( 'NONE',  ( -3.049999999999999378, -3.939999999999999947, -2.030000000000000249 ) ) ;
#3178 = FACE_BOUND ( 'NONE', #2596, .T. ) ;
#3179 = EDGE_LOOP ( 'NONE', ( #57, #1201, #1410 ) ) ;
#3180 = CARTESIAN_POINT ( 'NONE',  ( -3.049999999999999378, -0.0000000000000000000, -2.030000000000000249 ) ) ;
#3181 = DIRECTION ( 'NONE',  ( 0.0000000000000000000, 0.0000000000000000000, -1.000000000000000000 ) ) ;
#3182 = EDGE_LOOP ( 'NONE', ( #2657, #1345, #1641, #3329 ) ) ;
#3183 = LINE ( 'NONE', #2266, #715 ) ;
#3184 = CARTESIAN_POINT ( 'NONE',  ( 10.90416665969537391, 7.212819831094197554, 3.182765824055378889 ) ) ;
#3185 = CARTESIAN_POINT ( 'NONE',  ( 7.000000000000002665, 3.438687403878288418, 0.2456320964925154948 ) ) ;
#3186 = CARTESIAN_POINT ( 'NONE',  ( 11.09999999999999787, 4.162769542280312152, 2.133710220778573419 ) ) ;
#3187 = ORIENTED_EDGE ( 'NONE', *, *, #3986, .F. ) ;
#3188 = ORIENTED_EDGE ( 'NONE', *, *, #800, .T. ) ;
#3189 = CARTESIAN_POINT ( 'NONE',  ( 6.599999999999998757, 6.360000000000001208, -0.2999999999999999889 ) ) ;
#3190 = ORIENTED_EDGE ( 'NONE', *, *, #1222, .T. ) ;
#3191 = CARTESIAN_POINT ( 'NONE',  ( -3.500000000000000000, 1.700000000000000178, 3.500000000000000000 ) ) ;
#3192 = CARTESIAN_POINT ( 'NONE',  ( 9.245833326362040694, 5.531779326452234358, 3.090962716680367706 ) ) ;
#3193 = EDGE_CURVE ( 'NONE', #2235, #3929, #3728, .T. ) ;
#3194 = CARTESIAN_POINT ( 'NONE',  ( 2.694222958124175527E-16, 0.5000000000000000000, 2.199999999999998845 ) ) ;
#3195 = CARTESIAN_POINT ( 'NONE',  ( 3.500000000000000000, 0.5000000000000004441, 3.500000000000000000 ) ) ;
#3196 = CARTESIAN_POINT ( 'NONE',  ( 10.38633212896276703, 6.781287849684060731, -3.199999999999998401 ) ) ;
#3197 = CARTESIAN_POINT ( 'NONE',  ( 7.192393285699466787, 7.685483563808822360, 3.199999999999999289 ) ) ;
#3198 = EDGE_CURVE ( 'NONE', #3562, #1357, #3346, .T. ) ;
#3199 = CARTESIAN_POINT ( 'NONE',  ( 4.041334437186265510E-16, 0.0000000000000000000, 3.299999999999999822 ) ) ;
#3200 = LINE ( 'NONE', #3240, #2082 ) ;
#3201 = ADVANCED_FACE ( 'NONE', ( #3382 ), #840, .F. ) ;
#3202 = ORIENTED_EDGE ( 'NONE', *, *, #1606, .T. ) ;
#3203 = CARTESIAN_POINT ( 'NONE',  ( 2.029999999999999805, -3.939999999999999947, 3.049999999999999822 ) ) ;
#3204 = CARTESIAN_POINT ( 'NONE',  ( 8.987499993028707834, 4.030053857618227653, 2.329946550606417421 ) ) ;
#3205 = FACE_OUTER_BOUND ( 'NONE', #3837, .T. ) ;
#3206 = CARTESIAN_POINT ( 'NONE',  ( 10.64583332636204105, 5.531779326452235246, 3.090962716680367706 ) ) ;
#3207 = VERTEX_POINT ( 'NONE', #169 ) ;
#3208 = AXIS2_PLACEMENT_3D ( 'NONE', #3107, #2205, #2497 ) ;
#3209 = ORIENTED_EDGE ( 'NONE', *, *, #3131, .F. ) ;
#3210 = CARTESIAN_POINT ( 'NONE',  ( -3.500000000000000000, 9.860000000000001208, 3.500000000000000000 ) ) ;
#3211 = CARTESIAN_POINT ( 'NONE',  ( 8.787499993028706768, 3.747211169921726981, 2.612789287859151433 ) ) ;
#3212 = VECTOR ( 'NONE', #2835, 1000.000000000000000 ) ;
#3213 = VECTOR ( 'NONE', #1230, 1000.000000000000000 ) ;
#3214 = CARTESIAN_POINT ( 'NONE',  ( 7.812499993028707124, 4.097258101978122902, -2.262741501572007152 ) ) ;
#3215 = VECTOR ( 'NONE', #1549, 1000.000000000000000 ) ;
#3216 = CARTESIAN_POINT ( 'NONE',  ( 11.59999999999999964, 6.360000000000001208, 0.0000000000000000000 ) ) ;
#3217 = CARTESIAN_POINT ( 'NONE',  ( 10.69583332636203998, 7.098563155643788036, -2.756356187330898599 ) ) ;
#3218 = AXIS2_PLACEMENT_3D ( 'NONE', #398, #1673, #2941 ) ;
#3219 = CARTESIAN_POINT ( 'NONE',  ( 7.495833326362039806, 7.188220673547764505, -3.090962716680367706 ) ) ;
#3220 = EDGE_CURVE ( 'NONE', #3063, #1970, #2398, .T. ) ;
#3221 = FACE_OUTER_BOUND ( 'NONE', #460, .T. ) ;
#3222 = ORIENTED_EDGE ( 'NONE', *, *, #1802, .F. ) ;
#3223 = CARTESIAN_POINT ( 'NONE',  ( 9.409999999999998366, 6.360000000000001208, 0.0000000000000000000 ) ) ;
#3224 = VECTOR ( 'NONE', #1886, 1000.000000000000000 ) ;
#3225 = CARTESIAN_POINT ( 'NONE',  ( 8.529166659695372132, 3.603643942071130368, 0.7385636385787283098 ) ) ;
#3226 = CONICAL_SURFACE ( 'NONE', #1443, 0.4350000000000013856, 0.7853981633974480570 ) ;
#3227 = CARTESIAN_POINT ( 'NONE',  ( 7.000000000000003553, 3.795840510878915719, -1.600435091767690388 ) ) ;
#3228 = CARTESIAN_POINT ( 'NONE',  ( 8.986332128962766674, 6.781287849684057178, -3.199999999999999734 ) ) ;
#3229 = ORIENTED_EDGE ( 'NONE', *, *, #3772, .F. ) ;
#3230 = ORIENTED_EDGE ( 'NONE', *, *, #3145, .F. ) ;
#3231 = CARTESIAN_POINT ( 'NONE',  ( 9.770833326362041049, 2.790863686938986010, -0.9563468576424304368 ) ) ;
#3232 = ORIENTED_EDGE ( 'NONE', *, *, #1002, .F. ) ;
#3233 = LINE ( 'NONE', #3997, #1433 ) ;
#3234 = CARTESIAN_POINT ( 'NONE',  ( 9.120833326362038918, 9.929136313061015073, 0.9563468576424304368 ) ) ;
#3235 = PLANE ( 'NONE',  #562 ) ;
#3236 = CARTESIAN_POINT ( 'NONE',  ( 3.500000000000000000, 9.860000000000001208, 3.500000000000000000 ) ) ;
#3237 = CARTESIAN_POINT ( 'NONE',  ( 10.44583332636203998, 5.621436844356212603, 2.756356187330898155 ) ) ;
#3238 = ORIENTED_EDGE ( 'NONE', *, *, #2380, .T. ) ;
#3239 = CARTESIAN_POINT ( 'NONE',  ( 7.032991499480113262, 9.547935446056293074, 1.337547791436502154 ) ) ;
#3240 = CARTESIAN_POINT ( 'NONE',  ( 9.409999999999998366, 6.410000000000001030, 1.000000000000014433 ) ) ;
#3241 = VERTEX_POINT ( 'NONE', #254 ) ;
#3242 = CARTESIAN_POINT ( 'NONE',  ( 0.0000000000000000000, 1.699999999999999956, 0.0000000000000000000 ) ) ;
#3243 = CARTESIAN_POINT ( 'NONE',  ( 7.225734920505486159, 6.359999999999998543, 3.199999999999998401 ) ) ;
#3244 = EDGE_CURVE ( 'NONE', #2339, #5, #2090, .T. ) ;
#3245 = B_SPLINE_CURVE_WITH_KNOTS ( 'NONE', 3,
 ( #3441, #1204, #2446, #2465, #2115, #3720, #3739, #4067, #267, #835, #3987, #2484, #903, #3419, #582, #3132, #883, #2133, #514, #1803, #2397, #1846, #3392, #221 ),
 .UNSPECIFIED., .F., .F.,
 ( 4, 2, 2, 2, 2, 2, 2, 2, 2, 2, 2, 4 ),
 ( 2.040720800622466362E-17, 0.0009554167246406091839, 0.001433125086960904343, 0.001910833449281199720, 0.002866250173921788304, 0.003821666898562377322, 0.004777083623202966339, 0.005732500347843554923, 0.006210208710163849649, 0.006687917072484143508, 0.007165625434804438233, 0.007643333797124732959 ),
 .UNSPECIFIED. ) ;
#3246 = CARTESIAN_POINT ( 'NONE',  ( 7.229166659695374086, 3.269037428430357384, 0.8282212151083604423 ) ) ;
#3247 = ORIENTED_EDGE ( 'NONE', *, *, #498, .F. ) ;
#3248 = ORIENTED_EDGE ( 'NONE', *, *, #1807, .T. ) ;
#3249 = ADVANCED_FACE ( 'NONE', ( #192 ), #845, .F. ) ;
#3250 = ADVANCED_FACE ( 'NONE', ( #3178, #3828 ), #628, .F. ) ;
#3251 = CARTESIAN_POINT ( 'NONE',  ( 9.842393285699467143, 5.034516436191180055, -3.199999999999997513 ) ) ;
#3252 = EDGE_LOOP ( 'NONE', ( #3792, #2262 ) ) ;
#3253 = CARTESIAN_POINT ( 'NONE',  ( 11.06249999302870712, 8.622741898021878626, 2.262741501572007596 ) ) ;
#3254 = ADVANCED_FACE ( 'NONE', ( #950 ), #2493, .T. ) ;
#3255 =( BOUNDED_CURVE ( )  B_SPLINE_CURVE ( 2, ( #806, #2061, #3575, #3265, #131, #1400, #3322, #1749, #746 ),
 .UNSPECIFIED., .F., .F. ) 
 B_SPLINE_CURVE_WITH_KNOTS ( ( 3, 2, 2, 2, 3 ),
 ( 0.4624277831353658108, 0.4666666666666666741, 0.4833333333333333370, 0.5000000000000000000, 0.5124277831353658552 ),
 .UNSPECIFIED. ) 
 CURVE ( )  GEOMETRIC_REPRESENTATION_ITEM ( )  RATIONAL_B_SPLINE_CURVE ( ( 0.9491840436463323538, 0.9659258374293504534, 1.000000000000000000, 0.8660254037844387076, 1.000000000000000000, 0.8660254037844387076, 1.000000000000000000, 0.9000995663550881432, 0.9491840436463323538 ) ) 
 REPRESENTATION_ITEM ( '' )  );
#3256 = CARTESIAN_POINT ( 'NONE',  ( 8.537499993028706768, 8.972788830078274103, -2.612789287859152321 ) ) ;
#3257 = FACE_BOUND ( 'NONE', #3318, .T. ) ;
#3258 = CARTESIAN_POINT ( 'NONE',  ( 9.912499993028706768, 4.097258101978122902, -2.262741501572007152 ) ) ;
#3259 = LINE ( 'NONE', #1913, #2032 ) ;
#3260 = ORIENTED_EDGE ( 'NONE', *, *, #534, .T. ) ;
#3261 = ORIENTED_EDGE ( 'NONE', *, *, #1862, .F. ) ;
#3262 = CARTESIAN_POINT ( 'NONE',  ( 10.22573492050548793, 6.360000000000002984, 3.199999999999999289 ) ) ;
#3263 = ORIENTED_EDGE ( 'NONE', *, *, #1606, .F. ) ;
#3264 = CARTESIAN_POINT ( 'NONE',  ( 11.59999999999999964, 6.360000000000001208, -2.699999999999999289 ) ) ;
#3265 = CARTESIAN_POINT ( 'NONE',  ( 8.937499993028707124, 8.972788830078272326, -2.612789287859152321 ) ) ;
#3266 = CARTESIAN_POINT ( 'NONE',  ( 9.599999999999999645, 6.310000000000000497, 0.3666060555964624212 ) ) ;
#3267 = FACE_OUTER_BOUND ( 'NONE', #3656, .T. ) ;
#3268 = VERTEX_POINT ( 'NONE', #2243 ) ;
#3269 = ORIENTED_EDGE ( 'NONE', *, *, #1220, .F. ) ;
#3270 = CARTESIAN_POINT ( 'NONE',  ( 9.687499993028707124, 3.747211169921727869, 2.612789287859151433 ) ) ;
#3271 = ORIENTED_EDGE ( 'NONE', *, *, #3323, .F. ) ;
#3272 = PLANE ( 'NONE',  #4015 ) ;
#3273 = CARTESIAN_POINT ( 'NONE',  ( 9.370833326362040694, 2.790863686938985566, -0.9563468576424313250 ) ) ;
#3274 = EDGE_CURVE ( 'NONE', #3870, #1366, #2839, .T. ) ;
#3275 =( BOUNDED_CURVE ( )  B_SPLINE_CURVE ( 2, ( #277, #869, #916, #1195, #3775, #4018, #1177, #2456, #1263 ),
 .UNSPECIFIED., .F., .T. ) 
 B_SPLINE_CURVE_WITH_KNOTS ( ( 3, 2, 2, 2, 3 ),
 ( 0.7624277831353658552, 0.7666666666666667185, 0.7833333333333333259, 0.8000000000000000444, 0.8124277831353657886 ),
 .UNSPECIFIED. ) 
 CURVE ( )  GEOMETRIC_REPRESENTATION_ITEM ( )  RATIONAL_B_SPLINE_CURVE ( ( 0.9491840436463323538, 0.9659258374293505645, 1.000000000000000000, 0.8660254037844387076, 1.000000000000000000, 0.8660254037844387076, 1.000000000000000000, 0.9000995663550883652, 0.9491840436463321318 ) ) 
 REPRESENTATION_ITEM ( '' )  );
#3276 = DIRECTION ( 'NONE',  ( 0.0000000000000000000, 0.0000000000000000000, -1.000000000000000000 ) ) ;
#3277 = DIRECTION ( 'NONE',  ( 0.0000000000000000000, 0.0000000000000000000, -1.000000000000000000 ) ) ;
#3278 = CARTESIAN_POINT ( 'NONE',  ( 6.779166659695373909, 9.116356057928870271, -0.7385636385787305302 ) ) ;
#3279 = AXIS2_PLACEMENT_3D ( 'NONE', #3506, #2593, #717 ) ;
#3280 = AXIS2_PLACEMENT_3D ( 'NONE', #2674, #2321, #1711 ) ;
#3281 = ORIENTED_EDGE ( 'NONE', *, *, #2741, .T. ) ;
#3282 = B_SPLINE_CURVE_WITH_KNOTS ( 'NONE', 3,
 ( #651, #2544, #2589, #1004 ),
 .UNSPECIFIED., .F., .F.,
 ( 4, 4 ),
 ( 0.0008518558709665644902, 0.0009511415743330006115 ),
 .UNSPECIFIED. ) ;
#3283 = VERTEX_POINT ( 'NONE', #656 ) ;
#3284 = FACE_OUTER_BOUND ( 'NONE', #1311, .T. ) ;
#3285 = CARTESIAN_POINT ( 'NONE',  ( 10.47573492050548616, 6.360000000000005649, -3.199999999999998845 ) ) ;
#3286 = CARTESIAN_POINT ( 'NONE',  ( 10.94583332636203998, 5.621436844356212603, 2.756356187330898155 ) ) ;
#3287 = VECTOR ( 'NONE', #211, 1000.000000000000000 ) ;
#3288 = VECTOR ( 'NONE', #2, 1000.000000000000000 ) ;
#3289 = LINE ( 'NONE', #1444, #1629 ) ;
#3290 = VECTOR ( 'NONE', #3482, 1000.000000000000000 ) ;
#3291 = CARTESIAN_POINT ( 'NONE',  ( 2.029999999999999805, -3.939999999999999947, 2.029999999999999805 ) ) ;
#3292 = ORIENTED_EDGE ( 'NONE', *, *, #151, .T. ) ;
#3293 = CARTESIAN_POINT ( 'NONE',  ( 10.77916665969537391, 9.116356057928870271, -0.7385636385787305302 ) ) ;
#3294 = ORIENTED_EDGE ( 'NONE', *, *, #2181, .T. ) ;
#3295 = CARTESIAN_POINT ( 'NONE',  ( 10.74583332636204069, 5.531779326452234358, 3.090962716680367706 ) ) ;
#3296 = EDGE_CURVE ( 'NONE', #483, #3283, #2116, .T. ) ;
#3297 = CARTESIAN_POINT ( 'NONE',  ( 6.599999999999998757, 6.360000000000001208, 0.0000000000000000000 ) ) ;
#3298 = DIRECTION ( 'NONE',  ( -1.000000000000000000, -0.0000000000000000000, -0.0000000000000000000 ) ) ;
#3299 = CARTESIAN_POINT ( 'NONE',  ( 6.945833326362039983, 5.621436844356212603, 2.756356187330897711 ) ) ;
#3300 = ADVANCED_FACE ( 'NONE', ( #3118 ), #1873, .T. ) ;
#3301 = VERTEX_POINT ( 'NONE', #3161 ) ;
#3302 = ORIENTED_EDGE ( 'NONE', *, *, #1307, .T. ) ;
#3303 = DIRECTION ( 'NONE',  ( 0.7071067811865436870, 0.0000000000000000000, -0.7071067811865513475 ) ) ;
#3304 = DIRECTION ( 'NONE',  ( 0.0000000000000000000, 0.0000000000000000000, -1.000000000000000000 ) ) ;
#3305 = CARTESIAN_POINT ( 'NONE',  ( 9.399999999999998579, 6.360000000000001208, -0.5000000000000001110 ) ) ;
#3306 = DIRECTION ( 'NONE',  ( -1.000000000000000000, -0.0000000000000000000, -0.0000000000000000000 ) ) ;
#3307 = ORIENTED_EDGE ( 'NONE', *, *, #3810, .F. ) ;
#3308 = EDGE_LOOP ( 'NONE', ( #2312, #3269, #198, #1239 ) ) ;
#3309 = CARTESIAN_POINT ( 'NONE',  ( 8.395833326362039273, 7.188220673547764505, -3.090962716680367706 ) ) ;
#3310 = ORIENTED_EDGE ( 'NONE', *, *, #3740, .T. ) ;
#3311 =( NAMED_UNIT ( * ) PLANE_ANGLE_UNIT ( ) SI_UNIT ( $, .RADIAN. ) );
#3312 = VERTEX_POINT ( 'NONE', #4098 ) ;
#3313 = FACE_OUTER_BOUND ( 'NONE', #3052, .T. ) ;
#3314 = FILL_AREA_STYLE ('',( #2362 ) ) ;
#3315 = CARTESIAN_POINT ( 'NONE',  ( 6.612499993028706946, 4.342207097714918085, -2.017792548752169068 ) ) ;
#3316 = EDGE_CURVE ( 'NONE', #1336, #3301, #275, .T. ) ;
#3317 = EDGE_LOOP ( 'NONE', ( #706, #1196, #2920, #2419 ) ) ;
#3318 = EDGE_LOOP ( 'NONE', ( #1018, #2862 ) ) ;
#3319 = LINE ( 'NONE', #1416, #2213 ) ;
#3320 = CARTESIAN_POINT ( 'NONE',  ( 8.037499993028708545, 8.972788830078272326, -2.612789287859152321 ) ) ;
#3321 = DIRECTION ( 'NONE',  ( 0.0000000000000000000, -1.000000000000000000, 0.0000000000000000000 ) ) ;
#3322 = CARTESIAN_POINT ( 'NONE',  ( 9.062499993028707124, 8.622741898021878626, 2.262741501572007596 ) ) ;
#3323 = EDGE_CURVE ( 'NONE', #2171, #2630, #2530, .T. ) ;
#3324 = CARTESIAN_POINT ( 'NONE',  ( 8.537499993028706768, 8.972788830078272326, -2.612789287859152321 ) ) ;
#3325 = LINE ( 'NONE', #3341, #246 ) ;
#3326 = CARTESIAN_POINT ( 'NONE',  ( 7.354166659695373198, 5.403652517017258461, -3.569136145501582646 ) ) ;
#3327 = EDGE_LOOP ( 'NONE', ( #1645, #1463 ) ) ;
#3328 = DIRECTION ( 'NONE',  ( -0.0000000000000000000, -1.000000000000000000, -0.0000000000000000000 ) ) ;
#3329 = ORIENTED_EDGE ( 'NONE', *, *, #3581, .T. ) ;
#3330 = CARTESIAN_POINT ( 'NONE',  ( 10.12573492050548829, 6.359999999999996767, 3.199999999999999289 ) ) ;
#3331 = CARTESIAN_POINT ( 'NONE',  ( 10.13633212896276703, 5.938712150315941685, 3.199999999999998401 ) ) ;
#3332 = CARTESIAN_POINT ( 'NONE',  ( 8.529166659695372132, 3.603643942071131256, 0.7385636385787287539 ) ) ;
#3333 = ORIENTED_EDGE ( 'NONE', *, *, #9, .T. ) ;
#3334 = AXIS2_PLACEMENT_3D ( 'NONE', #892, #915, #3102 ) ;
#3335 = PLANE ( 'NONE',  #703 ) ;
#3336 = CARTESIAN_POINT ( 'NONE',  ( 9.409999999999998366, 6.310000000000000497, -0.2958039891549806844 ) ) ;
#3337 = CARTESIAN_POINT ( 'NONE',  ( 9.530000000000006466, 6.410000000000001030, 0.2958039891549808509 ) ) ;
#3338 = CARTESIAN_POINT ( 'NONE',  ( 5.800000000000000711, 6.360000000000001208, 2.800000000000002043 ) ) ;
#3339 = EDGE_CURVE ( 'NONE', #511, #801, #2510, .T. ) ;
#3340 = CARTESIAN_POINT ( 'NONE',  ( 8.692393285699466787, 7.685483563808818808, 3.200000000000000178 ) ) ;
#3341 = CARTESIAN_POINT ( 'NONE',  ( -3.500000000000000000, 0.5000000000000000000, 2.029999999999999805 ) ) ;
#3342 = VERTEX_POINT ( 'NONE', #1590 ) ;
#3343 = VERTEX_POINT ( 'NONE', #2180 ) ;
#3344 = FACE_OUTER_BOUND ( 'NONE', #3989, .T. ) ;
#3345 = DIRECTION ( 'NONE',  ( 1.000000000000000000, 0.0000000000000000000, 0.0000000000000000000 ) ) ;
#3346 = CIRCLE ( 'NONE', #1569, 3.199999999999999734 ) ;
#3347 = CIRCLE ( 'NONE', #3817, 2.978321675037803651 ) ;
#3348 = EDGE_CURVE ( 'NONE', #3579, #1355, #3804, .T. ) ;
#3349 = CARTESIAN_POINT ( 'NONE',  ( 7.229166659695374086, 3.269037428430357384, 0.8282212151083604423 ) ) ;
#3350 = ORIENTED_EDGE ( 'NONE', *, *, #3244, .F. ) ;
#3351 = CARTESIAN_POINT ( 'NONE',  ( 11.09999999999999787, 6.719968111151585433, 3.166852116292318442 ) ) ;
#3352 = ORIENTED_EDGE ( 'NONE', *, *, #1056, .F. ) ;
#3353 = CIRCLE ( 'NONE', #2427, 3.299999999999999822 ) ;
#3354 = AXIS2_PLACEMENT_3D ( 'NONE', #993, #677, #3140 ) ;
#3355 = DIRECTION ( 'NONE',  ( -0.0000000000000000000, -1.000000000000000000, -0.0000000000000000000 ) ) ;
#3356 = CARTESIAN_POINT ( 'NONE',  ( 9.475734920505487935, 6.359999999999999432, -3.199999999999998845 ) ) ;
#3357 = CARTESIAN_POINT ( 'NONE',  ( 9.662499993028706768, 8.622741898021878626, 2.262741501572007596 ) ) ;
#3358 = CARTESIAN_POINT ( 'NONE',  ( 9.779166659695373909, 9.116356057928870271, -0.7385636385787305302 ) ) ;
#3359 = ORIENTED_EDGE ( 'NONE', *, *, #3396, .F. ) ;
#3360 = DIRECTION ( 'NONE',  ( -1.000000000000000000, -0.0000000000000000000, -0.0000000000000000000 ) ) ;
#3361 = FACE_OUTER_BOUND ( 'NONE', #3450, .T. ) ;
#3362 = CARTESIAN_POINT ( 'NONE',  ( 3.049999999999999822, -3.939999999999999947, -3.049999999999999822 ) ) ;
#3363 = CARTESIAN_POINT ( 'NONE',  ( -2.029999999999999805, 0.5000000000000000000, 3.500000000000000000 ) ) ;
#3364 = LINE ( 'NONE', #592, #629 ) ;
#3365 = ORIENTED_EDGE ( 'NONE', *, *, #1220, .T. ) ;
#3366 = CARTESIAN_POINT ( 'NONE',  ( 10.02083332636204283, 9.929136313061015073, 0.9563468576424295486 ) ) ;
#3367 = CARTESIAN_POINT ( 'NONE',  ( 6.999999999999997335, 5.235196721383059248, 2.725064135502712759 ) ) ;
#3368 = CARTESIAN_POINT ( 'NONE',  ( 6.987499993028706946, 4.030053857618227653, 2.329946550606417421 ) ) ;
#3369 = CARTESIAN_POINT ( 'NONE',  ( 7.979166659695374086, 9.450962571569643700, -0.8282212151083626628 ) ) ;
#3370 = EDGE_LOOP ( 'NONE', ( #1178, #2897 ) ) ;
#3371 = FACE_OUTER_BOUND ( 'NONE', #3983, .T. ) ;
#3372 = ORIENTED_EDGE ( 'NONE', *, *, #1927, .F. ) ;
#3373 = ADVANCED_FACE ( 'NONE', ( #1453 ), #3554, .F. ) ;
#3374 = CARTESIAN_POINT ( 'NONE',  ( 8.225734920505487935, 6.359999999999998543, 3.199999999999998401 ) ) ;
#3375 = DIRECTION ( 'NONE',  ( -1.000000000000000000, 0.0000000000000000000, 0.0000000000000000000 ) ) ;
#3376 = CARTESIAN_POINT ( 'NONE',  ( -3.500000000000000000, 1.700000000000000178, -3.500000000000000000 ) ) ;
#3377 = CARTESIAN_POINT ( 'NONE',  ( 8.737499993028707834, 8.689946142381774763, -2.329946550606417865 ) ) ;
#3378 = ORIENTED_EDGE ( 'NONE', *, *, #1908, .F. ) ;
#3379 = CARTESIAN_POINT ( 'NONE',  ( 7.776507174585692903E-17, -5.736051224213831290, -0.6350000000000000089 ) ) ;
#3380 = CARTESIAN_POINT ( 'NONE',  ( 3.049999999999999822, 0.0000000000000000000, -2.029999999999999805 ) ) ;
#3381 = CARTESIAN_POINT ( 'NONE',  ( 9.945833326362039983, 5.621436844356212603, 2.756356187330898155 ) ) ;
#3382 = FACE_OUTER_BOUND ( 'NONE', #3629, .T. ) ;
#3383 = CARTESIAN_POINT ( 'NONE',  ( 9.599999999999999645, 6.310000000000000497, 0.4270831300812555908 ) ) ;
#3384 = FACE_OUTER_BOUND ( 'NONE', #10, .T. ) ;
#3385 = DIRECTION ( 'NONE',  ( 1.000000000000000000, 0.0000000000000000000, 0.0000000000000000000 ) ) ;
#3386 = LINE ( 'NONE', #261, #567 ) ;
#3387 = CARTESIAN_POINT ( 'NONE',  ( 7.570833326362040872, 3.177234026524031307, -0.8528192734489608018 ) ) ;
#3388 = CARTESIAN_POINT ( 'NONE',  ( 9.854166659695374975, 5.403652517017258461, -3.569136145501582646 ) ) ;
#3389 = EDGE_LOOP ( 'NONE', ( #464, #1015, #1905, #3165, #2253, #3561 ) ) ;
#3390 = EDGE_CURVE ( 'NONE', #2946, #3089, #550, .T. ) ;
#3391 = EDGE_CURVE ( 'NONE', #2110, #3529, #2152, .T. ) ;
#3392 = CARTESIAN_POINT ( 'NONE',  ( 11.10000000000000142, 9.554305892178415860, -0.1318222207931177281 ) ) ;
#3393 = DIRECTION ( 'NONE',  ( 0.0000000000000000000, 0.0000000000000000000, -1.000000000000000000 ) ) ;
#3394 = CARTESIAN_POINT ( 'NONE',  ( 9.495833326362040694, 7.188220673547764505, -3.090962716680367706 ) ) ;
#3395 = CARTESIAN_POINT ( 'NONE',  ( 10.07083332636203998, 3.177234026524031307, -0.8528192734489599136 ) ) ;
#3396 = EDGE_CURVE ( 'NONE', #336, #3886, #536, .T. ) ;
#3397 = VERTEX_POINT ( 'NONE', #1536 ) ;
#3398 = DIRECTION ( 'NONE',  ( -0.0000000000000000000, 1.000000000000000000, -0.0000000000000000000 ) ) ;
#3399 = DIRECTION ( 'NONE',  ( 0.0000000000000000000, 0.0000000000000000000, 1.000000000000000000 ) ) ;
#3400 = CARTESIAN_POINT ( 'NONE',  ( 9.654166659695373909, 5.507180168905804862, -3.182765824055378889 ) ) ;
#3401 = CARTESIAN_POINT ( 'NONE',  ( 8.975734920505486159, 6.359999999999999432, -3.199999999999998845 ) ) ;
#3402 = AXIS2_PLACEMENT_3D ( 'NONE', #4041, #897, #1240 ) ;
#3403 = VECTOR ( 'NONE', #994, 1000.000000000000000 ) ;
#3404 = DIRECTION ( 'NONE',  ( -0.0000000000000000000, -1.000000000000000000, -0.0000000000000000000 ) ) ;
#3405 = DIRECTION ( 'NONE',  ( 0.0000000000000000000, 1.000000000000000000, 0.0000000000000000000 ) ) ;
#3406 = DIRECTION ( 'NONE',  ( 0.0000000000000000000, 0.0000000000000000000, -1.000000000000000000 ) ) ;
#3407 = EDGE_LOOP ( 'NONE', ( #70, #1859, #2844, #2390 ) ) ;
#3408 = CARTESIAN_POINT ( 'NONE',  ( 3.500000000000003109, 6.360000000000001208, -2.800000000000000266 ) ) ;
#3409 = CARTESIAN_POINT ( 'NONE',  ( 7.904166659695373909, 7.212819831094197554, 3.182765824055378889 ) ) ;
#3410 = AXIS2_PLACEMENT_3D ( 'NONE', #824, #3039, #1089 ) ;
#3411 = VECTOR ( 'NONE', #2699, 1000.000000000000000 ) ;
#3412 = CARTESIAN_POINT ( 'NONE',  ( 9.729166659695373198, 3.269037428430357384, 0.8282212151083604423 ) ) ;
#3413 = AXIS2_PLACEMENT_3D ( 'NONE', #1528, #1214, #1487 ) ;
#3414 = DIRECTION ( 'NONE',  ( -1.000000000000000000, -0.0000000000000000000, -0.0000000000000000000 ) ) ;
#3415 = VECTOR ( 'NONE', #668, 1000.000000000000000 ) ;
#3416 = ORIENTED_EDGE ( 'NONE', *, *, #2767, .T. ) ;
#3417 = VECTOR ( 'NONE', #2573, 1000.000000000000000 ) ;
#3418 = CIRCLE ( 'NONE', #1501, 2.299999999999998934 ) ;
#3419 = CARTESIAN_POINT ( 'NONE',  ( 11.09999999999999609, 8.517675451474143955, -2.234193474133088220 ) ) ;
#3420 = AXIS2_PLACEMENT_3D ( 'NONE', #1270, #2567, #2586 ) ;
#3421 = CARTESIAN_POINT ( 'NONE',  ( 9.529999999999999361, 6.410000000000001030, -0.4974937185533101491 ) ) ;
#3422 = CARTESIAN_POINT ( 'NONE',  ( 6.245833326362040694, 5.531779326452234358, 3.090962716680367706 ) ) ;
#3423 = CARTESIAN_POINT ( 'NONE',  ( 9.237499993028707834, 8.689946142381774763, -2.329946550606417865 ) ) ;
#3424 = ADVANCED_FACE ( 'NONE', ( #2172 ), #4029, .T. ) ;
#3425 = PRODUCT_DEFINITION_FORMATION_WITH_SPECIFIED_SOURCE ( 'ANY', '', #2033, .NOT_KNOWN. ) ;
#3426 = EDGE_CURVE ( 'NONE', #595, #1470, #3245, .T. ) ;
#3427 = DIRECTION ( 'NONE',  ( 0.0000000000000000000, 0.0000000000000000000, -1.000000000000000000 ) ) ;
#3428 = EDGE_CURVE ( 'NONE', #2110, #2990, #2423, .T. ) ;
#3429 = DIRECTION ( 'NONE',  ( 0.0000000000000000000, 0.0000000000000000000, -1.000000000000000000 ) ) ;
#3430 = CARTESIAN_POINT ( 'NONE',  ( 8.820833326362039983, 9.542765973475969332, 0.8528192734489598026 ) ) ;
#3431 = CARTESIAN_POINT ( 'NONE',  ( 8.942393285699468564, 5.034516436191180055, -3.199999999999997513 ) ) ;
#3432 = EDGE_CURVE ( 'NONE', #1633, #92, #437, .T. ) ;
#3433 = CARTESIAN_POINT ( 'NONE',  ( 9.530000000000006466, 6.310000000000000497, -0.2958039891549806844 ) ) ;
#3434 = CARTESIAN_POINT ( 'NONE',  ( 9.409999999999998366, 6.360000000000001208, 0.0000000000000000000 ) ) ;
#3435 = ORIENTED_EDGE ( 'NONE', *, *, #178, .F. ) ;
#3436 = DIRECTION ( 'NONE',  ( -1.000000000000000000, 0.0000000000000000000, -0.0000000000000000000 ) ) ;
#3437 = CARTESIAN_POINT ( 'NONE',  ( 7.737499993028706946, 8.689946142381774763, -2.329946550606417865 ) ) ;
#3438 = CARTESIAN_POINT ( 'NONE',  ( 9.979166659695374975, 9.450962571569643700, -0.8282212151083626628 ) ) ;
#3439 = CARTESIAN_POINT ( 'NONE',  ( -3.049999999999999822, -3.939999999999999947, 3.049999999999999822 ) ) ;
#3440 = ORIENTED_EDGE ( 'NONE', *, *, #1880, .F. ) ;
#3441 = CARTESIAN_POINT ( 'NONE',  ( 11.09999999999999787, 4.036481421500841549, -1.656573687368323444 ) ) ;
#3442 = DIRECTION ( 'NONE',  ( -0.0000000000000000000, -1.000000000000000000, -0.0000000000000000000 ) ) ;
#3443 = CARTESIAN_POINT ( 'NONE',  ( 6.370833326362040694, 2.790863686938985566, -0.9563468576424313250 ) ) ;
#3444 = CARTESIAN_POINT ( 'NONE',  ( 9.820833326362038207, 9.542765973475969332, 0.8528192734489589144 ) ) ;
#3445 = CARTESIAN_POINT ( 'NONE',  ( 9.599999999999999645, 6.360000000000001208, 0.0000000000000000000 ) ) ;
#3446 = DIRECTION ( 'NONE',  ( -0.0000000000000000000, 1.000000000000000000, -0.0000000000000000000 ) ) ;
#3447 = CARTESIAN_POINT ( 'NONE',  ( 7.862499993028706058, 8.377792902285083443, 2.017792548752170401 ) ) ;
#3448 = CARTESIAN_POINT ( 'NONE',  ( 8.312499993028707124, 4.097258101978122902, -2.262741501572007152 ) ) ;
#3449 = EDGE_CURVE ( 'NONE', #2235, #2316, #2422, .T. ) ;
#3450 = EDGE_LOOP ( 'NONE', ( #765, #3045, #1261, #711 ) ) ;
#3451 = DIRECTION ( 'NONE',  ( -0.0000000000000000000, 1.000000000000000000, -0.0000000000000000000 ) ) ;
#3452 = CARTESIAN_POINT ( 'NONE',  ( 9.599999999999999645, 6.410000000000001030, -0.3666060555964625878 ) ) ;
#3453 = VERTEX_POINT ( 'NONE', #1923 ) ;
#3454 = CARTESIAN_POINT ( 'NONE',  ( 2.029999999999999805, 0.5000000000000000000, -3.500000000000000000 ) ) ;
#3455 = CARTESIAN_POINT ( 'NONE',  ( 10.40416665969537569, 7.212819831094197554, 3.182765824055378889 ) ) ;
#3456 = EDGE_CURVE ( 'NONE', #5, #2339, #307, .T. ) ;
#3457 = EDGE_CURVE ( 'NONE', #3207, #1801, #2236, .T. ) ;
#3458 = CARTESIAN_POINT ( 'NONE',  ( 9.645833326362041049, 5.531779326452235246, 3.090962716680367706 ) ) ;
#3459 = CARTESIAN_POINT ( 'NONE',  ( 11.09999999999999609, 3.937936132593107708, -1.531345243604745665 ) ) ;
#3460 = ORIENTED_EDGE ( 'NONE', *, *, #1807, .F. ) ;
#3461 = DIRECTION ( 'NONE',  ( 0.0000000000000000000, 0.0000000000000000000, 1.000000000000000000 ) ) ;
#3462 = CARTESIAN_POINT ( 'NONE',  ( 6.599999999999998757, 6.360000000000001208, 0.2999999999999999889 ) ) ;
#3463 = CARTESIAN_POINT ( 'NONE',  ( 35.75096679918780751, 6.360000000000000320, 0.0000000000000000000 ) ) ;
#3464 = DIRECTION ( 'NONE',  ( 1.000000000000000000, 0.0000000000000000000, -0.0000000000000000000 ) ) ;
#3465 = CARTESIAN_POINT ( 'NONE',  ( 9.112499993028707834, 4.342207097714918085, -2.017792548752169957 ) ) ;
#3466 = DIRECTION ( 'NONE',  ( 0.0000000000000000000, 0.0000000000000000000, 1.000000000000000000 ) ) ;
#3467 = ORIENTED_EDGE ( 'NONE', *, *, #1279, .F. ) ;
#3468 = DIRECTION ( 'NONE',  ( -0.0000000000000000000, -1.000000000000000000, -0.0000000000000000000 ) ) ;
#3469 = CARTESIAN_POINT ( 'NONE',  ( 9.576640974222968339, 6.410000000000001030, -0.3430307779774418586 ) ) ;
#3470 = ORIENTED_EDGE ( 'NONE', *, *, #2781, .F. ) ;
#3471 = LINE ( 'NONE', #1596, #3762 ) ;
#3472 = CARTESIAN_POINT ( 'NONE',  ( 10.52916665969537391, 3.603643942071130368, 0.7385636385787283098 ) ) ;
#3473 = CIRCLE ( 'NONE', #3151, 0.6350000000000000089 ) ;
#3474 = CARTESIAN_POINT ( 'NONE',  ( 8.092393285699467143, 7.685483563808822360, 3.199999999999999289 ) ) ;
#3475 = ORIENTED_EDGE ( 'NONE', *, *, #2286, .F. ) ;
#3476 = EDGE_CURVE ( 'NONE', #1118, #1213, #3092, .T. ) ;
#3477 = CIRCLE ( 'NONE', #2482, 3.199999999999999734 ) ;
#3478 = ADVANCED_FACE ( 'NONE', ( #1972 ), #3152, .T. ) ;
#3479 = AXIS2_PLACEMENT_3D ( 'NONE', #1457, #2723, #3990 ) ;
#3480 = CIRCLE ( 'NONE', #1563, 2.629999999999998561 ) ;
#3481 = VECTOR ( 'NONE', #945, 1000.000000000000000 ) ;
#3482 = DIRECTION ( 'NONE',  ( 0.0000000000000000000, 0.0000000000000000000, -1.000000000000000000 ) ) ;
#3483 = VERTEX_POINT ( 'NONE', #1601 ) ;
#3484 = DIRECTION ( 'NONE',  ( -1.000000000000000000, 0.0000000000000000000, -0.0000000000000000000 ) ) ;
#3485 = CARTESIAN_POINT ( 'NONE',  ( 7.620833326362039806, 9.929136313061015073, 0.9563468576424304368 ) ) ;
#3486 = AXIS2_PLACEMENT_3D ( 'NONE', #333, #1611, #291 ) ;
#3487 = CARTESIAN_POINT ( 'NONE',  ( 9.409999999999998366, 6.310000000000000497, -0.4974937185533099271 ) ) ;
#3488 = LINE ( 'NONE', #3802, #4081 ) ;
#3489 = DIRECTION ( 'NONE',  ( -1.000000000000000000, -0.0000000000000000000, -4.251773225433350654E-16 ) ) ;
#3490 = DIRECTION ( 'NONE',  ( -0.0000000000000000000, 0.0000000000000000000, 1.000000000000000000 ) ) ;
#3491 = ORIENTED_EDGE ( 'NONE', *, *, #879, .T. ) ;
#3492 = FILL_AREA_STYLE_COLOUR ( '', #2616 ) ;
#3493 = CARTESIAN_POINT ( 'NONE',  ( 11.52999999999999936, 6.360000000000001208, 0.0000000000000000000 ) ) ;
#3494 = ORIENTED_EDGE ( 'NONE', *, *, #3740, .F. ) ;
#3495 = LINE ( 'NONE', #3660, #41 ) ;
#3496 = CARTESIAN_POINT ( 'NONE',  ( 10.82083332636203998, 9.542765973475969332, 0.8528192734489598026 ) ) ;
#3497 = UNCERTAINTY_MEASURE_WITH_UNIT (LENGTH_MEASURE( 1.000000000000000082E-05 ), #3007, 'distance_accuracy_value', 'NONE');
#3498 = CARTESIAN_POINT ( 'NONE',  ( 7.000000000000001776, 7.053606666075865839, -3.127195160946214081 ) ) ;
#3499 = CARTESIAN_POINT ( 'NONE',  ( 11.09999999999999787, 3.508259932484582677, 0.8826570600494975105 ) ) ;
#3500 = EDGE_LOOP ( 'NONE', ( #2363, #155, #2043, #320, #2534, #481 ) ) ;
#3501 = ORIENTED_EDGE ( 'NONE', *, *, #3348, .T. ) ;
#3502 = CARTESIAN_POINT ( 'NONE',  ( -2.029999999999999805, -3.939999999999999947, 3.049999999999999822 ) ) ;
#3503 = ORIENTED_EDGE ( 'NONE', *, *, #1714, .F. ) ;
#3504 = CARTESIAN_POINT ( 'NONE',  ( 9.399999999999998579, 6.360000000000001208, 0.5000000000000001110 ) ) ;
#3505 = CARTESIAN_POINT ( 'NONE',  ( 8.162499993028708545, 8.622741898021878626, 2.262741501572008485 ) ) ;
#3506 = CARTESIAN_POINT ( 'NONE',  ( 5.800000000000000711, 6.360000000000001208, 0.0000000000000000000 ) ) ;
#3507 = CARTESIAN_POINT ( 'NONE',  ( 0.0000000000000000000, 0.0000000000000000000, 0.0000000000000000000 ) ) ;
#3508 = CARTESIAN_POINT ( 'NONE',  ( 10.62573492050548651, 6.360000000000002984, 3.199999999999999289 ) ) ;
#3509 = CARTESIAN_POINT ( 'NONE',  ( 8.136332128962767030, 5.938712150315943461, 3.199999999999998845 ) ) ;
#3510 = ORIENTED_EDGE ( 'NONE', *, *, #2615, .T. ) ;
#3511 = CARTESIAN_POINT ( 'NONE',  ( 11.59999999999999964, 6.360000000000001208, 2.629999999999998561 ) ) ;
#3512 = CARTESIAN_POINT ( 'NONE',  ( 11.59999999999999964, 6.360000000000001208, 0.0000000000000000000 ) ) ;
#3513 = ORIENTED_EDGE ( 'NONE', *, *, #3600, .T. ) ;
#3514 = CARTESIAN_POINT ( 'NONE',  ( 6.551860375438347337E-17, -3.939999999999999947, -0.4350000000000013856 ) ) ;
#3515 = CARTESIAN_POINT ( 'NONE',  ( 10.19583332636203998, 7.098563155643788036, -2.756356187330898599 ) ) ;
#3516 = CARTESIAN_POINT ( 'NONE',  ( 7.895833326362041049, 7.188220673547764505, -3.090962716680367706 ) ) ;
#3517 = ORIENTED_EDGE ( 'NONE', *, *, #1397, .T. ) ;
#3518 =( BOUNDED_CURVE ( )  B_SPLINE_CURVE ( 2, ( #399, #2368, #1674, #3925, #1070, #2327, #2314, #148, #443 ),
 .UNSPECIFIED., .F., .F. ) 
 B_SPLINE_CURVE_WITH_KNOTS ( ( 3, 2, 2, 2, 3 ),
 ( 0.3624277831353657775, 0.3666666666666666408, 0.3833333333333333592, 0.4000000000000000222, 0.4124277831353658219 ),
 .UNSPECIFIED. ) 
 CURVE ( )  GEOMETRIC_REPRESENTATION_ITEM ( )  RATIONAL_B_SPLINE_CURVE ( ( 0.9491840436463323538, 0.9659258374293504534, 1.000000000000000000, 0.8660254037844387076, 1.000000000000000000, 0.8660254037844387076, 1.000000000000000000, 0.9000995663550882542, 0.9491840436463323538 ) ) 
 REPRESENTATION_ITEM ( '' )  );
#3519 = DIRECTION ( 'NONE',  ( -1.000000000000000000, 0.0000000000000000000, 0.0000000000000000000 ) ) ;
#3520 = ORIENTED_EDGE ( 'NONE', *, *, #3631, .F. ) ;
#3521 = CARTESIAN_POINT ( 'NONE',  ( 9.409999999999998366, 6.360000000000001208, 0.5000000000000001110 ) ) ;
#3522 = CARTESIAN_POINT ( 'NONE',  ( 8.454166659695374619, 5.403652517017258461, -3.569136145501583979 ) ) ;
#3523 = CARTESIAN_POINT ( 'NONE',  ( 7.842393285699467143, 5.034516436191182720, -3.199999999999999289 ) ) ;
#3524 = CARTESIAN_POINT ( 'NONE',  ( 6.404166659695373021, 7.212819831094197554, 3.182765824055378445 ) ) ;
#3525 = EDGE_CURVE ( 'NONE', #735, #3529, #2833, .T. ) ;
#3526 = EDGE_LOOP ( 'NONE', ( #2463, #3646, #448, #1009 ) ) ;
#3527 = CARTESIAN_POINT ( 'NONE',  ( 9.599999999999999645, 6.310000000000000497, -0.3666060555964624212 ) ) ;
#3528 = DIRECTION ( 'NONE',  ( 0.0000000000000000000, 0.0000000000000000000, 1.000000000000000000 ) ) ;
#3529 = VERTEX_POINT ( 'NONE', #1017 ) ;
#3530 = CARTESIAN_POINT ( 'NONE',  ( 9.399999999999998579, 6.360000000000001208, 2.299999999999998934 ) ) ;
#3531 = CARTESIAN_POINT ( 'NONE',  ( 10.07083332636203998, 3.177234026524031307, -0.8528192734489608018 ) ) ;
#3532 = CARTESIAN_POINT ( 'NONE',  ( 11.39583332636204105, 7.188220673547764505, -3.090962716680367706 ) ) ;
#3533 = CARTESIAN_POINT ( 'NONE',  ( 9.225734920505487935, 6.359999999999996767, 3.199999999999999289 ) ) ;
#3534 = ORIENTED_EDGE ( 'NONE', *, *, #674, .T. ) ;
#3535 = ORIENTED_EDGE ( 'NONE', *, *, #1781, .F. ) ;
#3536 = AXIS2_PLACEMENT_3D ( 'NONE', #2774, #2142, #611 ) ;
#3537 = FACE_OUTER_BOUND ( 'NONE', #445, .T. ) ;
#3538 = VECTOR ( 'NONE', #1028, 1000.000000000000000 ) ;
#3539 = VERTEX_POINT ( 'NONE', #983 ) ;
#3540 = CARTESIAN_POINT ( 'NONE',  ( 9.342393285699467143, 5.034516436191180055, -3.199999999999997513 ) ) ;
#3541 = CARTESIAN_POINT ( 'NONE',  ( 9.412499993028706768, 4.097258101978122902, -2.262741501572008040 ) ) ;
#3542 = CIRCLE ( 'NONE', #1759, 3.199999999999999734 ) ;
#3543 = AXIS2_PLACEMENT_3D ( 'NONE', #1504, #2769, #3659 ) ;
#3544 = DIRECTION ( 'NONE',  ( 0.0000000000000000000, 0.0000000000000000000, -1.000000000000000000 ) ) ;
#3545 = VECTOR ( 'NONE', #2823, 1000.000000000000114 ) ;
#3546 = EDGE_CURVE ( 'NONE', #2371, #1431, #2863, .T. ) ;
#3547 = CARTESIAN_POINT ( 'NONE',  ( 35.75096679918780751, 6.360000000000000320, 0.0000000000000000000 ) ) ;
#3548 = DIRECTION ( 'NONE',  ( -0.0000000000000000000, -1.000000000000000000, -0.0000000000000000000 ) ) ;
#3549 =( GEOMETRIC_REPRESENTATION_CONTEXT ( 3 ) GLOBAL_UNCERTAINTY_ASSIGNED_CONTEXT ( ( #2083 ) ) GLOBAL_UNIT_ASSIGNED_CONTEXT ( ( #1455, #861, #3722 ) ) REPRESENTATION_CONTEXT ( 'NONE', 'WORKASPACE' ) );
#3550 = AXIS2_PLACEMENT_3D ( 'NONE', #3777, #2166, #3436 ) ;
#3551 = DIRECTION ( 'NONE',  ( -1.000000000000000000, 0.0000000000000000000, -0.0000000000000000000 ) ) ;
#3552 = ORIENTED_EDGE ( 'NONE', *, *, #2696, .T. ) ;
#3553 = PLANE ( 'NONE',  #3218 ) ;
#3554 = CONICAL_SURFACE ( 'NONE', #1371, 2.199999999999998845, 0.7853981633974439491 ) ;
#3555 = CARTESIAN_POINT ( 'NONE',  ( 11.27916665969537391, 9.116356057928870271, -0.7385636385787300862 ) ) ;
#3556 = AXIS2_PLACEMENT_3D ( 'NONE', #619, #1552, #2814 ) ;
#3557 = ADVANCED_FACE ( 'NONE', ( #3537 ), #1942, .F. ) ;
#3558 = CARTESIAN_POINT ( 'NONE',  ( 6.999999999999992895, 3.960605981540496145, 1.567682186907443764 ) ) ;
#3559 = DIRECTION ( 'NONE',  ( 0.0000000000000000000, 0.0000000000000000000, -1.000000000000000000 ) ) ;
#3560 = ORIENTED_EDGE ( 'NONE', *, *, #74, .F. ) ;
#3561 = ORIENTED_EDGE ( 'NONE', *, *, #1249, .F. ) ;
#3562 = VERTEX_POINT ( 'NONE', #3798 ) ;
#3563 = CARTESIAN_POINT ( 'NONE',  ( 9.625734920505488290, 6.359999999999996767, 3.199999999999999289 ) ) ;
#3564 = EDGE_LOOP ( 'NONE', ( #1029, #1053, #3271, #4033, #3072, #184 ) ) ;
#3565 = CARTESIAN_POINT ( 'NONE',  ( -3.049999999999999822, -3.939999999999999947, 2.029999999999999805 ) ) ;
#3566 = CARTESIAN_POINT ( 'NONE',  ( 9.454166659695374619, 5.403652517017258461, -3.569136145501583979 ) ) ;
#3567 = LINE ( 'NONE', #1080, #3411 ) ;
#3568 = CARTESIAN_POINT ( 'NONE',  ( 9.725734920505486159, 6.359999999999996767, 3.199999999999999289 ) ) ;
#3569 = CARTESIAN_POINT ( 'NONE',  ( -3.500000000000000000, 1.700000000000000178, -3.500000000000000000 ) ) ;
#3570 = ORIENTED_EDGE ( 'NONE', *, *, #1553, .F. ) ;
#3571 = ORIENTED_EDGE ( 'NONE', *, *, #1203, .F. ) ;
#3572 = CARTESIAN_POINT ( 'NONE',  ( 10.97573492050548616, 6.360000000000005649, -3.199999999999998845 ) ) ;
#3573 = EDGE_LOOP ( 'NONE', ( #1439, #3122, #3013, #664, #1271, #2502 ) ) ;
#3574 = CARTESIAN_POINT ( 'NONE',  ( -3.500000000000000000, -0.0000000000000000000, -2.029999999999999805 ) ) ;
#3575 = CARTESIAN_POINT ( 'NONE',  ( 8.895833326362041049, 7.188220673547764505, -3.090962716680367706 ) ) ;
#3576 = EDGE_CURVE ( 'NONE', #1915, #1395, #364, .T. ) ;
#3577 = DIRECTION ( 'NONE',  ( -1.000000000000000000, -0.0000000000000000000, -0.0000000000000000000 ) ) ;
#3578 = CARTESIAN_POINT ( 'NONE',  ( 7.312499993028707124, 4.097258101978122902, -2.262741501572007152 ) ) ;
#3579 = VERTEX_POINT ( 'NONE', #285 ) ;
#3580 = ORIENTED_EDGE ( 'NONE', *, *, #2592, .T. ) ;
#3581 = EDGE_CURVE ( 'NONE', #2864, #1290, #1644, .T. ) ;
#3582 = EDGE_CURVE ( 'NONE', #1336, #157, #961, .T. ) ;
#3583 = VERTEX_POINT ( 'NONE', #16 ) ;
#3584 = CARTESIAN_POINT ( 'NONE',  ( 10.53749999302870499, 8.972788830078272326, -2.612789287859152321 ) ) ;
#3585 = ORIENTED_EDGE ( 'NONE', *, *, #2689, .F. ) ;
#3586 = CARTESIAN_POINT ( 'NONE',  ( 7.000000000000004441, 8.368134782651193149, 2.343355918650868563 ) ) ;
#3587 = CARTESIAN_POINT ( 'NONE',  ( 8.829166659695374619, 3.269037428430356496, 0.8282212151083599982 ) ) ;
#3588 = CARTESIAN_POINT ( 'NONE',  ( 35.75096679918780751, 6.360000000000000320, 3.200000000000000178 ) ) ;
#3589 = DIRECTION ( 'NONE',  ( 0.0000000000000000000, 0.0000000000000000000, -1.000000000000000000 ) ) ;
#3590 = CARTESIAN_POINT ( 'NONE',  ( 6.487499993028706946, 4.030053857618228541, 2.329946550606417421 ) ) ;
#3591 = ORIENTED_EDGE ( 'NONE', *, *, #1979, .F. ) ;
#3592 = ORIENTED_EDGE ( 'NONE', *, *, #2113, .T. ) ;
#3593 = DIRECTION ( 'NONE',  ( 1.000000000000000000, -0.0000000000000000000, -0.0000000000000000000 ) ) ;
#3594 = CARTESIAN_POINT ( 'NONE',  ( 10.41249999302870677, 4.097258101978122902, -2.262741501572007152 ) ) ;
#3595 = CARTESIAN_POINT ( 'NONE',  ( 8.729166659695374975, 3.269037428430357384, 0.8282212151083604423 ) ) ;
#3596 = CARTESIAN_POINT ( 'NONE',  ( -3.500000000000000000, 0.0000000000000000000, 3.500000000000000000 ) ) ;
#3597 = FACE_OUTER_BOUND ( 'NONE', #469, .T. ) ;
#3598 = EDGE_LOOP ( 'NONE', ( #3378, #1414, #2130, #397 ) ) ;
#3599 = EDGE_LOOP ( 'NONE', ( #1116, #3807, #365, #2749, #3503, #3188, #1768, #1354 ) ) ;
#3600 = EDGE_CURVE ( 'NONE', #1801, #2630, #2494, .T. ) ;
#3601 = CARTESIAN_POINT ( 'NONE',  ( 8.020833326362039273, 9.929136313061015073, 0.9563468576424295486 ) ) ;
#3602 = EDGE_CURVE ( 'NONE', #3715, #2798, #4108, .T. ) ;
#3603 = CARTESIAN_POINT ( 'NONE',  ( 10.62083332636204069, 9.929136313061015073, 0.9563468576424295486 ) ) ;
#3604 = EDGE_CURVE ( 'NONE', #659, #3149, #2193, .T. ) ;
#3605 = EDGE_LOOP ( 'NONE', ( #3623, #2410, #3130, #3648 ) ) ;
#3606 = CARTESIAN_POINT ( 'NONE',  ( 7.654166659695373021, 5.507180168905804862, -3.182765824055378889 ) ) ;
#3607 = VECTOR ( 'NONE', #3181, 1000.000000000000000 ) ;
#3608 = CARTESIAN_POINT ( 'NONE',  ( 3.049999999999999822, 0.0000000000000000000, 3.049999999999999822 ) ) ;
#3609 = DIRECTION ( 'NONE',  ( 0.0000000000000000000, -0.0000000000000000000, -1.000000000000000000 ) ) ;
#3610 = CARTESIAN_POINT ( 'NONE',  ( 7.487499993028706946, 4.030053857618228541, 2.329946550606417421 ) ) ;
#3611 = AXIS2_PLACEMENT_3D ( 'NONE', #1763, #2053, #3276 ) ;
#3612 = AXIS2_PLACEMENT_3D ( 'NONE', #3769, #990, #931 ) ;
#3613 = AXIS2_PLACEMENT_3D ( 'NONE', #3565, #1684, #2949 ) ;
#3614 = ORIENTED_EDGE ( 'NONE', *, *, #1754, .F. ) ;
#3615 = ORIENTED_EDGE ( 'NONE', *, *, #2113, .F. ) ;
#3616 = CYLINDRICAL_SURFACE ( 'NONE', #2682, 3.200000000000000178 ) ;
#3617 = CARTESIAN_POINT ( 'NONE',  ( 10.24583332636204069, 5.531779326452235246, 3.090962716680367706 ) ) ;
#3618 = CARTESIAN_POINT ( 'NONE',  ( 11.36249999302870606, 8.377792902285083443, 2.017792548752170401 ) ) ;
#3619 = VECTOR ( 'NONE', #3548, 1000.000000000000000 ) ;
#3620 = PLANE ( 'NONE',  #3410 ) ;
#3621 = VECTOR ( 'NONE', #859, 1000.000000000000000 ) ;
#3622 = CARTESIAN_POINT ( 'NONE',  ( 9.192393285699466787, 7.685483563808818808, 3.200000000000000178 ) ) ;
#3623 = ORIENTED_EDGE ( 'NONE', *, *, #879, .F. ) ;
#3624 = ORIENTED_EDGE ( 'NONE', *, *, #851, .F. ) ;
#3625 = CARTESIAN_POINT ( 'NONE',  ( 7.479166659695373198, 9.450962571569643700, -0.8282212151083626628 ) ) ;
#3626 = EDGE_CURVE ( 'NONE', #3949, #3895, #1289, .T. ) ;
#3627 = ORIENTED_EDGE ( 'NONE', *, *, #751, .T. ) ;
#3628 = CARTESIAN_POINT ( 'NONE',  ( 10.47573492050548616, 6.360000000000005649, -3.199999999999998845 ) ) ;
#3629 = EDGE_LOOP ( 'NONE', ( #3585, #1003, #812, #3571 ) ) ;
#3630 = CARTESIAN_POINT ( 'NONE',  ( 6.862499993028706946, 8.377792902285083443, 2.017792548752170401 ) ) ;
#3631 = EDGE_CURVE ( 'NONE', #1145, #3980, #3936, .T. ) ;
#3632 = EDGE_CURVE ( 'NONE', #1729, #3675, #1077, .T. ) ;
#3633 = EDGE_CURVE ( 'NONE', #1970, #2583, #2375, .T. ) ;
#3634 = LINE ( 'NONE', #2039, #229 ) ;
#3635 = CARTESIAN_POINT ( 'NONE',  ( 9.692393285699465011, 7.685483563808818808, 3.200000000000000178 ) ) ;
#3636 = CARTESIAN_POINT ( 'NONE',  ( 6.904166659695373021, 7.212819831094197554, 3.182765824055378445 ) ) ;
#3637 = EDGE_CURVE ( 'NONE', #1973, #3916, #3099, .T. ) ;
#3638 = ORIENTED_EDGE ( 'NONE', *, *, #3965, .T. ) ;
#3639 = ORIENTED_EDGE ( 'NONE', *, *, #3396, .T. ) ;
#3640 = LINE ( 'NONE', #471, #627 ) ;
#3641 = CARTESIAN_POINT ( 'NONE',  ( 8.192393285699468564, 7.685483563808822360, 3.199999999999999289 ) ) ;
#3642 = CARTESIAN_POINT ( 'NONE',  ( 0.0000000000000000000, 0.0000000000000000000, 0.0000000000000000000 ) ) ;
#3643 = CARTESIAN_POINT ( 'NONE',  ( 8.475734920505484382, 6.360000000000001208, -3.199999999999998401 ) ) ;
#3644 = CARTESIAN_POINT ( 'NONE',  ( 10.47573492050548616, 6.360000000000005649, -3.199999999999998845 ) ) ;
#3645 = PLANE ( 'NONE',  #1902 ) ;
#3646 = ORIENTED_EDGE ( 'NONE', *, *, #1979, .T. ) ;
#3647 = CARTESIAN_POINT ( 'NONE',  ( 6.645833326362041049, 5.531779326452235246, 3.090962716680367706 ) ) ;
#3648 = ORIENTED_EDGE ( 'NONE', *, *, #2951, .F. ) ;
#3649 = ORIENTED_EDGE ( 'NONE', *, *, #388, .T. ) ;
#3650 = MANIFOLD_SOLID_BREP ( 'Cut-Extrude5', #3860 ) ;
#3651 = ORIENTED_EDGE ( 'NONE', *, *, #436, .F. ) ;
#3652 = PLANE ( 'NONE',  #1495 ) ;
#3653 = FACE_BOUND ( 'NONE', #1329, .T. ) ;
#3654 = CARTESIAN_POINT ( 'NONE',  ( 7.904166659695373909, 7.212819831094197554, 3.182765824055378445 ) ) ;
#3655 = EDGE_CURVE ( 'NONE', #2564, #1740, #716, .T. ) ;
#3656 = EDGE_LOOP ( 'NONE', ( #1368, #1344, #1218, #2873 ) ) ;
#3657 = CARTESIAN_POINT ( 'NONE',  ( 2.029999999999999805, -3.939999999999999947, 2.029999999999999805 ) ) ;
#3658 = ADVANCED_FACE ( 'NONE', ( #1662 ), #3873, .T. ) ;
#3659 = DIRECTION ( 'NONE',  ( 0.0000000000000000000, 0.0000000000000000000, -1.000000000000000000 ) ) ;
#3660 = CARTESIAN_POINT ( 'NONE',  ( 2.029999999999999805, 0.5000000000000000000, -3.500000000000000000 ) ) ;
#3661 = DIRECTION ( 'NONE',  ( -0.0000000000000000000, -0.0000000000000000000, 1.000000000000000000 ) ) ;
#3662 = CARTESIAN_POINT ( 'NONE',  ( 8.725734920505486159, 6.359999999999996767, 3.199999999999999289 ) ) ;
#3663 =( NAMED_UNIT ( * ) PLANE_ANGLE_UNIT ( ) SI_UNIT ( $, .RADIAN. ) );
#3664 = ORIENTED_EDGE ( 'NONE', *, *, #2872, .T. ) ;
#3665 =( LENGTH_UNIT ( ) NAMED_UNIT ( * ) SI_UNIT ( .MILLI., .METRE. ) );
#3666 = CARTESIAN_POINT ( 'NONE',  ( 7.000000000000000888, 4.238005573844041862, 1.957552135007956995 ) ) ;
#3667 = CARTESIAN_POINT ( 'NONE',  ( 6.729166659695374086, 3.269037428430357384, 0.8282212151083604423 ) ) ;
#3668 = VERTEX_POINT ( 'NONE', #2632 ) ;
#3669 = CARTESIAN_POINT ( 'NONE',  ( 7.736332128962766674, 5.938712150315943461, 3.199999999999998845 ) ) ;
#3670 = ORIENTED_EDGE ( 'NONE', *, *, #1278, .F. ) ;
#3671 = LINE ( 'NONE', #1847, #2157 ) ;
#3672 = SURFACE_SIDE_STYLE ('',( #141 ) ) ;
#3673 = CARTESIAN_POINT ( 'NONE',  ( 7.570833326362040872, 3.177234026524031307, -0.8528192734489599136 ) ) ;
#3674 = AXIS2_PLACEMENT_3D ( 'NONE', #3512, #2287, #3888 ) ;
#3675 = VERTEX_POINT ( 'NONE', #2462 ) ;
#3676 = VECTOR ( 'NONE', #3774, 1000.000000000000000 ) ;
#3677 = DIRECTION ( 'NONE',  ( 1.000000000000000000, -0.0000000000000000000, 0.0000000000000000000 ) ) ;
#3678 = VECTOR ( 'NONE', #3801, 1000.000000000000000 ) ;
#3679 = CARTESIAN_POINT ( 'NONE',  ( 11.59999999999999964, 6.360000000000001208, 2.370000000000000551 ) ) ;
#3680 = DIRECTION ( 'NONE',  ( 0.0000000000000000000, 0.0000000000000000000, -1.000000000000000000 ) ) ;
#3681 =( BOUNDED_CURVE ( )  B_SPLINE_CURVE ( 2, ( #1876, #1815, #214, #3141, #1547, #935, #2186, #2515, #2164 ),
 .UNSPECIFIED., .F., .T. ) 
 B_SPLINE_CURVE_WITH_KNOTS ( ( 3, 2, 2, 2, 3 ),
 ( 0.1624277831353657942, 0.1666666666666666574, 0.1833333333333333204, 0.2000000000000000111, 0.2124277831353658108 ),
 .UNSPECIFIED. ) 
 CURVE ( )  GEOMETRIC_REPRESENTATION_ITEM ( )  RATIONAL_B_SPLINE_CURVE ( ( 0.9491840436463323538, 0.9659258374293504534, 1.000000000000000000, 0.8660254037844387076, 1.000000000000000000, 0.8660254037844387076, 1.000000000000000000, 0.9000995663550882542, 0.9491840436463323538 ) ) 
 REPRESENTATION_ITEM ( '' )  );
#3682 = DIRECTION ( 'NONE',  ( 0.0000000000000000000, 0.0000000000000000000, -1.000000000000000000 ) ) ;
#3683 = EDGE_CURVE ( 'NONE', #744, #1677, #2066, .T. ) ;
#3684 = EDGE_CURVE ( 'NONE', #2274, #3483, #2559, .T. ) ;
#3685 = CONICAL_SURFACE ( 'NONE', #2753, 2.299999999999998934, 0.7853981633974297383 ) ;
#3686 = CARTESIAN_POINT ( 'NONE',  ( 5.327213576291003005E-17, -3.939999999999999947, -0.4350000000000013856 ) ) ;
#3687 = DIRECTION ( 'NONE',  ( -0.0000000000000000000, -1.000000000000000000, -0.0000000000000000000 ) ) ;
#3688 = ORIENTED_EDGE ( 'NONE', *, *, #477, .F. ) ;
#3689 = DIRECTION ( 'NONE',  ( -0.0000000000000000000, 1.000000000000000000, -0.0000000000000000000 ) ) ;
#3690 = CIRCLE ( 'NONE', #3948, 0.2999999999999999889 ) ;
#3691 = EDGE_CURVE ( 'NONE', #1290, #1395, #3087, .T. ) ;
#3692 = VECTOR ( 'NONE', #1429, 1000.000000000000000 ) ;
#3693 = CARTESIAN_POINT ( 'NONE',  ( 7.312499993028707124, 4.097258101978122902, -2.262741501572007152 ) ) ;
#3694 = ORIENTED_EDGE ( 'NONE', *, *, #3637, .F. ) ;
#3695 = LINE ( 'NONE', #1138, #2761 ) ;
#3696 = VERTEX_POINT ( 'NONE', #3027 ) ;
#3697 = AXIS2_PLACEMENT_3D ( 'NONE', #14, #3835, #1639 ) ;
#3698 = CARTESIAN_POINT ( 'NONE',  ( 2.029999999999999805, -3.939999999999999947, 3.049999999999999822 ) ) ;
#3699 = CARTESIAN_POINT ( 'NONE',  ( 9.442393285699466787, 5.034516436191180055, -3.199999999999997513 ) ) ;
#3700 = CARTESIAN_POINT ( 'NONE',  ( 8.225734920505487935, 6.359999999999998543, 3.199999999999998401 ) ) ;
#3701 = CARTESIAN_POINT ( 'NONE',  ( 10.52916665969537391, 3.603643942071131256, 0.7385636385787287539 ) ) ;
#3702 = ORIENTED_EDGE ( 'NONE', *, *, #3274, .T. ) ;
#3703 = CARTESIAN_POINT ( 'NONE',  ( 9.553343010941970803, 6.410000000000001030, 0.4740331098346192706 ) ) ;
#3704 = CARTESIAN_POINT ( 'NONE',  ( 35.75096679918780751, 6.360000000000000320, 0.0000000000000000000 ) ) ;
#3705 = CARTESIAN_POINT ( 'NONE',  ( 7.445833326362040872, 5.621436844356212603, 2.756356187330898155 ) ) ;
#3706 = CARTESIAN_POINT ( 'NONE',  ( 9.599999999999999645, 6.310000000000000497, -0.4270831300812555908 ) ) ;
#3707 = CARTESIAN_POINT ( 'NONE',  ( 9.399999999999998579, 6.410000000000001030, -0.4974937185533100381 ) ) ;
#3708 = CARTESIAN_POINT ( 'NONE',  ( 0.0000000000000000000, -3.939999999999999947, 0.0000000000000000000 ) ) ;
#3709 = CARTESIAN_POINT ( 'NONE',  ( 0.0000000000000000000, -3.939999999999999947, 0.0000000000000000000 ) ) ;
#3710 =( BOUNDED_CURVE ( )  B_SPLINE_CURVE ( 2, ( #134, #3228, #2924, #2968, #1676, #2270, #1421, #3622, #3533 ),
 .UNSPECIFIED., .F., .F. ) 
 B_SPLINE_CURVE_WITH_KNOTS ( ( 3, 2, 2, 2, 3 ),
 ( 0.5624277831353657886, 0.5666666666666666519, 0.5833333333333333703, 0.5999999999999999778, 0.6124277831353658330 ),
 .UNSPECIFIED. ) 
 CURVE ( )  GEOMETRIC_REPRESENTATION_ITEM ( )  RATIONAL_B_SPLINE_CURVE ( ( 0.9491840436463321318, 0.9659258374293503424, 1.000000000000000000, 0.8660254037844387076, 1.000000000000000000, 0.8660254037844387076, 1.000000000000000000, 0.9000995663550881432, 0.9491840436463323538 ) ) 
 REPRESENTATION_ITEM ( '' )  );
#3711 = CARTESIAN_POINT ( 'NONE',  ( 35.75096679918780751, 6.360000000000000320, 0.0000000000000000000 ) ) ;
#3712 = CARTESIAN_POINT ( 'NONE',  ( -3.049999999999999822, -3.939999999999999947, 2.029999999999999805 ) ) ;
#3713 = CARTESIAN_POINT ( 'NONE',  ( 6.695833326362039983, 7.098563155643788036, -2.756356187330898599 ) ) ;
#3714 = CARTESIAN_POINT ( 'NONE',  ( 10.39583332636203927, 7.188220673547764505, -3.090962716680367706 ) ) ;
#3715 = VERTEX_POINT ( 'NONE', #2755 ) ;
#3716 = CYLINDRICAL_SURFACE ( 'NONE', #645, 3.200000000000000178 ) ;
#3717 = VERTEX_POINT ( 'NONE', #1217 ) ;
#3718 = EDGE_CURVE ( 'NONE', #1740, #1331, #1965, .T. ) ;
#3719 = ADVANCED_FACE ( 'NONE', ( #3371 ), #3716, .T. ) ;
#3720 = CARTESIAN_POINT ( 'NONE',  ( 11.09999999999999787, 5.220671896590006078, -2.701549359471429934 ) ) ;
#3721 = DIRECTION ( 'NONE',  ( 1.000000000000000000, -0.0000000000000000000, -0.0000000000000000000 ) ) ;
#3722 =( NAMED_UNIT ( * ) SI_UNIT ( $, .STERADIAN. ) SOLID_ANGLE_UNIT ( ) );
#3723 = CARTESIAN_POINT ( 'NONE',  ( 9.904166659695372132, 7.212819831094197554, 3.182765824055378445 ) ) ;
#3724 = ORIENTED_EDGE ( 'NONE', *, *, #2592, .F. ) ;
#3725 = CARTESIAN_POINT ( 'NONE',  ( -3.049999999999999822, -3.939999999999999947, 3.049999999999999822 ) ) ;
#3726 = CARTESIAN_POINT ( 'NONE',  ( 10.98633212896276667, 6.781287849684060731, -3.199999999999998401 ) ) ;
#3727 = CARTESIAN_POINT ( 'NONE',  ( 9.362499993028707834, 8.377792902285083443, 2.017792548752170401 ) ) ;
#3728 = LINE ( 'NONE', #2771, #1040 ) ;
#3729 = DIRECTION ( 'NONE',  ( -1.000000000000000000, -0.0000000000000000000, -0.0000000000000000000 ) ) ;
#3730 = CARTESIAN_POINT ( 'NONE',  ( 9.529999999999999361, 6.410000000000001030, 0.4974937185533100381 ) ) ;
#3731 = EDGE_LOOP ( 'NONE', ( #1043, #1026, #403, #1669 ) ) ;
#3732 = CARTESIAN_POINT ( 'NONE',  ( 9.875734920505488290, 6.359999999999999432, -3.199999999999998845 ) ) ;
#3733 = FACE_OUTER_BOUND ( 'NONE', #1744, .T. ) ;
#3734 = CARTESIAN_POINT ( 'NONE',  ( 8.195833326362039983, 7.098563155643788036, -2.756356187330898599 ) ) ;
#3735 = CARTESIAN_POINT ( 'NONE',  ( 9.520833326362041049, 9.929136313061015073, 0.9563468576424295486 ) ) ;
#3736 = CARTESIAN_POINT ( 'NONE',  ( 35.75096679918780751, 6.360000000000000320, 0.0000000000000000000 ) ) ;
#3737 = VERTEX_POINT ( 'NONE', #1534 ) ;
#3738 = EDGE_CURVE ( 'NONE', #1269, #3021, #108, .T. ) ;
#3739 = CARTESIAN_POINT ( 'NONE',  ( 11.10000000000000320, 5.368010319232019434, -2.767486768405907238 ) ) ;
#3740 = EDGE_CURVE ( 'NONE', #2371, #165, #3695, .T. ) ;
#3741 = CARTESIAN_POINT ( 'NONE',  ( 2.029999999999999805, -3.939999999999999947, 3.049999999999999822 ) ) ;
#3742 = PLANE ( 'NONE',  #490 ) ;
#3743 = CARTESIAN_POINT ( 'NONE',  ( 9.404166659695372132, 7.212819831094197554, 3.182765824055378445 ) ) ;
#3744 = CARTESIAN_POINT ( 'NONE',  ( -3.049999999999999378, -3.939999999999999947, -3.049999999999999822 ) ) ;
#3745 = FACE_OUTER_BOUND ( 'NONE', #3041, .T. ) ;
#3746 = CARTESIAN_POINT ( 'NONE',  ( 9.404166659695372132, 7.212819831094197554, 3.182765824055378889 ) ) ;
#3747 = AXIS2_PLACEMENT_3D ( 'NONE', #3709, #4056, #1509 ) ;
#3748 = CARTESIAN_POINT ( 'NONE',  ( 0.0000000000000000000, 0.6999999999999999556, 0.0000000000000000000 ) ) ;
#3749 = VECTOR ( 'NONE', #380, 1000.000000000000000 ) ;
#3750 = AXIS2_PLACEMENT_3D ( 'NONE', #1086, #440, #1717 ) ;
#3751 = DIRECTION ( 'NONE',  ( -1.000000000000000000, 0.0000000000000000000, 0.0000000000000000000 ) ) ;
#3752 = VERTEX_POINT ( 'NONE', #245 ) ;
#3753 = CARTESIAN_POINT ( 'NONE',  ( -2.029999999999999361, 0.0000000000000000000, -3.049999999999999822 ) ) ;
#3754 = CARTESIAN_POINT ( 'NONE',  ( 0.0000000000000000000, -3.740000000000001101, 0.0000000000000000000 ) ) ;
#3755 = CARTESIAN_POINT ( 'NONE',  ( 10.99583332636204069, 7.188220673547766282, -3.090962716680368594 ) ) ;
#3756 = VECTOR ( 'NONE', #947, 1000.000000000000000 ) ;
#3757 = CARTESIAN_POINT ( 'NONE',  ( 9.229166659695373198, 3.269037428430357384, 0.8282212151083604423 ) ) ;
#3758 = CARTESIAN_POINT ( 'NONE',  ( 11.09999999999999787, 7.341733164202687512, 3.045685471992237048 ) ) ;
#3759 = CIRCLE ( 'NONE', #2030, 2.199999999999998845 ) ;
#3760 = VERTEX_POINT ( 'NONE', #2395 ) ;
#3761 = COLOUR_RGB ( '',1.000000000000000000, 1.000000000000000000, 1.000000000000000000 ) ;
#3762 = VECTOR ( 'NONE', #4079, 1000.000000000000000 ) ;
#3763 = EDGE_CURVE ( 'NONE', #2247, #782, #882, .T. ) ;
#3764 = VECTOR ( 'NONE', #247, 1000.000000000000000 ) ;
#3765 = PLANE ( 'NONE',  #1365 ) ;
#3766 = CARTESIAN_POINT ( 'NONE',  ( 8.945833326362039983, 5.621436844356212603, 2.756356187330897711 ) ) ;
#3767 = EDGE_CURVE ( 'NONE', #2247, #3342, #531, .T. ) ;
#3768 = PLANE ( 'NONE',  #1821 ) ;
#3769 = CARTESIAN_POINT ( 'NONE',  ( 9.599999999999999645, 6.360000000000001208, 0.0000000000000000000 ) ) ;
#3770 = CARTESIAN_POINT ( 'NONE',  ( 7.487499993028706946, 4.030053857618227653, 2.329946550606416977 ) ) ;
#3771 = EDGE_CURVE ( 'NONE', #659, #2049, #3030, .T. ) ;
#3772 = EDGE_CURVE ( 'NONE', #1866, #2517, #2111, .T. ) ;
#3773 = DIRECTION ( 'NONE',  ( -1.000000000000000000, -0.0000000000000000000, -0.0000000000000000000 ) ) ;
#3774 = DIRECTION ( 'NONE',  ( -1.000000000000000000, -0.0000000000000000000, -0.0000000000000000000 ) ) ;
#3775 = CARTESIAN_POINT ( 'NONE',  ( 10.07916665969537284, 9.450962571569643700, -0.8282212151083626628 ) ) ;
#3776 = EDGE_LOOP ( 'NONE', ( #1702, #2098, #135, #2926 ) ) ;
#3777 = CARTESIAN_POINT ( 'NONE',  ( -3.500000000000000000, 9.860000000000001208, 3.500000000000000000 ) ) ;
#3778 = CARTESIAN_POINT ( 'NONE',  ( 9.612499993028706058, 4.342207097714918085, -2.017792548752169957 ) ) ;
#3779 = CARTESIAN_POINT ( 'NONE',  ( 8.062499993028707124, 8.622741898021878626, 2.262741501572007596 ) ) ;
#3780 = ORIENTED_EDGE ( 'NONE', *, *, #74, .T. ) ;
#3781 = DIRECTION ( 'NONE',  ( -0.0000000000000000000, -0.0000000000000000000, 1.000000000000000000 ) ) ;
#3782 = CARTESIAN_POINT ( 'NONE',  ( 7.000000000000000888, 6.360000000000001208, 2.699999999999999289 ) ) ;
#3783 = CARTESIAN_POINT ( 'NONE',  ( 6.829166659695373731, 3.269037428430356496, 0.8282212151083599982 ) ) ;
#3784 = CARTESIAN_POINT ( 'NONE',  ( 10.62573492050548829, 6.360000000000002984, 3.199999999999999289 ) ) ;
#3785 = CARTESIAN_POINT ( 'NONE',  ( 10.74583332636204069, 5.531779326452235246, 3.090962716680367706 ) ) ;
#3786 = CARTESIAN_POINT ( 'NONE',  ( 9.070833326362039983, 3.177234026524032195, -0.8528192734489608018 ) ) ;
#3787 = CARTESIAN_POINT ( 'NONE',  ( 8.342393285699467143, 5.034516436191182720, -3.199999999999999289 ) ) ;
#3788 = EDGE_CURVE ( 'NONE', #2623, #595, #220, .T. ) ;
#3789 = ORIENTED_EDGE ( 'NONE', *, *, #533, .T. ) ;
#3790 = CARTESIAN_POINT ( 'NONE',  ( 7.125734920505486514, 6.359999999999998543, 3.199999999999998401 ) ) ;
#3791 = CARTESIAN_POINT ( 'NONE',  ( 0.0000000000000000000, -3.939999999999999947, 0.4350000000000013856 ) ) ;
#3792 = ORIENTED_EDGE ( 'NONE', *, *, #1477, .T. ) ;
#3793 = PLANE ( 'NONE',  #3550 ) ;
#3794 = CARTESIAN_POINT ( 'NONE',  ( 9.987499993028706058, 4.030053857618227653, 2.329946550606417421 ) ) ;
#3795 = CARTESIAN_POINT ( 'NONE',  ( 10.31249999302870712, 4.097258101978122902, -2.262741501572007152 ) ) ;
#3796 = CARTESIAN_POINT ( 'NONE',  ( 11.09999999999999254, 3.663596794056437123, 1.328880063770581765 ) ) ;
#3797 = ORIENTED_EDGE ( 'NONE', *, *, #3637, .T. ) ;
#3798 = CARTESIAN_POINT ( 'NONE',  ( 3.899999999999998135, 6.360000000000001208, -3.199999999999999734 ) ) ;
#3799 = ORIENTED_EDGE ( 'NONE', *, *, #3476, .F. ) ;
#3800 = CARTESIAN_POINT ( 'NONE',  ( 6.287499993028706768, 3.747211169921726981, 2.612789287859151433 ) ) ;
#3801 = DIRECTION ( 'NONE',  ( 0.0000000000000000000, 0.0000000000000000000, -1.000000000000000000 ) ) ;
#3802 = CARTESIAN_POINT ( 'NONE',  ( 3.500000000000000000, 0.0000000000000000000, 3.500000000000000000 ) ) ;
#3803 = CARTESIAN_POINT ( 'NONE',  ( 10.27916665969537391, 9.116356057928870271, -0.7385636385787300862 ) ) ;
#3804 = LINE ( 'NONE', #553, #4091 ) ;
#3805 = DIRECTION ( 'NONE',  ( 0.0000000000000000000, -0.0000000000000000000, -1.000000000000000000 ) ) ;
#3806 = DIRECTION ( 'NONE',  ( -0.0000000000000000000, 0.0000000000000000000, 1.000000000000000000 ) ) ;
#3807 = ORIENTED_EDGE ( 'NONE', *, *, #2177, .T. ) ;
#3808 = FACE_OUTER_BOUND ( 'NONE', #2323, .T. ) ;
#3809 = CARTESIAN_POINT ( 'NONE',  ( 10.69583332636203998, 7.098563155643788036, -2.756356187330898599 ) ) ;
#3810 = EDGE_CURVE ( 'NONE', #1362, #37, #1508, .T. ) ;
#3811 = CARTESIAN_POINT ( 'NONE',  ( 7.000000000000003553, 5.784957566391312866, -3.082652355640565833 ) ) ;
#3812 = CARTESIAN_POINT ( 'NONE',  ( 11.09999999999999609, 3.697612159642578167, -1.121035708869783987 ) ) ;
#3813 = ORIENTED_EDGE ( 'NONE', *, *, #2667, .T. ) ;
#3814 = ORIENTED_EDGE ( 'NONE', *, *, #1258, .F. ) ;
#3815 = VECTOR ( 'NONE', #1412, 1000.000000000000000 ) ;
#3816 =( BOUNDED_CURVE ( )  B_SPLINE_CURVE ( 2, ( #3974, #521, #1791, #1732, #1129, #146, #2385, #821, #2074, #3037, #588, #1812, #3705, #3770, #274, #865, #1521, #2770, #1233, #1171, #2432, #949, #3447, #1505, #315, #2492, #1833, #1543, #607, #4036, #253, #2453, #1567, #2198, #3075, #932, #1257, #2179, #3098, #2472, #230, #1892, #3137, #2789, #913, #3430, #2509, #2807, #2831, #1192, #1852, #3786, #3465, #2744, #3117, #4053, #1209, #1872, #3727, #3746, #4074, #3160, #890, #290, #2140, #3400, #4097, #626, #564, #4013, #2122, #2162, #3381, #544, #693, #349, #2552, #2529, #2221, #1610, #3803, #2894, #2916, #2935, #3237, #967, #1589, #393, #373, #1024, #3217, #83, #45, #3844, #655, #2242, #1668, #1353, #3883, #1978, #2595 ),
 .UNSPECIFIED., .F., .T. ) 
 B_SPLINE_CURVE_WITH_KNOTS ( ( 3, 2, 2, 2, 2, 2, 2, 2, 2, 2, 2, 2, 2, 2, 2, 2, 2, 2, 2, 2, 2, 2, 2, 2, 2, 2, 2, 2, 2, 2, 2, 2, 2, 2, 2, 2, 2, 2, 2, 2, 2, 2, 2, 2, 2, 2, 2, 2, 2, 2, 3 ),
 ( 0.1273458032835657616, 0.1333333333333333315, 0.1499999999999999944, 0.1666666666666666574, 0.1833333333333333204, 0.2000000000000000111, 0.2166666666666666741, 0.2333333333333333370, 0.2500000000000000000, 0.2666666666666666630, 0.2833333333333333259, 0.2999999999999999889, 0.3166666666666666519, 0.3333333333333333148, 0.3499999999999999778, 0.3666666666666666408, 0.3833333333333333592, 0.4000000000000000222, 0.4166666666666666852, 0.4333333333333332926, 0.4499999999999999556, 0.4666666666666666741, 0.4833333333333333370, 0.5000000000000000000, 0.5166666666666667185, 0.5333333333333333259, 0.5500000000000000444, 0.5666666666666666519, 0.5833333333333333703, 0.5999999999999999778, 0.6166666666666666963, 0.6333333333333333037, 0.6499999999999999112, 0.6666666666666665186, 0.6833333333333333481, 0.6999999999999999556, 0.7166666666666665630, 0.7333333333333331705, 0.7500000000000000000, 0.7666666666666666075, 0.7833333333333332149, 0.8000000000000000444, 0.8166666666666666519, 0.8333333333333334814, 0.8499999999999998668, 0.8666666666666666963, 0.8833333333333333037, 0.8999999999999999112, 0.9166666666666665186, 0.9333333333333333481, 0.9472869855790617688 ),
 .UNSPECIFIED. ) 
 CURVE ( )  GEOMETRIC_REPRESENTATION_ITEM ( )  RATIONAL_B_SPLINE_CURVE ( ( 0.9383207901214847269, 0.9518693847552309739, 1.000000000000000000, 0.8660254037844387076, 1.000000000000000000, 0.8660254037844387076, 1.000000000000000000, 0.8660254037844387076, 1.000000000000000000, 0.8660254037844387076, 1.000000000000000000, 0.8660254037844387076, 1.000000000000000000, 0.8660254037844387076, 1.000000000000000000, 0.8660254037844387076, 1.000000000000000000, 0.8660254037844387076, 1.000000000000000000, 0.8660254037844387076, 1.000000000000000000, 0.8660254037844387076, 1.000000000000000000, 0.8660254037844387076, 1.000000000000000000, 0.8660254037844387076, 1.000000000000000000, 0.8660254037844387076, 1.000000000000000000, 0.8660254037844387076, 1.000000000000000000, 0.8660254037844387076, 1.000000000000000000, 0.8660254037844387076, 1.000000000000000000, 0.8660254037844387076, 1.000000000000000000, 0.8660254037844387076, 1.000000000000000000, 0.8660254037844387076, 1.000000000000000000, 0.8660254037844387076, 1.000000000000000000, 0.8660254037844387076, 1.000000000000000000, 0.8660254037844387076, 1.000000000000000000, 0.8660254037844387076, 1.000000000000000000, 0.8660254037844387076, 1.000000000000000000, 0.8660254037844387076, 1.000000000000000000, 0.8660254037844387076, 1.000000000000000000, 0.8660254037844387076, 1.000000000000000000, 0.8660254037844387076, 1.000000000000000000, 0.8660254037844387076, 1.000000000000000000, 0.8660254037844387076, 1.000000000000000000, 0.8660254037844387076, 1.000000000000000000, 0.8660254037844387076, 1.000000000000000000, 0.8660254037844387076, 1.000000000000000000, 0.8660254037844387076, 1.000000000000000000, 0.8660254037844387076, 1.000000000000000000, 0.8660254037844387076, 1.000000000000000000, 0.8660254037844387076, 1.000000000000000000, 0.8660254037844387076, 1.000000000000000000, 0.8660254037844387076, 1.000000000000000000, 0.8660254037844387076, 1.000000000000000000, 0.8660254037844387076, 1.000000000000000000, 0.8660254037844387076, 1.000000000000000000, 0.8660254037844387076, 1.000000000000000000, 0.8660254037844387076, 1.000000000000000000, 0.8660254037844387076, 1.000000000000000000, 0.8660254037844387076, 1.000000000000000000, 0.8660254037844387076, 1.000000000000000000, 0.8660254037844387076, 1.000000000000000000, 0.8878339044787691980, 0.9634830118372699204 ) ) 
 REPRESENTATION_ITEM ( '' )  );
#3817 = AXIS2_PLACEMENT_3D ( 'NONE', #2080, #1796, #2974 ) ;
#3818 = DIRECTION ( 'NONE',  ( 1.000000000000000000, 0.0000000000000000000, 0.0000000000000000000 ) ) ;
#3819 = EDGE_LOOP ( 'NONE', ( #3591, #3869, #984, #2028 ) ) ;
#3820 = CYLINDRICAL_SURFACE ( 'NONE', #1236, 3.200000000000000178 ) ;
#3821 = CARTESIAN_POINT ( 'NONE',  ( 7.079166659695373731, 9.450962571569643700, -0.8282212151083622187 ) ) ;
#3822 = CIRCLE ( 'NONE', #1762, 0.5000000000000001110 ) ;
#3823 = AXIS2_PLACEMENT_3D ( 'NONE', #1383, #974, #2228 ) ;
#3824 = COLOUR_RGB ( '',0.9686274509803921573, 0.8784313725490195957, 0.5999999999999999778 ) ;
#3825 = DIRECTION ( 'NONE',  ( 8.659560562354895880E-17, -0.7071067811865505703, 0.7071067811865444641 ) ) ;
#3826 = CARTESIAN_POINT ( 'NONE',  ( 9.553343010941972580, 6.310000000000000497, -0.4740331098346191596 ) ) ;
#3827 = LINE ( 'NONE', #62, #3619 ) ;
#3828 = FACE_OUTER_BOUND ( 'NONE', #3847, .T. ) ;
#3829 = CARTESIAN_POINT ( 'NONE',  ( -2.029999999999999361, -3.939999999999999947, -2.029999999999999805 ) ) ;
#3830 = CARTESIAN_POINT ( 'NONE',  ( 9.599999999999999645, 6.410000000000001030, -0.3666060555964625878 ) ) ;
#3831 = ORIENTED_EDGE ( 'NONE', *, *, #205, .T. ) ;
#3832 = DIRECTION ( 'NONE',  ( -1.000000000000000000, -0.0000000000000000000, -0.0000000000000000000 ) ) ;
#3833 = CARTESIAN_POINT ( 'NONE',  ( 9.362499993028707834, 8.377792902285083443, 2.017792548752170401 ) ) ;
#3834 = CARTESIAN_POINT ( 'NONE',  ( 0.0000000000000000000, 0.0000000000000000000, -3.500000000000000000 ) ) ;
#3835 = DIRECTION ( 'NONE',  ( 1.000000000000000000, -0.0000000000000000000, -0.0000000000000000000 ) ) ;
#3836 = ORIENTED_EDGE ( 'NONE', *, *, #1483, .T. ) ;
#3837 = EDGE_LOOP ( 'NONE', ( #3624, #2911, #128, #1387 ) ) ;
#3838 = DIRECTION ( 'NONE',  ( 0.0000000000000000000, 0.0000000000000000000, -1.000000000000000000 ) ) ;
#3839 = VERTEX_POINT ( 'NONE', #2906 ) ;
#3840 = DIRECTION ( 'NONE',  ( 0.0000000000000000000, 1.000000000000000000, 0.0000000000000000000 ) ) ;
#3841 = CARTESIAN_POINT ( 'NONE',  ( 8.912499993028706768, 4.097258101978122902, -2.262741501572008040 ) ) ;
#3842 = CARTESIAN_POINT ( 'NONE',  ( 9.599999999999999645, 6.310000000000000497, -0.3666060555964624212 ) ) ;
#3843 = DIRECTION ( 'NONE',  ( 0.0000000000000000000, 0.0000000000000000000, 1.000000000000000000 ) ) ;
#3844 = CARTESIAN_POINT ( 'NONE',  ( 10.82083332636203821, 9.542765973475969332, 0.8528192734489598026 ) ) ;
#3845 = CARTESIAN_POINT ( 'NONE',  ( 35.75096679918780751, 6.360000000000000320, 0.0000000000000000000 ) ) ;
#3846 = DIRECTION ( 'NONE',  ( -1.000000000000000000, -0.0000000000000000000, -0.0000000000000000000 ) ) ;
#3847 = EDGE_LOOP ( 'NONE', ( #3260, #2065 ) ) ;
#3848 = CARTESIAN_POINT ( 'NONE',  ( 3.500000000000000000, 0.5000000000000000000, -2.029999999999999805 ) ) ;
#3849 = CARTESIAN_POINT ( 'NONE',  ( 9.320833326362039983, 9.542765973475969332, 0.8528192734489598026 ) ) ;
#3850 = CARTESIAN_POINT ( 'NONE',  ( 7.000000000000001776, 6.097871637279897783, -3.139373253987891133 ) ) ;
#3851 = DIRECTION ( 'NONE',  ( -1.000000000000000000, -0.0000000000000000000, -0.0000000000000000000 ) ) ;
#3852 = VERTEX_POINT ( 'NONE', #340 ) ;
#3853 = EDGE_LOOP ( 'NONE', ( #1575, #2568, #2191, #2656 ) ) ;
#3854 = VERTEX_POINT ( 'NONE', #1328 ) ;
#3855 = CARTESIAN_POINT ( 'NONE',  ( 8.875734920505488290, 6.360000000000001208, -3.199999999999998401 ) ) ;
#3856 = CARTESIAN_POINT ( 'NONE',  ( 9.079166659695374619, 9.450962571569643700, -0.8282212151083622187 ) ) ;
#3857 = DIRECTION ( 'NONE',  ( -1.000000000000000000, 0.0000000000000000000, 0.0000000000000000000 ) ) ;
#3858 = CARTESIAN_POINT ( 'NONE',  ( 9.787499993028704992, 3.747211169921727869, 2.612789287859151433 ) ) ;
#3859 = CARTESIAN_POINT ( 'NONE',  ( 10.56249999302870712, 8.622741898021878626, 2.262741501572007596 ) ) ;
#3860 = CLOSED_SHELL ( 'NONE', ( #823, #4011, #1452, #2617, #101, #2850, #2716, #752, #2208, #2360, #3424, #2854, #4061, #1808, #884, #3658, #2799, #3300, #328, #1049, #2565, #2800, #665, #2357, #3478, #3049, #2516, #2661, #2537, #1955, #3926, #1679, #429, #3201, #1025, #1219, #670, #2132, #540, #2200, #2998, #2288, #3002, #3148, #1305, #3557, #3119, #728, #2929, #2561, #646, #132, #185, #908, #347, #206, #1523, #2038, #535, #24, #3249, #1381, #55, #2819, #2981, #3373, #3254, #1657, #383, #1202, #2773, #3913, #1312, #2466, #4043, #2721, #73, #1472, #350, #3719, #3887, #796, #3250, #1948, #406, #263, #332, #1931, #3023, #2585, #2464, #756, #431, #1021, #1228, #557, #2277, #375, #2927, #4016, #2826, #958, #1581, #1478, #2108 ) ) ;
#3861 = EDGE_LOOP ( 'NONE', ( #1068, #1620, #982, #317 ) ) ;
#3862 = DIRECTION ( 'NONE',  ( 1.000000000000000000, -0.0000000000000000000, 0.0000000000000000000 ) ) ;
#3863 = CARTESIAN_POINT ( 'NONE',  ( 7.475734920505485270, 6.360000000000001208, -3.199999999999998401 ) ) ;
#3864 = VERTEX_POINT ( 'NONE', #2582 ) ;
#3865 = FACE_OUTER_BOUND ( 'NONE', #1168, .T. ) ;
#3866 = CARTESIAN_POINT ( 'NONE',  ( 11.19583332636203998, 7.098563155643788036, -2.756356187330898599 ) ) ;
#3867 = CARTESIAN_POINT ( 'NONE',  ( 10.81249999302870712, 4.097258101978122902, -2.262741501572007152 ) ) ;
#3868 = FACE_OUTER_BOUND ( 'NONE', #1059, .T. ) ;
#3869 = ORIENTED_EDGE ( 'NONE', *, *, #3763, .F. ) ;
#3870 = VERTEX_POINT ( 'NONE', #1268 ) ;
#3871 = ORIENTED_EDGE ( 'NONE', *, *, #2136, .T. ) ;
#3872 = VECTOR ( 'NONE', #1774, 1000.000000000000000 ) ;
#3873 = CYLINDRICAL_SURFACE ( 'NONE', #3884, 3.200000000000000178 ) ;
#3874 = ORIENTED_EDGE ( 'NONE', *, *, #2058, .F. ) ;
#3875 = FACE_OUTER_BOUND ( 'NONE', #3389, .T. ) ;
#3876 = CARTESIAN_POINT ( 'NONE',  ( 10.32916665969537284, 3.269037428430356496, 0.8282212151083599982 ) ) ;
#3877 = EDGE_CURVE ( 'NONE', #1819, #3870, #1698, .T. ) ;
#3878 = AXIS2_PLACEMENT_3D ( 'NONE', #2404, #2705, #3973 ) ;
#3879 = CIRCLE ( 'NONE', #770, 2.699999999999999289 ) ;
#3880 = CYLINDRICAL_SURFACE ( 'NONE', #3611, 2.699999999999999289 ) ;
#3881 = EDGE_CURVE ( 'NONE', #600, #3343, #3946, .T. ) ;
#3882 = CARTESIAN_POINT ( 'NONE',  ( 7.397501560549919475, 6.310000000000000497, 1.000000000000014433 ) ) ;
#3883 = CARTESIAN_POINT ( 'NONE',  ( 11.02916665969537213, 3.603643942071130368, 0.7385636385787283098 ) ) ;
#3884 = AXIS2_PLACEMENT_3D ( 'NONE', #753, #734, #405 ) ;
#3885 = ORIENTED_EDGE ( 'NONE', *, *, #775, .F. ) ;
#3886 = VERTEX_POINT ( 'NONE', #1599 ) ;
#3887 = ADVANCED_FACE ( 'NONE', ( #2252 ), #1309, .T. ) ;
#3888 = DIRECTION ( 'NONE',  ( 0.0000000000000000000, 0.0000000000000000000, -1.000000000000000000 ) ) ;
#3889 = EDGE_CURVE ( 'NONE', #2864, #3864, #1287, .T. ) ;
#3890 = EDGE_LOOP ( 'NONE', ( #766, #1971, #2374, #3615 ) ) ;
#3891 = CARTESIAN_POINT ( 'NONE',  ( -3.049999999999999378, -3.939999999999999947, -3.049999999999999822 ) ) ;
#3892 = CARTESIAN_POINT ( 'NONE',  ( 11.02916665969537213, 3.603643942071130368, 0.7385636385787283098 ) ) ;
#3893 = CARTESIAN_POINT ( 'NONE',  ( 11.14583332636204105, 5.531779326452235246, 3.090962716680367706 ) ) ;
#3894 = CARTESIAN_POINT ( 'NONE',  ( 35.75096679918780751, 6.360000000000000320, 0.0000000000000000000 ) ) ;
#3895 = VERTEX_POINT ( 'NONE', #304 ) ;
#3896 = B_SPLINE_CURVE_WITH_KNOTS ( 'NONE', 3,
 ( #2806, #4052, #3826, #314 ),
 .UNSPECIFIED., .F., .F.,
 ( 4, 4 ),
 ( 0.002108296003083533383, 0.002208476996106754388 ),
 .UNSPECIFIED. ) ;
#3897 = ORIENTED_EDGE ( 'NONE', *, *, #29, .F. ) ;
#3898 = CARTESIAN_POINT ( 'NONE',  ( 9.399999999999998579, 6.410000000000001030, 0.4974937185533100381 ) ) ;
#3899 = CARTESIAN_POINT ( 'NONE',  ( 9.995833326362040694, 7.188220673547766282, -3.090962716680368594 ) ) ;
#3900 = DIRECTION ( 'NONE',  ( 0.0000000000000000000, 0.0000000000000000000, -1.000000000000000000 ) ) ;
#3901 = FACE_OUTER_BOUND ( 'NONE', #3985, .T. ) ;
#3902 = CARTESIAN_POINT ( 'NONE',  ( 7.237499993028707834, 8.689946142381774763, -2.329946550606417865 ) ) ;
#3903 = ORIENTED_EDGE ( 'NONE', *, *, #2077, .T. ) ;
#3904 = ORIENTED_EDGE ( 'NONE', *, *, #1557, .T. ) ;
#3905 = LINE ( 'NONE', #2020, #357 ) ;
#3906 = CARTESIAN_POINT ( 'NONE',  ( 0.0000000000000000000, 9.860000000000001208, 0.0000000000000000000 ) ) ;
#3907 = EDGE_CURVE ( 'NONE', #3852, #2583, #1579, .T. ) ;
#3908 = EDGE_CURVE ( 'NONE', #3675, #117, #459, .T. ) ;
#3909 = CARTESIAN_POINT ( 'NONE',  ( 9.625734920505486514, 6.359999999999996767, 3.199999999999999289 ) ) ;
#3910 = DIRECTION ( 'NONE',  ( -1.000000000000000000, 0.0000000000000000000, 0.0000000000000000000 ) ) ;
#3911 = EDGE_LOOP ( 'NONE', ( #790, #707, #973, #1756, #1782, #3026, #870, #1701, #2318, #3996, #2299, #2001, #2679, #924, #1280, #2810, #1314, #1721, #2939, #421 ) ) ;
#3912 = ORIENTED_EDGE ( 'NONE', *, *, #124, .F. ) ;
#3913 = ADVANCED_FACE ( 'NONE', ( #3868 ), #1343, .T. ) ;
#3914 = CARTESIAN_POINT ( 'NONE',  ( 11.11249999302870606, 4.342207097714918085, -2.017792548752169068 ) ) ;
#3915 = FILL_AREA_STYLE_COLOUR ( '', #3824 ) ;
#3916 = VERTEX_POINT ( 'NONE', #2986 ) ;
#3917 = CARTESIAN_POINT ( 'NONE',  ( 8.287499993028706768, 3.747211169921726981, 2.612789287859151433 ) ) ;
#3918 = DIRECTION ( 'NONE',  ( -0.7071067811865474617, 8.659560562354931626E-17, -0.7071067811865475727 ) ) ;
#3919 = CARTESIAN_POINT ( 'NONE',  ( 35.75096679918780751, 6.360000000000000320, -3.200000000000000178 ) ) ;
#3920 = CARTESIAN_POINT ( 'NONE',  ( 7.862499993028706058, 8.377792902285083443, 2.017792548752169512 ) ) ;
#3921 = ORIENTED_EDGE ( 'NONE', *, *, #674, .F. ) ;
#3922 = ORIENTED_EDGE ( 'NONE', *, *, #4064, .T. ) ;
#3923 = CARTESIAN_POINT ( 'NONE',  ( 11.59999999999999964, 9.860000000000001208, 3.500000000000000000 ) ) ;
#3924 = CARTESIAN_POINT ( 'NONE',  ( 10.37083332636204069, 2.790863686938986010, -0.9563468576424304368 ) ) ;
#3925 = CARTESIAN_POINT ( 'NONE',  ( 8.437499993028707124, 8.972788830078272326, -2.612789287859152321 ) ) ;
#3926 = ADVANCED_FACE ( 'NONE', ( #116 ), #2628, .T. ) ;
#3927 = CARTESIAN_POINT ( 'NONE',  ( 9.599999999999999645, 6.360000000000001208, 0.0000000000000000000 ) ) ;
#3928 = DIRECTION ( 'NONE',  ( -1.000000000000000000, 0.0000000000000000000, 0.0000000000000000000 ) ) ;
#3929 = VERTEX_POINT ( 'NONE', #3291 ) ;
#3930 = ORIENTED_EDGE ( 'NONE', *, *, #3908, .T. ) ;
#3931 = EDGE_CURVE ( 'NONE', #2170, #1051, #2631, .T. ) ;
#3932 = EDGE_CURVE ( 'NONE', #165, #1355, #444, .T. ) ;
#3933 = ADVANCED_BREP_SHAPE_REPRESENTATION ( 'D38D4B33-0953-4FDA-8A29-F5EDE33751D2', ( #3650, #3354 ), #2231 ) ;
#3934 = CARTESIAN_POINT ( 'NONE',  ( 8.270833326362039273, 2.790863686938985566, -0.9563468576424304368 ) ) ;
#3935 = ORIENTED_EDGE ( 'NONE', *, *, #874, .T. ) ;
#3936 = LINE ( 'NONE', #95, #1577 ) ;
#3937 = ORIENTED_EDGE ( 'NONE', *, *, #1680, .F. ) ;
#3938 = EDGE_CURVE ( 'NONE', #414, #2970, #3710, .T. ) ;
#3939 = VECTOR ( 'NONE', #258, 1000.000000000000000 ) ;
#3940 = CARTESIAN_POINT ( 'NONE',  ( 6.570833326362039095, 3.177234026524031307, -0.8528192734489608018 ) ) ;
#3941 = VECTOR ( 'NONE', #191, 1000.000000000000000 ) ;
#3942 = VECTOR ( 'NONE', #1982, 1000.000000000000000 ) ;
#3943 = CARTESIAN_POINT ( 'NONE',  ( 7.975734920505486159, 6.360000000000001208, -3.199999999999998401 ) ) ;
#3944 = DIRECTION ( 'NONE',  ( 0.0000000000000000000, 0.0000000000000000000, -1.000000000000000000 ) ) ;
#3945 = VECTOR ( 'NONE', #2138, 1000.000000000000000 ) ;
#3946 =( BOUNDED_CURVE ( )  B_SPLINE_CURVE ( 2, ( #923, #683, #3206, #2169, #3169, #323, #4085, #3147, #32 ),
 .UNSPECIFIED., .F., .F. ) 
 B_SPLINE_CURVE_WITH_KNOTS ( ( 3, 2, 2, 2, 3 ),
 ( 0.8124277831353657886, 0.8166666666666666519, 0.8333333333333333703, 0.8499999999999999778, 0.8624277831353658330 ),
 .UNSPECIFIED. ) 
 CURVE ( )  GEOMETRIC_REPRESENTATION_ITEM ( )  RATIONAL_B_SPLINE_CURVE ( ( 0.9491840436463321318, 0.9659258374293503424, 1.000000000000000000, 0.8660254037844387076, 1.000000000000000000, 0.8660254037844387076, 1.000000000000000000, 0.9000995663550881432, 0.9491840436463323538 ) ) 
 REPRESENTATION_ITEM ( '' )  );
#3947 = AXIS2_PLACEMENT_3D ( 'NONE', #3704, #1109, #520 ) ;
#3948 = AXIS2_PLACEMENT_3D ( 'NONE', #222, #1497, #1142 ) ;
#3949 = VERTEX_POINT ( 'NONE', #69 ) ;
#3950 = ORIENTED_EDGE ( 'NONE', *, *, #2566, .T. ) ;
#3951 = PLANE ( 'NONE',  #1227 ) ;
#3952 = CARTESIAN_POINT ( 'NONE',  ( 10.23633212896276845, 5.938712150315944349, 3.199999999999999734 ) ) ;
#3953 = CARTESIAN_POINT ( 'NONE',  ( 7.245833326362039806, 5.531779326452235246, 3.090962716680367706 ) ) ;
#3954 = CIRCLE ( 'NONE', #432, 2.299999999999998934 ) ;
#3955 = AXIS2_PLACEMENT_3D ( 'NONE', #239, #548, #1284 ) ;
#3956 = CARTESIAN_POINT ( 'NONE',  ( -3.500000000000000000, 9.860000000000001208, 3.500000000000000000 ) ) ;
#3957 = EDGE_LOOP ( 'NONE', ( #3247, #4019, #2234, #453 ) ) ;
#3958 = AXIS2_PLACEMENT_3D ( 'NONE', #3894, #3851, #1090 ) ;
#3959 = CARTESIAN_POINT ( 'NONE',  ( 6.937499993028707124, 8.972788830078272326, -2.612789287859152321 ) ) ;
#3960 = ORIENTED_EDGE ( 'NONE', *, *, #1173, .F. ) ;
#3961 = SURFACE_SIDE_STYLE ('',( #2947 ) ) ;
#3962 = ORIENTED_EDGE ( 'NONE', *, *, #475, .F. ) ;
#3963 = EDGE_CURVE ( 'NONE', #3021, #1269, #3353, .T. ) ;
#3964 = EDGE_CURVE ( 'NONE', #3717, #699, #385, .T. ) ;
#3965 = EDGE_CURVE ( 'NONE', #1152, #325, #1296, .T. ) ;
#3966 = ORIENTED_EDGE ( 'NONE', *, *, #2570, .T. ) ;
#3967 = CARTESIAN_POINT ( 'NONE',  ( 11.59999999999999964, 6.360000000000001208, 0.0000000000000000000 ) ) ;
#3968 = CARTESIAN_POINT ( 'NONE',  ( 2.029999999999999805, -3.939999999999999947, -2.029999999999999805 ) ) ;
#3969 = CARTESIAN_POINT ( 'NONE',  ( 7.320833326362040872, 9.542765973475969332, 0.8528192734489589144 ) ) ;
#3970 = EDGE_LOOP ( 'NONE', ( #1652, #2633, #1660, #792 ) ) ;
#3971 = EDGE_LOOP ( 'NONE', ( #1050, #2777, #2740, #2298 ) ) ;
#3972 = CARTESIAN_POINT ( 'NONE',  ( 5.399999999999998579, 6.360000000000001208, 0.0000000000000000000 ) ) ;
#3973 = DIRECTION ( 'NONE',  ( 0.0000000000000000000, 0.0000000000000000000, -1.000000000000000000 ) ) ;
#3974 = CARTESIAN_POINT ( 'NONE',  ( 6.999999999999999112, 4.062367684342628849, 1.692294509935779345 ) ) ;
#3975 =( BOUNDED_CURVE ( )  B_SPLINE_CURVE ( 2, ( #313, #653, #1947, #1976, #43, #1666, #3214, #3523, #392 ),
 .UNSPECIFIED., .F., .T. ) 
 B_SPLINE_CURVE_WITH_KNOTS ( ( 3, 2, 2, 2, 3 ),
 ( 0.2124277831353658108, 0.2166666666666666741, 0.2333333333333333370, 0.2500000000000000000, 0.2624277831353657997 ),
 .UNSPECIFIED. ) 
 CURVE ( )  GEOMETRIC_REPRESENTATION_ITEM ( )  RATIONAL_B_SPLINE_CURVE ( ( 0.9491840436463323538, 0.9659258374293504534, 1.000000000000000000, 0.8660254037844387076, 1.000000000000000000, 0.8660254037844387076, 1.000000000000000000, 0.9000995663550882542, 0.9491840436463323538 ) ) 
 REPRESENTATION_ITEM ( '' )  );
#3976 = CARTESIAN_POINT ( 'NONE',  ( 8.870833326362038918, 2.790863686938986010, -0.9563468576424304368 ) ) ;
#3977 = CARTESIAN_POINT ( 'NONE',  ( 4.041334437186266496E-16, 1.699999999999999956, 3.300000000000000711 ) ) ;
#3978 = DIRECTION ( 'NONE',  ( 0.0000000000000000000, 0.0000000000000000000, -1.000000000000000000 ) ) ;
#3979 = ORIENTED_EDGE ( 'NONE', *, *, #1636, .T. ) ;
#3980 = VERTEX_POINT ( 'NONE', #91 ) ;
#3981 = PLANE ( 'NONE',  #976 ) ;
#3982 = LINE ( 'NONE', #3712, #774 ) ;
#3983 = EDGE_LOOP ( 'NONE', ( #2540, #1990, #3202, #3592 ) ) ;
#3984 = CARTESIAN_POINT ( 'NONE',  ( 7.942393285699466787, 5.034516436191182720, -3.199999999999999289 ) ) ;
#3985 = EDGE_LOOP ( 'NONE', ( #2996, #3935, #725, #4102 ) ) ;
#3986 = EDGE_CURVE ( 'NONE', #1355, #4007, #2647, .T. ) ;
#3987 = CARTESIAN_POINT ( 'NONE',  ( 11.10000000000000142, 7.094717270873930559, -2.943857721218543055 ) ) ;
#3988 = CARTESIAN_POINT ( 'NONE',  ( 9.287499993028708545, 3.747211169921727869, 2.612789287859151433 ) ) ;
#3989 = EDGE_LOOP ( 'NONE', ( #3460, #2587, #2067, #2702, #3580, #1918 ) ) ;
#3990 = DIRECTION ( 'NONE',  ( 0.0000000000000000000, 0.0000000000000000000, 1.000000000000000000 ) ) ;
#3991 = CARTESIAN_POINT ( 'NONE',  ( 8.079166659695372843, 9.450962571569643700, -0.8282212151083626628 ) ) ;
#3992 = CARTESIAN_POINT ( 'NONE',  ( 7.776507174585692903E-17, 0.6999999999999999556, -0.6350000000000000089 ) ) ;
#3993 = DIRECTION ( 'NONE',  ( 0.0000000000000000000, 0.0000000000000000000, -1.000000000000000000 ) ) ;
#3994 = DIRECTION ( 'NONE',  ( 1.000000000000000000, 0.0000000000000000000, 0.0000000000000000000 ) ) ;
#3995 = FILL_AREA_STYLE ('',( #2747 ) ) ;
#3996 = ORIENTED_EDGE ( 'NONE', *, *, #1146, .F. ) ;
#3997 = CARTESIAN_POINT ( 'NONE',  ( 2.029999999999999805, -3.939999999999999947, -2.029999999999999805 ) ) ;
#3998 = CARTESIAN_POINT ( 'NONE',  ( 7.270833326362041049, 2.790863686938985566, -0.9563468576424304368 ) ) ;
#3999 = ORIENTED_EDGE ( 'NONE', *, *, #1056, .T. ) ;
#4000 = CARTESIAN_POINT ( 'NONE',  ( 11.09999999999999787, 4.893560014468390840, 2.738934295887872405 ) ) ;
#4001 = ORIENTED_EDGE ( 'NONE', *, *, #1586, .F. ) ;
#4002 = DIRECTION ( 'NONE',  ( 0.0000000000000000000, 0.0000000000000000000, -1.000000000000000000 ) ) ;
#4003 = CARTESIAN_POINT ( 'NONE',  ( 9.529999999999999361, 6.360000000000001208, 0.0000000000000000000 ) ) ;
#4004 = CARTESIAN_POINT ( 'NONE',  ( 9.475734920505487935, 6.359999999999999432, -3.199999999999998845 ) ) ;
#4005 = CARTESIAN_POINT ( 'NONE',  ( 10.65416665969537391, 5.507180168905804862, -3.182765824055378445 ) ) ;
#4006 = VECTOR ( 'NONE', #1917, 1000.000000000000000 ) ;
#4007 = VERTEX_POINT ( 'NONE', #1403 ) ;
#4008 = VECTOR ( 'NONE', #3451, 1000.000000000000000 ) ;
#4009 = DIRECTION ( 'NONE',  ( 1.000000000000000000, 0.0000000000000000000, 0.0000000000000000000 ) ) ;
#4010 = CIRCLE ( 'NONE', #1159, 2.800000000000000266 ) ;
#4011 = ADVANCED_FACE ( 'NONE', ( #3267 ), #4094, .T. ) ;
#4012 = CARTESIAN_POINT ( 'NONE',  ( 11.09999999999999787, 7.341733164202687512, 3.045685471992237048 ) ) ;
#4013 = CARTESIAN_POINT ( 'NONE',  ( 9.820833326362038207, 9.542765973475969332, 0.8528192734489598026 ) ) ;
#4014 = CARTESIAN_POINT ( 'NONE',  ( 8.725734920505486159, 6.359999999999996767, 3.199999999999999289 ) ) ;
#4015 = AXIS2_PLACEMENT_3D ( 'NONE', #426, #3345, #78 ) ;
#4016 = ADVANCED_FACE ( 'NONE', ( #3597 ), #2026, .F. ) ;
#4017 = CARTESIAN_POINT ( 'NONE',  ( 9.530000000000006466, 6.360000000000001208, 0.0000000000000000000 ) ) ;
#4018 = CARTESIAN_POINT ( 'NONE',  ( 10.12083332636204069, 9.929136313061015073, 0.9563468576424295486 ) ) ;
#4019 = ORIENTED_EDGE ( 'NONE', *, *, #1376, .T. ) ;
#4020 =( NAMED_UNIT ( * ) SI_UNIT ( $, .STERADIAN. ) SOLID_ANGLE_UNIT ( ) );
#4021 = CARTESIAN_POINT ( 'NONE',  ( 7.000000000000000888, 6.780909659103118159, 2.989183315060949031 ) ) ;
#4022 = CARTESIAN_POINT ( 'NONE',  ( 6.445833326362040872, 5.621436844356212603, 2.756356187330898155 ) ) ;
#4023 = MECHANICAL_DESIGN_GEOMETRIC_PRESENTATION_REPRESENTATION (  '', ( #846 ), #1045 ) ;
#4024 = CARTESIAN_POINT ( 'NONE',  ( 10.02083332636203927, 9.929136313061015073, 0.9563468576424295486 ) ) ;
#4025 = EDGE_LOOP ( 'NONE', ( #2224, #3904, #2237, #2437 ) ) ;
#4026 = CARTESIAN_POINT ( 'NONE',  ( 3.500000000000000000, 1.700000000000000178, 3.500000000000000000 ) ) ;
#4027 = ORIENTED_EDGE ( 'NONE', *, *, #3718, .T. ) ;
#4028 = AXIS2_PLACEMENT_3D ( 'NONE', #2063, #1462, #3978 ) ;
#4029 = SPHERICAL_SURFACE ( 'NONE', #2093, 10.30000000000000071 ) ;
#4030 = CARTESIAN_POINT ( 'NONE',  ( 9.225734920505487935, 6.359999999999996767, 3.199999999999999289 ) ) ;
#4031 = LINE ( 'NONE', #3462, #2158 ) ;
#4032 = CARTESIAN_POINT ( 'NONE',  ( 8.987499993028707834, 4.030053857618228541, 2.329946550606417421 ) ) ;
#4033 = ORIENTED_EDGE ( 'NONE', *, *, #2331, .T. ) ;
#4034 = CARTESIAN_POINT ( 'NONE',  ( -3.500000000000000000, 0.0000000000000000000, -3.500000000000000000 ) ) ;
#4035 = CARTESIAN_POINT ( 'NONE',  ( 10.99583332636204069, 7.188220673547764505, -3.090962716680367706 ) ) ;
#4036 = CARTESIAN_POINT ( 'NONE',  ( 8.154166659695373909, 5.507180168905804862, -3.182765824055378889 ) ) ;
#4037 = CARTESIAN_POINT ( 'NONE',  ( 3.049999999999999822, 0.0000000000000000000, -2.029999999999999805 ) ) ;
#4038 = DIRECTION ( 'NONE',  ( 0.0000000000000000000, 0.0000000000000000000, -1.000000000000000000 ) ) ;
#4039 = ORIENTED_EDGE ( 'NONE', *, *, #1964, .T. ) ;
#4040 = PRESENTATION_STYLE_ASSIGNMENT (( #2794 ) ) ;
#4041 = CARTESIAN_POINT ( 'NONE',  ( 6.599999999999998757, 6.360000000000001208, 0.0000000000000000000 ) ) ;
#4042 = CARTESIAN_POINT ( 'NONE',  ( 8.154166659695373909, 5.507180168905804862, -3.182765824055378889 ) ) ;
#4043 = ADVANCED_FACE ( 'NONE', ( #1176 ), #3645, .F. ) ;
#4044 = CARTESIAN_POINT ( 'NONE',  ( 8.729166659695374975, 3.269037428430357384, 0.8282212151083604423 ) ) ;
#4045 = CARTESIAN_POINT ( 'NONE',  ( 7.745833326362040694, 5.531779326452235246, 3.090962716680367706 ) ) ;
#4046 = ORIENTED_EDGE ( 'NONE', *, *, #2611, .T. ) ;
#4047 = EDGE_CURVE ( 'NONE', #37, #1357, #2435, .T. ) ;
#4048 = DIRECTION ( 'NONE',  ( 0.0000000000000000000, 0.0000000000000000000, -1.000000000000000000 ) ) ;
#4049 = CARTESIAN_POINT ( 'NONE',  ( 7.954166659695373731, 5.403652517017258461, -3.569136145501583979 ) ) ;
#4050 = CARTESIAN_POINT ( 'NONE',  ( 9.529166659695373909, 3.603643942071131256, 0.7385636385787287539 ) ) ;
#4051 = DIRECTION ( 'NONE',  ( -0.0000000000000000000, 1.000000000000000000, -0.0000000000000000000 ) ) ;
#4052 = CARTESIAN_POINT ( 'NONE',  ( 9.576677929650671217, 6.310000000000000497, -0.4505644842810864192 ) ) ;
#4053 = CARTESIAN_POINT ( 'NONE',  ( 9.237499993028707834, 8.689946142381772987, -2.329946550606417421 ) ) ;
#4054 = CARTESIAN_POINT ( 'NONE',  ( 9.399999999999998579, 6.360000000000001208, 0.0000000000000000000 ) ) ;
#4055 = LINE ( 'NONE', #3120, #1226 ) ;
#4056 = DIRECTION ( 'NONE',  ( 0.0000000000000000000, -1.000000000000000000, 0.0000000000000000000 ) ) ;
#4057 = EDGE_LOOP ( 'NONE', ( #1283, #2917, #17 ) ) ;
#4058 = DIRECTION ( 'NONE',  ( 0.0000000000000000000, 0.0000000000000000000, -1.000000000000000000 ) ) ;
#4059 = CARTESIAN_POINT ( 'NONE',  ( 9.409999999999998366, 6.360000000000001208, 0.0000000000000000000 ) ) ;
#4060 = CARTESIAN_POINT ( 'NONE',  ( 7.487499993028706946, 4.030053857618227653, 2.329946550606417421 ) ) ;
#4061 = ADVANCED_FACE ( 'NONE', ( #2370 ), #3226, .T. ) ;
#4062 = CARTESIAN_POINT ( 'NONE',  ( 9.354166659695373198, 5.403652517017258461, -3.569136145501582646 ) ) ;
#4063 = CARTESIAN_POINT ( 'NONE',  ( -3.049999999999999378, -0.0000000000000000000, -3.049999999999999822 ) ) ;
#4064 = EDGE_CURVE ( 'NONE', #420, #699, #580, .T. ) ;
#4065 = ORIENTED_EDGE ( 'NONE', *, *, #2868, .T. ) ;
#4066 = EDGE_CURVE ( 'NONE', #1139, #2629, #507, .T. ) ;
#4067 = CARTESIAN_POINT ( 'NONE',  ( 11.09999999999999964, 5.821790873366519570, -2.927315159413061529 ) ) ;
#4068 = EDGE_CURVE ( 'NONE', #3579, #1915, #3325, .T. ) ;
#4069 = DIRECTION ( 'NONE',  ( 0.0000000000000000000, 0.0000000000000000000, -1.000000000000000000 ) ) ;
#4070 = CARTESIAN_POINT ( 'NONE',  ( 7.454166659695372843, 5.403652517017258461, -3.569136145501583979 ) ) ;
#4071 = CARTESIAN_POINT ( 'NONE',  ( 10.27916665969537391, 9.116356057928870271, -0.7385636385787305302 ) ) ;
#4072 = CARTESIAN_POINT ( 'NONE',  ( 3.049999999999999822, -3.939999999999999947, 2.029999999999999805 ) ) ;
#4073 = DIRECTION ( 'NONE',  ( 0.0000000000000000000, -1.000000000000000000, 0.0000000000000000000 ) ) ;
#4074 = CARTESIAN_POINT ( 'NONE',  ( 9.445833326362039983, 5.621436844356212603, 2.756356187330898155 ) ) ;
#4075 = DIRECTION ( 'NONE',  ( -1.000000000000000000, 0.0000000000000000000, 0.0000000000000000000 ) ) ;
#4076 = CARTESIAN_POINT ( 'NONE',  ( 3.049999999999999822, 0.0000000000000000000, 3.049999999999999822 ) ) ;
#4077 = CARTESIAN_POINT ( 'NONE',  ( 9.409999999999998366, 6.310000000000000497, 0.4974937185533099271 ) ) ;
#4078 = ORIENTED_EDGE ( 'NONE', *, *, #817, .F. ) ;
#4079 = DIRECTION ( 'NONE',  ( -0.0000000000000000000, -0.0000000000000000000, 1.000000000000000000 ) ) ;
#4080 = CARTESIAN_POINT ( 'NONE',  ( 10.53749999302870499, 8.972788830078274103, -2.612789287859152321 ) ) ;
#4081 = VECTOR ( 'NONE', #2178, 1000.000000000000000 ) ;
#4082 = AXIS2_PLACEMENT_3D ( 'NONE', #3445, #3073, #605 ) ;
#4083 = CARTESIAN_POINT ( 'NONE',  ( 9.937499993028707124, 8.972788830078272326, -2.612789287859152321 ) ) ;
#4084 = CIRCLE ( 'NONE', #640, 0.6350000000000000089 ) ;
#4085 = CARTESIAN_POINT ( 'NONE',  ( 10.81249999302870712, 4.097258101978122902, -2.262741501572007152 ) ) ;
#4086 = VERTEX_POINT ( 'NONE', #4037 ) ;
#4087 = VECTOR ( 'NONE', #3661, 1000.000000000000000 ) ;
#4088 = VECTOR ( 'NONE', #2683, 1000.000000000000000 ) ;
#4089 = EDGE_CURVE ( 'NONE', #414, #1078, #257, .T. ) ;
#4090 = DIRECTION ( 'NONE',  ( -1.000000000000000000, -0.0000000000000000000, -0.0000000000000000000 ) ) ;
#4091 = VECTOR ( 'NONE', #1822, 1000.000000000000000 ) ;
#4092 = CARTESIAN_POINT ( 'NONE',  ( 35.75096679918780751, 6.360000000000000320, 0.0000000000000000000 ) ) ;
#4093 = CARTESIAN_POINT ( 'NONE',  ( 6.329166659695373731, 3.269037428430356496, 0.8282212151083599982 ) ) ;
#4094 = CONICAL_SURFACE ( 'NONE', #1175, 2.629999999999998561, 0.7853981633974482790 ) ;
#4095 = CARTESIAN_POINT ( 'NONE',  ( 11.59999999999999964, 6.360000000000001208, -2.629999999999998561 ) ) ;
#4096 = CARTESIAN_POINT ( 'NONE',  ( 10.78749999302870677, 3.747211169921727869, 2.612789287859151433 ) ) ;
#4097 = CARTESIAN_POINT ( 'NONE',  ( 9.695833326362038207, 7.098563155643788036, -2.756356187330898599 ) ) ;
#4098 = CARTESIAN_POINT ( 'NONE',  ( 3.500000000000000000, 9.687104830649868603, -4.286263797015736595E-16 ) ) ;
#4099 = ORIENTED_EDGE ( 'NONE', *, *, #1686, .F. ) ;
#4100 = CARTESIAN_POINT ( 'NONE',  ( 2.978321675037803651, 9.860000000000001208, -4.861440660744353616E-16 ) ) ;
#4101 = DIRECTION ( 'NONE',  ( -0.0000000000000000000, 1.000000000000000000, -0.0000000000000000000 ) ) ;
#4102 = ORIENTED_EDGE ( 'NONE', *, *, #3391, .F. ) ;
#4103 = FACE_OUTER_BOUND ( 'NONE', #1288, .T. ) ;
#4104 = CARTESIAN_POINT ( 'NONE',  ( 8.779166659695372132, 9.116356057928870271, -0.7385636385787300862 ) ) ;
#4105 = CARTESIAN_POINT ( 'NONE',  ( 8.520833326362039273, 9.929136313061015073, 0.9563468576424295486 ) ) ;
#4106 = CARTESIAN_POINT ( 'NONE',  ( 11.09999999999999432, 3.632461859441899588, -0.9751554929307585384 ) ) ;
#4107 = ORIENTED_EDGE ( 'NONE', *, *, #2871, .T. ) ;
#4108 = LINE ( 'NONE', #2503, #2627 ) ;
#4109 = EDGE_LOOP ( 'NONE', ( #77, #2289 ) ) ;
#4110 = DIRECTION ( 'NONE',  ( 1.000000000000000000, 0.0000000000000000000, 0.0000000000000000000 ) ) ;
#4111 = EDGE_CURVE ( 'NONE', #1677, #749, #1445, .T. ) ;
ENDSEC;
END-ISO-10303-21;
